$FLYS,1
$VAR,FIRMWARE_VER,v2024.12.30
$VAR,DEVICE_ID,0017003b3253501720373657
$VAR,SESSION_ID,4b0d914c2105048d02093406
$COL,BARO,time,pressure,temperature
$UNIT,BARO,s,Pa,deg C
$COL,HUM,time,humidity,temperature
$UNIT,HUM,s,percent,deg C
$COL,MAG,time,x,y,z,temperature
$UNIT,MAG,s,gauss,gauss,gauss,deg C
$COL,IMU,time,wx,wy,wz,ax,ay,az,temperature
$UNIT,IMU,s,deg/s,deg/s,deg/s,g,g,g,deg C
$COL,TIME,time,tow,week
$UNIT,TIME,s,s,
$COL,VBAT,time,voltage
$UNIT,VBAT,s,volt
$DATA
$IMU,232.009,10.375,-21.362,-32.348,0.11816,-0.12109,0.80615,27.73
$IMU,232.011,-6.103,-10.742,-8.483,0.14111,-0.14648,0.98046,27.73
$IMU,232.014,-3.112,1.220,1.342,0.13867,-0.15234,0.97998,27.73
$IMU,232.016,-0.793,-1.831,3.051,0.13769,-0.15380,0.97851,27.73
$IMU,232.018,-2.929,-4.089,-6.103,0.13574,-0.14990,0.97412,27.73
$IMU,232.021,5.615,2.380,0.488,0.13525,-0.14355,0.97070,27.73
$IMU,232.023,1.281,10.620,12.939,0.13623,-0.14453,0.96826,27.73
$IMU,232.025,-3.112,18.676,24.841,0.13720,-0.14404,0.96875,28.37
$IMU,232.028,4.577,5.432,4.028,0.13818,-0.14306,0.97265,28.37
$IMU,232.030,11.901,-6.958,-13.793,0.14013,-0.14501,0.97656,28.37
$IMU,232.032,11.413,-6.469,-13.183,0.13671,-0.14453,0.97656,28.37
$IMU,232.035,10.986,-5.920,-12.145,0.13916,-0.14355,0.97265,28.37
$IMU,232.037,10.559,-5.310,-10.620,0.14013,-0.14843,0.97216,28.37
$IMU,232.040,10.009,-4.943,-10.009,0.13085,-0.14599,0.96972,28.37
$IMU,232.042,9.399,-4.455,-8.911,0.13037,-0.14648,0.96875,28.37
$IMU,232.044,8.850,-4.028,-7.385,0.12548,-0.14648,0.96484,28.42
$IMU,232.047,7.202,-3.540,-4.943,0.12548,-0.14501,0.96630,28.42
$IMU,232.049,0.854,-0.732,5.249,0.12304,-0.14306,0.96826,28.42
$IMU,232.051,-0.793,-0.244,8.117,0.12500,-0.14013,0.96728,28.42
$IMU,232.054,-1.220,-0.671,8.178,0.11962,-0.14111,0.96728,28.42
$IMU,232.056,-1.770,-0.793,8.056,0.12451,-0.13964,0.97167,28.42
$IMU,232.058,-2.502,-1.159,8.483,0.12792,-0.14306,0.97167,28.42
$IMU,232.061,-3.234,-1.708,8.728,0.13281,-0.14306,0.97216,28.42
$IMU,232.063,-3.967,-1.892,8.850,0.13085,-0.14697,0.97167,28.43
$IMU,232.065,-4.516,-2.075,9.338,0.13037,-0.15039,0.97363,28.43
$IMU,232.068,-4.821,-2.502,9.826,0.14013,-0.15527,0.97119,28.43
$IMU,232.070,-4.516,-2.563,9.643,0.13818,-0.16406,0.96972,28.43
$IMU,232.072,-3.967,-2.563,9.582,0.13183,-0.16455,0.96972,28.43
$IMU,232.075,-3.356,-2.685,9.460,0.13134,-0.16308,0.97216,28.43
$IMU,232.077,-2.685,-2.502,8.728,0.12939,-0.16601,0.97656,28.43
$IMU,232.079,-2.075,-2.319,8.178,0.13037,-0.16210,0.97705,28.43
$IMU,232.082,-1.342,-2.685,7.934,0.12890,-0.15966,0.97460,28.42
$IMU,232.084,-0.854,-2.563,7.568,0.13623,-0.15869,0.98291,28.42
$IMU,232.086,-0.549,-2.258,7.263,0.13427,-0.16015,0.98144,28.42
$IMU,232.089,-0.488,-2.258,7.507,0.13671,-0.16308,0.98242,28.42
$IMU,232.091,-1.098,-6.408,8.605,0.10449,-0.11718,0.95996,28.42
$IMU,232.093,-1.342,-6.469,8.239,0.13134,-0.17919,1.00000,28.42
$IMU,232.096,-1.342,-3.295,8.178,0.15576,-0.19091,0.99804,28.42
$IMU,232.098,-0.732,-2.319,8.239,0.14013,-0.17529,0.98486,28.42
$IMU,232.101,0.061,-0.976,8.117,0.13134,-0.16992,0.98095,28.47
$IMU,232.103,0.793,-0.732,7.751,0.13720,-0.16308,0.98681,28.47
$IMU,232.105,1.586,-1.220,7.812,0.13769,-0.16162,0.98486,28.47
$IMU,232.108,2.319,-0.549,7.995,0.13769,-0.16113,0.98388,28.47
$IMU,232.110,3.173,-0.122,7.629,0.13867,-0.15917,0.98388,28.47
$IMU,232.112,3.723,-0.610,7.568,0.13378,-0.16406,0.97851,28.47
$IMU,232.115,4.211,-0.488,7.995,0.13330,-0.16455,0.98339,28.47
$IMU,232.117,4.577,-0.183,7.812,0.13085,-0.16259,0.98339,28.47
$IMU,232.119,4.699,-0.305,7.446,0.13183,-0.16406,0.98486,28.43
$IMU,232.122,4.821,0.122,7.385,0.13134,-0.16162,0.98828,28.43
$IMU,232.124,4.882,0.549,7.385,0.13232,-0.16113,0.99267,28.43
$IMU,232.126,5.065,0.488,7.141,0.13476,-0.15966,0.98730,28.43
$IMU,232.129,5.187,0.976,7.263,0.13769,-0.15380,0.98291,28.43
$IMU,232.131,5.310,1.403,7.568,0.13281,-0.15820,0.98388,28.43
$IMU,232.133,5.920,0.671,7.507,0.13281,-0.15478,0.98144,28.43
$IMU,232.136,6.042,1.098,7.507,0.13183,-0.15478,0.98242,28.43
$IMU,232.138,6.530,1.098,7.751,0.13427,-0.15332,0.98632,28.47
$IMU,232.140,7.019,0.671,7.568,0.13574,-0.14990,0.98388,28.47
$IMU,232.143,7.202,0.610,7.507,0.13134,-0.14794,0.98486,28.47
$IMU,232.145,7.263,0.793,7.751,0.13037,-0.14453,0.99365,28.47
$IMU,232.147,7.080,0.671,7.995,0.12841,-0.14111,0.99658,28.47
$IMU,232.150,6.652,0.427,8.544,0.12597,-0.14599,0.99414,28.47
$IMU,232.152,6.286,-0.122,9.399,0.13183,-0.13916,0.99560,28.47
$IMU,232.154,5.737,-0.488,9.521,0.13769,-0.14306,0.99755,28.47
$IMU,232.157,5.371,-0.427,8.850,0.14501,-0.14648,0.99853,28.42
$IMU,232.159,5.249,0.183,7.934,0.14208,-0.14892,1.00195,28.42
$IMU,232.162,4.943,0.732,7.141,0.14062,-0.15039,1.00048,28.42
$IMU,232.164,4.760,1.342,6.469,0.13427,-0.14843,0.99902,28.42
$IMU,232.166,4.516,2.014,5.920,0.13232,-0.14599,0.99902,28.42
$IMU,232.169,4.699,1.770,5.554,0.13232,-0.14404,0.99755,28.42
$IMU,232.171,4.211,2.502,5.187,0.13281,-0.14550,0.99902,28.42
$IMU,232.173,4.089,2.502,4.821,0.13623,-0.14550,0.99658,28.42
$IMU,232.176,3.784,2.502,4.638,0.13867,-0.14404,0.99804,28.48
$IMU,232.178,3.479,2.563,4.577,0.13525,-0.14453,0.99658,28.48
$IMU,232.180,3.295,2.563,4.211,0.13964,-0.14355,0.99169,28.48
$IMU,232.183,2.868,2.929,3.967,0.14013,-0.14501,0.98828,28.48
$IMU,232.185,2.807,2.685,3.784,0.14355,-0.14599,0.98681,28.48
$IMU,232.187,2.685,2.502,3.662,0.13769,-0.14746,0.98779,28.48
$IMU,232.190,2.868,2.258,3.479,0.14160,-0.14648,0.98486,28.48
$IMU,232.192,3.295,2.075,3.479,0.13916,-0.14550,0.98486,28.48
$IMU,232.194,3.540,2.075,3.479,0.13916,-0.15136,0.98193,28.50
$IMU,232.197,3.906,2.014,3.479,0.14257,-0.14941,0.98291,28.50
$IMU,232.199,4.455,2.014,3.479,0.14062,-0.15039,0.97900,28.50
$IMU,232.201,5.126,1.770,3.662,0.13818,-0.14648,0.97998,28.50
$IMU,232.204,5.371,1.770,3.601,0.13476,-0.14794,0.97851,28.50
$IMU,232.206,5.615,1.403,3.479,0.13232,-0.14599,0.97900,28.50
$IMU,232.208,5.615,1.403,3.417,0.13037,-0.14404,0.97851,28.50
$IMU,232.211,5.615,1.220,3.479,0.12890,-0.14599,0.97509,28.50
$IMU,232.213,5.615,1.037,3.479,0.12597,-0.14404,0.97412,28.47
$IMU,232.215,5.432,0.854,3.540,0.12841,-0.14062,0.97753,28.47
$IMU,232.218,5.432,0.549,3.601,0.12890,-0.14160,0.97460,28.47
$IMU,232.220,5.371,0.427,3.601,0.12597,-0.14355,0.97412,28.47
$IMU,232.223,5.310,0.305,3.662,0.13183,-0.14648,0.97705,28.47
$IMU,232.225,5.249,0.183,3.662,0.12695,-0.14160,0.97900,28.47
$IMU,232.227,4.760,0.305,3.601,0.12353,-0.14111,0.97998,28.47
$IMU,232.230,4.272,0.671,3.540,0.12500,-0.13916,0.98583,28.47
$IMU,232.232,3.784,0.549,3.540,0.12304,-0.14062,0.98925,28.49
$IMU,232.234,3.356,0.488,3.479,0.12060,-0.14013,0.99365,28.49
$IMU,232.237,2.929,0.549,3.417,0.12451,-0.14453,0.99023,28.49
$IMU,232.239,2.685,0.610,3.234,0.13037,-0.14990,0.98974,28.49
$IMU,232.241,2.624,0.915,3.295,0.13085,-0.15136,0.98681,28.49
$IMU,232.244,2.807,1.220,3.234,0.13134,-0.15234,0.98388,28.49
$IMU,232.246,3.234,1.342,3.051,0.12744,-0.15283,0.98388,28.49
$IMU,232.248,3.479,1.342,2.868,0.12744,-0.14990,0.98095,28.49
$BARO,232.249,86424.51,28.79
$IMU,232.251,3.723,1.037,2.685,0.12939,-0.14648,0.98632,28.50
$IMU,232.253,3.784,0.671,2.563,0.13134,-0.14160,0.98828,28.50
$MAG,232.255,-0.351,0.172,-0.871,27.3
$IMU,232.255,3.784,0.610,2.441,0.13085,-0.14306,0.99462,28.50
$IMU,232.258,3.417,0.671,2.319,0.13330,-0.14306,1.00341,28.50
$IMU,232.260,3.051,0.732,2.197,0.13037,-0.14501,1.00244,28.50
$IMU,232.262,2.441,0.854,1.953,0.12890,-0.14648,1.01025,28.50
$MAG,232.265,-0.358,0.177,-0.876,27.6
$IMU,232.265,1.892,0.915,1.770,0.12548,-0.14404,1.00585,28.50
$IMU,232.267,1.342,1.159,1.342,0.12158,-0.14111,1.00878,28.50
$IMU,232.269,1.037,1.464,0.915,0.12304,-0.14843,1.00683,28.44
$IMU,232.272,0.732,1.953,0.854,0.12841,-0.15283,1.00390,28.44
$IMU,232.274,0.671,2.197,0.671,0.13037,-0.15478,0.99902,28.44
$MAG,232.275,-0.352,0.172,-0.876,27.5
$IMU,232.276,0.793,2.258,0.732,0.12988,-0.15576,0.99560,28.44
$IMU,232.279,0.732,2.319,0.793,0.13037,-0.15234,0.99609,28.44
$IMU,232.281,0.671,2.319,0.671,0.12548,-0.15087,0.99755,28.44
$IMU,232.283,0.610,2.441,0.366,0.12500,-0.14794,0.99804,28.44
$MAG,232.285,-0.351,0.168,-0.885,27.6
$IMU,232.286,0.305,2.319,0.244,0.12841,-0.14160,1.00146,28.44
$IMU,232.288,0.183,2.075,0.061,0.12548,-0.13623,1.00390,28.50
$IMU,232.291,0.122,2.136,-0.183,0.12988,-0.14599,1.00097,28.50
$IMU,232.293,0.244,2.319,-0.427,0.12646,-0.14404,1.00048,28.50
$HUM,232.294,35.2,29.2
$IMU,232.295,0.061,2.380,-0.732,0.12109,-0.14404,0.99902,28.50
$MAG,232.296,-0.355,0.187,-0.871,27.6
$IMU,232.298,-0.183,2.319,-1.159,0.11914,-0.14843,1.00097,28.50
$IMU,232.300,-0.671,2.380,-1.403,0.12060,-0.15234,1.00146,28.50
$IMU,232.302,-1.037,2.319,-1.342,0.12402,-0.15283,1.00292,28.50
$IMU,232.305,-1.403,2.319,-1.220,0.12792,-0.15087,1.00292,28.50
$MAG,232.306,-0.354,0.174,-0.880,27.5
$IMU,232.307,-1.770,2.258,-1.281,0.12939,-0.14990,1.00000,28.48
$IMU,232.309,-1.892,2.136,-1.159,0.13525,-0.15136,0.99560,28.48
$IMU,232.312,-1.647,2.319,-0.915,0.13378,-0.14941,0.98876,28.48
$IMU,232.314,-1.098,2.441,-1.037,0.13720,-0.15185,0.98388,28.48
$MAG,232.316,-0.360,0.169,-0.879,27.6
$IMU,232.316,-0.671,2.502,-0.976,0.13183,-0.14208,0.97998,28.48
$IMU,232.319,-0.488,2.014,-0.915,0.12695,-0.14062,0.97460,28.48
$IMU,232.321,-0.671,1.647,-0.976,0.12695,-0.14062,0.98339,28.48
$IMU,232.323,-0.732,1.403,-0.915,0.13085,-0.13818,0.99023,28.48
$MAG,232.326,-0.349,0.168,-0.871,27.6
$IMU,232.326,-0.793,1.647,-1.037,0.13183,-0.14160,0.99804,28.50
$IMU,232.328,-0.976,1.708,-1.220,0.13623,-0.14257,0.99511,28.50
$IMU,232.330,-1.159,1.647,-1.220,0.13476,-0.13867,0.99511,28.50
$IMU,232.333,-1.464,1.525,-1.342,0.13623,-0.13964,0.99414,28.50
$IMU,232.335,-1.892,1.525,-1.220,0.13769,-0.14111,0.99023,28.50
$MAG,232.336,-0.352,0.174,-0.877,27.6
$IMU,232.337,-2.319,1.708,-1.159,0.13720,-0.13916,0.98974,28.50
$IMU,232.340,-2.380,1.403,-1.159,0.13427,-0.13574,0.98876,28.50
$IMU,232.342,-2.502,1.220,-1.281,0.12890,-0.14111,0.98388,28.50
$IMU,232.344,-2.624,1.098,-1.220,0.13281,-0.13769,0.98730,28.48
$MAG,232.346,-0.358,0.187,-0.880,27.6
$IMU,232.347,-2.868,1.159,-1.220,0.13623,-0.14062,0.98193,28.48
$IMU,232.349,-2.990,1.098,-1.098,0.13183,-0.14013,0.98535,28.48
$BARO,232.351,86419.07,28.79
$IMU,232.352,-2.807,1.220,-1.342,0.12988,-0.13964,0.98535,28.48
$IMU,232.354,-2.624,1.403,-1.525,0.13183,-0.14550,0.98242,28.48
$MAG,232.356,-0.346,0.186,-0.873,27.5
$IMU,232.356,-2.624,1.281,-1.403,0.13330,-0.15332,0.98144,28.48
$IMU,232.359,-2.685,1.281,-1.281,0.13232,-0.14648,0.98632,28.48
$IMU,232.361,-2.929,1.220,-1.159,0.13183,-0.14941,0.98583,28.48
$IMU,232.363,-2.990,1.220,-0.854,0.13574,-0.14599,0.97851,28.52
$MAG,232.366,-0.351,0.181,-0.868,27.6
$IMU,232.366,-2.685,1.220,-0.305,0.14892,-0.13769,0.97509,28.52
$IMU,232.368,-1.342,0.427,1.464,0.16845,-0.14648,0.97167,28.52
$IMU,232.370,0.488,0.244,3.234,0.15820,-0.17382,0.98291,28.52
$IMU,232.373,1.525,1.159,3.601,0.13769,-0.17236,0.98291,28.52
$IMU,232.375,1.892,1.953,3.356,0.12792,-0.15869,0.97460,28.52
$MAG,232.376,-0.355,0.174,-0.877,27.6
$IMU,232.377,1.647,1.892,3.234,0.12500,-0.15576,0.97509,28.52
$IMU,232.380,1.037,1.281,3.784,0.12500,-0.15478,0.98388,28.52
$IMU,232.382,0.488,0.610,4.333,0.12646,-0.14501,0.98876,28.49
$IMU,232.384,-0.061,0.305,4.455,0.12158,-0.13964,0.98974,28.49
$MAG,232.386,-0.349,0.184,-0.883,27.6
$IMU,232.387,-0.671,0.305,4.272,0.11962,-0.13964,0.99804,28.49
$IMU,232.389,-1.220,0.305,4.089,0.12158,-0.14599,0.99658,28.49
$IMU,232.391,-1.892,0.549,3.662,0.12597,-0.15039,0.99755,28.49
$IMU,232.394,-2.441,0.793,3.662,0.13037,-0.14697,0.99658,28.49
$MAG,232.396,-0.355,0.175,-0.874,27.6
$IMU,232.396,-2.746,0.854,3.784,0.13085,-0.14746,0.99121,28.49
$IMU,232.398,-2.929,0.854,3.845,0.12792,-0.14550,0.98730,28.49
$IMU,232.401,-2.746,0.610,3.967,0.13281,-0.14501,0.98339,28.50
$IMU,232.403,-2.197,0.549,4.272,0.13867,-0.15478,0.98486,28.50
$IMU,232.405,-1.708,0.427,4.577,0.13330,-0.15527,0.98486,28.50
$MAG,232.406,-0.355,0.180,-0.876,27.6
$IMU,232.408,-1.342,0.427,4.821,0.13037,-0.14697,0.98291,28.50
$IMU,232.410,-1.159,0.549,4.882,0.12695,-0.14306,0.98437,28.50
$IMU,232.413,-0.915,0.244,5.004,0.12988,-0.14697,0.98730,28.50
$IMU,232.415,-1.037,0.610,4.943,0.12597,-0.14306,0.98730,28.50
$MAG,232.417,-0.343,0.180,-0.874,27.6
$IMU,232.417,-1.220,0.549,4.699,0.12597,-0.14746,0.98779,28.50
$IMU,232.420,-1.403,0.305,4.638,0.12548,-0.14648,0.99511,28.47
$IMU,232.422,-1.831,0.488,4.760,0.12792,-0.14697,0.99267,28.47
$IMU,232.424,-2.014,0.549,4.760,0.12841,-0.14941,0.99072,28.47
$MAG,232.427,-0.354,0.181,-0.874,27.6
$IMU,232.427,-2.258,0.854,4.821,0.12744,-0.14648,0.99707,28.47
$IMU,232.429,-1.953,1.403,4.821,0.13085,-0.14599,0.99365,28.47
$IMU,232.431,-1.892,1.831,4.516,0.12646,-0.14111,0.99218,28.47
$IMU,232.434,-1.708,1.647,4.333,0.12402,-0.13574,0.99072,28.47
$IMU,232.436,-1.708,1.770,4.089,0.11572,-0.12939,0.98974,28.47
$MAG,232.437,-0.354,0.175,-0.879,27.6
$IMU,232.438,-1.770,1.892,3.662,0.11474,-0.13134,0.97949,28.50
$IMU,232.441,-1.831,1.525,3.295,0.11132,-0.13867,0.97558,28.50
$IMU,232.443,-2.014,1.281,2.990,0.10791,-0.13818,0.97070,28.50
$IMU,232.445,-1.892,0.976,2.807,0.11230,-0.13623,0.97363,28.50
$MAG,232.447,-0.346,0.177,-0.874,27.6
$IMU,232.448,-2.014,0.976,2.624,0.11962,-0.13525,0.97802,28.50
$IMU,232.450,-2.197,0.671,2.624,0.11962,-0.13623,0.97509,28.50
$BARO,232.452,86418.00,28.80
$IMU,232.452,-2.258,0.549,2.563,0.11865,-0.13574,0.97900,28.50
$IMU,232.455,-2.197,0.366,2.441,0.11621,-0.13818,0.97851,28.50
$IMU,232.457,-2.075,0.122,2.502,0.11962,-0.14013,0.98339,28.48
$MAG,232.457,-0.352,0.184,-0.868,27.6
$IMU,232.459,-1.831,0.000,2.502,0.11572,-0.13671,0.97802,28.48
$IMU,232.462,-1.586,0.122,2.319,0.11621,-0.13867,0.97900,28.48
$IMU,232.464,-1.281,0.061,2.136,0.11572,-0.13769,0.98437,28.48
$IMU,232.466,-1.159,0.244,2.014,0.10888,-0.13671,0.98095,28.48
$MAG,232.467,-0.349,0.184,-0.876,27.6
$IMU,232.469,-0.915,0.061,1.831,0.11132,-0.13720,0.97949,28.48
$IMU,232.471,-0.976,-0.488,1.647,0.10888,-0.13476,0.98144,28.48
$IMU,232.474,-1.037,-0.732,1.464,0.11376,-0.13232,0.97998,28.48
$IMU,232.476,-0.976,-1.159,1.220,0.10888,-0.13232,0.97998,28.51
$MAG,232.477,-0.351,0.172,-0.882,27.6
$IMU,232.478,-0.854,-1.342,0.976,0.11425,-0.13525,0.98242,28.51
$IMU,232.481,-0.549,-1.403,0.854,0.11328,-0.14257,0.97998,28.51
$IMU,232.483,-0.183,-1.464,0.671,0.11132,-0.14306,0.98632,28.51
$IMU,232.485,0.122,-1.586,0.488,0.11376,-0.14843,0.98779,28.51
$MAG,232.487,-0.348,0.183,-0.873,27.7
$IMU,232.488,0.122,-1.464,0.427,0.11279,-0.15136,0.99218,28.51
$IMU,232.490,0.061,-1.342,0.366,0.11376,-0.14892,0.99609,28.51
$IMU,232.492,0.000,-1.220,0.366,0.11718,-0.14990,0.99853,28.51
$IMU,232.495,-0.061,-1.037,0.366,0.11523,-0.14990,0.99511,28.50
$MAG,232.497,-0.349,0.177,-0.871,27.5
$IMU,232.497,0.305,-0.488,0.244,0.11816,-0.14941,0.99609,28.50
$IMU,232.499,0.549,0.061,0.122,0.11230,-0.16015,0.99365,28.50
$IMU,232.502,1.037,0.488,-0.183,0.11181,-0.15429,0.98730,28.50
$IMU,232.504,1.647,0.671,-0.488,0.11328,-0.14990,0.98388,28.50
$IMU,232.506,2.197,0.549,-0.854,0.11230,-0.15136,0.97998,28.50
$MAG,232.507,-0.349,0.175,-0.868,27.6
$IMU,232.509,2.685,0.061,-1.098,0.12207,-0.15283,0.98486,28.50
$IMU,232.511,2.807,-0.793,-0.976,0.12841,-0.15820,0.99023,28.50
$IMU,232.513,2.990,-1.098,-0.549,0.13134,-0.16357,0.98974,28.48
$IMU,232.516,3.112,-0.732,-0.244,0.13525,-0.16015,0.99414,28.48
$MAG,232.517,-0.349,0.178,-0.882,27.7
$IMU,232.518,3.479,-0.061,-0.122,0.12841,-0.15966,0.98779,28.48
$IMU,232.520,4.455,0.366,-0.244,0.12304,-0.15625,0.99316,28.48
$IMU,232.523,4.943,0.488,-0.488,0.12646,-0.15625,0.98730,28.48
$IMU,232.525,4.943,0.183,-0.732,0.12988,-0.16308,0.99072,28.48
$MAG,232.527,-0.361,0.183,-0.876,27.7
$IMU,232.527,5.004,-0.122,-0.427,0.13330,-0.15722,0.98730,28.48
$IMU,232.530,5.310,-0.122,-0.244,0.13574,-0.15478,0.99218,28.48
$IMU,232.532,5.859,0.183,-0.305,0.13232,-0.14892,0.98291,28.51
$IMU,232.535,6.591,0.549,-0.549,0.13378,-0.15478,0.97998,28.51
$MAG,232.537,-0.351,0.183,-0.874,27.6
$IMU,232.537,7.141,0.305,-0.671,0.13574,-0.15625,0.97949,28.51
$IMU,232.539,7.568,0.061,-0.610,0.13232,-0.15136,0.97949,28.51
$IMU,232.542,7.568,0.183,-0.549,0.12841,-0.14892,0.97998,28.51
$IMU,232.544,7.812,-0.244,-0.488,0.13623,-0.14990,0.97753,28.51
$IMU,232.546,8.361,-0.732,-0.122,0.13964,-0.15087,0.97363,28.51
$MAG,232.548,-0.352,0.178,-0.880,27.6
$IMU,232.549,8.911,-0.915,0.305,0.13867,-0.14355,0.97949,28.51
$IMU,232.551,9.155,-1.098,0.366,0.13671,-0.15039,0.97265,28.53
$IMU,232.553,9.399,-0.915,0.305,0.13378,-0.14160,0.97851,28.53
$BARO,232.554,86419.41,28.80
$IMU,232.556,9.460,-1.220,0.366,0.12890,-0.14355,0.97460,28.53
$MAG,232.558,-0.355,0.181,-0.877,27.7
$IMU,232.558,9.582,-1.220,0.427,0.12548,-0.14208,0.97705,28.53
$IMU,232.560,9.887,-0.732,0.061,0.12011,-0.14404,0.97119,28.53
$IMU,232.563,10.314,-0.610,-0.366,0.11474,-0.14160,0.97949,28.53
$IMU,232.565,10.559,-0.488,-0.549,0.11669,-0.14453,0.97363,28.53
$IMU,232.567,10.986,-0.183,-0.793,0.12597,-0.14355,0.97851,28.53
$MAG,232.568,-0.343,0.181,-0.880,27.6
$IMU,232.570,11.108,-0.427,-0.549,0.12841,-0.14501,0.97607,28.53
$IMU,232.572,11.535,-0.915,-0.427,0.12890,-0.14404,0.97509,28.53
$IMU,232.574,11.840,-1.098,-0.427,0.12841,-0.14062,0.97900,28.53
$IMU,232.577,12.084,-1.525,-0.427,0.12500,-0.14062,0.97460,28.53
$MAG,232.578,-0.357,0.177,-0.873,27.7
$IMU,232.579,12.451,-1.647,-0.427,0.12939,-0.13867,0.97949,28.53
$IMU,232.581,12.634,-1.892,-0.244,0.12353,-0.13867,0.98535,28.53
$IMU,232.584,12.756,-1.953,-0.183,0.12255,-0.13720,0.98583,28.53
$IMU,232.586,12.939,-2.136,-0.122,0.12353,-0.13916,0.98632,28.53
$MAG,232.588,-0.352,0.174,-0.879,27.6
$IMU,232.588,13.122,-2.319,-0.244,0.12158,-0.13964,0.98583,28.51
$IMU,232.591,13.000,-2.380,-0.427,0.12548,-0.13476,0.98730,28.51
$IMU,232.593,12.634,-2.746,-0.488,0.12744,-0.13330,0.99316,28.51
$IMU,232.596,12.207,-2.929,-0.610,0.12548,-0.13916,0.99755,28.51
$MAG,232.598,-0.351,0.171,-0.885,27.6
$IMU,232.598,11.901,-2.990,-0.915,0.11767,-0.13378,1.00292,28.51
$IMU,232.600,11.779,-2.807,-1.098,0.11962,-0.13671,1.00341,28.51
$IMU,232.603,11.718,-2.441,-1.403,0.11865,-0.13427,1.00048,28.51
$IMU,232.605,11.596,-2.380,-1.770,0.11718,-0.13037,1.00341,28.51
$IMU,232.607,11.413,-2.502,-2.380,0.11718,-0.13037,1.00244,28.52
$MAG,232.608,-0.352,0.175,-0.877,27.6
$IMU,232.610,11.108,-2.624,-2.868,0.11767,-0.13378,1.00097,28.52
$IMU,232.612,11.047,-2.746,-3.173,0.11669,-0.13427,1.00292,28.52
$IMU,232.614,10.986,-2.746,-3.479,0.12060,-0.13378,1.00146,28.52
$IMU,232.617,10.925,-2.868,-3.662,0.12304,-0.13183,0.99755,28.52
$MAG,232.618,-0.348,0.171,-0.880,27.6
$IMU,232.619,10.803,-2.807,-3.784,0.12646,-0.13378,0.99414,28.52
$IMU,232.621,10.742,-3.234,-3.967,0.12744,-0.13623,0.99414,28.52
$IMU,232.624,10.742,-3.723,-4.150,0.12890,-0.13330,0.99316,28.52
$IMU,232.626,10.986,-4.089,-4.272,0.13037,-0.13281,0.99316,28.53
$MAG,232.628,-0.349,0.171,-0.880,27.6
$IMU,232.628,11.291,-4.150,-4.211,0.13232,-0.12988,0.99365,28.53
$IMU,232.631,11.352,-3.845,-4.272,0.13037,-0.13085,0.99169,28.53
$IMU,232.633,11.535,-3.601,-4.394,0.13281,-0.13476,0.99072,28.53
$IMU,232.635,11.718,-3.662,-4.577,0.13085,-0.13378,0.99414,28.53
$MAG,232.638,-0.352,0.166,-0.886,27.6
$IMU,232.638,11.901,-3.967,-4.638,0.12841,-0.13378,0.99365,28.53
$IMU,232.640,11.962,-4.089,-4.699,0.13720,-0.13183,0.99072,28.53
$IMU,232.642,12.145,-4.028,-4.821,0.13916,-0.12353,0.99023,28.53
$IMU,232.645,12.329,-3.845,-4.760,0.13867,-0.12500,0.99658,28.49
$IMU,232.647,12.145,-3.601,-4.760,0.13427,-0.12158,0.99902,28.49
$MAG,232.648,-0.355,0.159,-0.883,27.6
$IMU,232.649,11.840,-3.479,-4.760,0.13232,-0.12011,0.99707,28.49
$IMU,232.652,11.474,-3.540,-4.699,0.12890,-0.12011,0.99609,28.49
$IMU,232.654,10.742,-3.417,-4.821,0.12402,-0.11914,0.99707,28.49
$BARO,232.655,86418.27,28.79
$IMU,232.656,10.070,-3.417,-4.882,0.13281,-0.12548,0.99121,28.49
$MAG,232.658,-0.352,0.166,-0.874,27.8
$IMU,232.659,9.521,-3.112,-4.577,0.13183,-0.12353,0.99267,28.49
$IMU,232.661,9.155,-2.929,-4.516,0.13427,-0.11669,0.99951,28.49
$IMU,232.664,8.544,-2.807,-4.516,0.13525,-0.11621,0.99755,28.53
$IMU,232.666,7.751,-2.563,-4.089,0.14501,-0.10351,1.00244,28.53
$IMU,232.668,6.347,-2.807,-3.234,0.14306,-0.11474,1.00048,28.53
$MAG,232.669,-0.351,0.171,-0.886,27.6
$IMU,232.671,5.371,-2.868,-3.051,0.14208,-0.12011,1.00390,28.53
$IMU,232.673,4.821,-2.258,-2.990,0.14160,-0.12207,1.00244,28.53
$IMU,232.675,4.760,-1.770,-2.807,0.13330,-0.11865,0.99316,28.53
$IMU,232.678,5.004,-1.464,-2.685,0.12988,-0.11962,0.98583,28.53
$MAG,232.679,-0.364,0.165,-0.886,27.7
$IMU,232.680,5.004,-1.281,-2.746,0.12939,-0.11474,0.98437,28.53
$IMU,232.682,5.065,-1.342,-2.563,0.13134,-0.11669,0.98095,28.53
$IMU,232.685,5.249,-1.220,-2.502,0.12744,-0.11230,0.98291,28.53
$IMU,232.687,5.554,-1.220,-2.441,0.13134,-0.11572,0.98193,28.53
$MAG,232.689,-0.355,0.168,-0.883,27.7
$IMU,232.689,5.920,-1.464,-2.380,0.13085,-0.11279,0.98535,28.53
$IMU,232.692,6.103,-1.892,-2.136,0.13427,-0.11181,0.98828,28.53
$IMU,232.694,5.920,-2.075,-2.014,0.13232,-0.11328,0.99316,28.53
$IMU,232.696,5.737,-2.136,-1.770,0.13134,-0.11425,0.99560,28.53
$MAG,232.699,-0.357,0.163,-0.876,27.6
$IMU,232.699,5.920,-2.380,-1.708,0.12939,-0.11083,0.99511,28.53
$IMU,232.701,6.042,-2.319,-1.892,0.12500,-0.11523,0.99951,28.55
$IMU,232.703,6.164,-2.380,-2.075,0.12353,-0.11035,0.99853,28.55
$IMU,232.706,6.164,-2.380,-2.136,0.12744,-0.10400,1.00048,28.55
$IMU,232.708,5.920,-2.441,-2.136,0.12988,-0.10351,1.00341,28.55
$MAG,232.709,-0.355,0.162,-0.888,27.7
$IMU,232.710,5.554,-2.319,-2.197,0.13183,-0.10400,1.00292,28.55
$IMU,232.713,5.432,-2.258,-2.197,0.13281,-0.10693,1.00341,28.55
$IMU,232.715,5.310,-2.319,-2.075,0.13378,-0.10888,1.00146,28.55
$IMU,232.717,5.249,-2.014,-2.014,0.13916,-0.10742,0.99658,28.55
$MAG,232.719,-0.351,0.166,-0.879,27.6
$IMU,232.720,5.065,-1.708,-1.892,0.13964,-0.10644,0.99853,28.53
$IMU,232.722,4.943,-1.892,-1.708,0.13964,-0.10937,0.99755,28.53
$IMU,232.725,4.943,-1.892,-1.525,0.13574,-0.10839,0.99414,28.53
$IMU,232.727,5.004,-1.953,-1.403,0.13427,-0.10937,0.99169,28.53
$MAG,232.729,-0.354,0.168,-0.874,27.6
$IMU,232.729,5.187,-2.136,-1.281,0.13427,-0.10791,0.99316,28.53
$IMU,232.732,5.249,-2.136,-1.159,0.13574,-0.10498,0.98925,28.53
$IMU,232.734,5.310,-2.136,-1.037,0.13574,-0.10058,0.98828,28.53
$IMU,232.736,5.065,-2.136,-1.037,0.13525,-0.10009,0.99121,28.53
$MAG,232.739,-0.346,0.168,-0.885,27.5
$IMU,232.739,5.004,-2.075,-1.098,0.13525,-0.10009,0.99072,28.50
$IMU,232.741,4.943,-1.953,-1.220,0.13769,-0.10351,0.98632,28.50
$IMU,232.743,5.126,-1.953,-1.220,0.13476,-0.10546,0.98486,28.50
$IMU,232.746,5.493,-2.136,-1.342,0.13671,-0.10839,0.98339,28.50
$IMU,232.748,5.737,-2.014,-1.342,0.14111,-0.10498,0.98535,28.50
$MAG,232.749,-0.367,0.168,-0.885,27.6
$IMU,232.750,5.981,-2.319,-1.220,0.14404,-0.09765,0.99121,28.50
$IMU,232.753,5.554,-2.807,-0.854,0.14111,-0.09765,0.99609,28.50
$IMU,232.755,4.943,-3.112,-0.793,0.14208,-0.10351,0.99609,28.50
$BARO,232.757,86411.42,28.79
$IMU,232.757,4.577,-2.685,-0.854,0.14013,-0.09960,0.99560,28.50
$IMU,232.760,4.760,-2.258,-0.793,0.13574,-0.10058,0.99804,28.50
$MAG,232.759,-0.351,0.162,-0.892,27.7
$IMU,232.762,4.821,-1.831,-0.732,0.12792,-0.10253,0.99755,28.50
$IMU,232.764,4.821,-1.708,-0.671,0.13085,-0.10107,0.99365,28.50
$IMU,232.767,4.821,-1.708,-0.854,0.12890,-0.10058,0.99462,28.50
$MAG,232.769,-0.360,0.165,-0.886,27.6
$IMU,232.769,4.943,-1.647,-0.915,0.13085,-0.09863,1.00000,28.50
$IMU,232.771,4.821,-1.464,-1.037,0.12988,-0.09521,0.99853,28.50
$IMU,232.774,4.577,-1.281,-1.098,0.13085,-0.09521,1.00048,28.50
$IMU,232.776,4.516,-1.464,-1.220,0.13037,-0.09472,1.00097,28.52
$IMU,232.778,4.333,-1.220,-1.342,0.13183,-0.09521,0.99804,28.52
$MAG,232.779,-0.352,0.162,-0.888,27.6
$IMU,232.781,4.150,-1.037,-1.525,0.13525,-0.09667,0.99707,28.52
$IMU,232.783,3.906,-1.037,-1.586,0.13623,-0.10205,0.99560,28.52
$IMU,232.786,3.601,-1.037,-1.525,0.13525,-0.10302,0.99609,28.52
$IMU,232.788,3.356,-0.915,-1.464,0.14160,-0.10156,0.99560,28.52
$MAG,232.789,-0.355,0.159,-0.888,27.7
$IMU,232.790,3.295,-0.915,-1.464,0.14013,-0.10400,0.99218,28.52
$IMU,232.793,3.356,-0.976,-1.464,0.13964,-0.10351,0.98828,28.52
$IMU,232.795,3.601,-0.854,-1.342,0.13818,-0.10449,0.98242,28.55
$IMU,232.797,3.967,-0.793,-1.281,0.13818,-0.09960,0.98193,28.55
$MAG,232.800,-0.354,0.156,-0.895,27.7
$IMU,232.800,3.967,-1.403,-1.220,0.13671,-0.09960,0.98974,28.55
$IMU,232.802,3.662,-1.708,-1.159,0.13623,-0.10058,0.99560,28.55
$IMU,232.804,3.601,-1.770,-1.159,0.13574,-0.09863,0.99658,28.55
$IMU,232.807,3.723,-1.586,-1.281,0.13867,-0.09570,0.99218,28.55
$IMU,232.809,3.784,-1.464,-1.403,0.13134,-0.09521,0.99707,28.55
$MAG,232.810,-0.352,0.165,-0.885,27.6
$IMU,232.811,3.784,-1.586,-1.586,0.13330,-0.09716,0.99365,28.55
$IMU,232.814,3.784,-1.586,-1.647,0.13281,-0.09667,0.99267,28.54
$IMU,232.816,3.845,-1.831,-1.831,0.13330,-0.09521,0.99267,28.54
$IMU,232.818,3.723,-1.953,-1.831,0.13476,-0.09716,0.99023,28.54
$MAG,232.820,-0.361,0.156,-0.892,27.7
$IMU,232.821,3.784,-1.770,-1.770,0.13427,-0.10107,0.99072,28.54
$IMU,232.823,3.967,-1.831,-1.770,0.13623,-0.10058,0.98681,28.54
$IMU,232.825,4.272,-1.647,-1.647,0.13574,-0.10205,0.97900,28.54
$IMU,232.828,5.004,-1.525,-1.586,0.13720,-0.10205,0.97460,28.54
$MAG,232.830,-0.354,0.162,-0.892,27.7
$IMU,232.830,5.676,-2.014,-1.647,0.13281,-0.09912,0.97900,28.54
$IMU,232.832,5.798,-2.624,-1.708,0.13769,-0.09863,0.98437,28.60
$IMU,232.835,5.615,-2.990,-1.708,0.13623,-0.10107,0.98925,28.60
$IMU,232.837,5.798,-2.990,-1.647,0.14257,-0.09423,0.99316,28.60
$IMU,232.839,5.676,-2.929,-1.647,0.14208,-0.09619,0.99462,28.60
$MAG,232.840,-0.357,0.166,-0.888,27.6
$IMU,232.842,5.432,-2.746,-1.647,0.14257,-0.09619,0.99462,28.60
$IMU,232.844,5.249,-2.563,-1.708,0.14208,-0.09521,0.99609,28.60
$IMU,232.847,5.065,-2.441,-1.831,0.13964,-0.09130,0.99755,28.60
$IMU,232.849,4.699,-2.319,-2.014,0.13085,-0.08496,0.99755,28.60
$MAG,232.850,-0.363,0.159,-0.888,27.7
$IMU,232.851,4.455,-2.685,-2.136,0.13916,-0.10156,0.98925,28.52
$IMU,232.854,3.479,-3.967,-1.770,0.13867,-0.12207,1.00976,28.52
$IMU,232.856,2.563,-3.967,-1.403,0.14746,-0.11328,1.01171,28.52
$IMU,232.858,2.746,-2.380,-0.793,0.14599,-0.09375,1.01367,28.52
$BARO,232.858,86413.44,28.79
$MAG,232.860,-0.366,0.160,-0.888,27.5
$IMU,232.861,2.563,-1.098,-0.732,0.14306,-0.09082,1.00341,28.52
$IMU,232.863,2.075,-0.915,-0.854,0.13867,-0.09619,1.00292,28.52
$IMU,232.865,1.342,-0.915,-0.671,0.14111,-0.10156,1.00488,28.52
$IMU,232.868,1.098,-0.915,-0.305,0.14404,-0.10791,1.00488,28.52
$MAG,232.870,-0.355,0.159,-0.892,27.6
$IMU,232.870,0.976,-0.488,-0.122,0.13964,-0.10791,1.00292,28.54
$IMU,232.872,1.098,-0.122,-0.122,0.13525,-0.10595,0.99902,28.54
$IMU,232.875,1.342,0.122,-0.061,0.13476,-0.10937,0.99707,28.54
$IMU,232.877,1.770,0.122,0.061,0.13769,-0.10937,0.99316,28.54
$IMU,232.879,2.441,0.122,0.183,0.13916,-0.10839,0.98974,28.54
$MAG,232.880,-0.358,0.153,-0.885,27.6
$IMU,232.882,3.173,0.061,0.427,0.14404,-0.10644,0.99169,28.54
$IMU,232.884,4.028,0.122,0.671,0.14208,-0.10839,0.98681,28.54
$IMU,232.886,5.065,0.000,0.854,0.14111,-0.10449,0.98925,28.54
$IMU,232.889,5.859,-0.061,0.976,0.14013,-0.10937,0.99169,28.51
$MAG,232.890,-0.357,0.159,-0.879,27.7
$IMU,232.891,6.408,-0.122,1.159,0.13671,-0.10546,0.99267,28.51
$IMU,232.893,6.774,-0.366,1.281,0.13720,-0.09912,0.99707,28.51
$IMU,232.896,6.896,-0.671,1.159,0.13720,-0.09570,0.99707,28.51
$IMU,232.898,6.896,-1.098,1.037,0.13623,-0.09521,1.00244,28.51
$MAG,232.900,-0.352,0.160,-0.886,27.7
$IMU,232.900,6.347,-0.854,0.915,0.13671,-0.09619,1.00292,28.51
$IMU,232.903,5.676,-1.159,0.488,0.12744,-0.09033,1.00732,28.51
$IMU,232.905,5.249,-1.708,0.122,0.14257,-0.10839,0.98681,28.51
$IMU,232.908,5.798,-1.953,0.366,0.14404,-0.10546,0.98876,28.55
$MAG,232.910,-0.354,0.156,-0.889,27.6
$IMU,232.910,5.920,-2.441,0.305,0.14746,-0.10009,1.00000,28.55
$IMU,232.912,5.676,-2.380,0.488,0.14941,-0.10009,1.00537,28.55
$IMU,232.915,5.249,-1.953,0.915,0.14746,-0.09472,1.01074,28.55
$IMU,232.917,4.638,-1.525,1.037,0.14453,-0.09277,1.01269,28.55
$IMU,232.919,4.150,-1.342,1.220,0.14599,-0.09130,1.01367,28.55
$MAG,232.921,-0.360,0.156,-0.886,27.6
$IMU,232.922,3.906,-1.098,1.281,0.14355,-0.09765,1.01123,28.55
$IMU,232.924,3.784,-0.671,1.220,0.13964,-0.09667,1.00976,28.55
$IMU,232.926,3.540,-0.183,1.037,0.13574,-0.09521,1.00244,28.55
$IMU,232.929,3.417,0.244,0.976,0.13330,-0.09765,1.00195,28.55
$MAG,232.931,-0.361,0.157,-0.892,27.6
$IMU,232.931,3.234,0.305,0.671,0.13085,-0.09814,0.99365,28.55
$IMU,232.933,3.356,0.244,0.488,0.12792,-0.09667,0.99462,28.55
$IMU,232.936,3.479,0.183,0.366,0.12988,-0.09521,0.98974,28.55
$IMU,232.938,3.601,0.061,0.244,0.12890,-0.08935,0.98876,28.55
$IMU,232.940,3.723,-0.183,0.061,0.13134,-0.08886,0.98437,28.55
$MAG,232.941,-0.357,0.154,-0.891,27.6
$IMU,232.943,4.028,-0.549,-0.183,0.13134,-0.08935,0.98925,28.55
$IMU,232.945,4.211,-0.915,-0.305,0.13037,-0.08740,0.99023,28.53
$IMU,232.947,4.333,-1.220,-0.549,0.13671,-0.09130,0.99316,28.53
$IMU,232.950,4.272,-1.098,-0.732,0.13574,-0.09033,0.99511,28.53
$MAG,232.951,-0.358,0.157,-0.885,27.7
$IMU,232.952,4.150,-1.098,-0.671,0.13623,-0.09130,1.00048,28.53
$IMU,232.954,3.662,-1.037,-0.671,0.13867,-0.09375,1.00292,28.53
$IMU,232.957,3.295,-0.854,-0.549,0.13867,-0.09277,1.00048,28.53
$IMU,232.959,2.990,-0.915,-0.610,0.13671,-0.08837,1.00048,28.53
$BARO,232.960,86414.29,28.79
$MAG,232.961,-0.363,0.157,-0.879,27.6
$IMU,232.961,2.441,-0.854,-0.488,0.13720,-0.08642,1.00292,28.53
$IMU,232.964,1.953,-0.488,-0.366,0.13769,-0.08837,1.00341,28.54
$IMU,232.966,1.403,-0.183,-0.366,0.13818,-0.08789,1.00097,28.54
$IMU,232.969,1.098,0.122,-0.488,0.13916,-0.08300,0.99755,28.54
$MAG,232.971,-0.366,0.154,-0.885,27.6
$IMU,232.971,1.098,-0.061,-0.549,0.14062,-0.08105,0.99609,28.54
$IMU,232.973,0.976,-0.183,-0.488,0.14062,-0.08642,0.99267,28.54
$IMU,232.976,0.976,-0.183,-0.488,0.14306,-0.08740,0.99072,28.54
$IMU,232.978,0.915,0.244,-0.488,0.14306,-0.08935,0.98925,28.54
$IMU,232.980,1.159,0.244,-0.488,0.14208,-0.09326,0.98632,28.54
$MAG,232.981,-0.357,0.148,-0.889,27.6
$IMU,232.983,1.464,0.061,-0.610,0.14160,-0.08789,0.98828,28.54
$IMU,232.985,1.647,-0.305,-0.610,0.13916,-0.09179,0.99072,28.54
$IMU,232.987,1.831,-0.549,-0.488,0.14160,-0.08837,0.99462,28.54
$IMU,232.990,1.831,-0.488,-0.305,0.14013,-0.08691,0.99609,28.54
$MAG,232.991,-0.358,0.148,-0.894,27.5
$IMU,232.992,1.770,-0.427,-0.305,0.14306,-0.08789,0.99951,28.54
$IMU,232.994,1.770,-0.549,-0.122,0.14306,-0.08349,1.00292,28.54
$IMU,232.997,1.525,-0.061,-0.061,0.14355,-0.08154,1.00000,28.54
$IMU,232.999,1.342,-0.061,-0.061,0.14208,-0.08447,1.00048,28.54
$MAG,233.001,-0.361,0.151,-0.892,27.7
$IMU,233.001,1.098,-0.122,-0.061,0.14306,-0.08203,0.99755,28.55
$IMU,233.004,0.915,0.061,0.000,0.14062,-0.08203,0.99609,28.55
$IMU,233.006,0.488,0.244,-0.061,0.14257,-0.08544,0.99560,28.55
$IMU,233.008,0.488,0.122,-0.122,0.13916,-0.08544,0.99218,28.55
$MAG,233.011,-0.360,0.166,-0.885,27.6
$IMU,233.011,0.427,0.244,-0.183,0.13867,-0.08593,0.99365,28.55
$IMU,233.013,0.671,0.183,-0.122,0.14208,-0.08593,0.99072,28.55
$VBAT,233.014,4.138
$IMU,233.015,0.732,0.183,-0.122,0.14013,-0.08105,0.98828,28.55
$IMU,233.018,0.915,-0.122,-0.183,0.13330,-0.07666,0.99316,28.55
$IMU,233.020,0.854,-0.305,-0.366,0.13378,-0.07226,0.99511,28.54
$MAG,233.021,-0.363,0.145,-0.882,27.6
$IMU,233.022,0.732,-0.549,-0.610,0.13623,-0.07324,0.99707,28.54
$IMU,233.025,0.305,-0.549,-0.732,0.13623,-0.07617,1.00292,28.54
$IMU,233.027,-0.061,-0.427,-0.915,0.14208,-0.07812,1.00585,28.54
$IMU,233.029,-0.488,-0.183,-0.976,0.14404,-0.08496,1.00146,28.54
$MAG,233.031,-0.355,0.148,-0.877,27.6
$IMU,233.032,-0.854,0.183,-0.915,0.14550,-0.08789,1.00390,28.54
$IMU,233.034,-1.098,0.610,-0.732,0.14941,-0.08984,1.00195,28.54
$IMU,233.037,-1.403,1.037,-0.427,0.14892,-0.09228,0.99707,28.54
$IMU,233.039,-1.525,1.342,-0.244,0.14257,-0.08593,0.99365,28.53
$IMU,233.041,-1.464,1.342,-0.122,0.14062,-0.08935,0.98730,28.53
$MAG,233.042,-0.360,0.156,-0.897,27.6
$IMU,233.044,-1.281,1.159,-0.061,0.13867,-0.08349,0.98486,28.53
$IMU,233.046,-1.098,1.037,0.000,0.13769,-0.08154,0.98193,28.53
$IMU,233.048,-0.671,0.488,0.000,0.13769,-0.08105,0.98242,28.53
$IMU,233.051,-0.549,0.610,-0.122,0.13818,-0.07910,0.98535,28.53
$MAG,233.052,-0.364,0.153,-0.897,27.6
$IMU,233.053,-0.244,0.305,-0.244,0.13476,-0.08398,0.99218,28.53
$IMU,233.055,-0.122,-0.122,-0.488,0.13183,-0.08251,0.99267,28.53
$IMU,233.058,-0.305,-0.122,-0.549,0.13330,-0.08203,0.99707,28.51
$IMU,233.060,-0.427,-0.427,-0.732,0.12744,-0.07958,1.00097,28.51
$BARO,233.061,86416.66,28.79
$MAG,233.062,-0.363,0.150,-0.885,27.6
$IMU,233.062,-0.732,-0.549,-0.976,0.13525,-0.08105,1.00292,28.51
$IMU,233.065,-0.793,-0.244,-0.976,0.13916,-0.08349,1.00000,28.51
$IMU,233.067,-0.671,0.061,-0.976,0.13671,-0.08496,0.99951,28.51
$IMU,233.069,-0.732,0.000,-1.098,0.13574,-0.08447,0.99658,28.51
$MAG,233.072,-0.361,0.159,-0.879,27.5
$IMU,233.072,-0.671,0.183,-1.159,0.13574,-0.08447,0.99560,28.51
$IMU,233.074,-0.671,0.183,-1.098,0.13916,-0.08056,0.99414,28.51
$IMU,233.076,-0.671,-0.061,-1.098,0.13964,-0.08398,0.99365,28.55
$IMU,233.079,-0.671,0.122,-0.915,0.13916,-0.08886,0.99853,28.55
$IMU,233.081,-0.793,0.244,-0.854,0.14257,-0.08691,0.99853,28.55
$MAG,233.082,-0.364,0.151,-0.888,27.6
$IMU,233.083,-0.732,0.000,-0.793,0.14599,-0.08886,0.99853,28.55
$IMU,233.086,-0.671,0.122,-0.427,0.15283,-0.08837,0.99658,28.55
$IMU,233.088,-0.793,0.427,-0.061,0.15087,-0.08984,0.99707,28.55
$IMU,233.090,-1.098,0.427,0.061,0.14794,-0.08398,0.99316,28.55
$MAG,233.092,-0.355,0.156,-0.888,27.7
$IMU,233.093,-1.037,0.244,0.183,0.14550,-0.08349,0.99414,28.55
$IMU,233.095,-1.525,0.793,0.122,0.14648,-0.08447,0.99609,28.57
$IMU,233.098,-1.464,0.610,0.122,0.14355,-0.08447,0.99560,28.57
$IMU,233.100,-1.525,0.854,0.122,0.14013,-0.08544,0.99853,28.57
$MAG,233.102,-0.355,0.148,-0.895,27.7
$IMU,233.102,-1.342,0.793,0.244,0.14306,-0.08642,0.99951,28.57
$IMU,233.105,-1.159,0.915,0.183,0.14062,-0.08740,0.99658,28.57
$IMU,233.107,-0.976,0.854,0.122,0.14013,-0.08349,0.99658,28.57
$IMU,233.109,-0.915,0.610,0.061,0.14208,-0.08203,0.99804,28.57
$MAG,233.112,-0.360,0.159,-0.889,27.8
$IMU,233.112,-1.159,0.793,0.000,0.14160,-0.08007,0.99755,28.57
$IMU,233.114,-1.220,0.793,0.000,0.14892,-0.08251,0.99658,28.62
$IMU,233.116,-1.342,1.037,0.122,0.14892,-0.08398,0.99560,28.62
$IMU,233.119,-1.464,0.793,0.244,0.14648,-0.08691,0.99804,28.62
$IMU,233.121,-1.708,0.732,0.305,0.14453,-0.08593,0.99853,28.62
$MAG,233.122,-0.361,0.151,-0.882,27.6
$IMU,233.123,-2.075,0.976,0.305,0.13916,-0.08544,0.99658,28.62
$IMU,233.126,-2.319,0.793,0.183,0.14062,-0.08593,0.99658,28.62
$IMU,233.128,-2.563,0.732,0.122,0.14013,-0.08300,0.99609,28.62
$IMU,233.130,-2.868,0.976,0.244,0.14355,-0.08691,0.99365,28.62
$MAG,233.132,-0.361,0.154,-0.883,27.7
$IMU,233.133,-2.929,1.037,0.244,0.14453,-0.08935,0.99804,28.53
$IMU,233.135,-2.746,0.793,0.244,0.14208,-0.08593,0.99951,28.53
$IMU,233.137,-2.624,0.732,0.366,0.14257,-0.08447,0.99707,28.53
$IMU,233.140,-2.624,0.671,0.305,0.14208,-0.08740,0.99609,28.53
$MAG,233.142,-0.360,0.154,-0.880,27.7
$IMU,233.142,-2.746,0.732,0.305,0.14062,-0.08398,0.99365,28.53
$IMU,233.144,-2.929,0.732,0.305,0.14257,-0.08447,0.99707,28.53
$IMU,233.147,-3.234,0.793,0.244,0.14111,-0.08837,0.99902,28.53
$IMU,233.149,-3.417,0.976,0.122,0.13916,-0.08984,0.99707,28.53
$IMU,233.151,-3.479,0.915,0.122,0.13916,-0.09033,0.99707,28.57
$MAG,233.152,-0.361,0.157,-0.891,27.7
$IMU,233.154,-3.540,0.793,0.000,0.13720,-0.09228,0.98974,28.57
$IMU,233.156,-3.356,0.976,0.000,0.13671,-0.08789,0.98876,28.57
$IMU,233.159,-3.112,1.159,0.000,0.13769,-0.09082,0.98339,28.57
$IMU,233.161,-2.502,0.854,-0.122,0.13427,-0.09033,0.98291,28.57
$BARO,233.162,86417.58,28.78
$MAG,233.163,-0.357,0.165,-0.879,27.7
$IMU,233.163,-1.953,0.671,-0.122,0.13330,-0.09033,0.98388,28.57
$IMU,233.166,-1.403,0.366,-0.122,0.13671,-0.08789,0.98193,28.57
$IMU,233.168,-0.976,0.183,-0.183,0.13720,-0.08837,0.98339,28.57
$IMU,233.170,-0.671,0.183,-0.122,0.13769,-0.09033,0.98291,28.58
$MAG,233.173,-0.364,0.163,-0.898,27.6
$IMU,233.173,-0.427,-0.122,0.000,0.13720,-0.09179,0.98583,28.58
$IMU,233.175,-0.305,-0.305,-0.061,0.13916,-0.08789,0.98486,28.58
$IMU,233.177,-0.183,-0.488,-0.061,0.13476,-0.09179,0.99121,28.58
$IMU,233.180,-0.183,-0.549,0.000,0.13818,-0.09521,0.99365,28.58
$IMU,233.182,-0.244,-0.732,0.061,0.13769,-0.09423,0.99462,28.58
$MAG,233.183,-0.363,0.150,-0.885,27.7
$IMU,233.184,-0.427,-0.610,0.122,0.13525,-0.09423,1.00292,28.58
$IMU,233.187,-0.549,-0.671,0.183,0.13720,-0.09716,1.00390,28.58
$IMU,233.189,-0.976,-0.244,0.244,0.14013,-0.09863,1.00634,28.52
$IMU,233.191,-1.525,0.305,0.305,0.13623,-0.09570,1.00683,28.52
$MAG,233.193,-0.366,0.156,-0.891,27.6
$IMU,233.194,-1.525,0.183,0.305,0.13281,-0.09521,1.00976,28.52
$IMU,233.196,-1.525,0.061,0.366,0.13964,-0.09619,1.00976,28.52
$IMU,233.198,-1.647,0.183,0.427,0.13623,-0.09570,1.00244,28.52
$IMU,233.201,-1.831,0.366,0.366,0.13916,-0.09521,1.00244,28.52
$MAG,233.203,-0.364,0.151,-0.895,27.7
$IMU,233.203,-1.831,0.793,0.366,0.13720,-0.09521,0.99951,28.52
$IMU,233.205,-1.831,0.610,0.366,0.13574,-0.09375,0.99707,28.52
$IMU,233.208,-1.708,0.305,0.366,0.13623,-0.09277,0.99853,28.57
$IMU,233.210,-1.770,0.366,0.427,0.14062,-0.09521,1.00000,28.57
$IMU,233.212,-1.831,0.427,0.488,0.13818,-0.09375,1.00048,28.57
$MAG,233.213,-0.358,0.154,-0.894,27.7
$IMU,233.215,-2.075,0.488,0.549,0.14013,-0.09765,1.00341,28.57
$IMU,233.217,-2.075,0.427,0.549,0.14257,-0.09716,1.00439,28.57
$IMU,233.220,-2.258,0.793,0.549,0.14062,-0.09667,1.00195,28.57
$IMU,233.222,-2.380,0.915,0.610,0.14062,-0.09765,0.99804,28.57
$MAG,233.223,-0.357,0.153,-0.891,28.0
$IMU,233.224,-2.197,1.037,0.549,0.13769,-0.09326,0.99707,28.57
$IMU,233.227,-1.831,1.159,0.549,0.13671,-0.09521,0.99169,28.54
$IMU,233.229,-1.281,0.793,0.488,0.13330,-0.09326,0.98925,28.54
$IMU,233.231,-0.793,0.793,0.366,0.13330,-0.09619,0.98486,28.54
$MAG,233.233,-0.358,0.163,-0.882,27.7
$IMU,233.234,-0.305,0.610,0.427,0.13378,-0.09179,0.98437,28.54
$IMU,233.236,0.122,0.305,0.305,0.13623,-0.09326,0.98437,28.54
$IMU,233.238,0.366,0.000,0.366,0.13574,-0.08984,0.98535,28.54
$IMU,233.241,0.244,-0.183,0.366,0.13818,-0.09375,0.98876,28.54
$MAG,233.243,-0.360,0.166,-0.889,27.7
$IMU,233.243,0.061,-0.305,0.427,0.13867,-0.09033,0.98876,28.54
$IMU,233.245,-0.244,-0.244,0.427,0.13769,-0.09130,0.99560,28.55
$IMU,233.248,-0.549,-0.305,0.488,0.13916,-0.09277,0.99560,28.55
$IMU,233.250,-0.976,-0.183,0.427,0.13574,-0.08935,0.99853,28.55
$IMU,233.252,-1.220,-0.122,0.366,0.13574,-0.08984,1.00000,28.55
$MAG,233.253,-0.358,0.147,-0.888,27.6
$IMU,233.255,-1.403,-0.061,0.366,0.13330,-0.09619,0.99707,28.55
$IMU,233.257,-1.647,0.366,0.305,0.13427,-0.09570,0.99755,28.55
$IMU,233.259,-1.831,0.610,0.305,0.13427,-0.09375,0.99462,28.55
$IMU,233.262,-1.892,0.549,0.427,0.13427,-0.09228,0.99365,28.55
$MAG,233.263,-0.357,0.157,-0.888,27.8
$BARO,233.264,86416.93,28.78
$IMU,233.264,-2.136,0.366,0.366,0.13525,-0.09375,0.99511,28.56
$IMU,233.266,-2.319,0.183,0.427,0.13769,-0.09423,0.99902,28.56
$IMU,233.269,-2.319,0.061,0.366,0.13720,-0.09130,0.99951,28.56
$IMU,233.271,-2.441,0.061,0.366,0.13769,-0.09326,1.00000,28.56
$MAG,233.273,-0.358,0.157,-0.891,27.7
$IMU,233.273,-2.502,0.000,0.366,0.14062,-0.09716,1.00244,28.56
$IMU,233.276,-2.624,0.305,0.427,0.14062,-0.09716,1.00097,28.56
$IMU,233.278,-2.685,0.427,0.488,0.14013,-0.09863,1.00146,28.56
$IMU,233.281,-2.624,0.366,0.488,0.14306,-0.10156,1.00781,28.56
$IMU,233.283,-2.685,0.610,0.549,0.13964,-0.10009,1.00585,28.51
$MAG,233.284,-0.357,0.153,-0.886,27.7
$IMU,233.285,-2.624,0.671,0.610,0.14062,-0.09716,1.00439,28.51
$IMU,233.288,-2.685,0.854,0.549,0.14062,-0.09521,1.00683,28.51
$IMU,233.290,-2.685,1.037,0.610,0.14160,-0.09716,1.00341,28.51
$IMU,233.292,-2.807,1.281,0.610,0.14208,-0.09814,1.00488,28.51
$MAG,233.294,-0.361,0.157,-0.877,27.6
$IMU,233.295,-2.807,1.464,0.671,0.13867,-0.09667,1.00537,28.51
$IMU,233.297,-2.929,1.525,0.671,0.13623,-0.09521,1.00439,28.51
$IMU,233.299,-3.234,1.525,0.671,0.13720,-0.09472,1.00292,28.51
$IMU,233.302,-3.234,1.403,0.610,0.13037,-0.09863,1.00048,28.55
$MAG,233.304,-0.361,0.159,-0.886,27.8
$IMU,233.304,-3.417,1.220,0.610,0.13427,-0.09472,0.99707,28.55
$IMU,233.306,-3.601,1.220,0.549,0.13574,-0.09130,0.99853,28.55
$IMU,233.309,-3.540,1.220,0.488,0.13574,-0.08886,0.99609,28.55
$HUM,233.310,35.2,29.2
$IMU,233.311,-3.601,1.220,0.427,0.13525,-0.09375,0.99169,28.55
$IMU,233.313,-3.479,0.976,0.488,0.13574,-0.09423,0.99218,28.55
$MAG,233.314,-0.354,0.160,-0.888,27.7
$IMU,233.316,-3.234,0.976,0.427,0.13769,-0.09472,0.98876,28.55
$IMU,233.318,-2.990,0.732,0.427,0.13525,-0.09326,0.99169,28.55
$IMU,233.320,-2.990,0.732,0.488,0.13476,-0.09179,0.98925,28.54
$IMU,233.323,-3.051,0.610,0.427,0.13085,-0.09082,0.98974,28.54
$MAG,233.324,-0.355,0.153,-0.892,27.6
$IMU,233.325,-3.112,0.366,0.366,0.13476,-0.09130,0.99169,28.54
$IMU,233.327,-3.356,0.122,0.427,0.13525,-0.09082,0.99316,28.54
$IMU,233.330,-3.540,0.000,0.488,0.13916,-0.09423,0.99804,28.54
$IMU,233.332,-3.784,0.122,0.427,0.13671,-0.09423,0.99853,28.54
$MAG,233.334,-0.349,0.148,-0.895,27.7
$IMU,233.334,-3.967,0.244,0.488,0.13427,-0.09960,0.99902,28.54
$IMU,233.337,-4.150,0.671,0.549,0.13281,-0.09863,0.99902,28.54
$IMU,233.339,-4.089,0.976,0.610,0.13232,-0.09765,0.99609,28.56
$IMU,233.342,-3.906,0.915,0.427,0.13183,-0.09619,0.99707,28.56
$MAG,233.344,-0.361,0.153,-0.877,27.7
$IMU,233.344,-3.967,0.915,0.671,0.13281,-0.09277,0.99560,28.56
$IMU,233.346,-4.028,1.037,0.732,0.13037,-0.09423,0.99755,28.56
$IMU,233.349,-4.516,1.037,0.610,0.12988,-0.08886,0.99609,28.56
$IMU,233.351,-5.126,1.037,0.671,0.13330,-0.08935,1.00146,28.56
$IMU,233.353,-5.737,0.732,0.732,0.13720,-0.09472,1.00390,28.56
$MAG,233.354,-0.355,0.162,-0.888,27.8
$IMU,233.356,-6.225,0.793,0.915,0.13818,-0.10205,1.00732,28.56
$IMU,233.358,-6.652,0.976,1.159,0.14257,-0.10839,1.00683,28.56
$IMU,233.360,-7.019,1.525,1.525,0.14599,-0.10693,1.00585,28.56
$IMU,233.363,-7.080,1.892,1.831,0.14355,-0.10937,1.00585,28.56
$MAG,233.364,-0.360,0.159,-0.883,27.7
$BARO,233.365,86422.41,28.78
$IMU,233.365,-6.896,2.136,2.136,0.14111,-0.10791,1.00292,28.56
$IMU,233.367,-6.469,2.258,2.319,0.13671,-0.10498,1.00341,28.56
$IMU,233.370,-6.042,2.380,2.258,0.13330,-0.10156,0.99902,28.56
$IMU,233.372,-5.676,2.441,2.075,0.13134,-0.10009,0.99609,28.56
$MAG,233.374,-0.351,0.157,-0.894,27.7
$IMU,233.374,-5.310,2.624,1.831,0.12744,-0.10205,0.99218,28.56
$IMU,233.377,-4.882,2.563,1.525,0.12500,-0.09863,0.99023,28.57
$IMU,233.379,-4.577,2.624,1.220,0.12597,-0.09863,0.98632,28.57
$IMU,233.381,-4.272,2.197,0.915,0.12744,-0.09863,0.98242,28.57
$MAG,233.384,-0.357,0.153,-0.885,27.7
$IMU,233.384,-4.150,1.953,0.793,0.12939,-0.10058,0.98437,28.57
$IMU,233.386,-4.150,1.892,0.793,0.13183,-0.10449,0.98242,28.57
$IMU,233.388,-3.967,1.708,0.854,0.13037,-0.10498,0.98339,28.57
$IMU,233.391,-3.845,1.464,0.793,0.13232,-0.10693,0.98632,28.57
$IMU,233.393,-3.723,1.281,0.854,0.12792,-0.10449,0.98583,28.57
$MAG,233.394,-0.360,0.154,-0.880,27.8
$IMU,233.395,-3.662,1.281,0.793,0.13037,-0.10058,0.98681,28.56
$IMU,233.398,-3.601,0.976,0.854,0.13037,-0.09912,0.98437,28.56
$IMU,233.400,-3.540,0.793,0.793,0.12597,-0.09716,0.98535,28.56
$IMU,233.402,-3.540,0.732,0.610,0.12841,-0.09814,0.98925,28.56
$MAG,233.405,-0.360,0.162,-0.885,27.6
$IMU,233.405,-3.540,0.610,0.427,0.12988,-0.09960,0.99267,28.56
$IMU,233.407,-3.540,0.549,0.427,0.13134,-0.10058,0.99023,28.56
$IMU,233.410,-3.662,0.549,0.549,0.13476,-0.09619,0.99414,28.56
$IMU,233.412,-3.967,0.488,0.671,0.13964,-0.09179,0.99267,28.56
$IMU,233.414,-4.455,0.610,1.159,0.12988,-0.10498,0.99121,28.55
$MAG,233.415,-0.354,0.163,-0.883,27.7
$IMU,233.417,-4.699,0.183,1.586,0.12939,-0.11181,0.98925,28.55
$IMU,233.419,-4.943,0.122,1.525,0.12939,-0.10839,0.99121,28.55
$IMU,233.421,-4.943,-0.061,1.281,0.13525,-0.10595,0.99462,28.55
$IMU,233.424,-4.943,0.000,0.793,0.12988,-0.10302,1.00195,28.55
$MAG,233.425,-0.360,0.162,-0.883,27.7
$IMU,233.426,-5.004,0.244,0.488,0.13134,-0.10546,1.00488,28.55
$IMU,233.428,-5.126,0.366,0.244,0.13183,-0.10644,1.00976,28.55
$IMU,233.431,-5.187,0.610,0.183,0.13134,-0.10888,1.00976,28.55
$IMU,233.433,-5.187,0.732,0.061,0.12841,-0.10498,1.00878,28.57
$MAG,233.435,-0.361,0.166,-0.889,27.7
$IMU,233.435,-5.126,0.793,-0.061,0.13525,-0.10546,1.00927,28.57
$IMU,233.438,-5.126,1.037,-0.183,0.13232,-0.10839,1.00537,28.57
$IMU,233.440,-5.126,1.281,-0.244,0.13623,-0.11230,1.00488,28.57
$IMU,233.442,-5.126,1.342,-0.244,0.13623,-0.10986,1.00195,28.57
$MAG,233.445,-0.357,0.165,-0.886,27.7
$IMU,233.445,-5.187,1.586,-0.122,0.13623,-0.11230,1.00244,28.57
$IMU,233.447,-5.310,1.586,0.061,0.13720,-0.10791,0.99951,28.57
$IMU,233.449,-5.615,1.525,0.305,0.13281,-0.11083,0.99755,28.57
$IMU,233.452,-5.981,1.525,0.671,0.13232,-0.10986,0.99902,28.54
$IMU,233.454,-6.408,1.586,0.854,0.13378,-0.11035,0.99560,28.54
$MAG,233.455,-0.361,0.160,-0.888,27.7
$IMU,233.456,-6.652,1.647,0.854,0.13330,-0.10937,0.99755,28.54
$IMU,233.459,-6.713,1.647,0.793,0.13476,-0.11035,0.99462,28.54
$IMU,233.461,-6.652,1.953,0.793,0.13525,-0.11425,0.99365,28.54
$IMU,233.463,-6.408,2.014,0.732,0.13378,-0.11279,0.99267,28.54
$MAG,233.465,-0.349,0.169,-0.886,27.8
$IMU,233.466,-6.042,2.136,0.793,0.13330,-0.11035,0.99072,28.54
$BARO,233.467,86416.02,28.78
$IMU,233.468,-5.798,2.258,0.976,0.13476,-0.10839,0.98681,28.54
$IMU,233.471,-5.554,2.075,1.037,0.13476,-0.10253,0.99121,28.53
$IMU,233.473,-5.310,1.953,1.159,0.13476,-0.10253,0.99267,28.53
$MAG,233.475,-0.358,0.165,-0.885,27.7
$IMU,233.475,-5.310,1.953,1.220,0.13476,-0.11230,0.99365,28.53
$IMU,233.478,-5.615,2.014,1.220,0.12988,-0.11279,0.99853,28.53
$IMU,233.480,-5.859,1.831,1.403,0.13427,-0.11230,0.99707,28.53
$IMU,233.482,-6.103,1.708,1.403,0.13330,-0.11279,0.99853,28.53
$MAG,233.485,-0.361,0.165,-0.886,27.7
$IMU,233.485,-6.347,1.647,1.403,0.13378,-0.11474,0.99951,28.53
$IMU,233.487,-6.774,1.586,1.342,0.13085,-0.11083,1.00146,28.53
$IMU,233.489,-7.019,1.647,1.342,0.12841,-0.11181,0.99853,28.60
$IMU,233.492,-7.263,1.647,1.037,0.12548,-0.11181,0.99658,28.60
$IMU,233.494,-7.385,1.831,0.793,0.12695,-0.11230,1.00097,28.60
$MAG,233.495,-0.358,0.168,-0.883,27.8
$IMU,233.496,-7.446,1.892,0.610,0.12207,-0.11279,0.99804,28.60
$IMU,233.499,-7.446,1.831,0.366,0.12207,-0.11083,0.99609,28.60
$IMU,233.501,-7.507,1.892,0.122,0.12353,-0.11230,0.99462,28.60
$IMU,233.503,-7.751,1.953,-0.061,0.12255,-0.11230,0.99462,28.60
$MAG,233.505,-0.366,0.156,-0.885,28.0
$IMU,233.506,-8.178,2.197,-0.183,0.12548,-0.11181,0.99511,28.60
$IMU,233.508,-8.605,2.258,-0.244,0.13232,-0.11621,0.99511,28.61
$IMU,233.510,-8.605,2.075,0.061,0.13281,-0.11865,0.98876,28.61
$IMU,233.513,-8.605,1.953,0.244,0.13427,-0.11572,0.98339,28.61
$MAG,233.515,-0.357,0.159,-0.882,27.8
$IMU,233.515,-8.178,1.892,0.366,0.13037,-0.11572,0.97851,28.61
$IMU,233.517,-7.568,1.770,0.244,0.12792,-0.11523,0.97607,28.61
$IMU,233.520,-6.896,1.647,0.122,0.12597,-0.11376,0.97412,28.61
$IMU,233.522,-6.103,1.342,-0.061,0.12304,-0.11425,0.97509,28.61
$IMU,233.524,-5.371,1.098,-0.427,0.12890,-0.11425,0.97900,28.61
$MAG,233.526,-0.351,0.160,-0.883,27.7
$IMU,233.527,-4.760,0.854,-0.610,0.12939,-0.11621,0.98583,28.55
$IMU,233.529,-4.577,0.793,-0.549,0.13330,-0.11621,0.98681,28.55
$IMU,233.532,-4.516,0.610,-0.305,0.13867,-0.11865,0.99121,28.55
$IMU,233.534,-4.455,0.122,0.000,0.13867,-0.11865,0.99023,28.55
$MAG,233.536,-0.349,0.168,-0.883,27.7
$IMU,233.536,-4.516,-0.122,0.244,0.13916,-0.11865,0.99658,28.55
$IMU,233.539,-4.821,0.122,0.427,0.13720,-0.12255,0.99951,28.55
$IMU,233.541,-5.126,0.244,0.488,0.13574,-0.11914,1.00195,28.55
$IMU,233.543,-5.554,0.671,0.610,0.13330,-0.11962,1.00097,28.55
$MAG,233.546,-0.355,0.172,-0.889,27.7
$IMU,233.546,-5.859,0.610,0.732,0.13427,-0.12255,1.00683,28.56
$IMU,233.548,-6.225,0.732,0.732,0.13330,-0.12207,1.00830,28.56
$IMU,233.550,-6.652,0.915,0.732,0.13427,-0.12939,1.01025,28.56
$IMU,233.553,-7.202,1.342,0.854,0.13330,-0.12939,1.01708,28.56
$IMU,233.555,-7.568,1.831,0.854,0.13427,-0.13085,1.02539,28.56
$MAG,233.556,-0.357,0.171,-0.889,27.7
$IMU,233.557,-8.239,2.502,0.915,0.13525,-0.13281,1.02343,28.56
$IMU,233.560,-8.850,2.746,1.159,0.13134,-0.13183,1.01953,28.56
$IMU,233.562,-9.521,2.746,1.586,0.13037,-0.12988,1.01416,28.56
$IMU,233.564,-10.253,2.807,1.770,0.12841,-0.12500,1.01220,28.56
$MAG,233.566,-0.357,0.165,-0.883,27.7
$IMU,233.567,-10.864,3.234,1.708,0.12792,-0.12158,1.01123,28.56
$BARO,233.568,86414.22,28.78
$IMU,233.569,-11.291,3.540,1.586,0.12597,-0.12011,1.00976,28.56
$IMU,233.571,-11.657,3.967,1.281,0.12548,-0.11816,1.00927,28.56
$IMU,233.574,-11.962,4.089,1.037,0.12792,-0.11767,1.00244,28.56
$MAG,233.576,-0.354,0.168,-0.879,27.7
$IMU,233.576,-11.962,3.906,1.037,0.12695,-0.11865,0.99316,28.56
$IMU,233.578,-11.962,3.723,0.915,0.12597,-0.11914,0.99267,28.56
$IMU,233.581,-11.901,3.662,0.732,0.12304,-0.12060,0.98681,28.56
$IMU,233.583,-11.535,3.540,0.366,0.11767,-0.12060,0.98583,28.60
$IMU,233.585,-10.864,3.356,-0.061,0.11572,-0.12304,0.98339,28.60
$MAG,233.586,-0.354,0.165,-0.883,27.8
$IMU,233.588,-10.559,3.479,-0.305,0.11914,-0.12939,0.97998,28.60
$IMU,233.590,-10.070,2.807,-0.244,0.12011,-0.13134,0.97460,28.60
$IMU,233.593,-9.521,2.319,0.000,0.12304,-0.12597,0.97363,28.60
$IMU,233.595,-9.155,1.831,0.122,0.12109,-0.12646,0.97363,28.60
$MAG,233.596,-0.346,0.171,-0.876,27.8
$IMU,233.597,-9.033,1.464,0.183,0.12060,-0.12695,0.97753,28.60
$IMU,233.600,-8.605,1.037,0.061,0.12060,-0.12402,0.97998,28.60
$IMU,233.602,-8.300,0.793,-0.122,0.12255,-0.12451,0.98291,28.57
$IMU,233.604,-7.934,0.549,-0.427,0.12255,-0.12548,0.98779,28.57
$IMU,233.607,-7.934,0.793,-0.732,0.12548,-0.12939,0.99316,28.57
$MAG,233.606,-0.355,0.172,-0.880,27.6
$IMU,233.609,-7.812,0.854,-1.098,0.12792,-0.12890,0.99560,28.57
$IMU,233.611,-7.751,0.976,-1.220,0.12988,-0.12988,0.99804,28.57
$IMU,233.614,-7.751,0.915,-1.159,0.12890,-0.13330,0.99707,28.57
$MAG,233.616,-0.363,0.166,-0.871,28.0
$IMU,233.616,-7.690,0.793,-1.037,0.12841,-0.13281,0.99072,28.57
$IMU,233.618,-7.568,0.732,-0.976,0.12890,-0.13134,0.98876,28.57
$IMU,233.621,-7.263,0.854,-1.098,0.12744,-0.13183,0.99072,28.59
$IMU,233.623,-6.896,0.915,-1.220,0.12939,-0.13232,0.98632,28.59
$IMU,233.625,-6.347,0.610,-1.342,0.12744,-0.13232,0.98144,28.59
$MAG,233.626,-0.357,0.174,-0.880,27.6
$IMU,233.628,-5.859,0.488,-1.403,0.12744,-0.13232,0.98046,28.59
$IMU,233.630,-5.371,0.671,-1.403,0.12646,-0.13476,0.97851,28.59
$IMU,233.632,-5.004,0.610,-1.342,0.12597,-0.13378,0.97460,28.59
$IMU,233.635,-4.394,0.366,-1.403,0.12255,-0.13037,0.97558,28.59
$MAG,233.636,-0.351,0.180,-0.879,27.7
$IMU,233.637,-3.967,0.000,-1.342,0.12695,-0.13085,0.97558,28.59
$IMU,233.639,-3.784,-0.122,-1.220,0.12451,-0.13134,0.97949,28.58
$IMU,233.642,-3.967,0.000,-1.281,0.12158,-0.13085,0.98291,28.58
$IMU,233.644,-4.089,0.000,-1.342,0.12207,-0.12939,0.98583,28.58
$IMU,233.646,-4.394,-0.122,-1.403,0.12353,-0.12988,0.98925,28.58
$MAG,233.647,-0.348,0.177,-0.876,27.7
$IMU,233.649,-4.760,0.061,-1.403,0.12792,-0.13134,0.99072,28.58
$IMU,233.651,-4.943,0.000,-1.464,0.12500,-0.13085,0.99169,28.58
$IMU,233.654,-5.310,0.122,-1.464,0.12646,-0.12792,0.99072,28.58
$IMU,233.656,-5.676,0.000,-1.464,0.12255,-0.12646,0.99121,28.58
$MAG,233.657,-0.354,0.174,-0.877,27.8
$IMU,233.658,-5.920,0.000,-1.464,0.12304,-0.12646,0.99267,28.60
$IMU,233.661,-6.164,0.000,-1.464,0.12109,-0.13085,0.99121,28.60
$IMU,233.663,-6.347,0.000,-1.525,0.12109,-0.12841,0.99316,28.60
$IMU,233.665,-6.652,0.000,-1.586,0.12207,-0.13134,0.99316,28.60
$MAG,233.667,-0.352,0.166,-0.876,27.7
$IMU,233.668,-6.896,-0.183,-1.525,0.12158,-0.13623,0.99414,28.60
$BARO,233.670,86415.78,28.78
$IMU,233.670,-7.385,-0.305,-1.525,0.11914,-0.13378,0.99951,28.60
$IMU,233.672,-7.873,-0.488,-1.464,0.12451,-0.13378,1.00244,28.60
$IMU,233.675,-8.178,-0.671,-1.464,0.12939,-0.13525,1.00146,28.60
$MAG,233.677,-0.360,0.168,-0.871,27.8
$IMU,233.677,-8.483,-0.549,-1.403,0.12939,-0.13720,1.00341,28.60
$IMU,233.679,-8.544,-0.671,-1.403,0.12939,-0.14111,1.00390,28.60
$IMU,233.682,-8.728,-0.427,-1.403,0.12890,-0.14013,1.00830,28.60
$IMU,233.684,-8.911,-0.244,-1.464,0.12597,-0.14355,1.00927,28.60
$IMU,233.686,-8.911,-0.183,-1.464,0.12548,-0.14550,1.00732,28.60
$MAG,233.687,-0.354,0.174,-0.870,27.6
$IMU,233.689,-9.033,-0.122,-1.586,0.12402,-0.14599,1.00878,28.60
$IMU,233.691,-8.972,0.000,-1.647,0.12402,-0.14697,1.00927,28.60
$IMU,233.693,-9.033,0.061,-1.708,0.12890,-0.14208,1.00732,28.60
$IMU,233.696,-9.155,0.427,-1.770,0.12890,-0.14599,1.00732,28.57
$MAG,233.697,-0.352,0.189,-0.877,27.8
$IMU,233.698,-9.094,0.427,-1.831,0.12792,-0.14550,1.00585,28.57
$IMU,233.700,-8.972,0.671,-1.953,0.12402,-0.14257,1.00341,28.57
$IMU,233.703,-8.666,0.671,-1.953,0.12939,-0.14257,0.99804,28.57
$IMU,233.705,-8.422,0.854,-2.014,0.13134,-0.14160,0.99462,28.57
$MAG,233.707,-0.355,0.180,-0.880,27.6
$IMU,233.707,-8.178,0.793,-1.953,0.12695,-0.14257,0.99072,28.57
$IMU,233.710,-8.056,1.037,-1.953,0.12744,-0.14648,0.98925,28.57
$IMU,233.712,-7.934,1.098,-1.953,0.12792,-0.14404,0.98583,28.57
$IMU,233.715,-7.812,1.159,-1.892,0.12841,-0.14453,0.98242,28.57
$MAG,233.717,-0.360,0.184,-0.879,27.8
$IMU,233.717,-7.690,1.342,-1.953,0.12792,-0.14794,0.98388,28.57
$IMU,233.719,-7.385,1.098,-1.953,0.12792,-0.14794,0.98242,28.57
$IMU,233.722,-7.263,1.159,-1.831,0.12646,-0.14501,0.98095,28.57
$IMU,233.724,-7.019,0.915,-1.831,0.13183,-0.14257,0.98046,28.57
$IMU,233.726,-6.652,0.610,-1.770,0.13037,-0.14355,0.98046,28.57
$MAG,233.727,-0.357,0.183,-0.868,28.0
$IMU,233.729,-6.286,0.732,-1.708,0.13427,-0.14013,0.97851,28.57
$IMU,233.731,-5.737,0.549,-1.770,0.13085,-0.14355,0.97509,28.57
$IMU,233.733,-5.310,0.671,-1.831,0.12939,-0.14111,0.97363,28.52
$IMU,233.736,-4.516,0.732,-1.831,0.13671,-0.14453,0.96972,28.52
$MAG,233.737,-0.352,0.175,-0.873,27.7
$IMU,233.738,-3.479,1.098,-1.586,0.13671,-0.14648,0.96826,28.52
$IMU,233.740,-2.441,0.671,-1.403,0.13525,-0.14892,0.96826,28.52
$IMU,233.743,-1.647,0.427,-1.281,0.13037,-0.14697,0.97167,28.52
$IMU,233.745,-1.281,0.244,-1.220,0.12890,-0.14453,0.97216,28.52
$MAG,233.747,-0.349,0.172,-0.876,28.0
$IMU,233.747,-0.732,0.122,-1.037,0.13623,-0.14306,0.97265,28.52
$IMU,233.750,0.000,0.061,-0.549,0.13916,-0.14697,0.97314,28.52
$IMU,233.752,0.305,-0.427,-0.305,0.13671,-0.14843,0.97607,28.55
$IMU,233.754,0.549,-0.793,0.000,0.13574,-0.14550,0.98291,28.55
$IMU,233.757,0.610,-0.854,0.488,0.14697,-0.14746,0.98730,28.55
$MAG,233.757,-0.351,0.177,-0.879,27.7
$IMU,233.759,0.976,-0.732,0.976,0.14599,-0.15332,0.98291,28.55
$IMU,233.761,1.098,-0.671,1.342,0.13818,-0.15136,0.98095,28.55
$IMU,233.764,1.708,-0.305,1.708,0.13964,-0.15234,0.97705,28.55
$IMU,233.766,2.319,-0.549,1.708,0.11962,-0.14355,0.98095,28.55
$MAG,233.768,-0.349,0.178,-0.880,27.8
$IMU,233.768,2.685,-0.854,1.647,0.13476,-0.14599,0.97607,28.55
$BARO,233.771,86421.80,28.77
$IMU,233.771,3.540,-0.488,2.197,0.14306,-0.15136,0.97265,28.54
$IMU,233.773,4.333,-0.305,2.441,0.13183,-0.14306,0.98046,28.54
$IMU,233.776,5.065,-0.366,2.685,0.14160,-0.14794,0.97070,28.54
$MAG,233.778,-0.358,0.174,-0.877,27.7
$IMU,233.778,6.591,-0.122,2.868,0.14550,-0.14648,0.95849,28.54
$IMU,233.780,9.094,0.976,3.295,0.13720,-0.13671,0.92822,28.54
$IMU,233.783,14.587,3.601,2.929,0.14648,-0.12695,0.82226,28.54
$IMU,233.785,28.442,9.460,-0.061,0.08251,-0.19287,0.68066,28.54
$IMU,233.787,41.503,9.216,-8.666,0.09716,-0.22753,0.99316,28.54
$MAG,233.788,-0.355,0.168,-0.879,28.0
$IMU,233.790,25.207,-12.268,-2.197,0.03564,-0.23486,1.04492,28.57
$IMU,233.792,19.470,-18.859,3.662,0.12988,-0.13134,1.12548,28.57
$IMU,233.794,12.878,-13.610,4.699,0.17333,-0.06298,1.20751,28.57
$IMU,233.797,8.911,-7.507,2.746,0.14648,-0.04394,1.12841,28.57
$MAG,233.798,-0.364,0.178,-0.885,27.7
$IMU,233.799,7.141,-2.441,0.244,0.14501,-0.04541,1.08886,28.57
$IMU,233.801,3.601,-1.220,-1.220,0.13818,-0.09619,1.06103,28.57
$IMU,233.804,0.000,-0.793,-1.647,0.12792,-0.14062,1.06494,28.57
$IMU,233.806,-3.662,0.854,-1.586,0.12207,-0.16552,1.07275,28.57
$MAG,233.808,-0.352,0.163,-0.883,27.6
$IMU,233.808,-6.164,2.990,-1.403,0.11230,-0.17041,1.05468,28.56
$IMU,233.811,-7.629,4.638,-1.037,0.10644,-0.17285,1.03369,28.56
$IMU,233.813,-7.873,4.699,-0.488,0.10937,-0.17041,1.00976,28.56
$IMU,233.815,-7.507,3.906,0.183,0.11328,-0.16064,0.99218,28.56
$MAG,233.818,-0.351,0.181,-0.883,27.7
$IMU,233.818,-6.835,2.990,0.732,0.11914,-0.14697,0.98437,28.56
$IMU,233.820,-6.164,2.258,0.915,0.12402,-0.14355,0.97998,28.56
$IMU,233.822,-5.187,2.136,0.793,0.12939,-0.13281,0.97851,28.56
$IMU,233.825,-4.333,2.014,0.427,0.13134,-0.12744,0.97656,28.56
$IMU,233.827,-3.112,1.770,-0.061,0.13281,-0.12304,0.97949,28.60
$MAG,233.828,-0.349,0.175,-0.874,27.8
$IMU,233.829,-2.136,1.647,-0.671,0.13134,-0.13232,0.97851,28.60
$IMU,233.832,-0.976,1.281,-1.220,0.13476,-0.13671,0.97900,28.60
$IMU,233.834,-0.427,1.159,-1.647,0.13085,-0.13867,0.98144,28.60
$IMU,233.836,-0.244,1.037,-1.831,0.12841,-0.14160,0.98046,28.60
$MAG,233.838,-0.360,0.174,-0.877,27.8
$IMU,233.839,-0.305,1.037,-1.953,0.12695,-0.14160,0.98144,28.60
$IMU,233.841,-0.488,0.793,-1.953,0.12646,-0.14208,0.97851,28.60
$IMU,233.844,-0.671,0.732,-1.770,0.12597,-0.14404,0.98046,28.60
$IMU,233.846,-0.793,0.549,-1.586,0.12597,-0.14062,0.97802,28.53
$MAG,233.848,-0.343,0.181,-0.879,28.0
$IMU,233.848,-0.915,0.366,-1.342,0.12207,-0.14208,0.97949,28.53
$IMU,233.851,-1.098,0.427,-1.159,0.12353,-0.13916,0.97705,28.53
$IMU,233.853,-1.037,0.549,-0.854,0.12109,-0.14208,0.97656,28.53
$IMU,233.855,-0.854,0.427,-0.610,0.12109,-0.14111,0.97851,28.53
$MAG,233.858,-0.352,0.177,-0.874,27.8
$IMU,233.858,-0.671,0.366,-0.366,0.12207,-0.14062,0.97656,28.53
$IMU,233.860,-0.427,0.549,-0.183,0.12158,-0.13720,0.97265,28.53
$IMU,233.862,-0.122,0.732,-0.183,0.12304,-0.13818,0.96923,28.53
$IMU,233.865,0.488,0.671,-0.183,0.12792,-0.14062,0.96289,28.59
$IMU,233.867,1.403,0.732,-0.122,0.12597,-0.14453,0.95898,28.59
$MAG,233.868,-0.352,0.174,-0.879,27.7
$IMU,233.869,2.563,0.793,0.000,0.12402,-0.14355,0.95556,28.59
$IMU,233.872,4.028,0.549,0.061,0.12695,-0.14062,0.95019,28.59
$BARO,233.873,86415.49,28.77
$IMU,233.874,5.310,0.427,0.305,0.12451,-0.13867,0.95019,28.59
$IMU,233.876,6.530,-0.122,0.366,0.12792,-0.13769,0.95556,28.59
$MAG,233.878,-0.352,0.175,-0.891,28.1
$IMU,233.879,7.507,-0.732,0.427,0.12597,-0.13671,0.96240,28.59
$IMU,233.881,8.361,-1.220,0.610,0.12988,-0.13574,0.96582,28.59
$IMU,233.883,8.911,-1.525,0.671,0.12597,-0.12890,0.97070,28.56
$IMU,233.886,9.094,-1.892,0.732,0.12646,-0.13330,0.97705,28.56
$MAG,233.888,-0.357,0.175,-0.877,28.0
$IMU,233.888,9.033,-1.831,0.610,0.12695,-0.12988,0.98291,28.56
$IMU,233.890,8.850,-1.831,0.488,0.12451,-0.12841,0.98632,28.56
$IMU,233.893,8.605,-2.014,0.366,0.12744,-0.13085,0.98828,28.56
$IMU,233.895,8.483,-1.831,0.427,0.12646,-0.13330,0.98828,28.56
$IMU,233.897,8.239,-1.708,0.366,0.12011,-0.12451,0.98779,28.56
$MAG,233.899,-0.352,0.169,-0.877,28.0
$IMU,233.900,7.629,-1.525,0.305,0.11816,-0.12304,0.98876,28.56
$IMU,233.902,6.896,-1.403,0.122,0.11816,-0.12500,0.99609,28.57
$IMU,233.905,5.920,-1.525,-0.061,0.12500,-0.12353,1.00195,28.57
$IMU,233.907,4.943,-1.586,-0.061,0.12646,-0.13037,1.00634,28.57
$MAG,233.909,-0.361,0.181,-0.883,28.0
$IMU,233.909,4.150,-1.525,0.122,0.12695,-0.12939,1.00976,28.57
$IMU,233.912,3.417,-1.464,0.244,0.13183,-0.13085,1.00927,28.57
$IMU,233.914,2.746,-1.159,0.244,0.12939,-0.13427,1.01074,28.57
$IMU,233.916,2.197,-0.671,0.244,0.12988,-0.13330,1.01074,28.57
$MAG,233.919,-0.355,0.171,-0.882,27.8
$IMU,233.919,2.014,-0.488,0.244,0.12890,-0.13378,1.00634,28.57
$IMU,233.921,1.892,-0.427,0.122,0.12109,-0.13037,1.00244,28.58
$IMU,233.923,1.831,0.061,0.000,0.12255,-0.13085,1.00048,28.58
$IMU,233.926,1.770,0.061,-0.183,0.12304,-0.13134,1.00195,28.58
$IMU,233.928,1.525,0.122,-0.427,0.12500,-0.12939,0.99902,28.58
$MAG,233.929,-0.349,0.175,-0.877,28.1
$IMU,233.930,1.098,0.305,-0.610,0.12353,-0.12988,1.00097,28.58
$IMU,233.933,0.854,-0.122,-0.793,0.12011,-0.13085,1.00000,28.58
$IMU,233.935,0.366,-0.183,-0.915,0.12207,-0.12939,1.00000,28.58
$IMU,233.937,-0.061,-0.122,-0.976,0.12255,-0.12792,1.00341,28.58
$MAG,233.939,-0.358,0.172,-0.877,27.7
$IMU,233.940,-0.610,0.061,-1.098,0.12744,-0.13330,1.00097,28.56
$IMU,233.942,-0.854,0.000,-1.098,0.12646,-0.12988,0.99804,28.56
$IMU,233.944,-1.281,0.183,-1.159,0.12500,-0.13037,0.99853,28.56
$IMU,233.947,-1.281,0.061,-1.220,0.12402,-0.13232,0.99658,28.56
$MAG,233.949,-0.345,0.174,-0.880,27.7
$IMU,233.949,-1.403,0.366,-1.220,0.12646,-0.12988,0.99365,28.56
$IMU,233.951,-1.220,0.183,-1.159,0.12451,-0.13281,0.99072,28.56
$IMU,233.954,-1.159,0.244,-1.159,0.12548,-0.12939,0.98828,28.56
$IMU,233.956,-1.342,0.183,-1.159,0.11767,-0.13037,0.98779,28.56
$IMU,233.958,-1.464,0.000,-1.220,0.11962,-0.12597,0.98925,28.58
$MAG,233.959,-0.354,0.174,-0.874,27.8
$IMU,233.961,-1.525,-0.122,-1.220,0.12451,-0.12744,0.98828,28.58
$IMU,233.963,-1.708,-0.183,-1.342,0.12207,-0.12744,0.99023,28.58
$IMU,233.966,-1.892,-0.244,-1.342,0.12207,-0.13085,0.98974,28.58
$IMU,233.968,-2.075,-0.183,-1.464,0.12304,-0.12890,0.98925,28.58
$MAG,233.969,-0.349,0.175,-0.886,28.0
$IMU,233.970,-2.075,-0.305,-1.586,0.12451,-0.13134,0.98681,28.58
$IMU,233.973,-2.014,-0.366,-1.647,0.12597,-0.12841,0.98779,28.58
$BARO,233.974,86429.19,28.77
$IMU,233.975,-1.831,-0.427,-1.586,0.12792,-0.12890,0.98339,28.58
$IMU,233.977,-1.770,-0.244,-1.525,0.12451,-0.12841,0.97802,28.52
$MAG,233.979,-0.352,0.172,-0.880,27.7
$IMU,233.980,-1.403,-0.122,-1.525,0.12304,-0.12695,0.98095,28.52
$IMU,233.982,-0.976,-0.610,-1.464,0.12792,-0.12695,0.97802,28.52
$IMU,233.984,-0.610,-0.793,-1.464,0.12646,-0.12548,0.97753,28.52
$IMU,233.987,-0.427,-0.854,-1.525,0.12841,-0.12597,0.97802,28.52
$MAG,233.989,-0.355,0.171,-0.879,27.7
$IMU,233.989,-0.183,-1.159,-1.586,0.12304,-0.12841,0.97851,28.52
$IMU,233.991,0.061,-1.342,-1.586,0.12695,-0.12500,0.98193,28.52
$IMU,233.994,0.183,-1.403,-1.708,0.12402,-0.12695,0.98730,28.52
$IMU,233.996,0.244,-1.586,-1.770,0.12451,-0.12939,0.99121,28.58
$IMU,233.998,0.305,-1.647,-1.770,0.12695,-0.13037,0.99511,28.58
$MAG,233.999,-0.352,0.174,-0.882,27.8
$IMU,234.001,0.244,-1.525,-1.770,0.12792,-0.13330,0.99316,28.58
$IMU,234.003,0.427,-1.464,-1.831,0.12695,-0.13330,0.99560,28.58
$IMU,234.005,0.671,-1.281,-1.953,0.12695,-0.13525,0.99462,28.58
$IMU,234.008,1.098,-1.220,-1.953,0.13183,-0.13720,0.99072,28.58
$MAG,234.009,-0.354,0.177,-0.876,28.0
$IMU,234.010,1.403,-0.976,-1.892,0.13378,-0.14111,0.99316,28.58
$IMU,234.012,1.708,-1.037,-1.892,0.13867,-0.13720,0.99121,28.58
$IMU,234.015,2.014,-0.854,-1.708,0.13232,-0.13281,0.99365,28.57
$VBAT,234.016,4.146
$IMU,234.017,1.892,-0.671,-1.770,0.13134,-0.13134,0.99169,28.57
$IMU,234.019,1.892,-0.915,-1.892,0.12792,-0.12597,0.99218,28.57
$MAG,234.020,-0.348,0.180,-0.885,27.6
$IMU,234.022,2.197,-1.159,-1.892,0.12695,-0.13037,0.99072,28.57
$IMU,234.024,2.319,-1.281,-2.014,0.12841,-0.12744,0.98828,28.57
$IMU,234.027,2.563,-1.464,-2.075,0.13085,-0.13183,0.99072,28.57
$IMU,234.029,2.624,-1.342,-1.831,0.13183,-0.13427,0.98828,28.57
$MAG,234.030,-0.357,0.172,-0.886,27.8
$IMU,234.031,2.868,-1.281,-1.586,0.14208,-0.14013,0.99072,28.57
$IMU,234.034,3.112,-1.098,-1.281,0.13964,-0.14013,0.99023,28.58
$IMU,234.036,3.356,-1.037,-1.037,0.13623,-0.13574,0.99414,28.58
$IMU,234.038,3.540,-0.976,-0.976,0.13867,-0.13037,0.99462,28.58
$MAG,234.040,-0.355,0.178,-0.876,27.7
$IMU,234.041,3.540,-0.793,-0.854,0.13085,-0.12597,0.99365,28.58
$IMU,234.043,3.295,-0.671,-0.976,0.13134,-0.12548,0.99365,28.58
$IMU,234.045,2.929,-0.793,-0.976,0.13232,-0.12890,0.99804,28.58
$IMU,234.048,2.746,-0.549,-0.854,0.13281,-0.13525,0.99902,28.58
$MAG,234.050,-0.348,0.178,-0.876,27.8
$IMU,234.050,2.685,-0.244,-0.488,0.13818,-0.14208,0.99853,28.58
$IMU,234.052,2.624,-0.122,0.122,0.14648,-0.14892,0.99804,28.58
$IMU,234.055,2.502,-0.061,1.037,0.14111,-0.14550,0.99169,28.58
$IMU,234.057,3.112,0.061,1.342,0.11767,-0.12158,0.97900,28.58
$IMU,234.059,4.028,0.000,0.488,0.09814,-0.10058,0.97802,28.58
$MAG,234.060,-0.357,0.169,-0.879,27.8
$IMU,234.062,4.089,-0.976,-0.610,0.10107,-0.11767,0.98242,28.58
$IMU,234.064,3.723,-1.953,-1.098,0.11572,-0.12597,0.99462,28.58
$IMU,234.066,3.601,-2.258,-1.098,0.12646,-0.13037,0.99804,28.58
$IMU,234.069,3.356,-1.892,-1.037,0.12988,-0.13232,1.00146,28.58
$MAG,234.070,-0.349,0.171,-0.883,27.8
$IMU,234.071,3.112,-1.892,-1.098,0.12988,-0.13134,1.00341,28.59
$IMU,234.073,2.746,-1.892,-0.854,0.13427,-0.13281,1.00634,28.59
$BARO,234.076,86408.10,28.77
$IMU,234.076,2.075,-1.708,-0.549,0.13769,-0.13427,1.00927,28.59
$IMU,234.078,1.342,-1.281,-0.244,0.13232,-0.13525,1.01367,28.59
$MAG,234.080,-0.349,0.175,-0.886,27.7
$IMU,234.080,0.732,-0.793,-0.183,0.12304,-0.12841,1.01367,28.59
$IMU,234.083,0.061,-0.427,-0.427,0.12646,-0.12500,1.01611,28.59
$IMU,234.085,-0.671,-0.366,-0.610,0.12451,-0.13037,1.01806,28.59
$IMU,234.088,-1.586,0.000,-0.610,0.12597,-0.13232,1.01660,28.59
$MAG,234.090,-0.351,0.168,-0.885,27.7
$IMU,234.090,-2.319,0.610,-0.671,0.12548,-0.13183,1.01513,28.60
$IMU,234.092,-2.990,1.098,-0.732,0.12939,-0.13183,1.01611,28.60
$IMU,234.095,-3.601,1.342,-0.549,0.13769,-0.13476,1.01611,28.60
$IMU,234.097,-4.089,1.831,-0.305,0.14062,-0.13720,1.01367,28.60
$IMU,234.099,-4.760,2.197,0.061,0.14355,-0.13964,1.01562,28.60
$MAG,234.100,-0.360,0.171,-0.877,27.7
$IMU,234.102,-5.310,2.197,0.549,0.14453,-0.14501,1.01611,28.60
$IMU,234.104,-5.676,2.746,0.976,0.13476,-0.13671,1.00390,28.60
$IMU,234.106,-5.371,3.417,0.915,0.12744,-0.12646,0.99804,28.60
$IMU,234.109,-5.004,3.295,0.183,0.12011,-0.13085,0.98730,28.57
$MAG,234.110,-0.351,0.168,-0.876,27.7
$IMU,234.111,-4.821,2.868,-0.366,0.13427,-0.14355,0.99853,28.57
$IMU,234.113,-5.615,2.441,0.244,0.15380,-0.15673,1.00634,28.57
$IMU,234.116,-5.615,2.441,1.037,0.13867,-0.12744,0.98876,28.57
$IMU,234.118,-4.150,3.417,0.549,0.10644,-0.09863,0.97412,28.57
$MAG,234.120,-0.355,0.177,-0.882,28.1
$IMU,234.120,-3.356,3.234,-0.793,0.10546,-0.11425,0.97607,28.57
$IMU,234.123,-3.540,1.770,-1.342,0.11914,-0.13330,0.97949,28.57
$IMU,234.125,-3.173,1.159,-0.915,0.12744,-0.14062,0.97900,28.57
$IMU,234.127,-2.441,1.220,-0.854,0.13183,-0.13671,0.97900,28.57
$MAG,234.130,-0.354,0.171,-0.885,27.7
$IMU,234.130,-1.892,1.342,-0.915,0.13232,-0.13183,0.98046,28.57
$IMU,234.132,-1.281,1.342,-0.915,0.12597,-0.12988,0.97851,28.57
$IMU,234.134,-0.915,1.159,-0.915,0.12939,-0.13085,0.97851,28.57
$IMU,234.137,-0.793,0.610,-0.915,0.12548,-0.12939,0.97900,28.57
$IMU,234.139,-0.793,0.305,-0.854,0.13378,-0.12939,0.98681,28.57
$MAG,234.141,-0.343,0.177,-0.880,28.0
$IMU,234.141,-0.976,0.305,-0.732,0.13134,-0.12500,0.98974,28.57
$IMU,234.144,-1.098,0.183,-0.854,0.12988,-0.12890,0.98974,28.57
$IMU,234.146,-1.464,0.366,-0.976,0.12744,-0.13232,0.99365,28.54
$IMU,234.149,-1.586,0.610,-1.037,0.13085,-0.13427,0.99462,28.54
$MAG,234.151,-0.351,0.183,-0.876,28.0
$IMU,234.151,-1.647,0.427,-1.159,0.12597,-0.13769,0.99267,28.54
$IMU,234.153,-1.892,0.671,-1.220,0.12988,-0.13574,0.99658,28.54
$IMU,234.156,-2.014,1.037,-1.098,0.12695,-0.13623,0.99414,28.54
$IMU,234.158,-2.075,0.976,-1.037,0.12988,-0.13623,0.99511,28.54
$IMU,234.160,-2.197,0.976,-0.915,0.13134,-0.13183,0.99658,28.54
$MAG,234.161,-0.352,0.174,-0.871,27.7
$IMU,234.163,-2.563,1.037,-0.793,0.12744,-0.13574,0.99707,28.54
$IMU,234.165,-2.746,0.854,-0.793,0.12402,-0.13769,1.00097,28.58
$IMU,234.167,-3.173,0.732,-0.915,0.12353,-0.13671,1.00683,28.58
$IMU,234.170,-3.906,1.098,-0.976,0.12011,-0.13671,1.00830,28.58
$MAG,234.171,-0.354,0.169,-0.877,28.0
$IMU,234.172,-4.638,1.525,-1.037,0.11914,-0.13574,1.00732,28.58
$IMU,234.174,-5.371,1.464,-0.976,0.11816,-0.13720,1.00634,28.58
$BARO,234.177,86416.76,28.77
$IMU,234.177,-6.225,1.586,-0.854,0.12060,-0.14306,1.00488,28.58
$IMU,234.179,-7.141,1.892,-0.549,0.12158,-0.14648,1.01074,28.58
$MAG,234.181,-0.351,0.172,-0.874,28.1
$IMU,234.181,-8.117,2.502,-0.183,0.12792,-0.14648,1.01171,28.58
$IMU,234.184,-8.483,2.807,0.000,0.12841,-0.14257,1.00781,28.55
$IMU,234.186,-8.239,3.112,-0.061,0.13232,-0.13916,1.00146,28.55
$IMU,234.188,-7.263,2.868,-0.244,0.13378,-0.13378,0.99560,28.55
$MAG,234.191,-0.352,0.178,-0.882,27.6
$IMU,234.191,-6.347,2.807,-0.427,0.13623,-0.13183,0.99218,28.55
$IMU,234.193,-5.554,2.807,-0.549,0.14648,-0.13867,0.98779,28.55
$IMU,234.195,-5.065,2.441,-0.488,0.14404,-0.14208,0.98876,28.55
$IMU,234.198,-4.882,2.319,-0.244,0.14257,-0.14599,0.98876,28.55
$IMU,234.200,-4.577,2.014,0.061,0.14160,-0.14941,0.99023,28.55
$MAG,234.201,-0.352,0.172,-0.883,27.6
$IMU,234.202,-4.394,1.892,0.305,0.13232,-0.14501,0.98779,28.58
$IMU,234.205,-4.150,1.831,0.427,0.13867,-0.14599,0.99462,28.58
$IMU,234.207,-4.577,1.464,1.159,0.15234,-0.16162,0.99609,28.58
$IMU,234.209,-4.760,1.464,2.014,0.15820,-0.15820,1.00000,28.58
$IMU,234.212,-5.004,2.075,3.173,0.16162,-0.16308,1.00292,28.58
$MAG,234.211,-0.354,0.174,-0.874,27.7
$IMU,234.214,-4.943,2.136,4.089,0.14648,-0.15136,0.99658,28.58
$IMU,234.217,-4.089,2.685,4.028,0.09521,-0.11718,0.98046,28.58
$IMU,234.219,-3.173,3.295,2.319,0.07519,-0.10791,0.98681,28.58
$MAG,234.221,-0.361,0.181,-0.874,27.7
$IMU,234.221,-3.417,2.502,0.732,0.08691,-0.12695,0.99560,28.62
$IMU,234.224,-3.967,1.770,0.366,0.11376,-0.14501,1.00537,28.62
$IMU,234.226,-4.211,2.014,0.610,0.12158,-0.14013,1.00537,28.62
$IMU,234.228,-3.662,2.624,0.000,0.11230,-0.12402,1.00000,28.62
$MAG,234.231,-0.352,0.174,-0.885,27.7
$IMU,234.231,-3.784,2.990,-0.915,0.10693,-0.12988,0.99755,28.62
$IMU,234.233,-4.150,2.746,-1.403,0.11669,-0.13671,0.99658,28.62
$IMU,234.235,-4.699,2.624,-1.464,0.12207,-0.13818,0.99707,28.62
$IMU,234.238,-5.065,2.624,-1.464,0.12060,-0.13671,0.99462,28.62
$IMU,234.240,-5.187,2.441,-1.708,0.12255,-0.14013,0.98779,28.61
$MAG,234.241,-0.357,0.175,-0.876,27.8
$IMU,234.242,-5.310,2.685,-1.770,0.12353,-0.14013,0.99023,28.61
$IMU,234.245,-5.432,2.868,-1.525,0.14404,-0.15039,0.99804,28.61
$IMU,234.247,-5.737,3.417,-0.793,0.14990,-0.15576,0.99414,28.61
$IMU,234.249,-5.615,3.723,-0.244,0.13916,-0.14355,0.98681,28.61
$MAG,234.251,-0.352,0.180,-0.877,28.1
$IMU,234.252,-5.554,3.906,0.305,0.15478,-0.15234,0.98681,28.61
$IMU,234.254,-5.981,3.356,1.647,0.17382,-0.18066,0.98828,28.61
$IMU,234.256,-5.432,3.601,2.990,0.12451,-0.14453,0.97363,28.61
$IMU,234.259,-4.272,4.333,2.197,0.08740,-0.11230,0.97265,28.53
$IMU,234.261,-3.906,3.601,0.549,0.07666,-0.12060,0.97363,28.53
$MAG,234.262,-0.357,0.177,-0.874,27.7
$IMU,234.263,-4.028,2.563,-0.488,0.08642,-0.12548,0.98583,28.53
$IMU,234.266,-4.211,1.953,-1.220,0.09423,-0.12548,0.98974,28.53
$IMU,234.268,-4.394,2.075,-2.014,0.10986,-0.13134,0.99560,28.53
$IMU,234.270,-4.821,1.831,-2.258,0.12109,-0.13867,1.00048,28.53
$MAG,234.272,-0.346,0.166,-0.873,27.7
$IMU,234.273,-5.187,1.953,-2.197,0.12695,-0.14697,0.99462,28.53
$IMU,234.275,-5.249,1.953,-2.014,0.12988,-0.14501,0.99853,28.53
$IMU,234.278,-5.554,2.258,-1.647,0.12890,-0.14843,0.99658,28.56
$BARO,234.279,86416.71,28.77
$IMU,234.280,-5.798,2.563,-1.464,0.12695,-0.14648,0.99804,28.56
$MAG,234.282,-0.349,0.171,-0.874,27.7
$IMU,234.282,-6.103,2.502,-1.281,0.12548,-0.14599,0.99853,28.56
$IMU,234.285,-6.469,2.746,-1.098,0.13134,-0.15332,0.99853,28.56
$IMU,234.287,-6.591,3.234,-0.671,0.13720,-0.15820,1.00244,28.56
$IMU,234.289,-6.591,3.295,-0.061,0.12939,-0.14990,0.99853,28.56
$MAG,234.292,-0.361,0.186,-0.882,27.7
$IMU,234.292,-6.530,3.540,0.122,0.11865,-0.14355,0.99169,28.56
$IMU,234.294,-6.225,3.601,-0.061,0.11816,-0.14648,0.99121,28.56
$IMU,234.296,-6.286,3.601,-0.122,0.12011,-0.15087,0.99560,28.54
$IMU,234.299,-6.347,3.601,0.000,0.12695,-0.15429,0.99365,28.54
$IMU,234.301,-6.225,3.479,0.244,0.13525,-0.15722,1.00000,28.54
$MAG,234.302,-0.354,0.180,-0.882,27.6
$IMU,234.303,-6.530,3.662,0.854,0.15771,-0.16992,1.00585,28.54
$IMU,234.306,-6.896,3.845,2.319,0.16650,-0.18505,1.00097,28.54
$IMU,234.308,-6.408,4.882,3.295,0.13134,-0.14941,0.98242,28.54
$IMU,234.310,-5.798,5.371,3.173,0.12011,-0.14843,0.98339,28.54
$MAG,234.312,-0.355,0.181,-0.870,27.8
$IMU,234.313,-5.737,5.187,2.929,0.09375,-0.13476,0.98144,28.54
$IMU,234.315,-5.371,4.577,1.647,0.05615,-0.10400,0.98291,28.57
$IMU,234.317,-6.042,3.967,-0.366,0.06152,-0.11181,0.99511,28.57
$IMU,234.320,-7.019,3.112,-1.586,0.08691,-0.13476,1.00195,28.57
$MAG,234.322,-0.358,0.178,-0.880,27.8
$IMU,234.322,-7.568,3.234,-2.075,0.11376,-0.13964,1.00683,28.57
$IMU,234.324,-7.690,3.723,-2.197,0.12451,-0.14257,1.00390,28.57
$HUM,234.326,35.1,29.2
$IMU,234.327,-7.446,3.967,-2.197,0.12988,-0.14648,1.00048,28.57
$IMU,234.329,-7.202,4.089,-1.831,0.13281,-0.15136,0.99658,28.57
$IMU,234.331,-6.958,4.272,-1.647,0.12890,-0.15625,0.99072,28.57
$MAG,234.332,-0.357,0.178,-0.880,27.7
$IMU,234.334,-6.408,4.394,-1.647,0.12255,-0.15527,0.98583,28.59
$IMU,234.336,-5.920,4.394,-1.464,0.12304,-0.15332,0.98193,28.59
$IMU,234.339,-5.493,4.333,-1.098,0.14013,-0.16503,0.98144,28.59
$IMU,234.341,-4.882,4.577,-0.427,0.13183,-0.15673,0.97363,28.59
$MAG,234.342,-0.352,0.174,-0.879,28.0
$IMU,234.343,-4.333,4.394,-0.366,0.11865,-0.14453,0.97412,28.59
$IMU,234.346,-3.906,3.845,-0.549,0.10888,-0.14794,0.97314,28.59
$IMU,234.348,-3.662,3.601,-0.732,0.10839,-0.14257,0.97607,28.59
$IMU,234.350,-3.295,3.173,-0.915,0.11523,-0.14501,0.97802,28.59
$MAG,234.352,-0.348,0.177,-0.870,27.7
$IMU,234.353,-3.051,2.990,-0.793,0.12353,-0.15039,0.98486,28.57
$IMU,234.355,-2.929,2.868,-0.488,0.12890,-0.15087,0.98583,28.57
$IMU,234.357,-2.502,2.868,-0.061,0.12988,-0.15576,0.98437,28.57
$IMU,234.360,-2.258,2.868,0.488,0.13720,-0.16552,0.98339,28.57
$MAG,234.362,-0.345,0.180,-0.877,27.7
$IMU,234.362,-2.014,3.051,1.098,0.12695,-0.15380,0.97851,28.57
$IMU,234.364,-1.342,3.295,0.976,0.10253,-0.14160,0.97265,28.57
$IMU,234.367,-0.732,3.417,0.244,0.08740,-0.13281,0.97558,28.57
$IMU,234.369,-0.549,2.197,-0.732,0.08740,-0.13916,0.97949,28.57
$IMU,234.371,-0.976,1.892,-1.098,0.10302,-0.14794,0.97998,28.58
$MAG,234.372,-0.345,0.189,-0.870,27.8
$IMU,234.374,-1.098,1.647,-1.281,0.11083,-0.14746,0.98535,28.58
$IMU,234.376,-1.342,1.586,-1.281,0.11572,-0.15283,0.98095,28.58
$IMU,234.378,-1.525,1.708,-1.037,0.12060,-0.15283,0.98095,28.58
$BARO,234.380,86413.00,28.76
$IMU,234.381,-1.647,1.647,-0.793,0.11914,-0.16064,0.97949,28.58
$MAG,234.382,-0.348,0.180,-0.879,27.8
$IMU,234.383,-1.708,1.464,-0.366,0.12792,-0.16845,0.98437,28.58
$IMU,234.385,-2.136,1.831,0.427,0.13281,-0.17041,0.98730,28.58
$IMU,234.388,-2.197,2.319,1.220,0.13378,-0.16601,0.98583,28.58
$IMU,234.390,-2.136,2.014,1.892,0.14111,-0.16894,0.98828,28.59
$IMU,234.392,-2.075,2.136,3.051,0.14990,-0.17822,0.98779,28.59
$MAG,234.393,-0.345,0.178,-0.868,27.7
$IMU,234.395,-1.464,2.319,4.028,0.13330,-0.16259,0.97949,28.59
$IMU,234.397,-0.305,2.319,3.967,0.12402,-0.15087,0.98535,28.59
$IMU,234.400,-0.366,1.953,3.906,0.09228,-0.14111,0.97851,28.59
$IMU,234.402,0.366,2.136,2.502,0.04882,-0.10888,0.98144,28.59
$MAG,234.403,-0.349,0.183,-0.870,27.6
$IMU,234.404,0.061,0.915,0.366,0.05615,-0.12890,0.99121,28.59
$IMU,234.407,-0.610,-0.061,-0.915,0.08105,-0.14257,1.00146,28.59
$IMU,234.409,-1.159,-0.122,-1.281,0.10498,-0.14892,1.00634,28.54
$IMU,234.411,-1.708,-0.061,-1.403,0.11425,-0.15283,1.00341,28.54
$MAG,234.413,-0.342,0.177,-0.870,28.0
$IMU,234.414,-2.197,0.427,-1.342,0.11572,-0.15625,0.99951,28.54
$IMU,234.416,-2.563,0.671,-1.281,0.11865,-0.15673,1.00048,28.54
$IMU,234.418,-2.929,0.610,-1.220,0.11328,-0.15820,0.99853,28.54
$IMU,234.421,-3.234,0.915,-1.220,0.11621,-0.16113,0.99609,28.54
$MAG,234.423,-0.354,0.181,-0.865,28.1
$IMU,234.423,-3.234,1.037,-1.159,0.11523,-0.15332,0.99560,28.54
$IMU,234.425,-3.356,1.098,-1.159,0.11181,-0.15136,0.99121,28.54
$IMU,234.428,-3.540,1.098,-1.220,0.10937,-0.15429,0.99121,28.58
$IMU,234.430,-3.723,1.037,-1.220,0.11621,-0.14892,0.98974,28.58
$IMU,234.432,-3.784,0.915,-1.098,0.11865,-0.15283,0.98974,28.58
$MAG,234.433,-0.348,0.187,-0.868,27.7
$IMU,234.435,-3.479,0.793,-1.037,0.11767,-0.15332,0.98339,28.58
$IMU,234.437,-3.234,0.854,-1.098,0.11523,-0.15576,0.97851,28.58
$IMU,234.439,-2.746,0.976,-1.159,0.11718,-0.15869,0.97558,28.58
$IMU,234.442,-2.014,0.793,-1.159,0.12011,-0.15869,0.97851,28.58
$MAG,234.443,-0.348,0.184,-0.867,27.7
$IMU,234.444,-1.342,0.793,-0.854,0.14111,-0.16943,0.98291,28.58
$IMU,234.446,-0.610,1.037,-0.061,0.13623,-0.16406,0.97900,28.58
$IMU,234.449,0.244,1.159,0.244,0.12109,-0.14941,0.97949,28.58
$IMU,234.451,0.671,0.915,0.061,0.11669,-0.14746,0.97705,28.58
$MAG,234.453,-0.342,0.186,-0.876,27.6
$IMU,234.453,1.037,0.610,0.061,0.11083,-0.15429,0.98193,28.58
$IMU,234.456,1.281,0.488,0.061,0.11181,-0.15429,0.98193,28.58
$IMU,234.458,1.586,0.183,-0.061,0.11425,-0.15527,0.98486,28.58
$IMU,234.461,1.708,0.000,-0.061,0.11523,-0.15478,0.98779,28.58
$MAG,234.463,-0.345,0.180,-0.871,27.6
$IMU,234.463,1.708,0.122,-0.061,0.11621,-0.15673,0.99023,28.58
$IMU,234.465,1.586,0.183,0.061,0.12207,-0.16064,0.99511,28.58
$IMU,234.468,1.281,0.427,0.427,0.12451,-0.16162,0.99560,28.58
$IMU,234.470,1.342,0.610,0.793,0.11718,-0.15283,0.99218,28.58
$IMU,234.472,1.586,0.854,0.671,0.10107,-0.14794,0.98535,28.58
$MAG,234.473,-0.355,0.181,-0.874,27.7
$IMU,234.475,1.647,0.854,0.122,0.08935,-0.14550,0.98437,28.58
$IMU,234.477,1.464,0.610,-0.366,0.09130,-0.14697,0.98925,28.58
$IMU,234.479,1.037,0.305,-0.610,0.09667,-0.14941,0.99560,28.58
$BARO,234.482,86426.09,28.76
$IMU,234.482,0.610,0.244,-0.671,0.10839,-0.15527,0.99658,28.58
$MAG,234.483,-0.342,0.181,-0.873,28.0
$IMU,234.484,0.061,0.305,-0.671,0.11132,-0.15673,0.99804,28.55
$IMU,234.486,-0.366,0.488,-0.671,0.11621,-0.15820,1.00048,28.55
$IMU,234.489,-0.610,0.610,-0.671,0.12060,-0.15234,1.00146,28.55
$IMU,234.491,-0.915,0.915,-0.549,0.12060,-0.15283,1.00390,28.55
$MAG,234.493,-0.351,0.186,-0.873,27.8
$IMU,234.493,-0.915,0.915,-0.549,0.11474,-0.15576,1.00195,28.55
$IMU,234.496,-0.854,0.854,-0.610,0.11328,-0.15673,0.99658,28.55
$IMU,234.498,-0.854,0.915,-0.732,0.11425,-0.15771,0.99609,28.55
$IMU,234.500,-0.732,0.671,-0.854,0.10986,-0.15722,0.99121,28.55
$MAG,234.503,-0.345,0.189,-0.870,27.7
$IMU,234.503,-0.671,0.793,-0.854,0.10693,-0.15625,0.99414,28.60
$IMU,234.505,-0.671,0.732,-0.793,0.11181,-0.15576,0.99462,28.60
$IMU,234.507,-0.671,0.671,-0.793,0.11328,-0.15576,0.99267,28.60
$IMU,234.510,-0.488,0.671,-0.793,0.11474,-0.15722,0.98974,28.60
$IMU,234.512,-0.122,0.488,-0.915,0.11230,-0.15820,0.98925,28.60
$IMU,234.514,0.061,0.610,-0.854,0.10888,-0.15576,0.98681,28.60
$MAG,234.514,-0.346,0.172,-0.877,27.7
$IMU,234.517,0.305,0.793,-0.854,0.11425,-0.15917,0.98828,28.60
$IMU,234.519,0.549,0.671,-0.915,0.11621,-0.15722,0.98779,28.60
$IMU,234.522,0.671,0.793,-0.671,0.13720,-0.16748,0.99121,28.55
$MAG,234.524,-0.354,0.183,-0.874,28.1
$IMU,234.524,0.671,1.037,0.366,0.16113,-0.18945,0.99218,28.55
$IMU,234.526,1.159,1.647,1.892,0.15478,-0.17187,0.98388,28.55
$IMU,234.529,2.014,1.892,2.624,0.12011,-0.15283,0.97460,28.55
$IMU,234.531,2.624,1.953,2.197,0.09326,-0.13964,0.97265,28.55
$IMU,234.533,2.746,1.159,1.586,0.08496,-0.14160,0.97705,28.55
$MAG,234.534,-0.349,0.184,-0.873,28.0
$IMU,234.536,2.685,0.244,1.220,0.08740,-0.14013,0.98339,28.55
$IMU,234.538,2.380,-0.122,0.793,0.09130,-0.14306,0.98876,28.55
$IMU,234.540,1.953,-0.061,0.366,0.09375,-0.14697,0.98876,28.57
$IMU,234.543,1.525,-0.183,0.061,0.09716,-0.15136,0.99462,28.57
$MAG,234.544,-0.342,0.177,-0.870,27.7
$IMU,234.545,1.037,-0.061,-0.061,0.10302,-0.15087,0.99609,28.57
$IMU,234.547,0.610,0.000,-0.122,0.10449,-0.15625,0.99707,28.57
$IMU,234.550,0.427,0.183,0.061,0.10888,-0.15869,0.99072,28.57
$IMU,234.552,0.427,0.549,0.183,0.10742,-0.15478,0.98535,28.57
$MAG,234.554,-0.345,0.186,-0.868,28.1
$IMU,234.554,0.488,0.854,0.366,0.10986,-0.15332,0.98632,28.57
$IMU,234.557,0.732,0.793,0.366,0.10937,-0.15332,0.97900,28.57
$IMU,234.559,1.098,0.488,0.305,0.10839,-0.15087,0.98144,28.57
$IMU,234.561,1.464,0.305,0.305,0.10839,-0.15087,0.98046,28.57
$MAG,234.564,-0.351,0.174,-0.874,27.8
$IMU,234.564,1.586,0.061,0.244,0.10986,-0.15332,0.98193,28.57
$IMU,234.566,1.586,0.000,0.244,0.10937,-0.15429,0.98681,28.57
$IMU,234.568,1.464,-0.122,0.183,0.11132,-0.15429,0.99072,28.57
$IMU,234.571,1.159,0.000,0.305,0.11035,-0.15283,0.99267,28.57
$IMU,234.573,0.915,-0.244,0.427,0.10986,-0.15039,0.99560,28.57
$MAG,234.574,-0.346,0.181,-0.870,27.7
$IMU,234.575,0.549,-0.061,0.427,0.10791,-0.15087,0.99755,28.57
$IMU,234.578,0.244,0.061,0.366,0.10742,-0.15039,1.00048,28.59
$IMU,234.580,0.000,0.244,0.366,0.10839,-0.15283,0.99804,28.59
$IMU,234.582,0.000,0.183,0.366,0.10839,-0.15625,0.99755,28.59
$BARO,234.583,86417.17,28.77
$MAG,234.584,-0.355,0.192,-0.865,28.0
$IMU,234.585,-0.122,0.366,0.366,0.10937,-0.15478,0.99511,28.59
$IMU,234.587,-0.061,0.305,0.366,0.10644,-0.15380,0.99365,28.59
$IMU,234.590,0.000,0.305,0.488,0.11035,-0.15332,0.99218,28.59
$IMU,234.592,0.000,0.244,0.549,0.10986,-0.15625,0.99218,28.59
$MAG,234.594,-0.343,0.175,-0.867,27.7
$IMU,234.594,0.061,0.061,0.488,0.11083,-0.15283,0.99511,28.59
$IMU,234.597,0.183,0.061,0.488,0.10888,-0.15722,0.99316,28.59
$IMU,234.599,0.122,0.122,0.549,0.11035,-0.15429,0.99462,28.59
$IMU,234.601,-0.061,0.183,0.549,0.10937,-0.15380,0.99267,28.59
$MAG,234.604,-0.343,0.187,-0.877,28.1
$IMU,234.604,-0.061,0.183,0.610,0.11083,-0.15429,0.99365,28.59
$IMU,234.606,-0.244,0.366,0.610,0.11132,-0.15234,0.99560,28.59
$IMU,234.608,-0.366,0.244,0.610,0.11035,-0.15625,0.99560,28.59
$IMU,234.611,-0.427,0.244,0.671,0.11083,-0.14892,0.99804,28.59
$IMU,234.613,-0.366,0.244,0.671,0.10986,-0.14746,0.99658,28.59
$MAG,234.614,-0.349,0.184,-0.870,27.8
$IMU,234.615,-0.244,0.061,0.549,0.11523,-0.15136,0.99560,28.54
$IMU,234.618,-0.244,0.427,0.549,0.11523,-0.14990,0.99560,28.54
$IMU,234.620,0.000,0.366,0.488,0.11572,-0.15136,0.99072,28.54
$IMU,234.622,0.183,0.305,0.488,0.11425,-0.15039,0.99365,28.54
$MAG,234.624,-0.349,0.180,-0.874,28.1
$IMU,234.625,0.122,0.305,0.427,0.11474,-0.14697,0.99121,28.54
$IMU,234.627,0.183,0.183,0.427,0.11572,-0.14697,0.99169,28.54
$IMU,234.629,0.244,0.000,0.366,0.11279,-0.14892,0.99218,28.54
$IMU,234.632,0.183,0.122,0.366,0.11376,-0.14843,0.99169,28.54
$IMU,234.634,0.061,0.000,0.366,0.11425,-0.14941,0.99121,28.59
$MAG,234.635,-0.348,0.181,-0.870,27.7
$IMU,234.636,0.122,-0.061,0.244,0.11035,-0.14453,0.99267,28.59
$IMU,234.639,0.061,0.061,0.122,0.11376,-0.14550,0.99316,28.59
$IMU,234.641,0.061,-0.061,0.061,0.11083,-0.14794,0.99218,28.59
$IMU,234.643,0.000,0.000,-0.061,0.11279,-0.14892,0.99267,28.59
$MAG,234.645,-0.349,0.177,-0.871,27.8
$IMU,234.646,-0.122,0.244,-0.061,0.11425,-0.15136,0.99707,28.59
$IMU,234.648,-0.244,0.427,-0.183,0.11279,-0.15478,0.99658,28.59
$IMU,234.651,-0.183,0.488,-0.183,0.10888,-0.15478,0.99414,28.59
$IMU,234.653,-0.305,0.793,-0.122,0.10693,-0.15087,0.98974,28.59
$MAG,234.655,-0.345,0.172,-0.871,27.7
$IMU,234.655,-0.305,0.610,-0.183,0.10742,-0.15136,0.98779,28.59
$IMU,234.658,-0.427,0.732,-0.244,0.10498,-0.14697,0.98974,28.59
$IMU,234.660,-0.427,0.488,-0.305,0.10888,-0.15136,0.98730,28.59
$IMU,234.662,-0.427,0.549,-0.366,0.11328,-0.15234,0.98828,28.59
$MAG,234.665,-0.346,0.178,-0.873,27.7
$IMU,234.665,-0.244,0.427,-0.305,0.11181,-0.14794,0.98730,28.59
$IMU,234.667,-0.366,0.549,-0.305,0.10693,-0.14794,0.98828,28.59
$IMU,234.669,-0.366,0.549,-0.366,0.10546,-0.14648,0.99072,28.59
$IMU,234.672,-0.366,0.732,-0.427,0.10644,-0.15087,0.99121,28.57
$IMU,234.674,-0.305,0.610,-0.427,0.10888,-0.15478,0.99218,28.57
$MAG,234.675,-0.343,0.181,-0.870,27.8
$IMU,234.676,-0.366,0.549,-0.366,0.11083,-0.15429,0.99511,28.57
$IMU,234.679,-0.488,0.671,-0.366,0.11181,-0.15576,0.99755,28.57
$IMU,234.681,-0.671,0.915,-0.244,0.11523,-0.15380,0.99316,28.57
$IMU,234.683,-0.793,0.915,-0.122,0.11083,-0.15576,0.99169,28.57
$BARO,234.685,86416.83,28.76
$MAG,234.685,-0.351,0.184,-0.879,27.7
$IMU,234.686,-0.854,0.976,-0.061,0.11035,-0.15527,0.99462,28.57
$IMU,234.688,-0.671,0.732,0.000,0.11132,-0.15478,0.99169,28.57
$IMU,234.690,-0.488,0.732,0.183,0.10791,-0.15087,0.98779,28.53
$IMU,234.693,-0.183,0.732,0.183,0.10791,-0.15039,0.98291,28.53
$MAG,234.695,-0.339,0.181,-0.868,27.8
$IMU,234.695,0.305,0.671,0.122,0.10644,-0.15136,0.98291,28.53
$IMU,234.697,0.732,0.549,0.061,0.10351,-0.15380,0.97998,28.53
$IMU,234.700,1.281,0.061,-0.061,0.10498,-0.15380,0.98144,28.53
$IMU,234.702,1.586,0.000,-0.061,0.10791,-0.15283,0.98291,28.53
$IMU,234.704,1.770,-0.244,-0.061,0.11279,-0.15332,0.98583,28.53
$MAG,234.705,-0.343,0.190,-0.870,28.0
$IMU,234.707,1.831,-0.366,0.000,0.11132,-0.15087,0.98632,28.53
$IMU,234.709,1.770,-0.183,0.061,0.11279,-0.15234,0.98730,28.58
$IMU,234.712,1.647,-0.122,0.122,0.11035,-0.14990,0.98779,28.58
$IMU,234.714,1.586,-0.305,0.122,0.11230,-0.15039,0.99072,28.58
$MAG,234.715,-0.354,0.178,-0.874,27.7
$IMU,234.716,1.464,-0.244,0.183,0.11083,-0.15332,0.99316,28.58
$IMU,234.719,1.281,-0.183,0.183,0.11474,-0.15625,0.99072,28.58
$IMU,234.721,1.037,0.000,0.244,0.11328,-0.15136,0.99023,28.58
$IMU,234.723,0.915,0.061,0.244,0.11230,-0.15087,0.99121,28.58
$MAG,234.725,-0.346,0.181,-0.882,27.7
$IMU,234.726,0.732,-0.061,0.305,0.11279,-0.14892,0.99121,28.58
$IMU,234.728,0.488,0.122,0.366,0.11230,-0.14941,0.99218,28.60
$IMU,234.730,0.488,-0.122,0.427,0.11083,-0.15185,0.99121,28.60
$IMU,234.733,0.244,-0.061,0.488,0.11181,-0.15039,0.98828,28.60
$MAG,234.735,-0.343,0.183,-0.879,27.7
$IMU,234.735,0.122,0.061,0.610,0.10888,-0.15039,0.99023,28.60
$IMU,234.737,0.000,0.183,0.610,0.11230,-0.15185,0.99072,28.60
$IMU,234.740,0.061,0.122,0.671,0.11425,-0.15234,0.98925,28.60
$IMU,234.742,0.000,0.061,0.793,0.11132,-0.15234,0.98974,28.60
$IMU,234.744,0.000,0.061,0.671,0.10791,-0.15039,0.99072,28.60
$MAG,234.745,-0.345,0.183,-0.873,28.0
$IMU,234.747,0.061,0.122,0.671,0.10595,-0.14453,0.99218,28.55
$IMU,234.749,0.061,0.122,0.610,0.10888,-0.14550,0.99072,28.55
$IMU,234.751,-0.061,0.122,0.488,0.11035,-0.14990,0.99121,28.55
$IMU,234.754,0.000,-0.061,0.427,0.10986,-0.15234,0.98974,28.55
$MAG,234.755,-0.342,0.183,-0.880,28.0
$IMU,234.756,0.000,-0.122,0.427,0.11376,-0.15380,0.98779,28.55
$IMU,234.758,0.000,-0.122,0.427,0.11425,-0.14990,0.98828,28.55
$IMU,234.761,0.000,-0.061,0.427,0.11083,-0.15478,0.98437,28.55
$IMU,234.763,0.183,0.061,0.488,0.11279,-0.15332,0.98583,28.55
$IMU,234.765,0.488,-0.122,0.610,0.10742,-0.15234,0.98681,28.60
$MAG,234.766,-0.351,0.178,-0.871,27.7
$IMU,234.768,0.671,-0.366,0.610,0.10644,-0.15380,0.98779,28.60
$IMU,234.770,0.671,-0.244,0.610,0.10595,-0.15283,0.99072,28.60
$IMU,234.773,0.610,-0.305,0.549,0.10742,-0.15429,0.99609,28.60
$IMU,234.775,0.549,-0.366,0.549,0.10693,-0.15380,0.99658,28.60
$MAG,234.776,-0.343,0.177,-0.870,27.8
$IMU,234.777,0.427,-0.366,0.549,0.10986,-0.15429,1.00097,28.60
$IMU,234.780,0.244,-0.427,0.610,0.10937,-0.15332,1.00000,28.60
$IMU,234.782,-0.183,0.000,0.549,0.11035,-0.15185,1.00000,28.60
$IMU,234.784,-0.305,0.122,0.549,0.11132,-0.15380,1.00097,28.59
$BARO,234.786,86418.02,28.76
$MAG,234.786,-0.352,0.183,-0.874,27.8
$IMU,234.787,-0.549,0.244,0.549,0.11230,-0.15625,1.00048,28.59
$IMU,234.789,-0.549,0.549,0.610,0.10937,-0.15527,0.99707,28.59
$IMU,234.791,-0.549,0.671,0.610,0.11083,-0.15380,0.99267,28.59
$IMU,234.794,-0.244,0.305,0.488,0.10839,-0.15576,0.99414,28.59
$MAG,234.796,-0.348,0.180,-0.880,27.7
$IMU,234.796,-0.244,0.244,0.549,0.10986,-0.15478,0.99316,28.59
$IMU,234.798,-0.305,0.488,0.488,0.11132,-0.15234,0.99316,28.59
$IMU,234.801,-0.244,0.427,0.427,0.11132,-0.14941,0.99365,28.59
$IMU,234.803,-0.305,0.183,0.366,0.11132,-0.14941,0.99609,28.60
$IMU,234.805,-0.366,0.122,0.427,0.11230,-0.14746,0.99804,28.60
$MAG,234.806,-0.345,0.169,-0.871,27.7
$IMU,234.808,-0.549,0.244,0.366,0.10986,-0.15087,0.99414,28.60
$IMU,234.810,-0.732,0.305,0.366,0.10742,-0.15527,0.99218,28.60
$IMU,234.812,-0.915,0.427,0.305,0.11083,-0.14794,0.99218,28.60
$IMU,234.815,-1.037,0.427,0.305,0.10986,-0.15136,0.99462,28.60
$MAG,234.816,-0.346,0.177,-0.867,27.7
$IMU,234.817,-1.098,0.305,0.244,0.10693,-0.14794,0.99072,28.60
$IMU,234.819,-1.220,0.488,0.366,0.11181,-0.15039,0.99267,28.60
$IMU,234.822,-1.342,0.488,0.305,0.10742,-0.14892,0.98730,28.64
$IMU,234.824,-1.342,0.549,0.244,0.10693,-0.15185,0.98779,28.64
$MAG,234.826,-0.348,0.180,-0.879,27.7
$IMU,234.826,-1.281,0.793,0.305,0.11279,-0.14892,0.98486,28.64
$IMU,234.829,-0.854,0.549,0.427,0.11132,-0.15234,0.98291,28.64
$IMU,234.831,-0.427,0.366,0.488,0.10791,-0.15039,0.98193,28.64
$IMU,234.834,-0.244,0.427,0.488,0.10791,-0.14941,0.97900,28.64
$MAG,234.836,-0.346,0.177,-0.870,27.8
$IMU,234.836,0.000,0.244,0.549,0.11181,-0.15039,0.98339,28.64
$IMU,234.838,0.061,0.305,0.671,0.11132,-0.14941,0.98583,28.64
$IMU,234.841,0.000,0.427,0.732,0.11083,-0.14892,0.98486,28.60
$IMU,234.843,0.061,0.061,0.793,0.10742,-0.14794,0.98876,28.60
$IMU,234.845,0.000,0.000,0.915,0.10937,-0.14697,0.98876,28.60
$MAG,234.846,-0.357,0.180,-0.876,27.7
$IMU,234.848,-0.122,0.122,0.915,0.10742,-0.14648,0.99121,28.60
$IMU,234.850,-0.244,0.183,0.854,0.10595,-0.15136,0.99316,28.60
$IMU,234.852,-0.366,0.244,0.793,0.10791,-0.14794,0.99267,28.60
$IMU,234.855,-0.305,0.183,0.793,0.10498,-0.14746,0.99023,28.60
$MAG,234.856,-0.343,0.181,-0.871,28.0
$IMU,234.857,-0.244,0.061,0.732,0.10400,-0.14941,0.99023,28.60
$IMU,234.859,-0.366,-0.183,0.793,0.10791,-0.14843,0.98876,28.60
$IMU,234.862,-0.549,0.000,0.854,0.10595,-0.14843,0.98876,28.60
$IMU,234.864,-0.610,0.000,0.854,0.10693,-0.14941,0.99023,28.60
$MAG,234.866,-0.339,0.187,-0.874,27.8
$IMU,234.866,-0.671,-0.122,0.793,0.10742,-0.14941,0.99023,28.60
$IMU,234.869,-0.793,-0.244,0.793,0.10595,-0.14404,0.99218,28.60
$IMU,234.871,-0.854,-0.244,0.610,0.10644,-0.14453,0.99609,28.60
$IMU,234.873,-0.915,-0.183,0.427,0.10546,-0.14550,0.99365,28.60
$MAG,234.876,-0.351,0.180,-0.874,27.7
$IMU,234.876,-1.037,0.000,0.366,0.10937,-0.15039,0.99365,28.60
$IMU,234.878,-0.976,0.061,0.305,0.10546,-0.14843,0.98974,28.62
$IMU,234.880,-0.793,-0.244,0.244,0.10986,-0.15039,0.98974,28.62
$IMU,234.883,-0.976,-0.183,0.244,0.11132,-0.15283,0.99316,28.62
$IMU,234.885,-1.159,0.000,0.183,0.10986,-0.15234,0.98779,28.62
$BARO,234.887,86406.59,28.76
$MAG,234.887,-0.349,0.184,-0.877,28.1
$IMU,234.887,-1.220,0.061,0.183,0.11132,-0.15087,0.98925,28.62
$IMU,234.890,-1.281,0.183,0.122,0.11376,-0.14990,0.98583,28.62
$IMU,234.892,-1.159,0.244,0.122,0.11425,-0.15283,0.98583,28.62
$IMU,234.895,-0.976,0.183,0.244,0.11230,-0.15429,0.98437,28.62
$MAG,234.897,-0.340,0.172,-0.873,27.8
$IMU,234.897,-0.671,0.061,0.305,0.10937,-0.15136,0.98437,28.58
$IMU,234.899,-0.366,0.061,0.427,0.11132,-0.15136,0.98046,28.58
$IMU,234.902,-0.244,0.122,0.366,0.11279,-0.15136,0.98144,28.58
$IMU,234.904,-0.244,0.122,0.427,0.11230,-0.14892,0.98339,28.58
$IMU,234.906,-0.244,0.061,0.549,0.11865,-0.14794,0.98583,28.58
$MAG,234.907,-0.342,0.178,-0.868,27.8
$IMU,234.909,-0.244,-0.061,0.610,0.11474,-0.14990,0.98974,28.58
$IMU,234.911,-0.183,-0.305,0.732,0.12304,-0.14746,0.99121,28.58
$IMU,234.913,-0.305,-0.183,0.854,0.11914,-0.15283,0.99169,28.58
$IMU,234.916,-0.488,0.305,1.037,0.11767,-0.15234,0.99316,28.57
$MAG,234.917,-0.348,0.189,-0.868,27.7
$IMU,234.918,-0.366,0.183,1.159,0.11718,-0.14843,0.99414,28.57
$IMU,234.920,-0.244,0.305,1.159,0.11523,-0.15039,0.99121,28.57
$IMU,234.923,-0.183,0.366,1.342,0.11523,-0.15429,0.99072,28.57
$IMU,234.925,-0.122,0.366,1.464,0.11572,-0.14941,0.99316,28.57
$MAG,234.927,-0.349,0.190,-0.865,27.8
$IMU,234.927,-0.183,0.305,1.586,0.11474,-0.15234,0.99414,28.57
$IMU,234.930,-0.305,0.549,1.708,0.11425,-0.15185,0.99414,28.57
$IMU,234.932,-0.183,0.488,1.770,0.10986,-0.15380,0.99511,28.57
$IMU,234.934,-0.366,0.488,1.770,0.11474,-0.15478,0.99462,28.59
$MAG,234.937,-0.345,0.183,-0.874,27.8
$IMU,234.937,-0.549,0.549,1.708,0.11328,-0.15087,0.99462,28.59
$IMU,234.939,-0.488,0.549,1.770,0.11230,-0.15234,0.99462,28.59
$IMU,234.941,-0.671,0.671,1.770,0.10986,-0.15673,0.99462,28.59
$IMU,234.944,-0.854,0.793,1.831,0.10986,-0.15185,0.99316,28.59
$IMU,234.946,-0.793,0.732,1.953,0.10742,-0.15527,0.99072,28.59
$MAG,234.947,-0.337,0.178,-0.877,28.1
$IMU,234.948,-0.732,0.610,2.014,0.10986,-0.15234,0.99267,28.59
$IMU,234.951,-0.915,0.793,2.075,0.11132,-0.15429,0.99023,28.59
$IMU,234.953,-0.793,0.610,2.258,0.11230,-0.15234,0.98925,28.63
$IMU,234.955,-0.854,0.488,2.197,0.10937,-0.15087,0.99267,28.63
$MAG,234.957,-0.342,0.183,-0.873,27.7
$IMU,234.958,-0.854,0.244,2.197,0.10693,-0.14648,0.99169,28.63
$IMU,234.960,-0.854,0.305,1.953,0.10498,-0.14892,0.99462,28.63
$IMU,234.963,-0.976,0.366,1.892,0.10009,-0.15039,0.99511,28.63
$IMU,234.965,-0.915,0.305,1.586,0.09814,-0.15087,0.99658,28.63
$MAG,234.967,-0.351,0.175,-0.871,27.7
$IMU,234.967,-0.915,0.488,1.281,0.10058,-0.14746,0.99951,28.63
$IMU,234.970,-0.976,0.366,1.281,0.10156,-0.15283,0.99658,28.63
$IMU,234.972,-0.915,0.183,1.220,0.09619,-0.15039,0.99609,28.60
$IMU,234.974,-1.220,0.366,0.976,0.09619,-0.15087,0.99902,28.60
$MAG,234.977,-0.348,0.183,-0.877,27.7
$IMU,234.977,-1.525,0.549,0.854,0.09716,-0.15136,0.99853,28.60
$IMU,234.979,-1.831,0.732,0.793,0.10058,-0.15332,0.99462,28.60
$IMU,234.981,-1.831,0.427,0.732,0.10205,-0.14990,0.98974,28.60
$IMU,234.984,-1.831,0.488,0.732,0.09814,-0.15136,0.99072,28.60
$IMU,234.986,-1.464,0.427,0.732,0.10107,-0.15527,0.98828,28.60
$MAG,234.987,-0.345,0.175,-0.871,28.0
$IMU,234.988,-1.525,0.610,0.610,0.10449,-0.15283,0.98632,28.60
$BARO,234.989,86411.30,28.75
$IMU,234.991,-1.220,0.305,0.610,0.10449,-0.15136,0.98828,28.58
$IMU,234.993,-1.098,0.305,0.610,0.10351,-0.15429,0.98925,28.58
$IMU,234.995,-1.037,0.183,0.610,0.10156,-0.15478,0.98925,28.58
$MAG,234.997,-0.346,0.177,-0.877,27.7
$IMU,234.998,-1.220,0.305,0.549,0.10742,-0.15429,0.98779,28.58
$IMU,235.000,-1.281,0.305,0.549,0.10644,-0.15576,0.99169,28.58
$IMU,235.002,-1.159,0.122,0.488,0.10449,-0.15527,0.98681,28.58
$IMU,235.005,-1.220,0.244,0.488,0.10595,-0.15087,0.98681,28.58
$IMU,235.007,-1.159,0.183,0.366,0.10644,-0.14990,0.98486,28.58
$MAG,235.008,-0.345,0.180,-0.873,27.7
$IMU,235.009,-1.037,0.061,0.366,0.10449,-0.15136,0.98681,28.60
$IMU,235.012,-0.854,-0.122,0.305,0.10839,-0.15380,0.98876,28.60
$IMU,235.014,-0.854,-0.122,0.305,0.10693,-0.15527,0.98925,28.60
$IMU,235.016,-0.793,-0.183,0.244,0.10986,-0.15136,0.98730,28.60
$MAG,235.018,-0.337,0.175,-0.871,27.7
$IMU,235.019,-0.854,-0.061,0.183,0.10937,-0.15625,0.99267,28.60
$IMU,235.021,-0.732,-0.244,0.305,0.10791,-0.15576,0.99267,28.60
$IMU,235.024,-0.549,-0.244,0.244,0.11035,-0.15380,0.99218,28.60
$IMU,235.026,-0.488,-0.305,0.183,0.10888,-0.15673,0.98974,28.60
$MAG,235.028,-0.342,0.180,-0.873,27.8
$IMU,235.028,-0.366,-0.488,0.183,0.11230,-0.15380,0.98974,28.62
$VBAT,235.030,4.148
$IMU,235.031,-0.244,-0.183,0.183,0.11230,-0.15527,0.99023,28.62
$IMU,235.033,-0.183,-0.183,0.122,0.10839,-0.15332,0.98876,28.62
$IMU,235.035,-0.122,-0.427,0.244,0.10986,-0.15283,0.99072,28.62
$MAG,235.038,-0.348,0.184,-0.879,27.8
$IMU,235.038,0.000,-0.488,0.305,0.10986,-0.15429,0.99023,28.62
$IMU,235.040,-0.183,-0.488,0.305,0.10888,-0.15185,0.99023,28.62
$IMU,235.042,-0.305,-0.427,0.366,0.11035,-0.15576,0.98974,28.62
$IMU,235.045,-0.427,-0.366,0.305,0.11035,-0.15332,0.99316,28.62
$IMU,235.047,-0.671,-0.366,0.305,0.10742,-0.15478,0.99414,28.60
$MAG,235.048,-0.342,0.186,-0.871,28.0
$IMU,235.049,-0.793,-0.244,0.305,0.11181,-0.15429,0.99462,28.60
$IMU,235.052,-0.915,0.000,0.305,0.11279,-0.15771,0.99462,28.60
$IMU,235.054,-0.915,0.122,0.427,0.10937,-0.15576,0.99218,28.60
$IMU,235.056,-0.854,0.244,0.427,0.11035,-0.15722,0.98974,28.60
$MAG,235.058,-0.351,0.178,-0.877,27.7
$IMU,235.059,-0.732,0.122,0.488,0.10839,-0.15625,0.99121,28.60
$IMU,235.061,-0.549,-0.122,0.366,0.11132,-0.15332,0.99121,28.60
$IMU,235.063,-0.305,-0.183,0.305,0.11181,-0.15478,0.98974,28.60
$IMU,235.066,-0.183,0.000,0.305,0.10888,-0.15478,0.98925,28.57
$IMU,235.068,-0.244,-0.183,0.366,0.10644,-0.15527,0.98925,28.57
$MAG,235.068,-0.340,0.184,-0.868,27.7
$IMU,235.070,-0.183,-0.122,0.427,0.10839,-0.15625,0.99023,28.57
$IMU,235.073,0.061,-0.183,0.366,0.10839,-0.15332,0.98925,28.57
$IMU,235.075,0.122,-0.305,0.305,0.10791,-0.15185,0.98632,28.57
$IMU,235.077,0.183,-0.244,0.427,0.10742,-0.15478,0.99023,28.57
$MAG,235.078,-0.340,0.184,-0.864,27.7
$IMU,235.080,0.183,-0.122,0.366,0.10595,-0.15576,0.99072,28.57
$IMU,235.082,0.122,-0.244,0.427,0.10791,-0.15576,0.99267,28.57
$IMU,235.085,0.183,-0.366,0.549,0.10839,-0.15332,0.99365,28.59
$IMU,235.087,0.061,-0.305,0.610,0.10839,-0.15576,0.99462,28.59
$MAG,235.088,-0.348,0.183,-0.873,27.8
$IMU,235.089,0.000,-0.366,0.671,0.11035,-0.15771,0.99267,28.59
$BARO,235.090,86420.51,28.76
$IMU,235.092,0.000,-0.244,0.671,0.11035,-0.15673,0.99218,28.59
$IMU,235.094,0.000,0.122,0.793,0.10644,-0.15576,0.99316,28.59
$IMU,235.096,0.000,0.000,0.610,0.10498,-0.15625,0.99560,28.59
$MAG,235.098,-0.339,0.178,-0.871,28.0
$IMU,235.099,0.244,-0.183,0.549,0.10644,-0.15283,0.99316,28.59
$IMU,235.101,0.488,-0.244,0.427,0.10742,-0.15039,0.99365,28.59
$IMU,235.103,0.488,-0.183,0.305,0.10546,-0.15380,0.99121,28.62
$IMU,235.106,0.549,-0.183,0.244,0.10791,-0.15429,0.99218,28.62
$MAG,235.108,-0.351,0.184,-0.877,27.7
$IMU,235.108,0.366,-0.061,0.244,0.10693,-0.15429,0.99218,28.62
$IMU,235.110,0.183,-0.061,0.244,0.10595,-0.15673,0.99267,28.62
$IMU,235.113,0.061,-0.122,0.244,0.10400,-0.15283,0.99365,28.62
$IMU,235.115,-0.122,0.061,0.122,0.10400,-0.15039,0.99414,28.62
$IMU,235.117,-0.366,0.061,0.000,0.10498,-0.14990,0.99316,28.62
$MAG,235.118,-0.345,0.177,-0.882,27.7
$IMU,235.120,-0.549,0.122,0.061,0.10693,-0.14892,0.99462,28.62
$IMU,235.122,-0.671,0.244,0.183,0.10644,-0.15039,0.99072,28.57
$IMU,235.124,-0.671,0.183,0.122,0.10742,-0.15136,0.99365,28.57
$IMU,235.127,-0.671,0.061,0.122,0.10742,-0.15039,0.99218,28.57
$MAG,235.129,-0.348,0.180,-0.868,27.8
$IMU,235.129,-0.732,0.122,0.061,0.10498,-0.15380,0.98974,28.57
$IMU,235.131,-0.671,0.000,0.122,0.10546,-0.15429,0.98925,28.57
$IMU,235.134,-0.427,0.183,0.183,0.10693,-0.15429,0.98291,28.57
$IMU,235.136,-0.122,0.244,0.244,0.10742,-0.15429,0.98095,28.57
$IMU,235.138,0.549,-0.305,0.244,0.10205,-0.15429,0.97851,28.57
$MAG,235.139,-0.348,0.183,-0.874,27.7
$IMU,235.141,0.854,-0.366,0.305,0.10253,-0.15234,0.98193,28.58
$IMU,235.143,1.037,-0.549,0.305,0.10693,-0.15380,0.98681,28.58
$IMU,235.146,0.915,-0.549,0.305,0.11279,-0.15332,0.98974,28.58
$IMU,235.148,0.915,-0.671,0.427,0.11230,-0.15429,0.99316,28.58
$MAG,235.149,-0.345,0.181,-0.868,27.7
$IMU,235.150,0.732,-0.610,0.488,0.10791,-0.15429,0.99365,28.58
$IMU,235.153,0.671,-0.671,0.549,0.10498,-0.15332,0.99609,28.58
$IMU,235.155,0.244,-0.244,0.549,0.10986,-0.15332,0.99853,28.58
$IMU,235.157,0.000,-0.061,0.549,0.10595,-0.15380,0.99560,28.58
$MAG,235.159,-0.343,0.178,-0.879,27.8
$IMU,235.160,-0.183,0.244,0.488,0.10839,-0.15625,0.99462,28.57
$IMU,235.162,-0.244,0.061,0.610,0.10693,-0.15478,0.99414,28.57
$IMU,235.164,-0.305,0.061,0.549,0.10693,-0.15429,0.99023,28.57
$IMU,235.167,-0.305,0.183,0.549,0.10400,-0.15039,0.99267,28.57
$IMU,235.169,-0.183,0.061,0.366,0.10058,-0.15087,0.99072,28.57
$MAG,235.169,-0.340,0.186,-0.876,27.7
$IMU,235.171,-0.183,0.061,0.305,0.10351,-0.15283,0.98779,28.57
$IMU,235.174,-0.183,-0.061,0.244,0.10302,-0.15429,0.98876,28.57
$IMU,235.176,-0.183,-0.183,0.183,0.10546,-0.15234,0.98828,28.57
$IMU,235.178,-0.183,-0.061,0.183,0.10644,-0.15380,0.98779,28.60
$MAG,235.179,-0.337,0.181,-0.877,28.0
$IMU,235.181,-0.183,-0.122,0.244,0.10449,-0.15087,0.98925,28.60
$IMU,235.183,-0.305,-0.183,0.244,0.10888,-0.15722,0.98730,28.60
$IMU,235.185,-0.244,-0.183,0.244,0.11230,-0.15673,0.98828,28.60
$IMU,235.188,-0.061,0.000,0.183,0.10644,-0.15673,0.98583,28.60
$MAG,235.189,-0.343,0.183,-0.880,28.0
$IMU,235.190,-0.061,-0.122,0.305,0.10937,-0.15332,0.98486,28.60
$BARO,235.192,86414.12,28.75
$IMU,235.192,0.183,-0.244,0.244,0.10546,-0.15673,0.98535,28.60
$IMU,235.195,0.427,-0.122,0.366,0.10498,-0.15283,0.99121,28.60
$IMU,235.197,0.366,-0.305,0.366,0.10839,-0.15625,0.99072,28.59
$MAG,235.199,-0.345,0.177,-0.874,27.8
$IMU,235.199,0.427,-0.366,0.488,0.11279,-0.15332,0.99316,28.59
$IMU,235.202,0.305,-0.305,0.610,0.11083,-0.15380,0.99707,28.59
$IMU,235.204,0.122,-0.305,0.671,0.10791,-0.15185,0.99609,28.59
$IMU,235.207,-0.061,-0.122,0.671,0.11132,-0.15478,0.99462,28.59
$MAG,235.209,-0.343,0.177,-0.874,27.7
$IMU,235.209,-0.061,0.244,0.610,0.11181,-0.15625,0.99658,28.59
$IMU,235.211,0.122,0.183,0.610,0.10888,-0.15478,0.99267,28.59
$IMU,235.214,0.366,0.244,0.671,0.11083,-0.15136,0.99169,28.59
$IMU,235.216,0.549,0.183,0.671,0.11279,-0.15576,0.98828,28.62
$IMU,235.218,0.915,-0.122,0.671,0.10937,-0.15478,0.98925,28.62
$MAG,235.219,-0.345,0.180,-0.874,27.7
$IMU,235.221,0.976,-0.183,0.610,0.11035,-0.15478,0.99316,28.62
$IMU,235.223,1.037,-0.305,0.732,0.11328,-0.15234,0.99365,28.62
$IMU,235.225,0.915,-0.244,0.732,0.11083,-0.15136,0.99316,28.62
$IMU,235.228,0.854,-0.366,0.793,0.11035,-0.15234,0.99658,28.62
$MAG,235.229,-0.345,0.178,-0.873,27.8
$IMU,235.230,0.732,-0.366,0.793,0.11083,-0.15185,0.99755,28.62
$IMU,235.232,0.610,-0.305,0.793,0.11132,-0.15673,0.99804,28.62
$IMU,235.235,0.366,-0.061,0.793,0.11083,-0.15673,0.99853,28.59
$IMU,235.237,0.122,0.305,0.793,0.10742,-0.15869,0.99316,28.59
$MAG,235.239,-0.342,0.190,-0.867,28.1
$IMU,235.239,0.122,0.183,0.854,0.10986,-0.16210,0.99560,28.59
$IMU,235.242,-0.061,0.488,0.915,0.10644,-0.15625,0.99707,28.59
$IMU,235.244,-0.244,0.488,0.976,0.10546,-0.15380,0.99462,28.59
$IMU,235.246,-0.183,0.305,0.915,0.10937,-0.14892,0.99365,28.59
$MAG,235.249,-0.340,0.183,-0.871,27.7
$IMU,235.249,-0.366,0.366,0.976,0.10693,-0.14501,0.99316,28.59
$IMU,235.251,-0.488,0.488,0.854,0.10791,-0.15185,0.99169,28.59
$IMU,235.253,-0.610,0.488,0.915,0.10937,-0.15332,0.98828,28.58
$IMU,235.256,-0.549,0.061,0.854,0.10839,-0.15722,0.99121,28.58
$IMU,235.258,-0.732,0.244,0.976,0.11328,-0.15771,0.99121,28.58
$MAG,235.260,-0.352,0.183,-0.880,27.6
$IMU,235.260,-0.854,0.610,1.159,0.11474,-0.15332,0.98925,28.58
$IMU,235.263,-0.854,0.671,1.342,0.11474,-0.14843,0.98974,28.58
$IMU,235.265,-1.220,0.854,1.342,0.11328,-0.15039,0.99218,28.58
$IMU,235.268,-1.281,0.915,1.342,0.11035,-0.15136,0.99414,28.58
$MAG,235.270,-0.349,0.181,-0.874,27.7
$IMU,235.270,-1.342,0.976,1.403,0.11572,-0.15332,0.99316,28.58
$IMU,235.272,-1.464,1.037,1.831,0.10937,-0.15380,0.98583,28.58
$IMU,235.275,-1.220,1.098,1.647,0.10400,-0.15185,0.99023,28.58
$IMU,235.277,-1.159,1.159,1.464,0.10742,-0.15087,0.99023,28.58
$IMU,235.279,-0.854,0.915,1.342,0.10156,-0.15234,0.98779,28.58
$MAG,235.280,-0.343,0.177,-0.868,27.7
$IMU,235.282,-0.793,0.976,1.220,0.10302,-0.14941,0.98925,28.58
$IMU,235.284,-0.732,0.854,1.220,0.10644,-0.15527,0.98437,28.58
$IMU,235.286,-0.732,0.732,1.342,0.11035,-0.15332,0.98437,28.58
$IMU,235.289,-0.732,0.732,1.525,0.11328,-0.15087,0.98437,28.58
$MAG,235.290,-0.339,0.180,-0.871,27.7
$IMU,235.291,-0.793,0.732,1.647,0.11181,-0.15087,0.98925,28.60
$BARO,235.293,86420.31,28.75
$IMU,235.293,-0.732,0.488,1.708,0.10791,-0.15234,0.98730,28.60
$IMU,235.296,-0.610,0.549,1.586,0.10302,-0.16015,0.98535,28.60
$IMU,235.298,-0.244,0.488,1.403,0.10107,-0.15771,0.98339,28.60
$MAG,235.300,-0.340,0.172,-0.874,27.7
$IMU,235.300,0.183,0.305,1.342,0.10253,-0.15283,0.98437,28.60
$IMU,235.303,0.732,0.122,1.281,0.10546,-0.15478,0.98632,28.60
$IMU,235.305,0.976,-0.061,1.281,0.10888,-0.15185,0.98632,28.60
$IMU,235.307,1.281,-0.366,1.403,0.10937,-0.15576,0.98974,28.60
$MAG,235.310,-0.342,0.186,-0.874,27.8
$IMU,235.310,1.281,-0.366,1.342,0.10888,-0.15234,0.99023,28.56
$IMU,235.312,1.220,-0.183,1.464,0.10791,-0.15869,0.99169,28.56
$IMU,235.314,1.220,-0.122,1.464,0.11035,-0.15673,0.99121,28.56
$IMU,235.317,1.525,-0.183,1.464,0.10986,-0.15771,0.98486,28.56
$IMU,235.319,1.770,-0.183,1.525,0.10937,-0.15625,0.98779,28.56
$MAG,235.320,-0.346,0.175,-0.874,27.7
$IMU,235.321,1.708,-0.366,1.464,0.10546,-0.15380,0.99267,28.56
$IMU,235.324,1.464,-0.549,1.525,0.10449,-0.15234,0.99511,28.56
$IMU,235.326,1.403,-0.427,1.464,0.10644,-0.15283,0.99511,28.56
$IMU,235.329,1.159,-0.183,1.342,0.10742,-0.15332,0.99560,28.60
$MAG,235.330,-0.343,0.168,-0.876,27.8
$IMU,235.331,1.037,-0.244,1.281,0.10449,-0.15380,0.99658,28.60
$IMU,235.333,1.037,-0.183,1.281,0.10546,-0.15478,0.99707,28.60
$IMU,235.336,0.854,-0.061,1.281,0.10693,-0.15380,0.99365,28.60
$IMU,235.338,0.732,0.061,1.281,0.10791,-0.15625,0.99023,28.60
$MAG,235.340,-0.333,0.178,-0.874,28.0
$IMU,235.340,0.671,0.061,1.281,0.10839,-0.15625,0.99218,28.60
$HUM,235.341,35.2,29.2
$IMU,235.343,0.793,-0.061,1.403,0.10693,-0.15625,0.98974,28.60
$IMU,235.345,0.793,0.000,1.403,0.10937,-0.15673,0.98779,28.60
$IMU,235.347,0.793,-0.244,1.464,0.10742,-0.15234,0.98828,28.58
$MAG,235.350,-0.337,0.172,-0.874,28.0
$IMU,235.350,0.671,-0.244,1.586,0.10742,-0.14746,0.98876,28.58
$IMU,235.352,0.610,-0.122,1.525,0.10986,-0.14892,0.98779,28.58
$IMU,235.354,0.610,-0.366,1.342,0.10693,-0.14892,0.99072,28.58
$IMU,235.357,0.549,-0.366,1.342,0.10742,-0.14990,0.99267,28.58
$IMU,235.359,0.488,-0.549,1.342,0.10986,-0.15185,0.99218,28.58
$MAG,235.360,-0.343,0.181,-0.871,27.7
$IMU,235.361,0.427,-0.488,1.281,0.11181,-0.15332,0.99169,28.58
$IMU,235.364,0.305,-0.183,1.342,0.11181,-0.15039,0.99072,28.58
$IMU,235.366,0.366,-0.366,1.220,0.10937,-0.14990,0.99218,28.59
$IMU,235.368,0.488,-0.427,1.220,0.11132,-0.14404,0.99414,28.59
$MAG,235.370,-0.343,0.180,-0.871,27.8
$IMU,235.371,0.488,-0.366,1.281,0.11474,-0.14941,0.99169,28.59
$IMU,235.373,0.549,-0.305,1.281,0.10986,-0.14843,0.99169,28.59
$IMU,235.375,0.671,-0.183,1.159,0.11035,-0.14697,0.98974,28.59
$IMU,235.378,0.915,-0.366,1.159,0.11083,-0.15136,0.98828,28.59
$IMU,235.380,1.159,-0.244,1.098,0.10986,-0.15429,0.98828,28.59
$MAG,235.381,-0.340,0.184,-0.885,27.8
$IMU,235.382,1.403,-0.427,1.098,0.10791,-0.15234,0.98779,28.59
$IMU,235.385,1.525,-0.427,1.159,0.10742,-0.15283,0.98974,28.60
$IMU,235.387,1.770,-0.671,1.220,0.10986,-0.15429,0.99023,28.60
$IMU,235.389,1.892,-0.732,1.403,0.10986,-0.15234,0.98876,28.60
$MAG,235.391,-0.339,0.181,-0.874,28.1
$IMU,235.392,2.075,-0.793,1.281,0.10791,-0.14990,0.99414,28.60
$IMU,235.394,2.014,-0.915,1.281,0.10693,-0.15136,0.99365,28.60
$BARO,235.395,86422.19,28.75
$IMU,235.397,1.831,-0.671,1.220,0.10742,-0.15136,0.99658,28.60
$IMU,235.399,1.892,-0.915,1.220,0.10302,-0.14990,0.99511,28.60
$MAG,235.401,-0.346,0.186,-0.870,27.8
$IMU,235.401,1.892,-0.915,1.159,0.10205,-0.14990,0.99316,28.60
$IMU,235.404,1.892,-0.793,1.098,0.10546,-0.15087,0.99560,28.58
$IMU,235.406,1.831,-0.793,1.220,0.10644,-0.15380,0.99267,28.58
$IMU,235.408,1.892,-0.976,1.403,0.10791,-0.15820,0.99267,28.58
$MAG,235.411,-0.343,0.181,-0.874,27.8
$IMU,235.411,2.014,-1.098,1.342,0.10253,-0.15478,0.99218,28.58
$IMU,235.413,1.953,-1.159,1.403,0.10498,-0.15234,0.99462,28.58
$IMU,235.415,1.892,-1.037,1.342,0.10546,-0.15283,0.99707,28.58
$IMU,235.418,1.770,-1.037,1.342,0.10742,-0.15429,0.99902,28.58
$IMU,235.420,1.586,-1.098,1.525,0.10839,-0.15136,0.99804,28.58
$MAG,235.421,-0.339,0.180,-0.876,28.0
$IMU,235.422,1.464,-0.976,1.525,0.10644,-0.15136,0.99658,28.60
$IMU,235.425,1.464,-0.793,1.464,0.10839,-0.14843,0.99853,28.60
$IMU,235.427,1.708,-1.037,1.525,0.11132,-0.15332,0.99853,28.60
$IMU,235.429,2.136,-1.159,1.708,0.11328,-0.15527,0.99658,28.60
$MAG,235.431,-0.333,0.186,-0.871,28.1
$IMU,235.432,2.502,-0.976,1.831,0.10546,-0.15625,0.99169,28.60
$IMU,235.434,2.807,-0.854,1.708,0.10253,-0.15771,0.99462,28.60
$IMU,235.436,3.051,-0.854,1.770,0.10302,-0.15380,0.99853,28.60
$IMU,235.439,3.051,-0.549,2.014,0.10644,-0.15625,0.99414,28.60
$MAG,235.441,-0.343,0.181,-0.876,27.8
$IMU,235.441,3.234,-0.549,2.136,0.10888,-0.15722,0.99365,28.64
$IMU,235.443,3.479,-0.549,2.258,0.10644,-0.15625,0.99267,28.64
$IMU,235.446,3.356,-0.061,2.441,0.10742,-0.15625,0.99121,28.64
$IMU,235.448,3.356,0.061,2.624,0.10644,-0.15527,0.99169,28.64
$IMU,235.450,3.723,-0.122,2.929,0.10400,-0.15722,0.99169,28.64
$MAG,235.451,-0.340,0.177,-0.876,27.8
$IMU,235.453,4.150,-0.305,3.295,0.09570,-0.16357,0.99072,28.64
$IMU,235.455,4.638,-0.183,3.417,0.09521,-0.16992,0.99707,28.64
$IMU,235.458,5.187,-0.366,3.540,0.09277,-0.16650,1.00292,28.64
$IMU,235.460,5.432,-0.488,3.601,0.09423,-0.16162,1.00341,28.62
$MAG,235.461,-0.351,0.175,-0.871,28.1
$IMU,235.462,5.554,-0.671,3.662,0.09863,-0.15625,1.00634,28.62
$IMU,235.465,5.737,-0.976,3.662,0.09960,-0.15527,1.01025,28.62
$IMU,235.467,6.042,-1.403,3.784,0.10546,-0.15673,1.01220,28.62
$IMU,235.469,5.920,-1.037,3.967,0.10644,-0.15527,1.00781,28.62
$MAG,235.471,-0.349,0.168,-0.867,27.8
$IMU,235.472,5.859,-1.037,3.967,0.11132,-0.15722,1.00439,28.62
$IMU,235.474,5.859,-0.976,4.089,0.11181,-0.15234,1.00488,28.62
$IMU,235.476,5.737,-0.915,4.211,0.10791,-0.14355,1.00048,28.62
$IMU,235.479,5.615,-1.220,4.150,0.10546,-0.14648,1.00048,28.60
$MAG,235.481,-0.340,0.171,-0.868,27.7
$IMU,235.481,5.432,-1.403,4.455,0.10693,-0.14892,0.99609,28.60
$IMU,235.483,5.493,-1.708,4.699,0.11083,-0.14648,0.99560,28.60
$IMU,235.486,5.249,-1.831,4.943,0.10888,-0.15039,0.99755,28.60
$IMU,235.488,4.943,-1.708,5.126,0.10644,-0.14746,1.00195,28.60
$IMU,235.490,4.882,-2.014,5.371,0.10449,-0.14941,1.00927,28.60
$MAG,235.491,-0.342,0.178,-0.876,28.1
$IMU,235.493,4.699,-2.075,5.554,0.10351,-0.14599,1.01513,28.60
$IMU,235.495,4.394,-2.075,5.615,0.10449,-0.14160,1.02099,28.60
$BARO,235.496,86414.51,28.75
$IMU,235.497,4.089,-2.014,5.859,0.10644,-0.14404,1.02587,28.60
$IMU,235.500,3.784,-1.220,5.920,0.10888,-0.14062,1.02880,28.60
$MAG,235.502,-0.345,0.178,-0.877,27.8
$IMU,235.502,3.356,-0.244,5.920,0.11035,-0.14062,1.02441,28.60
$IMU,235.504,2.990,0.305,5.676,0.10986,-0.14257,1.02587,28.60
$IMU,235.507,3.173,0.427,5.737,0.11425,-0.14794,1.02246,28.60
$IMU,235.509,2.685,1.220,5.859,0.11767,-0.13818,1.03125,28.60
$IMU,235.511,2.380,1.525,6.042,0.11669,-0.14013,1.03076,28.60
$MAG,235.512,-0.339,0.174,-0.873,27.7
$IMU,235.514,2.014,1.708,6.103,0.11572,-0.14111,1.03320,28.60
$IMU,235.516,1.953,2.319,6.164,0.12255,-0.14160,1.03857,28.64
$IMU,235.519,2.075,2.990,6.225,0.12548,-0.13623,1.03955,28.64
$IMU,235.521,2.502,3.173,6.347,0.11328,-0.14404,1.03027,28.64
$MAG,235.522,-0.340,0.180,-0.868,28.1
$IMU,235.523,3.234,3.845,6.164,0.10742,-0.14501,1.04296,28.64
$IMU,235.526,3.112,4.943,5.737,0.11035,-0.14697,1.04980,28.64
$IMU,235.528,2.624,5.920,5.371,0.10400,-0.14355,1.04541,28.64
$IMU,235.530,2.563,6.103,5.065,0.10009,-0.15136,1.04150,28.64
$MAG,235.532,-0.339,0.174,-0.874,28.0
$IMU,235.533,2.563,6.774,4.821,0.09570,-0.15234,1.03662,28.64
$IMU,235.535,2.746,6.774,4.638,0.09423,-0.14892,1.04003,28.64
$IMU,235.537,3.112,6.652,4.516,0.08154,-0.15917,1.00927,28.64
$IMU,235.540,5.371,6.713,4.028,0.07812,-0.16650,1.00585,28.64
$MAG,235.542,-0.340,0.174,-0.883,27.8
$IMU,235.542,6.958,6.713,3.845,0.08691,-0.14648,1.03076,28.64
$IMU,235.544,6.591,6.896,3.784,0.09765,-0.12744,1.06787,28.64
$IMU,235.547,5.554,7.812,3.295,0.09277,-0.14208,1.05322,28.64
$IMU,235.549,5.371,8.728,2.624,0.10595,-0.16064,1.02783,28.64
$IMU,235.551,5.432,9.582,2.746,0.11523,-0.14990,1.01855,28.64
$MAG,235.552,-0.339,0.172,-0.874,27.7
$IMU,235.554,4.821,9.826,2.929,0.11181,-0.12744,1.00244,28.63
$IMU,235.556,5.981,8.117,2.929,0.10644,-0.12988,1.00732,28.63
$IMU,235.558,7.873,7.446,3.173,0.08935,-0.14941,0.99853,28.63
$IMU,235.561,11.596,6.591,3.173,0.06591,-0.18115,0.93701,28.63
$MAG,235.562,-0.337,0.172,-0.874,27.7
$IMU,235.563,18.127,4.272,2.685,0.05078,-0.20996,0.89111,28.63
$IMU,235.565,24.719,2.075,2.258,0.04150,-0.21044,0.85839,28.63
$IMU,235.568,32.226,-1.708,1.525,0.03271,-0.19140,0.86132,28.63
$IMU,235.570,34.912,-4.333,0.305,0.03613,-0.10351,0.93847,28.63
$MAG,235.572,-0.334,0.171,-0.876,27.7
$IMU,235.572,38.085,-7.690,-1.098,0.05371,-0.16406,0.85498,28.63
$IMU,235.575,43.457,-11.169,-1.770,0.07177,-0.12304,0.94580,28.63
$IMU,235.577,47.485,-13.549,-1.831,0.07226,-0.16748,0.85498,28.63
$IMU,235.580,52.978,-16.784,-1.770,0.07177,-0.09228,1.00390,28.63
$MAG,235.582,-0.340,0.169,-0.880,28.0
$IMU,235.582,52.734,-16.662,-2.319,0.07031,-0.10595,0.96191,28.63
$IMU,235.584,53.161,-17.639,-2.929,0.08837,-0.08056,1.04736,28.63
$IMU,235.587,51.147,-17.089,-3.234,0.10351,-0.10400,1.04394,28.63
$IMU,235.589,47.973,-15.502,-3.234,0.11083,-0.07519,1.10156,28.63
$IMU,235.591,45.227,-13.549,-3.173,0.11474,-0.09228,1.07666,28.58
$MAG,235.592,-0.337,0.165,-0.882,28.0
$IMU,235.594,42.480,-12.084,-2.990,0.12207,-0.07275,1.13232,28.58
$IMU,235.596,38.940,-9.094,-2.685,0.11816,-0.09277,1.08642,28.58
$BARO,235.597,86413.37,28.75
$IMU,235.598,38.208,-7.873,-2.380,0.11328,-0.12060,1.04394,28.58
$IMU,235.601,36.010,-6.286,-2.197,0.10449,-0.07373,1.08154,28.58
$MAG,235.602,-0.340,0.165,-0.885,27.8
$IMU,235.603,33.081,-4.455,-2.075,0.09863,-0.08007,1.06787,28.58
$IMU,235.605,31.311,-3.173,-2.258,0.09082,-0.09863,1.02929,28.58
$IMU,235.608,30.578,-3.234,-2.197,0.09375,-0.11425,0.99365,28.58
$IMU,235.610,30.578,-3.479,-1.464,0.08447,-0.09814,1.01611,28.58
$MAG,235.612,-0.349,0.162,-0.888,28.1
$IMU,235.612,28.137,-2.502,-1.464,0.07714,-0.06835,1.02734,28.58
$IMU,235.615,26.306,-1.953,-1.831,0.07080,-0.07275,1.00195,28.58
$IMU,235.617,24.719,-1.586,-2.441,0.06884,-0.08496,0.98437,28.58
$IMU,235.619,25.268,-1.831,-2.807,0.05957,-0.09521,0.95263,28.58
$MAG,235.622,-0.349,0.157,-0.891,27.8
$IMU,235.622,26.855,-2.502,-3.234,0.06640,-0.09912,0.95703,28.58
$IMU,235.624,26.733,-3.234,-3.417,0.05859,-0.09130,0.97119,28.58
$IMU,235.626,25.512,-2.868,-4.089,0.06689,-0.07275,0.96386,28.58
$IMU,235.629,24.597,-3.234,-4.455,0.07763,-0.08642,0.95898,28.59
$IMU,235.631,23.986,-4.089,-4.333,0.07763,-0.08740,0.97851,28.59
$MAG,235.633,-0.339,0.150,-0.892,27.7
$IMU,235.633,23.132,-4.516,-3.723,0.11376,-0.10107,1.00683,28.59
$IMU,235.636,19.592,-3.601,-2.746,0.12792,-0.09277,0.98339,28.59
$IMU,235.638,19.409,-3.356,-1.831,0.11474,-0.09570,0.95458,28.59
$IMU,235.641,19.409,-3.112,-1.403,0.12255,-0.08837,0.96484,28.59
$MAG,235.643,-0.337,0.156,-0.889,27.8
$IMU,235.643,16.662,-3.112,-0.427,0.12011,-0.07812,0.97216,28.59
$IMU,235.645,15.930,-4.455,1.464,0.11767,-0.06103,1.00195,28.59
$IMU,235.648,14.221,-4.516,2.380,0.12207,-0.04541,1.01171,28.58
$IMU,235.650,10.253,-2.807,2.075,0.13134,-0.04394,1.00000,28.58
$IMU,235.652,6.835,-2.014,2.136,0.12890,-0.05175,1.00537,28.58
$MAG,235.653,-0.336,0.151,-0.886,28.0
$IMU,235.655,4.760,-0.976,2.746,0.12207,-0.07421,0.96582,28.58
$IMU,235.657,2.624,0.854,3.173,0.13623,-0.09472,0.94091,28.58
$IMU,235.659,1.464,0.793,5.615,0.13427,-0.09667,0.94775,28.58
$IMU,235.662,0.183,1.159,9.155,0.14306,-0.09912,0.96044,28.58
$MAG,235.663,-0.343,0.148,-0.885,28.0
$IMU,235.664,-1.342,1.831,11.108,0.15136,-0.10009,0.94287,28.58
$IMU,235.666,-3.540,3.479,12.084,0.12792,-0.10205,0.91357,28.57
$IMU,235.669,-4.699,4.577,13.244,0.11230,-0.11572,0.88867,28.57
$IMU,235.671,-7.141,6.042,14.892,0.09716,-0.09960,0.90039,28.57
$MAG,235.673,-0.342,0.151,-0.889,28.0
$IMU,235.673,-8.666,6.713,16.418,0.09423,-0.09912,0.92285,28.57
$IMU,235.676,-12.207,7.629,16.601,0.08056,-0.09082,0.91357,28.57
$IMU,235.678,-19.897,12.390,17.089,0.05224,-0.08300,0.91650,28.57
$IMU,235.680,-27.099,18.005,18.371,0.03564,-0.09570,0.91650,28.57
$MAG,235.683,-0.342,0.150,-0.889,27.7
$IMU,235.683,-34.362,24.353,19.653,0.02490,-0.10156,0.92333,28.57
$IMU,235.685,-41.137,31.127,20.385,0.01660,-0.09326,0.94873,28.61
$IMU,235.687,-46.691,37.353,20.690,0.00976,-0.08496,0.96777,28.61
$IMU,235.690,-51.696,44.677,21.057,0.00097,-0.08300,0.99316,28.61
$IMU,235.692,-54.809,51.696,21.301,-0.00244,-0.07031,1.02197,28.61
$MAG,235.693,-0.339,0.150,-0.883,27.7
$IMU,235.694,-55.358,57.373,21.057,-0.00927,-0.06347,1.06201,28.61
$IMU,235.697,-52.673,60.424,20.080,-0.00878,-0.05371,1.10498,28.61
$BARO,235.699,86413.78,28.75
$IMU,235.699,-47.302,61.828,18.615,0.00390,-0.05371,1.14404,28.61
$IMU,235.702,-39.733,63.110,16.784,-0.00244,-0.08984,1.13378,28.61
$MAG,235.703,-0.331,0.162,-0.892,28.1
$IMU,235.704,-28.381,65.002,15.319,0.01562,-0.13476,1.09960,28.61
$IMU,235.706,-14.526,68.542,14.221,0.03564,-0.13964,1.12011,28.61
$IMU,235.709,-3.173,75.073,11.718,0.05908,-0.09814,1.36425,28.61
$IMU,235.711,2.380,85.571,6.713,0.08544,-0.04980,1.53320,28.61
$MAG,235.713,-0.319,0.154,-0.886,27.8
$IMU,235.713,1.464,100.158,1.647,0.09033,-0.00830,1.48925,28.61
$IMU,235.716,-2.319,112.792,-2.624,0.06298,0.02294,1.32373,28.61
$IMU,235.718,-5.065,120.361,-6.591,0.06005,0.01855,1.19433,28.61
$IMU,235.720,-4.821,120.361,-9.460,0.07421,-0.02783,1.08740,28.61
$MAG,235.723,-0.312,0.159,-0.883,27.7
$IMU,235.723,-1.342,113.037,-11.352,0.08886,-0.07958,1.04443,28.57
$IMU,235.725,1.464,101.867,-12.023,0.09667,-0.11035,1.02099,28.57
$IMU,235.727,2.746,88.806,-12.023,0.08789,-0.13476,0.99560,28.57
$IMU,235.730,1.586,73.913,-12.207,0.06640,-0.14843,0.97753,28.57
$IMU,235.732,-1.525,57.678,-12.390,0.05322,-0.16210,0.95751,28.57
$MAG,235.733,-0.306,0.165,-0.877,28.0
$IMU,235.734,-4.882,40.222,-11.657,0.02734,-0.15673,0.92968,28.57
$IMU,235.737,-7.446,23.620,-9.216,-0.00585,-0.11376,0.91992,28.57
$IMU,235.739,-9.338,9.643,-5.859,-0.02734,-0.07324,0.91455,28.57
$IMU,235.741,-10.559,-2.441,-2.258,-0.02880,-0.06738,0.91308,28.60
$MAG,235.743,-0.306,0.163,-0.888,28.0
$IMU,235.744,-10.925,-13.366,0.244,-0.01220,-0.07373,0.91796,28.60
$IMU,235.746,-10.864,-23.010,2.258,-0.00488,-0.08203,0.93896,28.60
$IMU,235.748,-10.070,-31.005,4.455,0.00634,-0.08837,0.95507,28.60
$IMU,235.751,-8.239,-36.743,7.141,0.02001,-0.09277,0.96875,28.60
$IMU,235.753,-5.737,-40.100,10.009,0.02783,-0.09716,0.97656,28.60
$MAG,235.754,-0.304,0.165,-0.882,27.8
$IMU,235.755,-2.197,-41.992,12.634,0.03076,-0.10058,0.98095,28.60
$IMU,235.758,2.075,-42.114,15.014,0.02832,-0.10498,0.98291,28.60
$IMU,235.760,7.019,-41.931,17.456,0.01562,-0.10351,0.97705,28.57
$IMU,235.762,12.451,-41.870,19.714,0.00341,-0.11181,0.96728,28.57
$MAG,235.764,-0.315,0.171,-0.883,28.0
$IMU,235.765,18.127,-42.236,21.789,-0.00878,-0.11328,0.96337,28.57
$IMU,235.767,23.132,-42.602,24.108,-0.02001,-0.09814,0.96435,28.57
$IMU,235.770,27.526,-42.419,26.855,-0.02587,-0.08544,0.97167,28.57
$IMU,235.772,30.822,-42.114,29.174,-0.03271,-0.07470,0.97167,28.57
$MAG,235.774,-0.312,0.165,-0.886,27.7
$IMU,235.774,33.569,-41.687,31.127,-0.03662,-0.07714,0.97900,28.57
$IMU,235.777,35.400,-40.710,32.897,-0.03662,-0.07373,0.98925,28.57
$IMU,235.779,36.682,-39.733,35.034,-0.04882,-0.07177,0.99560,28.62
$IMU,235.781,37.414,-38.879,37.475,-0.04931,-0.06494,0.99951,28.62
$MAG,235.784,-0.316,0.159,-0.882,27.8
$IMU,235.784,37.414,-37.963,40.161,-0.05175,-0.05224,1.00732,28.62
$IMU,235.786,36.499,-36.682,42.480,-0.04833,-0.04150,1.01806,28.62
$IMU,235.788,35.156,-35.522,44.372,-0.05566,-0.03564,1.02929,28.62
$IMU,235.791,33.447,-33.935,46.081,-0.06103,-0.03173,1.03466,28.62
$IMU,235.793,32.104,-32.348,47.912,-0.06250,-0.02734,1.04443,28.62
$MAG,235.794,-0.322,0.154,-0.888,27.8
$IMU,235.795,30.761,-31.250,49.743,-0.06591,-0.02148,1.05224,28.62
$IMU,235.798,29.541,-30.456,51.574,-0.07373,-0.01416,1.06005,28.60
$BARO,235.800,86419.68,28.74
$IMU,235.800,28.808,-30.090,53.283,-0.07421,-0.00488,1.07324,28.60
$IMU,235.802,29.174,-31.311,55.358,-0.08105,0.00781,1.07714,28.60
$MAG,235.804,-0.315,0.148,-0.897,27.7
$IMU,235.805,29.968,-33.447,57.739,-0.07519,0.00781,1.08642,28.60
$IMU,235.807,31.188,-35.827,59.692,-0.07177,0.00585,1.09326,28.60
$IMU,235.809,32.897,-39.062,61.584,-0.07226,0.00341,1.10009,28.60
$IMU,235.812,35.522,-43.273,63.842,-0.06835,0.00195,1.10937,28.60
$MAG,235.814,-0.310,0.153,-0.898,28.0
$IMU,235.814,37.841,-47.363,65.673,-0.07324,-0.00341,1.11669,28.60
$IMU,235.816,40.283,-52.124,67.871,-0.07275,-0.00292,1.12207,28.59
$IMU,235.819,43.395,-58.349,71.105,-0.06347,0.00634,1.12841,28.59
$IMU,235.821,46.386,-64.758,74.096,-0.06152,0.00683,1.13037,28.59
$IMU,235.823,49.499,-71.655,77.453,-0.05712,0.00830,1.13574,28.59
$MAG,235.824,-0.322,0.145,-0.889,27.8
$IMU,235.826,52.551,-78.857,80.139,-0.05566,0.00292,1.13818,28.59
$IMU,235.828,54.748,-84.960,81.542,-0.05566,-0.00341,1.14648,28.59
$IMU,235.831,56.152,-89.904,82.031,-0.05566,0.00097,1.16064,28.59
$IMU,235.833,56.457,-93.994,81.726,-0.06738,0.00439,1.18652,28.59
$MAG,235.834,-0.324,0.138,-0.898,27.7
$IMU,235.835,55.603,-97.106,81.237,-0.07275,0.00634,1.20898,28.57
$IMU,235.838,53.771,-100.036,80.566,-0.07373,0.01074,1.23535,28.57
$IMU,235.840,50.720,-102.172,79.467,-0.07031,0.01757,1.25097,28.57
$IMU,235.842,47.058,-103.820,78.674,-0.05908,0.02441,1.26367,28.57
$MAG,235.844,-0.331,0.136,-0.900,27.8
$IMU,235.845,43.151,-104.370,78.063,-0.04345,0.02685,1.25830,28.57
$IMU,235.847,39.123,-103.637,77.880,-0.02539,0.03710,1.25488,28.57
$IMU,235.849,34.912,-101.318,77.880,-0.00048,0.03271,1.24169,28.57
$IMU,235.852,31.188,-97.473,78.063,0.01855,0.03613,1.21875,28.57
$MAG,235.854,-0.328,0.130,-0.903,27.7
$IMU,235.854,27.770,-92.102,78.125,0.03027,0.03564,1.19775,28.58
$IMU,235.856,24.475,-85.144,78.002,0.03759,0.02783,1.17626,28.58
$IMU,235.859,21.728,-77.331,77.636,0.04443,0.02099,1.16162,28.58
$IMU,235.861,19.165,-68.786,77.026,0.04687,0.01562,1.14355,28.58
$IMU,235.863,16.784,-59.875,75.683,0.04833,0.01708,1.12695,28.58
$MAG,235.864,-0.325,0.123,-0.904,27.8
$IMU,235.866,14.404,-51.330,73.730,0.04785,0.01513,1.10986,28.58
$IMU,235.868,11.962,-43.029,71.166,0.04785,0.01025,1.09423,28.58
$IMU,235.870,9.704,-36.193,68.481,0.04980,0.00390,1.08105,28.58
$IMU,235.873,7.263,-30.639,65.917,0.05615,-0.00146,1.07275,28.62
$MAG,235.875,-0.334,0.126,-0.906,27.7
$IMU,235.875,4.760,-26.123,63.598,0.06201,0.00097,1.06201,28.62
$IMU,235.877,2.441,-22.583,61.828,0.06103,0.00781,1.04980,28.62
$IMU,235.880,0.366,-19.836,60.668,0.07226,0.00781,1.03320,28.62
$IMU,235.882,-1.281,-18.188,59.997,0.07714,0.00488,1.01611,28.62
$IMU,235.884,-2.624,-17.333,59.936,0.08642,0.00634,1.00000,28.62
$MAG,235.885,-0.331,0.126,-0.898,28.0
$IMU,235.887,-2.990,-18.066,60.180,0.09082,-0.00244,0.97998,28.62
$IMU,235.889,-2.929,-19.470,60.974,0.09716,-0.00195,0.96972,28.62
$IMU,235.892,-2.380,-21.057,61.645,0.09619,-0.00439,0.95556,28.62
$IMU,235.894,-0.915,-23.193,62.072,0.09277,-0.00488,0.94091,28.62
$MAG,235.895,-0.334,0.126,-0.907,28.1
$IMU,235.896,0.854,-24.963,62.316,0.09423,-0.00244,0.93554,28.62
$IMU,235.899,2.990,-27.038,62.561,0.09912,-0.01464,0.92724,28.62
$IMU,235.901,5.310,-28.930,62.744,0.10253,-0.01123,0.92138,28.62
$BARO,235.902,86417.61,28.75
$IMU,235.903,7.568,-30.029,62.988,0.10400,-0.01269,0.91503,28.62
$MAG,235.905,-0.337,0.127,-0.901,27.8
$IMU,235.906,9.887,-30.639,63.415,0.10937,-0.01220,0.90576,28.62
$IMU,235.908,12.145,-30.395,64.147,0.11572,-0.00683,0.89355,28.62
$IMU,235.910,14.343,-29.418,64.941,0.12304,-0.00097,0.88964,28.57
$IMU,235.913,16.174,-27.770,65.795,0.12890,-0.00097,0.87597,28.57
$MAG,235.915,-0.340,0.126,-0.906,28.1
$IMU,235.915,17.761,-25.634,66.955,0.13427,0.00146,0.86816,28.57
$IMU,235.917,19.165,-23.010,68.237,0.13769,0.00390,0.85498,28.57
$IMU,235.920,20.507,-20.263,69.702,0.13574,0.00585,0.84277,28.57
$IMU,235.922,21.789,-17.639,71.289,0.13330,0.00878,0.83544,28.57
$IMU,235.924,23.132,-15.075,72.753,0.12353,0.00830,0.83154,28.57
$MAG,235.925,-0.328,0.123,-0.903,28.0
$IMU,235.927,24.353,-13.061,74.096,0.11718,0.00439,0.82958,28.57
$IMU,235.929,25.756,-11.047,75.195,0.10791,0.00488,0.83203,28.63
$IMU,235.931,27.221,-9.155,76.049,0.09082,0.00537,0.83105,28.63
$IMU,235.934,28.869,-7.690,76.110,0.07519,0.00683,0.83691,28.63
$MAG,235.935,-0.322,0.124,-0.909,28.1
$IMU,235.936,30.639,-6.408,75.378,0.07421,0.00292,0.83789,28.63
$IMU,235.938,32.470,-5.249,74.401,0.08544,0.00390,0.83886,28.63
$IMU,235.941,34.729,-4.943,73.486,0.10156,-0.00195,0.82958,28.63
$IMU,235.943,37.658,-5.493,72.692,0.12011,-0.00781,0.82373,28.63
$MAG,235.945,-0.336,0.120,-0.901,27.7
$IMU,235.945,41.259,-6.225,72.143,0.13525,-0.02148,0.81640,28.63
$IMU,235.948,45.349,-7.385,72.021,0.15234,-0.02978,0.82080,28.62
$IMU,235.950,49.987,-8.728,72.265,0.16650,-0.04394,0.82177,28.62
$IMU,235.953,54.809,-9.887,72.448,0.18261,-0.05371,0.82031,28.62
$MAG,235.955,-0.330,0.114,-0.912,27.8
$IMU,235.955,59.814,-11.047,72.631,0.19287,-0.06445,0.82275,28.62
$IMU,235.957,64.697,-11.962,72.753,0.19921,-0.07763,0.82177,28.62
$IMU,235.960,69.396,-13.183,72.753,0.20312,-0.08496,0.82666,28.62
$IMU,235.962,73.425,-14.282,72.753,0.20800,-0.09277,0.82958,28.62
$IMU,235.964,77.148,-15.991,72.753,0.21337,-0.10205,0.83251,28.62
$MAG,235.965,-0.322,0.102,-0.915,27.7
$IMU,235.967,79.956,-17.944,73.059,0.21582,-0.10253,0.83886,28.60
$IMU,235.969,81.970,-19.836,73.242,0.22216,-0.10400,0.84619,28.60
$IMU,235.971,83.435,-21.911,73.425,0.22851,-0.09912,0.85888,28.60
$IMU,235.974,84.167,-24.047,73.486,0.22851,-0.09326,0.86376,28.60
$MAG,235.975,-0.319,0.097,-0.915,27.7
$IMU,235.976,84.899,-26.367,73.425,0.22900,-0.09130,0.87353,28.60
$IMU,235.978,85.205,-28.503,73.181,0.23095,-0.08935,0.88378,28.60
$IMU,235.981,85.571,-30.639,72.570,0.23144,-0.08496,0.88964,28.60
$IMU,235.983,85.937,-32.897,71.838,0.22558,-0.08007,0.89306,28.60
$MAG,235.985,-0.312,0.093,-0.922,28.0
$IMU,235.985,86.059,-34.912,71.228,0.21826,-0.07763,0.90087,28.59
$IMU,235.988,86.059,-36.560,70.617,0.21972,-0.07617,0.90380,28.59
$IMU,235.990,86.242,-38.635,69.946,0.21923,-0.06640,0.91650,28.59
$IMU,235.992,86.181,-40.527,69.519,0.21972,-0.06347,0.92675,28.59
$MAG,235.995,-0.324,0.084,-0.916,28.1
$IMU,235.995,86.303,-42.968,69.274,0.22607,-0.05468,0.93994,28.59
$IMU,235.997,86.181,-45.410,69.091,0.23779,-0.04394,0.95410,28.59
$IMU,235.999,86.120,-47.119,68.786,0.24511,-0.03906,0.96093,28.59
$IMU,236.002,85.998,-48.828,68.359,0.25000,-0.03076,0.96582,28.59
$BARO,236.003,86415.20,28.75
$IMU,236.004,85.815,-50.659,67.871,0.25781,-0.02929,0.95800,28.58
$MAG,236.006,-0.322,0.069,-0.915,27.7
$IMU,236.006,85.021,-52.429,67.199,0.25781,-0.02783,0.95263,28.58
$IMU,236.009,83.923,-54.870,66.833,0.26025,-0.03222,0.94335,28.58
$IMU,236.011,82.458,-57.006,66.467,0.26464,-0.03027,0.93603,28.58
$IMU,236.014,80.566,-58.715,66.284,0.27197,-0.03613,0.92724,28.58
$IMU,236.016,78.186,-59.753,66.162,0.27490,-0.03955,0.92089,28.58
$MAG,236.016,-0.331,0.069,-0.919,27.7
$IMU,236.018,75.805,-60.729,65.917,0.28027,-0.03955,0.91406,28.58
$IMU,236.021,72.937,-61.035,65.979,0.28759,-0.04150,0.90478,28.58
$IMU,236.023,69.946,-60.791,65.917,0.29638,-0.04150,0.90039,28.64
$IMU,236.025,66.711,-59.631,65.673,0.29980,-0.04248,0.89746,28.64
$MAG,236.026,-0.340,0.054,-0.918,27.8
$IMU,236.028,63.354,-57.983,65.185,0.30468,-0.03906,0.89355,28.64
$IMU,236.030,59.753,-55.236,64.697,0.30615,-0.04638,0.89062,28.64
$VBAT,236.031,4.122
$IMU,236.032,56.091,-52.001,64.147,0.30664,-0.04052,0.89160,28.64
$IMU,236.035,52.551,-48.950,63.537,0.30761,-0.04199,0.89111,28.64
$MAG,236.036,-0.333,0.052,-0.924,27.8
$IMU,236.037,48.706,-45.471,62.744,0.31689,-0.04443,0.88916,28.64
$IMU,236.039,45.043,-41.992,61.767,0.32324,-0.04394,0.88378,28.64
$IMU,236.042,41.503,-38.757,60.485,0.32568,-0.04785,0.88085,28.60
$IMU,236.044,38.330,-35.888,59.265,0.33056,-0.05273,0.87890,28.60
$MAG,236.046,-0.340,0.049,-0.933,27.7
$IMU,236.046,35.034,-33.203,58.105,0.33593,-0.06250,0.87744,28.60
$IMU,236.049,32.104,-31.250,57.067,0.34375,-0.06689,0.87304,28.60
$IMU,236.051,29.296,-29.541,56.213,0.34472,-0.07324,0.87207,28.60
$IMU,236.053,26.550,-28.198,55.541,0.34521,-0.08544,0.87304,28.60
$MAG,236.056,-0.342,0.046,-0.931,27.7
$IMU,236.056,23.803,-27.465,55.175,0.35791,-0.09960,0.86914,28.60
$IMU,236.058,21.484,-26.977,55.175,0.36425,-0.11279,0.87207,28.60
$IMU,236.060,19.409,-26.550,55.419,0.36523,-0.11865,0.88232,28.57
$IMU,236.063,17.395,-26.245,55.664,0.36621,-0.11523,0.89550,28.57
$IMU,236.065,15.380,-26.428,55.725,0.36669,-0.11181,0.90136,28.57
$MAG,236.066,-0.343,0.039,-0.927,28.1
$IMU,236.067,13.366,-26.489,55.664,0.36376,-0.10107,0.91113,28.57
$IMU,236.070,11.413,-27.160,55.480,0.36230,-0.09716,0.91992,28.57
$IMU,236.072,9.765,-27.954,55.053,0.36230,-0.08789,0.92871,28.57
$IMU,236.075,7.873,-29.113,54.626,0.35791,-0.07617,0.94091,28.57
$MAG,236.076,-0.342,0.039,-0.919,27.7
$IMU,236.077,5.432,-30.456,54.199,0.35546,-0.06933,0.94091,28.57
$IMU,236.079,3.051,-32.043,54.016,0.35644,-0.06347,0.94921,28.60
$IMU,236.082,0.732,-33.630,53.894,0.35839,-0.06201,0.95654,28.60
$IMU,236.084,-1.708,-35.522,53.833,0.36523,-0.05078,0.96044,28.60
$MAG,236.086,-0.349,0.040,-0.928,28.0
$IMU,236.086,-4.516,-37.841,53.771,0.36523,-0.04638,0.96386,28.60
$IMU,236.089,-7.446,-39.978,53.771,0.37792,-0.04980,0.96240,28.60
$IMU,236.091,-10.009,-42.236,53.955,0.37939,-0.04687,0.96533,28.60
$IMU,236.093,-12.451,-44.738,54.321,0.38281,-0.04101,0.96728,28.60
$MAG,236.096,-0.349,0.042,-0.916,27.8
$IMU,236.096,-14.770,-47.302,54.443,0.38720,-0.03613,0.96826,28.60
$IMU,236.098,-16.906,-49.682,54.748,0.38964,-0.03076,0.96826,28.64
$IMU,236.100,-19.165,-51.696,54.870,0.39013,-0.02685,0.96777,28.64
$IMU,236.103,-20.996,-53.527,54.992,0.38916,-0.02978,0.96484,28.64
$BARO,236.105,86413.37,28.75
$IMU,236.105,-23.071,-55.114,54.931,0.38671,-0.02636,0.96533,28.64
$MAG,236.106,-0.351,0.043,-0.919,27.7
$IMU,236.107,-25.024,-55.969,54.687,0.38964,-0.02148,0.96240,28.64
$IMU,236.110,-26.611,-56.396,54.321,0.38867,-0.02099,0.95898,28.64
$IMU,236.112,-28.198,-56.579,53.710,0.38183,-0.01855,0.95703,28.64
$IMU,236.114,-29.724,-56.640,52.978,0.38330,-0.02880,0.94873,28.64
$IMU,236.117,-31.005,-56.457,52.368,0.37939,-0.03320,0.94433,28.60
$MAG,236.116,-0.355,0.046,-0.927,27.7
$IMU,236.119,-32.165,-56.091,51.635,0.37451,-0.02978,0.94775,28.60
$IMU,236.121,-33.081,-56.091,50.842,0.36767,-0.04003,0.94677,28.60
$IMU,236.124,-33.874,-55.603,50.109,0.36230,-0.03955,0.94873,28.60
$IMU,236.126,-34.729,-54.931,49.377,0.35205,-0.03466,0.95654,28.60
$MAG,236.127,-0.369,0.048,-0.930,27.7
$IMU,236.128,-36.010,-54.321,48.339,0.34716,-0.02978,0.96386,28.60
$IMU,236.131,-37.780,-53.649,47.424,0.33935,-0.01806,0.97314,28.60
$IMU,236.133,-39.794,-53.344,46.691,0.33007,0.00097,0.98193,28.60
$IMU,236.135,-42.297,-52.551,46.203,0.32861,0.00488,0.98925,28.63
$MAG,236.137,-0.363,0.049,-0.924,27.7
$IMU,236.138,-44.982,-51.635,46.081,0.32910,0.00634,0.99804,28.63
$IMU,236.140,-47.363,-50.903,46.386,0.32421,0.00927,0.99755,28.63
$IMU,236.143,-49.865,-50.415,46.875,0.31787,0.01318,1.00195,28.63
$IMU,236.145,-52.673,-50.048,47.424,0.31103,0.01708,1.00634,28.63
$MAG,236.147,-0.367,0.069,-0.930,27.8
$IMU,236.147,-55.541,-49.804,48.095,0.31005,0.02392,1.01318,28.63
$IMU,236.150,-58.593,-49.865,49.011,0.31005,0.03564,1.01416,28.63
$IMU,236.152,-61.767,-50.354,49.926,0.31347,0.03564,1.01708,28.63
$IMU,236.154,-65.002,-50.354,51.025,0.32031,0.03613,1.01562,28.57
$MAG,236.157,-0.370,0.067,-0.925,27.8
$IMU,236.157,-67.932,-50.659,52.368,0.32763,0.03271,1.01611,28.57
$IMU,236.159,-70.617,-51.391,54.138,0.33447,0.01855,1.01904,28.57
$IMU,236.161,-72.937,-51.940,56.091,0.33154,0.01074,1.01660,28.57
$IMU,236.164,-74.401,-52.246,58.105,0.33837,-0.00634,1.01660,28.57
$IMU,236.166,-75.317,-52.246,60.119,0.33789,-0.01171,1.01757,28.57
$MAG,236.167,-0.375,0.076,-0.921,27.7
$IMU,236.168,-75.866,-52.490,61.889,0.34423,-0.01464,1.01757,28.57
$IMU,236.171,-76.599,-52.490,63.354,0.35009,-0.03857,1.02148,28.57
$IMU,236.173,-76.416,-52.795,64.819,0.35205,-0.06933,1.01855,28.61
$IMU,236.175,-75.927,-52.429,66.223,0.35058,-0.08203,1.01269,28.61
$MAG,236.177,-0.375,0.078,-0.915,28.1
$IMU,236.178,-74.340,-51.940,67.504,0.34667,-0.10498,1.00585,28.61
$IMU,236.180,-71.960,-52.124,68.664,0.35302,-0.13427,1.00537,28.61
$IMU,236.182,-69.580,-52.307,69.885,0.34863,-0.13574,1.00585,28.61
$IMU,236.185,-66.955,-52.368,70.739,0.35302,-0.13525,0.98925,28.61
$MAG,236.187,-0.376,0.090,-0.921,27.7
$IMU,236.187,-63.171,-52.795,71.105,0.34814,-0.14208,0.97753,28.61
$IMU,236.189,-58.532,-53.833,70.861,0.34960,-0.15087,0.97119,28.61
$IMU,236.192,-52.856,-54.809,70.800,0.35742,-0.18212,0.96582,28.60
$IMU,236.194,-46.447,-56.091,71.350,0.35986,-0.21875,0.97070,28.60
$IMU,236.196,-40.100,-57.373,72.387,0.36865,-0.23583,0.97998,28.60
$MAG,236.197,-0.370,0.093,-0.918,27.8
$IMU,236.199,-34.118,-58.898,73.608,0.35888,-0.23681,0.99365,28.60
$IMU,236.201,-29.724,-60.424,74.218,0.35351,-0.22314,0.99462,28.60
$IMU,236.204,-25.451,-62.438,74.523,0.36083,-0.23046,1.00146,28.60
$BARO,236.206,86418.61,28.75
$IMU,236.206,-22.033,-64.208,74.768,0.35839,-0.20996,0.99609,28.60
$MAG,236.207,-0.385,0.091,-0.916,27.7
$IMU,236.208,-18.066,-66.589,74.401,0.36523,-0.21435,0.99023,28.60
$IMU,236.211,-14.221,-69.274,74.035,0.36425,-0.20703,0.99218,28.61
$IMU,236.213,-10.986,-71.838,73.791,0.36767,-0.19580,0.99365,28.61
$IMU,236.215,-7.385,-74.462,73.791,0.36132,-0.17333,0.99609,28.61
$MAG,236.217,-0.385,0.094,-0.898,27.8
$IMU,236.218,-4.394,-77.819,74.035,0.36035,-0.13964,0.98583,28.61
$IMU,236.220,-2.441,-81.787,74.279,0.36328,-0.11083,0.98339,28.61
$IMU,236.222,-0.549,-85.937,74.523,0.36376,-0.07812,0.97314,28.61
$IMU,236.225,1.159,-90.454,74.645,0.36914,-0.04931,0.95605,28.61
$MAG,236.227,-0.400,0.099,-0.903,27.8
$IMU,236.227,3.051,-94.177,74.462,0.37646,-0.02050,0.94189,28.61
$IMU,236.229,5.798,-97.351,74.157,0.37353,0.00390,0.91699,28.66
$IMU,236.232,8.666,-100.158,73.669,0.38183,0.02099,0.89746,28.66
$IMU,236.234,10.986,-102.600,73.547,0.39794,0.02197,0.88525,28.66
$IMU,236.236,12.939,-104.064,73.913,0.41699,0.02441,0.87744,28.66
$MAG,236.237,-0.403,0.105,-0.913,27.7
$IMU,236.239,14.404,-104.858,75.012,0.43554,0.02099,0.86523,28.66
$IMU,236.241,13.610,-105.651,76.538,0.45800,0.00488,0.85009,28.66
$IMU,236.243,12.634,-105.590,78.308,0.48046,0.00341,0.82910,28.66
$IMU,236.246,11.352,-104.675,80.017,0.50195,-0.01171,0.82519,28.66
$MAG,236.248,-0.411,0.096,-0.904,28.0
$IMU,236.248,10.559,-102.783,82.092,0.52636,-0.03222,0.83007,28.61
$IMU,236.250,9.094,-99.731,84.350,0.53369,-0.04833,0.82812,28.61
$IMU,236.253,6.835,-95.886,86.120,0.54931,-0.05908,0.83105,28.61
$IMU,236.255,5.554,-90.393,87.402,0.55078,-0.07373,0.83203,28.61
$IMU,236.257,4.028,-83.618,88.195,0.55957,-0.08642,0.83154,28.61
$MAG,236.258,-0.412,0.105,-0.906,28.0
$IMU,236.260,2.563,-76.660,88.623,0.55859,-0.10156,0.83007,28.61
$IMU,236.262,0.915,-69.335,88.928,0.56201,-0.11572,0.82666,28.61
$IMU,236.265,-1.586,-62.072,88.806,0.56738,-0.13037,0.82812,28.61
$IMU,236.267,-3.845,-54.626,88.562,0.55810,-0.14990,0.83056,28.57
$MAG,236.268,-0.412,0.097,-0.906,27.8
$IMU,236.269,-6.835,-47.790,88.134,0.55957,-0.15820,0.82910,28.57
$IMU,236.272,-10.742,-41.198,87.463,0.55615,-0.15966,0.82763,28.57
$IMU,236.274,-14.038,-35.095,86.425,0.54980,-0.16113,0.82910,28.57
$IMU,236.276,-17.028,-28.930,85.327,0.54541,-0.15380,0.82861,28.57
$MAG,236.278,-0.420,0.102,-0.901,27.7
$IMU,236.279,-20.019,-23.071,84.594,0.54443,-0.15673,0.82910,28.57
$IMU,236.281,-22.338,-17.700,84.289,0.54394,-0.14160,0.82421,28.57
$IMU,236.283,-23.925,-13.671,83.557,0.54052,-0.14404,0.82714,28.57
$IMU,236.286,-25.390,-11.108,83.312,0.54394,-0.15039,0.82568,28.63
$MAG,236.288,-0.414,0.112,-0.903,27.7
$IMU,236.288,-26.794,-9.399,83.435,0.54199,-0.14111,0.82617,28.63
$IMU,236.290,-27.893,-8.605,83.251,0.53710,-0.13720,0.82861,28.63
$IMU,236.293,-28.564,-8.178,83.190,0.53613,-0.13085,0.82763,28.63
$IMU,236.295,-28.564,-7.934,82.946,0.53173,-0.13525,0.82373,28.63
$IMU,236.297,-27.893,-7.934,82.763,0.52880,-0.13476,0.82812,28.63
$MAG,236.298,-0.412,0.108,-0.901,27.8
$IMU,236.300,-27.343,-8.422,82.275,0.52832,-0.13476,0.83105,28.63
$IMU,236.302,-26.916,-8.544,81.726,0.53125,-0.14501,0.83154,28.63
$IMU,236.304,-26.428,-8.605,80.993,0.52197,-0.14599,0.83837,28.61
$IMU,236.307,-26.489,-8.605,79.711,0.51904,-0.15185,0.85009,28.61
$BARO,236.308,86423.46,28.75
$MAG,236.308,-0.421,0.117,-0.904,28.0
$IMU,236.309,-26.733,-8.422,78.063,0.52246,-0.16308,0.85498,28.61
$IMU,236.311,-27.404,-8.056,76.904,0.52099,-0.18359,0.85839,28.61
$IMU,236.314,-28.503,-7.385,76.049,0.51855,-0.19531,0.86474,28.61
$IMU,236.316,-29.846,-6.591,75.561,0.51757,-0.20800,0.86279,28.61
$MAG,236.318,-0.408,0.115,-0.897,28.1
$IMU,236.318,-31.616,-5.371,75.134,0.51806,-0.21777,0.86669,28.61
$IMU,236.321,-33.874,-3.845,74.584,0.51513,-0.23486,0.86718,28.61
$IMU,236.323,-35.949,-2.136,74.401,0.51953,-0.25927,0.86816,28.58
$IMU,236.326,-38.085,-0.366,74.523,0.52099,-0.25878,0.87060,28.58
$MAG,236.328,-0.411,0.120,-0.894,28.0
$IMU,236.328,-40.344,1.586,74.279,0.51953,-0.27636,0.87451,28.58
$IMU,236.330,-42.663,3.173,74.096,0.51464,-0.28466,0.87548,28.58
$IMU,236.333,-45.166,4.943,73.974,0.51708,-0.28417,0.86962,28.58
$IMU,236.335,-46.936,6.286,73.791,0.52001,-0.28466,0.86083,28.58
$IMU,236.337,-48.095,7.324,73.181,0.52099,-0.29785,0.85986,28.58
$MAG,236.338,-0.400,0.118,-0.897,27.8
$IMU,236.340,-48.767,8.178,72.570,0.52001,-0.29687,0.85937,28.58
$IMU,236.342,-49.194,8.911,71.716,0.51708,-0.29150,0.85253,28.60
$IMU,236.344,-49.133,9.704,70.312,0.52001,-0.27880,0.84619,28.60
$IMU,236.347,-48.583,9.643,68.542,0.51757,-0.28076,0.84082,28.60
$MAG,236.348,-0.406,0.135,-0.894,27.8
$IMU,236.349,-47.729,9.460,66.894,0.52099,-0.27929,0.83642,28.60
$IMU,236.351,-46.447,8.850,65.307,0.51416,-0.28076,0.82714,28.60
$IMU,236.354,-44.799,8.117,63.964,0.51123,-0.27929,0.82275,28.60
$IMU,236.356,-42.907,7.080,62.744,0.50781,-0.26855,0.82568,28.60
$HUM,236.357,35.2,29.1
$MAG,236.358,-0.390,0.133,-0.894,28.0
$IMU,236.358,-41.015,6.164,61.584,0.51171,-0.27246,0.82519,28.60
$IMU,236.361,-39.123,5.371,60.974,0.51074,-0.27343,0.83203,28.61
$IMU,236.363,-37.353,4.455,60.302,0.50878,-0.25683,0.83251,28.61
$IMU,236.365,-35.888,3.845,59.692,0.50634,-0.26611,0.84277,28.61
$IMU,236.368,-34.179,3.295,59.204,0.49755,-0.26025,0.85058,28.61
$MAG,236.368,-0.388,0.139,-0.894,28.0
$IMU,236.370,-32.531,3.051,58.715,0.48828,-0.26123,0.86083,28.61
$IMU,236.372,-31.066,2.990,58.227,0.48925,-0.25244,0.86669,28.61
$IMU,236.375,-29.724,2.136,57.739,0.48876,-0.23779,0.86230,28.61
$IMU,236.377,-28.381,1.281,56.884,0.48339,-0.22998,0.85839,28.61
$MAG,236.379,-0.391,0.145,-0.898,28.0
$IMU,236.379,-26.855,0.488,55.908,0.47949,-0.22753,0.85546,28.62
$IMU,236.382,-25.451,-0.366,54.992,0.48193,-0.22802,0.85546,28.62
$IMU,236.384,-24.230,-1.525,54.199,0.48242,-0.23095,0.84960,28.62
$IMU,236.387,-23.010,-2.502,53.222,0.48095,-0.22558,0.85107,28.62
$MAG,236.389,-0.387,0.145,-0.898,28.0
$IMU,236.389,-21.850,-3.234,52.062,0.47607,-0.22509,0.84716,28.62
$IMU,236.391,-20.629,-3.540,50.598,0.47216,-0.23388,0.84863,28.62
$IMU,236.394,-19.531,-3.112,49.072,0.46875,-0.23925,0.84863,28.62
$IMU,236.396,-18.554,-2.746,47.607,0.47021,-0.23974,0.84765,28.62
$IMU,236.398,-17.578,-1.953,46.264,0.46582,-0.25048,0.84716,28.61
$MAG,236.399,-0.387,0.147,-0.898,27.7
$IMU,236.401,-16.540,-0.915,45.166,0.46484,-0.25097,0.85009,28.61
$IMU,236.403,-15.686,-0.671,43.823,0.46191,-0.25439,0.85693,28.61
$IMU,236.405,-14.953,-0.305,42.968,0.46484,-0.26025,0.86181,28.61
$IMU,236.408,-14.343,0.610,42.480,0.46044,-0.26562,0.86376,28.61
$BARO,236.409,86412.76,28.75
$MAG,236.409,-0.381,0.147,-0.885,27.7
$IMU,236.410,-13.854,1.403,42.297,0.45263,-0.27294,0.86816,28.61
$IMU,236.412,-13.549,1.586,41.992,0.44970,-0.26855,0.87451,28.61
$IMU,236.415,-13.366,1.525,41.503,0.45312,-0.26757,0.87695,28.61
$IMU,236.417,-13.427,1.342,40.954,0.45751,-0.27001,0.87939,28.59
$MAG,236.419,-0.379,0.144,-0.900,27.7
$IMU,236.419,-13.671,1.098,40.588,0.46191,-0.27441,0.88134,28.59
$IMU,236.422,-13.732,1.159,40.222,0.46289,-0.28076,0.88525,28.59
$IMU,236.424,-13.916,1.159,39.733,0.45751,-0.27832,0.88720,28.59
$IMU,236.426,-14.099,1.098,38.879,0.45800,-0.28417,0.89306,28.59
$MAG,236.429,-0.378,0.151,-0.885,28.0
$IMU,236.429,-14.343,0.976,38.208,0.45458,-0.29199,0.89843,28.59
$IMU,236.431,-14.587,0.793,37.597,0.45166,-0.29345,0.89697,28.59
$IMU,236.433,-15.014,0.549,36.804,0.44775,-0.30224,0.89941,28.59
$IMU,236.436,-15.502,0.488,36.132,0.44824,-0.30468,0.89843,28.59
$IMU,236.438,-15.686,-0.183,35.461,0.44628,-0.30761,0.89843,28.59
$MAG,236.439,-0.366,0.151,-0.883,27.7
$IMU,236.440,-15.747,-1.037,34.912,0.44042,-0.31738,0.89501,28.59
$IMU,236.443,-15.747,-1.770,34.362,0.43896,-0.31689,0.88916,28.59
$IMU,236.445,-15.625,-2.502,33.691,0.44091,-0.31152,0.88183,28.59
$IMU,236.448,-15.441,-2.929,32.775,0.44433,-0.31835,0.87744,28.59
$MAG,236.449,-0.373,0.162,-0.891,27.7
$IMU,236.450,-15.258,-3.234,32.226,0.44531,-0.31494,0.87158,28.59
$IMU,236.452,-14.892,-3.601,31.616,0.44042,-0.31494,0.86572,28.59
$IMU,236.455,-14.160,-3.967,30.883,0.43408,-0.31787,0.86425,28.64
$IMU,236.457,-13.244,-3.967,30.456,0.43359,-0.32080,0.85986,28.64
$MAG,236.459,-0.367,0.157,-0.883,27.7
$IMU,236.459,-12.329,-4.394,29.846,0.42675,-0.31933,0.85498,28.64
$IMU,236.462,-11.779,-4.333,29.052,0.42773,-0.31835,0.85107,28.64
$IMU,236.464,-11.108,-4.333,28.259,0.42626,-0.31250,0.85058,28.64
$IMU,236.466,-10.253,-4.760,27.343,0.42431,-0.30566,0.85156,28.64
$MAG,236.469,-0.382,0.168,-0.889,28.1
$IMU,236.469,-9.399,-5.187,26.428,0.42236,-0.30175,0.85058,28.64
$IMU,236.471,-8.789,-5.493,25.512,0.42333,-0.30175,0.84667,28.64
$IMU,236.473,-8.361,-5.615,24.536,0.42382,-0.29345,0.84326,28.61
$IMU,236.476,-7.934,-5.798,23.437,0.42529,-0.29931,0.84472,28.61
$IMU,236.478,-7.446,-6.225,22.583,0.43017,-0.30322,0.84570,28.61
$MAG,236.479,-0.372,0.157,-0.885,28.0
$IMU,236.480,-7.019,-6.347,21.972,0.43017,-0.30273,0.83593,28.61
$IMU,236.483,-6.774,-6.713,21.362,0.43115,-0.30419,0.83593,28.61
$IMU,236.485,-6.774,-7.080,20.568,0.43261,-0.30566,0.83056,28.61
$IMU,236.487,-7.141,-6.835,19.470,0.43457,-0.31396,0.82519,28.61
$MAG,236.489,-0.367,0.162,-0.888,27.8
$IMU,236.490,-7.263,-6.896,18.615,0.43359,-0.32128,0.82275,28.61
$IMU,236.492,-7.568,-6.774,17.944,0.43457,-0.32226,0.81689,28.62
$IMU,236.494,-7.995,-6.347,17.578,0.43115,-0.32763,0.81005,28.62
$IMU,236.497,-8.483,-5.920,17.150,0.42919,-0.33447,0.80761,28.62
$MAG,236.499,-0.372,0.162,-0.880,28.0
$IMU,236.499,-9.277,-5.187,16.601,0.42773,-0.33935,0.80371,28.62
$IMU,236.501,-10.070,-4.089,16.113,0.42822,-0.35009,0.80029,28.62
$IMU,236.504,-10.864,-2.807,15.808,0.42822,-0.34423,0.79589,28.62
$IMU,236.506,-11.474,-1.708,15.258,0.43505,-0.34863,0.79882,28.62
$IMU,236.508,-12.145,-0.427,15.136,0.43408,-0.35107,0.80126,28.62
$BARO,236.510,86427.07,28.75
$MAG,236.510,-0.370,0.162,-0.879,28.1
$IMU,236.511,-12.451,1.159,14.831,0.43164,-0.34423,0.79785,28.66
$IMU,236.513,-12.573,2.563,13.916,0.43359,-0.34375,0.79931,28.66
$IMU,236.516,-12.512,3.784,12.878,0.43066,-0.33691,0.80322,28.66
$IMU,236.518,-11.901,4.699,11.840,0.42773,-0.33886,0.80517,28.66
$MAG,236.520,-0.363,0.154,-0.891,27.8
$IMU,236.520,-11.169,5.187,10.986,0.42773,-0.33300,0.81298,28.66
$IMU,236.523,-10.253,5.310,10.253,0.43017,-0.32910,0.81591,28.66
$IMU,236.525,-8.850,4.882,9.582,0.43164,-0.32275,0.82226,28.66
$IMU,236.527,-7.324,4.577,9.033,0.43261,-0.32080,0.82861,28.66
$MAG,236.530,-0.366,0.166,-0.885,27.8
$IMU,236.530,-5.676,3.906,8.544,0.42773,-0.32763,0.83984,28.58
$IMU,236.532,-3.906,2.746,8.300,0.43017,-0.32470,0.85058,28.58
$IMU,236.534,-2.197,1.831,8.239,0.43115,-0.31982,0.85546,28.58
$IMU,236.537,-0.854,1.098,8.239,0.42968,-0.32177,0.86425,28.58
$IMU,236.539,0.244,0.366,8.361,0.43261,-0.31835,0.87500,28.58
$MAG,236.540,-0.361,0.163,-0.885,27.8
$IMU,236.541,1.403,-0.488,8.483,0.43212,-0.31884,0.88183,28.58
$IMU,236.544,2.258,-0.915,8.666,0.43359,-0.32226,0.88916,28.58
$IMU,236.546,2.990,-1.647,8.666,0.43359,-0.31835,0.89404,28.58
$IMU,236.548,3.479,-1.892,8.544,0.43652,-0.31982,0.89746,28.61
$MAG,236.550,-0.375,0.163,-0.877,27.8
$IMU,236.551,3.540,-1.708,8.300,0.43408,-0.31689,0.89843,28.61
$IMU,236.553,3.723,-1.525,7.690,0.43652,-0.32080,0.90283,28.61
$IMU,236.555,3.601,-0.976,7.141,0.43164,-0.31738,0.90429,28.61
$IMU,236.558,3.356,-0.671,6.774,0.43164,-0.32666,0.90527,28.61
$MAG,236.560,-0.370,0.160,-0.879,27.7
$IMU,236.560,3.051,0.122,6.530,0.43603,-0.33007,0.90234,28.61
$IMU,236.562,2.990,0.732,6.652,0.43994,-0.33642,0.90234,28.61
$IMU,236.565,2.685,1.770,7.080,0.43847,-0.33398,0.89794,28.61
$IMU,236.567,2.685,2.441,7.629,0.43994,-0.33886,0.89941,28.60
$IMU,236.569,2.502,3.234,8.178,0.44287,-0.33837,0.89501,28.60
$MAG,236.570,-0.370,0.159,-0.889,27.8
$IMU,236.572,2.746,3.723,8.728,0.44042,-0.34277,0.88818,28.60
$IMU,236.574,3.417,3.967,8.972,0.44384,-0.33886,0.88037,28.60
$IMU,236.577,4.150,4.638,9.094,0.43945,-0.34179,0.87597,28.60
$IMU,236.579,5.004,5.310,8.911,0.43457,-0.33886,0.87207,28.60
$MAG,236.580,-0.372,0.159,-0.888,27.6
$IMU,236.581,6.286,5.493,8.666,0.43652,-0.33642,0.86572,28.60
$IMU,236.584,7.690,5.798,8.361,0.43505,-0.33349,0.86132,28.60
$IMU,236.586,9.155,5.920,7.873,0.43652,-0.32812,0.85400,28.62
$IMU,236.588,10.986,5.676,7.202,0.43603,-0.33251,0.84863,28.62
$MAG,236.590,-0.364,0.168,-0.880,28.1
$IMU,236.591,12.573,5.371,6.713,0.43017,-0.33300,0.85205,28.62
$IMU,236.593,13.793,5.004,6.408,0.43164,-0.33007,0.85205,28.62
$IMU,236.595,15.014,4.638,6.103,0.43017,-0.32421,0.84912,28.62
$IMU,236.598,15.930,4.577,5.981,0.42968,-0.32568,0.84375,28.62
$MAG,236.600,-0.364,0.162,-0.888,28.0
$IMU,236.600,16.662,4.089,5.981,0.42285,-0.33105,0.84228,28.62
$IMU,236.602,17.028,3.479,6.225,0.42382,-0.33544,0.85107,28.62
$IMU,236.605,16.601,3.662,7.019,0.42431,-0.33544,0.85937,28.61
$IMU,236.607,16.113,3.601,7.873,0.41748,-0.33544,0.86425,28.61
$IMU,236.609,15.808,3.479,8.972,0.42382,-0.34277,0.86767,28.61
$MAG,236.610,-0.366,0.151,-0.885,27.7
$BARO,236.612,86414.44,28.74
$IMU,236.612,15.136,4.089,10.192,0.42382,-0.33886,0.87304,28.61
$IMU,236.614,14.953,4.638,11.352,0.41894,-0.33935,0.87207,28.61
$IMU,236.616,15.136,5.493,12.329,0.41992,-0.33300,0.86718,28.61
$IMU,236.619,15.625,5.920,13.061,0.41601,-0.32470,0.86425,28.61
$MAG,236.620,-0.364,0.163,-0.880,28.0
$IMU,236.621,15.502,6.713,13.732,0.40722,-0.32031,0.86279,28.61
$IMU,236.623,15.625,7.080,14.282,0.40429,-0.31884,0.86328,28.61
$IMU,236.626,16.113,7.080,14.648,0.40185,-0.31738,0.86230,28.61
$IMU,236.628,16.479,6.835,14.892,0.40380,-0.31591,0.85791,28.61
$IMU,236.630,16.784,6.958,14.892,0.40185,-0.31054,0.85595,28.61
$MAG,236.631,-0.354,0.154,-0.889,27.8
$IMU,236.633,17.578,6.713,14.587,0.39892,-0.30810,0.86279,28.61
$IMU,236.635,18.493,6.347,13.916,0.40039,-0.30371,0.86083,28.61
$IMU,236.638,19.226,6.103,13.183,0.39941,-0.30224,0.85986,28.61
$IMU,236.640,20.019,5.920,12.207,0.39892,-0.30322,0.86572,28.61
$MAG,236.641,-0.363,0.148,-0.891,27.7
$IMU,236.642,20.874,5.432,11.230,0.39746,-0.30517,0.86328,28.61
$IMU,236.645,21.728,5.065,10.253,0.39794,-0.30419,0.86669,28.61
$IMU,236.647,22.399,4.882,9.338,0.40380,-0.31054,0.87011,28.61
$IMU,236.649,22.399,4.333,8.728,0.41308,-0.31835,0.86914,28.61
$MAG,236.651,-0.355,0.159,-0.889,27.8
$IMU,236.652,22.277,3.906,8.361,0.41113,-0.31542,0.87109,28.61
$IMU,236.654,22.155,3.906,7.934,0.41162,-0.31933,0.87255,28.61
$IMU,236.656,21.911,3.845,7.446,0.41259,-0.32470,0.88037,28.61
$IMU,236.659,21.728,4.211,7.263,0.41650,-0.32617,0.87890,28.61
$MAG,236.661,-0.357,0.153,-0.889,27.7
$IMU,236.661,21.667,4.882,7.141,0.41601,-0.32226,0.87841,28.61
$IMU,236.663,22.277,4.882,7.019,0.41259,-0.32031,0.88281,28.61
$IMU,236.666,22.949,5.187,7.080,0.41601,-0.32128,0.88232,28.61
$IMU,236.668,23.498,5.676,7.263,0.41162,-0.31445,0.87939,28.61
$IMU,236.670,24.108,5.798,7.507,0.40478,-0.31103,0.87988,28.61
$MAG,236.671,-0.361,0.153,-0.894,27.7
$IMU,236.673,24.597,5.432,7.629,0.40869,-0.30957,0.87744,28.61
$IMU,236.675,24.963,4.760,7.629,0.41503,-0.30761,0.87402,28.61
$IMU,236.677,25.329,4.211,7.629,0.41064,-0.30468,0.86181,28.61
$IMU,236.680,25.817,3.601,7.629,0.40576,-0.30468,0.86376,28.60
$MAG,236.681,-0.354,0.147,-0.888,27.7
$IMU,236.682,26.062,3.051,7.690,0.40869,-0.30078,0.86035,28.60
$IMU,236.684,25.817,3.234,7.568,0.40917,-0.30126,0.85400,28.60
$IMU,236.687,25.817,2.990,7.202,0.41308,-0.29980,0.84716,28.60
$IMU,236.689,26.123,2.990,6.652,0.40722,-0.29589,0.84277,28.60
$MAG,236.691,-0.358,0.148,-0.895,27.7
$IMU,236.691,26.306,3.356,6.103,0.41064,-0.29345,0.84521,28.60
$IMU,236.694,26.733,3.784,5.676,0.41015,-0.28662,0.84716,28.60
$IMU,236.696,27.709,4.821,5.615,0.41503,-0.28076,0.84960,28.60
$IMU,236.699,28.930,6.042,5.920,0.41943,-0.28271,0.84228,28.62
$MAG,236.701,-0.358,0.150,-0.891,27.7
$IMU,236.701,29.479,6.042,6.347,0.41943,-0.28271,0.84667,28.62
$IMU,236.703,29.724,6.225,6.774,0.41357,-0.27587,0.85009,28.62
$IMU,236.706,30.334,6.408,7.690,0.41943,-0.27490,0.84912,28.62
$IMU,236.708,30.029,5.554,8.544,0.42529,-0.27685,0.84375,28.62
$IMU,236.710,29.357,3.967,8.850,0.42626,-0.27343,0.84130,28.62
$MAG,236.711,-0.360,0.138,-0.900,27.7
$BARO,236.713,86418.27,28.74
$IMU,236.713,28.503,3.051,8.666,0.43261,-0.26464,0.84375,28.62
$IMU,236.715,28.137,2.929,8.483,0.43261,-0.25585,0.84179,28.62
$IMU,236.717,27.709,3.601,8.361,0.43750,-0.25585,0.84521,28.63
$IMU,236.720,26.977,4.943,8.239,0.43945,-0.25976,0.84082,28.63
$MAG,236.721,-0.357,0.130,-0.900,27.7
$IMU,236.722,26.123,6.774,7.873,0.44140,-0.26074,0.83984,28.63
$IMU,236.724,25.146,8.361,7.324,0.43457,-0.26953,0.84082,28.63
$IMU,236.727,24.414,10.192,6.835,0.42382,-0.27783,0.84619,28.63
$IMU,236.729,23.681,11.535,6.347,0.41162,-0.28076,0.85009,28.63
$MAG,236.731,-0.354,0.138,-0.894,27.8
$IMU,236.731,23.132,12.329,6.103,0.40283,-0.28564,0.85449,28.63
$IMU,236.734,23.132,12.878,5.920,0.39550,-0.28857,0.85498,28.63
$IMU,236.736,23.498,13.122,5.981,0.39013,-0.29248,0.85693,28.65
$IMU,236.738,24.230,12.939,6.164,0.38330,-0.29199,0.86523,28.65
$MAG,236.741,-0.352,0.132,-0.897,27.8
$IMU,236.741,25.451,12.451,6.469,0.38720,-0.29589,0.87060,28.65
$IMU,236.743,26.062,11.962,6.774,0.39794,-0.31005,0.86132,28.65
$IMU,236.745,26.489,10.803,6.530,0.41064,-0.31152,0.86181,28.65
$IMU,236.748,26.977,10.009,6.469,0.41259,-0.31445,0.86132,28.65
$IMU,236.750,27.709,9.033,6.286,0.41601,-0.31152,0.86669,28.65
$MAG,236.752,-0.351,0.123,-0.906,27.7
$IMU,236.752,28.320,9.033,6.103,0.42578,-0.31054,0.86376,28.65
$IMU,236.755,28.320,9.887,5.615,0.43945,-0.31835,0.86230,28.67
$IMU,236.757,28.137,10.925,5.065,0.44580,-0.31494,0.87011,28.67
$IMU,236.760,27.160,11.779,4.394,0.44580,-0.31835,0.87597,28.67
$MAG,236.762,-0.348,0.130,-0.891,27.7
$IMU,236.762,25.878,12.756,3.662,0.44140,-0.32324,0.87939,28.67
$IMU,236.764,23.620,13.854,2.624,0.44238,-0.32666,0.88427,28.67
$IMU,236.767,21.423,14.892,1.525,0.43798,-0.33544,0.88867,28.67
$IMU,236.769,19.348,16.845,0.854,0.43017,-0.33935,0.89160,28.67
$IMU,236.771,18.188,18.493,0.427,0.42773,-0.33935,0.89062,28.67
$MAG,236.772,-0.351,0.124,-0.906,28.0
$IMU,236.774,17.150,20.324,0.244,0.41796,-0.34326,0.88964,28.64
$IMU,236.776,16.052,21.972,0.427,0.39013,-0.34375,0.90039,28.64
$IMU,236.778,15.502,22.155,0.610,0.39111,-0.34472,0.90234,28.64
$IMU,236.781,15.441,22.338,0.793,0.39501,-0.33789,0.89208,28.64
$MAG,236.782,-0.343,0.132,-0.901,27.7
$IMU,236.783,16.296,21.789,0.854,0.39013,-0.32568,0.88671,28.64
$IMU,236.785,17.883,20.996,0.854,0.38330,-0.31054,0.88623,28.64
$IMU,236.788,19.775,19.958,0.793,0.37500,-0.29882,0.88476,28.64
$IMU,236.790,21.301,18.066,0.732,0.37158,-0.29052,0.88183,28.64
$MAG,236.792,-0.333,0.120,-0.897,27.7
$IMU,236.792,22.705,16.174,0.671,0.37353,-0.28369,0.87744,28.67
$IMU,236.795,23.864,13.244,0.610,0.37353,-0.28222,0.87402,28.67
$IMU,236.797,24.230,10.375,0.244,0.37939,-0.27978,0.87158,28.67
$IMU,236.799,24.414,8.300,-0.183,0.37841,-0.27050,0.87353,28.67
$MAG,236.802,-0.343,0.126,-0.903,27.7
$IMU,236.802,24.475,7.141,-0.244,0.37744,-0.26611,0.87792,28.67
$IMU,236.804,24.291,6.652,-0.183,0.38671,-0.26416,0.88330,28.67
$IMU,236.806,23.498,7.019,0.061,0.39062,-0.26025,0.88525,28.67
$IMU,236.809,22.277,8.056,0.305,0.40332,-0.25878,0.88330,28.67
$IMU,236.811,20.996,9.277,0.549,0.41210,-0.25732,0.88574,28.61
$MAG,236.812,-0.343,0.115,-0.910,27.7
$IMU,236.813,19.287,11.230,1.037,0.40429,-0.26171,0.89062,28.61
$BARO,236.815,86410.00,28.74
$IMU,236.816,17.395,12.756,1.281,0.40332,-0.26416,0.89892,28.61
$IMU,236.818,15.258,14.221,1.770,0.41503,-0.26464,0.90429,28.61
$IMU,236.821,13.366,15.869,2.685,0.43847,-0.25830,0.90039,28.61
$MAG,236.822,-0.348,0.124,-0.904,28.1
$IMU,236.823,11.474,18.066,4.089,0.45703,-0.25732,0.89697,28.61
$IMU,236.825,9.826,19.836,5.676,0.45214,-0.25341,0.90185,28.61
$IMU,236.828,7.568,21.606,6.958,0.43652,-0.25878,0.91748,28.61
$IMU,236.830,4.394,22.827,7.995,0.41455,-0.26464,0.92578,28.60
$MAG,236.832,-0.339,0.115,-0.904,27.8
$IMU,236.832,1.342,22.827,8.605,0.40087,-0.26660,0.92480,28.60
$IMU,236.835,-1.281,22.521,8.728,0.39062,-0.27246,0.91845,28.60
$IMU,236.837,-3.417,21.728,8.728,0.38476,-0.27685,0.91796,28.60
$IMU,236.839,-5.187,21.118,8.605,0.37988,-0.28662,0.91650,28.60
$MAG,236.842,-0.339,0.118,-0.912,27.7
$IMU,236.842,-6.652,20.874,8.422,0.37402,-0.29589,0.90917,28.60
$IMU,236.844,-7.812,21.118,8.483,0.35058,-0.31201,0.90722,28.60
$IMU,236.846,-8.972,20.812,8.728,0.33691,-0.32226,0.91064,28.60
$IMU,236.849,-9.460,19.897,8.972,0.33105,-0.32763,0.90283,28.60
$IMU,236.851,-9.216,18.859,9.216,0.32812,-0.32910,0.89062,28.60
$MAG,236.852,-0.327,0.124,-0.904,27.8
$IMU,236.853,-8.544,17.822,9.155,0.31103,-0.33203,0.88818,28.60
$IMU,236.856,-7.263,15.808,8.544,0.31005,-0.32519,0.88769,28.60
$IMU,236.858,-5.920,13.793,7.446,0.30761,-0.31250,0.88623,28.60
$IMU,236.860,-4.028,11.535,5.859,0.30664,-0.30126,0.88281,28.60
$MAG,236.862,-0.328,0.121,-0.901,27.8
$IMU,236.863,-2.014,9.277,4.089,0.31835,-0.28466,0.87548,28.60
$IMU,236.865,0.061,7.263,2.319,0.32861,-0.27636,0.87255,28.60
$IMU,236.867,1.770,5.493,0.549,0.33984,-0.26074,0.87646,28.59
$IMU,236.870,2.929,4.028,-1.281,0.33886,-0.25537,0.87548,28.59
$IMU,236.872,4.211,2.624,-3.234,0.34863,-0.24804,0.86865,28.59
$MAG,236.873,-0.328,0.121,-0.900,27.7
$IMU,236.874,5.371,1.525,-5.004,0.36230,-0.24804,0.86181,28.59
$IMU,236.877,5.615,1.464,-6.042,0.37353,-0.25634,0.86425,28.59
$IMU,236.879,5.676,1.037,-6.469,0.38134,-0.25634,0.86621,28.59
$IMU,236.882,5.249,1.342,-6.408,0.39160,-0.25097,0.85937,28.59
$MAG,236.883,-0.324,0.111,-0.910,27.7
$IMU,236.884,4.760,2.746,-5.737,0.41162,-0.24609,0.85449,28.59
$IMU,236.886,4.150,4.638,-4.638,0.41308,-0.24658,0.85351,28.64
$IMU,236.889,3.540,6.469,-3.479,0.40966,-0.25244,0.86083,28.64
$IMU,236.891,2.441,8.666,-2.380,0.41748,-0.25000,0.85839,28.64
$MAG,236.893,-0.331,0.124,-0.915,27.7
$IMU,236.893,1.281,10.864,-1.342,0.42919,-0.24951,0.85351,28.64
$IMU,236.896,0.000,13.244,-0.122,0.43017,-0.25244,0.85156,28.64
$IMU,236.898,-1.831,16.174,1.098,0.43359,-0.25585,0.86376,28.64
$IMU,236.900,-4.394,20.141,2.502,0.45410,-0.24853,0.85888,28.64
$MAG,236.903,-0.328,0.121,-0.903,27.8
$IMU,236.903,-7.202,24.475,4.394,0.45263,-0.25927,0.86328,28.64
$IMU,236.905,-10.559,27.954,6.408,0.44335,-0.28173,0.89013,28.63
$IMU,236.907,-14.953,30.578,8.544,0.40527,-0.28906,0.90332,28.63
$IMU,236.910,-18.127,32.592,9.948,0.37695,-0.29833,0.90673,28.63
$IMU,236.912,-19.348,33.081,10.253,0.35791,-0.29980,0.89794,28.63
$MAG,236.913,-0.319,0.109,-0.903,27.8
$IMU,236.914,-19.531,33.142,9.765,0.35009,-0.30322,0.89160,28.63
$BARO,236.916,86418.07,28.74
$IMU,236.917,-18.554,32.470,8.850,0.34277,-0.29638,0.88964,28.63
$IMU,236.919,-16.967,31.494,7.629,0.34033,-0.29882,0.88671,28.63
$IMU,236.921,-15.136,30.212,6.774,0.34179,-0.29394,0.89306,28.63
$MAG,236.923,-0.324,0.124,-0.906,27.7
$IMU,236.924,-13.366,28.869,6.103,0.34570,-0.28857,0.89062,28.56
$IMU,236.926,-11.779,27.343,5.859,0.34472,-0.28320,0.89355,28.56
$IMU,236.928,-10.498,25.878,5.798,0.34570,-0.28906,0.89208,28.56
$IMU,236.931,-9.765,24.414,6.164,0.34960,-0.28076,0.88818,28.56
$MAG,236.933,-0.327,0.130,-0.909,27.7
$IMU,236.933,-8.972,22.949,6.469,0.34912,-0.27490,0.88525,28.56
$IMU,236.935,-8.178,21.667,6.774,0.35156,-0.26611,0.89111,28.56
$IMU,236.938,-7.690,20.751,6.958,0.34814,-0.26464,0.88964,28.56
$IMU,236.940,-7.324,20.507,6.896,0.34716,-0.26171,0.88818,28.56
$IMU,236.942,-6.713,20.019,6.652,0.34228,-0.26367,0.88574,28.62
$MAG,236.943,-0.321,0.118,-0.903,27.7
$IMU,236.945,-5.737,19.592,5.981,0.34375,-0.26074,0.87988,28.62
$IMU,236.947,-4.516,19.409,5.065,0.34472,-0.26464,0.87402,28.62
$IMU,236.950,-3.662,19.104,4.211,0.35107,-0.26953,0.87451,28.62
$IMU,236.952,-2.868,18.737,3.723,0.35693,-0.27539,0.87207,28.62
$MAG,236.953,-0.322,0.124,-0.901,27.7
$IMU,236.954,-1.953,18.493,3.479,0.35644,-0.27978,0.86914,28.62
$IMU,236.957,-1.037,18.310,3.417,0.36181,-0.28173,0.87060,28.62
$IMU,236.959,-0.183,18.554,3.295,0.36279,-0.28564,0.87451,28.62
$IMU,236.961,0.732,18.737,3.112,0.36181,-0.29101,0.87890,28.64
$MAG,236.963,-0.306,0.127,-0.903,27.8
$IMU,236.964,1.586,18.981,2.929,0.36718,-0.29199,0.88427,28.64
$IMU,236.966,2.685,19.165,2.502,0.36425,-0.29394,0.88964,28.64
$IMU,236.968,3.723,19.409,2.075,0.36230,-0.29345,0.89697,28.64
$IMU,236.971,5.004,19.409,1.770,0.36523,-0.28955,0.89990,28.64
$MAG,236.973,-0.315,0.123,-0.910,28.0
$IMU,236.973,6.286,19.409,1.464,0.36376,-0.29003,0.90283,28.64
$IMU,236.975,7.629,19.348,1.220,0.36083,-0.28515,0.90527,28.64
$TIME,236.976,446453.000,2399
$IMU,236.978,9.094,18.859,1.037,0.35449,-0.28369,0.90380,28.64
$IMU,236.980,10.437,18.066,0.915,0.35302,-0.28466,0.90820,28.58
$IMU,236.982,11.535,17.272,0.976,0.34912,-0.28662,0.90576,28.58
$MAG,236.983,-0.313,0.118,-0.900,27.7
$IMU,236.985,12.512,16.662,1.220,0.34326,-0.28417,0.90917,28.58
$IMU,236.987,13.244,16.174,1.403,0.34814,-0.29541,0.91015,28.58
$IMU,236.989,13.488,15.991,1.403,0.34521,-0.29687,0.91455,28.58
$IMU,236.992,13.732,16.174,1.281,0.34521,-0.29638,0.91894,28.58
$MAG,236.994,-0.312,0.126,-0.906,27.7
$IMU,236.994,13.610,17.089,1.098,0.33935,-0.29785,0.93017,28.58
$IMU,236.996,13.732,17.639,0.915,0.33691,-0.30322,0.93408,28.58
$IMU,236.999,13.671,18.737,0.915,0.33105,-0.30224,0.93945,28.66
$IMU,237.001,13.549,20.080,0.915,0.33349,-0.30175,0.94482,28.66
$IMU,237.003,13.427,20.874,0.671,0.33349,-0.30419,0.94384,28.66
$MAG,237.004,-0.306,0.115,-0.907,27.7
$IMU,237.006,13.366,21.728,0.610,0.33691,-0.29931,0.94238,28.66
$IMU,237.008,13.732,22.033,0.488,0.33447,-0.30029,0.94482,28.66
$IMU,237.011,14.160,21.606,0.366,0.33740,-0.29736,0.94433,28.66
$IMU,237.013,14.648,21.728,0.366,0.33349,-0.29736,0.94531,28.66
$MAG,237.014,-0.312,0.115,-0.901,27.7
$IMU,237.015,15.197,21.728,0.488,0.33544,-0.29687,0.94335,28.66
$BARO,237.018,86418.27,28.74
$IMU,237.018,15.991,21.057,0.488,0.33691,-0.29638,0.93750,28.63
$IMU,237.020,16.662,20.690,0.366,0.33789,-0.29394,0.93505,28.63
$IMU,237.022,17.578,20.446,0.183,0.33496,-0.29931,0.93408,28.63
$MAG,237.024,-0.303,0.121,-0.912,28.1
$IMU,237.025,18.493,20.263,0.061,0.33593,-0.29931,0.93066,28.63
$IMU,237.027,19.470,20.629,-0.061,0.33496,-0.29980,0.92773,28.63
$IMU,237.029,20.263,20.996,-0.183,0.33447,-0.30761,0.92480,28.63
$IMU,237.032,20.996,21.484,-0.549,0.33447,-0.30615,0.91699,28.63
$VBAT,237.033,4.151
$MAG,237.034,-0.301,0.109,-0.918,27.8
$IMU,237.034,21.789,21.545,-1.037,0.33154,-0.30615,0.91650,28.63
$IMU,237.036,22.521,21.972,-1.892,0.33251,-0.30224,0.91308,28.61
$IMU,237.039,23.315,22.338,-2.563,0.32958,-0.29443,0.91748,28.61
$IMU,237.041,24.169,22.766,-3.051,0.32666,-0.29394,0.91796,28.61
$IMU,237.043,24.780,23.010,-3.601,0.32958,-0.29003,0.91503,28.61
$MAG,237.044,-0.303,0.106,-0.907,27.8
$IMU,237.046,25.329,22.644,-4.638,0.32470,-0.28613,0.91406,28.61
$IMU,237.048,25.817,22.888,-5.493,0.32470,-0.28320,0.91650,28.61
$IMU,237.050,26.489,22.705,-6.042,0.32128,-0.28125,0.91601,28.61
$IMU,237.053,27.099,23.132,-6.713,0.32226,-0.27783,0.91455,28.61
$MAG,237.054,-0.295,0.112,-0.912,27.8
$IMU,237.055,27.832,22.705,-7.507,0.32128,-0.27587,0.91699,28.66
$IMU,237.057,28.625,22.949,-8.117,0.31445,-0.26757,0.91943,28.66
$IMU,237.060,29.785,23.132,-8.422,0.31445,-0.26953,0.91845,28.66
$IMU,237.062,30.578,23.254,-8.483,0.31445,-0.27197,0.91503,28.66
$MAG,237.064,-0.292,0.099,-0.909,27.7
$IMU,237.064,31.433,23.010,-8.728,0.31152,-0.27001,0.91455,28.66
$IMU,237.067,32.409,22.216,-9.216,0.31103,-0.26904,0.91064,28.66
$IMU,237.069,33.203,21.423,-9.948,0.30419,-0.26708,0.91699,28.66
$IMU,237.072,34.240,20.385,-10.620,0.30712,-0.26269,0.91992,28.66
$MAG,237.074,-0.304,0.108,-0.916,27.7
$IMU,237.074,35.156,20.202,-10.864,0.31445,-0.26074,0.91796,28.62
$IMU,237.076,36.315,20.202,-10.925,0.31835,-0.26269,0.92089,28.62
$IMU,237.079,37.353,19.958,-11.169,0.30957,-0.25683,0.93115,28.62
$IMU,237.081,38.024,19.897,-11.474,0.30273,-0.24951,0.93359,28.62
$IMU,237.083,38.635,19.592,-11.901,0.29541,-0.24658,0.93750,28.62
$MAG,237.084,-0.289,0.106,-0.912,28.1
$IMU,237.086,39.062,19.958,-12.390,0.29150,-0.24072,0.93994,28.62
$IMU,237.088,39.489,19.775,-12.878,0.29443,-0.23388,0.94042,28.62
$IMU,237.090,39.855,19.592,-13.610,0.28955,-0.22314,0.93945,28.62
$IMU,237.093,40.527,19.470,-14.221,0.29003,-0.22412,0.94531,28.63
$MAG,237.094,-0.291,0.096,-0.918,27.7
$IMU,237.095,41.564,19.165,-14.465,0.28955,-0.21728,0.94726,28.63
$IMU,237.097,42.358,18.798,-14.404,0.29345,-0.22167,0.94677,28.63
$IMU,237.100,43.090,18.615,-14.465,0.29150,-0.21630,0.94238,28.63
$IMU,237.102,44.128,18.310,-14.526,0.28662,-0.21191,0.94189,28.63
$MAG,237.104,-0.286,0.097,-0.912,27.7
$IMU,237.104,45.227,17.517,-14.709,0.28369,-0.21386,0.94091,28.63
$IMU,237.107,46.386,17.028,-14.709,0.28222,-0.21093,0.94531,28.63
$IMU,237.109,47.424,16.479,-14.526,0.28173,-0.20947,0.94921,28.63
$IMU,237.111,48.400,16.052,-14.038,0.28076,-0.20849,0.95263,28.60
$IMU,237.114,49.377,15.930,-13.244,0.27636,-0.20312,0.95263,28.60
$MAG,237.115,-0.291,0.096,-0.918,27.7
$IMU,237.116,50.109,15.197,-12.634,0.28417,-0.20605,0.95068,28.60
$IMU,237.118,50.842,14.526,-12.634,0.28222,-0.20068,0.95361,28.60
$BARO,237.119,86422.90,28.74
$IMU,237.121,51.940,13.977,-12.756,0.28466,-0.19677,0.94824,28.60
$IMU,237.123,53.100,13.488,-12.878,0.28515,-0.19433,0.95312,28.60
$MAG,237.125,-0.286,0.087,-0.918,28.0
$IMU,237.125,53.955,13.244,-12.939,0.28271,-0.19189,0.95263,28.60
$IMU,237.128,54.687,13.000,-13.183,0.28222,-0.19042,0.95605,28.60
$IMU,237.130,55.419,12.878,-13.366,0.28271,-0.18847,0.95654,28.63
$IMU,237.133,55.969,12.512,-13.427,0.28271,-0.18603,0.95703,28.63
$MAG,237.135,-0.282,0.085,-0.912,27.7
$IMU,237.135,56.335,12.145,-13.488,0.27685,-0.18554,0.95849,28.63
$IMU,237.137,56.762,12.145,-13.305,0.27539,-0.18554,0.96337,28.63
$IMU,237.140,56.701,12.268,-13.061,0.27636,-0.18457,0.96484,28.63
$IMU,237.142,56.518,11.657,-13.183,0.27685,-0.17724,0.96826,28.63
$IMU,237.144,56.274,11.169,-13.305,0.27832,-0.17285,0.96777,28.63
$MAG,237.145,-0.285,0.079,-0.919,28.0
$IMU,237.147,56.091,10.498,-13.366,0.27587,-0.17236,0.96826,28.63
$IMU,237.149,55.786,9.887,-13.488,0.28662,-0.16503,0.96679,28.64
$IMU,237.151,55.175,9.033,-14.160,0.28515,-0.16601,0.97021,28.64
$IMU,237.154,54.443,8.422,-14.770,0.27734,-0.15673,0.97021,28.64
$MAG,237.155,-0.286,0.079,-0.924,27.7
$IMU,237.156,53.710,8.178,-15.319,0.27685,-0.15576,0.97363,28.64
$IMU,237.158,53.100,7.751,-15.563,0.27001,-0.14941,0.97753,28.64
$IMU,237.161,52.368,7.629,-15.258,0.26757,-0.14208,0.98046,28.64
$IMU,237.163,51.330,7.507,-14.770,0.26660,-0.13964,0.97900,28.64
$MAG,237.165,-0.285,0.066,-0.928,27.7
$IMU,237.165,49.865,7.263,-14.282,0.26806,-0.14013,0.97656,28.64
$IMU,237.168,48.583,6.652,-13.977,0.26611,-0.13574,0.97265,28.64
$IMU,237.170,47.241,5.920,-13.977,0.27246,-0.13232,0.96875,28.64
$IMU,237.172,46.264,5.676,-13.793,0.26757,-0.12548,0.96826,28.64
$MAG,237.175,-0.288,0.063,-0.928,27.7
$IMU,237.175,45.043,5.554,-13.488,0.27343,-0.13085,0.96289,28.64
$IMU,237.177,43.640,5.249,-13.488,0.27294,-0.12548,0.95263,28.64
$IMU,237.179,42.541,5.187,-13.854,0.27734,-0.12060,0.95068,28.64
$IMU,237.182,41.320,4.882,-14.709,0.27685,-0.11962,0.94775,28.64
$IMU,237.184,40.405,5.065,-15.502,0.27246,-0.11035,0.94677,28.64
$MAG,237.185,-0.289,0.063,-0.918,28.0
$IMU,237.186,40.100,5.676,-15.686,0.27294,-0.10351,0.94433,28.65
$IMU,237.189,39.733,6.225,-15.625,0.27001,-0.10644,0.94677,28.65
$IMU,237.191,39.367,6.591,-15.319,0.26562,-0.09619,0.94824,28.65
$IMU,237.194,38.879,6.835,-14.892,0.27099,-0.09423,0.94970,28.65
$MAG,237.195,-0.283,0.054,-0.928,27.7
$IMU,237.196,38.208,6.530,-14.526,0.27050,-0.09228,0.95019,28.65
$IMU,237.198,37.292,6.164,-14.465,0.26953,-0.09082,0.95361,28.65
$IMU,237.201,36.621,5.615,-14.404,0.26855,-0.09179,0.95800,28.65
$IMU,237.203,36.254,5.249,-14.099,0.27050,-0.08447,0.96289,28.65
$MAG,237.205,-0.300,0.051,-0.921,27.8
$IMU,237.205,35.583,5.187,-14.099,0.27441,-0.08447,0.96484,28.64
$IMU,237.208,34.912,4.882,-14.404,0.27246,-0.08251,0.96484,28.64
$IMU,237.210,34.423,4.760,-14.831,0.27001,-0.07666,0.96679,28.64
$IMU,237.212,34.179,5.004,-15.319,0.26660,-0.07373,0.96777,28.64
$MAG,237.215,-0.292,0.048,-0.924,27.8
$IMU,237.215,33.874,5.310,-15.808,0.26269,-0.07666,0.97167,28.64
$IMU,237.217,33.630,5.798,-15.991,0.26318,-0.06884,0.97167,28.64
$IMU,237.219,33.508,6.408,-15.686,0.26416,-0.05957,0.97314,28.64
$BARO,237.221,86407.18,28.74
$IMU,237.222,33.447,6.347,-15.380,0.25927,-0.05371,0.97070,28.64
$IMU,237.224,33.508,5.981,-15.014,0.25537,-0.05175,0.97314,28.61
$MAG,237.225,-0.285,0.046,-0.934,27.8
$IMU,237.226,33.630,5.676,-14.221,0.25097,-0.04492,0.97314,28.61
$IMU,237.229,33.630,5.554,-13.305,0.25097,-0.04492,0.97167,28.61
$IMU,237.231,33.447,5.126,-12.084,0.25146,-0.04248,0.97119,28.61
$IMU,237.233,33.081,4.760,-10.803,0.25537,-0.04736,0.96777,28.61
$MAG,237.236,-0.286,0.045,-0.931,27.7
$IMU,237.236,32.348,3.967,-10.070,0.25585,-0.04589,0.96972,28.61
$IMU,237.238,32.043,3.417,-9.399,0.25732,-0.04638,0.96777,28.61
$IMU,237.240,31.677,2.929,-8.728,0.25732,-0.05664,0.96630,28.61
$IMU,237.243,31.127,2.685,-8.239,0.26269,-0.06201,0.96533,28.63
$IMU,237.245,30.517,2.502,-8.117,0.26757,-0.06347,0.95996,28.63
$MAG,237.246,-0.288,0.040,-0.922,27.8
$IMU,237.247,29.968,2.502,-8.239,0.26464,-0.06445,0.95947,28.63
$IMU,237.250,29.663,2.685,-8.178,0.26855,-0.06494,0.96240,28.63
$IMU,237.252,29.052,2.990,-8.178,0.27099,-0.06884,0.96191,28.63
$IMU,237.255,28.625,3.356,-8.300,0.27197,-0.06884,0.96630,28.63
$MAG,237.256,-0.289,0.033,-0.918,28.0
$IMU,237.257,28.015,3.906,-8.483,0.27636,-0.07080,0.96630,28.63
$IMU,237.259,27.709,3.845,-8.666,0.27734,-0.06933,0.96875,28.63
$IMU,237.262,27.526,3.845,-9.033,0.28222,-0.07031,0.97216,28.64
$IMU,237.264,27.343,3.479,-9.643,0.28222,-0.06542,0.97460,28.64
$MAG,237.266,-0.288,0.034,-0.934,28.0
$IMU,237.266,27.221,3.051,-10.253,0.27832,-0.06152,0.97509,28.64
$IMU,237.269,27.221,2.502,-10.620,0.27734,-0.06250,0.98046,28.64
$IMU,237.271,27.160,2.075,-10.559,0.27734,-0.05859,0.98046,28.64
$IMU,237.273,26.977,1.464,-10.314,0.27148,-0.05712,0.97851,28.64
$MAG,237.276,-0.285,0.030,-0.930,27.7
$IMU,237.276,26.367,1.098,-10.070,0.26953,-0.05615,0.97802,28.64
$IMU,237.278,25.512,0.793,-9.826,0.26855,-0.05664,0.97558,28.64
$IMU,237.280,24.597,0.549,-9.460,0.26757,-0.05908,0.97460,28.62
$IMU,237.283,23.376,0.549,-9.155,0.26708,-0.06152,0.97558,28.62
$IMU,237.285,21.972,0.793,-8.972,0.26513,-0.06250,0.97509,28.62
$MAG,237.286,-0.282,0.031,-0.940,27.7
$IMU,237.287,20.568,1.220,-8.972,0.26757,-0.06152,0.97216,28.62
$IMU,237.290,19.042,1.892,-9.033,0.27001,-0.06396,0.97412,28.62
$IMU,237.292,17.578,3.051,-9.094,0.26757,-0.06640,0.97656,28.62
$IMU,237.294,16.479,4.394,-9.033,0.26855,-0.06250,0.97851,28.62
$MAG,237.296,-0.282,0.027,-0.936,28.0
$IMU,237.297,15.747,5.432,-8.972,0.27734,-0.06298,0.97802,28.62
$IMU,237.299,15.319,5.920,-9.216,0.27246,-0.05957,0.97949,28.62
$IMU,237.301,15.197,6.591,-9.338,0.27099,-0.05761,0.97949,28.62
$IMU,237.304,15.258,6.713,-9.216,0.27636,-0.05957,0.98095,28.62
$MAG,237.306,-0.279,0.033,-0.924,27.7
$IMU,237.306,15.380,6.896,-9.155,0.27880,-0.06005,0.98095,28.62
$IMU,237.308,15.747,6.591,-9.277,0.27783,-0.05615,0.97900,28.62
$IMU,237.311,16.052,5.859,-9.582,0.27587,-0.05615,0.97802,28.62
$IMU,237.313,16.235,5.249,-9.948,0.27880,-0.05517,0.97753,28.62
$IMU,237.315,16.296,4.638,-10.437,0.28027,-0.05517,0.97216,28.62
$MAG,237.316,-0.291,0.031,-0.925,27.7
$IMU,237.318,16.296,3.906,-11.230,0.28613,-0.05468,0.97265,28.65
$IMU,237.320,16.052,3.784,-12.084,0.27832,-0.04931,0.97412,28.65
$BARO,237.322,86415.85,28.74
$IMU,237.323,15.991,3.723,-12.817,0.27392,-0.04541,0.97460,28.65
$IMU,237.325,15.686,3.845,-13.244,0.27343,-0.04541,0.97363,28.65
$MAG,237.326,-0.285,0.025,-0.939,28.0
$IMU,237.327,15.380,4.455,-13.366,0.27197,-0.04931,0.97021,28.65
$IMU,237.330,14.892,4.882,-13.549,0.27636,-0.05419,0.96484,28.65
$IMU,237.332,14.343,5.432,-13.671,0.27050,-0.04687,0.96533,28.65
$IMU,237.334,14.343,5.920,-13.854,0.27148,-0.04736,0.96630,28.65
$MAG,237.336,-0.282,0.024,-0.933,27.8
$IMU,237.337,14.404,6.286,-13.854,0.27148,-0.05029,0.96923,28.66
$IMU,237.339,14.587,6.591,-13.732,0.26708,-0.04687,0.96972,28.66
$IMU,237.341,14.709,7.141,-13.488,0.26660,-0.04541,0.97509,28.66
$IMU,237.344,14.953,7.141,-13.366,0.26855,-0.04443,0.97314,28.66
$MAG,237.346,-0.274,0.019,-0.925,28.0
$IMU,237.346,15.014,6.958,-13.427,0.26708,-0.03808,0.97656,28.66
$IMU,237.348,15.258,6.591,-13.610,0.26367,-0.03320,0.97949,28.66
$IMU,237.351,15.625,6.225,-13.732,0.25927,-0.02832,0.98144,28.66
$IMU,237.353,15.808,5.859,-13.732,0.26074,-0.02392,0.98437,28.66
$IMU,237.355,15.808,5.493,-14.038,0.26367,-0.02685,0.98242,28.63
$MAG,237.356,-0.282,0.028,-0.930,28.1
$IMU,237.358,15.380,5.065,-14.282,0.26318,-0.02148,0.98095,28.63
$IMU,237.360,14.892,4.394,-14.587,0.26220,-0.02099,0.98144,28.63
$IMU,237.362,14.770,3.662,-14.831,0.25976,-0.01953,0.98193,28.63
$IMU,237.365,14.831,3.173,-15.075,0.25341,-0.01611,0.98486,28.63
$MAG,237.367,-0.279,0.021,-0.933,27.7
$IMU,237.367,14.770,3.051,-15.258,0.25341,-0.01660,0.98535,28.63
$IMU,237.369,14.953,2.929,-15.197,0.25439,-0.02001,0.98388,28.63
$IMU,237.372,15.136,2.868,-14.953,0.25537,-0.01708,0.98144,28.63
$HUM,237.373,35.3,29.2
$IMU,237.374,15.502,2.624,-14.709,0.25244,-0.01708,0.98046,28.62
$IMU,237.376,15.869,2.441,-14.343,0.25048,-0.01464,0.97802,28.62
$MAG,237.377,-0.280,0.018,-0.934,27.8
$IMU,237.379,15.991,2.624,-13.916,0.24804,-0.01220,0.97851,28.62
$IMU,237.381,15.991,2.685,-13.671,0.24462,-0.01562,0.97558,28.62
$IMU,237.384,15.991,2.685,-13.244,0.25292,-0.00878,0.97314,28.62
$IMU,237.386,16.296,2.624,-12.939,0.23535,-0.00097,0.96630,28.62
$MAG,237.387,-0.280,0.016,-0.936,27.7
$IMU,237.388,17.272,2.258,-14.709,0.19628,0.02490,0.95800,28.62
$IMU,237.391,18.005,1.342,-18.493,0.20117,0.03564,0.96484,28.62
$IMU,237.393,17.883,0.305,-21.423,0.23291,0.02490,0.96972,28.64
$IMU,237.395,16.296,-0.061,-22.155,0.26269,0.04638,1.00000,28.64
$MAG,237.397,-0.283,0.027,-0.927,27.6
$IMU,237.398,13.122,1.525,-21.667,0.27880,0.04980,1.00781,28.64
$IMU,237.400,10.070,3.967,-20.568,0.27343,0.04003,0.99902,28.64
$IMU,237.402,8.422,6.408,-19.226,0.26660,0.03466,0.99804,28.64
$IMU,237.405,7.019,7.995,-17.883,0.24755,0.02929,0.99316,28.64
$MAG,237.407,-0.283,0.009,-0.930,27.7
$IMU,237.407,6.652,8.666,-16.357,0.22998,0.02539,0.98291,28.64
$IMU,237.409,6.958,8.117,-15.197,0.22412,0.03417,0.97900,28.64
$IMU,237.412,7.690,6.896,-14.343,0.22363,0.02441,0.96972,28.67
$IMU,237.414,8.850,5.004,-13.244,0.22802,0.00976,0.96826,28.67
$IMU,237.416,9.826,3.234,-11.413,0.22460,-0.01611,0.96728,28.67
$MAG,237.417,-0.291,0.004,-0.936,27.7
$IMU,237.419,10.864,1.586,-9.094,0.22167,-0.03076,0.96777,28.67
$IMU,237.421,11.779,0.610,-6.896,0.22998,-0.02197,0.97314,28.67
$BARO,237.423,86412.30,28.74
$IMU,237.423,11.962,0.671,-5.249,0.24023,-0.01416,0.97656,28.67
$IMU,237.426,11.535,1.159,-4.089,0.24511,-0.02050,0.97558,28.67
$MAG,237.427,-0.279,0.009,-0.933,27.6
$IMU,237.428,11.169,1.464,-3.295,0.25390,0.04882,0.99072,28.67
$IMU,237.430,9.765,2.502,-4.516,0.27636,0.08056,0.99365,28.58
$IMU,237.433,7.934,2.685,-5.981,0.27197,0.05566,0.97900,28.58
$IMU,237.435,6.958,1.647,-6.408,0.25634,0.02832,0.97119,28.58
$MAG,237.437,-0.282,0.016,-0.934,27.6
$IMU,237.437,6.469,0.427,-6.103,0.24365,0.00683,0.96679,28.58
$IMU,237.440,6.042,-0.732,-5.126,0.23828,-0.00244,0.96728,28.58
$IMU,237.442,5.432,-1.342,-4.089,0.23681,-0.00097,0.96337,28.58
$IMU,237.445,4.760,-1.281,-2.990,0.24609,0.00048,0.96777,28.58
$MAG,237.447,-0.282,0.010,-0.930,27.6
$IMU,237.447,4.455,-1.403,-1.892,0.24658,0.00439,0.96972,28.58
$IMU,237.449,3.906,-1.098,-0.976,0.24658,0.00683,0.96777,28.62
$IMU,237.452,3.967,-1.098,-0.366,0.24267,0.00634,0.96191,28.62
$IMU,237.454,4.150,-1.281,0.061,0.24609,0.00732,0.95947,28.62
$IMU,237.456,4.272,-1.464,0.244,0.24414,0.01074,0.96093,28.62
$MAG,237.457,-0.288,0.012,-0.936,27.7
$IMU,237.459,4.394,-1.892,0.366,0.24658,0.01025,0.96386,28.62
$IMU,237.461,4.455,-2.136,0.549,0.24560,0.00927,0.96533,28.62
$IMU,237.463,4.272,-2.075,0.854,0.24902,0.01171,0.96728,28.62
$IMU,237.466,4.150,-2.197,1.220,0.24658,0.00732,0.96923,28.62
$MAG,237.467,-0.277,0.004,-0.933,27.7
$IMU,237.468,3.723,-2.136,1.708,0.24609,0.00537,0.97363,28.67
$IMU,237.470,3.234,-2.136,2.136,0.24853,0.00390,0.97412,28.67
$IMU,237.473,2.990,-2.502,2.258,0.24902,0.00390,0.97607,28.67
$IMU,237.475,2.807,-2.258,2.319,0.24609,0.00000,0.97705,28.67
$IMU,237.477,2.929,-2.075,2.380,0.24658,-0.00292,0.97851,28.67
$MAG,237.478,-0.273,0.007,-0.927,27.6
$IMU,237.480,3.051,-1.770,2.441,0.24804,-0.00634,0.98193,28.67
$IMU,237.482,3.112,-1.403,2.380,0.25146,-0.00878,0.98193,28.67
$IMU,237.484,3.356,-1.220,2.441,0.25292,-0.01123,0.98144,28.67
$IMU,237.487,3.417,-0.915,2.319,0.25683,-0.00927,0.98095,28.65
$MAG,237.488,-0.283,0.009,-0.933,27.7
$IMU,237.489,3.784,-0.610,2.136,0.25976,-0.00878,0.98486,28.65
$IMU,237.491,4.333,-0.427,1.708,0.25878,-0.01318,0.98730,28.65
$IMU,237.494,4.943,-0.305,1.342,0.25976,-0.01513,0.99023,28.65
$IMU,237.496,5.615,0.305,0.976,0.25683,-0.00878,0.98876,28.65
$MAG,237.498,-0.280,0.012,-0.933,27.7
$IMU,237.498,6.164,0.488,0.610,0.25927,-0.01416,0.98925,28.65
$IMU,237.501,6.896,0.732,0.427,0.25878,-0.01074,0.99169,28.65
$IMU,237.503,7.690,0.732,0.244,0.25976,-0.00830,0.99267,28.65
$IMU,237.506,8.239,0.732,0.122,0.25878,-0.00585,0.99511,28.65
$MAG,237.508,-0.274,0.012,-0.930,27.6
$IMU,237.508,9.033,0.549,-0.061,0.25732,-0.00292,0.99023,28.65
$IMU,237.510,9.704,0.549,-0.122,0.25292,-0.00439,0.98828,28.65
$IMU,237.513,10.375,0.244,-0.122,0.25439,-0.00146,0.98730,28.65
$IMU,237.515,11.047,-0.122,-0.244,0.24902,0.00244,0.99267,28.65
$IMU,237.517,11.535,-0.366,-0.305,0.24853,0.00146,0.99072,28.65
$MAG,237.518,-0.288,0.007,-0.937,27.7
$IMU,237.520,11.718,-0.488,-0.244,0.24902,0.00146,0.99218,28.65
$IMU,237.522,11.901,-0.610,-0.061,0.24902,0.00634,0.98876,28.65
$IMU,237.524,12.207,-0.854,0.183,0.24902,0.00537,0.99023,28.62
$BARO,237.525,86416.93,28.74
$IMU,237.527,12.329,-1.220,0.366,0.25292,0.00537,0.98730,28.62
$MAG,237.528,-0.288,0.000,-0.934,27.7
$IMU,237.529,12.512,-1.525,0.549,0.25341,0.00634,0.98388,28.62
$IMU,237.531,12.451,-2.136,0.671,0.25488,0.01025,0.98291,28.62
$IMU,237.534,12.695,-2.990,0.610,0.25830,0.00683,0.98437,28.62
$IMU,237.536,12.878,-2.990,0.549,0.25976,0.01123,0.98242,28.62
$MAG,237.538,-0.291,0.009,-0.931,27.7
$IMU,237.538,13.244,-2.807,0.427,0.25878,0.01123,0.97949,28.62
$IMU,237.541,13.671,-2.624,0.183,0.25732,0.01025,0.97851,28.62
$IMU,237.543,13.916,-2.136,0.061,0.25732,0.00830,0.97558,28.60
$IMU,237.545,13.916,-1.831,-0.061,0.25976,0.00683,0.97705,28.60
$MAG,237.548,-0.286,0.001,-0.937,27.8
$IMU,237.548,13.916,-1.708,-0.427,0.25878,0.01367,0.97509,28.60
$IMU,237.550,13.732,-1.281,-0.732,0.26367,0.01464,0.97167,28.60
$IMU,237.552,13.488,-0.854,-0.915,0.25878,0.01269,0.96972,28.60
$IMU,237.555,13.549,-0.732,-1.342,0.26269,0.01318,0.96777,28.60
$IMU,237.557,13.488,-0.427,-1.525,0.26611,0.01562,0.96533,28.60
$MAG,237.558,-0.283,0.004,-0.930,27.6
$IMU,237.559,13.366,-0.366,-1.831,0.26464,0.01513,0.96435,28.60
$IMU,237.562,13.244,-0.061,-2.014,0.26562,0.01660,0.96044,28.64
$IMU,237.564,13.061,0.305,-2.136,0.26806,0.01855,0.95800,28.64
$IMU,237.567,13.000,0.488,-2.441,0.26708,0.02148,0.95751,28.64
$MAG,237.568,-0.289,-0.003,-0.928,27.8
$IMU,237.569,13.061,0.610,-2.624,0.26904,0.02001,0.95654,28.64
$IMU,237.571,13.122,1.037,-2.807,0.26904,0.01806,0.96191,28.64
$IMU,237.574,13.183,1.525,-2.929,0.26757,0.01904,0.96289,28.64
$IMU,237.576,13.244,1.953,-2.868,0.27001,0.02441,0.96582,28.64
$MAG,237.578,-0.283,-0.003,-0.928,27.7
$IMU,237.578,13.244,2.136,-2.868,0.26660,0.02050,0.96875,28.64
$IMU,237.581,12.878,2.502,-2.868,0.26562,0.02490,0.97216,28.66
$IMU,237.583,12.634,2.563,-2.868,0.25878,0.02587,0.97412,28.66
$IMU,237.585,12.573,2.502,-2.868,0.25781,0.02441,0.97265,28.66
$MAG,237.588,-0.289,0.001,-0.942,28.0
$IMU,237.588,12.451,2.258,-2.807,0.26123,0.02441,0.97167,28.66
$IMU,237.590,12.268,2.136,-2.685,0.26269,0.02294,0.96972,28.66
$IMU,237.592,12.512,1.770,-2.685,0.26318,0.02587,0.97314,28.66
$IMU,237.595,12.512,1.831,-2.746,0.26269,0.02441,0.97558,28.66
$IMU,237.597,12.817,1.831,-2.746,0.26171,0.02929,0.97314,28.66
$MAG,237.599,-0.288,-0.006,-0.934,28.0
$IMU,237.599,13.244,1.953,-2.685,0.26269,0.02880,0.97558,28.62
$IMU,237.602,13.549,2.075,-2.624,0.25537,0.03173,0.97509,28.62
$IMU,237.604,13.854,2.075,-2.563,0.25488,0.02978,0.97412,28.62
$IMU,237.606,14.343,2.075,-2.380,0.25585,0.03173,0.97705,28.62
$MAG,237.609,-0.276,-0.007,-0.936,27.7
$IMU,237.609,14.709,1.403,-1.953,0.25830,0.03222,0.97949,28.62
$IMU,237.611,14.953,0.671,-1.525,0.25781,0.03027,0.98193,28.62
$IMU,237.613,15.075,0.244,-1.098,0.25781,0.03125,0.98242,28.62
$IMU,237.616,15.136,0.183,-0.732,0.25439,0.03320,0.98535,28.62
$IMU,237.618,15.380,-0.244,-0.549,0.25488,0.02978,0.98681,28.64
$MAG,237.619,-0.286,0.003,-0.933,27.8
$IMU,237.620,15.502,-0.305,-0.244,0.25830,0.03320,0.98681,28.64
$IMU,237.623,15.441,-0.427,0.061,0.25878,0.03320,0.98828,28.64
$IMU,237.625,15.441,-0.915,0.366,0.25830,0.03515,0.98486,28.64
$BARO,237.626,86414.29,28.73
$IMU,237.628,15.319,-1.159,0.488,0.25537,0.03906,0.98535,28.64
$MAG,237.629,-0.286,-0.012,-0.931,27.8
$IMU,237.630,14.892,-0.915,0.488,0.25976,0.03515,0.98388,28.64
$IMU,237.632,14.587,-1.098,0.427,0.26220,0.03271,0.98388,28.64
$IMU,237.635,14.343,-1.403,0.366,0.26416,0.03320,0.98095,28.64
$IMU,237.637,13.916,-1.525,0.549,0.26611,0.03076,0.97753,28.60
$MAG,237.639,-0.282,-0.009,-0.934,27.8
$IMU,237.639,13.732,-1.281,0.488,0.26855,0.03076,0.97460,28.60
$IMU,237.642,13.610,-1.220,0.366,0.26562,0.03271,0.97656,28.60
$IMU,237.644,13.549,-0.732,0.183,0.26757,0.03173,0.97460,28.60
$IMU,237.646,13.427,-0.427,-0.305,0.27099,0.03173,0.96923,28.60
$MAG,237.649,-0.291,-0.015,-0.939,27.7
$IMU,237.649,13.488,-0.061,-0.793,0.27050,0.03515,0.96777,28.60
$IMU,237.651,13.549,0.061,-1.159,0.27099,0.03466,0.97021,28.60
$IMU,237.653,13.549,0.122,-1.464,0.27197,0.03271,0.96728,28.60
$IMU,237.656,13.366,0.488,-1.708,0.26953,0.03564,0.96582,28.62
$IMU,237.658,13.122,0.610,-1.892,0.27441,0.03759,0.96679,28.62
$MAG,237.659,-0.280,-0.015,-0.937,27.7
$IMU,237.660,13.000,0.122,-2.014,0.27099,0.03466,0.96728,28.62
$IMU,237.663,12.695,-0.122,-2.136,0.26855,0.03906,0.96826,28.62
$IMU,237.665,12.329,-0.366,-2.441,0.26855,0.03906,0.96679,28.62
$IMU,237.667,12.512,-0.610,-2.929,0.26513,0.04003,0.96972,28.62
$IMU,237.670,12.573,-0.671,-3.479,0.26562,0.04003,0.96972,28.62
$MAG,237.669,-0.280,-0.010,-0.939,27.7
$IMU,237.672,12.451,-0.366,-3.723,0.27050,0.04150,0.97558,28.62
$IMU,237.674,12.390,-0.793,-3.845,0.27001,0.04150,0.97753,28.62
$IMU,237.677,12.145,-0.915,-3.723,0.26708,0.04052,0.97509,28.62
$MAG,237.679,-0.282,-0.013,-0.937,27.7
$IMU,237.679,11.840,-0.854,-3.723,0.26611,0.03808,0.97412,28.62
$IMU,237.681,11.535,-0.488,-3.784,0.26025,0.04101,0.97412,28.62
$IMU,237.684,11.596,-0.366,-4.150,0.26171,0.04003,0.97412,28.62
$IMU,237.686,11.840,-0.305,-4.455,0.26416,0.03857,0.97363,28.62
$MAG,237.689,-0.283,-0.018,-0.939,27.7
$IMU,237.689,11.840,0.000,-4.699,0.26562,0.03759,0.97412,28.62
$IMU,237.691,11.901,0.244,-4.760,0.26757,0.03369,0.97656,28.62
$IMU,237.693,12.084,0.183,-4.943,0.26562,0.03515,0.97558,28.66
$IMU,237.696,12.084,0.366,-5.004,0.26318,0.03222,0.97265,28.66
$IMU,237.698,12.451,0.305,-5.126,0.26513,0.03466,0.97607,28.66
$MAG,237.699,-0.291,-0.018,-0.930,27.8
$IMU,237.700,13.000,0.183,-5.432,0.26611,0.03369,0.98242,28.66
$IMU,237.703,13.488,0.366,-5.676,0.26562,0.03808,0.98681,28.66
$IMU,237.705,14.038,0.732,-5.981,0.26416,0.04150,0.99121,28.66
$IMU,237.707,14.526,0.915,-6.286,0.25976,0.04980,0.99511,28.66
$MAG,237.709,-0.289,-0.015,-0.937,27.7
$IMU,237.710,15.319,0.732,-6.591,0.26025,0.05419,0.99316,28.66
$IMU,237.712,16.174,0.671,-6.591,0.25781,0.05908,0.99169,28.62
$IMU,237.714,16.906,0.000,-6.347,0.25585,0.06250,0.99414,28.62
$IMU,237.717,17.395,-0.610,-6.042,0.25390,0.06298,0.99267,28.62
$IMU,237.719,17.578,-1.037,-5.554,0.25146,0.06591,0.99023,28.62
$MAG,237.720,-0.282,-0.016,-0.933,27.7
$IMU,237.721,17.761,-1.831,-5.004,0.24658,0.06591,0.99072,28.62
$IMU,237.724,17.761,-2.380,-4.211,0.24902,0.06494,0.98779,28.62
$IMU,237.726,17.517,-2.624,-3.417,0.24853,0.06396,0.98486,28.62
$BARO,237.728,86414.59,28.75
$IMU,237.728,17.150,-2.685,-2.807,0.24658,0.06982,0.98144,28.62
$MAG,237.730,-0.286,-0.025,-0.928,27.7
$IMU,237.731,16.479,-2.807,-2.319,0.24804,0.06835,0.98388,28.65
$IMU,237.733,15.563,-2.624,-1.892,0.25000,0.07128,0.98291,28.65
$IMU,237.735,14.343,-2.136,-1.770,0.25585,0.07031,0.98193,28.65
$IMU,237.738,13.366,-1.708,-1.647,0.25488,0.07031,0.97900,28.65
$MAG,237.740,-0.286,-0.022,-0.936,28.0
$IMU,237.740,12.268,-1.342,-1.647,0.25927,0.07275,0.97802,28.65
$IMU,237.742,11.291,-0.976,-1.647,0.26171,0.07080,0.97460,28.65
$IMU,237.745,10.620,-0.732,-1.770,0.25634,0.07226,0.96875,28.65
$IMU,237.747,10.192,-0.549,-1.892,0.26074,0.06738,0.97021,28.65
$IMU,237.749,9.765,-0.305,-1.953,0.26367,0.07275,0.96728,28.66
$MAG,237.750,-0.288,-0.027,-0.930,27.6
$IMU,237.752,9.094,0.061,-1.953,0.26220,0.07226,0.97021,28.66
$IMU,237.754,8.422,0.244,-1.953,0.26123,0.06933,0.96582,28.66
$IMU,237.757,7.568,0.732,-1.892,0.26416,0.07177,0.96435,28.66
$IMU,237.759,6.530,1.159,-2.075,0.26464,0.07080,0.96240,28.66
$MAG,237.760,-0.285,-0.019,-0.930,27.7
$IMU,237.761,5.737,1.220,-2.319,0.26318,0.07568,0.96240,28.66
$IMU,237.764,5.126,1.464,-2.624,0.26660,0.07177,0.95996,28.66
$IMU,237.766,4.455,1.953,-3.051,0.26123,0.06982,0.95996,28.66
$IMU,237.768,3.967,2.380,-3.417,0.26269,0.06884,0.96142,28.63
$IMU,237.771,3.601,2.807,-3.723,0.26367,0.06933,0.96191,28.63
$MAG,237.770,-0.291,-0.022,-0.936,27.8
$IMU,237.773,3.601,2.990,-3.967,0.26660,0.06787,0.96191,28.63
$IMU,237.775,3.662,3.173,-4.089,0.26416,0.06982,0.96435,28.63
$IMU,237.778,3.967,2.990,-4.150,0.26464,0.06884,0.96728,28.63
$MAG,237.780,-0.285,-0.019,-0.936,27.7
$IMU,237.780,4.272,2.624,-4.333,0.25976,0.07128,0.96679,28.63
$IMU,237.782,4.577,2.441,-4.699,0.26123,0.06738,0.97070,28.63
$IMU,237.785,5.126,2.258,-4.882,0.26171,0.06933,0.97460,28.63
$IMU,237.787,5.371,2.014,-5.126,0.26171,0.06640,0.97558,28.69
$IMU,237.789,5.676,1.708,-5.371,0.25878,0.07128,0.97705,28.69
$MAG,237.790,-0.283,-0.031,-0.930,27.7
$IMU,237.792,5.920,1.892,-5.432,0.25830,0.06738,0.98193,28.69
$IMU,237.794,6.225,1.892,-5.371,0.26074,0.07177,0.97998,28.69
$IMU,237.796,6.286,2.136,-5.065,0.25634,0.07275,0.98339,28.69
$IMU,237.799,6.530,2.136,-4.699,0.25634,0.07080,0.98388,28.69
$MAG,237.800,-0.289,-0.024,-0.922,28.0
$IMU,237.801,6.774,2.014,-4.211,0.25537,0.07324,0.98632,28.69
$IMU,237.803,7.263,1.281,-3.784,0.25732,0.07226,0.98632,28.69
$IMU,237.806,7.751,0.854,-3.356,0.25390,0.07177,0.98291,28.66
$IMU,237.808,8.239,0.488,-3.112,0.25244,0.06933,0.98681,28.66
$MAG,237.810,-0.276,-0.016,-0.933,27.7
$IMU,237.810,8.911,0.061,-2.929,0.25097,0.07421,0.98681,28.66
$IMU,237.813,9.399,-0.244,-2.563,0.25732,0.07763,0.98779,28.66
$IMU,237.815,9.582,-0.488,-2.014,0.25488,0.07373,0.98779,28.66
$IMU,237.818,9.338,-0.610,-1.770,0.25439,0.07568,0.98681,28.66
$IMU,237.820,9.155,-1.098,-1.708,0.25488,0.07812,0.98046,28.66
$MAG,237.820,-0.289,-0.027,-0.933,27.8
$IMU,237.822,9.094,-1.403,-1.708,0.24804,0.08251,0.98242,28.66
$IMU,237.825,9.216,-1.464,-1.525,0.25000,0.07958,0.98535,28.63
$IMU,237.827,9.155,-1.708,-0.976,0.24951,0.07666,0.98388,28.63
$BARO,237.829,86416.51,28.74
$IMU,237.829,8.911,-1.708,-0.366,0.24804,0.07714,0.97949,28.63
$MAG,237.830,-0.277,-0.031,-0.939,27.6
$IMU,237.832,8.361,-1.525,0.122,0.24853,0.08154,0.97802,28.63
$IMU,237.834,8.056,-1.770,0.488,0.25439,0.08203,0.97216,28.63
$IMU,237.836,7.995,-1.831,0.610,0.25292,0.08105,0.96826,28.63
$IMU,237.839,8.239,-1.953,0.305,0.25585,0.07763,0.96582,28.63
$MAG,237.841,-0.280,-0.024,-0.939,27.7
$IMU,237.841,8.300,-1.586,-0.122,0.25537,0.08105,0.96484,28.63
$IMU,237.843,8.422,-1.159,-0.488,0.25830,0.08056,0.96533,28.65
$IMU,237.846,8.300,-0.732,-0.793,0.26220,0.08349,0.96630,28.65
$IMU,237.848,7.934,-0.488,-0.793,0.26708,0.08447,0.96630,28.65
$IMU,237.850,7.507,-0.427,-0.854,0.26513,0.08105,0.96582,28.65
$MAG,237.851,-0.292,-0.033,-0.930,27.8
$IMU,237.853,7.385,-0.244,-1.098,0.25878,0.07958,0.96435,28.65
$IMU,237.855,7.202,0.122,-1.586,0.26025,0.08105,0.96044,28.65
$IMU,237.857,6.774,0.671,-1.647,0.26269,0.07861,0.96240,28.65
$IMU,237.860,6.225,1.098,-1.586,0.26269,0.08203,0.96337,28.65
$MAG,237.861,-0.283,-0.034,-0.936,27.8
$IMU,237.862,5.798,1.159,-1.586,0.26171,0.07910,0.96386,28.64
$IMU,237.864,5.310,1.525,-1.586,0.26171,0.07910,0.96582,28.64
$IMU,237.867,4.943,1.525,-1.708,0.25878,0.08251,0.96728,28.64
$IMU,237.869,4.455,1.892,-2.014,0.25976,0.08056,0.96630,28.64
$MAG,237.871,-0.288,-0.030,-0.934,27.7
$IMU,237.871,4.211,2.014,-2.319,0.26318,0.07910,0.96728,28.64
$IMU,237.874,4.089,2.075,-2.624,0.26171,0.07763,0.96923,28.64
$IMU,237.876,4.089,2.319,-2.929,0.26025,0.08154,0.96972,28.64
$IMU,237.879,4.089,2.380,-2.990,0.25976,0.08105,0.97070,28.64
$MAG,237.881,-0.285,-0.028,-0.940,28.0
$IMU,237.881,3.845,2.563,-3.112,0.25830,0.08300,0.97216,28.67
$IMU,237.883,3.845,2.746,-3.295,0.26074,0.08105,0.97265,28.67
$IMU,237.886,3.845,3.051,-3.479,0.25732,0.08056,0.97607,28.67
$IMU,237.888,4.150,3.112,-3.723,0.25585,0.08789,0.97851,28.67
$IMU,237.890,4.394,3.234,-4.028,0.25390,0.08593,0.98242,28.67
$MAG,237.891,-0.288,-0.022,-0.940,28.0
$IMU,237.893,4.882,2.990,-4.211,0.25537,0.08984,0.98095,28.67
$IMU,237.895,5.004,3.234,-4.089,0.25634,0.08837,0.98437,28.67
$IMU,237.897,5.310,2.929,-3.967,0.25390,0.09179,0.98535,28.67
$IMU,237.900,5.371,2.624,-3.723,0.25634,0.09130,0.98388,28.67
$MAG,237.901,-0.288,-0.031,-0.934,27.6
$IMU,237.902,5.798,2.075,-3.601,0.25195,0.08984,0.98583,28.67
$IMU,237.904,6.164,1.708,-3.479,0.25000,0.09033,0.98583,28.67
$IMU,237.907,6.530,1.525,-2.990,0.25000,0.08789,0.98535,28.67
$IMU,237.909,6.835,1.281,-2.258,0.24951,0.09228,0.98339,28.67
$MAG,237.911,-0.285,-0.028,-0.936,27.7
$IMU,237.911,7.019,1.037,-1.586,0.24902,0.09521,0.98486,28.67
$IMU,237.914,7.324,0.488,-1.098,0.24658,0.09521,0.98437,28.67
$IMU,237.916,7.751,-0.183,-0.671,0.25000,0.09619,0.98828,28.67
$IMU,237.918,8.117,-0.793,-0.183,0.24804,0.09521,0.98779,28.64
$MAG,237.921,-0.274,-0.036,-0.937,27.8
$IMU,237.921,8.300,-1.281,0.244,0.24511,0.09960,0.98828,28.64
$IMU,237.923,8.605,-1.647,0.610,0.24804,0.09619,0.98779,28.64
$IMU,237.925,8.666,-1.708,0.854,0.24511,0.09814,0.98681,28.64
$IMU,237.928,8.728,-1.770,1.281,0.24902,0.09960,0.98486,28.64
$IMU,237.930,8.728,-2.075,1.708,0.25000,0.09765,0.98486,28.64
$BARO,237.931,86419.49,28.74
$MAG,237.931,-0.286,-0.042,-0.937,27.7
$IMU,237.932,8.422,-2.258,2.075,0.25097,0.09912,0.98193,28.64
$IMU,237.935,7.995,-2.319,2.197,0.25048,0.09716,0.97949,28.64
$IMU,237.937,7.446,-2.197,2.258,0.25195,0.10009,0.98046,28.70
$IMU,237.940,7.019,-2.319,2.136,0.25292,0.10009,0.97656,28.70
$MAG,237.941,-0.283,-0.034,-0.940,27.8
$IMU,237.942,6.530,-2.258,2.136,0.25683,0.10156,0.97460,28.70
$IMU,237.944,6.164,-2.258,2.014,0.25585,0.10449,0.97119,28.70
$IMU,237.947,5.615,-2.136,1.892,0.26220,0.10156,0.97216,28.70
$IMU,237.949,5.065,-1.953,1.647,0.26220,0.10156,0.97363,28.70
$MAG,237.951,-0.285,-0.037,-0.936,27.7
$IMU,237.951,4.577,-1.770,1.525,0.26171,0.09863,0.96826,28.70
$IMU,237.954,4.333,-1.770,1.464,0.26367,0.09521,0.96630,28.70
$IMU,237.956,3.967,-1.464,1.281,0.26171,0.09570,0.96240,28.66
$IMU,237.958,3.845,-1.342,1.098,0.26416,0.08886,0.96435,28.66
$MAG,237.961,-0.273,-0.031,-0.934,27.7
$IMU,237.961,3.540,-1.098,0.915,0.26269,0.09277,0.96875,28.66
$IMU,237.963,3.173,-0.854,0.549,0.26220,0.09326,0.96728,28.66
$IMU,237.965,2.929,-0.488,0.183,0.26513,0.09423,0.96533,28.66
$IMU,237.968,2.685,-0.244,-0.122,0.26611,0.09619,0.96484,28.66
$IMU,237.970,2.380,-0.183,-0.488,0.26269,0.09130,0.96386,28.66
$MAG,237.972,-0.285,-0.037,-0.946,27.7
$IMU,237.972,2.258,-0.183,-0.854,0.26416,0.09277,0.96679,28.66
$IMU,237.975,2.014,-0.122,-1.098,0.26318,0.09472,0.96826,28.62
$TIME,237.976,446454.000,2399
$IMU,237.977,2.075,-0.610,-1.586,0.26464,0.09375,0.96679,28.62
$IMU,237.979,2.197,-0.671,-1.953,0.26269,0.08886,0.96728,28.62
$MAG,237.982,-0.280,-0.036,-0.934,27.8
$IMU,237.982,2.197,-0.671,-2.197,0.26074,0.08935,0.96582,28.62
$IMU,237.984,2.197,-0.366,-2.319,0.26367,0.09179,0.96728,28.62
$IMU,237.986,2.197,0.000,-2.319,0.25976,0.09472,0.96826,28.62
$IMU,237.989,2.380,0.061,-2.380,0.25341,0.09765,0.96679,28.62
$IMU,237.991,2.197,0.488,-2.380,0.25390,0.09716,0.96826,28.62
$MAG,237.992,-0.279,-0.039,-0.937,27.8
$IMU,237.993,2.197,0.854,-2.441,0.25537,0.09472,0.96875,28.60
$IMU,237.996,2.136,0.854,-2.319,0.25292,0.09765,0.96972,28.60
$IMU,237.998,2.258,0.854,-2.136,0.25341,0.10009,0.97167,28.60
$IMU,238.001,2.563,0.732,-2.014,0.25195,0.09863,0.97363,28.60
$MAG,238.002,-0.291,-0.036,-0.937,27.8
$IMU,238.003,2.990,0.427,-1.831,0.25048,0.10205,0.97460,28.60
$IMU,238.005,3.295,0.305,-1.525,0.24853,0.09765,0.97607,28.60
$IMU,238.008,3.479,0.305,-1.098,0.25341,0.09912,0.97460,28.60
$IMU,238.010,3.479,0.183,-0.610,0.24902,0.09863,0.97607,28.60
$MAG,238.012,-0.277,-0.039,-0.940,27.8
$IMU,238.012,3.479,0.061,-0.305,0.25292,0.10351,0.97705,28.64
$IMU,238.015,3.295,0.122,0.000,0.25390,0.10156,0.97753,28.64
$IMU,238.017,3.112,0.000,0.183,0.25292,0.10058,0.97656,28.64
$IMU,238.019,2.990,-0.061,0.244,0.25488,0.10009,0.97558,28.64
$MAG,238.022,-0.286,-0.039,-0.940,27.7
$IMU,238.022,2.990,-0.183,0.244,0.25878,0.10058,0.97412,28.64
$IMU,238.024,2.807,-0.305,0.366,0.25732,0.09863,0.97705,28.64
$IMU,238.026,2.746,-0.183,0.488,0.25488,0.09667,0.97851,28.64
$IMU,238.029,2.685,0.061,0.610,0.25537,0.09912,0.97900,28.64
$IMU,238.031,2.990,-0.244,0.732,0.25390,0.09521,0.98046,28.64
$BARO,238.032,86412.49,28.74
$MAG,238.032,-0.285,-0.037,-0.937,27.7
$IMU,238.033,3.295,-0.488,0.854,0.25439,0.10058,0.98095,28.64
$IMU,238.036,3.417,-0.549,0.976,0.25537,0.09619,0.97949,28.64
$IMU,238.038,3.662,-0.793,1.220,0.25097,0.10205,0.98193,28.64
$IMU,238.040,3.784,-0.915,1.464,0.25292,0.10156,0.98583,28.64
$VBAT,238.040,4.121
$MAG,238.042,-0.288,-0.048,-0.937,27.7
$IMU,238.043,3.784,-1.098,1.586,0.25146,0.10546,0.98681,28.64
$IMU,238.045,3.723,-1.647,1.892,0.24804,0.10644,0.98828,28.64
$IMU,238.047,3.662,-1.831,2.197,0.25097,0.10888,0.98828,28.64
$IMU,238.050,3.356,-2.075,2.441,0.24951,0.10498,0.98486,28.65
$MAG,238.052,-0.277,-0.036,-0.943,27.7
$IMU,238.052,3.051,-2.563,2.685,0.25244,0.10888,0.98535,28.65
$IMU,238.054,2.685,-2.624,2.807,0.25097,0.11376,0.98437,28.65
$IMU,238.057,2.258,-2.563,2.929,0.25244,0.11523,0.97998,28.65
$IMU,238.059,2.075,-2.929,2.868,0.25488,0.11572,0.97802,28.65
$MAG,238.062,-0.283,-0.034,-0.931,27.7
$IMU,238.062,1.953,-2.868,2.746,0.25683,0.11914,0.97167,28.65
$IMU,238.064,1.708,-2.868,2.807,0.25927,0.11621,0.97216,28.65
$IMU,238.066,1.464,-2.807,2.868,0.25537,0.11279,0.96972,28.65
$IMU,238.069,1.342,-2.624,2.807,0.25732,0.11181,0.97021,28.66
$IMU,238.071,0.915,-2.563,2.746,0.25585,0.11230,0.97070,28.66
$MAG,238.072,-0.288,-0.040,-0.931,27.8
$IMU,238.073,0.671,-2.380,2.746,0.25683,0.10546,0.96777,28.66
$IMU,238.076,0.488,-2.136,2.807,0.25439,0.10205,0.96777,28.66
$IMU,238.078,0.366,-2.075,2.807,0.25390,0.10205,0.96777,28.66
$IMU,238.080,0.244,-1.892,2.746,0.25732,0.10400,0.96679,28.66
$MAG,238.083,-0.295,-0.046,-0.936,27.7
$IMU,238.083,0.061,-1.770,2.746,0.26025,0.10888,0.96777,28.66
$IMU,238.085,-0.183,-1.770,2.563,0.25976,0.10791,0.97167,28.66
$IMU,238.087,-0.488,-1.586,2.441,0.26513,0.11035,0.96826,28.67
$IMU,238.090,-0.915,-1.159,2.319,0.25878,0.10595,0.96289,28.67
$IMU,238.092,-0.976,-1.037,2.258,0.26269,0.10253,0.96093,28.67
$MAG,238.093,-0.288,-0.034,-0.930,27.7
$IMU,238.094,-0.976,-0.976,2.075,0.26025,0.10107,0.95849,28.67
$IMU,238.097,-0.915,-1.037,1.831,0.26269,0.09912,0.95898,28.67
$IMU,238.099,-0.854,-0.732,1.770,0.26220,0.09960,0.96093,28.67
$IMU,238.101,-0.915,-0.427,1.831,0.26220,0.10009,0.96093,28.67
$MAG,238.103,-0.285,-0.045,-0.942,27.8
$IMU,238.104,-1.098,-0.488,1.770,0.26464,0.09814,0.96142,28.67
$IMU,238.106,-1.220,-0.305,1.647,0.26171,0.09472,0.96435,28.64
$IMU,238.108,-1.464,-0.122,1.342,0.26562,0.09326,0.96484,28.64
$IMU,238.111,-1.770,0.000,0.976,0.26513,0.08984,0.96484,28.64
$MAG,238.113,-0.282,-0.042,-0.942,27.7
$IMU,238.113,-1.831,0.244,0.732,0.26660,0.09326,0.96191,28.64
$IMU,238.115,-1.831,0.488,0.488,0.26660,0.09375,0.96777,28.64
$IMU,238.118,-1.770,0.488,0.000,0.26562,0.08935,0.97070,28.64
$IMU,238.120,-1.770,0.915,-0.244,0.26611,0.08886,0.96826,28.64
$IMU,238.122,-1.464,0.976,-0.366,0.26757,0.08789,0.96972,28.64
$MAG,238.123,-0.282,-0.039,-0.931,27.7
$IMU,238.125,-1.098,1.037,-0.671,0.26318,0.08496,0.97070,28.65
$IMU,238.127,-0.732,1.220,-0.854,0.26464,0.08691,0.97412,28.65
$IMU,238.130,-0.061,1.159,-1.037,0.26025,0.08886,0.97558,28.65
$IMU,238.132,0.366,1.403,-1.159,0.25830,0.09033,0.97851,28.65
$MAG,238.133,-0.289,-0.045,-0.940,28.1
$BARO,238.134,86416.46,28.74
$IMU,238.134,0.610,1.525,-1.159,0.25927,0.09960,0.97998,28.65
$IMU,238.137,0.915,1.525,-1.220,0.25634,0.10107,0.97900,28.65
$IMU,238.139,0.976,1.525,-1.220,0.25390,0.10302,0.97998,28.65
$IMU,238.141,0.915,1.403,-1.098,0.25195,0.10351,0.98291,28.65
$MAG,238.143,-0.282,-0.039,-0.936,27.6
$IMU,238.144,0.915,1.281,-0.915,0.24951,0.10986,0.98632,28.69
$IMU,238.146,0.732,1.220,-0.610,0.24658,0.11279,0.98925,28.69
$IMU,238.148,0.732,1.220,-0.183,0.24316,0.11767,0.99365,28.69
$IMU,238.151,0.488,1.037,0.061,0.24414,0.12158,0.99609,28.69
$MAG,238.153,-0.292,-0.040,-0.931,27.8
$IMU,238.153,0.488,0.671,0.427,0.24560,0.12841,0.99658,28.69
$IMU,238.155,0.549,0.183,0.976,0.24316,0.13183,0.99365,28.69
$IMU,238.158,0.488,-0.549,1.770,0.24072,0.13281,0.99365,28.69
$IMU,238.160,0.244,-1.037,2.441,0.24023,0.13867,0.99218,28.69
$IMU,238.162,-0.122,-1.586,2.990,0.23730,0.14404,0.99414,28.65
$MAG,238.163,-0.292,-0.040,-0.945,27.7
$IMU,238.165,-0.610,-2.136,3.479,0.24121,0.14599,0.98925,28.65
$IMU,238.167,-1.220,-2.441,3.906,0.24414,0.13720,0.98046,28.65
$IMU,238.169,-1.586,-2.868,4.516,0.24121,0.14208,0.98193,28.65
$IMU,238.172,-2.502,-2.807,4.699,0.24658,0.13867,0.97753,28.65
$MAG,238.173,-0.279,-0.046,-0.931,27.7
$IMU,238.174,-3.295,-2.624,4.943,0.24853,0.13964,0.97558,28.65
$IMU,238.176,-4.028,-2.319,5.004,0.25097,0.13623,0.97119,28.65
$IMU,238.179,-4.638,-1.953,5.187,0.25048,0.13134,0.96875,28.65
$IMU,238.181,-5.126,-1.708,5.249,0.25195,0.12353,0.96923,28.63
$MAG,238.183,-0.285,-0.046,-0.930,27.7
$IMU,238.183,-5.615,-1.403,5.371,0.25195,0.12158,0.96630,28.63
$IMU,238.186,-5.798,-1.464,5.493,0.25390,0.11865,0.96289,28.63
$IMU,238.188,-5.920,-1.525,5.615,0.25683,0.11279,0.96337,28.63
$IMU,238.191,-5.981,-1.831,5.859,0.26123,0.11181,0.96289,28.63
$MAG,238.193,-0.277,-0.039,-0.928,27.8
$IMU,238.193,-6.103,-1.831,5.798,0.25976,0.11279,0.96435,28.63
$IMU,238.195,-6.103,-2.014,5.615,0.25927,0.11035,0.96630,28.63
$IMU,238.198,-6.164,-2.197,5.432,0.26367,0.10449,0.96582,28.63
$IMU,238.200,-6.713,-1.708,5.249,0.26611,0.10205,0.96875,28.68
$IMU,238.202,-7.019,-1.464,4.821,0.27001,0.09960,0.96484,28.68
$MAG,238.204,-0.282,-0.037,-0.943,27.7
$IMU,238.205,-7.385,-1.220,4.577,0.26660,0.09716,0.96582,28.68
$IMU,238.207,-7.995,-0.610,4.272,0.26904,0.08984,0.96582,28.68
$IMU,238.209,-8.178,-0.671,4.028,0.26904,0.08837,0.96484,28.68
$IMU,238.212,-8.483,-0.183,3.784,0.27050,0.08691,0.96289,28.68
$MAG,238.214,-0.286,-0.040,-0.936,27.8
$IMU,238.214,-8.666,-0.122,3.540,0.26953,0.07812,0.96386,28.68
$IMU,238.216,-8.972,0.122,3.295,0.27050,0.07275,0.96484,28.68
$IMU,238.219,-9.277,0.488,3.173,0.27246,0.07812,0.96533,28.66
$IMU,238.221,-9.460,0.854,2.746,0.27246,0.08300,0.96582,28.66
$IMU,238.223,-10.070,1.403,2.258,0.27294,0.08056,0.96337,28.66
$MAG,238.224,-0.282,-0.034,-0.937,27.7
$IMU,238.226,-10.375,2.075,1.770,0.27587,0.07763,0.96093,28.66
$IMU,238.228,-10.375,2.563,1.342,0.27343,0.07714,0.96093,28.66
$IMU,238.230,-10.192,2.868,0.915,0.27001,0.06835,0.96337,28.66
$IMU,238.233,-9.887,3.173,0.549,0.27539,0.06689,0.96386,28.66
$MAG,238.234,-0.282,-0.036,-0.933,27.8
$BARO,238.235,86407.10,28.73
$IMU,238.235,-9.704,3.479,0.366,0.27197,0.06689,0.96240,28.66
$IMU,238.237,-9.094,3.112,0.305,0.27294,0.06494,0.96386,28.69
$IMU,238.240,-8.422,3.173,0.122,0.27099,0.06591,0.96240,28.69
$IMU,238.242,-7.690,2.990,-0.061,0.27099,0.07470,0.96923,28.69
$MAG,238.244,-0.285,-0.036,-0.927,27.7
$IMU,238.244,-7.324,2.929,-0.244,0.26953,0.07177,0.97851,28.69
$IMU,238.247,-7.202,3.051,-0.183,0.27246,0.07958,0.98437,28.69
$IMU,238.249,-7.080,3.479,-0.244,0.27392,0.08935,0.98632,28.69
$IMU,238.252,-7.141,3.723,-0.061,0.27392,0.09277,0.98925,28.69
$MAG,238.254,-0.282,-0.033,-0.942,27.7
$IMU,238.254,-6.958,3.540,0.488,0.26953,0.08740,0.98681,28.69
$IMU,238.256,-6.408,3.295,1.281,0.26123,0.09179,0.98779,28.67
$IMU,238.259,-5.920,2.990,2.380,0.28125,0.07714,0.98242,28.67
$IMU,238.261,-2.319,0.854,5.554,0.27099,0.02343,0.91796,28.67
$IMU,238.263,2.929,-3.295,8.911,0.25244,0.05273,0.97705,28.67
$MAG,238.264,-0.286,-0.037,-0.937,27.7
$IMU,238.266,4.638,-5.615,11.047,0.25488,0.05761,0.99316,28.67
$IMU,238.268,4.455,-5.676,13.671,0.25341,-0.01953,0.99560,28.67
$IMU,238.270,4.577,-4.638,15.686,0.21484,0.05761,0.98876,28.67
$IMU,238.273,4.150,-2.868,13.488,0.23828,0.04296,0.98632,28.67
$MAG,238.274,-0.283,-0.034,-0.940,27.7
$IMU,238.275,2.990,-2.319,10.375,0.24560,0.08105,0.98974,28.64
$IMU,238.277,1.159,-1.831,6.347,0.26708,0.10644,0.99902,28.64
$IMU,238.280,-1.159,-0.976,2.807,0.27880,0.10986,1.00488,28.64
$IMU,238.282,-3.173,0.244,0.427,0.28271,0.10009,1.00292,28.64
$MAG,238.284,-0.282,-0.040,-0.934,27.8
$IMU,238.284,-4.821,1.953,-0.549,0.28466,0.08789,0.99511,28.64
$IMU,238.287,-5.798,3.295,-0.427,0.27685,0.07714,0.98779,28.64
$IMU,238.289,-5.859,3.967,0.488,0.26757,0.06738,0.97412,28.64
$IMU,238.291,-5.371,3.784,1.586,0.26171,0.06591,0.96875,28.64
$MAG,238.294,-0.292,-0.034,-0.928,27.7
$IMU,238.294,-4.455,2.624,2.624,0.24853,0.07031,0.96337,28.68
$IMU,238.296,-3.356,1.281,3.356,0.24560,0.07177,0.96386,28.68
$IMU,238.298,-2.258,0.000,3.601,0.24707,0.07373,0.96630,28.68
$IMU,238.301,-1.098,-1.220,3.479,0.24853,0.08251,0.96875,28.68
$IMU,238.303,-0.305,-1.892,3.173,0.25439,0.08447,0.96728,28.68
$MAG,238.304,-0.289,-0.027,-0.937,27.7
$IMU,238.305,-0.061,-1.647,2.746,0.25878,0.08789,0.97216,28.68
$IMU,238.308,-0.183,-1.220,2.502,0.26367,0.08740,0.97656,28.68
$IMU,238.310,-0.671,-0.427,2.319,0.26562,0.08544,0.97558,28.68
$IMU,238.313,-1.220,0.122,2.319,0.26562,0.09033,0.97363,28.67
$MAG,238.314,-0.289,-0.040,-0.943,27.7
$IMU,238.315,-1.892,0.366,2.197,0.26269,0.09033,0.97167,28.67
$IMU,238.317,-2.441,0.671,2.197,0.25878,0.09033,0.96728,28.67
$IMU,238.320,-2.929,1.098,2.258,0.25732,0.08544,0.97119,28.67
$IMU,238.322,-3.356,1.159,2.075,0.25878,0.08544,0.96728,28.67
$IMU,238.324,-3.479,1.098,2.197,0.25390,0.08789,0.96923,28.67
$MAG,238.325,-0.288,-0.033,-0.936,27.6
$IMU,238.327,-3.479,1.037,2.136,0.25244,0.08837,0.96777,28.67
$IMU,238.329,-3.356,0.732,2.136,0.24902,0.09326,0.97021,28.67
$IMU,238.331,-3.356,0.610,2.258,0.25146,0.09716,0.97265,28.64
$IMU,238.334,-3.356,0.732,2.258,0.25488,0.09765,0.97460,28.64
$MAG,238.335,-0.294,-0.030,-0.936,27.7
$IMU,238.336,-3.234,0.549,2.258,0.25146,0.09619,0.97656,28.64
$BARO,238.337,86414.10,28.74
$IMU,238.338,-3.295,0.244,2.319,0.25048,0.10644,0.97900,28.64
$IMU,238.341,-3.173,-0.183,2.441,0.25000,0.10986,0.98291,28.64
$IMU,238.343,-3.356,-0.427,2.502,0.24902,0.10546,0.98535,28.64
$MAG,238.345,-0.280,-0.031,-0.939,27.6
$IMU,238.345,-3.601,-0.610,2.624,0.24658,0.11083,0.98437,28.64
$IMU,238.348,-4.028,-0.610,2.929,0.24707,0.11425,0.98974,28.64
$IMU,238.350,-4.333,-1.098,3.051,0.24658,0.11279,0.98681,28.70
$IMU,238.352,-4.821,-1.159,3.234,0.24658,0.11376,0.99023,28.70
$MAG,238.355,-0.288,-0.028,-0.933,27.7
$IMU,238.355,-5.126,-1.525,3.356,0.24804,0.11230,0.98730,28.70
$IMU,238.357,-5.615,-1.708,3.540,0.25244,0.11425,0.98681,28.70
$IMU,238.359,-6.042,-1.586,3.723,0.24951,0.11425,0.98730,28.70
$IMU,238.362,-6.225,-1.586,3.784,0.25097,0.11279,0.98144,28.70
$IMU,238.364,-6.286,-1.586,3.967,0.25390,0.10986,0.98046,28.70
$MAG,238.365,-0.291,-0.043,-0.942,27.7
$IMU,238.366,-6.164,-1.892,4.089,0.25537,0.10742,0.97851,28.70
$IMU,238.369,-6.042,-1.953,4.211,0.25146,0.10839,0.97363,28.66
$IMU,238.371,-6.042,-2.014,4.211,0.25390,0.11181,0.97509,28.66
$IMU,238.374,-5.981,-2.197,4.333,0.25439,0.10693,0.97314,28.66
$MAG,238.375,-0.283,-0.039,-0.934,28.0
$IMU,238.376,-5.859,-2.624,4.455,0.25927,0.10205,0.97753,28.66
$IMU,238.378,-5.737,-2.868,4.455,0.25585,0.10253,0.97509,28.66
$IMU,238.381,-5.798,-2.929,4.516,0.25634,0.10400,0.97558,28.66
$IMU,238.383,-5.798,-3.112,4.455,0.25585,0.10351,0.97753,28.66
$MAG,238.385,-0.274,-0.039,-0.942,28.0
$IMU,238.385,-5.920,-3.112,4.455,0.25732,0.10839,0.97753,28.66
$IMU,238.388,-6.225,-3.234,4.516,0.25537,0.10839,0.97656,28.69
$HUM,238.389,35.4,29.2
$IMU,238.390,-6.591,-3.479,4.516,0.25927,0.11132,0.97802,28.69
$IMU,238.392,-7.019,-3.723,4.577,0.25683,0.11181,0.97753,28.69
$MAG,238.395,-0.292,-0.033,-0.937,28.1
$IMU,238.395,-7.690,-3.906,4.638,0.25585,0.11376,0.98095,28.69
$IMU,238.397,-8.422,-4.028,4.760,0.25488,0.11669,0.98242,28.69
$IMU,238.399,-9.155,-3.906,4.882,0.25244,0.11474,0.98046,28.69
$IMU,238.402,-9.948,-3.906,4.943,0.25537,0.11474,0.98095,28.69
$IMU,238.404,-10.620,-3.906,5.126,0.25634,0.11621,0.97851,28.69
$MAG,238.405,-0.283,-0.033,-0.933,27.8
$IMU,238.406,-11.169,-3.723,5.310,0.25244,0.11523,0.97558,28.66
$IMU,238.409,-11.718,-3.540,5.432,0.25195,0.11279,0.97460,28.66
$IMU,238.411,-12.207,-3.540,5.615,0.25146,0.11035,0.97119,28.66
$IMU,238.413,-12.451,-3.479,5.798,0.24755,0.10791,0.96875,28.66
$MAG,238.415,-0.283,-0.016,-0.939,27.7
$IMU,238.416,-12.634,-3.479,5.920,0.25341,0.11425,0.97021,28.66
$IMU,238.418,-12.634,-3.784,6.042,0.25146,0.10595,0.97021,28.66
$IMU,238.420,-12.695,-4.028,6.286,0.25195,0.10498,0.97216,28.66
$IMU,238.423,-13.061,-4.089,6.469,0.25634,0.10156,0.97412,28.66
$MAG,238.425,-0.280,-0.030,-0.937,27.7
$IMU,238.425,-13.305,-4.638,6.774,0.25097,0.10058,0.97363,28.67
$IMU,238.427,-13.732,-4.882,6.958,0.25634,0.09960,0.97705,28.67
$IMU,238.430,-14.160,-5.126,7.080,0.25976,0.10107,0.97705,28.67
$IMU,238.432,-14.709,-5.554,7.141,0.25683,0.09472,0.98095,28.67
$MAG,238.435,-0.282,-0.022,-0.942,28.0
$IMU,238.435,-15.502,-5.615,7.202,0.25537,0.09179,0.98242,28.67
$IMU,238.437,-16.357,-5.554,7.202,0.25878,0.08935,0.98486,28.67
$BARO,238.438,86416.24,28.74
$IMU,238.439,-17.211,-5.981,7.202,0.25878,0.08544,0.98535,28.67
$IMU,238.442,-17.944,-6.103,7.141,0.26025,0.08691,0.98828,28.67
$IMU,238.444,-18.615,-6.103,6.774,0.25439,0.08837,0.98535,28.66
$MAG,238.445,-0.276,-0.025,-0.936,27.7
$IMU,238.446,-19.287,-6.164,6.225,0.25878,0.08642,0.98828,28.66
$IMU,238.449,-19.958,-6.164,5.859,0.26171,0.08642,0.98925,28.66
$IMU,238.451,-20.751,-5.920,5.737,0.26025,0.08447,0.99072,28.66
$IMU,238.453,-21.484,-6.042,5.615,0.26269,0.08300,0.98974,28.66
$MAG,238.456,-0.282,-0.021,-0.933,27.8
$IMU,238.456,-22.094,-6.225,5.676,0.26513,0.08496,0.98730,28.66
$IMU,238.458,-22.460,-6.652,5.920,0.26367,0.08544,0.99169,28.66
$IMU,238.460,-22.827,-6.774,5.920,0.26269,0.08593,0.99316,28.66
$IMU,238.463,-23.193,-7.141,5.981,0.25830,0.08154,0.98974,28.66
$IMU,238.465,-23.376,-7.568,6.164,0.25976,0.08251,0.98779,28.66
$MAG,238.466,-0.291,-0.018,-0.933,28.1
$IMU,238.467,-23.620,-7.873,6.347,0.26464,0.07958,0.98925,28.66
$IMU,238.470,-23.742,-8.728,6.469,0.26220,0.07714,0.98974,28.66
$IMU,238.472,-24.108,-9.094,6.652,0.25390,0.07910,0.99560,28.66
$IMU,238.474,-24.536,-9.399,6.713,0.25927,0.07519,0.99609,28.66
$MAG,238.476,-0.282,-0.022,-0.930,27.7
$IMU,238.477,-25.146,-9.521,6.713,0.25830,0.07617,0.99951,28.66
$IMU,238.479,-25.695,-9.460,6.713,0.25683,0.07763,1.00537,28.66
$IMU,238.481,-26.184,-9.460,6.713,0.25878,0.07763,1.00976,28.64
$IMU,238.484,-26.794,-9.521,6.774,0.25927,0.07617,1.01123,28.64
$MAG,238.486,-0.274,-0.013,-0.933,28.1
$IMU,238.486,-27.526,-9.338,6.896,0.25878,0.07763,1.00976,28.64
$IMU,238.488,-28.259,-9.094,6.958,0.26025,0.07666,1.00927,28.64
$IMU,238.491,-28.747,-9.399,7.080,0.26074,0.07763,1.00537,28.64
$IMU,238.493,-29.174,-9.582,7.324,0.26269,0.07763,1.00146,28.64
$IMU,238.495,-29.541,-9.460,7.690,0.26123,0.07617,0.99707,28.64
$MAG,238.496,-0.297,-0.010,-0.933,28.0
$IMU,238.498,-29.968,-9.338,8.056,0.26513,0.06835,0.98925,28.64
$IMU,238.500,-30.090,-9.216,8.361,0.26855,0.06347,0.98242,28.66
$IMU,238.503,-29.968,-9.094,8.789,0.26757,0.05859,0.97705,28.66
$IMU,238.505,-29.479,-9.216,9.155,0.27294,0.05273,0.97412,28.66
$MAG,238.506,-0.288,-0.013,-0.930,27.7
$IMU,238.507,-29.052,-9.216,9.460,0.27490,0.04345,0.96728,28.66
$IMU,238.510,-28.381,-9.155,9.826,0.28271,0.03808,0.96289,28.66
$IMU,238.512,-27.282,-9.399,10.131,0.28515,0.03027,0.95800,28.66
$IMU,238.514,-26.245,-9.399,10.192,0.28759,0.01953,0.95410,28.66
$MAG,238.516,-0.297,-0.006,-0.933,28.0
$IMU,238.517,-24.902,-9.155,10.253,0.28076,0.01220,0.95263,28.66
$IMU,238.519,-22.766,-8.666,11.047,0.27001,0.00244,0.95117,28.68
$IMU,238.521,-20.385,-8.300,12.695,0.27001,-0.00732,0.95068,28.68
$IMU,238.524,-18.371,-8.605,14.709,0.27783,-0.01660,0.94677,28.68
$MAG,238.526,-0.292,-0.003,-0.937,27.7
$IMU,238.526,-16.723,-9.765,16.052,0.28759,-0.02441,0.93750,28.68
$IMU,238.528,-15.380,-11.108,16.357,0.29345,-0.02929,0.93164,28.68
$IMU,238.531,-14.099,-12.084,15.808,0.29882,-0.03271,0.92968,28.68
$IMU,238.533,-12.756,-12.634,14.587,0.31054,-0.04052,0.93017,28.68
$IMU,238.535,-11.840,-12.756,13.000,0.32177,-0.04687,0.93505,28.68
$MAG,238.536,-0.300,-0.007,-0.939,27.8
$IMU,238.538,-11.413,-11.840,11.230,0.32470,-0.04492,0.93701,28.60
$BARO,238.539,86415.37,28.73
$IMU,238.540,-11.047,-10.498,9.704,0.32470,-0.04687,0.94433,28.60
$IMU,238.542,-10.925,-8.911,8.728,0.32128,-0.05126,0.94580,28.60
$IMU,238.545,-11.169,-7.263,7.751,0.32226,-0.05419,0.94921,28.60
$MAG,238.546,-0.303,0.000,-0.933,27.7
$IMU,238.547,-11.596,-5.615,7.019,0.31933,-0.05908,0.94970,28.60
$IMU,238.549,-12.329,-4.028,6.042,0.31787,-0.06591,0.94482,28.60
$IMU,238.552,-12.756,-2.990,5.065,0.31494,-0.07177,0.94775,28.60
$IMU,238.554,-12.817,-2.319,4.150,0.31689,-0.07324,0.94580,28.60
$MAG,238.556,-0.295,0.000,-0.930,27.8
$IMU,238.556,-12.817,-1.403,3.295,0.31933,-0.07519,0.94433,28.69
$IMU,238.559,-12.451,-0.732,2.624,0.31738,-0.07714,0.94433,28.69
$IMU,238.561,-11.474,-0.244,2.197,0.31982,-0.08203,0.94433,28.69
$IMU,238.564,-10.375,0.183,1.892,0.31787,-0.08349,0.94384,28.69
$MAG,238.566,-0.294,-0.004,-0.933,27.7
$IMU,238.566,-9.216,0.549,1.586,0.31591,-0.07861,0.94287,28.69
$IMU,238.568,-7.812,0.549,1.403,0.31298,-0.07617,0.94433,28.69
$IMU,238.571,-6.225,0.366,1.220,0.31103,-0.07226,0.94482,28.69
$IMU,238.573,-4.760,0.305,1.220,0.30761,-0.07421,0.94873,28.69
$IMU,238.575,-3.356,0.122,1.403,0.30419,-0.06835,0.94531,28.67
$MAG,238.577,-0.292,-0.003,-0.931,27.8
$IMU,238.578,-2.197,0.244,1.708,0.30810,-0.07177,0.94482,28.67
$IMU,238.580,-1.037,-0.427,2.136,0.30517,-0.07373,0.94677,28.67
$IMU,238.582,-0.122,-1.037,2.685,0.30517,-0.07080,0.94775,28.67
$IMU,238.585,0.671,-1.037,3.356,0.30859,-0.07519,0.94238,28.67
$MAG,238.587,-0.291,0.004,-0.939,27.7
$IMU,238.587,1.220,-1.220,3.479,0.31054,-0.07617,0.94189,28.67
$IMU,238.589,1.831,-1.770,3.051,0.31689,-0.08056,0.94042,28.67
$IMU,238.592,2.502,-1.770,2.502,0.31591,-0.07666,0.93701,28.67
$IMU,238.594,3.112,-1.708,1.281,0.31640,-0.07812,0.93896,28.66
$IMU,238.596,3.845,-1.220,-0.244,0.31835,-0.07666,0.93945,28.66
$MAG,238.597,-0.294,0.003,-0.934,27.8
$IMU,238.599,4.699,-0.183,-1.831,0.31689,-0.07861,0.93945,28.66
$IMU,238.601,5.493,1.098,-3.173,0.31835,-0.07324,0.94238,28.66
$IMU,238.603,6.042,2.258,-4.394,0.31542,-0.06835,0.94433,28.66
$IMU,238.606,6.713,3.662,-5.310,0.31396,-0.06396,0.94824,28.66
$MAG,238.607,-0.294,-0.009,-0.936,28.0
$IMU,238.608,7.446,4.943,-5.920,0.30859,-0.05761,0.95361,28.66
$IMU,238.610,8.056,5.920,-6.469,0.30615,-0.05126,0.95654,28.66
$IMU,238.613,8.911,6.347,-6.774,0.30664,-0.04443,0.95654,28.68
$IMU,238.615,9.399,6.835,-7.019,0.30322,-0.04345,0.95800,28.68
$MAG,238.617,-0.300,-0.009,-0.936,27.7
$IMU,238.617,10.253,6.774,-7.446,0.30126,-0.03662,0.95849,28.68
$IMU,238.620,11.108,6.347,-8.056,0.30371,-0.03710,0.95605,28.68
$IMU,238.622,12.145,5.920,-8.728,0.30029,-0.03417,0.95703,28.68
$IMU,238.625,13.061,5.554,-9.338,0.29638,-0.03369,0.96191,28.68
$MAG,238.627,-0.295,0.000,-0.930,27.8
$IMU,238.627,14.038,5.676,-9.521,0.29296,-0.03125,0.96142,28.68
$IMU,238.629,14.892,5.859,-9.521,0.29296,-0.03222,0.96240,28.68
$IMU,238.632,15.502,5.920,-9.582,0.29492,-0.02783,0.95996,28.68
$IMU,238.634,16.174,5.981,-10.070,0.28564,-0.02685,0.95947,28.68
$IMU,238.636,16.967,6.835,-10.375,0.28076,-0.01708,0.96191,28.68
$MAG,238.637,-0.292,-0.007,-0.936,27.7
$IMU,238.639,17.761,7.873,-10.437,0.28076,-0.00927,0.96044,28.68
$BARO,238.641,86413.03,28.74
$IMU,238.641,18.310,8.666,-10.559,0.28515,0.00146,0.96044,28.68
$IMU,238.643,18.432,9.521,-10.681,0.28369,0.00927,0.96240,28.68
$IMU,238.646,18.859,10.253,-10.559,0.28271,0.01416,0.96386,28.68
$MAG,238.647,-0.289,-0.004,-0.933,27.6
$IMU,238.648,19.470,10.498,-10.498,0.28710,0.01464,0.96191,28.68
$IMU,238.650,19.653,10.620,-10.620,0.28857,0.02197,0.95800,28.60
$IMU,238.653,19.653,10.437,-11.047,0.28808,0.02099,0.95654,28.60
$IMU,238.655,19.836,10.498,-11.474,0.29248,0.02099,0.95654,28.60
$MAG,238.657,-0.294,-0.012,-0.934,27.8
$IMU,238.657,20.080,10.192,-12.145,0.28466,0.02099,0.95947,28.60
$IMU,238.660,20.385,9.948,-12.878,0.27880,0.02197,0.96484,28.60
$IMU,238.662,20.202,10.253,-13.244,0.27539,0.02246,0.97167,28.60
$IMU,238.664,19.897,10.314,-13.244,0.27441,0.02099,0.97021,28.60
$MAG,238.667,-0.292,-0.025,-0.940,28.1
$IMU,238.667,19.531,10.620,-13.244,0.27246,0.02343,0.96923,28.60
$IMU,238.669,19.287,10.498,-13.183,0.27539,0.02392,0.96777,28.71
$IMU,238.671,18.981,10.620,-13.061,0.27734,0.02880,0.96435,28.71
$IMU,238.674,18.432,10.803,-12.512,0.27392,0.02978,0.96337,28.71
$IMU,238.676,17.761,10.681,-12.023,0.27685,0.03271,0.96142,28.71
$MAG,238.677,-0.286,-0.019,-0.939,27.7
$IMU,238.678,16.906,10.437,-11.657,0.27587,0.03466,0.96044,28.71
$IMU,238.681,15.930,10.375,-11.535,0.27685,0.03613,0.95751,28.71
$IMU,238.683,14.953,10.437,-11.657,0.28222,0.03173,0.95263,28.71
$IMU,238.686,14.282,10.437,-11.901,0.28222,0.03271,0.94775,28.71
$MAG,238.687,-0.291,-0.007,-0.937,27.6
$IMU,238.688,13.610,10.864,-12.329,0.28173,0.03417,0.94580,28.65
$IMU,238.690,13.000,11.169,-12.756,0.28515,0.03076,0.94482,28.65
$IMU,238.693,12.451,11.352,-13.671,0.28808,0.02685,0.94189,28.65
$IMU,238.695,11.596,11.840,-14.709,0.28515,0.02685,0.94189,28.65
$MAG,238.697,-0.280,-0.019,-0.934,27.7
$IMU,238.697,10.314,12.756,-15.563,0.28613,0.02929,0.93994,28.65
$IMU,238.700,9.399,13.671,-16.174,0.28564,0.03906,0.94189,28.65
$IMU,238.702,8.605,14.953,-16.174,0.28173,0.04638,0.95019,28.65
$IMU,238.704,7.873,15.808,-15.808,0.28320,0.04736,0.95312,28.65
$IMU,238.707,7.019,16.540,-15.625,0.28076,0.04589,0.95263,28.64
$MAG,238.708,-0.286,-0.015,-0.930,27.7
$IMU,238.709,6.530,16.601,-15.380,0.27929,0.04345,0.94531,28.64
$IMU,238.711,6.652,15.930,-15.502,0.27929,0.04638,0.94140,28.64
$IMU,238.714,6.958,15.502,-15.930,0.27929,0.05322,0.94726,28.64
$IMU,238.716,6.835,14.953,-16.174,0.27343,0.05078,0.94873,28.64
$MAG,238.718,-0.288,-0.021,-0.933,27.7
$IMU,238.718,7.019,14.038,-16.174,0.27636,0.05761,0.95019,28.64
$IMU,238.721,7.263,13.244,-15.869,0.27783,0.05419,0.95312,28.64
$IMU,238.723,7.568,12.451,-15.686,0.27880,0.05175,0.94873,28.64
$IMU,238.725,8.422,11.474,-15.686,0.27978,0.04833,0.94824,28.67
$MAG,238.728,-0.283,-0.010,-0.937,28.0
$IMU,238.728,9.033,10.681,-15.930,0.27490,0.05078,0.95361,28.67
$IMU,238.730,9.521,10.131,-16.479,0.26953,0.05566,0.95947,28.67
$IMU,238.732,9.887,9.826,-16.601,0.26269,0.05957,0.96972,28.67
$IMU,238.735,9.826,9.826,-16.357,0.26171,0.07128,0.98486,28.67
$IMU,238.737,9.643,9.582,-16.296,0.26611,0.08203,0.99267,28.67
$MAG,238.738,-0.282,-0.024,-0.928,27.7
$IMU,238.739,9.094,9.765,-16.357,0.26464,0.09619,1.00000,28.67
$BARO,238.742,86411.22,28.74
$IMU,238.742,8.239,10.192,-15.991,0.25927,0.12255,1.00830,28.67
$IMU,238.744,6.713,10.681,-15.686,0.25781,0.13916,1.01318,28.67
$IMU,238.747,4.943,11.230,-15.075,0.25585,0.13720,1.01611,28.67
$MAG,238.748,-0.280,-0.012,-0.928,27.8
$IMU,238.749,3.356,11.596,-13.977,0.25097,0.14990,1.01904,28.67
$IMU,238.751,1.220,11.779,-12.573,0.24609,0.15576,1.02392,28.67
$IMU,238.754,-1.281,11.962,-11.413,0.24853,0.14843,1.01611,28.67
$IMU,238.756,-3.723,12.207,-10.559,0.24218,0.14648,1.01513,28.67
$MAG,238.758,-0.280,-0.012,-0.942,27.8
$IMU,238.758,-6.103,12.573,-9.643,0.24023,0.14697,1.00830,28.67
$IMU,238.761,-8.361,12.939,-8.605,0.24169,0.13916,1.00537,28.67
$IMU,238.763,-10.681,12.817,-7.263,0.24121,0.12744,0.99902,28.66
$IMU,238.765,-12.207,12.939,-5.920,0.24218,0.11572,0.98974,28.66
$MAG,238.768,-0.280,-0.022,-0.930,27.7
$IMU,238.768,-13.122,12.634,-4.760,0.24169,0.10595,0.99267,28.66
$IMU,238.770,-14.038,12.390,-3.906,0.24218,0.10400,0.99072,28.66
$IMU,238.772,-14.892,12.268,-3.173,0.24560,0.10302,0.99365,28.66
$IMU,238.775,-15.625,11.840,-2.685,0.24267,0.10058,0.99462,28.66
$IMU,238.777,-16.235,11.413,-2.380,0.24169,0.08789,0.99365,28.66
$MAG,238.778,-0.277,-0.022,-0.930,27.8
$IMU,238.779,-16.296,11.291,-1.831,0.23876,0.08300,0.99267,28.66
$IMU,238.782,-16.296,11.291,-1.098,0.24560,0.08593,0.99072,28.65
$IMU,238.784,-16.296,10.742,-0.488,0.25537,0.08154,0.98876,28.65
$IMU,238.786,-16.723,10.192,0.122,0.26220,0.07421,0.98486,28.65
$MAG,238.788,-0.274,-0.021,-0.934,27.6
$IMU,238.789,-16.967,9.460,0.488,0.26562,0.07080,0.98486,28.65
$IMU,238.791,-17.150,8.972,0.854,0.26416,0.06250,0.98291,28.65
$IMU,238.793,-17.272,9.094,1.281,0.26660,0.06738,0.98046,28.65
$IMU,238.796,-17.272,8.911,1.892,0.27099,0.06494,0.98974,28.65
$MAG,238.798,-0.276,-0.013,-0.936,27.7
$IMU,238.798,-18.005,9.399,2.258,0.27929,0.06445,0.98535,28.65
$IMU,238.800,-18.615,9.765,2.502,0.27832,0.06494,0.98291,28.66
$IMU,238.803,-19.104,10.375,2.685,0.28369,0.06738,0.97949,28.66
$IMU,238.805,-19.531,11.230,2.990,0.28857,0.06347,0.97705,28.66
$MAG,238.808,-0.273,-0.012,-0.939,27.8
$IMU,238.808,-20.263,12.023,3.112,0.28759,0.05908,0.97119,28.66
$IMU,238.810,-20.385,12.939,2.929,0.29345,0.05566,0.97216,28.66
$IMU,238.812,-20.751,14.282,2.807,0.29296,0.05126,0.96777,28.66
$IMU,238.815,-21.484,15.319,2.502,0.29003,0.05322,0.97119,28.66
$IMU,238.817,-22.827,16.967,2.014,0.28515,0.02685,0.96582,28.66
$MAG,238.819,-0.267,-0.012,-0.930,28.0
$IMU,238.819,-24.780,18.981,0.793,0.27246,0.01416,0.96386,28.67
$IMU,238.822,-27.404,21.606,-0.793,0.25439,0.01318,0.96582,28.67
$IMU,238.824,-29.785,24.902,-3.173,0.24951,0.01513,0.96484,28.67
$IMU,238.826,-31.555,28.503,-6.042,0.25732,0.01513,0.96289,28.67
$MAG,238.829,-0.274,-0.009,-0.939,27.7
$IMU,238.829,-32.592,31.860,-8.972,0.27050,0.01904,0.96337,28.67
$IMU,238.831,-33.264,36.071,-11.230,0.28076,0.01757,0.96240,28.67
$IMU,238.833,-33.447,39.794,-12.939,0.28515,0.01416,0.96630,28.67
$IMU,238.836,-33.325,42.602,-13.916,0.28515,0.01416,0.96630,28.67
$IMU,238.838,-33.752,45.837,-13.671,0.27392,0.01513,0.96435,28.67
$MAG,238.839,-0.267,0.001,-0.936,28.0
$IMU,238.840,-33.264,48.583,-12.939,0.27001,0.01123,0.96289,28.67
$IMU,238.843,-32.470,51.269,-11.779,0.26855,0.01806,0.96826,28.67
$BARO,238.844,86421.29,28.74
$IMU,238.845,-31.860,53.771,-10.559,0.26757,0.02441,0.97802,28.67
$IMU,238.847,-30.578,55.969,-9.338,0.26171,0.02636,0.97949,28.67
$MAG,238.849,-0.261,0.001,-0.930,27.7
$IMU,238.850,-28.869,57.983,-8.422,0.25732,0.03857,0.98291,28.67
$IMU,238.852,-26.733,60.058,-7.629,0.25634,0.04443,0.98876,28.67
$IMU,238.854,-24.169,61.584,-6.713,0.24853,0.05322,0.99365,28.67
$IMU,238.857,-21.911,62.683,-5.737,0.24560,0.05664,1.00000,28.64
$MAG,238.859,-0.256,0.000,-0.933,27.7
$IMU,238.859,-19.714,63.720,-4.760,0.23144,0.06396,1.00048,28.64
$IMU,238.861,-16.906,64.270,-3.845,0.22167,0.06835,1.00537,28.64
$IMU,238.864,-13.793,64.636,-3.112,0.21093,0.06884,1.00488,28.64
$IMU,238.866,-10.864,64.941,-2.441,0.20410,0.06835,1.01464,28.64
$MAG,238.869,-0.241,0.003,-0.928,27.7
$IMU,238.869,-8.056,64.941,-1.831,0.19628,0.06787,1.01953,28.64
$IMU,238.871,-5.249,64.392,-1.159,0.18505,0.06591,1.02636,28.64
$IMU,238.873,-2.990,63.903,-0.732,0.16552,0.07226,1.02636,28.64
$IMU,238.876,-0.732,63.110,-0.488,0.14648,0.07031,1.03027,28.68
$IMU,238.878,0.976,61.584,-0.305,0.13574,0.06738,1.03466,28.68
$MAG,238.879,-0.243,0.000,-0.928,27.8
$IMU,238.880,2.441,60.363,0.000,0.12500,0.06396,1.03955,28.68
$IMU,238.883,3.295,59.143,0.183,0.11279,0.06152,1.03759,28.68
$IMU,238.885,4.333,57.617,0.183,0.10400,0.05664,1.03955,28.68
$IMU,238.887,5.432,56.152,0.244,0.09326,0.05468,1.03320,28.68
$MAG,238.889,-0.237,0.006,-0.927,27.7
$IMU,238.890,6.347,54.382,0.122,0.08984,0.04833,1.03466,28.68
$IMU,238.892,6.896,52.124,0.000,0.08398,0.04687,1.04150,28.68
$IMU,238.894,7.263,49.987,-0.183,0.06933,0.04296,1.03906,28.66
$IMU,238.897,7.690,47.973,-0.915,0.06152,0.04052,1.03466,28.66
$MAG,238.899,-0.238,0.004,-0.933,27.6
$IMU,238.899,8.056,45.776,-1.953,0.05322,0.04052,1.02636,28.66
$IMU,238.901,8.361,43.518,-3.234,0.04248,0.04345,1.01855,28.66
$IMU,238.904,8.728,41.381,-4.882,0.04101,0.04638,1.01562,28.66
$IMU,238.906,9.216,39.184,-6.530,0.03710,0.04492,1.00830,28.66
$IMU,238.908,10.009,37.353,-8.178,0.03564,0.05468,0.99755,28.66
$MAG,238.909,-0.226,0.009,-0.931,27.7
$IMU,238.911,10.620,35.461,-9.643,0.04101,0.06152,0.99853,28.66
$IMU,238.913,11.291,32.958,-10.864,0.04492,0.06347,0.98779,28.66
$IMU,238.915,12.084,30.273,-11.596,0.05126,0.06738,0.98876,28.66
$IMU,238.918,13.122,27.221,-11.901,0.06103,0.06982,0.98095,28.66
$MAG,238.919,-0.222,0.000,-0.927,27.6
$IMU,238.920,14.038,23.925,-11.901,0.07080,0.07617,0.98046,28.66
$IMU,238.922,14.892,20.751,-11.657,0.08105,0.08056,0.98193,28.66
$IMU,238.925,15.808,17.639,-11.352,0.08886,0.08154,0.98291,28.66
$IMU,238.927,16.845,14.587,-11.108,0.09667,0.08740,0.97509,28.66
$MAG,238.929,-0.222,0.007,-0.919,27.7
$IMU,238.929,17.944,11.718,-11.047,0.10351,0.09472,0.98144,28.66
$IMU,238.932,18.432,9.216,-10.925,0.10351,0.09667,0.97998,28.64
$IMU,238.934,18.615,7.263,-11.169,0.09912,0.10937,0.97998,28.64
$IMU,238.937,18.371,5.432,-11.840,0.10400,0.11376,0.97412,28.64
$IMU,238.939,17.822,4.028,-12.573,0.09667,0.11718,0.96582,28.64
$MAG,238.940,-0.228,0.004,-0.927,27.7
$IMU,238.941,17.395,2.685,-13.183,0.10009,0.12158,0.96289,28.64
$IMU,238.944,16.479,1.831,-13.977,0.10156,0.12939,0.96044,28.64
$BARO,238.945,86420.95,28.74
$IMU,238.946,15.258,1.220,-14.587,0.09912,0.12988,0.95556,28.64
$IMU,238.948,13.671,0.732,-14.892,0.09570,0.14062,0.95507,28.64
$MAG,238.950,-0.228,-0.007,-0.930,27.6
$IMU,238.951,11.535,0.549,-15.014,0.10058,0.14062,0.95361,28.66
$IMU,238.953,9.643,0.122,-14.892,0.10400,0.13671,0.94873,28.66
$IMU,238.955,8.239,-0.244,-14.282,0.10595,0.13134,0.94189,28.66
$IMU,238.958,7.080,0.061,-13.122,0.10839,0.12597,0.94042,28.66
$MAG,238.960,-0.222,-0.004,-0.930,27.7
$IMU,238.960,6.164,0.183,-11.779,0.11425,0.12158,0.93896,28.66
$IMU,238.962,5.249,0.183,-10.314,0.11767,0.11328,0.93798,28.66
$IMU,238.965,4.760,0.244,-8.605,0.11914,0.11279,0.93652,28.66
$IMU,238.967,4.211,0.366,-7.019,0.11767,0.10791,0.93457,28.66
$IMU,238.969,3.601,0.549,-5.676,0.11279,0.10595,0.93457,28.64
$MAG,238.970,-0.217,0.000,-0.930,27.7
$IMU,238.972,3.112,1.220,-4.272,0.11962,0.10400,0.93603,28.64
$IMU,238.974,2.563,2.136,-3.051,0.12451,0.10058,0.93603,28.64
$TIME,238.976,446455.000,2399
$IMU,238.976,1.708,2.624,-2.075,0.13037,0.09570,0.94433,28.64
$IMU,238.979,0.305,3.173,-1.281,0.13916,0.09716,0.95751,28.64
$MAG,238.980,-0.220,-0.012,-0.927,27.7
$IMU,238.981,-1.342,3.845,-0.488,0.13769,0.09375,0.96630,28.64
$IMU,238.983,-3.723,5.187,0.183,0.14062,0.08837,0.97412,28.64
$IMU,238.986,-6.530,6.652,0.854,0.13574,0.08496,0.98632,28.64
$IMU,238.988,-9.643,7.873,1.403,0.13916,0.08007,0.98828,28.64
$MAG,238.990,-0.231,-0.004,-0.936,28.0
$IMU,238.990,-12.817,9.521,1.525,0.13378,0.07470,0.99365,28.64
$IMU,238.993,-15.747,11.413,1.098,0.13134,0.07031,0.99414,28.64
$IMU,238.995,-19.104,13.854,0.549,0.13037,0.06689,0.99609,28.64
$IMU,238.998,-22.216,15.930,-0.244,0.12646,0.06542,0.99218,28.64
$MAG,239.000,-0.228,-0.007,-0.924,27.7
$IMU,239.000,-25.024,18.188,-1.159,0.12207,0.05810,0.98876,28.64
$IMU,239.002,-27.404,20.202,-1.892,0.11669,0.04882,0.99560,28.64
$IMU,239.005,-29.296,22.216,-2.136,0.11572,0.03662,0.99609,28.64
$IMU,239.007,-31.372,24.414,-2.014,0.10644,0.03320,0.99560,28.70
$IMU,239.009,-32.714,25.878,-1.770,0.10498,0.02734,0.99658,28.70
$MAG,239.010,-0.220,-0.003,-0.925,27.7
$IMU,239.012,-33.813,26.611,-1.342,0.10058,0.01904,0.99804,28.70
$IMU,239.014,-34.484,26.550,-0.671,0.09326,0.01074,0.98974,28.70
$IMU,239.016,-34.973,25.878,0.000,0.08740,0.00244,0.98828,28.70
$IMU,239.019,-35.095,24.780,0.610,0.08398,-0.00292,0.98779,28.70
$MAG,239.020,-0.219,0.001,-0.918,27.7
$IMU,239.021,-34.973,23.559,1.098,0.08398,-0.01806,0.99121,28.70
$IMU,239.023,-34.667,22.338,1.159,0.08154,-0.02539,0.99511,28.70
$IMU,239.026,-34.301,21.240,0.976,0.08642,-0.03076,1.00000,28.69
$IMU,239.028,-33.752,19.958,0.610,0.08789,-0.03369,1.00146,28.69
$MAG,239.030,-0.214,0.009,-0.931,27.7
$IMU,239.030,-32.897,18.554,-0.122,0.08886,-0.03759,1.00195,28.69
$IMU,239.033,-32.043,17.333,-0.976,0.08789,-0.03955,1.00927,28.69
$IMU,239.035,-30.822,16.113,-1.708,0.08496,-0.04492,1.01416,28.69
$IMU,239.037,-29.602,15.319,-2.502,0.08691,-0.04248,1.02392,28.69
$MAG,239.040,-0.210,0.006,-0.924,27.7
$IMU,239.040,-28.625,14.587,-3.173,0.08837,-0.04101,1.02343,28.69
$IMU,239.042,-27.282,13.671,-3.784,0.09228,-0.04199,1.02929,28.69
$IMU,239.044,-25.939,12.817,-4.394,0.08984,-0.04199,1.03027,28.67
$BARO,239.047,86418.88,28.74
$IMU,239.047,-24.414,11.840,-5.065,0.08886,-0.03906,1.03125,28.67
$IMU,239.049,-23.010,11.230,-5.493,0.09179,-0.04101,1.03759,28.67
$VBAT,239.049,4.134
$MAG,239.050,-0.214,0.009,-0.918,27.6
$IMU,239.051,-21.484,10.375,-5.737,0.09277,-0.04150,1.03710,28.67
$IMU,239.054,-20.019,9.582,-5.798,0.09423,-0.04003,1.04638,28.67
$IMU,239.056,-18.615,8.728,-5.859,0.09472,-0.04101,1.04687,28.67
$IMU,239.059,-17.028,7.934,-5.554,0.09375,-0.04052,1.05126,28.67
$MAG,239.060,-0.229,0.015,-0.916,27.8
$IMU,239.061,-15.075,6.774,-5.187,0.09716,-0.04003,1.05078,28.67
$IMU,239.063,-13.305,5.676,-4.943,0.09912,-0.03662,1.05615,28.69
$IMU,239.066,-11.962,4.760,-5.004,0.10302,-0.03076,1.05615,28.69
$IMU,239.068,-10.681,3.417,-5.371,0.10498,-0.02832,1.05664,28.69
$IMU,239.070,-9.643,2.319,-6.164,0.10937,-0.02587,1.05615,28.69
$MAG,239.071,-0.217,0.010,-0.927,27.8
$IMU,239.073,-8.728,1.647,-7.019,0.11328,-0.03027,1.05224,28.69
$IMU,239.075,-7.812,1.098,-7.568,0.11425,-0.03857,1.05029,28.69
$IMU,239.077,-6.774,0.793,-8.361,0.11279,-0.03955,1.05029,28.69
$IMU,239.080,-5.859,0.610,-8.850,0.11474,-0.04589,1.04980,28.69
$MAG,239.081,-0.214,0.009,-0.919,27.7
$IMU,239.082,-5.065,0.671,-9.094,0.11523,-0.04736,1.04394,28.69
$IMU,239.084,-4.272,0.366,-9.277,0.11621,-0.05273,1.03906,28.69
$IMU,239.087,-2.990,0.244,-9.094,0.11474,-0.06542,1.03613,28.69
$IMU,239.089,-1.403,0.061,-8.850,0.11523,-0.05908,1.03320,28.69
$MAG,239.091,-0.217,0.019,-0.921,28.1
$IMU,239.091,0.000,0.122,-8.789,0.11376,-0.06591,1.03320,28.69
$IMU,239.094,2.136,0.061,-8.483,0.11767,-0.07031,1.03369,28.69
$IMU,239.096,4.211,-0.122,-7.934,0.11474,-0.06689,1.02783,28.69
$IMU,239.098,6.408,-0.732,-7.568,0.11718,-0.06542,1.02050,28.69
$MAG,239.101,-0.205,0.018,-0.925,27.7
$IMU,239.101,8.483,-1.647,-7.446,0.11816,-0.05859,1.01464,28.66
$IMU,239.103,10.375,-2.685,-7.629,0.11816,-0.05712,1.01318,28.66
$IMU,239.105,12.329,-3.906,-7.568,0.11816,-0.05810,1.01660,28.66
$IMU,239.108,14.038,-4.577,-7.385,0.12109,-0.04882,1.01123,28.66
$IMU,239.110,15.380,-5.065,-7.568,0.12011,-0.04003,1.01171,28.66
$MAG,239.111,-0.213,0.013,-0.925,27.7
$IMU,239.112,16.357,-6.164,-8.117,0.12011,-0.03173,1.00976,28.66
$IMU,239.115,16.784,-7.446,-9.033,0.12255,-0.02050,1.01171,28.66
$IMU,239.117,16.906,-8.178,-10.131,0.12939,-0.02050,1.01611,28.66
$IMU,239.120,17.028,-9.338,-10.986,0.13232,-0.01660,1.01513,28.69
$MAG,239.121,-0.214,0.018,-0.924,27.7
$IMU,239.122,17.089,-10.559,-11.779,0.13330,-0.00976,1.01074,28.69
$IMU,239.124,16.845,-11.596,-12.207,0.13623,-0.01025,1.01220,28.69
$IMU,239.127,15.991,-12.329,-12.756,0.13964,0.00146,1.01660,28.69
$IMU,239.129,14.892,-12.878,-13.244,0.14257,0.00732,1.01025,28.69
$MAG,239.131,-0.217,0.013,-0.922,27.7
$IMU,239.131,13.610,-13.183,-13.610,0.14453,0.01464,1.01074,28.69
$IMU,239.134,12.084,-13.183,-14.160,0.15087,0.00927,1.00976,28.69
$IMU,239.136,10.681,-13.061,-14.404,0.15332,0.00732,1.00292,28.69
$IMU,239.138,9.277,-13.183,-14.770,0.15380,0.01025,1.00097,28.69
$MAG,239.141,-0.219,0.018,-0.930,27.7
$IMU,239.141,7.446,-12.878,-15.014,0.15625,0.01708,1.00341,28.69
$IMU,239.143,5.676,-12.451,-15.380,0.16113,0.01953,1.00146,28.69
$IMU,239.145,3.784,-11.901,-15.563,0.16210,0.02050,0.99755,28.69
$BARO,239.148,86414.90,28.73
$IMU,239.148,2.014,-11.901,-15.747,0.16357,0.02734,0.99853,28.69
$IMU,239.150,-0.122,-11.291,-15.869,0.16601,0.02099,0.99804,28.69
$MAG,239.151,-0.214,0.009,-0.927,28.1
$IMU,239.152,-2.136,-10.559,-15.502,0.16699,0.02099,0.99658,28.69
$IMU,239.155,-3.845,-9.887,-15.258,0.16210,0.01708,0.99267,28.69
$IMU,239.157,-5.798,-9.033,-14.892,0.16601,0.01806,0.99951,28.70
$IMU,239.159,-8.056,-8.361,-14.404,0.16601,0.01025,0.99755,28.70
$MAG,239.161,-0.217,0.013,-0.922,27.6
$IMU,239.162,-10.192,-7.324,-13.610,0.16113,0.00878,1.00781,28.70
$IMU,239.164,-12.878,-6.347,-12.878,0.16064,0.01269,1.01708,28.70
$IMU,239.166,-15.991,-5.065,-12.329,0.15673,0.00195,1.02197,28.70
$IMU,239.169,-18.859,-3.967,-11.535,0.15673,0.00195,1.03515,28.70
$MAG,239.171,-0.225,0.007,-0.921,27.8
$IMU,239.171,-21.789,-2.868,-10.803,0.15673,-0.00341,1.04345,28.70
$IMU,239.173,-25.024,-1.525,-10.070,0.15820,-0.00976,1.04589,28.70
$IMU,239.176,-28.015,-0.488,-9.460,0.15576,-0.01855,1.05224,28.70
$IMU,239.178,-31.005,0.549,-8.666,0.15136,-0.01855,1.05761,28.70
$MAG,239.181,-0.223,0.015,-0.918,27.7
$IMU,239.181,-34.240,1.525,-8.117,0.15332,-0.02734,1.06152,28.70
$IMU,239.183,-37.475,2.258,-7.690,0.15039,-0.02539,1.06738,28.70
$IMU,239.185,-40.710,2.929,-7.568,0.14550,-0.02441,1.06689,28.70
$IMU,239.188,-43.212,3.173,-7.751,0.14892,-0.03710,1.05566,28.70
$IMU,239.190,-45.043,3.173,-7.873,0.14990,-0.04589,1.05322,28.70
$MAG,239.192,-0.222,0.021,-0.927,27.7
$IMU,239.192,-46.508,3.051,-8.056,0.14746,-0.05615,1.04785,28.70
$IMU,239.195,-46.936,2.502,-8.178,0.14208,-0.06201,1.04296,28.69
$IMU,239.197,-47.180,1.892,-8.544,0.13964,-0.07275,1.03564,28.69
$IMU,239.199,-46.813,0.549,-9.094,0.14013,-0.08642,1.02685,28.69
$MAG,239.202,-0.222,0.018,-0.918,27.7
$IMU,239.202,-45.715,-0.244,-9.704,0.14355,-0.09716,1.02636,28.69
$IMU,239.204,-44.677,-0.366,-10.375,0.14208,-0.10449,1.02783,28.69
$IMU,239.206,-43.395,-0.854,-11.108,0.14208,-0.11425,1.02392,28.69
$IMU,239.209,-41.625,-1.586,-11.779,0.13867,-0.12011,1.01464,28.69
$IMU,239.211,-39.794,-2.136,-12.451,0.14062,-0.12500,1.01074,28.69
$MAG,239.212,-0.228,0.033,-0.918,27.7
$IMU,239.213,-37.536,-3.417,-13.244,0.13916,-0.12500,1.01318,28.67
$IMU,239.216,-35.827,-4.272,-14.160,0.13720,-0.12255,1.01367,28.67
$IMU,239.218,-34.362,-4.760,-15.014,0.13671,-0.12646,1.01025,28.67
$IMU,239.220,-32.958,-5.554,-15.930,0.14208,-0.12744,1.01318,28.67
$MAG,239.222,-0.228,0.033,-0.916,27.8
$IMU,239.223,-32.043,-6.042,-16.784,0.14306,-0.12353,1.01611,28.67
$IMU,239.225,-31.921,-6.225,-17.822,0.14794,-0.12207,1.01806,28.67
$IMU,239.227,-32.226,-5.859,-19.104,0.14990,-0.12500,1.01513,28.67
$IMU,239.230,-32.897,-5.187,-20.629,0.15380,-0.12792,1.01220,28.67
$MAG,239.232,-0.228,0.036,-0.924,28.0
$IMU,239.232,-33.569,-4.333,-22.155,0.16015,-0.13769,1.00488,28.71
$IMU,239.234,-34.301,-3.173,-23.498,0.16308,-0.13330,1.00585,28.71
$IMU,239.237,-35.583,-2.014,-24.780,0.16357,-0.13427,1.00683,28.71
$IMU,239.239,-37.353,-0.183,-26.123,0.16406,-0.13818,0.99902,28.71
$MAG,239.242,-0.231,0.040,-0.927,27.7
$IMU,239.242,-39.062,1.953,-27.282,0.16796,-0.13671,1.00000,28.71
$IMU,239.244,-40.649,3.967,-28.442,0.16699,-0.14013,0.99755,28.71
$IMU,239.246,-42.175,6.469,-29.479,0.16894,-0.14453,0.99511,28.71
$IMU,239.249,-43.212,8.789,-30.273,0.17089,-0.14794,0.99023,28.71
$BARO,239.250,86423.51,28.74
$IMU,239.251,-44.006,10.864,-30.700,0.16992,-0.16015,0.97705,28.68
$MAG,239.252,-0.229,0.052,-0.922,27.7
$IMU,239.253,-44.189,12.573,-30.944,0.16748,-0.16308,0.97802,28.68
$IMU,239.256,-44.433,14.404,-31.127,0.16552,-0.15625,0.98144,28.68
$IMU,239.258,-44.494,16.052,-31.372,0.16210,-0.16113,0.98046,28.68
$IMU,239.260,-44.616,17.456,-31.311,0.15917,-0.15966,0.97753,28.68
$MAG,239.262,-0.226,0.046,-0.906,27.6
$IMU,239.263,-44.677,18.920,-31.311,0.15283,-0.16601,0.97119,28.68
$IMU,239.265,-44.250,20.141,-31.433,0.14648,-0.16845,0.97119,28.68
$IMU,239.267,-43.884,21.240,-31.677,0.14453,-0.16503,0.97314,28.68
$IMU,239.270,-43.640,22.155,-31.982,0.13720,-0.16699,0.97558,28.69
$MAG,239.272,-0.225,0.042,-0.913,27.7
$IMU,239.272,-43.457,22.827,-32.470,0.13623,-0.16015,0.97167,28.69
$IMU,239.274,-43.090,23.559,-32.714,0.12939,-0.16210,0.97460,28.69
$IMU,239.277,-42.724,23.864,-32.531,0.12353,-0.15771,0.97607,28.69
$IMU,239.279,-42.419,24.169,-32.165,0.12353,-0.15966,0.98535,28.69
$IMU,239.281,-42.663,23.925,-30.944,0.13476,-0.16455,0.99804,28.69
$MAG,239.282,-0.232,0.058,-0.913,28.0
$IMU,239.284,-43.334,23.193,-28.808,0.13769,-0.16699,1.00097,28.69
$IMU,239.286,-43.457,22.644,-26.306,0.12548,-0.15429,0.99707,28.69
$IMU,239.288,-42.663,22.644,-24.291,0.11230,-0.14013,0.99267,28.68
$IMU,239.291,-41.564,23.010,-22.766,0.10595,-0.13476,0.99218,28.68
$MAG,239.292,-0.226,0.067,-0.913,27.7
$IMU,239.293,-40.588,23.193,-21.667,0.09667,-0.12792,1.00097,28.68
$IMU,239.295,-39.550,23.681,-21.118,0.07812,-0.12402,1.00292,28.68
$IMU,239.298,-38.513,23.986,-21.240,0.06787,-0.12402,1.01416,28.68
$IMU,239.300,-37.658,24.047,-21.484,0.05664,-0.12792,1.01562,28.68
$MAG,239.302,-0.226,0.066,-0.915,27.7
$IMU,239.302,-36.804,23.620,-21.850,0.05419,-0.12841,1.02197,28.68
$IMU,239.305,-36.010,23.498,-22.277,0.04345,-0.12988,1.02246,28.68
$IMU,239.307,-34.973,23.132,-22.766,0.04345,-0.12500,1.01806,28.67
$IMU,239.310,-33.447,22.094,-23.376,0.03808,-0.12158,1.01269,28.67
$IMU,239.312,-31.250,20.629,-24.536,0.02636,-0.12353,1.00878,28.67
$MAG,239.313,-0.208,0.073,-0.909,27.7
$IMU,239.314,-28.686,18.554,-26.000,0.02343,-0.12304,1.00292,28.67
$IMU,239.317,-26.367,16.479,-27.587,0.01855,-0.11523,1.00732,28.67
$IMU,239.319,-23.925,13.977,-29.052,0.01318,-0.10791,1.01025,28.67
$IMU,239.321,-21.484,11.169,-30.883,0.00195,-0.10400,1.00439,28.67
$MAG,239.323,-0.211,0.075,-0.910,27.7
$IMU,239.324,-18.676,8.666,-32.653,0.00097,-0.09863,0.99804,28.67
$IMU,239.326,-15.808,5.798,-34.606,-0.00146,-0.09960,0.99804,28.67
$IMU,239.328,-13.366,2.990,-36.376,-0.00292,-0.09716,0.99902,28.67
$IMU,239.331,-11.352,0.488,-38.146,0.00048,-0.08935,1.00292,28.67
$MAG,239.333,-0.214,0.066,-0.909,27.6
$IMU,239.333,-9.826,-1.770,-39.611,-0.00292,-0.08447,1.00146,28.67
$IMU,239.335,-8.117,-3.906,-40.954,-0.00048,-0.07470,1.00390,28.67
$IMU,239.338,-6.286,-6.042,-42.175,-0.00048,-0.06787,1.00585,28.67
$IMU,239.340,-4.638,-7.690,-43.151,0.00341,-0.05712,1.00927,28.67
$IMU,239.342,-3.112,-9.582,-43.823,0.00927,-0.04687,1.01220,28.67
$MAG,239.343,-0.225,0.073,-0.907,27.6
$IMU,239.345,-2.075,-11.169,-44.555,0.01708,-0.03857,1.01757,28.70
$IMU,239.347,-1.037,-12.695,-45.227,0.02148,-0.02685,1.01660,28.70
$IMU,239.349,-0.061,-14.343,-45.959,0.02490,-0.02197,1.02636,28.70
$BARO,239.351,86421.29,28.74
$IMU,239.352,0.244,-15.747,-46.752,0.03125,-0.02050,1.02783,28.70
$MAG,239.353,-0.216,0.078,-0.901,27.8
$IMU,239.354,0.305,-16.906,-47.241,0.03808,-0.01953,1.03027,28.70
$IMU,239.356,-0.122,-17.883,-47.546,0.04248,-0.01904,1.03125,28.70
$IMU,239.359,-0.610,-18.981,-47.485,0.04785,-0.01806,1.03320,28.70
$IMU,239.361,-0.854,-20.080,-47.302,0.05126,-0.01757,1.02783,28.70
$MAG,239.363,-0.226,0.087,-0.909,27.8
$IMU,239.363,-1.037,-20.629,-46.752,0.04980,-0.01562,1.02880,28.68
$IMU,239.366,-0.732,-21.179,-46.142,0.05371,-0.00439,1.02734,28.68
$IMU,239.368,-0.366,-21.667,-45.593,0.05371,0.00048,1.02880,28.68
$IMU,239.371,-0.061,-22.033,-44.982,0.04736,0.00878,1.03417,28.68
$MAG,239.373,-0.231,0.076,-0.906,27.6
$IMU,239.373,0.305,-22.766,-44.372,0.04541,0.00878,1.03906,28.68
$IMU,239.375,0.549,-23.620,-43.823,0.04443,0.01513,1.04052,28.68
$IMU,239.378,0.793,-24.597,-43.457,0.03955,0.02294,1.04101,28.68
$IMU,239.380,1.037,-25.573,-43.395,0.03564,0.02099,1.04345,28.68
$IMU,239.382,1.159,-26.672,-43.518,0.03759,0.01757,1.04296,28.69
$MAG,239.383,-0.231,0.081,-0.912,27.8
$IMU,239.385,0.976,-28.015,-43.640,0.03710,0.01806,1.04638,28.69
$IMU,239.387,0.427,-29.296,-44.006,0.03710,0.01025,1.04199,28.69
$IMU,239.389,-0.244,-30.761,-44.372,0.04052,-0.00146,1.03466,28.69
$IMU,239.392,-0.915,-32.470,-44.738,0.04101,-0.00634,1.02636,28.69
$MAG,239.393,-0.241,0.078,-0.918,27.7
$IMU,239.394,-1.342,-34.240,-45.410,0.04443,-0.01123,1.01611,28.69
$IMU,239.396,-1.525,-35.705,-46.142,0.05126,-0.01953,1.00537,28.69
$IMU,239.399,-1.464,-37.109,-46.875,0.05810,-0.02490,0.99853,28.69
$IMU,239.401,-1.037,-38.635,-47.546,0.06689,-0.03564,0.99121,28.71
$MAG,239.403,-0.238,0.078,-0.910,27.7
$IMU,239.403,-0.183,-40.039,-47.912,0.07226,-0.03955,0.97949,28.71
$HUM,239.404,35.2,29.2
$IMU,239.406,0.976,-41.015,-48.339,0.08105,-0.04199,0.97119,28.71
$IMU,239.408,2.258,-41.931,-48.583,0.08837,-0.04101,0.96435,28.71
$IMU,239.410,3.906,-42.663,-48.828,0.10156,-0.04003,0.95996,28.71
$MAG,239.413,-0.244,0.091,-0.909,27.7
$IMU,239.413,5.554,-43.212,-49.072,0.11279,-0.03955,0.95703,28.71
$IMU,239.415,6.835,-44.555,-49.255,0.12304,-0.03857,0.95605,28.71
$IMU,239.417,7.629,-45.349,-49.194,0.13134,-0.03955,0.95654,28.71
$IMU,239.420,8.422,-45.898,-49.011,0.13671,-0.03955,0.95214,28.72
$IMU,239.422,9.033,-46.386,-48.828,0.14453,-0.03662,0.95214,28.72
$MAG,239.423,-0.252,0.082,-0.918,28.0
$IMU,239.424,9.460,-46.508,-48.461,0.15283,-0.03759,0.95361,28.72
$IMU,239.427,9.521,-46.325,-48.034,0.15722,-0.03759,0.95556,28.72
$IMU,239.429,9.338,-46.081,-47.729,0.16015,-0.03808,0.95361,28.72
$IMU,239.432,9.094,-45.471,-47.363,0.16064,-0.03955,0.95996,28.72
$MAG,239.434,-0.259,0.079,-0.910,27.8
$IMU,239.434,8.483,-44.189,-46.997,0.15625,-0.04101,0.96289,28.72
$IMU,239.436,7.690,-42.907,-46.813,0.14990,-0.04150,0.96972,28.72
$IMU,239.439,6.347,-41.320,-46.936,0.14794,-0.05126,0.97998,28.71
$IMU,239.441,3.601,-39.611,-47.363,0.14501,-0.06298,0.99462,28.71
$IMU,239.443,0.305,-37.475,-48.095,0.14111,-0.06982,1.00146,28.71
$MAG,239.444,-0.264,0.084,-0.915,27.7
$IMU,239.446,-3.234,-35.095,-49.377,0.13134,-0.07373,1.00146,28.71
$IMU,239.448,-6.469,-32.409,-51.086,0.12353,-0.07763,1.00732,28.71
$IMU,239.450,-9.704,-29.541,-53.283,0.12402,-0.08837,1.00683,28.71
$BARO,239.452,86417.46,28.74
$IMU,239.453,-12.878,-27.038,-55.664,0.12744,-0.09179,1.00683,28.71
$MAG,239.454,-0.262,0.084,-0.921,27.7
$IMU,239.455,-16.113,-24.414,-57.922,0.13623,-0.09667,1.00537,28.71
$IMU,239.457,-19.226,-21.972,-59.631,0.13916,-0.10107,1.00488,28.67
$IMU,239.460,-22.094,-20.141,-60.974,0.15039,-0.10156,1.00683,28.67
$IMU,239.462,-24.291,-18.737,-61.767,0.15332,-0.10156,1.00732,28.67
$MAG,239.464,-0.271,0.085,-0.901,27.6
$IMU,239.464,-25.878,-17.761,-62.255,0.16406,-0.09716,1.00537,28.67
$IMU,239.467,-27.099,-17.272,-62.255,0.17919,-0.09472,1.00585,28.67
$IMU,239.469,-28.442,-17.700,-61.645,0.19335,-0.09082,1.00537,28.67
$IMU,239.471,-29.479,-18.249,-60.546,0.20898,-0.08349,1.00390,28.67
$MAG,239.474,-0.276,0.085,-0.921,27.7
$IMU,239.474,-30.151,-18.981,-59.020,0.21484,-0.07861,0.99853,28.67
$IMU,239.476,-30.517,-20.446,-57.312,0.21972,-0.07763,0.99755,28.67
$IMU,239.478,-30.944,-21.850,-55.297,0.24902,-0.06542,0.99267,28.67
$IMU,239.481,-31.066,-23.193,-51.940,0.26904,-0.05712,0.98730,28.67
$IMU,239.483,-31.005,-24.536,-48.034,0.27734,-0.05810,0.97998,28.67
$MAG,239.484,-0.279,0.096,-0.912,27.7
$IMU,239.485,-31.066,-25.207,-44.128,0.28076,-0.05908,0.97070,28.67
$IMU,239.488,-31.188,-25.878,-40.771,0.28271,-0.06054,0.96630,28.67
$IMU,239.490,-31.494,-26.123,-37.597,0.28906,-0.07031,0.95898,28.67
$IMU,239.493,-32.104,-25.451,-34.973,0.27832,-0.07763,0.95703,28.67
$MAG,239.494,-0.288,0.097,-0.913,27.6
$IMU,239.495,-32.836,-24.658,-33.081,0.28027,-0.09375,0.95117,28.68
$IMU,239.497,-33.752,-23.620,-31.311,0.28417,-0.10546,0.94287,28.68
$IMU,239.500,-34.362,-21.850,-29.357,0.28173,-0.10791,0.93408,28.68
$IMU,239.502,-34.240,-20.629,-27.526,0.29443,-0.11328,0.92626,28.68
$MAG,239.504,-0.292,0.102,-0.910,27.8
$IMU,239.504,-33.935,-19.836,-25.329,0.30371,-0.12255,0.91796,28.68
$IMU,239.507,-33.386,-19.470,-22.949,0.31298,-0.14013,0.91650,28.68
$IMU,239.509,-33.508,-19.287,-20.263,0.31884,-0.16015,0.92822,28.68
$IMU,239.511,-33.996,-19.104,-17.395,0.32568,-0.17480,0.92724,28.68
$MAG,239.514,-0.285,0.100,-0.907,27.7
$IMU,239.514,-33.813,-18.737,-14.343,0.32763,-0.18212,0.92773,28.73
$IMU,239.516,-33.508,-18.310,-11.169,0.33056,-0.18945,0.92041,28.73
$IMU,239.518,-32.714,-18.005,-8.178,0.33349,-0.19726,0.92431,28.73
$IMU,239.521,-32.226,-17.883,-5.554,0.32812,-0.20458,0.93164,28.73
$IMU,239.523,-32.043,-17.456,-3.417,0.32568,-0.21289,0.94042,28.73
$MAG,239.524,-0.292,0.111,-0.903,27.7
$IMU,239.525,-31.799,-17.272,-1.708,0.32617,-0.22070,0.94042,28.73
$IMU,239.528,-30.639,-17.272,-0.183,0.32958,-0.22656,0.93310,28.73
$IMU,239.530,-29.418,-17.333,1.403,0.32666,-0.22998,0.94726,28.73
$IMU,239.532,-29.174,-17.883,2.441,0.32617,-0.23828,0.94775,28.71
$MAG,239.534,-0.285,0.103,-0.913,27.7
$IMU,239.535,-28.076,-18.127,3.234,0.32470,-0.24804,0.94335,28.71
$IMU,239.537,-26.855,-18.554,3.845,0.33398,-0.24902,0.94091,28.71
$IMU,239.539,-25.512,-18.920,4.882,0.35009,-0.25634,0.93505,28.71
$IMU,239.542,-23.864,-19.836,6.408,0.34667,-0.26416,0.94042,28.71
$IMU,239.544,-23.010,-20.874,7.690,0.34082,-0.26562,0.95117,28.71
$MAG,239.545,-0.298,0.115,-0.907,27.6
$IMU,239.546,-22.216,-21.728,8.728,0.34619,-0.28271,0.95166,28.71
$IMU,239.549,-21.240,-22.216,10.192,0.34912,-0.29150,0.95898,28.71
$IMU,239.551,-19.714,-22.827,12.084,0.36328,-0.29443,0.96142,28.69
$BARO,239.554,86412.42,28.74
$IMU,239.554,-17.639,-23.803,14.526,0.36767,-0.29638,0.97363,28.69
$MAG,239.555,-0.297,0.111,-0.907,27.8
$IMU,239.556,-16.113,-24.230,16.723,0.36816,-0.30175,0.97998,28.69
$IMU,239.558,-14.343,-24.841,18.737,0.35205,-0.29638,0.98681,28.69
$IMU,239.561,-12.634,-25.878,19.836,0.33056,-0.29150,1.00244,28.69
$IMU,239.563,-11.474,-27.038,19.531,0.31494,-0.29785,1.01806,28.69
$MAG,239.565,-0.295,0.112,-0.906,27.7
$IMU,239.565,-10.559,-28.015,18.798,0.31152,-0.30615,1.01855,28.69
$IMU,239.568,-8.666,-29.357,18.127,0.30517,-0.32519,1.02539,28.69
$IMU,239.570,-7.141,-30.517,17.089,0.31054,-0.31884,1.03027,28.71
$IMU,239.572,-5.371,-31.066,16.052,0.31787,-0.31689,1.01660,28.71
$MAG,239.575,-0.301,0.111,-0.907,27.8
$IMU,239.575,-3.723,-31.433,14.831,0.32031,-0.31152,1.02734,28.71
$IMU,239.577,-2.990,-31.494,14.099,0.32226,-0.31933,1.01806,28.71
$IMU,239.579,-1.831,-31.555,14.099,0.32910,-0.31689,1.02392,28.71
$IMU,239.582,-0.610,-31.494,14.526,0.32714,-0.32617,1.00927,28.71
$IMU,239.584,1.098,-31.738,15.136,0.32812,-0.32421,1.00537,28.71
$MAG,239.585,-0.306,0.117,-0.907,27.7
$IMU,239.586,2.502,-31.311,15.747,0.32031,-0.31494,1.01416,28.71
$IMU,239.589,3.540,-31.066,16.113,0.31835,-0.30859,1.00878,28.72
$IMU,239.591,4.943,-30.761,16.418,0.31738,-0.30419,1.00732,28.72
$IMU,239.593,5.920,-30.029,16.906,0.31152,-0.30664,1.00927,28.72
$MAG,239.595,-0.307,0.106,-0.897,27.7
$IMU,239.596,6.774,-29.174,17.578,0.30761,-0.29882,1.00585,28.72
$IMU,239.598,7.385,-27.648,18.249,0.31005,-0.28320,1.00585,28.72
$IMU,239.600,7.446,-25.817,18.676,0.31542,-0.27392,1.00830,28.72
$IMU,239.603,6.896,-23.498,18.554,0.32519,-0.26318,1.00488,28.72
$MAG,239.605,-0.307,0.111,-0.901,27.7
$IMU,239.605,6.103,-21.179,18.188,0.33154,-0.25732,1.00341,28.72
$IMU,239.607,5.249,-18.676,17.456,0.33593,-0.25048,1.00292,28.67
$IMU,239.610,4.272,-15.258,16.418,0.33935,-0.24121,0.99560,28.67
$IMU,239.612,3.601,-11.901,14.770,0.34228,-0.23632,0.99267,28.67
$MAG,239.615,-0.309,0.118,-0.916,28.1
$IMU,239.615,2.868,-8.605,12.878,0.34521,-0.22705,0.99072,28.67
$IMU,239.617,2.319,-5.065,10.803,0.34472,-0.22021,0.98095,28.67
$IMU,239.619,2.014,-1.831,8.483,0.34863,-0.22021,0.97363,28.67
$IMU,239.622,2.014,0.610,5.920,0.35058,-0.21923,0.96484,28.67
$IMU,239.624,1.831,3.417,3.295,0.35302,-0.21289,0.95605,28.67
$MAG,239.625,-0.303,0.109,-0.907,27.7
$IMU,239.626,1.831,6.103,0.671,0.35888,-0.21630,0.95019,28.69
$IMU,239.629,1.953,8.239,-2.014,0.35742,-0.21630,0.94433,28.69
$IMU,239.631,2.380,10.009,-4.760,0.35253,-0.21044,0.94189,28.69
$IMU,239.633,2.929,11.535,-7.629,0.35205,-0.20800,0.94238,28.69
$MAG,239.635,-0.310,0.121,-0.907,27.8
$IMU,239.636,3.356,13.305,-10.498,0.34472,-0.20898,0.94580,28.69
$IMU,239.638,3.967,14.709,-13.366,0.33984,-0.21337,0.95068,28.69
$IMU,239.640,4.638,16.174,-15.991,0.33740,-0.21142,0.95117,28.69
$IMU,239.643,5.493,17.395,-18.554,0.33544,-0.20410,0.95605,28.69
$MAG,239.645,-0.307,0.111,-0.904,28.0
$IMU,239.645,6.347,18.371,-21.240,0.33203,-0.19580,0.95947,28.69
$IMU,239.647,7.263,19.287,-23.803,0.32519,-0.18652,0.96093,28.69
$IMU,239.650,8.056,20.385,-26.367,0.31494,-0.17871,0.96484,28.69
$IMU,239.652,8.850,21.301,-28.808,0.30810,-0.17089,0.96679,28.69
$IMU,239.654,9.521,22.338,-31.311,0.29687,-0.16406,0.97167,28.69
$BARO,239.655,86414.17,28.75
$MAG,239.655,-0.301,0.118,-0.906,28.0
$IMU,239.657,10.070,23.681,-33.752,0.29003,-0.15673,0.97705,28.69
$IMU,239.659,10.620,25.390,-36.010,0.28369,-0.15478,0.97802,28.69
$IMU,239.661,11.474,27.038,-38.085,0.27441,-0.15185,0.98242,28.69
$IMU,239.664,12.084,28.808,-39.978,0.27441,-0.15380,0.98242,28.68
$MAG,239.666,-0.298,0.115,-0.898,27.6
$IMU,239.666,12.756,30.700,-41.809,0.26611,-0.15673,0.98291,28.68
$IMU,239.668,13.427,32.531,-43.395,0.26367,-0.16064,0.98339,28.68
$IMU,239.671,14.160,34.423,-44.738,0.25927,-0.16357,0.97998,28.68
$IMU,239.673,15.319,36.071,-45.776,0.25976,-0.16503,0.97998,28.68
$MAG,239.676,-0.304,0.109,-0.909,27.8
$IMU,239.676,16.479,38.146,-46.569,0.25341,-0.16552,0.97314,28.68
$IMU,239.678,17.822,39.855,-47.119,0.24853,-0.16113,0.96875,28.68
$IMU,239.680,19.531,41.198,-47.485,0.23876,-0.15722,0.96093,28.68
$IMU,239.683,21.301,42.602,-47.607,0.22802,-0.15332,0.95458,28.70
$IMU,239.685,23.132,43.884,-47.485,0.21826,-0.14892,0.95410,28.70
$MAG,239.686,-0.303,0.112,-0.906,27.7
$IMU,239.687,25.024,44.921,-47.485,0.21142,-0.14160,0.95458,28.70
$IMU,239.690,26.794,46.020,-47.668,0.20996,-0.12646,0.95263,28.70
$IMU,239.692,28.259,46.936,-47.912,0.20654,-0.11279,0.95263,28.70
$IMU,239.694,29.663,47.424,-48.461,0.21044,-0.09667,0.94628,28.70
$MAG,239.696,-0.292,0.105,-0.900,27.8
$IMU,239.697,30.944,47.790,-49.560,0.21289,-0.07568,0.95019,28.70
$IMU,239.699,31.799,48.217,-51.330,0.22021,-0.06201,0.95361,28.70
$IMU,239.701,31.982,49.011,-53.588,0.22412,-0.05078,0.95703,28.69
$IMU,239.704,31.921,50.109,-56.091,0.22753,-0.03906,0.96142,28.69
$MAG,239.706,-0.297,0.108,-0.910,27.6
$IMU,239.706,31.799,50.964,-58.654,0.22363,-0.02929,0.96435,28.69
$IMU,239.708,31.494,51.757,-61.157,0.22216,-0.02001,0.96484,28.69
$IMU,239.711,31.372,52.368,-63.476,0.21777,-0.02001,0.96923,28.69
$IMU,239.713,30.639,53.344,-65.246,0.20898,-0.01855,0.96875,28.69
$IMU,239.715,29.907,54.138,-66.406,0.20556,-0.02685,0.96484,28.69
$MAG,239.716,-0.288,0.105,-0.912,27.8
$IMU,239.718,29.296,54.504,-67.016,0.19531,-0.02978,0.96093,28.69
$IMU,239.720,28.625,54.321,-67.016,0.18652,-0.03906,0.95507,28.68
$IMU,239.722,28.076,54.016,-66.467,0.17919,-0.04199,0.94970,28.68
$IMU,239.725,27.954,53.405,-65.612,0.17138,-0.04248,0.94189,28.68
$MAG,239.726,-0.298,0.103,-0.909,27.7
$IMU,239.727,27.526,53.161,-64.636,0.15966,-0.04492,0.94091,28.68
$IMU,239.729,27.099,52.917,-63.537,0.15722,-0.04248,0.93994,28.68
$IMU,239.732,26.672,52.795,-62.500,0.14794,-0.03564,0.93408,28.68
$IMU,239.734,25.939,52.551,-61.340,0.14550,-0.02880,0.93115,28.68
$MAG,239.736,-0.283,0.103,-0.909,27.7
$IMU,239.736,25.024,52.368,-60.302,0.14160,-0.02734,0.93017,28.68
$IMU,239.739,23.681,52.429,-59.082,0.13476,-0.01464,0.93115,28.68
$IMU,239.741,22.216,52.673,-57.739,0.13476,-0.01611,0.93310,28.68
$IMU,239.744,20.812,53.466,-56.274,0.13720,-0.01562,0.92822,28.68
$MAG,239.746,-0.282,0.099,-0.906,27.7
$IMU,239.746,19.592,54.321,-54.748,0.13623,-0.00732,0.92968,28.68
$IMU,239.748,18.371,55.480,-52.978,0.12890,-0.00244,0.92871,28.68
$IMU,239.751,16.967,57.067,-51.452,0.12744,-0.00097,0.93066,28.68
$IMU,239.753,15.075,58.837,-50.354,0.12890,0.00146,0.93115,28.68
$IMU,239.755,13.122,60.607,-49.377,0.13183,0.00830,0.93017,28.68
$MAG,239.756,-0.279,0.090,-0.904,27.8
$BARO,239.757,86424.17,28.74
$IMU,239.758,11.352,62.561,-48.278,0.13623,0.01660,0.93554,28.71
$IMU,239.760,9.399,64.880,-47.241,0.12890,0.02343,0.93310,28.71
$IMU,239.762,7.812,66.650,-46.447,0.12890,0.02929,0.93212,28.71
$IMU,239.765,6.103,68.481,-46.325,0.12646,0.03173,0.93701,28.71
$MAG,239.766,-0.282,0.093,-0.903,27.8
$IMU,239.767,4.333,70.678,-46.325,0.12500,0.02978,0.93652,28.71
$IMU,239.769,2.685,72.875,-46.142,0.12597,0.02929,0.94140,28.71
$IMU,239.772,1.220,75.195,-46.081,0.12060,0.02734,0.94433,28.71
$IMU,239.774,0.183,77.331,-45.776,0.11328,0.01855,0.94726,28.71
$MAG,239.776,-0.277,0.097,-0.910,27.8
$IMU,239.776,-0.915,79.650,-45.349,0.11083,0.01367,0.94921,28.73
$IMU,239.779,-1.770,82.092,-44.677,0.10986,0.00488,0.95068,28.73
$IMU,239.781,-2.380,84.594,-43.579,0.10302,0.00048,0.95312,28.73
$IMU,239.783,-2.624,87.219,-42.175,0.09863,0.00488,0.95214,28.73
$MAG,239.786,-0.264,0.105,-0.910,27.7
$IMU,239.786,-2.929,89.416,-40.710,0.08984,0.00390,0.95312,28.73
$IMU,239.788,-2.990,91.247,-39.367,0.08447,0.00732,0.95312,28.73
$IMU,239.790,-3.234,93.322,-38.208,0.07421,0.00683,0.95458,28.73
$IMU,239.793,-3.295,95.153,-36.865,0.07128,0.01025,0.95117,28.73
$IMU,239.795,-3.601,97.106,-35.095,0.06298,0.01025,0.95214,28.66
$MAG,239.797,-0.259,0.102,-0.904,27.8
$IMU,239.797,-3.784,98.205,-33.569,0.05322,0.01269,0.95556,28.66
$IMU,239.800,-3.906,98.693,-32.165,0.04931,0.01708,0.95751,28.66
$IMU,239.802,-4.333,99.548,-30.639,0.04785,0.01757,0.96093,28.66
$IMU,239.805,-4.699,100.463,-29.052,0.04492,0.01904,0.96484,28.66
$MAG,239.807,-0.247,0.093,-0.904,27.7
$IMU,239.807,-5.493,101.135,-27.648,0.04052,0.01855,0.97021,28.66
$IMU,239.809,-5.859,102.050,-26.611,0.04492,0.01562,0.97412,28.66
$IMU,239.812,-6.103,103.088,-25.512,0.04833,0.01416,0.97656,28.66
$IMU,239.814,-6.835,104.064,-24.597,0.04394,0.01562,0.98242,28.70
$IMU,239.816,-7.812,104.614,-23.986,0.03662,0.01611,0.98193,28.70
$MAG,239.817,-0.241,0.097,-0.900,27.7
$IMU,239.819,-9.094,105.468,-23.559,0.03955,0.00878,0.98632,28.70
$IMU,239.821,-10.253,106.384,-23.132,0.03613,0.00634,0.98828,28.70
$IMU,239.823,-11.352,106.811,-22.644,0.03417,0.00048,0.99169,28.70
$IMU,239.826,-12.756,107.543,-21.728,0.03417,-0.00585,0.99511,28.70
$MAG,239.827,-0.237,0.097,-0.900,27.7
$IMU,239.828,-14.648,107.971,-20.935,0.02197,-0.01367,1.00000,28.70
$IMU,239.830,-16.418,108.337,-20.202,0.01562,-0.01367,1.00488,28.70
$IMU,239.833,-18.371,108.764,-19.348,0.00390,-0.01660,1.00390,28.73
$IMU,239.835,-20.141,108.886,-18.493,-0.00488,-0.02246,1.00976,28.73
$MAG,239.837,-0.231,0.097,-0.894,27.7
$IMU,239.837,-21.789,108.947,-18.005,-0.00830,-0.02880,1.01074,28.73
$IMU,239.840,-23.254,109.252,-17.700,-0.01025,-0.03564,1.00830,28.73
$IMU,239.842,-24.780,109.558,-17.456,-0.01416,-0.03515,1.00097,28.73
$IMU,239.844,-26.123,109.619,-17.578,-0.00244,-0.04101,1.00097,28.73
$MAG,239.847,-0.214,0.100,-0.892,27.7
$IMU,239.847,-27.221,109.619,-17.883,0.00341,-0.04345,0.99414,28.73
$IMU,239.849,-28.137,109.313,-18.615,0.00585,-0.05371,0.99658,28.73
$IMU,239.851,-28.869,109.069,-19.836,0.01171,-0.06591,0.99511,28.72
$IMU,239.854,-29.663,109.313,-20.935,0.01562,-0.08398,0.99365,28.72
$IMU,239.856,-30.456,109.497,-21.850,0.01464,-0.10253,1.00048,28.72
$MAG,239.857,-0.202,0.105,-0.888,28.0
$BARO,239.858,86422.29,28.74
$IMU,239.858,-31.127,109.558,-22.216,0.00634,-0.11279,0.99462,28.72
$IMU,239.861,-31.433,109.069,-22.766,0.00097,-0.12353,0.99560,28.72
$IMU,239.863,-31.799,108.947,-23.315,-0.01171,-0.13134,0.99853,28.72
$IMU,239.866,-31.982,109.008,-23.803,-0.01367,-0.13330,1.00244,28.72
$MAG,239.867,-0.189,0.103,-0.892,28.1
$IMU,239.868,-32.348,109.252,-24.169,-0.01464,-0.13623,1.01660,28.72
$IMU,239.870,-33.447,109.924,-24.658,-0.01416,-0.13818,1.00927,28.68
$IMU,239.873,-34.545,110.412,-24.963,-0.01220,-0.14404,1.01660,28.68
$IMU,239.875,-35.400,110.473,-25.573,-0.01562,-0.14208,1.02001,28.68
$MAG,239.877,-0.186,0.121,-0.882,27.7
$IMU,239.877,-36.376,110.778,-26.306,-0.02490,-0.14306,1.01171,28.68
$IMU,239.880,-36.987,111.450,-27.526,-0.03125,-0.15136,1.00634,28.68
$IMU,239.882,-37.597,111.633,-29.174,-0.02050,-0.16015,1.00195,28.68
$IMU,239.884,-38.146,111.694,-30.883,-0.01757,-0.15869,0.99707,28.68
$IMU,239.887,-38.208,111.389,-32.836,0.00292,-0.16015,0.98535,28.68
$MAG,239.887,-0.178,0.117,-0.882,27.6
$IMU,239.889,-37.597,110.229,-34.545,0.01513,-0.16845,0.98437,28.70
$IMU,239.891,-35.949,109.130,-35.827,0.00830,-0.16894,0.96923,28.70
$IMU,239.894,-33.630,108.093,-36.315,0.00732,-0.17382,0.95703,28.70
$IMU,239.896,-30.578,106.933,-35.888,-0.00439,-0.18603,0.95312,28.70
$MAG,239.897,-0.172,0.127,-0.877,27.6
$IMU,239.898,-26.916,105.834,-35.095,-0.01904,-0.19384,0.94824,28.70
$IMU,239.901,-23.254,104.980,-33.752,-0.03271,-0.19384,0.93896,28.70
$IMU,239.903,-19.104,103.820,-32.470,-0.04736,-0.19287,0.93212,28.70
$IMU,239.905,-15.075,102.966,-31.005,-0.05957,-0.19628,0.92187,28.70
$MAG,239.907,-0.166,0.124,-0.882,27.7
$IMU,239.908,-10.986,101.867,-29.357,-0.09423,-0.18505,0.93554,28.68
$IMU,239.910,-6.896,98.205,-27.404,-0.12255,-0.17919,0.93994,28.68
$IMU,239.912,-2.502,93.139,-25.573,-0.12988,-0.17236,0.93945,28.68
$IMU,239.915,2.502,87.097,-24.047,-0.12792,-0.16845,0.94042,28.68
$IMU,239.917,7.324,81.176,-22.399,-0.12451,-0.15820,0.93798,28.68
$MAG,239.918,-0.154,0.121,-0.868,27.8
$IMU,239.919,12.023,75.195,-21.118,-0.12988,-0.15527,0.93652,28.68
$IMU,239.922,16.845,69.213,-20.629,-0.14355,-0.15039,0.93408,28.68
$IMU,239.924,22.155,62.988,-20.202,-0.15771,-0.15429,0.93603,28.68
$IMU,239.927,27.221,56.823,-20.019,-0.15722,-0.15332,0.93603,28.70
$MAG,239.928,-0.153,0.120,-0.868,27.7
$IMU,239.929,32.043,50.781,-20.019,-0.16357,-0.14648,0.94140,28.70
$IMU,239.931,36.926,46.020,-20.385,-0.28222,-0.08789,0.91357,28.70
$IMU,239.934,43.151,43.090,-22.460,-0.36425,-0.05126,0.89160,28.70
$IMU,239.936,49.255,42.602,-23.620,-0.39501,-0.04003,0.88037,28.70
$MAG,239.938,-0.142,0.121,-0.873,27.8
$IMU,239.938,54.443,44.433,-24.780,-0.40332,-0.02343,0.87988,28.70
$IMU,239.941,57.250,46.569,-26.062,-0.39648,0.00537,0.90136,28.70
$IMU,239.943,57.067,46.630,-26.794,-0.36767,0.02050,0.92285,28.70
$IMU,239.945,56.518,46.447,-26.916,-0.32617,0.03857,0.94482,28.68
$MAG,239.948,-0.139,0.121,-0.867,27.6
$IMU,239.948,54.992,44.921,-26.123,-0.31152,0.06835,0.97656,28.68
$IMU,239.950,52.978,41.870,-24.963,-0.28906,0.06494,0.99511,28.68
$IMU,239.952,52.062,39.550,-23.559,-0.27050,0.04882,1.00927,28.68
$IMU,239.955,50.720,37.414,-21.850,-0.28369,0.04589,1.02685,28.68
$IMU,239.957,49.194,34.667,-20.385,-0.27685,0.01660,1.02050,28.68
$MAG,239.958,-0.142,0.129,-0.868,27.8
$IMU,239.959,48.828,33.935,-19.104,-0.28759,0.00146,1.01904,28.68
$BARO,239.960,86415.10,28.74
$IMU,239.962,48.034,32.287,-18.310,-0.30175,-0.00781,1.02099,28.68
$IMU,239.964,47.302,29.846,-17.578,-0.29980,-0.01367,1.01367,28.70
$IMU,239.966,47.058,27.282,-16.662,-0.30810,-0.00976,1.01318,28.70
$MAG,239.968,-0.144,0.112,-0.868,27.7
$IMU,239.969,46.447,24.475,-15.808,-0.31396,0.00683,1.01611,28.70
$IMU,239.971,46.203,21.911,-14.709,-0.29736,0.00390,1.00830,28.70
$IMU,239.973,46.813,20.629,-14.160,-0.29443,0.01660,1.00878,28.70
$TIME,239.976,446456.000,2399
$IMU,239.976,46.447,18.859,-14.404,-0.29003,0.03173,1.01074,28.70
$MAG,239.978,-0.135,0.108,-0.870,27.7
$IMU,239.978,45.593,16.845,-15.319,-0.28076,0.03662,1.01025,28.70
$IMU,239.980,44.982,15.563,-16.235,-0.26464,0.03613,1.01464,28.70
$IMU,239.983,43.823,15.319,-16.845,-0.25488,0.03125,1.01660,28.70
$IMU,239.985,42.297,15.319,-17.028,-0.24658,0.03173,1.02197,28.70
$IMU,239.988,40.039,15.014,-16.784,-0.24316,0.03320,1.02099,28.70
$MAG,239.988,-0.145,0.100,-0.873,27.8
$IMU,239.990,37.902,14.343,-16.418,-0.24023,0.02441,1.01367,28.70
$IMU,239.992,36.437,13.854,-15.869,-0.23388,0.02246,1.00878,28.70
$IMU,239.995,35.156,13.610,-15.136,-0.21337,0.00146,0.99316,28.70
$IMU,239.997,35.461,14.526,-13.977,-0.19580,-0.01562,0.97558,28.70
$MAG,239.998,-0.136,0.099,-0.870,27.7
$IMU,239.999,36.560,14.953,-12.634,-0.17773,-0.01269,0.97021,28.70
$IMU,240.002,37.170,15.869,-11.657,-0.17822,-0.00976,0.97070,28.69
$IMU,240.004,37.597,17.517,-10.864,-0.16650,-0.02001,0.96044,28.69
$IMU,240.006,38.513,19.531,-10.192,-0.15625,-0.02929,0.94824,28.69
$MAG,240.008,-0.133,0.096,-0.873,27.6
$IMU,240.009,39.916,22.277,-9.094,-0.15039,-0.02880,0.93896,28.69
$IMU,240.011,41.198,24.780,-7.812,-0.14208,-0.02294,0.92968,28.69
$IMU,240.013,42.724,27.404,-6.469,-0.14306,-0.01416,0.92041,28.69
$IMU,240.016,44.860,29.785,-5.249,-0.14550,-0.01855,0.90771,28.69
$MAG,240.018,-0.136,0.105,-0.865,27.8
$IMU,240.018,47.912,30.761,-3.845,-0.15380,-0.02539,0.89794,28.69
$IMU,240.020,51.269,31.433,-2.746,-0.15966,-0.03076,0.89550,28.76
$IMU,240.023,55.175,31.433,-2.319,-0.17431,-0.02539,0.90478,28.76
$IMU,240.025,58.654,29.724,-1.953,-0.17578,-0.01855,0.90234,28.76
$IMU,240.027,62.805,27.099,-1.281,-0.18212,-0.02539,0.89892,28.76
$MAG,240.028,-0.142,0.097,-0.868,27.8
$IMU,240.030,66.528,23.620,-0.366,-0.18798,-0.02441,0.91845,28.76
$IMU,240.032,71.105,20.141,0.793,-0.19384,-0.04345,0.90625,28.76
$IMU,240.034,76.354,16.662,2.014,-0.19873,-0.05175,0.90332,28.76
$IMU,240.037,81.787,12.695,3.112,-0.20800,-0.04345,0.91503,28.76
$MAG,240.039,-0.136,0.087,-0.877,27.7
$IMU,240.039,86.608,8.361,3.845,-0.21142,-0.04882,0.92041,28.74
$IMU,240.041,91.308,4.150,4.638,-0.21386,-0.04785,0.92138,28.74
$IMU,240.044,95.825,-0.488,5.432,-0.21826,-0.04296,0.92138,28.74
$IMU,240.046,100.524,-5.554,6.286,-0.22314,-0.03320,0.92919,28.74
$MAG,240.049,-0.132,0.084,-0.874,27.7
$IMU,240.049,105.102,-10.192,6.958,-0.21972,-0.02685,0.93554,28.74
$IMU,240.051,109.741,-15.380,7.934,-0.22167,-0.02880,0.93652,28.74
$IMU,240.053,114.929,-21.728,8.728,-0.21972,-0.01757,0.94628,28.74
$IMU,240.056,119.567,-28.137,9.521,-0.21923,-0.00634,0.95605,28.74
$IMU,240.058,124.328,-34.912,10.375,-0.21679,0.00000,0.95800,28.68
$MAG,240.059,-0.133,0.075,-0.880,27.7
$IMU,240.060,129.150,-41.259,11.352,-0.21484,0.01171,0.97167,28.68
$BARO,240.061,86422.75,28.73
$IMU,240.063,133.239,-47.180,12.390,-0.20751,0.02343,0.97949,28.68
$IMU,240.065,137.268,-52.734,13.366,-0.20458,0.03027,0.99072,28.68
$VBAT,240.065,4.142
$IMU,240.067,141.113,-57.312,14.526,-0.19726,0.03320,0.99365,28.68
$MAG,240.069,-0.150,0.061,-0.886,27.8
$IMU,240.070,145.019,-60.974,15.625,-0.19091,0.03417,0.99902,28.68
$IMU,240.072,149.047,-64.208,16.784,-0.18017,0.03125,0.99511,28.68
$IMU,240.074,153.686,-67.077,18.310,-0.17480,0.02685,0.99267,28.68
$IMU,240.077,158.691,-68.847,20.080,-0.16650,0.03027,0.99121,28.71
$MAG,240.079,-0.142,0.051,-0.883,27.7
$IMU,240.079,163.696,-70.129,21.850,-0.15625,0.04150,0.99560,28.71
$IMU,240.081,168.151,-70.068,23.132,-0.15527,0.05517,1.00390,28.71
$IMU,240.084,171.264,-69.091,24.108,-0.14843,0.07373,1.01025,28.71
$IMU,240.086,173.278,-66.833,24.719,-0.14794,0.09863,1.02197,28.71
$IMU,240.088,173.767,-63.781,25.146,-0.14599,0.12451,1.03320,28.71
$MAG,240.089,-0.148,0.027,-0.904,27.7
$IMU,240.091,173.461,-59.753,25.146,-0.14843,0.15087,1.04296,28.71
$IMU,240.093,171.875,-55.297,25.390,-0.14941,0.17626,1.04882,28.71
$IMU,240.095,168.884,-50.537,25.695,-0.15283,0.19921,1.05517,28.66
$IMU,240.098,164.367,-45.104,26.184,-0.16015,0.21679,1.06787,28.66
$MAG,240.099,-0.156,0.018,-0.901,27.8
$IMU,240.100,158.569,-39.245,26.611,-0.16503,0.23193,1.07568,28.66
$IMU,240.102,152.038,-33.386,27.038,-0.16650,0.25097,1.08789,28.66
$IMU,240.105,145.080,-26.794,27.526,-0.17236,0.26855,1.09375,28.66
$IMU,240.107,137.207,-20.568,27.954,-0.17333,0.28027,1.09472,28.66
$MAG,240.109,-0.163,-0.006,-0.907,27.8
$IMU,240.109,128.112,-14.831,28.381,-0.16992,0.29248,1.09521,28.66
$IMU,240.112,118.103,-8.728,28.930,-0.16796,0.30615,1.09570,28.66
$IMU,240.114,108.276,-2.319,29.113,-0.17333,0.30957,1.08837,28.68
$IMU,240.117,98.205,3.906,28.991,-0.18164,0.31445,1.07714,28.68
$MAG,240.119,-0.153,-0.009,-0.903,27.6
$IMU,240.119,87.890,10.314,28.625,-0.18554,0.31298,1.06884,28.68
$IMU,240.121,78.002,16.601,27.893,-0.18750,0.30957,1.06152,28.68
$IMU,240.124,68.359,22.827,26.733,-0.18115,0.29980,1.05322,28.68
$IMU,240.126,58.898,28.930,25.146,-0.17382,0.29199,1.03808,28.68
$IMU,240.128,50.170,34.423,23.254,-0.18750,0.29736,1.01025,28.68
$MAG,240.129,-0.147,-0.021,-0.900,27.7
$IMU,240.131,42.480,39.733,21.179,-0.19677,0.29492,0.98681,28.68
$IMU,240.133,35.400,43.884,19.042,-0.19726,0.28613,0.95947,28.71
$IMU,240.135,27.526,46.752,17.333,-0.19921,0.27392,0.93115,28.71
$IMU,240.138,19.470,48.400,15.930,-0.19238,0.26074,0.91064,28.71
$MAG,240.139,-0.150,-0.025,-0.903,27.7
$IMU,240.140,11.413,49.987,14.953,-0.18798,0.25048,0.88867,28.71
$IMU,240.142,3.967,51.513,14.099,-0.18261,0.24609,0.87304,28.71
$IMU,240.145,-2.502,52.612,13.244,-0.18310,0.23681,0.86132,28.71
$IMU,240.147,-7.629,54.382,12.268,-0.18164,0.22216,0.85595,28.71
$MAG,240.149,-0.148,-0.028,-0.903,27.7
$IMU,240.149,-11.291,56.945,11.169,-0.18701,0.21191,0.84521,28.71
$IMU,240.152,-14.160,59.448,9.948,-0.19628,0.20654,0.83789,28.69
$IMU,240.154,-15.563,62.255,8.666,-0.20117,0.19970,0.83886,28.69
$IMU,240.156,-15.625,65.185,7.080,-0.20947,0.19580,0.83837,28.69
$IMU,240.159,-14.831,68.420,5.371,-0.21777,0.18994,0.84228,28.69
$MAG,240.160,-0.136,-0.030,-0.897,27.7
$IMU,240.161,-13.183,71.594,3.784,-0.22265,0.18554,0.84765,28.69
$BARO,240.163,86409.74,28.75
$IMU,240.163,-10.620,75.073,2.075,-0.22119,0.18066,0.85839,28.69
$IMU,240.166,-6.958,78.613,0.671,-0.22265,0.17431,0.87255,28.69
$IMU,240.168,-2.868,81.420,-0.732,-0.22656,0.16992,0.88134,28.69
$MAG,240.170,-0.130,-0.016,-0.886,27.7
$IMU,240.170,1.342,84.167,-1.647,-0.22998,0.16210,0.89062,28.73
$IMU,240.173,5.981,87.097,-2.441,-0.23095,0.15917,0.90820,28.73
$IMU,240.175,10.986,90.637,-3.479,-0.23193,0.16357,0.93359,28.73
$IMU,240.178,16.235,94.360,-4.577,-0.24121,0.15478,0.93505,28.73
$MAG,240.180,-0.124,-0.028,-0.889,27.7
$IMU,240.180,20.324,96.740,-5.676,-0.25097,0.14990,0.93896,28.73
$IMU,240.182,23.254,98.083,-6.591,-0.26025,0.15527,0.94628,28.73
$IMU,240.185,25.451,100.158,-6.958,-0.26367,0.15966,0.95751,28.73
$IMU,240.187,27.282,102.722,-6.896,-0.26171,0.14843,0.97021,28.73
$IMU,240.189,26.306,105.773,-7.202,-0.26416,0.16650,1.01757,28.74
$MAG,240.190,-0.112,-0.030,-0.894,27.7
$IMU,240.192,23.010,111.022,-7.690,-0.26269,0.17041,1.05273,28.74
$IMU,240.194,18.798,117.736,-8.483,-0.27099,0.17822,1.05908,28.74
$IMU,240.196,12.207,124.267,-9.277,-0.29394,0.19921,1.04296,28.74
$IMU,240.199,3.051,129.577,-9.521,-0.29931,0.19921,1.01708,28.74
$MAG,240.200,-0.102,-0.027,-0.883,27.6
$IMU,240.201,-6.774,135.375,-9.399,-0.29589,0.20312,1.02636,28.74
$IMU,240.203,-17.883,141.235,-8.972,-0.30712,0.21582,1.02587,28.74
$IMU,240.206,-28.625,147.094,-8.239,-0.30615,0.22216,1.03515,28.74
$IMU,240.208,-38.452,153.259,-7.507,-0.32714,0.23974,1.04443,28.72
$MAG,240.210,-0.094,-0.018,-0.880,27.7
$IMU,240.210,-46.203,160.461,-6.469,-0.32031,0.23193,1.04882,28.72
$IMU,240.213,-50.598,168.518,-5.371,-0.32861,0.22998,1.05566,28.72
$IMU,240.215,-51.574,177.124,-3.906,-0.35205,0.23925,1.04003,28.72
$IMU,240.217,-51.086,181.579,-3.295,-0.37548,0.24951,0.92626,28.72
$MAG,240.220,-0.084,-0.022,-0.868,27.7
$IMU,240.220,-48.095,179.321,-2.502,-0.37060,0.22851,0.83398,28.72
$IMU,240.222,-39.855,175.048,-1.037,-0.38232,0.20947,0.80029,28.72
$IMU,240.224,-33.081,165.405,0.427,-0.41601,0.23291,0.70458,28.72
$IMU,240.227,-28.259,152.404,1.892,-0.41894,0.22998,0.67529,28.73
$IMU,240.229,-22.399,140.930,3.540,-0.42333,0.23730,0.68408,28.73
$MAG,240.230,-0.061,-0.022,-0.864,27.7
$IMU,240.231,-17.395,130.981,5.004,-0.41845,0.23535,0.71093,28.73
$IMU,240.234,-14.099,122.314,6.042,-0.42089,0.24169,0.73242,28.73
$IMU,240.236,-14.709,115.844,6.408,-0.42431,0.24951,0.78369,28.73
$IMU,240.239,-15.747,113.037,6.225,-0.42480,0.24902,0.83398,28.73
$MAG,240.240,-0.048,-0.018,-0.859,27.7
$IMU,240.241,-17.395,113.037,5.493,-0.43164,0.25878,0.87646,28.73
$IMU,240.243,-20.507,114.685,4.638,-0.42041,0.26074,0.92089,28.73
$IMU,240.246,-23.620,117.675,3.417,-0.40527,0.25292,0.95654,28.71
$IMU,240.248,-27.465,120.605,1.953,-0.42138,0.25292,0.96923,28.71
$MAG,240.250,-0.045,-0.010,-0.847,27.7
$IMU,240.250,-31.311,123.962,1.037,-0.41455,0.24658,0.97363,28.71
$IMU,240.253,-34.362,127.746,0.000,-0.41650,0.24218,0.98437,28.71
$IMU,240.255,-36.621,130.615,-1.342,-0.43701,0.25000,0.98291,28.71
$IMU,240.257,-37.841,133.544,-2.868,-0.44189,0.24218,0.99316,28.71
$MAG,240.260,-0.024,-0.012,-0.838,27.7
$IMU,240.260,-38.024,136.291,-4.150,-0.45312,0.23974,0.99169,28.71
$IMU,240.262,-37.475,138.000,-5.065,-0.45703,0.23095,0.98925,28.71
$BARO,240.264,86418.68,28.74
$IMU,240.264,-35.827,138.916,-5.859,-0.46435,0.22216,0.99462,28.73
$IMU,240.267,-32.958,139.404,-6.713,-0.46923,0.20996,0.97460,28.73
$IMU,240.269,-29.479,138.427,-7.385,-0.46191,0.19482,0.96191,28.73
$MAG,240.271,-0.012,-0.015,-0.828,27.8
$IMU,240.271,-25.756,136.779,-7.873,-0.45947,0.18896,0.94970,28.73
$IMU,240.274,-21.118,134.948,-7.995,-0.45703,0.17578,0.94628,28.73
$IMU,240.276,-15.808,133.544,-8.178,-0.44824,0.18115,0.93359,28.73
$IMU,240.278,-10.070,132.263,-8.056,-0.43750,0.17724,0.94091,28.73
$MAG,240.281,-0.016,-0.007,-0.828,27.7
$IMU,240.281,-3.906,132.690,-7.751,-0.43505,0.17529,0.94677,28.73
$IMU,240.283,2.075,133.056,-7.385,-0.43505,0.17724,0.95068,28.70
$IMU,240.285,8.178,132.812,-6.958,-0.43847,0.17675,0.95117,28.70
$IMU,240.288,14.160,133.117,-6.591,-0.43701,0.16992,0.95214,28.70
$IMU,240.290,20.935,133.789,-6.103,-0.44189,0.15869,0.95703,28.70
$MAG,240.291,0.001,-0.003,-0.813,27.8
$IMU,240.292,27.038,133.544,-5.371,-0.44482,0.14892,0.96533,28.70
$IMU,240.295,31.982,131.530,-4.516,-0.44531,0.13867,0.96533,28.70
$IMU,240.297,36.865,128.723,-3.540,-0.45361,0.14062,0.96142,28.70
$IMU,240.300,41.809,127.075,-2.563,-0.46484,0.14160,0.95263,28.70
$MAG,240.301,0.010,-0.010,-0.810,27.7
$IMU,240.302,46.875,126.464,-1.464,-0.47802,0.14453,0.93017,28.71
$IMU,240.304,51.147,126.342,0.244,-0.48632,0.14160,0.91503,28.71
$IMU,240.307,53.710,126.403,2.685,-0.50244,0.13134,0.89208,28.71
$IMU,240.309,55.603,126.037,5.676,-0.50292,0.12988,0.87451,28.71
$MAG,240.311,0.027,-0.015,-0.802,27.7
$IMU,240.311,56.579,125.854,8.300,-0.50634,0.14013,0.85498,28.71
$IMU,240.314,57.312,125.000,10.620,-0.51708,0.14501,0.84033,28.71
$IMU,240.316,58.105,124.450,12.573,-0.52685,0.15673,0.83642,28.71
$IMU,240.318,58.898,124.572,14.343,-0.53906,0.16308,0.84033,28.71
$MAG,240.321,0.028,-0.025,-0.796,27.7
$IMU,240.321,59.570,125.366,15.686,-0.55224,0.16845,0.84277,28.71
$IMU,240.323,59.753,127.075,16.174,-0.57666,0.17089,0.84326,28.71
$IMU,240.325,59.936,129.943,15.625,-0.58935,0.18310,0.83740,28.71
$IMU,240.328,60.485,133.239,14.343,-0.59033,0.18212,0.84033,28.71
$IMU,240.330,61.401,136.535,12.878,-0.59179,0.18994,0.85058,28.71
$MAG,240.331,0.030,-0.027,-0.783,27.7
$IMU,240.332,62.316,139.099,11.535,-0.58886,0.19189,0.85107,28.71
$IMU,240.335,63.598,141.418,10.498,-0.59130,0.19189,0.84912,28.71
$IMU,240.337,65.917,144.104,9.094,-0.59765,0.19335,0.85205,28.71
$IMU,240.339,68.176,145.324,8.117,-0.60205,0.20703,0.84765,28.72
$MAG,240.341,0.052,-0.033,-0.769,27.6
$IMU,240.342,71.166,146.606,7.080,-0.60107,0.21777,0.83544,28.72
$IMU,240.344,74.707,149.108,5.554,-0.60644,0.22851,0.83154,28.72
$IMU,240.346,78.125,151.306,4.272,-0.59960,0.22802,0.81835,28.72
$IMU,240.349,81.481,152.648,3.356,-0.60107,0.23583,0.80468,28.72
$MAG,240.351,0.060,-0.036,-0.754,27.7
$IMU,240.351,84.655,153.564,2.197,-0.60888,0.25244,0.78613,28.72
$IMU,240.353,87.219,154.724,0.671,-0.59765,0.25390,0.77539,28.72
$IMU,240.356,89.111,155.273,-1.037,-0.60644,0.26171,0.75976,28.72
$IMU,240.358,90.820,154.968,-2.807,-0.61328,0.26464,0.74951,28.69
$MAG,240.361,0.064,-0.042,-0.747,27.7
$IMU,240.361,92.407,153.381,-4.333,-0.61669,0.26367,0.73876,28.69
$IMU,240.363,93.200,150.756,-5.798,-0.62158,0.26513,0.72021,28.69
$IMU,240.365,93.566,148.132,-7.385,-0.63525,0.26757,0.70166,28.69
$BARO,240.366,86420.68,28.74
$IMU,240.368,93.688,144.226,-8.666,-0.63720,0.27001,0.68994,28.69
$IMU,240.370,92.895,139.465,-9.643,-0.63378,0.28173,0.67822,28.69
$MAG,240.371,0.073,-0.045,-0.736,27.6
$IMU,240.372,91.979,133.666,-10.253,-0.64355,0.28613,0.67041,28.69
$IMU,240.375,90.637,127.868,-10.559,-0.64794,0.30029,0.67089,28.69
$IMU,240.377,88.989,122.436,-10.620,-0.65136,0.31347,0.67138,28.71
$IMU,240.379,87.402,117.187,-10.620,-0.65136,0.31787,0.66992,28.71
$MAG,240.381,0.073,-0.054,-0.733,27.7
$IMU,240.382,85.632,113.952,-10.925,-0.65771,0.32421,0.67187,28.71
$IMU,240.384,83.740,111.267,-11.352,-0.66503,0.32812,0.67138,28.71
$IMU,240.386,81.848,109.130,-11.718,-0.67089,0.31738,0.66796,28.71
$IMU,240.389,79.772,108.947,-11.962,-0.67431,0.30957,0.67138,28.71
$IMU,240.391,77.087,109.130,-12.084,-0.68505,0.29980,0.67041,28.71
$MAG,240.392,0.085,-0.055,-0.726,27.6
$IMU,240.393,74.218,109.252,-12.084,-0.69384,0.29248,0.66894,28.71
$IMU,240.396,71.655,109.863,-11.962,-0.70166,0.28466,0.66162,28.73
$IMU,240.398,69.274,111.022,-11.535,-0.70751,0.27685,0.65429,28.73
$IMU,240.400,67.382,111.938,-11.108,-0.71533,0.27343,0.65185,28.73
$MAG,240.402,0.088,-0.057,-0.711,27.7
$IMU,240.403,65.856,112.548,-10.498,-0.72216,0.27343,0.64599,28.73
$IMU,240.405,64.147,113.464,-9.704,-0.72460,0.28125,0.64160,28.73
$IMU,240.407,62.744,113.586,-8.728,-0.72753,0.28662,0.64013,28.73
$IMU,240.410,61.340,114.379,-7.690,-0.73828,0.28515,0.63525,28.73
$MAG,240.412,0.105,-0.063,-0.702,27.7
$IMU,240.412,60.180,115.356,-6.652,-0.74072,0.29003,0.63281,28.73
$IMU,240.414,59.448,116.149,-5.249,-0.75048,0.29199,0.62646,28.70
$IMU,240.417,58.654,118.164,-3.784,-0.75585,0.28759,0.62353,28.70
$IMU,240.419,58.654,120.056,-2.319,-0.75781,0.28076,0.62402,28.70
$HUM,240.420,35.3,29.2
$MAG,240.422,0.112,-0.066,-0.705,27.7
$IMU,240.422,58.654,121.215,-1.098,-0.75390,0.28222,0.62109,28.70
$IMU,240.424,58.471,121.887,0.488,-0.75244,0.28515,0.61914,28.70
$IMU,240.426,58.532,121.704,2.319,-0.75585,0.28613,0.60693,28.70
$IMU,240.429,58.776,121.337,4.272,-0.75244,0.29443,0.60156,28.70
$IMU,240.431,58.837,120.788,6.469,-0.75927,0.29296,0.58544,28.70
$MAG,240.432,0.114,-0.058,-0.682,27.6
$IMU,240.433,59.387,118.896,9.216,-0.75927,0.30126,0.57812,28.68
$IMU,240.436,60.607,115.905,11.413,-0.76708,0.31445,0.57080,28.68
$IMU,240.438,62.316,111.389,13.671,-0.77099,0.32910,0.55810,28.68
$IMU,240.440,63.781,107.055,16.113,-0.76708,0.34814,0.56152,28.68
$MAG,240.442,0.112,-0.066,-0.678,27.7
$IMU,240.443,65.246,102.905,17.883,-0.77636,0.36279,0.55517,28.68
$IMU,240.445,66.406,99.121,19.470,-0.78613,0.37646,0.56103,28.68
$IMU,240.447,66.406,95.153,20.751,-0.80224,0.39013,0.56591,28.68
$IMU,240.450,65.734,91.308,21.606,-0.81054,0.39892,0.55517,28.68
$MAG,240.452,0.121,-0.076,-0.669,27.7
$IMU,240.452,64.880,88.317,22.399,-0.82666,0.40087,0.55664,28.73
$IMU,240.454,63.964,85.815,23.071,-0.84521,0.39990,0.55566,28.73
$IMU,240.457,62.438,84.045,23.620,-0.85888,0.39599,0.55761,28.73
$IMU,240.459,60.241,83.862,23.986,-0.85498,0.39208,0.55712,28.73
$IMU,240.461,57.617,84.228,24.536,-0.85644,0.38378,0.55175,28.73
$MAG,240.462,0.124,-0.076,-0.655,27.7
$IMU,240.464,55.297,84.533,25.390,-0.85937,0.38134,0.54492,28.73
$IMU,240.466,53.222,85.510,26.306,-0.85351,0.37792,0.55078,28.73
$BARO,240.467,86404.42,28.74
$IMU,240.468,50.720,86.853,27.038,-0.85449,0.36962,0.54736,28.73
$IMU,240.471,48.095,88.378,27.832,-0.84765,0.37011,0.54296,28.75
$MAG,240.472,0.132,-0.091,-0.648,27.7
$IMU,240.473,45.654,90.270,28.503,-0.84130,0.35986,0.54296,28.75
$IMU,240.475,43.640,92.529,28.930,-0.83398,0.35302,0.54003,28.75
$IMU,240.478,42.480,94.604,28.991,-0.83007,0.34277,0.52685,28.75
$IMU,240.480,42.297,96.801,28.503,-0.82666,0.33349,0.52441,28.75
$MAG,240.482,0.130,-0.085,-0.640,27.7
$IMU,240.483,42.785,99.121,28.076,-0.81884,0.34619,0.52050,28.75
$IMU,240.485,43.579,101.440,27.526,-0.82177,0.34863,0.51123,28.75
$IMU,240.487,44.494,104.248,26.855,-0.81640,0.35400,0.50683,28.75
$IMU,240.490,45.043,106.933,26.672,-0.82226,0.36132,0.49853,28.72
$MAG,240.492,0.133,-0.099,-0.637,27.7
$IMU,240.492,45.288,108.947,26.489,-0.83886,0.36523,0.48828,28.72
$IMU,240.494,45.043,110.839,26.428,-0.84472,0.36230,0.47509,28.72
$IMU,240.497,45.410,112.670,26.428,-0.84619,0.36181,0.46435,28.72
$IMU,240.499,46.325,114.135,26.428,-0.84326,0.37548,0.45996,28.72
$IMU,240.501,46.630,115.234,26.245,-0.84814,0.38183,0.45800,28.72
$MAG,240.502,0.136,-0.094,-0.628,27.7
$IMU,240.504,46.325,116.271,26.062,-0.84619,0.39599,0.45361,28.72
$IMU,240.506,45.043,117.187,26.062,-0.83837,0.40136,0.45361,28.72
$IMU,240.508,43.762,117.675,26.184,-0.85107,0.40429,0.44140,28.75
$IMU,240.511,42.907,118.469,25.817,-0.85205,0.41259,0.43017,28.75
$MAG,240.513,0.142,-0.106,-0.615,27.7
$IMU,240.513,42.236,118.591,25.146,-0.84863,0.42187,0.42333,28.75
$IMU,240.515,41.442,118.896,24.536,-0.85009,0.43408,0.41308,28.75
$IMU,240.518,40.161,119.018,23.864,-0.85302,0.43994,0.41943,28.75
$IMU,240.520,38.208,118.896,23.071,-0.85791,0.44970,0.39550,28.75
$IMU,240.522,37.414,118.652,21.972,-0.84619,0.44628,0.39257,28.75
$MAG,240.523,0.150,-0.100,-0.612,27.6
$IMU,240.525,35.766,118.041,21.301,-0.85742,0.45507,0.38183,28.75
$IMU,240.527,34.179,117.065,20.385,-0.85595,0.45361,0.39257,28.70
$IMU,240.529,31.799,115.844,19.836,-0.84716,0.45507,0.36669,28.70
$IMU,240.532,30.822,114.990,19.226,-0.84375,0.44970,0.37109,28.70
$MAG,240.533,0.157,-0.111,-0.592,27.7
$IMU,240.534,28.625,114.257,18.737,-0.82714,0.44091,0.35937,28.70
$IMU,240.536,27.099,113.220,18.371,-0.82666,0.44482,0.33056,28.70
$IMU,240.539,26.977,112.670,17.272,-0.82568,0.43310,0.32324,28.70
$IMU,240.541,26.794,111.816,16.357,-0.81396,0.42431,0.31738,28.70
$MAG,240.543,0.154,-0.114,-0.589,27.8
$IMU,240.543,26.184,110.290,15.747,-0.82421,0.42626,0.31835,28.70
$IMU,240.546,24.658,109.375,15.014,-0.81640,0.42041,0.31298,28.72
$IMU,240.548,23.620,108.520,14.709,-0.81445,0.41699,0.31250,28.72
$IMU,240.551,21.789,107.116,14.465,-0.82080,0.41699,0.31250,28.72
$MAG,240.553,0.151,-0.106,-0.568,27.7
$IMU,240.553,18.981,106.872,13.854,-0.80664,0.42187,0.31982,28.72
$IMU,240.555,16.418,106.323,12.878,-0.80810,0.41796,0.30029,28.72
$IMU,240.558,14.831,105.834,11.901,-0.80908,0.42187,0.30908,28.72
$IMU,240.560,12.817,105.285,11.047,-0.80175,0.42675,0.30566,28.72
$IMU,240.562,10.681,105.285,10.498,-0.81103,0.41796,0.29199,28.72
$MAG,240.563,0.157,-0.111,-0.558,27.6
$IMU,240.565,9.582,104.675,9.704,-0.81396,0.41259,0.29150,28.73
$IMU,240.567,8.666,103.759,8.605,-0.82714,0.40917,0.29199,28.73
$BARO,240.568,86409.81,28.74
$IMU,240.569,7.873,102.844,7.141,-0.82421,0.39794,0.28417,28.73
$IMU,240.572,7.690,101.989,5.676,-0.82324,0.39892,0.28808,28.73
$MAG,240.573,0.160,-0.112,-0.544,27.8
$IMU,240.574,7.019,100.708,4.333,-0.84472,0.41162,0.27783,28.73
$IMU,240.576,5.798,99.609,2.502,-0.84326,0.42236,0.25927,28.73
$IMU,240.579,5.249,99.548,0.366,-0.82421,0.41845,0.23535,28.73
$IMU,240.581,5.065,99.182,-1.281,-0.83300,0.43750,0.22656,28.73
$MAG,240.583,0.159,-0.117,-0.540,27.6
$IMU,240.583,4.333,97.656,-2.441,-0.85156,0.45800,0.21582,28.78
$IMU,240.586,3.479,95.886,-3.356,-0.84472,0.47167,0.20068,28.78
$IMU,240.588,3.662,94.055,-4.028,-0.83593,0.48535,0.18261,28.78
$IMU,240.590,4.028,92.407,-4.516,-0.80957,0.50732,0.17578,28.78
$MAG,240.593,0.159,-0.112,-0.534,27.6
$IMU,240.593,3.295,89.355,-4.150,-0.85253,0.52929,0.16552,28.78
$IMU,240.595,2.319,84.716,-4.516,-0.86474,0.54638,0.14111,28.78
$IMU,240.597,1.586,80.505,-5.432,-0.85742,0.57373,0.13427,28.78
$IMU,240.600,0.122,77.453,-6.774,-0.85351,0.58105,0.12744,28.78
$IMU,240.602,-1.831,74.340,-8.300,-0.86962,0.58740,0.12695,28.70
$MAG,240.603,0.160,-0.115,-0.522,27.7
$IMU,240.604,-4.028,70.068,-9.948,-0.88427,0.59375,0.11914,28.70
$IMU,240.607,-6.042,65.490,-11.901,-0.89062,0.58935,0.11816,28.70
$IMU,240.609,-8.300,61.401,-13.977,-0.89208,0.58056,0.12353,28.70
$IMU,240.612,-10.559,57.067,-16.357,-0.90576,0.56103,0.12646,28.70
$MAG,240.613,0.162,-0.112,-0.520,27.6
$IMU,240.614,-12.634,52.429,-19.226,-0.90771,0.54394,0.12988,28.70
$IMU,240.616,-14.404,47.668,-22.277,-0.90917,0.53417,0.12744,28.70
$IMU,240.619,-16.052,43.457,-25.512,-0.90771,0.53515,0.12695,28.70
$IMU,240.621,-17.272,39.550,-28.747,-0.90820,0.53466,0.13623,28.70
$MAG,240.623,0.166,-0.115,-0.513,27.6
$IMU,240.623,-18.798,36.071,-31.799,-0.90332,0.53662,0.14208,28.70
$IMU,240.626,-20.141,32.958,-34.545,-0.89941,0.54248,0.13964,28.70
$IMU,240.628,-21.667,30.151,-36.682,-0.90673,0.54638,0.14990,28.70
$IMU,240.630,-23.010,26.306,-38.696,-0.90966,0.54541,0.15527,28.70
$IMU,240.633,-24.536,22.888,-40.527,-0.91503,0.54589,0.16210,28.70
$MAG,240.634,0.163,-0.112,-0.511,27.8
$IMU,240.635,-25.817,18.798,-42.175,-0.91308,0.54150,0.16210,28.70
$IMU,240.637,-27.099,15.258,-43.395,-0.90478,0.54052,0.17138,28.70
$IMU,240.640,-28.625,11.962,-44.250,-0.91210,0.53759,0.17773,28.73
$IMU,240.642,-29.968,8.361,-44.799,-0.90869,0.53125,0.18017,28.73
$MAG,240.644,0.177,-0.097,-0.504,27.7
$IMU,240.644,-31.188,5.187,-45.227,-0.92285,0.52539,0.18896,28.73
$IMU,240.647,-32.226,1.831,-45.654,-0.92919,0.51806,0.19287,28.73
$IMU,240.649,-33.264,-0.732,-46.020,-0.93261,0.50634,0.19726,28.73
$IMU,240.651,-33.996,-3.112,-46.264,-0.94091,0.50000,0.20751,28.73
$MAG,240.654,0.174,-0.090,-0.513,27.7
$IMU,240.654,-34.606,-5.432,-46.752,-0.94335,0.48730,0.21533,28.73
$IMU,240.656,-34.790,-7.629,-47.302,-0.95117,0.47802,0.21972,28.73
$IMU,240.658,-34.851,-9.460,-47.851,-0.95458,0.47558,0.23193,28.75
$IMU,240.661,-35.095,-10.803,-48.339,-0.96337,0.47021,0.23925,28.75
$IMU,240.663,-35.400,-11.718,-48.828,-0.96533,0.46972,0.24462,28.75
$MAG,240.664,0.165,-0.091,-0.510,27.7
$IMU,240.665,-35.095,-12.573,-49.255,-0.97021,0.47021,0.24560,28.75
$IMU,240.668,-34.545,-13.000,-49.438,-0.97509,0.46728,0.25195,28.75
$BARO,240.670,86419.27,28.74
$IMU,240.670,-33.874,-13.427,-49.438,-0.97900,0.46337,0.25195,28.75
$IMU,240.673,-33.020,-13.793,-49.194,-0.98095,0.45703,0.25537,28.75
$MAG,240.674,0.171,-0.082,-0.517,27.7
$IMU,240.675,-32.226,-13.305,-48.828,-0.98242,0.45361,0.26318,28.75
$IMU,240.677,-31.372,-13.061,-48.461,-0.98291,0.45117,0.26660,28.76
$IMU,240.680,-30.578,-12.878,-48.095,-0.97900,0.44238,0.26757,28.76
$IMU,240.682,-29.846,-13.061,-47.607,-0.97998,0.43896,0.26904,28.76
$IMU,240.684,-29.357,-13.244,-47.119,-0.97558,0.43457,0.27294,28.76
$MAG,240.684,0.163,-0.079,-0.511,27.7
$IMU,240.687,-28.991,-13.244,-46.386,-0.97460,0.43798,0.27490,28.76
$IMU,240.689,-28.442,-13.061,-45.593,-0.97167,0.43652,0.27294,28.76
$IMU,240.691,-28.076,-12.878,-44.738,-0.97167,0.43408,0.27587,28.76
$MAG,240.694,0.172,-0.082,-0.514,27.7
$IMU,240.694,-27.648,-13.000,-43.701,-0.97558,0.43798,0.27294,28.76
$IMU,240.696,-26.916,-13.305,-42.602,-0.97900,0.43652,0.27832,28.73
$IMU,240.698,-26.489,-13.061,-41.381,-0.98876,0.43750,0.28417,28.73
$IMU,240.701,-25.756,-13.061,-39.916,-0.99462,0.43115,0.29833,28.73
$IMU,240.703,-24.963,-12.451,-38.024,-0.99804,0.42626,0.30810,28.73
$MAG,240.704,0.165,-0.072,-0.517,27.7
$IMU,240.705,-23.620,-11.779,-35.827,-1.00000,0.41552,0.31933,28.73
$IMU,240.708,-22.155,-10.742,-33.386,-1.00146,0.41210,0.32617,28.73
$IMU,240.710,-20.629,-9.094,-30.700,-1.00830,0.40966,0.33544,28.73
$IMU,240.712,-18.920,-7.324,-27.893,-1.00830,0.40625,0.34423,28.73
$MAG,240.714,0.165,-0.067,-0.517,27.8
$IMU,240.715,-16.906,-5.554,-25.207,-1.01123,0.40380,0.35205,28.69
$IMU,240.717,-14.892,-3.784,-22.705,-1.01660,0.40625,0.35156,28.69
$IMU,240.719,-12.512,-1.770,-20.385,-1.02050,0.40673,0.35546,28.69
$IMU,240.722,-10.253,0.488,-18.249,-1.02050,0.40722,0.35888,28.69
$MAG,240.724,0.168,-0.072,-0.523,27.7
$IMU,240.724,-8.178,2.807,-16.418,-1.02734,0.40917,0.36279,28.69
$IMU,240.726,-6.286,5.798,-14.648,-1.03466,0.40771,0.36425,28.69
$IMU,240.729,-4.516,8.483,-13.244,-1.04296,0.40625,0.36474,28.69
$IMU,240.731,-2.929,11.535,-12.084,-1.04687,0.40722,0.36083,28.69
$MAG,240.734,0.171,-0.063,-0.519,27.7
$IMU,240.734,-1.464,14.648,-11.108,-1.05322,0.41015,0.35253,28.71
$IMU,240.736,-0.305,17.883,-10.375,-1.06201,0.41357,0.34960,28.71
$IMU,240.738,0.671,21.179,-9.887,-1.06640,0.41259,0.34570,28.71
$IMU,240.741,1.281,24.475,-9.460,-1.07275,0.41894,0.34667,28.71
$IMU,240.743,1.647,27.221,-9.094,-1.08056,0.42285,0.34179,28.71
$MAG,240.744,0.163,-0.067,-0.511,27.7
$IMU,240.745,1.831,29.907,-8.728,-1.08984,0.43017,0.33349,28.71
$IMU,240.748,2.197,32.226,-8.361,-1.09570,0.43945,0.33447,28.71
$IMU,240.750,2.197,35.034,-7.812,-1.10546,0.45117,0.33349,28.71
$IMU,240.752,2.136,37.292,-7.080,-1.11865,0.46142,0.33105,28.71
$MAG,240.755,0.165,-0.069,-0.514,27.7
$IMU,240.755,1.647,39.855,-6.164,-1.12841,0.47021,0.33251,28.71
$IMU,240.757,1.220,42.175,-4.943,-1.14453,0.48291,0.33007,28.71
$IMU,240.759,1.098,44.616,-3.723,-1.15966,0.50244,0.32519,28.71
$IMU,240.762,1.403,46.997,-2.624,-1.17382,0.51562,0.32080,28.71
$IMU,240.764,1.892,49.316,-1.403,-1.18750,0.52978,0.32128,28.71
$MAG,240.765,0.165,-0.060,-0.501,27.6
$IMU,240.766,2.258,51.391,-0.427,-1.19238,0.54492,0.31152,28.71
$IMU,240.769,2.746,52.978,0.244,-1.19433,0.54931,0.30712,28.71
$BARO,240.771,86415.51,28.74
$IMU,240.771,3.234,54.504,0.732,-1.19580,0.55664,0.30175,28.75
$IMU,240.773,3.356,55.480,1.037,-1.19384,0.56787,0.29736,28.75
$MAG,240.775,0.162,-0.069,-0.498,27.8
$IMU,240.776,3.234,55.664,0.854,-1.19677,0.57470,0.29492,28.75
$IMU,240.778,2.502,55.908,0.427,-1.19824,0.58740,0.28955,28.75
$IMU,240.780,1.525,55.847,0.000,-1.19921,0.59375,0.28613,28.75
$IMU,240.783,0.549,54.992,-0.671,-1.20166,0.61230,0.28173,28.75
$IMU,240.785,-0.305,53.710,-1.281,-1.20458,0.62304,0.28125,28.75
$MAG,240.785,0.172,-0.069,-0.493,28.0
$IMU,240.787,-1.281,52.246,-1.770,-1.21191,0.62841,0.27929,28.75
$IMU,240.790,-2.563,50.964,-2.014,-1.22167,0.63623,0.27832,28.69
$IMU,240.792,-3.540,49.133,-1.708,-1.22949,0.64306,0.27587,28.69
$MAG,240.795,0.163,-0.070,-0.486,27.7
$IMU,240.795,-4.272,46.997,-1.281,-1.24169,0.65185,0.27685,28.69
$IMU,240.797,-4.821,44.738,-0.488,-1.25488,0.65917,0.27880,28.69
$IMU,240.799,-5.126,41.809,0.183,-1.27001,0.66552,0.27148,28.69
$IMU,240.802,-5.493,39.123,0.427,-1.28173,0.67919,0.27148,28.69
$IMU,240.804,-5.798,36.682,0.244,-1.29443,0.68798,0.27441,28.69
$MAG,240.805,0.162,-0.058,-0.499,27.8
$IMU,240.806,-6.652,34.118,-0.549,-1.31250,0.69628,0.27685,28.69
$IMU,240.809,-7.812,31.372,-1.831,-1.35449,0.68994,0.30175,28.73
$IMU,240.811,-9.948,29.418,-3.540,-1.38037,0.67578,0.31250,28.73
$IMU,240.813,-11.108,28.259,-4.699,-1.39990,0.68017,0.30468,28.73
$MAG,240.815,0.160,-0.067,-0.480,27.6
$IMU,240.816,-11.230,27.282,-5.737,-1.41650,0.68115,0.30029,28.73
$IMU,240.818,-10.986,26.123,-6.591,-1.43701,0.68066,0.30273,28.73
$IMU,240.820,-10.375,24.597,-7.202,-1.44384,0.67480,0.31103,28.73
$IMU,240.823,-9.826,22.705,-7.080,-1.45263,0.66796,0.32128,28.73
$MAG,240.825,0.166,-0.060,-0.484,28.0
$IMU,240.825,-9.582,21.118,-6.225,-1.45507,0.66455,0.33203,28.73
$IMU,240.827,-9.582,19.226,-4.638,-1.45507,0.65771,0.34423,28.70
$IMU,240.830,-10.375,17.639,-2.441,-1.45605,0.65332,0.35302,28.70
$IMU,240.832,-10.620,15.869,0.183,-1.45703,0.65380,0.35449,28.70
$IMU,240.834,-10.559,13.793,2.746,-1.45214,0.65234,0.35791,28.70
$MAG,240.835,0.160,-0.063,-0.480,27.6
$IMU,240.837,-10.314,11.413,5.310,-1.45312,0.66064,0.35205,28.70
$IMU,240.839,-10.131,8.911,7.751,-1.45068,0.65722,0.34863,28.70
$IMU,240.841,-9.887,6.530,9.826,-1.44726,0.66406,0.34277,28.70
$IMU,240.844,-9.521,3.967,11.840,-1.45117,0.65966,0.34033,28.70
$MAG,240.845,0.169,-0.067,-0.481,27.6
$IMU,240.846,-9.033,1.403,13.854,-1.45214,0.66650,0.33154,28.73
$IMU,240.848,-8.850,-0.976,15.808,-1.45898,0.65917,0.33935,28.73
$IMU,240.851,-8.666,-3.540,17.700,-1.45898,0.65673,0.33691,28.73
$IMU,240.853,-8.361,-5.676,19.897,-1.45947,0.66406,0.33837,28.73
$MAG,240.855,0.168,-0.058,-0.471,27.7
$IMU,240.856,-7.934,-7.690,22.155,-1.46240,0.67041,0.34521,28.73
$IMU,240.858,-7.568,-10.009,24.230,-1.46923,0.68017,0.34375,28.73
$IMU,240.860,-7.446,-12.145,26.611,-1.47558,0.68652,0.34619,28.73
$IMU,240.863,-7.141,-14.404,29.052,-1.47753,0.69726,0.34765,28.73
$MAG,240.865,0.157,-0.066,-0.478,27.7
$IMU,240.865,-7.263,-17.028,31.311,-1.47900,0.70996,0.34472,28.72
$IMU,240.867,-7.263,-20.202,33.142,-1.47949,0.72119,0.34228,28.72
$IMU,240.870,-7.141,-23.864,34.912,-1.48095,0.73095,0.34619,28.72
$IMU,240.872,-7.507,-27.343,36.743,-1.48486,0.73583,0.34082,28.72
$BARO,240.873,86419.88,28.74
$IMU,240.874,-7.507,-31.311,38.574,-1.49609,0.74414,0.34472,28.72
$MAG,240.876,0.165,-0.070,-0.481,27.8
$IMU,240.877,-6.896,-35.827,40.527,-1.50195,0.74023,0.35937,28.72
$IMU,240.879,-6.042,-40.222,42.846,-1.51953,0.74316,0.36523,28.72
$IMU,240.881,-5.493,-44.433,45.471,-1.58154,0.74316,0.40820,28.72
$IMU,240.884,-5.371,-47.729,48.828,-1.59326,0.74707,0.39794,28.73
$MAG,240.886,0.165,-0.084,-0.484,27.8
$IMU,240.886,-3.540,-52.001,53.466,-1.60156,0.75488,0.39404,28.73
$IMU,240.888,-0.427,-56.945,58.105,-1.61279,0.75390,0.40673,28.73
$IMU,240.891,2.929,-62.438,62.927,-1.61425,0.74902,0.41552,28.73
$IMU,240.893,6.225,-68.481,68.420,-1.63427,0.75146,0.43115,28.73
$IMU,240.895,8.789,-74.401,74.096,-1.67578,0.75000,0.45117,28.73
$MAG,240.896,0.162,-0.075,-0.492,27.6
$IMU,240.898,11.108,-80.505,78.613,-1.72265,0.75488,0.47167,28.73
$IMU,240.900,14.160,-87.158,81.970,-1.77050,0.76318,0.48437,28.73
$IMU,240.902,18.249,-94.482,84.594,-1.80664,0.78076,0.49169,28.71
$IMU,240.905,23.376,-103.332,86.975,-1.84960,0.80029,0.49169,28.71
$MAG,240.906,0.165,-0.088,-0.502,27.7
$IMU,240.907,29.052,-112.915,89.416,-1.89550,0.82666,0.50244,28.71
$IMU,240.909,33.630,-123.291,91.918,-1.95361,0.85449,0.51562,28.71
$IMU,240.912,37.048,-135.437,95.336,-2.00976,0.89208,0.53662,28.71
$IMU,240.914,39.367,-148.559,99.548,-2.06835,0.91650,0.56738,28.71
$MAG,240.916,0.157,-0.096,-0.516,27.7
$IMU,240.916,41.076,-163.269,105.163,-2.13525,0.94873,0.60205,28.71
$IMU,240.919,42.419,-179.443,111.999,-2.18896,0.97851,0.64306,28.71
$IMU,240.921,44.006,-198.242,118.591,-2.24560,1.00830,0.69238,28.71
$IMU,240.924,45.959,-219.604,126.464,-2.30615,1.04052,0.74462,28.71
$MAG,240.926,0.156,-0.102,-0.534,27.7
$IMU,240.926,47.668,-243.652,136.657,-2.33007,1.07128,0.81933,28.71
$IMU,240.928,47.851,-271.728,147.460,-2.37939,1.10058,0.89501,28.71
$IMU,240.931,49.133,-302.307,160.949,-2.39746,1.12207,0.95996,28.71
$IMU,240.933,53.466,-336.181,174.316,-2.40673,1.12597,1.00732,28.71
$IMU,240.935,62.011,-371.887,188.110,-2.40625,1.13720,1.04248,28.71
$MAG,240.936,0.148,-0.115,-0.565,27.7
$IMU,240.938,74.645,-408.691,203.308,-2.40478,1.14453,1.06835,28.71
$IMU,240.940,92.773,-448.913,219.787,-2.40136,1.14453,1.08642,28.71
$IMU,240.942,114.929,-493.286,237.121,-2.39257,1.15917,1.10156,28.71
$IMU,240.945,141.540,506.278,255.004,-2.37939,1.18554,1.10400,28.71
$MAG,240.946,0.135,-0.144,-0.609,27.7
$IMU,240.947,171.936,452.262,273.925,-2.35937,1.24414,1.10302,28.71
$IMU,240.949,202.880,392.203,292.663,-2.32470,1.26660,1.07324,28.71
$IMU,240.952,230.529,325.736,309.265,-2.28417,1.26416,1.01220,28.71
$IMU,240.954,254.150,252.128,323.791,-2.24462,1.26464,0.94824,28.71
$MAG,240.956,0.106,-0.175,-0.670,27.8
$IMU,240.956,273.803,169.730,336.425,-2.23339,1.27490,0.86718,28.71
$IMU,240.959,289.733,77.262,346.923,-2.23876,1.28857,0.79003,28.71
$IMU,240.961,302.490,-26.985,354.431,-2.24658,1.30029,0.69091,28.71
$IMU,240.963,312.622,-144.111,358.032,-2.27343,1.30761,0.57373,28.71
$MAG,240.966,0.049,-0.213,-0.736,27.8
$IMU,240.966,319.519,-277.840,356.933,-2.28515,1.32080,0.46972,28.71
$IMU,240.968,318.298,-432.686,351.989,-2.23779,1.32812,0.39111,28.71
$IMU,240.970,305.908,438.277,343.383,-2.17089,1.27929,0.26269,28.71
$IMU,240.973,284.667,236.006,328.552,-2.04541,1.17382,0.06933,28.71
$BARO,240.974,86420.83,28.75
$IMU,240.975,255.615,105.757,305.603,-2.01318,0.96630,-0.27099,28.71
$MAG,240.976,-0.085,-0.255,-0.841,27.7
$TIME,240.976,446457.000,2399
$IMU,240.977,222.961,97.396,272.521,-1.82763,0.55468,-0.71679,28.74
$IMU,240.980,187.133,97.396,234.252,-1.12890,-0.00048,-1.10302,28.74
$IMU,240.982,142.089,97.396,193.603,-0.12744,-0.47460,-1.27880,28.74
$IMU,240.985,77.209,97.396,148.315,1.42333,-0.38476,-0.92431,28.74
$IMU,240.987,-13.000,97.396,109.802,2.65527,-0.25634,-0.90771,28.74
$MAG,240.986,-0.328,-0.271,-0.880,28.0
$IMU,240.989,-97.900,97.396,93.017,3.13476,-0.19482,-1.27734,28.74
$IMU,240.992,-154.846,97.396,88.562,3.33056,-0.19042,-1.84570,28.74
$IMU,240.994,-176.330,97.396,88.012,3.38476,-0.20507,-2.14306,28.74
$IMU,240.996,-182.739,97.396,88.012,3.38281,-0.21630,-2.15039,28.71
$MAG,240.997,-0.676,-0.256,-0.694,28.0
$IMU,240.999,-188.293,97.396,88.012,3.37548,-0.21679,-2.14306,28.71
$IMU,241.001,-193.664,97.396,88.134,3.36718,-0.22363,-2.13378,28.71
$IMU,241.003,-198.974,97.396,88.195,3.36132,-0.22753,-2.12841,28.71
$IMU,241.006,-204.162,97.396,88.195,3.35058,-0.23144,-2.12402,28.71
$MAG,241.007,-0.808,-0.243,-0.364,27.7
$IMU,241.008,-209.228,97.396,88.256,3.34960,-0.23828,-2.11914,28.71
$IMU,241.010,-214.294,97.396,88.378,3.34619,-0.24365,-2.12109,28.71
$IMU,241.013,-219.055,97.396,88.317,3.34179,-0.24560,-2.12109,28.71
$IMU,241.015,-223.693,97.396,88.439,3.33300,-0.25244,-2.12402,28.71
$MAG,241.017,-0.645,-0.235,-0.072,27.7
$IMU,241.017,-228.027,97.396,88.562,3.32910,-0.25048,-2.12890,28.71
$IMU,241.020,-232.299,97.396,88.562,3.32470,-0.25878,-2.12988,28.71
$IMU,241.022,-236.572,97.396,88.623,3.31982,-0.26416,-2.13085,28.71
$IMU,241.024,-240.966,97.396,88.745,3.31884,-0.26757,-2.13134,28.71
$MAG,241.027,-0.277,-0.259,-0.033,27.7
$IMU,241.027,-245.422,97.396,88.684,3.31494,-0.27050,-2.13232,28.71
$IMU,241.029,-250.061,97.396,88.745,3.30761,-0.27392,-2.13085,28.71
$IMU,241.031,-254.882,97.396,88.745,3.30566,-0.28173,-2.13378,28.71
$IMU,241.034,-260.009,97.396,88.867,3.29980,-0.28320,-2.13574,28.70
$IMU,241.036,-265.563,97.396,88.867,3.28857,-0.28613,-2.13964,28.70
$MAG,241.037,0.036,-0.294,-0.256,27.6
$IMU,241.038,-271.118,97.396,88.928,3.28564,-0.29052,-2.13964,28.70
$IMU,241.041,-276.977,97.396,89.050,3.27978,-0.29882,-2.14453,28.70
$IMU,241.043,-282.653,97.396,89.172,3.27832,-0.30224,-2.14550,28.70
$IMU,241.046,-288.452,97.396,89.233,3.27539,-0.30957,-2.14550,28.70
$MAG,241.047,0.103,-0.304,-0.609,27.7
$IMU,241.048,-294.311,97.396,89.355,3.26660,-0.31054,-2.14746,28.70
$IMU,241.050,-300.231,97.396,89.538,3.26025,-0.31738,-2.14941,28.70
$IMU,241.053,-305.969,97.396,89.660,3.25195,-0.32080,-2.14746,28.72
$IMU,241.055,-312.194,97.396,89.782,3.24462,-0.32275,-2.14746,28.72
$MAG,241.057,-0.118,-0.295,-0.858,27.8
$IMU,241.057,-318.542,97.396,89.904,3.23681,-0.33007,-2.14208,28.72
$IMU,241.060,-324.584,97.396,90.087,3.23437,-0.33837,-2.13720,28.72
$IMU,241.062,-330.749,97.396,90.270,3.22314,-0.34228,-2.13330,28.72
$IMU,241.064,-336.730,97.396,90.393,3.21533,-0.34716,-2.13183,28.72
$VBAT,241.065,4.142
$MAG,241.067,-0.501,-0.258,-0.841,27.8
$IMU,241.067,-342.651,97.396,90.576,3.21044,-0.35693,-2.12841,28.72
$IMU,241.069,-348.510,97.396,90.637,3.19921,-0.35888,-2.12646,28.72
$IMU,241.071,-354.187,97.396,90.820,3.19335,-0.36425,-2.12353,28.73
$IMU,241.074,-359.924,97.396,90.942,3.18603,-0.36914,-2.11865,28.73
$BARO,241.076,86415.51,28.73
$IMU,241.076,-365.295,97.396,91.125,3.17871,-0.37402,-2.11621,28.73
$MAG,241.077,-0.774,-0.231,-0.565,27.7
$IMU,241.078,-370.605,97.396,91.369,3.17041,-0.37939,-2.11279,28.73
$IMU,241.081,-375.549,97.396,91.430,3.16455,-0.38281,-2.11035,28.73
$IMU,241.083,-380.676,97.396,91.735,3.15869,-0.38720,-2.10937,28.73
$IMU,241.085,-385.620,97.396,91.979,3.14843,-0.39257,-2.11083,28.73
$MAG,241.087,-0.778,-0.219,-0.222,27.8
$IMU,241.088,-390.380,97.396,92.102,3.14062,-0.39794,-2.10937,28.73
$IMU,241.090,-394.958,97.396,92.285,3.13867,-0.39794,-2.10742,28.71
$IMU,241.092,-399.597,97.396,92.529,3.13720,-0.40332,-2.10449,28.71
$IMU,241.095,-404.052,97.396,92.590,3.13183,-0.40966,-2.10498,28.71
$MAG,241.097,-0.507,-0.244,-0.013,27.8
$IMU,241.097,-408.630,97.396,92.834,3.12695,-0.41015,-2.10156,28.71
$IMU,241.099,-413.269,97.396,93.078,3.12011,-0.41308,-2.09960,28.71
$IMU,241.102,-417.907,97.396,93.139,3.11279,-0.42089,-2.10351,28.71
$IMU,241.104,-422.485,97.396,93.322,3.10644,-0.41992,-2.10595,28.71
$MAG,241.107,-0.148,-0.282,-0.091,27.6
$IMU,241.107,-427.062,97.396,93.627,3.10351,-0.42724,-2.10693,28.71
$IMU,241.109,-431.701,97.396,93.688,3.09765,-0.43261,-2.10644,28.69
$IMU,241.111,-436.523,97.396,93.872,3.08789,-0.43798,-2.10595,28.69
$IMU,241.114,-441.345,97.396,94.177,3.08496,-0.43896,-2.10644,28.69
$IMU,241.116,-446.166,97.396,94.299,3.08056,-0.44287,-2.10742,28.69
$MAG,241.118,0.088,-0.316,-0.385,27.7
$IMU,241.118,-450.988,97.396,94.421,3.07470,-0.44677,-2.10742,28.69
$IMU,241.121,-455.810,97.396,94.604,3.07128,-0.44921,-2.10791,28.69
$IMU,241.123,-460.876,97.396,94.909,3.06640,-0.45654,-2.10644,28.69
$IMU,241.125,-466.003,97.396,95.092,3.06152,-0.45947,-2.10888,28.69
$MAG,241.128,0.048,-0.316,-0.730,28.0
$IMU,241.128,-470.947,97.396,95.336,3.05810,-0.46582,-2.10742,28.69
$IMU,241.130,-475.952,97.396,95.642,3.05175,-0.46630,-2.10449,28.69
$IMU,241.132,-480.957,97.396,95.886,3.04443,-0.47412,-2.10546,28.69
$IMU,241.135,-485.961,97.396,96.069,3.04003,-0.47656,-2.10253,28.69
$IMU,241.137,-490.722,97.396,96.374,3.03369,-0.47949,-2.10107,28.69
$MAG,241.138,-0.267,-0.283,-0.889,27.7
$IMU,241.139,-495.788,97.396,96.618,3.02343,-0.48291,-2.09912,28.69
$IMU,241.142,-500.549,97.396,96.801,3.02246,-0.48437,-2.09863,28.69
$IMU,241.144,-505.310,97.396,97.045,3.01660,-0.49316,-2.09619,28.69
$IMU,241.146,-510.070,97.396,97.351,3.01171,-0.49365,-2.09521,28.71
$MAG,241.148,-0.636,-0.234,-0.768,27.7
$IMU,241.149,-514.953,97.396,97.717,3.00488,-0.49609,-2.09570,28.71
$IMU,241.151,-519.531,97.396,97.961,3.00000,-0.50390,-2.09033,28.71
$IMU,241.153,-524.108,97.396,98.266,2.99365,-0.50732,-2.08984,28.71
$IMU,241.156,520.316,97.396,98.571,2.98535,-0.50976,-2.09082,28.71
$MAG,241.158,-0.816,-0.205,-0.445,27.7
$IMU,241.158,516.227,97.396,98.754,2.98388,-0.51318,-2.08789,28.71
$IMU,241.160,511.771,97.396,99.121,2.97802,-0.51904,-2.08886,28.71
$IMU,241.163,507.560,97.396,99.426,2.97167,-0.51953,-2.08691,28.71
$IMU,241.165,503.348,97.396,99.731,2.96289,-0.52246,-2.08642,28.73
$MAG,241.168,-0.709,-0.214,-0.118,27.7
$IMU,241.168,499.320,97.396,99.914,2.96289,-0.52734,-2.08447,28.73
$IMU,241.170,495.414,97.396,100.219,2.95800,-0.52978,-2.08496,28.73
$IMU,241.172,491.386,97.396,100.524,2.95312,-0.53320,-2.08203,28.73
$IMU,241.175,487.540,97.396,100.708,2.94726,-0.53466,-2.08300,28.73
$BARO,241.177,86402.42,28.74
$IMU,241.177,483.451,97.396,100.952,2.94091,-0.54052,-2.08105,28.73
$MAG,241.178,-0.388,-0.256,0.003,27.6
$IMU,241.179,479.606,97.396,101.257,2.93701,-0.54345,-2.08203,28.73
$IMU,241.182,475.700,97.396,101.440,2.93310,-0.54345,-2.08056,28.73
$IMU,241.184,471.732,97.396,101.806,2.93066,-0.54492,-2.08251,28.71
$IMU,241.186,467.826,97.396,102.111,2.92431,-0.55029,-2.07910,28.71
$MAG,241.188,-0.042,-0.312,-0.168,27.6
$IMU,241.189,464.042,97.396,102.416,2.91992,-0.55566,-2.08105,28.71
$IMU,241.191,460.013,97.396,102.661,2.91162,-0.55078,-2.08105,28.71
$IMU,241.193,456.168,97.396,102.966,2.90576,-0.55957,-2.07910,28.71
$IMU,241.196,452.384,97.396,103.332,2.90478,-0.56250,-2.07714,28.71
$MAG,241.198,0.100,-0.333,-0.514,27.6
$IMU,241.198,448.478,97.396,103.576,2.89794,-0.56591,-2.07958,28.71
$IMU,241.200,444.572,97.396,103.820,2.89355,-0.56494,-2.08007,28.71
$IMU,241.203,440.787,97.396,104.125,2.89208,-0.57373,-2.07958,28.72
$IMU,241.205,437.125,97.396,104.492,2.88671,-0.57519,-2.07666,28.72
$IMU,241.207,433.524,97.396,104.736,2.88330,-0.57666,-2.07373,28.72
$MAG,241.208,-0.055,-0.321,-0.814,27.8
$IMU,241.210,429.984,97.396,105.102,2.87695,-0.57958,-2.07373,28.72
$IMU,241.212,426.444,97.396,105.407,2.87304,-0.58398,-2.07470,28.72
$IMU,241.214,423.026,97.396,105.712,2.87060,-0.58496,-2.07470,28.72
$IMU,241.217,419.547,97.396,106.018,2.86279,-0.58886,-2.07470,28.72
$MAG,241.218,-0.403,-0.268,-0.885,27.8
$IMU,241.219,416.251,97.396,106.445,2.86035,-0.59082,-2.06933,28.72
$IMU,241.221,413.200,97.396,106.750,2.85888,-0.59326,-2.07128,28.74
$IMU,241.224,410.026,97.396,106.994,2.85351,-0.59619,-2.06884,28.74
$IMU,241.226,406.791,97.396,107.421,2.85205,-0.59960,-2.06835,28.74
$MAG,241.228,-0.726,-0.205,-0.673,27.6
$IMU,241.229,403.800,97.396,107.788,2.84814,-0.60058,-2.06787,28.74
$IMU,241.231,400.687,97.396,108.032,2.84326,-0.60546,-2.07128,28.74
$IMU,241.233,397.880,97.396,108.459,2.83886,-0.60351,-2.06738,28.74
$IMU,241.236,395.011,97.396,108.886,2.83447,-0.60693,-2.06933,28.74
$IMU,241.238,392.203,97.396,109.130,2.83007,-0.61035,-2.07373,28.74
$MAG,241.239,-0.829,-0.190,-0.321,27.7
$IMU,241.240,389.274,97.396,109.497,2.82861,-0.61181,-2.07275,28.74
$IMU,241.243,386.527,97.396,109.924,2.82324,-0.60937,-2.07177,28.74
$IMU,241.245,383.903,97.396,110.168,2.82031,-0.61523,-2.06933,28.74
$IMU,241.247,381.278,97.396,110.534,2.81347,-0.61816,-2.06591,28.74
$MAG,241.249,-0.630,-0.204,-0.051,27.7
$IMU,241.250,378.715,97.396,111.022,2.81152,-0.61767,-2.06835,28.74
$IMU,241.252,376.212,97.396,111.328,2.80859,-0.62255,-2.06494,28.74
$IMU,241.254,373.649,97.396,111.633,2.80468,-0.62304,-2.06250,28.74
$IMU,241.257,371.207,97.396,112.060,2.79833,-0.62646,-2.06152,28.74
$MAG,241.259,-0.285,-0.265,-0.027,27.7
$IMU,241.259,368.705,97.396,112.365,2.79833,-0.62841,-2.06005,28.73
$IMU,241.261,366.447,97.396,112.609,2.79492,-0.62841,-2.05859,28.73
$IMU,241.264,364.127,97.396,113.037,2.79003,-0.62988,-2.05761,28.73
$IMU,241.266,361.625,97.396,113.464,2.78710,-0.63281,-2.05566,28.73
$IMU,241.268,359.428,97.396,113.708,2.78173,-0.63330,-2.05517,28.73
$MAG,241.269,0.018,-0.322,-0.261,27.6
$IMU,241.271,357.047,97.396,114.074,2.77929,-0.63427,-2.05175,28.73
$IMU,241.273,354.911,97.396,114.440,2.77490,-0.63769,-2.04980,28.73
$IMU,241.275,352.653,97.396,114.746,2.77197,-0.63818,-2.04833,28.73
$IMU,241.278,350.455,97.396,115.051,2.76708,-0.63867,-2.04833,28.69
$BARO,241.279,86410.61,28.74
$MAG,241.279,0.073,-0.349,-0.624,27.7
$IMU,241.280,348.136,97.396,115.417,2.76757,-0.64013,-2.04492,28.69
$IMU,241.282,346.061,97.396,115.783,2.76367,-0.64697,-2.04345,28.69
$IMU,241.285,343.986,97.396,115.966,2.76464,-0.64648,-2.04443,28.69
$IMU,241.287,341.971,97.396,116.394,2.75683,-0.64453,-2.04345,28.69
$MAG,241.289,-0.154,-0.315,-0.855,27.7
$IMU,241.290,339.896,97.396,116.699,2.75585,-0.64697,-2.04394,28.69
$IMU,241.292,337.943,97.396,117.004,2.75341,-0.64843,-2.04394,28.69
$IMU,241.294,335.990,97.396,117.309,2.74707,-0.65087,-2.04492,28.69
$IMU,241.297,334.220,97.396,117.736,2.74365,-0.65283,-2.04785,28.73
$MAG,241.299,-0.519,-0.250,-0.837,27.7
$IMU,241.299,332.511,97.396,118.041,2.74365,-0.65234,-2.04443,28.73
$IMU,241.301,330.802,97.396,118.347,2.74267,-0.65234,-2.04589,28.73
$IMU,241.304,329.215,97.396,118.652,2.73828,-0.65771,-2.04736,28.73
$IMU,241.306,327.872,97.396,119.018,2.73974,-0.65869,-2.04931,28.73
$IMU,241.308,326.774,97.396,119.262,2.73583,-0.66064,-2.05078,28.73
$MAG,241.309,-0.778,-0.190,-0.574,27.7
$IMU,241.311,325.553,97.396,119.628,2.73388,-0.66162,-2.05175,28.73
$IMU,241.313,324.393,97.396,119.934,2.72753,-0.66113,-2.05078,28.73
$IMU,241.315,323.600,97.396,120.300,2.72900,-0.66259,-2.05175,28.70
$IMU,241.318,322.745,97.396,120.666,2.72558,-0.66406,-2.05322,28.70
$MAG,241.319,-0.792,-0.174,-0.228,27.7
$IMU,241.320,322.196,97.396,121.032,2.72851,-0.66259,-2.05175,28.70
$IMU,241.322,321.525,97.396,121.337,2.72167,-0.66552,-2.04980,28.70
$IMU,241.325,321.159,97.396,121.520,2.72070,-0.66406,-2.04833,28.70
$IMU,241.327,320.426,97.396,121.948,2.72167,-0.66552,-2.05126,28.70
$MAG,241.329,-0.543,-0.216,-0.022,27.8
$IMU,241.329,319.938,97.396,122.314,2.71777,-0.66601,-2.05126,28.70
$IMU,241.332,319.694,97.396,122.619,2.71240,-0.66552,-2.04638,28.70
$IMU,241.334,319.388,97.396,122.985,2.71191,-0.66894,-2.04492,28.78
$IMU,241.336,319.083,97.396,123.413,2.71240,-0.66552,-2.04150,28.78
$MAG,241.339,-0.180,-0.291,-0.076,27.8
$IMU,241.339,318.961,97.396,123.657,2.70800,-0.66455,-2.03710,28.78
$IMU,241.341,318.656,97.396,123.901,2.70410,-0.66308,-2.03271,28.78
$IMU,241.343,318.168,97.396,124.389,2.69970,-0.66894,-2.03320,28.78
$IMU,241.346,317.985,97.396,124.755,2.70117,-0.66796,-2.02636,28.78
$IMU,241.348,317.557,97.396,125.000,2.70312,-0.66748,-2.02246,28.78
$MAG,241.350,0.066,-0.333,-0.360,27.7
$IMU,241.350,317.008,97.396,125.305,2.69335,-0.66406,-2.01806,28.78
$IMU,241.353,316.520,97.396,125.732,2.69628,-0.66699,-2.01757,28.73
$IMU,241.355,315.726,97.396,126.037,2.68896,-0.66503,-2.01708,28.73
$IMU,241.358,314.872,97.396,126.342,2.68896,-0.66210,-2.01171,28.73
$MAG,241.360,0.048,-0.349,-0.699,27.7
$IMU,241.360,314.323,97.396,126.708,2.68750,-0.67041,-2.00781,28.73
$IMU,241.362,313.651,97.396,127.075,2.68554,-0.66650,-2.00537,28.73
$IMU,241.365,312.919,97.396,127.319,2.68554,-0.66748,-2.00292,28.73
$IMU,241.367,312.247,97.396,127.624,2.68261,-0.66943,-2.00292,28.73
$IMU,241.369,311.576,97.396,127.990,2.68115,-0.66845,-2.00146,28.73
$MAG,241.370,-0.243,-0.297,-0.879,27.6
$IMU,241.372,310.966,97.396,128.295,2.68115,-0.66748,-2.00341,28.74
$IMU,241.374,310.721,97.396,128.601,2.67919,-0.66992,-2.00537,28.74
$IMU,241.376,310.355,97.396,128.967,2.67871,-0.66845,-2.00683,28.74
$IMU,241.379,310.050,97.396,129.272,2.67822,-0.67187,-2.00976,28.74
$BARO,241.380,86415.24,28.74
$MAG,241.380,-0.600,-0.223,-0.795,27.7
$IMU,241.381,309.806,97.396,129.516,2.67773,-0.66992,-2.01318,28.74
$IMU,241.383,309.928,97.396,129.882,2.67431,-0.67138,-2.01660,28.74
$IMU,241.386,310.416,97.396,130.187,2.67919,-0.66796,-2.02001,28.74
$IMU,241.388,310.783,97.396,130.493,2.67529,-0.67480,-2.02392,28.74
$MAG,241.390,-0.814,-0.180,-0.493,27.7
$IMU,241.390,311.637,97.396,130.981,2.67675,-0.67626,-2.03076,28.69
$IMU,241.393,312.736,97.396,131.286,2.67919,-0.67236,-2.03369,28.69
$IMU,241.395,314.262,97.396,131.530,2.67724,-0.67333,-2.04003,28.69
$IMU,241.397,315.543,97.396,131.835,2.67724,-0.67626,-2.04296,28.69
$MAG,241.400,-0.757,-0.190,-0.166,27.7
$IMU,241.400,317.374,97.396,132.202,2.67871,-0.67529,-2.04248,28.69
$IMU,241.402,319.511,97.396,132.446,2.67871,-0.67431,-2.04492,28.69
$IMU,241.404,321.647,97.396,132.812,2.67871,-0.67236,-2.04345,28.69
$IMU,241.407,323.905,97.396,133.300,2.67724,-0.67041,-2.04248,28.69
$IMU,241.409,326.285,97.396,133.605,2.67919,-0.66894,-2.03955,28.73
$MAG,241.410,-0.456,-0.237,-0.006,27.7
$IMU,241.411,328.910,97.396,133.911,2.68261,-0.66601,-2.03662,28.73
$IMU,241.414,331.596,97.396,134.216,2.67871,-0.66552,-2.03027,28.73
$IMU,241.416,333.915,97.396,134.521,2.67822,-0.65869,-2.02392,28.73
$IMU,241.419,336.234,97.396,134.887,2.67871,-0.65771,-2.01562,28.73
$MAG,241.420,-0.109,-0.292,-0.115,27.7
$IMU,241.421,338.309,97.396,135.192,2.67724,-0.65576,-2.00683,28.73
$IMU,241.423,340.385,97.396,135.375,2.67822,-0.65136,-1.99902,28.73
$IMU,241.426,342.216,97.396,135.681,2.67578,-0.64892,-1.99121,28.73
$IMU,241.428,343.558,97.396,135.986,2.67138,-0.64599,-1.98339,28.69
$MAG,241.430,0.082,-0.349,-0.432,27.6
$IMU,241.430,344.718,97.396,136.291,2.66748,-0.64550,-1.97509,28.69
$IMU,241.433,345.512,97.396,136.413,2.66455,-0.64404,-1.97021,28.69
$IMU,241.435,346.610,97.396,136.718,2.66503,-0.64794,-1.96435,28.69
$HUM,241.436,35.5,29.2
$IMU,241.437,347.404,97.396,137.145,2.66552,-0.64697,-1.95849,28.69
$MAG,241.440,-0.007,-0.342,-0.756,27.7
$IMU,241.440,347.831,97.396,137.390,2.66796,-0.64453,-1.95361,28.69
$IMU,241.442,348.441,97.396,137.878,2.66845,-0.64550,-1.95068,28.69
$IMU,241.444,348.746,97.396,138.183,2.66845,-0.64843,-1.94970,28.69
$IMU,241.447,349.174,97.396,138.305,2.67138,-0.64501,-1.94921,28.70
$IMU,241.449,349.540,97.396,138.610,2.67285,-0.64208,-1.95117,28.70
$MAG,241.450,-0.312,-0.285,-0.888,27.7
$IMU,241.451,350.089,97.396,138.977,2.67431,-0.64355,-1.95361,28.70
$IMU,241.454,350.516,97.396,139.160,2.67382,-0.64306,-1.95703,28.70
$IMU,241.456,351.127,97.396,139.343,2.67578,-0.64208,-1.96289,28.70
$IMU,241.458,352.164,97.396,139.831,2.67333,-0.64550,-1.96777,28.70
$MAG,241.460,-0.649,-0.223,-0.750,27.7
$IMU,241.461,353.751,97.396,140.014,2.67138,-0.64599,-1.97607,28.70
$IMU,241.463,355.582,97.396,140.319,2.68017,-0.64550,-1.98046,28.70
$IMU,241.465,357.780,97.396,140.686,2.67773,-0.64257,-1.98925,28.73
$IMU,241.468,360.160,97.396,140.991,2.67382,-0.64404,-2.00000,28.73
$IMU,241.470,362.907,97.396,141.235,2.68359,-0.64257,-2.00830,28.73
$MAG,241.471,-0.820,-0.178,-0.427,27.7
$IMU,241.472,365.714,97.396,141.662,2.93652,-0.52880,-1.84619,28.73
$IMU,241.475,332.999,97.396,163.452,0.18123,4.40332,0.33203,28.73
$IMU,241.477,298.820,97.396,229.064,-4.04826,3.07470,-1.52929,28.73
$IMU,241.480,276.176,97.396,208.190,4.09863,1.17138,-0.21777,28.73
$MAG,241.481,-0.711,-0.187,-0.121,28.0
$BARO,241.482,86422.51,28.74
$IMU,241.482,195.731,97.396,194.030,4.01904,0.76513,-0.17578,28.73
$IMU,241.484,136.649,97.396,195.678,4.08007,0.86181,-1.21191,28.69
$IMU,241.487,154.105,97.396,196.228,3.57617,0.99853,-3.27148,28.69
$IMU,241.489,267.081,97.396,171.691,3.11914,1.77246,-5.13574,28.69
$MAG,241.491,-0.429,-0.253,-0.009,27.7
$IMU,241.491,433.951,97.396,102.355,2.80664,2.24414,4.90617,28.69
$IMU,241.494,-460.571,97.396,6.652,2.66503,2.35156,4.91642,28.69
$IMU,241.496,-330.078,97.396,-98.999,2.70996,2.58398,4.79826,28.69
$IMU,241.498,-214.111,97.396,-211.975,2.80126,3.14404,4.27091,28.69
$MAG,241.501,-0.073,-0.294,-0.132,27.7
$IMU,241.501,237.426,97.396,-320.922,-1.79443,-2.69816,-2.06502,28.69
$IMU,241.503,-355.025,97.396,-418.090,-1.56103,-4.29874,-4.53466,28.74
$IMU,241.505,-119.185,97.396,-440.612,-1.10449,-4.56583,-2.23144,28.74
$IMU,241.508,-125.106,97.396,-414.367,-0.46240,-4.40128,-1.61523,28.74
$IMU,241.510,-156.966,97.396,-333.007,-0.26123,-4.22111,-1.67333,28.74
$MAG,241.511,0.100,-0.172,-0.280,27.8
$IMU,241.512,-186.690,97.396,-230.346,-0.33837,-4.41788,-1.87207,28.74
$IMU,241.515,-201.827,97.396,-144.531,-0.02636,4.99853,-1.96679,28.74
$IMU,241.517,-199.019,97.396,-100.769,0.40820,3.75927,-1.73828,28.74
$IMU,241.519,-205.001,97.396,-100.402,-0.03125,3.66259,-1.22265,28.74
$MAG,241.521,0.165,-0.112,-0.507,27.6
$IMU,241.522,-261.397,97.396,-123.046,-0.18750,3.79882,-0.76220,28.76
$IMU,241.524,-387.862,97.396,-141.601,-0.43945,4.38037,-0.20312,28.76
$IMU,241.526,396.004,97.396,-144.653,-0.63085,4.79199,0.49023,28.76
$IMU,241.529,-67.680,97.396,-90.698,-0.53759,3.87451,0.80126,28.76
$MAG,241.531,0.099,-0.123,-0.727,27.7
$IMU,241.531,-523.978,97.396,5.187,0.37304,2.22265,0.34814,28.76
$IMU,241.533,305.480,97.396,60.546,1.03759,1.12109,-0.30419,28.76
$IMU,241.536,244.384,97.396,100.219,1.30908,0.53955,-0.64257,28.76
$IMU,241.538,238.403,97.396,123.168,1.36962,0.24023,-0.73046,28.76
$MAG,241.541,-0.064,-0.156,-0.870,27.8
$IMU,241.541,242.797,97.396,130.737,1.38281,0.12988,-0.75732,28.74
$IMU,241.543,248.718,97.396,130.981,1.38427,0.11523,-0.76367,28.74
$IMU,241.545,254.638,97.396,130.310,1.38623,0.11718,-0.76416,28.74
$IMU,241.548,259.277,97.396,130.859,1.46044,0.23291,-0.51806,28.74
$IMU,241.550,220.642,97.396,136.474,1.86425,0.79638,1.05322,28.74
$MAG,241.551,-0.295,-0.165,-0.922,27.6
$IMU,241.552,44.128,97.396,161.926,2.51074,1.88964,3.73339,28.74
$IMU,241.555,-280.822,97.396,212.646,2.43066,2.06201,4.33496,28.74
$IMU,241.557,483.268,97.396,252.990,1.81103,1.12500,2.71484,28.74
$IMU,241.559,430.289,103.987,244.567,2.11865,0.13623,2.90673,28.73
$MAG,241.561,-0.517,-0.139,-0.883,27.7
$IMU,241.562,-405.822,222.884,175.903,1.76074,-0.04687,2.15429,28.73
$IMU,241.564,-207.641,371.810,114.746,1.01367,-0.08789,0.58154,28.73
$IMU,241.566,-125.366,431.258,90.881,0.73388,-0.11425,0.01318,28.73
$IMU,241.569,-57.617,486.922,85.937,2.06542,-0.60205,-2.22705,28.73
$MAG,241.571,-0.666,-0.114,-0.793,27.8
$IMU,241.571,298.950,-182.197,133.789,3.63378,-1.23925,5.13126,28.73
$IMU,241.573,-304.862,321.036,196.350,1.43554,-0.20605,-1.74902,28.73
$IMU,241.576,-172.172,516.105,218.750,0.82226,0.21435,-0.37792,28.73
$IMU,241.578,-154.166,-432.495,235.717,0.80566,0.35986,0.35253,28.76
$IMU,241.580,-198.173,-339.111,258.422,1.12255,0.53369,1.23828,28.76
$MAG,241.581,-0.703,-0.142,-0.751,27.6
$IMU,241.583,-317.313,-212.890,294.494,1.67431,0.83447,2.34619,28.76
$BARO,241.583,86414.44,28.74
$IMU,241.585,-509.818,-37.292,344.055,1.88085,0.92089,2.53466,28.76
$IMU,241.587,353.576,150.207,388.305,1.53564,0.73242,1.74072,28.76
$IMU,241.590,219.604,301.452,418.090,1.19384,0.61572,1.19970,28.76
$MAG,241.592,-0.714,-0.154,-0.757,27.6
$IMU,241.592,115.722,406.555,442.199,0.98535,0.58251,0.94726,28.76
$IMU,241.594,24.841,474.548,466.491,0.85595,0.57666,0.79199,28.76
$IMU,241.597,-58.349,517.700,491.455,0.78320,0.56933,0.72119,28.77
$IMU,241.599,-140.380,-504.203,517.395,0.72705,0.57080,0.71679,28.77
$MAG,241.602,-0.678,-0.121,-0.793,27.7
$IMU,241.602,-227.050,-493.095,-503.715,0.68115,0.58935,0.75976,28.77
$IMU,241.604,-320.434,-497.733,-474.906,0.63671,0.60644,0.79394,28.77
$IMU,241.606,-417.968,-514.152,-445.365,0.58740,0.62158,0.79833,28.77
$IMU,241.609,-517.639,506.591,-416.007,0.53564,0.61376,0.80761,28.77
$IMU,241.611,430.961,469.482,-388.175,0.48486,0.57519,0.76855,28.77
$MAG,241.612,-0.646,-0.054,-0.829,27.7
$IMU,241.613,336.539,426.391,-363.212,0.43652,0.53369,0.71875,28.77
$IMU,241.616,249.930,377.746,-341.910,0.35693,0.45654,0.67578,28.75
$IMU,241.618,193.046,292.175,-327.567,0.09277,0.15527,0.67285,28.75
$IMU,241.620,207.572,119.140,-324.576,-0.10791,-0.20556,0.52880,28.75
$MAG,241.622,-0.606,0.046,-0.843,27.7
$IMU,241.623,281.303,-61.523,-330.863,-0.02001,-0.36572,0.17822,28.75
$IMU,241.625,366.813,-175.109,-344.291,0.06250,-0.38916,0.12011,28.75
$IMU,241.627,435.599,-268.920,-361.991,0.03417,-0.37060,0.30664,28.75
$IMU,241.630,481.498,-380.310,-381.217,-0.02099,-0.34814,0.48925,28.75
$MAG,241.632,-0.606,0.124,-0.808,27.7
$IMU,241.632,507.072,-503.601,-401.054,-0.10644,-0.32324,0.62109,28.75
$IMU,241.634,514.396,418.998,-421.134,-0.15673,-0.28466,0.69970,28.73
$IMU,241.637,511.954,301.566,-441.459,-0.14111,-0.26708,0.68505,28.73
$IMU,241.639,506.278,198.112,-460.746,-0.10595,-0.22753,0.69677,28.73
$IMU,241.641,486.381,94.047,-473.746,0.02294,-0.17431,0.71582,28.73
$MAG,241.642,-0.621,0.193,-0.736,27.7
$IMU,241.644,455.314,-6.294,-475.700,0.10546,-0.17919,0.49658,28.73
$IMU,241.646,436.759,-79.841,-474.601,0.13867,-0.18652,0.28271,28.73
$IMU,241.648,431.693,-132.698,-473.441,0.15917,-0.19970,0.11962,28.73
$IMU,241.651,437.003,-170.967,-472.465,0.17285,-0.20947,-0.00634,28.73
$MAG,241.652,-0.639,0.253,-0.634,28.0
$IMU,241.653,450.980,-197.822,-471.854,0.18408,-0.21728,-0.10351,28.74
$IMU,241.655,471.671,-215.767,-471.854,0.21875,-0.22314,-0.15625,28.74
$IMU,241.658,502.860,-222.908,-473.746,0.33447,-0.26757,-0.04687,28.74
$IMU,241.660,-498.840,-213.631,-479.667,0.47705,-0.32324,0.10595,28.74
$MAG,241.662,-0.627,0.303,-0.519,27.7
$IMU,241.663,-435.974,-187.324,-491.569,0.72070,-0.33447,0.38134,28.74
$IMU,241.665,-333.007,-113.533,524.047,1.87548,-0.58544,1.36621,28.74
$IMU,241.667,-116.149,96.610,405.578,4.91064,-0.84179,2.81933,28.74
$IMU,241.670,191.650,434.379,118.408,-3.63712,-1.04882,2.86669,28.74
$MAG,241.672,-0.606,0.319,-0.486,27.8
$IMU,241.672,430.786,-309.448,-222.412,-3.83585,-2.31445,1.81884,28.72
$IMU,241.674,-520.072,-141.967,-430.114,-4.65372,-3.94238,0.63281,28.72
$IMU,241.677,-521.598,-94.238,-491.638,-5.21574,-4.37792,0.30957,28.72
$IMU,241.679,480.407,-93.994,-492.980,4.74804,-3.79785,0.75000,28.72
$IMU,241.681,400.512,-125.915,-472.717,4.20751,-2.83154,1.48828,28.72
$MAG,241.682,-0.642,0.303,-0.510,27.6
$BARO,241.684,86413.17,28.75
$IMU,241.684,279.907,-198.913,-433.227,3.80419,-1.79785,2.40136,28.72
$IMU,241.686,151.916,-278.564,-379.516,3.33007,-1.16894,2.43554,28.72
$IMU,241.688,75.927,-307.373,-334.899,2.80957,-0.83447,2.02539,28.72
$IMU,241.691,37.658,-305.603,-301.818,2.36083,-0.55126,1.69970,28.73
$MAG,241.692,-0.669,0.268,-0.490,27.6
$IMU,241.693,13.854,-293.823,-275.817,1.95605,-0.35107,1.39843,28.73
$IMU,241.695,-0.061,-278.076,-256.835,1.58203,-0.21044,1.12207,28.73
$IMU,241.698,-11.840,-265.075,-242.614,1.27783,-0.08056,0.91357,28.73
$IMU,241.700,-24.414,-257.385,-229.675,1.02734,0.03076,0.77636,28.73
$MAG,241.702,-0.685,0.258,-0.477,27.7
$IMU,241.702,-39.794,-256.408,-215.515,0.83984,0.14404,0.68457,28.73
$IMU,241.705,-56.884,-262.451,-198.913,0.67822,0.20019,0.60693,28.73
$IMU,241.707,-74.462,-271.118,-182.739,0.54003,0.22363,0.52441,28.73
$IMU,241.709,-90.759,-279.174,-169.189,0.42919,0.24365,0.44042,28.75
$IMU,241.712,-107.482,-289.123,-158.203,0.32324,0.25390,0.33642,28.75
$MAG,241.713,-0.702,0.246,-0.454,27.7
$IMU,241.714,-124.572,-300.048,-150.024,0.25292,0.21240,0.25585,28.75
$IMU,241.716,-139.831,-309.692,-143.188,0.19726,0.18310,0.19824,28.75
$IMU,241.719,-153.564,-318.176,-137.878,0.15478,0.14697,0.15527,28.75
$IMU,241.721,-165.405,-325.439,-133.605,0.12744,0.12597,0.12158,28.75
$MAG,241.723,-0.705,0.240,-0.424,27.7
$IMU,241.723,-175.537,-330.871,-129.455,0.10449,0.10644,0.09521,28.75
$IMU,241.726,-184.509,-335.754,-125.793,0.09130,0.09375,0.07421,28.75
$IMU,241.728,-192.687,-340.148,-122.802,0.08105,0.07373,0.04736,28.76
$IMU,241.731,-199.462,-343.750,-120.666,0.07519,0.05566,0.02832,28.76
$MAG,241.733,-0.715,0.222,-0.378,27.7
$IMU,241.733,-205.078,-345.764,-119.445,0.06982,0.03906,0.00634,28.76
$IMU,241.735,-209.472,-346.801,-119.323,0.07470,0.03076,-0.00976,28.76
$IMU,241.738,-212.646,-346.496,-120.666,0.08300,0.02587,-0.01367,28.76
$IMU,241.740,-214.721,-344.726,-123.168,0.10693,0.02392,-0.01074,28.76
$IMU,241.742,-216.125,-341.674,-126.953,0.13183,0.02490,-0.01611,28.76
$MAG,241.743,-0.708,0.214,-0.339,27.6
$IMU,241.745,-217.834,-338.256,-131.958,0.16015,0.03173,-0.01708,28.76
$IMU,241.747,-219.604,-334.472,-138.000,0.19824,0.03466,-0.01513,28.75
$IMU,241.749,-221.679,-329.895,-145.568,0.23828,0.04345,-0.02734,28.75
$IMU,241.752,-224.487,-326.477,-154.785,0.30126,0.05029,-0.04589,28.75
$MAG,241.753,-0.720,0.193,-0.304,27.7
$IMU,241.754,-227.172,-322.998,-166.259,0.36572,0.04248,-0.06005,28.75
$IMU,241.756,-230.773,-320.007,-179.199,0.42724,0.03417,-0.09472,28.75
$IMU,241.759,-235.168,-319.458,-193.786,0.50244,0.02978,-0.13330,28.75
$IMU,241.761,-241.027,-320.922,-210.205,0.59472,0.02050,-0.19726,28.75
$MAG,241.763,-0.700,0.162,-0.271,27.7
$IMU,241.763,-247.985,-325.744,-228.393,0.69189,0.00683,-0.25927,28.75
$IMU,241.766,-256.286,-334.594,-247.924,0.78857,-0.01806,-0.32470,28.80
$IMU,241.768,-265.075,-346.618,-267.883,0.88183,-0.04296,-0.39208,28.80
$IMU,241.770,-272.644,-362.365,-287.597,0.97021,-0.06005,-0.46582,28.80
$MAG,241.773,-0.717,0.136,-0.223,27.7
$IMU,241.773,-278.320,-380.859,-306.457,1.05468,-0.07910,-0.53515,28.80
$IMU,241.775,-280.883,-401.367,-323.486,1.11523,-0.08544,-0.57080,28.80
$IMU,241.777,-281.555,-421.997,-338.562,1.17187,-0.07568,-0.58740,28.80
$IMU,241.780,-281.005,-441.650,-351.379,1.22460,-0.06787,-0.57958,28.80
$IMU,241.782,-279.602,-459.106,-361.022,1.28271,-0.07373,-0.55908,28.80
$MAG,241.783,-0.706,0.094,-0.180,27.6
$IMU,241.784,-277.709,-472.839,-366.455,1.38037,-0.06591,-0.55078,28.75
$BARO,241.786,86418.46,28.74
$IMU,241.787,-274.719,-483.642,-366.577,1.48974,-0.04638,-0.56787,28.75
$IMU,241.789,-270.019,-494.934,-361.267,1.57080,0.02929,-0.63134,28.75
$IMU,241.792,-262.573,-509.460,-352.600,1.58740,0.09814,-0.67675,28.75
$MAG,241.793,-0.685,0.052,-0.145,27.7
$IMU,241.794,-253.417,522.513,-341.552,1.57275,0.15576,-0.69580,28.75
$IMU,241.796,-243.713,505.118,-328.369,1.53466,0.19384,-0.69140,28.75
$IMU,241.799,-233.703,487.113,-312.988,1.46093,0.20166,-0.70898,28.75
$IMU,241.801,-221.679,467.155,-295.715,1.37060,0.21337,-0.73535,28.75
$MAG,241.803,-0.654,0.022,-0.099,27.6
$IMU,241.803,-208.129,444.816,-277.587,1.26269,0.21191,-0.75048,28.78
$IMU,241.806,-192.260,419.669,-259.155,1.14453,0.19677,-0.75781,28.78
$IMU,241.808,-174.804,393.424,-240.661,1.01171,0.15136,-0.74609,28.78
$IMU,241.810,-157.226,367.057,-222.045,0.88671,0.12109,-0.69482,28.78
$MAG,241.813,-0.601,-0.012,-0.066,27.6
$IMU,241.813,-141.662,342.277,-204.162,0.78271,0.10839,-0.61279,28.78
$IMU,241.815,-127.807,320.182,-187.988,0.64648,0.08593,-0.57714,28.78
$IMU,241.817,-114.379,298.942,-174.743,0.52978,0.08691,-0.52001,28.78
$IMU,241.820,-102.661,279.533,-164.916,0.43554,0.09521,-0.45312,28.78
$IMU,241.822,-94.055,263.663,-158.386,0.36914,0.11083,-0.38574,28.77
$MAG,241.823,-0.538,-0.036,-0.021,27.7
$IMU,241.824,-88.134,250.846,-154.296,0.31787,0.12646,-0.33935,28.77
$IMU,241.827,-83.984,240.104,-152.221,0.27929,0.12744,-0.31250,28.77
$IMU,241.829,-80.749,231.193,-151.367,0.24951,0.12841,-0.29052,28.77
$IMU,241.831,-78.063,223.380,-151.184,0.23291,0.12060,-0.28076,28.77
$IMU,241.834,-74.890,216.178,-151.611,0.21826,0.11865,-0.29248,28.77
$MAG,241.834,-0.469,-0.046,-0.006,27.8
$IMU,241.836,-70.678,210.136,-152.282,0.20507,0.11474,-0.30371,28.77
$IMU,241.838,-65.246,205.497,-153.198,0.19238,0.11669,-0.33740,28.77
$IMU,241.841,-57.434,201.102,-154.296,0.17724,0.12304,-0.38476,28.73
$IMU,241.843,-46.569,198.234,-155.456,0.17333,0.13281,-0.44677,28.73
$MAG,241.844,-0.379,-0.055,0.010,27.7
$IMU,241.845,-33.020,196.220,-156.494,0.15966,0.15527,-0.51367,28.73
$IMU,241.848,-17.761,194.816,-157.409,0.14257,0.17724,-0.58203,28.73
$IMU,241.850,-0.671,193.717,-158.508,0.12304,0.22070,-0.67529,28.73
$IMU,241.853,18.188,193.778,-159.667,0.11132,0.26074,-0.75000,28.73
$MAG,241.854,-0.292,-0.061,0.019,27.7
$IMU,241.855,38.085,196.769,-160.522,0.09228,0.31982,-0.82617,28.73
$IMU,241.857,55.847,204.581,-160.583,0.07861,0.36132,-0.88623,28.73
$IMU,241.860,70.983,218.192,-159.606,0.06298,0.40527,-0.94189,28.72
$IMU,241.862,80.261,237.113,-157.592,0.03906,0.43017,-0.99462,28.72
$MAG,241.864,-0.211,-0.046,-0.006,27.7
$IMU,241.864,83.984,260.612,-154.785,0.00683,0.46435,-1.07275,28.72
$IMU,241.867,82.641,289.359,-150.756,-0.02783,0.50878,-1.14404,28.72
$IMU,241.869,76.293,325.187,-145.507,-0.05664,0.54833,-1.22265,28.72
$IMU,241.871,62.377,370.353,-139.160,-0.09326,0.56787,-1.28613,28.72
$MAG,241.874,-0.130,-0.046,-0.036,27.6
$IMU,241.874,46.264,424.003,-132.202,-0.12939,0.57568,-1.33496,28.72
$IMU,241.876,31.555,485.526,-124.633,-0.15966,0.57910,-1.37158,28.72
$IMU,241.878,15.563,-494.934,-115.966,-0.18945,0.57763,-1.37890,28.72
$IMU,241.881,-2.197,-422.912,-106.384,-0.21728,0.55664,-1.36181,28.72
$IMU,241.883,-17.700,-350.524,-96.618,-0.24462,0.51757,-1.32519,28.72
$MAG,241.884,-0.097,-0.040,-0.051,27.6
$IMU,241.885,-27.893,-280.761,-87.646,-0.26513,0.47460,-1.27880,28.72
$BARO,241.887,86408.93,28.75
$IMU,241.888,-31.127,-214.721,-79.895,-0.27636,0.44091,-1.22460,28.72
$IMU,241.890,-28.076,-154.602,-73.425,-0.29296,0.43359,-1.17773,28.72
$IMU,241.892,-19.531,-99.975,-68.725,-0.30029,0.42919,-1.12890,28.72
$MAG,241.894,-0.084,-0.037,-0.060,28.0
$IMU,241.895,-7.141,-52.246,-65.795,-0.31054,0.42968,-1.09912,28.72
$IMU,241.897,10.131,-10.192,-65.002,-0.32470,0.43115,-1.08496,28.73
$IMU,241.899,29.907,25.207,-66.223,-0.32812,0.42431,-1.04833,28.73
$IMU,241.902,49.682,55.847,-68.237,-0.32080,0.41064,-1.02148,28.73
$MAG,241.904,-0.085,-0.028,-0.061,27.7
$IMU,241.904,69.091,81.665,-71.044,-0.31445,0.39404,-0.99414,28.73
$IMU,241.906,87.585,102.539,-73.974,-0.31005,0.38134,-0.97607,28.73
$IMU,241.909,103.515,117.919,-76.232,-0.32226,0.38867,-0.98681,28.73
$IMU,241.911,116.088,126.159,-77.819,-0.32714,0.38330,-0.99511,28.73
$MAG,241.914,-0.091,-0.015,-0.055,27.7
$IMU,241.914,127.136,129.455,-79.040,-0.32519,0.37304,-0.99462,28.73
$IMU,241.916,137.878,128.173,-80.688,-0.32666,0.35546,-1.00341,28.74
$IMU,241.918,147.216,122.558,-81.909,-0.32226,0.33789,-1.00683,28.74
$IMU,241.921,154.907,112.121,-82.519,-0.32373,0.30957,-1.01513,28.74
$IMU,241.923,160.217,97.412,-82.641,-0.33447,0.29785,-1.01416,28.74
$MAG,241.924,-0.106,-0.007,-0.051,27.6
$IMU,241.925,163.452,80.017,-82.946,-0.34082,0.29199,-1.00683,28.74
$IMU,241.928,164.062,58.959,-83.068,-0.35156,0.28417,-0.99218,28.74
$IMU,241.930,161.743,35.583,-82.885,-0.35107,0.26464,-0.97460,28.74
$IMU,241.932,157.165,10.437,-82.519,-0.35107,0.25195,-0.96044,28.74
$MAG,241.934,-0.109,0.015,-0.057,27.8
$IMU,241.935,150.451,-16.601,-81.909,-0.34521,0.24414,-0.94384,28.79
$IMU,241.937,140.075,-42.785,-80.749,-0.33203,0.22949,-0.93066,28.79
$IMU,241.939,127.075,-66.589,-78.979,-0.31298,0.21972,-0.90576,28.79
$IMU,241.942,111.206,-88.317,-76.904,-0.30761,0.20947,-0.88671,28.79
$IMU,241.944,93.200,-107.849,-74.218,-0.30810,0.20507,-0.87255,28.79
$MAG,241.945,-0.111,0.030,-0.072,27.7
$IMU,241.946,73.303,-126.037,-71.166,-0.29931,0.19384,-0.85595,28.79
$IMU,241.949,52.246,-143.554,-67.871,-0.29296,0.18066,-0.83203,28.79
$IMU,241.951,31.372,-159.851,-64.514,-0.28515,0.17138,-0.81201,28.79
$IMU,241.953,11.108,-175.598,-61.279,-0.27880,0.15820,-0.79638,28.75
$MAG,241.955,-0.109,0.036,-0.066,27.7
$IMU,241.956,-6.896,-191.528,-58.288,-0.26269,0.14062,-0.77978,28.75
$IMU,241.958,-22.094,-208.068,-55.664,-0.25878,0.12451,-0.76953,28.75
$IMU,241.960,-34.667,-225.402,-53.405,-0.25683,0.11914,-0.76171,28.75
$IMU,241.963,-44.860,-243.774,-52.062,-0.25439,0.11474,-0.75195,28.75
$MAG,241.965,-0.073,0.036,-0.078,27.7
$IMU,241.965,-52.124,-262.817,-51.818,-0.23828,0.10839,-0.73730,28.75
$IMU,241.967,-55.419,-282.226,-52.429,-0.23535,0.09863,-0.72412,28.75
$IMU,241.970,-54.931,-303.100,-54.016,-0.22216,0.08886,-0.70703,28.75
$IMU,241.972,-49.926,-324.951,-56.579,-0.20849,0.07763,-0.68652,28.80
$MAG,241.975,-0.054,0.031,-0.097,27.8
$IMU,241.975,-41.748,-346.862,-59.570,-0.18896,0.07226,-0.67480,28.80
$TIME,241.976,446458.000,2399
$IMU,241.977,-31.250,-369.079,-63.171,-0.17773,0.06298,-0.64648,28.80
$IMU,241.979,-18.676,-391.601,-67.138,-0.16845,0.05615,-0.62304,28.80
$IMU,241.982,-5.676,-414.062,-71.044,-0.14892,0.05224,-0.60302,28.80
$IMU,241.984,6.774,-435.241,-74.890,-0.13525,0.04833,-0.57617,28.80
$MAG,241.985,-0.024,0.033,-0.115,27.7
$IMU,241.986,18.859,-455.993,-78.491,-0.11621,0.04003,-0.53857,28.80
$BARO,241.989,86414.44,28.74
$IMU,241.989,29.907,-474.853,-81.726,-0.09375,0.03417,-0.50146,28.80
$IMU,241.991,38.574,-492.248,-84.228,-0.07421,0.03076,-0.45410,28.75
$IMU,241.993,44.372,-507.690,-86.120,-0.05761,0.03027,-0.41064,28.75
$MAG,241.995,0.009,0.037,-0.153,27.7
$IMU,241.996,45.654,-521.850,-86.486,-0.07080,0.02539,-0.40136,28.75
$IMU,241.998,40.161,511.466,-84.045,-0.06884,0.03027,-0.36669,28.75
$IMU,242.000,30.639,496.696,-80.444,-0.05615,0.02148,-0.31591,28.75
$IMU,242.003,19.531,484.122,-76.416,-0.02539,0.01904,-0.24560,28.75
$MAG,242.005,0.049,0.043,-0.189,27.7
$IMU,242.005,7.385,475.211,-72.387,-0.00585,0.02099,-0.19921,28.75
$IMU,242.007,-5.615,467.948,-68.481,0.00781,0.02392,-0.16699,28.75
$IMU,242.010,-17.761,461.600,-65.307,0.03466,0.02587,-0.13330,28.73
$IMU,242.012,-26.855,457.267,-63.354,0.05224,0.02148,-0.10205,28.73
$IMU,242.014,-32.714,454.520,-62.438,0.06396,0.01953,-0.07373,28.73
$MAG,242.015,0.069,0.054,-0.241,27.6
$IMU,242.017,-36.315,453.422,-62.011,0.07275,0.01464,-0.04882,28.73
$IMU,242.019,-38.574,453.971,-62.011,0.07226,0.01611,-0.03857,28.73
$IMU,242.021,-40.527,454.154,-61.889,0.07275,0.01464,-0.04052,28.73
$IMU,242.024,-42.419,454.337,-61.889,0.07128,0.01367,-0.03564,28.73
$MAG,242.025,0.100,0.058,-0.292,27.6
$IMU,242.026,-44.189,454.764,-61.950,0.07080,0.01416,-0.03710,28.73
$IMU,242.028,-46.203,455.192,-61.828,0.07080,0.01562,-0.03710,28.72
$IMU,242.031,-48.217,455.497,-61.767,0.07031,0.01708,-0.03955,28.72
$IMU,242.033,-49.926,455.497,-61.828,0.06982,0.01562,-0.04101,28.72
$IMU,242.036,-51.757,455.741,-61.767,0.07177,0.01660,-0.04199,28.72
$MAG,242.035,0.120,0.063,-0.337,27.8
$IMU,242.038,-53.588,455.619,-61.706,0.07128,0.01806,-0.04101,28.72
$IMU,242.040,-55.541,456.107,-61.706,0.06689,0.01464,-0.03906,28.72
$IMU,242.043,-58.227,456.596,-61.462,0.05908,0.02050,-0.04248,28.72
$MAG,242.045,0.142,0.064,-0.390,27.7
$IMU,242.045,-67.443,462.272,-60.119,0.05859,0.02343,-0.04589,28.72
$IMU,242.047,-81.665,471.854,-58.227,0.10937,0.13330,0.09912,28.73
$IMU,242.050,-203.247,-508.544,-61.523,2.62207,-3.75822,-2.07413,28.73
$IMU,242.052,416.801,-394.592,-114.379,3.79687,2.69343,5.20515,28.73
$IMU,242.054,-362.121,101.981,-182.678,1.79931,5.06152,-2.08488,28.73
$MAG,242.055,0.136,0.073,-0.436,27.7
$IMU,242.057,-181.823,-137.764,-188.171,0.47412,1.47705,1.23974,28.73
$IMU,242.059,-164.428,-41.145,-172.729,-0.13378,0.06494,-1.01416,28.73
$IMU,242.061,-42.297,61.332,-167.480,-1.22851,-1.23632,-0.41894,28.73
$IMU,242.064,276.977,59.806,-105.285,-1.91455,-1.55908,3.75878,28.73
$MAG,242.066,0.136,0.088,-0.532,27.7
$IMU,242.066,410.095,135.306,-26.062,-1.99169,-1.12304,-4.86417,28.75
$VBAT,242.066,4.140
$IMU,242.068,338.256,348.807,18.371,-2.43701,-2.16894,1.76611,28.75
$IMU,242.071,299.194,-432.556,24.169,-4.46386,-2.69042,-1.83105,28.75
$IMU,242.073,289.123,-208.007,26.672,4.28605,-2.89208,-3.78906,28.75
$IMU,242.075,252.319,-99.304,17.639,4.23478,-2.77880,-4.87451,28.75
$MAG,242.076,0.130,0.078,-0.589,27.6
$IMU,242.078,214.233,-144.104,15.747,4.96183,-2.60302,4.94767,28.75
$IMU,242.080,212.341,-282.897,30.700,-4.97070,-2.66650,4.91154,28.75
$IMU,242.082,270.141,-426.635,43.701,-4.50390,-2.64208,-5.20800,28.75
$IMU,242.085,367.614,-523.925,45.837,-3.54541,-2.51171,-4.43017,28.73
$MAG,242.086,0.111,0.078,-0.616,27.6
$IMU,242.087,451.049,490.592,33.691,-2.48632,-2.16503,-3.49218,28.73
$IMU,242.089,486.389,491.874,27.893,-2.01855,-1.73632,-2.66064,28.73
$BARO,242.090,86415.05,28.74
$IMU,242.092,451.721,500.541,58.166,-1.53173,-1.26171,-1.72460,28.73
$IMU,242.094,379.211,514.457,81.665,-1.07714,-0.95312,-1.09130,28.73
$MAG,242.096,0.105,0.057,-0.681,27.7
$IMU,242.097,298.095,518.912,92.956,-0.80175,-0.42968,-0.67724,28.73
$IMU,242.099,202.941,511.649,108.337,-0.57031,0.02294,-0.27392,28.73
$IMU,242.101,106.628,494.071,125.610,-0.41552,0.30273,-0.00830,28.73
$IMU,242.104,20.874,471.244,141.052,-0.31103,0.34423,0.04296,28.70
$MAG,242.106,0.076,0.043,-0.727,27.7
$IMU,242.106,-46.081,449.760,151.306,-0.27343,0.19873,0.03710,28.70
$IMU,242.108,-91.308,428.092,153.137,-0.20556,0.06103,0.02587,28.70
$IMU,242.111,-113.403,400.748,146.728,-0.12695,-0.02880,0.02685,28.70
$IMU,242.113,-113.342,363.395,135.864,-0.07812,-0.04296,-0.01220,28.70
$IMU,242.115,-107.910,330.558,125.183,-0.02294,-0.02636,-0.04492,28.70
$MAG,242.116,0.039,0.037,-0.769,27.7
$IMU,242.118,-101.318,304.557,116.210,0.01318,0.01757,-0.02734,28.70
$IMU,242.120,-92.407,279.777,108.825,0.04345,0.07373,0.01611,28.70
$IMU,242.122,-79.223,250.724,100.219,0.03906,0.14892,0.09082,28.79
$IMU,242.125,-63.903,215.629,88.928,-0.01220,0.27392,0.21582,28.79
$MAG,242.126,-0.004,0.033,-0.831,27.6
$IMU,242.127,-57.250,179.679,73.303,-0.12548,0.50146,0.51220,28.79
$IMU,242.129,-77.819,146.598,52.124,-0.36035,0.94921,1.22753,28.79
$IMU,242.132,-156.066,118.949,25.512,-0.69775,1.80273,2.65673,28.79
$IMU,242.134,-320.617,95.512,-4.516,-1.06152,2.59667,4.27001,28.79
$MAG,242.136,-0.082,0.045,-0.865,27.7
$IMU,242.136,517.264,66.398,-37.719,-1.35595,2.46240,4.54687,28.79
$IMU,242.139,357.352,21.171,-70.678,-1.42773,1.81787,3.85107,28.79
$IMU,242.141,271.964,-36.262,-96.801,-1.37451,1.28173,3.29003,28.76
$IMU,242.143,230.643,-101.570,-116.516,-1.35351,0.85205,3.15429,28.76
$MAG,242.146,-0.172,0.111,-0.885,27.7
$IMU,242.146,210.013,-178.047,-134.582,-1.42089,0.39697,3.35937,28.76
$IMU,242.148,198.966,-269.050,-154.174,-1.48632,-0.07763,3.75683,28.76
$IMU,242.150,193.473,-373.299,-175.476,-1.45166,-0.54833,4.06298,28.76
$IMU,242.153,192.680,-483.040,-197.937,-1.23779,-0.90917,4.17871,28.76
$IMU,242.155,190.482,462.447,-222.595,-0.87890,-1.16894,4.08593,28.76
$MAG,242.156,-0.312,0.189,-0.867,28.1
$IMU,242.157,181.266,374.373,-252.929,-0.49267,-1.39501,3.77050,28.76
$IMU,242.160,170.524,307.967,-293.823,-0.13769,-1.48828,3.35595,28.73
$IMU,242.162,158.683,257.125,-344.787,0.24951,-1.37744,2.99218,28.73
$IMU,242.165,176.932,231.490,-399.108,1.27050,-1.61914,1.68603,28.73
$MAG,242.166,-0.469,0.241,-0.780,27.6
$IMU,242.167,373.954,353.255,-428.833,4.48242,-2.96435,0.07470,28.73
$IMU,242.169,-316.650,-165.718,-373.229,-4.21183,-2.07470,-4.75724,28.73
$IMU,242.172,-216.308,485.648,-285.583,4.35644,-1.53613,4.80078,28.73
$IMU,242.174,-70.678,-83.984,-244.079,3.23876,-1.33447,3.42480,28.73
$MAG,242.176,-0.544,0.255,-0.756,27.8
$IMU,242.176,109.619,267.944,-218.017,2.44628,-1.03222,3.32519,28.73
$IMU,242.179,232.177,510.070,-198.486,1.81005,-0.91308,3.25830,28.79
$IMU,242.181,315.490,-389.091,-184.570,1.27246,-0.92724,2.67138,28.79
$IMU,242.183,393.798,-281.058,-166.381,0.73632,-0.91992,1.92919,28.79
$IMU,242.186,460.815,-181.571,-138.366,-0.22802,-0.96337,1.44189,28.79
$MAG,242.187,-0.516,0.235,-0.796,27.7
$IMU,242.188,503.295,-110.892,-118.041,-0.97363,-1.17724,1.13964,28.79
$IMU,242.190,524.047,-81.534,-115.905,-1.30908,-1.31689,0.94384,28.79
$BARO,242.192,86416.39,28.75
$IMU,242.193,-519.401,-89.774,-128.479,-1.40478,-1.36181,0.77343,28.79
$IMU,242.195,-521.110,-119.376,-149.047,-1.29541,-1.31005,0.66162,28.79
$MAG,242.197,-0.462,0.192,-0.853,27.7
$IMU,242.197,521.911,-152.030,-168.640,-1.04248,-1.12890,0.63427,28.78
$IMU,242.200,504.638,-177.238,-181.213,-0.90576,-1.03857,0.58447,28.78
$IMU,242.202,483.642,-201.102,-191.467,-0.76757,-0.94140,0.50830,28.78
$IMU,242.204,463.439,-225.577,-197.937,-0.62060,-0.85156,0.41650,28.78
$MAG,242.207,-0.388,0.151,-0.894,27.6
$IMU,242.207,445.556,-247.306,-200.988,-0.51025,-0.74609,0.31591,28.78
$IMU,242.209,427.490,-270.072,-198.669,-0.44824,-0.66015,0.24658,28.78
$IMU,242.211,407.226,-297.233,-189.819,-0.38671,-0.59814,0.16162,28.78
$IMU,242.214,382.446,-328.422,-174.072,-0.32177,-0.54833,0.06982,28.78
$IMU,242.216,352.966,-365.348,-152.526,-0.30126,-0.50341,-0.08593,28.75
$MAG,242.217,-0.322,0.109,-0.912,27.7
$IMU,242.218,320.983,-408.927,-129.821,-0.30615,-0.45800,-0.23876,28.75
$IMU,242.221,287.170,-462.211,-106.750,-0.31933,-0.42431,-0.38037,28.75
$IMU,242.223,252.136,523.803,-82.336,-0.31250,-0.38818,-0.50976,28.75
$IMU,242.226,215.881,453.125,-55.114,-0.28320,-0.36425,-0.64404,28.75
$MAG,242.227,-0.289,0.079,-0.921,28.1
$IMU,242.228,180.664,377.990,-26.000,-0.22705,-0.38525,-0.73291,28.75
$IMU,242.230,146.301,302.124,5.554,-0.14648,-0.41308,-0.81542,28.75
$IMU,242.233,114.746,228.515,39.123,-0.03515,-0.43408,-0.84814,28.75
$IMU,242.235,84.533,156.921,74.218,0.06835,-0.47509,-0.83496,28.74
$IMU,242.237,56.884,88.378,109.436,0.06396,-0.50927,-0.80517,28.74
$MAG,242.237,-0.250,0.072,-0.921,27.8
$IMU,242.240,34.362,27.099,139.465,0.01513,-0.41796,-0.71582,28.74
$IMU,242.242,15.502,-25.085,160.949,-0.05029,-0.26171,-0.56201,28.74
$IMU,242.244,-2.319,-68.298,173.706,-0.08935,-0.07568,-0.37646,28.74
$MAG,242.247,-0.244,0.067,-0.925,27.7
$IMU,242.247,-20.874,-99.487,177.917,-0.11718,0.11328,-0.17089,28.74
$IMU,242.249,-38.879,-118.286,174.926,-0.14697,0.27929,0.02636,28.74
$IMU,242.251,-52.856,-127.075,167.114,-0.16845,0.38964,0.20751,28.74
$IMU,242.254,-61.889,-125.366,156.005,-0.17968,0.45458,0.38525,28.76
$IMU,242.256,-66.284,-115.417,142.761,-0.17822,0.47998,0.55468,28.76
$MAG,242.257,-0.250,0.069,-0.916,27.7
$IMU,242.258,-68.237,-98.937,128.662,-0.14208,0.51611,0.69335,28.76
$IMU,242.261,-68.664,-77.392,113.464,-0.08837,0.51611,0.79980,28.76
$IMU,242.263,-67.199,-53.222,98.754,-0.02197,0.50683,0.90722,28.76
$IMU,242.265,-69.274,-24.230,86.791,0.05664,0.46337,0.98681,28.76
$MAG,242.267,-0.261,0.075,-0.915,27.7
$IMU,242.268,-72.143,5.310,77.758,0.14453,0.40917,1.02929,28.76
$IMU,242.270,-74.645,35.095,72.265,0.22412,0.37304,1.05468,28.76
$IMU,242.272,-77.575,63.171,69.519,0.27001,0.35253,1.07470,28.76
$IMU,242.275,-81.970,89.782,69.519,0.29199,0.35205,1.08251,28.76
$MAG,242.277,-0.243,0.078,-0.909,27.7
$IMU,242.277,-87.890,113.159,71.472,0.24609,0.37158,1.07714,28.76
$IMU,242.279,-94.604,131.347,75.134,0.19384,0.42285,1.03906,28.76
$IMU,242.282,-101.074,145.385,78.430,0.15625,0.46826,1.03515,28.76
$IMU,242.284,-106.933,154.846,78.063,0.11376,0.52978,1.03515,28.76
$MAG,242.287,-0.219,0.087,-0.912,27.7
$IMU,242.287,-112.426,159.301,72.509,0.07373,0.58642,1.04785,28.76
$IMU,242.289,-116.394,157.226,60.729,0.05029,0.63574,1.06787,28.76
$IMU,242.291,-116.882,146.789,43.090,0.06005,0.66894,1.10693,28.80
$BARO,242.293,86417.19,28.75
$IMU,242.294,-113.769,130.187,21.179,0.07666,0.68603,1.19580,28.80
$IMU,242.296,-108.154,108.642,-3.112,0.10791,0.69677,1.28417,28.80
$MAG,242.297,-0.228,0.096,-0.903,27.7
$IMU,242.298,-101.013,86.730,-27.709,0.14892,0.67675,1.38574,28.80
$IMU,242.301,-92.163,67.138,-51.879,0.16748,0.63232,1.48876,28.80
$IMU,242.303,-82.641,50.964,-74.707,0.13134,0.59765,1.57177,28.80
$IMU,242.305,-73.791,38.757,-94.421,0.08398,0.56738,1.61572,28.80
$MAG,242.308,-0.220,0.099,-0.907,27.8
$IMU,242.308,-64.880,29.418,-109.741,0.04052,0.53125,1.63623,28.80
$IMU,242.310,-56.030,22.949,-120.910,-0.00976,0.49755,1.64697,28.76
$IMU,242.312,-48.095,20.385,-128.173,-0.08105,0.45166,1.64794,28.76
$IMU,242.315,-41.198,21.301,-131.774,-0.15234,0.40771,1.62988,28.76
$IMU,242.317,-35.766,25.390,-133.117,-0.21728,0.36962,1.59716,28.76
$MAG,242.318,-0.207,0.111,-0.900,27.7
$IMU,242.319,-31.494,31.250,-133.850,-0.28417,0.33154,1.55029,28.76
$IMU,242.322,-28.747,38.146,-135.070,-0.34228,0.28906,1.49755,28.76
$IMU,242.324,-27.343,44.067,-137.512,-0.39062,0.25439,1.43554,28.76
$IMU,242.326,-26.855,47.912,-140.502,-0.43847,0.22802,1.37695,28.76
$MAG,242.328,-0.226,0.115,-0.898,27.6
$IMU,242.329,-26.916,48.828,-142.883,-0.48339,0.20117,1.31835,28.75
$IMU,242.331,-28.015,47.546,-143.981,-0.52783,0.18212,1.25732,28.75
$IMU,242.333,-29.846,44.494,-143.615,-0.55419,0.17333,1.19677,28.75
$IMU,242.336,-31.677,39.733,-142.761,-0.57666,0.16015,1.14550,28.75
$MAG,242.338,-0.219,0.126,-0.895,27.7
$IMU,242.338,-33.325,33.935,-142.028,-0.59765,0.13916,1.10449,28.75
$IMU,242.340,-35.278,27.832,-141.723,-0.62109,0.11474,1.07080,28.75
$IMU,242.343,-37.536,21.057,-141.723,-0.64697,0.08593,1.04296,28.75
$IMU,242.345,-40.100,14.160,-141.601,-0.66210,0.06591,1.01757,28.75
$MAG,242.348,-0.231,0.127,-0.895,27.7
$IMU,242.348,-42.968,6.835,-140.869,-0.66845,0.05371,0.99658,28.78
$IMU,242.350,-46.752,0.122,-139.282,-0.67626,0.03564,0.97753,28.78
$IMU,242.352,-50.659,-6.347,-136.962,-0.67480,0.02197,0.96777,28.78
$IMU,242.355,-53.894,-12.756,-133.483,-0.67382,0.00927,0.96240,28.78
$IMU,242.357,-56.945,-18.371,-129.272,-0.67382,0.00000,0.96972,28.78
$MAG,242.358,-0.235,0.135,-0.895,27.7
$IMU,242.359,-60.241,-22.949,-124.877,-0.66406,0.00781,0.97021,28.78
$IMU,242.362,-64.270,-26.123,-120.910,-0.64550,0.01318,0.97998,28.78
$IMU,242.364,-68.786,-28.564,-117.370,-0.62500,0.03369,0.99609,28.78
$IMU,242.366,-73.974,-30.578,-114.562,-0.60302,0.05517,1.02392,28.73
$MAG,242.368,-0.238,0.148,-0.891,27.8
$IMU,242.369,-80.261,-31.677,-112.915,-0.56982,0.07568,1.05273,28.73
$IMU,242.371,-87.097,-31.616,-112.304,-0.53808,0.09960,1.09228,28.73
$IMU,242.373,-93.750,-30.639,-112.426,-0.50488,0.11865,1.13525,28.73
$IMU,242.376,-100.402,-29.174,-113.586,-0.46630,0.13134,1.18310,28.73
$MAG,242.378,-0.247,0.153,-0.889,27.7
$IMU,242.378,-106.323,-27.221,-115.051,-0.42333,0.13769,1.23437,28.73
$IMU,242.380,-111.938,-23.437,-116.516,-0.36962,0.14550,1.26562,28.73
$IMU,242.383,-117.919,-17.395,-119.079,-0.31982,0.14697,1.28369,28.73
$IMU,242.385,-122.680,-10.314,-122.131,-0.27197,0.13232,1.29638,28.75
$IMU,242.387,-125.122,-2.502,-125.122,-0.22119,0.10791,1.31640,28.75
$MAG,242.388,-0.249,0.160,-0.891,27.7
$IMU,242.390,-127.624,7.507,-127.807,-0.18164,0.09472,1.34228,28.75
$IMU,242.392,-132.141,19.958,-130.554,-0.16406,0.06884,1.35693,28.75
$IMU,242.394,-138.916,35.583,-134.277,-0.16015,0.01367,1.35107,28.75
$BARO,242.395,86419.22,28.75
$IMU,242.397,-141.174,50.354,-135.925,-0.12695,-0.01367,1.33251,28.75
$MAG,242.398,-0.252,0.181,-0.871,27.6
$IMU,242.399,-140.930,65.979,-135.009,-0.11669,-0.01855,1.33349,28.75
$IMU,242.401,-139.160,83.129,-131.835,-0.10595,-0.05371,1.31689,28.75
$IMU,242.404,-136.230,102.355,-128.784,-0.12988,-0.10546,1.33056,28.75
$IMU,242.406,-132.690,122.924,-126.220,-0.14941,-0.15429,1.33984,28.75
$MAG,242.408,-0.256,0.195,-0.862,27.7
$IMU,242.409,-126.953,144.348,-123.413,-0.17382,-0.22363,1.35009,28.75
$IMU,242.411,-122.131,167.968,-122.741,-0.19140,-0.27050,1.35253,28.75
$IMU,242.413,-115.844,191.284,-121.704,-0.19775,-0.30712,1.32421,28.75
$IMU,242.416,-106.811,213.684,-118.347,-0.22265,-0.32861,1.30224,28.75
$MAG,242.418,-0.244,0.195,-0.862,27.7
$IMU,242.418,-102.172,236.877,-115.905,-0.27197,-0.30566,1.27246,28.75
$IMU,242.420,-99.853,258.300,-113.281,-0.32128,-0.27880,1.17968,28.75
$IMU,242.423,-95.703,275.329,-110.046,-0.38037,-0.24853,1.09326,28.77
$IMU,242.425,-90.881,287.658,-105.895,-0.43310,-0.22900,1.02294,28.77
$IMU,242.427,-87.829,296.081,-102.355,-0.48437,-0.21875,0.96826,28.77
$MAG,242.428,-0.232,0.208,-0.852,27.6
$IMU,242.430,-86.547,301.086,-100.280,-0.52050,-0.23095,0.92138,28.77
$IMU,242.432,-85.998,302.734,-99.792,-0.54492,-0.24316,0.87451,28.77
$IMU,242.434,-84.472,302.062,-98.510,-0.55371,-0.26513,0.83154,28.77
$IMU,242.437,-84.167,299.743,-97.717,-0.55615,-0.28564,0.79248,28.77
$MAG,242.439,-0.214,0.214,-0.840,27.6
$IMU,242.439,-85.021,296.752,-97.534,-0.56494,-0.31201,0.75195,28.77
$IMU,242.441,-85.937,293.640,-97.351,-0.58251,-0.33740,0.70654,28.78
$IMU,242.444,-85.449,290.222,-96.496,-0.61035,-0.36523,0.65332,28.78
$IMU,242.446,-86.364,287.475,-97.412,-0.65039,-0.38378,0.62353,28.78
$IMU,242.448,-87.646,284.606,-98.388,-0.67773,-0.39404,0.58544,28.78
$MAG,242.449,-0.196,0.231,-0.834,27.7
$IMU,242.451,-88.439,280.822,-99.548,-0.69677,-0.39697,0.55224,28.78
$HUM,242.452,35.2,29.2
$IMU,242.453,-90.148,276.733,-100.646,-0.71044,-0.40283,0.51611,28.78
$IMU,242.455,-91.491,272.155,-100.769,-0.72265,-0.40673,0.47167,28.78
$IMU,242.458,-92.102,266.784,-99.609,-0.72119,-0.42333,0.44433,28.78
$MAG,242.459,-0.175,0.240,-0.805,27.7
$IMU,242.460,-93.322,260.742,-98.999,-0.72119,-0.44384,0.42236,28.78
$IMU,242.462,-94.238,253.845,-98.449,-0.71679,-0.45654,0.40625,28.78
$IMU,242.465,-95.092,246.887,-97.534,-0.70947,-0.47363,0.40087,28.78
$IMU,242.467,-95.153,239.868,-96.496,-0.69726,-0.48632,0.39648,28.78
$MAG,242.469,-0.172,0.238,-0.796,27.7
$IMU,242.470,-94.543,233.093,-94.848,-0.68798,-0.49462,0.39111,28.78
$IMU,242.472,-93.688,226.379,-92.895,-0.68017,-0.48925,0.39160,28.78
$IMU,242.474,-93.627,219.299,-91.491,-0.68212,-0.47558,0.39111,28.78
$IMU,242.477,-93.322,211.914,-89.355,-0.68212,-0.45996,0.38378,28.78
$MAG,242.479,-0.166,0.259,-0.792,27.7
$IMU,242.479,-92.529,203.979,-86.303,-0.68310,-0.44287,0.38085,28.78
$IMU,242.481,-92.651,196.472,-83.801,-0.69531,-0.44140,0.38818,28.78
$IMU,242.484,-93.017,188.354,-81.542,-0.70263,-0.43066,0.38671,28.78
$IMU,242.486,-92.346,179.443,-78.857,-0.70898,-0.42480,0.38623,28.78
$IMU,242.488,-91.003,169.921,-75.866,-0.72167,-0.42285,0.37646,28.78
$MAG,242.489,-0.157,0.264,-0.784,27.7
$IMU,242.491,-88.073,159.240,-72.265,-0.73730,-0.44384,0.37060,28.78
$IMU,242.493,-84.594,148.010,-69.152,-0.75488,-0.46533,0.37255,28.78
$IMU,242.495,-81.176,136.108,-67.138,-0.76904,-0.47705,0.37890,28.78
$BARO,242.496,86417.34,28.75
$IMU,242.498,-77.209,123.718,-65.551,-0.77929,-0.49169,0.39013,28.79
$MAG,242.499,-0.141,0.270,-0.772,27.6
$IMU,242.500,-73.364,111.816,-64.880,-0.78808,-0.49902,0.40185,28.79
$IMU,242.502,-69.213,99.914,-65.307,-0.79931,-0.50048,0.41308,28.79
$IMU,242.505,-64.331,88.500,-66.894,-0.80078,-0.51123,0.42968,28.79
$IMU,242.507,-57.861,76.965,-69.702,-0.80859,-0.51220,0.45019,28.79
$MAG,242.509,-0.150,0.271,-0.756,27.6
$IMU,242.509,-50.720,66.101,-73.364,-0.80615,-0.52685,0.46093,28.79
$IMU,242.512,-43.334,55.175,-77.697,-0.78759,-0.54150,0.47363,28.79
$IMU,242.514,-36.010,44.250,-81.726,-0.75585,-0.54345,0.47949,28.79
$IMU,242.516,-29.479,33.691,-85.144,-0.73046,-0.55078,0.47509,28.73
$MAG,242.519,-0.148,0.271,-0.750,27.6
$IMU,242.519,-23.376,22.949,-88.439,-0.70654,-0.56396,0.48437,28.73
$IMU,242.521,-17.456,11.901,-91.796,-0.68896,-0.58447,0.49316,28.73
$IMU,242.523,-11.779,1.342,-95.153,-0.65966,-0.59033,0.49560,28.73
$IMU,242.526,-6.164,-7.934,-98.815,-0.64111,-0.58984,0.48583,28.73
$IMU,242.528,-1.464,-15.747,-102.905,-0.61816,-0.58056,0.47509,28.73
$MAG,242.529,-0.166,0.289,-0.759,27.7
$IMU,242.531,2.746,-21.423,-107.421,-0.60351,-0.56835,0.46386,28.73
$IMU,242.533,6.347,-24.902,-112.365,-0.58789,-0.56445,0.45751,28.73
$IMU,242.535,9.643,-26.611,-117.797,-0.58691,-0.56347,0.44091,28.72
$IMU,242.538,12.878,-25.634,-123.901,-0.58203,-0.58447,0.43359,28.72
$MAG,242.539,-0.163,0.280,-0.756,27.8
$IMU,242.540,15.686,-22.644,-130.615,-0.58105,-0.60644,0.44335,28.72
$IMU,242.542,18.249,-17.761,-137.207,-0.57128,-0.61523,0.46289,28.72
$IMU,242.545,20.019,-10.986,-143.493,-0.56494,-0.64111,0.49218,28.72
$IMU,242.547,21.667,-2.990,-148.681,-0.55078,-0.64501,0.52392,28.72
$MAG,242.549,-0.187,0.286,-0.760,27.8
$IMU,242.549,22.460,5.981,-152.282,-0.54443,-0.64257,0.55566,28.72
$IMU,242.552,21.789,15.686,-154.113,-0.54443,-0.64794,0.58398,28.72
$IMU,242.554,20.202,26.428,-154.357,-0.54052,-0.64062,0.59277,28.77
$IMU,242.556,18.798,37.109,-153.198,-0.54394,-0.63818,0.60156,28.77
$IMU,242.559,17.089,47.241,-150.756,-0.54833,-0.63769,0.61035,28.77
$MAG,242.560,-0.196,0.291,-0.756,27.7
$IMU,242.561,14.770,56.884,-147.216,-0.55859,-0.66357,0.61132,28.77
$IMU,242.563,12.451,65.612,-142.883,-0.55761,-0.66015,0.59228,28.77
$IMU,242.566,10.925,73.364,-137.878,-0.56787,-0.65722,0.56542,28.77
$IMU,242.568,9.948,80.200,-132.507,-0.57519,-0.67480,0.54492,28.77
$MAG,242.570,-0.202,0.286,-0.763,27.7
$IMU,242.570,8.972,85.998,-126.892,-0.57958,-0.67626,0.52197,28.77
$IMU,242.573,8.361,90.881,-120.727,-0.58984,-0.68115,0.49072,28.77
$IMU,242.575,7.507,94.177,-114.135,-0.60839,-0.69140,0.46386,28.77
$IMU,242.577,5.798,96.801,-107.116,-0.61767,-0.68310,0.44238,28.77
$MAG,242.580,-0.202,0.294,-0.754,27.8
$IMU,242.580,3.723,98.144,-99.609,-0.63183,-0.69140,0.42089,28.77
$IMU,242.582,1.464,97.778,-91.857,-0.63867,-0.69873,0.40722,28.77
$IMU,242.584,-0.671,96.069,-83.679,-0.63525,-0.70751,0.39794,28.77
$IMU,242.587,-1.892,93.261,-75.256,-0.62304,-0.72216,0.39746,28.77
$IMU,242.589,-1.892,89.111,-66.528,-0.61376,-0.71875,0.39501,28.77
$MAG,242.590,-0.196,0.301,-0.757,27.7
$IMU,242.591,-0.915,83.862,-57.373,-0.60253,-0.73339,0.40429,28.81
$IMU,242.594,0.793,77.636,-48.156,-0.58154,-0.74267,0.40673,28.81
$IMU,242.596,3.112,70.373,-38.757,-0.56152,-0.75390,0.41503,28.81
$BARO,242.598,86418.46,28.74
$IMU,242.599,5.981,62.316,-28.930,-0.54785,-0.75292,0.42919,28.81
$MAG,242.600,-0.202,0.304,-0.745,27.7
$IMU,242.601,9.277,53.649,-19.042,-0.54541,-0.75732,0.44433,28.81
$IMU,242.603,12.939,44.494,-8.728,-0.52832,-0.74316,0.45507,28.81
$IMU,242.606,16.479,35.461,1.953,-0.51269,-0.71582,0.47802,28.81
$IMU,242.608,20.019,26.367,12.023,-0.51123,-0.69824,0.48925,28.81
$MAG,242.610,-0.198,0.303,-0.744,27.8
$IMU,242.610,23.132,17.761,21.423,-0.50146,-0.68457,0.50683,28.75
$IMU,242.613,25.878,9.704,29.724,-0.49414,-0.66943,0.53125,28.75
$IMU,242.615,28.015,3.356,36.743,-0.48535,-0.64160,0.55615,28.75
$IMU,242.617,29.602,-0.305,41.931,-0.47119,-0.59277,0.58056,28.75
$MAG,242.620,-0.199,0.298,-0.756,27.6
$IMU,242.620,29.479,-1.647,45.410,-0.47607,-0.53076,0.60742,28.75
$IMU,242.622,27.648,-0.061,47.302,-0.47851,-0.50683,0.63623,28.75
$IMU,242.624,25.573,4.150,47.485,-0.48437,-0.49853,0.67529,28.75
$IMU,242.627,23.681,10.681,45.898,-0.48828,-0.48339,0.71728,28.75
$IMU,242.629,21.911,19.287,43.518,-0.48974,-0.48681,0.75000,28.77
$MAG,242.630,-0.193,0.295,-0.751,27.7
$IMU,242.631,21.545,29.174,40.710,-0.47900,-0.49902,0.77490,28.77
$IMU,242.634,22.766,39.672,38.452,-0.47216,-0.50634,0.78857,28.77
$IMU,242.636,25.146,49.743,37.292,-0.46191,-0.51074,0.78466,28.77
$IMU,242.638,27.465,58.410,37.231,-0.45654,-0.50488,0.76708,28.77
$MAG,242.640,-0.180,0.297,-0.756,27.7
$IMU,242.641,28.930,65.612,37.780,-0.45361,-0.50683,0.73876,28.77
$IMU,242.643,29.602,71.166,38.452,-0.45996,-0.49511,0.70947,28.77
$IMU,242.645,29.541,74.951,38.574,-0.46923,-0.48681,0.67871,28.77
$IMU,242.648,29.846,76.843,37.780,-0.48046,-0.47656,0.64648,28.76
$MAG,242.650,-0.183,0.294,-0.757,27.7
$IMU,242.650,30.944,77.392,35.888,-0.48828,-0.46533,0.61425,28.76
$IMU,242.652,32.897,77.392,32.897,-0.51025,-0.45800,0.58544,28.76
$IMU,242.655,34.667,76.843,29.296,-0.52294,-0.45263,0.56787,28.76
$IMU,242.657,36.071,75.927,25.878,-0.53857,-0.45068,0.54882,28.76
$MAG,242.660,-0.175,0.291,-0.748,27.7
$IMU,242.660,37.109,74.584,23.010,-0.55419,-0.45800,0.53515,28.76
$IMU,242.662,37.353,73.120,20.812,-0.56445,-0.46093,0.51757,28.76
$IMU,242.664,37.414,70.495,18.676,-0.54980,-0.46093,0.48388,28.76
$IMU,242.667,37.231,67.077,15.075,-0.56347,-0.46582,0.46435,28.76
$IMU,242.669,36.926,63.903,11.169,-0.57470,-0.47216,0.45556,28.76
$MAG,242.671,-0.165,0.283,-0.751,28.0
$IMU,242.671,36.560,61.157,7.568,-0.58593,-0.47607,0.44775,28.76
$IMU,242.674,36.132,59.448,5.004,-0.59033,-0.47802,0.43798,28.76
$IMU,242.676,34.973,58.776,3.417,-0.59521,-0.48339,0.44726,28.76
$IMU,242.678,32.775,59.082,2.258,-0.60400,-0.48242,0.46386,28.76
$MAG,242.681,-0.169,0.280,-0.751,27.8
$IMU,242.681,29.479,61.218,1.464,-0.60498,-0.47460,0.47753,28.76
$IMU,242.683,25.756,64.208,1.342,-0.60253,-0.47412,0.49755,28.76
$IMU,242.685,21.789,68.176,1.770,-0.59912,-0.46728,0.51318,28.76
$IMU,242.688,17.944,72.631,2.075,-0.59863,-0.46582,0.52246,28.76
$IMU,242.690,14.404,77.209,1.892,-0.60595,-0.46630,0.53466,28.76
$MAG,242.691,-0.160,0.276,-0.747,27.6
$IMU,242.692,11.474,81.542,1.281,-0.60693,-0.48144,0.55029,28.76
$IMU,242.695,9.826,85.083,0.610,-0.60546,-0.48583,0.56250,28.76
$IMU,242.697,9.338,87.402,0.000,-0.60644,-0.49365,0.55957,28.76
$BARO,242.699,86418.75,28.75
$IMU,242.699,10.070,87.890,-0.793,-0.61035,-0.50244,0.55371,28.76
$MAG,242.701,-0.154,0.280,-0.745,27.6
$IMU,242.702,12.023,87.280,-1.892,-0.61230,-0.52539,0.55126,28.76
$IMU,242.704,15.136,85.083,-2.624,-0.61376,-0.53125,0.54150,28.80
$IMU,242.706,19.104,81.237,-3.601,-0.61621,-0.52734,0.52539,28.80
$IMU,242.709,23.925,76.477,-4.577,-0.62500,-0.53564,0.51318,28.80
$MAG,242.711,-0.135,0.280,-0.751,27.7
$IMU,242.711,29.479,70.373,-5.676,-0.63037,-0.53125,0.50927,28.80
$IMU,242.713,35.400,62.255,-6.530,-0.64599,-0.52246,0.50146,28.80
$IMU,242.716,41.259,53.283,-7.080,-0.65722,-0.51660,0.49267,28.80
$IMU,242.718,47.180,43.151,-7.568,-0.66357,-0.50781,0.47851,28.80
$MAG,242.721,-0.142,0.274,-0.751,27.6
$IMU,242.721,53.039,32.775,-8.117,-0.66943,-0.50146,0.47021,28.80
$IMU,242.723,59.387,22.277,-8.850,-0.67431,-0.50341,0.46435,28.78
$IMU,242.725,65.856,11.535,-9.765,-0.67919,-0.47412,0.46191,28.78
$IMU,242.728,71.472,0.732,-10.742,-0.67333,-0.46826,0.45214,28.78
$IMU,242.730,77.087,-9.338,-11.779,-0.66113,-0.45947,0.45410,28.78
$MAG,242.731,-0.153,0.270,-0.747,27.6
$IMU,242.732,81.665,-18.676,-12.817,-0.65771,-0.43408,0.46728,28.78
$IMU,242.735,85.510,-27.648,-14.099,-0.64941,-0.43798,0.46728,28.78
$IMU,242.737,89.172,-35.583,-15.625,-0.63525,-0.43017,0.48144,28.78
$IMU,242.739,92.285,-42.846,-17.211,-0.62353,-0.41406,0.50292,28.78
$MAG,242.741,-0.145,0.271,-0.759,27.7
$IMU,242.742,94.970,-48.950,-18.310,-0.61035,-0.41601,0.51123,28.79
$IMU,242.744,97.290,-54.138,-19.165,-0.59570,-0.39892,0.51611,28.79
$IMU,242.746,99.609,-58.715,-19.958,-0.59033,-0.38867,0.51855,28.79
$IMU,242.749,101.806,-62.866,-20.812,-0.58056,-0.37939,0.52685,28.79
$MAG,242.751,-0.159,0.267,-0.771,27.6
$IMU,242.751,104.614,-66.894,-21.850,-0.56494,-0.39355,0.52929,28.79
$IMU,242.753,109.069,-70.129,-22.827,-0.54882,-0.39160,0.53369,28.79
$IMU,242.756,113.342,-72.692,-23.864,-0.54589,-0.39794,0.53857,28.79
$IMU,242.758,117.675,-75.195,-25.146,-0.53076,-0.42138,0.52929,28.79
$IMU,242.760,123.596,-77.087,-26.733,-0.51367,-0.44921,0.54003,28.74
$MAG,242.761,-0.159,0.258,-0.772,27.6
$IMU,242.763,130.065,-78.613,-28.320,-0.50048,-0.45556,0.56347,28.74
$IMU,242.765,137.023,-80.322,-29.541,-0.49902,-0.49072,0.58056,28.74
$IMU,242.767,145.263,-81.787,-30.944,-0.49121,-0.51074,0.60107,28.74
$IMU,242.770,154.235,-84.045,-31.616,-0.49414,-0.52343,0.60986,28.74
$MAG,242.771,-0.168,0.253,-0.795,27.7
$IMU,242.772,163.146,-87.463,-31.921,-0.50488,-0.51611,0.61230,28.74
$IMU,242.774,171.447,-92.224,-32.043,-0.51367,-0.50634,0.60156,28.74
$IMU,242.777,178.955,-98.571,-31.921,-0.52783,-0.47705,0.60302,28.74
$IMU,242.779,184.875,-105.346,-31.555,-0.53320,-0.46533,0.60839,28.78
$MAG,242.782,-0.175,0.246,-0.805,27.8
$IMU,242.782,190.063,-112.426,-31.372,-0.53320,-0.44335,0.61914,28.78
$IMU,242.784,194.519,-119.628,-31.250,-0.53369,-0.43017,0.62792,28.78
$IMU,242.786,198.364,-125.488,-31.372,-0.52636,-0.42382,0.63427,28.78
$IMU,242.789,202.026,-130.737,-31.555,-0.52246,-0.41748,0.64990,28.78
$IMU,242.791,205.261,-135.131,-31.982,-0.50341,-0.42773,0.65966,28.78
$MAG,242.792,-0.187,0.235,-0.811,27.7
$IMU,242.793,208.679,-138.488,-32.409,-0.49169,-0.41992,0.67529,28.78
$IMU,242.796,211.242,-141.479,-32.775,-0.48828,-0.41308,0.69433,28.78
$IMU,242.798,212.829,-143.981,-33.081,-0.47656,-0.42041,0.70263,28.77
$BARO,242.800,86410.30,28.75
$IMU,242.800,214.599,-145.935,-33.264,-0.46582,-0.41845,0.70654,28.77
$MAG,242.802,-0.201,0.220,-0.837,27.7
$IMU,242.803,215.576,-147.094,-32.836,-0.45654,-0.39697,0.71435,28.77
$IMU,242.805,215.637,-147.583,-32.226,-0.43701,-0.37890,0.71777,28.77
$IMU,242.807,214.477,-146.972,-31.433,-0.43798,-0.37207,0.71289,28.77
$IMU,242.810,213.195,-145.446,-31.188,-0.43701,-0.36230,0.69775,28.77
$MAG,242.812,-0.213,0.193,-0.852,27.6
$IMU,242.812,211.791,-143.005,-31.494,-0.42822,-0.34765,0.68896,28.77
$IMU,242.814,209.594,-139.831,-31.677,-0.39648,-0.34472,0.67968,28.77
$IMU,242.817,206.726,-135.681,-31.738,-0.39501,-0.33935,0.67822,28.79
$IMU,242.819,202.575,-131.042,-32.470,-0.38818,-0.33154,0.66552,28.79
$IMU,242.821,198.547,-125.732,-33.569,-0.38134,-0.33349,0.65429,28.79
$MAG,242.822,-0.225,0.183,-0.862,27.6
$IMU,242.824,194.335,-119.506,-35.095,-0.37792,-0.32617,0.64160,28.79
$IMU,242.826,190.063,-113.281,-37.231,-0.38476,-0.32519,0.63134,28.79
$IMU,242.828,185.974,-107.971,-39.916,-0.37988,-0.31250,0.61914,28.79
$IMU,242.831,181.335,-102.661,-42.236,-0.37158,-0.29833,0.60693,28.79
$MAG,242.832,-0.243,0.166,-0.873,27.7
$IMU,242.833,176.330,-97.961,-44.555,-0.38769,-0.29687,0.59130,28.79
$IMU,242.835,171.997,-93.750,-47.241,-0.37402,-0.30175,0.58447,28.80
$IMU,242.838,167.907,-89.721,-49.316,-0.36425,-0.30517,0.58544,28.80
$IMU,242.840,163.635,-86.425,-51.147,-0.37255,-0.30761,0.58447,28.80
$MAG,242.842,-0.246,0.166,-0.880,27.7
$IMU,242.843,159.667,-83.618,-52.856,-0.37646,-0.30859,0.58691,28.80
$IMU,242.845,155.822,-81.420,-54.748,-0.38427,-0.30859,0.58886,28.80
$IMU,242.847,152.526,-79.650,-56.762,-0.41699,-0.31835,0.58691,28.80
$IMU,242.850,150.146,-78.857,-59.204,-0.42773,-0.31591,0.60253,28.80
$MAG,242.852,-0.259,0.147,-0.882,27.7
$IMU,242.852,147.338,-79.101,-60.913,-0.43017,-0.30859,0.61621,28.80
$IMU,242.854,144.470,-80.566,-62.194,-0.45703,-0.30810,0.62255,28.80
$IMU,242.857,141.723,-82.641,-63.232,-0.47021,-0.30859,0.62353,28.80
$IMU,242.859,139.221,-85.449,-64.392,-0.48486,-0.31591,0.61962,28.80
$IMU,242.861,136.657,-89.416,-65.368,-0.47070,-0.31542,0.62841,28.80
$MAG,242.862,-0.274,0.139,-0.895,28.0
$IMU,242.864,133.972,-93.750,-65.734,-0.48046,-0.31494,0.62597,28.80
$IMU,242.866,131.530,-99.121,-66.284,-0.48486,-0.31933,0.62255,28.80
$IMU,242.868,128.967,-104.797,-66.772,-0.47851,-0.31835,0.62988,28.80
$IMU,242.871,126.647,-110.717,-67.382,-0.47363,-0.32226,0.62988,28.80
$MAG,242.872,-0.277,0.130,-0.900,27.7
$IMU,242.873,124.328,-116.210,-67.749,-0.47607,-0.32812,0.63964,28.75
$IMU,242.875,122.375,-122.009,-67.993,-0.46875,-0.33251,0.64843,28.75
$IMU,242.878,120.300,-127.868,-67.443,-0.44042,-0.33056,0.67431,28.75
$IMU,242.880,118.835,-133.850,-66.711,-0.42822,-0.35351,0.70458,28.75
$MAG,242.882,-0.301,0.111,-0.903,27.7
$IMU,242.882,120.178,-141.662,-67.199,-0.39892,-0.36621,0.74023,28.75
$IMU,242.885,123.168,-150.451,-67.932,-0.36132,-0.36621,0.78906,28.75
$IMU,242.887,126.098,-159.118,-68.359,-0.31982,-0.35986,0.84765,28.75
$IMU,242.889,128.417,-166.748,-67.871,-0.27246,-0.34033,0.89257,28.75
$MAG,242.892,-0.315,0.106,-0.913,27.7
$IMU,242.892,130.493,-172.241,-66.955,-0.24072,-0.32226,0.93945,28.81
$IMU,242.894,132.080,-174.743,-66.162,-0.20996,-0.30126,0.97851,28.81
$IMU,242.896,133.605,-173.950,-65.856,-0.19238,-0.28564,1.02148,28.81
$IMU,242.899,135.498,-170.654,-66.223,-0.16748,-0.27197,1.06250,28.81
$IMU,242.901,136.718,-165.039,-66.955,-0.14404,-0.25439,1.09716,28.81
$BARO,242.902,86412.76,28.75
$MAG,242.903,-0.327,0.091,-0.912,27.7
$IMU,242.904,135.986,-156.921,-67.626,-0.12841,-0.22949,1.12646,28.81
$IMU,242.906,133.178,-147.338,-68.664,-0.11523,-0.21337,1.14453,28.81
$IMU,242.908,128.417,-135.864,-70.129,-0.11083,-0.20117,1.15771,28.81
$IMU,242.911,121.582,-122.253,-71.533,-0.11767,-0.18945,1.17089,28.77
$MAG,242.913,-0.346,0.090,-0.919,27.6
$IMU,242.913,113.952,-108.154,-72.692,-0.12890,-0.18505,1.17822,28.77
$IMU,242.915,106.079,-93.139,-73.791,-0.13574,-0.18457,1.18798,28.77
$IMU,242.918,97.961,-77.758,-74.462,-0.14550,-0.18505,1.19287,28.77
$IMU,242.920,89.782,-62.866,-74.829,-0.15869,-0.17773,1.18164,28.77
$IMU,242.922,81.604,-48.278,-74.523,-0.16894,-0.17919,1.17089,28.77
$MAG,242.923,-0.358,0.084,-0.927,28.1
$IMU,242.925,73.242,-34.729,-73.486,-0.17773,-0.16748,1.14648,28.77
$IMU,242.927,65.002,-23.132,-71.960,-0.19238,-0.15576,1.12011,28.77
$IMU,242.929,57.006,-12.878,-70.068,-0.19873,-0.15136,1.09423,28.76
$IMU,242.932,49.255,-4.577,-68.054,-0.21630,-0.14013,1.06396,28.76
$MAG,242.933,-0.360,0.070,-0.919,28.1
$IMU,242.934,43.151,1.281,-66.223,-0.21484,-0.13378,1.04589,28.76
$IMU,242.936,38.024,5.493,-64.514,-0.22607,-0.12011,1.02539,28.76
$IMU,242.939,34.118,7.568,-62.805,-0.22802,-0.11425,0.99853,28.76
$IMU,242.941,29.113,8.605,-60.852,-0.23291,-0.09375,0.96777,28.76
$MAG,242.943,-0.372,0.064,-0.922,27.7
$IMU,242.943,23.681,8.666,-58.715,-0.24023,-0.08203,0.94873,28.76
$IMU,242.946,18.737,7.141,-56.884,-0.24072,-0.08544,0.92578,28.76
$IMU,242.948,12.939,4.760,-55.236,-0.23291,-0.09179,0.91064,28.73
$IMU,242.950,7.690,2.685,-53.649,-0.22460,-0.11035,0.91015,28.73
$MAG,242.953,-0.361,0.072,-0.916,27.8
$IMU,242.953,3.662,0.793,-52.062,-0.21777,-0.11425,0.90283,28.73
$IMU,242.955,-1.525,-0.549,-50.964,-0.20556,-0.12109,0.88964,28.73
$IMU,242.957,-6.774,-0.732,-50.048,-0.20263,-0.12451,0.88671,28.73
$IMU,242.960,-12.023,-0.305,-49.804,-0.20068,-0.12646,0.88037,28.73
$IMU,242.962,-17.578,0.976,-49.987,-0.20703,-0.13281,0.88769,28.73
$MAG,242.963,-0.378,0.058,-0.924,27.7
$IMU,242.964,-22.949,2.624,-50.598,-0.20654,-0.13134,0.88427,28.73
$IMU,242.967,-30.029,5.004,-51.574,-0.21630,-0.14404,0.87695,28.78
$IMU,242.969,-36.804,7.751,-52.551,-0.22314,-0.15478,0.87353,28.78
$IMU,242.972,-43.457,11.291,-53.283,-0.23242,-0.17041,0.87011,28.78
$MAG,242.973,-0.361,0.060,-0.921,27.8
$IMU,242.974,-50.292,14.770,-53.649,-0.24121,-0.17529,0.84277,28.78
$TIME,242.976,446459.000,2399
$IMU,242.976,-56.213,16.906,-53.344,-0.24853,-0.19287,0.83056,28.78
$IMU,242.979,-57.678,17.883,-52.368,-0.25390,-0.21289,0.84619,28.78
$IMU,242.981,-53.710,16.662,-50.720,-0.26855,-0.22851,0.85791,28.78
$IMU,242.983,-46.813,14.099,-48.217,-0.28808,-0.25488,0.86425,28.78
$MAG,242.983,-0.381,0.072,-0.925,27.7
$IMU,242.986,-37.719,10.253,-44.738,-0.30224,-0.27539,0.86230,28.76
$IMU,242.988,-27.465,6.103,-39.978,-0.30761,-0.28759,0.84814,28.76
$IMU,242.990,-17.639,1.586,-33.996,-0.31640,-0.29443,0.83349,28.76
$MAG,242.993,-0.375,0.079,-0.909,27.7
$IMU,242.993,-7.995,-3.723,-27.526,-0.31396,-0.29443,0.79980,28.76
$IMU,242.995,0.549,-8.483,-20.812,-0.31201,-0.28808,0.76074,28.76
$IMU,242.997,8.422,-12.878,-14.770,-0.31542,-0.27246,0.72949,28.76
$IMU,243.000,14.709,-17.211,-10.131,-0.31933,-0.25732,0.70507,28.76
$IMU,243.002,19.897,-21.484,-6.591,-0.32275,-0.25781,0.68701,28.76
$BARO,243.003,86409.22,28.75
$MAG,243.003,-0.369,0.073,-0.915,27.7
$IMU,243.004,24.169,-24.475,-4.272,-0.32128,-0.24951,0.67480,28.78
$IMU,243.007,28.076,-27.343,-3.295,-0.32324,-0.25097,0.67578,28.78
$IMU,243.009,32.348,-30.212,-2.990,-0.31591,-0.25390,0.67236,28.78
$IMU,243.011,36.010,-32.104,-3.479,-0.32421,-0.25878,0.67236,28.78
$MAG,243.013,-0.375,0.079,-0.915,27.7
$IMU,243.014,40.710,-34.301,-4.394,-0.32373,-0.25878,0.67187,28.78
$IMU,243.016,45.471,-36.865,-5.493,-0.32275,-0.27294,0.66845,28.78
$IMU,243.018,51.574,-38.879,-5.798,-0.32031,-0.29052,0.67578,28.78
$IMU,243.021,59.265,-41.870,-5.737,-0.33154,-0.30664,0.69531,28.78
$IMU,243.023,66.467,-44.677,-5.493,-0.33837,-0.32031,0.70458,28.78
$MAG,243.024,-0.378,0.064,-0.913,27.7
$IMU,243.025,74.157,-48.217,-4.577,-0.32421,-0.34375,0.71728,28.78
$IMU,243.028,82.641,-52.001,-2.136,-0.32177,-0.34521,0.71875,28.78
$IMU,243.030,92.163,-55.603,1.037,-0.31884,-0.35205,0.73095,28.78
$IMU,243.033,100.463,-58.471,4.760,-0.31054,-0.35546,0.72070,28.78
$MAG,243.034,-0.379,0.061,-0.918,27.7
$IMU,243.035,107.727,-61.706,8.483,-0.32080,-0.35156,0.72314,28.78
$IMU,243.037,113.769,-64.392,11.718,-0.31591,-0.34863,0.72167,28.78
$IMU,243.040,119.506,-66.345,14.770,-0.31787,-0.33984,0.72753,28.78
$IMU,243.042,124.877,-67.626,17.211,-0.30468,-0.33056,0.72851,28.79
$MAG,243.044,-0.387,0.051,-0.919,27.7
$IMU,243.044,130.615,-68.725,19.470,-0.29785,-0.30908,0.73730,28.79
$IMU,243.047,137.451,-68.969,21.118,-0.28173,-0.29199,0.72900,28.79
$IMU,243.049,144.775,-68.115,22.277,-0.27001,-0.26855,0.72607,28.79
$IMU,243.051,152.038,-67.199,22.399,-0.25683,-0.23632,0.72802,28.79
$MAG,243.054,-0.403,0.034,-0.924,27.6
$IMU,243.054,159.667,-66.406,21.972,-0.23925,-0.22802,0.71777,28.79
$IMU,243.056,168.212,-65.307,21.484,-0.23242,-0.20703,0.71142,28.79
$IMU,243.058,177.001,-64.880,20.812,-0.24169,-0.19531,0.69726,28.79
$IMU,243.061,185.180,-65.185,19.897,-0.24902,-0.19091,0.69287,28.82
$IMU,243.063,190.124,-65.368,19.226,-0.25292,-0.19873,0.68798,28.82
$MAG,243.064,-0.391,0.013,-0.924,27.7
$IMU,243.065,191.467,-66.101,19.226,-0.26562,-0.20703,0.67138,28.82
$IMU,243.068,190.307,-67.504,19.592,-0.27343,-0.21386,0.66796,28.82
$VBAT,243.069,4.134
$IMU,243.070,186.584,-69.030,20.507,-0.26708,-0.22509,0.66406,28.82
$IMU,243.072,181.457,-70.190,21.850,-0.27392,-0.21630,0.66552,28.82
$MAG,243.074,-0.405,-0.004,-0.922,27.7
$IMU,243.075,174.743,-71.166,23.498,-0.26464,-0.22216,0.66455,28.82
$IMU,243.077,167.907,-70.922,25.756,-0.25878,-0.20800,0.65966,28.82
$IMU,243.079,160.949,-71.166,28.137,-0.25244,-0.19824,0.65234,28.76
$IMU,243.082,154.541,-70.983,30.883,-0.24072,-0.18164,0.65283,28.76
$MAG,243.084,-0.408,-0.010,-0.915,27.6
$IMU,243.084,148.315,-70.678,33.996,-0.22802,-0.16748,0.65869,28.76
$IMU,243.086,142.700,-70.129,37.597,-0.21142,-0.16015,0.66259,28.76
$IMU,243.089,137.390,-69.274,41.564,-0.18750,-0.14892,0.66064,28.76
$IMU,243.091,133.605,-67.810,45.837,-0.16210,-0.14453,0.66992,28.76
$MAG,243.094,-0.424,-0.033,-0.928,27.8
$IMU,243.094,129.089,-65.368,50.903,-0.12939,-0.14111,0.67529,28.76
$IMU,243.096,125.305,-61.889,56.884,-0.10644,-0.13525,0.68505,28.76
$IMU,243.098,121.398,-57.617,63.537,-0.09472,-0.12548,0.69482,28.76
$IMU,243.101,117.370,-51.330,71.044,-0.07958,-0.11181,0.71533,28.76
$IMU,243.103,112.548,-44.372,78.979,-0.07080,-0.10400,0.73242,28.76
$MAG,243.104,-0.429,-0.036,-0.927,27.7
$BARO,243.105,86416.15,28.75
$IMU,243.105,106.384,-36.987,87.158,-0.07324,-0.08642,0.75390,28.76
$IMU,243.108,98.937,-29.968,95.153,-0.07128,-0.07275,0.75537,28.76
$IMU,243.110,91.186,-22.766,102.905,-0.07666,-0.05322,0.77246,28.76
$IMU,243.112,82.458,-16.479,109.924,-0.06445,-0.03759,0.78222,28.76
$MAG,243.114,-0.426,-0.054,-0.915,27.6
$IMU,243.115,73.425,-10.864,116.271,-0.07421,-0.00781,0.82177,28.76
$IMU,243.117,62.194,-7.385,121.582,-0.07373,-0.00292,0.83935,28.79
$IMU,243.119,50.964,-7.385,126.037,-0.08105,-0.00439,0.87646,28.79
$IMU,243.122,39.733,-10.192,129.333,-0.07861,-0.00781,0.92138,28.79
$MAG,243.124,-0.432,-0.046,-0.928,27.7
$IMU,243.124,29.235,-14.709,131.713,-0.08203,-0.01513,0.95703,28.79
$IMU,243.126,19.714,-20.935,132.995,-0.09667,-0.00537,0.98632,28.79
$IMU,243.129,12.451,-28.137,132.873,-0.10644,0.00048,1.01953,28.79
$IMU,243.131,6.835,-36.315,131.164,-0.11376,0.00927,1.04052,28.79
$IMU,243.133,3.112,-45.043,128.173,-0.11962,0.01562,1.08203,28.79
$MAG,243.134,-0.424,-0.048,-0.919,27.7
$IMU,243.136,0.000,-53.527,124.145,-0.11035,0.01904,1.09619,28.77
$IMU,243.138,-2.014,-61.462,119.567,-0.09277,0.01367,1.11083,28.77
$IMU,243.140,-2.746,-67.932,115.112,-0.07470,0.01123,1.12500,28.77
$IMU,243.143,-2.624,-72.509,110.656,-0.05371,0.01171,1.13769,28.77
$MAG,243.145,-0.433,-0.039,-0.916,27.7
$IMU,243.145,-2.258,-75.195,106.323,-0.04638,0.01171,1.13916,28.77
$IMU,243.147,-2.258,-76.782,102.111,-0.03613,0.00683,1.12500,28.77
$IMU,243.150,-2.319,-77.087,98.815,-0.02832,0.00000,1.12402,28.77
$IMU,243.152,-2.685,-76.477,96.984,-0.03417,-0.00976,1.11914,28.77
$MAG,243.155,-0.436,-0.043,-0.928,27.8
$IMU,243.155,-3.173,-74.340,96.374,-0.02929,-0.02392,1.11230,28.75
$IMU,243.157,-3.967,-70.800,97.534,-0.03613,-0.03369,1.12255,28.75
$IMU,243.159,-5.859,-67.260,99.731,-0.05126,-0.02978,1.13330,28.75
$IMU,243.162,-7.873,-62.927,102.294,-0.05761,-0.03222,1.13720,28.75
$IMU,243.164,-9.094,-57.312,105.773,-0.06738,-0.04394,1.15283,28.75
$MAG,243.165,-0.447,-0.042,-0.922,27.7
$IMU,243.166,-10.437,-51.208,109.558,-0.07763,-0.04296,1.16601,28.75
$IMU,243.169,-10.864,-44.494,113.403,-0.08935,-0.05517,1.17431,28.75
$IMU,243.171,-10.559,-37.963,117.309,-0.09814,-0.06933,1.19335,28.75
$IMU,243.173,-9.826,-32.104,121.398,-0.10400,-0.07714,1.20458,28.76
$MAG,243.175,-0.445,-0.036,-0.922,27.6
$IMU,243.176,-7.385,-26.855,125.366,-0.10791,-0.09912,1.22070,28.76
$IMU,243.178,-3.967,-22.338,129.272,-0.11523,-0.11523,1.22949,28.76
$IMU,243.180,-0.427,-17.578,132.934,-0.13183,-0.12011,1.22949,28.76
$IMU,243.183,3.356,-13.977,135.803,-0.15039,-0.12597,1.23095,28.76
$MAG,243.185,-0.453,-0.022,-0.919,27.7
$IMU,243.185,7.751,-9.887,137.939,-0.12792,-0.12890,1.25341,28.76
$IMU,243.187,14.526,-3.906,138.122,-0.10058,-0.10449,1.26367,28.76
$IMU,243.190,22.338,3.723,135.559,-0.06054,-0.06347,1.24169,28.76
$IMU,243.192,31.494,11.352,130.798,-0.05322,-0.02294,1.21728,28.79
$IMU,243.194,41.809,18.310,125.000,-0.04589,-0.00878,1.18164,28.79
$MAG,243.195,-0.448,-0.034,-0.916,27.7
$IMU,243.197,51.879,23.132,119.445,-0.03466,0.02490,1.18505,28.79
$IMU,243.199,60.180,24.719,113.708,-0.02099,0.06445,1.18261,28.79
$IMU,243.201,68.176,25.085,108.093,-0.00732,0.08593,1.18310,28.79
$IMU,243.204,73.547,25.024,101.989,-0.01318,0.11181,1.23925,28.79
$MAG,243.205,-0.447,-0.031,-0.927,27.8
$BARO,243.206,86416.49,28.76
$IMU,243.206,73.059,20.874,94.421,-0.02978,0.15283,1.26464,28.79
$IMU,243.208,69.885,13.244,85.144,-0.05371,0.16601,1.27685,28.79
$IMU,243.211,64.331,2.136,74.340,-0.08642,0.18457,1.28466,28.79
$IMU,243.213,56.762,-11.718,61.523,-0.11914,0.20703,1.27050,28.79
$MAG,243.215,-0.441,-0.036,-0.922,27.7
$IMU,243.216,48.828,-27.893,47.424,-0.13134,0.21533,1.24316,28.79
$IMU,243.218,43.518,-43.884,33.874,-0.11865,0.21484,1.20751,28.79
$IMU,243.220,40.771,-57.678,21.362,-0.10400,0.20898,1.17041,28.79
$IMU,243.223,40.832,-68.908,10.070,-0.08447,0.19824,1.13867,28.79
$MAG,243.225,-0.454,-0.034,-0.922,27.7
$IMU,243.225,43.029,-76.721,0.549,-0.06298,0.18945,1.11816,28.79
$IMU,243.227,45.349,-80.871,-7.385,-0.06494,0.19628,1.10546,28.79
$IMU,243.230,46.325,-83.007,-14.648,-0.06298,0.20800,1.09423,28.76
$IMU,243.232,46.081,-82.580,-21.118,-0.07080,0.21875,1.09472,28.76
$IMU,243.234,44.738,-79.101,-26.489,-0.08154,0.23437,1.09570,28.76
$MAG,243.235,-0.460,-0.046,-0.919,27.7
$IMU,243.237,41.320,-73.608,-30.944,-0.10888,0.22558,1.10302,28.76
$IMU,243.239,36.437,-65.856,-34.362,-0.13867,0.19433,1.12158,28.76
$IMU,243.241,30.395,-55.725,-36.621,-0.15576,0.15966,1.16357,28.76
$IMU,243.244,22.583,-43.395,-37.719,-0.16162,0.12304,1.18750,28.76
$MAG,243.245,-0.465,-0.049,-0.918,27.7
$IMU,243.246,14.099,-29.113,-37.170,-0.17138,0.11083,1.18457,28.76
$IMU,243.248,5.798,-14.404,-35.339,-0.18603,0.09667,1.17187,28.78
$IMU,243.251,-2.502,1.159,-32.653,-0.19677,0.07568,1.14941,28.78
$IMU,243.253,-10.192,15.625,-28.930,-0.20214,0.05126,1.11425,28.78
$MAG,243.255,-0.460,-0.048,-0.919,27.7
$IMU,243.255,-17.517,28.564,-24.047,-0.20800,0.03027,1.06884,28.78
$IMU,243.258,-24.658,38.208,-17.944,-0.20019,0.00439,1.02392,28.78
$IMU,243.260,-31.616,45.471,-10.742,-0.19042,-0.02294,0.99414,28.78
$IMU,243.262,-37.292,50.720,-2.990,-0.17578,-0.04394,0.96630,28.78
$IMU,243.265,-41.992,54.504,4.455,-0.16503,-0.06103,0.95605,28.78
$MAG,243.266,-0.468,-0.045,-0.918,27.8
$IMU,243.267,-45.471,57.312,11.352,-0.15820,-0.06738,0.95166,28.76
$IMU,243.269,-47.729,57.739,17.272,-0.15869,-0.06445,0.93994,28.76
$IMU,243.272,-48.583,55.603,22.277,-0.15820,-0.05126,0.93457,28.76
$IMU,243.274,-48.034,51.940,26.245,-0.15917,-0.04541,0.93212,28.76
$MAG,243.276,-0.451,-0.040,-0.910,27.8
$IMU,243.277,-45.898,46.447,28.869,-0.16503,-0.04003,0.93066,28.76
$IMU,243.279,-42.358,39.611,30.578,-0.16064,-0.04638,0.93554,28.76
$IMU,243.281,-38.024,32.104,31.860,-0.16015,-0.04101,0.93310,28.76
$IMU,243.284,-33.203,24.291,32.470,-0.15771,-0.04101,0.92675,28.76
$IMU,243.286,-28.137,16.479,32.836,-0.15527,-0.04150,0.92578,28.78
$MAG,243.286,-0.451,-0.048,-0.916,27.7
$IMU,243.288,-23.010,9.338,33.020,-0.15380,-0.03906,0.92529,28.78
$IMU,243.291,-18.310,3.051,33.020,-0.14355,-0.04199,0.93066,28.78
$IMU,243.293,-14.343,-2.014,33.752,-0.13964,-0.03564,0.93554,28.78
$IMU,243.295,-11.474,-5.493,34.851,-0.12695,-0.01953,0.95361,28.78
$MAG,243.296,-0.448,-0.037,-0.922,28.0
$IMU,243.298,-9.948,-6.835,36.254,-0.10937,-0.02246,0.96533,28.78
$IMU,243.300,-10.986,-7.141,38.574,-0.10546,0.00927,0.97314,28.78
$IMU,243.302,-12.756,-5.493,40.832,-0.08984,0.00976,0.99853,28.78
$IMU,243.305,-15.808,-1.708,43.457,-0.07666,0.00244,1.01074,28.76
$MAG,243.306,-0.454,-0.031,-0.925,27.8
$IMU,243.307,-20.019,3.417,46.508,-0.07714,0.01806,1.02880,28.76
$BARO,243.308,86417.29,28.76
$IMU,243.309,-23.681,10.681,49.316,-0.06494,0.00781,1.04589,28.76
$IMU,243.312,-28.381,18.920,52.001,-0.07519,-0.01367,1.04882,28.76
$IMU,243.314,-33.752,27.954,55.297,-0.07763,-0.02441,1.06250,28.76
$MAG,243.316,-0.448,-0.030,-0.925,27.8
$IMU,243.316,-38.574,38.024,58.593,-0.07226,-0.03515,1.05859,28.76
$IMU,243.319,-43.823,48.339,61.767,-0.08300,-0.04296,1.04394,28.76
$IMU,243.321,-50.415,58.166,65.551,-0.07470,-0.08251,1.02294,28.76
$IMU,243.323,-57.373,68.359,70.800,-0.06738,-0.08935,1.01562,28.78
$MAG,243.326,-0.439,-0.027,-0.916,27.6
$IMU,243.326,-63.476,79.101,76.171,-0.06347,-0.09277,0.99658,28.78
$IMU,243.328,-69.213,90.515,80.993,-0.05908,-0.10205,0.99853,28.78
$IMU,243.330,-75.012,102.722,85.021,-0.04785,-0.12109,0.99414,28.78
$IMU,243.333,-81.420,114.318,87.707,-0.04101,-0.12158,1.00390,28.78
$IMU,243.335,-87.280,125.000,88.317,-0.02929,-0.12695,1.01757,28.78
$MAG,243.336,-0.433,-0.021,-0.927,27.7
$IMU,243.338,-91.491,134.887,87.768,-0.00878,-0.12548,1.03564,28.78
$IMU,243.340,-93.444,143.249,86.547,0.00097,-0.11572,1.02490,28.78
$IMU,243.342,-93.017,149.536,84.533,0.01660,-0.10742,1.04492,28.82
$IMU,243.345,-89.660,154.479,81.237,-0.01025,-0.07373,1.03125,28.82
$MAG,243.346,-0.411,-0.004,-0.930,27.7
$IMU,243.347,-83.251,158.630,76.049,-0.03027,-0.03662,1.06250,28.82
$IMU,243.349,-72.692,163.330,68.420,-0.07861,0.01855,1.05517,28.82
$IMU,243.352,-58.105,167.419,58.471,-0.14648,0.06933,1.05029,28.82
$IMU,243.354,-39.978,171.020,46.264,-0.20507,0.11035,1.06054,28.82
$MAG,243.356,-0.390,-0.010,-0.928,27.7
$IMU,243.356,-17.578,173.461,32.531,-0.25195,0.13134,1.06542,28.82
$IMU,243.359,8.666,173.706,17.089,-0.30468,0.16943,1.07031,28.82
$IMU,243.361,38.024,169.311,-0.671,-0.32275,0.19921,1.06542,28.78
$IMU,243.363,70.190,159.667,-19.775,-0.32910,0.22998,1.05712,28.78
$MAG,243.366,-0.385,-0.003,-0.930,27.8
$IMU,243.366,104.125,143.920,-39.733,-0.30371,0.24072,1.06298,28.78
$IMU,243.368,138.366,123.107,-59.509,-0.29980,0.23242,1.06884,28.78
$IMU,243.370,170.288,99.304,-77.636,-0.30468,0.22265,1.11083,28.78
$IMU,243.373,196.044,73.120,-92.224,-0.31054,0.19824,1.16650,28.78
$IMU,243.375,213.989,48.461,-101.257,-0.35791,0.18359,1.22802,28.78
$MAG,243.376,-0.382,-0.018,-0.930,27.7
$IMU,243.377,221.496,26.062,-105.285,-0.47509,0.18798,1.30419,28.78
$IMU,243.380,217.346,7.751,-104.553,-0.61132,0.19482,1.38671,28.77
$IMU,243.382,201.354,-5.371,-99.182,-0.76464,0.22558,1.47265,28.77
$IMU,243.384,174.072,-14.099,-90.332,-0.92089,0.25878,1.54150,28.77
$MAG,243.387,-0.384,-0.043,-0.943,27.7
$IMU,243.387,136.901,-21.240,-78.552,-1.08154,0.31396,1.56396,28.77
$IMU,243.389,93.261,-28.930,-64.941,-1.16894,0.37402,1.56640,28.77
$IMU,243.391,48.522,-37.048,-49.682,-1.24316,0.41796,1.50927,28.77
$IMU,243.394,8.239,-48.217,-33.142,-1.26660,0.45898,1.42187,28.77
$IMU,243.396,-23.315,-61.889,-15.380,-1.23730,0.47167,1.31396,28.77
$MAG,243.397,-0.378,-0.058,-0.936,27.7
$IMU,243.398,-43.029,-74.035,5.676,-0.98876,0.39892,1.29199,28.81
$IMU,243.401,-48.217,-73.547,31.066,-0.68652,0.28857,1.23388,28.81
$IMU,243.403,-39.123,-64.453,59.387,-0.50537,0.23242,1.07373,28.81
$IMU,243.406,-18.005,-54.077,87.463,-0.34765,0.22070,0.91894,28.81
$MAG,243.407,-0.387,-0.043,-0.928,27.7
$IMU,243.408,12.023,-42.846,113.281,-0.19042,0.20898,0.79541,28.81
$BARO,243.409,86416.27,28.76
$IMU,243.410,45.166,-29.968,135.986,-0.07958,0.19238,0.70019,28.81
$IMU,243.413,76.965,-16.357,154.602,-0.01660,0.18554,0.63476,28.81
$IMU,243.415,102.355,-1.220,168.090,0.00537,0.17822,0.59277,28.81
$MAG,243.417,-0.379,-0.045,-0.937,27.7
$IMU,243.417,119.323,14.953,176.147,0.01220,0.17041,0.56738,28.82
$IMU,243.420,127.380,31.372,179.016,0.01074,0.14404,0.54248,28.82
$IMU,243.422,127.807,46.997,177.551,0.00292,0.10742,0.53125,28.82
$IMU,243.424,121.887,61.828,172.851,0.00000,0.07128,0.52246,28.82
$MAG,243.427,-0.394,-0.048,-0.931,27.7
$IMU,243.427,111.633,76.171,165.161,-0.00976,0.03955,0.52246,28.82
$IMU,243.429,98.876,91.064,155.212,-0.01708,0.01074,0.53906,28.82
$IMU,243.431,85.449,106.201,143.676,-0.03076,-0.01220,0.56201,28.82
$IMU,243.434,72.082,122.131,131.408,-0.04101,-0.02880,0.60205,28.82
$IMU,243.436,59.631,138.488,119.201,-0.05322,-0.04248,0.64306,28.79
$MAG,243.437,-0.375,-0.067,-0.934,27.7
$IMU,243.438,48.522,154.846,107.543,-0.07470,-0.04296,0.68896,28.79
$IMU,243.441,39.428,170.654,96.740,-0.10595,-0.02929,0.73974,28.79
$IMU,243.443,32.592,185.668,87.402,-0.14355,-0.00537,0.79296,28.79
$IMU,243.445,28.015,199.768,79.711,-0.19873,0.03564,0.83593,28.79
$MAG,243.447,-0.351,-0.069,-0.937,27.7
$IMU,243.448,25.939,211.730,73.242,-0.25195,0.07910,0.87304,28.79
$IMU,243.450,26.245,221.862,67.993,-0.29736,0.11962,0.91113,28.79
$IMU,243.452,28.808,230.285,63.842,-0.33984,0.16503,0.93505,28.79
$IMU,243.455,33.569,237.060,60.424,-0.36425,0.21386,0.95703,28.81
$MAG,243.457,-0.330,-0.075,-0.942,27.7
$IMU,243.457,39.733,243.041,57.495,-0.36816,0.26953,0.98583,28.81
$IMU,243.459,45.959,247.497,55.114,-0.36767,0.31152,0.99707,28.81
$IMU,243.462,50.903,249.938,53.161,-0.35351,0.35986,1.01025,28.81
$IMU,243.464,53.039,251.220,51.696,-0.32617,0.41113,1.05175,28.81
$MAG,243.467,-0.301,-0.076,-0.930,27.7
$IMU,243.467,50.537,251.464,50.903,-0.30468,0.45019,1.06689,28.81
$HUM,243.468,35.5,29.2
$IMU,243.469,44.006,250.793,50.720,-0.28222,0.48583,1.08056,28.81
$IMU,243.471,34.179,249.816,51.147,-0.25683,0.50195,1.08740,28.81
$IMU,243.474,22.521,248.779,52.124,-0.24902,0.51171,1.08007,28.78
$IMU,243.476,10.375,247.558,53.894,-0.28271,0.52539,1.09228,28.78
$MAG,243.477,-0.280,-0.084,-0.931,27.7
$IMU,243.478,-13.427,230.102,54.260,-0.53125,0.58105,1.55664,28.78
$IMU,243.481,-72.326,166.015,51.635,-0.54882,0.49804,2.16650,28.78
$IMU,243.483,-135.681,81.542,54.077,-0.36425,0.31591,2.28076,28.78
$IMU,243.485,-161.315,14.282,63.293,-0.31298,0.19335,1.89550,28.78
$MAG,243.487,-0.265,-0.084,-0.931,27.7
$IMU,243.488,-146.789,-38.269,69.641,-0.39550,0.17138,1.48291,28.78
$IMU,243.490,-107.543,-84.045,67.199,-0.46972,0.16699,1.22167,28.78
$IMU,243.492,-56.396,-125.183,58.715,-0.51367,0.15234,1.02832,28.81
$IMU,243.495,-1.037,-160.766,48.706,-0.51806,0.14257,0.94873,28.81
$IMU,243.497,49.560,-195.434,41.137,-0.47070,0.12597,0.89990,28.81
$MAG,243.498,-0.273,-0.067,-0.933,27.8
$IMU,243.499,94.421,-224.548,37.597,-0.42626,0.11718,0.85644,28.81
$IMU,243.502,130.615,-245.910,37.719,-0.41015,0.13574,0.86718,28.81
$IMU,243.504,151.672,-262.817,40.344,-0.42773,0.18750,0.99365,28.81
$IMU,243.506,157.348,-275.390,45.654,-0.39355,0.26855,1.00292,28.81
$MAG,243.508,-0.301,-0.076,-0.943,27.7
$IMU,243.509,154.541,-278.625,53.039,-0.35693,0.35498,0.93847,28.81
$BARO,243.510,86406.40,28.75
$IMU,243.511,145.019,-269.165,60.058,-0.31982,0.40332,0.86718,28.78
$IMU,243.513,127.441,-249.938,64.025,-0.23046,0.39941,0.79931,28.78
$IMU,243.516,103.881,-222.290,66.040,-0.08349,0.39697,0.69580,28.78
$MAG,243.518,-0.324,-0.093,-0.936,27.8
$IMU,243.518,79.223,-189.575,68.664,0.04052,0.41845,0.60205,28.78
$IMU,243.520,54.443,-158.996,73.364,0.10986,0.45019,0.56542,28.78
$IMU,243.523,28.381,-135.314,78.857,0.13867,0.48388,0.57226,28.78
$IMU,243.525,3.967,-118.896,85.083,0.12060,0.48632,0.59033,28.78
$MAG,243.528,-0.339,-0.099,-0.930,27.7
$IMU,243.528,-16.906,-106.079,90.270,0.08300,0.47363,0.62060,28.78
$IMU,243.530,-32.348,-95.947,95.397,0.03125,0.47167,0.65185,28.76
$IMU,243.532,-42.724,-86.853,100.769,-0.05566,0.45019,0.69677,28.76
$IMU,243.535,-49.499,-78.674,105.651,-0.15332,0.39843,0.74951,28.76
$IMU,243.537,-55.297,-71.044,108.703,-0.22949,0.31835,0.77929,28.76
$MAG,243.538,-0.351,-0.088,-0.924,27.7
$IMU,243.539,-59.753,-64.025,110.046,-0.26562,0.25634,0.80566,28.76
$IMU,243.542,-61.828,-58.166,109.863,-0.28710,0.17968,0.82080,28.76
$IMU,243.544,-62.438,-54.687,108.703,-0.28027,0.07421,0.81542,28.76
$IMU,243.546,-61.767,-53.039,106.140,-0.25976,0.01416,0.77294,28.76
$MAG,243.548,-0.354,-0.085,-0.925,27.6
$IMU,243.549,-58.654,-52.612,102.111,-0.24023,-0.02001,0.74121,28.79
$IMU,243.551,-51.635,-52.978,97.839,-0.21142,0.00244,0.71679,28.79
$IMU,243.553,-41.198,-54.931,95.031,-0.21044,0.03173,0.73144,28.79
$IMU,243.556,-28.869,-57.373,91.491,-0.19433,0.07080,0.73583,28.79
$MAG,243.558,-0.363,-0.091,-0.933,27.8
$IMU,243.558,-13.854,-58.227,86.730,-0.20361,0.12695,0.74462,28.79
$IMU,243.560,2.868,-57.006,81.848,-0.20312,0.19384,0.75634,28.79
$IMU,243.563,20.385,-54.992,77.941,-0.19433,0.24902,0.76269,28.79
$IMU,243.565,37.292,-51.513,74.890,-0.18017,0.27978,0.76269,28.79
$IMU,243.567,52.307,-43.884,72.143,-0.16406,0.30566,0.76611,28.80
$MAG,243.568,-0.360,-0.084,-0.930,27.7
$IMU,243.570,65.734,-34.118,70.434,-0.14013,0.32910,0.75927,28.80
$IMU,243.572,77.209,-22.155,70.556,-0.11523,0.34375,0.75927,28.80
$IMU,243.574,86.303,-9.033,71.838,-0.08642,0.35937,0.75292,28.80
$IMU,243.577,92.529,4.333,73.730,-0.05371,0.36621,0.73974,28.80
$MAG,243.578,-0.363,-0.084,-0.934,27.7
$IMU,243.579,96.801,17.944,76.171,-0.02783,0.36816,0.72460,28.80
$IMU,243.581,99.670,31.982,78.735,-0.00097,0.37207,0.70898,28.80
$IMU,243.584,101.867,44.311,81.237,0.00195,0.38525,0.70996,28.80
$IMU,243.586,103.881,55.725,83.435,-0.02050,0.39550,0.70214,28.76
$MAG,243.588,-0.354,-0.097,-0.931,27.6
$IMU,243.589,106.201,68.481,84.838,-0.00732,0.40185,0.70849,28.76
$IMU,243.591,108.398,78.796,85.815,0.01074,0.41210,0.70898,28.76
$IMU,243.593,109.985,88.562,87.036,-0.02197,0.43945,0.71630,28.76
$IMU,243.596,110.534,97.595,89.538,-0.00683,0.43701,0.72167,28.76
$MAG,243.598,-0.363,-0.111,-0.931,27.8
$IMU,243.598,109.008,104.675,93.322,-0.03173,0.45166,0.72363,28.76
$IMU,243.600,108.154,110.168,98.876,-0.02343,0.44873,0.71044,28.76
$IMU,243.603,107.543,116.027,106.323,-0.02441,0.44775,0.71484,28.76
$IMU,243.605,107.604,119.384,114.257,-0.02392,0.43847,0.70312,28.83
$IMU,243.607,109.191,120.910,123.046,-0.01708,0.43457,0.68359,28.83
$MAG,243.608,-0.348,-0.120,-0.925,28.0
$IMU,243.610,111.328,122.863,132.080,-0.00146,0.40380,0.67773,28.83
$BARO,243.612,86421.46,28.76
$IMU,243.612,111.999,124.328,141.113,0.00439,0.40722,0.67675,28.83
$IMU,243.614,112.365,125.427,149.719,0.00976,0.42578,0.68066,28.83
$IMU,243.617,112.854,127.441,158.264,0.00341,0.43750,0.69140,28.83
$MAG,243.618,-0.342,-0.127,-0.927,27.7
$IMU,243.619,112.243,128.173,166.870,-0.00097,0.44531,0.70947,28.83
$IMU,243.621,110.839,128.112,175.964,-0.00146,0.46679,0.73876,28.83
$IMU,243.624,109.008,125.854,185.180,-0.00244,0.50195,0.76074,28.78
$IMU,243.626,107.543,121.765,194.091,-0.01123,0.52441,0.77490,28.78
$IMU,243.628,106.811,115.234,203.796,-0.01855,0.51269,0.79785,28.78
$MAG,243.629,-0.322,-0.138,-0.922,27.7
$IMU,243.631,105.590,106.689,214.477,-0.03369,0.52050,0.82519,28.78
$IMU,243.633,105.041,97.045,224.975,-0.04394,0.55664,0.84228,28.78
$IMU,243.635,104.919,86.303,234.191,-0.05957,0.53955,0.84472,28.78
$IMU,243.638,102.539,73.547,243.103,-0.07763,0.54589,0.85742,28.78
$MAG,243.639,-0.313,-0.142,-0.921,27.8
$IMU,243.640,100.402,61.035,250.183,-0.08935,0.55566,0.87060,28.78
$IMU,243.642,97.656,49.011,254.821,-0.10107,0.54052,0.85986,28.79
$IMU,243.645,93.444,37.780,257.385,-0.11035,0.52783,0.86181,28.79
$IMU,243.647,88.378,28.686,258.239,-0.10546,0.50927,0.88330,28.79
$MAG,243.649,-0.324,-0.156,-0.921,27.8
$IMU,243.650,82.397,22.338,257.751,-0.12060,0.47460,0.89648,28.79
$IMU,243.652,74.462,19.287,255.493,-0.13671,0.51660,0.93066,28.79
$IMU,243.654,67.016,21.179,249.694,-0.15234,0.59375,0.93652,28.79
$IMU,243.657,60.546,25.207,240.478,-0.16748,0.63281,0.91943,28.79
$MAG,243.659,-0.321,-0.163,-0.918,27.6
$IMU,243.659,54.382,30.273,229.736,-0.17675,0.62304,0.91601,28.79
$IMU,243.661,48.339,35.156,219.482,-0.18359,0.59326,0.92041,28.75
$IMU,243.664,42.541,41.015,209.106,-0.18896,0.59912,0.92919,28.75
$IMU,243.666,37.719,47.546,197.998,-0.18847,0.63183,0.91259,28.75
$IMU,243.668,34.729,53.039,185.974,-0.18408,0.66699,0.88818,28.75
$MAG,243.669,-0.321,-0.175,-0.922,27.6
$IMU,243.671,33.447,56.213,173.522,-0.17333,0.67773,0.86718,28.75
$IMU,243.673,31.433,58.471,161.682,-0.15722,0.69091,0.85644,28.75
$IMU,243.675,29.052,59.692,150.756,-0.14599,0.67822,0.86767,28.75
$IMU,243.678,26.367,62.316,141.113,-0.11376,0.66308,0.89794,28.75
$MAG,243.679,-0.310,-0.175,-0.922,27.6
$IMU,243.680,22.827,66.955,133.300,-0.09716,0.66943,0.90820,28.79
$IMU,243.682,18.005,72.143,126.708,-0.08105,0.67919,0.91748,28.79
$IMU,243.685,11.535,78.491,120.788,-0.07177,0.68994,0.91699,28.79
$IMU,243.687,3.417,84.228,115.844,-0.07177,0.69775,0.91894,28.79
$MAG,243.689,-0.307,-0.180,-0.922,27.7
$IMU,243.689,-5.554,88.684,111.511,-0.07666,0.69677,0.92431,28.79
$IMU,243.692,-14.465,91.918,108.276,-0.08837,0.68945,0.91943,28.79
$IMU,243.694,-23.376,93.627,105.651,-0.11328,0.67773,0.89990,28.79
$IMU,243.696,-31.738,93.444,103.454,-0.13720,0.66113,0.89648,28.79
$MAG,243.699,-0.292,-0.177,-0.922,27.8
$IMU,243.699,-38.269,91.186,101.684,-0.17431,0.65332,0.89355,28.77
$IMU,243.701,-45.227,88.684,99.731,-0.19775,0.62988,0.90283,28.77
$IMU,243.703,-52.551,86.303,97.351,-0.21875,0.62353,0.90966,28.77
$IMU,243.706,-59.753,83.984,93.933,-0.23046,0.61523,0.90283,28.77
$IMU,243.708,-65.795,81.298,89.233,-0.23144,0.59716,0.89013,28.77
$MAG,243.709,-0.298,-0.172,-0.924,28.0
$IMU,243.711,-69.824,78.308,83.801,-0.22802,0.57373,0.87841,28.77
$BARO,243.713,86420.24,28.76
$IMU,243.713,-72.998,75.866,78.186,-0.21093,0.57617,0.86425,28.77
$IMU,243.715,-75.683,73.852,71.105,-0.21630,0.59423,0.84912,28.77
$IMU,243.718,-77.697,72.631,62.988,-0.22460,0.59912,0.84326,28.79
$MAG,243.719,-0.295,-0.168,-0.922,27.7
$IMU,243.720,-78.796,71.716,54.565,-0.22021,0.60498,0.84765,28.79
$IMU,243.722,-80.200,71.350,45.776,-0.21875,0.61132,0.84765,28.79
$IMU,243.725,-82.702,71.044,36.315,-0.22167,0.61328,0.85107,28.79
$IMU,243.727,-85.388,71.777,26.977,-0.21875,0.59277,0.87304,28.79
$MAG,243.729,-0.289,-0.160,-0.927,27.7
$IMU,243.729,-88.256,72.204,18.310,-0.21777,0.57568,0.87109,28.79
$IMU,243.732,-92.041,71.472,10.131,-0.22851,0.55859,0.86669,28.79
$IMU,243.734,-95.642,69.335,3.234,-0.24023,0.52978,0.87451,28.79
$IMU,243.736,-99.121,67.260,-1.708,-0.26318,0.50390,0.87402,28.81
$MAG,243.739,-0.276,-0.156,-0.933,27.7
$IMU,243.739,-102.294,65.063,-5.554,-0.28173,0.49804,0.87402,28.81
$IMU,243.741,-106.506,63.049,-9.643,-0.30810,0.49560,0.87304,28.81
$IMU,243.743,-111.511,61.340,-13.671,-0.34082,0.48828,0.88427,28.81
$IMU,243.746,-115.356,60.058,-16.662,-0.36669,0.50292,0.89013,28.81
$IMU,243.748,-117.980,57.739,-19.104,-0.37939,0.55175,0.88476,28.81
$MAG,243.750,-0.273,-0.141,-0.919,27.7
$IMU,243.750,-119.689,52.795,-20.568,-0.42236,0.55078,0.86181,28.81
$IMU,243.753,-122.009,44.006,-18.676,-0.44824,0.50292,0.87548,28.81
$IMU,243.755,-124.145,32.714,-13.305,-0.45214,0.47412,0.90380,28.82
$IMU,243.757,-125.976,19.897,-5.859,-0.45166,0.47412,0.93017,28.82
$MAG,243.760,-0.273,-0.121,-0.931,27.6
$IMU,243.760,-128.601,6.164,2.197,-0.44287,0.48437,0.96435,28.82
$IMU,243.762,-133.300,-7.446,10.375,-0.43603,0.48779,0.99951,28.82
$IMU,243.764,-139.831,-20.385,18.371,-0.40771,0.48828,1.04541,28.82
$IMU,243.767,-146.850,-32.226,26.184,-0.37792,0.48437,1.06347,28.82
$IMU,243.769,-154.968,-44.494,32.653,-0.36718,0.50195,1.03906,28.82
$MAG,243.770,-0.268,-0.117,-0.934,27.8
$IMU,243.772,-163.879,-57.617,36.560,-0.35595,0.50000,1.02001,28.82
$IMU,243.774,-171.813,-69.946,38.146,-0.33300,0.47802,1.02197,28.77
$IMU,243.776,-177.368,-79.589,37.536,-0.31250,0.45654,1.02880,28.77
$IMU,243.779,-181.396,-85.144,35.095,-0.30029,0.42871,1.03125,28.77
$MAG,243.780,-0.283,-0.105,-0.936,27.7
$IMU,243.781,-183.593,-87.341,31.555,-0.28955,0.43652,1.02636,28.77
$IMU,243.783,-185.119,-87.829,26.123,-0.30957,0.47314,0.99462,28.77
$IMU,243.786,-186.096,-87.585,17.700,-0.31494,0.49951,0.99218,28.77
$IMU,243.788,-186.096,-86.853,8.178,-0.32861,0.46728,0.99462,28.77
$MAG,243.790,-0.280,-0.082,-0.933,27.6
$IMU,243.790,-185.363,-85.754,-0.366,-0.33251,0.42480,1.00634,28.77
$IMU,243.793,-183.837,-84.106,-6.958,-0.32812,0.39111,1.00830,28.79
$IMU,243.795,-182.312,-83.740,-11.535,-0.33007,0.37500,1.00634,28.79
$IMU,243.797,-181.274,-85.571,-14.099,-0.32617,0.35693,1.00976,28.79
$MAG,243.800,-0.303,-0.066,-0.940,27.6
$IMU,243.800,-181.213,-88.562,-15.075,-0.32031,0.33203,1.02343,28.79
$IMU,243.802,-181.762,-92.712,-14.343,-0.30761,0.33203,1.02685,28.79
$IMU,243.804,-183.166,-97.961,-13.061,-0.28417,0.32226,1.04052,28.79
$IMU,243.807,-184.387,-103.149,-12.573,-0.26513,0.32226,1.04785,28.79
$IMU,243.809,-184.387,-109.252,-12.817,-0.24511,0.31738,1.04443,28.79
$MAG,243.810,-0.300,-0.048,-0.930,27.7
$IMU,243.811,-182.556,-116.210,-13.671,-0.22412,0.29980,1.03710,28.80
$IMU,243.814,-177.978,-123.596,-14.892,-0.20849,0.27734,1.01123,28.80
$BARO,243.815,86418.56,28.75
$IMU,243.816,-172.424,-131.835,-16.662,-0.20751,0.25244,0.98046,28.80
$IMU,243.818,-166.442,-140.991,-18.920,-0.18847,0.23193,0.96533,28.80
$MAG,243.820,-0.318,-0.037,-0.946,27.6
$IMU,243.821,-159.362,-148.986,-22.338,-0.17773,0.22851,0.95898,28.80
$IMU,243.823,-150.573,-155.944,-27.526,-0.17041,0.23193,0.94775,28.80
$IMU,243.825,-140.625,-162.048,-34.301,-0.15722,0.25244,0.94726,28.80
$IMU,243.828,-129.333,-166.442,-42.358,-0.14843,0.26562,0.95556,28.80
$MAG,243.830,-0.333,-0.016,-0.928,27.7
$IMU,243.830,-117.248,-168.640,-52.001,-0.13476,0.29345,0.94580,28.78
$IMU,243.832,-104.797,-169.555,-63.171,-0.11914,0.31005,0.93115,28.78
$IMU,243.835,-91.857,-168.701,-74.340,-0.10644,0.29394,0.92822,28.78
$IMU,243.837,-78.125,-165.771,-83.496,-0.08300,0.25976,0.92089,28.78
$MAG,243.840,-0.354,-0.009,-0.925,28.0
$IMU,243.840,-64.575,-160.278,-89.843,-0.04980,0.25341,0.92041,28.78
$IMU,243.842,-51.757,-152.099,-94.482,-0.02783,0.28759,0.91162,28.78
$IMU,243.844,-39.855,-142.456,-98.144,-0.01464,0.33886,0.90087,28.78
$IMU,243.847,-29.113,-130.737,-101.379,-0.01269,0.38818,0.87890,28.78
$IMU,243.849,-19.287,-117.248,-103.698,-0.00927,0.42333,0.85693,28.78
$MAG,243.850,-0.364,0.006,-0.934,27.8
$IMU,243.851,-10.070,-101.684,-104.431,-0.01220,0.43066,0.83789,28.78
$IMU,243.854,-0.793,-84.106,-103.149,-0.02587,0.43310,0.81396,28.78
$IMU,243.856,8.361,-64.514,-99.609,-0.04541,0.43945,0.79492,28.78
$IMU,243.858,17.700,-43.029,-93.750,-0.08398,0.45703,0.77587,28.78
$MAG,243.860,-0.378,-0.006,-0.928,27.7
$IMU,243.861,25.756,-19.531,-85.388,-0.09814,0.48925,0.77441,28.78
$IMU,243.863,33.020,7.141,-74.829,-0.12255,0.50390,0.75341,28.78
$IMU,243.865,39.672,35.766,-62.072,-0.14257,0.53271,0.74658,28.78
$IMU,243.868,45.471,64.208,-47.485,-0.17480,0.52392,0.73730,28.79
$IMU,243.870,51.879,91.735,-30.395,-0.19677,0.46386,0.76025,28.79
$MAG,243.871,-0.376,-0.006,-0.937,27.8
$IMU,243.872,62.988,115.478,-11.230,-0.23339,0.42285,0.77343,28.79
$IMU,243.875,76.599,132.873,9.277,-0.26660,0.41113,0.79931,28.79
$IMU,243.877,89.416,143.859,30.456,-0.28906,0.42480,0.83642,28.79
$IMU,243.879,100.097,149.658,51.330,-0.31542,0.42675,0.87011,28.79
$MAG,243.881,-0.358,-0.009,-0.936,27.6
$IMU,243.882,109.375,150.451,71.777,-0.32763,0.43212,0.90234,28.79
$IMU,243.884,118.469,146.789,90.515,-0.34033,0.43896,0.91992,28.79
$IMU,243.886,128.356,139.343,106.689,-0.35449,0.43164,0.92919,28.80
$IMU,243.889,140.197,128.845,119.384,-0.36132,0.41650,0.92968,28.80
$MAG,243.891,-0.339,-0.024,-0.942,27.7
$IMU,243.891,154.113,116.333,128.662,-0.37158,0.38427,0.91064,28.80
$IMU,243.893,170.104,101.196,135.009,-0.37597,0.33886,0.88037,28.80
$IMU,243.896,187.988,83.435,140.075,-0.35742,0.27441,0.84765,28.80
$IMU,243.898,206.542,63.781,144.653,-0.32226,0.22607,0.79345,28.80
$MAG,243.901,-0.340,-0.046,-0.928,27.7
$IMU,243.901,223.632,42.358,148.620,-0.29589,0.19189,0.74267,28.80
$IMU,243.903,237.609,20.263,151.794,-0.27734,0.15136,0.71093,28.80
$IMU,243.905,247.802,-0.122,154.541,-0.27099,0.11132,0.70117,28.81
$IMU,243.908,254.333,-17.761,156.066,-0.27197,0.08789,0.69091,28.81
$IMU,243.910,257.263,-32.653,156.311,-0.26806,0.05371,0.69335,28.81
$MAG,243.911,-0.337,-0.066,-0.945,27.8
$IMU,243.912,257.995,-44.128,154.846,-0.25146,0.05273,0.68261,28.81
$IMU,243.915,256.896,-52.612,150.817,-0.22558,0.06445,0.67578,28.81
$BARO,243.916,86420.70,28.75
$IMU,243.917,254.638,-57.312,144.104,-0.19970,0.09082,0.68115,28.81
$IMU,243.919,251.770,-57.006,134.826,-0.16796,0.13330,0.69726,28.81
$MAG,243.921,-0.339,-0.087,-0.936,27.8
$IMU,243.922,248.352,-51.513,123.413,-0.13574,0.17138,0.71240,28.81
$IMU,243.924,244.506,-41.320,110.473,-0.10205,0.20117,0.72167,28.80
$IMU,243.926,239.746,-27.526,97.106,-0.06640,0.22851,0.72705,28.80
$IMU,243.929,233.947,-11.657,84.167,-0.03515,0.24755,0.73242,28.80
$IMU,243.931,227.111,4.882,72.326,-0.00048,0.26074,0.73632,28.80
$MAG,243.931,-0.336,-0.109,-0.928,27.7
$IMU,243.933,219.421,21.301,61.950,0.03857,0.26757,0.73828,28.80
$IMU,243.936,211.059,37.292,52.917,0.07275,0.27734,0.74902,28.80
$IMU,243.938,169.494,36.437,55.480,0.33056,1.84423,3.13134,28.80
$IMU,243.940,-97.900,-62.683,125.488,0.64062,1.48193,4.07763,28.80
$MAG,243.941,-0.337,-0.136,-0.928,27.7
$IMU,243.943,-231.933,-111.816,182.312,0.31494,0.01025,1.24365,28.78
$IMU,243.945,-174.377,-111.267,191.345,0.10839,0.05908,0.64746,28.78
$IMU,243.947,-107.299,-124.328,186.157,0.22070,0.15332,0.34619,28.78
$IMU,243.950,-14.770,-132.446,175.048,0.19775,-0.15869,-0.29052,28.78
$MAG,243.951,-0.357,-0.115,-0.927,27.6
$IMU,243.952,72.448,-136.169,152.160,-0.02832,0.39257,0.58642,28.78
$IMU,243.954,37.597,-172.912,142.395,-0.09326,0.82568,1.64550,28.78
$IMU,243.957,-42.602,-207.458,147.094,-0.26513,0.47802,1.21386,28.78
$IMU,243.959,-67.260,-205.444,144.592,-0.41992,0.32324,0.80078,28.78
$MAG,243.961,-0.375,-0.117,-0.934,27.7
$IMU,243.962,-68.969,-186.523,141.967,-0.45410,0.45312,0.95458,28.85
$IMU,243.964,-82.763,-168.273,146.240,-0.46044,0.60058,1.07617,28.85
$IMU,243.966,-99.121,-150.512,153.381,-0.43701,0.67919,1.07080,28.85
$IMU,243.969,-111.389,-132.324,162.780,-0.38769,0.73925,1.04394,28.85
$MAG,243.971,-0.388,-0.108,-0.933,28.0
$IMU,243.971,-119.812,-117.492,176.696,-0.29541,0.74218,0.94140,28.85
$IMU,243.973,-121.215,-108.642,196.411,-0.22460,0.74267,0.83544,28.85
$TIME,243.976,446460.000,2399
$IMU,243.976,-118.286,-107.116,221.130,-0.17529,0.72509,0.76660,28.85
$IMU,243.978,-113.037,-110.656,248.596,-0.14941,0.73193,0.73486,28.85
$IMU,243.980,-106.811,-117.248,276.000,-0.14746,0.75195,0.73632,28.81
$MAG,243.982,-0.403,-0.091,-0.931,27.8
$IMU,243.983,-100.219,-124.084,301.818,-0.12890,0.75488,0.71826,28.81
$IMU,243.985,-92.346,-129.943,327.392,-0.05664,0.73779,0.73437,28.81
$IMU,243.987,-85.937,-133.056,353.820,-0.02392,0.71093,0.76904,28.81
$IMU,243.990,-80.627,-134.216,378.723,0.00488,0.69433,0.77392,28.81
$MAG,243.992,-0.415,-0.078,-0.934,27.6
$IMU,243.992,-75.927,-132.080,402.099,0.03564,0.66113,0.78906,28.81
$IMU,243.994,-72.631,-127.319,424.072,0.06005,0.60644,0.77539,28.81
$IMU,243.997,-69.335,-120.727,444.824,0.07568,0.56591,0.77246,28.81
$IMU,243.999,-67.565,-111.389,463.989,0.06542,0.57519,0.79296,28.76
$IMU,244.001,-68.786,-102.478,481.689,0.04101,0.57861,0.79980,28.76
$MAG,244.002,-0.426,-0.066,-0.924,27.7
$IMU,244.004,-71.228,-93.017,498.718,0.03417,0.54931,0.78320,28.76
$IMU,244.006,-73.913,-83.984,516.174,0.02880,0.51074,0.77343,28.76
$IMU,244.008,-76.477,-75.073,-513.236,0.05664,0.43798,0.72998,28.76
$IMU,244.011,-77.697,-67.810,-491.935,0.10253,0.36230,0.71679,28.76
$MAG,244.012,-0.429,-0.040,-0.927,28.0
$IMU,244.013,-79.711,-60.974,-468.253,0.13623,0.28417,0.71191,28.76
$IMU,244.015,-82.946,-54.626,-442.435,0.17333,0.22265,0.72314,28.76
$BARO,244.018,86418.10,28.76
$IMU,244.018,-88.684,-49.194,-413.688,0.22900,0.15966,0.72900,28.80
$IMU,244.020,-94.543,-44.799,-383.170,0.26660,0.08886,0.72998,28.80
$MAG,244.022,-0.435,-0.025,-0.931,27.8
$IMU,244.023,-100.097,-41.198,-352.409,0.28320,0.03857,0.72753,28.80
$IMU,244.025,-104.614,-36.376,-322.013,0.30419,0.02636,0.76025,28.80
$IMU,244.027,-109.130,-30.395,-292.899,0.32177,0.01074,0.74804,28.80
$IMU,244.030,-112.487,-22.827,-266.471,0.32128,-0.02978,0.79589,28.80
$MAG,244.032,-0.418,-0.009,-0.919,27.7
$IMU,244.032,-120.117,-15.808,-243.095,0.33447,-0.03710,0.88867,28.80
$IMU,244.034,-134.399,-12.145,-223.502,0.25781,-0.00927,0.94091,28.80
$IMU,244.037,-149.108,-9.521,-210.929,0.16406,0.01757,0.95361,28.81
$IMU,244.039,-161.865,-7.446,-204.764,0.09863,-0.04248,1.01953,28.81
$IMU,244.041,-175.109,-7.568,-205.192,0.01367,-0.07128,1.03173,28.81
$MAG,244.042,-0.420,0.015,-0.924,27.7
$IMU,244.044,-183.349,-7.141,-212.272,-0.04199,-0.13281,1.05712,28.81
$IMU,244.046,-186.828,-5.371,-225.089,-0.10644,-0.16796,1.08984,28.81
$IMU,244.048,-187.988,-3.784,-242.057,-0.07421,-0.25976,1.14892,28.81
$IMU,244.051,-186.157,-3.234,-262.809,-0.01806,-0.35253,1.20947,28.81
$MAG,244.052,-0.387,0.036,-0.921,27.7
$IMU,244.053,-180.541,-6.103,-287.955,0.01855,-0.42822,1.21435,28.81
$IMU,244.055,-170.654,-12.268,-317.069,0.06152,-0.50048,1.26074,28.82
$IMU,244.058,-159.362,-21.301,-349.601,0.07910,-0.56152,1.27050,28.82
$IMU,244.060,-147.827,-32.470,-385.184,0.11279,-0.58105,1.29345,28.82
$MAG,244.062,-0.376,0.061,-0.921,27.7
$IMU,244.062,-136.535,-44.616,-424.674,0.16601,-0.57666,1.32910,28.82
$IMU,244.065,-126.464,-55.419,-468.619,0.22851,-0.55664,1.36572,28.82
$IMU,244.067,-117.370,-62.255,-516.471,0.31103,-0.49951,1.38769,28.82
$IMU,244.069,-108.276,-63.232,479.492,0.41748,-0.45117,1.42529,28.82
$VBAT,244.070,4.134
$MAG,244.072,-0.358,0.075,-0.912,27.7
$IMU,244.072,-100.219,-57.739,422.851,0.51904,-0.37841,1.44824,28.82
$IMU,244.074,-94.543,-46.020,363.159,0.62695,-0.32177,1.43017,28.80
$IMU,244.076,-89.599,-29.479,302.612,0.69873,-0.27490,1.39208,28.80
$IMU,244.079,-85.327,-10.620,242.980,0.74560,-0.19873,1.35009,28.80
$IMU,244.081,-84.167,7.324,185.302,0.76708,-0.13916,1.31347,28.80
$IMU,244.084,-87.219,22.583,131.408,0.75244,-0.09570,1.27978,28.80
$MAG,244.082,-0.346,0.084,-0.909,27.8
$IMU,244.086,-95.031,33.935,82.275,0.72558,-0.07226,1.26660,28.80
$IMU,244.088,-107.055,40.344,38.146,0.67871,-0.07275,1.25195,28.80
$IMU,244.091,-121.582,42.663,-0.976,0.62939,-0.09082,1.23681,28.80
$MAG,244.092,-0.345,0.096,-0.906,27.7
$IMU,244.093,-137.634,41.381,-34.301,0.56689,-0.11523,1.20751,28.76
$IMU,244.095,-151.916,37.780,-61.096,0.49462,-0.14013,1.17089,28.76
$IMU,244.098,-162.780,33.447,-81.298,0.43066,-0.18017,1.12011,28.76
$IMU,244.100,-169.311,27.832,-94.482,0.38476,-0.22021,1.04589,28.76
$IMU,244.102,-170.043,20.751,-100.524,0.34570,-0.24316,0.97802,28.76
$MAG,244.103,-0.343,0.106,-0.912,27.7
$IMU,244.105,-164.123,13.000,-100.769,0.32031,-0.25488,0.92480,28.76
$IMU,244.107,-153.686,5.859,-96.862,0.29931,-0.25878,0.89746,28.76
$IMU,244.109,-140.441,0.122,-91.369,0.27050,-0.25097,0.87597,28.76
$IMU,244.112,-125.671,-3.723,-85.571,0.25146,-0.23535,0.86523,28.82
$MAG,244.113,-0.340,0.123,-0.897,27.7
$IMU,244.114,-110.473,-5.859,-79.956,0.24707,-0.20263,0.85351,28.82
$IMU,244.116,-95.031,-7.141,-75.378,0.24755,-0.16992,0.82714,28.82
$BARO,244.119,86414.20,28.76
$IMU,244.119,-78.918,-7.934,-71.838,0.24609,-0.12597,0.79589,28.82
$IMU,244.121,-63.232,-8.239,-68.908,0.27197,-0.09912,0.77685,28.82
$MAG,244.123,-0.354,0.133,-0.897,27.7
$IMU,244.123,-49.804,-8.911,-66.345,0.30371,-0.06787,0.76220,28.82
$IMU,244.126,-38.085,-8.911,-64.270,0.32324,-0.03173,0.74365,28.82
$IMU,244.128,-28.564,-8.544,-62.438,0.36083,-0.03125,0.77148,28.82
$IMU,244.130,-21.423,-8.544,-60.363,0.38037,-0.03222,0.78808,28.77
$MAG,244.133,-0.355,0.135,-0.897,27.7
$IMU,244.133,-16.723,-9.399,-58.410,0.39697,-0.05273,0.83154,28.77
$IMU,244.135,-13.671,-11.291,-56.762,0.40087,-0.06103,0.84765,28.77
$IMU,244.137,-10.681,-12.207,-55.786,0.40625,-0.07226,0.86230,28.77
$IMU,244.140,-8.117,-12.329,-55.297,0.41943,-0.09082,0.88720,28.77
$IMU,244.142,-5.981,-12.451,-55.114,0.42675,-0.11621,0.88867,28.77
$MAG,244.143,-0.352,0.133,-0.898,27.7
$IMU,244.145,-4.150,-14.221,-55.175,0.44384,-0.14111,0.88037,28.77
$IMU,244.147,-2.441,-17.578,-55.603,0.45605,-0.15625,0.87011,28.77
$IMU,244.149,-0.366,-21.728,-56.274,0.44970,-0.16210,0.85791,28.79
$IMU,244.152,0.610,-26.977,-56.274,0.45751,-0.18164,0.86474,28.79
$MAG,244.153,-0.360,0.130,-0.898,27.7
$IMU,244.154,0.732,-31.982,-55.725,0.46533,-0.19824,0.84033,28.79
$IMU,244.156,-0.305,-37.536,-54.321,0.45703,-0.18994,0.81445,28.79
$IMU,244.159,-2.319,-44.006,-52.734,0.44921,-0.17822,0.78564,28.79
$IMU,244.161,-5.615,-51.208,-50.964,0.42578,-0.16845,0.76025,28.79
$MAG,244.163,-0.366,0.138,-0.886,27.7
$IMU,244.163,-9.887,-58.532,-50.292,0.39306,-0.14794,0.74414,28.79
$IMU,244.166,-15.197,-64.392,-50.109,0.38378,-0.14990,0.74121,28.79
$IMU,244.168,-22.888,-70.007,-50.415,0.36865,-0.14550,0.73925,28.81
$IMU,244.170,-31.799,-74.340,-51.513,0.37011,-0.15429,0.75000,28.81
$MAG,244.173,-0.382,0.142,-0.883,27.6
$IMU,244.173,-42.724,-78.369,-52.307,0.38427,-0.16796,0.75292,28.81
$IMU,244.175,-55.541,-82.092,-53.710,0.40820,-0.16210,0.77392,28.81
$IMU,244.177,-69.763,-85.327,-55.358,0.39941,-0.16162,0.79345,28.81
$IMU,244.180,-83.496,-86.181,-55.480,0.37597,-0.16748,0.80566,28.81
$IMU,244.182,-97.290,-86.425,-53.771,0.39892,-0.18457,0.83007,28.81
$MAG,244.183,-0.388,0.141,-0.891,27.8
$IMU,244.184,-110.046,-85.815,-51.513,0.39160,-0.16162,0.83935,28.81
$IMU,244.187,-121.215,-85.815,-50.048,0.37841,-0.13720,0.84521,28.80
$IMU,244.189,-130.493,-86.303,-48.828,0.37011,-0.11914,0.84912,28.80
$IMU,244.191,-135.925,-86.608,-48.522,0.36621,-0.11621,0.85058,28.80
$MAG,244.193,-0.390,0.154,-0.876,27.7
$IMU,244.194,-137.695,-86.791,-49.865,0.34863,-0.10644,0.84130,28.80
$IMU,244.196,-138.122,-87.951,-51.635,0.34082,-0.13281,0.82910,28.80
$IMU,244.198,-137.878,-88.256,-53.466,0.33642,-0.21972,0.83642,28.80
$IMU,244.201,-139.587,-87.097,-52.917,0.32373,-0.30371,0.82617,28.80
$MAG,244.203,-0.406,0.162,-0.868,28.0
$IMU,244.203,-143.676,-83.801,-49.987,0.31103,-0.37695,0.80908,28.80
$IMU,244.205,-151.123,-78.979,-42.541,0.32763,-0.43847,0.78320,28.78
$IMU,244.208,-161.926,-73.669,-31.738,0.32666,-0.45996,0.79687,28.78
$IMU,244.210,-174.499,-65.002,-20.507,0.34472,-0.48193,0.80371,28.78
$MAG,244.213,-0.415,0.171,-0.862,27.7
$IMU,244.213,-187.377,-53.894,-8.789,0.35986,-0.47216,0.81103,28.78
$IMU,244.215,-199.951,-40.954,1.953,0.38818,-0.46044,0.82275,28.78
$IMU,244.217,-209.655,-27.465,10.925,0.41796,-0.44238,0.82373,28.78
$IMU,244.220,-216.125,-15.747,18.432,0.40917,-0.42626,0.84179,28.78
$BARO,244.221,86413.39,28.76
$IMU,244.222,-219.177,-6.408,23.986,0.41894,-0.37109,0.85546,28.78
$MAG,244.224,-0.414,0.189,-0.861,27.7
$IMU,244.224,-216.979,2.258,27.709,0.45605,-0.31835,0.85791,28.78
$IMU,244.227,-209.350,9.826,29.663,0.48242,-0.28613,0.86230,28.78
$IMU,244.229,-195.922,17.089,30.273,0.50146,-0.27441,0.87841,28.78
$IMU,244.231,-178.283,22.644,30.212,0.50830,-0.25927,0.88623,28.78
$MAG,244.234,-0.409,0.213,-0.838,27.7
$IMU,244.234,-158.081,25.878,29.174,0.52294,-0.26464,0.89013,28.78
$IMU,244.236,-135.375,27.343,27.282,0.54785,-0.28027,0.89990,28.78
$IMU,244.238,-111.145,27.832,24.597,0.56835,-0.29492,0.88720,28.78
$IMU,244.241,-86.669,27.221,21.606,0.59960,-0.32275,0.86376,28.78
$IMU,244.243,-63.537,24.780,19.226,0.61767,-0.35107,0.82763,28.80
$MAG,244.244,-0.420,0.213,-0.835,27.8
$IMU,244.245,-42.907,21.484,17.150,0.61328,-0.37158,0.79638,28.80
$IMU,244.248,-25.573,17.517,15.441,0.59814,-0.39404,0.77587,28.80
$IMU,244.250,-13.000,13.122,14.160,0.58105,-0.40722,0.75537,28.80
$IMU,244.252,-5.493,8.728,13.366,0.56640,-0.42773,0.74267,28.80
$MAG,244.254,-0.402,0.213,-0.837,27.6
$IMU,244.255,-3.112,5.065,13.305,0.55761,-0.44042,0.72851,28.80
$IMU,244.257,-4.760,2.075,13.854,0.54101,-0.44042,0.71435,28.80
$IMU,244.259,-9.765,-0.244,14.587,0.52734,-0.43505,0.70849,28.80
$IMU,244.262,-17.456,-1.342,15.502,0.51806,-0.42822,0.70068,28.79
$MAG,244.264,-0.415,0.216,-0.837,27.8
$IMU,244.264,-26.611,-0.671,15.991,0.50390,-0.41748,0.69921,28.79
$IMU,244.266,-36.132,1.098,16.052,0.50878,-0.40283,0.69873,28.79
$IMU,244.269,-46.386,1.953,16.235,0.52539,-0.39599,0.69238,28.79
$IMU,244.271,-56.152,0.732,16.540,0.52880,-0.38769,0.68505,28.79
$MAG,244.274,-0.408,0.220,-0.834,27.6
$IMU,244.274,-64.514,-1.770,16.723,0.53808,-0.38769,0.69433,28.79
$IMU,244.276,-71.228,-4.821,16.601,0.53955,-0.38232,0.71191,28.79
$IMU,244.278,-76.477,-7.446,16.540,0.57080,-0.39746,0.74316,28.79
$IMU,244.281,-81.176,-11.657,17.272,0.58105,-0.40576,0.75341,28.81
$IMU,244.283,-84.899,-16.357,18.310,0.57861,-0.40380,0.76367,28.81
$MAG,244.284,-0.405,0.223,-0.828,27.7
$IMU,244.285,-86.791,-20.812,19.104,0.56103,-0.40576,0.77294,28.81
$IMU,244.288,-86.853,-24.108,19.409,0.54345,-0.40429,0.77490,28.81
$IMU,244.290,-85.021,-26.000,19.165,0.52148,-0.39843,0.78320,28.81
$IMU,244.292,-81.726,-26.733,18.310,0.50390,-0.38818,0.77783,28.81
$MAG,244.294,-0.408,0.235,-0.828,27.8
$IMU,244.295,-77.697,-26.306,17.150,0.47998,-0.37939,0.78125,28.81
$IMU,244.297,-73.303,-26.062,15.808,0.46728,-0.36425,0.78613,28.81
$IMU,244.299,-69.091,-25.878,14.343,0.45654,-0.34960,0.78173,28.83
$IMU,244.302,-65.490,-25.695,13.061,0.44677,-0.33593,0.78125,28.83
$MAG,244.304,-0.403,0.243,-0.823,27.6
$IMU,244.304,-62.744,-26.062,12.207,0.43652,-0.33447,0.76855,28.83
$IMU,244.306,-60.668,-26.611,11.718,0.43261,-0.33935,0.75634,28.83
$IMU,244.309,-59.082,-27.770,11.901,0.43603,-0.34912,0.74365,28.83
$IMU,244.311,-58.227,-29.602,12.573,0.43457,-0.35791,0.72509,28.83
$IMU,244.313,-57.617,-31.372,13.671,0.43554,-0.36621,0.70800,28.83
$MAG,244.314,-0.409,0.244,-0.816,27.7
$IMU,244.316,-57.128,-33.081,15.075,0.43408,-0.36621,0.68652,28.83
$IMU,244.318,-56.640,-34.362,16.540,0.43847,-0.37646,0.66650,28.80
$IMU,244.320,-56.396,-35.949,18.310,0.44091,-0.37695,0.64453,28.80
$BARO,244.322,86413.00,28.76
$IMU,244.323,-55.786,-37.841,19.958,0.44091,-0.37841,0.62060,28.80
$MAG,244.324,-0.403,0.262,-0.805,27.7
$IMU,244.325,-54.748,-40.283,21.423,0.44433,-0.38671,0.59863,28.80
$IMU,244.327,-53.405,-42.846,22.766,0.44921,-0.40039,0.57470,28.80
$IMU,244.330,-51.269,-45.166,23.864,0.45361,-0.41210,0.54980,28.80
$IMU,244.332,-47.912,-47.607,24.719,0.53710,-0.59375,0.56689,28.80
$MAG,244.334,-0.424,0.252,-0.808,27.7
$IMU,244.335,-41.137,-48.278,27.404,0.84326,-1.14208,0.65039,28.80
$IMU,244.337,-27.282,-46.325,29.785,1.24121,-1.77050,0.74462,28.79
$IMU,244.339,-8.361,-43.090,31.494,1.31982,-1.80761,0.70361,28.79
$IMU,244.342,12.268,-36.560,34.179,0.95117,-1.31884,0.63330,28.79
$IMU,244.344,36.376,-18.615,46.997,0.67919,-1.08691,0.67822,28.79
$MAG,244.345,-0.420,0.258,-0.808,27.7
$IMU,244.346,57.678,4.821,77.209,0.60595,-1.08691,0.76562,28.79
$IMU,244.349,71.289,24.353,118.103,0.59375,-1.07226,0.74755,28.79
$IMU,244.351,78.186,36.254,155.395,0.58007,-0.98583,0.70556,28.79
$IMU,244.353,80.566,40.222,179.382,0.54785,-0.85546,0.67626,28.79
$MAG,244.355,-0.391,0.258,-0.819,27.7
$IMU,244.356,80.017,37.658,188.232,0.48486,-0.71240,0.67871,28.77
$IMU,244.358,76.843,31.433,185.607,0.42089,-0.58837,0.70898,28.77
$IMU,244.360,71.350,22.766,176.757,0.36279,-0.49853,0.75146,28.77
$IMU,244.363,64.147,13.549,165.832,0.33007,-0.45751,0.79003,28.77
$MAG,244.365,-0.387,0.247,-0.820,27.8
$IMU,244.365,55.603,5.065,155.151,0.30615,-0.43261,0.81542,28.77
$IMU,244.367,47.119,-1.770,145.690,0.27978,-0.42626,0.81689,28.77
$IMU,244.370,39.184,-7.019,138.610,0.26367,-0.43603,0.81250,28.77
$IMU,244.372,31.921,-11.413,134.765,0.28369,-0.46777,0.80908,28.77
$IMU,244.374,24.658,-14.587,134.277,0.30175,-0.51171,0.79492,28.78
$MAG,244.375,-0.376,0.256,-0.820,27.6
$IMU,244.377,16.906,-17.089,136.535,0.33349,-0.56347,0.77929,28.78
$IMU,244.379,9.826,-17.456,141.235,0.34716,-0.59570,0.77001,28.78
$IMU,244.381,3.723,-16.174,148.315,0.35742,-0.61181,0.74853,28.78
$IMU,244.384,-1.281,-13.122,156.738,0.37548,-0.61718,0.73583,28.78
$MAG,244.385,-0.381,0.249,-0.820,27.7
$IMU,244.386,-5.920,-9.338,165.649,0.39599,-0.63720,0.72265,28.78
$IMU,244.388,-10.681,-4.943,174.133,0.40185,-0.61132,0.70605,28.78
$IMU,244.391,-14.526,-0.183,182.434,0.38134,-0.56201,0.67626,28.78
$IMU,244.393,-15.991,4.577,190.612,0.36376,-0.53173,0.67138,28.80
$MAG,244.395,-0.364,0.243,-0.820,27.7
$IMU,244.396,-16.052,9.460,198.303,0.34375,-0.47509,0.67431,28.80
$IMU,244.398,-14.160,13.916,205.932,0.32714,-0.39990,0.67529,28.80
$IMU,244.400,-10.864,17.211,213.989,0.31396,-0.32226,0.68750,28.80
$IMU,244.403,-7.080,19.409,222.412,0.31494,-0.26708,0.70556,28.80
$MAG,244.405,-0.340,0.249,-0.825,27.8
$IMU,244.405,-3.723,20.141,231.811,0.32617,-0.21289,0.72998,28.80
$IMU,244.407,-1.464,18.920,242.004,0.34765,-0.18750,0.75537,28.80
$IMU,244.410,-0.305,15.563,253.051,0.37011,-0.16650,0.77392,28.80
$IMU,244.412,-1.281,11.230,264.709,0.40283,-0.18017,0.79833,28.83
$IMU,244.414,-5.065,6.103,275.939,0.43652,-0.23535,0.81835,28.83
$MAG,244.415,-0.322,0.253,-0.826,27.6
$IMU,244.417,-10.070,0.427,286.132,0.44433,-0.30175,0.83349,28.83
$IMU,244.419,-16.052,-4.882,295.532,0.43798,-0.36132,0.82031,28.83
$IMU,244.421,-22.155,-9.155,303.161,0.42480,-0.40625,0.80908,28.83
$BARO,244.423,86414.20,28.76
$IMU,244.424,-26.794,-12.023,308.532,0.40429,-0.43896,0.78613,28.83
$MAG,244.425,-0.306,0.249,-0.826,27.7
$IMU,244.426,-29.724,-13.427,311.096,0.38525,-0.46679,0.76123,28.83
$IMU,244.428,-31.372,-13.916,310.852,0.37255,-0.50000,0.74072,28.83
$IMU,244.431,-31.921,-13.427,307.678,0.36279,-0.51074,0.71582,28.80
$IMU,244.433,-30.700,-11.596,301.391,0.35107,-0.51660,0.70605,28.80
$MAG,244.435,-0.282,0.243,-0.814,27.7
$IMU,244.435,-27.465,-9.216,291.748,0.35888,-0.50390,0.69580,28.80
$IMU,244.438,-22.338,-5.981,278.442,0.35693,-0.48388,0.70898,28.80
$IMU,244.440,-16.357,-0.976,260.742,0.35644,-0.45410,0.76074,28.80
$IMU,244.442,-10.437,6.652,238.464,0.35546,-0.44970,0.77197,28.80
$MAG,244.445,-0.264,0.249,-0.817,27.7
$IMU,244.445,-4.577,14.892,212.951,0.34716,-0.45019,0.77539,28.80
$IMU,244.447,0.061,22.033,185.302,0.32910,-0.45068,0.78125,28.80
$IMU,244.449,3.112,27.282,156.127,0.30908,-0.44921,0.79248,28.79
$IMU,244.452,4.211,31.066,126.342,0.28613,-0.44726,0.79882,28.79
$IMU,244.454,3.479,33.874,96.923,0.26562,-0.45312,0.80615,28.79
$MAG,244.455,-0.253,0.247,-0.826,27.7
$IMU,244.457,0.732,36.315,68.298,0.24755,-0.46435,0.81982,28.79
$IMU,244.459,-3.112,39.001,40.710,0.24218,-0.47363,0.82568,28.79
$IMU,244.461,-7.446,41.748,15.014,0.23535,-0.48681,0.82763,28.79
$IMU,244.464,-11.474,44.189,-8.605,0.23583,-0.52050,0.82080,28.79
$MAG,244.466,-0.250,0.243,-0.822,27.8
$IMU,244.466,-14.465,46.386,-27.954,0.22509,-0.56689,0.82519,28.79
$IMU,244.468,-16.235,48.828,-40.771,0.21435,-0.60546,0.82714,28.82
$IMU,244.471,-17.456,50.598,-46.630,0.21630,-0.64501,0.81640,28.82
$IMU,244.473,-17.700,51.025,-46.447,0.22021,-0.67529,0.80029,28.82
$IMU,244.475,-16.479,50.170,-41.687,0.23095,-0.68457,0.78222,28.82
$MAG,244.476,-0.243,0.243,-0.816,27.8
$IMU,244.478,-13.977,48.339,-34.423,0.23535,-0.67773,0.77001,28.82
$IMU,244.480,-10.192,46.081,-26.306,0.23339,-0.64990,0.76123,28.82
$IMU,244.482,-5.615,44.067,-19.165,0.22998,-0.60693,0.76318,28.82
$HUM,244.484,35.4,29.2
$IMU,244.485,-1.159,41.992,-13.732,0.21582,-0.56542,0.76757,28.82
$MAG,244.486,-0.241,0.247,-0.811,27.8
$IMU,244.487,2.197,40.466,-10.498,0.20263,-0.53076,0.77880,28.82
$IMU,244.489,4.577,39.367,-9.338,0.18310,-0.49804,0.78759,28.82
$IMU,244.492,5.920,39.001,-9.948,0.17382,-0.48339,0.80078,28.82
$IMU,244.494,5.981,39.367,-11.413,0.16210,-0.47998,0.81103,28.82
$MAG,244.496,-0.244,0.252,-0.814,27.8
$IMU,244.496,5.310,40.039,-13.244,0.15478,-0.48486,0.81982,28.82
$IMU,244.499,4.333,41.076,-15.014,0.14941,-0.49316,0.82324,28.82
$IMU,244.501,3.967,42.175,-16.723,0.15283,-0.50634,0.81738,28.82
$IMU,244.503,4.455,42.846,-17.822,0.15722,-0.52246,0.80810,28.82
$MAG,244.506,-0.235,0.258,-0.808,27.7
$IMU,244.506,5.554,43.334,-18.005,0.16894,-0.53417,0.79687,28.81
$IMU,244.508,7.080,43.518,-17.456,0.18212,-0.55175,0.78906,28.81
$IMU,244.510,9.033,43.090,-15.747,0.18994,-0.56494,0.78613,28.81
$IMU,244.513,11.352,42.602,-13.549,0.20458,-0.57226,0.78417,28.81
$IMU,244.515,13.793,41.748,-11.108,0.21679,-0.58251,0.78662,28.81
$MAG,244.516,-0.229,0.247,-0.811,27.7
$IMU,244.518,15.930,40.954,-8.544,0.22460,-0.59228,0.79199,28.81
$IMU,244.520,17.578,40.405,-6.042,0.22753,-0.59277,0.79345,28.81
$IMU,244.522,18.615,39.794,-3.723,0.22998,-0.59863,0.79785,28.81
$BARO,244.525,86410.98,28.76
$IMU,244.525,18.981,39.062,-1.708,0.22900,-0.59960,0.80371,28.80
$MAG,244.526,-0.235,0.243,-0.811,27.7
$IMU,244.527,18.493,38.757,0.000,0.22216,-0.60693,0.81738,28.80
$IMU,244.529,17.089,38.940,1.342,0.21386,-0.61621,0.82666,28.80
$IMU,244.532,15.319,39.611,2.563,0.21044,-0.62890,0.83642,28.80
$IMU,244.534,13.244,40.771,3.295,0.20800,-0.63525,0.83691,28.80
$MAG,244.536,-0.229,0.241,-0.816,27.7
$IMU,244.536,11.474,41.748,3.662,0.20605,-0.64843,0.83056,28.80
$IMU,244.539,10.009,42.785,3.356,0.20410,-0.65625,0.83007,28.80
$IMU,244.541,8.728,43.579,2.563,0.20068,-0.65625,0.82080,28.80
$IMU,244.543,7.934,43.945,1.403,0.20166,-0.65917,0.80859,28.86
$MAG,244.546,-0.228,0.237,-0.811,28.1
$IMU,244.546,7.568,43.884,0.305,0.20410,-0.66455,0.80078,28.86
$IMU,244.548,7.690,43.640,-0.793,0.20458,-0.66503,0.78857,28.86
$IMU,244.550,8.178,43.090,-1.647,0.20214,-0.65966,0.78369,28.86
$IMU,244.553,9.277,42.175,-2.075,0.20263,-0.65332,0.78515,28.86
$IMU,244.555,10.742,41.259,-2.014,0.19580,-0.64453,0.78173,28.86
$MAG,244.556,-0.223,0.249,-0.820,27.7
$IMU,244.557,11.962,40.100,-1.770,0.19433,-0.63916,0.77880,28.86
$IMU,244.560,12.878,38.818,-1.403,0.18896,-0.63281,0.77685,28.86
$IMU,244.562,13.793,37.231,-0.488,0.18359,-0.63134,0.77294,28.80
$IMU,244.564,14.404,35.339,1.037,0.18994,-0.61230,0.76806,28.80
$MAG,244.566,-0.219,0.240,-0.814,27.7
$IMU,244.567,14.770,33.752,2.868,0.20019,-0.59619,0.75683,28.80
$IMU,244.569,15.014,32.287,4.821,0.19482,-0.58496,0.75585,28.80
$IMU,244.571,14.648,30.822,7.080,0.19482,-0.56250,0.75390,28.80
$IMU,244.574,14.343,29.052,9.033,0.18847,-0.54931,0.75878,28.80
$IMU,244.576,14.343,27.587,10.498,0.18798,-0.53613,0.75732,28.80
$MAG,244.577,-0.228,0.244,-0.808,27.7
$IMU,244.579,14.587,26.611,11.108,0.19042,-0.51318,0.76269,28.80
$IMU,244.581,14.587,26.000,10.437,0.18212,-0.50634,0.77099,28.80
$IMU,244.583,14.709,25.878,8.666,0.16406,-0.51464,0.78027,28.80
$IMU,244.586,14.709,25.878,6.774,0.15234,-0.53076,0.78808,28.80
$MAG,244.587,-0.216,0.237,-0.820,27.7
$IMU,244.588,14.648,25.329,5.432,0.14062,-0.54589,0.79199,28.80
$IMU,244.590,15.014,23.864,5.004,0.13574,-0.57812,0.79150,28.80
$IMU,244.593,15.808,22.033,6.347,0.14599,-0.58935,0.78906,28.80
$IMU,244.595,16.723,20.324,7.995,0.17724,-0.57763,0.78906,28.80
$MAG,244.597,-0.219,0.238,-0.805,27.7
$IMU,244.597,17.272,19.592,8.972,0.18994,-0.56884,0.79785,28.80
$IMU,244.600,17.761,19.409,9.460,0.17626,-0.56445,0.81152,28.81
$IMU,244.602,18.005,18.554,10.009,0.16748,-0.56689,0.82519,28.81
$IMU,244.604,17.700,17.150,10.925,0.16162,-0.58740,0.83593,28.81
$MAG,244.607,-0.216,0.234,-0.814,27.8
$IMU,244.607,16.723,14.892,13.244,0.15429,-0.60888,0.84667,28.81
$IMU,244.609,15.197,12.145,16.723,0.17138,-0.59619,0.83398,28.81
$IMU,244.611,13.916,10.070,19.226,0.19873,-0.58886,0.83203,28.81
$IMU,244.614,12.756,9.094,20.385,0.19287,-0.59326,0.82714,28.81
$IMU,244.616,12.207,8.544,21.484,0.16943,-0.61621,0.83203,28.81
$MAG,244.617,-0.205,0.232,-0.817,27.7
$IMU,244.618,11.474,7.690,23.315,0.16210,-0.59619,0.81494,28.79
$IMU,244.621,10.375,6.347,24.047,0.17041,-0.57910,0.80761,28.79
$IMU,244.623,9.399,5.615,23.193,0.17089,-0.57031,0.79589,28.79
$IMU,244.625,8.972,5.737,21.484,0.15136,-0.57763,0.79492,28.79
$BARO,244.626,86422.80,28.77
$MAG,244.627,-0.216,0.237,-0.820,27.6
$IMU,244.628,8.911,5.187,20.568,0.14062,-0.56884,0.79248,28.79
$IMU,244.630,8.544,4.394,20.080,0.14453,-0.54589,0.78076,28.79
$IMU,244.632,7.934,4.089,18.249,0.15234,-0.52978,0.77783,28.79
$IMU,244.635,7.446,4.089,15.258,0.14550,-0.52294,0.77832,28.79
$MAG,244.637,-0.205,0.235,-0.814,28.0
$IMU,244.637,7.080,4.821,12.268,0.13378,-0.52539,0.78515,28.85
$IMU,244.639,6.774,5.676,9.887,0.12207,-0.54003,0.79199,28.85
$IMU,244.642,6.530,5.493,8.789,0.11621,-0.56933,0.80810,28.85
$IMU,244.644,6.225,4.699,9.582,0.13037,-0.55712,0.80126,28.85
$MAG,244.647,-0.201,0.234,-0.813,27.7
$IMU,244.647,5.981,4.150,9.704,0.14599,-0.54589,0.80712,28.85
$IMU,244.649,5.737,4.577,8.605,0.14257,-0.54345,0.81201,28.85
$IMU,244.651,5.981,5.004,6.652,0.13671,-0.54248,0.82177,28.85
$IMU,244.654,6.225,5.126,4.333,0.12890,-0.54589,0.82177,28.85
$IMU,244.656,6.408,4.882,2.136,0.12402,-0.54785,0.82421,28.80
$MAG,244.657,-0.211,0.232,-0.819,27.8
$IMU,244.658,6.591,4.150,0.122,0.12548,-0.55908,0.82373,28.80
$IMU,244.661,6.713,3.479,-1.464,0.12939,-0.56738,0.81982,28.80
$IMU,244.663,6.713,3.234,-2.563,0.13623,-0.57128,0.81347,28.80
$IMU,244.665,6.896,3.356,-3.356,0.13818,-0.57275,0.80078,28.80
$MAG,244.667,-0.211,0.232,-0.820,27.7
$IMU,244.668,7.507,3.784,-3.723,0.13867,-0.57031,0.79541,28.80
$IMU,244.670,8.483,4.516,-4.150,0.13427,-0.57519,0.79101,28.80
$IMU,244.672,9.460,5.371,-4.760,0.12646,-0.56787,0.78906,28.80
$IMU,244.675,10.559,6.103,-5.493,0.12011,-0.55810,0.78759,28.84
$MAG,244.677,-0.199,0.226,-0.819,27.7
$IMU,244.677,11.840,6.591,-5.981,0.11621,-0.54882,0.78955,28.84
$IMU,244.679,13.000,7.141,-6.286,0.11132,-0.54394,0.79443,28.84
$IMU,244.682,13.977,7.446,-6.652,0.11328,-0.53808,0.80078,28.84
$IMU,244.684,14.953,7.629,-6.896,0.10791,-0.53320,0.80664,28.84
$IMU,244.686,15.625,7.934,-7.080,0.10742,-0.53173,0.81347,28.84
$MAG,244.687,-0.210,0.228,-0.817,27.7
$IMU,244.689,15.930,8.483,-7.263,0.11132,-0.53710,0.82275,28.84
$IMU,244.691,16.357,8.728,-7.385,0.11279,-0.54492,0.83105,28.84
$IMU,244.693,16.662,8.972,-7.690,0.11083,-0.54736,0.83154,28.83
$IMU,244.696,16.723,9.521,-8.056,0.11279,-0.55468,0.83691,28.83
$MAG,244.698,-0.198,0.238,-0.817,27.7
$IMU,244.698,16.540,9.887,-8.850,0.10742,-0.55859,0.84179,28.83
$IMU,244.700,16.174,10.681,-9.887,0.10693,-0.55957,0.84326,28.83
$IMU,244.703,15.502,11.779,-11.108,0.10449,-0.56201,0.84472,28.83
$IMU,244.705,14.892,12.512,-12.512,0.10253,-0.56250,0.84179,28.83
$MAG,244.708,-0.220,0.234,-0.819,27.6
$IMU,244.708,13.916,13.305,-13.854,0.10400,-0.55859,0.83789,28.83
$IMU,244.710,13.061,13.854,-15.258,0.10498,-0.55224,0.83056,28.83
$IMU,244.712,12.573,14.099,-16.601,0.10693,-0.54101,0.82373,28.78
$IMU,244.715,12.207,14.221,-17.639,0.11572,-0.53125,0.82128,28.78
$IMU,244.717,11.901,14.282,-18.371,0.12207,-0.52246,0.82080,28.78
$MAG,244.718,-0.217,0.229,-0.825,27.7
$IMU,244.719,11.840,13.732,-18.371,0.12451,-0.51123,0.81152,28.78
$IMU,244.722,11.657,13.122,-18.005,0.12548,-0.50634,0.81152,28.78
$IMU,244.724,11.291,12.756,-17.395,0.12988,-0.50390,0.81347,28.78
$IMU,244.726,11.352,12.207,-16.601,0.12939,-0.50048,0.81347,28.78
$BARO,244.728,86410.52,28.77
$IMU,244.729,11.535,11.352,-15.869,0.12646,-0.50537,0.81640,28.78
$MAG,244.728,-0.207,0.232,-0.819,27.7
$IMU,244.731,11.962,10.986,-15.380,0.12402,-0.51269,0.81982,28.83
$IMU,244.733,12.573,11.230,-15.014,0.12011,-0.53564,0.82617,28.83
$IMU,244.736,13.610,11.596,-14.770,0.11083,-0.55761,0.83300,28.83
$MAG,244.738,-0.208,0.228,-0.819,27.7
$IMU,244.738,14.831,13.122,-14.465,0.10400,-0.57324,0.83642,28.83
$IMU,244.740,16.418,14.770,-14.343,0.10302,-0.58544,0.83691,28.83
$IMU,244.743,18.127,16.296,-14.343,0.10351,-0.59082,0.83593,28.83
$IMU,244.745,20.080,17.517,-14.404,0.10253,-0.59570,0.84033,28.83
$IMU,244.747,22.338,18.066,-14.343,0.11132,-0.59130,0.84375,28.83
$MAG,244.748,-0.207,0.228,-0.822,27.7
$IMU,244.750,24.108,18.493,-14.038,0.11962,-0.58398,0.84326,28.79
$IMU,244.752,25.695,18.188,-13.305,0.12988,-0.57080,0.84716,28.79
$IMU,244.754,26.672,18.005,-12.390,0.13867,-0.56494,0.85253,28.79
$IMU,244.757,26.611,17.395,-10.925,0.15087,-0.55468,0.85839,28.79
$MAG,244.758,-0.199,0.225,-0.829,27.7
$IMU,244.759,25.939,15.930,-8.911,0.15722,-0.55126,0.86572,28.79
$IMU,244.761,24.353,14.465,-6.652,0.16210,-0.55175,0.86914,28.79
$IMU,244.764,22.338,13.000,-4.333,0.15625,-0.55078,0.86523,28.79
$IMU,244.766,20.141,11.352,-2.014,0.15039,-0.54882,0.86474,28.79
$MAG,244.768,-0.210,0.225,-0.819,27.7
$IMU,244.769,18.249,9.277,-0.183,0.13720,-0.55761,0.86035,28.83
$IMU,244.771,16.296,7.812,0.976,0.12011,-0.56054,0.85351,28.83
$IMU,244.773,14.892,6.591,1.525,0.12207,-0.56250,0.84960,28.83
$IMU,244.776,13.977,5.554,1.586,0.13525,-0.56298,0.83691,28.83
$IMU,244.778,13.366,5.798,1.403,0.14404,-0.55957,0.82519,28.83
$MAG,244.778,-0.202,0.219,-0.826,27.6
$IMU,244.780,13.061,5.981,1.281,0.14160,-0.55664,0.81835,28.83
$IMU,244.783,13.061,5.981,1.342,0.13867,-0.54638,0.81591,28.83
$IMU,244.785,13.366,5.554,1.586,0.13085,-0.53564,0.81738,28.83
$IMU,244.787,13.549,4.638,2.136,0.12890,-0.52636,0.81982,28.82
$MAG,244.788,-0.207,0.222,-0.823,27.7
$IMU,244.790,13.488,3.845,2.807,0.12744,-0.51708,0.82080,28.82
$IMU,244.792,13.305,2.990,3.601,0.13183,-0.51025,0.82275,28.82
$IMU,244.794,13.000,2.319,4.394,0.13085,-0.50878,0.82861,28.82
$IMU,244.797,12.390,2.136,5.004,0.13378,-0.50146,0.83398,28.82
$MAG,244.798,-0.198,0.223,-0.826,27.7
$IMU,244.799,11.718,1.953,5.371,0.13134,-0.50341,0.83300,28.82
$IMU,244.801,11.352,1.708,5.737,0.12939,-0.50830,0.83154,28.82
$IMU,244.804,10.925,1.770,5.920,0.12597,-0.51025,0.82958,28.82
$IMU,244.806,10.559,1.647,6.103,0.12792,-0.51708,0.82666,28.82
$MAG,244.808,-0.208,0.219,-0.828,27.7
$IMU,244.808,10.681,1.220,6.164,0.13037,-0.52001,0.82666,28.82
$IMU,244.811,11.047,1.037,6.286,0.12890,-0.52490,0.82421,28.82
$IMU,244.813,11.535,0.915,6.408,0.13183,-0.52392,0.82470,28.82
$IMU,244.815,12.145,0.915,6.591,0.13427,-0.52490,0.81835,28.82
$IMU,244.818,13.244,0.793,6.774,0.13867,-0.52587,0.81933,28.82
$MAG,244.819,-0.202,0.220,-0.828,27.7
$IMU,244.820,14.343,0.671,6.835,0.13720,-0.52734,0.81738,28.82
$IMU,244.822,15.686,0.549,6.958,0.13671,-0.52246,0.81445,28.82
$IMU,244.825,16.906,0.305,7.019,0.13671,-0.52294,0.81640,28.78
$IMU,244.827,17.883,0.305,7.080,0.13134,-0.52099,0.82128,28.78
$BARO,244.829,86426.85,28.77
$MAG,244.829,-0.204,0.220,-0.826,27.6
$IMU,244.830,18.554,0.366,7.080,0.12597,-0.52490,0.82470,28.78
$IMU,244.832,18.615,0.671,6.958,0.12841,-0.52685,0.82861,28.78
$IMU,244.834,18.310,0.854,6.591,0.12646,-0.52929,0.82763,28.78
$IMU,244.837,17.456,1.342,5.981,0.13232,-0.53515,0.82763,28.78
$MAG,244.839,-0.198,0.222,-0.828,27.7
$IMU,244.839,16.357,2.014,5.249,0.13330,-0.53906,0.82910,28.78
$IMU,244.841,15.258,2.563,4.394,0.13525,-0.54052,0.82714,28.78
$IMU,244.844,14.465,2.868,3.662,0.13574,-0.53906,0.82617,28.80
$IMU,244.846,14.221,2.685,3.051,0.14013,-0.53076,0.82568,28.80
$IMU,244.848,14.038,2.380,2.746,0.13769,-0.52880,0.82373,28.80
$MAG,244.849,-0.202,0.207,-0.834,27.7
$IMU,244.851,13.977,1.770,2.746,0.14062,-0.51953,0.82763,28.80
$IMU,244.853,13.916,1.037,2.929,0.14160,-0.51220,0.83007,28.80
$IMU,244.855,13.549,0.427,3.234,0.13623,-0.50683,0.83447,28.80
$IMU,244.858,13.000,-0.183,3.417,0.13427,-0.50683,0.83642,28.80
$MAG,244.859,-0.202,0.214,-0.832,27.7
$IMU,244.860,12.268,-0.610,3.540,0.13134,-0.50927,0.84033,28.80
$IMU,244.862,11.596,-0.976,3.479,0.13525,-0.51123,0.83935,28.80
$IMU,244.865,11.108,-1.037,3.295,0.13378,-0.51562,0.84130,28.80
$IMU,244.867,10.925,-1.159,3.051,0.13671,-0.52343,0.84082,28.80
$MAG,244.869,-0.204,0.208,-0.817,27.7
$IMU,244.869,11.169,-1.220,2.807,0.13769,-0.53320,0.84228,28.80
$IMU,244.872,11.535,-1.159,2.502,0.13427,-0.54101,0.84619,28.80
$IMU,244.874,12.329,-1.342,2.380,0.13623,-0.54785,0.84716,28.80
$IMU,244.876,13.427,-1.647,2.136,0.13427,-0.54638,0.84570,28.80
$MAG,244.879,-0.213,0.216,-0.823,27.7
$IMU,244.879,14.648,-2.014,1.831,0.13818,-0.54687,0.84619,28.80
$IMU,244.881,16.052,-2.197,1.647,0.13769,-0.54882,0.85400,28.79
$IMU,244.883,17.333,-2.502,1.281,0.13867,-0.54687,0.84960,28.79
$IMU,244.886,18.859,-2.746,0.976,0.13818,-0.54882,0.85449,28.79
$IMU,244.888,20.507,-2.990,0.671,0.13720,-0.54882,0.85839,28.79
$MAG,244.889,-0.204,0.211,-0.837,27.8
$IMU,244.891,22.094,-2.929,0.366,0.13574,-0.54882,0.85742,28.79
$IMU,244.893,24.230,-3.662,0.061,0.14062,-0.55078,0.86083,28.79
$IMU,244.895,26.245,-4.028,-0.122,0.13378,-0.55419,0.86181,28.79
$IMU,244.898,28.503,-4.760,-0.305,0.13720,-0.55957,0.86376,28.79
$MAG,244.899,-0.198,0.210,-0.832,27.6
$IMU,244.900,30.700,-5.065,-0.549,0.13476,-0.56103,0.87060,28.78
$IMU,244.902,33.020,-5.493,-0.793,0.13623,-0.56298,0.87158,28.78
$IMU,244.905,35.400,-5.737,-1.281,0.13671,-0.56787,0.87695,28.78
$IMU,244.907,37.719,-5.981,-1.892,0.13916,-0.56933,0.87646,28.78
$MAG,244.909,-0.201,0.204,-0.835,27.7
$IMU,244.909,39.794,-6.103,-2.624,0.13818,-0.56689,0.87451,28.78
$IMU,244.912,41.687,-5.859,-3.356,0.13964,-0.56591,0.87011,28.78
$IMU,244.914,43.518,-6.164,-3.845,0.14062,-0.55957,0.86914,28.78
$IMU,244.916,44.921,-6.042,-4.333,0.14257,-0.55712,0.86621,28.78
$MAG,244.919,-0.204,0.202,-0.837,27.7
$IMU,244.919,46.203,-6.347,-4.577,0.13916,-0.54785,0.86328,28.80
$IMU,244.921,47.363,-6.591,-4.516,0.14404,-0.53662,0.86816,28.80
$IMU,244.923,48.095,-7.080,-4.150,0.14013,-0.52441,0.86816,28.80
$IMU,244.926,48.339,-7.568,-3.784,0.13671,-0.51367,0.87353,28.80
$IMU,244.928,48.095,-7.812,-3.417,0.12939,-0.50830,0.87988,28.80
$MAG,244.929,-0.210,0.199,-0.838,27.7
$IMU,244.930,47.485,-8.117,-3.112,0.12695,-0.50195,0.88037,28.80
$BARO,244.931,86416.22,28.77
$IMU,244.933,46.569,-8.300,-2.990,0.12890,-0.50341,0.88037,28.80
$IMU,244.935,45.532,-8.483,-3.234,0.12451,-0.50292,0.88476,28.80
$IMU,244.937,44.616,-8.728,-3.540,0.12841,-0.50781,0.87744,28.81
$MAG,244.940,-0.214,0.196,-0.844,28.0
$IMU,244.940,43.884,-8.666,-3.967,0.13134,-0.51513,0.87402,28.81
$IMU,244.942,43.579,-9.155,-4.516,0.13623,-0.52392,0.87255,28.81
$IMU,244.944,43.457,-9.521,-5.065,0.14453,-0.52929,0.86914,28.81
$IMU,244.947,43.701,-10.070,-5.493,0.14892,-0.53271,0.86816,28.81
$IMU,244.949,44.006,-10.803,-5.737,0.15380,-0.53515,0.87060,28.81
$MAG,244.950,-0.201,0.190,-0.850,27.7
$IMU,244.952,43.945,-11.230,-5.920,0.15771,-0.53417,0.86914,28.81
$IMU,244.954,43.884,-11.962,-6.103,0.15820,-0.53076,0.86718,28.81
$IMU,244.956,43.518,-12.268,-6.469,0.15966,-0.52587,0.86572,28.81
$IMU,244.959,42.907,-12.390,-6.835,0.16162,-0.52539,0.86572,28.81
$MAG,244.960,-0.207,0.192,-0.844,27.7
$IMU,244.961,42.175,-12.573,-7.507,0.16015,-0.52490,0.86230,28.81
$IMU,244.963,41.320,-12.878,-8.239,0.16259,-0.52392,0.85986,28.81
$IMU,244.966,40.771,-13.854,-9.277,0.16259,-0.52246,0.85791,28.81
$IMU,244.968,40.039,-14.587,-10.559,0.16015,-0.52343,0.85498,28.81
$MAG,244.970,-0.208,0.184,-0.852,27.7
$IMU,244.970,39.916,-15.686,-11.901,0.15283,-0.51953,0.85498,28.81
$IMU,244.973,40.100,-16.235,-13.549,0.14892,-0.52001,0.85546,28.81
$IMU,244.975,40.588,-16.601,-15.258,0.14355,-0.51464,0.85546,28.83
$TIME,244.976,446461.000,2399
$IMU,244.977,41.137,-16.906,-17.150,0.14355,-0.51464,0.86230,28.83
$IMU,244.980,41.687,-16.967,-18.981,0.14550,-0.50927,0.86621,28.83
$MAG,244.980,-0.211,0.184,-0.856,27.8
$IMU,244.982,42.175,-17.456,-20.935,0.14404,-0.50732,0.86572,28.83
$IMU,244.984,42.419,-17.822,-22.766,0.14355,-0.50488,0.86914,28.83
$IMU,244.987,42.846,-18.310,-24.658,0.14843,-0.50537,0.87451,28.83
$IMU,244.989,43.395,-18.432,-26.550,0.15283,-0.50488,0.87890,28.83
$MAG,244.990,-0.214,0.183,-0.858,28.1
$IMU,244.991,44.006,-18.615,-28.320,0.15380,-0.50634,0.87890,28.83
$IMU,244.994,44.677,-18.493,-30.090,0.15087,-0.50244,0.88037,28.81
$IMU,244.996,45.471,-18.737,-31.799,0.14648,-0.49707,0.88623,28.81
$IMU,244.998,46.386,-19.348,-33.264,0.14257,-0.48681,0.89306,28.81
$MAG,245.000,-0.214,0.166,-0.853,27.7
$IMU,245.001,47.180,-19.714,-34.545,0.13720,-0.47900,0.90234,28.81
$IMU,245.003,48.095,-20.202,-35.644,0.12988,-0.46093,0.90625,28.81
$IMU,245.005,48.889,-20.935,-36.560,0.12255,-0.44677,0.91259,28.81
$IMU,245.008,49.621,-21.606,-37.414,0.12060,-0.43164,0.91650,28.81
$MAG,245.010,-0.219,0.178,-0.859,27.7
$IMU,245.010,49.926,-22.338,-37.841,0.12011,-0.42187,0.91992,28.81
$IMU,245.012,49.621,-22.644,-38.391,0.11816,-0.41308,0.91943,28.80
$IMU,245.015,48.950,-23.010,-38.635,0.11621,-0.40722,0.92138,28.80
$IMU,245.017,48.156,-22.949,-38.635,0.11816,-0.40136,0.91601,28.80
$MAG,245.020,-0.226,0.174,-0.867,27.8
$IMU,245.020,46.936,-22.705,-38.513,0.12011,-0.40332,0.91113,28.80
$IMU,245.022,45.654,-22.521,-38.269,0.12255,-0.40478,0.90136,28.80
$IMU,245.024,44.067,-21.606,-38.085,0.11865,-0.40625,0.89404,28.80
$IMU,245.027,42.541,-20.690,-37.902,0.11914,-0.41162,0.88574,28.80
$IMU,245.029,40.893,-19.104,-38.085,0.12060,-0.42041,0.87744,28.80
$MAG,245.030,-0.235,0.168,-0.859,27.7
$IMU,245.031,39.245,-17.883,-38.391,0.12060,-0.42138,0.87353,28.82
$BARO,245.032,86416.56,28.77
$IMU,245.034,38.146,-16.479,-39.245,0.12304,-0.42724,0.86669,28.82
$IMU,245.036,36.987,-15.014,-40.466,0.12548,-0.43115,0.86230,28.82
$IMU,245.038,36.071,-13.610,-41.992,0.13330,-0.43554,0.85986,28.82
$MAG,245.040,-0.232,0.171,-0.870,27.7
$IMU,245.041,35.461,-12.207,-43.701,0.13525,-0.43896,0.85986,28.82
$IMU,245.043,35.095,-10.864,-45.471,0.14257,-0.44091,0.86035,28.82
$IMU,245.045,35.034,-10.009,-47.363,0.14648,-0.43212,0.86132,28.82
$IMU,245.048,35.278,-9.399,-49.072,0.15966,-0.42919,0.86035,28.82
$MAG,245.050,-0.240,0.160,-0.864,27.7
$IMU,245.050,35.522,-9.582,-50.720,0.16259,-0.42187,0.86279,28.81
$IMU,245.052,35.583,-9.887,-52.246,0.16943,-0.41406,0.86572,28.81
$IMU,245.055,35.583,-10.314,-53.649,0.17333,-0.40917,0.86865,28.81
$IMU,245.057,35.278,-10.681,-54.809,0.16406,-0.39990,0.87304,28.81
$IMU,245.059,34.790,-10.803,-55.969,0.16259,-0.40087,0.87304,28.81
$MAG,245.061,-0.238,0.162,-0.868,28.0
$IMU,245.062,33.996,-10.681,-56.945,0.16406,-0.39843,0.87500,28.81
$IMU,245.064,32.470,-10.375,-57.739,0.15478,-0.39648,0.87207,28.81
$IMU,245.066,29.541,-9.704,-57.434,0.14257,-0.39453,0.86669,28.81
$IMU,245.069,25.207,-8.483,-55.480,0.13525,-0.39111,0.86035,28.83
$VBAT,245.070,4.138
$MAG,245.071,-0.234,0.157,-0.871,27.7
$IMU,245.071,20.996,-7.446,-53.283,0.13671,-0.39160,0.86621,28.83
$IMU,245.073,17.150,-6.347,-51.391,0.14160,-0.38671,0.86962,28.83
$IMU,245.076,13.671,-5.493,-50.048,0.15820,-0.38867,0.87988,28.83
$IMU,245.078,10.681,-4.577,-49.377,0.16796,-0.39160,0.88525,28.83
$IMU,245.081,7.995,-3.479,-49.072,0.17675,-0.39453,0.89160,28.83
$MAG,245.081,-0.240,0.163,-0.873,27.8
$IMU,245.083,5.859,-2.258,-48.828,0.18212,-0.39208,0.89843,28.83
$IMU,245.085,4.455,-0.854,-48.583,0.18408,-0.38916,0.90332,28.83
$IMU,245.088,3.112,0.732,-48.095,0.18603,-0.38671,0.90722,28.80
$IMU,245.090,1.953,1.953,-47.241,0.18164,-0.38378,0.91162,28.80
$MAG,245.091,-0.250,0.151,-0.871,28.1
$IMU,245.092,0.854,3.112,-46.386,0.18017,-0.38476,0.91455,28.80
$IMU,245.095,0.122,4.028,-45.471,0.17871,-0.38330,0.91015,28.80
$IMU,245.097,-0.183,4.821,-44.616,0.18066,-0.38867,0.90966,28.80
$IMU,245.099,0.122,5.065,-43.884,0.18212,-0.39648,0.90478,28.80
$MAG,245.101,-0.250,0.165,-0.879,28.1
$IMU,245.102,1.281,5.004,-43.395,0.18505,-0.40966,0.90917,28.80
$IMU,245.104,3.234,4.821,-43.090,0.19482,-0.41162,0.91113,28.80
$IMU,245.106,6.225,4.394,-43.090,0.20068,-0.41992,0.91308,28.82
$IMU,245.109,9.826,4.455,-42.968,0.21191,-0.42382,0.91113,28.82
$MAG,245.111,-0.261,0.159,-0.874,27.7
$IMU,245.111,14.404,5.065,-42.724,0.22070,-0.43164,0.91455,28.82
$IMU,245.113,19.653,6.408,-42.297,0.22265,-0.43310,0.91455,28.82
$IMU,245.116,24.902,8.300,-41.625,0.21826,-0.43457,0.91552,28.82
$IMU,245.118,29.541,10.009,-40.832,0.21875,-0.43750,0.91308,28.82
$IMU,245.120,33.630,11.413,-39.916,0.21826,-0.43652,0.91357,28.82
$MAG,245.121,-0.250,0.163,-0.870,27.7
$IMU,245.123,36.804,12.695,-38.940,0.21484,-0.43164,0.91015,28.82
$IMU,245.125,39.611,13.244,-37.902,0.21630,-0.43554,0.91406,28.81
$IMU,245.127,41.625,13.793,-36.804,0.21679,-0.43017,0.91308,28.81
$IMU,245.130,42.846,14.465,-35.705,0.21630,-0.42578,0.91406,28.81
$MAG,245.131,-0.249,0.159,-0.871,27.7
$IMU,245.132,43.334,15.136,-34.790,0.21972,-0.42529,0.91650,28.81
$BARO,245.133,86414.95,28.77
$IMU,245.134,43.334,15.869,-33.935,0.21728,-0.42578,0.92187,28.81
$IMU,245.137,43.151,17.150,-33.081,0.21777,-0.42675,0.92382,28.81
$IMU,245.139,43.212,17.700,-32.470,0.21484,-0.42382,0.92529,28.81
$MAG,245.141,-0.255,0.151,-0.880,27.7
$IMU,245.142,43.518,18.676,-31.860,0.21826,-0.42773,0.93261,28.81
$IMU,245.144,43.518,19.897,-31.494,0.22021,-0.42480,0.93750,28.82
$IMU,245.146,43.701,20.507,-31.250,0.22607,-0.42041,0.93457,28.82
$IMU,245.149,44.189,20.568,-31.250,0.22998,-0.41552,0.93212,28.82
$MAG,245.151,-0.253,0.148,-0.873,27.7
$IMU,245.151,45.043,20.324,-31.372,0.23828,-0.40917,0.92968,28.82
$IMU,245.153,45.837,19.470,-31.738,0.23681,-0.40332,0.91943,28.82
$IMU,245.156,46.081,19.226,-31.921,0.23681,-0.39648,0.92236,28.82
$IMU,245.158,45.776,19.531,-32.165,0.24121,-0.38134,0.91308,28.82
$IMU,245.160,45.715,19.592,-32.836,0.24023,-0.37402,0.90429,28.82
$MAG,245.161,-0.256,0.157,-0.882,27.8
$IMU,245.163,45.227,19.897,-33.874,0.23681,-0.36669,0.89697,28.79
$IMU,245.165,44.677,20.141,-35.034,0.23437,-0.35888,0.89257,28.79
$IMU,245.167,44.311,20.507,-36.193,0.23486,-0.35107,0.89062,28.79
$IMU,245.170,44.616,20.812,-37.780,0.23242,-0.34082,0.89013,28.79
$MAG,245.171,-0.258,0.153,-0.880,27.8
$IMU,245.172,45.959,21.240,-39.489,0.23339,-0.33837,0.89111,28.79
$IMU,245.174,47.607,21.789,-40.771,0.22753,-0.32275,0.89355,28.79
$IMU,245.177,49.438,22.583,-41.625,0.22998,-0.31494,0.90234,28.79
$IMU,245.179,51.391,22.644,-41.870,0.23144,-0.30371,0.90429,28.79
$IMU,245.181,53.283,21.972,-41.748,0.22851,-0.28906,0.90234,28.83
$MAG,245.182,-0.255,0.141,-0.877,27.7
$IMU,245.184,54.931,20.568,-41.259,0.23486,-0.27392,0.91064,28.83
$IMU,245.186,56.579,18.920,-40.405,0.23535,-0.26806,0.91455,28.83
$IMU,245.188,58.044,16.662,-39.001,0.23486,-0.26708,0.91992,28.83
$IMU,245.191,59.265,14.709,-37.353,0.23486,-0.26513,0.92138,28.83
$MAG,245.192,-0.255,0.136,-0.888,27.7
$IMU,245.193,60.729,12.878,-35.827,0.23632,-0.26855,0.92236,28.83
$IMU,245.195,62.377,11.230,-34.545,0.23291,-0.27539,0.92187,28.83
$IMU,245.198,64.147,10.192,-33.752,0.23339,-0.27978,0.92041,28.83
$IMU,245.200,66.040,9.704,-33.508,0.23193,-0.28857,0.91552,28.82
$MAG,245.202,-0.250,0.130,-0.885,27.7
$IMU,245.203,68.420,9.643,-33.935,0.23339,-0.29492,0.91259,28.82
$IMU,245.205,70.800,9.826,-34.790,0.22851,-0.29931,0.91162,28.82
$IMU,245.207,72.937,10.375,-35.949,0.22802,-0.29785,0.91210,28.82
$IMU,245.210,75.073,10.864,-37.170,0.22656,-0.29687,0.91210,28.82
$MAG,245.212,-0.256,0.130,-0.883,27.6
$IMU,245.212,76.660,11.901,-38.696,0.22314,-0.30126,0.90917,28.82
$IMU,245.214,78.186,12.878,-40.344,0.22363,-0.30078,0.91699,28.82
$IMU,245.217,79.833,13.854,-42.297,0.21679,-0.30859,0.91699,28.82
$IMU,245.219,81.848,14.648,-44.311,0.22119,-0.30371,0.91943,28.77
$IMU,245.221,83.984,15.258,-47.485,0.22070,-0.30322,0.91845,28.77
$MAG,245.222,-0.249,0.124,-0.891,27.7
$IMU,245.224,86.181,15.869,-50.781,0.22021,-0.29833,0.91845,28.77
$IMU,245.226,88.745,16.540,-53.344,0.22265,-0.29101,0.93212,28.77
$IMU,245.228,91.186,17.028,-55.053,0.22460,-0.28369,0.93701,28.77
$IMU,245.231,93.200,16.662,-55.664,0.23095,-0.27099,0.94775,28.77
$MAG,245.232,-0.255,0.117,-0.897,27.8
$IMU,245.233,94.299,15.991,-55.725,0.24609,-0.25000,0.95703,28.77
$BARO,245.235,86422.00,28.77
$IMU,245.235,94.543,14.953,-56.396,0.24804,-0.23437,0.97021,28.77
$IMU,245.238,93.688,13.854,-57.617,0.24462,-0.21679,0.98535,28.81
$IMU,245.240,92.651,12.939,-57.861,0.23339,-0.19726,0.99951,28.81
$MAG,245.242,-0.250,0.106,-0.904,27.7
$IMU,245.242,91.491,11.901,-56.762,0.22705,-0.18652,1.01708,28.81
$IMU,245.245,89.965,10.559,-54.931,0.22070,-0.17041,1.02783,28.81
$IMU,245.247,87.280,9.399,-53.527,0.22021,-0.15917,1.04052,28.81
$IMU,245.249,83.801,8.056,-53.344,0.20996,-0.15429,1.04882,28.81
$MAG,245.252,-0.261,0.111,-0.894,27.7
$IMU,245.252,80.139,7.446,-53.588,0.20556,-0.14257,1.05859,28.81
$IMU,245.254,76.171,7.568,-54.504,0.19042,-0.13525,1.06640,28.81
$IMU,245.256,72.204,7.934,-55.847,0.18457,-0.12402,1.07177,28.85
$IMU,245.259,68.359,8.728,-56.518,0.17578,-0.11425,1.07421,28.85
$IMU,245.261,64.819,9.704,-56.030,0.17382,-0.10351,1.07275,28.85
$MAG,245.262,-0.256,0.093,-0.904,27.7
$IMU,245.264,61.523,10.131,-54.321,0.18017,-0.09619,1.06933,28.85
$IMU,245.266,57.983,10.192,-51.818,0.18505,-0.09814,1.06103,28.85
$IMU,245.268,54.443,9.521,-49.133,0.18994,-0.09521,1.05566,28.85
$IMU,245.271,51.513,8.422,-45.837,0.20410,-0.09570,1.04687,28.85
$MAG,245.272,-0.255,0.093,-0.910,27.7
$IMU,245.273,49.011,6.896,-42.236,0.21337,-0.09912,1.03759,28.85
$IMU,245.275,46.691,5.676,-38.391,0.23437,-0.09814,1.03173,28.81
$IMU,245.278,44.860,4.150,-35.583,0.24072,-0.09667,1.02880,28.81
$IMU,245.280,43.518,2.746,-34.057,0.24316,-0.10156,1.01611,28.81
$MAG,245.282,-0.256,0.094,-0.912,27.7
$IMU,245.282,43.151,2.014,-33.020,0.24462,-0.10009,1.00537,28.81
$IMU,245.285,43.640,1.708,-32.348,0.23974,-0.10986,0.99560,28.81
$IMU,245.287,44.677,1.647,-32.348,0.23193,-0.11669,0.98388,28.81
$IMU,245.289,46.020,2.075,-32.226,0.21728,-0.12304,0.97119,28.81
$MAG,245.292,-0.261,0.081,-0.904,27.8
$IMU,245.292,47.668,2.624,-31.921,0.20703,-0.13574,0.95361,28.81
$IMU,245.294,49.682,2.807,-31.738,0.19238,-0.14306,0.93652,28.81
$IMU,245.296,52.001,3.234,-31.921,0.19042,-0.14550,0.92480,28.81
$IMU,245.299,54.321,3.784,-32.287,0.18554,-0.15087,0.91650,28.81
$IMU,245.301,55.725,3.723,-32.165,0.14648,-0.09912,0.91992,28.81
$MAG,245.303,-0.258,0.072,-0.906,27.6
$IMU,245.303,56.823,3.540,-32.043,0.20654,-0.16552,0.90722,28.81
$IMU,245.306,60.180,5.981,-33.203,0.21533,-0.15673,0.90625,28.81
$IMU,245.308,63.659,9.277,-34.851,0.20458,-0.14501,0.91113,28.81
$IMU,245.310,66.101,11.779,-36.621,0.16992,-0.09570,0.94238,28.81
$MAG,245.313,-0.262,0.087,-0.907,28.0
$IMU,245.313,60.363,6.225,-37.475,0.17968,-0.09082,0.95263,28.82
$IMU,245.315,62.683,8.972,-39.550,0.24511,-0.17382,0.94775,28.82
$IMU,245.317,68.542,18.920,-41.992,0.22802,-0.14697,0.94580,28.82
$IMU,245.320,71.411,25.573,-44.921,0.20605,-0.12890,0.94189,28.82
$IMU,245.322,71.838,28.991,-48.339,0.18652,-0.12011,0.94384,28.82
$MAG,245.323,-0.264,0.072,-0.919,28.0
$IMU,245.325,71.594,30.273,-51.818,0.17675,-0.11914,0.95263,28.82
$IMU,245.327,71.166,30.700,-54.565,0.17041,-0.11669,0.96435,28.82
$IMU,245.329,71.166,30.639,-55.847,0.17529,-0.12109,0.97949,28.82
$IMU,245.332,70.617,30.273,-55.297,0.19726,-0.02246,1.00976,28.82
$MAG,245.333,-0.267,0.064,-0.912,27.7
$IMU,245.334,69.335,26.977,-48.645,0.24121,0.10253,1.03222,28.82
$BARO,245.336,86419.12,28.77
$IMU,245.336,68.359,23.864,-38.757,0.23193,0.10107,1.05615,28.82
$IMU,245.339,66.162,21.057,-30.761,0.18310,0.10839,1.07519,28.82
$IMU,245.341,62.927,17.150,-23.986,0.15087,0.10449,1.07373,28.82
$MAG,245.343,-0.256,0.060,-0.919,28.0
$IMU,245.343,59.448,12.023,-19.287,0.14843,0.07812,1.06689,28.82
$IMU,245.346,56.518,7.385,-17.211,0.16552,0.03955,1.05957,28.82
$IMU,245.348,54.321,4.577,-16.784,0.18701,-0.00195,1.04882,28.82
$IMU,245.350,52.307,3.173,-16.723,0.20166,-0.03417,1.04443,28.79
$MAG,245.353,-0.259,0.060,-0.904,27.7
$IMU,245.353,50.170,3.112,-16.601,0.20507,-0.05761,1.03417,28.79
$IMU,245.355,47.973,3.479,-16.357,0.19921,-0.06494,1.01953,28.79
$IMU,245.357,44.982,3.662,-16.357,0.19238,-0.07714,1.01123,28.79
$IMU,245.360,41.320,3.967,-16.479,0.19287,-0.07763,1.00488,28.79
$IMU,245.362,37.536,4.516,-16.601,0.20312,-0.07031,0.99560,28.79
$MAG,245.363,-0.259,0.054,-0.921,27.7
$IMU,245.364,33.996,5.126,-16.418,0.20019,-0.06542,0.98583,28.79
$IMU,245.367,30.700,6.225,-16.967,0.21191,-0.05859,0.97753,28.79
$IMU,245.369,28.076,6.774,-17.395,0.24121,-0.04003,0.96533,28.87
$IMU,245.371,26.428,6.958,-16.601,0.24804,-0.02685,0.96191,28.87
$MAG,245.373,-0.261,0.051,-0.916,27.7
$IMU,245.374,25.573,7.080,-14.770,0.25048,-0.00976,0.96191,28.87
$IMU,245.376,24.597,6.591,-12.207,0.24121,-0.00830,0.95263,28.87
$IMU,245.378,23.315,5.065,-10.498,0.24023,-0.01464,0.93701,28.87
$IMU,245.381,23.925,3.723,-9.399,0.23095,-0.02441,0.93457,28.87
$MAG,245.383,-0.265,0.045,-0.919,27.7
$IMU,245.383,25.451,3.295,-8.544,0.23876,-0.03271,0.92919,28.87
$IMU,245.386,27.221,2.807,-6.958,0.22753,-0.02832,0.93115,28.87
$IMU,245.388,28.747,3.112,-5.737,0.21630,-0.01806,0.93261,28.83
$IMU,245.390,29.907,2.990,-3.784,0.20312,0.00292,0.94238,28.83
$MAG,245.393,-0.259,0.042,-0.925,27.8
$IMU,245.393,30.639,2.685,-1.770,0.18945,0.01660,0.95410,28.83
$IMU,245.395,30.700,2.746,0.061,0.18798,0.03222,0.96240,28.83
$IMU,245.397,30.212,3.234,1.770,0.18359,0.04443,0.97021,28.83
$IMU,245.400,29.357,3.784,3.723,0.18847,0.04687,0.97509,28.83
$IMU,245.402,28.076,4.394,6.530,0.18457,0.05224,0.98242,28.83
$MAG,245.403,-0.262,0.040,-0.915,27.7
$IMU,245.404,26.672,5.065,9.521,0.17138,0.04101,0.97851,28.83
$IMU,245.407,25.634,6.103,10.986,0.16406,0.03515,0.97558,28.80
$IMU,245.409,25.207,7.324,10.742,0.16015,0.01806,0.97021,28.80
$IMU,245.411,25.878,8.850,9.704,0.15429,0.00146,0.96386,28.80
$MAG,245.413,-0.255,0.043,-0.915,27.8
$IMU,245.414,26.794,11.169,8.300,0.15478,0.00292,0.95703,28.80
$IMU,245.416,27.709,13.183,6.042,0.15966,-0.00341,0.95019,28.80
$IMU,245.418,28.686,13.977,3.662,0.16357,0.00146,0.95068,28.80
$IMU,245.421,29.541,13.854,1.647,0.16894,0.01318,0.96044,28.80
$MAG,245.423,-0.265,0.033,-0.915,27.6
$IMU,245.423,29.968,14.099,0.427,0.18212,0.01953,0.97216,28.80
$IMU,245.425,30.517,14.221,-0.366,0.18017,0.01611,0.97753,28.84
$IMU,245.428,31.188,14.770,-0.915,0.18066,0.00585,0.97900,28.84
$IMU,245.430,32.348,15.625,-1.464,0.13867,-0.01806,0.98046,28.84
$IMU,245.432,33.874,17.028,-2.502,0.07177,-0.04882,0.98388,28.84
$MAG,245.434,-0.258,0.034,-0.922,27.7
$IMU,245.435,36.376,17.700,-1.464,0.05078,-0.05761,0.97949,28.84
$IMU,245.437,38.757,15.747,2.014,0.03955,-0.07421,0.98632,28.84
$BARO,245.438,86413.93,28.77
$IMU,245.439,41.503,12.390,6.591,0.04638,-0.07470,0.98291,28.84
$IMU,245.442,44.494,8.483,10.253,0.10156,-0.06103,0.97314,28.84
$MAG,245.444,-0.256,0.030,-0.925,27.7
$IMU,245.444,46.691,5.065,11.169,0.18212,-0.03857,0.95947,28.85
$IMU,245.446,48.095,3.417,9.704,0.23681,0.00146,0.95751,28.85
$IMU,245.449,48.828,3.723,8.361,0.24707,0.03515,0.97314,28.85
$IMU,245.451,48.156,5.004,7.019,0.24658,0.06250,0.98535,28.85
$MAG,245.454,-0.250,0.030,-0.921,27.7
$IMU,245.454,46.630,6.652,6.591,0.22998,0.08642,1.00341,28.85
$IMU,245.456,44.738,8.544,7.324,0.19775,0.08642,1.01123,28.85
$IMU,245.458,42.663,10.253,9.643,0.16113,0.07812,1.01416,28.85
$IMU,245.461,41.076,11.291,12.939,0.13085,0.06347,1.00927,28.85
$IMU,245.463,39.733,12.023,15.808,0.13476,0.05175,1.00830,28.81
$MAG,245.464,-0.252,0.024,-0.922,27.8
$IMU,245.465,38.269,12.939,17.822,0.15136,0.04199,1.00390,28.81
$IMU,245.468,37.109,14.221,18.493,0.16796,0.03808,0.99218,28.81
$IMU,245.470,36.499,15.991,18.127,0.16650,0.05371,0.98730,28.81
$IMU,245.472,36.254,17.333,18.127,0.16455,0.06005,0.98779,28.81
$MAG,245.474,-0.252,0.019,-0.925,28.0
$IMU,245.475,35.888,17.761,17.456,0.17041,0.07373,0.98535,28.81
$IMU,245.477,35.644,17.578,16.723,0.17236,0.08154,0.98291,28.81
$IMU,245.479,35.461,17.822,15.930,0.16503,0.08349,0.97119,28.81
$IMU,245.482,35.583,17.944,15.136,0.15820,0.08154,0.96240,28.83
$MAG,245.484,-0.255,0.015,-0.928,27.8
$IMU,245.484,35.644,17.700,13.977,0.16699,0.08203,0.94775,28.83
$IMU,245.486,34.973,17.761,12.207,0.18505,0.08349,0.94873,28.83
$IMU,245.489,33.752,17.272,10.498,0.20166,0.08935,0.95068,28.83
$IMU,245.491,32.653,16.845,9.094,0.19873,0.09326,0.95654,28.83
$IMU,245.493,31.799,15.747,7.202,0.18945,0.09570,0.95019,28.83
$MAG,245.494,-0.246,0.015,-0.924,27.7
$IMU,245.496,31.616,14.282,4.699,0.18701,0.08935,0.95751,28.83
$IMU,245.498,31.799,13.183,2.258,0.17626,0.06787,0.96093,28.83
$HUM,245.500,35.3,29.2
$IMU,245.500,32.592,11.535,0.122,0.16943,0.04296,0.97167,28.82
$IMU,245.503,33.691,10.681,-1.892,0.15771,0.02197,0.97216,28.82
$MAG,245.504,-0.247,0.006,-0.924,27.7
$IMU,245.505,35.217,10.253,-3.662,0.15380,0.01904,0.97802,28.82
$IMU,245.507,36.682,9.521,-3.967,0.15185,0.02001,0.99560,28.82
$IMU,245.510,37.353,8.605,-3.784,0.14990,0.02734,1.00537,28.82
$IMU,245.512,37.231,7.873,-3.845,0.16259,0.04931,1.00976,28.82
$MAG,245.514,-0.243,0.007,-0.927,28.0
$IMU,245.515,36.010,7.385,-4.089,0.16650,0.06201,1.00585,28.82
$IMU,245.517,34.545,6.164,-3.967,0.17236,0.07128,1.01513,28.82
$IMU,245.519,32.714,5.310,-4.272,0.18212,0.07666,1.01123,28.81
$IMU,245.522,31.555,4.089,-5.798,0.18701,0.08154,1.00341,28.81
$MAG,245.524,-0.243,0.012,-0.925,27.8
$IMU,245.524,31.005,2.624,-8.117,0.18408,0.08251,1.00781,28.81
$IMU,245.526,30.883,1.342,-10.253,0.17871,0.08105,1.02197,28.81
$IMU,245.529,31.616,0.366,-12.145,0.16650,0.06152,1.02099,28.81
$IMU,245.531,32.958,-0.244,-13.793,0.15527,0.05126,1.02050,28.81
$IMU,245.533,34.362,-0.671,-14.770,0.15039,0.04296,1.01708,28.81
$MAG,245.534,-0.232,0.001,-0.925,27.7
$IMU,245.536,34.973,-0.854,-15.258,0.16357,0.05322,1.02539,28.81
$IMU,245.538,34.790,-0.793,-15.319,0.16650,0.05566,1.01269,28.81
$BARO,245.539,86414.88,28.77
$IMU,245.540,34.484,-0.488,-15.563,0.16503,0.05712,1.01171,28.81
$IMU,245.543,33.935,-0.549,-14.953,0.17138,0.06347,1.01806,28.81
$MAG,245.544,-0.252,-0.003,-0.924,27.7
$IMU,245.545,33.020,-0.366,-14.160,0.16552,0.05126,1.02636,28.81
$IMU,245.547,32.348,0.488,-13.671,0.16113,0.07080,1.02294,28.81
$IMU,245.550,31.372,0.671,-13.549,0.16650,0.07910,1.01562,28.81
$IMU,245.552,30.517,1.037,-14.282,0.16455,0.06445,1.00537,28.81
$IMU,245.554,29.602,1.098,-16.174,0.16650,0.06054,0.98583,28.81
$MAG,245.555,-0.244,-0.009,-0.924,27.7
$IMU,245.557,29.113,2.014,-18.188,0.16503,0.05273,0.99169,28.82
$IMU,245.559,28.625,2.624,-19.592,0.16259,0.04736,0.98925,28.82
$IMU,245.561,28.808,2.441,-20.385,0.16015,0.05517,0.98681,28.82
$IMU,245.564,29.296,1.586,-20.385,0.16015,0.06689,0.99511,28.82
$MAG,245.565,-0.240,-0.007,-0.927,27.7
$IMU,245.566,29.479,0.854,-20.263,0.15283,0.08349,0.99853,28.82
$IMU,245.568,29.418,0.244,-20.080,0.16210,0.09521,1.00683,28.82
$IMU,245.571,28.808,0.671,-19.592,0.15234,0.10546,1.01123,28.82
$IMU,245.573,27.893,0.549,-19.653,0.14990,0.10546,1.01123,28.82
$MAG,245.575,-0.249,-0.018,-0.916,27.6
$IMU,245.576,26.855,0.305,-19.958,0.14062,0.10107,1.01074,28.84
$IMU,245.578,25.939,0.061,-20.141,0.14453,0.09716,1.01367,28.84
$IMU,245.580,25.451,0.122,-20.385,0.14941,0.08740,1.01074,28.84
$IMU,245.583,25.329,0.732,-21.057,0.14404,0.07275,1.00683,28.84
$MAG,245.585,-0.244,-0.013,-0.933,27.8
$IMU,245.585,25.573,1.525,-22.155,0.15136,0.06396,1.00292,28.84
$IMU,245.587,26.428,2.319,-23.071,0.15234,0.03955,0.99853,28.84
$IMU,245.590,27.587,3.173,-23.742,0.16455,0.03466,0.99414,28.84
$IMU,245.592,28.503,3.601,-23.803,0.16845,0.03662,0.98876,28.84
$IMU,245.594,28.686,3.479,-23.437,0.17333,0.05664,0.98144,28.82
$MAG,245.595,-0.247,-0.015,-0.927,28.1
$IMU,245.597,28.320,3.540,-22.766,0.18505,0.07714,0.96875,28.82
$IMU,245.599,27.282,3.356,-21.789,0.19384,0.09179,0.96484,28.82
$IMU,245.601,25.939,2.380,-20.812,0.19042,0.09716,0.96289,28.82
$IMU,245.604,25.024,1.892,-19.775,0.17773,0.10400,0.96826,28.82
$MAG,245.605,-0.247,-0.019,-0.918,27.6
$IMU,245.606,24.414,1.953,-18.493,0.16748,0.11376,0.97167,28.82
$IMU,245.608,22.949,1.525,-17.822,0.12548,0.16015,0.98388,28.82
$IMU,245.611,21.301,0.122,-17.211,0.13818,0.13574,0.98144,28.82
$IMU,245.613,20.690,0.061,-16.540,0.14453,0.11816,0.98388,28.82
$MAG,245.615,-0.252,-0.018,-0.928,27.7
$IMU,245.615,19.958,-0.244,-17.272,0.14306,0.10986,0.97314,28.82
$IMU,245.618,20.263,0.793,-17.333,0.14794,0.09863,0.96923,28.82
$IMU,245.620,20.080,2.502,-17.089,0.11962,0.13085,0.97119,28.82
$IMU,245.622,19.287,3.173,-16.418,0.11767,0.10595,0.96044,28.82
$MAG,245.625,-0.241,-0.019,-0.925,27.7
$IMU,245.625,19.104,2.868,-15.625,0.09912,0.05712,0.95263,28.82
$IMU,245.627,20.263,3.234,-14.099,0.12060,0.09863,0.95214,28.82
$IMU,245.629,20.507,3.845,-12.207,0.11279,0.14111,0.95019,28.82
$IMU,245.632,19.104,3.906,-11.596,0.10546,0.14746,0.95458,28.82
$IMU,245.634,18.066,4.150,-11.657,0.12353,0.10498,0.94580,28.82
$MAG,245.635,-0.246,-0.036,-0.930,27.7
$IMU,245.637,18.981,4.821,-12.329,0.15478,0.08349,0.95019,28.82
$IMU,245.639,21.240,5.981,-12.817,0.16699,0.09130,0.94042,28.82
$BARO,245.641,86420.92,28.77
$IMU,245.641,25.634,9.155,-11.474,0.15771,0.10400,0.95263,28.82
$IMU,245.644,26.306,9.643,-11.718,0.12207,0.13134,0.96435,28.82
$MAG,245.645,-0.244,-0.025,-0.924,28.0
$IMU,245.646,23.742,6.530,-12.817,0.11035,0.23144,1.01562,28.82
$IMU,245.648,18.371,1.220,-11.352,0.10205,0.26367,1.04687,28.82
$IMU,245.651,13.183,-2.502,-10.559,0.10302,0.23535,1.06640,28.83
$IMU,245.653,10.681,-2.258,-11.596,0.13574,0.17871,1.05615,28.83
$MAG,245.655,-0.240,-0.019,-0.933,27.7
$IMU,245.655,11.291,2.319,-13.061,0.14990,0.11572,1.05078,28.83
$IMU,245.658,12.512,7.385,-14.343,0.13916,0.08398,1.03906,28.83
$IMU,245.660,13.183,10.314,-15.441,0.10595,0.08447,1.05078,28.83
$IMU,245.662,9.948,7.812,-18.127,0.12548,0.10107,1.03955,28.83
$MAG,245.665,-0.238,-0.024,-0.930,27.7
$IMU,245.665,9.826,8.728,-17.883,0.17871,0.12158,1.02685,28.83
$IMU,245.667,11.840,13.183,-15.686,0.19042,0.14160,1.01269,28.83
$IMU,245.669,13.793,16.967,-14.099,0.18554,0.15722,1.00976,28.84
$IMU,245.672,12.573,17.639,-14.465,0.17041,0.16455,0.99609,28.84
$IMU,245.674,10.498,15.747,-16.235,0.14990,0.14990,1.00292,28.84
$MAG,245.676,-0.246,-0.025,-0.927,27.7
$IMU,245.676,8.422,13.793,-18.981,0.15722,0.15576,1.00439,28.84
$IMU,245.679,7.385,14.282,-20.507,0.18994,0.15283,0.98730,28.84
$IMU,245.681,10.437,17.822,-20.263,0.20166,0.15380,0.98144,28.84
$IMU,245.683,10.925,20.202,-21.423,0.11083,0.14501,1.01464,28.84
$MAG,245.686,-0.246,-0.033,-0.928,27.6
$IMU,245.686,1.953,13.244,-25.878,0.05078,0.11621,1.03710,28.84
$IMU,245.688,-5.798,6.835,-30.151,0.05029,0.03906,1.07666,28.82
$IMU,245.690,-10.925,5.004,-32.958,0.11865,-0.02832,1.06298,28.82
$IMU,245.693,-9.155,10.070,-32.775,0.24560,0.01855,1.02197,28.82
$IMU,245.695,-0.122,21.301,-27.038,0.37109,0.15771,0.95458,28.82
$MAG,245.696,-0.238,-0.031,-0.919,27.7
$IMU,245.698,6.713,30.090,-21.057,0.26562,0.24951,0.92919,28.82
$IMU,245.700,5.371,25.817,-20.202,0.12597,0.26025,0.91894,28.82
$IMU,245.702,5.615,18.859,-21.484,0.12255,0.21240,0.89355,28.82
$IMU,245.705,7.446,16.052,-22.460,0.07324,0.15576,0.92138,28.82
$MAG,245.706,-0.243,-0.019,-0.922,27.8
$IMU,245.707,1.892,9.948,-26.306,0.03955,0.14355,0.93505,28.83
$IMU,245.709,-0.122,9.277,-27.465,0.16699,0.17919,0.90136,28.83
$IMU,245.712,7.751,20.568,-24.597,0.20800,0.20068,0.91406,28.83
$IMU,245.714,8.483,24.719,-23.864,0.11328,0.22216,0.93212,28.83
$MAG,245.716,-0.237,-0.028,-0.913,27.7
$IMU,245.716,2.624,18.920,-24.597,0.05468,0.23095,0.94580,28.83
$IMU,245.719,-0.732,14.587,-24.719,0.06787,0.18115,0.95458,28.83
$IMU,245.721,-0.915,14.892,-25.695,0.07080,0.14013,0.96044,28.83
$IMU,245.723,1.464,17.578,-27.770,0.08837,0.11718,0.96875,28.83
$MAG,245.726,-0.238,-0.034,-0.924,27.7
$IMU,245.726,4.089,20.874,-29.296,0.11181,0.11376,0.97167,28.87
$IMU,245.728,5.310,21.911,-30.639,0.09814,0.12158,0.97949,28.87
$IMU,245.730,5.798,21.789,-31.799,0.13037,0.11474,0.96972,28.87
$IMU,245.733,7.080,22.583,-31.921,0.16552,0.12792,0.96289,28.87
$IMU,245.735,8.117,22.827,-31.005,0.16015,0.14599,0.96923,28.87
$MAG,245.736,-0.238,-0.027,-0.925,27.7
$IMU,245.737,7.141,21.911,-30.761,0.13720,0.16845,0.97119,28.87
$IMU,245.740,7.019,21.606,-31.127,0.14599,0.15576,0.98828,28.87
$BARO,245.742,86426.97,28.77
$IMU,245.742,7.690,21.667,-30.883,0.16943,0.13525,0.97412,28.87
$IMU,245.744,8.483,22.460,-30.334,0.13916,0.16113,0.98095,28.83
$MAG,245.746,-0.238,-0.027,-0.918,27.8
$IMU,245.747,9.094,23.132,-30.944,0.13476,0.15966,0.99023,28.83
$IMU,245.749,9.948,23.437,-31.555,0.13183,0.15478,0.99414,28.83
$IMU,245.751,11.474,23.498,-31.860,0.17041,0.14062,0.98388,28.83
$IMU,245.754,12.512,23.559,-30.944,0.16308,0.16699,0.97900,28.83
$MAG,245.756,-0.231,-0.028,-0.927,27.7
$IMU,245.756,11.657,22.827,-29.907,0.14794,0.17773,0.98095,28.83
$IMU,245.759,10.437,22.094,-28.747,0.13085,0.17382,0.99365,28.83
$IMU,245.761,9.643,22.094,-28.137,0.12695,0.16210,1.00048,28.83
$IMU,245.763,8.850,21.301,-27.832,0.12792,0.15234,1.00683,28.82
$MAG,245.766,-0.225,-0.036,-0.924,27.7
$IMU,245.766,7.995,19.775,-27.465,0.13574,0.13867,1.00537,28.82
$IMU,245.768,7.324,18.066,-27.160,0.12304,0.14501,1.00976,28.82
$IMU,245.770,6.591,16.784,-27.404,0.11083,0.16406,1.02148,28.82
$IMU,245.773,5.554,15.563,-27.770,0.11962,0.16503,1.02880,28.82
$IMU,245.775,3.967,14.221,-27.587,0.10839,0.17187,1.03466,28.82
$MAG,245.776,-0.225,-0.028,-0.925,27.7
$IMU,245.777,2.136,12.512,-27.282,0.10986,0.17626,1.03906,28.82
$IMU,245.780,0.183,10.375,-26.794,0.09277,0.18164,1.04394,28.82
$IMU,245.782,-1.770,8.544,-26.733,0.10644,0.17968,1.05517,28.83
$IMU,245.784,-4.028,7.324,-26.367,0.11230,0.17285,1.05908,28.83
$MAG,245.786,-0.231,-0.025,-0.918,27.6
$IMU,245.787,-5.920,6.103,-26.062,0.11181,0.17773,1.06054,28.83
$IMU,245.789,-7.812,4.882,-25.939,0.11523,0.17333,1.05810,28.83
$IMU,245.791,-9.399,3.356,-25.207,0.10742,0.17529,1.04638,28.83
$IMU,245.794,-10.925,2.075,-24.963,0.10742,0.17138,1.02832,28.83
$IMU,245.796,-11.840,1.403,-24.841,0.10302,0.16699,1.01367,28.83
$MAG,245.797,-0.225,-0.030,-0.925,27.7
$IMU,245.798,-12.329,1.037,-24.902,0.10449,0.15576,1.00000,28.83
$IMU,245.801,-12.756,1.098,-24.658,0.12695,0.14208,0.97998,28.84
$IMU,245.803,-12.878,1.037,-23.986,0.11621,0.14550,0.97509,28.84
$IMU,245.805,-12.512,1.281,-23.254,0.12255,0.14941,0.96533,28.84
$MAG,245.807,-0.231,-0.021,-0.930,27.7
$IMU,245.808,-12.268,1.831,-23.254,0.11035,0.16308,0.96728,28.84
$IMU,245.810,-11.901,3.173,-23.620,0.10888,0.16943,0.96435,28.84
$IMU,245.812,-11.718,4.638,-23.864,0.10351,0.18017,0.96337,28.84
$IMU,245.815,-11.230,5.187,-23.681,0.10400,0.18945,0.96240,28.84
$MAG,245.817,-0.225,-0.021,-0.921,27.7
$IMU,245.817,-10.070,4.638,-22.399,0.08447,0.19580,0.97070,28.84
$IMU,245.820,-9.094,4.394,-21.484,0.07666,0.20361,0.97412,28.83
$IMU,245.822,-7.995,4.638,-20.446,0.10937,0.20117,0.97607,28.83
$IMU,245.824,-7.080,4.699,-18.371,0.10644,0.19482,0.97949,28.83
$MAG,245.827,-0.223,-0.019,-0.927,27.8
$IMU,245.827,-6.774,5.493,-18.371,0.10302,0.19384,0.98828,28.83
$IMU,245.829,-6.042,6.164,-17.456,0.12744,0.16894,0.98974,28.83
$IMU,245.831,-5.493,6.164,-15.869,0.08691,0.15820,0.99267,28.83
$IMU,245.834,-5.310,6.103,-15.625,0.11181,0.14355,0.98486,28.83
$IMU,245.836,-5.187,6.225,-14.892,0.09912,0.14404,0.98486,28.83
$MAG,245.837,-0.234,-0.025,-0.927,28.0
$IMU,245.838,-5.798,6.591,-15.441,0.08154,0.13818,0.99121,28.80
$IMU,245.841,-7.019,7.934,-16.723,0.08007,0.13720,0.98583,28.80
$IMU,245.843,-8.850,9.033,-18.005,0.08154,0.14208,0.97802,28.80
$BARO,245.844,86423.56,28.77
$IMU,245.845,-9.948,9.704,-18.859,0.09179,0.13378,0.96582,28.80
$MAG,245.847,-0.232,-0.022,-0.927,28.1
$IMU,245.848,-10.131,10.070,-19.531,0.11279,0.12939,0.96337,28.80
$IMU,245.850,-9.460,9.704,-19.287,0.10156,0.13134,0.95507,28.80
$IMU,245.852,-8.361,9.826,-20.080,0.08886,0.13964,0.96484,28.80
$IMU,245.855,-7.934,10.070,-21.484,0.07080,0.14306,0.97265,28.80
$MAG,245.857,-0.234,-0.019,-0.931,27.8
$IMU,245.857,-8.300,10.986,-23.071,0.08398,0.14013,0.97363,28.85
$IMU,245.859,-8.789,11.535,-22.827,0.08398,0.12939,0.96093,28.85
$IMU,245.862,-8.850,12.329,-23.498,0.06152,0.12158,0.96337,28.85
$IMU,245.864,-9.521,13.366,-25.024,0.07324,0.10302,0.95800,28.85
$IMU,245.866,-9.277,13.977,-25.146,0.08300,0.09570,0.95019,28.85
$MAG,245.867,-0.228,-0.010,-0.930,27.8
$IMU,245.869,-8.666,14.099,-24.902,0.07666,0.09912,0.94970,28.85
$IMU,245.871,-7.934,14.099,-25.756,0.08056,0.08984,0.94628,28.85
$IMU,245.873,-6.958,14.770,-26.855,0.10205,0.08447,0.94433,28.85
$IMU,245.876,-5.249,15.319,-26.672,0.11181,0.07812,0.93798,28.81
$MAG,245.877,-0.226,-0.015,-0.924,27.6
$IMU,245.878,-3.723,15.991,-26.489,0.09375,0.09619,0.94140,28.81
$IMU,245.880,-2.868,16.418,-26.733,0.08007,0.10791,0.94189,28.81
$IMU,245.883,-2.929,16.723,-26.611,0.07714,0.11279,0.95312,28.81
$IMU,245.885,-3.173,16.418,-25.878,0.07275,0.12060,0.96533,28.81
$MAG,245.887,-0.217,-0.015,-0.924,27.7
$IMU,245.888,-3.356,15.869,-25.024,0.07910,0.13085,0.97314,28.81
$IMU,245.890,-3.662,15.136,-23.681,0.07958,0.13281,0.98486,28.81
$IMU,245.892,-3.906,14.587,-22.827,0.07910,0.13330,0.99609,28.81
$IMU,245.895,-4.089,13.916,-21.789,0.08056,0.12841,1.00683,28.83
$MAG,245.897,-0.214,-0.012,-0.913,27.6
$IMU,245.897,-4.089,12.695,-20.751,0.05664,0.13330,1.01562,28.83
$IMU,245.899,-4.211,11.596,-19.897,0.05761,0.13085,1.02050,28.83
$IMU,245.902,-4.577,10.681,-19.042,0.06250,0.12500,1.02490,28.83
$IMU,245.904,-4.516,9.704,-18.554,0.06005,0.12744,1.03271,28.83
$IMU,245.906,-4.577,8.911,-17.761,0.06298,0.12500,1.03222,28.83
$MAG,245.907,-0.226,-0.013,-0.928,27.7
$IMU,245.909,-4.943,8.239,-17.028,0.06005,0.12011,1.01855,28.83
$IMU,245.911,-5.371,8.239,-16.967,0.06494,0.11132,1.01220,28.83
$IMU,245.913,-5.798,8.422,-16.723,0.06152,0.11083,1.00048,28.85
$IMU,245.916,-6.164,8.666,-16.235,0.05908,0.12109,0.99072,28.85
$MAG,245.918,-0.220,-0.004,-0.928,27.7
$IMU,245.918,-6.347,8.239,-15.686,0.06738,0.12255,0.98144,28.85
$IMU,245.920,-6.408,7.873,-15.197,0.06250,0.12792,0.97558,28.85
$IMU,245.923,-6.835,7.995,-15.197,0.05566,0.13232,0.97705,28.85
$IMU,245.925,-7.202,7.934,-15.075,0.05810,0.12939,0.97412,28.85
$IMU,245.927,-7.446,7.385,-14.587,0.05273,0.12548,0.97802,28.85
$MAG,245.928,-0.220,-0.013,-0.922,27.8
$IMU,245.930,-7.629,6.774,-14.404,0.04443,0.12597,0.97851,28.85
$IMU,245.932,-7.873,6.591,-14.526,0.05029,0.12988,0.98535,28.85
$IMU,245.934,-8.239,6.591,-14.465,0.05761,0.12890,0.98632,28.85
$IMU,245.937,-8.239,6.225,-14.648,0.06054,0.13085,0.98535,28.85
$MAG,245.938,-0.217,-0.013,-0.928,27.6
$IMU,245.939,-8.178,5.798,-14.648,0.06494,0.12792,0.98535,28.85
$IMU,245.941,-7.873,5.371,-14.709,0.06787,0.12841,0.97656,28.85
$IMU,245.944,-7.690,4.577,-14.587,0.07177,0.12939,0.97119,28.85
$BARO,245.945,86422.53,28.77
$IMU,245.946,-7.629,3.723,-14.587,0.07324,0.13378,0.96875,28.85
$MAG,245.948,-0.222,-0.009,-0.924,27.7
$IMU,245.949,-7.812,3.112,-14.648,0.07031,0.13378,0.96826,28.85
$IMU,245.951,-8.056,2.380,-14.465,0.06835,0.13623,0.97412,28.83
$IMU,245.953,-8.422,1.953,-14.343,0.06982,0.14404,0.97607,28.83
$IMU,245.956,-9.033,1.464,-14.282,0.07373,0.15380,0.97753,28.83
$MAG,245.958,-0.222,-0.007,-0.922,28.1
$IMU,245.958,-9.765,0.854,-14.282,0.06933,0.15673,0.98437,28.83
$IMU,245.960,-10.498,0.000,-14.221,0.06738,0.15869,0.98535,28.83
$IMU,245.963,-11.108,-1.037,-14.221,0.07080,0.15673,0.98828,28.83
$IMU,245.965,-12.023,-1.953,-14.160,0.06835,0.15087,0.98925,28.83
$IMU,245.967,-12.573,-2.441,-14.038,0.06640,0.14941,0.99121,28.83
$MAG,245.968,-0.208,0.004,-0.916,27.8
$IMU,245.970,-13.244,-2.746,-14.099,0.06445,0.15185,0.99267,28.84
$IMU,245.972,-13.793,-2.868,-14.282,0.06250,0.15039,0.98779,28.84
$IMU,245.974,-14.465,-3.112,-14.526,0.05810,0.14843,0.99023,28.84
$TIME,245.976,446462.000,2399
$IMU,245.977,-14.953,-2.807,-14.282,0.05322,0.15185,0.99072,28.84
$MAG,245.978,-0.219,0.009,-0.921,27.7
$IMU,245.979,-15.197,-2.807,-13.793,0.05517,0.15185,0.99169,28.84
$IMU,245.981,-15.319,-2.502,-13.671,0.04492,0.15771,0.99951,28.84
$IMU,245.984,-15.563,-1.953,-13.610,0.05419,0.15869,1.00537,28.84
$IMU,245.986,-15.747,-1.708,-13.427,0.05712,0.16162,1.00830,28.84
$MAG,245.988,-0.231,0.009,-0.921,27.7
$IMU,245.988,-15.991,-1.220,-13.305,0.06250,0.16210,1.00439,28.81
$IMU,245.991,-16.113,-0.854,-13.305,0.06445,0.15820,1.00195,28.81
$IMU,245.993,-16.174,-0.732,-13.183,0.06640,0.14599,1.00195,28.81
$IMU,245.995,-15.991,-0.427,-13.000,0.06640,0.13964,0.99804,28.81
$MAG,245.998,-0.235,0.003,-0.921,27.6
$IMU,245.998,-15.441,-0.244,-12.939,0.06103,0.13232,1.00390,28.81
$IMU,246.000,-14.892,-0.122,-13.061,0.05957,0.13037,1.00244,28.81
$IMU,246.002,-14.221,0.122,-13.122,0.06054,0.12451,1.00537,28.81
$IMU,246.005,-13.610,0.183,-13.244,0.05908,0.12402,1.01318,28.81
$IMU,246.007,-12.939,0.122,-13.488,0.05810,0.12402,1.01513,28.80
$MAG,246.008,-0.211,-0.003,-0.925,27.7
$IMU,246.010,-12.207,0.183,-13.427,0.06542,0.11621,1.01855,28.80
$IMU,246.012,-11.352,0.427,-13.305,0.06347,0.11425,1.02197,28.80
$IMU,246.014,-10.437,0.793,-13.183,0.06835,0.11035,1.02343,28.80
$IMU,246.017,-9.582,1.037,-13.000,0.06787,0.10791,1.02246,28.80
$MAG,246.018,-0.223,0.003,-0.925,27.8
$IMU,246.019,-8.972,1.708,-12.634,0.07275,0.10986,1.01708,28.80
$IMU,246.021,-8.361,2.014,-12.573,0.06591,0.11474,1.01611,28.80
$IMU,246.024,-7.751,2.258,-12.756,0.06738,0.11621,1.01464,28.80
$IMU,246.026,-7.080,2.685,-12.695,0.07763,0.11962,1.01025,28.85
$IMU,246.028,-6.530,2.746,-12.756,0.08007,0.11718,0.99951,28.85
$MAG,246.029,-0.222,0.000,-0.918,27.7
$IMU,246.031,-6.225,2.563,-13.122,0.08544,0.10937,0.99267,28.85
$IMU,246.033,-5.493,2.746,-13.244,0.06787,0.10009,0.99658,28.85
$IMU,246.035,-4.882,3.234,-13.671,0.07275,0.09472,0.98828,28.85
$IMU,246.038,-3.967,3.356,-13.488,0.07958,0.08789,0.98876,28.85
$MAG,246.039,-0.214,0.012,-0.927,27.7
$IMU,246.040,-3.051,3.479,-13.427,0.08691,0.08544,0.98046,28.85
$IMU,246.042,-2.563,3.906,-13.122,0.07275,0.09033,0.98144,28.85
$IMU,246.045,-2.502,4.028,-13.488,0.06347,0.10400,0.98583,28.83
$BARO,246.046,86412.42,28.78
$IMU,246.047,-2.563,4.394,-13.549,0.07958,0.10400,0.99169,28.83
$MAG,246.049,-0.219,0.006,-0.909,27.7
$IMU,246.049,-2.502,4.394,-13.244,0.07421,0.11035,0.99218,28.83
$IMU,246.052,-2.258,4.150,-13.305,0.07128,0.11718,0.99609,28.83
$IMU,246.054,-2.441,4.211,-13.305,0.06835,0.11523,0.99365,28.83
$IMU,246.056,-2.685,4.272,-13.061,0.06835,0.11572,0.99755,28.83
$MAG,246.059,-0.225,0.004,-0.919,27.7
$IMU,246.059,-2.746,4.150,-13.122,0.07128,0.11083,0.99609,28.83
$IMU,246.061,-2.868,4.089,-13.244,0.07226,0.10986,0.99072,28.83
$IMU,246.063,-3.356,4.333,-13.122,0.06689,0.10839,0.98535,28.84
$IMU,246.066,-3.906,4.150,-12.939,0.06591,0.11279,0.98144,28.84
$IMU,246.068,-4.882,4.211,-12.817,0.06689,0.12011,0.97607,28.84
$MAG,246.069,-0.220,0.001,-0.915,27.7
$IMU,246.071,-5.920,4.455,-12.573,0.06787,0.11718,0.97607,28.84
$VBAT,246.071,4.127
$IMU,246.073,-7.080,4.089,-12.207,0.06933,0.12792,0.97753,28.84
$IMU,246.075,-8.056,3.356,-11.779,0.07177,0.12646,0.97753,28.84
$IMU,246.078,-8.544,2.685,-11.413,0.07519,0.12597,0.98242,28.84
$MAG,246.079,-0.222,0.000,-0.915,27.6
$IMU,246.080,-9.277,2.258,-11.230,0.06103,0.12792,0.98632,28.84
$IMU,246.082,-10.253,1.586,-11.230,0.05957,0.12841,0.98681,28.83
$IMU,246.085,-11.291,1.525,-10.986,0.06298,0.11865,0.98876,28.83
$IMU,246.087,-12.145,1.220,-10.803,0.06542,0.11425,0.98828,28.83
$MAG,246.089,-0.217,0.012,-0.916,27.7
$IMU,246.089,-13.000,0.732,-10.864,0.05371,0.11767,0.98583,28.83
$IMU,246.092,-14.160,0.549,-10.864,0.07128,0.11669,0.98486,28.83
$IMU,246.094,-14.709,-0.366,-10.437,0.06982,0.11669,0.97998,28.83
$IMU,246.096,-15.380,-1.037,-10.314,0.06005,0.11914,0.98193,28.83
$MAG,246.099,-0.219,0.007,-0.909,27.7
$IMU,246.099,-16.296,-1.953,-10.375,0.06298,0.12060,0.97900,28.83
$IMU,246.101,-17.150,-2.441,-10.314,0.06054,0.11865,0.98583,28.84
$IMU,246.103,-18.005,-2.502,-10.437,0.06054,0.11914,0.98730,28.84
$IMU,246.106,-18.859,-2.746,-10.437,0.06298,0.12500,0.98437,28.84
$IMU,246.108,-19.531,-2.929,-10.253,0.05908,0.12353,0.98535,28.84
$MAG,246.109,-0.222,0.018,-0.919,27.7
$IMU,246.110,-20.202,-3.051,-10.253,0.05029,0.12402,0.98779,28.84
$IMU,246.113,-21.057,-2.807,-10.559,0.04687,0.12011,0.98681,28.84
$IMU,246.115,-21.667,-2.258,-10.986,0.04687,0.11181,0.98730,28.84
$IMU,246.117,-22.094,-1.159,-11.413,0.04199,0.09960,0.98828,28.84
$MAG,246.119,-0.223,0.012,-0.919,27.7
$IMU,246.120,-22.277,-0.061,-11.718,0.05419,0.09326,0.97949,28.83
$IMU,246.122,-21.911,0.488,-11.474,0.05859,0.08886,0.97753,28.83
$IMU,246.124,-21.118,0.610,-11.230,0.05664,0.09179,0.97851,28.83
$IMU,246.127,-20.385,0.549,-11.047,0.06201,0.09472,0.98193,28.83
$MAG,246.129,-0.222,0.022,-0.916,28.0
$IMU,246.129,-19.897,0.610,-10.681,0.06542,0.09521,0.98681,28.83
$IMU,246.132,-19.531,1.098,-10.437,0.05810,0.09765,0.99560,28.83
$IMU,246.134,-19.104,1.647,-10.192,0.06152,0.09814,1.00146,28.83
$IMU,246.136,-18.554,2.197,-9.887,0.06103,0.09326,1.00830,28.83
$MAG,246.139,-0.222,0.016,-0.922,27.8
$IMU,246.139,-17.700,2.319,-9.277,0.06298,0.09228,1.00585,28.85
$IMU,246.141,-16.967,2.319,-8.666,0.05712,0.09472,1.01416,28.85
$IMU,246.143,-16.723,2.685,-8.178,0.05126,0.10009,1.02001,28.85
$IMU,246.146,-17.028,3.234,-7.995,0.04833,0.09960,1.01904,28.85
$BARO,246.148,86414.95,28.78
$IMU,246.148,-17.395,4.028,-7.873,0.04980,0.09667,1.01757,28.85
$MAG,246.150,-0.225,0.022,-0.922,27.7
$IMU,246.150,-17.333,4.699,-7.690,0.05175,0.09277,1.01953,28.85
$IMU,246.153,-16.967,5.126,-7.629,0.05615,0.09033,1.01855,28.85
$IMU,246.155,-16.235,5.310,-7.446,0.05517,0.08789,1.01904,28.85
$IMU,246.157,-15.136,5.126,-7.080,0.05078,0.09423,1.02001,28.84
$MAG,246.160,-0.225,0.027,-0.913,27.7
$IMU,246.160,-14.343,4.882,-6.896,0.04541,0.09423,1.02343,28.84
$IMU,246.162,-14.099,4.821,-6.774,0.04882,0.09814,1.02685,28.84
$IMU,246.164,-14.343,5.737,-6.591,0.05371,0.10107,1.02490,28.84
$IMU,246.167,-14.343,6.408,-6.164,0.05322,0.08691,1.02685,28.84
$IMU,246.169,-14.099,6.835,-5.432,0.05566,0.08398,1.02539,28.84
$MAG,246.170,-0.216,0.021,-0.921,27.7
$IMU,246.171,-13.366,6.408,-4.455,0.05664,0.07421,1.02294,28.84
$IMU,246.174,-12.390,5.981,-3.662,0.04833,0.06347,1.02490,28.84
$IMU,246.176,-11.901,6.042,-3.112,0.05126,0.05566,1.01806,28.85
$IMU,246.178,-11.596,6.347,-2.990,0.06347,0.05322,1.00634,28.85
$MAG,246.180,-0.220,0.022,-0.919,28.0
$IMU,246.181,-11.474,6.591,-2.807,0.05419,0.04101,1.00878,28.85
$IMU,246.183,-11.474,7.141,-3.051,0.05957,0.03613,1.00390,28.85
$IMU,246.185,-11.413,7.141,-3.112,0.05664,0.03320,1.00048,28.85
$IMU,246.188,-11.413,6.958,-3.173,0.06835,0.03173,0.99072,28.85
$MAG,246.190,-0.220,0.030,-0.915,27.8
$IMU,246.190,-10.925,6.347,-3.417,0.06982,0.03906,0.98974,28.85
$IMU,246.193,-10.498,6.042,-3.662,0.06494,0.02832,1.00048,28.85
$IMU,246.195,-11.352,6.591,-4.150,0.06005,0.03320,0.99218,28.81
$IMU,246.197,-11.840,6.347,-4.272,0.06835,0.03027,1.00048,28.81
$MAG,246.200,-0.225,0.015,-0.919,27.8
$IMU,246.200,-12.390,5.798,-4.333,0.05957,0.03027,1.01367,28.81
$IMU,246.202,-12.878,5.371,-4.455,0.06103,0.03808,1.01757,28.81
$IMU,246.204,-13.305,5.065,-4.699,0.06445,0.04052,1.02587,28.81
$IMU,246.207,-13.183,4.699,-4.821,0.06250,0.04296,1.03320,28.81
$IMU,246.209,-13.183,4.211,-4.760,0.05810,0.04736,1.03564,28.81
$MAG,246.210,-0.219,0.028,-0.918,27.7
$IMU,246.211,-13.244,3.784,-4.699,0.05517,0.04492,1.03955,28.81
$IMU,246.214,-13.366,3.112,-4.516,0.06152,0.05712,1.03710,28.83
$IMU,246.216,-13.000,2.258,-4.638,0.06298,0.05761,1.04296,28.83
$IMU,246.218,-12.817,2.319,-4.638,0.06103,0.06250,1.04150,28.83
$MAG,246.220,-0.219,0.024,-0.909,27.7
$IMU,246.221,-12.573,2.563,-4.699,0.04492,0.05615,1.04101,28.83
$IMU,246.223,-12.573,2.807,-5.310,0.03710,0.06103,1.03759,28.83
$IMU,246.225,-13.183,3.662,-5.737,0.03320,0.06396,1.02832,28.83
$IMU,246.228,-13.183,3.784,-5.981,0.03369,0.06640,1.02734,28.83
$IMU,246.230,-13.244,3.967,-6.103,0.03515,0.07763,1.03417,28.83
$MAG,246.230,-0.211,0.022,-0.912,27.6
$IMU,246.232,-13.122,4.516,-5.920,0.03759,0.08154,1.03906,28.84
$IMU,246.235,-13.122,4.638,-5.981,0.04345,0.09619,1.04589,28.84
$IMU,246.237,-13.366,4.638,-6.225,0.05566,0.09570,1.05371,28.84
$IMU,246.239,-13.366,4.211,-6.225,0.05664,0.09619,1.06201,28.84
$MAG,246.240,-0.220,0.033,-0.919,27.6
$IMU,246.242,-13.061,3.417,-5.920,0.06005,0.09814,1.05859,28.84
$IMU,246.244,-12.756,2.502,-5.676,0.04296,0.08837,1.06494,28.84
$IMU,246.246,-13.549,2.258,-5.981,0.04492,0.09619,1.05615,28.84
$BARO,246.249,86416.90,28.77
$IMU,246.249,-14.831,2.380,-6.469,0.04394,0.08789,1.05810,28.84
$MAG,246.250,-0.216,0.040,-0.913,27.7
$IMU,246.251,-15.747,2.197,-7.019,0.04687,0.08251,1.05078,28.83
$IMU,246.254,-15.869,1.403,-7.141,0.06542,0.08300,1.04199,28.83
$IMU,246.256,-14.892,0.183,-6.896,0.04736,0.08007,1.04150,28.83
$IMU,246.258,-14.770,-0.854,-7.568,0.04296,0.09033,1.02587,28.83
$MAG,246.260,-0.216,0.036,-0.915,27.8
$IMU,246.261,-15.441,-0.732,-8.178,0.05615,0.09521,1.01611,28.83
$IMU,246.263,-15.258,-0.854,-8.300,0.06103,0.09619,1.01171,28.83
$IMU,246.265,-14.953,-1.281,-8.239,0.05908,0.10400,1.00732,28.83
$IMU,246.268,-13.977,-2.441,-7.446,0.05419,0.09912,1.01074,28.83
$IMU,246.270,-13.671,-3.295,-7.141,0.04052,0.10595,1.00195,28.82
$MAG,246.271,-0.228,0.040,-0.909,27.7
$IMU,246.272,-13.854,-4.089,-6.958,0.04394,0.11132,1.00390,28.82
$IMU,246.275,-13.977,-4.028,-6.713,0.04736,0.10546,1.01757,28.82
$IMU,246.277,-13.610,-4.150,-6.225,0.02587,0.09814,1.02197,28.82
$IMU,246.279,-14.160,-4.211,-6.591,0.02929,0.11083,1.02050,28.82
$MAG,246.281,-0.222,0.040,-0.910,27.7
$IMU,246.282,-14.709,-4.394,-6.835,0.02880,0.10986,1.02832,28.82
$IMU,246.284,-14.526,-4.577,-7.263,0.03710,0.10205,1.02929,28.82
$IMU,246.286,-13.793,-5.065,-7.751,0.02734,0.10205,1.02685,28.82
$IMU,246.289,-13.183,-5.004,-8.483,0.03515,0.08593,1.01855,28.86
$MAG,246.291,-0.231,0.034,-0.915,27.6
$IMU,246.291,-12.695,-4.638,-8.911,0.03710,0.07910,1.02441,28.86
$IMU,246.293,-12.512,-4.089,-9.155,0.03125,0.07666,1.02490,28.86
$IMU,246.296,-13.122,-3.601,-9.277,0.04589,0.07177,1.02197,28.86
$IMU,246.298,-13.671,-3.601,-8.666,0.05566,0.07714,1.02246,28.86
$IMU,246.300,-13.732,-3.967,-8.056,0.05126,0.06884,1.02392,28.86
$MAG,246.301,-0.214,0.043,-0.906,27.7
$IMU,246.303,-14.953,-4.028,-7.934,0.05957,0.08251,1.01269,28.86
$IMU,246.305,-15.930,-4.333,-7.690,0.04199,0.08154,1.02978,28.86
$IMU,246.307,-16.784,-4.089,-7.812,0.03857,0.07861,1.03613,28.89
$IMU,246.310,-17.211,-3.662,-7.507,0.05224,0.07080,1.03027,28.89
$MAG,246.311,-0.220,0.043,-0.910,27.7
$IMU,246.312,-17.517,-3.112,-6.591,0.01855,0.07275,1.02978,28.89
$IMU,246.314,-17.883,-2.075,-5.798,0.03125,0.06884,1.01611,28.89
$IMU,246.317,-17.639,-1.159,-4.089,0.05810,0.04980,1.00683,28.89
$IMU,246.319,-16.845,-0.366,-3.234,0.08935,0.02343,0.99707,28.89
$MAG,246.321,-0.219,0.036,-0.916,27.7
$IMU,246.322,-15.808,0.061,-4.638,0.07617,0.00341,0.98388,28.89
$IMU,246.324,-15.808,0.488,-7.080,0.05273,0.00878,0.97900,28.89
$IMU,246.326,-16.235,1.281,-8.178,0.03662,0.01123,0.99121,28.82
$IMU,246.329,-16.296,1.464,-7.995,0.05419,0.01220,0.99560,28.82
$MAG,246.331,-0.222,0.045,-0.912,27.7
$IMU,246.331,-15.930,0.793,-7.202,0.05517,0.01953,1.01220,28.82
$IMU,246.333,-14.526,0.000,-6.530,0.06445,0.01855,1.03369,28.82
$IMU,246.336,-12.207,-1.403,-6.042,0.05810,0.00341,1.05078,28.82
$IMU,246.338,-10.742,-1.831,-6.347,0.06250,0.00927,1.04345,28.82
$IMU,246.340,-8.911,-3.112,-7.446,0.06445,0.02246,1.04638,28.82
$MAG,246.341,-0.223,0.040,-0.916,27.7
$IMU,246.343,-7.873,-2.685,-8.300,0.07910,-0.03662,1.06982,28.82
$IMU,246.345,-8.422,-0.671,-7.141,0.07519,-0.06494,1.03515,28.82
$IMU,246.347,-7.751,-0.793,-5.187,0.06640,-0.05615,1.00390,28.82
$IMU,246.350,-7.019,-1.831,-4.455,0.07080,-0.02783,0.98144,28.82
$BARO,246.351,86413.34,28.78
$MAG,246.351,-0.226,0.049,-0.913,27.7
$IMU,246.352,-6.958,-2.014,-3.723,0.07763,-0.01855,0.96582,28.82
$IMU,246.354,-6.896,-1.953,-3.173,0.07128,-0.02392,0.96630,28.82
$IMU,246.357,-7.263,-2.014,-2.502,0.06640,-0.00732,0.96875,28.82
$IMU,246.359,-8.239,-1.892,-1.525,0.06738,0.00341,0.97656,28.82
$MAG,246.361,-0.219,0.048,-0.921,28.0
$IMU,246.361,-9.216,-2.136,-0.122,0.07177,0.01562,0.99169,28.82
$IMU,246.364,-9.338,-6.591,1.037,0.07421,0.00878,1.01513,28.82
$IMU,246.366,-9.582,-2.685,2.258,0.05615,0.04638,1.02783,28.82
$IMU,246.368,-10.437,-4.821,2.807,0.04931,0.03759,1.04443,28.82
$MAG,246.371,-0.223,0.043,-0.922,27.6
$IMU,246.371,-10.620,-5.249,3.662,0.05517,0.02148,1.05419,28.82
$IMU,246.373,-11.047,-6.835,4.333,0.05175,0.01074,1.06347,28.82
$IMU,246.375,-11.718,-7.446,5.126,0.05273,0.00781,1.06005,28.82
$IMU,246.378,-12.329,-6.042,5.859,0.05126,0.01855,1.04199,28.82
$IMU,246.380,-12.084,-7.324,5.065,0.06152,0.04833,1.02880,28.82
$MAG,246.381,-0.231,0.051,-0.915,27.7
$IMU,246.383,-13.183,-7.324,4.882,0.06396,0.00048,1.04785,28.81
$IMU,246.385,-15.258,-4.943,6.347,0.04931,-0.00830,1.01025,28.81
$IMU,246.387,-16.174,-5.737,6.896,0.05371,-0.00537,1.00585,28.81
$IMU,246.390,-16.967,-6.713,6.591,0.04638,0.00390,1.01220,28.81
$MAG,246.392,-0.225,0.046,-0.903,27.7
$IMU,246.392,-17.639,-6.164,6.225,0.04345,0.00976,1.01367,28.81
$IMU,246.394,-18.432,-5.371,5.493,0.04199,0.01953,1.01513,28.81
$IMU,246.397,-18.737,-5.371,4.577,0.04296,0.02490,1.01757,28.81
$IMU,246.399,-18.371,-5.371,4.028,0.05615,0.03027,1.01806,28.81
$IMU,246.401,-17.944,-6.042,3.234,0.06396,0.03857,1.02294,28.85
$MAG,246.402,-0.222,0.052,-0.909,27.8
$IMU,246.404,-17.639,-7.507,2.563,0.07226,0.06591,1.01513,28.85
$IMU,246.406,-16.479,-9.582,1.342,0.07275,0.06835,1.04541,28.85
$IMU,246.408,-17.211,-9.277,1.098,0.06250,0.01123,1.05664,28.85
$IMU,246.411,-18.493,-8.544,1.647,0.05517,-0.01123,1.03808,28.85
$MAG,246.412,-0.231,0.048,-0.916,27.7
$IMU,246.413,-18.676,-9.460,1.770,0.06542,-0.00537,1.03564,28.85
$IMU,246.415,-18.615,-10.009,1.770,0.06298,0.00000,1.04345,28.85
$IMU,246.418,-18.798,-10.070,1.464,0.06396,0.00097,1.04101,28.85
$IMU,246.420,-19.348,-9.216,1.464,0.06787,0.00537,1.03027,28.78
$MAG,246.422,-0.229,0.057,-0.916,28.1
$IMU,246.422,-19.531,-8.544,1.647,0.06884,0.01318,1.02392,28.78
$IMU,246.425,-18.859,-9.094,1.586,0.06933,0.01171,1.02099,28.78
$IMU,246.427,-17.883,-9.826,1.586,0.06884,0.01757,1.02636,28.78
$IMU,246.429,-16.540,-10.314,1.831,0.07421,0.02343,1.03222,28.78
$MAG,246.432,-0.225,0.057,-0.913,27.7
$IMU,246.432,-15.197,-10.498,2.075,0.07080,0.01904,1.04638,28.78
$IMU,246.434,-13.793,-10.070,2.136,0.07128,0.01318,1.04980,28.78
$IMU,246.436,-12.145,-9.033,2.380,0.07080,0.00830,1.04589,28.78
$IMU,246.439,-10.192,-8.422,2.868,0.06689,0.00878,1.04638,28.82
$IMU,246.441,-8.239,-7.873,3.112,0.05908,0.00927,1.03955,28.82
$MAG,246.442,-0.226,0.061,-0.903,27.6
$IMU,246.444,-6.225,-6.835,3.479,0.05761,0.01220,1.03173,28.82
$IMU,246.446,-4.028,-6.164,3.906,0.06445,0.02636,1.02001,28.82
$IMU,246.448,-2.136,-4.943,3.784,0.05810,0.02587,1.00781,28.82
$IMU,246.451,-0.732,-3.540,3.479,0.05615,0.03076,0.99365,28.82
$BARO,246.452,86418.71,28.77
$MAG,246.452,-0.226,0.058,-0.909,27.7
$IMU,246.453,0.427,-2.502,3.234,0.05615,0.03027,0.98876,28.82
$IMU,246.455,1.708,-2.319,2.990,0.04687,0.02587,0.98583,28.82
$IMU,246.458,2.441,-1.586,2.563,0.04736,0.02636,0.98632,28.82
$IMU,246.460,2.807,-0.732,1.892,0.05566,0.02880,0.99072,28.82
$MAG,246.462,-0.228,0.060,-0.910,27.6
$IMU,246.462,2.868,0.183,1.342,0.05371,0.02783,0.99902,28.82
$IMU,246.465,2.868,1.037,0.915,0.05419,0.03027,1.00292,28.82
$IMU,246.467,2.929,1.403,0.427,0.04980,0.02734,1.00781,28.82
$IMU,246.469,3.356,1.464,0.061,0.04589,0.02148,1.01025,28.82
$MAG,246.472,-0.232,0.055,-0.912,27.7
$IMU,246.472,4.150,1.647,-0.305,0.04736,0.01123,1.01220,28.82
$IMU,246.474,5.126,1.770,-0.854,0.04980,0.00439,1.01416,28.82
$IMU,246.476,5.676,2.380,-1.586,0.04394,-0.00292,1.01220,28.84
$IMU,246.479,5.798,3.723,-2.197,0.04882,-0.00341,1.00585,28.84
$IMU,246.481,5.554,4.638,-2.380,0.03466,-0.00830,1.00634,28.84
$MAG,246.482,-0.225,0.061,-0.907,27.6
$IMU,246.483,5.432,5.187,-2.197,0.04492,0.00097,1.00146,28.84
$IMU,246.486,5.310,5.432,-2.563,0.05029,0.01416,1.00292,28.84
$IMU,246.488,4.882,5.310,-3.295,0.05029,0.02539,1.00439,28.84
$IMU,246.490,4.089,4.516,-3.845,0.04736,0.03613,1.00195,28.84
$MAG,246.492,-0.219,0.055,-0.913,28.0
$IMU,246.493,2.746,3.906,-4.028,0.04833,0.04492,1.00585,28.84
$IMU,246.495,1.525,2.807,-4.089,0.04541,0.04150,1.01074,28.84
$IMU,246.497,0.610,1.525,-4.089,0.05126,0.03955,1.01708,28.84
$IMU,246.500,0.122,0.488,-4.211,0.04638,0.03320,1.02587,28.84
$IMU,246.502,-0.793,0.244,-4.577,0.04492,0.02832,1.01953,28.84
$MAG,246.503,-0.235,0.051,-0.910,27.7
$IMU,246.505,-1.892,0.610,-4.699,0.04687,0.03564,1.01367,28.84
$IMU,246.507,-2.868,0.122,-4.516,0.04931,0.04150,1.01416,28.84
$IMU,246.509,-4.150,-0.061,-4.455,0.05615,0.04394,1.00830,28.84
$IMU,246.512,-5.310,-0.488,-4.272,0.05957,0.04687,1.00292,28.84
$MAG,246.513,-0.222,0.063,-0.907,27.7
$IMU,246.514,-6.103,-1.586,-4.150,0.05957,0.04980,1.00830,28.83
$HUM,246.516,35.6,29.2
$IMU,246.516,-6.835,-2.685,-4.089,0.05957,0.04443,1.01171,28.83
$IMU,246.519,-7.690,-3.295,-4.150,0.06005,0.03662,1.01416,28.83
$IMU,246.521,-8.361,-3.479,-4.211,0.05664,0.03173,1.01416,28.83
$MAG,246.523,-0.229,0.052,-0.913,27.6
$IMU,246.523,-8.850,-3.784,-3.967,0.05712,0.03222,1.01367,28.83
$IMU,246.526,-9.277,-3.784,-3.784,0.05810,0.03125,1.01171,28.83
$IMU,246.528,-9.521,-3.662,-3.784,0.06152,0.03125,1.00976,28.83
$IMU,246.530,-9.643,-3.723,-3.845,0.07031,0.03271,1.00000,28.83
$MAG,246.533,-0.229,0.058,-0.907,27.7
$IMU,246.533,-9.582,-3.662,-3.906,0.06347,0.03125,0.99218,28.82
$IMU,246.535,-9.399,-2.990,-4.089,0.07080,0.03271,0.98632,28.82
$IMU,246.537,-8.666,-2.502,-4.577,0.07568,0.02978,0.98730,28.82
$IMU,246.540,-7.873,-2.136,-4.882,0.07226,0.02880,0.99072,28.82
$IMU,246.542,-7.202,-1.708,-5.187,0.06738,0.02978,0.99707,28.82
$MAG,246.543,-0.225,0.066,-0.904,27.7
$IMU,246.544,-6.164,-1.586,-5.493,0.06445,0.02490,1.01025,28.82
$IMU,246.547,-4.882,-1.647,-5.859,0.06152,0.02148,1.02539,28.82
$IMU,246.549,-3.662,-1.464,-6.225,0.06054,0.01660,1.03857,28.82
$IMU,246.551,-2.441,-0.793,-6.469,0.05517,0.01708,1.04882,28.88
$MAG,246.553,-0.228,0.066,-0.915,27.8
$BARO,246.554,86412.42,28.78
$IMU,246.554,-0.976,0.061,-6.835,0.05517,0.02343,1.04443,28.88
$IMU,246.556,0.366,0.549,-7.202,0.05371,0.02734,1.04296,28.88
$IMU,246.558,1.403,1.098,-7.324,0.05859,0.02001,1.04687,28.88
$IMU,246.561,2.746,1.892,-7.446,0.05517,0.02832,1.03320,28.88
$MAG,246.563,-0.232,0.057,-0.910,27.7
$IMU,246.563,3.540,3.051,-7.446,0.05468,0.03320,1.01171,28.88
$IMU,246.566,3.784,3.295,-7.507,0.05664,0.03076,1.00146,28.88
$IMU,246.568,3.906,3.417,-7.568,0.06347,0.02539,0.99658,28.88
$IMU,246.570,4.211,3.234,-7.568,0.07373,0.01416,0.99658,28.83
$MAG,246.573,-0.225,0.051,-0.916,27.8
$IMU,246.573,4.516,3.784,-7.507,0.07910,0.00976,1.00146,28.83
$IMU,246.575,4.699,4.394,-7.324,0.08398,0.00146,1.01220,28.83
$IMU,246.577,5.493,5.126,-7.080,0.08496,0.00244,1.01123,28.83
$IMU,246.580,6.347,5.859,-6.958,0.08007,0.01416,1.00439,28.83
$IMU,246.582,6.591,5.371,-6.652,0.07714,0.01464,1.00976,28.83
$MAG,246.583,-0.229,0.058,-0.916,27.7
$IMU,246.584,6.835,4.760,-6.347,0.07812,0.00683,1.01367,28.83
$IMU,246.587,6.835,4.882,-5.981,0.07324,-0.00683,1.01611,28.83
$IMU,246.589,6.896,5.126,-5.554,0.07421,-0.00634,1.01318,28.83
$IMU,246.591,6.591,5.615,-5.126,0.06933,-0.00097,1.00146,28.83
$MAG,246.593,-0.223,0.051,-0.909,27.7
$IMU,246.594,5.920,5.493,-4.394,0.06298,0.00146,0.99755,28.83
$IMU,246.596,5.065,4.943,-3.295,0.07666,0.01123,0.99316,28.83
$IMU,246.598,4.394,4.638,-2.746,0.07373,0.00976,0.99658,28.83
$IMU,246.601,3.723,4.638,-2.136,0.06250,0.01953,0.98535,28.83
$MAG,246.603,-0.223,0.064,-0.907,27.6
$IMU,246.603,2.868,4.150,-1.708,0.05810,0.01855,0.98242,28.83
$IMU,246.605,1.892,3.845,-1.403,0.06250,0.01904,0.98583,28.83
$IMU,246.608,0.976,4.577,-1.159,0.05908,0.01708,0.98681,28.85
$IMU,246.610,0.366,4.882,-0.976,0.05175,0.02050,0.98583,28.85
$IMU,246.612,-0.305,4.638,-0.732,0.05126,0.02929,0.98730,28.85
$MAG,246.613,-0.226,0.054,-0.906,27.7
$IMU,246.615,-0.854,4.211,-0.671,0.05371,0.03613,0.99414,28.85
$IMU,246.617,-1.586,3.845,-0.671,0.05908,0.03857,1.00146,28.85
$IMU,246.619,-2.075,3.234,-0.732,0.05517,0.03955,1.00634,28.85
$IMU,246.622,-2.502,2.868,-0.793,0.05273,0.03417,1.01513,28.85
$MAG,246.624,-0.226,0.052,-0.916,27.8
$IMU,246.624,-2.990,2.258,-0.854,0.05126,0.02001,1.01806,28.85
$IMU,246.627,-3.479,1.770,-0.854,0.04833,0.01416,1.01953,28.85
$IMU,246.629,-3.906,1.464,-0.671,0.04638,0.01464,1.02050,28.85
$IMU,246.631,-4.394,1.403,-0.671,0.04443,0.01757,1.02148,28.85
$MAG,246.634,-0.229,0.064,-0.900,27.7
$IMU,246.634,-5.004,1.098,-0.732,0.04589,0.02441,1.02587,28.85
$IMU,246.636,-5.676,0.732,-0.976,0.03955,0.02490,1.02587,28.85
$IMU,246.638,-6.347,0.427,-1.098,0.03808,0.02343,1.02685,28.85
$IMU,246.641,-7.019,0.000,-1.281,0.03613,0.01806,1.02685,28.85
$IMU,246.643,-7.690,-0.244,-1.464,0.03662,0.01562,1.02685,28.85
$MAG,246.644,-0.231,0.072,-0.910,27.7
$IMU,246.645,-8.361,-0.549,-1.586,0.03955,0.01464,1.02441,28.85
$IMU,246.648,-8.911,-0.854,-1.708,0.04882,0.01269,1.02929,28.85
$IMU,246.650,-9.338,-1.708,-1.770,0.04687,0.00634,1.03222,28.85
$IMU,246.652,-9.521,-2.014,-1.892,0.05322,0.00341,1.03320,28.85
$MAG,246.654,-0.228,0.063,-0.906,27.8
$BARO,246.655,86408.83,28.77
$IMU,246.655,-9.643,-2.258,-2.075,0.04980,-0.00244,1.03125,28.85
$IMU,246.657,-9.643,-2.685,-2.197,0.04882,-0.00390,1.02832,28.85
$IMU,246.659,-9.887,-3.295,-2.258,0.05468,-0.00341,1.02783,28.85
$IMU,246.662,-9.704,-3.784,-2.258,0.05224,-0.00439,1.02490,28.85
$MAG,246.664,-0.222,0.060,-0.907,27.7
$IMU,246.664,-9.460,-4.150,-2.258,0.05664,0.00244,1.02392,28.84
$IMU,246.666,-9.094,-4.516,-2.502,0.06494,0.00488,1.02148,28.84
$IMU,246.669,-8.728,-4.638,-2.624,0.06640,0.00097,1.01806,28.84
$IMU,246.671,-8.239,-4.821,-2.685,0.06542,0.00439,1.01757,28.84
$IMU,246.673,-7.812,-5.126,-2.746,0.06591,0.00634,1.01611,28.84
$MAG,246.674,-0.226,0.060,-0.909,28.1
$IMU,246.676,-7.324,-5.310,-2.807,0.06591,0.01123,1.01318,28.84
$IMU,246.678,-6.774,-5.737,-2.807,0.06445,0.00927,1.00878,28.84
$IMU,246.680,-6.652,-5.249,-2.746,0.06152,0.00390,1.00830,28.84
$IMU,246.683,-6.713,-4.943,-2.502,0.05859,-0.00146,1.00732,28.84
$MAG,246.684,-0.222,0.063,-0.904,27.7
$IMU,246.685,-6.530,-4.821,-2.197,0.06152,-0.00097,1.00634,28.84
$IMU,246.687,-6.286,-4.699,-2.014,0.06152,-0.00195,1.00830,28.84
$IMU,246.690,-5.981,-4.394,-2.075,0.06103,-0.00439,1.01074,28.84
$IMU,246.692,-5.554,-3.967,-2.197,0.06250,-0.00146,1.01220,28.84
$MAG,246.694,-0.226,0.066,-0.910,27.7
$IMU,246.695,-5.065,-3.417,-2.014,0.06445,0.00439,1.01318,28.84
$IMU,246.697,-4.333,-3.234,-1.892,0.06494,0.01269,1.01269,28.84
$IMU,246.699,-3.723,-3.173,-1.892,0.06396,0.02392,1.01806,28.84
$IMU,246.702,-2.990,-3.173,-2.014,0.06494,0.02490,1.01855,28.85
$MAG,246.704,-0.231,0.060,-0.906,27.7
$IMU,246.704,-2.441,-2.990,-2.075,0.06591,0.02441,1.01708,28.85
$IMU,246.706,-2.014,-2.929,-2.197,0.06250,0.02490,1.01953,28.85
$IMU,246.709,-1.831,-2.563,-2.319,0.06640,0.02294,1.01806,28.85
$IMU,246.711,-1.831,-2.319,-2.319,0.06591,0.02050,1.02050,28.85
$IMU,246.713,-2.075,-2.136,-2.441,0.06445,0.01660,1.02441,28.85
$MAG,246.714,-0.231,0.070,-0.904,27.7
$IMU,246.716,-2.014,-1.831,-2.563,0.06250,0.01171,1.02197,28.85
$IMU,246.718,-2.197,-1.220,-2.624,0.06250,0.01464,1.02734,28.85
$IMU,246.720,-2.258,-1.098,-2.624,0.06494,0.01171,1.02539,28.85
$IMU,246.723,-2.319,-0.549,-2.624,0.06689,0.01660,1.02734,28.85
$MAG,246.724,-0.226,0.064,-0.918,28.0
$IMU,246.725,-2.380,-0.183,-2.441,0.06738,0.01855,1.02539,28.85
$IMU,246.727,-2.502,0.122,-2.380,0.06835,0.02050,1.02148,28.85
$IMU,246.730,-2.502,0.549,-2.441,0.06347,0.01562,1.01611,28.85
$IMU,246.732,-2.441,0.549,-2.624,0.06494,0.01416,1.01464,28.85
$MAG,246.734,-0.226,0.066,-0.915,28.1
$IMU,246.734,-2.380,0.183,-2.685,0.06445,0.01171,1.01855,28.85
$IMU,246.737,-2.319,-0.244,-2.868,0.06542,0.00634,1.02294,28.85
$IMU,246.739,-2.441,-0.854,-3.051,0.06787,0.00439,1.02539,28.85
$IMU,246.741,-3.051,-0.976,-3.051,0.06884,0.00195,1.03027,28.85
$IMU,246.744,-3.723,-1.098,-3.051,0.06640,0.00292,1.02880,28.85
$MAG,246.745,-0.219,0.064,-0.906,27.6
$IMU,246.746,-4.516,-1.281,-3.173,0.06445,0.00439,1.02832,28.85
$IMU,246.748,-5.065,-1.708,-3.173,0.06396,0.00244,1.02832,28.85
$IMU,246.751,-5.371,-2.380,-3.051,0.06347,0.00195,1.02636,28.85
$IMU,246.753,-5.920,-2.563,-2.868,0.06347,0.00341,1.01806,28.85
$MAG,246.755,-0.220,0.069,-0.910,27.7
$IMU,246.756,-6.530,-2.624,-2.624,0.06396,-0.00390,1.00878,28.85
$BARO,246.757,86413.95,28.78
$IMU,246.758,-7.263,-2.929,-2.380,0.06982,-0.00732,1.00878,28.87
$IMU,246.760,-7.507,-3.479,-2.136,0.06494,-0.01025,1.00830,28.87
$IMU,246.763,-7.690,-3.845,-2.014,0.06494,-0.01416,1.00781,28.87
$MAG,246.765,-0.225,0.064,-0.909,27.7
$IMU,246.765,-7.507,-4.699,-1.953,0.06396,-0.01171,1.00976,28.87
$IMU,246.767,-7.446,-5.187,-1.892,0.06396,-0.00683,1.00927,28.87
$IMU,246.770,-7.385,-5.432,-1.708,0.06494,-0.00585,1.00732,28.87
$IMU,246.772,-7.263,-5.615,-1.464,0.06640,-0.00732,1.00097,28.87
$IMU,246.774,-7.324,-5.737,-1.342,0.06494,-0.00927,0.99902,28.87
$MAG,246.775,-0.220,0.066,-0.910,27.8
$IMU,246.777,-7.141,-5.676,-1.220,0.06250,-0.00634,0.99707,28.86
$IMU,246.779,-6.958,-5.615,-1.098,0.05566,-0.00244,0.99658,28.86
$IMU,246.781,-6.958,-5.432,-1.037,0.05419,0.00439,0.99609,28.86
$IMU,246.784,-6.835,-5.249,-0.854,0.05468,0.00488,0.99511,28.86
$MAG,246.785,-0.238,0.073,-0.916,27.7
$IMU,246.786,-7.019,-4.882,-0.732,0.05810,0.00390,0.99707,28.86
$IMU,246.788,-7.202,-4.638,-0.549,0.06054,0.00439,0.99902,28.86
$IMU,246.791,-7.141,-4.272,-0.366,0.06103,0.00341,1.00244,28.86
$IMU,246.793,-6.713,-4.760,-0.305,0.07666,0.02636,0.98876,28.86
$MAG,246.795,-0.232,0.066,-0.913,27.8
$IMU,246.795,-5.371,-6.103,-0.732,0.07910,0.00390,1.02880,28.80
$IMU,246.798,-5.371,-4.089,-0.183,0.04589,-0.02587,1.00878,28.80
$IMU,246.800,-5.310,-3.784,0.183,0.04541,-0.01562,0.98583,28.80
$IMU,246.802,-4.760,-4.699,0.122,0.05859,0.00927,0.99853,28.80
$MAG,246.805,-0.228,0.072,-0.912,27.8
$IMU,246.805,-4.699,-3.906,0.061,0.05419,0.01269,1.00683,28.80
$IMU,246.807,-4.943,-2.441,0.061,0.04443,0.01074,0.99072,28.80
$IMU,246.809,-4.821,-1.831,0.061,0.04687,0.01074,0.99023,28.80
$IMU,246.812,-4.150,-1.770,-0.122,0.05126,0.00048,0.98974,28.80
$IMU,246.814,-3.723,-1.342,-0.488,0.05664,-0.00390,0.99462,28.85
$MAG,246.815,-0.238,0.064,-0.903,27.7
$IMU,246.817,-3.295,-0.915,-0.610,0.05566,0.00244,0.99462,28.85
$IMU,246.819,-3.234,-0.122,-0.671,0.05712,0.00097,0.99658,28.85
$IMU,246.821,-3.112,0.366,-0.793,0.06103,0.00195,1.00195,28.85
$IMU,246.824,-2.807,0.427,-0.915,0.06542,-0.00048,1.00976,28.85
$MAG,246.825,-0.237,0.067,-0.904,27.7
$IMU,246.826,-2.502,0.610,-0.854,0.06542,-0.00146,1.01562,28.85
$IMU,246.828,-2.136,0.732,-0.854,0.06835,-0.00683,1.02246,28.85
$IMU,246.831,-1.831,0.854,-1.037,0.06738,-0.00830,1.01757,28.85
$IMU,246.833,-1.525,1.342,-1.037,0.06738,-0.00830,1.01904,28.83
$MAG,246.835,-0.228,0.070,-0.904,27.7
$IMU,246.835,-1.281,1.708,-1.159,0.06738,-0.00976,1.01904,28.83
$IMU,246.838,-0.976,1.647,-1.342,0.07177,-0.00634,1.02001,28.83
$IMU,246.840,-0.488,1.281,-1.525,0.07080,-0.00537,1.02050,28.83
$IMU,246.842,-0.122,1.159,-1.708,0.07958,-0.00244,1.02539,28.83
$MAG,246.845,-0.222,0.067,-0.910,27.7
$IMU,246.845,0.183,0.915,-1.770,0.07666,0.00000,1.02783,28.83
$IMU,246.847,0.427,0.671,-1.647,0.07568,0.00048,1.02685,28.83
$IMU,246.849,0.610,0.610,-1.525,0.07812,0.00146,1.02246,28.83
$IMU,246.852,0.854,0.244,-1.403,0.07714,0.00439,1.01953,28.87
$IMU,246.854,0.976,0.122,-1.342,0.07519,0.00048,1.01562,28.87
$MAG,246.855,-0.226,0.073,-0.910,27.7
$IMU,246.856,0.915,0.000,-1.159,0.07080,0.00000,1.01464,28.87
$BARO,246.858,86413.42,28.78
$IMU,246.859,0.915,-0.122,-0.915,0.07617,0.00439,1.01757,28.87
$IMU,246.861,0.793,-0.122,-0.549,0.06787,-0.00097,1.01562,28.87
$IMU,246.863,0.427,0.244,-0.183,0.06542,-0.00244,1.01269,28.87
$MAG,246.866,-0.228,0.075,-0.915,27.7
$IMU,246.866,0.000,0.366,0.061,0.06640,-0.00976,1.00976,28.87
$IMU,246.868,-0.183,0.305,0.305,0.07177,-0.01269,1.00634,28.87
$IMU,246.870,-0.183,0.122,0.488,0.07275,-0.01318,1.00585,28.84
$IMU,246.873,-0.183,-0.122,0.732,0.07080,-0.01220,1.01074,28.84
$IMU,246.875,-0.183,-0.488,0.976,0.06933,-0.00976,1.01367,28.84
$MAG,246.876,-0.228,0.069,-0.906,27.7
$IMU,246.878,-0.244,-0.854,1.159,0.06494,-0.00732,1.01757,28.84
$IMU,246.880,-0.427,-1.403,1.342,0.06152,-0.00390,1.01611,28.84
$IMU,246.882,-1.037,-1.708,1.464,0.06250,-0.01025,1.01562,28.84
$IMU,246.885,-1.647,-2.075,1.647,0.05957,-0.01025,1.01708,28.84
$MAG,246.886,-0.228,0.070,-0.907,27.7
$IMU,246.887,-2.258,-2.624,1.831,0.05859,-0.01123,1.01318,28.84
$IMU,246.889,-2.746,-3.295,2.014,0.05712,-0.01269,1.01171,28.83
$IMU,246.892,-3.112,-3.662,2.258,0.05664,-0.02001,1.00878,28.83
$IMU,246.894,-3.723,-3.784,2.319,0.05517,-0.02685,1.00195,28.83
$MAG,246.896,-0.228,0.070,-0.901,27.7
$IMU,246.896,-4.211,-3.845,2.441,0.05664,-0.02880,1.00195,28.83
$IMU,246.899,-4.516,-3.967,2.563,0.06054,-0.02539,1.00244,28.83
$IMU,246.901,-4.821,-4.211,2.441,0.06103,-0.02050,1.00146,28.83
$IMU,246.903,-4.821,-4.699,2.319,0.06250,-0.02099,1.00585,28.83
$MAG,246.906,-0.231,0.070,-0.916,27.7
$IMU,246.906,-4.760,-5.004,2.319,0.06005,-0.01904,1.00537,28.83
$IMU,246.908,-4.882,-5.126,2.075,0.05908,-0.01904,1.00683,28.82
$IMU,246.910,-4.882,-5.065,1.831,0.05078,-0.01464,1.00781,28.82
$IMU,246.913,-4.821,-5.065,1.525,0.04736,-0.01318,1.00781,28.82
$IMU,246.915,-4.821,-5.004,1.403,0.04882,-0.01318,1.00683,28.82
$MAG,246.916,-0.235,0.076,-0.909,27.7
$IMU,246.917,-4.638,-4.699,1.281,0.05078,-0.01611,1.00537,28.82
$IMU,246.920,-4.150,-4.394,1.098,0.05419,-0.01367,1.00927,28.82
$IMU,246.922,-3.845,-4.150,0.915,0.05419,-0.01025,1.00878,28.82
$IMU,246.924,-3.540,-4.028,0.549,0.05810,-0.01171,1.00927,28.82
$MAG,246.926,-0.226,0.075,-0.913,27.7
$IMU,246.927,-3.234,-3.723,0.366,0.06152,-0.01318,1.01025,28.82
$IMU,246.929,-3.112,-3.173,0.183,0.06201,-0.01562,1.00878,28.82
$IMU,246.931,-2.868,-2.807,0.122,0.06445,-0.01806,1.01171,28.82
$IMU,246.934,-2.685,-2.197,0.061,0.07080,-0.01904,1.00537,28.82
$MAG,246.936,-0.235,0.066,-0.913,27.7
$IMU,246.936,-2.380,-1.770,0.000,0.07177,-0.01660,1.00732,28.82
$IMU,246.939,-2.014,-1.281,-0.183,0.07226,-0.01708,1.00585,28.82
$IMU,246.941,-1.831,-0.549,-0.427,0.07275,-0.01123,1.00439,28.82
$IMU,246.943,-1.525,-0.061,-0.610,0.07275,-0.00830,1.00439,28.82
$MAG,246.946,-0.241,0.069,-0.912,28.0
$IMU,246.946,-1.403,0.305,-0.549,0.07666,-0.00732,1.00439,28.85
$IMU,246.948,-1.525,1.098,-0.488,0.07324,-0.01025,1.00537,28.85
$IMU,246.950,-1.281,1.525,-0.305,0.07568,-0.00976,1.00537,28.85
$IMU,246.953,-1.098,2.075,-0.244,0.07275,-0.00976,1.00634,28.85
$IMU,246.955,-0.854,2.746,-0.244,0.06884,-0.00927,1.00341,28.85
$MAG,246.956,-0.240,0.073,-0.913,27.8
$IMU,246.957,-0.610,3.173,-0.305,0.07128,-0.00830,1.00244,28.85
$BARO,246.959,86420.61,28.78
$IMU,246.960,-0.488,3.356,-0.366,0.07080,-0.00830,1.00244,28.85
$IMU,246.962,-0.488,3.479,-0.427,0.07080,-0.00976,1.00341,28.85
$IMU,246.964,-0.488,3.662,-0.366,0.06689,-0.01025,1.00390,28.84
$MAG,246.966,-0.232,0.075,-0.913,27.7
$IMU,246.967,-0.488,3.356,-0.305,0.06494,-0.00195,1.00781,28.84
$IMU,246.969,-0.671,3.417,-0.061,0.06542,-0.00292,1.01074,28.84
$IMU,246.971,-0.671,3.234,0.061,0.07031,-0.01562,1.01464,28.84
$IMU,246.974,-0.488,2.868,0.305,0.07226,-0.01708,1.01660,28.84
$TIME,246.976,446463.000,2399
$IMU,246.976,-0.488,2.807,0.671,0.07177,-0.00878,1.01660,28.84
$MAG,246.976,-0.229,0.075,-0.909,27.8
$IMU,246.978,-0.549,2.441,1.098,0.07421,-0.00537,1.01464,28.84
$IMU,246.981,-0.854,2.380,1.342,0.07519,-0.00488,1.01513,28.84
$IMU,246.983,-1.159,2.319,1.464,0.07421,-0.00683,1.01318,28.84
$IMU,246.985,-1.281,2.075,1.708,0.07763,-0.00292,1.00976,28.84
$MAG,246.986,-0.229,0.073,-0.907,28.0
$IMU,246.988,-1.708,1.892,1.953,0.07666,0.00195,1.00683,28.84
$IMU,246.990,-2.014,1.770,2.075,0.07568,-0.00634,1.00976,28.84
$IMU,246.992,-2.319,1.403,2.197,0.07470,-0.01367,1.01513,28.84
$IMU,246.995,-2.380,1.098,2.380,0.07421,-0.01513,1.01464,28.84
$MAG,246.997,-0.237,0.072,-0.901,28.0
$IMU,246.997,-2.441,1.037,2.502,0.07275,-0.01562,1.01464,28.84
$IMU,247.000,-2.441,0.793,2.685,0.07080,-0.01806,1.01074,28.84
$IMU,247.002,-2.441,0.488,2.685,0.07275,-0.01904,1.01171,28.84
$IMU,247.004,-2.380,0.366,2.685,0.06982,-0.01855,1.00683,28.84
$MAG,247.007,-0.232,0.070,-0.909,27.7
$IMU,247.007,-2.319,0.305,2.746,0.06787,-0.01269,1.00537,28.84
$IMU,247.009,-2.319,0.183,2.868,0.06884,-0.01611,1.00927,28.84
$IMU,247.011,-2.441,-0.122,2.929,0.07226,-0.01757,1.00537,28.84
$IMU,247.014,-2.685,0.122,3.112,0.07470,-0.01904,1.00634,28.84
$IMU,247.016,-2.807,-0.122,3.234,0.07128,-0.02343,1.00732,28.84
$MAG,247.017,-0.232,0.072,-0.904,27.7
$IMU,247.018,-2.990,-0.427,3.479,0.07226,-0.02392,1.00732,28.84
$IMU,247.021,-3.051,-0.305,3.723,0.07177,-0.02294,1.00830,28.83
$IMU,247.023,-3.295,-0.122,3.967,0.07226,-0.02636,1.00878,28.83
$IMU,247.025,-3.356,-0.488,4.394,0.07031,-0.03320,1.01074,28.83
$IMU,247.028,-3.601,-0.427,4.821,0.07177,-0.02539,1.01464,28.83
$MAG,247.027,-0.238,0.069,-0.907,27.8
$IMU,247.030,-3.662,-0.488,4.943,0.06933,-0.02343,1.01513,28.83
$IMU,247.032,-3.723,-0.732,5.004,0.06494,-0.02441,1.01660,28.83
$IMU,247.035,-3.601,-0.671,5.065,0.06982,-0.02148,1.01220,28.83
$MAG,247.037,-0.235,0.066,-0.913,27.8
$IMU,247.037,-3.356,-0.915,4.821,0.07617,-0.02001,1.01074,28.83
$IMU,247.039,-3.051,-1.281,4.394,0.07763,-0.01757,1.01220,28.80
$IMU,247.042,-2.624,-1.342,3.906,0.07714,-0.02197,1.01318,28.80
$IMU,247.044,-2.319,-1.159,3.417,0.07568,-0.02441,1.01367,28.80
$IMU,247.046,-1.892,-1.220,3.112,0.08056,-0.01562,1.00146,28.80
$MAG,247.047,-0.238,0.076,-0.906,27.7
$IMU,247.049,-0.671,-2.624,2.746,0.09082,-0.01171,1.03320,28.80
$IMU,247.051,-0.671,-1.098,2.929,0.06787,-0.03613,1.03515,28.80
$IMU,247.053,-0.671,-0.244,3.112,0.06201,-0.02929,1.01367,28.80
$IMU,247.056,-0.061,-1.281,2.929,0.07177,-0.00634,1.02929,28.80
$MAG,247.057,-0.234,0.076,-0.912,27.7
$IMU,247.058,0.061,-0.915,2.441,0.07519,-0.00390,1.04492,28.86
$BARO,247.061,86415.44,28.78
$IMU,247.061,0.122,-0.122,2.380,0.06347,-0.00830,1.03955,28.86
$IMU,247.063,0.427,0.183,2.258,0.05908,-0.00781,1.03027,28.86
$IMU,247.065,1.037,0.488,2.319,0.06250,-0.00732,1.02539,28.86
$MAG,247.067,-0.232,0.069,-0.912,27.6
$IMU,247.068,1.892,0.610,2.197,0.06542,-0.00878,1.02050,28.86
$IMU,247.070,2.502,1.037,1.831,0.07714,-0.01025,1.01660,28.86
$VBAT,247.071,4.140
$IMU,247.072,3.112,1.403,1.403,0.07958,-0.01025,1.01611,28.86
$IMU,247.075,3.540,1.708,1.037,0.07470,-0.00781,1.01220,28.86
$MAG,247.077,-0.229,0.076,-0.912,27.7
$IMU,247.077,3.906,2.014,0.732,0.07421,-0.00878,1.01025,28.85
$IMU,247.079,4.394,2.014,0.549,0.07519,-0.00683,1.01611,28.85
$IMU,247.082,4.882,1.953,0.366,0.07617,-0.01318,1.01855,28.85
$IMU,247.084,5.310,2.197,0.366,0.07177,-0.02050,1.02050,28.85
$IMU,247.086,5.798,2.502,0.305,0.07470,-0.02490,1.01855,28.85
$MAG,247.087,-0.226,0.067,-0.906,27.7
$IMU,247.089,5.798,2.868,0.366,0.07128,-0.01953,1.01757,28.85
$IMU,247.091,5.737,3.356,0.366,0.07373,-0.01318,1.01660,28.85
$IMU,247.093,5.615,3.540,0.000,0.08642,-0.00683,1.01708,28.85
$IMU,247.096,5.554,3.417,-0.671,0.08251,-0.00585,1.01757,28.85
$MAG,247.097,-0.232,0.073,-0.909,28.1
$IMU,247.098,5.676,3.051,-0.976,0.08105,-0.00390,1.01464,28.85
$IMU,247.100,5.676,2.563,-0.732,0.08300,0.00048,1.01904,28.85
$IMU,247.103,5.004,2.258,-0.366,0.08398,0.00146,1.02685,28.85
$IMU,247.105,4.272,1.464,0.122,0.08349,-0.00390,1.03564,28.85
$IMU,247.107,3.540,1.098,0.427,0.08056,-0.00488,1.03955,28.85
$MAG,247.108,-0.228,0.064,-0.913,27.8
$IMU,247.110,3.234,0.366,0.488,0.08105,-0.00781,1.03759,28.85
$IMU,247.112,3.051,-0.183,0.488,0.07763,-0.00732,1.03320,28.85
$IMU,247.114,2.563,-0.427,0.427,0.07324,-0.00439,1.02783,28.86
$IMU,247.117,2.075,-0.610,0.488,0.06933,0.00000,1.02246,28.86
$MAG,247.118,-0.234,0.064,-0.909,27.7
$IMU,247.119,1.525,-0.610,0.366,0.06738,-0.00683,1.01611,28.86
$IMU,247.121,1.159,-0.793,0.061,0.06494,-0.01416,1.01904,28.86
$IMU,247.124,0.915,-0.671,-0.183,0.06640,-0.01953,1.01806,28.86
$IMU,247.126,0.976,-0.610,-0.427,0.06640,-0.01855,1.02197,28.86
$MAG,247.128,-0.229,0.078,-0.906,27.8
$IMU,247.129,1.159,-0.671,-0.915,0.06884,-0.01318,1.02050,28.86
$IMU,247.131,1.159,-0.549,-1.159,0.06445,-0.01953,1.01904,28.86
$IMU,247.133,1.342,-0.305,-1.159,0.07031,-0.01025,1.01220,28.83
$IMU,247.136,1.281,-0.488,-1.525,0.07373,-0.00488,1.01318,28.83
$MAG,247.138,-0.231,0.075,-0.915,27.7
$IMU,247.138,1.159,-0.793,-1.770,0.07324,0.00390,1.01660,28.83
$IMU,247.140,0.610,-0.793,-1.953,0.07031,0.01123,1.02050,28.83
$IMU,247.143,-0.183,-0.793,-1.831,0.06445,0.01416,1.01904,28.83
$IMU,247.145,-0.610,-0.976,-1.831,0.06201,0.00927,1.01953,28.83
$IMU,247.147,-0.793,-0.854,-1.953,0.06103,-0.00732,1.01708,28.83
$MAG,247.148,-0.234,0.072,-0.915,27.7
$IMU,247.150,-0.671,-1.037,-2.380,0.05957,-0.01269,1.01318,28.83
$IMU,247.152,-0.305,-1.220,-2.807,0.05664,-0.01464,1.00830,28.86
$IMU,247.154,-0.427,-0.610,-3.051,0.05517,-0.01025,1.00390,28.86
$IMU,247.157,-0.671,-0.122,-3.295,0.05517,-0.01660,0.99755,28.86
$MAG,247.158,-0.237,0.064,-0.906,27.8
$IMU,247.159,-0.732,-0.122,-3.540,0.05566,-0.01318,0.99267,28.86
$IMU,247.161,-0.915,-0.061,-3.723,0.06005,-0.00878,0.99072,28.86
$BARO,247.162,86416.02,28.78
$IMU,247.164,-1.159,0.000,-3.967,0.05810,-0.00830,0.99121,28.86
$IMU,247.166,-1.403,-0.244,-4.089,0.06250,-0.00732,0.99218,28.86
$MAG,247.168,-0.228,0.076,-0.904,27.7
$IMU,247.168,-1.708,-0.366,-4.089,0.06201,-0.00976,0.99658,28.86
$IMU,247.171,-1.770,-0.244,-4.028,0.05957,-0.01416,0.99804,28.83
$IMU,247.173,-1.770,-0.305,-4.150,0.06982,-0.00732,0.99804,28.83
$IMU,247.175,-1.770,-0.610,-4.455,0.06884,-0.01074,1.00732,28.83
$MAG,247.178,-0.229,0.075,-0.904,27.7
$IMU,247.178,-1.708,-0.793,-4.516,0.06933,-0.01220,1.00634,28.83
$IMU,247.180,-1.892,-0.976,-4.394,0.07080,-0.01562,1.00244,28.83
$IMU,247.182,-2.258,-0.976,-4.089,0.06835,-0.00781,1.00195,28.83
$IMU,247.185,-2.197,-1.220,-3.967,0.06933,-0.00878,1.00097,28.83
$IMU,247.187,-2.075,-1.098,-4.089,0.07031,-0.01318,1.00048,28.83
$MAG,247.188,-0.237,0.078,-0.909,28.0
$IMU,247.190,-1.831,-0.793,-4.272,0.06884,-0.01416,0.99853,28.88
$IMU,247.192,-1.647,-0.244,-4.394,0.06835,-0.01513,0.99218,28.88
$IMU,247.194,-1.464,0.305,-4.394,0.06835,-0.01708,0.99169,28.88
$IMU,247.197,-1.647,0.915,-4.455,0.06884,-0.01416,0.99023,28.88
$MAG,247.198,-0.225,0.073,-0.907,27.7
$IMU,247.199,-1.647,1.403,-4.394,0.06787,-0.01367,0.99121,28.88
$IMU,247.201,-1.464,2.075,-4.455,0.06689,-0.01367,0.99609,28.88
$IMU,247.204,-1.403,2.258,-4.394,0.07031,-0.01025,1.00146,28.88
$IMU,247.206,-1.525,2.807,-4.333,0.07177,-0.01123,1.00634,28.88
$MAG,247.208,-0.241,0.070,-0.912,27.7
$IMU,247.208,-1.220,2.990,-4.333,0.06835,-0.01562,1.00878,28.88
$IMU,247.211,-1.098,2.807,-4.455,0.06298,-0.01708,1.01123,28.88
$IMU,247.213,-1.098,2.868,-4.455,0.06640,-0.01904,1.00927,28.88
$IMU,247.215,-1.159,2.929,-4.333,0.06787,-0.02148,1.00830,28.88
$MAG,247.218,-0.222,0.069,-0.910,27.7
$IMU,247.218,-1.342,3.234,-4.333,0.06787,-0.02148,1.00585,28.88
$IMU,247.220,-1.281,2.990,-4.272,0.07226,-0.01806,1.00292,28.88
$IMU,247.222,-1.281,2.502,-4.028,0.07373,-0.01611,1.00439,28.88
$IMU,247.225,-1.403,2.197,-3.784,0.07324,-0.01708,1.00488,28.88
$IMU,247.227,-1.892,1.831,-3.601,0.07519,-0.02099,1.01025,28.85
$MAG,247.229,-0.240,0.064,-0.901,27.7
$IMU,247.229,-2.380,1.220,-3.356,0.06982,-0.01660,1.01611,28.85
$IMU,247.232,-2.990,0.976,-3.051,0.06982,-0.01855,1.01855,28.85
$IMU,247.234,-3.417,0.244,-2.990,0.06396,-0.01953,1.02050,28.85
$IMU,247.236,-3.784,-0.305,-2.929,0.06591,-0.01611,1.02197,28.85
$MAG,247.239,-0.229,0.069,-0.906,28.0
$IMU,247.239,-4.028,-0.671,-3.051,0.06591,-0.01757,1.01953,28.85
$IMU,247.241,-4.272,-1.098,-3.173,0.06152,-0.01367,1.01269,28.85
$IMU,247.243,-4.516,-1.342,-3.173,0.05908,-0.01269,1.00830,28.85
$IMU,247.246,-4.638,-1.770,-3.112,0.05761,-0.00878,1.00292,28.85
$IMU,247.248,-4.699,-2.075,-3.112,0.05908,-0.01171,0.99902,28.85
$MAG,247.249,-0.238,0.063,-0.913,27.6
$IMU,247.251,-4.760,-2.136,-3.112,0.05859,-0.00927,0.99707,28.85
$IMU,247.253,-4.638,-2.258,-3.112,0.05859,-0.01269,0.99755,28.85
$IMU,247.255,-4.638,-2.136,-3.112,0.06250,-0.00683,0.99267,28.85
$IMU,247.258,-4.394,-1.770,-3.051,0.06396,-0.00878,0.99462,28.85
$MAG,247.259,-0.231,0.072,-0.913,27.7
$IMU,247.260,-4.089,-1.892,-3.112,0.06445,-0.01123,0.99560,28.85
$IMU,247.262,-3.845,-1.953,-3.051,0.06445,-0.01220,0.99951,28.85
$BARO,247.264,86418.54,28.79
$IMU,247.265,-3.601,-1.770,-2.990,0.06787,-0.00878,0.99609,28.87
$IMU,247.267,-3.295,-1.647,-2.990,0.07080,-0.00732,0.99658,28.87
$MAG,247.269,-0.232,0.075,-0.907,27.7
$IMU,247.269,-3.051,-1.770,-3.051,0.07373,-0.00781,0.99414,28.87
$IMU,247.272,-2.807,-1.342,-2.929,0.07275,-0.00683,0.99560,28.87
$IMU,247.274,-2.502,-1.342,-2.929,0.07519,-0.00830,0.99511,28.87
$IMU,247.276,-2.197,-1.281,-2.868,0.07470,-0.00927,0.99316,28.87
$MAG,247.279,-0.229,0.076,-0.901,27.8
$IMU,247.279,-1.770,-0.976,-2.868,0.07226,-0.01318,0.98974,28.87
$IMU,247.281,-1.281,-0.549,-2.868,0.07470,-0.01562,0.98779,28.87
$IMU,247.283,-0.854,-0.366,-2.929,0.07617,-0.01123,0.98535,28.83
$IMU,247.286,-0.610,-0.061,-2.746,0.07812,-0.00537,0.98632,28.83
$IMU,247.288,-0.549,0.122,-2.502,0.08300,-0.00048,0.99169,28.83
$MAG,247.289,-0.231,0.069,-0.904,27.6
$IMU,247.290,-0.549,0.122,-2.136,0.08300,-0.00488,0.99755,28.83
$IMU,247.293,-0.793,0.244,-1.708,0.08642,-0.00830,1.00439,28.83
$IMU,247.295,-0.915,0.244,-1.281,0.08789,-0.00976,1.00927,28.83
$IMU,247.297,-0.915,0.244,-1.098,0.08886,-0.01220,1.01220,28.83
$MAG,247.299,-0.235,0.072,-0.909,27.7
$IMU,247.300,-0.671,0.000,-1.037,0.08642,-0.01562,1.00927,28.83
$IMU,247.302,-0.610,0.000,-0.976,0.08349,-0.01855,1.00292,28.87
$IMU,247.304,-0.671,0.061,-0.976,0.08544,-0.02099,0.99414,28.87
$IMU,247.307,-0.915,0.183,-0.976,0.08691,-0.01806,0.99023,28.87
$MAG,247.309,-0.234,0.073,-0.904,27.7
$IMU,247.309,-1.037,0.000,-0.915,0.08105,-0.01318,0.99462,28.87
$IMU,247.312,-1.098,-0.122,-0.793,0.08496,-0.01513,0.99218,28.87
$IMU,247.314,-1.098,-0.122,-0.732,0.08642,-0.01562,0.99755,28.87
$IMU,247.316,-1.098,-0.122,-0.671,0.08496,-0.01953,0.99951,28.87
$MAG,247.319,-0.238,0.070,-0.912,27.7
$IMU,247.319,-1.098,-0.183,-0.549,0.08984,-0.02050,1.00585,28.87
$IMU,247.321,-1.159,-0.244,-0.305,0.08935,-0.02050,1.01171,28.83
$IMU,247.323,-1.342,-0.549,-0.122,0.08642,-0.02392,1.01269,28.83
$IMU,247.326,-1.403,-0.976,0.061,0.08886,-0.02636,1.01708,28.83
$IMU,247.328,-1.586,-1.037,0.122,0.08544,-0.02783,1.01806,28.83
$MAG,247.329,-0.231,0.078,-0.907,28.0
$IMU,247.330,-1.831,-0.793,0.183,0.07861,-0.03027,1.01611,28.83
$IMU,247.333,-2.014,-0.671,0.122,0.07373,-0.02490,1.01611,28.83
$IMU,247.335,-2.136,-0.732,0.122,0.07470,-0.01562,1.00830,28.83
$IMU,247.337,-2.197,-0.549,-0.061,0.07324,-0.00976,1.00927,28.83
$MAG,247.339,-0.232,0.073,-0.909,27.7
$IMU,247.340,-2.380,-0.244,-0.305,0.07080,-0.00488,1.00683,28.87
$IMU,247.342,-2.319,-0.244,-0.427,0.06835,-0.00585,1.01025,28.87
$IMU,247.344,-2.197,0.122,-0.366,0.06640,-0.00488,1.00781,28.87
$IMU,247.347,-2.136,0.366,-0.427,0.06884,-0.00585,1.00830,28.87
$IMU,247.349,-2.075,0.122,-0.305,0.07128,-0.00781,1.00927,28.87
$MAG,247.350,-0.229,0.070,-0.909,27.7
$IMU,247.351,-1.892,0.244,-0.244,0.07470,-0.01220,1.00976,28.87
$IMU,247.354,-1.525,0.183,-0.183,0.07373,-0.01513,1.00781,28.87
$IMU,247.356,-1.281,0.122,-0.305,0.07617,-0.01464,1.00976,28.87
$IMU,247.358,-1.159,0.061,-0.244,0.07177,-0.01757,1.01611,28.86
$MAG,247.360,-0.235,0.085,-0.912,27.7
$IMU,247.361,-1.159,0.000,-0.244,0.06689,-0.01757,1.01611,28.86
$IMU,247.363,-1.281,-0.244,-0.366,0.06982,-0.01806,1.02001,28.86
$BARO,247.365,86413.29,28.79
$IMU,247.365,-1.159,-0.427,-0.427,0.06591,-0.01562,1.02246,28.86
$IMU,247.368,-1.159,-0.549,-0.671,0.06591,-0.01074,1.02343,28.86
$MAG,247.370,-0.225,0.072,-0.909,27.7
$IMU,247.370,-1.342,-0.610,-1.037,0.06542,-0.01171,1.02441,28.86
$IMU,247.373,-1.525,-0.549,-1.159,0.06298,-0.01220,1.02490,28.86
$IMU,247.375,-1.525,-0.549,-1.342,0.06445,-0.01367,1.02539,28.86
