$FLYS,1
$VAR,FIRMWARE_VER,v2024.12.30
$VAR,DEVICE_ID,0017003b3253501720373657
$VAR,SESSION_ID,8758872293a9dc9d463aaf10
$COL,BARO,time,pressure,temperature
$UNIT,BARO,s,Pa,deg C
$COL,HUM,time,humidity,temperature
$UNIT,HUM,s,percent,deg C
$COL,MAG,time,x,y,z,temperature
$UNIT,MAG,s,gauss,gauss,gauss,deg C
$COL,IMU,time,wx,wy,wz,ax,ay,az,temperature
$UNIT,IMU,s,deg/s,deg/s,deg/s,g,g,g,deg C
$COL,TIME,time,tow,week
$UNIT,TIME,s,s,
$COL,VBAT,time,voltage
$UNIT,VBAT,s,volt
$DATA
$IMU,2560.709,8.605,-21.911,-28.076,0.00878,0.04052,0.81640,28.32
$IMU,2560.711,-8.666,-11.535,-12.878,0.00585,0.04687,0.98974,28.32
$IMU,2560.713,-3.112,-3.479,-0.671,0.00585,0.05371,0.99414,28.32
$IMU,2560.716,-0.854,-1.892,3.784,0.01025,0.04736,0.99902,28.32
$IMU,2560.718,-2.868,-4.333,-6.469,0.01562,0.04687,0.99707,28.32
$IMU,2560.721,5.371,2.075,-0.244,0.02050,0.05175,0.99560,28.32
$IMU,2560.723,0.854,10.375,12.329,0.01953,0.05419,1.00244,28.32
$IMU,2560.725,-3.845,18.432,23.925,0.01416,0.05615,1.00634,28.69
$IMU,2560.728,3.479,5.310,3.295,0.01171,0.05810,1.00341,28.69
$IMU,2560.730,10.498,-7.080,-14.526,0.00634,0.06933,1.00976,28.69
$IMU,2560.732,9.826,-6.835,-14.465,0.00000,0.07763,1.01855,28.69
$IMU,2560.735,9.033,-6.469,-13.610,-0.00195,0.07128,1.02148,28.69
$IMU,2560.737,8.056,-6.225,-12.573,0.00390,0.05957,1.01708,28.69
$IMU,2560.739,6.774,-6.225,-12.817,0.00634,0.04882,1.01855,28.69
$IMU,2560.742,5.920,-5.859,-12.634,0.01123,0.04052,1.01562,28.69
$IMU,2560.744,5.676,-5.432,-12.512,0.01708,0.02636,1.01269,28.73
$IMU,2560.746,4.272,-4.760,-11.657,0.02294,0.02001,1.00000,28.73
$IMU,2560.749,-1.708,-1.770,-2.136,0.02197,0.02636,0.99462,28.73
$IMU,2560.751,-2.502,-1.403,0.244,0.01904,0.02832,1.00341,28.73
$IMU,2560.753,-2.136,-1.525,-0.427,0.02490,0.03417,1.00488,28.73
$IMU,2560.756,-1.953,-1.159,-0.305,0.02539,0.04589,1.00683,28.73
$IMU,2560.758,-1.647,-1.220,0.366,0.02099,0.04345,1.01025,28.73
$IMU,2560.760,-1.464,-1.464,-0.061,0.01416,0.03906,1.01074,28.73
$IMU,2560.763,-1.464,-1.403,-0.549,0.01611,0.04052,1.01269,28.73
$IMU,2560.765,-1.586,-1.831,-0.427,0.01708,0.04150,1.01904,28.73
$IMU,2560.767,-2.075,-2.380,-0.488,0.02294,0.04931,1.02539,28.73
$IMU,2560.770,-2.502,-2.380,-0.671,0.02587,0.04882,1.02343,28.73
$IMU,2560.772,-2.136,-2.807,-0.366,0.02246,0.04492,1.02441,28.73
$IMU,2560.774,-2.319,-2.685,-0.488,0.02685,0.03759,1.02587,28.73
$IMU,2560.777,-2.197,-2.380,-0.854,0.02978,0.03808,1.01513,28.73
$IMU,2560.779,-1.464,-1.708,-1.037,0.03125,0.03466,1.01513,28.73
$IMU,2560.782,-1.220,-1.770,-0.976,0.02880,0.03613,1.01708,28.78
$IMU,2560.784,-1.464,-1.831,-1.220,0.03076,0.03613,1.02392,28.78
$IMU,2560.786,-1.647,-1.708,-1.098,0.03173,0.04931,1.02148,28.78
$IMU,2560.789,-1.831,-1.647,-0.488,0.03613,0.05126,1.02734,28.78
$IMU,2560.791,-2.136,-1.464,-0.122,0.03222,0.05468,1.02880,28.78
$IMU,2560.793,-2.624,-1.403,-0.244,0.02685,0.05322,1.02734,28.78
$IMU,2560.796,-3.173,-0.610,-0.366,0.01904,0.05224,1.02050,28.78
$IMU,2560.798,-3.356,-0.549,-0.732,0.01660,0.05126,1.02539,28.78
$IMU,2560.800,-4.028,-0.427,-1.098,0.01904,0.04101,1.01953,28.79
$IMU,2560.803,-4.638,-0.549,-1.098,0.02636,0.03955,1.02001,28.79
$IMU,2560.805,-5.065,-0.549,-0.732,0.03564,0.03857,1.02246,28.79
$IMU,2560.807,-4.882,-0.305,-0.671,0.02685,0.04296,1.01855,28.79
$IMU,2560.810,-4.638,0.183,-1.281,0.01269,0.04541,1.01513,28.79
$IMU,2560.812,-4.211,0.061,-1.525,0.02343,0.05224,1.00341,28.79
$IMU,2560.814,-3.540,0.366,-0.854,0.03320,0.05175,1.00292,28.79
$IMU,2560.817,-3.356,0.671,-0.488,0.02099,0.04785,1.00585,28.79
$IMU,2560.819,-3.662,0.732,-0.671,0.02343,0.04101,1.01220,28.80
$IMU,2560.821,-3.845,0.854,-0.854,0.02001,0.04345,1.01318,28.80
$IMU,2560.824,-3.540,0.915,-0.793,0.01904,0.04443,1.00927,28.80
$IMU,2560.826,-3.601,0.854,-1.037,0.01074,0.04492,1.01367,28.80
$IMU,2560.828,-2.746,-0.244,-1.647,0.02148,0.03173,1.01269,28.80
$IMU,2560.831,3.540,-4.394,-5.798,0.04589,-0.01416,1.05371,28.80
$IMU,2560.833,8.422,-6.164,-9.033,0.03320,-0.02392,1.06005,28.80
$IMU,2560.835,7.019,-2.502,-8.056,0.01904,0.01611,1.00488,28.80
$IMU,2560.838,5.187,0.793,-6.103,0.01318,0.05468,0.95166,28.77
$IMU,2560.840,4.699,1.342,-4.150,0.01416,0.07568,0.94628,28.77
$IMU,2560.843,4.516,0.366,-3.112,0.00634,0.06591,0.96484,28.77
$IMU,2560.845,3.540,-0.549,-2.258,0.00634,0.06298,0.98925,28.77
$IMU,2560.847,2.502,-1.098,-1.892,0.01416,0.05566,1.00292,28.77
$IMU,2560.850,2.380,-2.197,-1.953,0.01757,0.04541,1.01611,28.77
$IMU,2560.852,2.380,-3.051,-2.319,0.01562,0.04345,1.02490,28.77
$IMU,2560.854,2.197,-3.784,-3.051,0.01562,0.04394,1.03027,28.77
$IMU,2560.857,2.075,-4.577,-3.540,0.01757,0.05175,1.03662,28.79
$IMU,2560.859,0.488,-4.577,-3.845,0.01855,0.07861,1.10009,28.79
$IMU,2560.861,-4.394,-1.953,-4.333,0.01806,0.08593,1.13916,28.79
$IMU,2560.864,-9.948,1.525,-4.089,0.03417,0.08154,1.12011,28.79
$IMU,2560.866,-13.854,3.784,-3.601,0.03466,0.07861,1.07568,28.79
$IMU,2560.868,-16.235,4.882,-3.356,0.03955,0.07617,1.06005,28.79
$IMU,2560.871,-18.371,5.859,-3.173,0.02832,0.06591,1.02441,28.79
$IMU,2560.873,-18.066,5.432,-3.173,0.02490,0.03906,0.96826,28.79
$IMU,2560.875,-15.258,3.417,-3.051,0.02392,0.03173,0.94042,28.77
$IMU,2560.878,-12.268,1.892,-2.807,0.01953,0.02783,0.93310,28.77
$IMU,2560.880,-9.460,1.037,-2.563,0.01904,0.02050,0.93554,28.77
$IMU,2560.882,-6.713,0.366,-2.563,0.02001,0.01269,0.93212,28.77
$IMU,2560.885,-3.845,0.000,-2.197,0.02197,0.01464,0.93945,28.77
$IMU,2560.887,-1.342,-0.183,-1.586,0.02392,0.01757,0.93945,28.77
$IMU,2560.889,0.732,-0.244,-1.281,0.02148,0.02294,0.95117,28.77
$IMU,2560.892,2.258,0.122,-1.098,0.01953,0.03710,0.97558,28.77
$IMU,2560.894,2.563,0.488,-0.976,0.01318,0.04687,0.99511,28.78
$IMU,2560.896,2.197,0.793,-0.854,0.00830,0.05029,1.00732,28.78
$IMU,2560.899,1.403,0.793,-0.427,0.00781,0.04931,1.00781,28.78
$IMU,2560.901,0.305,0.671,-0.305,0.00341,0.05126,1.01074,28.78
$IMU,2560.904,-0.122,0.305,-0.305,0.00683,0.05419,1.00683,28.78
$IMU,2560.906,-0.366,0.183,-0.305,0.00976,0.04833,1.00976,28.78
$IMU,2560.908,-0.305,-0.122,-0.366,0.01220,0.04492,1.01171,28.78
$IMU,2560.911,-0.427,-0.488,-0.549,0.01806,0.04199,1.01269,28.78
$IMU,2560.913,-0.732,-0.488,-0.915,0.02001,0.04150,1.01416,28.81
$IMU,2560.915,-0.915,-0.610,-1.342,0.02148,0.03613,1.01123,28.81
$IMU,2560.918,-1.098,-0.793,-2.014,0.02197,0.03076,1.00976,28.81
$IMU,2560.920,-1.159,-0.610,-2.563,0.02197,0.02832,1.01416,28.81
$IMU,2560.922,-1.281,0.000,-2.807,0.02978,0.03369,1.01757,28.81
$IMU,2560.925,-1.708,0.549,-2.685,0.03027,0.04296,1.02392,28.81
$IMU,2560.927,-2.624,1.403,-1.831,0.02978,0.05859,1.02294,28.81
$IMU,2560.929,-3.417,1.892,-1.342,0.02978,0.06103,1.02685,28.81
$IMU,2560.932,-4.028,2.136,-0.976,0.02880,0.05810,1.01660,28.80
$IMU,2560.934,-4.211,2.319,-0.671,0.02294,0.05615,1.01513,28.80
$IMU,2560.936,-4.577,2.258,-0.366,0.02099,0.05273,1.01660,28.80
$IMU,2560.939,-5.065,1.953,-0.305,0.02490,0.04833,1.02343,28.80
$IMU,2560.941,-5.371,1.892,-0.244,0.02783,0.04296,1.02832,28.80
$IMU,2560.943,-5.859,2.319,-0.183,0.03027,0.04541,1.02978,28.80
$IMU,2560.946,-6.103,2.563,-0.183,0.03125,0.04052,1.02441,28.80
$IMU,2560.948,-6.225,2.929,0.122,0.03076,0.03955,1.02246,28.80
$BARO,2560.949,86429.50,29.05
$IMU,2560.950,-5.981,3.479,0.183,0.02685,0.03906,1.01464,28.80
$IMU,2560.953,-5.554,3.417,0.183,0.02539,0.03613,1.01025,28.80
$MAG,2560.955,-0.345,-0.282,-0.892,27.6
$IMU,2560.955,-5.126,3.356,0.061,0.02050,0.03466,1.00488,28.80
$IMU,2560.957,-4.638,3.295,0.000,0.01513,0.03369,0.99755,28.80
$IMU,2560.960,-4.150,2.929,-0.061,0.01123,0.03369,0.99462,28.80
$IMU,2560.962,-3.784,2.563,-0.366,0.01269,0.03076,0.99511,28.80
$MAG,2560.965,-0.330,-0.279,-0.886,27.6
$IMU,2560.965,-3.356,2.258,-0.549,0.01220,0.02832,0.99414,28.80
$IMU,2560.967,-2.502,1.708,-0.915,0.01123,0.03222,0.99072,28.80
$IMU,2560.969,-1.708,1.342,-1.159,0.01367,0.03076,0.99658,28.87
$IMU,2560.972,-1.159,1.037,-0.976,0.01464,0.03613,1.00634,28.87
$IMU,2560.974,-0.915,0.915,-0.915,0.01464,0.03906,1.01123,28.87
$MAG,2560.975,-0.340,-0.279,-0.900,27.6
$IMU,2560.976,-0.732,0.488,-0.854,0.01708,0.03808,1.01464,28.87
$IMU,2560.979,-0.549,0.122,-0.854,0.01757,0.04101,1.01464,28.87
$IMU,2560.981,-0.366,-0.244,-0.793,0.02050,0.03759,1.01171,28.87
$IMU,2560.983,-0.244,-0.610,-0.671,0.01953,0.03662,1.01318,28.87
$IMU,2560.986,-0.122,-0.793,-0.549,0.02050,0.03955,1.01269,28.87
$MAG,2560.985,-0.345,-0.280,-0.894,27.7
$IMU,2560.988,0.244,-0.915,-0.366,0.01708,0.04345,1.01367,28.82
$IMU,2560.990,0.610,-1.281,-0.305,0.01220,0.04101,1.01367,28.82
$IMU,2560.993,0.549,-1.403,-0.122,0.01269,0.03906,1.01464,28.82
$HUM,2560.994,37.3,29.4
$MAG,2560.995,-0.331,-0.277,-0.889,27.6
$IMU,2560.995,0.488,-1.770,-0.183,0.01904,0.03710,1.01123,28.82
$IMU,2560.997,0.366,-2.014,-0.061,0.02099,0.03564,1.01416,28.82
$IMU,2561.000,0.427,-2.258,0.000,0.01708,0.03466,1.01074,28.82
$IMU,2561.002,0.549,-2.502,0.061,0.01660,0.03613,1.01025,28.82
$IMU,2561.004,0.549,-2.685,0.061,0.02050,0.04003,1.01074,28.82
$MAG,2561.006,-0.340,-0.279,-0.907,27.6
$IMU,2561.007,0.610,-2.990,0.000,0.01904,0.03710,1.01123,28.80
$IMU,2561.009,0.610,-2.990,0.061,0.02294,0.03759,1.00781,28.80
$IMU,2561.011,0.366,-2.319,0.183,0.02587,0.03613,1.00585,28.80
$IMU,2561.014,0.122,-1.708,0.488,0.02539,0.01806,1.00781,28.80
$MAG,2561.016,-0.337,-0.283,-0.900,27.6
$IMU,2561.016,1.342,-0.488,2.502,0.02050,-0.05419,1.01464,28.80
$IMU,2561.018,5.249,1.159,5.310,0.01806,-0.03271,1.02294,28.80
$IMU,2561.021,8.483,1.892,4.516,0.02294,-0.00097,1.02392,28.80
$IMU,2561.023,10.620,1.892,2.746,0.02587,0.01757,1.01611,28.80
$MAG,2561.026,-0.342,-0.273,-0.900,27.6
$IMU,2561.026,11.962,1.708,1.953,0.02832,0.03369,1.00878,28.83
$IMU,2561.028,12.084,1.586,2.197,0.02978,0.04833,1.00683,28.83
$IMU,2561.030,11.352,1.647,2.563,0.02539,0.06005,1.00585,28.83
$IMU,2561.033,10.131,1.403,2.441,0.02050,0.07031,1.00341,28.83
$IMU,2561.035,8.178,1.281,1.892,0.01855,0.08105,1.00585,28.83
$MAG,2561.036,-0.337,-0.283,-0.891,27.6
$IMU,2561.037,5.554,1.586,1.403,0.02587,0.08789,0.99560,28.83
$IMU,2561.040,2.441,1.708,1.098,0.02832,0.08691,0.98828,28.83
$IMU,2561.042,-0.122,1.647,0.671,0.03076,0.08007,0.99169,28.83
$IMU,2561.044,-1.770,1.892,0.488,0.02539,0.06591,0.99072,28.83
$MAG,2561.046,-0.339,-0.279,-0.892,27.6
$IMU,2561.047,-2.624,2.075,0.488,0.02636,0.05371,0.99560,28.83
$IMU,2561.049,-2.929,2.563,0.488,0.02343,0.04296,0.99804,28.83
$BARO,2561.051,86424.60,29.05
$IMU,2561.051,-2.990,2.807,0.488,0.02441,0.03759,0.99755,28.83
$IMU,2561.054,-2.685,2.990,0.183,0.01855,0.03076,0.99316,28.83
$IMU,2561.056,-1.770,2.624,-0.122,0.02197,0.02685,0.99121,28.83
$MAG,2561.056,-0.339,-0.277,-0.895,27.6
$IMU,2561.058,-0.793,2.136,-0.305,0.02441,0.02685,0.99462,28.83
$IMU,2561.061,0.183,1.281,-0.488,0.02246,0.02197,0.99755,28.83
$IMU,2561.063,0.915,0.854,-0.671,0.02001,0.02197,1.00439,28.83
$IMU,2561.065,1.464,0.793,-0.732,0.01318,0.02587,1.01074,28.83
$MAG,2561.066,-0.334,-0.285,-0.898,27.7
$IMU,2561.068,1.586,0.793,-0.671,0.01123,0.03466,1.01269,28.83
$IMU,2561.070,1.586,0.854,-0.366,0.00927,0.03320,1.00927,28.83
$IMU,2561.072,1.647,0.610,-0.122,0.00976,0.03808,1.00976,28.83
$IMU,2561.075,1.464,0.061,0.122,0.00878,0.04736,1.00878,28.83
$MAG,2561.076,-0.339,-0.285,-0.897,27.7
$IMU,2561.077,1.342,-0.305,0.305,0.01074,0.04785,1.00830,28.83
$IMU,2561.079,1.159,-0.427,0.305,0.01123,0.04736,1.01269,28.83
$IMU,2561.082,1.342,-1.037,0.244,0.01660,0.04541,1.01562,28.85
$IMU,2561.084,1.403,-1.159,0.244,0.01611,0.04931,1.01708,28.85
$MAG,2561.086,-0.333,-0.279,-0.894,27.7
$IMU,2561.087,1.220,-1.281,0.122,0.01855,0.05273,1.01562,28.85
$IMU,2561.089,0.610,-1.220,0.000,0.01269,0.05419,1.01074,28.85
$IMU,2561.091,0.000,-1.098,0.000,0.01367,0.05468,1.00732,28.85
$IMU,2561.094,-0.610,-0.793,0.000,0.01123,0.05273,1.00878,28.85
$MAG,2561.096,-0.343,-0.286,-0.892,27.7
$IMU,2561.096,-0.793,-0.366,0.061,0.01464,0.04736,1.00634,28.85
$IMU,2561.098,-0.915,0.183,0.366,0.01562,0.04492,1.00878,28.85
$IMU,2561.101,-1.098,0.427,0.427,0.01708,0.04248,1.00878,28.82
$IMU,2561.103,-1.098,0.732,0.427,0.01904,0.04101,1.01367,28.82
$IMU,2561.105,-1.098,0.915,0.488,0.01904,0.03955,1.01708,28.82
$MAG,2561.107,-0.339,-0.285,-0.901,27.7
$IMU,2561.108,-0.976,0.976,0.488,0.02099,0.04345,1.02197,28.82
$IMU,2561.110,-0.854,1.098,0.488,0.01269,0.04394,1.02343,28.82
$IMU,2561.112,-0.793,1.159,0.427,0.01513,0.04589,1.02050,28.82
$IMU,2561.115,-0.793,1.037,0.366,0.01806,0.04394,1.02148,28.82
$MAG,2561.117,-0.336,-0.279,-0.898,28.1
$IMU,2561.117,-1.098,1.220,0.305,0.01513,0.04785,1.02050,28.82
$IMU,2561.119,-1.342,1.037,0.183,0.01318,0.04736,1.01611,28.80
$IMU,2561.122,-1.342,0.549,0.122,0.01171,0.04980,1.01513,28.80
$IMU,2561.124,-1.281,0.305,0.061,0.01464,0.04882,1.01708,28.80
$IMU,2561.126,-1.159,0.061,0.061,0.01464,0.04003,1.01660,28.80
$MAG,2561.127,-0.331,-0.285,-0.898,27.8
$IMU,2561.129,-1.159,0.000,0.122,0.01953,0.03369,1.01318,28.80
$IMU,2561.131,-1.220,0.000,0.061,0.01855,0.03515,1.01171,28.80
$IMU,2561.133,-0.854,0.061,0.061,0.02197,0.03173,1.01416,28.80
$IMU,2561.136,-0.427,0.610,0.000,0.02539,0.02978,1.01757,28.80
$MAG,2561.137,-0.330,-0.283,-0.897,27.7
$IMU,2561.138,-0.061,1.281,0.000,0.02539,0.03466,1.02148,28.78
$IMU,2561.140,0.000,1.770,0.000,0.02539,0.03271,1.02490,28.78
$IMU,2561.143,-0.183,2.380,0.183,0.02490,0.03173,1.02587,28.78
$IMU,2561.145,-0.244,2.746,0.549,0.02392,0.03466,1.01904,28.78
$MAG,2561.147,-0.343,-0.286,-0.895,28.0
$IMU,2561.147,-0.183,3.051,0.732,0.02490,0.04003,1.01513,28.78
$IMU,2561.150,-0.244,3.112,0.915,0.02490,0.04638,1.01416,28.78
$BARO,2561.152,86434.62,29.06
$IMU,2561.152,-0.366,3.051,0.915,0.02050,0.04443,1.01123,28.78
$IMU,2561.155,-0.610,3.112,0.854,0.02246,0.04736,1.01269,28.78
$IMU,2561.157,-0.793,3.051,0.732,0.02246,0.04052,1.01171,28.86
$MAG,2561.157,-0.337,-0.280,-0.892,27.7
$IMU,2561.159,-0.610,2.990,0.610,0.02294,0.03808,1.00830,28.86
$IMU,2561.162,-0.061,2.868,0.549,0.01708,0.03613,1.00878,28.86
$IMU,2561.164,0.244,3.051,0.488,0.01611,0.03808,1.01220,28.86
$IMU,2561.166,0.549,2.685,0.549,0.01416,0.03808,1.01318,28.86
$MAG,2561.167,-0.337,-0.283,-0.897,27.7
$IMU,2561.169,0.732,2.441,0.549,0.01220,0.03613,1.01708,28.86
$IMU,2561.171,0.854,2.136,0.549,0.01171,0.03613,1.01757,28.86
$IMU,2561.173,0.732,1.831,0.610,0.01416,0.04101,1.01269,28.86
$IMU,2561.176,0.427,1.525,0.671,0.01611,0.03808,1.01123,28.88
$MAG,2561.177,-0.336,-0.282,-0.901,27.7
$IMU,2561.178,0.427,1.098,0.549,0.01416,0.03857,1.01220,28.88
$IMU,2561.180,0.671,1.037,0.610,0.01025,0.04003,1.01123,28.88
$IMU,2561.183,0.915,0.976,0.549,0.00830,0.04638,1.01074,28.88
$IMU,2561.185,1.159,0.610,0.305,0.00976,0.04394,1.01220,28.88
$MAG,2561.187,-0.337,-0.280,-0.895,27.7
$IMU,2561.187,1.098,0.366,0.305,0.01220,0.04492,1.01025,28.88
$IMU,2561.190,0.976,-0.122,0.305,0.01611,0.05029,1.00781,28.88
$IMU,2561.192,0.915,-0.427,0.305,0.01171,0.04931,1.00732,28.88
$IMU,2561.194,0.732,-0.305,0.305,0.01269,0.04736,1.00781,28.88
$MAG,2561.197,-0.334,-0.279,-0.892,27.7
$IMU,2561.197,0.488,-0.427,0.244,0.01220,0.04785,1.01025,28.88
$IMU,2561.199,0.122,-0.244,0.244,0.01660,0.04833,1.01220,28.88
$IMU,2561.201,-0.305,0.122,0.366,0.01464,0.04736,1.00585,28.88
$IMU,2561.204,-0.366,0.366,0.305,0.01611,0.04492,1.00341,28.88
$IMU,2561.206,-0.122,0.427,0.366,0.01855,0.03808,1.00439,28.88
$MAG,2561.207,-0.345,-0.283,-0.894,27.7
$IMU,2561.208,-0.061,0.549,0.488,0.01757,0.03369,1.00781,28.88
$IMU,2561.211,0.061,0.549,0.549,0.01513,0.03417,1.00781,28.88
$IMU,2561.213,0.183,0.610,0.427,0.01757,0.03222,1.00585,28.84
$IMU,2561.216,0.244,0.671,0.366,0.01904,0.03564,1.00537,28.84
$MAG,2561.218,-0.331,-0.285,-0.901,28.0
$IMU,2561.218,0.671,0.488,0.488,0.01416,0.03417,1.00683,28.84
$IMU,2561.220,1.098,0.366,0.366,0.01611,0.03613,1.00634,28.84
$IMU,2561.223,1.403,0.061,0.366,0.01416,0.03613,1.00976,28.84
$IMU,2561.225,1.525,0.061,0.366,0.01806,0.03808,1.01220,28.84
$IMU,2561.227,1.586,0.000,0.366,0.02099,0.03662,1.01855,28.84
$MAG,2561.228,-0.345,-0.277,-0.894,28.0
$IMU,2561.230,1.770,-0.244,0.488,0.02050,0.03906,1.01806,28.84
$IMU,2561.232,2.136,-0.061,0.671,0.01855,0.03271,1.01757,28.84
$IMU,2561.234,2.441,0.122,0.854,0.01953,0.03710,1.01855,28.84
$IMU,2561.237,2.624,0.305,0.976,0.02099,0.04003,1.01513,28.84
$MAG,2561.238,-0.343,-0.273,-0.883,27.7
$IMU,2561.239,2.807,0.305,0.915,0.01660,0.04101,1.01806,28.84
$IMU,2561.241,2.563,0.305,0.976,0.01611,0.04199,1.01513,28.84
$IMU,2561.244,2.441,0.183,0.732,0.01806,0.04101,1.01416,28.84
$IMU,2561.246,2.502,-0.305,0.427,0.01708,0.04394,1.01562,28.84
$MAG,2561.248,-0.330,-0.282,-0.894,27.7
$IMU,2561.248,2.624,-0.549,-0.061,0.01416,0.04248,1.01367,28.84
$IMU,2561.251,2.868,-0.549,-0.183,0.01416,0.04882,1.01220,28.87
$IMU,2561.253,2.990,-0.183,-0.122,0.01562,0.05224,1.01611,28.87
$BARO,2561.254,86426.36,29.06
$IMU,2561.255,2.807,0.061,0.000,0.01708,0.05175,1.01464,28.87
$MAG,2561.258,-0.337,-0.276,-0.897,27.8
$IMU,2561.258,2.441,0.122,0.000,0.01318,0.05322,1.01708,28.87
$IMU,2561.260,1.953,0.366,0.183,0.01123,0.05273,1.01318,28.87
$IMU,2561.262,1.342,0.549,0.244,0.01171,0.05468,1.01513,28.87
$IMU,2561.265,0.854,0.671,0.366,0.01123,0.05419,1.01464,28.87
$IMU,2561.267,0.366,0.854,0.488,0.00781,0.05126,1.01708,28.87
$MAG,2561.268,-0.336,-0.286,-0.888,27.8
$IMU,2561.269,-0.061,0.732,0.244,0.01074,0.04882,1.01708,28.87
$IMU,2561.272,-0.061,0.671,0.183,0.01269,0.05224,1.01611,28.87
$IMU,2561.274,0.183,0.549,0.122,0.01025,0.04248,1.01953,28.87
$IMU,2561.277,0.366,0.244,0.061,0.01025,0.04248,1.01855,28.87
$MAG,2561.278,-0.330,-0.283,-0.901,27.7
$IMU,2561.279,0.610,0.061,0.000,0.01025,0.04150,1.01806,28.87
$IMU,2561.281,0.793,-0.061,0.061,0.01220,0.03955,1.01611,28.87
$IMU,2561.284,1.098,-0.427,0.122,0.00732,0.03613,1.01660,28.87
$IMU,2561.286,1.342,-0.488,0.305,0.01025,0.03808,1.01708,28.87
$MAG,2561.288,-0.334,-0.285,-0.891,28.0
$IMU,2561.288,1.525,-0.427,0.549,0.00927,0.04003,1.01269,28.86
$IMU,2561.291,1.770,-0.549,0.488,0.01318,0.04052,1.01269,28.86
$IMU,2561.293,2.075,-0.854,0.488,0.01416,0.03613,1.01367,28.86
$IMU,2561.295,2.319,-0.915,0.610,0.01464,0.03808,1.01171,28.86
$MAG,2561.298,-0.342,-0.282,-0.892,27.8
$IMU,2561.298,2.441,-0.976,0.732,0.01757,0.04492,1.01318,28.86
$IMU,2561.300,2.441,-0.671,0.671,0.01757,0.04833,1.01123,28.86
$IMU,2561.302,2.441,-0.549,0.671,0.02050,0.04785,1.01367,28.86
$IMU,2561.305,2.380,-0.244,0.549,0.02001,0.04736,1.01513,28.86
$IMU,2561.307,2.319,-0.183,0.488,0.01708,0.04736,1.01757,28.85
$MAG,2561.308,-0.333,-0.282,-0.900,27.7
$IMU,2561.309,1.953,-0.305,0.488,0.01269,0.05712,1.01318,28.85
$IMU,2561.312,1.281,-0.549,0.366,0.01416,0.05712,1.00976,28.85
$IMU,2561.314,0.732,-0.854,0.183,0.01220,0.05761,1.00585,28.85
$IMU,2561.316,0.610,-1.037,0.061,0.02050,0.05419,1.00927,28.85
$MAG,2561.318,-0.337,-0.282,-0.895,27.7
$IMU,2561.319,1.342,-1.403,-0.244,0.02099,0.05029,1.00439,28.85
$IMU,2561.321,2.502,-1.586,-0.427,0.02441,0.04345,1.01074,28.85
$IMU,2561.323,3.051,-1.464,-0.427,0.02343,0.04248,1.01220,28.85
$IMU,2561.326,2.258,-1.281,-0.183,0.01318,0.04638,1.01660,28.85
$IMU,2561.328,0.183,-1.098,0.244,0.00439,0.05468,1.01660,28.85
$MAG,2561.329,-0.342,-0.282,-0.894,27.7
$IMU,2561.330,-2.380,-1.403,0.671,0.00341,0.06347,1.01855,28.85
$IMU,2561.333,-4.394,-1.403,0.671,0.00537,0.06445,1.02246,28.85
$IMU,2561.335,-5.065,-1.464,0.488,0.01074,0.05761,1.01806,28.85
$IMU,2561.338,-4.699,-1.342,0.366,0.01318,0.05273,1.01269,28.85
$MAG,2561.339,-0.336,-0.276,-0.895,28.1
$IMU,2561.340,-4.150,-1.037,0.366,0.01855,0.04394,1.01318,28.85
$IMU,2561.342,-3.540,-0.610,0.366,0.01855,0.04394,1.01318,28.85
$IMU,2561.345,-2.868,-0.671,0.427,0.01708,0.04443,1.01269,28.84
$IMU,2561.347,-2.136,-0.915,0.427,0.01757,0.04736,1.01318,28.84
$MAG,2561.349,-0.333,-0.286,-0.891,28.1
$IMU,2561.349,-2.075,-0.732,0.549,0.01611,0.05126,1.01660,28.84
$IMU,2561.352,-2.380,-0.854,0.671,0.01464,0.05664,1.02001,28.84
$IMU,2561.354,-3.356,-0.732,0.671,0.01416,0.05371,1.01855,28.84
$BARO,2561.355,86429.46,29.07
$IMU,2561.356,-4.455,-0.732,0.671,0.00781,0.05322,1.02050,28.84
$MAG,2561.359,-0.334,-0.283,-0.897,28.0
$IMU,2561.359,-5.310,-0.732,0.488,0.00878,0.04785,1.01855,28.84
$IMU,2561.361,-5.737,-0.976,0.427,0.00830,0.04638,1.01416,28.84
$IMU,2561.363,-5.737,-0.915,0.366,0.01269,0.03955,1.01171,28.89
$IMU,2561.366,-5.371,-0.915,0.366,0.01367,0.03564,1.00878,28.89
$IMU,2561.368,-4.760,-0.854,0.427,0.01464,0.03710,1.00683,28.89
$MAG,2561.369,-0.337,-0.289,-0.888,27.7
$IMU,2561.370,-3.906,-1.159,0.549,0.01562,0.03808,1.00439,28.89
$IMU,2561.373,-3.234,-1.037,0.671,0.01660,0.03662,1.00341,28.89
$IMU,2561.375,-2.807,-0.976,0.671,0.02001,0.04248,1.00634,28.89
$IMU,2561.377,-2.746,-0.854,0.549,0.02050,0.04492,1.00927,28.89
$MAG,2561.379,-0.337,-0.277,-0.900,27.7
$IMU,2561.380,-3.173,-0.427,0.427,0.02001,0.04101,1.01123,28.89
$IMU,2561.382,-3.601,-0.122,0.488,0.01855,0.04052,1.01269,28.87
$IMU,2561.384,-3.845,-0.244,0.488,0.01855,0.03613,1.01220,28.87
$IMU,2561.387,-3.967,-0.427,0.366,0.01904,0.03466,1.01123,28.87
$MAG,2561.389,-0.331,-0.286,-0.900,27.7
$IMU,2561.389,-4.089,-0.366,0.427,0.01855,0.03515,1.01367,28.87
$IMU,2561.391,-3.906,-0.427,0.549,0.01611,0.03710,1.01220,28.87
$IMU,2561.394,-3.417,-0.427,0.610,0.01806,0.03564,1.00976,28.87
$IMU,2561.396,-2.990,-0.244,0.427,0.01806,0.03906,1.01123,28.87
$MAG,2561.399,-0.340,-0.286,-0.900,27.8
$IMU,2561.399,-2.685,-0.183,0.427,0.01855,0.04101,1.01220,28.87
$IMU,2561.401,-2.563,-0.305,0.305,0.02001,0.04296,1.01074,28.83
$IMU,2561.403,-2.563,-0.122,0.366,0.02197,0.04101,1.01416,28.83
$IMU,2561.406,-2.746,0.122,0.305,0.02490,0.03808,1.01269,28.83
$IMU,2561.408,-2.807,0.183,0.366,0.02197,0.04003,1.01074,28.83
$MAG,2561.409,-0.336,-0.274,-0.898,28.0
$IMU,2561.410,-2.746,-0.183,0.366,0.01953,0.04150,1.01220,28.83
$IMU,2561.413,-2.685,-0.244,0.366,0.01904,0.04296,1.01416,28.83
$IMU,2561.415,-2.746,0.000,0.488,0.02148,0.04101,1.01611,28.83
$IMU,2561.417,-2.746,0.061,0.366,0.01855,0.04052,1.01513,28.83
$MAG,2561.419,-0.333,-0.282,-0.901,27.8
$IMU,2561.420,-2.746,0.305,0.366,0.01953,0.04150,1.01025,28.88
$IMU,2561.422,-2.624,0.244,0.366,0.02197,0.04443,1.01318,28.88
$IMU,2561.424,-2.624,0.305,0.366,0.01855,0.04345,1.01757,28.88
$IMU,2561.427,-2.746,0.366,0.488,0.01708,0.04345,1.01757,28.88
$IMU,2561.429,-3.173,0.610,0.427,0.01562,0.04443,1.01806,28.88
$MAG,2561.430,-0.331,-0.283,-0.897,27.8
$IMU,2561.431,-3.417,0.915,0.488,0.01367,0.04736,1.01513,28.88
$IMU,2561.434,-3.479,1.037,0.427,0.01171,0.04931,1.01513,28.88
$IMU,2561.436,-3.479,1.037,0.427,0.01464,0.04931,1.01708,28.88
$IMU,2561.438,-3.662,0.915,0.488,0.01318,0.04492,1.01562,28.89
$MAG,2561.440,-0.336,-0.286,-0.894,27.8
$IMU,2561.441,-3.723,0.732,0.488,0.01074,0.04541,1.01562,28.89
$IMU,2561.443,-3.845,0.732,0.488,0.00830,0.04589,1.01660,28.89
$IMU,2561.445,-3.967,0.671,0.427,0.01025,0.04248,1.01855,28.89
$IMU,2561.448,-4.028,0.549,0.366,0.00830,0.03955,1.01953,28.89
$MAG,2561.450,-0.339,-0.288,-0.895,28.0
$IMU,2561.450,-4.089,0.610,0.305,0.01367,0.04345,1.02294,28.89
$IMU,2561.452,-4.028,0.427,0.427,0.01318,0.04345,1.02001,28.89
$IMU,2561.455,-4.211,0.366,0.427,0.01416,0.04150,1.02246,28.89
$BARO,2561.456,86435.16,29.06
$IMU,2561.457,-4.455,0.244,0.427,0.01855,0.04296,1.02441,28.85
$IMU,2561.460,-4.638,0.488,0.427,0.01416,0.04150,1.02294,28.85
$MAG,2561.460,-0.336,-0.280,-0.901,28.0
$IMU,2561.462,-4.699,0.488,0.244,0.01855,0.04101,1.02246,28.85
$IMU,2561.464,-4.577,0.305,0.122,0.01611,0.03808,1.02001,28.85
$IMU,2561.467,-4.577,0.305,0.000,0.01708,0.03613,1.02392,28.85
$IMU,2561.469,-4.699,0.549,0.183,0.02099,0.03759,1.02441,28.85
$MAG,2561.470,-0.337,-0.282,-0.898,28.1
$IMU,2561.471,-4.882,0.610,0.427,0.02148,0.03808,1.01953,28.85
$IMU,2561.474,-4.882,0.549,0.305,0.01855,0.04052,1.01757,28.85
$IMU,2561.476,-4.821,0.488,0.122,0.01806,0.03759,1.01904,28.86
$IMU,2561.478,-4.821,0.549,0.305,0.02392,0.03320,1.01904,28.86
$MAG,2561.480,-0.334,-0.276,-0.897,27.7
$IMU,2561.481,-5.065,0.854,0.305,0.01904,0.03173,1.01611,28.86
$IMU,2561.483,-5.249,1.037,0.244,0.01562,0.03320,1.01318,28.86
$IMU,2561.485,-5.126,1.037,0.061,0.01757,0.03759,1.01220,28.86
$IMU,2561.488,-4.882,0.915,0.000,0.01953,0.03076,1.00976,28.86
$MAG,2561.490,-0.339,-0.283,-0.901,28.1
$IMU,2561.490,-4.699,0.732,-0.061,0.01757,0.02685,1.00830,28.86
$IMU,2561.492,-4.577,0.610,0.122,0.01611,0.02929,1.01123,28.86
$IMU,2561.495,-4.577,0.671,0.305,0.01562,0.03320,1.00732,28.87
$IMU,2561.497,-4.455,0.732,0.366,0.00927,0.03320,1.00341,28.87
$IMU,2561.499,-4.150,0.915,0.366,0.01220,0.03417,1.00732,28.87
$MAG,2561.500,-0.334,-0.286,-0.904,28.1
$IMU,2561.502,-4.150,1.037,0.366,0.01269,0.02929,1.00781,28.87
$IMU,2561.504,-4.272,0.854,0.488,0.01416,0.02685,1.00732,28.87
$IMU,2561.506,-4.333,0.854,0.488,0.00732,0.02978,1.00292,28.87
$IMU,2561.509,-4.272,0.671,0.366,0.01074,0.03076,1.00146,28.87
$MAG,2561.510,-0.337,-0.270,-0.900,27.8
$IMU,2561.511,-3.967,0.366,0.244,0.01074,0.03076,1.00341,28.87
$IMU,2561.513,-3.662,0.122,0.183,0.01562,0.03076,1.00585,28.92
$IMU,2561.516,-3.479,-0.183,0.122,0.01855,0.03173,1.00878,28.92
$IMU,2561.518,-3.173,-0.427,0.061,0.01806,0.03369,1.01025,28.92
$MAG,2561.520,-0.331,-0.277,-0.898,27.8
$IMU,2561.521,-2.990,-0.488,0.061,0.01904,0.02783,1.01123,28.92
$IMU,2561.523,-3.295,-0.061,0.000,0.02148,0.03076,1.01416,28.92
$IMU,2561.525,-3.234,0.000,-0.122,0.02441,0.02880,1.01416,28.92
$IMU,2561.528,-3.112,0.000,-0.061,0.02441,0.03173,1.01562,28.92
$IMU,2561.530,-3.173,0.305,-0.122,0.02099,0.02734,1.01220,28.92
$MAG,2561.531,-0.330,-0.274,-0.897,28.1
$IMU,2561.532,-3.173,0.366,0.000,0.01904,0.02783,1.01513,28.88
$IMU,2561.535,-3.295,0.610,0.000,0.02050,0.03125,1.01806,28.88
$IMU,2561.537,-3.295,0.549,0.000,0.01904,0.02880,1.01464,28.88
$IMU,2561.539,-3.173,0.183,-0.061,0.02001,0.03222,1.01318,28.88
$MAG,2561.541,-0.343,-0.276,-0.901,27.8
$IMU,2561.542,-3.173,0.061,0.061,0.01855,0.02734,1.01367,28.88
$IMU,2561.544,-3.234,0.366,0.122,0.01611,0.02783,1.01269,28.88
$IMU,2561.546,-3.295,0.671,0.183,0.01367,0.03125,1.01123,28.88
$IMU,2561.549,-3.112,0.793,0.061,0.01416,0.03320,1.00732,28.88
$MAG,2561.551,-0.339,-0.274,-0.901,28.1
$IMU,2561.551,-2.563,0.366,0.000,0.01220,0.03173,1.01025,28.93
$IMU,2561.553,-2.441,0.305,-0.122,0.01269,0.02880,1.01513,28.93
$IMU,2561.556,-2.563,0.244,-0.122,0.01464,0.02734,1.01562,28.93
$BARO,2561.558,86426.97,29.06
$IMU,2561.558,-2.624,0.183,0.061,0.01416,0.02685,1.01757,28.93
$IMU,2561.560,-2.807,0.305,0.183,0.01318,0.02880,1.01367,28.93
$MAG,2561.561,-0.334,-0.271,-0.903,28.0
$IMU,2561.563,-2.746,0.366,0.122,0.01269,0.02832,1.01123,28.93
$IMU,2561.565,-2.624,0.366,0.183,0.01367,0.02783,1.00976,28.93
$IMU,2561.567,-2.441,0.183,0.244,0.01611,0.02929,1.01416,28.93
$IMU,2561.570,-2.563,0.366,0.122,0.01611,0.02832,1.01806,28.89
$MAG,2561.571,-0.336,-0.279,-0.901,28.0
$IMU,2561.572,-2.807,0.732,0.061,0.01562,0.03027,1.01757,28.89
$IMU,2561.574,-2.807,0.793,-0.061,0.01708,0.03125,1.01416,28.89
$IMU,2561.577,-2.807,0.732,-0.061,0.02099,0.02929,1.01660,28.89
$IMU,2561.579,-2.807,0.183,-0.122,0.02490,0.02587,1.01416,28.89
$MAG,2561.581,-0.342,-0.273,-0.897,28.1
$IMU,2561.582,-2.807,-0.366,-0.183,0.01953,0.02294,1.01611,28.89
$IMU,2561.584,-2.685,-0.305,-0.122,0.02099,0.02490,1.00976,28.89
$IMU,2561.586,-2.319,-0.244,-0.122,0.01806,0.02246,1.01220,28.89
$IMU,2561.589,-2.014,0.061,0.000,0.01513,0.02636,1.01074,28.90
$MAG,2561.591,-0.343,-0.277,-0.907,28.1
$IMU,2561.591,-1.953,0.366,0.122,0.00878,0.02294,1.01318,28.90
$IMU,2561.593,-1.953,0.549,0.122,0.00488,0.02685,1.01416,28.90
$IMU,2561.596,-2.014,0.549,-0.061,0.00683,0.02539,1.01367,28.90
$IMU,2561.598,-1.953,0.366,-0.244,0.00488,0.02343,1.01123,28.90
$IMU,2561.600,-1.831,0.061,-0.183,0.00878,0.02392,1.00878,28.90
$MAG,2561.601,-0.333,-0.276,-0.901,28.1
$IMU,2561.603,-1.647,-0.671,-0.061,0.01123,0.02685,1.01171,28.90
$IMU,2561.605,-1.403,-1.037,0.122,0.00976,0.02587,1.00830,28.90
$IMU,2561.607,-1.159,-1.037,0.061,0.00927,0.02587,1.00585,28.88
$IMU,2561.610,-1.037,-0.854,0.061,0.01025,0.02734,1.00830,28.88
$MAG,2561.611,-0.340,-0.282,-0.901,27.8
$IMU,2561.612,-1.037,-0.915,0.000,0.01416,0.02685,1.01171,28.88
$IMU,2561.614,-1.098,-1.037,0.000,0.01513,0.02929,1.00927,28.88
$IMU,2561.617,-1.098,-1.037,-0.061,0.01464,0.03173,1.00927,28.88
$IMU,2561.619,-1.098,-0.854,-0.061,0.01562,0.03027,1.01025,28.88
$MAG,2561.621,-0.340,-0.274,-0.901,27.8
$IMU,2561.621,-1.220,-0.732,-0.061,0.01757,0.02734,1.01367,28.88
$IMU,2561.624,-1.464,-0.793,0.061,0.01904,0.03271,1.01171,28.88
$IMU,2561.626,-1.586,-0.732,0.122,0.02001,0.02783,1.01123,28.91
$IMU,2561.628,-1.586,-0.793,0.061,0.01708,0.02929,1.01123,28.91
$IMU,2561.631,-1.708,-0.610,-0.061,0.01464,0.02734,1.01220,28.91
$MAG,2561.632,-0.345,-0.283,-0.894,28.0
$IMU,2561.633,-1.586,-0.671,-0.244,0.01757,0.02832,1.00781,28.91
$IMU,2561.635,-1.342,-0.976,-0.183,0.01562,0.02734,1.00976,28.91
$IMU,2561.638,-1.220,-1.220,-0.061,0.01318,0.02636,1.00878,28.91
$IMU,2561.640,-1.220,-1.342,0.061,0.01025,0.02880,1.00830,28.91
$MAG,2561.642,-0.336,-0.279,-0.898,28.1
$IMU,2561.642,-1.159,-1.281,0.061,0.01367,0.02490,1.00439,28.91
$IMU,2561.645,-1.403,-1.342,0.183,0.00830,0.02685,1.00341,28.89
$IMU,2561.647,-1.220,-1.647,0.244,0.00830,0.02685,1.00585,28.89
$IMU,2561.650,-1.220,-1.770,0.305,0.00732,0.02636,1.00683,28.89
$MAG,2561.652,-0.334,-0.273,-0.900,28.0
$IMU,2561.652,-1.281,-1.647,0.122,0.00927,0.02685,1.00634,28.89
$IMU,2561.654,-1.220,-1.708,0.061,0.00927,0.02587,1.00634,28.89
$IMU,2561.657,-1.281,-1.586,0.000,0.01416,0.02441,1.00830,28.89
$BARO,2561.659,86434.35,29.06
$IMU,2561.659,-1.037,-1.892,0.000,0.01464,0.02343,1.00537,28.89
$IMU,2561.661,-1.098,-1.586,0.000,0.01562,0.02343,1.00976,28.89
$MAG,2561.662,-0.339,-0.273,-0.897,28.1
$IMU,2561.664,-0.976,-1.586,0.061,0.01562,0.02441,1.00976,28.91
$IMU,2561.666,-0.671,-1.831,0.000,0.01904,0.02294,1.01025,28.91
$IMU,2561.668,-0.854,-1.708,0.000,0.02050,0.02539,1.00976,28.91
$IMU,2561.671,-0.610,-2.014,0.000,0.02539,0.02832,1.01220,28.91
$MAG,2561.672,-0.340,-0.271,-0.894,27.7
$IMU,2561.673,-0.244,-2.197,0.122,0.02636,0.03076,1.01611,28.91
$IMU,2561.675,-0.427,-1.708,0.244,0.02343,0.02978,1.01708,28.91
$IMU,2561.678,-0.671,-1.342,0.427,0.02148,0.03320,1.01904,28.91
$IMU,2561.680,-0.915,-1.403,0.549,0.02294,0.03417,1.01757,28.91
$MAG,2561.682,-0.336,-0.279,-0.898,28.1
$IMU,2561.682,-1.220,-1.037,0.488,0.02001,0.03076,1.01464,28.89
$IMU,2561.685,-1.708,-0.549,0.427,0.01464,0.03173,1.01318,28.89
$IMU,2561.687,-1.831,-0.610,0.244,0.01708,0.02880,1.01269,28.89
$IMU,2561.689,-1.953,-0.793,0.183,0.01171,0.02587,1.01464,28.89
$MAG,2561.692,-0.343,-0.274,-0.906,27.8
$IMU,2561.692,-1.953,-0.976,0.183,0.01708,0.02636,1.01416,28.89
$IMU,2561.694,-1.831,-1.403,0.427,0.02050,0.03076,1.01660,28.89
$IMU,2561.696,-1.831,-1.586,0.610,0.01953,0.02978,1.01367,28.89
$IMU,2561.699,-1.831,-1.159,0.488,0.02099,0.03027,1.01806,28.89
$IMU,2561.701,-1.831,-0.793,0.427,0.02148,0.02734,1.01611,28.91
$MAG,2561.702,-0.327,-0.276,-0.894,28.1
$IMU,2561.703,-2.075,-0.610,0.366,0.01855,0.02636,1.01464,28.91
$IMU,2561.706,-2.014,-0.793,0.305,0.01806,0.02343,1.01416,28.91
$IMU,2561.708,-2.075,-0.549,0.305,0.01660,0.02539,1.01025,28.91
$IMU,2561.711,-2.075,-0.610,0.305,0.01562,0.02246,1.00781,28.91
$MAG,2561.712,-0.348,-0.271,-0.894,28.1
$IMU,2561.713,-1.647,-1.220,0.305,0.02050,0.02392,1.00732,28.91
$IMU,2561.715,-1.464,-0.976,0.305,0.01953,0.02343,1.00683,28.91
$IMU,2561.718,-1.464,-0.793,0.244,0.02050,0.02539,1.00781,28.91
$IMU,2561.720,-1.403,-0.671,0.183,0.02050,0.02343,1.01220,28.88
$VBAT,2561.720,4.135
$MAG,2561.722,-0.339,-0.280,-0.903,28.0
$IMU,2561.722,-1.281,-0.732,0.122,0.01855,0.02197,1.01318,28.88
$IMU,2561.725,-1.159,-0.427,0.244,0.02001,0.02685,1.00976,28.88
$IMU,2561.727,-1.037,-0.427,0.122,0.01806,0.02392,1.01171,28.88
$IMU,2561.729,-1.037,-0.549,0.122,0.01660,0.02490,1.01074,28.88
$IMU,2561.732,-1.098,-0.549,0.244,0.01806,0.02392,1.01171,28.88
$MAG,2561.733,-0.334,-0.270,-0.903,28.0
$IMU,2561.734,-1.159,-0.366,0.244,0.01904,0.02490,1.01025,28.88
$IMU,2561.736,-0.976,-0.488,0.061,0.01708,0.02636,1.01025,28.88
$IMU,2561.739,-0.793,-0.549,0.061,0.01904,0.02294,1.01025,28.92
$IMU,2561.741,-0.915,-0.183,0.000,0.01611,0.02539,1.00585,28.92
$MAG,2561.743,-0.346,-0.268,-0.894,27.8
$IMU,2561.743,-0.854,-0.305,0.000,0.01904,0.02294,1.00781,28.92
$IMU,2561.746,-0.854,-0.305,0.000,0.02050,0.02685,1.00976,28.92
$IMU,2561.748,-0.793,-0.366,0.061,0.01904,0.02490,1.00878,28.92
$IMU,2561.750,-0.915,-0.183,0.000,0.01806,0.02636,1.00634,28.92
$MAG,2561.753,-0.339,-0.277,-0.892,27.8
$IMU,2561.753,-1.037,0.122,0.000,0.01953,0.02392,1.00878,28.92
$IMU,2561.755,-1.098,0.305,-0.061,0.02001,0.02246,1.01025,28.92
$IMU,2561.757,-0.915,0.061,0.000,0.01611,0.02539,1.00830,28.86
$IMU,2561.760,-0.610,-0.244,-0.061,0.01464,0.02490,1.01025,28.86
$BARO,2561.761,86427.58,29.06
$IMU,2561.762,-0.488,-0.183,-0.061,0.01416,0.02734,1.01123,28.86
$MAG,2561.763,-0.342,-0.271,-0.903,28.0
$IMU,2561.764,-0.610,0.000,0.000,0.01708,0.02783,1.01123,28.86
$IMU,2561.767,-0.549,-0.061,-0.061,0.01660,0.02587,1.01367,28.86
$IMU,2561.769,-0.427,-0.305,-0.061,0.01562,0.02783,1.01220,28.86
$IMU,2561.772,-0.488,-0.366,-0.061,0.01660,0.02636,1.01416,28.86
$MAG,2561.773,-0.331,-0.276,-0.907,27.7
$IMU,2561.774,-0.549,-0.244,-0.061,0.01757,0.02148,1.01269,28.86
$IMU,2561.776,-0.610,0.061,-0.061,0.01611,0.02490,1.01220,28.90
$IMU,2561.779,-0.488,-0.061,-0.061,0.01611,0.02783,1.01171,28.90
$IMU,2561.781,-0.366,-0.122,-0.061,0.01562,0.02294,1.01660,28.90
$MAG,2561.783,-0.340,-0.276,-0.894,28.1
$IMU,2561.783,-0.549,0.000,-0.122,0.01708,0.02539,1.01562,28.90
$IMU,2561.786,-0.610,-0.061,-0.122,0.01660,0.02490,1.01464,28.90
$IMU,2561.788,-0.671,-0.061,-0.183,0.01611,0.02734,1.01318,28.90
$IMU,2561.790,-0.793,0.183,-0.122,0.01757,0.02783,1.01367,28.90
$MAG,2561.793,-0.339,-0.279,-0.907,28.0
$IMU,2561.793,-0.671,-0.122,-0.061,0.01904,0.02636,1.01660,28.90
$IMU,2561.795,-0.610,-0.305,-0.061,0.01660,0.02294,1.01513,28.90
$IMU,2561.797,-0.488,-0.366,-0.122,0.01367,0.02490,1.01562,28.90
$IMU,2561.800,-0.610,-0.061,-0.122,0.01855,0.02636,1.01367,28.90
$IMU,2561.802,-0.549,-0.183,-0.122,0.02001,0.02490,1.01562,28.90
$MAG,2561.803,-0.342,-0.276,-0.900,28.1
$IMU,2561.804,-0.671,-0.122,-0.061,0.01904,0.02539,1.01269,28.90
$IMU,2561.807,-0.610,-0.061,-0.122,0.02050,0.02490,1.01269,28.90
$IMU,2561.809,-0.671,0.000,-0.061,0.01660,0.02392,1.01416,28.90
$IMU,2561.811,-0.671,-0.061,-0.183,0.01660,0.02490,1.01416,28.90
$MAG,2561.813,-0.345,-0.265,-0.901,28.1
$IMU,2561.814,-0.610,-0.061,-0.122,0.02001,0.02734,1.01269,28.89
$IMU,2561.816,-0.549,0.000,-0.122,0.01855,0.02490,1.01171,28.89
$IMU,2561.818,-0.549,0.000,-0.122,0.01855,0.02539,1.01513,28.89
$IMU,2561.821,-0.549,0.061,-0.061,0.01611,0.02880,1.01269,28.89
$MAG,2561.823,-0.337,-0.273,-0.897,28.0
$IMU,2561.823,-0.610,0.122,-0.061,0.01611,0.02490,1.01513,28.89
$IMU,2561.825,-0.549,-0.061,0.000,0.01757,0.02490,1.01123,28.89
$IMU,2561.828,-0.549,-0.061,-0.122,0.02050,0.02441,1.01464,28.89
$IMU,2561.830,-0.610,0.061,-0.122,0.01953,0.02587,1.01171,28.89
$MAG,2561.833,-0.339,-0.277,-0.903,28.0
$IMU,2561.833,-0.671,0.244,-0.122,0.01855,0.02392,1.01171,28.87
$IMU,2561.835,-0.549,0.122,0.000,0.01953,0.02783,1.01464,28.87
$IMU,2561.837,-0.549,0.061,0.000,0.01904,0.02343,1.01318,28.87
$IMU,2561.840,-0.427,-0.061,-0.061,0.01806,0.02539,1.01074,28.87
$IMU,2561.842,-0.488,-0.122,-0.122,0.01660,0.02343,1.01074,28.87
$MAG,2561.844,-0.339,-0.277,-0.900,28.1
$IMU,2561.844,-0.549,0.000,-0.122,0.01708,0.02685,1.01123,28.87
$IMU,2561.847,-0.488,-0.122,-0.061,0.01708,0.02392,1.01367,28.87
$IMU,2561.849,-0.488,-0.122,-0.122,0.01953,0.02343,1.01269,28.87
$IMU,2561.851,-0.427,-0.244,-0.122,0.01708,0.02392,1.01367,28.94
$MAG,2561.854,-0.345,-0.276,-0.900,27.8
$IMU,2561.854,-0.366,-0.305,-0.122,0.01953,0.02636,1.01269,28.94
$IMU,2561.856,-0.549,0.000,-0.061,0.01757,0.02539,1.01220,28.94
$IMU,2561.858,-0.549,-0.183,-0.183,0.02001,0.02294,1.01318,28.94
$IMU,2561.861,-0.549,0.061,-0.061,0.01562,0.02539,1.01757,28.94
$BARO,2561.862,86423.87,29.06
$IMU,2561.863,-0.366,-0.183,-0.061,0.02050,0.02636,1.01611,28.94
$MAG,2561.864,-0.345,-0.270,-0.909,28.1
$IMU,2561.865,-0.427,0.061,-0.061,0.01562,0.02539,1.01513,28.94
$IMU,2561.868,-0.305,-0.122,-0.061,0.01464,0.02685,1.01660,28.94
$IMU,2561.870,-0.183,-0.244,-0.122,0.01611,0.02392,1.01318,28.93
$IMU,2561.872,-0.366,0.061,-0.183,0.02099,0.02587,1.01562,28.93
$MAG,2561.874,-0.342,-0.277,-0.900,28.1
$IMU,2561.875,-0.183,-0.427,-0.183,0.01953,0.02441,1.01611,28.93
$IMU,2561.877,-0.061,-0.122,-0.305,0.01855,0.02294,1.01660,28.93
$IMU,2561.879,0.122,-0.183,-0.244,0.01855,0.02587,1.01416,28.93
$IMU,2561.882,-0.122,0.244,-0.122,0.01660,0.02441,1.01660,28.93
$MAG,2561.884,-0.340,-0.265,-0.903,28.1
$IMU,2561.884,-0.183,0.244,-0.061,0.01611,0.02880,1.01318,28.93
$IMU,2561.886,-0.183,-0.061,0.000,0.01464,0.02685,1.01269,28.93
$IMU,2561.889,-0.244,-0.488,-0.061,0.01708,0.02978,1.01660,28.89
$IMU,2561.891,-0.305,-0.366,0.000,0.01660,0.02832,1.01562,28.89
$MAG,2561.894,-0.343,-0.274,-0.909,28.1
$IMU,2561.894,-0.427,-0.122,-0.122,0.01464,0.02734,1.01611,28.89
$IMU,2561.896,-0.671,0.183,-0.244,0.02001,0.02392,1.01562,28.89
$IMU,2561.898,-0.732,0.244,-0.183,0.01806,0.02294,1.01074,28.89
$IMU,2561.901,-0.427,0.061,-0.061,0.01904,0.02587,1.01318,28.89
$IMU,2561.903,-0.488,0.000,-0.122,0.01513,0.02587,1.01269,28.89
$MAG,2561.904,-0.337,-0.277,-0.900,28.0
$IMU,2561.905,-0.427,-0.366,-0.122,0.01757,0.02197,1.01367,28.89
$IMU,2561.908,-0.488,-0.061,-0.183,0.01171,0.02392,1.01269,28.94
$IMU,2561.910,-0.427,-0.061,-0.244,0.01660,0.02490,1.01611,28.94
$IMU,2561.912,-0.427,0.000,-0.122,0.01757,0.02636,1.01708,28.94
$MAG,2561.914,-0.334,-0.273,-0.895,28.1
$IMU,2561.915,-0.244,-0.305,-0.061,0.02197,0.02685,1.01513,28.94
$IMU,2561.917,-0.366,0.122,-0.122,0.01806,0.02441,1.01171,28.94
$IMU,2561.919,-0.366,0.000,-0.122,0.01953,0.02246,1.01318,28.94
$IMU,2561.922,-0.427,0.000,-0.183,0.01904,0.02050,1.01464,28.94
$MAG,2561.924,-0.334,-0.268,-0.909,28.1
$IMU,2561.924,-0.488,0.061,-0.122,0.01806,0.02246,1.01562,28.94
$IMU,2561.926,-0.244,-0.244,-0.122,0.02050,0.02343,1.01464,28.87
$IMU,2561.929,-0.305,0.000,-0.061,0.01757,0.02685,1.01464,28.87
$IMU,2561.931,-0.366,0.183,-0.122,0.02197,0.02587,1.01416,28.87
$IMU,2561.933,-0.366,0.244,-0.122,0.01806,0.02441,1.01318,28.87
$MAG,2561.934,-0.339,-0.274,-0.904,28.1
$IMU,2561.936,-0.305,0.122,-0.183,0.01708,0.02587,1.01220,28.87
$IMU,2561.938,-0.305,0.000,-0.122,0.01611,0.02587,1.01123,28.87
$IMU,2561.940,-0.183,-0.244,-0.183,0.01562,0.02880,1.01123,28.87
$IMU,2561.943,-0.366,-0.061,-0.183,0.01464,0.02490,1.01220,28.87
$MAG,2561.945,-0.334,-0.265,-0.898,27.8
$IMU,2561.945,-0.427,-0.061,-0.183,0.01757,0.02392,1.01171,28.87
$IMU,2561.947,-0.305,-0.366,-0.122,0.01513,0.02246,1.01269,28.87
$IMU,2561.950,-0.244,-0.427,-0.183,0.01611,0.02197,1.01464,28.87
$IMU,2561.952,-0.366,-0.183,-0.183,0.01611,0.02441,1.01269,28.87
$MAG,2561.955,-0.337,-0.276,-0.903,27.8
$IMU,2561.955,-0.427,-0.183,-0.122,0.01855,0.02539,1.01220,28.87
$IMU,2561.957,-0.549,0.122,-0.183,0.01757,0.02490,1.01269,28.87
$IMU,2561.959,-0.549,0.000,-0.122,0.01757,0.02539,1.01611,28.87
$IMU,2561.962,-0.366,-0.061,-0.122,0.02001,0.02294,1.01464,28.87
$BARO,2561.964,86425.43,29.07
$IMU,2561.964,-0.488,0.122,-0.183,0.01855,0.02441,1.01513,28.90
$MAG,2561.965,-0.336,-0.276,-0.898,27.7
$IMU,2561.966,-0.488,0.122,-0.183,0.01806,0.02539,1.01513,28.90
$IMU,2561.969,-0.366,-0.183,-0.183,0.02001,0.02587,1.01708,28.90
$IMU,2561.971,-0.488,0.122,-0.122,0.01757,0.02587,1.01416,28.90
$IMU,2561.973,-0.549,0.366,-0.122,0.02148,0.02539,1.01416,28.90
$MAG,2561.975,-0.351,-0.277,-0.906,28.1
$IMU,2561.976,-0.244,-0.122,-0.122,0.01904,0.02587,1.01416,28.90
$IMU,2561.978,-0.305,-0.122,-0.122,0.01562,0.02441,1.01464,28.90
$IMU,2561.980,-0.244,-0.122,-0.122,0.01904,0.02490,1.01367,28.90
$IMU,2561.983,-0.305,-0.061,-0.183,0.01708,0.02343,1.01318,28.95
$MAG,2561.985,-0.334,-0.267,-0.901,28.1
$IMU,2561.985,-0.183,0.000,-0.061,0.01708,0.02978,1.01123,28.95
$IMU,2561.987,-0.122,-0.122,-0.183,0.02001,0.02441,1.01416,28.95
$IMU,2561.990,-0.244,-0.061,-0.122,0.01757,0.02636,1.01318,28.95
$IMU,2561.992,-0.244,-0.061,-0.122,0.01562,0.02441,1.01367,28.95
$IMU,2561.994,-0.366,0.061,-0.122,0.01708,0.02880,1.01464,28.95
$MAG,2561.995,-0.337,-0.280,-0.897,28.1
$IMU,2561.997,-0.366,-0.183,-0.122,0.01904,0.02343,1.01367,28.95
$IMU,2561.999,-0.427,-0.061,-0.122,0.01806,0.02685,1.01513,28.95
$IMU,2562.001,-0.488,-0.122,-0.122,0.01660,0.02441,1.01513,28.90
$IMU,2562.004,-0.427,-0.183,-0.122,0.01464,0.02539,1.01611,28.90
$MAG,2562.005,-0.339,-0.273,-0.904,28.1
$IMU,2562.006,-0.427,0.000,-0.183,0.01660,0.02734,1.01416,28.90
$IMU,2562.008,-0.488,0.061,-0.122,0.01806,0.02490,1.01074,28.90
$HUM,2562.010,37.3,29.5
$IMU,2562.011,-0.427,-0.061,-0.183,0.01708,0.02246,1.01416,28.90
$IMU,2562.013,-0.427,-0.244,-0.183,0.01904,0.02294,1.01416,28.90
$MAG,2562.015,-0.342,-0.274,-0.906,28.1
$IMU,2562.016,-0.366,-0.122,-0.183,0.01806,0.02392,1.01416,28.90
$IMU,2562.018,-0.427,-0.061,-0.122,0.01806,0.02392,1.01269,28.90
$IMU,2562.020,-0.366,-0.061,-0.183,0.02099,0.02148,1.01269,28.89
$IMU,2562.023,-0.244,-0.122,-0.183,0.01855,0.02246,1.01464,28.89
$MAG,2562.025,-0.336,-0.276,-0.904,28.1
$IMU,2562.025,-0.305,-0.183,-0.122,0.01904,0.02441,1.01416,28.89
$IMU,2562.027,-0.183,-0.305,-0.183,0.01708,0.02587,1.01269,28.89
$IMU,2562.030,-0.244,-0.122,-0.122,0.02099,0.02636,1.01416,28.89
$IMU,2562.032,-0.183,-0.122,-0.122,0.01806,0.02490,1.01562,28.89
$IMU,2562.034,-0.305,0.000,-0.122,0.01513,0.02392,1.01416,28.89
$MAG,2562.035,-0.351,-0.274,-0.894,28.0
$IMU,2562.037,-0.122,-0.183,-0.122,0.01953,0.02929,1.01318,28.89
$IMU,2562.039,-0.244,-0.061,-0.122,0.01757,0.02929,1.01123,28.94
$IMU,2562.041,-0.366,0.061,-0.122,0.01855,0.03125,1.01269,28.94
$IMU,2562.044,-0.305,0.000,-0.122,0.02050,0.02685,1.01171,28.94
$MAG,2562.046,-0.345,-0.274,-0.907,28.1
$IMU,2562.046,-0.244,-0.061,-0.183,0.01855,0.02636,1.01513,28.94
$IMU,2562.048,-0.366,0.000,-0.122,0.01757,0.02734,1.01318,28.94
$IMU,2562.051,-0.366,0.000,-0.122,0.01611,0.02148,1.01513,28.94
$IMU,2562.053,-0.366,-0.061,-0.183,0.01855,0.02099,1.01513,28.94
$IMU,2562.055,-0.366,-0.061,-0.183,0.01660,0.02148,1.01611,28.94
$MAG,2562.056,-0.340,-0.267,-0.903,28.0
$IMU,2562.058,-0.427,0.000,-0.183,0.01562,0.02539,1.01513,28.90
$IMU,2562.060,-0.366,-0.183,-0.183,0.01660,0.02734,1.01513,28.90
$IMU,2562.062,-0.427,-0.244,-0.183,0.01611,0.02587,1.01269,28.90
$BARO,2562.065,86433.96,29.06
$IMU,2562.065,-0.305,-0.183,-0.183,0.01562,0.02197,1.01318,28.90
$IMU,2562.067,-0.427,-0.061,-0.244,0.01660,0.02539,1.01513,28.90
$MAG,2562.066,-0.327,-0.276,-0.903,28.0
$IMU,2562.069,-0.305,-0.122,-0.183,0.01464,0.02343,1.01611,28.90
$IMU,2562.072,-0.366,-0.061,-0.183,0.01757,0.02587,1.01806,28.90
$IMU,2562.074,-0.244,-0.183,-0.183,0.01708,0.02539,1.01757,28.90
$MAG,2562.076,-0.342,-0.273,-0.897,27.8
$IMU,2562.076,-0.244,-0.122,-0.122,0.01611,0.02392,1.01513,28.89
$IMU,2562.079,-0.183,-0.183,-0.122,0.01611,0.02490,1.01416,28.89
$IMU,2562.081,-0.244,-0.061,-0.122,0.01904,0.02294,1.01708,28.89
$IMU,2562.084,-0.305,0.122,-0.183,0.01708,0.02490,1.01757,28.89
$MAG,2562.086,-0.345,-0.268,-0.895,28.1
$IMU,2562.086,-0.244,-0.061,-0.183,0.01660,0.02441,1.01171,28.89
$IMU,2562.088,-0.244,-0.061,-0.183,0.02001,0.02294,1.01367,28.89
$IMU,2562.091,-0.305,0.000,-0.122,0.01855,0.02685,1.01367,28.89
$IMU,2562.093,-0.305,-0.061,-0.061,0.02001,0.02587,1.01367,28.89
$IMU,2562.095,-0.305,-0.061,-0.122,0.01513,0.02539,1.01318,28.91
$MAG,2562.096,-0.342,-0.274,-0.901,28.1
$IMU,2562.098,-0.305,0.000,-0.122,0.01660,0.02539,1.01416,28.91
$IMU,2562.100,-0.366,-0.122,-0.122,0.01855,0.02783,1.01562,28.91
$IMU,2562.102,-0.305,-0.122,-0.183,0.01708,0.02587,1.01318,28.91
$IMU,2562.105,-0.366,-0.183,-0.122,0.02001,0.02246,1.01367,28.91
$MAG,2562.106,-0.349,-0.274,-0.895,28.1
$IMU,2562.107,-0.488,0.000,-0.183,0.02001,0.02587,1.01562,28.91
$IMU,2562.109,-0.488,0.000,-0.183,0.01562,0.02490,1.01562,28.91
$IMU,2562.112,-0.366,-0.183,-0.183,0.01708,0.02343,1.01367,28.91
$IMU,2562.114,-0.305,-0.183,-0.183,0.01611,0.02539,1.01367,28.89
$MAG,2562.116,-0.345,-0.277,-0.897,28.1
$IMU,2562.116,-0.427,-0.061,-0.183,0.01416,0.02294,1.01367,28.89
$IMU,2562.119,-0.427,0.000,-0.122,0.01562,0.02099,1.01660,28.89
$IMU,2562.121,-0.366,-0.061,-0.122,0.01708,0.02001,1.01660,28.89
$IMU,2562.123,-0.305,-0.061,-0.183,0.01513,0.02539,1.01513,28.89
$MAG,2562.126,-0.337,-0.280,-0.901,28.1
$IMU,2562.126,-0.183,-0.183,-0.183,0.01562,0.02636,1.01611,28.89
$IMU,2562.128,-0.183,-0.305,-0.061,0.01953,0.02441,1.01464,28.89
$IMU,2562.130,-0.183,-0.183,-0.122,0.01708,0.02734,1.01416,28.89
$IMU,2562.133,-0.305,-0.061,-0.122,0.02148,0.02539,1.01611,28.92
$IMU,2562.135,-0.305,0.000,-0.122,0.01855,0.02441,1.01611,28.92
$MAG,2562.136,-0.339,-0.273,-0.903,28.1
$IMU,2562.137,-0.244,-0.183,-0.183,0.01904,0.02587,1.01416,28.92
$IMU,2562.140,-0.244,-0.061,-0.122,0.01953,0.02441,1.01464,28.92
$IMU,2562.142,-0.122,-0.122,-0.122,0.01953,0.02685,1.01611,28.92
$IMU,2562.145,-0.183,-0.061,-0.122,0.01757,0.02636,1.01513,28.92
$MAG,2562.147,-0.337,-0.274,-0.900,28.1
$IMU,2562.147,-0.244,-0.061,-0.122,0.01904,0.02539,1.01513,28.92
$IMU,2562.149,-0.305,0.000,-0.122,0.01757,0.02392,1.01513,28.92
$IMU,2562.152,-0.305,-0.122,-0.061,0.01660,0.02636,1.01318,28.94
$IMU,2562.154,-0.366,-0.122,-0.183,0.01757,0.02587,1.01269,28.94
$IMU,2562.156,-0.366,-0.061,-0.122,0.01904,0.02880,1.01269,28.94
$MAG,2562.157,-0.340,-0.274,-0.903,28.0
$IMU,2562.159,-0.427,0.061,-0.122,0.01562,0.02783,1.01513,28.94
$IMU,2562.161,-0.366,-0.061,-0.122,0.01464,0.02539,1.01562,28.94
$IMU,2562.163,-0.366,-0.183,-0.183,0.01513,0.02148,1.01464,28.94
$IMU,2562.166,-0.305,-0.183,-0.122,0.01513,0.02392,1.00976,28.94
$MAG,2562.167,-0.339,-0.276,-0.907,28.1
$IMU,2562.168,-0.366,-0.061,-0.183,0.01855,0.02441,1.01318,28.94
$BARO,2562.167,86424.56,29.06
$IMU,2562.170,-0.366,-0.122,-0.061,0.01513,0.02734,1.01123,28.94
$IMU,2562.173,-0.366,0.000,-0.183,0.01562,0.02783,1.01464,28.94
$IMU,2562.175,-0.244,-0.122,-0.183,0.01953,0.02490,1.01171,28.94
$MAG,2562.177,-0.340,-0.276,-0.903,28.1
$IMU,2562.177,-0.305,-0.061,-0.183,0.01660,0.02197,1.01562,28.94
$IMU,2562.180,-0.244,-0.183,-0.183,0.01513,0.02343,1.01464,28.94
$IMU,2562.182,-0.244,-0.244,-0.122,0.01904,0.02539,1.01464,28.94
$IMU,2562.184,-0.305,-0.061,-0.183,0.02001,0.02685,1.01660,28.94
$MAG,2562.187,-0.330,-0.267,-0.904,28.1
$IMU,2562.187,-0.183,-0.183,-0.122,0.02001,0.02734,1.01611,28.94
$IMU,2562.189,-0.244,-0.122,-0.122,0.01708,0.02490,1.01269,28.89
$IMU,2562.191,-0.244,0.000,-0.122,0.01708,0.02587,1.01464,28.89
$IMU,2562.194,-0.244,-0.122,-0.122,0.01855,0.02197,1.01269,28.89
$IMU,2562.196,-0.244,-0.122,-0.061,0.01855,0.02441,1.01318,28.89
$MAG,2562.197,-0.337,-0.268,-0.895,28.1
$IMU,2562.198,-0.244,0.000,-0.061,0.01660,0.02441,1.01318,28.89
$IMU,2562.201,-0.366,0.000,-0.061,0.01904,0.02441,1.01318,28.89
$IMU,2562.203,-0.244,-0.122,-0.122,0.01806,0.02294,1.01416,28.89
$IMU,2562.206,-0.244,-0.061,-0.183,0.01513,0.02294,1.00976,28.89
$MAG,2562.207,-0.334,-0.277,-0.897,28.1
$IMU,2562.208,-0.305,-0.061,-0.244,0.01416,0.02441,1.01220,28.95
$IMU,2562.210,-0.366,0.000,-0.183,0.01660,0.02441,1.01611,28.95
$IMU,2562.213,-0.366,-0.122,-0.122,0.01611,0.02539,1.01562,28.95
$IMU,2562.215,-0.366,-0.122,-0.183,0.01660,0.02392,1.01367,28.95
$MAG,2562.217,-0.333,-0.277,-0.900,28.1
$IMU,2562.217,-0.305,-0.061,-0.122,0.01611,0.02441,1.01464,28.95
$IMU,2562.220,-0.305,-0.061,-0.183,0.01855,0.02294,1.01367,28.95
$IMU,2562.222,-0.366,-0.061,-0.183,0.01757,0.02392,1.01513,28.95
$IMU,2562.224,-0.305,-0.061,-0.183,0.01708,0.02294,1.01611,28.95
$MAG,2562.227,-0.340,-0.271,-0.904,28.0
$IMU,2562.227,-0.244,-0.244,-0.244,0.01464,0.02197,1.01464,28.94
$IMU,2562.229,-0.061,-0.366,-0.244,0.01757,0.02148,1.01318,28.94
$IMU,2562.231,-0.122,-0.183,-0.122,0.01660,0.02441,1.01660,28.94
$IMU,2562.234,-0.305,-0.061,-0.061,0.01708,0.02587,1.01513,28.94
$IMU,2562.236,-0.427,0.061,-0.122,0.01611,0.02978,1.01611,28.94
$MAG,2562.237,-0.342,-0.271,-0.900,28.0
$IMU,2562.238,-0.305,-0.061,-0.122,0.02148,0.02441,1.01660,28.94
$IMU,2562.241,-0.305,-0.122,-0.183,0.01855,0.02880,1.01513,28.94
$IMU,2562.243,-0.183,-0.183,-0.183,0.01806,0.02392,1.01123,28.94
$IMU,2562.245,-0.183,-0.122,-0.122,0.01855,0.02685,1.01464,28.93
$MAG,2562.247,-0.334,-0.270,-0.897,28.2
$IMU,2562.248,-0.305,0.061,-0.122,0.01660,0.02587,1.01318,28.93
$IMU,2562.250,-0.244,0.061,-0.122,0.01757,0.02539,1.01416,28.93
$IMU,2562.252,-0.305,-0.061,-0.061,0.01757,0.02636,1.01611,28.93
$IMU,2562.255,-0.305,-0.122,-0.122,0.01513,0.02587,1.01367,28.93
$IMU,2562.257,-0.366,-0.122,-0.122,0.01806,0.02636,1.01562,28.93
$MAG,2562.258,-0.339,-0.279,-0.904,28.1
$IMU,2562.259,-0.366,-0.122,-0.183,0.01806,0.02587,1.01220,28.93
$IMU,2562.262,-0.366,-0.061,-0.183,0.01611,0.02587,1.01269,28.93
$IMU,2562.264,-0.427,0.061,-0.122,0.01806,0.02441,1.01025,28.89
$IMU,2562.267,-0.427,0.000,-0.122,0.01855,0.02246,1.01318,28.89
$BARO,2562.268,86428.11,29.06
$MAG,2562.268,-0.330,-0.273,-0.898,27.8
$IMU,2562.269,-0.366,-0.061,-0.183,0.02099,0.02197,1.01171,28.89
$IMU,2562.271,-0.305,-0.061,-0.183,0.01855,0.02001,1.01464,28.89
$IMU,2562.274,-0.366,-0.061,-0.122,0.01953,0.02490,1.01416,28.89
$IMU,2562.276,-0.305,-0.183,-0.183,0.01611,0.02539,1.01464,28.89
$MAG,2562.278,-0.339,-0.267,-0.901,28.0
$IMU,2562.278,-0.244,-0.183,-0.122,0.01611,0.02636,1.01171,28.89
$IMU,2562.281,-0.244,-0.305,-0.183,0.01513,0.02294,1.01269,28.89
$IMU,2562.283,-0.305,-0.183,-0.122,0.01464,0.02294,1.01562,28.92
$IMU,2562.285,-0.305,-0.122,-0.183,0.01660,0.02636,1.01611,28.92
$MAG,2562.288,-0.342,-0.270,-0.903,28.1
$IMU,2562.288,-0.183,-0.305,-0.122,0.01855,0.02197,1.01416,28.92
$IMU,2562.290,-0.244,-0.061,-0.061,0.01953,0.02343,1.01611,28.92
$IMU,2562.292,-0.183,-0.061,-0.122,0.01806,0.02587,1.01513,28.92
$IMU,2562.295,-0.183,-0.244,-0.183,0.01611,0.02685,1.01611,28.92
$IMU,2562.297,-0.183,-0.122,-0.122,0.01757,0.02636,1.01464,28.92
$MAG,2562.298,-0.336,-0.270,-0.904,28.1
$IMU,2562.299,-0.244,0.000,-0.122,0.01953,0.02490,1.01367,28.92
$IMU,2562.302,-0.244,-0.061,-0.122,0.01708,0.02783,1.01318,28.93
$IMU,2562.304,-0.183,0.000,-0.122,0.01513,0.02832,1.01660,28.93
$IMU,2562.306,-0.305,0.061,-0.122,0.01806,0.02685,1.01318,28.93
$MAG,2562.308,-0.337,-0.274,-0.910,28.1
$IMU,2562.309,-0.366,0.000,-0.183,0.01416,0.03027,1.01367,28.93
$IMU,2562.311,-0.305,0.061,-0.122,0.01708,0.02783,1.01513,28.93
$IMU,2562.313,-0.244,0.061,-0.122,0.01855,0.02783,1.01367,28.93
$IMU,2562.316,-0.305,-0.061,-0.183,0.01708,0.02441,1.01367,28.93
$MAG,2562.318,-0.348,-0.274,-0.901,28.1
$IMU,2562.318,-0.366,0.000,-0.122,0.01562,0.02246,1.01416,28.93
$IMU,2562.320,-0.366,0.061,-0.122,0.01660,0.02539,1.01269,28.91
$IMU,2562.323,-0.366,-0.061,-0.244,0.01464,0.02587,1.01513,28.91
$IMU,2562.325,-0.427,-0.122,-0.183,0.01757,0.02636,1.01367,28.91
$MAG,2562.328,-0.334,-0.270,-0.895,28.1
$IMU,2562.328,-0.366,-0.061,-0.183,0.01513,0.02587,1.01513,28.91
$IMU,2562.330,-0.366,-0.122,-0.183,0.01318,0.02343,1.01513,28.91
$IMU,2562.332,-0.305,-0.122,-0.183,0.01464,0.02343,1.01513,28.91
$IMU,2562.335,-0.244,-0.244,-0.183,0.01708,0.02197,1.01611,28.91
$IMU,2562.337,-0.305,-0.061,-0.183,0.01904,0.02050,1.01318,28.91
$MAG,2562.338,-0.333,-0.276,-0.904,28.1
$IMU,2562.339,-0.305,-0.122,-0.183,0.01757,0.02392,1.01367,28.93
$IMU,2562.342,-0.183,-0.183,-0.122,0.01953,0.02246,1.01416,28.93
$IMU,2562.344,-0.122,-0.122,-0.183,0.01904,0.02294,1.01513,28.93
$IMU,2562.346,-0.183,-0.061,-0.122,0.01904,0.02197,1.01562,28.93
$MAG,2562.348,-0.339,-0.273,-0.907,28.1
$IMU,2562.349,-0.305,0.061,-0.122,0.01513,0.02636,1.01757,28.93
$IMU,2562.351,-0.366,0.122,-0.061,0.01562,0.02587,1.01513,28.93
$IMU,2562.353,-0.244,-0.061,-0.183,0.01660,0.02539,1.01269,28.93
$IMU,2562.356,-0.183,0.000,-0.183,0.01855,0.02734,1.01562,28.93
$IMU,2562.358,-0.244,-0.061,-0.122,0.01708,0.02490,1.01513,28.92
$MAG,2562.359,-0.331,-0.276,-0.901,28.1
$IMU,2562.360,-0.305,-0.122,-0.061,0.01806,0.02734,1.01708,28.92
$IMU,2562.363,-0.305,-0.061,-0.183,0.01660,0.02539,1.01708,28.92
$IMU,2562.365,-0.305,0.061,-0.183,0.01855,0.02490,1.01513,28.92
$IMU,2562.367,-0.366,-0.183,-0.122,0.01562,0.02587,1.01416,28.92
$MAG,2562.369,-0.337,-0.270,-0.903,28.1
$BARO,2562.370,86418.63,29.06
$IMU,2562.370,-0.366,-0.122,-0.122,0.01806,0.02441,1.01513,28.92
$IMU,2562.372,-0.366,-0.122,-0.183,0.01562,0.02441,1.01416,28.92
$IMU,2562.374,-0.427,-0.061,-0.122,0.01757,0.02343,1.01660,28.92
$IMU,2562.377,-0.427,-0.061,-0.183,0.01318,0.02392,1.01416,28.95
$MAG,2562.379,-0.333,-0.274,-0.901,28.1
$IMU,2562.379,-0.427,-0.183,-0.122,0.01757,0.02490,1.01269,28.95
$IMU,2562.381,-0.427,-0.183,-0.183,0.01757,0.02392,1.01660,28.95
$IMU,2562.384,-0.366,-0.122,-0.122,0.01660,0.01953,1.01611,28.95
$IMU,2562.386,-0.366,-0.061,-0.183,0.01855,0.02490,1.01123,28.95
$MAG,2562.389,-0.337,-0.277,-0.906,27.8
$IMU,2562.389,-0.366,-0.061,-0.244,0.01855,0.02294,1.01171,28.95
$IMU,2562.391,-0.305,-0.061,-0.183,0.01660,0.02490,1.01416,28.95
$IMU,2562.393,-0.366,0.000,-0.183,0.01757,0.02441,1.01611,28.95
$IMU,2562.396,-0.305,0.061,-0.122,0.01513,0.02539,1.01757,28.93
$IMU,2562.398,-0.244,-0.061,-0.061,0.01855,0.02587,1.01464,28.93
$MAG,2562.399,-0.339,-0.270,-0.895,28.1
$IMU,2562.400,-0.305,-0.061,-0.122,0.02001,0.02392,1.01660,28.93
$IMU,2562.403,-0.366,0.061,-0.183,0.01757,0.02539,1.01708,28.93
$IMU,2562.405,-0.305,0.122,-0.122,0.01464,0.02490,1.01318,28.93
$IMU,2562.407,-0.183,-0.061,-0.183,0.01562,0.02734,1.01464,28.93
$MAG,2562.409,-0.345,-0.274,-0.907,28.1
$IMU,2562.410,-0.244,-0.061,-0.122,0.01513,0.02539,1.01416,28.93
$IMU,2562.412,-0.244,-0.061,-0.122,0.01367,0.02392,1.01416,28.93
$IMU,2562.414,-0.366,0.000,-0.122,0.01611,0.02343,1.01416,28.96
$IMU,2562.417,-0.427,0.000,-0.183,0.01562,0.02490,1.01269,28.96
$MAG,2562.419,-0.340,-0.268,-0.901,28.0
$IMU,2562.419,-0.427,-0.183,-0.122,0.01806,0.02441,1.01416,28.96
$IMU,2562.421,-0.427,-0.061,-0.183,0.01757,0.02343,1.01171,28.96
$IMU,2562.424,-0.366,-0.183,-0.183,0.01562,0.02246,1.01171,28.96
$IMU,2562.426,-0.366,-0.122,-0.122,0.01562,0.02539,1.01513,28.96
$IMU,2562.428,-0.488,0.061,-0.122,0.01708,0.02490,1.01220,28.96
$MAG,2562.429,-0.333,-0.270,-0.898,28.1
$IMU,2562.431,-0.427,-0.122,-0.183,0.01660,0.02490,1.01269,28.96
$IMU,2562.433,-0.366,-0.183,-0.183,0.01904,0.02246,1.01220,28.92
$IMU,2562.435,-0.427,0.000,-0.122,0.01660,0.02392,1.01318,28.92
$IMU,2562.438,-0.244,-0.305,-0.183,0.01757,0.02246,1.01562,28.92
$MAG,2562.439,-0.334,-0.273,-0.903,28.1
$IMU,2562.440,-0.244,-0.244,-0.183,0.01855,0.02148,1.01660,28.92
$IMU,2562.442,-0.244,-0.183,-0.122,0.01660,0.02294,1.01611,28.92
$IMU,2562.445,-0.244,-0.183,-0.061,0.01904,0.02099,1.01367,28.92
$IMU,2562.447,-0.183,-0.122,-0.122,0.01953,0.02197,1.01464,28.92
$MAG,2562.449,-0.333,-0.271,-0.903,28.2
$IMU,2562.450,-0.183,0.000,-0.122,0.01660,0.02392,1.01513,28.92
$IMU,2562.452,-0.305,0.061,-0.122,0.01611,0.02392,1.01269,28.92
$IMU,2562.454,-0.244,0.061,-0.122,0.01611,0.02294,1.01269,28.92
$IMU,2562.457,-0.244,0.061,-0.122,0.01269,0.02441,1.01318,28.92
$IMU,2562.459,-0.244,-0.061,-0.122,0.01464,0.02441,1.01416,28.92
$MAG,2562.460,-0.339,-0.276,-0.903,28.1
$IMU,2562.461,-0.305,0.000,-0.061,0.01708,0.02392,1.01220,28.92
$IMU,2562.464,-0.183,0.000,-0.122,0.01855,0.02148,1.01367,28.92
$IMU,2562.466,-0.305,-0.061,-0.183,0.02099,0.02587,1.01416,28.92
$IMU,2562.468,-0.305,-0.122,-0.183,0.01562,0.02392,1.01220,28.92
$MAG,2562.470,-0.339,-0.276,-0.903,28.1
$BARO,2562.471,86424.48,29.06
$IMU,2562.471,-0.305,-0.122,-0.122,0.01806,0.02099,1.01562,28.96
$IMU,2562.473,-0.244,-0.244,-0.122,0.01904,0.02832,1.01220,28.96
$IMU,2562.475,-0.366,-0.061,-0.122,0.01611,0.02490,1.01708,28.96
$IMU,2562.478,-0.427,-0.122,-0.122,0.01708,0.02343,1.01562,28.96
$MAG,2562.480,-0.330,-0.274,-0.907,28.1
$IMU,2562.480,-0.366,0.000,-0.122,0.02001,0.02392,1.01367,28.96
$IMU,2562.482,-0.305,-0.122,-0.122,0.01513,0.02441,1.01416,28.96
$IMU,2562.485,-0.366,-0.061,-0.122,0.01513,0.02294,1.01660,28.96
$IMU,2562.487,-0.366,-0.183,-0.122,0.01562,0.02441,1.01416,28.96
$IMU,2562.489,-0.244,-0.183,-0.122,0.01611,0.02246,1.01464,28.94
$MAG,2562.490,-0.336,-0.267,-0.897,28.1
$IMU,2562.492,-0.366,-0.061,-0.183,0.01855,0.02294,1.01513,28.94
$IMU,2562.494,-0.305,-0.061,-0.183,0.01708,0.01953,1.01318,28.94
$IMU,2562.496,-0.305,-0.061,-0.183,0.01611,0.02392,1.01562,28.94
$IMU,2562.499,-0.244,-0.061,-0.244,0.01953,0.02636,1.01660,28.94
$MAG,2562.500,-0.337,-0.280,-0.900,28.1
$IMU,2562.501,-0.244,-0.061,-0.183,0.01855,0.02246,1.01757,28.94
$IMU,2562.503,-0.183,-0.122,-0.122,0.01953,0.02099,1.01464,28.94
$IMU,2562.506,-0.183,0.000,-0.122,0.01757,0.02294,1.01464,28.94
$IMU,2562.508,-0.183,-0.122,-0.183,0.01708,0.02587,1.01171,28.91
$MAG,2562.510,-0.349,-0.273,-0.910,28.1
$IMU,2562.510,-0.183,-0.061,-0.122,0.01855,0.02539,1.01367,28.91
$IMU,2562.513,-0.183,-0.122,-0.183,0.02001,0.02636,1.01416,28.91
$IMU,2562.515,-0.244,0.000,-0.183,0.01416,0.02587,1.01806,28.91
$IMU,2562.518,-0.305,0.000,-0.122,0.01806,0.02343,1.01660,28.91
$MAG,2562.520,-0.337,-0.279,-0.891,28.1
$IMU,2562.520,-0.244,-0.122,-0.061,0.01806,0.02343,1.01562,28.91
$IMU,2562.522,-0.244,-0.122,-0.122,0.01660,0.02392,1.01318,28.91
$IMU,2562.525,-0.244,-0.183,-0.183,0.01513,0.02343,1.01367,28.91
$IMU,2562.527,-0.305,0.000,-0.183,0.01171,0.02441,1.01367,28.93
$IMU,2562.529,-0.366,0.000,-0.183,0.01464,0.02636,1.01611,28.93
$MAG,2562.530,-0.340,-0.273,-0.900,28.0
$IMU,2562.532,-0.366,-0.061,-0.183,0.01806,0.02294,1.01464,28.93
$IMU,2562.534,-0.305,-0.183,-0.183,0.01904,0.02197,1.01513,28.93
$IMU,2562.536,-0.305,-0.244,-0.122,0.01904,0.02392,1.01269,28.93
$IMU,2562.539,-0.305,-0.244,-0.122,0.01660,0.02099,1.01611,28.93
$MAG,2562.540,-0.340,-0.270,-0.901,28.1
$IMU,2562.541,-0.366,-0.061,-0.122,0.01611,0.02246,1.01855,28.93
$IMU,2562.543,-0.366,-0.061,-0.183,0.01806,0.02294,1.01660,28.93
$IMU,2562.546,-0.305,-0.061,-0.122,0.01513,0.02294,1.01416,28.93
$IMU,2562.548,-0.244,-0.244,-0.122,0.01367,0.02197,1.01513,28.93
$MAG,2562.550,-0.339,-0.285,-0.903,28.1
$IMU,2562.550,-0.244,-0.183,-0.244,0.01757,0.02294,1.01562,28.93
$IMU,2562.553,-0.244,-0.061,-0.183,0.01660,0.02197,1.01611,28.93
$IMU,2562.555,-0.305,0.061,-0.122,0.01806,0.02148,1.01464,28.93
$IMU,2562.557,-0.122,-0.061,-0.122,0.01953,0.02197,1.01464,28.93
$MAG,2562.560,-0.336,-0.279,-0.900,28.1
$IMU,2562.560,-0.183,0.000,-0.122,0.01904,0.02636,1.01513,28.93
$IMU,2562.562,-0.183,-0.061,-0.183,0.01757,0.02246,1.01513,28.93
$IMU,2562.564,-0.244,-0.061,-0.183,0.01757,0.02441,1.01464,28.93
$IMU,2562.567,-0.305,0.061,-0.122,0.01904,0.02490,1.01708,28.93
$IMU,2562.569,-0.305,0.061,-0.122,0.01904,0.02636,1.01318,28.93
$IMU,2562.571,-0.244,-0.061,-0.183,0.01660,0.02539,1.01513,28.93
$MAG,2562.571,-0.334,-0.271,-0.906,28.1
$BARO,2562.573,86430.06,29.07
$IMU,2562.574,-0.305,-0.122,-0.183,0.01611,0.02685,1.01513,28.93
$IMU,2562.576,-0.366,0.061,-0.061,0.01416,0.02636,1.01269,28.93
$IMU,2562.579,-0.305,0.061,-0.122,0.01416,0.02490,1.01074,28.93
$MAG,2562.581,-0.336,-0.271,-0.894,28.1
$IMU,2562.581,-0.366,-0.061,-0.122,0.01611,0.02490,1.01220,28.93
$IMU,2562.583,-0.427,-0.122,-0.183,0.01513,0.02734,1.01464,28.92
$IMU,2562.586,-0.366,-0.122,-0.183,0.01757,0.02587,1.01318,28.92
$IMU,2562.588,-0.366,-0.122,-0.183,0.01513,0.02294,1.01367,28.92
$IMU,2562.590,-0.305,-0.183,-0.183,0.01806,0.02197,1.01318,28.92
$MAG,2562.591,-0.340,-0.268,-0.897,28.1
$IMU,2562.593,-0.427,-0.061,-0.183,0.01367,0.02587,1.01220,28.92
$IMU,2562.595,-0.366,-0.061,-0.122,0.01611,0.02050,1.01220,28.92
$IMU,2562.597,-0.366,-0.061,-0.122,0.01611,0.02294,1.01318,28.92
$IMU,2562.600,-0.305,-0.061,-0.122,0.01611,0.02246,1.01269,28.92
$MAG,2562.601,-0.333,-0.280,-0.897,28.1
$IMU,2562.602,-0.244,-0.183,-0.122,0.01757,0.02392,1.01318,28.92
$IMU,2562.604,-0.183,-0.183,-0.061,0.01855,0.02490,1.01513,28.92
$IMU,2562.607,-0.244,-0.061,-0.183,0.01806,0.02685,1.01562,28.92
$IMU,2562.609,-0.305,0.061,-0.122,0.01855,0.02343,1.01562,28.92
$MAG,2562.611,-0.342,-0.277,-0.903,28.1
$IMU,2562.611,-0.183,-0.244,-0.122,0.02099,0.02441,1.01416,28.92
$IMU,2562.614,-0.183,-0.061,-0.183,0.01953,0.02392,1.01513,28.92
$IMU,2562.616,-0.244,-0.061,-0.122,0.01562,0.02587,1.01318,28.92
$IMU,2562.618,-0.244,0.000,-0.122,0.01708,0.02490,1.01367,28.92
$MAG,2562.621,-0.334,-0.270,-0.903,28.1
$IMU,2562.621,-0.244,-0.061,-0.122,0.01562,0.02294,1.01611,28.94
$IMU,2562.623,-0.244,0.000,-0.122,0.01611,0.02343,1.01562,28.94
$IMU,2562.625,-0.244,0.000,-0.244,0.01611,0.02636,1.01611,28.94
$IMU,2562.628,-0.244,0.000,-0.183,0.01757,0.02148,1.01611,28.94
$IMU,2562.630,-0.244,-0.061,-0.122,0.01513,0.02294,1.01464,28.94
$MAG,2562.631,-0.336,-0.267,-0.909,28.1
$IMU,2562.632,-0.183,-0.122,-0.122,0.01416,0.02392,1.01464,28.94
$IMU,2562.635,-0.366,0.122,-0.183,0.01416,0.02246,1.01464,28.94
$IMU,2562.637,-0.427,0.061,-0.183,0.01708,0.02490,1.01562,28.94
$IMU,2562.640,-0.427,-0.061,-0.244,0.01757,0.02685,1.01611,28.94
$MAG,2562.641,-0.339,-0.276,-0.895,28.1
$IMU,2562.642,-0.366,-0.061,-0.244,0.01513,0.02490,1.01513,28.94
$IMU,2562.644,-0.244,-0.244,-0.244,0.01708,0.02539,1.01464,28.94
$IMU,2562.647,-0.183,-0.305,-0.122,0.01464,0.02636,1.01562,28.94
$IMU,2562.649,-0.183,-0.305,-0.061,0.01464,0.02050,1.01220,28.94
$MAG,2562.651,-0.339,-0.270,-0.901,28.1
$IMU,2562.651,-0.244,-0.244,-0.244,0.01855,0.02734,1.01318,28.94
$IMU,2562.654,-0.244,-0.122,-0.244,0.01757,0.02441,1.01611,28.94
$IMU,2562.656,-0.244,-0.061,-0.183,0.01562,0.02441,1.01464,28.94
$IMU,2562.658,-0.183,-0.122,-0.122,0.01806,0.02441,1.01416,28.93
$MAG,2562.661,-0.336,-0.271,-0.898,27.8
$IMU,2562.661,-0.183,-0.183,-0.122,0.01953,0.02490,1.01464,28.93
$IMU,2562.663,-0.183,-0.122,-0.122,0.01806,0.02001,1.01562,28.93
$IMU,2562.665,-0.244,-0.122,-0.061,0.01708,0.02587,1.01611,28.93
$IMU,2562.668,-0.305,-0.061,-0.122,0.01660,0.02734,1.01269,28.93
$IMU,2562.670,-0.183,0.000,-0.122,0.01611,0.02539,1.01220,28.93
$MAG,2562.672,-0.348,-0.277,-0.903,28.2
$IMU,2562.672,-0.183,-0.061,-0.122,0.01708,0.02539,1.01611,28.93
$BARO,2562.674,86429.67,29.07
$IMU,2562.675,-0.305,-0.061,-0.183,0.01855,0.02392,1.01513,28.93
$IMU,2562.677,-0.183,-0.122,-0.122,0.01708,0.02539,1.01367,28.92
$IMU,2562.679,-0.305,-0.061,-0.122,0.01611,0.02587,1.01367,28.92
$MAG,2562.682,-0.336,-0.277,-0.904,28.2
$IMU,2562.682,-0.366,-0.061,-0.183,0.01757,0.02294,1.01611,28.92
$IMU,2562.684,-0.366,-0.061,-0.122,0.01806,0.02685,1.01611,28.92
$IMU,2562.686,-0.427,-0.061,-0.183,0.01464,0.02441,1.01367,28.92
$IMU,2562.689,-0.427,-0.122,-0.183,0.01757,0.02343,1.01708,28.92
$IMU,2562.691,-0.488,0.061,-0.183,0.01708,0.02343,1.01562,28.92
$MAG,2562.692,-0.342,-0.268,-0.903,28.1
$IMU,2562.693,-0.427,0.000,-0.183,0.01660,0.02490,1.01513,28.92
$IMU,2562.696,-0.366,-0.122,-0.183,0.01464,0.02148,1.01269,28.98
$IMU,2562.698,-0.366,-0.183,-0.183,0.01367,0.02294,1.01513,28.98
$IMU,2562.701,-0.366,-0.122,-0.122,0.01513,0.02197,1.01562,28.98
$MAG,2562.702,-0.339,-0.271,-0.898,28.1
$IMU,2562.703,-0.305,-0.122,-0.244,0.01464,0.02539,1.01464,28.98
$IMU,2562.705,-0.305,-0.122,-0.244,0.01660,0.02148,1.01708,28.98
$IMU,2562.708,-0.244,-0.061,-0.183,0.01416,0.02392,1.01318,28.98
$IMU,2562.710,-0.244,-0.122,-0.183,0.01562,0.02294,1.01416,28.98
$MAG,2562.712,-0.339,-0.273,-0.901,28.0
$IMU,2562.712,-0.122,-0.122,-0.122,0.01953,0.02197,1.01416,28.98
$IMU,2562.715,-0.183,-0.122,-0.122,0.01660,0.02392,1.01806,28.96
$IMU,2562.717,-0.305,-0.061,-0.122,0.01953,0.02197,1.01562,28.96
$IMU,2562.719,-0.183,-0.061,-0.122,0.02001,0.02246,1.01220,28.96
$MAG,2562.722,-0.339,-0.271,-0.904,28.1
$IMU,2562.722,-0.244,0.000,-0.183,0.01953,0.02148,1.01416,28.96
$IMU,2562.724,-0.305,0.000,-0.122,0.01806,0.02636,1.01318,28.96
$IMU,2562.726,-0.305,0.000,-0.122,0.01660,0.02441,1.01220,28.96
$IMU,2562.729,-0.244,0.000,-0.122,0.01855,0.02490,1.01464,28.96
$IMU,2562.731,-0.183,0.000,-0.122,0.01708,0.02636,1.01513,28.96
$MAG,2562.732,-0.343,-0.267,-0.895,28.1
$IMU,2562.733,-0.244,0.000,-0.122,0.01562,0.02685,1.00878,28.92
$IMU,2562.736,-0.244,-0.122,-0.183,0.01513,0.02148,1.01269,28.92
$VBAT,2562.737,4.138
$IMU,2562.738,-0.305,-0.183,-0.122,0.01464,0.02343,1.01269,28.92
$IMU,2562.740,-0.305,-0.122,-0.122,0.01611,0.02197,1.01171,28.92
$MAG,2562.742,-0.342,-0.276,-0.903,28.1
$IMU,2562.743,-0.366,-0.183,-0.122,0.01513,0.02343,1.01367,28.92
$IMU,2562.745,-0.366,-0.122,-0.183,0.01611,0.02294,1.01464,28.92
$IMU,2562.747,-0.305,-0.122,-0.183,0.01611,0.02587,1.01416,28.92
$IMU,2562.750,-0.305,-0.183,-0.183,0.01660,0.02490,1.01513,28.92
$MAG,2562.752,-0.342,-0.276,-0.898,28.1
$IMU,2562.752,-0.305,-0.244,-0.122,0.01513,0.02392,1.01562,28.93
$IMU,2562.754,-0.305,-0.122,-0.183,0.01562,0.02050,1.01660,28.93
$IMU,2562.757,-0.244,-0.061,-0.183,0.01757,0.02197,1.01611,28.93
$IMU,2562.759,-0.183,-0.183,-0.183,0.01660,0.02441,1.01611,28.93
$MAG,2562.762,-0.337,-0.265,-0.901,28.0
$IMU,2562.762,-0.244,-0.122,-0.122,0.01708,0.02587,1.01562,28.93
$IMU,2562.764,-0.244,-0.061,-0.183,0.01757,0.02343,1.01464,28.93
$IMU,2562.766,-0.183,-0.183,-0.183,0.01660,0.02343,1.01367,28.93
$IMU,2562.769,-0.244,-0.061,-0.183,0.01562,0.02392,1.01318,28.93
$IMU,2562.771,-0.244,0.000,-0.244,0.01757,0.02539,1.01562,28.96
$MAG,2562.772,-0.340,-0.274,-0.903,28.2
$IMU,2562.773,-0.122,-0.183,-0.183,0.01708,0.02636,1.01513,28.96
$BARO,2562.776,86424.21,29.07
$IMU,2562.776,-0.122,-0.061,-0.122,0.02099,0.02490,1.01269,28.96
$IMU,2562.778,-0.244,-0.061,-0.061,0.01953,0.02343,1.01269,28.96
$IMU,2562.780,-0.305,0.061,-0.122,0.01562,0.02636,1.01269,28.96
$IMU,2562.783,-0.244,0.122,-0.122,0.01660,0.02636,1.01464,28.96
$MAG,2562.783,-0.336,-0.276,-0.894,28.1
$IMU,2562.785,-0.183,-0.061,-0.122,0.01953,0.02539,1.01562,28.96
$IMU,2562.787,-0.305,-0.061,-0.183,0.01611,0.02392,1.01318,28.96
$IMU,2562.790,-0.305,-0.061,-0.183,0.01904,0.02392,1.01269,28.98
$IMU,2562.792,-0.305,-0.061,-0.183,0.01757,0.02343,1.01464,28.98
$MAG,2562.793,-0.334,-0.268,-0.892,28.1
$IMU,2562.794,-0.366,0.000,-0.183,0.01611,0.02246,1.01464,28.98
$IMU,2562.797,-0.305,-0.061,-0.183,0.01904,0.02441,1.01464,28.98
$IMU,2562.799,-0.305,-0.122,-0.183,0.01660,0.02246,1.01367,28.98
$IMU,2562.801,-0.366,-0.183,-0.183,0.01611,0.02050,1.00976,28.98
$MAG,2562.803,-0.343,-0.274,-0.897,28.1
$IMU,2562.804,-0.427,-0.183,-0.122,0.01660,0.02490,1.01416,28.98
$IMU,2562.806,-0.305,-0.122,-0.183,0.01708,0.02197,1.01513,28.98
$IMU,2562.808,-0.305,-0.061,-0.183,0.01513,0.02392,1.01318,28.98
$IMU,2562.811,-0.305,-0.061,-0.122,0.01757,0.02148,1.01074,28.98
$MAG,2562.813,-0.334,-0.271,-0.900,28.1
$IMU,2562.813,-0.122,-0.183,-0.244,0.01464,0.02539,1.01367,28.98
$IMU,2562.815,-0.183,-0.183,-0.183,0.01855,0.02539,1.01269,28.98
$IMU,2562.818,-0.244,-0.061,-0.122,0.01953,0.02148,1.01464,28.98
$IMU,2562.820,-0.244,-0.061,-0.122,0.01953,0.02246,1.01513,28.98
$MAG,2562.823,-0.343,-0.267,-0.901,28.1
$IMU,2562.823,-0.244,-0.061,-0.244,0.01757,0.02539,1.01611,28.98
$IMU,2562.825,-0.244,0.000,-0.183,0.01611,0.02343,1.01855,28.98
$IMU,2562.827,-0.183,-0.122,-0.122,0.01708,0.02587,1.01367,28.92
$IMU,2562.830,-0.244,-0.122,-0.183,0.01708,0.02343,1.01660,28.92
$IMU,2562.832,-0.244,-0.061,-0.122,0.01904,0.02392,1.01708,28.92
$MAG,2562.833,-0.334,-0.279,-0.900,28.1
$IMU,2562.834,-0.305,0.061,-0.183,0.02148,0.02441,1.01367,28.92
$IMU,2562.837,-0.366,0.000,-0.244,0.01806,0.02294,1.01416,28.92
$IMU,2562.839,-0.305,-0.122,-0.244,0.01953,0.02490,1.01269,28.92
$IMU,2562.841,-0.366,-0.061,-0.183,0.01416,0.02685,1.01416,28.92
$MAG,2562.843,-0.336,-0.276,-0.907,28.1
$IMU,2562.844,-0.305,-0.183,-0.183,0.01660,0.02490,1.01464,28.92
$IMU,2562.846,-0.427,-0.061,-0.183,0.01855,0.02050,1.01416,28.93
$IMU,2562.848,-0.549,0.061,-0.122,0.01708,0.02392,1.01855,28.93
$IMU,2562.851,-0.305,-0.366,-0.183,0.01855,0.02294,1.01708,28.93
$MAG,2562.853,-0.337,-0.276,-0.904,28.2
$IMU,2562.853,-0.244,-0.244,-0.183,0.01757,0.02246,1.01562,28.93
$IMU,2562.855,-0.244,-0.183,-0.122,0.01562,0.02246,1.01367,28.93
$IMU,2562.858,-0.244,-0.305,-0.122,0.01611,0.02099,1.01464,28.93
$IMU,2562.860,-0.244,-0.183,-0.244,0.01953,0.02294,1.01416,28.93
$IMU,2562.862,-0.183,-0.183,-0.183,0.01757,0.02539,1.01660,28.93
$MAG,2562.863,-0.337,-0.280,-0.903,28.0
$IMU,2562.865,-0.183,-0.122,-0.122,0.01660,0.02441,1.01562,28.97
$IMU,2562.867,-0.122,-0.122,-0.122,0.01660,0.02050,1.01416,28.97
$IMU,2562.869,-0.183,-0.183,-0.183,0.01953,0.02685,1.01464,28.97
$IMU,2562.872,-0.305,-0.061,-0.183,0.01855,0.02343,1.01611,28.97
$MAG,2562.873,-0.334,-0.279,-0.907,28.1
$IMU,2562.874,-0.183,-0.061,-0.122,0.01611,0.02001,1.01660,28.97
$IMU,2562.876,-0.183,-0.183,-0.244,0.01708,0.02099,1.01513,28.97
$BARO,2562.877,86435.11,29.07
$IMU,2562.879,-0.183,-0.061,-0.244,0.01708,0.02343,1.01416,28.97
$IMU,2562.881,-0.122,-0.122,-0.183,0.01855,0.02441,1.01464,28.97
$MAG,2562.883,-0.339,-0.279,-0.895,28.1
$IMU,2562.884,-0.183,-0.061,-0.183,0.01464,0.02441,1.01220,28.97
$IMU,2562.886,-0.244,-0.061,-0.122,0.01464,0.02441,1.01171,28.97
$IMU,2562.888,-0.244,0.061,-0.122,0.01806,0.02587,1.01171,28.97
$IMU,2562.891,-0.305,0.000,-0.122,0.01611,0.02148,1.01074,28.97
$IMU,2562.893,-0.305,-0.061,-0.122,0.01513,0.02441,1.01464,28.97
$MAG,2562.894,-0.342,-0.280,-0.909,28.2
$IMU,2562.895,-0.366,-0.061,-0.122,0.01269,0.02197,1.01513,28.97
$IMU,2562.898,-0.427,0.000,-0.122,0.01367,0.02343,1.01367,28.97
$IMU,2562.900,-0.366,-0.061,-0.244,0.01513,0.02685,1.01220,28.97
$IMU,2562.902,-0.427,-0.122,-0.183,0.01562,0.02392,1.01367,28.94
$MAG,2562.904,-0.346,-0.270,-0.906,28.1
$IMU,2562.905,-0.305,-0.183,-0.122,0.01660,0.02343,1.01562,28.94
$IMU,2562.907,-0.366,-0.122,-0.122,0.01806,0.02343,1.01074,28.94
$IMU,2562.909,-0.305,-0.061,-0.244,0.01660,0.02246,1.01660,28.94
$IMU,2562.912,-0.305,0.000,-0.183,0.01708,0.02539,1.01464,28.94
$MAG,2562.914,-0.339,-0.265,-0.889,28.1
$IMU,2562.914,-0.183,-0.305,-0.183,0.01513,0.02441,1.01416,28.94
$IMU,2562.916,-0.244,-0.183,-0.122,0.01416,0.02392,1.01367,28.94
$IMU,2562.919,-0.244,-0.122,-0.122,0.01220,0.02490,1.01464,28.94
$IMU,2562.921,-0.183,-0.183,-0.122,0.01513,0.02441,1.01416,28.97
$IMU,2562.923,-0.244,-0.061,-0.122,0.01416,0.02734,1.01562,28.97
$MAG,2562.924,-0.337,-0.274,-0.895,28.1
$IMU,2562.926,-0.183,0.061,-0.244,0.01660,0.02880,1.01416,28.97
$IMU,2562.928,-0.183,-0.183,-0.183,0.01562,0.02539,1.01318,28.97
$IMU,2562.930,-0.122,-0.122,-0.122,0.01855,0.02441,1.01318,28.97
$IMU,2562.933,-0.122,-0.122,-0.183,0.01464,0.02441,1.01562,28.97
$MAG,2562.934,-0.339,-0.270,-0.901,28.1
$IMU,2562.935,-0.183,0.000,-0.061,0.01855,0.02636,1.01416,28.97
$IMU,2562.937,-0.183,0.000,-0.122,0.01855,0.02734,1.01416,28.97
$IMU,2562.940,-0.183,-0.122,-0.183,0.02001,0.02783,1.01464,28.94
$IMU,2562.942,-0.244,-0.122,-0.122,0.01562,0.02441,1.01464,28.94
$MAG,2562.944,-0.336,-0.262,-0.901,28.2
$IMU,2562.944,-0.244,-0.061,-0.122,0.01660,0.02685,1.01318,28.94
$IMU,2562.947,-0.305,-0.183,-0.244,0.02050,0.02246,1.01220,28.94
$IMU,2562.949,-0.366,-0.122,-0.183,0.01904,0.02294,1.01269,28.94
$IMU,2562.952,-0.427,0.061,-0.183,0.01611,0.02343,1.01416,28.94
$MAG,2562.954,-0.327,-0.276,-0.906,28.1
$IMU,2562.954,-0.366,-0.061,-0.183,0.01904,0.02294,1.01464,28.94
$IMU,2562.956,-0.427,-0.122,-0.183,0.01757,0.02246,1.01269,28.94
$IMU,2562.959,-0.366,-0.061,-0.183,0.01513,0.02246,1.01562,28.94
$IMU,2562.961,-0.366,-0.061,-0.183,0.01464,0.02441,1.01123,28.94
$IMU,2562.963,-0.427,0.000,-0.122,0.01513,0.02246,1.01318,28.94
$MAG,2562.964,-0.339,-0.274,-0.895,28.1
$IMU,2562.966,-0.488,0.122,-0.183,0.01660,0.02050,1.01611,28.94
$IMU,2562.968,-0.366,-0.122,-0.183,0.01660,0.02246,1.01464,28.94
$IMU,2562.970,-0.183,-0.183,-0.183,0.01562,0.02294,1.01123,28.94
$IMU,2562.973,-0.183,-0.122,-0.183,0.01562,0.02099,1.01220,28.94
$MAG,2562.974,-0.339,-0.268,-0.904,28.1
$IMU,2562.975,-0.122,-0.183,-0.183,0.01708,0.02197,1.01318,28.94
$IMU,2562.977,-0.061,-0.244,-0.122,0.01806,0.02441,1.01416,28.96
$BARO,2562.979,86432.62,29.07
$IMU,2562.980,0.000,-0.183,-0.061,0.01855,0.02539,1.01367,28.96
$IMU,2562.982,-0.122,-0.122,-0.122,0.01757,0.02197,1.01562,28.96
$MAG,2562.984,-0.345,-0.274,-0.900,28.1
$IMU,2562.984,0.000,-0.122,-0.183,0.01660,0.02197,1.01464,28.96
$IMU,2562.987,-0.183,-0.061,-0.183,0.01855,0.02734,1.01416,28.96
$IMU,2562.989,-0.244,0.000,-0.122,0.01562,0.02343,1.01660,28.96
$IMU,2562.991,-0.244,-0.061,-0.183,0.01953,0.02685,1.01660,28.96
$IMU,2562.994,-0.244,-0.122,-0.183,0.01757,0.02636,1.01660,28.96
$MAG,2562.995,-0.340,-0.268,-0.906,28.2
$IMU,2562.996,-0.244,-0.061,-0.183,0.01953,0.02392,1.01611,28.96
$IMU,2562.998,-0.366,-0.122,-0.183,0.01464,0.02441,1.01464,28.96
$IMU,2563.001,-0.305,-0.305,-0.183,0.01904,0.02490,1.01611,28.96
$IMU,2563.003,-0.244,-0.183,-0.244,0.01806,0.02490,1.01562,28.96
$MAG,2563.005,-0.342,-0.280,-0.906,28.1
$IMU,2563.005,-0.244,-0.305,-0.183,0.01904,0.02343,1.01708,28.96
$IMU,2563.008,-0.305,-0.244,-0.122,0.01708,0.02343,1.01904,28.96
$IMU,2563.010,-0.366,-0.061,-0.183,0.01806,0.02343,1.02001,28.96
$IMU,2563.013,-0.366,0.122,-0.183,0.01513,0.02539,1.01855,28.96
$MAG,2563.015,-0.340,-0.271,-0.898,28.1
$IMU,2563.015,-0.244,0.000,-0.183,0.01367,0.02490,1.01953,28.93
$IMU,2563.017,-0.305,-0.122,-0.122,0.01513,0.02490,1.02001,28.93
$IMU,2563.020,-0.366,-0.061,-0.122,0.01660,0.02392,1.01708,28.93
$IMU,2563.022,-0.427,0.000,-0.183,0.01611,0.02539,1.01464,28.93
$IMU,2563.024,-0.427,0.000,-0.183,0.01562,0.02441,1.01416,28.93
$MAG,2563.025,-0.342,-0.282,-0.898,28.1
$HUM,2563.026,37.1,29.5
$IMU,2563.027,-0.427,-0.061,-0.244,0.01806,0.01953,1.01464,28.93
$IMU,2563.029,-0.427,-0.061,-0.183,0.01611,0.02587,1.01318,28.93
$IMU,2563.031,-0.305,-0.061,-0.183,0.01611,0.02441,1.01318,28.93
$IMU,2563.034,-0.366,0.122,-0.183,0.01660,0.02148,1.01220,29.00
$MAG,2563.035,-0.339,-0.270,-0.903,28.2
$IMU,2563.036,-0.366,0.000,-0.244,0.01855,0.02099,1.01513,29.00
$IMU,2563.038,-0.122,-0.183,-0.183,0.01904,0.02490,1.01318,29.00
$IMU,2563.041,-0.244,0.061,-0.122,0.01708,0.02392,1.01464,29.00
$IMU,2563.043,-0.305,-0.061,-0.183,0.01367,0.02441,1.01074,29.00
$MAG,2563.045,-0.339,-0.271,-0.901,28.1
$IMU,2563.045,-0.244,0.061,-0.122,0.01416,0.02246,1.01074,29.00
$IMU,2563.048,-0.305,0.000,-0.122,0.01464,0.02441,1.01464,29.00
$IMU,2563.050,-0.305,-0.122,-0.183,0.01562,0.02197,1.01220,29.00
$IMU,2563.052,-0.305,-0.183,-0.183,0.01708,0.02441,1.01269,28.96
$MAG,2563.055,-0.346,-0.279,-0.910,28.1
$IMU,2563.055,-0.244,-0.183,-0.122,0.01416,0.02197,1.01220,28.96
$IMU,2563.057,-0.244,-0.244,-0.183,0.01513,0.02246,1.01318,28.96
$IMU,2563.059,-0.305,-0.183,-0.244,0.01562,0.02197,1.01464,28.96
$IMU,2563.062,-0.305,-0.122,-0.183,0.01660,0.02001,1.01464,28.96
$IMU,2563.064,-0.305,-0.183,-0.183,0.01708,0.02490,1.01757,28.96
$MAG,2563.065,-0.340,-0.273,-0.904,28.1
$IMU,2563.066,-0.244,-0.244,-0.183,0.01904,0.02392,1.01806,28.96
$IMU,2563.069,-0.305,-0.061,-0.122,0.02001,0.02294,1.01269,28.96
$IMU,2563.071,-0.244,-0.366,-0.122,0.01757,0.02050,1.01416,28.98
$IMU,2563.074,-0.305,-0.244,-0.183,0.01464,0.02539,1.01611,28.98
$MAG,2563.075,-0.330,-0.279,-0.901,28.0
$IMU,2563.076,-0.305,-0.122,-0.183,0.01708,0.02294,1.01757,28.98
$IMU,2563.078,-0.244,-0.183,-0.183,0.01855,0.02001,1.01123,28.98
$BARO,2563.080,86428.31,29.06
$IMU,2563.081,-0.183,-0.183,-0.183,0.02001,0.02050,1.01806,28.98
$IMU,2563.083,-0.183,-0.061,-0.244,0.02050,0.02343,1.01855,28.98
$MAG,2563.085,-0.346,-0.280,-0.907,28.2
$IMU,2563.085,-0.183,-0.122,-0.244,0.01611,0.02587,1.01855,28.98
$IMU,2563.088,-0.183,0.061,-0.122,0.01757,0.02441,1.01416,28.98
$IMU,2563.090,-0.183,0.122,-0.122,0.01806,0.02294,1.01611,29.02
$IMU,2563.092,-0.183,-0.061,-0.122,0.01660,0.02587,1.01708,29.02
$IMU,2563.095,-0.122,0.000,-0.122,0.01513,0.02441,1.01367,29.02
$MAG,2563.096,-0.348,-0.277,-0.897,28.1
$IMU,2563.097,-0.305,0.061,-0.122,0.01562,0.02636,1.01562,29.02
$IMU,2563.099,-0.366,0.061,-0.183,0.01708,0.02539,1.01367,29.02
$IMU,2563.102,-0.427,0.061,-0.183,0.01757,0.02685,1.01611,29.02
$IMU,2563.104,-0.488,0.061,-0.122,0.01562,0.02587,1.01318,29.02
$MAG,2563.106,-0.340,-0.268,-0.907,28.1
$IMU,2563.106,-0.427,0.000,-0.244,0.01464,0.02197,1.01367,29.02
$IMU,2563.109,-0.427,-0.122,-0.122,0.01611,0.02197,1.00781,28.98
$IMU,2563.111,-0.488,0.000,-0.183,0.01464,0.02587,1.01171,28.98
$IMU,2563.113,-0.488,-0.061,-0.183,0.01757,0.02197,1.01269,28.98
$MAG,2563.116,-0.330,-0.276,-0.904,28.0
$IMU,2563.116,-0.366,-0.183,-0.122,0.01513,0.02246,1.01464,28.98
$IMU,2563.118,-0.305,-0.244,-0.183,0.01318,0.02343,1.01318,28.98
$IMU,2563.120,-0.305,-0.305,-0.183,0.01708,0.02246,1.01416,28.98
$IMU,2563.123,-0.244,-0.366,-0.183,0.01464,0.02001,1.01220,28.98
$IMU,2563.125,-0.244,-0.305,-0.183,0.01757,0.02197,1.01464,28.98
$MAG,2563.126,-0.339,-0.270,-0.894,28.1
$IMU,2563.127,-0.183,-0.305,-0.244,0.02148,0.02197,1.01611,28.96
$IMU,2563.130,-0.305,-0.061,-0.122,0.01660,0.02294,1.01464,28.96
$IMU,2563.132,-0.244,-0.183,-0.122,0.01806,0.02099,1.01367,28.96
$IMU,2563.135,-0.244,-0.244,-0.122,0.01757,0.02392,1.01416,28.96
$MAG,2563.136,-0.339,-0.273,-0.903,28.2
$IMU,2563.137,-0.244,-0.122,-0.122,0.02050,0.02099,1.01611,28.96
$IMU,2563.139,-0.183,0.000,-0.183,0.02539,0.02490,1.01416,28.96
$IMU,2563.142,-0.122,-0.122,-0.244,0.01855,0.02441,1.01562,28.96
$IMU,2563.144,-0.183,-0.061,-0.122,0.01708,0.02294,1.01416,28.96
$MAG,2563.146,-0.340,-0.270,-0.903,28.1
$IMU,2563.146,-0.183,-0.122,-0.183,0.01708,0.02294,1.01464,28.96
$IMU,2563.149,-0.244,-0.061,-0.122,0.01855,0.02587,1.01269,28.96
$IMU,2563.151,-0.305,0.000,-0.122,0.01611,0.02587,1.01464,28.96
$IMU,2563.153,-0.305,0.061,-0.183,0.01464,0.02343,1.01318,28.96
$MAG,2563.156,-0.343,-0.277,-0.903,28.1
$IMU,2563.156,-0.305,-0.061,-0.183,0.01562,0.02832,1.01464,28.96
$IMU,2563.158,-0.305,-0.183,-0.244,0.01464,0.02587,1.01464,28.96
$IMU,2563.160,-0.366,-0.061,-0.122,0.01708,0.02099,1.01123,28.96
$IMU,2563.163,-0.427,0.061,-0.183,0.01708,0.02343,1.01416,28.96
$IMU,2563.165,-0.305,-0.122,-0.183,0.01611,0.02197,1.01660,28.97
$MAG,2563.166,-0.342,-0.276,-0.906,28.1
$IMU,2563.167,-0.366,0.000,-0.122,0.01464,0.02343,1.01611,28.97
$IMU,2563.170,-0.305,-0.061,-0.122,0.01660,0.02050,1.01416,28.97
$IMU,2563.172,-0.305,-0.183,-0.122,0.01708,0.02294,1.01806,28.97
$IMU,2563.174,-0.305,-0.183,-0.122,0.01708,0.02294,1.01953,28.97
$MAG,2563.176,-0.337,-0.267,-0.904,28.2
$IMU,2563.177,-0.183,-0.122,-0.183,0.01562,0.02490,1.01660,28.97
$IMU,2563.179,-0.183,-0.122,-0.244,0.01660,0.02246,1.01611,28.97
$BARO,2563.181,86432.62,29.07
$IMU,2563.181,-0.183,-0.183,-0.183,0.01611,0.02392,1.01464,28.97
$IMU,2563.184,-0.122,-0.183,-0.183,0.01953,0.02392,1.01562,29.00
$MAG,2563.186,-0.336,-0.274,-0.900,28.1
$IMU,2563.186,-0.183,-0.244,-0.183,0.01953,0.02490,1.01562,29.00
$IMU,2563.188,-0.183,-0.244,-0.183,0.01855,0.02490,1.01464,29.00
$IMU,2563.191,-0.244,-0.122,-0.183,0.01953,0.02587,1.01513,29.00
$IMU,2563.193,-0.305,-0.122,-0.122,0.01806,0.02246,1.01171,29.00
$IMU,2563.196,-0.305,-0.061,-0.183,0.01611,0.02685,1.01611,29.00
$MAG,2563.197,-0.348,-0.270,-0.901,28.1
$IMU,2563.198,-0.366,0.000,-0.122,0.01953,0.02587,1.01611,29.00
$IMU,2563.200,-0.305,0.061,-0.122,0.01464,0.02490,1.01464,29.00
$IMU,2563.203,-0.427,0.061,-0.122,0.01757,0.02392,1.01123,28.94
$IMU,2563.205,-0.366,-0.061,-0.183,0.01416,0.02343,1.01220,28.94
$MAG,2563.207,-0.342,-0.273,-0.903,28.2
$IMU,2563.207,-0.366,-0.122,-0.183,0.01367,0.02343,1.01416,28.94
$IMU,2563.210,-0.305,-0.122,-0.183,0.01416,0.02392,1.01513,28.94
$IMU,2563.212,-0.305,-0.183,-0.183,0.01757,0.02294,1.01708,28.94
$IMU,2563.214,-0.305,-0.061,-0.244,0.01367,0.02294,1.01464,28.94
$MAG,2563.217,-0.337,-0.277,-0.904,28.2
$IMU,2563.217,-0.427,-0.122,-0.183,0.01611,0.02246,1.01464,28.94
$IMU,2563.219,-0.427,-0.061,-0.183,0.01464,0.02148,1.01416,28.94
$IMU,2563.221,-0.305,-0.244,-0.183,0.01708,0.02441,1.01708,28.96
$IMU,2563.224,-0.366,-0.122,-0.122,0.01464,0.02685,1.01660,28.96
$IMU,2563.226,-0.366,-0.061,-0.183,0.01806,0.02587,1.01660,28.96
$MAG,2563.227,-0.342,-0.271,-0.901,28.1
$IMU,2563.228,-0.366,-0.183,-0.244,0.01318,0.02587,1.01513,28.96
$IMU,2563.231,-0.366,-0.122,-0.183,0.01318,0.02343,1.01708,28.96
$IMU,2563.233,-0.305,-0.244,-0.122,0.01953,0.02050,1.01660,28.96
$IMU,2563.235,-0.122,-0.549,-0.183,0.01806,0.02490,1.01464,28.96
$MAG,2563.237,-0.331,-0.276,-0.898,28.2
$IMU,2563.238,-0.122,-0.427,-0.122,0.01269,0.02490,1.01806,28.96
$IMU,2563.240,-0.305,0.000,-0.183,0.02099,0.02587,1.01904,28.96
$IMU,2563.242,-0.244,-0.244,-0.244,0.01904,0.02539,1.01708,28.96
$IMU,2563.245,-0.305,0.000,-0.183,0.01660,0.02294,1.01464,28.96
$MAG,2563.247,-0.334,-0.268,-0.903,28.1
$IMU,2563.247,-0.244,-0.061,-0.183,0.01708,0.02392,1.01464,28.96
$IMU,2563.249,-0.305,-0.122,-0.122,0.01562,0.02539,1.01416,28.96
$IMU,2563.252,-0.366,0.000,-0.122,0.01708,0.02587,1.01562,28.96
$IMU,2563.254,-0.427,0.061,-0.183,0.01757,0.02343,1.01708,28.96
$MAG,2563.257,-0.343,-0.267,-0.903,28.1
$IMU,2563.257,-0.488,-0.061,-0.244,0.01660,0.02294,1.01562,28.96
$IMU,2563.259,-0.488,-0.061,-0.122,0.01708,0.02490,1.01513,28.98
$IMU,2563.261,-0.427,0.000,-0.183,0.01513,0.02197,1.01464,28.98
$IMU,2563.264,-0.366,-0.183,-0.183,0.01611,0.02392,1.01367,28.98
$IMU,2563.266,-0.427,-0.061,-0.183,0.01562,0.02148,1.01416,28.98
$MAG,2563.267,-0.348,-0.276,-0.897,28.1
$IMU,2563.268,-0.427,0.000,-0.183,0.01464,0.02148,1.01513,28.98
$IMU,2563.271,-0.488,-0.061,-0.183,0.01904,0.02343,1.01513,28.98
$IMU,2563.273,-0.488,-0.122,-0.183,0.01464,0.02441,1.01806,28.98
$IMU,2563.275,-0.488,-0.122,-0.122,0.01855,0.02246,1.01367,28.98
$MAG,2563.277,-0.336,-0.271,-0.909,28.1
$IMU,2563.278,-0.427,-0.244,-0.244,0.01855,0.02685,1.01416,29.00
$IMU,2563.280,-0.427,-0.122,-0.244,0.01513,0.01904,1.01708,29.00
$IMU,2563.282,-0.488,-0.061,-0.183,0.01611,0.02197,1.01660,29.00
$BARO,2563.283,86431.02,29.07
$IMU,2563.285,-0.366,-0.305,-0.183,0.01562,0.02246,1.01806,29.00
$MAG,2563.287,-0.343,-0.280,-0.903,28.2
$IMU,2563.287,-0.366,-0.305,-0.183,0.01171,0.02148,1.01367,29.00
$IMU,2563.289,-0.305,-0.305,-0.244,0.01562,0.02343,1.01660,29.00
$IMU,2563.292,-0.366,-0.244,-0.183,0.01904,0.02343,1.01513,29.00
$IMU,2563.294,-0.427,0.000,-0.244,0.01904,0.02441,1.01611,29.00
$IMU,2563.296,-0.488,0.000,-0.183,0.01904,0.02343,1.01464,28.98
$MAG,2563.297,-0.337,-0.267,-0.904,28.1
$IMU,2563.299,-0.488,0.000,-0.244,0.01708,0.02343,1.01416,28.98
$IMU,2563.301,-0.488,0.000,-0.244,0.02050,0.02197,1.01220,28.98
$IMU,2563.303,-0.549,0.122,-0.183,0.02001,0.02148,1.01220,28.98
$IMU,2563.306,-0.549,0.061,-0.183,0.02148,0.02050,1.00976,28.98
$MAG,2563.308,-0.348,-0.277,-0.901,28.1
$IMU,2563.308,-0.488,0.122,-0.183,0.02050,0.01953,1.00732,28.98
$IMU,2563.310,-0.549,0.244,-0.122,0.01611,0.02099,1.00878,28.98
$IMU,2563.313,-0.427,0.122,-0.122,0.01708,0.02001,1.00341,28.98
$IMU,2563.315,-0.427,0.061,-0.122,0.01464,0.02148,1.00195,28.98
$MAG,2563.318,-0.337,-0.270,-0.898,28.1
$IMU,2563.318,-0.366,0.000,-0.183,0.01513,0.01953,1.00146,28.98
$IMU,2563.320,-0.305,0.000,-0.122,0.02001,0.01611,1.00097,28.98
$IMU,2563.322,-0.183,0.000,-0.122,0.01660,0.01562,0.99804,28.98
$IMU,2563.325,-0.122,0.061,-0.183,0.02050,0.01660,0.99707,28.98
$IMU,2563.327,-0.061,-0.061,-0.183,0.02246,0.01855,0.99804,28.98
$MAG,2563.328,-0.346,-0.276,-0.907,28.2
$IMU,2563.329,0.061,-0.061,-0.122,0.02099,0.01660,0.99365,28.98
$IMU,2563.332,0.122,0.000,-0.183,0.02148,0.01708,0.99511,28.98
$IMU,2563.334,0.244,0.000,-0.122,0.02099,0.01660,0.99316,28.96
$IMU,2563.336,0.244,0.061,-0.061,0.02050,0.01904,0.99267,28.96
$MAG,2563.338,-0.337,-0.271,-0.909,28.1
$IMU,2563.339,0.305,0.000,-0.122,0.01855,0.01416,0.98925,28.96
$IMU,2563.341,0.366,0.000,-0.061,0.01708,0.01269,0.98876,28.96
$IMU,2563.343,0.305,0.122,-0.183,0.01611,0.01074,0.98632,28.96
$IMU,2563.346,0.488,0.061,-0.183,0.02197,0.01025,0.97998,28.96
$MAG,2563.348,-0.349,-0.274,-0.895,28.1
$IMU,2563.348,0.793,-0.061,-0.122,0.01855,0.01074,0.98535,28.96
$IMU,2563.350,1.220,-0.305,-0.061,0.01757,0.01611,0.99072,28.96
$IMU,2563.353,1.525,-0.549,-0.061,0.01660,0.01611,0.99169,28.92
$IMU,2563.355,1.525,-0.488,0.061,0.01562,0.01855,0.99804,28.92
$IMU,2563.357,1.464,-0.610,0.000,0.01611,0.01855,1.00488,28.92
$MAG,2563.358,-0.331,-0.270,-0.907,28.2
$IMU,2563.360,1.464,-0.671,0.000,0.01269,0.01757,1.00976,28.92
$IMU,2563.362,1.586,-0.610,0.000,0.01123,0.02343,1.01562,28.92
$IMU,2563.364,1.831,-0.854,0.000,0.01171,0.02587,1.01757,28.92
$IMU,2563.367,1.953,-0.915,0.000,0.01074,0.02734,1.02734,28.92
$MAG,2563.368,-0.336,-0.270,-0.898,28.1
$IMU,2563.369,1.831,-0.976,0.061,0.01416,0.03320,1.03466,28.92
$IMU,2563.371,1.647,-0.915,0.122,0.01171,0.03369,1.03857,28.96
$IMU,2563.374,1.586,-1.159,0.000,0.01025,0.04052,1.04492,28.96
$IMU,2563.376,1.464,-1.159,0.000,0.01074,0.04150,1.05712,28.96
$MAG,2563.378,-0.339,-0.273,-0.901,28.1
$IMU,2563.378,1.342,-1.403,-0.061,0.01025,0.04443,1.06640,28.96
$IMU,2563.381,0.915,-1.403,-0.061,0.01171,0.04589,1.07617,28.96
$IMU,2563.383,0.183,-1.098,-0.122,0.01611,0.04785,1.07519,28.96
$BARO,2563.384,86429.80,29.07
$IMU,2563.386,-0.427,-0.793,-0.244,0.01904,0.04785,1.07226,28.96
$MAG,2563.388,-0.337,-0.276,-0.904,28.1
$IMU,2563.388,-1.159,-0.427,-0.427,0.02587,0.04443,1.06689,28.96
$IMU,2563.390,-1.586,-0.061,-0.427,0.02832,0.04248,1.06689,28.96
$IMU,2563.393,-1.770,0.366,-0.366,0.02880,0.03759,1.06298,28.96
$IMU,2563.395,-1.831,0.671,-0.305,0.02441,0.03271,1.05419,28.96
$IMU,2563.397,-1.953,1.037,-0.244,0.02246,0.02832,1.05078,28.96
$MAG,2563.398,-0.339,-0.277,-0.898,28.2
$IMU,2563.400,-2.075,1.281,-0.305,0.02050,0.02294,1.04052,28.96
$IMU,2563.402,-2.075,1.342,-0.305,0.02148,0.02392,1.03222,28.96
$IMU,2563.404,-2.014,1.342,-0.244,0.01660,0.02148,1.02197,28.96
$IMU,2563.407,-1.831,1.525,-0.244,0.01269,0.02197,1.01220,28.96
$MAG,2563.409,-0.334,-0.276,-0.904,28.2
$IMU,2563.409,-1.403,1.525,-0.305,0.01416,0.01855,1.00292,28.98
$IMU,2563.411,-1.098,1.403,-0.244,0.01562,0.02001,0.99804,28.98
$IMU,2563.414,-0.854,1.159,-0.122,0.01220,0.02001,0.99267,28.98
$IMU,2563.416,-0.915,1.098,0.000,0.01123,0.02099,0.99121,28.98
$IMU,2563.418,-0.976,0.976,0.000,0.01416,0.02197,0.98632,28.98
$MAG,2563.419,-0.340,-0.270,-0.901,28.2
$IMU,2563.421,-0.854,0.915,-0.061,0.01269,0.01855,0.98291,28.98
$IMU,2563.423,-0.732,0.732,-0.061,0.00976,0.01855,0.97900,28.98
$IMU,2563.425,-0.549,0.366,-0.122,0.01269,0.02294,0.97998,28.98
$IMU,2563.428,-0.427,0.122,-0.061,0.01269,0.02099,0.97851,28.99
$MAG,2563.429,-0.336,-0.268,-0.901,28.2
$IMU,2563.430,-0.366,-0.122,-0.183,0.01171,0.02148,0.97607,28.99
$IMU,2563.432,-0.305,-0.366,-0.183,0.01269,0.02148,0.97949,28.99
$IMU,2563.435,-0.366,-0.549,-0.122,0.00878,0.02099,0.97851,28.99
$IMU,2563.437,-0.366,-0.732,-0.244,0.01269,0.01904,0.98095,28.99
$MAG,2563.439,-0.346,-0.271,-0.910,28.1
$IMU,2563.439,-0.305,-0.793,-0.183,0.01123,0.02050,0.98632,28.99
$IMU,2563.442,-0.183,-0.793,-0.183,0.01318,0.01074,0.99023,28.99
$IMU,2563.444,0.000,-0.854,-0.183,0.01269,0.01611,1.00097,28.99
$IMU,2563.447,0.305,-1.159,-0.244,0.01708,0.01611,1.00585,28.94
$MAG,2563.449,-0.339,-0.276,-0.904,28.1
$IMU,2563.449,0.488,-1.098,-0.122,0.01464,0.01953,1.00976,28.94
$IMU,2563.451,0.549,-1.098,-0.183,0.01416,0.01660,1.01367,28.94
$IMU,2563.454,0.671,-0.976,-0.061,0.01562,0.01855,1.01904,28.94
$IMU,2563.456,0.793,-1.037,-0.122,0.02050,0.02246,1.02246,28.94
$IMU,2563.458,0.915,-1.037,-0.122,0.02294,0.02392,1.02783,28.94
$MAG,2563.459,-0.337,-0.273,-0.897,28.1
$IMU,2563.461,0.793,-0.793,-0.122,0.02148,0.02636,1.03320,28.94
$IMU,2563.463,0.671,-0.671,-0.122,0.02246,0.02490,1.03662,28.94
$IMU,2563.465,0.488,-0.549,-0.122,0.02539,0.02636,1.03515,28.96
$IMU,2563.468,0.427,-0.488,-0.122,0.01953,0.02832,1.03906,28.96
$MAG,2563.469,-0.336,-0.273,-0.903,28.2
$IMU,2563.470,0.122,-0.183,-0.061,0.01757,0.02978,1.04101,28.96
$IMU,2563.472,-0.061,-0.061,-0.061,0.02050,0.03222,1.03906,28.96
$IMU,2563.475,-0.183,0.000,-0.122,0.01904,0.02734,1.03906,28.96
$IMU,2563.477,-0.244,0.061,-0.122,0.01953,0.03222,1.03417,28.96
$MAG,2563.479,-0.346,-0.271,-0.903,28.1
$IMU,2563.479,-0.488,0.366,-0.183,0.01904,0.02978,1.03466,28.96
$IMU,2563.482,-0.549,0.244,-0.244,0.01953,0.02783,1.03320,28.96
$IMU,2563.484,-0.732,0.427,-0.183,0.01660,0.02685,1.03076,28.98
$BARO,2563.486,86431.77,29.07
$IMU,2563.486,-0.732,0.366,-0.244,0.01464,0.02539,1.02929,28.98
$MAG,2563.489,-0.334,-0.271,-0.898,28.2
$IMU,2563.489,-0.793,0.305,-0.244,0.01464,0.02832,1.02343,28.98
$IMU,2563.491,-0.854,0.427,-0.244,0.01708,0.02587,1.02294,28.98
$IMU,2563.493,-0.915,0.427,-0.183,0.01318,0.02832,1.01855,28.98
$IMU,2563.496,-0.915,0.488,-0.183,0.01806,0.02441,1.01464,28.98
$IMU,2563.498,-0.854,0.488,-0.122,0.01464,0.02441,1.01367,28.98
$MAG,2563.499,-0.342,-0.276,-0.901,28.1
$IMU,2563.500,-0.854,0.427,-0.122,0.01464,0.02490,1.00878,28.98
$IMU,2563.503,-0.854,0.366,-0.183,0.01367,0.02490,1.00585,28.96
$IMU,2563.505,-0.793,0.244,-0.122,0.01513,0.02246,1.00634,28.96
$IMU,2563.508,-0.732,0.366,-0.183,0.01416,0.02148,1.00195,28.96
$MAG,2563.510,-0.337,-0.270,-0.903,28.1
$IMU,2563.510,-0.671,0.305,-0.244,0.01660,0.02050,0.99755,28.96
$IMU,2563.512,-0.488,0.061,-0.183,0.01171,0.02294,0.99511,28.96
$IMU,2563.515,-0.366,-0.061,-0.061,0.01416,0.02490,0.99560,28.96
$IMU,2563.517,-0.305,0.000,-0.122,0.01464,0.02392,0.99609,28.96
$IMU,2563.519,-0.305,-0.061,-0.122,0.01562,0.01953,0.99707,28.96
$MAG,2563.520,-0.334,-0.274,-0.898,28.2
$IMU,2563.522,-0.305,-0.122,-0.183,0.01269,0.02246,0.99804,28.96
$IMU,2563.524,-0.305,-0.244,-0.183,0.01416,0.02050,1.00000,28.96
$IMU,2563.526,-0.244,-0.244,-0.122,0.01513,0.02343,1.00146,28.96
$IMU,2563.529,0.000,-0.488,-0.183,0.01220,0.01953,1.00634,28.96
$MAG,2563.530,-0.346,-0.274,-0.903,28.1
$IMU,2563.531,0.000,-0.549,-0.122,0.01220,0.02050,1.00341,28.96
$IMU,2563.533,0.061,-0.427,-0.122,0.01123,0.02294,1.00830,28.96
$IMU,2563.536,0.244,-0.549,-0.183,0.01660,0.01953,1.00976,28.96
$IMU,2563.538,0.244,-0.610,-0.183,0.01220,0.02148,1.01318,28.96
$MAG,2563.540,-0.343,-0.273,-0.898,28.1
$IMU,2563.540,0.244,-0.549,-0.183,0.01611,0.02294,1.01953,28.99
$IMU,2563.543,0.305,-0.671,-0.122,0.01855,0.02539,1.02050,28.99
$IMU,2563.545,0.183,-0.671,-0.122,0.02197,0.02441,1.02392,28.99
$IMU,2563.547,0.122,-0.427,-0.122,0.01904,0.02441,1.02294,28.99
$MAG,2563.550,-0.337,-0.268,-0.907,28.0
$IMU,2563.550,0.061,-0.366,-0.122,0.01806,0.02490,1.02587,28.99
$IMU,2563.552,0.061,-0.244,-0.061,0.02148,0.02343,1.02392,28.99
$IMU,2563.554,-0.061,-0.183,-0.122,0.02148,0.02441,1.02294,28.99
$IMU,2563.557,0.000,-0.122,-0.061,0.02050,0.02539,1.02148,28.99
$IMU,2563.559,-0.061,0.000,-0.061,0.01757,0.02636,1.01904,28.97
$MAG,2563.560,-0.330,-0.273,-0.915,28.2
$IMU,2563.561,-0.122,0.061,-0.122,0.01904,0.02539,1.02148,28.97
$IMU,2563.564,-0.061,0.000,-0.122,0.01611,0.02685,1.02050,28.97
$IMU,2563.566,-0.122,0.000,-0.122,0.01562,0.02294,1.01904,28.97
$IMU,2563.569,-0.244,0.122,-0.183,0.02001,0.02392,1.02392,28.97
$MAG,2563.570,-0.343,-0.280,-0.900,28.2
$IMU,2563.571,-0.488,0.244,-0.183,0.02050,0.02685,1.02099,28.97
$IMU,2563.573,-0.549,0.427,-0.122,0.01806,0.02490,1.02148,28.97
$IMU,2563.576,-0.488,0.366,-0.183,0.01708,0.02392,1.01904,28.97
$IMU,2563.578,-0.366,0.244,-0.061,0.01513,0.02441,1.02001,28.96
$MAG,2563.580,-0.336,-0.276,-0.898,28.1
$IMU,2563.580,-0.305,0.244,-0.122,0.01269,0.02392,1.01953,28.96
$IMU,2563.583,-0.305,0.000,-0.244,0.01367,0.02685,1.01757,28.96
$IMU,2563.585,-0.427,0.000,-0.183,0.01757,0.02099,1.01708,28.96
$BARO,2563.587,86424.90,29.08
$IMU,2563.587,-0.549,0.000,-0.183,0.01660,0.02539,1.01367,28.96
$IMU,2563.590,-0.488,-0.122,-0.122,0.01708,0.02246,1.01318,28.96
$MAG,2563.590,-0.343,-0.274,-0.900,28.1
$IMU,2563.592,-0.549,-0.061,-0.122,0.01953,0.02539,1.01513,28.96
$IMU,2563.594,-0.427,-0.122,-0.122,0.01904,0.02392,1.01269,28.96
$IMU,2563.597,-0.610,0.244,-0.244,0.01953,0.02343,1.00976,28.98
$IMU,2563.599,-0.427,0.061,-0.122,0.01416,0.02099,1.01123,28.98
$MAG,2563.600,-0.337,-0.274,-0.904,28.1
$IMU,2563.601,-0.305,0.000,-0.061,0.01611,0.02246,1.00585,28.98
$IMU,2563.604,-0.183,0.000,-0.061,0.01464,0.02636,1.00634,28.98
$IMU,2563.606,-0.122,-0.061,-0.122,0.01513,0.02392,1.00292,28.98
$IMU,2563.608,-0.061,0.000,-0.183,0.01318,0.02441,1.00634,28.98
$MAG,2563.611,-0.333,-0.279,-0.900,27.8
$IMU,2563.611,-0.183,-0.122,-0.183,0.01367,0.02441,1.00732,28.98
$IMU,2563.613,-0.122,-0.061,-0.183,0.01708,0.02490,1.00634,28.98
$IMU,2563.615,-0.122,-0.183,-0.183,0.01611,0.02441,1.00976,29.04
$IMU,2563.618,-0.061,-0.305,-0.183,0.01855,0.02539,1.01025,29.04
$IMU,2563.620,0.000,-0.244,-0.183,0.01660,0.02294,1.01171,29.04
$MAG,2563.621,-0.343,-0.279,-0.898,28.2
$IMU,2563.622,0.061,-0.122,-0.183,0.01611,0.02539,1.01367,29.04
$IMU,2563.625,0.000,-0.122,-0.122,0.01416,0.02636,1.01660,29.04
$IMU,2563.627,0.061,-0.061,-0.122,0.01708,0.02880,1.01757,29.04
$IMU,2563.630,0.061,-0.183,-0.183,0.01464,0.02929,1.01562,29.04
$MAG,2563.631,-0.345,-0.285,-0.900,28.1
$IMU,2563.632,0.000,-0.183,-0.122,0.01367,0.03027,1.01562,29.04
$IMU,2563.634,-0.061,-0.244,-0.183,0.01367,0.02734,1.01757,28.97
$IMU,2563.637,-0.366,-0.122,-0.183,0.01611,0.02685,1.01855,28.97
$IMU,2563.639,-0.305,-0.427,-0.183,0.01806,0.02587,1.01562,28.97
$MAG,2563.641,-0.336,-0.274,-0.898,28.2
$IMU,2563.641,-0.427,-0.305,-0.244,0.02001,0.02832,1.01855,28.97
$IMU,2563.644,-0.488,-0.244,-0.183,0.01660,0.02490,1.02050,28.97
$IMU,2563.646,-0.488,-0.305,-0.244,0.01757,0.02539,1.01953,28.97
$IMU,2563.648,-0.427,-0.305,-0.244,0.01953,0.02636,1.02050,28.97
$MAG,2563.651,-0.340,-0.267,-0.900,28.2
$IMU,2563.651,-0.305,-0.427,-0.244,0.01953,0.02343,1.01855,28.97
$IMU,2563.653,-0.427,-0.122,-0.244,0.02050,0.02343,1.01953,28.97
$IMU,2563.655,-0.305,-0.183,-0.183,0.01855,0.02294,1.02099,28.97
$IMU,2563.658,-0.305,0.000,-0.183,0.01708,0.02197,1.01904,28.97
$IMU,2563.660,-0.244,-0.122,-0.122,0.02148,0.02294,1.02197,28.97
$MAG,2563.661,-0.339,-0.276,-0.900,28.1
$IMU,2563.662,-0.305,0.000,-0.122,0.01855,0.02343,1.02001,28.97
$IMU,2563.665,-0.427,0.061,-0.183,0.01708,0.02294,1.01660,28.97
$IMU,2563.667,-0.427,0.061,-0.183,0.01562,0.02783,1.01611,28.97
$IMU,2563.669,-0.427,0.122,-0.122,0.01904,0.02490,1.01416,28.97
$MAG,2563.671,-0.339,-0.273,-0.900,28.2
$IMU,2563.672,-0.366,0.061,-0.244,0.01464,0.02490,1.01367,28.96
$IMU,2563.674,-0.488,0.244,-0.244,0.01318,0.02441,1.00878,28.96
$IMU,2563.676,-0.671,0.610,-0.244,0.01660,0.02490,1.01074,28.96
$IMU,2563.679,-0.427,0.183,-0.183,0.01611,0.02099,1.00732,28.96
$MAG,2563.681,-0.340,-0.276,-0.909,28.1
$IMU,2563.681,-0.122,-0.366,-0.183,0.01562,0.02246,1.00878,28.96
$IMU,2563.683,-0.366,0.000,-0.183,0.01562,0.02050,1.00585,28.96
$IMU,2563.686,-0.366,0.000,-0.183,0.01611,0.02050,1.00732,28.96
$IMU,2563.688,-0.366,-0.061,-0.183,0.01904,0.02197,1.00585,28.96
$BARO,2563.689,86423.29,29.07
$IMU,2563.691,-0.305,-0.183,-0.183,0.01611,0.02050,1.00781,29.01
$MAG,2563.691,-0.340,-0.267,-0.900,28.1
$IMU,2563.693,-0.244,-0.122,-0.183,0.01806,0.01953,1.00830,29.01
$IMU,2563.695,-0.183,-0.061,-0.122,0.01611,0.02099,1.00878,29.01
$IMU,2563.698,-0.122,-0.183,-0.122,0.01464,0.02001,1.00585,29.01
$IMU,2563.700,-0.122,-0.122,-0.122,0.01513,0.02050,1.00781,29.01
$MAG,2563.701,-0.343,-0.280,-0.901,28.1
$IMU,2563.702,-0.061,-0.183,-0.122,0.01171,0.02148,1.01171,29.01
$IMU,2563.705,0.000,-0.244,-0.183,0.01367,0.02392,1.01269,29.01
$IMU,2563.707,0.000,-0.183,-0.122,0.01513,0.02246,1.01562,29.01
$IMU,2563.709,0.061,-0.305,-0.183,0.01562,0.02587,1.01660,28.96
$MAG,2563.711,-0.345,-0.265,-0.900,28.1
$IMU,2563.712,-0.061,-0.305,-0.122,0.01708,0.02441,1.01757,28.96
$IMU,2563.714,-0.061,-0.305,-0.122,0.01904,0.02246,1.02001,28.96
$IMU,2563.716,-0.061,-0.366,-0.183,0.01806,0.02197,1.02001,28.96
$IMU,2563.719,-0.061,-0.244,-0.122,0.01611,0.02441,1.01660,28.96
$IMU,2563.721,-0.061,-0.183,-0.183,0.01757,0.02587,1.01757,28.96
$MAG,2563.722,-0.339,-0.267,-0.901,28.2
$IMU,2563.723,-0.122,-0.122,-0.183,0.01611,0.02636,1.01708,28.96
$IMU,2563.726,-0.122,-0.122,-0.122,0.01757,0.02832,1.01953,28.96
$IMU,2563.728,-0.122,0.000,-0.183,0.01416,0.02343,1.01806,29.01
$IMU,2563.730,-0.061,-0.122,-0.122,0.01513,0.02880,1.01953,29.01
$MAG,2563.732,-0.345,-0.271,-0.901,28.2
$IMU,2563.733,-0.122,-0.183,-0.244,0.01708,0.02490,1.01660,29.01
$IMU,2563.735,-0.183,-0.183,-0.183,0.01513,0.02539,1.01757,29.01
$IMU,2563.737,-0.183,-0.183,-0.183,0.01611,0.02490,1.01953,29.01
$IMU,2563.740,-0.366,-0.061,-0.122,0.01757,0.02734,1.01953,29.01
$MAG,2563.742,-0.330,-0.276,-0.895,28.2
$IMU,2563.742,-0.427,-0.061,-0.183,0.01660,0.02587,1.02197,29.01
$IMU,2563.744,-0.427,-0.061,-0.122,0.01953,0.02490,1.01806,29.01
$IMU,2563.747,-0.366,-0.122,-0.183,0.01806,0.02587,1.01464,28.98
$IMU,2563.749,-0.427,0.061,-0.122,0.01562,0.02587,1.01318,28.98
$MAG,2563.752,-0.340,-0.271,-0.904,28.1
$IMU,2563.752,-0.366,0.000,-0.122,0.01513,0.02392,1.01708,28.98
$VBAT,2563.753,4.134
$IMU,2563.754,-0.366,0.000,-0.122,0.01513,0.02587,1.01220,28.98
$IMU,2563.756,-0.183,0.000,-0.183,0.01464,0.02636,1.01562,28.98
$IMU,2563.759,-0.183,-0.183,-0.183,0.01562,0.02343,1.01513,28.98
$IMU,2563.761,-0.244,-0.061,-0.183,0.01660,0.02587,1.01220,28.98
$MAG,2563.762,-0.340,-0.277,-0.906,28.1
$IMU,2563.763,-0.244,0.000,-0.183,0.01806,0.02490,1.01367,28.98
$IMU,2563.766,-0.244,0.000,-0.244,0.01757,0.02587,1.01123,28.99
$IMU,2563.768,-0.244,-0.061,-0.183,0.01708,0.02539,1.00976,28.99
$IMU,2563.770,-0.183,-0.122,-0.183,0.01904,0.02636,1.01220,28.99
$MAG,2563.772,-0.345,-0.276,-0.901,28.1
$IMU,2563.773,-0.305,-0.061,-0.122,0.01757,0.02294,1.01416,28.99
$IMU,2563.775,-0.305,-0.122,-0.183,0.01806,0.02490,1.01464,28.99
$IMU,2563.777,-0.366,0.061,-0.244,0.01660,0.02441,1.01416,28.99
$IMU,2563.780,-0.366,0.122,-0.244,0.01757,0.02392,1.01171,28.99
$MAG,2563.782,-0.339,-0.270,-0.906,28.1
$IMU,2563.782,-0.427,0.061,-0.183,0.01708,0.02490,1.00976,28.99
$IMU,2563.784,-0.305,-0.061,-0.183,0.01562,0.02246,1.00927,29.01
$IMU,2563.787,-0.366,-0.061,-0.183,0.01708,0.02441,1.00976,29.01
$IMU,2563.789,-0.366,-0.061,-0.183,0.01513,0.02294,1.00927,29.01
$BARO,2563.790,86432.16,29.07
$IMU,2563.791,-0.244,-0.183,-0.183,0.01416,0.02294,1.01025,29.01
$MAG,2563.792,-0.339,-0.276,-0.906,28.1
$IMU,2563.794,-0.122,-0.244,-0.122,0.01611,0.02001,1.01171,29.01
$IMU,2563.796,-0.061,-0.244,-0.183,0.01660,0.02197,1.01123,29.01
$IMU,2563.798,-0.122,-0.244,-0.122,0.01708,0.02294,1.01611,29.01
$IMU,2563.801,-0.183,-0.122,-0.183,0.01708,0.02539,1.01562,29.01
$MAG,2563.802,-0.336,-0.276,-0.901,28.1
$IMU,2563.803,-0.244,-0.122,-0.183,0.01660,0.02294,1.01708,28.97
$IMU,2563.805,-0.122,-0.244,-0.122,0.01464,0.02246,1.01708,28.97
$IMU,2563.808,0.000,-0.305,-0.183,0.01562,0.02392,1.01611,28.97
$IMU,2563.810,-0.061,-0.244,-0.183,0.01660,0.02246,1.01757,28.97
$MAG,2563.812,-0.349,-0.276,-0.909,28.1
$IMU,2563.813,-0.122,-0.244,-0.122,0.01464,0.02441,1.01513,28.97
$IMU,2563.815,-0.183,-0.122,-0.061,0.01562,0.02148,1.01708,28.97
$IMU,2563.817,-0.244,-0.122,-0.183,0.01708,0.02783,1.01611,28.97
$IMU,2563.820,-0.183,-0.122,-0.122,0.01806,0.02490,1.01513,28.97
$IMU,2563.822,-0.061,-0.183,-0.122,0.01513,0.02294,1.01806,28.96
$MAG,2563.823,-0.346,-0.274,-0.900,28.1
$IMU,2563.824,-0.122,-0.122,-0.122,0.01708,0.02441,1.01757,28.96
$IMU,2563.827,-0.244,-0.061,-0.122,0.01757,0.02587,1.01757,28.96
$IMU,2563.829,-0.305,0.183,-0.122,0.01904,0.02490,1.01611,28.96
$IMU,2563.831,-0.305,0.061,-0.183,0.01953,0.02294,1.01513,28.96
$MAG,2563.833,-0.339,-0.270,-0.903,28.0
$IMU,2563.834,-0.183,-0.061,-0.122,0.01611,0.02392,1.01757,28.96
$IMU,2563.836,-0.183,0.000,-0.061,0.01416,0.02392,1.01513,28.96
$IMU,2563.838,-0.305,-0.122,-0.122,0.01806,0.02441,1.01367,28.96
$IMU,2563.841,-0.488,0.122,-0.122,0.01708,0.02539,1.01269,28.97
$MAG,2563.843,-0.343,-0.274,-0.898,28.1
$IMU,2563.843,-0.183,-0.183,-0.183,0.01660,0.02783,1.01318,28.97
$IMU,2563.845,-0.305,0.000,-0.183,0.01513,0.02294,1.01171,28.97
$IMU,2563.848,-0.305,-0.122,-0.183,0.01611,0.02343,1.01367,28.97
$IMU,2563.850,-0.366,-0.122,-0.122,0.01562,0.02734,1.01220,28.97
$IMU,2563.852,-0.427,-0.061,-0.183,0.01660,0.02197,1.01171,28.97
$MAG,2563.853,-0.346,-0.271,-0.912,28.1
$IMU,2563.855,-0.488,-0.183,-0.122,0.01708,0.02343,1.01367,28.97
$IMU,2563.857,-0.427,-0.061,-0.122,0.01611,0.02294,1.01318,28.97
$IMU,2563.859,-0.305,-0.061,-0.183,0.01757,0.02343,1.01025,28.99
$IMU,2563.862,-0.244,-0.183,-0.183,0.01806,0.02392,1.01025,28.99
$MAG,2563.863,-0.333,-0.271,-0.906,28.1
$IMU,2563.864,-0.305,-0.061,-0.122,0.01464,0.02246,1.01171,28.99
$IMU,2563.866,-0.183,-0.061,-0.122,0.01855,0.02099,1.01562,28.99
$IMU,2563.869,-0.305,-0.061,-0.244,0.01611,0.02490,1.01611,28.99
$IMU,2563.871,-0.244,-0.183,-0.244,0.01611,0.02441,1.01562,28.99
$MAG,2563.873,-0.330,-0.261,-0.889,28.1
$IMU,2563.873,-0.183,-0.061,-0.122,0.01660,0.02539,1.01171,28.99
$IMU,2563.876,-0.183,-0.061,-0.122,0.01708,0.02392,1.00976,28.99
$IMU,2563.878,-0.122,0.000,-0.183,0.01611,0.02246,1.01464,29.01
$IMU,2563.881,-0.061,0.000,-0.122,0.01562,0.02294,1.01367,29.01
$MAG,2563.883,-0.334,-0.270,-0.897,28.1
$IMU,2563.883,-0.061,-0.183,-0.183,0.01708,0.02539,1.01318,29.01
$IMU,2563.885,-0.122,-0.122,-0.122,0.01904,0.02246,1.01513,29.01
$IMU,2563.888,-0.122,-0.122,-0.183,0.01904,0.02148,1.01464,29.01
$IMU,2563.890,-0.183,-0.122,-0.183,0.01611,0.02294,1.01513,29.01
$BARO,2563.891,86433.04,29.07
$IMU,2563.892,-0.244,0.000,-0.244,0.01611,0.02441,1.01513,29.01
$MAG,2563.893,-0.337,-0.274,-0.904,28.1
$IMU,2563.895,-0.244,-0.122,-0.122,0.01513,0.02294,1.01464,29.01
$IMU,2563.897,-0.244,-0.244,-0.183,0.01416,0.02343,1.01562,28.98
$IMU,2563.899,-0.061,-0.244,-0.244,0.01464,0.02441,1.01757,28.98
$IMU,2563.902,-0.183,-0.122,-0.244,0.01513,0.02490,1.01464,28.98
$MAG,2563.903,-0.334,-0.274,-0.897,28.0
$IMU,2563.904,-0.244,-0.061,-0.183,0.01806,0.02392,1.01464,28.98
$IMU,2563.906,-0.244,-0.183,-0.183,0.01416,0.02441,1.01562,28.98
$IMU,2563.909,-0.305,-0.183,-0.183,0.01611,0.02441,1.01513,28.98
$IMU,2563.911,-0.244,-0.183,-0.183,0.01513,0.02294,1.01464,28.98
$MAG,2563.913,-0.343,-0.282,-0.895,28.1
$IMU,2563.913,-0.305,-0.061,-0.183,0.01513,0.02392,1.01611,28.98
$IMU,2563.916,-0.305,-0.061,-0.183,0.01611,0.02294,1.01757,29.00
$IMU,2563.918,-0.305,-0.122,-0.183,0.02050,0.02246,1.01367,29.00
$IMU,2563.920,-0.244,-0.122,-0.122,0.01708,0.02294,1.01318,29.00
$IMU,2563.923,-0.244,-0.061,-0.183,0.01611,0.02392,1.01318,29.00
$MAG,2563.924,-0.348,-0.273,-0.901,28.2
$IMU,2563.925,-0.244,-0.244,-0.122,0.01708,0.02099,1.01513,29.00
$IMU,2563.927,-0.244,-0.061,-0.183,0.01416,0.02441,1.01660,29.00
$IMU,2563.930,-0.366,0.061,-0.183,0.01562,0.02392,1.01708,29.00
$IMU,2563.932,-0.183,-0.122,-0.183,0.01708,0.02148,1.01318,29.00
$MAG,2563.934,-0.348,-0.274,-0.900,28.1
$IMU,2563.934,-0.244,0.000,-0.122,0.01562,0.02197,1.01220,29.00
$IMU,2563.937,-0.122,-0.183,-0.122,0.01464,0.02246,1.01318,29.00
$IMU,2563.939,-0.122,-0.061,-0.122,0.01806,0.02343,1.01269,29.00
$IMU,2563.942,-0.244,0.000,-0.061,0.01562,0.02490,1.01318,29.00
$MAG,2563.944,-0.339,-0.270,-0.894,28.2
$IMU,2563.944,-0.305,0.061,-0.183,0.01416,0.02392,1.01464,29.00
$IMU,2563.946,-0.244,-0.122,-0.061,0.01464,0.02343,1.01123,29.00
$IMU,2563.949,-0.183,-0.244,-0.122,0.01660,0.02441,1.01220,29.00
$IMU,2563.951,-0.366,-0.061,-0.183,0.01708,0.02343,1.01269,29.00
$IMU,2563.953,-0.305,-0.061,-0.183,0.01367,0.02294,1.01367,28.98
$MAG,2563.954,-0.336,-0.271,-0.907,28.2
$IMU,2563.956,-0.305,0.000,-0.183,0.01220,0.02539,1.01269,28.98
$IMU,2563.958,-0.305,-0.122,-0.183,0.01855,0.02441,1.01611,28.98
$IMU,2563.960,-0.244,-0.183,-0.183,0.01757,0.02197,1.01220,28.98
$IMU,2563.963,-0.244,-0.122,-0.122,0.01708,0.02343,1.01464,28.98
$MAG,2563.964,-0.342,-0.276,-0.903,28.1
$IMU,2563.965,-0.305,-0.061,-0.183,0.01904,0.02001,1.01123,28.98
$IMU,2563.967,-0.305,-0.122,-0.183,0.01757,0.01806,1.01318,28.98
$IMU,2563.970,-0.305,-0.183,-0.183,0.01611,0.02197,1.01464,28.98
$IMU,2563.972,-0.305,-0.183,-0.244,0.01611,0.02246,1.01464,29.00
$MAG,2563.974,-0.336,-0.273,-0.897,28.2
$IMU,2563.974,-0.244,-0.061,-0.122,0.01855,0.01953,1.01464,29.00
$IMU,2563.977,-0.183,-0.122,-0.122,0.01660,0.02441,1.01513,29.00
$IMU,2563.979,-0.244,-0.122,-0.122,0.02001,0.02343,1.01611,29.00
$IMU,2563.981,-0.183,-0.122,-0.183,0.01708,0.02050,1.01367,29.00
$MAG,2563.984,-0.334,-0.271,-0.901,28.1
$IMU,2563.984,-0.244,0.000,-0.183,0.01953,0.02246,1.01708,29.00
$IMU,2563.986,-0.122,-0.061,-0.183,0.01953,0.02392,1.01416,29.00
$IMU,2563.988,-0.183,0.000,-0.122,0.01708,0.02050,1.01464,29.00
$IMU,2563.991,-0.183,-0.061,-0.122,0.01611,0.02392,1.01757,29.01
$BARO,2563.993,86424.31,29.08
$IMU,2563.993,-0.183,-0.061,-0.183,0.01757,0.02441,1.01660,29.01
$MAG,2563.994,-0.336,-0.270,-0.907,28.1
$IMU,2563.995,-0.122,-0.061,-0.122,0.01708,0.02587,1.01513,29.01
$IMU,2563.998,-0.183,-0.061,-0.122,0.01855,0.02441,1.01464,29.01
$IMU,2564.000,-0.244,-0.122,-0.244,0.01806,0.02587,1.01416,29.01
$IMU,2564.003,-0.183,-0.122,-0.122,0.01611,0.02294,1.01611,29.01
$MAG,2564.004,-0.334,-0.268,-0.900,28.1
$IMU,2564.005,-0.183,0.000,-0.122,0.01611,0.02392,1.01416,29.01
$IMU,2564.007,-0.366,0.061,-0.183,0.01513,0.02246,1.01416,29.01
$IMU,2564.010,-0.305,0.000,-0.122,0.01660,0.02441,1.01611,29.03
$IMU,2564.012,-0.305,-0.183,-0.183,0.01757,0.02148,1.01708,29.03
$MAG,2564.014,-0.345,-0.279,-0.897,28.1
$IMU,2564.014,-0.305,-0.122,-0.122,0.01708,0.02783,1.01562,29.03
$IMU,2564.017,-0.305,-0.122,-0.305,0.01953,0.02490,1.01562,29.03
$IMU,2564.019,-0.366,0.061,-0.183,0.01562,0.02490,1.01367,29.03
$IMU,2564.021,-0.366,-0.061,-0.122,0.01513,0.02148,1.01269,29.03
$IMU,2564.024,-0.244,-0.244,-0.122,0.01464,0.02490,1.01464,29.03
$MAG,2564.025,-0.336,-0.271,-0.901,28.2
$IMU,2564.026,-0.244,-0.122,-0.122,0.01660,0.02343,1.01562,29.03
$IMU,2564.028,-0.244,-0.183,-0.183,0.01562,0.02246,1.01367,29.02
$IMU,2564.031,-0.183,-0.183,-0.183,0.01708,0.02001,1.01464,29.02
$IMU,2564.033,-0.183,-0.244,-0.122,0.01367,0.02294,1.01367,29.02
$MAG,2564.035,-0.339,-0.268,-0.897,28.2
$IMU,2564.035,-0.305,0.000,-0.244,0.01855,0.02587,1.01318,29.02
$IMU,2564.038,-0.061,-0.305,-0.183,0.01464,0.02490,1.01611,29.02
$IMU,2564.040,-0.183,-0.061,-0.244,0.01464,0.02539,1.01318,29.02
$HUM,2564.042,37.2,29.5
$IMU,2564.042,-0.122,-0.061,-0.122,0.01367,0.02783,1.01660,29.02
$MAG,2564.045,-0.331,-0.271,-0.900,28.1
$IMU,2564.045,-0.183,-0.122,-0.183,0.01708,0.02490,1.01367,29.02
$IMU,2564.047,-0.244,0.122,-0.122,0.01708,0.02099,1.01269,29.03
$IMU,2564.049,-0.183,-0.061,-0.183,0.02001,0.02490,1.01513,29.03
$IMU,2564.052,-0.244,-0.061,-0.183,0.01806,0.02783,1.01416,29.03
$IMU,2564.054,-0.244,-0.122,-0.183,0.01855,0.02587,1.01318,29.03
$MAG,2564.055,-0.336,-0.267,-0.900,28.2
$IMU,2564.056,-0.244,0.061,-0.183,0.01611,0.02490,1.01269,29.03
$IMU,2564.059,-0.366,-0.061,-0.122,0.01904,0.02490,1.01123,29.03
$IMU,2564.061,-0.305,0.000,-0.061,0.01220,0.02539,1.01123,29.03
$IMU,2564.064,-0.305,-0.183,-0.244,0.01269,0.02197,1.01318,29.03
$MAG,2564.065,-0.346,-0.271,-0.898,28.2
$IMU,2564.066,-0.305,-0.244,-0.183,0.01513,0.02539,1.01464,29.00
$IMU,2564.068,-0.305,-0.122,-0.183,0.01611,0.02392,1.01416,29.00
$IMU,2564.071,-0.305,-0.244,-0.122,0.01806,0.02050,1.01367,29.00
$IMU,2564.073,-0.305,-0.183,-0.183,0.01806,0.02294,1.01611,29.00
$MAG,2564.075,-0.334,-0.288,-0.904,28.1
$IMU,2564.075,-0.305,-0.061,-0.183,0.01953,0.02490,1.01562,29.00
$IMU,2564.078,-0.244,-0.061,-0.183,0.01660,0.02294,1.01367,29.00
$IMU,2564.080,-0.183,-0.122,-0.183,0.01562,0.02294,1.01464,29.00
$IMU,2564.082,-0.244,0.000,-0.122,0.02050,0.02392,1.01708,29.00
$MAG,2564.085,-0.330,-0.274,-0.898,28.2
$IMU,2564.085,-0.183,0.061,-0.061,0.02050,0.02294,1.01611,29.00
$IMU,2564.087,-0.183,-0.122,-0.122,0.02001,0.02197,1.01757,29.00
$IMU,2564.089,-0.183,-0.061,-0.183,0.01513,0.02490,1.01464,29.00
$IMU,2564.092,-0.183,0.122,-0.244,0.02050,0.02246,1.01367,29.00
$BARO,2564.094,86437.74,29.08
$IMU,2564.094,-0.183,0.061,-0.183,0.01953,0.02392,1.01611,29.00
$MAG,2564.095,-0.343,-0.267,-0.897,28.1
$IMU,2564.096,-0.183,0.000,-0.183,0.01855,0.02685,1.01562,29.00
$IMU,2564.099,-0.183,-0.061,-0.122,0.01416,0.02441,1.01611,29.00
$IMU,2564.101,-0.244,0.000,-0.183,0.01367,0.02539,1.01513,29.00
$IMU,2564.103,-0.305,0.122,-0.183,0.01464,0.02587,1.01220,29.05
$MAG,2564.105,-0.336,-0.276,-0.903,28.1
$IMU,2564.106,-0.305,0.061,-0.183,0.01513,0.02636,1.01171,29.05
$IMU,2564.108,-0.305,-0.183,-0.244,0.01806,0.02490,1.01367,29.05
$IMU,2564.110,-0.305,-0.183,-0.183,0.01757,0.02783,1.01269,29.05
$IMU,2564.113,-0.305,-0.122,-0.122,0.01367,0.02441,1.01464,29.05
$MAG,2564.115,-0.345,-0.277,-0.907,28.3
$IMU,2564.115,-0.366,-0.061,-0.183,0.01464,0.02294,1.01367,29.05
$IMU,2564.117,-0.366,-0.061,-0.183,0.01562,0.02246,1.01464,29.05
$IMU,2564.120,-0.305,-0.122,-0.183,0.01611,0.02197,1.01464,29.05
$IMU,2564.122,-0.183,-0.366,-0.183,0.01220,0.02197,1.01171,29.04
$MAG,2564.125,-0.328,-0.273,-0.898,28.1
$IMU,2564.125,-0.183,-0.366,-0.244,0.01611,0.02392,1.00976,29.04
$IMU,2564.127,-0.366,0.000,-0.183,0.01513,0.02490,1.01220,29.04
$IMU,2564.129,-0.244,-0.183,-0.183,0.01757,0.02490,1.01318,29.04
$IMU,2564.132,-0.244,-0.183,-0.244,0.01708,0.02343,1.01220,29.04
$IMU,2564.134,-0.183,-0.244,-0.183,0.01953,0.02148,1.01318,29.04
$MAG,2564.136,-0.345,-0.283,-0.903,28.1
$IMU,2564.136,-0.183,-0.183,-0.122,0.02099,0.02148,1.01416,29.04
$IMU,2564.139,-0.183,-0.122,-0.183,0.01708,0.02392,1.01367,29.04
$IMU,2564.141,-0.305,0.061,-0.183,0.01660,0.02246,1.01513,29.03
$IMU,2564.143,-0.244,0.122,-0.122,0.01904,0.02490,1.01611,29.03
$MAG,2564.146,-0.346,-0.274,-0.898,28.1
$IMU,2564.146,-0.183,-0.183,-0.122,0.01660,0.02539,1.01513,29.03
$IMU,2564.148,-0.061,-0.183,-0.183,0.01708,0.02636,1.01220,29.03
$IMU,2564.150,-0.122,-0.122,-0.122,0.01318,0.02246,1.01513,29.03
$IMU,2564.153,-0.183,0.000,-0.122,0.01757,0.02539,1.01220,29.03
$IMU,2564.155,-0.244,0.000,-0.183,0.01855,0.02392,1.01416,29.03
$MAG,2564.156,-0.334,-0.273,-0.907,28.2
$IMU,2564.157,-0.244,-0.061,-0.244,0.01806,0.02539,1.01562,29.03
$IMU,2564.160,-0.183,-0.183,-0.183,0.01660,0.02197,1.01318,28.99
$IMU,2564.162,-0.061,-0.427,-0.122,0.01464,0.02246,1.01464,28.99
$IMU,2564.164,-0.305,-0.122,-0.183,0.01269,0.02392,1.01416,28.99
$MAG,2564.166,-0.337,-0.276,-0.901,28.2
$IMU,2564.167,-0.305,-0.122,-0.122,0.01611,0.01953,1.01562,28.99
$IMU,2564.169,-0.305,-0.061,-0.183,0.01513,0.02441,1.01611,28.99
$IMU,2564.171,-0.305,-0.244,-0.061,0.01416,0.02294,1.01367,28.99
$IMU,2564.174,-0.183,-0.366,-0.122,0.01464,0.01904,1.01660,28.99
$MAG,2564.176,-0.337,-0.274,-0.909,28.1
$IMU,2564.176,-0.305,-0.183,-0.183,0.01757,0.02099,1.01757,28.99
$IMU,2564.178,-0.244,-0.244,-0.244,0.01269,0.02441,1.01611,29.01
$IMU,2564.181,-0.305,-0.061,-0.122,0.01806,0.02148,1.01513,29.01
$IMU,2564.183,-0.244,-0.122,-0.122,0.01708,0.02490,1.01660,29.01
$MAG,2564.186,-0.337,-0.277,-0.900,28.2
$IMU,2564.186,-0.183,-0.061,-0.183,0.01513,0.02099,1.01757,29.01
$IMU,2564.188,-0.244,-0.183,-0.122,0.01562,0.02246,1.01757,29.01
$IMU,2564.190,-0.122,-0.061,-0.183,0.01318,0.02294,1.01464,29.01
$IMU,2564.193,-0.244,0.000,-0.183,0.01416,0.02441,1.01562,29.01
$IMU,2564.195,-0.244,-0.061,-0.061,0.01416,0.02636,1.01416,29.01
$BARO,2564.196,86430.36,29.08
$MAG,2564.196,-0.328,-0.273,-0.897,28.2
$IMU,2564.197,-0.183,-0.061,-0.122,0.01660,0.02539,1.01171,28.99
$IMU,2564.200,-0.183,-0.061,-0.244,0.01611,0.02539,1.01318,28.99
$IMU,2564.202,-0.183,0.000,-0.122,0.01220,0.02343,1.01074,28.99
$IMU,2564.204,-0.305,0.122,-0.183,0.01562,0.02392,1.01318,28.99
$MAG,2564.206,-0.342,-0.271,-0.904,28.1
$IMU,2564.207,-0.305,0.061,-0.244,0.01806,0.02343,1.01123,28.99
$IMU,2564.209,-0.366,0.183,-0.183,0.01708,0.02685,1.01171,28.99
$IMU,2564.211,-0.244,-0.061,-0.122,0.01660,0.02441,1.01269,28.99
$IMU,2564.214,-0.183,-0.244,-0.122,0.01660,0.02441,1.01367,28.99
$MAG,2564.216,-0.337,-0.270,-0.904,28.2
$IMU,2564.216,-0.244,-0.061,-0.183,0.01562,0.02539,1.01123,28.97
$IMU,2564.218,-0.366,-0.122,-0.122,0.01416,0.02539,1.01269,28.97
$IMU,2564.221,-0.305,-0.122,-0.122,0.01611,0.02001,1.01367,28.97
$IMU,2564.223,-0.183,-0.244,-0.122,0.01757,0.02343,1.01220,28.97
$IMU,2564.225,-0.305,-0.305,-0.122,0.01757,0.02392,1.01416,28.97
$MAG,2564.227,-0.339,-0.276,-0.900,28.1
$IMU,2564.228,-0.244,-0.366,-0.183,0.01855,0.02148,1.01367,28.97
$IMU,2564.230,-0.305,-0.244,-0.122,0.01855,0.02050,1.01416,28.97
$IMU,2564.232,-0.305,-0.244,-0.183,0.01513,0.02343,1.01318,28.97
$IMU,2564.235,-0.183,-0.244,-0.122,0.01904,0.02441,1.01562,28.99
$MAG,2564.237,-0.342,-0.270,-0.909,28.1
$IMU,2564.237,-0.183,-0.183,-0.122,0.02001,0.02099,1.01513,28.99
$IMU,2564.239,-0.183,-0.244,-0.183,0.02197,0.02441,1.01513,28.99
$IMU,2564.242,-0.183,-0.183,-0.122,0.01806,0.02539,1.01708,28.99
$IMU,2564.244,-0.122,-0.244,-0.122,0.01806,0.02197,1.01416,28.99
$MAG,2564.247,-0.330,-0.271,-0.907,28.1
$IMU,2564.247,0.000,-0.427,-0.183,0.01855,0.02392,1.01464,28.99
$IMU,2564.249,-0.061,-0.061,-0.122,0.01904,0.02539,1.01513,28.99
$IMU,2564.251,-0.061,-0.122,-0.122,0.01513,0.02246,1.01513,28.99
$IMU,2564.254,-0.122,-0.061,-0.122,0.01757,0.02392,1.01562,29.05
$IMU,2564.256,-0.183,0.061,-0.122,0.01611,0.02734,1.01416,29.05
$MAG,2564.257,-0.334,-0.277,-0.892,28.0
$IMU,2564.258,-0.244,0.000,-0.183,0.01513,0.02734,1.01464,29.05
$IMU,2564.261,-0.244,-0.061,-0.244,0.01757,0.02343,1.01367,29.05
$IMU,2564.263,-0.061,-0.244,-0.183,0.01757,0.02392,1.01269,29.05
$IMU,2564.265,-0.122,-0.305,-0.183,0.01757,0.02490,1.01269,29.05
$MAG,2564.267,-0.334,-0.274,-0.897,28.2
$IMU,2564.268,-0.305,-0.122,-0.183,0.01464,0.02197,1.01318,29.05
$IMU,2564.270,-0.366,0.122,-0.183,0.01318,0.02441,1.01611,29.05
$IMU,2564.272,-0.427,-0.122,-0.183,0.01367,0.02343,1.01513,29.01
$IMU,2564.275,-0.305,-0.183,-0.122,0.01855,0.02197,1.01611,29.01
$MAG,2564.277,-0.339,-0.274,-0.898,28.1
$IMU,2564.277,-0.366,-0.061,-0.244,0.01611,0.02490,1.01464,29.01
$IMU,2564.279,-0.305,-0.122,-0.183,0.01513,0.02587,1.01318,29.01
$IMU,2564.282,-0.427,0.061,-0.122,0.01904,0.02148,1.01513,29.01
$IMU,2564.284,-0.427,0.061,-0.244,0.01611,0.02148,1.01269,29.01
$IMU,2564.286,-0.305,-0.183,-0.244,0.01855,0.02490,1.01513,29.01
$MAG,2564.287,-0.334,-0.277,-0.906,28.2
$IMU,2564.289,-0.244,-0.244,-0.183,0.01660,0.02294,1.01513,29.01
$IMU,2564.291,-0.183,-0.244,-0.183,0.01513,0.02441,1.01416,29.00
$IMU,2564.293,-0.244,-0.122,-0.244,0.01806,0.02392,1.01416,29.00
$IMU,2564.296,-0.244,-0.061,-0.183,0.01806,0.02636,1.01708,29.00
$BARO,2564.297,86432.04,29.09
$MAG,2564.297,-0.336,-0.280,-0.910,28.2
$IMU,2564.298,-0.244,-0.122,-0.122,0.01562,0.02441,1.01464,29.00
$IMU,2564.300,-0.122,-0.183,-0.122,0.01806,0.02441,1.01708,29.00
$IMU,2564.303,-0.122,-0.305,-0.122,0.01855,0.02343,1.01855,29.00
$IMU,2564.305,-0.244,-0.183,-0.061,0.02197,0.02441,1.01806,29.00
$MAG,2564.307,-0.343,-0.268,-0.895,28.2
$IMU,2564.307,-0.122,-0.183,-0.183,0.01660,0.02392,1.01562,29.00
$IMU,2564.310,-0.244,0.000,-0.244,0.01757,0.02587,1.01318,29.02
$IMU,2564.312,-0.122,-0.122,-0.183,0.01904,0.02343,1.01220,29.02
$IMU,2564.315,-0.122,-0.244,-0.122,0.02001,0.02636,1.01171,29.02
$MAG,2564.317,-0.330,-0.270,-0.904,28.1
$IMU,2564.317,-0.244,0.000,-0.122,0.01757,0.02539,1.01318,29.02
$IMU,2564.319,-0.244,0.000,-0.122,0.01708,0.02246,1.01318,29.02
$IMU,2564.322,-0.366,0.000,-0.122,0.01855,0.02539,1.01318,29.02
$IMU,2564.324,-0.305,-0.061,-0.122,0.01904,0.02539,1.01367,29.02
$IMU,2564.326,-0.305,-0.061,-0.183,0.01953,0.02197,1.01269,29.02
$MAG,2564.327,-0.343,-0.268,-0.904,28.2
$IMU,2564.329,-0.244,-0.122,-0.183,0.01806,0.02294,1.01416,29.00
$IMU,2564.331,-0.244,-0.244,-0.183,0.01464,0.02197,1.01464,29.00
$IMU,2564.333,-0.366,0.000,-0.122,0.01611,0.02001,1.01367,29.00
$IMU,2564.336,-0.305,0.000,-0.122,0.01757,0.02294,1.01708,29.00
$MAG,2564.338,-0.334,-0.276,-0.898,28.2
$IMU,2564.338,-0.244,-0.122,-0.244,0.01806,0.02490,1.01318,29.00
$IMU,2564.340,-0.122,-0.244,-0.183,0.01367,0.02490,1.01318,29.00
$IMU,2564.343,-0.122,-0.244,-0.183,0.01757,0.02392,1.01464,29.00
$IMU,2564.345,-0.244,0.000,-0.183,0.01464,0.02539,1.01708,29.00
$IMU,2564.347,-0.305,0.000,-0.122,0.01757,0.02490,1.01562,29.03
$MAG,2564.348,-0.337,-0.276,-0.898,28.2
$IMU,2564.350,-0.244,0.000,-0.061,0.01904,0.02197,1.01464,29.03
$IMU,2564.352,-0.061,-0.366,-0.183,0.01708,0.02441,1.01464,29.03
$IMU,2564.354,-0.122,-0.183,-0.183,0.01806,0.02490,1.01855,29.03
$IMU,2564.357,-0.244,-0.061,-0.183,0.01708,0.02539,1.01660,29.03
$MAG,2564.358,-0.337,-0.280,-0.901,28.2
$IMU,2564.359,-0.244,-0.122,-0.244,0.01806,0.02636,1.01708,29.03
$IMU,2564.361,-0.244,-0.122,-0.122,0.01953,0.02685,1.01416,29.03
$IMU,2564.364,-0.061,-0.366,-0.122,0.01757,0.02099,1.01416,29.03
$IMU,2564.366,-0.122,-0.183,-0.183,0.01806,0.02343,1.01318,29.04
$MAG,2564.368,-0.336,-0.273,-0.900,28.1
$IMU,2564.368,-0.244,-0.061,-0.244,0.01660,0.02490,1.01513,29.04
$IMU,2564.371,-0.244,-0.061,-0.183,0.01660,0.02587,1.01513,29.04
$IMU,2564.373,-0.305,0.061,-0.183,0.01513,0.02587,1.01416,29.04
$IMU,2564.376,-0.305,-0.061,-0.244,0.01660,0.02441,1.01464,29.04
$MAG,2564.378,-0.342,-0.274,-0.901,28.5
$IMU,2564.378,-0.244,-0.061,-0.244,0.01318,0.02294,1.01269,29.04
$IMU,2564.380,-0.305,-0.061,-0.122,0.01171,0.02246,1.01367,29.04
$IMU,2564.383,-0.488,0.061,-0.122,0.01171,0.02294,1.01220,29.04
$IMU,2564.385,-0.366,0.122,-0.122,0.01074,0.02343,1.01660,29.01
$IMU,2564.387,-0.366,-0.061,-0.183,0.01318,0.02197,1.01464,29.01
$MAG,2564.388,-0.342,-0.274,-0.904,28.1
$IMU,2564.390,-0.366,0.061,-0.122,0.01464,0.01904,1.01416,29.01
$IMU,2564.392,-0.244,-0.122,-0.122,0.01855,0.02099,1.01416,29.01
$IMU,2564.394,-0.305,-0.122,-0.183,0.01855,0.02246,1.01513,29.01
$IMU,2564.397,-0.183,-0.061,-0.183,0.01708,0.02197,1.01660,29.01
$MAG,2564.398,-0.334,-0.276,-0.900,28.2
$BARO,2564.399,86435.33,29.08
$IMU,2564.399,-0.244,-0.061,-0.122,0.01855,0.02246,1.01562,29.01
$IMU,2564.401,-0.244,-0.122,-0.122,0.01757,0.02490,1.01220,29.01
$IMU,2564.404,-0.183,-0.061,-0.122,0.01757,0.02343,1.01416,28.98
$IMU,2564.406,-0.061,-0.183,-0.122,0.01855,0.02539,1.01513,28.98
$MAG,2564.408,-0.336,-0.276,-0.900,28.1
$IMU,2564.408,-0.122,-0.061,-0.183,0.01806,0.02490,1.01708,28.98
$IMU,2564.411,-0.183,-0.061,-0.122,0.02001,0.02636,1.01562,28.98
$IMU,2564.413,-0.244,0.000,-0.183,0.01806,0.02343,1.01611,28.98
$IMU,2564.415,-0.244,-0.061,-0.183,0.01513,0.02343,1.01757,28.98
$MAG,2564.418,-0.331,-0.271,-0.901,28.2
$IMU,2564.418,-0.244,-0.061,-0.183,0.01708,0.02636,1.01513,28.98
$IMU,2564.420,-0.244,-0.061,-0.183,0.01562,0.02343,1.01513,28.98
$IMU,2564.422,-0.244,-0.183,-0.183,0.01855,0.02685,1.01611,29.02
$IMU,2564.425,-0.366,0.000,-0.122,0.01611,0.02539,1.01318,29.02
$IMU,2564.427,-0.427,0.061,-0.183,0.01562,0.02539,1.01269,29.02
$MAG,2564.428,-0.343,-0.276,-0.900,28.2
$IMU,2564.429,-0.366,-0.183,-0.183,0.01416,0.02490,1.01220,29.02
$IMU,2564.432,-0.366,0.000,-0.183,0.01269,0.02539,1.01269,29.02
$IMU,2564.434,-0.244,-0.305,-0.244,0.01562,0.02197,1.01318,29.02
$IMU,2564.437,-0.305,-0.244,-0.183,0.01660,0.02539,1.01269,29.02
$IMU,2564.439,-0.244,-0.183,-0.183,0.01708,0.02148,1.01318,29.02
$MAG,2564.439,-0.336,-0.277,-0.904,28.2
$IMU,2564.441,-0.427,0.122,-0.061,0.01611,0.02490,1.01464,29.02
$IMU,2564.444,-0.244,-0.244,-0.244,0.01757,0.02294,1.01464,29.02
$IMU,2564.446,-0.122,-0.244,-0.183,0.02001,0.02294,1.01416,29.02
$IMU,2564.448,0.061,-0.488,-0.244,0.01708,0.02392,1.01318,29.02
$MAG,2564.449,-0.336,-0.286,-0.907,28.2
$IMU,2564.451,-0.183,-0.122,-0.244,0.01757,0.02246,1.01220,29.02
$IMU,2564.453,-0.244,-0.061,-0.244,0.01611,0.02441,1.01416,29.02
$IMU,2564.455,-0.244,-0.061,-0.122,0.01562,0.02490,1.01660,29.02
$IMU,2564.458,-0.122,-0.244,-0.122,0.01513,0.02880,1.01513,29.02
$MAG,2564.459,-0.340,-0.267,-0.898,28.1
$IMU,2564.460,-0.183,-0.122,-0.183,0.01855,0.02685,1.01806,29.03
$IMU,2564.462,-0.183,-0.061,-0.183,0.01904,0.02734,1.01464,29.03
$IMU,2564.465,-0.305,0.000,-0.183,0.01953,0.02490,1.01367,29.03
$IMU,2564.467,-0.183,-0.061,-0.122,0.01611,0.02294,1.01367,29.03
$MAG,2564.469,-0.334,-0.276,-0.900,28.2
$IMU,2564.469,-0.244,-0.122,-0.183,0.01855,0.02197,1.01611,29.03
$IMU,2564.472,-0.305,0.000,-0.183,0.01855,0.02294,1.01416,29.03
$IMU,2564.474,-0.244,-0.061,-0.122,0.01513,0.02246,1.01367,29.03
$IMU,2564.476,-0.305,0.061,-0.122,0.01611,0.02490,1.01708,29.03
$MAG,2564.479,-0.334,-0.277,-0.897,28.1
$IMU,2564.479,-0.305,-0.061,-0.183,0.01562,0.02539,1.01660,29.00
$IMU,2564.481,-0.366,0.000,-0.122,0.01660,0.02343,1.01318,29.00
$IMU,2564.483,-0.366,-0.061,-0.244,0.01708,0.02441,1.01171,29.00
$IMU,2564.486,-0.305,-0.061,-0.183,0.01953,0.02539,1.01513,29.00
$IMU,2564.488,-0.427,0.061,-0.122,0.01806,0.02294,1.01367,29.00
$MAG,2564.489,-0.339,-0.279,-0.900,28.1
$IMU,2564.490,-0.305,-0.183,-0.122,0.01660,0.02294,1.01416,29.00
$IMU,2564.493,-0.305,-0.244,-0.122,0.01611,0.02832,1.01611,29.00
$IMU,2564.495,-0.305,-0.183,-0.122,0.01757,0.02197,1.01562,29.00
$IMU,2564.498,-0.244,-0.183,-0.183,0.02001,0.02343,1.01416,29.04
$MAG,2564.499,-0.343,-0.279,-0.898,28.1
$BARO,2564.500,86432.92,29.09
$IMU,2564.500,-0.244,-0.183,-0.183,0.01757,0.02587,1.01318,29.04
$IMU,2564.502,-0.305,-0.122,-0.183,0.01611,0.02392,1.01416,29.04
$IMU,2564.505,-0.183,-0.122,-0.122,0.01416,0.02197,1.01464,29.04
$IMU,2564.507,-0.183,-0.183,-0.122,0.01855,0.02441,1.01416,29.04
$MAG,2564.509,-0.333,-0.273,-0.904,28.2
$IMU,2564.509,-0.061,-0.183,-0.183,0.01806,0.02392,1.01464,29.04
$IMU,2564.512,-0.183,-0.061,-0.122,0.01464,0.02343,1.01416,29.04
$IMU,2564.514,-0.244,0.122,-0.183,0.01904,0.02246,1.01513,29.04
$IMU,2564.516,-0.244,0.000,-0.122,0.01806,0.02050,1.01416,29.01
$MAG,2564.519,-0.336,-0.276,-0.900,28.1
$IMU,2564.519,-0.305,0.000,-0.183,0.01660,0.02294,1.01562,29.01
$IMU,2564.521,-0.183,-0.122,-0.061,0.01708,0.01806,1.01513,29.01
$IMU,2564.523,-0.183,-0.183,-0.183,0.01367,0.02148,1.01464,29.01
$IMU,2564.526,-0.244,-0.061,-0.183,0.01513,0.02197,1.01367,29.01
$IMU,2564.528,-0.305,0.000,-0.183,0.01708,0.02636,1.01660,29.01
$MAG,2564.529,-0.337,-0.271,-0.898,28.1
$IMU,2564.530,-0.305,-0.061,-0.183,0.01757,0.02392,1.01318,29.01
$IMU,2564.533,-0.366,0.000,-0.183,0.01660,0.02148,1.01464,29.01
$IMU,2564.535,-0.366,-0.183,-0.122,0.01806,0.02343,1.01513,29.03
$IMU,2564.537,-0.305,-0.061,-0.183,0.01464,0.02685,1.01416,29.03
$MAG,2564.539,-0.342,-0.280,-0.901,28.2
$IMU,2564.540,-0.305,-0.183,-0.183,0.01171,0.02587,1.01416,29.03
$IMU,2564.542,-0.366,0.000,-0.122,0.01318,0.01904,1.01269,29.03
$IMU,2564.544,-0.305,-0.122,-0.244,0.01611,0.02490,1.01562,29.03
$IMU,2564.547,-0.183,-0.305,-0.183,0.01855,0.02441,1.01513,29.03
$IMU,2564.549,-0.305,-0.183,-0.122,0.01708,0.02197,1.01220,29.03
$MAG,2564.550,-0.336,-0.271,-0.910,28.1
$IMU,2564.551,-0.183,-0.244,-0.183,0.01513,0.02099,1.01416,29.03
$IMU,2564.554,-0.244,-0.122,-0.183,0.01757,0.02587,1.01464,29.03
$IMU,2564.556,-0.183,-0.122,-0.183,0.01855,0.02197,1.01464,29.03
$IMU,2564.559,-0.183,-0.122,-0.183,0.01904,0.02294,1.01611,29.03
$MAG,2564.560,-0.337,-0.271,-0.904,28.1
$IMU,2564.561,-0.244,-0.061,-0.183,0.01660,0.02392,1.01464,29.03
$IMU,2564.563,-0.183,-0.061,-0.122,0.01416,0.02392,1.01318,29.03
$IMU,2564.566,-0.183,-0.122,-0.183,0.01757,0.02636,1.01464,29.03
$IMU,2564.568,-0.183,0.000,-0.122,0.01757,0.02490,1.01220,29.03
$MAG,2564.570,-0.337,-0.273,-0.900,28.1
$IMU,2564.570,-0.122,-0.061,-0.122,0.01660,0.02343,1.01269,29.03
$IMU,2564.573,-0.061,-0.183,-0.183,0.01708,0.02148,1.01416,29.00
$IMU,2564.575,-0.183,-0.122,-0.122,0.01464,0.02587,1.01416,29.00
$IMU,2564.577,-0.244,-0.061,-0.122,0.01855,0.02587,1.01416,29.00
$MAG,2564.580,-0.337,-0.276,-0.895,28.2
$IMU,2564.580,-0.183,-0.061,-0.122,0.01611,0.02148,1.01513,29.00
$IMU,2564.582,-0.122,-0.183,-0.183,0.01318,0.02441,1.01220,29.00
$IMU,2564.584,-0.183,-0.183,-0.183,0.01367,0.02246,1.01318,29.00
$IMU,2564.587,-0.366,-0.061,-0.183,0.01757,0.02099,1.01416,29.00
$IMU,2564.589,-0.305,-0.305,-0.244,0.01953,0.02343,1.01562,29.00
$MAG,2564.590,-0.334,-0.279,-0.898,28.2
$IMU,2564.591,-0.366,-0.061,-0.183,0.01416,0.02441,1.01416,29.00
$IMU,2564.594,-0.305,-0.061,-0.122,0.01757,0.02099,1.01416,29.00
$IMU,2564.596,-0.305,-0.122,-0.244,0.01757,0.02246,1.01611,29.00
$IMU,2564.598,-0.244,-0.122,-0.122,0.01757,0.02587,1.01318,29.00
$MAG,2564.600,-0.340,-0.274,-0.907,28.1
$IMU,2564.601,-0.244,-0.061,-0.183,0.01513,0.02148,1.01318,29.00
$BARO,2564.602,86427.94,29.09
$IMU,2564.603,-0.244,-0.061,-0.122,0.01416,0.02490,1.01513,29.00
$IMU,2564.605,-0.244,-0.061,-0.122,0.01562,0.02050,1.01416,29.00
$IMU,2564.608,-0.244,-0.061,-0.183,0.01904,0.02587,1.01367,29.00
$MAG,2564.610,-0.337,-0.274,-0.900,28.1
$IMU,2564.610,-0.183,-0.305,-0.122,0.01855,0.02294,1.01367,28.98
$IMU,2564.612,-0.183,-0.183,-0.183,0.01904,0.02099,1.01660,28.98
$IMU,2564.615,-0.244,-0.061,-0.183,0.01660,0.02197,1.01513,28.98
$IMU,2564.617,-0.244,-0.122,-0.183,0.01806,0.02685,1.01513,28.98
$MAG,2564.620,-0.339,-0.276,-0.901,28.1
$IMU,2564.620,-0.061,-0.244,-0.122,0.01806,0.02783,1.01513,28.98
$IMU,2564.622,-0.122,-0.122,-0.183,0.01757,0.02490,1.01416,28.98
$IMU,2564.624,-0.061,-0.061,-0.183,0.01611,0.02343,1.01464,28.98
$IMU,2564.627,-0.183,-0.061,-0.122,0.01806,0.02294,1.01269,28.98
$IMU,2564.629,-0.305,0.122,-0.122,0.01904,0.02539,1.01562,29.03
$MAG,2564.630,-0.340,-0.276,-0.898,28.1
$IMU,2564.631,-0.305,0.061,-0.183,0.01855,0.02587,1.01464,29.03
$IMU,2564.634,-0.305,-0.061,-0.122,0.01562,0.02587,1.01367,29.03
$IMU,2564.636,-0.244,-0.183,-0.183,0.01611,0.02294,1.01318,29.03
$IMU,2564.638,-0.183,-0.244,-0.244,0.01464,0.02441,1.01318,29.03
$MAG,2564.640,-0.337,-0.270,-0.900,28.1
$IMU,2564.641,-0.305,0.000,-0.183,0.01611,0.02343,1.01269,29.03
$IMU,2564.643,-0.244,-0.183,-0.061,0.01464,0.02050,1.01611,29.03
$IMU,2564.645,-0.427,0.122,-0.183,0.01318,0.02050,1.01562,29.03
$IMU,2564.648,-0.305,-0.122,-0.183,0.01660,0.02441,1.01367,29.01
$IMU,2564.650,-0.305,-0.061,-0.122,0.01611,0.02392,1.01220,29.01
$MAG,2564.651,-0.337,-0.274,-0.898,28.1
$IMU,2564.652,-0.183,-0.244,-0.183,0.01904,0.02148,1.01416,29.01
$IMU,2564.655,-0.305,-0.061,-0.244,0.01806,0.02343,1.01416,29.01
$IMU,2564.657,-0.244,-0.122,-0.244,0.01757,0.01904,1.01171,29.01
$IMU,2564.659,-0.244,-0.244,-0.183,0.01367,0.02441,1.01611,29.01
$MAG,2564.661,-0.334,-0.276,-0.898,28.1
$IMU,2564.662,-0.183,-0.244,-0.183,0.01660,0.02099,1.01464,29.01
$IMU,2564.664,-0.244,-0.061,-0.183,0.01855,0.02099,1.01513,29.01
$IMU,2564.666,-0.244,-0.061,-0.122,0.01660,0.02246,1.01367,29.01
$IMU,2564.669,-0.244,-0.061,-0.122,0.01757,0.02148,1.01171,29.01
$MAG,2564.671,-0.330,-0.271,-0.898,28.1
$IMU,2564.671,-0.244,-0.061,-0.244,0.01708,0.02490,1.01464,29.01
$IMU,2564.673,-0.183,-0.122,-0.244,0.02050,0.02490,1.01074,29.01
$IMU,2564.676,-0.122,-0.122,-0.183,0.01660,0.02294,1.01367,29.01
$IMU,2564.678,-0.122,-0.122,-0.183,0.01904,0.02343,1.01513,29.01
$MAG,2564.681,-0.342,-0.285,-0.903,28.1
$IMU,2564.681,-0.305,0.000,-0.183,0.01708,0.02392,1.01757,29.01
$IMU,2564.683,-0.305,-0.122,-0.183,0.01367,0.02197,1.01367,29.01
$IMU,2564.685,-0.183,-0.183,-0.122,0.01660,0.02246,1.01123,29.02
$IMU,2564.688,-0.183,-0.244,-0.183,0.01757,0.02343,1.01464,29.02
$IMU,2564.690,-0.305,-0.061,-0.122,0.01708,0.02392,1.01513,29.02
$MAG,2564.691,-0.339,-0.277,-0.904,28.2
$IMU,2564.692,-0.305,-0.061,-0.122,0.01611,0.02148,1.01318,29.02
$IMU,2564.695,-0.305,-0.061,-0.183,0.01416,0.02587,1.01367,29.02
$IMU,2564.697,-0.305,-0.061,-0.244,0.01708,0.02392,1.01660,29.02
$IMU,2564.699,-0.366,-0.061,-0.122,0.01611,0.02343,1.01318,29.02
$MAG,2564.701,-0.339,-0.268,-0.897,28.1
$IMU,2564.702,-0.427,-0.061,-0.122,0.01660,0.02099,1.01416,29.02
$BARO,2564.703,86423.92,29.09
$IMU,2564.704,-0.366,-0.244,-0.183,0.01708,0.02099,1.01757,29.02
$IMU,2564.706,-0.427,0.061,-0.122,0.01464,0.02392,1.01220,29.02
$IMU,2564.709,-0.305,-0.061,-0.122,0.01611,0.02636,1.01464,29.02
$MAG,2564.711,-0.334,-0.279,-0.904,28.2
$IMU,2564.711,-0.183,-0.305,-0.183,0.01562,0.02587,1.01269,29.02
$IMU,2564.713,-0.122,-0.244,-0.122,0.01855,0.02148,1.01513,29.02
$IMU,2564.716,-0.183,-0.061,-0.183,0.01660,0.02343,1.01416,29.02
$IMU,2564.718,-0.244,0.000,-0.183,0.02001,0.02343,1.01416,29.02
$IMU,2564.720,-0.183,-0.183,-0.244,0.01953,0.02343,1.01367,29.02
$MAG,2564.721,-0.343,-0.273,-0.904,28.2
$IMU,2564.723,-0.305,0.061,-0.183,0.01953,0.02685,1.01464,29.03
$IMU,2564.725,-0.122,-0.183,-0.122,0.01953,0.02587,1.01708,29.03
$IMU,2564.727,-0.122,-0.122,-0.122,0.02197,0.02343,1.01318,29.03
$IMU,2564.730,-0.183,0.000,-0.122,0.01855,0.02197,1.01367,29.03
$MAG,2564.731,-0.336,-0.271,-0.895,28.1
$IMU,2564.732,-0.122,-0.061,-0.183,0.01660,0.02490,1.01220,29.03
$IMU,2564.734,-0.122,-0.122,-0.183,0.01806,0.02441,1.01269,29.03
$IMU,2564.737,-0.244,-0.122,-0.183,0.01611,0.02539,1.01074,29.03
$IMU,2564.739,-0.244,-0.061,-0.183,0.01708,0.02587,1.01269,29.03
$MAG,2564.741,-0.334,-0.274,-0.904,28.2
$IMU,2564.741,-0.244,-0.183,-0.183,0.01806,0.02343,1.01123,29.01
$IMU,2564.744,-0.305,-0.061,-0.244,0.01660,0.02392,1.01416,29.01
$IMU,2564.746,-0.366,0.061,-0.122,0.01660,0.02099,1.01464,29.01
$IMU,2564.749,-0.427,0.000,-0.122,0.01660,0.02490,1.01367,29.01
$MAG,2564.751,-0.340,-0.271,-0.897,28.2
$IMU,2564.751,-0.305,-0.183,-0.244,0.01806,0.02343,1.01269,29.01
$IMU,2564.753,-0.183,-0.366,-0.244,0.01855,0.02099,1.01318,29.01
$IMU,2564.756,-0.366,0.000,-0.183,0.02001,0.02441,1.01708,29.01
$VBAT,2564.756,4.127
$IMU,2564.758,-0.427,0.122,-0.183,0.01660,0.02539,1.01562,29.01
$IMU,2564.760,-0.244,-0.061,-0.244,0.01562,0.02490,1.01708,29.00
$MAG,2564.762,-0.331,-0.273,-0.903,28.1
$IMU,2564.763,-0.366,0.061,-0.122,0.01708,0.02343,1.01708,29.00
$IMU,2564.765,-0.244,-0.122,-0.122,0.01367,0.02050,1.01367,29.00
$IMU,2564.767,-0.244,-0.183,-0.183,0.01416,0.02294,1.01513,29.00
$IMU,2564.770,-0.244,-0.061,-0.183,0.01611,0.02343,1.01416,29.00
$MAG,2564.772,-0.340,-0.271,-0.895,28.2
$IMU,2564.772,-0.183,-0.061,-0.183,0.01904,0.02148,1.01464,29.00
$IMU,2564.774,-0.183,-0.183,-0.183,0.01953,0.02099,1.01513,29.00
$IMU,2564.777,-0.122,-0.122,-0.183,0.01757,0.02392,1.01513,29.00
$IMU,2564.779,-0.061,-0.244,-0.183,0.01953,0.02392,1.01611,29.02
$IMU,2564.781,-0.244,0.122,-0.122,0.01757,0.02392,1.01708,29.02
$MAG,2564.782,-0.337,-0.274,-0.903,28.2
$IMU,2564.784,-0.244,0.183,-0.183,0.01611,0.02343,1.01562,29.02
$IMU,2564.786,-0.244,0.000,-0.244,0.01904,0.02539,1.01367,29.02
$IMU,2564.788,-0.244,0.000,-0.122,0.01562,0.02441,1.01171,29.02
$IMU,2564.791,-0.183,-0.061,-0.122,0.01660,0.02441,1.01318,29.02
$MAG,2564.792,-0.328,-0.271,-0.906,28.2
$IMU,2564.793,-0.244,-0.122,-0.183,0.01660,0.02539,1.01562,29.02
$IMU,2564.795,-0.305,-0.061,-0.183,0.01611,0.02539,1.01464,29.02
$IMU,2564.798,-0.305,0.000,-0.183,0.01708,0.02636,1.01562,29.03
$IMU,2564.800,-0.305,-0.122,-0.244,0.01757,0.02490,1.01464,29.03
$MAG,2564.802,-0.331,-0.267,-0.900,28.2
$IMU,2564.802,-0.183,-0.366,-0.122,0.01416,0.02539,1.01269,29.03
$BARO,2564.805,86436.89,29.09
$IMU,2564.805,-0.305,-0.244,-0.183,0.01416,0.02490,1.01660,29.03
$IMU,2564.807,-0.244,-0.183,-0.183,0.01416,0.02587,1.01269,29.03
$IMU,2564.810,-0.305,0.000,-0.244,0.01513,0.02050,1.01367,29.03
$MAG,2564.812,-0.340,-0.277,-0.904,28.2
$IMU,2564.812,-0.305,-0.183,-0.122,0.01611,0.02636,1.01367,29.03
$IMU,2564.814,-0.122,-0.305,-0.122,0.01660,0.02050,1.01367,29.03
$IMU,2564.817,-0.122,-0.244,-0.122,0.01660,0.02197,1.01464,29.06
$IMU,2564.819,-0.061,-0.244,-0.183,0.01806,0.02246,1.01367,29.06
$IMU,2564.821,-0.244,-0.061,-0.183,0.02050,0.02197,1.01171,29.06
$MAG,2564.822,-0.337,-0.274,-0.907,28.1
$IMU,2564.824,-0.305,0.183,-0.122,0.01708,0.02246,1.01513,29.06
$IMU,2564.826,-0.244,-0.122,-0.061,0.01660,0.02734,1.01269,29.06
$IMU,2564.828,-0.244,0.000,-0.122,0.01855,0.02099,1.01367,29.06
$IMU,2564.831,-0.305,0.061,-0.122,0.01953,0.02294,1.01220,29.06
$MAG,2564.832,-0.340,-0.279,-0.904,28.1
$IMU,2564.833,-0.122,-0.244,-0.183,0.01611,0.02294,1.01611,29.06
$IMU,2564.835,-0.122,-0.122,-0.122,0.01611,0.02685,1.01367,29.04
$IMU,2564.838,-0.244,0.000,-0.183,0.02148,0.02636,1.01416,29.04
$IMU,2564.840,-0.244,0.000,-0.122,0.01855,0.02392,1.01513,29.04
$MAG,2564.842,-0.334,-0.274,-0.906,28.1
$IMU,2564.842,-0.244,0.000,-0.183,0.01464,0.02441,1.01171,29.04
$IMU,2564.845,-0.244,0.000,-0.183,0.01513,0.02636,1.01269,29.04
$IMU,2564.847,-0.305,0.061,-0.183,0.01855,0.02441,1.01220,29.04
$IMU,2564.849,-0.305,-0.122,-0.244,0.01708,0.02441,1.01464,29.04
$IMU,2564.852,-0.305,-0.183,-0.183,0.01513,0.02539,1.01269,29.04
$MAG,2564.853,-0.330,-0.270,-0.898,28.1
$IMU,2564.854,-0.183,-0.305,-0.183,0.01513,0.02294,1.01464,29.03
$IMU,2564.856,-0.122,-0.244,-0.183,0.01660,0.01953,1.01416,29.03
$IMU,2564.859,-0.366,-0.061,-0.061,0.01953,0.02001,1.01464,29.03
$IMU,2564.861,-0.305,-0.122,-0.183,0.01269,0.02246,1.01367,29.03
$MAG,2564.863,-0.336,-0.280,-0.900,28.2
$IMU,2564.863,-0.366,-0.122,-0.122,0.01562,0.02246,1.01464,29.03
$IMU,2564.866,-0.183,-0.183,-0.061,0.01660,0.02246,1.01416,29.03
$IMU,2564.868,-0.183,-0.122,-0.122,0.01660,0.02294,1.01318,29.03
$IMU,2564.871,-0.305,0.000,-0.244,0.01660,0.02343,1.01416,29.03
$MAG,2564.873,-0.337,-0.270,-0.901,28.1
$IMU,2564.873,-0.244,-0.061,-0.244,0.01757,0.02490,1.01562,29.01
$IMU,2564.875,-0.305,0.000,-0.244,0.01757,0.02197,1.01416,29.01
$IMU,2564.878,-0.183,-0.183,-0.183,0.01367,0.01953,1.01562,29.01
$IMU,2564.880,0.000,-0.305,-0.122,0.01953,0.02539,1.01318,29.01
$IMU,2564.882,-0.183,-0.122,-0.183,0.01708,0.02392,1.01367,29.01
$MAG,2564.883,-0.333,-0.276,-0.904,28.2
$IMU,2564.885,-0.122,-0.061,-0.183,0.01806,0.02294,1.01367,29.01
$IMU,2564.887,-0.183,0.000,-0.122,0.01708,0.02490,1.01318,29.01
$IMU,2564.889,-0.122,-0.183,-0.122,0.01708,0.02490,1.01513,29.01
$IMU,2564.892,-0.061,-0.122,-0.183,0.01611,0.02539,1.01318,29.04
$MAG,2564.893,-0.337,-0.267,-0.904,28.1
$IMU,2564.894,-0.122,-0.122,-0.122,0.01513,0.02343,1.01562,29.04
$IMU,2564.896,-0.244,-0.122,-0.183,0.01708,0.02539,1.01513,29.04
$IMU,2564.899,-0.305,0.000,-0.244,0.01513,0.02539,1.01757,29.04
$IMU,2564.901,-0.244,-0.122,-0.183,0.01464,0.02343,1.01562,29.04
$MAG,2564.903,-0.340,-0.273,-0.900,28.1
$IMU,2564.903,-0.366,0.061,-0.183,0.01708,0.02343,1.01660,29.04
$BARO,2564.906,86439.60,29.10
$IMU,2564.906,-0.366,0.000,-0.244,0.01660,0.02246,1.01513,29.04
$IMU,2564.908,-0.305,0.061,-0.244,0.01416,0.02294,1.01416,29.04
$IMU,2564.910,-0.305,0.000,-0.183,0.01416,0.02587,1.01416,29.06
$MAG,2564.913,-0.343,-0.274,-0.901,28.2
$IMU,2564.913,-0.305,-0.244,-0.122,0.01318,0.02343,1.01806,29.06
$IMU,2564.915,-0.244,-0.183,-0.183,0.01562,0.02294,1.01562,29.06
$IMU,2564.917,-0.183,-0.244,-0.183,0.01757,0.02099,1.01513,29.06
$IMU,2564.920,-0.183,-0.183,-0.122,0.01464,0.02294,1.01953,29.06
$IMU,2564.922,-0.244,-0.183,-0.183,0.01611,0.02441,1.01367,29.06
$MAG,2564.923,-0.340,-0.280,-0.901,28.1
$IMU,2564.924,-0.122,-0.305,-0.183,0.01904,0.02294,1.01367,29.06
$IMU,2564.927,-0.305,-0.122,-0.122,0.01757,0.02294,1.01513,29.06
$IMU,2564.929,-0.183,-0.122,-0.122,0.01611,0.02197,1.01611,29.03
$IMU,2564.932,-0.122,-0.244,-0.061,0.01708,0.02539,1.01562,29.03
$MAG,2564.933,-0.339,-0.271,-0.903,28.2
$IMU,2564.934,-0.183,-0.061,-0.183,0.01855,0.02197,1.01367,29.03
$IMU,2564.936,-0.122,-0.061,-0.122,0.01757,0.02441,1.01318,29.03
$IMU,2564.939,-0.244,0.061,-0.122,0.01660,0.02392,1.01318,29.03
$IMU,2564.941,-0.183,-0.122,-0.183,0.01513,0.02490,1.01318,29.03
$MAG,2564.943,-0.340,-0.267,-0.904,28.1
$IMU,2564.943,-0.183,-0.061,-0.183,0.01660,0.02441,1.01464,29.03
$IMU,2564.946,-0.305,0.061,-0.122,0.01708,0.02587,1.01367,29.03
$IMU,2564.948,-0.183,-0.122,-0.122,0.01904,0.02343,1.01416,29.03
$IMU,2564.950,-0.305,-0.061,-0.183,0.01708,0.02392,1.01464,29.03
$MAG,2564.953,-0.343,-0.277,-0.898,28.1
$IMU,2564.953,-0.244,-0.061,-0.244,0.01904,0.02392,1.01416,29.03
$IMU,2564.955,-0.305,0.000,-0.183,0.01708,0.02685,1.01757,29.03
$IMU,2564.957,-0.366,-0.061,-0.122,0.01611,0.02587,1.01513,29.03
$IMU,2564.960,-0.305,-0.183,-0.183,0.01953,0.02148,1.01318,29.03
$IMU,2564.962,-0.244,-0.061,-0.061,0.01708,0.02050,1.01074,29.03
$MAG,2564.964,-0.331,-0.271,-0.901,28.1
$IMU,2564.964,-0.183,-0.244,-0.122,0.01708,0.02246,1.01171,29.03
$IMU,2564.967,-0.244,-0.183,-0.244,0.01757,0.02001,1.01513,29.04
$IMU,2564.969,-0.244,-0.183,-0.183,0.01513,0.01953,1.01367,29.04
$IMU,2564.971,-0.244,-0.305,-0.122,0.01806,0.02441,1.01708,29.04
$MAG,2564.974,-0.337,-0.270,-0.901,28.2
$IMU,2564.974,-0.305,-0.183,-0.183,0.01806,0.02246,1.01611,29.04
$IMU,2564.976,-0.244,-0.244,-0.122,0.01562,0.02148,1.01416,29.04
$IMU,2564.978,-0.305,-0.183,-0.183,0.02001,0.02197,1.01513,29.04
$IMU,2564.981,-0.305,-0.061,-0.183,0.01513,0.02490,1.01513,29.04
$IMU,2564.983,-0.122,-0.183,-0.122,0.01855,0.02392,1.01708,29.04
$MAG,2564.984,-0.336,-0.276,-0.903,28.1
$IMU,2564.985,-0.122,-0.122,-0.183,0.01708,0.02197,1.01513,29.09
$IMU,2564.988,-0.122,-0.122,-0.183,0.01855,0.02636,1.01220,29.09
$IMU,2564.990,-0.183,-0.061,-0.122,0.01757,0.02441,1.01318,29.09
$IMU,2564.993,-0.244,0.000,-0.183,0.01318,0.02490,1.01367,29.09
$MAG,2564.994,-0.330,-0.270,-0.904,28.1
$IMU,2564.995,-0.183,-0.061,-0.183,0.01611,0.02343,1.01611,29.09
$IMU,2564.997,-0.183,-0.122,-0.183,0.01904,0.02734,1.01220,29.09
$IMU,2565.000,-0.183,-0.061,-0.183,0.01904,0.02246,1.01708,29.09
$IMU,2565.002,-0.244,-0.061,-0.122,0.01660,0.02246,1.01074,29.09
$MAG,2565.004,-0.345,-0.277,-0.903,28.2
$IMU,2565.004,-0.244,-0.122,-0.183,0.01708,0.02246,1.01171,29.05
$IMU,2565.007,-0.244,-0.183,-0.183,0.01904,0.02636,1.01269,29.05
$BARO,2565.008,86434.14,29.10
$IMU,2565.009,-0.366,0.000,-0.122,0.01513,0.02197,1.01318,29.05
$IMU,2565.011,-0.305,0.061,-0.183,0.01611,0.02246,1.01123,29.05
$MAG,2565.014,-0.339,-0.271,-0.900,28.2
$IMU,2565.014,-0.366,-0.122,-0.183,0.01464,0.02099,1.01367,29.05
$IMU,2565.016,-0.305,-0.244,-0.183,0.01855,0.02001,1.01416,29.05
$IMU,2565.018,-0.305,-0.183,-0.244,0.01708,0.02392,1.01660,29.05
$IMU,2565.021,-0.244,-0.305,-0.183,0.01953,0.02587,1.01269,29.05
$IMU,2565.023,-0.183,-0.244,-0.244,0.01757,0.02246,1.01464,29.07
$MAG,2565.024,-0.331,-0.273,-0.900,28.1
$IMU,2565.025,-0.244,-0.183,-0.244,0.01660,0.02197,1.01562,29.07
$IMU,2565.028,-0.244,-0.183,-0.122,0.01855,0.02392,1.01367,29.07
$IMU,2565.030,-0.183,-0.305,-0.183,0.01757,0.02343,1.01464,29.07
$IMU,2565.032,-0.183,-0.183,-0.183,0.02001,0.02343,1.01562,29.07
$MAG,2565.034,-0.333,-0.276,-0.901,28.1
$IMU,2565.035,-0.122,-0.305,-0.183,0.01904,0.02441,1.01660,29.07
$IMU,2565.037,-0.183,-0.061,-0.183,0.01562,0.02587,1.01660,29.07
$IMU,2565.039,-0.244,0.000,-0.183,0.01562,0.02441,1.01562,29.07
$IMU,2565.042,-0.183,0.000,-0.061,0.01611,0.02392,1.01562,29.05
$MAG,2565.044,-0.336,-0.279,-0.900,28.1
$IMU,2565.044,-0.183,-0.061,-0.122,0.01855,0.02441,1.01611,29.05
$IMU,2565.046,-0.122,-0.183,-0.122,0.01269,0.02197,1.01367,29.05
$IMU,2565.049,-0.305,0.000,-0.122,0.01416,0.02197,1.01513,29.05
$IMU,2565.051,-0.244,-0.122,-0.183,0.01318,0.02490,1.01562,29.05
$MAG,2565.054,-0.340,-0.280,-0.906,28.1
$IMU,2565.054,-0.183,-0.122,-0.183,0.01513,0.02392,1.01367,29.05
$IMU,2565.056,-0.183,-0.122,-0.183,0.01513,0.02392,1.01611,29.05
$HUM,2565.058,37.2,29.5
$IMU,2565.058,-0.244,-0.122,-0.122,0.01464,0.02246,1.01367,29.05
$IMU,2565.061,-0.305,0.000,-0.183,0.01708,0.02392,1.01464,29.02
$IMU,2565.063,-0.244,-0.183,-0.183,0.01220,0.02343,1.01123,29.02
$MAG,2565.065,-0.339,-0.270,-0.906,28.1
$IMU,2565.065,-0.305,-0.122,-0.183,0.01367,0.02050,1.01123,29.02
$IMU,2565.068,-0.427,0.061,-0.183,0.01367,0.02685,1.01220,29.02
$IMU,2565.070,-0.305,-0.183,-0.305,0.01806,0.02197,1.01562,29.02
$IMU,2565.072,-0.305,-0.366,-0.183,0.01757,0.01953,1.01562,29.02
$MAG,2565.075,-0.336,-0.271,-0.895,28.1
$IMU,2565.075,-0.305,-0.244,-0.183,0.01562,0.02197,1.01318,29.02
$IMU,2565.077,-0.244,-0.244,-0.183,0.01562,0.02441,1.01660,29.02
$IMU,2565.079,-0.305,-0.183,-0.183,0.01562,0.02392,1.01367,29.03
$IMU,2565.082,-0.244,-0.183,-0.122,0.01660,0.02490,1.01269,29.03
$IMU,2565.084,-0.305,-0.122,-0.122,0.01464,0.02246,1.01416,29.03
$MAG,2565.085,-0.330,-0.273,-0.906,28.2
$IMU,2565.086,-0.244,-0.122,-0.122,0.01904,0.02197,1.01220,29.03
$IMU,2565.089,-0.244,-0.061,-0.122,0.01708,0.02246,1.01464,29.03
$IMU,2565.091,-0.244,-0.061,-0.122,0.01855,0.02197,1.01611,29.03
$IMU,2565.093,-0.183,0.000,-0.122,0.01416,0.02392,1.01464,29.03
$MAG,2565.095,-0.333,-0.271,-0.900,28.2
$IMU,2565.096,-0.122,-0.183,-0.122,0.01806,0.02099,1.01367,29.03
$IMU,2565.098,-0.183,-0.061,-0.183,0.01855,0.02587,1.01269,29.08
$IMU,2565.100,-0.244,0.061,-0.244,0.01708,0.02539,1.01464,29.08
$IMU,2565.103,-0.244,-0.061,-0.183,0.01904,0.02343,1.01074,29.08
$MAG,2565.105,-0.331,-0.279,-0.906,28.2
$IMU,2565.105,-0.183,-0.122,-0.183,0.01660,0.02392,1.01464,29.08
$IMU,2565.107,-0.244,0.061,-0.183,0.01660,0.02441,1.01464,29.08
$BARO,2565.109,86431.53,29.10
$IMU,2565.110,-0.244,-0.061,-0.122,0.01708,0.02392,1.01367,29.08
$IMU,2565.112,-0.244,-0.244,-0.183,0.01513,0.02392,1.01318,29.08
$MAG,2565.115,-0.337,-0.268,-0.898,28.1
$IMU,2565.115,-0.244,-0.183,-0.183,0.01855,0.02539,1.01269,29.08
$IMU,2565.117,-0.427,0.061,-0.244,0.01806,0.02343,1.01562,29.06
$IMU,2565.119,-0.244,0.000,-0.183,0.01660,0.02392,1.01562,29.06
$IMU,2565.122,-0.183,-0.183,-0.122,0.01513,0.02294,1.01171,29.06
$IMU,2565.124,-0.305,0.000,-0.122,0.01171,0.02441,1.01416,29.06
$MAG,2565.125,-0.340,-0.273,-0.892,28.1
$IMU,2565.126,-0.244,-0.061,-0.122,0.01513,0.02490,1.01562,29.06
$IMU,2565.129,-0.183,-0.122,-0.183,0.01367,0.02441,1.01464,29.06
$IMU,2565.131,-0.244,-0.183,-0.183,0.01708,0.02148,1.01464,29.06
$IMU,2565.133,-0.183,-0.244,-0.183,0.01806,0.02343,1.01269,29.06
$MAG,2565.135,-0.337,-0.279,-0.900,28.2
$IMU,2565.136,-0.183,-0.061,-0.183,0.01660,0.02343,1.01806,29.04
$IMU,2565.138,-0.244,-0.061,-0.183,0.01416,0.02539,1.01464,29.04
$IMU,2565.140,-0.183,0.000,-0.061,0.01806,0.02246,1.01562,29.04
$IMU,2565.143,-0.244,0.061,-0.183,0.01855,0.02441,1.01513,29.04
$MAG,2565.145,-0.337,-0.273,-0.906,28.2
$IMU,2565.145,-0.122,-0.183,-0.183,0.01562,0.02539,1.01513,29.04
$IMU,2565.147,-0.183,-0.061,-0.061,0.02050,0.02880,1.01611,29.04
$IMU,2565.150,-0.183,-0.061,-0.122,0.01708,0.02636,1.01513,29.04
$IMU,2565.152,-0.366,0.244,-0.183,0.01660,0.02294,1.01611,29.04
$IMU,2565.154,-0.183,-0.122,-0.183,0.01855,0.02539,1.01464,29.03
$MAG,2565.155,-0.340,-0.279,-0.894,28.2
$IMU,2565.157,-0.244,-0.061,-0.183,0.01513,0.02441,1.01660,29.03
$IMU,2565.159,-0.183,-0.122,-0.183,0.01660,0.02490,1.01318,29.03
$IMU,2565.161,-0.244,-0.122,-0.183,0.01416,0.02636,1.01416,29.03
$IMU,2565.164,-0.305,0.061,-0.122,0.01562,0.02636,1.01416,29.03
$MAG,2565.166,-0.340,-0.271,-0.895,28.1
$IMU,2565.166,-0.305,-0.122,-0.183,0.01757,0.02441,1.01416,29.03
$IMU,2565.168,-0.366,-0.061,-0.183,0.01708,0.02587,1.01562,29.03
$IMU,2565.171,-0.305,-0.244,-0.183,0.01708,0.02197,1.01171,29.03
$IMU,2565.173,-0.244,-0.183,-0.183,0.01513,0.02148,1.01367,29.07
$MAG,2565.176,-0.333,-0.264,-0.904,28.1
$IMU,2565.176,-0.427,0.122,-0.183,0.01806,0.02197,1.01367,29.07
$IMU,2565.178,-0.488,0.122,-0.122,0.01464,0.02246,1.01318,29.07
$IMU,2565.180,-0.305,-0.183,-0.122,0.01464,0.02050,1.01513,29.07
$IMU,2565.183,-0.305,-0.183,-0.122,0.01660,0.02099,1.01464,29.07
$IMU,2565.185,-0.244,-0.244,-0.183,0.01708,0.01904,1.01464,29.07
$MAG,2565.186,-0.339,-0.268,-0.898,28.2
$IMU,2565.187,-0.244,-0.366,-0.122,0.01904,0.02294,1.01464,29.07
$IMU,2565.190,-0.183,-0.244,-0.183,0.01806,0.02246,1.01464,29.07
$IMU,2565.192,-0.122,-0.183,-0.122,0.01660,0.02392,1.01562,29.05
$IMU,2565.194,-0.122,-0.122,-0.061,0.01708,0.02490,1.01416,29.05
$MAG,2565.196,-0.340,-0.268,-0.904,28.1
$IMU,2565.197,-0.122,-0.122,-0.183,0.01806,0.02392,1.01513,29.05
$IMU,2565.199,-0.061,-0.183,-0.183,0.01513,0.02832,1.01220,29.05
$IMU,2565.201,-0.183,-0.061,-0.122,0.02001,0.02636,1.01464,29.05
$IMU,2565.204,-0.305,0.061,-0.183,0.01660,0.02392,1.01416,29.05
$MAG,2565.206,-0.331,-0.267,-0.900,28.1
$IMU,2565.206,-0.183,-0.183,-0.183,0.01806,0.02441,1.01318,29.05
$IMU,2565.208,-0.122,-0.122,-0.122,0.01904,0.02392,1.01318,29.05
$BARO,2565.210,86424.99,29.10
$IMU,2565.211,-0.183,-0.122,-0.244,0.01757,0.02197,1.01464,29.05
$IMU,2565.213,-0.183,-0.061,-0.183,0.01708,0.02246,1.01464,29.05
$IMU,2565.215,-0.122,-0.183,-0.244,0.01757,0.02099,1.01416,29.05
$MAG,2565.216,-0.349,-0.268,-0.895,28.1
$IMU,2565.218,-0.183,-0.122,-0.183,0.01660,0.02441,1.01220,29.05
$IMU,2565.220,-0.305,0.000,-0.122,0.01855,0.02636,1.01074,29.05
$IMU,2565.222,-0.244,-0.183,-0.183,0.01708,0.02587,1.01367,29.05
$IMU,2565.225,-0.244,-0.122,-0.122,0.01611,0.02343,1.01464,29.05
$MAG,2565.226,-0.342,-0.282,-0.901,28.1
$IMU,2565.227,-0.427,0.061,-0.122,0.01318,0.02246,1.01464,29.05
$IMU,2565.229,-0.305,-0.122,-0.244,0.01513,0.02490,1.01318,29.06
$IMU,2565.232,-0.427,-0.122,-0.183,0.01318,0.02197,1.01367,29.06
$IMU,2565.234,-0.305,-0.122,-0.122,0.01074,0.02392,1.01708,29.06
$MAG,2565.236,-0.328,-0.267,-0.909,28.1
$IMU,2565.236,-0.244,-0.183,-0.122,0.01708,0.02148,1.01562,29.06
$IMU,2565.239,-0.183,-0.183,-0.183,0.01416,0.02148,1.01367,29.06
$IMU,2565.241,-0.244,-0.183,-0.122,0.01416,0.02392,1.01367,29.06
$IMU,2565.244,-0.305,0.000,-0.244,0.02001,0.02001,1.01464,29.06
$MAG,2565.246,-0.333,-0.276,-0.900,28.2
$IMU,2565.246,-0.183,-0.122,-0.183,0.01367,0.02441,1.01513,29.06
$IMU,2565.248,-0.244,0.000,-0.122,0.01611,0.02246,1.01513,29.08
$IMU,2565.251,-0.183,-0.061,-0.305,0.01660,0.02490,1.01464,29.08
$IMU,2565.253,-0.183,-0.061,-0.244,0.01220,0.02343,1.01318,29.08
$IMU,2565.255,-0.122,-0.183,-0.122,0.01708,0.02294,1.01318,29.08
$MAG,2565.256,-0.340,-0.274,-0.903,28.2
$IMU,2565.258,-0.183,-0.122,-0.183,0.01806,0.02343,1.01269,29.08
$IMU,2565.260,-0.305,0.061,-0.183,0.01708,0.02246,1.01464,29.08
$IMU,2565.262,-0.244,0.000,-0.183,0.01611,0.02685,1.01318,29.08
$IMU,2565.265,-0.183,-0.244,-0.122,0.01757,0.02587,1.01513,29.08
$MAG,2565.267,-0.337,-0.273,-0.897,28.1
$IMU,2565.267,-0.183,-0.183,-0.183,0.01269,0.02294,1.01464,29.03
$IMU,2565.269,-0.305,0.000,-0.183,0.01171,0.02392,1.01708,29.03
$IMU,2565.272,-0.122,-0.122,-0.122,0.01464,0.02539,1.01611,29.03
$IMU,2565.274,-0.244,-0.183,-0.183,0.01464,0.02587,1.01220,29.03
$IMU,2565.276,-0.366,-0.122,-0.183,0.01562,0.02587,1.01513,29.03
$MAG,2565.277,-0.330,-0.274,-0.901,28.2
$IMU,2565.279,-0.305,-0.183,-0.244,0.01611,0.02343,1.01318,29.03
$IMU,2565.281,-0.244,-0.244,-0.183,0.01513,0.02001,1.01513,29.03
$IMU,2565.283,-0.244,-0.244,-0.061,0.01562,0.02148,1.01660,29.03
$IMU,2565.286,-0.366,-0.183,-0.122,0.01562,0.02197,1.01806,29.05
$MAG,2565.287,-0.345,-0.274,-0.897,28.1
$IMU,2565.288,-0.244,-0.122,-0.122,0.01464,0.02294,1.01611,29.05
$IMU,2565.290,-0.122,-0.305,-0.183,0.01904,0.02099,1.01513,29.05
$IMU,2565.293,-0.244,-0.061,-0.244,0.01708,0.02246,1.01513,29.05
$IMU,2565.295,-0.244,0.000,-0.122,0.01611,0.02246,1.01757,29.05
$MAG,2565.297,-0.333,-0.271,-0.901,28.1
$IMU,2565.297,-0.244,-0.183,-0.183,0.01806,0.02392,1.01513,29.05
$IMU,2565.300,-0.244,-0.183,-0.244,0.01806,0.02294,1.01611,29.05
$IMU,2565.302,-0.244,0.000,-0.183,0.01562,0.02246,1.01367,29.05
$IMU,2565.305,-0.122,-0.183,-0.122,0.01660,0.02343,1.01513,29.07
$MAG,2565.307,-0.340,-0.277,-0.898,28.1
$IMU,2565.307,-0.183,-0.183,-0.183,0.01806,0.02441,1.01318,29.07
$IMU,2565.309,-0.244,0.061,-0.122,0.01708,0.02343,1.01269,29.07
$BARO,2565.312,86424.95,29.11
$IMU,2565.312,-0.183,-0.061,-0.122,0.01855,0.02392,1.01318,29.07
$IMU,2565.314,-0.122,-0.183,-0.122,0.01708,0.02636,1.01367,29.07
$IMU,2565.316,-0.183,-0.122,-0.122,0.01757,0.02587,1.01318,29.07
$MAG,2565.317,-0.333,-0.273,-0.900,28.2
$IMU,2565.319,-0.305,0.061,-0.122,0.01611,0.02734,1.01464,29.07
$IMU,2565.321,-0.244,-0.122,-0.183,0.01513,0.02392,1.01367,29.07
$IMU,2565.323,-0.244,-0.122,-0.122,0.01513,0.02441,1.01318,29.06
$IMU,2565.326,-0.305,0.000,-0.183,0.01464,0.02392,1.01464,29.06
$MAG,2565.327,-0.342,-0.273,-0.901,28.2
$IMU,2565.328,-0.305,-0.061,-0.122,0.01660,0.02392,1.01318,29.06
$IMU,2565.330,-0.244,-0.244,-0.183,0.01611,0.02343,1.01562,29.06
$IMU,2565.333,-0.305,-0.183,-0.183,0.01757,0.02148,1.01416,29.06
$IMU,2565.335,-0.366,-0.122,-0.183,0.01611,0.02050,1.01464,29.06
$MAG,2565.337,-0.336,-0.274,-0.909,28.2
$IMU,2565.337,-0.183,-0.244,-0.244,0.01904,0.02343,1.01513,29.06
$IMU,2565.340,-0.183,-0.305,-0.244,0.01806,0.02539,1.01464,29.06
$IMU,2565.342,-0.366,-0.061,-0.244,0.01708,0.02392,1.01660,29.07
$IMU,2565.344,-0.244,-0.122,-0.183,0.01416,0.02050,1.01562,29.07
$MAG,2565.347,-0.342,-0.267,-0.897,28.2
$IMU,2565.347,-0.122,-0.244,-0.305,0.01611,0.02294,1.01611,29.07
$IMU,2565.349,-0.183,-0.122,-0.183,0.01562,0.02099,1.01318,29.07
$IMU,2565.351,-0.244,0.000,-0.183,0.01757,0.02197,1.01318,29.07
$IMU,2565.354,-0.183,-0.183,-0.122,0.01367,0.02343,1.01562,29.07
$IMU,2565.356,-0.305,-0.061,-0.183,0.01318,0.02197,1.01806,29.07
$MAG,2565.357,-0.342,-0.277,-0.904,28.1
$IMU,2565.358,-0.305,0.000,-0.122,0.01611,0.02587,1.01660,29.07
$IMU,2565.361,-0.244,-0.061,-0.122,0.01855,0.02441,1.01318,29.08
$IMU,2565.363,-0.183,-0.122,-0.122,0.01806,0.02587,1.01269,29.08
$IMU,2565.366,-0.061,-0.183,-0.122,0.01757,0.02294,1.01416,29.08
$MAG,2565.368,-0.331,-0.273,-0.901,28.1
$IMU,2565.368,-0.244,0.000,-0.183,0.01660,0.02539,1.01367,29.08
$IMU,2565.370,-0.183,-0.061,-0.183,0.01904,0.02685,1.01269,29.08
$IMU,2565.373,-0.122,-0.122,-0.183,0.01708,0.02441,1.01464,29.08
$IMU,2565.375,-0.305,0.000,-0.183,0.01757,0.02490,1.01416,29.08
$IMU,2565.377,-0.366,0.000,-0.244,0.01513,0.02197,1.01416,29.08
$MAG,2565.378,-0.342,-0.274,-0.901,28.2
$IMU,2565.380,-0.244,-0.122,-0.122,0.01513,0.02001,1.01464,29.11
$IMU,2565.382,-0.305,-0.183,-0.183,0.01757,0.02636,1.01318,29.11
$IMU,2565.384,-0.427,-0.061,-0.183,0.01513,0.02539,1.01367,29.11
$IMU,2565.387,-0.183,-0.244,-0.244,0.01611,0.02392,1.01318,29.11
$MAG,2565.388,-0.337,-0.279,-0.913,28.1
$IMU,2565.389,-0.183,-0.305,-0.244,0.01464,0.02246,1.01269,29.11
$IMU,2565.391,-0.305,-0.183,-0.183,0.01708,0.02441,1.01269,29.11
$IMU,2565.394,-0.244,-0.183,-0.183,0.01611,0.02050,1.01367,29.11
$IMU,2565.396,-0.183,-0.244,-0.183,0.01660,0.02343,1.01416,29.11
$MAG,2565.398,-0.337,-0.268,-0.910,28.2
$IMU,2565.398,-0.183,-0.183,-0.183,0.01806,0.02490,1.01513,29.03
$IMU,2565.401,-0.183,-0.122,-0.244,0.01562,0.02343,1.01513,29.03
$IMU,2565.403,-0.244,-0.061,-0.244,0.01660,0.02246,1.01611,29.03
$IMU,2565.405,-0.244,0.000,-0.122,0.01904,0.02197,1.01464,29.03
$MAG,2565.408,-0.337,-0.280,-0.904,28.2
$IMU,2565.408,-0.061,-0.305,-0.183,0.02050,0.02197,1.01367,29.03
$IMU,2565.410,-0.244,0.000,-0.122,0.01855,0.02246,1.01562,29.03
$IMU,2565.412,-0.122,-0.122,-0.122,0.01611,0.02392,1.01367,29.03
$BARO,2565.413,86427.97,29.10
$IMU,2565.415,-0.183,-0.061,-0.122,0.02001,0.02636,1.01806,29.03
$IMU,2565.417,-0.305,0.061,-0.122,0.01660,0.02392,1.01513,29.07
$MAG,2565.418,-0.342,-0.271,-0.900,28.1
$IMU,2565.419,-0.244,-0.122,-0.183,0.01806,0.02294,1.01220,29.07
$IMU,2565.422,-0.305,0.000,-0.183,0.01757,0.02539,1.01269,29.07
$IMU,2565.424,-0.183,-0.122,-0.183,0.01660,0.02343,1.01611,29.07
$IMU,2565.427,-0.305,0.122,-0.183,0.01464,0.02636,1.01269,29.07
$MAG,2565.428,-0.348,-0.274,-0.888,28.1
$IMU,2565.429,-0.305,0.000,-0.244,0.01562,0.02587,1.01416,29.07
$IMU,2565.431,-0.366,0.000,-0.244,0.01611,0.02392,1.01269,29.07
$IMU,2565.434,-0.366,0.122,-0.244,0.01562,0.02539,1.01269,29.07
$IMU,2565.436,-0.366,0.000,-0.183,0.01806,0.02246,1.01367,29.04
$IMU,2565.438,-0.366,-0.122,-0.183,0.01513,0.02734,1.01513,29.04
$MAG,2565.438,-0.345,-0.268,-0.901,28.2
$IMU,2565.441,-0.366,0.000,-0.183,0.01416,0.02441,1.01416,29.04
$IMU,2565.443,-0.183,-0.305,-0.183,0.01367,0.02685,1.01269,29.04
$IMU,2565.445,-0.244,-0.122,-0.183,0.01367,0.02001,1.01562,29.04
$MAG,2565.448,-0.333,-0.276,-0.900,28.1
$IMU,2565.448,-0.305,0.000,-0.183,0.01708,0.02001,1.01464,29.04
$IMU,2565.450,-0.305,-0.122,-0.183,0.01855,0.02197,1.01318,29.04
$IMU,2565.452,-0.305,0.000,-0.183,0.01513,0.02148,1.01367,29.04
$IMU,2565.455,-0.122,-0.122,-0.244,0.01806,0.02441,1.01318,29.07
$IMU,2565.457,-0.244,-0.061,-0.061,0.01806,0.02441,1.01367,29.07
$MAG,2565.458,-0.334,-0.268,-0.909,28.1
$IMU,2565.459,-0.122,-0.244,-0.122,0.01708,0.02246,1.01416,29.07
$IMU,2565.462,-0.244,-0.122,-0.183,0.01318,0.02294,1.01513,29.07
$IMU,2565.464,-0.183,-0.183,-0.183,0.01660,0.02587,1.01611,29.07
$IMU,2565.466,-0.122,-0.122,-0.183,0.01416,0.02392,1.01562,29.07
$MAG,2565.469,-0.337,-0.280,-0.903,28.1
$IMU,2565.469,-0.244,0.000,-0.244,0.01611,0.02246,1.01318,29.07
$IMU,2565.471,-0.183,-0.061,-0.183,0.02001,0.02539,1.01513,29.07
$IMU,2565.473,-0.366,0.122,-0.061,0.01757,0.02294,1.01416,29.05
$IMU,2565.476,-0.305,-0.061,-0.122,0.01513,0.02587,1.01416,29.05
$IMU,2565.478,-0.183,-0.122,-0.183,0.01513,0.02539,1.01513,29.05
$MAG,2565.479,-0.343,-0.273,-0.906,28.3
$IMU,2565.480,-0.244,-0.061,-0.122,0.01513,0.02490,1.01074,29.05
$IMU,2565.483,-0.244,-0.183,-0.183,0.01367,0.02490,1.01269,29.05
$IMU,2565.485,-0.305,-0.122,-0.183,0.01513,0.02294,1.01416,29.05
$IMU,2565.488,-0.305,-0.244,-0.183,0.01464,0.02734,1.01416,29.05
$MAG,2565.489,-0.343,-0.270,-0.915,28.2
$IMU,2565.490,-0.366,-0.061,-0.183,0.01562,0.02050,1.01318,29.05
$IMU,2565.492,-0.366,-0.122,-0.244,0.01806,0.02392,1.01318,29.06
$IMU,2565.495,-0.305,-0.183,-0.122,0.01513,0.02197,1.01416,29.06
$IMU,2565.497,-0.366,-0.122,-0.183,0.01367,0.02050,1.01269,29.06
$MAG,2565.499,-0.339,-0.271,-0.903,28.1
$IMU,2565.499,-0.244,-0.183,-0.244,0.01513,0.02392,1.01513,29.06
$IMU,2565.502,-0.244,-0.183,-0.183,0.01562,0.02197,1.01611,29.06
$IMU,2565.504,-0.244,-0.061,-0.122,0.01904,0.02246,1.01318,29.06
$IMU,2565.506,-0.183,-0.122,-0.244,0.01953,0.01953,1.01367,29.06
$MAG,2565.509,-0.334,-0.277,-0.909,28.2
$IMU,2565.509,-0.244,-0.061,-0.183,0.01757,0.02050,1.01123,29.06
$IMU,2565.511,-0.183,-0.183,-0.183,0.01708,0.02197,1.01464,29.06
$IMU,2565.513,-0.244,-0.061,-0.244,0.01757,0.02246,1.01220,29.06
$BARO,2565.515,86433.28,29.10
$IMU,2565.516,-0.244,0.000,-0.183,0.01611,0.02539,1.01562,29.06
$IMU,2565.518,-0.122,-0.122,-0.122,0.01953,0.02539,1.01464,29.06
$MAG,2565.519,-0.336,-0.274,-0.900,28.2
$IMU,2565.520,-0.244,0.061,-0.122,0.01708,0.02685,1.01367,29.06
$IMU,2565.523,-0.244,0.000,-0.183,0.01708,0.02441,1.01513,29.06
$IMU,2565.525,-0.183,-0.061,-0.122,0.01806,0.02392,1.01367,29.06
$IMU,2565.527,-0.244,0.183,-0.122,0.01806,0.02343,1.01513,29.06
$MAG,2565.529,-0.342,-0.273,-0.907,28.2
$IMU,2565.530,-0.122,-0.122,-0.183,0.01806,0.02685,1.01464,29.11
$IMU,2565.532,-0.305,0.061,-0.122,0.01562,0.02392,1.01171,29.11
$IMU,2565.534,-0.244,0.000,-0.183,0.01318,0.02392,1.01464,29.11
$IMU,2565.537,-0.305,-0.061,-0.183,0.01416,0.02441,1.01464,29.11
$MAG,2565.539,-0.340,-0.276,-0.901,28.2
$IMU,2565.539,-0.305,-0.061,-0.122,0.01464,0.02343,1.01318,29.11
$IMU,2565.541,-0.244,-0.244,-0.183,0.01464,0.02343,1.01513,29.11
$IMU,2565.544,-0.366,0.000,-0.244,0.01611,0.02294,1.01269,29.11
$IMU,2565.546,-0.305,-0.122,-0.183,0.01708,0.02246,1.01513,29.11
$MAG,2565.549,-0.334,-0.271,-0.898,28.1
$IMU,2565.549,-0.183,-0.183,-0.244,0.01708,0.02197,1.01367,29.09
$IMU,2565.551,-0.244,-0.183,-0.183,0.01611,0.02001,1.01416,29.09
$IMU,2565.553,-0.183,-0.366,-0.183,0.01757,0.02587,1.01318,29.09
$IMU,2565.556,-0.244,-0.183,-0.244,0.01855,0.02392,1.01513,29.09
$IMU,2565.558,-0.305,0.061,-0.183,0.01513,0.02246,1.01220,29.09
$MAG,2565.559,-0.340,-0.274,-0.904,28.2
$IMU,2565.560,-0.244,0.000,-0.183,0.01269,0.02294,1.01611,29.09
$IMU,2565.563,-0.244,-0.122,-0.183,0.01757,0.02050,1.01416,29.09
$IMU,2565.565,-0.122,-0.305,-0.122,0.01855,0.02148,1.01416,29.09
$IMU,2565.567,-0.244,-0.061,-0.183,0.01708,0.02587,1.01367,29.09
$MAG,2565.570,-0.333,-0.274,-0.901,28.2
$IMU,2565.570,-0.183,-0.122,-0.183,0.01562,0.02441,1.01367,29.09
$IMU,2565.572,-0.305,0.061,-0.183,0.01904,0.02636,1.01416,29.09
$IMU,2565.574,-0.244,0.000,-0.183,0.01855,0.02197,1.01464,29.09
$IMU,2565.577,-0.183,-0.061,-0.244,0.01660,0.02441,1.01464,29.09
$IMU,2565.579,-0.244,0.000,-0.122,0.01855,0.02490,1.01513,29.09
$MAG,2565.580,-0.349,-0.277,-0.894,28.2
$IMU,2565.581,-0.244,0.000,-0.122,0.01757,0.02539,1.01318,29.09
$IMU,2565.584,-0.244,0.000,-0.183,0.01513,0.02441,1.01123,29.09
$IMU,2565.586,-0.305,0.000,-0.122,0.01708,0.02441,1.01269,29.08
$IMU,2565.588,-0.183,-0.122,-0.122,0.01562,0.02392,1.01318,29.08
$MAG,2565.590,-0.336,-0.268,-0.898,28.2
$IMU,2565.591,-0.305,-0.061,-0.183,0.01318,0.02539,1.01416,29.08
$IMU,2565.593,-0.244,-0.183,-0.183,0.01757,0.02441,1.01367,29.08
$IMU,2565.595,-0.244,-0.183,-0.183,0.01806,0.02294,1.01269,29.08
$IMU,2565.598,-0.244,-0.122,-0.244,0.01562,0.02343,1.01416,29.08
$MAG,2565.600,-0.339,-0.271,-0.904,28.2
$IMU,2565.600,-0.244,-0.122,-0.183,0.01757,0.02441,1.01562,29.08
$IMU,2565.602,-0.244,-0.122,-0.183,0.01562,0.02587,1.01367,29.08
$IMU,2565.605,-0.183,-0.305,-0.244,0.01708,0.01953,1.01611,29.10
$IMU,2565.607,-0.305,-0.183,-0.122,0.01660,0.02294,1.01416,29.10
$MAG,2565.610,-0.330,-0.270,-0.906,28.2
$IMU,2565.610,-0.305,-0.061,-0.122,0.01562,0.02539,1.01220,29.10
$IMU,2565.612,-0.244,-0.183,-0.122,0.01806,0.01904,1.01318,29.10
$IMU,2565.614,-0.183,-0.183,-0.122,0.01708,0.02392,1.01611,29.10
$BARO,2565.616,86423.00,29.10
$IMU,2565.617,-0.061,-0.244,-0.122,0.01708,0.02099,1.01513,29.10
$IMU,2565.619,-0.122,-0.183,-0.122,0.01904,0.02343,1.01513,29.10
$MAG,2565.620,-0.337,-0.270,-0.894,28.1
$IMU,2565.621,-0.183,-0.122,-0.122,0.01953,0.02587,1.01464,29.10
$IMU,2565.624,-0.183,0.000,-0.183,0.01806,0.02294,1.01611,29.08
$IMU,2565.626,-0.305,0.061,-0.183,0.01953,0.02392,1.01367,29.08
$IMU,2565.628,-0.122,-0.122,-0.183,0.01757,0.02343,1.01025,29.08
$MAG,2565.630,-0.340,-0.282,-0.904,28.1
$IMU,2565.631,-0.244,-0.061,-0.122,0.01708,0.02050,1.01318,29.08
$IMU,2565.633,-0.305,0.000,-0.122,0.01367,0.02490,1.01367,29.08
$IMU,2565.635,-0.183,-0.122,-0.183,0.01611,0.02441,1.01464,29.08
$IMU,2565.638,-0.305,-0.122,-0.183,0.01513,0.02880,1.01513,29.08
$MAG,2565.640,-0.339,-0.280,-0.903,28.2
$IMU,2565.640,-0.305,0.000,-0.122,0.01123,0.02246,1.01464,29.08
$IMU,2565.642,-0.244,0.000,-0.183,0.01367,0.02539,1.01611,29.07
$IMU,2565.645,-0.183,-0.305,-0.183,0.01708,0.02636,1.01367,29.07
$IMU,2565.647,-0.244,-0.183,-0.122,0.01464,0.02148,1.01269,29.07
$IMU,2565.649,-0.366,0.061,-0.122,0.01562,0.02294,1.01123,29.07
$MAG,2565.650,-0.345,-0.273,-0.903,28.1
$IMU,2565.652,-0.488,0.061,-0.183,0.01660,0.02148,1.01464,29.07
$IMU,2565.654,-0.305,-0.061,-0.244,0.01367,0.02294,1.01171,29.07
$IMU,2565.656,-0.183,-0.183,-0.244,0.01562,0.02539,1.01416,29.07
$IMU,2565.659,-0.244,-0.183,-0.183,0.01513,0.02343,1.01562,29.07
$MAG,2565.660,-0.337,-0.274,-0.909,28.2
$IMU,2565.661,-0.305,-0.061,-0.183,0.01562,0.02148,1.01513,29.06
$IMU,2565.663,-0.488,0.183,-0.122,0.01416,0.02490,1.01660,29.06
$IMU,2565.666,-0.366,0.000,-0.183,0.01806,0.02490,1.01562,29.06
$IMU,2565.668,-0.305,0.000,-0.122,0.01611,0.02685,1.01611,29.06
$MAG,2565.670,-0.340,-0.271,-0.907,28.2
$IMU,2565.671,-0.244,-0.122,-0.183,0.01611,0.02734,1.01562,29.06
$IMU,2565.673,-0.122,-0.122,-0.122,0.01220,0.02441,1.01123,29.06
$IMU,2565.675,-0.122,-0.061,-0.122,0.01562,0.02441,1.01562,29.06
$IMU,2565.678,-0.244,-0.061,-0.122,0.01708,0.02197,1.01611,29.06
$IMU,2565.680,-0.183,0.000,-0.183,0.01562,0.02490,1.01513,29.11
$MAG,2565.681,-0.336,-0.274,-0.900,28.1
$IMU,2565.682,-0.183,-0.061,-0.183,0.01953,0.02587,1.01367,29.11
$IMU,2565.685,-0.122,-0.122,-0.183,0.01562,0.02294,1.01464,29.11
$IMU,2565.687,-0.183,-0.183,-0.183,0.01513,0.02343,1.01416,29.11
$IMU,2565.689,-0.305,-0.061,-0.183,0.01757,0.02539,1.01513,29.11
$MAG,2565.691,-0.343,-0.270,-0.906,28.2
$IMU,2565.692,-0.244,-0.122,-0.183,0.01464,0.02343,1.01318,29.11
$IMU,2565.694,-0.183,-0.183,-0.183,0.01464,0.02392,1.01025,29.11
$IMU,2565.696,-0.244,-0.122,-0.183,0.01757,0.02490,1.01318,29.11
$IMU,2565.699,-0.427,0.061,-0.183,0.01611,0.02685,1.01416,29.12
$MAG,2565.701,-0.333,-0.274,-0.895,28.2
$IMU,2565.701,-0.244,-0.244,-0.244,0.01660,0.02392,1.01562,29.12
$IMU,2565.703,-0.366,-0.061,-0.122,0.01708,0.02636,1.01269,29.12
$IMU,2565.706,-0.305,-0.122,-0.183,0.01416,0.02294,1.01757,29.12
$IMU,2565.708,-0.305,0.000,-0.122,0.01513,0.02539,1.01708,29.12
$IMU,2565.710,-0.244,-0.183,-0.183,0.01464,0.02294,1.01220,29.12
$MAG,2565.711,-0.345,-0.270,-0.894,28.2
$IMU,2565.713,-0.244,-0.183,-0.183,0.01757,0.02099,1.01757,29.12
$IMU,2565.715,-0.305,-0.061,-0.244,0.01562,0.02148,1.01660,29.12
$IMU,2565.717,-0.183,-0.183,-0.183,0.01562,0.02539,1.01611,29.06
$BARO,2565.718,86423.07,29.11
$IMU,2565.720,-0.305,0.000,-0.122,0.02099,0.02343,1.01562,29.06
$MAG,2565.721,-0.340,-0.280,-0.906,28.2
$IMU,2565.722,-0.244,0.000,-0.183,0.01464,0.01904,1.01660,29.06
$IMU,2565.724,-0.122,-0.183,-0.122,0.01660,0.02197,1.01269,29.06
$IMU,2565.727,-0.061,-0.244,-0.183,0.01513,0.02294,1.01464,29.06
$IMU,2565.729,-0.244,0.000,-0.183,0.01904,0.02050,1.01416,29.06
$MAG,2565.731,-0.337,-0.267,-0.898,28.1
$IMU,2565.731,-0.183,-0.061,-0.122,0.02099,0.02343,1.01562,29.06
$IMU,2565.734,-0.122,-0.183,-0.122,0.01757,0.02392,1.01367,29.06
$IMU,2565.736,-0.183,-0.061,-0.122,0.01416,0.02539,1.01220,29.12
$IMU,2565.739,-0.305,0.122,-0.183,0.01416,0.02539,1.01123,29.12
$MAG,2565.741,-0.340,-0.274,-0.901,28.2
$IMU,2565.741,-0.183,-0.122,-0.183,0.01708,0.02392,1.01171,29.12
$IMU,2565.743,-0.244,-0.122,-0.244,0.01562,0.02490,1.01074,29.12
$IMU,2565.746,-0.305,-0.122,-0.183,0.01953,0.02001,1.01220,29.12
$IMU,2565.748,-0.305,-0.061,-0.244,0.01660,0.02148,1.01220,29.12
$IMU,2565.750,-0.244,-0.122,-0.183,0.01904,0.02636,1.01464,29.12
$MAG,2565.751,-0.331,-0.271,-0.901,28.2
$IMU,2565.753,-0.244,-0.122,-0.244,0.01611,0.02392,1.01367,29.12
$IMU,2565.755,-0.305,-0.183,-0.183,0.01904,0.02441,1.01318,29.05
$IMU,2565.757,-0.305,-0.183,-0.183,0.01757,0.02441,1.01464,29.05
$VBAT,2565.758,4.127
$IMU,2565.760,-0.244,-0.183,-0.244,0.01611,0.02294,1.01220,29.05
$MAG,2565.761,-0.334,-0.273,-0.900,28.1
$IMU,2565.762,-0.366,-0.061,-0.183,0.01953,0.02587,1.01220,29.05
$IMU,2565.764,-0.305,-0.061,-0.183,0.01855,0.02294,1.01367,29.05
$IMU,2565.767,-0.183,-0.305,-0.244,0.01660,0.02148,1.01464,29.05
$IMU,2565.769,-0.305,-0.183,-0.244,0.01464,0.02050,1.01318,29.05
$MAG,2565.771,-0.342,-0.276,-0.904,28.1
$IMU,2565.771,-0.305,-0.061,-0.183,0.01660,0.02001,1.01660,29.05
$IMU,2565.774,-0.183,-0.183,-0.183,0.01416,0.02441,1.01464,29.05
$IMU,2565.776,-0.122,-0.183,-0.122,0.01855,0.02490,1.01513,29.05
$IMU,2565.778,-0.183,-0.122,-0.122,0.01855,0.02099,1.01562,29.05
$IMU,2565.781,-0.305,0.061,-0.122,0.01855,0.02294,1.01464,29.05
$MAG,2565.782,-0.328,-0.273,-0.900,28.1
$IMU,2565.783,-0.183,-0.061,-0.183,0.01757,0.02490,1.01318,29.05
$IMU,2565.785,-0.122,-0.061,-0.122,0.01806,0.02441,1.01416,29.05
$IMU,2565.788,-0.183,-0.061,-0.122,0.01806,0.02685,1.01513,29.05
$IMU,2565.790,-0.122,-0.122,-0.122,0.01708,0.02587,1.01025,29.05
$MAG,2565.792,-0.331,-0.280,-0.895,28.1
$IMU,2565.792,-0.183,-0.061,-0.183,0.01757,0.01904,1.01367,29.10
$IMU,2565.795,-0.305,0.000,-0.183,0.01757,0.02246,1.01464,29.10
$IMU,2565.797,-0.183,-0.183,-0.183,0.01660,0.02392,1.01269,29.10
$IMU,2565.800,-0.244,-0.061,-0.183,0.01660,0.02636,1.01269,29.10
$MAG,2565.802,-0.340,-0.270,-0.904,28.1
$IMU,2565.802,-0.305,0.000,-0.183,0.01757,0.02246,1.01367,29.10
$IMU,2565.804,-0.183,-0.244,-0.183,0.01171,0.02539,1.01416,29.10
$IMU,2565.807,-0.305,-0.061,-0.183,0.01708,0.02148,1.01562,29.10
$IMU,2565.809,-0.366,0.061,-0.183,0.01464,0.02294,1.01171,29.10
$IMU,2565.811,-0.305,-0.122,-0.183,0.01367,0.02392,1.01171,29.08
$MAG,2565.812,-0.337,-0.261,-0.897,28.2
$IMU,2565.814,-0.183,-0.244,-0.183,0.01708,0.02246,1.01171,29.08
$IMU,2565.816,-0.305,-0.061,-0.183,0.01562,0.01904,1.01269,29.08
$IMU,2565.818,-0.305,0.000,-0.122,0.01269,0.02539,1.01367,29.08
$BARO,2565.819,86430.14,29.11
$IMU,2565.821,-0.183,-0.244,-0.183,0.01757,0.02197,1.01318,29.08
$MAG,2565.822,-0.333,-0.267,-0.906,28.2
$IMU,2565.823,-0.183,-0.305,-0.122,0.01611,0.02050,1.01513,29.08
$IMU,2565.825,-0.244,-0.122,-0.244,0.01611,0.01904,1.01660,29.08
$IMU,2565.828,-0.183,-0.122,-0.183,0.01611,0.02197,1.01367,29.08
$IMU,2565.830,-0.122,-0.122,-0.183,0.01904,0.02685,1.01562,29.12
$MAG,2565.832,-0.334,-0.279,-0.900,28.1
$IMU,2565.832,-0.122,-0.061,-0.122,0.01562,0.02392,1.01660,29.12
$IMU,2565.835,-0.183,-0.122,-0.244,0.01855,0.02490,1.01416,29.12
$IMU,2565.837,-0.183,0.000,-0.122,0.01806,0.02441,1.01416,29.12
$IMU,2565.839,-0.183,0.000,-0.183,0.01708,0.02539,1.01464,29.12
$MAG,2565.842,-0.334,-0.280,-0.900,28.2
$IMU,2565.842,-0.244,0.061,-0.183,0.01855,0.02392,1.01513,29.12
$IMU,2565.844,-0.244,0.061,-0.122,0.01464,0.02636,1.01416,29.12
$IMU,2565.846,-0.183,-0.244,-0.183,0.01806,0.02197,1.01074,29.12
$IMU,2565.849,-0.183,-0.183,-0.122,0.01464,0.02392,1.01074,29.12
$IMU,2565.851,-0.183,-0.244,-0.122,0.01562,0.02587,1.01220,29.12
$MAG,2565.852,-0.342,-0.280,-0.903,28.2
$IMU,2565.853,-0.244,-0.122,-0.183,0.01708,0.02587,1.01513,29.12
$IMU,2565.856,-0.244,-0.122,-0.122,0.01708,0.02392,1.01416,29.12
$IMU,2565.858,-0.244,-0.061,-0.183,0.01660,0.02343,1.01416,29.12
$IMU,2565.861,-0.244,-0.122,-0.183,0.01367,0.02539,1.01367,29.12
$MAG,2565.862,-0.334,-0.277,-0.903,28.1
$IMU,2565.863,-0.305,-0.244,-0.244,0.01416,0.02099,1.01416,29.12
$IMU,2565.865,-0.244,-0.305,-0.183,0.01416,0.02099,1.01416,29.12
$IMU,2565.868,-0.305,-0.061,-0.122,0.01562,0.02197,1.01562,29.08
$IMU,2565.870,-0.305,-0.183,-0.183,0.01806,0.02392,1.01318,29.08
$MAG,2565.872,-0.339,-0.270,-0.907,28.1
$IMU,2565.872,-0.122,-0.244,-0.244,0.01464,0.02148,1.01513,29.08
$IMU,2565.875,-0.244,-0.122,-0.183,0.02050,0.02490,1.01220,29.08
$IMU,2565.877,-0.305,0.000,-0.183,0.01708,0.02490,1.01708,29.08
$IMU,2565.879,-0.183,-0.183,-0.122,0.01660,0.02099,1.01562,29.08
$IMU,2565.882,-0.061,-0.244,-0.122,0.01367,0.02197,1.01416,29.08
$MAG,2565.883,-0.337,-0.270,-0.901,28.1
$IMU,2565.884,-0.183,-0.061,-0.061,0.01660,0.02685,1.01367,29.08
$IMU,2565.886,-0.122,-0.061,-0.183,0.01904,0.02392,1.01611,29.07
$IMU,2565.889,-0.061,-0.122,-0.122,0.01757,0.02148,1.01513,29.07
$IMU,2565.891,-0.183,-0.183,-0.183,0.01855,0.02294,1.01123,29.07
$MAG,2565.893,-0.342,-0.276,-0.904,28.1
$IMU,2565.893,-0.244,-0.061,-0.183,0.01464,0.02587,1.01220,29.07
$IMU,2565.896,-0.122,-0.183,-0.122,0.01611,0.02636,1.01220,29.07
$IMU,2565.898,-0.244,-0.061,-0.183,0.01464,0.02734,1.01074,29.07
$IMU,2565.900,-0.305,0.122,-0.122,0.01513,0.02441,1.01464,29.07
$MAG,2565.903,-0.342,-0.271,-0.906,28.2
$IMU,2565.903,-0.305,0.061,-0.183,0.01562,0.02392,1.01123,29.07
$IMU,2565.905,-0.244,-0.122,-0.183,0.01367,0.02294,1.01171,29.07
$IMU,2565.907,-0.366,0.183,-0.122,0.01660,0.02539,1.01464,29.07
$IMU,2565.910,-0.427,0.000,-0.183,0.01562,0.02441,1.01562,29.07
$IMU,2565.912,-0.244,-0.244,-0.183,0.01269,0.02490,1.01318,29.07
$MAG,2565.913,-0.340,-0.276,-0.895,28.2
$IMU,2565.914,-0.305,-0.244,-0.244,0.01318,0.02197,1.01513,29.07
$IMU,2565.917,-0.427,-0.122,-0.244,0.01269,0.02197,1.01464,29.07
$IMU,2565.919,-0.366,-0.122,-0.244,0.01513,0.02636,1.01513,29.07
$BARO,2565.921,86425.09,29.11
$IMU,2565.922,-0.244,-0.366,-0.122,0.01611,0.02490,1.01660,29.07
$MAG,2565.923,-0.339,-0.273,-0.901,28.2
$IMU,2565.924,-0.244,-0.244,-0.183,0.01708,0.02246,1.01318,29.08
$IMU,2565.926,-0.244,-0.183,-0.122,0.01904,0.02441,1.01611,29.08
$IMU,2565.929,-0.244,-0.122,-0.183,0.01855,0.02490,1.01464,29.08
$IMU,2565.931,-0.244,-0.122,-0.183,0.01855,0.02197,1.01513,29.08
$MAG,2565.933,-0.337,-0.264,-0.900,28.2
$IMU,2565.933,-0.183,-0.244,-0.183,0.01855,0.02246,1.01367,29.08
$IMU,2565.936,-0.183,-0.183,-0.122,0.01708,0.02001,1.01318,29.08
$IMU,2565.938,-0.244,0.061,-0.122,0.01757,0.02490,1.01513,29.08
$IMU,2565.940,-0.244,0.061,-0.183,0.01855,0.02490,1.01660,29.08
$MAG,2565.943,-0.348,-0.270,-0.900,28.1
$IMU,2565.943,-0.183,-0.122,-0.244,0.01562,0.02294,1.01464,29.06
$IMU,2565.945,-0.244,-0.061,-0.122,0.01708,0.02246,1.01464,29.06
$IMU,2565.947,-0.244,0.061,-0.183,0.01708,0.02539,1.01171,29.06
$IMU,2565.950,-0.183,-0.061,-0.183,0.01660,0.02343,1.01367,29.06
$IMU,2565.952,-0.244,-0.061,-0.244,0.01708,0.02636,1.01562,29.06
$MAG,2565.953,-0.334,-0.276,-0.904,28.2
$IMU,2565.954,-0.244,0.061,-0.122,0.01513,0.02197,1.01171,29.06
$IMU,2565.957,-0.244,-0.061,-0.061,0.01757,0.02441,1.01171,29.06
$IMU,2565.959,-0.244,-0.122,-0.183,0.01660,0.02343,1.01660,29.06
$IMU,2565.961,-0.244,-0.244,-0.244,0.01464,0.02343,1.01611,29.07
$MAG,2565.963,-0.334,-0.273,-0.901,28.2
$IMU,2565.964,-0.305,0.000,-0.183,0.01513,0.02441,1.01220,29.07
$IMU,2565.966,-0.305,-0.061,-0.244,0.01757,0.02539,1.01269,29.07
$IMU,2565.968,-0.244,-0.244,-0.183,0.01708,0.02392,1.01123,29.07
$IMU,2565.971,-0.244,-0.183,-0.183,0.01123,0.02148,1.01562,29.07
$MAG,2565.973,-0.342,-0.274,-0.894,28.1
$IMU,2565.973,-0.244,-0.183,-0.183,0.01464,0.02001,1.01513,29.07
$IMU,2565.975,-0.122,-0.366,-0.244,0.01611,0.01904,1.01367,29.07
$IMU,2565.978,-0.183,-0.183,-0.244,0.01660,0.01757,1.01367,29.07
$IMU,2565.980,-0.183,-0.183,-0.183,0.01806,0.02294,1.01611,29.08
$IMU,2565.983,-0.183,-0.122,-0.183,0.01367,0.02099,1.01562,29.08
$MAG,2565.984,-0.337,-0.276,-0.892,28.3
$IMU,2565.985,-0.061,-0.183,-0.122,0.01416,0.02392,1.01757,29.08
$IMU,2565.987,-0.244,0.000,-0.183,0.01562,0.02490,1.01562,29.08
$IMU,2565.990,-0.183,-0.061,-0.183,0.01757,0.02539,1.01318,29.08
$IMU,2565.992,-0.244,0.000,-0.122,0.01513,0.02343,1.01416,29.08
$MAG,2565.994,-0.342,-0.273,-0.901,28.2
$IMU,2565.994,-0.244,0.061,-0.122,0.01660,0.02246,1.01416,29.08
$IMU,2565.997,-0.244,0.000,-0.122,0.01757,0.02343,1.01367,29.08
$IMU,2565.999,-0.183,-0.122,-0.183,0.01562,0.02343,1.01318,29.10
$IMU,2566.001,-0.122,-0.305,-0.183,0.01464,0.02539,1.01318,29.10
$MAG,2566.004,-0.331,-0.279,-0.903,28.2
$IMU,2566.004,-0.183,-0.122,-0.122,0.01562,0.02490,1.01416,29.10
$IMU,2566.006,-0.305,0.061,-0.122,0.01953,0.02685,1.01562,29.10
$IMU,2566.008,-0.183,-0.244,-0.122,0.01708,0.02441,1.01171,29.10
$IMU,2566.011,-0.183,-0.183,-0.183,0.01562,0.02490,1.01123,29.10
$IMU,2566.013,-0.305,0.000,-0.122,0.01416,0.02343,1.01562,29.10
$MAG,2566.014,-0.337,-0.265,-0.900,28.2
$IMU,2566.015,-0.244,-0.122,-0.183,0.01660,0.02294,1.01367,29.10
$IMU,2566.018,-0.305,-0.122,-0.183,0.01513,0.02490,1.01464,29.06
$IMU,2566.020,-0.427,-0.061,-0.183,0.01660,0.02050,1.01660,29.06
$BARO,2566.022,86429.07,29.12
$IMU,2566.022,-0.366,-0.061,-0.244,0.01464,0.02148,1.01562,29.06
$MAG,2566.024,-0.337,-0.270,-0.903,28.1
$IMU,2566.025,-0.183,-0.244,-0.244,0.01513,0.02587,1.01220,29.06
$IMU,2566.027,-0.244,-0.244,-0.183,0.01318,0.02246,1.01464,29.06
$IMU,2566.029,-0.244,-0.183,-0.183,0.01757,0.02392,1.01416,29.06
$IMU,2566.032,-0.305,-0.061,-0.183,0.01611,0.02001,1.01562,29.06
$MAG,2566.034,-0.336,-0.288,-0.900,28.1
$IMU,2566.034,-0.305,-0.061,-0.183,0.01757,0.01757,1.01562,29.06
$IMU,2566.036,-0.244,-0.061,-0.183,0.01660,0.02343,1.01611,29.08
$IMU,2566.039,-0.183,-0.122,-0.183,0.01367,0.02099,1.01708,29.08
$IMU,2566.041,-0.183,-0.183,-0.183,0.01904,0.02392,1.01367,29.08
$MAG,2566.044,-0.336,-0.268,-0.909,28.2
$IMU,2566.044,-0.183,-0.061,-0.183,0.01708,0.02539,1.01318,29.08
$IMU,2566.046,-0.244,0.061,-0.183,0.01611,0.02490,1.01220,29.08
$IMU,2566.048,-0.244,0.122,-0.183,0.01806,0.02294,1.01464,29.08
$IMU,2566.051,-0.183,-0.183,-0.122,0.01660,0.02490,1.01513,29.08
$IMU,2566.053,-0.122,-0.183,-0.183,0.01708,0.02539,1.01416,29.08
$MAG,2566.054,-0.328,-0.276,-0.909,28.1
$IMU,2566.055,-0.183,-0.122,-0.183,0.01464,0.02343,1.01660,29.12
$IMU,2566.058,-0.244,0.000,-0.183,0.01611,0.02490,1.01611,29.12
$IMU,2566.060,-0.305,0.122,-0.122,0.01806,0.02490,1.01416,29.12
$IMU,2566.062,-0.244,-0.122,-0.122,0.01660,0.02587,1.01367,29.12
$MAG,2566.064,-0.349,-0.277,-0.898,28.2
$IMU,2566.065,-0.305,0.000,-0.183,0.01611,0.02392,1.01220,29.12
$IMU,2566.067,-0.427,-0.061,-0.183,0.01708,0.02490,1.01513,29.12
$IMU,2566.069,-0.305,-0.183,-0.183,0.01708,0.02490,1.01562,29.12
$IMU,2566.072,-0.305,-0.183,-0.183,0.01855,0.02148,1.01513,29.12
$HUM,2566.074,37.1,29.5
$MAG,2566.074,-0.342,-0.274,-0.901,28.1
$IMU,2566.074,-0.366,-0.061,-0.183,0.01757,0.02490,1.01318,29.11
$IMU,2566.076,-0.427,0.000,-0.183,0.01708,0.02490,1.01220,29.11
$IMU,2566.079,-0.366,-0.183,-0.183,0.01855,0.02050,1.01318,29.11
$IMU,2566.081,-0.305,-0.183,-0.122,0.01757,0.02246,1.01416,29.11
$IMU,2566.083,-0.366,-0.122,-0.122,0.01611,0.02246,1.01416,29.11
$MAG,2566.085,-0.336,-0.270,-0.897,28.2
$IMU,2566.086,-0.244,-0.244,-0.122,0.01757,0.02343,1.01367,29.11
$IMU,2566.088,-0.244,-0.122,-0.183,0.01562,0.02148,1.01318,29.11
$IMU,2566.090,-0.244,-0.061,-0.183,0.01464,0.02539,1.01367,29.11
$IMU,2566.093,-0.183,-0.122,-0.183,0.01513,0.02392,1.01269,29.12
$MAG,2566.095,-0.345,-0.268,-0.900,28.1
$IMU,2566.095,-0.122,-0.305,-0.183,0.01904,0.02539,1.01318,29.12
$IMU,2566.097,-0.183,-0.122,-0.122,0.02001,0.02246,1.01416,29.12
$IMU,2566.100,-0.183,0.000,-0.122,0.01806,0.02441,1.01708,29.12
$IMU,2566.102,-0.183,0.000,-0.122,0.01757,0.02587,1.01464,29.12
$MAG,2566.105,-0.337,-0.264,-0.906,28.1
$IMU,2566.105,-0.183,0.000,-0.183,0.01708,0.02441,1.01513,29.12
$IMU,2566.107,-0.244,0.000,-0.122,0.01953,0.02294,1.01416,29.12
$IMU,2566.109,-0.244,0.000,-0.122,0.01611,0.02587,1.01611,29.12
$IMU,2566.112,-0.244,-0.122,-0.183,0.01562,0.02539,1.01318,29.10
$IMU,2566.114,-0.244,-0.122,-0.122,0.01757,0.02392,1.01416,29.10
$MAG,2566.115,-0.336,-0.277,-0.903,28.1
$IMU,2566.116,-0.244,0.000,-0.122,0.01660,0.02441,1.01220,29.10
$IMU,2566.119,-0.244,-0.122,-0.183,0.01757,0.02246,1.01171,29.10
$IMU,2566.121,-0.183,-0.183,-0.183,0.01513,0.02441,1.01464,29.10
$IMU,2566.123,-0.244,-0.244,-0.183,0.01562,0.02441,1.01220,29.10
$BARO,2566.124,86422.41,29.12
$MAG,2566.125,-0.340,-0.270,-0.895,28.2
$IMU,2566.126,-0.305,-0.122,-0.244,0.01660,0.02587,1.00976,29.10
$IMU,2566.128,-0.305,-0.244,-0.244,0.01367,0.02099,1.01660,29.10
$IMU,2566.130,-0.305,-0.122,-0.183,0.01562,0.02343,1.01416,29.10
$IMU,2566.133,-0.427,0.061,-0.122,0.01416,0.02148,1.01416,29.10
$MAG,2566.135,-0.334,-0.285,-0.904,28.1
$IMU,2566.135,-0.305,-0.183,-0.122,0.01660,0.02148,1.01269,29.10
$IMU,2566.137,-0.183,-0.305,-0.122,0.01464,0.02148,1.01464,29.10
$IMU,2566.140,-0.183,-0.122,-0.183,0.01904,0.02050,1.01464,29.10
$IMU,2566.142,-0.305,-0.061,-0.122,0.01757,0.02343,1.01416,29.10
$IMU,2566.144,-0.183,-0.122,-0.122,0.01464,0.02490,1.01171,29.10
$MAG,2566.145,-0.342,-0.270,-0.906,28.1
$IMU,2566.147,-0.122,-0.244,-0.183,0.01708,0.02392,1.01416,29.10
$IMU,2566.149,-0.122,-0.244,-0.244,0.01464,0.02294,1.01318,29.09
$IMU,2566.151,-0.244,-0.122,-0.183,0.01953,0.02197,1.01464,29.09
$IMU,2566.154,-0.305,0.122,-0.183,0.01855,0.02343,1.01464,29.09
$MAG,2566.155,-0.339,-0.270,-0.897,28.1
$IMU,2566.156,-0.244,0.061,-0.183,0.01562,0.02490,1.01416,29.09
$IMU,2566.158,-0.305,0.061,-0.122,0.01660,0.02343,1.01269,29.09
$IMU,2566.161,-0.122,-0.122,-0.122,0.02001,0.02294,1.00927,29.09
$IMU,2566.163,-0.244,0.061,-0.183,0.01611,0.02392,1.01318,29.09
$MAG,2566.165,-0.337,-0.280,-0.906,28.1
$IMU,2566.165,-0.305,0.061,-0.183,0.01513,0.02539,1.01367,29.09
$IMU,2566.168,-0.244,0.061,-0.122,0.01513,0.02832,1.01660,29.11
$IMU,2566.170,-0.183,-0.183,-0.122,0.01757,0.02685,1.01660,29.11
$IMU,2566.173,-0.244,-0.183,-0.122,0.01855,0.02441,1.01416,29.11
$MAG,2566.175,-0.334,-0.280,-0.904,28.1
$IMU,2566.175,-0.305,-0.183,-0.244,0.01660,0.02294,1.01416,29.11
$IMU,2566.177,-0.427,-0.061,-0.183,0.01757,0.02343,1.01318,29.11
$IMU,2566.180,-0.366,-0.061,-0.244,0.01220,0.02197,1.01171,29.11
$IMU,2566.182,-0.366,-0.183,-0.183,0.01318,0.02246,1.01562,29.11
$IMU,2566.184,-0.366,-0.122,-0.183,0.01220,0.02197,1.01708,29.11
$MAG,2566.186,-0.330,-0.270,-0.900,28.2
$IMU,2566.187,-0.183,-0.305,-0.183,0.01513,0.02539,1.01562,29.09
$IMU,2566.189,-0.183,-0.305,-0.122,0.01660,0.01953,1.01464,29.09
$IMU,2566.191,-0.183,-0.183,-0.122,0.01562,0.02294,1.01416,29.09
$IMU,2566.194,-0.305,-0.061,-0.122,0.01513,0.02099,1.01660,29.09
$MAG,2566.196,-0.337,-0.274,-0.904,28.1
$IMU,2566.196,-0.122,-0.183,-0.183,0.01660,0.02539,1.01513,29.09
$IMU,2566.198,-0.305,0.183,-0.183,0.01806,0.02539,1.01562,29.09
$IMU,2566.201,-0.183,-0.183,-0.244,0.01611,0.02197,1.01562,29.09
$IMU,2566.203,-0.244,0.122,-0.183,0.01660,0.02099,1.01806,29.09
$IMU,2566.205,-0.366,0.183,-0.183,0.01513,0.02587,1.01367,29.14
$MAG,2566.206,-0.339,-0.276,-0.897,28.1
$IMU,2566.208,-0.244,0.000,-0.122,0.01757,0.02490,1.01464,29.14
$IMU,2566.210,-0.183,-0.122,-0.244,0.01806,0.02636,1.01513,29.14
$IMU,2566.212,-0.061,-0.244,-0.183,0.01660,0.02246,1.01220,29.14
$IMU,2566.215,-0.122,-0.244,-0.244,0.01318,0.02539,1.01123,29.14
$MAG,2566.216,-0.343,-0.261,-0.901,28.2
$IMU,2566.217,-0.244,-0.061,-0.183,0.01855,0.02294,1.01464,29.14
$IMU,2566.219,-0.244,-0.122,-0.183,0.01953,0.02246,1.01367,29.14
$IMU,2566.222,-0.183,-0.183,-0.183,0.01708,0.02197,1.01269,29.14
$IMU,2566.224,-0.183,-0.305,-0.183,0.01660,0.02246,1.01416,29.04
$BARO,2566.225,86432.70,29.12
$MAG,2566.226,-0.343,-0.271,-0.907,28.1
$IMU,2566.226,-0.305,-0.244,-0.122,0.01660,0.02197,1.01220,29.04
$IMU,2566.229,-0.244,-0.305,-0.122,0.01757,0.02343,1.01367,29.04
$IMU,2566.231,-0.305,-0.122,-0.244,0.01562,0.01953,1.01757,29.04
$IMU,2566.234,-0.244,-0.183,-0.183,0.01757,0.02343,1.01220,29.04
$MAG,2566.236,-0.333,-0.280,-0.901,28.1
$IMU,2566.236,-0.183,-0.183,-0.183,0.01757,0.02441,1.01416,29.04
$IMU,2566.238,-0.183,-0.183,-0.183,0.01953,0.02246,1.01513,29.04
$IMU,2566.241,-0.244,-0.122,-0.183,0.02294,0.02539,1.01611,29.04
$IMU,2566.243,-0.244,-0.183,-0.122,0.02001,0.02539,1.01904,29.10
$IMU,2566.245,-0.244,-0.122,-0.061,0.01708,0.02294,1.01562,29.10
$MAG,2566.246,-0.342,-0.277,-0.903,28.1
$IMU,2566.248,-0.305,0.000,-0.122,0.01855,0.02490,1.01757,29.10
$IMU,2566.250,-0.305,0.000,-0.183,0.01660,0.02490,1.01513,29.10
$IMU,2566.252,-0.183,-0.244,-0.183,0.01806,0.02490,1.01318,29.10
$IMU,2566.255,-0.122,-0.122,-0.183,0.01904,0.02099,1.01318,29.10
$MAG,2566.256,-0.342,-0.273,-0.897,28.1
$IMU,2566.257,-0.183,0.000,-0.183,0.01855,0.02490,1.01269,29.10
$IMU,2566.259,-0.061,-0.183,-0.122,0.01318,0.02441,1.01464,29.10
$IMU,2566.262,-0.122,0.000,-0.122,0.01513,0.02392,1.01367,29.11
$IMU,2566.264,-0.061,-0.183,-0.122,0.01708,0.02636,1.01367,29.11
$MAG,2566.266,-0.343,-0.279,-0.903,28.2
$IMU,2566.266,-0.183,-0.061,-0.244,0.01660,0.02197,1.01416,29.11
$IMU,2566.269,-0.366,0.183,-0.183,0.01611,0.02587,1.01416,29.11
$IMU,2566.271,-0.244,0.061,-0.122,0.01464,0.02490,1.01367,29.11
$IMU,2566.273,-0.122,-0.122,-0.122,0.01367,0.02587,1.01660,29.11
$MAG,2566.276,-0.339,-0.279,-0.900,28.1
$IMU,2566.276,-0.305,0.061,-0.122,0.01171,0.02392,1.01416,29.11
$IMU,2566.278,-0.305,0.000,-0.122,0.01318,0.02490,1.01318,29.11
$IMU,2566.280,-0.305,-0.061,-0.122,0.01318,0.02392,1.01318,29.09
$IMU,2566.283,-0.366,0.000,-0.122,0.01513,0.02441,1.01416,29.09
$IMU,2566.285,-0.427,0.061,-0.183,0.01660,0.02050,1.01171,29.09
$MAG,2566.287,-0.339,-0.271,-0.901,28.1
$IMU,2566.287,-0.366,-0.122,-0.183,0.01611,0.02441,1.01464,29.09
$IMU,2566.290,-0.244,-0.366,-0.183,0.01171,0.02246,1.01269,29.09
$IMU,2566.292,-0.244,-0.305,-0.183,0.01367,0.01855,1.01416,29.09
$IMU,2566.295,-0.305,-0.244,-0.183,0.01660,0.02294,1.01318,29.09
$MAG,2566.297,-0.331,-0.276,-0.903,28.2
$IMU,2566.297,-0.244,-0.305,-0.244,0.01806,0.02587,1.01562,29.09
$IMU,2566.299,-0.305,-0.061,-0.183,0.01855,0.02246,1.01513,29.09
$IMU,2566.302,-0.122,-0.305,-0.244,0.01708,0.02148,1.01416,29.09
$IMU,2566.304,-0.122,-0.244,-0.244,0.01953,0.02294,1.01171,29.09
$IMU,2566.306,-0.244,-0.061,-0.183,0.01855,0.02441,1.01367,29.09
$MAG,2566.307,-0.334,-0.273,-0.904,28.1
$IMU,2566.309,-0.305,0.061,-0.244,0.01855,0.02490,1.01464,29.09
$IMU,2566.311,-0.244,-0.061,-0.244,0.01757,0.02734,1.01611,29.09
$IMU,2566.313,-0.183,-0.183,-0.183,0.01464,0.02050,1.01513,29.09
$IMU,2566.316,-0.122,-0.122,-0.183,0.01904,0.02343,1.01269,29.09
$MAG,2566.317,-0.333,-0.267,-0.910,28.2
$IMU,2566.318,-0.244,-0.061,-0.183,0.01757,0.02636,1.01464,29.08
$IMU,2566.320,-0.305,0.061,-0.183,0.01513,0.02343,1.01464,29.08
$IMU,2566.323,-0.305,0.061,-0.183,0.01660,0.02539,1.01416,29.08
$IMU,2566.325,-0.305,0.061,-0.183,0.01855,0.02587,1.01562,29.08
$BARO,2566.327,86430.48,29.12
$MAG,2566.327,-0.334,-0.270,-0.900,28.1
$IMU,2566.327,-0.305,-0.183,-0.244,0.01416,0.02734,1.01611,29.08
$IMU,2566.330,-0.305,0.000,-0.183,0.01708,0.02392,1.01318,29.08
$IMU,2566.332,-0.427,0.000,-0.183,0.01562,0.02148,1.01220,29.08
$IMU,2566.334,-0.305,-0.061,-0.244,0.01269,0.02294,1.00878,29.08
$MAG,2566.337,-0.340,-0.270,-0.895,28.2
$IMU,2566.337,-0.244,-0.305,-0.183,0.01513,0.02197,1.01513,29.10
$IMU,2566.339,-0.122,-0.366,-0.183,0.01464,0.02441,1.01416,29.10
$IMU,2566.341,-0.244,-0.244,-0.183,0.02001,0.02294,1.01220,29.10
$IMU,2566.344,-0.305,-0.061,-0.122,0.01611,0.02539,1.01318,29.10
$IMU,2566.346,-0.366,0.061,-0.122,0.01611,0.02148,1.01464,29.10
$MAG,2566.347,-0.345,-0.276,-0.906,28.1
$IMU,2566.348,-0.305,0.000,-0.122,0.01611,0.02148,1.01367,29.10
$IMU,2566.351,-0.183,-0.305,-0.122,0.01855,0.02246,1.01513,29.10
$IMU,2566.353,-0.122,-0.305,-0.122,0.01660,0.02197,1.01660,29.10
$IMU,2566.356,-0.122,-0.122,-0.183,0.01660,0.02246,1.01562,29.10
$MAG,2566.357,-0.334,-0.267,-0.894,28.1
$IMU,2566.358,-0.183,-0.061,-0.122,0.01416,0.02099,1.01367,29.10
$IMU,2566.360,-0.183,0.061,-0.183,0.01708,0.02246,1.01562,29.10
$IMU,2566.363,-0.183,-0.183,-0.183,0.01611,0.02392,1.01562,29.10
$IMU,2566.365,-0.244,0.061,-0.183,0.01367,0.02490,1.01611,29.10
$MAG,2566.367,-0.331,-0.270,-0.903,28.1
$IMU,2566.367,-0.122,-0.122,-0.061,0.01757,0.02490,1.01562,29.10
$IMU,2566.370,-0.244,0.061,-0.122,0.01708,0.02392,1.01367,29.10
$IMU,2566.372,-0.122,0.000,-0.183,0.01757,0.02197,1.01318,29.10
$IMU,2566.374,-0.305,0.061,-0.183,0.01318,0.02539,1.01562,29.12
$MAG,2566.377,-0.336,-0.267,-0.906,28.1
$IMU,2566.377,-0.305,0.000,-0.183,0.01708,0.02490,1.01513,29.12
$IMU,2566.379,-0.183,-0.244,-0.183,0.01171,0.02441,1.01562,29.12
$IMU,2566.381,-0.305,-0.061,-0.183,0.01611,0.02441,1.01464,29.12
$IMU,2566.384,-0.366,-0.122,-0.244,0.01513,0.02636,1.01269,29.12
$IMU,2566.386,-0.305,-0.061,-0.183,0.01416,0.02392,1.01318,29.12
$MAG,2566.388,-0.336,-0.273,-0.907,28.2
$IMU,2566.388,-0.305,-0.183,-0.183,0.01611,0.02246,1.01318,29.12
$IMU,2566.391,-0.305,-0.183,-0.244,0.01464,0.02001,1.01464,29.12
$IMU,2566.393,-0.183,-0.183,-0.122,0.01513,0.02099,1.01464,29.09
$IMU,2566.395,-0.122,-0.305,-0.183,0.01464,0.02148,1.01562,29.09
$MAG,2566.398,-0.343,-0.271,-0.898,28.1
$IMU,2566.398,-0.366,0.000,-0.183,0.01367,0.02246,1.01416,29.09
$IMU,2566.400,-0.305,-0.122,-0.183,0.01562,0.02392,1.01464,29.09
$IMU,2566.402,-0.305,-0.122,-0.183,0.01806,0.02294,1.01367,29.09
$IMU,2566.405,-0.183,-0.061,-0.183,0.01708,0.02294,1.01660,29.09
$IMU,2566.407,-0.061,-0.305,-0.122,0.01464,0.02490,1.01708,29.09
$MAG,2566.408,-0.337,-0.277,-0.904,28.2
$IMU,2566.409,-0.183,-0.122,-0.183,0.01660,0.02294,1.01464,29.09
$IMU,2566.412,-0.122,-0.122,-0.244,0.01416,0.02392,1.01611,29.08
$IMU,2566.414,-0.061,-0.305,-0.183,0.01660,0.02783,1.01416,29.08
$IMU,2566.417,-0.122,-0.183,-0.122,0.01806,0.02392,1.01318,29.08
$MAG,2566.418,-0.339,-0.274,-0.898,28.2
$IMU,2566.419,-0.122,-0.183,-0.183,0.01904,0.02441,1.01611,29.08
$IMU,2566.421,-0.183,-0.061,-0.122,0.02099,0.02441,1.01464,29.08
$IMU,2566.424,-0.244,-0.061,-0.183,0.01562,0.02343,1.01416,29.08
$IMU,2566.426,-0.305,0.000,-0.183,0.01562,0.02441,1.01318,29.08
$BARO,2566.428,86421.95,29.12
$MAG,2566.428,-0.330,-0.274,-0.901,28.2
$IMU,2566.428,-0.305,0.122,-0.183,0.01660,0.02685,1.01562,29.08
$IMU,2566.431,-0.183,-0.122,-0.183,0.01660,0.02539,1.01367,29.08
$IMU,2566.433,-0.244,-0.122,-0.183,0.01757,0.02197,1.01367,29.08
$IMU,2566.435,-0.244,-0.122,-0.183,0.01757,0.02587,1.01318,29.08
$IMU,2566.438,-0.366,0.000,-0.122,0.01708,0.02490,1.01269,29.08
$MAG,2566.438,-0.348,-0.273,-0.906,28.2
$IMU,2566.440,-0.366,0.000,-0.183,0.01757,0.02783,1.01367,29.08
$IMU,2566.442,-0.305,-0.122,-0.122,0.01855,0.02392,1.01416,29.08
$IMU,2566.445,-0.183,-0.244,-0.183,0.01757,0.02294,1.01464,29.08
$IMU,2566.447,-0.366,0.000,-0.122,0.01660,0.02294,1.01416,29.08
$MAG,2566.448,-0.339,-0.273,-0.895,28.2
$IMU,2566.449,-0.427,0.061,-0.183,0.01220,0.02148,1.01562,29.05
$IMU,2566.452,-0.427,0.122,-0.183,0.01611,0.02246,1.01416,29.05
$IMU,2566.454,-0.183,-0.366,-0.183,0.01562,0.02343,1.01416,29.05
$IMU,2566.456,-0.183,-0.183,-0.183,0.02001,0.02246,1.01269,29.05
$MAG,2566.458,-0.339,-0.268,-0.901,28.1
$IMU,2566.459,-0.183,-0.305,-0.122,0.01660,0.02294,1.01318,29.05
$IMU,2566.461,-0.183,-0.061,-0.183,0.01562,0.02099,1.01416,29.05
$IMU,2566.463,-0.244,-0.061,-0.183,0.01708,0.02392,1.01464,29.05
$IMU,2566.466,-0.183,-0.183,-0.183,0.01806,0.02539,1.01708,29.05
$MAG,2566.468,-0.343,-0.274,-0.901,28.2
$IMU,2566.468,-0.183,-0.122,-0.183,0.02001,0.02539,1.01513,29.12
$IMU,2566.470,-0.122,-0.122,-0.122,0.01855,0.02050,1.01171,29.12
$IMU,2566.473,-0.244,0.000,-0.183,0.01611,0.02197,1.01367,29.12
$IMU,2566.475,-0.366,0.183,-0.122,0.01708,0.02099,1.01513,29.12
$MAG,2566.478,-0.337,-0.271,-0.897,28.1
$IMU,2566.478,-0.183,-0.061,-0.183,0.01757,0.02246,1.01416,29.12
$IMU,2566.480,-0.244,0.061,-0.183,0.01708,0.02197,1.01464,29.12
$IMU,2566.482,-0.122,-0.244,-0.244,0.01562,0.02392,1.01269,29.12
$IMU,2566.485,-0.244,-0.061,-0.122,0.01611,0.02197,1.01367,29.12
$IMU,2566.487,-0.366,0.061,-0.122,0.01562,0.02246,1.01269,29.12
$MAG,2566.489,-0.336,-0.277,-0.903,28.2
$IMU,2566.489,-0.305,-0.061,-0.061,0.01611,0.02490,1.01367,29.12
$IMU,2566.492,-0.244,-0.122,-0.183,0.01464,0.02441,1.01611,29.12
$IMU,2566.494,-0.244,-0.427,-0.183,0.01416,0.02294,1.01660,29.12
$IMU,2566.496,-0.427,-0.122,-0.122,0.01367,0.02294,1.01220,29.12
$MAG,2566.499,-0.342,-0.274,-0.903,28.2
$IMU,2566.499,-0.366,0.000,-0.183,0.01513,0.02050,1.01464,29.12
$IMU,2566.501,-0.366,0.000,-0.183,0.01611,0.01855,1.01220,29.12
$IMU,2566.503,-0.305,-0.122,-0.244,0.01562,0.02197,1.01318,29.12
$IMU,2566.506,-0.183,-0.366,-0.183,0.01806,0.02294,1.01269,29.08
$IMU,2566.508,-0.122,-0.427,-0.183,0.01513,0.02294,1.01611,29.08
$MAG,2566.509,-0.333,-0.273,-0.897,28.2
$IMU,2566.510,-0.244,-0.122,-0.183,0.01708,0.02246,1.01708,29.08
$IMU,2566.513,-0.366,-0.061,-0.183,0.01806,0.02490,1.01562,29.08
$IMU,2566.515,-0.183,-0.244,-0.122,0.01904,0.02197,1.01757,29.08
$IMU,2566.517,-0.122,-0.244,-0.122,0.01660,0.02197,1.01513,29.08
$MAG,2566.519,-0.336,-0.277,-0.900,28.1
$IMU,2566.520,-0.244,-0.061,-0.183,0.01562,0.02539,1.01464,29.08
$IMU,2566.522,-0.183,-0.122,-0.183,0.01513,0.02294,1.01123,29.08
$IMU,2566.524,-0.183,0.000,-0.122,0.01806,0.02343,1.01318,29.10
$IMU,2566.527,-0.183,0.061,-0.122,0.01611,0.02441,1.01318,29.10
$MAG,2566.529,-0.336,-0.270,-0.904,28.1
$IMU,2566.529,-0.244,0.061,-0.183,0.01660,0.02294,1.01562,29.10
$BARO,2566.530,86428.38,29.12
$IMU,2566.531,-0.244,0.000,-0.183,0.01660,0.02441,1.01171,29.10
$IMU,2566.534,-0.183,-0.183,-0.122,0.01611,0.02246,1.01416,29.10
$IMU,2566.536,-0.305,-0.061,-0.183,0.01904,0.02490,1.01513,29.10
$IMU,2566.539,-0.244,-0.061,-0.183,0.01464,0.02246,1.01367,29.10
$MAG,2566.539,-0.337,-0.273,-0.900,28.2
$IMU,2566.541,-0.244,-0.183,-0.183,0.01464,0.02343,1.01220,29.10
$IMU,2566.543,-0.183,-0.183,-0.183,0.01513,0.02539,1.01318,29.13
$IMU,2566.546,-0.244,-0.122,-0.244,0.01611,0.02294,1.01416,29.13
$IMU,2566.548,-0.366,0.000,-0.183,0.01367,0.02294,1.01367,29.13
$MAG,2566.549,-0.339,-0.277,-0.903,28.3
$IMU,2566.550,-0.305,-0.122,-0.183,0.01416,0.02734,1.01269,29.13
$IMU,2566.553,-0.183,-0.183,-0.183,0.01660,0.02441,1.01367,29.13
$IMU,2566.555,-0.183,-0.183,-0.183,0.01562,0.02587,1.01220,29.13
$IMU,2566.557,-0.244,-0.183,-0.122,0.01513,0.02343,1.01513,29.13
$MAG,2566.559,-0.337,-0.277,-0.903,28.2
$IMU,2566.560,-0.244,-0.122,-0.122,0.01562,0.02392,1.01513,29.13
$IMU,2566.562,-0.183,-0.061,-0.122,0.01855,0.02587,1.01318,29.07
$IMU,2566.564,-0.183,-0.183,-0.244,0.01953,0.02343,1.01513,29.07
$IMU,2566.567,-0.122,-0.305,-0.244,0.01757,0.02636,1.01074,29.07
$MAG,2566.569,-0.348,-0.270,-0.895,28.1
$IMU,2566.569,-0.122,-0.244,-0.122,0.01757,0.02441,1.01464,29.07
$IMU,2566.571,-0.122,-0.122,-0.183,0.02050,0.02587,1.01367,29.07
$IMU,2566.574,-0.183,-0.061,-0.183,0.01806,0.02636,1.01513,29.07
$IMU,2566.576,-0.061,-0.122,-0.122,0.01611,0.02636,1.01660,29.07
$IMU,2566.578,-0.122,0.000,-0.183,0.01806,0.02294,1.01562,29.07
$MAG,2566.579,-0.343,-0.274,-0.898,28.1
$IMU,2566.581,-0.244,-0.061,-0.122,0.01367,0.02636,1.01367,29.09
$IMU,2566.583,-0.244,-0.122,-0.183,0.01464,0.02636,1.01367,29.09
$IMU,2566.585,-0.305,-0.122,-0.183,0.01611,0.02685,1.01464,29.09
$IMU,2566.588,-0.427,0.122,-0.122,0.01611,0.02490,1.01513,29.09
$MAG,2566.589,-0.334,-0.270,-0.903,28.2
$IMU,2566.590,-0.305,-0.122,-0.122,0.01611,0.02246,1.01269,29.09
$IMU,2566.592,-0.183,-0.183,-0.183,0.01513,0.02392,1.01513,29.09
$IMU,2566.595,-0.305,-0.244,-0.244,0.01367,0.02294,1.01318,29.09
$IMU,2566.597,-0.305,-0.122,-0.244,0.01464,0.02294,1.01562,29.09
$MAG,2566.600,-0.337,-0.277,-0.909,28.2
$IMU,2566.600,-0.305,-0.122,-0.305,0.01562,0.02343,1.01269,29.12
$IMU,2566.602,-0.305,-0.122,-0.122,0.01806,0.02294,1.01660,29.12
$IMU,2566.604,-0.488,0.061,-0.183,0.01318,0.02050,1.01464,29.12
$IMU,2566.607,-0.244,-0.305,-0.183,0.01513,0.02197,1.01611,29.12
$IMU,2566.609,-0.305,-0.183,-0.183,0.01708,0.02587,1.01513,29.12
$MAG,2566.610,-0.343,-0.279,-0.904,28.1
$IMU,2566.611,-0.305,-0.122,-0.183,0.01367,0.02294,1.01367,29.12
$IMU,2566.614,-0.305,-0.183,-0.183,0.01757,0.02392,1.01513,29.12
$IMU,2566.616,-0.244,-0.183,-0.183,0.01562,0.02246,1.01562,29.12
$IMU,2566.618,-0.183,-0.183,-0.183,0.01708,0.01953,1.01513,29.11
$MAG,2566.620,-0.339,-0.268,-0.900,28.2
$IMU,2566.621,-0.183,-0.122,-0.122,0.01855,0.02050,1.01660,29.11
$IMU,2566.623,-0.244,0.061,-0.122,0.01562,0.02343,1.01562,29.11
$IMU,2566.625,-0.244,0.183,-0.183,0.01806,0.02197,1.01220,29.11
$TIME,2566.628,463089.000,2399
$IMU,2566.628,-0.244,0.183,-0.122,0.02050,0.02539,1.01660,29.11
$MAG,2566.630,-0.339,-0.273,-0.900,28.2
$IMU,2566.630,-0.122,-0.061,-0.122,0.01611,0.02441,1.01220,29.11
$BARO,2566.631,86423.56,29.12
$IMU,2566.632,-0.122,-0.244,-0.122,0.01562,0.02294,1.01220,29.11
$IMU,2566.635,-0.366,0.000,-0.183,0.01513,0.02441,1.01123,29.11
$IMU,2566.637,-0.305,0.122,-0.122,0.01611,0.02099,1.01220,29.08
$IMU,2566.639,-0.183,-0.244,-0.183,0.01416,0.02148,1.01269,29.08
$MAG,2566.640,-0.339,-0.273,-0.909,28.1
$IMU,2566.642,-0.305,-0.061,-0.183,0.01611,0.02490,1.01171,29.08
$IMU,2566.644,-0.244,0.061,-0.183,0.01367,0.02392,1.01220,29.08
$IMU,2566.646,-0.305,0.183,-0.183,0.01660,0.02246,1.01123,29.08
$IMU,2566.649,-0.244,-0.183,-0.122,0.01562,0.02294,1.01416,29.08
$MAG,2566.650,-0.333,-0.276,-0.901,28.2
$IMU,2566.651,-0.244,-0.244,-0.183,0.01513,0.02099,1.01220,29.08
$IMU,2566.653,-0.305,-0.122,-0.183,0.01708,0.02392,1.01220,29.08
$IMU,2566.656,-0.122,-0.488,-0.183,0.01367,0.02587,1.01269,29.09
$IMU,2566.658,-0.183,-0.366,-0.244,0.01464,0.02099,1.01464,29.09
$MAG,2566.660,-0.336,-0.277,-0.904,28.2
$IMU,2566.660,-0.366,0.122,-0.244,0.01953,0.02099,1.01318,29.09
$IMU,2566.663,-0.366,0.061,-0.183,0.01806,0.02001,1.01269,29.09
$IMU,2566.665,-0.183,-0.244,-0.183,0.01562,0.02343,1.01464,29.09
$IMU,2566.668,-0.183,-0.122,-0.183,0.01855,0.02343,1.01513,29.09
$MAG,2566.670,-0.336,-0.279,-0.900,28.2
$IMU,2566.670,-0.244,-0.122,-0.244,0.01806,0.02343,1.01513,29.09
$IMU,2566.672,-0.122,-0.244,-0.183,0.01855,0.02099,1.01464,29.09
$IMU,2566.675,-0.061,-0.244,-0.183,0.01708,0.02148,1.01611,29.09
$IMU,2566.677,-0.244,-0.061,-0.244,0.01708,0.02246,1.01513,29.09
$IMU,2566.679,-0.305,0.061,-0.183,0.01806,0.02636,1.01464,29.09
$MAG,2566.680,-0.333,-0.280,-0.915,28.2
$IMU,2566.682,-0.183,-0.061,-0.183,0.01708,0.02294,1.01464,29.09
$IMU,2566.684,-0.183,-0.061,-0.122,0.01757,0.02392,1.01318,29.09
$IMU,2566.686,-0.183,-0.183,-0.122,0.01562,0.02343,1.01220,29.09
$IMU,2566.689,-0.122,-0.122,-0.122,0.01611,0.02587,1.01220,29.09
$MAG,2566.690,-0.340,-0.274,-0.901,28.1
$IMU,2566.691,-0.244,-0.061,-0.183,0.01953,0.02392,1.01220,29.09
$IMU,2566.693,-0.183,-0.244,-0.183,0.01513,0.02490,1.01416,29.10
$IMU,2566.696,-0.244,-0.183,-0.183,0.01708,0.02636,1.01318,29.10
$IMU,2566.698,-0.244,0.000,-0.183,0.01660,0.02734,1.01074,29.10
$IMU,2566.700,-0.305,-0.061,-0.183,0.01708,0.02294,1.01123,29.10
$MAG,2566.701,-0.337,-0.274,-0.898,28.1
$IMU,2566.703,-0.305,-0.061,-0.122,0.01562,0.02294,1.01416,29.10
$IMU,2566.705,-0.244,-0.183,-0.183,0.01416,0.02343,1.01562,29.10
$IMU,2566.707,-0.244,-0.305,-0.183,0.01513,0.02246,1.01513,29.10
$IMU,2566.710,-0.305,-0.183,-0.183,0.01611,0.02441,1.01318,29.10
$MAG,2566.711,-0.337,-0.277,-0.904,28.3
$IMU,2566.712,-0.427,-0.061,-0.183,0.01660,0.02343,1.01660,29.10
$IMU,2566.714,-0.427,0.000,-0.244,0.01757,0.02343,1.01513,29.10
$IMU,2566.717,-0.305,-0.061,-0.183,0.01757,0.02343,1.01416,29.10
$IMU,2566.719,-0.244,-0.183,-0.122,0.01513,0.02441,1.01318,29.10
$MAG,2566.721,-0.342,-0.276,-0.898,28.2
$IMU,2566.721,-0.183,-0.305,-0.183,0.01708,0.02343,1.01562,29.10
$IMU,2566.724,-0.244,0.000,-0.183,0.01708,0.02197,1.01562,29.10
$IMU,2566.726,-0.366,0.122,-0.183,0.01611,0.02099,1.01171,29.10
$IMU,2566.729,-0.366,0.000,-0.183,0.01757,0.02246,1.01416,29.10
$MAG,2566.731,-0.343,-0.277,-0.907,28.1
$IMU,2566.731,-0.122,-0.061,-0.122,0.01513,0.01904,1.01318,29.04
$BARO,2566.732,86429.21,29.14
$IMU,2566.733,-0.122,-0.122,-0.244,0.01513,0.02343,1.01318,29.04
$IMU,2566.736,-0.122,-0.244,-0.183,0.01806,0.02343,1.01416,29.04
$IMU,2566.738,-0.244,0.122,-0.183,0.01708,0.02490,1.01318,29.04
$IMU,2566.740,-0.244,0.000,-0.122,0.01611,0.02343,1.01464,29.04
$MAG,2566.741,-0.340,-0.277,-0.904,28.0
$IMU,2566.743,-0.305,0.061,-0.122,0.01806,0.02197,1.01562,29.04
$IMU,2566.745,-0.183,-0.183,-0.183,0.01660,0.02490,1.01318,29.04
$IMU,2566.747,-0.122,-0.244,-0.183,0.01562,0.02343,1.01367,29.04
$IMU,2566.750,-0.244,-0.122,-0.183,0.01562,0.02246,1.01318,29.15
$MAG,2566.751,-0.334,-0.273,-0.900,28.2
$IMU,2566.752,-0.305,-0.122,-0.183,0.01611,0.02197,1.01464,29.15
$IMU,2566.754,-0.305,-0.061,-0.244,0.01660,0.02392,1.01171,29.15
$IMU,2566.757,-0.183,-0.305,-0.244,0.01611,0.02294,1.01611,29.15
$IMU,2566.759,-0.183,-0.244,-0.183,0.01318,0.02050,1.01269,29.15
$MAG,2566.761,-0.339,-0.270,-0.900,28.1
$IMU,2566.761,-0.427,-0.183,-0.183,0.01416,0.02099,1.01611,29.15
$VBAT,2566.761,4.132
$IMU,2566.764,-0.305,-0.061,-0.183,0.01513,0.02246,1.01367,29.15
$IMU,2566.766,-0.305,-0.122,-0.183,0.01708,0.02294,1.01513,29.15
$IMU,2566.768,-0.366,-0.061,-0.183,0.01708,0.02587,1.01513,29.14
$MAG,2566.771,-0.333,-0.273,-0.904,28.2
$IMU,2566.771,-0.244,-0.061,-0.183,0.01904,0.02099,1.01562,29.14
$IMU,2566.773,-0.183,-0.122,-0.183,0.01855,0.02050,1.01269,29.14
$IMU,2566.775,-0.305,0.061,-0.183,0.01904,0.02001,1.01611,29.14
$IMU,2566.778,-0.305,0.122,-0.122,0.01855,0.02343,1.01660,29.14
$IMU,2566.780,-0.183,-0.061,-0.183,0.01708,0.02294,1.01416,29.14
$MAG,2566.781,-0.334,-0.282,-0.897,28.1
$IMU,2566.782,-0.183,-0.183,-0.183,0.01611,0.02343,1.01660,29.14
$IMU,2566.785,-0.122,-0.183,-0.183,0.01757,0.02246,1.01708,29.14
$IMU,2566.787,-0.122,-0.061,-0.183,0.01953,0.02539,1.01269,29.12
$IMU,2566.790,-0.305,0.122,-0.061,0.01416,0.02246,1.01611,29.12
$MAG,2566.791,-0.343,-0.273,-0.892,28.1
$IMU,2566.792,-0.305,0.061,-0.122,0.01611,0.02343,1.01367,29.12
$IMU,2566.794,-0.183,-0.061,-0.122,0.01757,0.02392,1.01318,29.12
$IMU,2566.797,-0.122,-0.183,-0.244,0.01806,0.02294,1.01708,29.12
$IMU,2566.799,-0.244,-0.061,-0.183,0.01855,0.02587,1.01611,29.12
$IMU,2566.801,-0.366,0.122,-0.122,0.01855,0.02441,1.01513,29.12
$MAG,2566.802,-0.336,-0.268,-0.898,28.1
$IMU,2566.804,-0.305,0.000,-0.244,0.01708,0.02294,1.01171,29.12
$IMU,2566.806,-0.305,0.122,-0.122,0.01708,0.02539,1.01269,29.12
$IMU,2566.808,-0.305,-0.061,-0.122,0.01660,0.02441,1.01171,29.12
$IMU,2566.811,-0.366,0.000,-0.183,0.01611,0.02148,1.01562,29.12
$MAG,2566.812,-0.343,-0.276,-0.907,28.1
$IMU,2566.813,-0.305,-0.244,-0.183,0.01660,0.02490,1.01464,29.12
$IMU,2566.815,-0.305,0.000,-0.183,0.01513,0.02246,1.01269,29.12
$IMU,2566.818,-0.366,-0.122,-0.183,0.01464,0.02294,1.01318,29.12
$IMU,2566.820,-0.244,-0.244,-0.244,0.01904,0.02148,1.01367,29.12
$MAG,2566.822,-0.339,-0.268,-0.898,28.1
$IMU,2566.822,-0.183,-0.305,-0.244,0.01318,0.02246,1.01464,29.12
$IMU,2566.825,-0.183,-0.305,-0.183,0.01220,0.02099,1.01464,29.12
$IMU,2566.827,-0.244,-0.122,-0.183,0.01708,0.02050,1.01611,29.12
$IMU,2566.829,-0.244,-0.122,-0.183,0.01855,0.02001,1.01513,29.12
$IMU,2566.832,-0.183,-0.122,-0.122,0.01708,0.02197,1.01562,29.12
$MAG,2566.832,-0.330,-0.274,-0.906,28.1
$BARO,2566.834,86431.89,29.13
$IMU,2566.834,-0.122,-0.366,-0.122,0.01611,0.02197,1.01660,29.12
$IMU,2566.836,-0.061,-0.305,-0.183,0.01611,0.02392,1.01513,29.12
$IMU,2566.839,-0.122,-0.183,-0.122,0.01904,0.02294,1.01513,29.12
$IMU,2566.841,-0.122,-0.122,-0.183,0.02148,0.02441,1.01464,29.12
$MAG,2566.842,-0.342,-0.270,-0.906,28.1
$IMU,2566.843,-0.244,-0.122,-0.122,0.01953,0.02636,1.01562,29.10
$IMU,2566.846,-0.244,-0.061,-0.122,0.01757,0.02294,1.01269,29.10
$IMU,2566.848,-0.122,-0.183,-0.122,0.01611,0.02587,1.01269,29.10
$IMU,2566.851,-0.061,-0.244,-0.183,0.01806,0.02343,1.01611,29.10
$MAG,2566.852,-0.340,-0.274,-0.895,28.1
$IMU,2566.853,-0.244,-0.061,-0.183,0.01855,0.02587,1.01416,29.10
$IMU,2566.855,-0.366,0.244,-0.183,0.01611,0.02539,1.01367,29.10
$IMU,2566.858,-0.244,-0.122,-0.122,0.01611,0.02832,1.01513,29.10
$IMU,2566.860,-0.305,-0.061,-0.183,0.01464,0.02392,1.01367,29.10
$MAG,2566.862,-0.337,-0.282,-0.901,28.2
$IMU,2566.862,-0.305,-0.244,-0.183,0.01464,0.02636,1.01123,29.13
$IMU,2566.865,-0.366,-0.061,-0.183,0.01660,0.02539,1.01123,29.13
$IMU,2566.867,-0.366,-0.122,-0.183,0.01708,0.02246,1.01513,29.13
$IMU,2566.869,-0.305,-0.061,-0.122,0.01562,0.02197,1.01318,29.13
$MAG,2566.872,-0.337,-0.271,-0.903,28.2
$IMU,2566.872,-0.244,-0.305,-0.183,0.01513,0.02392,1.01367,29.13
$IMU,2566.874,-0.305,-0.244,-0.183,0.01562,0.02441,1.01416,29.13
$IMU,2566.876,-0.244,-0.244,-0.183,0.01513,0.02343,1.01562,29.13
$IMU,2566.879,-0.244,-0.244,-0.122,0.01904,0.02099,1.01562,29.13
$IMU,2566.881,-0.122,-0.183,-0.183,0.01757,0.02441,1.01318,29.14
$MAG,2566.882,-0.336,-0.274,-0.892,28.2
$IMU,2566.883,-0.122,-0.305,-0.183,0.01904,0.02441,1.01611,29.14
$IMU,2566.886,-0.122,-0.244,-0.183,0.02001,0.02343,1.01562,29.14
$IMU,2566.888,-0.122,-0.122,-0.183,0.01513,0.02441,1.01708,29.14
$IMU,2566.890,-0.183,-0.122,-0.122,0.01806,0.02343,1.01416,29.14
$IMU,2566.893,-0.183,-0.061,-0.183,0.01757,0.02343,1.01611,29.14
$MAG,2566.892,-0.343,-0.276,-0.895,28.2
$IMU,2566.895,-0.122,-0.061,-0.183,0.01855,0.02343,1.01562,29.14
$IMU,2566.897,-0.183,-0.244,-0.183,0.01904,0.02539,1.01171,29.14
$IMU,2566.900,-0.183,-0.122,-0.061,0.01806,0.02343,1.01416,29.09
$IMU,2566.902,-0.122,-0.305,-0.122,0.01611,0.02343,1.01171,29.09
$MAG,2566.903,-0.333,-0.274,-0.903,28.1
$IMU,2566.904,-0.305,0.000,-0.244,0.01660,0.02636,1.01269,29.09
$IMU,2566.907,-0.366,0.183,-0.183,0.01562,0.02392,1.01269,29.09
$IMU,2566.909,-0.305,-0.122,-0.183,0.01611,0.02197,1.01269,29.09
$IMU,2566.912,-0.244,-0.244,-0.183,0.02001,0.02294,1.01269,29.09
$MAG,2566.913,-0.339,-0.267,-0.897,28.1
$IMU,2566.914,-0.244,-0.122,-0.122,0.01416,0.02246,1.01416,29.09
$IMU,2566.916,-0.305,0.000,-0.183,0.01562,0.02246,1.01269,29.09
$IMU,2566.919,-0.366,-0.061,-0.183,0.01464,0.02392,1.01513,29.10
$IMU,2566.921,-0.366,-0.061,-0.183,0.01660,0.02246,1.01318,29.10
$MAG,2566.923,-0.337,-0.276,-0.903,28.2
$IMU,2566.923,-0.427,0.000,-0.244,0.01367,0.02294,1.01708,29.10
$IMU,2566.926,-0.305,-0.183,-0.244,0.01464,0.02197,1.01855,29.10
$IMU,2566.928,-0.244,-0.244,-0.244,0.01416,0.02246,1.01464,29.10
$IMU,2566.930,-0.305,0.000,-0.183,0.01660,0.01953,1.01269,29.10
$MAG,2566.933,-0.342,-0.273,-0.903,28.3
$IMU,2566.933,-0.244,0.000,-0.183,0.01464,0.02099,1.01269,29.10
$BARO,2566.935,86422.97,29.14
$IMU,2566.935,-0.183,-0.122,-0.122,0.01757,0.02246,1.01660,29.10
$IMU,2566.937,-0.061,-0.305,-0.122,0.01708,0.02294,1.01416,29.17
$IMU,2566.940,-0.244,-0.183,-0.183,0.02001,0.02636,1.01708,29.17
$IMU,2566.942,-0.305,0.122,-0.122,0.01611,0.02246,1.01660,29.17
$MAG,2566.943,-0.342,-0.273,-0.907,28.2
$IMU,2566.944,-0.244,-0.061,-0.183,0.01708,0.02539,1.01660,29.17
$IMU,2566.947,-0.183,0.061,-0.244,0.01513,0.02880,1.01074,29.17
$IMU,2566.949,-0.183,0.061,-0.183,0.01611,0.02587,1.01123,29.17
$IMU,2566.951,-0.061,-0.183,-0.122,0.01660,0.02441,1.01220,29.17
$MAG,2566.953,-0.343,-0.274,-0.900,28.2
$IMU,2566.954,-0.183,-0.183,-0.183,0.01855,0.02392,1.01367,29.17
$IMU,2566.956,-0.305,0.122,-0.122,0.01318,0.02539,1.01318,29.09
$IMU,2566.958,-0.305,0.000,-0.183,0.01660,0.02343,1.01416,29.09
$IMU,2566.961,-0.244,-0.061,-0.183,0.01757,0.02294,1.01416,29.09
$MAG,2566.963,-0.345,-0.276,-0.904,28.2
$IMU,2566.963,-0.244,-0.183,-0.183,0.01855,0.02197,1.01269,29.09
$IMU,2566.965,-0.244,-0.122,-0.183,0.01611,0.02099,1.01269,29.09
$IMU,2566.968,-0.366,0.061,-0.244,0.01562,0.02392,1.01367,29.09
$IMU,2566.970,-0.366,-0.122,-0.183,0.01464,0.02050,1.01416,29.09
$MAG,2566.973,-0.339,-0.277,-0.907,28.2
$IMU,2566.973,-0.427,-0.061,-0.183,0.01708,0.02636,1.01562,29.09
$IMU,2566.975,-0.305,-0.183,-0.183,0.01611,0.02197,1.01367,29.12
$IMU,2566.977,-0.244,-0.183,-0.183,0.01757,0.02490,1.01464,29.12
$IMU,2566.980,-0.244,-0.183,-0.183,0.01220,0.02392,1.01318,29.12
$IMU,2566.982,-0.183,-0.061,-0.183,0.01660,0.02490,1.01220,29.12
$MAG,2566.983,-0.340,-0.280,-0.891,28.1
$IMU,2566.984,-0.122,-0.183,-0.183,0.01708,0.02343,1.01367,29.12
$IMU,2566.987,-0.122,-0.305,-0.183,0.01513,0.02197,1.01416,29.12
$IMU,2566.989,-0.183,0.000,-0.122,0.01611,0.02441,1.01464,29.12
$IMU,2566.991,-0.122,0.000,-0.122,0.01660,0.02539,1.01513,29.12
$MAG,2566.993,-0.333,-0.273,-0.897,28.2
$IMU,2566.994,-0.183,-0.122,-0.183,0.02197,0.02294,1.01269,29.12
$IMU,2566.996,-0.244,0.061,-0.122,0.01757,0.02734,1.01269,29.12
$IMU,2566.998,-0.244,0.000,-0.183,0.01806,0.02539,1.01269,29.12
$IMU,2567.001,-0.183,-0.061,-0.183,0.01562,0.02148,1.00878,29.12
$MAG,2567.003,-0.333,-0.277,-0.910,28.1
$IMU,2567.003,-0.122,0.000,-0.122,0.01708,0.02441,1.01464,29.12
$IMU,2567.005,-0.122,-0.122,-0.122,0.01660,0.02343,1.01562,29.12
$IMU,2567.008,-0.305,0.183,-0.183,0.01708,0.02490,1.01367,29.12
$IMU,2567.010,-0.244,0.061,-0.244,0.01611,0.02490,1.01269,29.12
$IMU,2567.012,-0.244,-0.122,-0.183,0.01416,0.02441,1.01025,29.08
$MAG,2567.014,-0.336,-0.276,-0.898,28.1
$IMU,2567.015,-0.244,-0.244,-0.244,0.01660,0.02490,1.01318,29.08
$IMU,2567.017,-0.366,0.061,-0.244,0.01367,0.02392,1.01269,29.08
$IMU,2567.019,-0.305,-0.061,-0.183,0.01367,0.02441,1.01074,29.08
$IMU,2567.022,-0.305,-0.183,-0.183,0.01562,0.02197,1.01171,29.08
$MAG,2567.024,-0.334,-0.268,-0.895,28.2
$IMU,2567.024,-0.244,-0.305,-0.183,0.01611,0.02148,1.01464,29.08
$IMU,2567.026,-0.305,-0.183,-0.244,0.01660,0.01953,1.01513,29.08
$IMU,2567.029,-0.305,-0.183,-0.244,0.01855,0.01953,1.01464,29.08
$IMU,2567.031,-0.305,-0.122,-0.183,0.01806,0.02001,1.01416,29.11
$MAG,2567.034,-0.339,-0.276,-0.903,28.1
$IMU,2567.034,-0.244,-0.122,-0.244,0.01367,0.02294,1.01562,29.11
$IMU,2567.036,-0.305,-0.122,-0.122,0.01660,0.02148,1.01464,29.11
$BARO,2567.037,86433.60,29.14
$IMU,2567.038,-0.244,-0.183,-0.183,0.01953,0.01904,1.01367,29.11
$IMU,2567.041,-0.183,-0.244,-0.122,0.01953,0.02246,1.01708,29.11
$IMU,2567.043,-0.183,-0.122,-0.122,0.01513,0.02246,1.01464,29.11
$MAG,2567.044,-0.337,-0.271,-0.900,28.2
$IMU,2567.045,-0.183,-0.122,-0.183,0.01757,0.02099,1.01513,29.11
$IMU,2567.048,-0.244,0.000,-0.122,0.01562,0.02246,1.01513,29.11
$IMU,2567.050,-0.244,-0.061,-0.122,0.01806,0.02539,1.01660,29.15
$IMU,2567.052,-0.183,0.000,-0.183,0.01660,0.02636,1.01562,29.15
$MAG,2567.054,-0.342,-0.264,-0.894,28.2
$IMU,2567.055,-0.061,-0.305,-0.122,0.01855,0.02343,1.01171,29.15
$IMU,2567.057,-0.244,-0.061,-0.122,0.01562,0.02392,1.01660,29.15
$IMU,2567.059,-0.183,-0.061,-0.122,0.01464,0.02539,1.01611,29.15
$IMU,2567.062,-0.244,0.000,-0.122,0.01611,0.02148,1.01611,29.15
$MAG,2567.064,-0.331,-0.270,-0.901,28.2
$IMU,2567.064,-0.305,0.000,-0.183,0.01513,0.02490,1.01562,29.15
$IMU,2567.066,-0.366,0.061,-0.183,0.01708,0.02636,1.01464,29.15
$IMU,2567.069,-0.305,0.000,-0.244,0.01220,0.02392,1.01220,29.08
$IMU,2567.071,-0.244,-0.061,-0.183,0.01220,0.02392,1.01220,29.08
$IMU,2567.073,-0.244,-0.122,-0.183,0.01708,0.02197,1.01416,29.08
$MAG,2567.074,-0.339,-0.271,-0.894,28.2
$IMU,2567.076,-0.244,-0.183,-0.183,0.01171,0.02001,1.01269,29.08
$IMU,2567.078,-0.244,-0.061,-0.122,0.01562,0.02294,1.01660,29.08
$IMU,2567.080,-0.305,-0.061,-0.183,0.01318,0.02392,1.01269,29.08
$IMU,2567.083,-0.305,-0.244,-0.183,0.01269,0.02148,1.01269,29.08
$MAG,2567.084,-0.336,-0.267,-0.900,28.1
$IMU,2567.085,-0.305,-0.305,-0.122,0.01367,0.02441,1.01318,29.08
$IMU,2567.087,-0.244,-0.244,-0.183,0.01708,0.02246,1.01513,29.09
$HUM,2567.090,36.9,29.5
$IMU,2567.090,-0.183,-0.244,-0.122,0.01611,0.02099,1.01318,29.09
$IMU,2567.092,-0.183,-0.122,-0.122,0.01708,0.02148,1.01171,29.09
$MAG,2567.094,-0.342,-0.274,-0.898,28.1
$IMU,2567.094,-0.061,-0.305,-0.122,0.01660,0.02539,1.01367,29.09
$IMU,2567.097,-0.183,-0.122,-0.183,0.01562,0.02490,1.01171,29.09
$IMU,2567.099,-0.122,-0.122,-0.183,0.01464,0.02197,1.01367,29.09
$IMU,2567.102,-0.122,-0.061,-0.183,0.01806,0.02539,1.01416,29.09
$MAG,2567.104,-0.342,-0.268,-0.903,28.2
$IMU,2567.104,-0.122,-0.183,-0.183,0.02099,0.02490,1.01464,29.09
$IMU,2567.106,-0.244,0.000,-0.183,0.01708,0.02441,1.01025,29.13
$IMU,2567.109,-0.122,-0.122,-0.122,0.01562,0.02587,1.01367,29.13
$IMU,2567.111,-0.183,-0.122,-0.122,0.02148,0.02392,1.01513,29.13
$IMU,2567.113,-0.366,0.061,-0.183,0.01611,0.02392,1.01464,29.13
$MAG,2567.114,-0.336,-0.273,-0.897,28.2
$IMU,2567.116,-0.183,-0.183,-0.122,0.01757,0.02099,1.01269,29.13
$IMU,2567.118,-0.244,-0.122,-0.122,0.01855,0.02539,1.01318,29.13
$IMU,2567.120,-0.244,-0.122,-0.061,0.01757,0.02685,1.01318,29.13
$IMU,2567.123,-0.183,-0.183,-0.122,0.01904,0.02539,1.01123,29.13
$MAG,2567.125,-0.333,-0.273,-0.901,28.2
$IMU,2567.125,-0.305,-0.122,-0.183,0.01660,0.02246,1.01220,29.17
$IMU,2567.127,-0.183,-0.305,-0.183,0.01660,0.02441,1.01367,29.17
$IMU,2567.130,-0.244,-0.122,-0.122,0.01611,0.02197,1.01171,29.17
$IMU,2567.132,-0.244,-0.183,-0.183,0.01367,0.02392,1.01269,29.17
$IMU,2567.134,-0.244,-0.244,-0.183,0.01660,0.02148,1.01318,29.17
$MAG,2567.135,-0.336,-0.267,-0.897,28.1
$IMU,2567.137,-0.244,-0.183,-0.122,0.01708,0.02343,1.01220,29.17
$BARO,2567.138,86423.73,29.14
$IMU,2567.139,-0.183,-0.305,-0.183,0.01660,0.02246,1.01513,29.17
$IMU,2567.141,-0.183,-0.183,-0.183,0.01708,0.02099,1.01562,29.17
$IMU,2567.144,-0.244,-0.183,-0.122,0.01708,0.02343,1.01367,29.12
$MAG,2567.145,-0.339,-0.267,-0.895,28.2
$IMU,2567.146,-0.183,-0.061,-0.122,0.01708,0.02392,1.01416,29.12
$IMU,2567.148,-0.183,0.000,-0.183,0.01806,0.02490,1.01562,29.12
$IMU,2567.151,-0.061,-0.244,-0.122,0.01708,0.02441,1.01318,29.12
$IMU,2567.153,-0.122,-0.122,-0.183,0.01416,0.02294,1.01367,29.12
$MAG,2567.155,-0.330,-0.277,-0.904,28.2
$IMU,2567.155,-0.244,0.061,-0.244,0.01806,0.02343,1.01513,29.12
$IMU,2567.158,-0.122,-0.183,-0.183,0.01806,0.02587,1.01660,29.12
$IMU,2567.160,-0.244,0.000,-0.183,0.01562,0.02294,1.01269,29.12
$IMU,2567.163,-0.183,-0.061,-0.122,0.01416,0.02587,1.01513,29.10
$MAG,2567.165,-0.337,-0.267,-0.900,28.1
$IMU,2567.165,-0.183,-0.122,-0.122,0.01318,0.02587,1.01562,29.10
$IMU,2567.167,-0.183,-0.122,-0.244,0.01611,0.02490,1.01708,29.10
$IMU,2567.170,-0.244,-0.061,-0.244,0.01416,0.02685,1.01318,29.10
$IMU,2567.172,-0.244,-0.122,-0.183,0.01562,0.02685,1.01318,29.10
$IMU,2567.174,-0.366,-0.061,-0.183,0.01318,0.02636,1.01562,29.10
$MAG,2567.175,-0.337,-0.277,-0.895,28.2
$IMU,2567.177,-0.183,-0.305,-0.122,0.01416,0.02343,1.01513,29.10
$IMU,2567.179,-0.244,-0.244,-0.183,0.01367,0.02539,1.01513,29.10
$IMU,2567.181,-0.366,-0.122,-0.244,0.01220,0.02441,1.01708,29.07
$IMU,2567.184,-0.366,-0.061,-0.183,0.01416,0.02050,1.01171,29.07
$MAG,2567.185,-0.342,-0.273,-0.901,28.2
$IMU,2567.186,-0.488,0.061,-0.244,0.01513,0.02197,1.01513,29.07
$IMU,2567.188,-0.244,-0.244,-0.183,0.01660,0.02343,1.01513,29.07
$IMU,2567.191,-0.183,-0.305,-0.122,0.01904,0.02148,1.01318,29.07
$IMU,2567.193,-0.244,-0.244,-0.122,0.01757,0.02343,1.01562,29.07
$MAG,2567.195,-0.331,-0.273,-0.907,28.2
$IMU,2567.195,-0.366,0.000,-0.183,0.02099,0.02246,1.01611,29.07
$IMU,2567.198,-0.366,0.000,-0.244,0.01953,0.02148,1.01708,29.07
$IMU,2567.200,-0.183,-0.183,-0.244,0.01904,0.02343,1.01513,29.12
$IMU,2567.202,-0.183,-0.305,-0.183,0.01513,0.02490,1.01269,29.12
$MAG,2567.205,-0.331,-0.271,-0.900,28.1
$IMU,2567.205,-0.122,-0.244,-0.183,0.01757,0.02392,1.01464,29.12
$IMU,2567.207,-0.183,0.000,-0.183,0.01904,0.02294,1.01611,29.12
$IMU,2567.209,-0.183,0.000,-0.183,0.01855,0.02197,1.01855,29.12
$IMU,2567.212,-0.183,0.000,-0.244,0.01611,0.02246,1.01464,29.12
$IMU,2567.214,-0.122,-0.122,-0.122,0.02001,0.02246,1.01513,29.12
$MAG,2567.215,-0.334,-0.273,-0.901,28.2
$IMU,2567.216,-0.183,-0.061,-0.183,0.02050,0.02636,1.01611,29.12
$IMU,2567.219,-0.305,0.061,-0.122,0.01611,0.02050,1.01318,29.10
$IMU,2567.221,-0.366,0.061,-0.122,0.02001,0.02490,1.01220,29.10
$IMU,2567.224,-0.244,-0.183,-0.183,0.01562,0.02734,1.01367,29.10
$MAG,2567.226,-0.334,-0.271,-0.904,28.1
$IMU,2567.226,-0.305,0.000,-0.122,0.01806,0.02685,1.01416,29.10
$IMU,2567.228,-0.244,-0.122,-0.183,0.01757,0.02441,1.01269,29.10
$IMU,2567.231,-0.183,-0.183,-0.122,0.01416,0.02392,1.01513,29.10
$IMU,2567.233,-0.366,0.000,-0.183,0.01318,0.02441,1.01171,29.10
$IMU,2567.235,-0.427,0.122,-0.183,0.01367,0.02392,1.01513,29.10
$MAG,2567.236,-0.330,-0.274,-0.898,28.2
$IMU,2567.238,-0.427,-0.061,-0.183,0.01562,0.02294,1.01367,29.15
$BARO,2567.240,86430.97,29.14
$IMU,2567.240,-0.366,0.122,-0.122,0.01611,0.02294,1.01171,29.15
$IMU,2567.242,-0.244,-0.122,-0.122,0.01611,0.02343,1.01513,29.15
$IMU,2567.245,-0.305,-0.061,-0.122,0.01660,0.02246,1.01367,29.15
$MAG,2567.246,-0.337,-0.273,-0.900,28.1
$IMU,2567.247,-0.305,-0.061,-0.122,0.01757,0.02197,1.01416,29.15
$IMU,2567.249,-0.366,0.122,-0.183,0.01464,0.02343,1.01318,29.15
$IMU,2567.252,-0.244,-0.122,-0.183,0.01806,0.02050,1.01513,29.15
$IMU,2567.254,-0.183,-0.061,-0.183,0.01806,0.02197,1.01562,29.15
$MAG,2567.256,-0.339,-0.270,-0.909,28.1
$IMU,2567.256,-0.305,0.000,-0.183,0.01513,0.02490,1.01464,29.13
$IMU,2567.259,-0.305,0.061,-0.183,0.01757,0.02587,1.01513,29.13
$IMU,2567.261,-0.244,0.000,-0.183,0.01611,0.02294,1.01464,29.13
$IMU,2567.263,-0.183,-0.061,-0.183,0.01855,0.02294,1.01318,29.13
$MAG,2567.266,-0.340,-0.268,-0.903,28.1
$IMU,2567.266,-0.122,0.000,-0.122,0.01757,0.02197,1.01416,29.13
$IMU,2567.268,-0.061,-0.122,-0.061,0.01660,0.02392,1.01269,29.13
$IMU,2567.270,-0.183,0.061,-0.122,0.01757,0.02441,1.01416,29.13
$IMU,2567.273,-0.244,0.000,-0.061,0.01953,0.02441,1.01171,29.13
$IMU,2567.275,-0.183,-0.061,-0.122,0.01611,0.02636,1.01318,29.13
$MAG,2567.276,-0.343,-0.262,-0.901,28.3
$IMU,2567.277,-0.183,-0.244,-0.183,0.01220,0.02587,1.01464,29.13
$IMU,2567.280,-0.244,-0.183,-0.183,0.01562,0.02539,1.01464,29.13
$IMU,2567.282,-0.366,-0.061,-0.183,0.01708,0.02343,1.01513,29.13
$IMU,2567.285,-0.366,-0.183,-0.122,0.01269,0.02197,1.01269,29.13
$MAG,2567.286,-0.340,-0.270,-0.907,28.2
$IMU,2567.287,-0.488,0.061,-0.183,0.01660,0.02343,1.01367,29.13
$IMU,2567.289,-0.305,-0.061,-0.122,0.01757,0.02343,1.01318,29.13
$IMU,2567.292,-0.244,-0.244,-0.122,0.01611,0.02099,1.01269,29.13
$IMU,2567.294,-0.305,-0.183,-0.122,0.01464,0.02246,1.01318,29.14
$MAG,2567.296,-0.340,-0.277,-0.901,28.1
$IMU,2567.296,-0.305,0.000,-0.122,0.01611,0.01855,1.01513,29.14
$IMU,2567.299,-0.305,0.000,-0.122,0.01757,0.02392,1.01562,29.14
$IMU,2567.301,-0.305,-0.061,-0.122,0.01904,0.02148,1.01416,29.14
$IMU,2567.303,-0.122,-0.244,-0.122,0.01708,0.02001,1.01464,29.14
$MAG,2567.306,-0.339,-0.268,-0.901,28.2
$IMU,2567.306,-0.244,-0.061,-0.244,0.01757,0.02343,1.01318,29.14
$IMU,2567.308,-0.122,-0.305,-0.183,0.01562,0.02490,1.01513,29.14
$IMU,2567.310,-0.122,-0.183,-0.183,0.01855,0.02685,1.01074,29.14
$IMU,2567.313,-0.183,-0.061,-0.122,0.01464,0.02539,1.01220,29.13
$IMU,2567.315,-0.305,0.061,-0.183,0.01611,0.02490,1.01416,29.13
$MAG,2567.316,-0.339,-0.274,-0.900,28.2
$IMU,2567.317,-0.122,-0.183,-0.183,0.01904,0.02392,1.01513,29.13
$IMU,2567.320,-0.244,-0.061,-0.244,0.01806,0.02490,1.01367,29.13
$IMU,2567.322,-0.244,-0.061,-0.183,0.01855,0.02392,1.01269,29.13
$IMU,2567.324,-0.244,0.000,-0.183,0.01904,0.02539,1.01269,29.13
$MAG,2567.326,-0.331,-0.267,-0.900,28.1
$IMU,2567.327,-0.183,-0.122,-0.122,0.01464,0.02246,1.01123,29.13
$IMU,2567.329,-0.183,0.000,-0.122,0.01367,0.02587,1.01220,29.13
$IMU,2567.331,-0.183,-0.061,-0.183,0.01660,0.02148,1.01269,29.13
$IMU,2567.334,-0.244,-0.183,-0.183,0.01464,0.02343,1.01318,29.13
$IMU,2567.336,-0.366,0.000,-0.183,0.01416,0.02148,1.01269,29.13
$MAG,2567.337,-0.342,-0.274,-0.903,28.1
$IMU,2567.338,-0.305,-0.061,-0.183,0.01660,0.02587,1.01171,29.13
$BARO,2567.341,86432.33,29.15
$IMU,2567.341,-0.244,-0.183,-0.183,0.01416,0.02392,1.01464,29.13
$IMU,2567.343,-0.305,-0.183,-0.244,0.01611,0.02294,1.01416,29.13
$IMU,2567.346,-0.244,-0.244,-0.183,0.01660,0.02050,1.01269,29.13
$MAG,2567.347,-0.340,-0.273,-0.906,28.2
$IMU,2567.348,-0.427,0.000,-0.244,0.01513,0.02050,1.01269,29.13
$IMU,2567.350,-0.244,-0.183,-0.183,0.01611,0.02148,1.01171,29.12
$IMU,2567.353,-0.244,-0.122,-0.183,0.01416,0.02636,1.01464,29.12
$IMU,2567.355,-0.183,-0.244,-0.122,0.01416,0.02441,1.01562,29.12
$MAG,2567.357,-0.328,-0.277,-0.909,28.1
$IMU,2567.357,-0.122,-0.244,-0.183,0.01855,0.02050,1.01562,29.12
$IMU,2567.360,-0.061,-0.305,-0.122,0.01806,0.02001,1.01416,29.12
$IMU,2567.362,-0.183,-0.183,-0.244,0.01513,0.02392,1.01562,29.12
$IMU,2567.364,-0.122,-0.305,-0.183,0.02001,0.02685,1.01513,29.12
$MAG,2567.367,-0.339,-0.276,-0.891,28.1
$IMU,2567.367,-0.061,-0.244,-0.183,0.01757,0.02197,1.01464,29.12
$IMU,2567.369,-0.061,-0.122,-0.183,0.01611,0.02294,1.01464,29.16
$IMU,2567.371,-0.122,-0.061,-0.183,0.01562,0.02978,1.01318,29.16
$IMU,2567.374,-0.183,0.061,-0.183,0.01562,0.02685,1.01464,29.16
$IMU,2567.376,-0.183,-0.122,-0.183,0.01660,0.02685,1.01806,29.16
$MAG,2567.377,-0.334,-0.274,-0.904,28.2
$IMU,2567.378,-0.122,0.061,-0.183,0.01660,0.02636,1.01562,29.16
$IMU,2567.381,-0.244,0.000,-0.061,0.01660,0.02685,1.01269,29.16
$IMU,2567.383,-0.305,-0.122,-0.122,0.01757,0.02392,1.01269,29.16
$IMU,2567.385,-0.305,-0.061,-0.183,0.01757,0.02392,1.01074,29.16
$MAG,2567.387,-0.334,-0.274,-0.901,28.2
$IMU,2567.388,-0.366,0.000,-0.122,0.01904,0.02441,1.01660,29.10
$IMU,2567.390,-0.366,-0.122,-0.183,0.01708,0.02587,1.01513,29.10
$IMU,2567.392,-0.305,-0.244,-0.244,0.01464,0.02392,1.01074,29.10
$IMU,2567.395,-0.366,-0.122,-0.183,0.01611,0.02294,1.01269,29.10
$MAG,2567.397,-0.331,-0.274,-0.903,28.1
$IMU,2567.397,-0.305,-0.183,-0.183,0.01757,0.02490,1.01513,29.10
$IMU,2567.399,-0.244,-0.122,-0.183,0.01367,0.02246,1.01171,29.10
$IMU,2567.402,-0.244,-0.061,-0.183,0.01464,0.02148,1.01318,29.10
$IMU,2567.404,-0.122,-0.244,-0.183,0.01660,0.02050,1.01708,29.10
$MAG,2567.407,-0.336,-0.273,-0.895,28.1
$IMU,2567.407,-0.244,-0.183,-0.183,0.02001,0.01708,1.01123,29.15
$IMU,2567.409,-0.244,-0.244,-0.122,0.01708,0.02197,1.01318,29.15
$IMU,2567.411,-0.244,-0.122,-0.183,0.01464,0.02441,1.01562,29.15
$IMU,2567.414,-0.305,0.061,-0.244,0.01757,0.02343,1.01367,29.15
$IMU,2567.416,-0.183,-0.061,-0.183,0.02001,0.02294,1.01562,29.15
$MAG,2567.417,-0.339,-0.271,-0.898,28.1
$IMU,2567.418,-0.183,-0.122,-0.122,0.01708,0.02294,1.01513,29.15
$IMU,2567.421,-0.183,0.000,-0.061,0.01416,0.02539,1.01318,29.15
$IMU,2567.423,-0.183,-0.061,-0.122,0.01416,0.02343,1.01367,29.15
$IMU,2567.425,-0.183,-0.122,-0.183,0.01757,0.02246,1.01513,29.10
$MAG,2567.428,-0.337,-0.268,-0.904,28.1
$IMU,2567.428,-0.244,0.061,-0.183,0.01708,0.02246,1.01513,29.10
$IMU,2567.430,-0.244,-0.122,-0.183,0.01806,0.02294,1.01269,29.10
$IMU,2567.432,-0.244,0.000,-0.183,0.01318,0.02246,1.01611,29.10
$IMU,2567.435,-0.366,0.244,-0.183,0.01562,0.02490,1.01074,29.10
$IMU,2567.437,-0.305,-0.061,-0.244,0.01171,0.02636,1.01367,29.10
$MAG,2567.438,-0.339,-0.280,-0.900,28.1
$IMU,2567.439,-0.244,-0.183,-0.244,0.01318,0.02490,1.01220,29.10
$IMU,2567.442,-0.366,0.000,-0.244,0.01708,0.02441,1.01367,29.10
$BARO,2567.443,86422.85,29.15
$IMU,2567.444,-0.305,-0.061,-0.183,0.01562,0.02343,1.01513,29.16
$IMU,2567.446,-0.244,-0.183,-0.122,0.01416,0.02636,1.01416,29.16
$MAG,2567.448,-0.340,-0.277,-0.903,28.1
$IMU,2567.449,-0.244,-0.305,-0.183,0.01513,0.02539,1.01611,29.16
$IMU,2567.451,-0.244,-0.122,-0.122,0.01269,0.02099,1.01367,29.16
$IMU,2567.453,-0.244,-0.061,-0.122,0.01904,0.02050,1.01318,29.16
$IMU,2567.456,-0.183,-0.122,-0.244,0.01611,0.02001,1.01708,29.16
$MAG,2567.458,-0.334,-0.276,-0.895,28.1
$IMU,2567.458,-0.061,-0.305,-0.122,0.01806,0.02392,1.01318,29.16
$IMU,2567.460,-0.122,-0.244,-0.122,0.01806,0.02392,1.01513,29.16
$IMU,2567.463,-0.183,-0.244,-0.183,0.01708,0.02343,1.01367,29.10
$IMU,2567.465,-0.183,-0.244,-0.244,0.01611,0.02587,1.01562,29.10
$MAG,2567.468,-0.340,-0.274,-0.901,28.2
$IMU,2567.468,-0.244,0.000,-0.183,0.01611,0.02392,1.01611,29.10
$IMU,2567.470,-0.183,-0.183,-0.122,0.01660,0.02294,1.01513,29.10
$IMU,2567.472,-0.122,-0.244,-0.122,0.01464,0.02197,1.01562,29.10
$IMU,2567.475,-0.305,0.122,-0.183,0.01464,0.02392,1.01513,29.10
$IMU,2567.477,-0.305,0.122,-0.183,0.01806,0.02246,1.01464,29.10
$MAG,2567.478,-0.331,-0.276,-0.903,28.1
$IMU,2567.479,-0.183,0.061,-0.244,0.01562,0.02441,1.01464,29.10
$IMU,2567.482,-0.183,-0.061,-0.183,0.01562,0.02587,1.01269,29.12
$IMU,2567.484,-0.244,0.061,-0.183,0.01660,0.02734,1.01220,29.12
$IMU,2567.486,-0.244,-0.183,-0.244,0.01855,0.02294,1.01806,29.12
$MAG,2567.488,-0.336,-0.274,-0.901,28.0
$IMU,2567.489,-0.244,-0.061,-0.122,0.01708,0.02148,1.01367,29.12
$IMU,2567.491,-0.427,0.122,-0.122,0.01611,0.02490,1.01269,29.12
$IMU,2567.493,-0.366,0.000,-0.122,0.01660,0.02392,1.01220,29.12
$IMU,2567.496,-0.183,-0.122,-0.122,0.01367,0.02490,1.01367,29.12
$MAG,2567.498,-0.337,-0.283,-0.904,28.2
$IMU,2567.498,-0.305,-0.122,-0.183,0.01318,0.02441,1.01611,29.12
$IMU,2567.500,-0.305,-0.122,-0.244,0.01416,0.02099,1.01367,29.16
$IMU,2567.503,-0.305,-0.122,-0.122,0.01513,0.02343,1.01074,29.16
$IMU,2567.505,-0.244,-0.122,-0.183,0.01318,0.02392,1.01611,29.16
$IMU,2567.507,-0.305,-0.183,-0.183,0.01855,0.02343,1.01513,29.16
$MAG,2567.508,-0.334,-0.274,-0.901,28.1
$IMU,2567.510,-0.305,-0.122,-0.183,0.01660,0.02099,1.01757,29.16
$IMU,2567.512,-0.122,-0.366,-0.122,0.01708,0.02050,1.01318,29.16
$IMU,2567.514,-0.305,-0.061,-0.183,0.01660,0.02490,1.01513,29.16
$IMU,2567.517,-0.305,-0.122,-0.183,0.01806,0.02392,1.01464,29.16
$MAG,2567.518,-0.342,-0.270,-0.906,28.1
$IMU,2567.519,-0.305,-0.122,-0.183,0.01806,0.02539,1.01318,29.14
$IMU,2567.521,-0.183,-0.244,-0.183,0.01855,0.02148,1.01416,29.14
$IMU,2567.524,-0.183,-0.183,-0.244,0.01611,0.02148,1.01269,29.14
$IMU,2567.526,-0.183,0.000,-0.183,0.01757,0.02343,1.01367,29.14
$MAG,2567.529,-0.331,-0.274,-0.898,28.1
$IMU,2567.529,-0.122,0.000,-0.122,0.01806,0.02587,1.01513,29.14
$IMU,2567.531,-0.183,0.000,-0.183,0.01611,0.02539,1.01318,29.14
$IMU,2567.533,-0.122,-0.122,-0.122,0.01562,0.02246,1.01171,29.14
$IMU,2567.536,-0.183,0.000,-0.183,0.01757,0.02539,1.01318,29.14
$IMU,2567.538,-0.244,0.061,-0.183,0.01806,0.02441,1.01318,29.13
$MAG,2567.539,-0.340,-0.271,-0.907,28.1
$IMU,2567.540,-0.244,0.061,-0.183,0.01855,0.02539,1.01367,29.13
$IMU,2567.543,-0.366,0.122,-0.122,0.01855,0.02636,1.01171,29.13
$BARO,2567.544,86431.45,29.15
$IMU,2567.545,-0.305,-0.061,-0.122,0.01513,0.02539,1.01220,29.13
$IMU,2567.547,-0.183,-0.183,-0.183,0.01708,0.02783,1.01562,29.13
$MAG,2567.549,-0.340,-0.271,-0.907,28.1
$IMU,2567.550,-0.305,-0.244,-0.183,0.01708,0.02441,1.01611,29.13
$IMU,2567.552,-0.366,0.061,-0.183,0.01806,0.02099,1.01269,29.13
$IMU,2567.554,-0.244,-0.061,-0.183,0.01513,0.02099,1.01611,29.13
$IMU,2567.557,-0.244,-0.122,-0.183,0.01464,0.02343,1.01513,29.13
$MAG,2567.559,-0.331,-0.286,-0.897,28.1
$IMU,2567.559,-0.244,-0.305,-0.122,0.01660,0.02490,1.01367,29.13
$IMU,2567.561,-0.183,-0.305,-0.183,0.01708,0.02294,1.01660,29.13
$IMU,2567.564,-0.305,-0.061,-0.244,0.01757,0.02294,1.01464,29.13
$IMU,2567.566,-0.366,0.061,-0.122,0.01757,0.02197,1.01757,29.13
$IMU,2567.568,-0.183,-0.244,-0.183,0.01708,0.02050,1.01513,29.13
$MAG,2567.569,-0.336,-0.270,-0.906,28.1
$IMU,2567.571,-0.183,-0.122,-0.183,0.01757,0.02392,1.01367,29.13
$IMU,2567.573,-0.183,-0.183,-0.061,0.02050,0.02441,1.01123,29.13
$IMU,2567.575,-0.244,-0.061,-0.122,0.01757,0.02343,1.01416,29.14
$IMU,2567.578,-0.244,0.061,-0.122,0.02050,0.01904,1.01464,29.14
$MAG,2567.579,-0.337,-0.267,-0.898,28.1
$IMU,2567.580,-0.366,0.244,-0.122,0.01367,0.02392,1.01611,29.14
$IMU,2567.582,-0.244,-0.061,-0.061,0.01513,0.02392,1.01416,29.14
$IMU,2567.585,-0.183,0.061,-0.122,0.01708,0.02392,1.01269,29.14
$IMU,2567.587,-0.183,-0.061,-0.183,0.01708,0.02685,1.01123,29.14
$MAG,2567.589,-0.336,-0.274,-0.906,28.1
$IMU,2567.589,-0.305,0.000,-0.244,0.01562,0.02441,1.01513,29.14
$IMU,2567.592,-0.305,-0.061,-0.183,0.01367,0.02783,1.01513,29.14
$IMU,2567.594,-0.305,-0.061,-0.183,0.01416,0.02490,1.01269,29.14
$IMU,2567.597,-0.305,-0.061,-0.183,0.01611,0.02148,1.01318,29.14
$MAG,2567.599,-0.336,-0.268,-0.906,28.2
$IMU,2567.599,-0.305,-0.122,-0.183,0.01611,0.02197,1.01318,29.14
$IMU,2567.601,-0.366,0.000,-0.183,0.01562,0.02197,1.01171,29.14
$IMU,2567.604,-0.366,-0.122,-0.183,0.02001,0.02148,1.01367,29.14
$IMU,2567.606,-0.244,-0.183,-0.244,0.01464,0.02001,1.01367,29.14
$IMU,2567.608,-0.183,-0.244,-0.183,0.01513,0.02001,1.01513,29.14
$MAG,2567.609,-0.336,-0.268,-0.909,28.2
$IMU,2567.611,-0.305,-0.183,-0.183,0.01708,0.02294,1.01416,29.14
$IMU,2567.613,-0.183,-0.122,-0.122,0.01562,0.02490,1.01660,29.12
$IMU,2567.615,-0.305,-0.061,-0.183,0.01416,0.02587,1.01464,29.12
$IMU,2567.618,-0.183,-0.244,-0.183,0.01562,0.02294,1.01708,29.12
$MAG,2567.619,-0.345,-0.279,-0.904,28.3
$IMU,2567.620,-0.183,-0.183,-0.183,0.01660,0.02539,1.01416,29.12
$IMU,2567.622,-0.244,0.000,-0.183,0.01660,0.02343,1.01464,29.12
$IMU,2567.625,-0.244,-0.061,-0.183,0.01757,0.02246,1.01464,29.12
$IMU,2567.627,-0.183,0.061,-0.183,0.01953,0.02490,1.01367,29.12
$TIME,2567.628,463090.000,2399
$IMU,2567.629,-0.183,-0.061,-0.183,0.01513,0.02246,1.01416,29.12
$MAG,2567.630,-0.333,-0.285,-0.906,28.2
$IMU,2567.632,-0.061,-0.244,-0.183,0.01660,0.02050,1.01269,29.19
$IMU,2567.634,-0.305,0.183,-0.183,0.01855,0.02099,1.01220,29.19
$IMU,2567.636,-0.183,0.061,-0.183,0.02001,0.02343,1.01757,29.19
$IMU,2567.639,-0.305,0.061,-0.244,0.01708,0.02685,1.01513,29.19
$MAG,2567.640,-0.336,-0.273,-0.903,28.2
$IMU,2567.641,-0.244,0.000,-0.244,0.01660,0.02343,1.01367,29.19
$IMU,2567.643,-0.183,-0.061,-0.183,0.01708,0.02636,1.01416,29.19
$BARO,2567.646,86427.82,29.15
$IMU,2567.646,-0.183,-0.183,-0.122,0.01611,0.02685,1.01464,29.19
$IMU,2567.648,-0.183,-0.305,-0.183,0.01562,0.02294,1.01367,29.19
$IMU,2567.650,-0.244,-0.122,-0.122,0.01416,0.02294,1.01367,29.16
$MAG,2567.650,-0.337,-0.273,-0.898,28.2
$IMU,2567.653,-0.305,-0.061,-0.183,0.01269,0.02343,1.01269,29.16
$IMU,2567.655,-0.244,-0.122,-0.183,0.01708,0.02099,1.01367,29.16
$IMU,2567.658,-0.366,-0.122,-0.183,0.01611,0.02490,1.01611,29.16
$MAG,2567.660,-0.334,-0.270,-0.901,28.1
$IMU,2567.660,-0.427,-0.061,-0.244,0.01416,0.02294,1.01416,29.16
$IMU,2567.662,-0.244,-0.366,-0.183,0.01757,0.02490,1.01318,29.16
$IMU,2567.665,-0.305,-0.183,-0.183,0.02001,0.02490,1.01220,29.16
$IMU,2567.667,-0.122,-0.305,-0.183,0.01708,0.02099,1.01318,29.16
$IMU,2567.669,-0.244,-0.183,-0.183,0.01806,0.02441,1.01123,29.17
$MAG,2567.670,-0.342,-0.276,-0.907,28.2
$IMU,2567.672,-0.183,-0.183,-0.183,0.01562,0.02001,1.01220,29.17
$IMU,2567.674,-0.244,0.000,-0.183,0.01416,0.02392,1.01660,29.17
$IMU,2567.676,-0.305,0.000,-0.183,0.01757,0.02441,1.01318,29.17
$IMU,2567.679,-0.244,0.061,-0.183,0.01660,0.02441,1.01416,29.17
$MAG,2567.680,-0.336,-0.277,-0.904,28.1
$IMU,2567.681,-0.244,-0.061,-0.183,0.01660,0.02343,1.01464,29.17
$IMU,2567.683,-0.183,-0.122,-0.122,0.01513,0.02539,1.01611,29.17
$IMU,2567.686,-0.183,-0.244,-0.122,0.01953,0.02539,1.01562,29.17
$IMU,2567.688,-0.183,-0.183,-0.122,0.01708,0.02490,1.01367,29.20
$MAG,2567.690,-0.336,-0.271,-0.906,28.1
$IMU,2567.690,-0.183,-0.122,-0.122,0.01611,0.02392,1.01416,29.20
$IMU,2567.693,-0.305,0.000,-0.183,0.01757,0.02148,1.01562,29.20
$IMU,2567.695,-0.244,-0.061,-0.183,0.01855,0.02392,1.01416,29.20
$IMU,2567.697,-0.183,-0.183,-0.183,0.01562,0.02246,1.01562,29.20
$MAG,2567.700,-0.337,-0.277,-0.894,28.2
$IMU,2567.700,-0.183,-0.183,-0.183,0.01708,0.02539,1.01464,29.20
$IMU,2567.702,-0.305,-0.061,-0.183,0.01757,0.02392,1.01513,29.20
$IMU,2567.704,-0.366,0.061,-0.183,0.01660,0.02587,1.01416,29.20
$IMU,2567.707,-0.305,-0.061,-0.183,0.01318,0.02392,1.01416,29.15
$IMU,2567.709,-0.305,-0.183,-0.183,0.01318,0.02343,1.01513,29.15
$MAG,2567.710,-0.342,-0.277,-0.903,28.2
$IMU,2567.711,-0.244,-0.183,-0.183,0.01611,0.02197,1.01269,29.15
$IMU,2567.714,-0.305,-0.122,-0.183,0.01611,0.02197,1.01367,29.15
$IMU,2567.716,-0.305,-0.244,-0.183,0.01416,0.02197,1.01171,29.15
$IMU,2567.719,-0.305,-0.183,-0.183,0.01708,0.02441,1.01171,29.15
$MAG,2567.720,-0.343,-0.276,-0.900,28.1
$IMU,2567.721,-0.305,-0.122,-0.183,0.01660,0.02441,1.01416,29.15
$IMU,2567.723,-0.183,-0.244,-0.244,0.01562,0.02490,1.01367,29.15
$IMU,2567.726,-0.122,-0.305,-0.183,0.01708,0.02587,1.01611,29.15
$IMU,2567.728,-0.183,-0.183,-0.183,0.01757,0.02441,1.01367,29.15
$MAG,2567.730,-0.340,-0.271,-0.904,28.1
$IMU,2567.730,-0.183,-0.244,-0.183,0.01708,0.02392,1.01318,29.15
$IMU,2567.733,-0.122,-0.244,-0.183,0.01611,0.02294,1.01464,29.15
$IMU,2567.735,-0.122,-0.183,-0.122,0.01611,0.02246,1.01269,29.15
$IMU,2567.737,-0.122,-0.122,-0.183,0.01708,0.02441,1.01513,29.15
$IMU,2567.740,-0.061,-0.305,-0.183,0.01562,0.02490,1.01318,29.15
$MAG,2567.741,-0.342,-0.273,-0.903,28.1
$IMU,2567.742,-0.183,-0.122,-0.122,0.01611,0.02392,1.01220,29.15
$IMU,2567.744,-0.305,0.061,-0.122,0.01904,0.02392,1.01269,29.14
$BARO,2567.747,86429.65,29.15
$IMU,2567.747,-0.122,-0.183,-0.183,0.01806,0.02343,1.01367,29.14
$IMU,2567.749,-0.122,-0.183,-0.183,0.01904,0.02246,1.01318,29.14
$MAG,2567.751,-0.342,-0.273,-0.907,28.2
$IMU,2567.751,-0.244,-0.122,-0.183,0.01562,0.02734,1.01416,29.14
$IMU,2567.754,-0.244,-0.061,-0.183,0.01855,0.02294,1.01757,29.14
$IMU,2567.756,-0.244,0.000,-0.122,0.01562,0.02392,1.01513,29.14
$IMU,2567.758,-0.427,0.122,-0.122,0.01708,0.02734,1.01660,29.14
$MAG,2567.761,-0.340,-0.276,-0.901,28.1
$IMU,2567.761,-0.244,-0.183,-0.183,0.01513,0.02490,1.01464,29.14
$IMU,2567.763,-0.305,-0.305,-0.183,0.01416,0.02099,1.01562,29.15
$IMU,2567.765,-0.305,-0.122,-0.122,0.01757,0.02050,1.01660,29.15
$IMU,2567.768,-0.427,0.000,-0.183,0.01562,0.02050,1.01562,29.15
$IMU,2567.770,-0.366,-0.122,-0.122,0.01562,0.02197,1.01464,29.15
$MAG,2567.771,-0.337,-0.274,-0.900,28.2
$IMU,2567.772,-0.305,-0.122,-0.244,0.01269,0.02197,1.01562,29.15
$IMU,2567.775,-0.183,-0.366,-0.183,0.01513,0.02001,1.01464,29.15
$VBAT,2567.776,4.135
$IMU,2567.777,-0.122,-0.244,-0.183,0.02148,0.01855,1.01416,29.15
$IMU,2567.780,-0.244,-0.122,-0.183,0.01611,0.02050,1.01708,29.15
$MAG,2567.781,-0.342,-0.270,-0.904,28.2
$IMU,2567.782,-0.244,0.000,-0.122,0.01855,0.02148,1.01416,29.11
$IMU,2567.784,-0.183,0.000,-0.183,0.01660,0.02294,1.01416,29.11
$IMU,2567.787,-0.122,-0.244,-0.244,0.01806,0.02148,1.01855,29.11
$IMU,2567.789,-0.122,0.000,-0.183,0.01464,0.02246,1.01416,29.11
$MAG,2567.791,-0.345,-0.271,-0.906,28.2
$IMU,2567.791,-0.122,-0.061,-0.183,0.01269,0.02636,1.01318,29.11
$IMU,2567.794,-0.122,-0.183,-0.183,0.01708,0.02441,1.01123,29.11
$IMU,2567.796,-0.183,-0.061,-0.122,0.01611,0.02294,1.01269,29.11
$IMU,2567.798,-0.122,-0.183,-0.183,0.01757,0.02294,1.01562,29.11
$MAG,2567.801,-0.340,-0.280,-0.897,28.1
$IMU,2567.801,-0.122,-0.122,-0.122,0.01806,0.02539,1.01318,29.17
$IMU,2567.803,-0.183,-0.061,-0.122,0.01953,0.02441,1.01367,29.17
$IMU,2567.805,-0.305,0.061,-0.122,0.01611,0.02587,1.01513,29.17
$IMU,2567.808,-0.305,0.000,-0.183,0.01660,0.02636,1.01269,29.17
$IMU,2567.810,-0.183,-0.122,-0.183,0.01562,0.02636,1.01220,29.17
$MAG,2567.811,-0.340,-0.276,-0.897,28.2
$IMU,2567.812,-0.061,-0.427,-0.244,0.01513,0.02441,1.01464,29.17
$IMU,2567.815,-0.183,-0.366,-0.183,0.01611,0.02685,1.01220,29.17
$IMU,2567.817,-0.366,-0.122,-0.183,0.01611,0.02392,1.01416,29.17
$IMU,2567.819,-0.366,-0.183,-0.122,0.01708,0.02343,1.01318,29.14
$MAG,2567.821,-0.342,-0.267,-0.900,28.2
$IMU,2567.822,-0.366,-0.061,-0.244,0.01953,0.02148,1.01220,29.14
$IMU,2567.824,-0.366,-0.061,-0.183,0.01708,0.02099,1.01660,29.14
$IMU,2567.826,-0.244,-0.244,-0.183,0.01562,0.02343,1.01416,29.14
$IMU,2567.829,-0.244,-0.183,-0.183,0.01953,0.02197,1.01611,29.14
$MAG,2567.831,-0.337,-0.270,-0.900,28.1
$IMU,2567.831,-0.244,0.000,-0.183,0.01660,0.02294,1.01464,29.14
$IMU,2567.833,-0.244,-0.122,-0.183,0.01806,0.02246,1.01660,29.14
$IMU,2567.836,-0.305,-0.061,-0.183,0.01806,0.02392,1.01660,29.14
$IMU,2567.838,-0.122,-0.183,-0.122,0.01660,0.02490,1.01611,29.13
$IMU,2567.841,-0.183,-0.122,-0.183,0.01757,0.02294,1.01416,29.13
$MAG,2567.842,-0.339,-0.274,-0.900,28.2
$IMU,2567.843,-0.183,-0.061,-0.122,0.01708,0.02294,1.01513,29.13
$IMU,2567.845,-0.061,-0.244,-0.183,0.01513,0.02001,1.01464,29.13
$BARO,2567.848,86426.16,29.16
$IMU,2567.848,-0.183,-0.061,-0.122,0.01953,0.02441,1.01416,29.13
$IMU,2567.850,-0.183,0.000,-0.183,0.02001,0.02539,1.01464,29.13
$MAG,2567.852,-0.333,-0.283,-0.903,28.1
$IMU,2567.852,-0.061,-0.061,-0.183,0.01708,0.02490,1.01464,29.13
$IMU,2567.855,-0.244,0.061,-0.183,0.01757,0.02246,1.01318,29.13
$IMU,2567.857,-0.305,0.061,-0.122,0.01611,0.02392,1.01416,29.19
$IMU,2567.859,-0.305,0.061,-0.183,0.01513,0.02539,1.01660,29.19
$MAG,2567.862,-0.339,-0.271,-0.895,28.2
$IMU,2567.862,-0.366,0.061,-0.183,0.01513,0.02490,1.01025,29.19
$IMU,2567.864,-0.305,-0.061,-0.122,0.01660,0.02490,1.01269,29.19
$IMU,2567.866,-0.305,-0.061,-0.183,0.01220,0.02294,1.01171,29.19
$IMU,2567.869,-0.366,0.000,-0.183,0.01562,0.02246,1.01416,29.19
$IMU,2567.871,-0.488,0.061,-0.244,0.01367,0.02636,1.01318,29.19
$MAG,2567.872,-0.336,-0.277,-0.904,28.1
$IMU,2567.873,-0.366,-0.244,-0.244,0.01708,0.02343,1.01367,29.19
$IMU,2567.876,-0.305,-0.244,-0.122,0.01416,0.02246,1.01708,29.13
$IMU,2567.878,-0.244,-0.244,-0.183,0.01464,0.02001,1.01513,29.13
$IMU,2567.880,-0.244,-0.183,-0.183,0.01708,0.02148,1.01513,29.13
$MAG,2567.882,-0.333,-0.270,-0.904,28.1
$IMU,2567.883,-0.305,-0.061,-0.183,0.01708,0.02392,1.01367,29.13
$IMU,2567.885,-0.183,-0.183,-0.061,0.01660,0.02392,1.01562,29.13
$IMU,2567.887,0.000,-0.427,-0.122,0.01562,0.02343,1.01220,29.13
$IMU,2567.890,-0.061,-0.488,-0.183,0.01562,0.02441,1.01416,29.13
$MAG,2567.892,-0.339,-0.273,-0.910,28.2
$IMU,2567.892,-0.244,-0.061,-0.183,0.01708,0.02099,1.01757,29.13
$IMU,2567.894,-0.244,-0.122,-0.244,0.01660,0.02441,1.01513,29.15
$IMU,2567.897,-0.244,-0.122,-0.183,0.01562,0.02587,1.01318,29.15
$IMU,2567.899,-0.183,-0.061,-0.183,0.01953,0.02587,1.01416,29.15
$MAG,2567.902,-0.331,-0.274,-0.901,28.1
$IMU,2567.902,-0.122,-0.061,-0.122,0.01855,0.02246,1.01416,29.15
$IMU,2567.904,-0.122,-0.122,-0.122,0.01708,0.02246,1.01416,29.15
$IMU,2567.906,-0.244,0.000,-0.122,0.01855,0.02294,1.01220,29.15
$IMU,2567.909,-0.366,0.244,-0.122,0.02001,0.02490,1.01269,29.15
$IMU,2567.911,-0.244,0.061,-0.183,0.01464,0.02685,1.01562,29.15
$MAG,2567.912,-0.343,-0.277,-0.901,28.1
$IMU,2567.913,-0.244,-0.183,-0.183,0.01562,0.02685,1.01464,29.16
$IMU,2567.916,-0.366,-0.122,-0.183,0.01416,0.02294,1.01513,29.16
$IMU,2567.918,-0.366,-0.061,-0.183,0.01562,0.02246,1.01416,29.16
$IMU,2567.920,-0.427,-0.061,-0.183,0.01708,0.02294,1.01464,29.16
$MAG,2567.922,-0.330,-0.276,-0.900,28.1
$IMU,2567.923,-0.244,-0.244,-0.183,0.01708,0.02148,1.01416,29.16
$IMU,2567.925,-0.244,-0.183,-0.183,0.01562,0.02099,1.01318,29.16
$IMU,2567.927,-0.305,-0.061,-0.244,0.01855,0.02343,1.01416,29.16
$IMU,2567.930,-0.305,-0.061,-0.122,0.01806,0.02343,1.01269,29.16
$MAG,2567.932,-0.328,-0.277,-0.907,28.2
$IMU,2567.932,-0.244,-0.061,-0.122,0.01806,0.02343,1.01464,29.14
$IMU,2567.934,-0.305,0.000,-0.122,0.01611,0.02294,1.01123,29.14
$IMU,2567.937,-0.244,-0.061,-0.122,0.01855,0.02197,1.01513,29.14
$IMU,2567.939,-0.122,-0.305,-0.122,0.01855,0.02587,1.01416,29.14
$IMU,2567.941,-0.183,-0.122,-0.183,0.01660,0.02392,1.01513,29.14
$MAG,2567.943,-0.334,-0.271,-0.900,28.1
$IMU,2567.944,-0.183,-0.122,-0.183,0.02148,0.02441,1.01611,29.14
$IMU,2567.946,-0.244,-0.061,-0.122,0.01660,0.02392,1.01123,29.14
$IMU,2567.948,-0.183,-0.183,-0.244,0.01513,0.02148,1.01416,29.14
$BARO,2567.950,86424.29,29.16
$IMU,2567.951,-0.183,-0.122,-0.183,0.01367,0.02294,1.01513,29.16
$MAG,2567.953,-0.340,-0.279,-0.903,28.3
$IMU,2567.953,-0.122,-0.122,-0.183,0.01416,0.02343,1.01708,29.16
$IMU,2567.955,-0.122,-0.122,-0.183,0.01806,0.02441,1.01464,29.16
$IMU,2567.958,-0.244,0.122,-0.183,0.01611,0.02343,1.01513,29.16
$IMU,2567.960,-0.305,0.061,-0.183,0.01464,0.02148,1.01318,29.16
$MAG,2567.963,-0.339,-0.279,-0.900,28.3
$IMU,2567.963,-0.183,-0.061,-0.122,0.01660,0.02246,1.01318,29.16
$IMU,2567.965,-0.305,0.122,-0.183,0.01416,0.02392,1.01416,29.16
$IMU,2567.967,-0.366,0.061,-0.305,0.01611,0.02490,1.01367,29.16
$IMU,2567.970,-0.366,-0.122,-0.183,0.01660,0.02636,1.01464,29.19
$IMU,2567.972,-0.244,-0.244,-0.183,0.01757,0.02294,1.01367,29.19
$MAG,2567.973,-0.339,-0.273,-0.894,28.2
$IMU,2567.974,-0.366,0.000,-0.244,0.01660,0.02441,1.01318,29.19
$IMU,2567.977,-0.305,-0.061,-0.183,0.01562,0.02343,1.01416,29.19
$IMU,2567.979,-0.183,-0.366,-0.183,0.01367,0.02685,1.01367,29.19
$IMU,2567.981,-0.305,-0.244,-0.183,0.01464,0.02343,1.01367,29.19
$MAG,2567.983,-0.336,-0.265,-0.898,28.2
$IMU,2567.984,-0.366,0.000,-0.122,0.01269,0.02490,1.01367,29.19
$IMU,2567.986,-0.305,-0.122,-0.122,0.02001,0.02343,1.01416,29.19
$IMU,2567.988,-0.244,-0.183,-0.244,0.01806,0.02490,1.01464,29.14
$IMU,2567.991,-0.122,-0.366,-0.183,0.01708,0.02001,1.01757,29.14
$MAG,2567.993,-0.337,-0.276,-0.910,28.1
$IMU,2567.993,-0.183,-0.183,-0.183,0.01904,0.02294,1.01660,29.14
$IMU,2567.995,-0.061,-0.244,-0.244,0.02148,0.02392,1.01269,29.14
$IMU,2567.998,-0.183,-0.122,-0.122,0.01708,0.02294,1.01220,29.14
$IMU,2568.000,-0.244,-0.061,-0.122,0.01416,0.02441,1.01416,29.14
$IMU,2568.002,-0.122,-0.183,-0.122,0.01708,0.02636,1.01464,29.14
$MAG,2568.003,-0.339,-0.268,-0.897,28.2
$IMU,2568.005,-0.122,-0.305,-0.183,0.01464,0.02490,1.01318,29.14
$IMU,2568.007,-0.244,-0.061,-0.183,0.01611,0.02392,1.01171,29.16
$IMU,2568.009,-0.366,0.061,-0.122,0.01806,0.02343,1.01464,29.16
$IMU,2568.012,-0.244,-0.122,-0.183,0.01660,0.02343,1.01416,29.16
$MAG,2568.013,-0.342,-0.271,-0.907,28.2
$IMU,2568.014,-0.244,-0.122,-0.183,0.01562,0.02734,1.01367,29.16
$IMU,2568.016,-0.305,0.000,-0.183,0.01660,0.02294,1.01367,29.16
$IMU,2568.019,-0.305,-0.061,-0.183,0.01464,0.02441,1.01318,29.16
$IMU,2568.021,-0.305,-0.061,-0.122,0.01562,0.02539,1.01367,29.16
$MAG,2568.023,-0.333,-0.274,-0.900,28.2
$IMU,2568.024,-0.305,-0.122,-0.122,0.01611,0.02441,1.00976,29.16
$IMU,2568.026,-0.244,-0.244,-0.183,0.01611,0.02246,1.01416,29.15
$IMU,2568.028,-0.244,-0.244,-0.244,0.01757,0.02343,1.01367,29.15
$IMU,2568.031,-0.244,-0.183,-0.244,0.01660,0.02294,1.01318,29.15
$MAG,2568.033,-0.334,-0.273,-0.894,28.2
$IMU,2568.033,-0.183,-0.244,-0.244,0.01416,0.02099,1.01171,29.15
$IMU,2568.035,-0.305,-0.122,-0.244,0.01269,0.02099,1.01318,29.15
$IMU,2568.038,-0.244,-0.061,-0.122,0.01660,0.02197,1.01416,29.15
$IMU,2568.040,-0.183,-0.183,-0.183,0.01855,0.02343,1.01513,29.15
$IMU,2568.042,-0.122,-0.183,-0.183,0.01611,0.02050,1.01367,29.15
$MAG,2568.044,-0.334,-0.273,-0.912,28.3
$IMU,2568.045,-0.183,-0.183,-0.183,0.01708,0.02197,1.01220,29.16
$IMU,2568.047,-0.244,-0.061,-0.183,0.01513,0.02197,1.01513,29.16
$IMU,2568.049,-0.183,-0.183,-0.122,0.01611,0.02343,1.01464,29.16
$BARO,2568.051,86429.33,29.16
$IMU,2568.052,-0.244,-0.122,-0.183,0.01416,0.02148,1.01562,29.16
$IMU,2568.054,-0.183,-0.122,-0.122,0.01757,0.02539,1.01464,29.16
$MAG,2568.054,-0.336,-0.270,-0.900,28.2
$IMU,2568.056,-0.122,-0.122,-0.122,0.01708,0.02148,1.01513,29.16
$IMU,2568.059,-0.183,-0.122,-0.183,0.01806,0.02392,1.01318,29.16
$IMU,2568.061,-0.183,0.000,-0.122,0.01855,0.02392,1.01416,29.16
$IMU,2568.063,-0.122,-0.061,-0.183,0.01660,0.02539,1.01367,29.16
$MAG,2568.064,-0.336,-0.274,-0.898,28.2
$IMU,2568.066,-0.122,-0.183,-0.183,0.01660,0.02685,1.01318,29.16
$IMU,2568.068,-0.244,-0.122,-0.244,0.01464,0.02685,1.01513,29.16
$IMU,2568.070,-0.305,-0.061,-0.183,0.01611,0.02392,1.01611,29.16
$IMU,2568.073,-0.305,0.000,-0.183,0.01660,0.02636,1.01513,29.16
$MAG,2568.074,-0.337,-0.273,-0.903,28.2
$IMU,2568.075,-0.183,-0.183,-0.183,0.01513,0.02246,1.01611,29.16
$IMU,2568.077,-0.183,-0.183,-0.183,0.01318,0.02343,1.01464,29.16
$IMU,2568.080,-0.305,-0.183,-0.244,0.01562,0.02294,1.01416,29.16
$IMU,2568.082,-0.366,-0.061,-0.183,0.01562,0.02246,1.01416,29.15
$MAG,2568.084,-0.333,-0.268,-0.906,28.1
$IMU,2568.084,-0.305,-0.122,-0.183,0.01562,0.02392,1.01513,29.15
$IMU,2568.087,-0.427,0.122,-0.244,0.01660,0.02343,1.01269,29.15
$IMU,2568.089,-0.427,-0.061,-0.183,0.01611,0.02392,1.01269,29.15
$IMU,2568.092,-0.244,-0.244,-0.183,0.01708,0.02197,1.01513,29.15
$MAG,2568.094,-0.343,-0.270,-0.903,28.2
$IMU,2568.094,-0.305,-0.183,-0.122,0.02001,0.02490,1.01367,29.15
$IMU,2568.096,-0.366,-0.061,-0.183,0.01855,0.02294,1.01513,29.15
$IMU,2568.099,-0.183,-0.183,-0.183,0.01806,0.02294,1.01611,29.15
$IMU,2568.101,-0.122,-0.183,-0.122,0.01562,0.02343,1.01708,29.19
$IMU,2568.103,-0.183,-0.183,-0.122,0.02001,0.02587,1.01416,29.19
$MAG,2568.104,-0.342,-0.274,-0.904,28.2
$HUM,2568.106,37.0,29.6
$IMU,2568.106,-0.183,-0.122,-0.183,0.01806,0.02441,1.01513,29.19
$IMU,2568.108,-0.244,0.061,-0.183,0.01708,0.02099,1.01464,29.19
$IMU,2568.110,-0.244,0.000,-0.122,0.01757,0.02050,1.01367,29.19
$IMU,2568.113,-0.183,-0.061,-0.183,0.01708,0.02246,1.01171,29.19
$MAG,2568.114,-0.334,-0.277,-0.898,28.1
$IMU,2568.115,-0.183,-0.122,-0.183,0.01611,0.02539,1.01562,29.19
$IMU,2568.117,0.000,-0.244,-0.244,0.01660,0.02490,1.01318,29.19
$IMU,2568.120,-0.244,-0.122,-0.183,0.01757,0.02490,1.01318,29.16
$IMU,2568.122,-0.366,0.183,-0.183,0.01660,0.02148,1.01464,29.16
$MAG,2568.124,-0.343,-0.270,-0.906,28.2
$IMU,2568.124,-0.244,-0.061,-0.122,0.01660,0.02246,1.01464,29.16
$IMU,2568.127,-0.244,-0.061,-0.183,0.01660,0.02392,1.01367,29.16
$IMU,2568.129,-0.305,-0.183,-0.244,0.01464,0.02539,1.01367,29.16
$IMU,2568.131,-0.305,-0.183,-0.122,0.01513,0.02441,1.01367,29.16
$MAG,2568.134,-0.340,-0.282,-0.903,28.1
$IMU,2568.134,-0.244,-0.122,-0.122,0.01367,0.02246,1.01220,29.16
$IMU,2568.136,-0.244,-0.122,-0.183,0.01416,0.02539,1.01367,29.16
$IMU,2568.138,-0.244,-0.061,-0.244,0.01562,0.02539,1.01367,29.16
$IMU,2568.141,-0.244,-0.183,-0.183,0.01513,0.02246,1.01367,29.16
$IMU,2568.143,-0.244,-0.061,-0.122,0.01611,0.02050,1.01611,29.16
$MAG,2568.144,-0.346,-0.267,-0.898,28.3
$IMU,2568.145,-0.244,-0.122,-0.183,0.01611,0.02246,1.01464,29.16
$IMU,2568.148,-0.183,-0.183,-0.122,0.01708,0.01904,1.01318,29.16
$IMU,2568.150,-0.183,-0.122,-0.183,0.01562,0.02246,1.01562,29.16
$BARO,2568.153,86438.55,29.17
$IMU,2568.153,-0.244,-0.183,-0.183,0.01611,0.02246,1.01513,29.16
$MAG,2568.155,-0.336,-0.271,-0.898,28.2
$IMU,2568.155,-0.183,-0.244,-0.122,0.01660,0.02050,1.01318,29.16
$IMU,2568.157,-0.183,-0.183,-0.122,0.01660,0.02294,1.01367,29.19
$IMU,2568.160,-0.244,-0.122,-0.122,0.02001,0.02441,1.01562,29.19
$IMU,2568.162,-0.305,0.122,-0.122,0.02099,0.02490,1.01513,29.19
$IMU,2568.164,-0.244,0.061,-0.122,0.01660,0.02050,1.01123,29.19
$MAG,2568.165,-0.334,-0.271,-0.904,28.2
$IMU,2568.167,-0.122,-0.183,-0.183,0.02001,0.02148,1.01464,29.19
$IMU,2568.169,-0.122,-0.244,-0.244,0.01660,0.02392,1.01318,29.19
$IMU,2568.171,-0.244,0.122,-0.061,0.01806,0.02734,1.01416,29.19
$IMU,2568.174,-0.305,0.122,-0.183,0.01660,0.02636,1.01513,29.19
$MAG,2568.175,-0.334,-0.282,-0.903,28.2
$IMU,2568.176,-0.244,-0.061,-0.183,0.01513,0.02587,1.01416,29.15
$IMU,2568.178,-0.244,-0.244,-0.183,0.01708,0.02587,1.01757,29.15
$IMU,2568.181,-0.183,-0.366,-0.244,0.01269,0.02539,1.01464,29.15
$IMU,2568.183,-0.366,-0.122,-0.244,0.01074,0.02392,1.01513,29.15
$MAG,2568.185,-0.343,-0.276,-0.897,28.2
$IMU,2568.185,-0.305,-0.122,-0.244,0.01367,0.02441,1.01513,29.15
$IMU,2568.188,-0.366,-0.122,-0.244,0.01562,0.02197,1.01269,29.15
$IMU,2568.190,-0.366,0.000,-0.183,0.01562,0.02246,1.01464,29.15
$IMU,2568.192,-0.244,-0.183,-0.122,0.01708,0.02294,1.01367,29.15
$MAG,2568.195,-0.343,-0.274,-0.897,28.2
$IMU,2568.195,-0.366,-0.122,-0.244,0.01513,0.02343,1.01318,29.17
$IMU,2568.197,-0.305,0.000,-0.183,0.01757,0.02246,1.01513,29.17
$IMU,2568.199,-0.305,0.000,-0.183,0.01708,0.02294,1.01416,29.17
$IMU,2568.202,-0.244,-0.183,-0.183,0.01513,0.02343,1.01367,29.17
$IMU,2568.204,-0.244,-0.244,-0.122,0.01464,0.02343,1.01318,29.17
$MAG,2568.205,-0.328,-0.273,-0.898,28.1
$IMU,2568.206,-0.183,-0.244,-0.183,0.01464,0.02441,1.01318,29.17
$IMU,2568.209,-0.183,-0.183,-0.183,0.01611,0.02441,1.01269,29.17
$IMU,2568.211,-0.244,-0.122,-0.122,0.01757,0.02343,1.01464,29.17
$IMU,2568.214,-0.244,-0.061,-0.183,0.01757,0.02197,1.01367,29.13
$MAG,2568.215,-0.337,-0.274,-0.904,28.2
$IMU,2568.216,-0.183,-0.061,-0.122,0.01562,0.02294,1.01660,29.13
$IMU,2568.218,-0.183,-0.061,-0.122,0.01806,0.02392,1.01464,29.13
$IMU,2568.221,-0.183,-0.122,-0.183,0.01562,0.02246,1.01611,29.13
$IMU,2568.223,-0.366,-0.061,-0.183,0.01562,0.02783,1.01318,29.13
$MAG,2568.225,-0.340,-0.271,-0.897,28.2
$IMU,2568.225,-0.244,-0.122,-0.183,0.01367,0.02246,1.01562,29.13
$IMU,2568.228,-0.183,-0.244,-0.183,0.01611,0.02148,1.01660,29.13
$IMU,2568.230,-0.305,-0.122,-0.183,0.01708,0.02246,1.01513,29.13
$IMU,2568.232,-0.183,-0.244,-0.183,0.01757,0.02294,1.01416,29.15
$MAG,2568.235,-0.340,-0.280,-0.903,28.1
$IMU,2568.235,-0.183,-0.122,-0.183,0.01464,0.02392,1.01513,29.15
$IMU,2568.237,-0.183,-0.244,-0.183,0.01708,0.02343,1.01367,29.15
$IMU,2568.239,-0.305,-0.061,-0.183,0.01904,0.02148,1.01660,29.15
$IMU,2568.242,-0.305,-0.061,-0.183,0.01367,0.02148,1.01513,29.15
$IMU,2568.244,-0.244,-0.244,-0.244,0.01367,0.02246,1.01513,29.15
$MAG,2568.245,-0.334,-0.273,-0.906,28.1
$IMU,2568.246,-0.244,-0.244,-0.183,0.01269,0.02343,1.01513,29.15
$IMU,2568.249,-0.244,-0.244,-0.183,0.01855,0.02343,1.01708,29.15
$IMU,2568.251,-0.244,-0.122,-0.183,0.01757,0.02343,1.01757,29.19
$IMU,2568.253,-0.244,-0.183,-0.183,0.01757,0.02490,1.01464,29.19
$BARO,2568.254,86430.06,29.17
$MAG,2568.256,-0.339,-0.271,-0.895,28.1
$IMU,2568.256,-0.244,-0.122,-0.244,0.01708,0.02392,1.01269,29.19
$IMU,2568.258,-0.183,-0.244,-0.122,0.01708,0.02148,1.01220,29.19
$IMU,2568.260,-0.122,-0.305,-0.183,0.01611,0.02050,1.01318,29.19
$IMU,2568.263,-0.244,0.000,-0.122,0.01708,0.02099,1.01318,29.19
$IMU,2568.265,-0.366,0.183,-0.122,0.01708,0.02294,1.01269,29.19
$MAG,2568.266,-0.340,-0.279,-0.903,28.2
$IMU,2568.267,-0.122,-0.305,-0.244,0.01757,0.02587,1.01562,29.19
$IMU,2568.270,-0.183,0.000,-0.244,0.01513,0.02490,1.01562,29.19
$IMU,2568.272,-0.122,-0.061,-0.183,0.01416,0.02587,1.01074,29.19
$IMU,2568.275,-0.244,-0.061,-0.122,0.01464,0.02392,1.01269,29.19
$MAG,2568.276,-0.331,-0.274,-0.913,28.1
$IMU,2568.277,-0.244,-0.122,-0.183,0.01464,0.02636,1.01367,29.19
$IMU,2568.279,-0.244,-0.122,-0.183,0.01416,0.02587,1.01416,29.19
$IMU,2568.282,-0.244,-0.061,-0.122,0.01562,0.02490,1.01318,29.19
$IMU,2568.284,-0.244,-0.183,-0.183,0.01660,0.02490,1.01416,29.19
$MAG,2568.286,-0.336,-0.273,-0.901,28.2
$IMU,2568.286,-0.305,0.000,-0.122,0.01416,0.02148,1.01660,29.19
$IMU,2568.289,-0.305,-0.061,-0.122,0.01708,0.02246,1.01269,29.17
$IMU,2568.291,-0.366,0.000,-0.183,0.01074,0.02343,1.01562,29.17
$IMU,2568.293,-0.183,-0.305,-0.183,0.01318,0.02392,1.01269,29.17
$MAG,2568.296,-0.337,-0.270,-0.904,28.1
$IMU,2568.296,-0.244,-0.244,-0.122,0.01513,0.02294,1.01171,29.17
$IMU,2568.298,-0.122,-0.488,-0.183,0.01513,0.02148,1.01269,29.17
$IMU,2568.300,-0.244,-0.061,-0.183,0.01562,0.02001,1.01464,29.17
$IMU,2568.303,-0.244,-0.122,-0.122,0.02001,0.02197,1.01367,29.17
$IMU,2568.305,-0.244,-0.305,-0.244,0.01806,0.02441,1.01318,29.17
$MAG,2568.306,-0.340,-0.267,-0.900,28.2
$IMU,2568.307,-0.244,-0.183,-0.183,0.01513,0.02392,1.01367,29.20
$IMU,2568.310,-0.122,-0.305,-0.122,0.01757,0.02441,1.01708,29.20
$IMU,2568.312,-0.183,-0.061,-0.122,0.01855,0.02197,1.01708,29.20
$IMU,2568.314,-0.183,-0.122,-0.122,0.01660,0.01953,1.01513,29.20
$MAG,2568.316,-0.336,-0.274,-0.901,28.2
$IMU,2568.317,-0.183,-0.122,-0.122,0.01269,0.02148,1.01464,29.20
$IMU,2568.319,-0.183,-0.122,-0.183,0.01757,0.02197,1.01367,29.20
$IMU,2568.321,-0.183,-0.061,-0.183,0.01562,0.02636,1.01220,29.20
$IMU,2568.324,-0.244,0.061,-0.122,0.02001,0.02490,1.01611,29.20
$MAG,2568.326,-0.339,-0.268,-0.898,28.2
$IMU,2568.326,-0.183,0.061,-0.183,0.01660,0.02441,1.01074,29.19
$IMU,2568.328,-0.122,-0.183,-0.183,0.01464,0.02148,1.01416,29.19
$IMU,2568.331,-0.244,-0.122,-0.183,0.01611,0.02392,1.01416,29.19
$IMU,2568.333,-0.183,-0.183,-0.183,0.01611,0.02197,1.01220,29.19
$MAG,2568.336,-0.337,-0.270,-0.894,28.2
$IMU,2568.336,-0.305,-0.061,-0.183,0.01806,0.02197,1.01367,29.19
$IMU,2568.338,-0.366,0.061,-0.183,0.01513,0.02099,1.01025,29.19
$IMU,2568.340,-0.244,-0.122,-0.183,0.01708,0.02587,1.01318,29.19
$IMU,2568.343,-0.244,-0.183,-0.183,0.01367,0.02636,1.01416,29.19
$IMU,2568.345,-0.305,-0.122,-0.244,0.01464,0.02246,1.01464,29.17
$MAG,2568.346,-0.336,-0.274,-0.903,28.2
$IMU,2568.347,-0.244,-0.183,-0.183,0.01660,0.02001,1.01123,29.17
$IMU,2568.350,-0.183,-0.244,-0.244,0.01855,0.02246,1.01416,29.17
$IMU,2568.352,-0.366,-0.061,-0.244,0.01660,0.02099,1.01513,29.17
$IMU,2568.354,-0.305,-0.305,-0.183,0.01464,0.02246,1.01318,29.17
$BARO,2568.356,86432.43,29.17
$MAG,2568.357,-0.342,-0.276,-0.907,28.2
$IMU,2568.357,-0.183,-0.305,-0.183,0.01757,0.02197,1.01318,29.17
$IMU,2568.359,-0.122,-0.366,-0.183,0.01757,0.02392,1.01416,29.17
$IMU,2568.361,-0.244,-0.183,-0.183,0.01806,0.02099,1.01660,29.17
$IMU,2568.364,-0.183,-0.122,-0.122,0.01757,0.02099,1.01464,29.17
$IMU,2568.366,-0.183,-0.122,-0.122,0.01660,0.02148,1.01513,29.17
$MAG,2568.367,-0.336,-0.274,-0.906,28.1
$IMU,2568.368,-0.183,-0.122,-0.183,0.01806,0.02343,1.01416,29.17
$IMU,2568.371,-0.183,-0.122,-0.122,0.01953,0.02392,1.01464,29.17
$IMU,2568.373,-0.183,-0.061,-0.183,0.01660,0.02148,1.01318,29.17
$IMU,2568.375,-0.183,0.000,-0.183,0.01269,0.02587,1.01513,29.17
$MAG,2568.377,-0.337,-0.271,-0.900,28.2
$IMU,2568.378,-0.305,0.061,-0.183,0.01318,0.02685,1.01660,29.17
$IMU,2568.380,-0.305,0.000,-0.183,0.01562,0.02587,1.01611,29.17
$IMU,2568.382,-0.244,0.061,-0.183,0.01611,0.02441,1.01318,29.20
$IMU,2568.385,-0.244,-0.122,-0.061,0.02001,0.02001,1.01367,29.20
$MAG,2568.387,-0.339,-0.273,-0.912,28.1
$IMU,2568.387,-0.305,-0.122,-0.183,0.01660,0.02050,1.01367,29.20
$IMU,2568.389,-0.183,-0.183,-0.244,0.01562,0.02392,1.01269,29.20
$IMU,2568.392,-0.244,-0.122,-0.183,0.01708,0.02001,1.01269,29.20
$IMU,2568.394,-0.244,-0.183,-0.183,0.01660,0.02343,1.01562,29.20
$MAG,2568.397,-0.336,-0.273,-0.904,28.2
$IMU,2568.397,-0.244,-0.183,-0.122,0.01708,0.02490,1.01464,29.20
$IMU,2568.399,-0.061,-0.366,-0.122,0.01708,0.02246,1.01367,29.20
$IMU,2568.401,-0.305,-0.122,-0.183,0.01806,0.02246,1.01464,29.19
$IMU,2568.404,-0.244,-0.183,-0.183,0.01416,0.01757,1.01513,29.19
$IMU,2568.406,-0.122,-0.305,-0.183,0.01855,0.01953,1.01416,29.19
$MAG,2568.407,-0.333,-0.267,-0.903,28.1
$IMU,2568.408,-0.183,-0.305,-0.183,0.01464,0.02001,1.01464,29.19
$IMU,2568.411,-0.305,-0.122,-0.244,0.01464,0.02392,1.01464,29.19
$IMU,2568.413,-0.244,-0.183,-0.183,0.01464,0.02343,1.01269,29.19
$IMU,2568.415,-0.305,-0.061,-0.183,0.01757,0.02343,1.01318,29.19
$MAG,2568.417,-0.331,-0.270,-0.895,28.1
$IMU,2568.418,-0.122,-0.244,-0.122,0.01806,0.02490,1.01123,29.19
$IMU,2568.420,-0.061,-0.305,-0.244,0.01757,0.02294,1.01611,29.17
$IMU,2568.422,-0.061,-0.305,-0.183,0.01953,0.02343,1.01708,29.17
$IMU,2568.425,-0.244,-0.122,-0.183,0.01757,0.02490,1.01171,29.17
$MAG,2568.427,-0.343,-0.271,-0.904,28.1
$IMU,2568.427,-0.305,0.122,-0.183,0.01855,0.02392,1.01367,29.17
$IMU,2568.429,-0.122,-0.061,-0.122,0.01464,0.02539,1.01269,29.17
$IMU,2568.432,-0.244,0.000,-0.183,0.01611,0.02343,1.01123,29.17
$IMU,2568.434,-0.122,-0.183,-0.183,0.01757,0.02392,1.01123,29.17
$IMU,2568.436,-0.244,0.000,-0.244,0.01708,0.02587,1.01318,29.17
$MAG,2568.437,-0.340,-0.279,-0.900,28.2
$IMU,2568.439,-0.305,-0.061,-0.183,0.01464,0.02490,1.01464,29.22
$IMU,2568.441,-0.305,-0.122,-0.183,0.01269,0.02587,1.01367,29.22
$IMU,2568.443,-0.305,-0.061,-0.244,0.01513,0.02539,1.01562,29.22
$IMU,2568.446,-0.305,-0.061,-0.244,0.01318,0.02197,1.01220,29.22
$MAG,2568.447,-0.339,-0.276,-0.906,28.2
$IMU,2568.448,-0.305,-0.122,-0.183,0.01611,0.02246,1.01416,29.22
$IMU,2568.450,-0.244,-0.122,-0.244,0.01513,0.01953,1.01367,29.22
$IMU,2568.453,-0.244,-0.122,-0.183,0.01611,0.02246,1.01611,29.22
$IMU,2568.455,-0.183,-0.244,-0.183,0.01660,0.02343,1.01708,29.22
$BARO,2568.457,86430.60,29.17
$MAG,2568.457,-0.339,-0.277,-0.900,28.1
$IMU,2568.458,-0.244,-0.244,-0.122,0.01562,0.02050,1.01269,29.15
$IMU,2568.460,-0.244,-0.183,-0.183,0.01367,0.02343,1.01464,29.15
$IMU,2568.462,-0.305,-0.122,-0.183,0.01660,0.02294,1.01513,29.15
$IMU,2568.465,-0.305,-0.061,-0.122,0.01269,0.02343,1.01367,29.15
$IMU,2568.467,-0.305,0.061,-0.183,0.01660,0.02197,1.01611,29.15
$MAG,2568.468,-0.339,-0.273,-0.906,28.2
$IMU,2568.469,-0.061,-0.244,-0.122,0.01562,0.02197,1.01562,29.15
$IMU,2568.472,-0.061,-0.122,-0.061,0.01855,0.02392,1.01708,29.15
$IMU,2568.474,-0.183,0.000,-0.183,0.01806,0.02294,1.01464,29.15
$IMU,2568.476,-0.183,-0.061,-0.183,0.01757,0.02685,1.01464,29.16
$MAG,2568.478,-0.336,-0.276,-0.906,28.2
$IMU,2568.479,-0.244,0.061,-0.244,0.01757,0.02636,1.01171,29.16
$IMU,2568.481,-0.183,-0.122,-0.244,0.01757,0.02343,1.01416,29.16
$IMU,2568.483,-0.244,0.000,-0.244,0.01708,0.02539,1.01513,29.16
$IMU,2568.486,-0.183,-0.122,-0.122,0.01611,0.02392,1.01269,29.16
$MAG,2568.488,-0.339,-0.274,-0.900,28.1
$IMU,2568.488,-0.244,0.000,-0.122,0.01562,0.02343,1.01171,29.16
$IMU,2568.490,-0.244,0.061,-0.183,0.01708,0.01953,1.01123,29.16
$IMU,2568.493,-0.244,-0.061,-0.183,0.01660,0.02587,1.01171,29.16
$IMU,2568.495,-0.244,-0.122,-0.183,0.01464,0.02441,1.01269,29.18
$IMU,2568.497,-0.244,-0.183,-0.122,0.01464,0.02539,1.01171,29.18
$MAG,2568.498,-0.342,-0.271,-0.910,28.1
$IMU,2568.500,-0.305,-0.122,-0.183,0.01611,0.02539,1.01269,29.18
$IMU,2568.502,-0.305,-0.183,-0.122,0.01708,0.02343,1.01611,29.18
$IMU,2568.504,-0.305,-0.244,-0.183,0.01708,0.02343,1.01367,29.18
$IMU,2568.507,-0.183,-0.183,-0.122,0.01464,0.02294,1.01660,29.18
$MAG,2568.508,-0.339,-0.277,-0.903,28.1
$IMU,2568.509,-0.183,-0.244,-0.122,0.01611,0.02539,1.01367,29.18
$IMU,2568.511,-0.305,-0.122,-0.122,0.01806,0.02294,1.01416,29.18
$IMU,2568.514,-0.305,-0.061,-0.244,0.01611,0.02050,1.01220,29.21
$IMU,2568.516,-0.305,-0.061,-0.183,0.01708,0.02099,1.01513,29.21
$MAG,2568.518,-0.339,-0.271,-0.898,28.2
$IMU,2568.518,-0.244,-0.122,-0.183,0.01416,0.01904,1.01464,29.21
$IMU,2568.521,-0.183,-0.183,-0.122,0.01806,0.02246,1.01220,29.21
$IMU,2568.523,-0.244,-0.122,-0.122,0.01904,0.02490,1.01367,29.21
$IMU,2568.526,-0.183,-0.061,-0.183,0.01464,0.02294,1.01269,29.21
$MAG,2568.528,-0.354,-0.264,-0.901,28.1
$IMU,2568.528,-0.183,-0.061,-0.122,0.01464,0.02392,1.01416,29.21
$IMU,2568.530,-0.183,0.000,-0.183,0.01806,0.02050,1.01367,29.21
$IMU,2568.533,-0.122,0.000,-0.183,0.01562,0.02246,1.01464,29.18
$IMU,2568.535,-0.122,-0.183,-0.183,0.01953,0.02539,1.01318,29.18
$IMU,2568.537,-0.183,-0.122,-0.183,0.01855,0.02490,1.01074,29.18
$MAG,2568.538,-0.333,-0.270,-0.906,28.1
$IMU,2568.540,-0.183,-0.122,-0.122,0.01513,0.02636,1.01123,29.18
$IMU,2568.542,-0.305,0.061,-0.183,0.01757,0.02343,1.01464,29.18
$IMU,2568.544,-0.183,-0.122,-0.183,0.01806,0.02392,1.01367,29.18
$IMU,2568.547,-0.183,-0.122,-0.183,0.01562,0.02636,1.01611,29.18
$MAG,2568.548,-0.340,-0.273,-0.900,28.2
$IMU,2568.549,-0.244,-0.061,-0.122,0.01806,0.02392,1.01171,29.18
$IMU,2568.551,-0.305,0.000,-0.122,0.01269,0.02148,1.01171,29.17
$IMU,2568.554,-0.366,0.061,-0.183,0.01464,0.02343,1.01269,29.17
$IMU,2568.556,-0.366,-0.122,-0.183,0.01611,0.02294,1.01513,29.17
$MAG,2568.558,-0.331,-0.270,-0.898,28.1
$IMU,2568.558,-0.305,-0.244,-0.183,0.01611,0.02343,1.01123,29.17
$BARO,2568.559,86421.73,29.17
$IMU,2568.561,-0.244,-0.305,-0.183,0.01464,0.02197,1.01513,29.17
$IMU,2568.563,-0.366,-0.122,-0.183,0.01416,0.02294,1.01318,29.17
$IMU,2568.565,-0.366,-0.122,-0.183,0.01513,0.02148,1.01513,29.17
$IMU,2568.568,-0.305,-0.122,-0.183,0.01318,0.02246,1.01562,29.17
$MAG,2568.569,-0.333,-0.271,-0.906,28.2
$IMU,2568.570,-0.244,-0.122,-0.122,0.01464,0.02001,1.01562,29.20
$IMU,2568.572,-0.122,-0.244,-0.122,0.01904,0.02539,1.01562,29.20
$IMU,2568.575,-0.122,-0.183,-0.122,0.01757,0.02148,1.01513,29.20
$IMU,2568.577,-0.183,-0.061,-0.183,0.01708,0.02246,1.01464,29.20
$MAG,2568.579,-0.333,-0.276,-0.901,28.2
$IMU,2568.579,-0.244,-0.122,-0.122,0.01757,0.02441,1.01611,29.20
$IMU,2568.582,-0.122,-0.122,-0.244,0.02001,0.02246,1.01318,29.20
$IMU,2568.584,-0.183,-0.183,-0.183,0.01953,0.02392,1.01416,29.20
$IMU,2568.587,-0.183,-0.183,-0.183,0.01806,0.02490,1.01611,29.20
$MAG,2568.589,-0.351,-0.274,-0.895,28.2
$IMU,2568.589,-0.244,-0.061,-0.183,0.01806,0.02197,1.01416,29.14
$IMU,2568.591,-0.244,0.000,-0.244,0.01904,0.02197,1.01123,29.14
$IMU,2568.594,-0.183,-0.061,-0.244,0.01562,0.02441,1.01708,29.14
$IMU,2568.596,-0.244,-0.122,-0.183,0.01855,0.02587,1.01318,29.14
$IMU,2568.598,-0.305,-0.061,-0.183,0.01904,0.02343,1.01513,29.14
$MAG,2568.599,-0.339,-0.276,-0.901,28.2
$IMU,2568.601,-0.305,-0.061,-0.183,0.01611,0.02343,1.01171,29.14
$IMU,2568.603,-0.366,-0.061,-0.122,0.01806,0.01904,1.01416,29.14
$IMU,2568.605,-0.366,-0.061,-0.244,0.01513,0.02441,1.01318,29.14
$IMU,2568.608,-0.305,-0.122,-0.122,0.01660,0.02050,1.01269,29.21
$MAG,2568.609,-0.339,-0.277,-0.903,28.2
$IMU,2568.610,-0.305,-0.183,-0.183,0.01611,0.02294,1.01367,29.21
$IMU,2568.612,-0.366,-0.244,-0.183,0.01318,0.02148,1.01220,29.21
$IMU,2568.615,-0.305,-0.183,-0.244,0.01660,0.01904,1.01660,29.21
$IMU,2568.617,-0.366,-0.122,-0.122,0.01660,0.01953,1.01318,29.21
$MAG,2568.619,-0.334,-0.274,-0.901,28.1
$IMU,2568.619,-0.305,-0.183,-0.122,0.01660,0.02099,1.01660,29.21
$IMU,2568.622,-0.122,-0.305,-0.244,0.01660,0.02148,1.01757,29.21
$IMU,2568.624,-0.183,-0.244,-0.183,0.01708,0.02050,1.01660,29.21
$IMU,2568.626,-0.122,-0.122,-0.183,0.01562,0.02099,1.01416,29.23
$TIME,2568.628,463091.000,2399
$MAG,2568.629,-0.334,-0.270,-0.903,28.2
$IMU,2568.629,-0.183,0.000,-0.122,0.01318,0.02441,1.01416,29.23
$IMU,2568.631,-0.244,0.000,-0.122,0.01953,0.02539,1.01367,29.23
$IMU,2568.633,-0.305,0.000,-0.183,0.01757,0.02392,1.01464,29.23
$IMU,2568.636,-0.305,0.000,-0.183,0.01562,0.02441,1.01416,29.23
$IMU,2568.638,-0.183,-0.244,-0.122,0.01660,0.02539,1.01562,29.23
$MAG,2568.639,-0.340,-0.277,-0.912,28.1
$IMU,2568.640,-0.183,-0.061,-0.122,0.01855,0.02246,1.01416,29.23
$IMU,2568.643,-0.244,-0.122,-0.183,0.01757,0.02294,1.01367,29.23
$IMU,2568.645,-0.366,0.183,-0.122,0.01708,0.02587,1.01269,29.23
$IMU,2568.648,-0.366,0.061,-0.122,0.01660,0.02490,1.01611,29.23
$MAG,2568.649,-0.336,-0.264,-0.903,28.1
$IMU,2568.650,-0.244,0.061,-0.183,0.01708,0.02099,1.01611,29.23
$IMU,2568.652,-0.183,-0.061,-0.183,0.01757,0.02587,1.01220,29.23
$IMU,2568.655,-0.183,-0.122,-0.122,0.01611,0.02246,1.01464,29.23
$IMU,2568.657,-0.427,0.244,-0.183,0.01611,0.02490,1.00976,29.23
$MAG,2568.659,-0.336,-0.271,-0.903,28.2
$IMU,2568.659,-0.427,0.122,-0.183,0.01708,0.02636,1.01416,29.23
$BARO,2568.660,86425.58,29.17
$IMU,2568.662,-0.427,0.000,-0.122,0.01611,0.02343,1.01171,29.23
$IMU,2568.664,-0.305,-0.183,-0.244,0.01757,0.02294,1.01269,29.22
$IMU,2568.666,-0.366,-0.122,-0.183,0.01367,0.02246,1.01318,29.22
$IMU,2568.669,-0.366,-0.244,-0.122,0.01513,0.02148,1.01464,29.22
$MAG,2568.670,-0.339,-0.271,-0.907,28.1
$IMU,2568.671,-0.244,-0.305,-0.183,0.01660,0.02490,1.01464,29.22
$IMU,2568.673,-0.183,-0.305,-0.122,0.01708,0.02099,1.01220,29.22
$IMU,2568.676,-0.122,-0.305,-0.183,0.01953,0.02441,1.01464,29.22
$IMU,2568.678,-0.305,-0.122,-0.122,0.01855,0.01953,1.01367,29.22
$MAG,2568.680,-0.330,-0.270,-0.907,28.1
$IMU,2568.680,-0.183,-0.061,-0.122,0.01562,0.02197,1.01611,29.22
$IMU,2568.683,-0.122,-0.183,-0.122,0.01708,0.02636,1.01513,29.17
$IMU,2568.685,-0.183,-0.061,-0.122,0.01757,0.02880,1.01513,29.17
$IMU,2568.687,-0.122,-0.244,-0.183,0.01953,0.02441,1.01464,29.17
$MAG,2568.690,-0.336,-0.274,-0.901,28.2
$IMU,2568.690,-0.183,-0.061,-0.183,0.01855,0.02246,1.01513,29.17
$IMU,2568.692,-0.244,-0.061,-0.183,0.01806,0.02392,1.01416,29.17
$IMU,2568.694,-0.305,0.061,-0.244,0.01757,0.02343,1.01318,29.17
$IMU,2568.697,-0.244,-0.061,-0.183,0.01904,0.02392,1.01416,29.17
$IMU,2568.699,-0.244,-0.122,-0.183,0.01757,0.02148,1.01464,29.17
$MAG,2568.700,-0.339,-0.273,-0.901,28.2
$IMU,2568.701,-0.244,0.000,-0.183,0.01513,0.02294,1.01367,29.16
$IMU,2568.704,-0.305,0.000,-0.183,0.01757,0.02539,1.01416,29.16
$IMU,2568.706,-0.366,0.000,-0.183,0.01464,0.02343,1.01513,29.16
$IMU,2568.709,-0.366,-0.061,-0.122,0.01367,0.02197,1.01562,29.16
$MAG,2568.710,-0.336,-0.271,-0.898,28.2
$IMU,2568.711,-0.366,-0.061,-0.183,0.01562,0.02294,1.01464,29.16
$IMU,2568.713,-0.366,-0.122,-0.183,0.01660,0.02148,1.01269,29.16
$IMU,2568.716,-0.366,-0.122,-0.183,0.01513,0.02246,1.01904,29.16
$IMU,2568.718,-0.305,-0.183,-0.122,0.01367,0.02197,1.01708,29.16
$MAG,2568.720,-0.331,-0.276,-0.909,28.0
$IMU,2568.720,-0.244,-0.061,-0.183,0.01611,0.02246,1.01562,29.23
$IMU,2568.723,-0.305,0.000,-0.183,0.01562,0.02392,1.01416,29.23
$IMU,2568.725,-0.183,-0.244,-0.183,0.01904,0.02490,1.01660,29.23
$IMU,2568.727,-0.244,-0.183,-0.122,0.01757,0.02490,1.01611,29.23
$MAG,2568.730,-0.339,-0.270,-0.895,28.1
$IMU,2568.730,-0.244,-0.122,-0.183,0.01757,0.02587,1.01367,29.23
$IMU,2568.732,-0.183,-0.061,-0.183,0.01855,0.02587,1.01367,29.23
$IMU,2568.734,-0.183,-0.122,-0.244,0.01611,0.02685,1.01708,29.23
$IMU,2568.737,-0.183,-0.183,-0.183,0.01611,0.02246,1.01318,29.23
$IMU,2568.739,-0.244,-0.244,-0.183,0.01855,0.02246,1.01220,29.19
$MAG,2568.740,-0.336,-0.274,-0.904,28.2
$IMU,2568.741,-0.244,-0.061,-0.244,0.01855,0.02490,1.01074,29.19
$IMU,2568.744,-0.244,0.061,-0.183,0.01708,0.02001,1.01074,29.19
$IMU,2568.746,-0.244,0.122,-0.122,0.01660,0.02294,1.01367,29.19
$IMU,2568.748,-0.183,-0.061,-0.183,0.01708,0.02294,1.01074,29.19
$MAG,2568.750,-0.337,-0.271,-0.904,28.1
$IMU,2568.751,-0.183,-0.122,-0.183,0.01806,0.02441,1.01416,29.19
$IMU,2568.753,-0.244,-0.061,-0.244,0.01855,0.02587,1.01513,29.19
$IMU,2568.755,-0.305,0.000,-0.183,0.01953,0.02636,1.01464,29.19
$IMU,2568.758,-0.122,0.000,-0.244,0.01953,0.02490,1.01513,29.21
$MAG,2568.760,-0.339,-0.277,-0.903,28.1
$IMU,2568.760,-0.183,-0.122,-0.244,0.01660,0.02490,1.01318,29.21
$BARO,2568.762,86432.50,29.18
$IMU,2568.762,-0.244,-0.244,-0.183,0.01513,0.02441,1.01464,29.21
$IMU,2568.765,-0.244,-0.183,-0.244,0.01562,0.02099,1.01269,29.21
$IMU,2568.767,-0.305,-0.122,-0.244,0.01708,0.02343,1.01367,29.21
$IMU,2568.770,-0.366,-0.122,-0.122,0.01757,0.02441,1.01367,29.21
$MAG,2568.771,-0.337,-0.279,-0.904,28.3
$IMU,2568.772,-0.366,-0.183,-0.183,0.01660,0.02441,1.01416,29.21
$IMU,2568.774,-0.305,-0.244,-0.183,0.01464,0.01953,1.01171,29.21
$IMU,2568.777,-0.244,-0.244,-0.122,0.01464,0.02294,1.01416,29.18
$IMU,2568.779,-0.183,-0.183,-0.183,0.01562,0.02197,1.01318,29.18
$VBAT,2568.779,4.137
$MAG,2568.781,-0.331,-0.268,-0.904,28.2
$IMU,2568.781,-0.244,-0.061,-0.183,0.01611,0.02050,1.01416,29.18
$IMU,2568.784,-0.244,0.000,-0.244,0.01757,0.01953,1.01513,29.18
$IMU,2568.786,-0.122,-0.122,-0.183,0.01708,0.02099,1.01318,29.18
$IMU,2568.788,-0.122,-0.244,-0.183,0.01708,0.02392,1.01269,29.18
$MAG,2568.791,-0.340,-0.268,-0.906,28.2
$IMU,2568.791,-0.183,-0.183,-0.183,0.01513,0.02539,1.01220,29.18
$IMU,2568.793,-0.183,0.000,-0.061,0.01708,0.02246,1.01513,29.18
$IMU,2568.795,-0.122,-0.122,-0.183,0.01757,0.02392,1.01464,29.19
$IMU,2568.798,-0.183,-0.061,-0.122,0.01953,0.02197,1.01269,29.19
$IMU,2568.800,-0.183,-0.061,-0.244,0.01513,0.02246,1.01318,29.19
$MAG,2568.801,-0.339,-0.271,-0.892,28.1
$IMU,2568.802,-0.183,-0.122,-0.122,0.01464,0.02539,1.01367,29.19
$IMU,2568.805,-0.183,-0.122,-0.122,0.01660,0.02441,1.01269,29.19
$IMU,2568.807,-0.366,0.061,-0.183,0.01562,0.02587,1.01513,29.19
$IMU,2568.809,-0.305,0.061,-0.183,0.01611,0.02294,1.01611,29.19
$MAG,2568.811,-0.334,-0.271,-0.904,28.1
$IMU,2568.812,-0.183,-0.061,-0.122,0.01367,0.02294,1.01464,29.19
$IMU,2568.814,-0.244,-0.122,-0.244,0.01513,0.02343,1.01269,29.19
$IMU,2568.816,-0.305,-0.122,-0.183,0.01464,0.02246,1.01562,29.19
$IMU,2568.819,-0.305,0.000,-0.183,0.01464,0.02441,1.01220,29.19
$MAG,2568.821,-0.345,-0.276,-0.903,28.1
$IMU,2568.821,-0.366,-0.122,-0.122,0.01562,0.02294,1.01708,29.19
$IMU,2568.823,-0.244,-0.183,-0.183,0.01416,0.02246,1.01513,29.19
$IMU,2568.826,-0.244,-0.183,-0.183,0.01660,0.02050,1.01220,29.19
$IMU,2568.828,-0.183,-0.244,-0.183,0.01660,0.02343,1.01318,29.19
$MAG,2568.831,-0.336,-0.273,-0.892,28.2
$IMU,2568.831,-0.366,-0.061,-0.183,0.01611,0.02001,1.01220,29.19
$IMU,2568.833,-0.305,0.000,-0.183,0.01953,0.02197,1.01611,29.20
$IMU,2568.835,-0.305,0.000,-0.122,0.01757,0.02246,1.01464,29.20
$IMU,2568.838,-0.244,-0.122,-0.183,0.01806,0.02099,1.01367,29.20
$IMU,2568.840,-0.122,-0.244,-0.244,0.01708,0.02392,1.01464,29.20
$MAG,2568.841,-0.339,-0.280,-0.900,28.2
$IMU,2568.842,-0.183,-0.244,-0.183,0.01806,0.02294,1.01416,29.20
$IMU,2568.845,-0.183,-0.244,-0.183,0.02099,0.02343,1.01367,29.20
$IMU,2568.847,-0.366,0.061,-0.183,0.01660,0.02294,1.01269,29.20
$IMU,2568.849,-0.305,0.122,-0.183,0.01855,0.02148,1.01464,29.20
$MAG,2568.851,-0.342,-0.277,-0.904,28.3
$IMU,2568.852,-0.244,-0.122,-0.183,0.01953,0.02050,1.01318,29.17
$IMU,2568.854,-0.183,-0.183,-0.244,0.01904,0.02246,1.01269,29.17
$IMU,2568.856,-0.183,0.000,-0.183,0.01757,0.01904,1.01416,29.17
$IMU,2568.859,-0.244,0.000,-0.183,0.01708,0.02490,1.01269,29.17
$MAG,2568.861,-0.328,-0.271,-0.904,28.1
$IMU,2568.861,-0.244,-0.061,-0.244,0.01806,0.02636,1.01416,29.17
$BARO,2568.863,86426.85,29.18
$IMU,2568.863,-0.305,-0.061,-0.183,0.01904,0.02490,1.01318,29.17
$IMU,2568.866,-0.244,-0.183,-0.183,0.01806,0.02392,1.01269,29.17
$IMU,2568.868,-0.244,-0.061,-0.183,0.01464,0.02392,1.01269,29.17
$IMU,2568.870,-0.244,-0.183,-0.183,0.01416,0.02294,1.01318,29.17
$MAG,2568.872,-0.334,-0.279,-0.904,28.2
$IMU,2568.873,-0.244,-0.244,-0.183,0.01416,0.02392,1.01171,29.17
$IMU,2568.875,-0.244,-0.244,-0.183,0.01562,0.02246,1.01220,29.17
$IMU,2568.877,-0.244,-0.244,-0.244,0.01513,0.02441,1.01367,29.17
$IMU,2568.880,-0.244,-0.244,-0.122,0.01757,0.02441,1.01367,29.17
$MAG,2568.882,-0.343,-0.273,-0.906,28.2
$IMU,2568.882,-0.305,-0.122,-0.183,0.01660,0.02343,1.01220,29.17
$IMU,2568.884,-0.305,-0.061,-0.122,0.02001,0.02001,1.01367,29.17
$IMU,2568.887,-0.305,0.000,-0.183,0.01757,0.02099,1.01660,29.17
$IMU,2568.889,-0.183,-0.122,-0.183,0.01611,0.02050,1.01611,29.21
$MAG,2568.892,-0.337,-0.270,-0.906,28.1
$IMU,2568.892,-0.183,-0.122,-0.183,0.01660,0.02343,1.01611,29.21
$IMU,2568.894,-0.244,0.000,-0.183,0.01708,0.02490,1.01464,29.21
$IMU,2568.896,-0.244,0.000,-0.122,0.01708,0.02539,1.01708,29.21
$IMU,2568.899,-0.244,-0.061,-0.183,0.01806,0.02734,1.01367,29.21
$IMU,2568.901,-0.183,-0.061,-0.244,0.01855,0.02246,1.01367,29.21
$MAG,2568.902,-0.343,-0.274,-0.906,28.1
$IMU,2568.903,-0.183,0.000,-0.183,0.01611,0.02197,1.01269,29.21
$IMU,2568.906,-0.244,0.000,-0.183,0.01464,0.02587,1.01464,29.21
$IMU,2568.908,-0.244,0.061,-0.244,0.01757,0.02490,1.01269,29.18
$IMU,2568.910,-0.244,0.000,-0.183,0.01611,0.02685,1.01464,29.18
$MAG,2568.912,-0.336,-0.277,-0.904,28.2
$IMU,2568.913,-0.244,-0.122,-0.183,0.01367,0.02246,1.01171,29.18
$IMU,2568.915,-0.183,-0.183,-0.122,0.01123,0.02294,1.01220,29.18
$IMU,2568.917,-0.244,-0.183,-0.061,0.01269,0.02490,1.01123,29.18
$IMU,2568.920,-0.244,-0.122,-0.183,0.01171,0.02441,1.01171,29.18
$MAG,2568.922,-0.340,-0.273,-0.901,28.1
$IMU,2568.922,-0.244,-0.122,-0.122,0.01367,0.02490,1.01367,29.18
$IMU,2568.924,-0.305,-0.183,-0.183,0.01367,0.02441,1.01416,29.18
$IMU,2568.927,-0.244,-0.244,-0.122,0.01757,0.02539,1.01660,29.26
$IMU,2568.929,-0.244,-0.183,-0.183,0.01953,0.02392,1.01660,29.26
$IMU,2568.931,-0.305,-0.183,-0.183,0.01513,0.02001,1.01220,29.26
$MAG,2568.932,-0.337,-0.276,-0.901,28.1
$IMU,2568.934,-0.244,-0.183,-0.183,0.01708,0.02050,1.01416,29.26
$IMU,2568.936,-0.305,-0.061,-0.122,0.01611,0.02050,1.01660,29.26
$IMU,2568.938,-0.244,-0.183,-0.122,0.01464,0.01904,1.01513,29.26
$IMU,2568.941,-0.244,-0.244,-0.183,0.01708,0.02099,1.01708,29.26
$MAG,2568.942,-0.336,-0.268,-0.901,28.1
$IMU,2568.943,-0.244,-0.244,-0.122,0.01513,0.02587,1.01464,29.26
$IMU,2568.945,-0.244,-0.183,-0.244,0.01562,0.02246,1.01513,29.22
$IMU,2568.948,-0.244,-0.122,-0.183,0.01953,0.02392,1.01269,29.22
$IMU,2568.950,-0.183,-0.061,-0.183,0.02050,0.02539,1.01464,29.22
$MAG,2568.952,-0.340,-0.276,-0.895,28.2
$IMU,2568.953,-0.122,-0.183,-0.183,0.01708,0.02392,1.01269,29.22
$IMU,2568.955,-0.122,-0.183,-0.183,0.01904,0.02490,1.01513,29.22
$IMU,2568.957,-0.244,0.000,-0.122,0.01904,0.02539,1.01562,29.22
$IMU,2568.960,-0.244,0.061,-0.122,0.01855,0.02197,1.01220,29.22
$MAG,2568.962,-0.340,-0.277,-0.900,28.2
$IMU,2568.962,-0.244,0.122,-0.183,0.02197,0.02392,1.01269,29.22
$BARO,2568.964,86426.85,29.18
$IMU,2568.964,-0.244,-0.183,-0.183,0.01416,0.02392,1.01318,29.21
$IMU,2568.967,-0.183,-0.061,-0.244,0.01660,0.02246,1.01367,29.21
$IMU,2568.969,-0.305,0.000,-0.183,0.01904,0.02294,1.01562,29.21
$IMU,2568.971,-0.305,0.000,-0.183,0.01611,0.02343,1.01171,29.21
$MAG,2568.973,-0.331,-0.276,-0.903,28.2
$IMU,2568.974,-0.305,-0.122,-0.183,0.01318,0.02246,1.01318,29.21
$IMU,2568.976,-0.305,-0.122,-0.244,0.01513,0.02343,1.01367,29.21
$IMU,2568.978,-0.366,-0.061,-0.244,0.01806,0.02343,1.01171,29.21
$IMU,2568.981,-0.305,-0.061,-0.244,0.01855,0.02148,1.01074,29.21
$MAG,2568.983,-0.336,-0.274,-0.898,28.1
$IMU,2568.983,-0.305,-0.122,-0.183,0.01513,0.02001,1.01464,29.20
$IMU,2568.985,-0.183,-0.183,-0.183,0.01708,0.02050,1.01513,29.20
$IMU,2568.988,-0.244,-0.061,-0.244,0.01757,0.02050,1.01611,29.20
$IMU,2568.990,-0.061,-0.244,-0.244,0.01953,0.02246,1.01660,29.20
$IMU,2568.992,-0.244,-0.183,-0.244,0.01708,0.02734,1.01464,29.20
$MAG,2568.993,-0.339,-0.279,-0.906,28.2
$IMU,2568.995,-0.244,-0.183,-0.183,0.01904,0.02343,1.01611,29.20
$IMU,2568.997,-0.183,-0.183,-0.183,0.02099,0.02392,1.01513,29.20
$IMU,2568.999,-0.244,0.061,-0.122,0.01806,0.02392,1.01318,29.20
$IMU,2569.002,-0.244,0.000,-0.183,0.01416,0.02441,1.01513,29.25
$MAG,2569.003,-0.334,-0.271,-0.907,28.1
$IMU,2569.004,-0.244,-0.122,-0.183,0.01660,0.02587,1.01464,29.25
$IMU,2569.006,-0.122,-0.122,-0.122,0.01757,0.02783,1.01269,29.25
$IMU,2569.009,-0.122,-0.122,-0.183,0.01855,0.02685,1.01464,29.25
$IMU,2569.011,-0.122,-0.122,-0.183,0.01464,0.02490,1.01318,29.25
$MAG,2569.013,-0.342,-0.273,-0.903,28.2
$IMU,2569.013,-0.122,-0.122,-0.183,0.01513,0.02441,1.01513,29.25
$IMU,2569.016,-0.122,-0.183,-0.183,0.01708,0.02392,1.01318,29.25
$IMU,2569.018,-0.244,-0.061,-0.183,0.02001,0.02392,1.01464,29.25
$IMU,2569.021,-0.244,-0.122,-0.183,0.01757,0.02441,1.01416,29.21
$MAG,2569.023,-0.348,-0.280,-0.904,28.2
$IMU,2569.023,-0.305,-0.061,-0.183,0.01513,0.02392,1.01171,29.21
$IMU,2569.025,-0.366,0.000,-0.183,0.01562,0.02343,1.01318,29.21
$IMU,2569.028,-0.244,-0.122,-0.183,0.01123,0.01953,1.01220,29.21
$IMU,2569.030,-0.305,-0.061,-0.183,0.01269,0.02392,1.01367,29.21
$IMU,2569.032,-0.244,-0.244,-0.183,0.01611,0.02148,1.01416,29.21
$MAG,2569.033,-0.340,-0.276,-0.897,28.2
$IMU,2569.035,-0.366,0.000,-0.183,0.01513,0.02343,1.01464,29.21
$IMU,2569.037,-0.366,-0.061,-0.244,0.01708,0.02343,1.01562,29.21
$IMU,2569.039,-0.427,0.000,-0.183,0.01464,0.02392,1.01660,29.19
$IMU,2569.042,-0.366,0.000,-0.122,0.01416,0.02148,1.01416,29.19
$MAG,2569.043,-0.345,-0.271,-0.901,28.3
$IMU,2569.044,-0.305,-0.305,-0.244,0.01757,0.02490,1.01660,29.19
$IMU,2569.046,-0.244,-0.183,-0.183,0.01708,0.02148,1.01464,29.19
$IMU,2569.049,-0.183,-0.305,-0.122,0.02001,0.01953,1.01562,29.19
$IMU,2569.051,-0.183,-0.366,-0.122,0.01757,0.02148,1.01367,29.19
$MAG,2569.053,-0.345,-0.277,-0.903,28.3
$IMU,2569.053,-0.244,-0.122,-0.183,0.01757,0.02246,1.01562,29.19
$IMU,2569.056,-0.244,-0.183,-0.183,0.02050,0.02587,1.01660,29.19
$IMU,2569.058,-0.183,-0.122,-0.183,0.01513,0.02197,1.01367,29.20
$IMU,2569.060,-0.183,-0.183,-0.122,0.01513,0.02490,1.01367,29.20
$MAG,2569.063,-0.333,-0.270,-0.900,28.1
$IMU,2569.063,-0.122,-0.122,-0.061,0.01562,0.02441,1.01220,29.20
$IMU,2569.065,-0.183,-0.061,-0.183,0.01708,0.02392,1.01171,29.20
$BARO,2569.066,86427.02,29.19
$IMU,2569.067,-0.244,-0.122,-0.122,0.01806,0.02587,1.01269,29.20
$IMU,2569.070,-0.244,-0.061,-0.122,0.01562,0.02490,1.01318,29.20
$IMU,2569.072,-0.244,-0.061,-0.122,0.01562,0.02392,1.01123,29.20
$MAG,2569.073,-0.340,-0.270,-0.897,28.1
$IMU,2569.074,-0.183,-0.061,-0.122,0.01367,0.02246,1.01318,29.20
$IMU,2569.077,-0.305,-0.061,-0.122,0.01416,0.02636,1.01220,29.17
$IMU,2569.079,-0.183,-0.183,-0.122,0.01464,0.02441,1.01416,29.17
$IMU,2569.082,-0.366,0.000,-0.122,0.01562,0.02294,1.01513,29.17
$MAG,2569.084,-0.343,-0.276,-0.897,28.2
$IMU,2569.084,-0.183,-0.244,-0.183,0.01513,0.02539,1.01611,29.17
$IMU,2569.086,-0.244,-0.122,-0.183,0.01611,0.02392,1.01367,29.17
$IMU,2569.089,-0.305,-0.183,-0.122,0.01562,0.02490,1.01464,29.17
$IMU,2569.091,-0.366,-0.122,-0.183,0.01416,0.02246,1.01464,29.17
$IMU,2569.093,-0.244,-0.244,-0.244,0.01611,0.02050,1.01416,29.17
$MAG,2569.094,-0.330,-0.273,-0.900,28.2
$IMU,2569.096,-0.122,-0.305,-0.244,0.01464,0.02246,1.01416,29.21
$IMU,2569.098,-0.244,-0.244,-0.183,0.01025,0.02392,1.01708,29.21
$IMU,2569.100,-0.244,0.000,-0.183,0.01318,0.02343,1.01416,29.21
$IMU,2569.103,-0.183,-0.183,-0.183,0.01708,0.02050,1.01562,29.21
$MAG,2569.104,-0.346,-0.267,-0.897,28.3
$IMU,2569.105,-0.122,-0.305,-0.122,0.02001,0.02490,1.01708,29.21
$IMU,2569.107,-0.183,-0.244,-0.244,0.01855,0.02294,1.01562,29.21
$IMU,2569.110,-0.183,-0.122,-0.183,0.01708,0.02294,1.01513,29.21
$IMU,2569.112,-0.244,0.000,-0.183,0.01562,0.02392,1.01416,29.21
$MAG,2569.114,-0.340,-0.270,-0.900,28.1
$IMU,2569.114,-0.244,0.000,-0.183,0.01904,0.02539,1.01123,29.24
$IMU,2569.117,-0.183,-0.061,-0.122,0.01757,0.02050,1.01513,29.24
$IMU,2569.119,-0.183,-0.122,-0.122,0.01513,0.02392,1.01367,29.24
$HUM,2569.121,37.3,29.6
$IMU,2569.121,-0.183,-0.061,-0.244,0.01904,0.02441,1.01269,29.24
$MAG,2569.124,-0.334,-0.277,-0.906,28.1
$IMU,2569.124,-0.305,0.000,-0.244,0.01367,0.02343,1.01464,29.24
$IMU,2569.126,-0.244,-0.122,-0.183,0.01611,0.02294,1.01171,29.24
$IMU,2569.128,-0.244,-0.061,-0.183,0.01660,0.02441,1.01318,29.24
$IMU,2569.131,-0.244,-0.122,-0.183,0.01953,0.02392,1.01562,29.24
$IMU,2569.133,-0.366,0.000,-0.122,0.01757,0.02490,1.01171,29.22
$MAG,2569.134,-0.337,-0.262,-0.897,28.2
$IMU,2569.135,-0.427,0.183,-0.122,0.01464,0.02587,1.01269,29.22
$IMU,2569.138,-0.366,0.000,-0.122,0.01513,0.02197,1.01318,29.22
$IMU,2569.140,-0.244,-0.244,-0.183,0.01611,0.02050,1.01416,29.22
$IMU,2569.143,-0.305,-0.183,-0.183,0.01660,0.02441,1.01611,29.22
$MAG,2569.144,-0.339,-0.274,-0.900,28.1
$IMU,2569.145,-0.244,-0.305,-0.122,0.01611,0.02392,1.01513,29.22
$IMU,2569.147,-0.305,-0.122,-0.122,0.01464,0.02343,1.01318,29.22
$IMU,2569.150,-0.244,-0.122,-0.183,0.01708,0.02001,1.01513,29.22
$IMU,2569.152,-0.183,-0.366,-0.183,0.01611,0.02294,1.01464,29.24
$MAG,2569.154,-0.340,-0.273,-0.901,28.1
$IMU,2569.154,-0.183,-0.305,-0.122,0.01904,0.02099,1.01513,29.24
$IMU,2569.157,-0.183,-0.305,-0.122,0.01806,0.02099,1.01464,29.24
$IMU,2569.159,-0.183,-0.122,-0.183,0.01757,0.01953,1.01513,29.24
$IMU,2569.161,-0.122,-0.183,-0.183,0.01611,0.02246,1.01611,29.24
$MAG,2569.164,-0.334,-0.273,-0.903,28.1
$IMU,2569.164,-0.244,-0.061,-0.122,0.01611,0.02294,1.01562,29.24
$IMU,2569.166,-0.183,-0.061,-0.183,0.01806,0.02246,1.01318,29.24
$BARO,2569.167,86421.83,29.18
$IMU,2569.168,-0.061,-0.183,-0.122,0.01806,0.02392,1.01367,29.24
$IMU,2569.171,-0.183,0.061,-0.183,0.01611,0.02246,1.01464,29.20
$IMU,2569.173,-0.244,0.061,-0.183,0.01562,0.02441,1.01416,29.20
$MAG,2569.174,-0.333,-0.270,-0.897,28.2
$IMU,2569.175,-0.183,0.000,-0.183,0.01708,0.02246,1.01464,29.20
$IMU,2569.178,-0.183,-0.122,-0.061,0.01611,0.02148,1.01367,29.20
$IMU,2569.180,-0.183,0.000,-0.122,0.01367,0.02490,1.01220,29.20
$IMU,2569.182,-0.183,-0.183,-0.122,0.01708,0.02490,1.01367,29.20
$MAG,2569.185,-0.333,-0.270,-0.906,28.2
$IMU,2569.185,-0.366,-0.061,-0.244,0.01806,0.02392,1.01562,29.20
$IMU,2569.187,-0.366,-0.122,-0.183,0.01611,0.02587,1.01513,29.20
$IMU,2569.189,-0.305,-0.183,-0.122,0.01660,0.02636,1.01416,29.18
$IMU,2569.192,-0.366,-0.122,-0.183,0.01464,0.02246,1.01367,29.18
$IMU,2569.194,-0.366,-0.122,-0.183,0.01806,0.02490,1.01318,29.18
$MAG,2569.195,-0.336,-0.280,-0.891,28.2
$IMU,2569.196,-0.305,-0.122,-0.244,0.01708,0.02294,1.01367,29.18
$IMU,2569.199,-0.305,-0.122,-0.122,0.01269,0.02197,1.01367,29.18
$IMU,2569.201,-0.305,-0.122,-0.183,0.01562,0.02392,1.01269,29.18
$IMU,2569.204,-0.305,-0.061,-0.183,0.01708,0.02099,1.01318,29.18
$MAG,2569.205,-0.339,-0.276,-0.901,28.3
$IMU,2569.206,-0.305,-0.061,-0.244,0.01660,0.02050,1.01318,29.18
$IMU,2569.208,-0.183,-0.183,-0.244,0.01855,0.02050,1.01171,29.23
$IMU,2569.211,-0.183,-0.122,-0.122,0.01660,0.02148,1.01367,29.23
$IMU,2569.213,-0.183,0.000,-0.183,0.01855,0.02539,1.01562,29.23
$MAG,2569.215,-0.339,-0.271,-0.904,28.2
$IMU,2569.215,-0.183,0.061,-0.122,0.01757,0.02343,1.01367,29.23
$IMU,2569.218,-0.122,-0.061,-0.183,0.01562,0.02392,1.01318,29.23
$IMU,2569.220,-0.061,-0.122,-0.183,0.01171,0.02636,1.01464,29.23
$IMU,2569.222,-0.122,-0.122,-0.122,0.01562,0.02587,1.01220,29.23
$MAG,2569.225,-0.337,-0.277,-0.891,28.2
$IMU,2569.225,-0.244,0.061,-0.122,0.01562,0.02441,1.01123,29.23
$IMU,2569.227,-0.183,-0.122,-0.244,0.01513,0.02294,1.01171,29.23
$IMU,2569.229,-0.244,-0.061,-0.122,0.01855,0.02441,1.01220,29.23
$IMU,2569.232,-0.366,0.061,-0.122,0.01464,0.02392,1.01367,29.23
$IMU,2569.234,-0.244,-0.061,-0.183,0.01416,0.02539,1.01123,29.23
$MAG,2569.235,-0.345,-0.274,-0.895,28.2
$IMU,2569.236,-0.427,0.122,-0.183,0.01611,0.02587,1.01123,29.23
$IMU,2569.239,-0.305,-0.061,-0.183,0.01708,0.02392,1.01562,29.23
$IMU,2569.241,-0.305,-0.122,-0.183,0.01611,0.02392,1.01220,29.23
$IMU,2569.243,-0.305,-0.122,-0.244,0.01416,0.02246,1.01318,29.23
$MAG,2569.245,-0.340,-0.267,-0.901,28.3
$IMU,2569.246,-0.244,-0.427,-0.183,0.01416,0.02001,1.01367,29.21
$IMU,2569.248,-0.305,-0.183,-0.244,0.01269,0.02197,1.01464,29.21
$IMU,2569.250,-0.183,-0.305,-0.244,0.01367,0.02001,1.01513,29.21
$IMU,2569.253,-0.244,-0.305,-0.122,0.01708,0.02148,1.01611,29.21
$MAG,2569.255,-0.339,-0.270,-0.895,28.3
$IMU,2569.255,-0.244,-0.183,-0.183,0.01806,0.02099,1.01513,29.21
$IMU,2569.257,-0.122,-0.305,-0.244,0.01416,0.02001,1.01611,29.21
$IMU,2569.260,-0.244,-0.183,-0.122,0.01708,0.01953,1.01416,29.21
$IMU,2569.262,-0.244,-0.061,-0.183,0.01855,0.02246,1.01513,29.21
$MAG,2569.265,-0.336,-0.268,-0.903,28.2
$IMU,2569.265,-0.183,-0.122,-0.122,0.01806,0.02490,1.01367,29.22
$IMU,2569.267,-0.183,-0.122,-0.122,0.01855,0.02246,1.01611,29.22
$BARO,2569.269,86434.06,29.19
$IMU,2569.269,-0.061,-0.244,-0.122,0.01611,0.02539,1.01513,29.22
$IMU,2569.272,-0.183,0.000,-0.183,0.01855,0.02539,1.01513,29.22
$IMU,2569.274,-0.244,0.244,-0.122,0.01611,0.02832,1.01416,29.22
$MAG,2569.275,-0.340,-0.274,-0.900,28.2
$IMU,2569.276,-0.305,0.183,-0.122,0.02001,0.02685,1.01416,29.22
$IMU,2569.279,-0.122,-0.183,-0.183,0.01611,0.02832,1.01416,29.22
$IMU,2569.281,-0.183,-0.061,-0.183,0.01757,0.02783,1.01513,29.22
$IMU,2569.283,-0.122,-0.122,-0.122,0.01708,0.02539,1.01513,29.24
$MAG,2569.285,-0.336,-0.265,-0.895,28.1
$IMU,2569.286,-0.366,0.183,-0.183,0.01562,0.02539,1.01220,29.24
$IMU,2569.288,-0.244,0.000,-0.122,0.01806,0.02343,1.01416,29.24
$IMU,2569.290,-0.305,0.000,-0.183,0.01708,0.02148,1.01220,29.24
$IMU,2569.293,-0.244,-0.122,-0.183,0.01464,0.02294,1.01464,29.24
$IMU,2569.295,-0.305,-0.122,-0.183,0.01367,0.02587,1.01171,29.24
$MAG,2569.296,-0.349,-0.271,-0.898,28.2
$IMU,2569.297,-0.244,-0.244,-0.122,0.01464,0.02246,1.01123,29.24
$IMU,2569.300,-0.244,-0.305,-0.183,0.01562,0.02148,1.01269,29.24
$IMU,2569.302,-0.183,-0.488,-0.244,0.01562,0.02099,1.01513,29.24
$IMU,2569.304,-0.366,-0.183,-0.183,0.01464,0.02294,1.01318,29.24
$MAG,2569.306,-0.333,-0.279,-0.901,28.2
$IMU,2569.307,-0.244,-0.366,-0.183,0.01757,0.02392,1.01513,29.24
$IMU,2569.309,-0.366,0.000,-0.183,0.01611,0.02001,1.01660,29.24
$IMU,2569.311,-0.122,-0.366,-0.183,0.02050,0.02343,1.01562,29.24
$IMU,2569.314,-0.061,-0.366,-0.244,0.01904,0.02294,1.01416,29.24
$MAG,2569.316,-0.337,-0.274,-0.898,28.2
$IMU,2569.316,-0.244,-0.061,-0.183,0.01660,0.02685,1.01708,29.24
$IMU,2569.318,-0.244,-0.122,-0.244,0.01806,0.02050,1.01708,29.24
$IMU,2569.321,-0.061,-0.183,-0.183,0.02001,0.02392,1.01708,29.21
$IMU,2569.323,-0.183,-0.183,-0.183,0.02148,0.02294,1.01513,29.21
$MAG,2569.326,-0.339,-0.273,-0.906,28.2
$IMU,2569.326,-0.183,-0.061,-0.244,0.01806,0.02539,1.01660,29.21
$IMU,2569.328,-0.183,-0.061,-0.183,0.01757,0.02636,1.01513,29.21
$IMU,2569.330,-0.244,-0.122,-0.183,0.01416,0.02246,1.01611,29.21
$IMU,2569.333,-0.183,-0.183,-0.122,0.01708,0.02587,1.01416,29.21
$IMU,2569.335,-0.244,-0.183,-0.183,0.01513,0.02490,1.01269,29.21
$MAG,2569.336,-0.342,-0.273,-0.906,28.1
$IMU,2569.337,-0.366,0.061,-0.122,0.01953,0.02734,1.01318,29.21
$IMU,2569.340,-0.244,-0.061,-0.183,0.01855,0.02685,1.01220,29.20
$IMU,2569.342,-0.244,0.000,-0.183,0.01660,0.02539,1.01318,29.20
$IMU,2569.344,-0.244,-0.061,-0.183,0.01367,0.02343,1.01367,29.20
$MAG,2569.346,-0.331,-0.271,-0.897,28.2
$IMU,2569.347,-0.305,-0.122,-0.183,0.01513,0.02490,1.01367,29.20
$IMU,2569.349,-0.366,-0.061,-0.244,0.01416,0.02539,1.01318,29.20
$IMU,2569.351,-0.366,-0.061,-0.183,0.01513,0.02343,1.01367,29.20
$IMU,2569.354,-0.366,-0.122,-0.183,0.01562,0.02392,1.01367,29.20
$MAG,2569.356,-0.340,-0.270,-0.909,28.2
$IMU,2569.356,-0.305,-0.183,-0.244,0.01660,0.01953,1.01318,29.20
$IMU,2569.358,-0.244,-0.244,-0.183,0.01513,0.02246,1.01269,29.20
$IMU,2569.361,-0.305,-0.183,-0.122,0.01367,0.02197,1.01464,29.20
$IMU,2569.363,-0.183,-0.244,-0.122,0.01367,0.02197,1.01708,29.20
$IMU,2569.365,-0.244,-0.122,-0.122,0.01416,0.01953,1.01220,29.20
$MAG,2569.366,-0.331,-0.271,-0.904,28.1
$IMU,2569.368,-0.122,-0.244,-0.122,0.01708,0.02197,1.01318,29.20
$BARO,2569.370,86429.43,29.19
$IMU,2569.370,-0.061,-0.244,-0.122,0.01660,0.02490,1.01562,29.20
$IMU,2569.372,-0.061,-0.244,-0.183,0.01611,0.02539,1.01562,29.20
$IMU,2569.375,-0.183,0.000,-0.122,0.01513,0.02539,1.01318,29.20
$MAG,2569.376,-0.336,-0.267,-0.903,28.2
$IMU,2569.377,-0.183,0.000,-0.183,0.02001,0.02490,1.01269,29.20
$IMU,2569.379,-0.183,-0.183,-0.183,0.01611,0.02343,1.01269,29.20
$IMU,2569.382,-0.183,-0.061,-0.183,0.01757,0.02490,1.01269,29.20
$IMU,2569.384,-0.305,0.000,-0.122,0.01806,0.02099,1.01318,29.20
$MAG,2569.386,-0.327,-0.274,-0.903,28.1
$IMU,2569.387,-0.305,0.000,-0.183,0.01757,0.02490,1.01464,29.20
$IMU,2569.389,-0.244,-0.183,-0.122,0.01855,0.02392,1.01611,29.20
$IMU,2569.391,-0.305,0.000,-0.183,0.01562,0.02148,1.01367,29.20
$IMU,2569.394,-0.244,-0.122,-0.183,0.01904,0.02148,1.01367,29.20
$IMU,2569.396,-0.305,-0.183,-0.244,0.01660,0.02099,1.01367,29.22
$MAG,2569.397,-0.345,-0.270,-0.903,28.3
$IMU,2569.398,-0.305,-0.122,-0.183,0.01416,0.02294,1.01464,29.22
$IMU,2569.401,-0.305,-0.061,-0.244,0.01513,0.02343,1.01318,29.22
$IMU,2569.403,-0.366,-0.122,-0.183,0.01464,0.02148,1.01318,29.22
$IMU,2569.405,-0.305,-0.183,-0.183,0.01660,0.02343,1.01416,29.22
$MAG,2569.407,-0.343,-0.280,-0.906,28.2
$IMU,2569.408,-0.183,-0.366,-0.122,0.01708,0.02490,1.01660,29.22
$IMU,2569.410,-0.244,-0.305,-0.183,0.01464,0.02148,1.01513,29.22
$IMU,2569.412,-0.305,-0.244,-0.122,0.01855,0.02099,1.01513,29.22
$IMU,2569.415,-0.244,-0.061,-0.122,0.01611,0.02001,1.01611,29.26
$MAG,2569.417,-0.333,-0.277,-0.901,28.3
$IMU,2569.417,-0.244,-0.122,-0.183,0.01611,0.02246,1.01611,29.26
$IMU,2569.419,-0.122,-0.244,-0.244,0.01562,0.02197,1.01367,29.26
$IMU,2569.422,-0.122,-0.183,-0.122,0.02050,0.02099,1.01416,29.26
$IMU,2569.424,-0.122,-0.183,-0.122,0.02001,0.02441,1.01513,29.26
$IMU,2569.426,-0.122,0.000,-0.061,0.01953,0.02343,1.01513,29.26
$MAG,2569.427,-0.333,-0.276,-0.904,28.2
$IMU,2569.429,-0.122,-0.061,-0.183,0.01660,0.02392,1.01464,29.26
$IMU,2569.431,-0.183,0.061,-0.183,0.01416,0.02441,1.01464,29.26
$IMU,2569.433,-0.244,0.000,-0.183,0.01416,0.02392,1.01318,29.22
$IMU,2569.436,-0.244,-0.061,-0.183,0.01611,0.02539,1.01416,29.22
$MAG,2569.437,-0.342,-0.276,-0.898,28.2
$IMU,2569.438,-0.305,0.000,-0.183,0.01806,0.02587,1.01171,29.22
$IMU,2569.440,-0.183,-0.122,-0.122,0.01513,0.02490,1.01220,29.22
$IMU,2569.443,-0.183,-0.061,-0.183,0.01562,0.02343,1.01074,29.22
$IMU,2569.445,-0.183,-0.183,-0.183,0.01660,0.02392,1.01318,29.22
$MAG,2569.447,-0.339,-0.274,-0.906,28.2
$IMU,2569.448,-0.244,0.061,-0.183,0.01513,0.02197,1.01171,29.22
$IMU,2569.450,-0.305,-0.122,-0.183,0.01904,0.02343,1.01123,29.22
$IMU,2569.452,-0.305,-0.061,-0.183,0.01513,0.02197,1.01171,29.23
$IMU,2569.455,-0.305,-0.061,-0.183,0.01367,0.02539,1.01416,29.23
$MAG,2569.457,-0.342,-0.273,-0.903,28.1
$IMU,2569.457,-0.244,-0.366,-0.122,0.01513,0.02246,1.01367,29.23
$IMU,2569.459,-0.244,-0.305,-0.183,0.01513,0.02441,1.01416,29.23
$IMU,2569.462,-0.366,-0.122,-0.183,0.01513,0.02392,1.01611,29.23
$IMU,2569.464,-0.305,-0.183,-0.183,0.01660,0.02197,1.01318,29.23
$IMU,2569.466,-0.305,-0.122,-0.183,0.01708,0.02294,1.01513,29.23
$MAG,2569.467,-0.340,-0.270,-0.892,28.2
$IMU,2569.469,-0.183,-0.122,-0.122,0.01757,0.02197,1.01708,29.23
$IMU,2569.471,-0.183,-0.305,-0.183,0.01708,0.02392,1.01464,29.24
$BARO,2569.472,86429.31,29.20
$IMU,2569.473,-0.122,-0.244,-0.244,0.01562,0.02539,1.01660,29.24
$IMU,2569.476,-0.244,0.000,-0.183,0.01660,0.02197,1.01708,29.24
$MAG,2569.477,-0.337,-0.276,-0.898,28.2
$IMU,2569.478,-0.305,0.061,-0.244,0.01562,0.02392,1.01464,29.24
$IMU,2569.480,-0.244,0.000,-0.244,0.01806,0.02343,1.01660,29.24
$IMU,2569.483,-0.183,-0.061,-0.183,0.02148,0.02099,1.01806,29.24
$IMU,2569.485,-0.183,-0.122,-0.244,0.01660,0.01953,1.01562,29.24
$MAG,2569.487,-0.337,-0.279,-0.898,28.1
$IMU,2569.487,-0.244,0.000,-0.244,0.01562,0.02294,1.01367,29.24
$IMU,2569.490,-0.244,0.061,-0.122,0.01757,0.02392,1.01464,29.21
$IMU,2569.492,-0.244,0.061,-0.122,0.01660,0.02343,1.01171,29.21
$IMU,2569.494,-0.244,0.122,-0.244,0.01513,0.02099,1.01318,29.21
$IMU,2569.497,-0.244,0.061,-0.183,0.01611,0.02148,1.01220,29.21
$MAG,2569.498,-0.339,-0.274,-0.904,28.2
$IMU,2569.499,-0.305,-0.122,-0.061,0.01904,0.02685,1.01416,29.21
$IMU,2569.501,-0.305,-0.061,-0.183,0.01269,0.02539,1.01464,29.21
$IMU,2569.504,-0.366,0.000,-0.183,0.01562,0.02343,1.01269,29.21
$IMU,2569.506,-0.366,-0.061,-0.122,0.01513,0.02246,1.01513,29.21
$MAG,2569.508,-0.342,-0.280,-0.901,28.1
$IMU,2569.508,-0.183,-0.244,-0.183,0.01464,0.02343,1.01318,29.21
$IMU,2569.511,-0.244,-0.244,-0.183,0.01269,0.02392,1.01416,29.21
$IMU,2569.513,-0.244,-0.183,-0.061,0.01562,0.02099,1.01416,29.21
$IMU,2569.516,-0.366,-0.122,-0.122,0.01464,0.02587,1.01513,29.21
$MAG,2569.518,-0.336,-0.267,-0.901,28.2
$IMU,2569.518,-0.366,-0.061,-0.183,0.01708,0.02050,1.01464,29.21
$IMU,2569.520,-0.244,-0.183,-0.122,0.01660,0.02392,1.01660,29.21
$IMU,2569.523,-0.305,-0.183,-0.061,0.01953,0.02392,1.01562,29.21
$IMU,2569.525,-0.244,-0.061,-0.183,0.01660,0.02197,1.01367,29.21
$IMU,2569.527,-0.244,-0.122,-0.244,0.01757,0.02441,1.01416,29.18
$MAG,2569.528,-0.337,-0.276,-0.900,28.1
$IMU,2569.530,-0.305,-0.061,-0.183,0.01757,0.02490,1.01464,29.18
$IMU,2569.532,-0.183,-0.183,-0.244,0.01660,0.02050,1.01416,29.18
$IMU,2569.534,-0.244,-0.122,-0.122,0.01708,0.02197,1.01171,29.18
$IMU,2569.537,-0.244,-0.061,-0.122,0.01513,0.02392,1.01318,29.18
$MAG,2569.538,-0.343,-0.265,-0.903,28.1
$IMU,2569.539,-0.244,0.000,-0.183,0.01953,0.02343,1.01416,29.18
$IMU,2569.541,-0.183,-0.061,-0.122,0.02099,0.01953,1.01464,29.18
$IMU,2569.544,-0.183,-0.183,-0.122,0.01904,0.02392,1.01562,29.18
$IMU,2569.546,-0.183,-0.122,-0.183,0.01757,0.02294,1.01562,29.23
$IMU,2569.548,-0.183,-0.183,-0.183,0.01953,0.02490,1.01464,29.23
$MAG,2569.548,-0.336,-0.276,-0.903,28.2
$IMU,2569.551,-0.183,-0.122,-0.244,0.01904,0.02441,1.01367,29.23
$IMU,2569.553,-0.183,0.000,-0.183,0.01708,0.02343,1.01318,29.23
$IMU,2569.555,-0.244,0.061,-0.183,0.01611,0.02246,1.01220,29.23
$MAG,2569.558,-0.348,-0.277,-0.909,28.2
$IMU,2569.558,-0.244,-0.061,-0.183,0.01464,0.02197,1.01171,29.23
$IMU,2569.560,-0.244,-0.183,-0.183,0.01562,0.02246,1.01220,29.23
$IMU,2569.562,-0.305,-0.122,-0.244,0.01513,0.02587,1.01367,29.23
$IMU,2569.565,-0.305,-0.122,-0.244,0.01708,0.02050,1.01269,29.21
$IMU,2569.567,-0.366,0.000,-0.183,0.01513,0.02246,1.01660,29.21
$MAG,2569.568,-0.337,-0.276,-0.910,28.1
$IMU,2569.569,-0.305,-0.061,-0.122,0.01464,0.02539,1.01123,29.21
$IMU,2569.572,-0.305,0.000,-0.183,0.01562,0.02099,1.01513,29.21
$BARO,2569.573,86431.72,29.20
$IMU,2569.574,-0.183,-0.122,-0.122,0.01611,0.02441,1.01367,29.21
$IMU,2569.577,-0.244,-0.122,-0.183,0.01562,0.01953,1.01562,29.21
$MAG,2569.578,-0.339,-0.273,-0.903,28.1
$IMU,2569.579,-0.244,0.061,-0.183,0.01513,0.02539,1.01513,29.21
$IMU,2569.581,-0.183,-0.122,-0.183,0.01904,0.02197,1.01367,29.21
$IMU,2569.584,-0.183,-0.122,-0.183,0.01708,0.02197,1.01464,29.21
$IMU,2569.586,-0.183,-0.061,-0.183,0.01611,0.02734,1.01660,29.21
$MAG,2569.588,-0.330,-0.270,-0.909,28.2
$IMU,2569.588,-0.183,-0.061,-0.122,0.01708,0.02246,1.01464,29.21
$IMU,2569.591,-0.122,-0.061,-0.122,0.01757,0.02441,1.01416,29.21
$IMU,2569.593,-0.183,0.061,-0.183,0.01904,0.02685,1.01562,29.21
$IMU,2569.595,-0.183,-0.061,-0.183,0.01757,0.02246,1.01611,29.21
$IMU,2569.598,-0.122,-0.244,-0.183,0.01416,0.02490,1.01318,29.21
$MAG,2569.599,-0.336,-0.274,-0.892,28.2
$IMU,2569.600,-0.183,-0.244,-0.183,0.01806,0.02246,1.01416,29.21
$IMU,2569.602,-0.183,-0.183,-0.183,0.01708,0.02539,1.01416,29.22
$IMU,2569.605,-0.305,0.000,-0.183,0.01904,0.02392,1.01513,29.22
$IMU,2569.607,-0.305,-0.061,-0.244,0.01757,0.02490,1.01367,29.22
$MAG,2569.609,-0.336,-0.273,-0.904,28.2
$IMU,2569.609,-0.366,0.000,-0.122,0.01318,0.02148,1.01464,29.22
$IMU,2569.612,-0.305,-0.122,-0.183,0.01464,0.02343,1.01513,29.22
$IMU,2569.614,-0.305,-0.122,-0.183,0.01611,0.02246,1.01513,29.22
$IMU,2569.616,-0.366,-0.183,-0.183,0.01757,0.02441,1.01464,29.22
$MAG,2569.619,-0.345,-0.273,-0.895,28.1
$IMU,2569.619,-0.366,-0.122,-0.183,0.01562,0.02294,1.01367,29.22
$IMU,2569.621,-0.305,-0.244,-0.122,0.01562,0.02392,1.01367,29.21
$IMU,2569.623,-0.244,-0.122,-0.183,0.01611,0.02343,1.01708,29.21
$IMU,2569.626,-0.122,-0.244,-0.183,0.01660,0.02099,1.01562,29.21
$TIME,2569.628,463092.000,2399
$IMU,2569.628,-0.244,-0.061,-0.183,0.01660,0.02294,1.01416,29.21
$MAG,2569.629,-0.336,-0.277,-0.906,28.2
$IMU,2569.630,-0.366,0.061,-0.122,0.01562,0.02490,1.01318,29.21
$IMU,2569.633,-0.366,0.122,-0.183,0.01611,0.02197,1.01220,29.21
$IMU,2569.635,-0.183,-0.122,-0.244,0.01611,0.02392,1.01562,29.21
$IMU,2569.638,-0.061,-0.427,-0.122,0.01855,0.02148,1.01464,29.21
$MAG,2569.639,-0.336,-0.268,-0.900,28.2
$IMU,2569.640,-0.122,-0.244,-0.183,0.01660,0.02099,1.01269,29.22
$IMU,2569.642,-0.244,0.061,-0.122,0.01757,0.02246,1.01464,29.22
$IMU,2569.645,-0.244,0.122,-0.183,0.01855,0.02685,1.01416,29.22
$IMU,2569.647,-0.244,-0.061,-0.122,0.01806,0.02490,1.00976,29.22
$MAG,2569.649,-0.343,-0.274,-0.901,28.2
$IMU,2569.649,-0.122,-0.122,-0.122,0.01757,0.02343,1.01562,29.22
$IMU,2569.652,-0.305,0.244,-0.122,0.01513,0.02294,1.01269,29.22
$IMU,2569.654,-0.183,-0.061,-0.183,0.01367,0.02294,1.01318,29.22
$IMU,2569.656,-0.183,0.061,-0.244,0.01416,0.02099,1.01318,29.22
$IMU,2569.659,-0.122,-0.183,-0.183,0.01123,0.02490,1.01318,29.25
$MAG,2569.659,-0.340,-0.274,-0.903,28.1
$IMU,2569.661,0.000,-0.488,-0.244,0.01611,0.02685,1.01171,29.25
$IMU,2569.663,-0.183,-0.183,-0.122,0.01513,0.02246,1.01464,29.25
$IMU,2569.666,-0.244,-0.244,-0.183,0.01562,0.02050,1.01513,29.25
$IMU,2569.668,-0.183,-0.427,-0.183,0.01708,0.02050,1.01513,29.25
$MAG,2569.669,-0.333,-0.274,-0.900,28.1
$IMU,2569.670,-0.305,-0.305,-0.122,0.01367,0.02392,1.01611,29.25
$IMU,2569.673,-0.244,-0.183,-0.183,0.01464,0.02246,1.01562,29.25
$BARO,2569.675,86434.48,29.20
$IMU,2569.675,-0.244,-0.305,-0.122,0.01757,0.02148,1.01464,29.25
$IMU,2569.677,-0.305,-0.244,-0.183,0.01660,0.02148,1.01464,29.24
$MAG,2569.679,-0.343,-0.279,-0.898,28.3
$IMU,2569.680,-0.183,-0.183,-0.183,0.01367,0.02392,1.01611,29.24
$IMU,2569.682,-0.183,-0.183,-0.122,0.01708,0.02197,1.01855,29.24
$IMU,2569.684,-0.183,-0.183,-0.122,0.01855,0.02294,1.01416,29.24
$IMU,2569.687,-0.122,-0.183,-0.183,0.01464,0.02343,1.01464,29.24
$MAG,2569.689,-0.333,-0.277,-0.904,28.2
$IMU,2569.689,-0.183,-0.122,-0.183,0.01464,0.02343,1.01562,29.24
$IMU,2569.691,-0.183,-0.122,-0.183,0.01611,0.02343,1.01367,29.24
$IMU,2569.694,-0.244,0.000,-0.183,0.01416,0.02197,1.01464,29.24
$IMU,2569.696,-0.183,0.000,-0.244,0.01757,0.02490,1.01513,29.25
$MAG,2569.699,-0.342,-0.277,-0.898,28.2
$IMU,2569.699,-0.183,-0.061,-0.122,0.01757,0.02392,1.01562,29.25
$IMU,2569.701,-0.244,0.000,-0.183,0.01806,0.02392,1.01757,29.25
$IMU,2569.703,-0.183,0.061,-0.183,0.01562,0.02783,1.01660,29.25
$IMU,2569.706,-0.305,0.061,-0.183,0.01855,0.02490,1.01562,29.25
$IMU,2569.708,-0.305,-0.061,-0.183,0.01464,0.02685,1.01416,29.25
$MAG,2569.710,-0.340,-0.279,-0.894,28.2
$IMU,2569.710,-0.366,0.000,-0.122,0.01855,0.02343,1.01464,29.25
$IMU,2569.713,-0.305,-0.061,-0.183,0.01220,0.02294,1.01416,29.25
$IMU,2569.715,-0.366,-0.061,-0.183,0.01367,0.02246,1.01318,29.29
$IMU,2569.717,-0.427,0.061,-0.183,0.01513,0.02246,1.01367,29.29
$MAG,2569.720,-0.346,-0.274,-0.906,28.2
$IMU,2569.720,-0.305,-0.244,-0.183,0.01367,0.02148,1.01367,29.29
$IMU,2569.722,-0.366,-0.122,-0.183,0.01123,0.02294,1.01416,29.29
$IMU,2569.724,-0.366,-0.183,-0.183,0.01513,0.02294,1.01171,29.29
$IMU,2569.727,-0.183,-0.305,-0.183,0.01855,0.02050,1.01318,29.29
$IMU,2569.729,-0.183,-0.183,-0.122,0.01611,0.02246,1.01464,29.29
$MAG,2569.730,-0.339,-0.271,-0.897,28.2
$IMU,2569.731,-0.244,-0.122,-0.122,0.01367,0.02343,1.01513,29.29
$IMU,2569.734,-0.183,-0.061,-0.122,0.01562,0.02148,1.01318,29.26
$IMU,2569.736,-0.061,-0.244,-0.183,0.01611,0.02343,1.01464,29.26
$IMU,2569.738,-0.122,-0.305,-0.244,0.01757,0.02246,1.01513,29.26
$MAG,2569.740,-0.340,-0.274,-0.901,28.1
$IMU,2569.741,-0.122,-0.183,-0.244,0.01513,0.02490,1.01318,29.26
$IMU,2569.743,-0.244,-0.061,-0.122,0.01562,0.02636,1.01416,29.26
$IMU,2569.745,-0.183,-0.061,-0.183,0.01806,0.02294,1.01464,29.26
$IMU,2569.748,-0.122,-0.122,-0.244,0.01855,0.02197,1.01513,29.26
$MAG,2569.750,-0.348,-0.273,-0.906,28.1
$IMU,2569.750,-0.183,-0.244,-0.183,0.01806,0.02441,1.01269,29.26
$IMU,2569.752,-0.183,-0.244,-0.183,0.01757,0.02392,1.01660,29.23
$IMU,2569.755,-0.244,0.000,-0.183,0.01660,0.02490,1.01416,29.23
$IMU,2569.757,-0.244,-0.061,-0.122,0.02001,0.02392,1.01123,29.23
$IMU,2569.760,-0.183,-0.183,-0.183,0.01708,0.02148,1.01464,29.23
$MAG,2569.760,-0.343,-0.273,-0.903,28.2
$IMU,2569.762,-0.183,-0.183,-0.183,0.01611,0.02246,1.01513,29.23
$IMU,2569.764,-0.183,-0.183,-0.183,0.01269,0.02343,1.01464,29.23
$IMU,2569.767,-0.305,-0.122,-0.244,0.01318,0.02246,1.01416,29.23
$IMU,2569.769,-0.366,-0.061,-0.183,0.01562,0.02148,1.01611,29.23
$MAG,2569.770,-0.337,-0.279,-0.904,28.2
$IMU,2569.771,-0.305,-0.061,-0.183,0.01611,0.02099,1.01660,29.25
$IMU,2569.774,-0.183,-0.183,-0.183,0.01806,0.02099,1.01416,29.25
$BARO,2569.776,86420.97,29.20
$IMU,2569.776,-0.366,-0.061,-0.183,0.01513,0.02294,1.01562,29.25
$IMU,2569.778,-0.366,0.000,-0.183,0.01318,0.02392,1.01464,29.25
$MAG,2569.780,-0.340,-0.271,-0.906,28.3
$IMU,2569.781,-0.305,0.000,-0.183,0.01806,0.02343,1.01171,29.25
$IMU,2569.783,-0.244,-0.122,-0.244,0.01611,0.02441,1.01513,29.25
$IMU,2569.785,-0.244,0.000,-0.183,0.01611,0.02490,1.01513,29.25
$IMU,2569.788,-0.183,-0.183,-0.122,0.01660,0.02343,1.01367,29.25
$MAG,2569.790,-0.337,-0.267,-0.901,28.2
$IMU,2569.790,-0.122,-0.244,-0.122,0.01660,0.02197,1.01464,29.23
$VBAT,2569.791,4.132
$IMU,2569.792,-0.122,-0.122,-0.122,0.01611,0.02636,1.01318,29.23
$IMU,2569.795,-0.183,-0.061,-0.183,0.01513,0.02636,1.01318,29.23
$IMU,2569.797,-0.244,-0.122,-0.183,0.01757,0.02392,1.01367,29.23
$IMU,2569.799,-0.122,-0.183,-0.122,0.01660,0.02587,1.01171,29.23
$MAG,2569.800,-0.346,-0.270,-0.895,28.2
$IMU,2569.802,-0.122,-0.244,-0.183,0.01757,0.02050,1.01367,29.23
$IMU,2569.804,-0.183,-0.122,-0.244,0.01708,0.02197,1.01318,29.23
$IMU,2569.806,-0.244,-0.061,-0.183,0.01757,0.02441,1.01220,29.23
$IMU,2569.809,-0.244,0.061,-0.122,0.01953,0.02490,1.01464,29.24
$MAG,2569.811,-0.330,-0.276,-0.895,28.2
$IMU,2569.811,-0.305,0.000,-0.183,0.01611,0.02441,1.01464,29.24
$IMU,2569.813,-0.244,-0.183,-0.244,0.01757,0.02490,1.01513,29.24
$IMU,2569.816,-0.183,-0.183,-0.061,0.01562,0.02587,1.01367,29.24
$IMU,2569.818,-0.244,-0.061,-0.183,0.01513,0.02880,1.01171,29.24
$MAG,2569.821,-0.343,-0.273,-0.900,28.2
$IMU,2569.821,-0.305,-0.122,-0.183,0.01513,0.02539,1.01318,29.24
$IMU,2569.823,-0.244,-0.183,-0.183,0.01513,0.02539,1.01367,29.24
$IMU,2569.825,-0.305,-0.244,-0.183,0.01708,0.02539,1.01416,29.24
$IMU,2569.828,-0.305,-0.244,-0.183,0.01708,0.02001,1.01416,29.23
$IMU,2569.830,-0.488,0.000,-0.183,0.01318,0.02197,1.01513,29.23
$MAG,2569.831,-0.334,-0.274,-0.901,28.2
$IMU,2569.832,-0.427,0.122,-0.122,0.01757,0.02392,1.01416,29.23
$IMU,2569.835,-0.305,-0.183,-0.183,0.01562,0.02441,1.01171,29.23
$IMU,2569.837,-0.183,-0.305,-0.122,0.01416,0.02392,1.01464,29.23
$IMU,2569.839,-0.244,-0.183,-0.122,0.01562,0.02148,1.01611,29.23
$MAG,2569.841,-0.340,-0.277,-0.909,28.2
$IMU,2569.842,-0.244,-0.244,-0.183,0.01367,0.02148,1.01708,29.23
$IMU,2569.844,-0.122,-0.244,-0.183,0.01806,0.02148,1.01513,29.23
$IMU,2569.846,-0.183,-0.122,-0.183,0.01708,0.02392,1.01708,29.21
$IMU,2569.849,-0.183,-0.122,-0.122,0.01660,0.02343,1.01660,29.21
$MAG,2569.851,-0.345,-0.273,-0.901,28.2
$IMU,2569.851,-0.183,0.000,-0.122,0.01611,0.02050,1.01708,29.21
$IMU,2569.853,-0.183,-0.061,-0.122,0.01708,0.02001,1.01562,29.21
$IMU,2569.856,-0.305,0.061,-0.122,0.01708,0.02148,1.01416,29.21
$IMU,2569.858,-0.305,0.122,-0.122,0.02001,0.02490,1.01513,29.21
$IMU,2569.860,-0.183,0.122,-0.183,0.01562,0.02392,1.01464,29.21
$MAG,2569.861,-0.342,-0.268,-0.901,28.1
$IMU,2569.863,-0.305,0.000,-0.183,0.01660,0.02343,1.01074,29.21
$IMU,2569.865,-0.183,-0.061,-0.244,0.01562,0.02539,1.01367,29.24
$IMU,2569.867,-0.183,-0.122,-0.183,0.01708,0.02392,1.01074,29.24
$IMU,2569.870,-0.366,0.000,-0.183,0.01513,0.02343,1.01562,29.24
$MAG,2569.871,-0.334,-0.274,-0.898,28.2
$IMU,2569.872,-0.366,0.000,-0.244,0.01855,0.02441,1.01171,29.24
$IMU,2569.874,-0.244,-0.183,-0.183,0.01855,0.01904,1.01318,29.24
$BARO,2569.877,86429.80,29.21
$IMU,2569.877,-0.244,-0.244,-0.122,0.01855,0.02050,1.01269,29.24
$IMU,2569.879,-0.244,-0.183,-0.122,0.01367,0.02392,1.01367,29.24
$MAG,2569.881,-0.343,-0.276,-0.909,28.3
$IMU,2569.882,-0.366,-0.061,-0.183,0.01269,0.02099,1.01123,29.24
$IMU,2569.884,-0.305,-0.122,-0.183,0.01464,0.02050,1.01416,29.25
$IMU,2569.886,-0.366,-0.122,-0.244,0.01318,0.02441,1.01269,29.25
$IMU,2569.889,-0.244,-0.366,-0.122,0.01513,0.02343,1.01416,29.25
$MAG,2569.891,-0.334,-0.271,-0.910,28.1
$IMU,2569.891,-0.122,-0.366,-0.183,0.01806,0.02441,1.01562,29.25
$IMU,2569.893,-0.183,-0.183,-0.183,0.01708,0.02587,1.01416,29.25
$IMU,2569.896,-0.244,-0.122,-0.183,0.01562,0.02343,1.01513,29.25
$IMU,2569.898,-0.244,-0.122,-0.183,0.01757,0.02197,1.01708,29.25
$IMU,2569.900,-0.183,-0.244,-0.183,0.01855,0.02148,1.01318,29.25
$MAG,2569.901,-0.334,-0.268,-0.897,28.2
$IMU,2569.903,-0.183,-0.183,-0.122,0.01757,0.02490,1.01318,29.23
$IMU,2569.905,-0.244,-0.061,-0.183,0.02001,0.02587,1.01660,29.23
$IMU,2569.907,-0.244,-0.061,-0.183,0.02050,0.02294,1.01318,29.23
$IMU,2569.910,-0.183,0.000,-0.122,0.01708,0.02099,1.01562,29.23
$IMU,2569.912,-0.183,-0.122,-0.122,0.01708,0.02539,1.01367,29.23
$MAG,2569.912,-0.342,-0.265,-0.904,28.3
$IMU,2569.914,-0.122,-0.183,-0.244,0.01757,0.02539,1.01611,29.23
$IMU,2569.917,-0.183,-0.183,-0.122,0.01708,0.02197,1.01367,29.23
$IMU,2569.919,-0.183,-0.122,-0.183,0.01904,0.02441,1.01269,29.23
$IMU,2569.921,-0.122,-0.183,-0.183,0.01660,0.02197,1.01318,29.21
$MAG,2569.922,-0.345,-0.274,-0.907,28.2
$IMU,2569.924,-0.183,0.000,-0.183,0.01513,0.01953,1.01562,29.21
$IMU,2569.926,-0.305,-0.061,-0.183,0.01757,0.02197,1.01367,29.21
$IMU,2569.928,-0.244,-0.122,-0.183,0.01513,0.02050,1.01513,29.21
$IMU,2569.931,-0.244,-0.122,-0.122,0.01611,0.02441,1.01416,29.21
$MAG,2569.932,-0.340,-0.267,-0.900,28.2
$IMU,2569.933,-0.244,0.000,-0.122,0.01464,0.02099,1.01464,29.21
$IMU,2569.935,-0.305,0.000,-0.122,0.01660,0.02392,1.01416,29.21
$IMU,2569.938,-0.183,-0.061,-0.183,0.01660,0.02539,1.01367,29.21
$IMU,2569.940,-0.183,-0.061,-0.122,0.01660,0.02587,1.01464,29.26
$MAG,2569.942,-0.345,-0.261,-0.901,28.1
$IMU,2569.943,-0.244,-0.122,-0.122,0.01513,0.02099,1.01513,29.26
$IMU,2569.945,-0.305,-0.183,-0.183,0.01269,0.02294,1.01464,29.26
$IMU,2569.947,-0.366,-0.122,-0.122,0.01513,0.02246,1.01416,29.26
$IMU,2569.950,-0.305,-0.122,-0.183,0.01416,0.02246,1.01464,29.26
$MAG,2569.952,-0.342,-0.273,-0.906,28.1
$IMU,2569.952,-0.244,-0.366,-0.122,0.01708,0.02246,1.01464,29.26
$IMU,2569.954,-0.183,-0.183,-0.183,0.01611,0.02148,1.01660,29.26
$IMU,2569.957,-0.183,-0.122,-0.183,0.01904,0.02099,1.01660,29.26
$IMU,2569.959,-0.183,-0.183,-0.183,0.01953,0.02148,1.01562,29.17
$IMU,2569.961,-0.183,-0.183,-0.122,0.01757,0.02587,1.01416,29.17
$MAG,2569.962,-0.337,-0.273,-0.898,28.2
$IMU,2569.964,-0.183,-0.061,-0.183,0.01562,0.02539,1.01562,29.17
$IMU,2569.966,-0.183,-0.061,-0.183,0.01562,0.02587,1.01562,29.17
$IMU,2569.968,-0.183,-0.122,-0.122,0.01708,0.02929,1.01367,29.17
$IMU,2569.971,-0.305,0.061,-0.183,0.01660,0.02685,1.01269,29.17
$MAG,2569.972,-0.339,-0.271,-0.897,28.2
$IMU,2569.973,-0.305,-0.061,-0.183,0.01611,0.02246,1.01562,29.17
$IMU,2569.975,-0.305,-0.061,-0.183,0.01806,0.02539,1.01367,29.17
$IMU,2569.978,-0.305,-0.183,-0.122,0.01513,0.02099,1.01416,29.25
$BARO,2569.979,86426.16,29.21
$IMU,2569.980,-0.305,-0.244,-0.183,0.01562,0.01904,1.01464,29.25
$MAG,2569.982,-0.340,-0.273,-0.903,28.2
$IMU,2569.982,-0.305,-0.122,-0.122,0.01562,0.02099,1.01416,29.25
$IMU,2569.985,-0.366,0.000,-0.122,0.01806,0.02490,1.01611,29.25
$IMU,2569.987,-0.366,-0.061,-0.244,0.01806,0.02099,1.01513,29.25
$IMU,2569.989,-0.366,-0.122,-0.244,0.01660,0.02294,1.01611,29.25
$MAG,2569.992,-0.336,-0.270,-0.901,28.2
$IMU,2569.992,-0.244,-0.305,-0.183,0.01611,0.01904,1.01171,29.25
$IMU,2569.994,-0.244,-0.183,-0.183,0.01806,0.02099,1.01562,29.25
$IMU,2569.996,-0.244,-0.122,-0.183,0.01416,0.02490,1.01367,29.25
$IMU,2569.999,-0.183,-0.244,-0.183,0.01562,0.02197,1.01464,29.25
$IMU,2570.001,-0.183,-0.244,-0.183,0.01611,0.02246,1.01464,29.25
$MAG,2570.002,-0.340,-0.273,-0.900,28.1
$IMU,2570.003,-0.183,-0.122,-0.183,0.01757,0.02441,1.01562,29.25
$IMU,2570.006,-0.061,-0.183,-0.122,0.01757,0.02441,1.01806,29.25
$IMU,2570.008,-0.061,-0.183,-0.122,0.01904,0.02392,1.01416,29.25
$IMU,2570.011,-0.183,-0.061,-0.061,0.01855,0.02587,1.01318,29.25
$MAG,2570.013,-0.328,-0.270,-0.904,28.2
$IMU,2570.013,-0.122,-0.122,-0.183,0.01855,0.02636,1.01562,29.25
$IMU,2570.015,-0.183,-0.122,-0.183,0.01904,0.02246,1.01416,29.28
$IMU,2570.018,-0.122,-0.183,-0.122,0.01806,0.02490,1.01708,29.28
$IMU,2570.020,-0.244,-0.061,-0.183,0.01464,0.02441,1.01562,29.28
$IMU,2570.022,-0.305,0.000,-0.183,0.01562,0.02294,1.01464,29.28
$MAG,2570.023,-0.337,-0.274,-0.895,28.2
$IMU,2570.025,-0.366,0.122,-0.183,0.01367,0.02294,1.01318,29.28
$IMU,2570.027,-0.244,0.000,-0.183,0.01123,0.02685,1.01220,29.28
$IMU,2570.029,-0.366,0.000,-0.183,0.01464,0.02343,1.01318,29.28
$IMU,2570.032,-0.305,-0.061,-0.244,0.01269,0.02734,1.01220,29.28
$MAG,2570.033,-0.339,-0.273,-0.903,28.2
$IMU,2570.034,-0.427,0.122,-0.244,0.01611,0.02343,1.01367,29.24
$IMU,2570.036,-0.366,-0.061,-0.183,0.01416,0.02148,1.01513,29.24
$IMU,2570.039,-0.305,-0.244,-0.183,0.01318,0.02343,1.01269,29.24
$IMU,2570.041,-0.244,-0.244,-0.122,0.01318,0.02294,1.01367,29.24
$MAG,2570.043,-0.339,-0.268,-0.898,28.1
$IMU,2570.043,-0.183,-0.427,-0.183,0.01464,0.02148,1.01513,29.24
$IMU,2570.046,-0.183,-0.183,-0.244,0.01806,0.02246,1.01367,29.24
$IMU,2570.048,-0.244,-0.183,-0.244,0.01660,0.01904,1.01708,29.24
$IMU,2570.050,-0.244,-0.183,-0.183,0.01513,0.02441,1.01757,29.24
$MAG,2570.053,-0.328,-0.276,-0.907,28.3
$IMU,2570.053,0.061,-0.488,-0.122,0.01416,0.02392,1.01367,29.24
$IMU,2570.055,0.000,-0.366,-0.183,0.01562,0.02392,1.01416,29.24
$IMU,2570.057,-0.122,-0.061,-0.183,0.01708,0.02197,1.01123,29.24
$IMU,2570.060,-0.183,-0.061,-0.122,0.01855,0.02392,1.01318,29.24
$IMU,2570.062,-0.061,-0.122,-0.183,0.01806,0.02343,1.01513,29.24
$MAG,2570.063,-0.345,-0.268,-0.910,28.5
$IMU,2570.064,-0.061,-0.183,-0.183,0.01757,0.02050,1.01318,29.24
$IMU,2570.067,-0.061,-0.183,-0.122,0.01269,0.02392,1.01074,29.24
$IMU,2570.069,-0.183,-0.183,-0.122,0.01562,0.02392,1.01513,29.24
$IMU,2570.072,-0.244,-0.122,-0.183,0.01806,0.02343,1.01025,29.26
$MAG,2570.073,-0.333,-0.271,-0.907,28.2
$IMU,2570.074,-0.305,-0.122,-0.183,0.01562,0.02343,1.01318,29.26
$IMU,2570.076,-0.244,-0.122,-0.183,0.01513,0.02636,1.01220,29.26
$IMU,2570.079,-0.183,-0.183,-0.122,0.01806,0.02246,1.01269,29.26
$BARO,2570.080,86428.31,29.22
$IMU,2570.081,-0.244,-0.183,-0.183,0.02001,0.02343,1.01416,29.26
$MAG,2570.083,-0.337,-0.282,-0.901,28.1
$IMU,2570.083,-0.244,-0.122,-0.183,0.01367,0.02294,1.01318,29.26
$IMU,2570.086,-0.366,-0.061,-0.183,0.01708,0.02294,1.01269,29.26
$IMU,2570.088,-0.366,0.000,-0.122,0.01562,0.02197,1.01611,29.26
$IMU,2570.090,-0.366,-0.122,-0.183,0.01562,0.02636,1.01367,29.25
$MAG,2570.093,-0.340,-0.273,-0.901,28.1
$IMU,2570.093,-0.366,-0.122,-0.183,0.01464,0.02441,1.01611,29.25
$IMU,2570.095,-0.244,-0.183,-0.183,0.01855,0.02246,1.01416,29.25
$IMU,2570.097,-0.244,-0.305,-0.183,0.01513,0.02392,1.01611,29.25
$IMU,2570.100,-0.305,-0.244,-0.244,0.01562,0.02148,1.01708,29.25
$IMU,2570.102,-0.305,-0.183,-0.244,0.01562,0.02294,1.01708,29.25
$MAG,2570.103,-0.334,-0.274,-0.904,28.2
$IMU,2570.104,-0.244,-0.183,-0.183,0.02050,0.02294,1.01367,29.25
$IMU,2570.107,-0.244,-0.183,-0.183,0.01708,0.02246,1.01660,29.25
$IMU,2570.109,-0.183,-0.122,-0.244,0.01708,0.02294,1.01611,29.27
$IMU,2570.111,-0.183,-0.061,-0.122,0.01904,0.02197,1.01513,29.27
$MAG,2570.114,-0.333,-0.274,-0.906,28.2
$IMU,2570.114,-0.122,-0.061,-0.244,0.01757,0.02294,1.01318,29.27
$IMU,2570.116,-0.122,-0.244,-0.244,0.01562,0.02246,1.01513,29.27
$IMU,2570.118,-0.183,-0.183,-0.183,0.01708,0.02148,1.01660,29.27
$IMU,2570.121,-0.183,-0.122,-0.122,0.01660,0.02197,1.01513,29.27
$IMU,2570.123,-0.183,-0.122,-0.183,0.01611,0.02490,1.01513,29.27
$MAG,2570.124,-0.334,-0.276,-0.906,28.2
$IMU,2570.125,-0.244,-0.061,-0.122,0.01953,0.02343,1.01269,29.27
$IMU,2570.128,-0.122,-0.122,-0.122,0.01660,0.02490,1.01269,29.28
$IMU,2570.130,-0.244,0.000,-0.244,0.02001,0.02441,1.01318,29.28
$IMU,2570.133,-0.244,-0.122,-0.244,0.01611,0.02490,1.01464,29.28
$MAG,2570.134,-0.345,-0.270,-0.897,28.3
$IMU,2570.135,-0.305,0.000,-0.244,0.01660,0.02294,1.01513,29.28
$HUM,2570.137,37.2,29.6
$IMU,2570.137,-0.366,0.061,-0.183,0.01708,0.02050,1.01513,29.28
$IMU,2570.140,-0.305,0.000,-0.244,0.01611,0.02343,1.01367,29.28
$IMU,2570.142,-0.244,-0.122,-0.183,0.01416,0.02050,1.01074,29.28
$MAG,2570.144,-0.339,-0.279,-0.903,28.1
$IMU,2570.144,-0.183,-0.183,-0.122,0.01513,0.02246,1.01269,29.28
$IMU,2570.147,-0.244,-0.183,-0.122,0.01513,0.02099,1.01074,29.25
$IMU,2570.149,-0.244,-0.244,-0.122,0.01513,0.02539,1.01171,29.25
$IMU,2570.151,-0.305,-0.183,-0.183,0.01660,0.02148,1.01367,29.25
$MAG,2570.154,-0.336,-0.274,-0.903,28.1
$IMU,2570.154,-0.244,-0.183,-0.183,0.01757,0.02148,1.01464,29.25
$IMU,2570.156,-0.244,-0.122,-0.183,0.01611,0.02246,1.01367,29.25
$IMU,2570.158,-0.244,-0.183,-0.122,0.01708,0.02294,1.01269,29.25
$IMU,2570.161,-0.244,-0.183,-0.183,0.01513,0.02197,1.01416,29.25
$IMU,2570.163,-0.183,-0.061,-0.122,0.01806,0.02050,1.01220,29.25
$MAG,2570.164,-0.349,-0.277,-0.901,28.2
$IMU,2570.165,-0.183,-0.122,-0.244,0.01513,0.02197,1.01367,29.25
$IMU,2570.168,-0.183,-0.244,-0.122,0.01806,0.02197,1.01660,29.25
$IMU,2570.170,-0.183,-0.061,-0.183,0.01660,0.02539,1.01660,29.25
$IMU,2570.172,-0.244,-0.122,-0.183,0.01660,0.02099,1.01757,29.25
$MAG,2570.174,-0.342,-0.274,-0.909,28.1
$IMU,2570.175,-0.244,-0.061,-0.122,0.02001,0.02197,1.01562,29.25
$IMU,2570.177,-0.183,-0.061,-0.183,0.01904,0.02392,1.01513,29.25
$IMU,2570.179,-0.183,-0.122,-0.183,0.01562,0.02539,1.01611,29.25
$BARO,2570.182,86429.07,29.22
$IMU,2570.182,-0.244,-0.122,-0.122,0.01611,0.02294,1.01318,29.25
$MAG,2570.184,-0.337,-0.276,-0.900,28.1
$IMU,2570.184,-0.305,0.061,-0.183,0.01464,0.02294,1.01513,29.21
$IMU,2570.186,-0.366,0.061,-0.183,0.01513,0.02246,1.01464,29.21
$IMU,2570.189,-0.305,0.000,-0.183,0.01367,0.02539,1.01318,29.21
$IMU,2570.191,-0.305,-0.183,-0.122,0.01123,0.02636,1.01611,29.21
$MAG,2570.194,-0.346,-0.265,-0.904,28.3
$IMU,2570.194,-0.244,-0.183,-0.183,0.01416,0.02490,1.01367,29.21
$IMU,2570.196,-0.305,-0.183,-0.244,0.01318,0.02343,1.01318,29.21
$IMU,2570.198,-0.366,0.000,-0.183,0.01562,0.02392,1.01220,29.21
$IMU,2570.201,-0.305,-0.122,-0.183,0.01416,0.02148,1.01416,29.21
$IMU,2570.203,-0.305,-0.183,-0.183,0.01708,0.02294,1.01708,29.25
$MAG,2570.204,-0.342,-0.271,-0.906,28.2
$IMU,2570.205,-0.244,-0.244,-0.183,0.01611,0.02099,1.01367,29.25
$IMU,2570.208,-0.183,-0.183,-0.183,0.01708,0.02148,1.01464,29.25
$IMU,2570.210,-0.183,-0.244,-0.244,0.01757,0.02246,1.01562,29.25
$IMU,2570.212,-0.183,-0.061,-0.244,0.01757,0.02246,1.01464,29.25
$MAG,2570.214,-0.336,-0.268,-0.901,28.2
$IMU,2570.215,-0.122,-0.183,-0.122,0.01562,0.02294,1.01562,29.25
$IMU,2570.217,-0.122,-0.122,-0.061,0.01953,0.02343,1.01367,29.25
$IMU,2570.219,-0.061,-0.061,-0.122,0.01611,0.02441,1.01562,29.25
$IMU,2570.222,-0.244,0.000,-0.122,0.01708,0.02343,1.01660,29.26
$IMU,2570.224,-0.122,-0.183,-0.244,0.01513,0.02636,1.01220,29.26
$MAG,2570.225,-0.342,-0.270,-0.906,28.2
$IMU,2570.226,-0.183,0.000,-0.183,0.01708,0.02392,1.01367,29.26
$IMU,2570.229,-0.183,-0.183,-0.183,0.01806,0.02587,1.01171,29.26
$IMU,2570.231,-0.244,0.061,-0.122,0.01416,0.02685,1.01220,29.26
$IMU,2570.233,-0.244,0.061,-0.183,0.01855,0.02539,1.01074,29.26
$MAG,2570.235,-0.330,-0.271,-0.904,28.2
$IMU,2570.236,-0.244,-0.061,-0.122,0.01708,0.02001,1.01367,29.26
$IMU,2570.238,-0.305,-0.061,-0.183,0.01513,0.02392,1.01171,29.26
$IMU,2570.240,-0.366,0.061,-0.183,0.01611,0.02392,1.01464,29.28
$IMU,2570.243,-0.305,-0.183,-0.122,0.01171,0.02636,1.01367,29.28
$MAG,2570.245,-0.336,-0.277,-0.901,28.2
$IMU,2570.245,-0.305,-0.122,-0.122,0.01806,0.02343,1.01513,29.28
$IMU,2570.247,-0.244,-0.183,-0.183,0.01562,0.02441,1.01220,29.28
$IMU,2570.250,-0.244,-0.244,-0.183,0.02001,0.02246,1.01513,29.28
$IMU,2570.252,-0.305,-0.244,-0.183,0.01855,0.02294,1.01660,29.28
$MAG,2570.255,-0.340,-0.273,-0.895,28.2
$IMU,2570.255,-0.244,-0.183,-0.183,0.01464,0.02294,1.01611,29.28
$IMU,2570.257,-0.244,-0.244,-0.244,0.01660,0.02343,1.01660,29.28
$IMU,2570.259,-0.244,-0.366,-0.183,0.01318,0.02441,1.01611,29.23
$IMU,2570.262,-0.244,-0.183,-0.183,0.01464,0.02343,1.01757,29.23
$IMU,2570.264,-0.244,0.000,-0.183,0.01660,0.02099,1.01611,29.23
$MAG,2570.265,-0.339,-0.276,-0.904,28.2
$IMU,2570.266,-0.183,-0.061,-0.305,0.01757,0.02294,1.01513,29.23
$IMU,2570.269,-0.122,-0.183,-0.183,0.01806,0.02148,1.01562,29.23
$IMU,2570.271,-0.061,-0.244,-0.183,0.01562,0.02197,1.01171,29.23
$IMU,2570.273,-0.183,-0.122,-0.122,0.01708,0.02294,1.01416,29.23
$MAG,2570.275,-0.343,-0.277,-0.901,28.1
$IMU,2570.276,-0.244,-0.061,-0.061,0.01708,0.02441,1.01562,29.23
$IMU,2570.278,-0.183,-0.122,-0.183,0.01855,0.02197,1.01611,29.28
$IMU,2570.280,-0.122,-0.122,-0.183,0.01757,0.02294,1.01513,29.28
$BARO,2570.283,86436.33,29.22
$IMU,2570.283,-0.183,-0.122,-0.183,0.01757,0.02441,1.01464,29.28
$MAG,2570.285,-0.337,-0.273,-0.906,28.2
$IMU,2570.285,-0.122,-0.183,-0.122,0.01904,0.02783,1.01416,29.28
$IMU,2570.287,-0.244,-0.122,-0.244,0.01806,0.02392,1.01318,29.28
$IMU,2570.290,-0.305,0.061,-0.244,0.01757,0.02490,1.01562,29.28
$IMU,2570.292,-0.305,-0.061,-0.183,0.01464,0.02343,1.01220,29.28
$IMU,2570.294,-0.305,-0.183,-0.183,0.01757,0.02441,1.01318,29.28
$MAG,2570.295,-0.342,-0.273,-0.898,28.5
$IMU,2570.297,-0.244,-0.122,-0.244,0.01513,0.02490,1.01367,29.24
$IMU,2570.299,-0.366,0.000,-0.183,0.01464,0.02587,1.01562,29.24
$IMU,2570.301,-0.366,-0.061,-0.122,0.01708,0.02050,1.01318,29.24
$IMU,2570.304,-0.427,0.000,-0.122,0.01757,0.02343,1.01269,29.24
$MAG,2570.305,-0.333,-0.265,-0.901,28.3
$IMU,2570.306,-0.366,-0.061,-0.183,0.01025,0.02197,1.01660,29.24
$IMU,2570.308,-0.366,-0.244,-0.244,0.01269,0.02197,1.01367,29.24
$IMU,2570.311,-0.244,-0.244,-0.244,0.01708,0.02343,1.01660,29.24
$IMU,2570.313,-0.183,-0.305,-0.244,0.01855,0.02392,1.01171,29.24
$MAG,2570.315,-0.337,-0.267,-0.895,28.2
$IMU,2570.316,-0.244,-0.061,-0.183,0.01806,0.02148,1.01562,29.25
$IMU,2570.318,-0.183,-0.183,-0.244,0.01708,0.02441,1.01416,29.25
$IMU,2570.320,-0.183,-0.122,-0.183,0.01904,0.02441,1.01611,29.25
$IMU,2570.323,-0.122,-0.122,-0.183,0.02001,0.02294,1.01367,29.25
$IMU,2570.325,-0.183,-0.122,-0.122,0.01416,0.02343,1.01416,29.25
$MAG,2570.326,-0.336,-0.268,-0.901,28.2
$IMU,2570.327,-0.305,0.061,-0.122,0.01464,0.02148,1.01562,29.25
$IMU,2570.330,-0.244,0.000,-0.122,0.02050,0.02148,1.01562,29.25
$IMU,2570.332,-0.183,-0.061,-0.183,0.01855,0.02197,1.01464,29.25
$IMU,2570.334,-0.183,-0.183,-0.183,0.01660,0.02050,1.01171,29.22
$MAG,2570.336,-0.340,-0.271,-0.904,28.2
$IMU,2570.337,-0.183,-0.061,-0.244,0.01806,0.02099,1.01367,29.22
$IMU,2570.339,-0.305,0.000,-0.183,0.01513,0.02392,1.01123,29.22
$IMU,2570.341,-0.244,0.000,-0.183,0.01660,0.02539,1.01562,29.22
$IMU,2570.344,-0.305,-0.061,-0.244,0.01660,0.02832,1.01708,29.22
$MAG,2570.346,-0.342,-0.282,-0.904,28.1
$IMU,2570.346,-0.183,-0.183,-0.183,0.01660,0.02490,1.01611,29.22
$IMU,2570.348,-0.244,-0.183,-0.183,0.01513,0.02490,1.01367,29.22
$IMU,2570.351,-0.366,-0.061,-0.183,0.01513,0.02246,1.01464,29.22
$IMU,2570.353,-0.366,0.000,-0.061,0.01513,0.02392,1.01416,29.25
$IMU,2570.355,-0.244,-0.244,-0.183,0.01464,0.02343,1.01464,29.25
$MAG,2570.356,-0.340,-0.271,-0.900,28.3
$IMU,2570.358,-0.244,-0.244,-0.183,0.01367,0.02148,1.01367,29.25
$IMU,2570.360,-0.244,-0.183,-0.122,0.01708,0.02294,1.01464,29.25
$IMU,2570.362,-0.183,-0.183,-0.183,0.01513,0.01953,1.01708,29.25
$IMU,2570.365,-0.305,-0.061,-0.122,0.01708,0.02197,1.01220,29.25
$MAG,2570.366,-0.337,-0.273,-0.897,28.2
$IMU,2570.367,-0.183,-0.183,-0.183,0.01806,0.02197,1.01269,29.25
$IMU,2570.369,-0.183,-0.183,-0.183,0.01708,0.02392,1.01416,29.25
$IMU,2570.372,-0.122,-0.122,-0.122,0.02099,0.02197,1.01220,29.25
$IMU,2570.374,-0.244,0.000,-0.183,0.01855,0.02148,1.01660,29.25
$MAG,2570.376,-0.346,-0.276,-0.909,28.1
$IMU,2570.377,-0.244,-0.061,-0.122,0.01416,0.02294,1.01513,29.25
$IMU,2570.379,-0.305,0.000,-0.061,0.01416,0.02392,1.01318,29.25
$IMU,2570.381,-0.244,-0.122,-0.183,0.01708,0.02539,1.01318,29.25
$IMU,2570.384,-0.244,0.000,-0.122,0.01220,0.02343,1.01367,29.25
$BARO,2570.385,86425.36,29.22
$MAG,2570.386,-0.339,-0.270,-0.903,28.2
$IMU,2570.386,-0.122,-0.122,-0.244,0.01513,0.02539,1.01171,29.25
$IMU,2570.388,-0.183,-0.061,-0.244,0.01367,0.02441,1.01464,29.25
$IMU,2570.391,-0.122,-0.061,-0.183,0.01953,0.02490,1.01416,29.24
$IMU,2570.393,-0.244,0.000,-0.122,0.02001,0.02539,1.01464,29.24
$IMU,2570.395,-0.305,0.000,-0.183,0.01757,0.02343,1.01464,29.24
$MAG,2570.396,-0.340,-0.277,-0.898,28.2
$IMU,2570.398,-0.244,-0.122,-0.183,0.01855,0.02392,1.01513,29.24
$IMU,2570.400,-0.427,0.061,-0.122,0.01513,0.02392,1.01123,29.24
$IMU,2570.402,-0.427,0.122,-0.183,0.01562,0.02294,1.01318,29.24
$IMU,2570.405,-0.305,-0.061,-0.183,0.02001,0.02392,1.00976,29.24
$MAG,2570.406,-0.339,-0.274,-0.904,28.2
$IMU,2570.407,-0.244,-0.122,-0.183,0.01708,0.02392,1.01171,29.24
$IMU,2570.409,-0.305,-0.061,-0.183,0.01757,0.02343,1.01074,29.25
$IMU,2570.412,-0.305,-0.183,-0.183,0.01611,0.02343,1.01464,29.25
$IMU,2570.414,-0.366,-0.183,-0.183,0.01513,0.02441,1.01220,29.25
$MAG,2570.416,-0.334,-0.273,-0.903,28.2
$IMU,2570.416,-0.305,-0.122,-0.244,0.01855,0.02392,1.01367,29.25
$IMU,2570.419,-0.244,-0.244,-0.244,0.01464,0.02246,1.01757,29.25
$IMU,2570.421,-0.366,0.000,-0.183,0.01513,0.02392,1.01660,29.25
$IMU,2570.423,-0.122,-0.122,-0.183,0.01806,0.02441,1.01464,29.25
$IMU,2570.426,-0.305,0.122,-0.183,0.01757,0.02001,1.01367,29.25
$MAG,2570.427,-0.331,-0.268,-0.898,28.1
$IMU,2570.428,-0.183,-0.244,-0.183,0.01611,0.02197,1.01269,29.27
$IMU,2570.430,-0.061,-0.244,-0.183,0.01708,0.02441,1.01611,29.27
$IMU,2570.433,-0.061,-0.122,-0.183,0.01806,0.02343,1.01367,29.27
$IMU,2570.435,-0.183,0.061,-0.183,0.01708,0.02294,1.01611,29.27
$MAG,2570.437,-0.346,-0.268,-0.903,28.1
$IMU,2570.438,-0.122,0.000,-0.122,0.01757,0.02441,1.01318,29.27
$IMU,2570.440,-0.244,0.122,-0.183,0.01562,0.02490,1.01123,29.27
$IMU,2570.442,-0.244,-0.061,-0.183,0.01708,0.02441,1.01171,29.27
$IMU,2570.445,-0.122,-0.183,-0.183,0.01513,0.02343,1.01171,29.27
$MAG,2570.447,-0.345,-0.267,-0.903,28.1
$IMU,2570.447,-0.305,0.061,-0.183,0.01660,0.02490,1.01367,29.24
$IMU,2570.449,-0.244,-0.122,-0.183,0.01708,0.02441,1.01367,29.24
$IMU,2570.452,-0.427,0.061,-0.183,0.01757,0.02197,1.01269,29.24
$IMU,2570.454,-0.305,-0.061,-0.183,0.01464,0.02490,1.01611,29.24
$IMU,2570.456,-0.305,-0.183,-0.183,0.01757,0.02294,1.01464,29.24
$MAG,2570.457,-0.340,-0.273,-0.906,28.2
$IMU,2570.459,-0.305,-0.244,-0.183,0.01708,0.02392,1.01171,29.24
$IMU,2570.461,-0.366,-0.061,-0.122,0.01464,0.02246,1.01367,29.24
$IMU,2570.463,-0.427,-0.183,-0.183,0.01416,0.02343,1.01611,29.24
$IMU,2570.466,-0.427,-0.122,-0.183,0.01660,0.02587,1.01464,29.26
$MAG,2570.467,-0.340,-0.276,-0.906,28.2
$IMU,2570.468,-0.244,0.000,-0.183,0.01513,0.02148,1.01806,29.26
$IMU,2570.470,-0.061,-0.305,-0.244,0.01562,0.02246,1.01806,29.26
$IMU,2570.473,-0.183,-0.183,-0.244,0.01708,0.02441,1.01855,29.26
$IMU,2570.475,-0.183,-0.122,-0.183,0.01562,0.02392,1.01464,29.26
$MAG,2570.477,-0.342,-0.271,-0.900,28.2
$IMU,2570.477,-0.061,-0.305,-0.122,0.01660,0.02392,1.01660,29.26
$IMU,2570.480,-0.183,-0.061,-0.183,0.01660,0.02197,1.01513,29.26
$IMU,2570.482,-0.183,-0.061,-0.122,0.01611,0.02099,1.01416,29.26
$IMU,2570.484,-0.183,-0.122,-0.122,0.01416,0.02148,1.01269,29.26
$BARO,2570.486,86429.87,29.22
$MAG,2570.487,-0.340,-0.277,-0.895,28.2
$IMU,2570.487,-0.244,-0.061,-0.122,0.01513,0.02343,1.01220,29.26
$IMU,2570.489,-0.122,0.000,-0.183,0.01855,0.02294,1.01220,29.26
$IMU,2570.491,-0.244,0.061,-0.183,0.01904,0.02343,1.01220,29.26
$IMU,2570.494,-0.122,-0.183,-0.244,0.01806,0.02587,1.01464,29.26
$IMU,2570.496,-0.183,0.000,-0.183,0.01708,0.02392,1.01269,29.26
$MAG,2570.497,-0.339,-0.271,-0.910,28.2
$IMU,2570.498,-0.183,-0.061,-0.183,0.01660,0.02685,1.01171,29.26
$IMU,2570.501,-0.183,-0.061,-0.183,0.01416,0.02343,1.01220,29.26
$IMU,2570.503,-0.305,0.000,-0.244,0.01367,0.02441,1.01367,29.23
$IMU,2570.506,-0.183,-0.183,-0.183,0.01611,0.02587,1.01220,29.23
$MAG,2570.507,-0.331,-0.270,-0.892,28.2
$IMU,2570.508,-0.244,-0.061,-0.122,0.01562,0.02392,1.01367,29.23
$IMU,2570.510,-0.244,-0.122,-0.183,0.01416,0.02246,1.01367,29.23
$IMU,2570.513,-0.366,0.000,-0.183,0.01464,0.02392,1.01416,29.23
$IMU,2570.515,-0.366,-0.061,-0.244,0.01611,0.02197,1.01269,29.23
$MAG,2570.517,-0.342,-0.268,-0.892,28.2
$IMU,2570.517,-0.244,-0.366,-0.183,0.01611,0.02343,1.01660,29.23
$IMU,2570.520,-0.366,-0.183,-0.244,0.01611,0.02441,1.01367,29.23
$IMU,2570.522,-0.305,-0.244,-0.183,0.01660,0.02490,1.01123,29.28
$IMU,2570.524,-0.244,-0.183,-0.183,0.01562,0.02490,1.01318,29.28
$MAG,2570.527,-0.343,-0.274,-0.901,28.3
$IMU,2570.527,-0.305,0.000,-0.183,0.01513,0.02050,1.01367,29.28
$IMU,2570.529,-0.183,-0.244,-0.244,0.01855,0.01806,1.01562,29.28
$IMU,2570.531,-0.183,-0.183,-0.183,0.01513,0.02148,1.01611,29.28
$IMU,2570.534,-0.183,-0.244,-0.244,0.01171,0.02294,1.01464,29.28
$IMU,2570.536,-0.183,-0.183,-0.122,0.01855,0.02392,1.01269,29.28
$MAG,2570.538,-0.337,-0.279,-0.901,28.2
$IMU,2570.538,-0.244,-0.061,-0.183,0.01757,0.02441,1.01464,29.28
$IMU,2570.541,-0.061,-0.305,-0.122,0.01757,0.02685,1.01464,29.28
$IMU,2570.543,-0.122,-0.122,-0.183,0.01708,0.02783,1.01464,29.28
$IMU,2570.545,-0.122,-0.122,-0.183,0.01855,0.02685,1.01416,29.28
$MAG,2570.548,-0.336,-0.271,-0.903,28.2
$IMU,2570.548,-0.244,0.000,-0.122,0.01855,0.02441,1.01464,29.28
$IMU,2570.550,-0.244,0.183,-0.122,0.01416,0.02587,1.01318,29.28
$IMU,2570.552,-0.122,-0.122,-0.183,0.01660,0.02343,1.01513,29.28
$IMU,2570.555,-0.305,-0.061,-0.183,0.01513,0.02343,1.01464,29.28
$IMU,2570.557,-0.244,-0.183,-0.183,0.01562,0.02392,1.01464,29.28
$MAG,2570.558,-0.339,-0.267,-0.904,28.1
$IMU,2570.559,-0.244,-0.183,-0.244,0.01416,0.02441,1.01513,29.21
$IMU,2570.562,-0.366,-0.061,-0.244,0.01513,0.02050,1.01220,29.21
$IMU,2570.564,-0.366,-0.061,-0.183,0.01611,0.02392,1.01171,29.21
$IMU,2570.567,-0.244,-0.183,-0.183,0.01611,0.02490,1.01416,29.21
$MAG,2570.568,-0.339,-0.273,-0.898,28.2
$IMU,2570.569,-0.183,-0.305,-0.244,0.01416,0.02197,1.01318,29.21
$IMU,2570.571,-0.305,-0.183,-0.183,0.01464,0.02294,1.01416,29.21
$IMU,2570.574,-0.244,-0.122,-0.183,0.01367,0.02099,1.01318,29.21
$IMU,2570.576,-0.183,-0.183,-0.244,0.01562,0.02001,1.01220,29.21
$MAG,2570.578,-0.340,-0.271,-0.898,28.2
$IMU,2570.578,-0.183,-0.122,-0.183,0.01562,0.02050,1.01513,29.25
$IMU,2570.581,-0.244,-0.183,-0.122,0.01855,0.02685,1.01562,29.25
$IMU,2570.583,-0.244,-0.122,-0.183,0.01464,0.02392,1.01269,29.25
$IMU,2570.585,-0.183,-0.183,-0.183,0.02050,0.02392,1.01416,29.25
$BARO,2570.588,86428.75,29.23
$MAG,2570.588,-0.343,-0.274,-0.904,28.2
$IMU,2570.588,-0.244,-0.061,-0.183,0.01757,0.02148,1.01660,29.25
$IMU,2570.590,-0.427,0.122,-0.183,0.01708,0.02441,1.01171,29.25
$IMU,2570.592,-0.244,-0.183,-0.183,0.01660,0.02148,1.01367,29.25
$IMU,2570.595,-0.244,-0.122,-0.183,0.01513,0.02490,1.01708,29.25
$IMU,2570.597,-0.244,-0.061,-0.183,0.01562,0.02294,1.01464,29.28
$MAG,2570.598,-0.330,-0.273,-0.901,28.2
$IMU,2570.599,-0.244,-0.183,-0.183,0.02001,0.02441,1.01269,29.28
$IMU,2570.602,-0.244,-0.122,-0.183,0.01904,0.02441,1.01171,29.28
$IMU,2570.604,-0.244,-0.061,-0.183,0.01611,0.02441,1.01269,29.28
$IMU,2570.606,-0.244,-0.061,-0.183,0.01660,0.02490,1.01562,29.28
$MAG,2570.608,-0.337,-0.273,-0.904,28.5
$IMU,2570.609,-0.183,-0.122,-0.183,0.01171,0.02343,1.01220,29.28
$IMU,2570.611,-0.244,-0.183,-0.122,0.01464,0.02246,1.01269,29.28
$IMU,2570.613,-0.366,0.000,-0.183,0.01367,0.02246,1.01123,29.28
$IMU,2570.616,-0.305,-0.122,-0.183,0.01855,0.02392,1.01464,29.23
$MAG,2570.618,-0.345,-0.277,-0.903,28.2
$IMU,2570.618,-0.244,-0.122,-0.183,0.01513,0.02197,1.01171,29.23
$IMU,2570.620,-0.244,-0.122,-0.183,0.01464,0.02294,1.01269,29.23
$IMU,2570.623,-0.244,-0.305,-0.183,0.01513,0.02294,1.01464,29.23
$IMU,2570.625,-0.244,-0.183,-0.244,0.01660,0.02392,1.01464,29.23
$MAG,2570.628,-0.334,-0.279,-0.903,28.2
$TIME,2570.628,463093.000,2399
$IMU,2570.628,-0.244,-0.122,-0.183,0.01904,0.02392,1.01367,29.23
$IMU,2570.630,-0.244,-0.183,-0.183,0.01367,0.02294,1.01318,29.23
$IMU,2570.632,-0.122,-0.183,-0.183,0.01708,0.02392,1.01171,29.23
$IMU,2570.635,-0.183,-0.183,-0.183,0.01562,0.02343,1.01416,29.22
$IMU,2570.637,-0.244,-0.183,-0.183,0.01367,0.02343,1.01464,29.22
$MAG,2570.639,-0.345,-0.270,-0.904,28.2
$IMU,2570.639,-0.305,0.061,-0.122,0.01611,0.02343,1.01464,29.22
$IMU,2570.642,-0.183,0.000,-0.183,0.01660,0.02490,1.01513,29.22
$IMU,2570.644,-0.183,0.000,-0.183,0.01464,0.02441,1.01416,29.22
$IMU,2570.646,-0.061,-0.122,-0.183,0.01855,0.02734,1.01367,29.22
$MAG,2570.649,-0.342,-0.274,-0.900,28.3
$IMU,2570.649,-0.122,-0.061,-0.183,0.01806,0.02685,1.01464,29.22
$IMU,2570.651,-0.244,-0.061,-0.244,0.01806,0.02392,1.01318,29.22
$IMU,2570.653,-0.183,-0.122,-0.183,0.01220,0.02539,1.01171,29.27
$IMU,2570.656,-0.305,0.000,-0.244,0.01513,0.02294,1.01171,29.27
$IMU,2570.658,-0.183,-0.183,-0.244,0.01562,0.02343,1.01220,29.27
$MAG,2570.659,-0.336,-0.277,-0.898,28.3
$IMU,2570.660,-0.244,-0.122,-0.122,0.01464,0.02685,1.01367,29.27
$IMU,2570.663,-0.366,-0.183,-0.122,0.01660,0.02294,1.01367,29.27
$IMU,2570.665,-0.305,-0.244,-0.244,0.01660,0.02441,1.01269,29.27
$IMU,2570.667,-0.488,0.000,-0.183,0.01367,0.02197,1.01367,29.27
$MAG,2570.669,-0.349,-0.279,-0.895,28.2
$IMU,2570.670,-0.305,-0.244,-0.183,0.01660,0.02050,1.01562,29.27
$IMU,2570.672,-0.183,-0.366,-0.183,0.01611,0.02197,1.01464,29.25
$IMU,2570.674,-0.305,-0.244,-0.244,0.01708,0.02148,1.01513,29.25
$IMU,2570.677,-0.305,-0.061,-0.183,0.01660,0.02148,1.01562,29.25
$MAG,2570.679,-0.343,-0.271,-0.898,28.2
$IMU,2570.679,-0.183,-0.305,-0.183,0.01513,0.02001,1.01757,29.25
$IMU,2570.681,-0.183,-0.305,-0.183,0.01562,0.02246,1.01513,29.25
$IMU,2570.684,-0.244,-0.183,-0.244,0.01708,0.02099,1.01806,29.25
$IMU,2570.686,-0.061,-0.305,-0.183,0.01660,0.02539,1.01806,29.25
$BARO,2570.689,86432.77,29.23
$MAG,2570.689,-0.345,-0.277,-0.904,28.2
$IMU,2570.689,-0.122,-0.244,-0.122,0.01562,0.02294,1.01660,29.25
$IMU,2570.691,-0.305,-0.061,-0.183,0.01416,0.02392,1.01464,29.26
$IMU,2570.693,-0.244,-0.061,-0.122,0.01513,0.02441,1.01611,29.26
$IMU,2570.696,-0.305,0.000,-0.122,0.01708,0.02246,1.01562,29.26
$IMU,2570.698,-0.061,-0.244,-0.122,0.01708,0.02197,1.01513,29.26
$MAG,2570.699,-0.336,-0.270,-0.904,28.3
$IMU,2570.700,-0.122,0.000,-0.183,0.01806,0.02197,1.01513,29.26
$IMU,2570.703,-0.183,0.000,-0.122,0.01611,0.02490,1.01416,29.26
$IMU,2570.705,-0.305,0.122,-0.183,0.01660,0.02392,1.01513,29.26
$IMU,2570.707,-0.305,0.061,-0.183,0.01562,0.02441,1.01464,29.26
$MAG,2570.709,-0.342,-0.279,-0.904,28.1
$IMU,2570.710,-0.183,-0.061,-0.183,0.01708,0.02392,1.01416,29.26
$IMU,2570.712,-0.183,-0.122,-0.183,0.01464,0.02685,1.01220,29.26
$IMU,2570.714,-0.244,-0.061,-0.122,0.01171,0.02539,1.01367,29.26
$IMU,2570.717,-0.366,0.122,-0.122,0.01855,0.02246,1.01367,29.26
$MAG,2570.719,-0.336,-0.277,-0.906,28.2
$IMU,2570.719,-0.366,0.061,-0.183,0.01416,0.02490,1.01318,29.26
$IMU,2570.721,-0.305,0.000,-0.122,0.01513,0.02294,1.01318,29.26
$IMU,2570.724,-0.305,0.000,-0.183,0.01562,0.02490,1.01220,29.26
$IMU,2570.726,-0.305,-0.122,-0.244,0.01660,0.02294,1.01220,29.26
$IMU,2570.728,-0.305,-0.122,-0.183,0.01855,0.02050,1.01708,29.24
$MAG,2570.729,-0.331,-0.276,-0.903,28.2
$IMU,2570.731,-0.305,0.000,-0.183,0.01611,0.02001,1.01416,29.24
$IMU,2570.733,-0.244,-0.122,-0.122,0.01367,0.02343,1.01025,29.24
$IMU,2570.735,-0.183,-0.305,-0.122,0.02050,0.02490,1.01318,29.24
$IMU,2570.738,-0.305,0.000,-0.122,0.01611,0.02441,1.01660,29.24
$MAG,2570.740,-0.334,-0.270,-0.900,28.2
$IMU,2570.740,-0.244,-0.244,-0.183,0.01660,0.02246,1.01416,29.24
$IMU,2570.742,-0.305,-0.061,-0.122,0.01904,0.02246,1.01464,29.24
$IMU,2570.745,-0.244,-0.122,-0.183,0.01757,0.02246,1.01562,29.24
$IMU,2570.747,-0.183,-0.305,-0.122,0.02001,0.02197,1.01464,29.26
$MAG,2570.750,-0.340,-0.277,-0.904,28.2
$IMU,2570.750,-0.061,-0.183,-0.061,0.01660,0.01904,1.01562,29.26
$IMU,2570.752,-0.061,-0.244,-0.122,0.02001,0.02343,1.01367,29.26
$IMU,2570.754,-0.305,0.122,-0.183,0.01708,0.02587,1.01611,29.26
$IMU,2570.757,-0.183,0.000,-0.183,0.01855,0.02539,1.01562,29.26
$IMU,2570.759,-0.183,-0.122,-0.183,0.01904,0.02539,1.01416,29.26
$MAG,2570.760,-0.334,-0.273,-0.898,28.3
$IMU,2570.761,-0.183,-0.061,-0.122,0.01464,0.02343,1.01367,29.26
$IMU,2570.764,-0.122,-0.244,-0.183,0.01708,0.02197,1.01318,29.26
$IMU,2570.766,-0.244,0.000,-0.183,0.01660,0.02636,1.01269,29.25
$IMU,2570.768,-0.244,0.000,-0.183,0.01660,0.02587,1.01367,29.25
$MAG,2570.770,-0.337,-0.277,-0.897,28.3
$IMU,2570.771,-0.183,-0.244,-0.183,0.01806,0.02294,1.01562,29.25
$IMU,2570.773,-0.305,-0.183,-0.183,0.01464,0.02343,1.01611,29.25
$IMU,2570.775,-0.244,-0.183,-0.183,0.01757,0.02001,1.01513,29.25
$IMU,2570.778,-0.305,-0.122,-0.244,0.02050,0.02636,1.01464,29.25
$MAG,2570.780,-0.342,-0.282,-0.909,28.3
$IMU,2570.780,-0.366,0.000,-0.183,0.01562,0.01953,1.01464,29.25
$IMU,2570.782,-0.244,-0.122,-0.183,0.01757,0.02343,1.01367,29.25
$IMU,2570.785,-0.366,0.061,-0.183,0.01416,0.02099,1.01416,29.29
$IMU,2570.787,-0.244,-0.305,-0.183,0.01513,0.02294,1.01513,29.29
$IMU,2570.789,-0.366,-0.061,-0.183,0.01562,0.02148,1.01562,29.29
$MAG,2570.790,-0.336,-0.273,-0.903,28.2
$BARO,2570.791,86420.31,29.22
$IMU,2570.792,-0.305,-0.061,-0.183,0.01464,0.02050,1.01708,29.29
$IMU,2570.794,-0.183,-0.244,-0.122,0.01416,0.02148,1.01953,29.29
$VBAT,2570.794,4.129
$IMU,2570.796,-0.366,0.061,-0.122,0.01513,0.02490,1.01367,29.29
$IMU,2570.799,-0.244,-0.122,-0.244,0.01708,0.02636,1.01562,29.29
$MAG,2570.800,-0.339,-0.285,-0.895,28.2
$IMU,2570.801,-0.183,-0.183,-0.244,0.01806,0.02490,1.01464,29.29
$IMU,2570.803,-0.122,-0.183,-0.183,0.01855,0.02197,1.01269,29.24
$IMU,2570.806,-0.183,-0.122,-0.122,0.01708,0.02392,1.01269,29.24
$IMU,2570.808,-0.305,0.061,-0.183,0.01269,0.02246,1.01269,29.24
$MAG,2570.810,-0.343,-0.274,-0.895,28.2
$IMU,2570.811,-0.122,-0.122,-0.183,0.01562,0.02441,1.01367,29.24
$IMU,2570.813,-0.061,-0.244,-0.122,0.01806,0.02294,1.01367,29.24
$IMU,2570.815,-0.122,-0.244,-0.122,0.01708,0.02343,1.01416,29.24
$IMU,2570.818,-0.122,-0.061,-0.183,0.01806,0.02392,1.01269,29.24
$MAG,2570.820,-0.343,-0.268,-0.892,28.1
$IMU,2570.820,-0.244,-0.061,-0.183,0.01660,0.02294,1.01318,29.24
$IMU,2570.822,-0.122,-0.122,-0.244,0.01562,0.02197,1.01464,29.27
$IMU,2570.825,-0.244,-0.122,-0.183,0.01220,0.02246,1.01660,29.27
$IMU,2570.827,-0.244,-0.244,-0.244,0.01318,0.02197,1.01416,29.27
$IMU,2570.829,-0.244,-0.183,-0.244,0.01562,0.02343,1.01660,29.27
$MAG,2570.830,-0.330,-0.276,-0.907,28.2
$IMU,2570.832,-0.366,-0.122,-0.244,0.01757,0.02392,1.01562,29.27
$IMU,2570.834,-0.305,-0.183,-0.244,0.01708,0.02294,1.01513,29.27
$IMU,2570.836,-0.488,-0.183,-0.183,0.01562,0.02148,1.01513,29.27
$IMU,2570.839,-0.244,-0.244,-0.183,0.01513,0.02148,1.01464,29.27
$MAG,2570.841,-0.343,-0.270,-0.906,28.1
$IMU,2570.841,-0.244,-0.122,-0.122,0.01562,0.02294,1.01513,29.29
$IMU,2570.843,-0.183,-0.305,-0.244,0.01660,0.02001,1.01464,29.29
$IMU,2570.846,-0.244,-0.061,-0.183,0.01513,0.02343,1.01513,29.29
$IMU,2570.848,-0.305,0.000,-0.122,0.01464,0.02294,1.01464,29.29
$IMU,2570.850,-0.305,-0.122,-0.183,0.01708,0.02294,1.01562,29.29
$MAG,2570.851,-0.346,-0.270,-0.903,28.2
$IMU,2570.853,-0.244,-0.122,-0.183,0.01757,0.02050,1.01562,29.29
$IMU,2570.855,-0.305,0.000,-0.183,0.01953,0.02050,1.01513,29.29
$IMU,2570.857,-0.183,-0.183,-0.183,0.01660,0.02490,1.01220,29.29
$IMU,2570.860,-0.122,-0.061,-0.305,0.01806,0.02490,1.01220,29.26
$MAG,2570.861,-0.327,-0.279,-0.901,28.2
$IMU,2570.862,-0.122,0.000,-0.122,0.01953,0.02392,1.01367,29.26
$IMU,2570.864,-0.061,-0.061,-0.122,0.01806,0.02539,1.01367,29.26
$IMU,2570.867,-0.183,0.000,-0.183,0.01513,0.02636,1.01367,29.26
$IMU,2570.869,-0.122,-0.183,-0.183,0.01757,0.02392,1.01464,29.26
$MAG,2570.871,-0.342,-0.271,-0.900,28.3
$IMU,2570.872,-0.305,0.000,-0.122,0.01806,0.02587,1.01757,29.26
$IMU,2570.874,-0.305,0.000,-0.183,0.01708,0.02441,1.01855,29.26
$IMU,2570.876,-0.244,-0.183,-0.122,0.01318,0.02783,1.01074,29.26
$IMU,2570.879,-0.366,-0.061,-0.122,0.01269,0.02441,1.01416,29.31
$MAG,2570.881,-0.343,-0.270,-0.907,28.2
$IMU,2570.881,-0.366,-0.122,-0.183,0.01464,0.02539,1.01562,29.31
$IMU,2570.883,-0.366,0.000,-0.244,0.01562,0.02392,1.01464,29.31
$IMU,2570.886,-0.305,-0.122,-0.183,0.01318,0.01953,1.01416,29.31
$IMU,2570.888,-0.305,-0.183,-0.183,0.01806,0.02148,1.01416,29.31
$IMU,2570.890,-0.305,-0.061,-0.122,0.01660,0.02246,1.01367,29.31
$MAG,2570.891,-0.340,-0.270,-0.898,28.1
$BARO,2570.892,86430.70,29.23
$IMU,2570.893,-0.244,-0.244,-0.244,0.02001,0.02050,1.01660,29.31
$IMU,2570.895,-0.305,-0.061,-0.183,0.01708,0.01953,1.01416,29.31
$IMU,2570.897,-0.183,-0.244,-0.183,0.01562,0.02099,1.01318,29.25
$IMU,2570.900,-0.122,-0.366,-0.244,0.01611,0.02246,1.01171,29.25
$MAG,2570.901,-0.340,-0.282,-0.903,28.3
$IMU,2570.902,-0.122,-0.122,-0.183,0.01611,0.02490,1.01220,29.25
$IMU,2570.904,-0.122,-0.244,-0.122,0.01757,0.02050,1.01464,29.25
$IMU,2570.907,-0.183,0.000,-0.122,0.01660,0.02441,1.01269,29.25
$IMU,2570.909,-0.122,0.000,-0.122,0.01513,0.02099,1.01611,29.25
$MAG,2570.911,-0.336,-0.274,-0.903,28.3
$IMU,2570.911,-0.122,-0.061,-0.122,0.01708,0.02441,1.01416,29.25
$IMU,2570.914,-0.122,-0.244,-0.122,0.01855,0.02343,1.01074,29.25
$IMU,2570.916,-0.061,-0.183,-0.183,0.01562,0.02539,1.01513,29.29
$IMU,2570.918,-0.122,-0.122,-0.122,0.01611,0.02197,1.01416,29.29
$MAG,2570.921,-0.330,-0.279,-0.897,28.3
$IMU,2570.921,-0.244,-0.061,-0.244,0.01708,0.02148,1.01416,29.29
$IMU,2570.923,-0.305,-0.061,-0.061,0.01806,0.02050,1.01367,29.29
$IMU,2570.925,-0.244,-0.061,-0.183,0.01611,0.02392,1.01367,29.29
$IMU,2570.928,-0.183,-0.244,-0.183,0.01367,0.02294,1.01269,29.29
$IMU,2570.930,-0.305,-0.122,-0.183,0.01464,0.02294,1.01220,29.29
$MAG,2570.931,-0.342,-0.271,-0.897,28.2
$IMU,2570.933,-0.366,0.000,-0.183,0.01562,0.02246,1.01416,29.29
$IMU,2570.935,-0.366,0.000,-0.244,0.01611,0.02441,1.01318,29.28
$IMU,2570.937,-0.366,0.000,-0.183,0.01660,0.02294,1.01562,29.28
$IMU,2570.940,-0.244,-0.183,-0.183,0.01660,0.02343,1.01464,29.28
$MAG,2570.941,-0.340,-0.277,-0.907,28.3
$IMU,2570.942,-0.244,-0.122,-0.183,0.01806,0.02343,1.01562,29.28
$IMU,2570.944,-0.305,-0.244,-0.183,0.01708,0.02294,1.01367,29.28
$IMU,2570.947,-0.366,-0.305,-0.183,0.01953,0.02099,1.01220,29.28
$IMU,2570.949,-0.305,-0.122,-0.244,0.01660,0.02294,1.01416,29.28
$IMU,2570.951,-0.183,-0.244,-0.183,0.01562,0.02246,1.01416,29.28
$MAG,2570.952,-0.336,-0.276,-0.903,28.2
$IMU,2570.954,-0.305,-0.061,-0.244,0.01757,0.02294,1.01464,29.29
$IMU,2570.956,-0.244,-0.122,-0.183,0.01904,0.02246,1.01562,29.29
$IMU,2570.958,-0.122,-0.061,-0.244,0.01806,0.02246,1.01660,29.29
$IMU,2570.961,-0.183,0.061,-0.183,0.01708,0.02001,1.01464,29.29
$MAG,2570.962,-0.343,-0.270,-0.901,28.2
$IMU,2570.963,-0.122,-0.061,-0.183,0.01904,0.01904,1.01269,29.29
$IMU,2570.965,-0.122,-0.122,-0.183,0.01757,0.02050,1.01513,29.29
$IMU,2570.968,-0.122,-0.122,-0.122,0.01904,0.02246,1.01367,29.29
$IMU,2570.970,-0.305,0.183,-0.183,0.02099,0.02490,1.01562,29.29
$MAG,2570.972,-0.339,-0.276,-0.901,28.1
$IMU,2570.972,-0.366,0.061,-0.183,0.01611,0.02294,1.01660,29.26
$IMU,2570.975,-0.183,-0.122,-0.183,0.01562,0.02441,1.01367,29.26
$IMU,2570.977,-0.244,-0.061,-0.183,0.01708,0.02539,1.01269,29.26
$IMU,2570.979,-0.244,-0.061,-0.183,0.01464,0.02392,1.01123,29.26
$MAG,2570.982,-0.337,-0.268,-0.903,28.2
$IMU,2570.982,-0.244,-0.061,-0.183,0.01660,0.02197,1.01318,29.26
$IMU,2570.984,-0.366,-0.061,-0.183,0.01367,0.02050,1.01269,29.26
$IMU,2570.986,-0.183,-0.366,-0.244,0.01562,0.02197,1.01367,29.26
$IMU,2570.989,-0.244,-0.183,-0.244,0.02001,0.02246,1.01416,29.26
$IMU,2570.991,-0.244,-0.183,-0.183,0.01708,0.02197,1.01171,29.29
$MAG,2570.992,-0.330,-0.264,-0.901,28.2
$BARO,2570.993,86427.26,29.23
$IMU,2570.993,-0.244,-0.305,-0.183,0.01464,0.02294,1.01513,29.29
$IMU,2570.996,-0.305,-0.061,-0.183,0.01562,0.02148,1.01464,29.29
$IMU,2570.998,-0.122,-0.305,-0.183,0.01708,0.02197,1.01513,29.29
$IMU,2571.001,-0.244,-0.183,-0.183,0.01708,0.02539,1.01367,29.29
$MAG,2571.002,-0.340,-0.280,-0.904,28.2
$IMU,2571.003,-0.122,-0.366,-0.244,0.01806,0.02197,1.01464,29.29
$IMU,2571.005,-0.122,-0.183,-0.183,0.01757,0.02148,1.01513,29.29
$IMU,2571.008,-0.244,-0.061,-0.183,0.01708,0.02441,1.01806,29.29
$IMU,2571.010,-0.244,-0.122,-0.122,0.01660,0.02490,1.01513,29.29
$MAG,2571.012,-0.343,-0.279,-0.901,28.2
$IMU,2571.012,-0.122,-0.183,-0.183,0.01855,0.02490,1.01562,29.29
$IMU,2571.015,-0.183,-0.183,-0.183,0.01855,0.02539,1.01562,29.29
$IMU,2571.017,-0.122,-0.122,-0.183,0.01953,0.02343,1.01708,29.29
$IMU,2571.019,-0.183,0.061,-0.122,0.01904,0.02343,1.01269,29.29
$MAG,2571.022,-0.330,-0.273,-0.901,28.2
$IMU,2571.022,-0.122,-0.183,-0.122,0.01757,0.02587,1.01513,29.29
$IMU,2571.024,-0.183,-0.122,-0.183,0.02197,0.02490,1.01367,29.29
$IMU,2571.026,-0.122,-0.305,-0.122,0.01660,0.02685,1.01318,29.29
$IMU,2571.029,-0.305,0.000,-0.183,0.01464,0.02197,1.01367,29.30
$IMU,2571.031,-0.366,0.183,-0.244,0.01269,0.02197,1.01416,29.30
$MAG,2571.032,-0.337,-0.270,-0.897,28.2
$IMU,2571.033,-0.366,-0.061,-0.244,0.01660,0.02441,1.01367,29.30
$IMU,2571.036,-0.183,-0.366,-0.183,0.01464,0.02294,1.01318,29.30
$IMU,2571.038,-0.305,-0.061,-0.244,0.01611,0.02050,1.01660,29.30
$IMU,2571.040,-0.305,-0.122,-0.305,0.01513,0.02246,1.01416,29.30
$MAG,2571.042,-0.337,-0.271,-0.909,28.2
$IMU,2571.043,-0.244,-0.305,-0.183,0.01416,0.02539,1.01464,29.30
$IMU,2571.045,-0.244,-0.183,-0.122,0.01660,0.02294,1.01464,29.30
$IMU,2571.047,-0.366,-0.183,-0.183,0.01416,0.02294,1.01513,29.29
$IMU,2571.050,-0.427,0.000,-0.122,0.01855,0.02343,1.01513,29.29
$IMU,2571.052,-0.244,-0.244,-0.183,0.01562,0.02197,1.01464,29.29
$MAG,2571.053,-0.340,-0.276,-0.900,28.2
$IMU,2571.054,-0.305,-0.244,-0.244,0.01806,0.02294,1.01464,29.29
$IMU,2571.057,-0.244,-0.122,-0.183,0.01806,0.02294,1.01269,29.29
$IMU,2571.059,-0.305,-0.061,-0.122,0.01611,0.02197,1.01318,29.29
$IMU,2571.062,-0.244,-0.183,-0.244,0.01464,0.02246,1.01464,29.29
$MAG,2571.063,-0.343,-0.277,-0.900,28.2
$IMU,2571.064,-0.061,-0.183,-0.183,0.01220,0.02539,1.01416,29.29
$IMU,2571.066,-0.122,-0.061,-0.244,0.01562,0.02246,1.01318,29.28
$IMU,2571.069,-0.183,-0.061,-0.244,0.01806,0.02392,1.01367,29.28
$IMU,2571.071,-0.122,-0.122,-0.183,0.01806,0.02587,1.01416,29.28
$MAG,2571.073,-0.337,-0.271,-0.901,28.1
$IMU,2571.073,-0.122,0.000,-0.244,0.01660,0.02441,1.01269,29.28
$IMU,2571.076,-0.183,-0.122,-0.183,0.01757,0.02246,1.01123,29.28
$IMU,2571.078,-0.305,0.061,-0.122,0.01806,0.02539,1.01123,29.28
$IMU,2571.080,-0.183,-0.061,-0.183,0.01416,0.02197,1.01513,29.28
$MAG,2571.083,-0.339,-0.279,-0.903,28.2
$IMU,2571.083,-0.122,-0.122,-0.183,0.01806,0.02539,1.01367,29.28
$IMU,2571.085,-0.305,-0.061,-0.122,0.01318,0.02587,1.01464,29.30
$IMU,2571.087,-0.366,-0.122,-0.183,0.01708,0.02246,1.01171,29.30
$IMU,2571.090,-0.366,-0.122,-0.244,0.01367,0.02392,1.01318,29.30
$IMU,2571.092,-0.244,-0.183,-0.122,0.01318,0.02343,1.01367,29.30
$MAG,2571.093,-0.339,-0.270,-0.895,28.2
$IMU,2571.094,-0.244,-0.244,-0.183,0.01464,0.02343,1.01416,29.30
$BARO,2571.095,86420.95,29.24
$IMU,2571.097,-0.244,-0.244,-0.183,0.01855,0.02197,1.01513,29.30
$IMU,2571.099,-0.244,-0.183,-0.244,0.01660,0.01806,1.01416,29.30
$IMU,2571.101,-0.305,-0.061,-0.122,0.01416,0.02099,1.01562,29.30
$MAG,2571.103,-0.345,-0.271,-0.903,28.1
$IMU,2571.104,-0.244,-0.244,-0.122,0.01708,0.02343,1.01855,29.26
$IMU,2571.106,-0.305,-0.122,-0.183,0.01562,0.02539,1.01757,29.26
$IMU,2571.108,-0.305,-0.061,-0.122,0.01660,0.02246,1.01611,29.26
$IMU,2571.111,-0.244,-0.122,-0.183,0.01708,0.02343,1.01416,29.26
$MAG,2571.113,-0.340,-0.279,-0.901,28.1
$IMU,2571.113,-0.305,0.000,-0.122,0.01513,0.02001,1.01757,29.26
$IMU,2571.115,-0.183,-0.122,-0.183,0.01708,0.02148,1.01464,29.26
$IMU,2571.118,-0.122,-0.183,-0.183,0.01708,0.02197,1.01708,29.26
$IMU,2571.120,-0.122,-0.183,-0.183,0.01660,0.02392,1.01269,29.26
$MAG,2571.123,-0.331,-0.268,-0.900,28.1
$IMU,2571.123,-0.122,-0.244,-0.183,0.01953,0.02392,1.01513,29.27
$IMU,2571.125,-0.244,0.061,-0.183,0.01806,0.02587,1.01318,29.27
$IMU,2571.127,-0.122,-0.183,-0.183,0.01904,0.02441,1.01269,29.27
$IMU,2571.130,-0.183,-0.061,-0.183,0.01660,0.02441,1.01464,29.27
$IMU,2571.132,-0.305,0.061,-0.244,0.01562,0.02294,1.01269,29.27
$MAG,2571.133,-0.346,-0.274,-0.903,28.2
$IMU,2571.134,-0.183,-0.122,-0.183,0.01757,0.02441,1.01220,29.27
$IMU,2571.137,-0.366,0.000,-0.122,0.01562,0.02294,1.01367,29.27
$IMU,2571.139,-0.183,-0.244,-0.122,0.01806,0.02148,1.01220,29.27
$IMU,2571.141,-0.305,0.000,-0.183,0.01416,0.02490,1.01220,29.27
$MAG,2571.143,-0.339,-0.270,-0.909,28.1
$IMU,2571.144,-0.305,-0.183,-0.183,0.01416,0.02099,1.01513,29.27
$IMU,2571.146,-0.305,-0.183,-0.122,0.01269,0.02490,1.01123,29.27
$IMU,2571.148,-0.427,0.000,-0.183,0.01611,0.02490,1.01171,29.27
$IMU,2571.151,-0.183,-0.427,-0.183,0.01611,0.02490,1.01464,29.27
$HUM,2571.153,37.1,29.6
$IMU,2571.153,-0.305,-0.305,-0.183,0.01660,0.02197,1.01220,29.27
$MAG,2571.154,-0.342,-0.271,-0.907,28.1
$IMU,2571.155,-0.305,-0.183,-0.183,0.01757,0.02587,1.01220,29.27
$IMU,2571.158,-0.244,-0.244,-0.244,0.01757,0.02343,1.01660,29.27
$IMU,2571.160,-0.244,-0.061,-0.183,0.01806,0.02246,1.01513,29.27
$IMU,2571.162,-0.244,-0.122,-0.183,0.01757,0.02148,1.01464,29.27
$MAG,2571.164,-0.337,-0.267,-0.912,28.3
$IMU,2571.165,-0.183,-0.061,-0.183,0.01855,0.02148,1.01464,29.27
$IMU,2571.167,-0.183,-0.244,-0.183,0.01904,0.02148,1.01611,29.27
$IMU,2571.169,-0.183,-0.244,-0.183,0.01806,0.02197,1.01513,29.27
$IMU,2571.172,-0.183,0.000,-0.183,0.01757,0.02294,1.01562,29.27
$MAG,2571.174,-0.337,-0.274,-0.904,28.1
$IMU,2571.174,-0.183,-0.122,-0.122,0.01708,0.02441,1.01367,29.27
$IMU,2571.176,-0.244,0.000,-0.122,0.01611,0.02392,1.01464,29.27
$IMU,2571.179,-0.183,0.000,-0.122,0.01806,0.02343,1.01367,29.26
$IMU,2571.181,-0.122,-0.061,-0.183,0.01806,0.02246,1.01269,29.26
$MAG,2571.184,-0.337,-0.273,-0.900,28.2
$IMU,2571.184,-0.244,0.061,-0.122,0.01562,0.02294,1.01416,29.26
$IMU,2571.186,-0.183,0.061,-0.122,0.01708,0.02441,1.01367,29.26
$IMU,2571.188,-0.244,0.061,-0.183,0.01611,0.02294,1.01464,29.26
$IMU,2571.191,-0.183,-0.244,-0.183,0.01708,0.02246,1.01562,29.26
$IMU,2571.193,-0.244,-0.122,-0.061,0.01562,0.02392,1.01367,29.26
$MAG,2571.194,-0.340,-0.264,-0.894,28.2
$IMU,2571.195,-0.366,-0.061,-0.183,0.01611,0.02343,1.01171,29.26
$BARO,2571.196,86432.99,29.25
$IMU,2571.198,-0.427,-0.122,-0.183,0.01562,0.02441,1.01611,29.26
$IMU,2571.200,-0.366,-0.061,-0.122,0.01367,0.02636,1.01416,29.26
$IMU,2571.202,-0.305,-0.122,-0.122,0.01611,0.02197,1.01367,29.26
$MAG,2571.204,-0.334,-0.270,-0.892,28.2
$IMU,2571.205,-0.244,-0.244,-0.122,0.01611,0.01953,1.01562,29.26
$IMU,2571.207,-0.305,-0.244,-0.183,0.01757,0.02246,1.01367,29.26
$IMU,2571.209,-0.305,-0.244,-0.183,0.01611,0.02197,1.01611,29.26
$IMU,2571.212,-0.366,-0.061,-0.183,0.01708,0.02001,1.01513,29.26
$MAG,2571.214,-0.336,-0.268,-0.901,28.2
$IMU,2571.214,-0.305,-0.122,-0.244,0.01660,0.02197,1.01611,29.26
$IMU,2571.216,-0.244,-0.122,-0.183,0.01660,0.02294,1.01416,29.29
$IMU,2571.219,-0.305,-0.061,-0.122,0.01416,0.02294,1.01464,29.29
$IMU,2571.221,-0.122,-0.183,-0.122,0.01416,0.01855,1.01611,29.29
$IMU,2571.223,-0.244,0.000,-0.122,0.01562,0.02197,1.01416,29.29
$MAG,2571.224,-0.337,-0.267,-0.907,28.2
$IMU,2571.226,-0.061,-0.183,-0.183,0.01660,0.02197,1.01367,29.29
$IMU,2571.228,-0.122,-0.244,-0.183,0.01708,0.02392,1.01367,29.29
$IMU,2571.230,-0.305,0.000,-0.244,0.01611,0.02587,1.01708,29.29
$IMU,2571.233,-0.305,0.000,-0.244,0.01611,0.02343,1.01416,29.29
$MAG,2571.234,-0.340,-0.282,-0.894,28.2
$IMU,2571.235,-0.305,0.000,-0.183,0.01611,0.02343,1.01269,29.28
$IMU,2571.237,-0.183,-0.061,-0.244,0.02099,0.02539,1.01318,29.28
$IMU,2571.240,-0.183,0.000,-0.122,0.01660,0.02685,1.01513,29.28
$IMU,2571.242,-0.122,-0.305,-0.183,0.01464,0.02490,1.01367,29.28
$MAG,2571.244,-0.336,-0.276,-0.901,28.2
$IMU,2571.245,-0.244,-0.122,-0.183,0.01416,0.02636,1.01220,29.28
$IMU,2571.247,-0.366,0.061,-0.183,0.01171,0.02197,1.01464,29.28
$IMU,2571.249,-0.305,-0.122,-0.183,0.01367,0.02197,1.01416,29.28
$IMU,2571.252,-0.305,-0.122,-0.183,0.01562,0.02343,1.01318,29.28
$IMU,2571.254,-0.244,-0.305,-0.183,0.01708,0.02197,1.01416,29.29
$MAG,2571.255,-0.334,-0.268,-0.898,28.1
$IMU,2571.256,-0.122,-0.549,-0.183,0.01464,0.02197,1.01562,29.29
$IMU,2571.259,-0.366,-0.122,-0.183,0.01513,0.02246,1.01513,29.29
$IMU,2571.261,-0.305,-0.122,-0.183,0.01611,0.02343,1.01757,29.29
$IMU,2571.263,-0.305,-0.122,-0.183,0.01660,0.02246,1.01562,29.29
$MAG,2571.265,-0.345,-0.265,-0.904,28.1
$IMU,2571.266,-0.244,-0.122,-0.244,0.01562,0.02050,1.01611,29.29
$IMU,2571.268,-0.122,-0.305,-0.122,0.01660,0.02197,1.01464,29.29
$IMU,2571.270,-0.244,0.000,-0.122,0.01855,0.02148,1.01513,29.29
$IMU,2571.273,-0.183,0.000,-0.122,0.01855,0.01953,1.01806,29.30
$MAG,2571.275,-0.346,-0.276,-0.901,28.3
$IMU,2571.275,-0.244,0.000,-0.183,0.01757,0.02294,1.01416,29.30
$IMU,2571.277,-0.244,0.000,-0.183,0.01464,0.02197,1.01367,29.30
$IMU,2571.280,-0.061,-0.244,-0.244,0.01806,0.02001,1.01513,29.30
$IMU,2571.282,-0.183,-0.122,-0.183,0.01904,0.02197,1.01562,29.30
$IMU,2571.284,-0.183,0.000,-0.122,0.01855,0.02099,1.01220,29.30
$MAG,2571.285,-0.336,-0.277,-0.907,28.5
$IMU,2571.287,-0.183,-0.122,-0.183,0.01611,0.02441,1.01220,29.30
$IMU,2571.289,-0.305,0.000,-0.183,0.01513,0.02197,1.01318,29.30
$IMU,2571.291,-0.122,-0.244,-0.183,0.01855,0.02099,1.01318,29.30
$IMU,2571.294,-0.244,-0.061,-0.183,0.02148,0.02490,1.01269,29.30
$MAG,2571.295,-0.337,-0.277,-0.901,28.2
$IMU,2571.296,-0.244,-0.183,-0.244,0.01855,0.02343,1.01464,29.30
$BARO,2571.298,86428.63,29.24
$IMU,2571.298,-0.305,-0.122,-0.183,0.01611,0.02441,1.01220,29.30
$IMU,2571.301,-0.427,0.000,-0.122,0.01562,0.02343,1.01367,29.30
$IMU,2571.303,-0.366,-0.122,-0.183,0.01464,0.02441,1.01562,29.30
$MAG,2571.305,-0.340,-0.271,-0.904,28.2
$IMU,2571.306,-0.244,-0.122,-0.183,0.01611,0.02099,1.01660,29.30
$IMU,2571.308,-0.305,-0.244,-0.122,0.01513,0.02246,1.01269,29.30
$IMU,2571.310,-0.366,-0.122,-0.183,0.01562,0.02441,1.01416,29.29
$IMU,2571.313,-0.366,-0.061,-0.183,0.01660,0.02148,1.01513,29.29
$MAG,2571.315,-0.339,-0.277,-0.901,28.2
$IMU,2571.315,-0.366,-0.122,-0.122,0.01611,0.01757,1.01464,29.29
$IMU,2571.317,-0.244,-0.122,-0.183,0.01708,0.02050,1.01708,29.29
$IMU,2571.320,-0.244,-0.122,-0.183,0.01708,0.02587,1.01318,29.29
$IMU,2571.322,-0.244,-0.183,-0.183,0.01562,0.02441,1.01220,29.29
$IMU,2571.324,-0.183,-0.122,-0.183,0.01708,0.02490,1.01416,29.29
$MAG,2571.325,-0.334,-0.274,-0.898,28.1
$IMU,2571.327,-0.183,-0.061,-0.183,0.01708,0.02490,1.01513,29.29
$IMU,2571.329,-0.183,-0.061,-0.244,0.01904,0.02441,1.01660,29.30
$IMU,2571.331,-0.122,-0.305,-0.183,0.01904,0.02587,1.01708,29.30
$IMU,2571.334,-0.122,-0.183,-0.122,0.01904,0.02392,1.01318,29.30
$MAG,2571.335,-0.339,-0.273,-0.907,28.2
$IMU,2571.336,-0.183,0.000,-0.244,0.01708,0.02587,1.01318,29.30
$IMU,2571.338,-0.122,-0.122,-0.183,0.01562,0.02294,1.01220,29.30
$IMU,2571.341,-0.122,-0.061,-0.183,0.02148,0.02343,1.01171,29.30
$IMU,2571.343,-0.244,-0.061,-0.183,0.01416,0.02490,1.01318,29.30
$MAG,2571.345,-0.336,-0.267,-0.901,28.2
$IMU,2571.345,-0.183,-0.061,-0.244,0.01611,0.02832,1.01220,29.30
$IMU,2571.348,-0.305,0.122,-0.183,0.01318,0.02343,1.01269,29.27
$IMU,2571.350,-0.244,-0.122,-0.183,0.01611,0.02441,1.01269,29.27
$IMU,2571.352,-0.305,-0.061,-0.183,0.01660,0.01953,1.01660,29.27
$IMU,2571.355,-0.305,-0.061,-0.183,0.01562,0.02392,1.01171,29.27
$MAG,2571.356,-0.336,-0.274,-0.901,28.3
$IMU,2571.357,-0.244,-0.183,-0.244,0.01269,0.02539,1.01318,29.27
$IMU,2571.359,-0.366,-0.122,-0.183,0.01220,0.01855,1.01123,29.27
$IMU,2571.362,-0.183,-0.183,-0.244,0.01513,0.02490,1.01220,29.27
$IMU,2571.364,-0.183,-0.183,-0.122,0.01708,0.02343,1.01318,29.27
$MAG,2571.366,-0.336,-0.283,-0.897,28.2
$IMU,2571.367,-0.305,-0.061,-0.183,0.01660,0.02490,1.01464,29.33
$IMU,2571.369,-0.305,-0.122,-0.122,0.01660,0.02294,1.01220,29.33
$IMU,2571.371,-0.305,-0.122,-0.244,0.01464,0.02246,1.01269,29.33
$IMU,2571.374,-0.183,-0.244,-0.183,0.01269,0.02246,1.01318,29.33
$MAG,2571.376,-0.342,-0.276,-0.907,28.2
$IMU,2571.376,-0.244,-0.061,-0.183,0.01074,0.02197,1.01416,29.33
$IMU,2571.378,-0.183,-0.183,-0.183,0.01757,0.02099,1.01806,29.33
$IMU,2571.381,-0.122,-0.183,-0.183,0.01416,0.02490,1.01562,29.33
$IMU,2571.383,-0.244,0.061,-0.183,0.01562,0.02294,1.01562,29.33
$IMU,2571.385,-0.183,-0.061,-0.122,0.01611,0.02441,1.01611,29.28
$MAG,2571.386,-0.337,-0.285,-0.901,28.3
$IMU,2571.388,-0.061,-0.061,-0.183,0.01562,0.02343,1.01562,29.28
$IMU,2571.390,-0.183,0.122,-0.122,0.01318,0.02539,1.01367,29.28
$IMU,2571.392,-0.061,-0.122,-0.183,0.01757,0.02343,1.01464,29.28
$IMU,2571.395,-0.183,0.000,-0.183,0.01757,0.02392,1.01220,29.28
$MAG,2571.396,-0.346,-0.274,-0.907,28.1
$IMU,2571.397,-0.305,0.000,-0.122,0.01513,0.02539,1.01318,29.28
$BARO,2571.399,86431.38,29.24
$IMU,2571.399,-0.305,0.061,-0.183,0.01367,0.02392,1.01513,29.28
$IMU,2571.402,-0.366,0.183,-0.183,0.01513,0.02099,1.01269,29.28
$IMU,2571.404,-0.244,-0.244,-0.122,0.00927,0.01904,1.01611,29.30
$MAG,2571.406,-0.337,-0.274,-0.903,28.2
$IMU,2571.406,-0.366,-0.122,-0.183,0.01416,0.02099,1.01611,29.30
$IMU,2571.409,-0.305,-0.183,-0.183,0.01464,0.02441,1.01757,29.30
$IMU,2571.411,-0.366,0.000,-0.183,0.01464,0.02343,1.01367,29.30
$IMU,2571.413,-0.305,0.000,-0.244,0.01855,0.02246,1.01660,29.30
$MAG,2571.416,-0.340,-0.271,-0.904,28.1
$IMU,2571.416,-0.244,0.061,-0.122,0.01611,0.02246,1.01513,29.30
$IMU,2571.418,-0.244,-0.122,-0.122,0.01708,0.02050,1.01464,29.30
$IMU,2571.420,-0.244,-0.244,-0.183,0.01416,0.02294,1.01367,29.30
$IMU,2571.423,-0.244,0.000,-0.122,0.01513,0.02490,1.01416,29.26
$IMU,2571.425,-0.305,-0.061,-0.183,0.01562,0.02539,1.01562,29.26
$MAG,2571.426,-0.331,-0.273,-0.898,28.2
$IMU,2571.428,-0.122,-0.244,-0.183,0.01660,0.02246,1.01416,29.26
$IMU,2571.430,-0.183,-0.183,-0.122,0.01904,0.02050,1.01513,29.26
$IMU,2571.432,-0.183,0.000,-0.122,0.01708,0.02392,1.01269,29.26
$IMU,2571.435,-0.183,0.061,-0.183,0.01513,0.02050,1.01416,29.26
$MAG,2571.436,-0.346,-0.276,-0.900,28.2
$IMU,2571.437,-0.061,-0.183,-0.183,0.01708,0.02636,1.01269,29.26
$IMU,2571.439,-0.061,-0.244,-0.122,0.01708,0.02343,1.01220,29.26
$IMU,2571.442,-0.122,-0.122,-0.122,0.01464,0.02636,1.01416,29.30
$IMU,2571.444,-0.183,0.061,-0.183,0.01660,0.02490,1.01269,29.30
$MAG,2571.446,-0.336,-0.279,-0.906,28.2
$IMU,2571.446,-0.122,-0.061,-0.183,0.01806,0.02441,1.01269,29.30
$IMU,2571.449,-0.183,-0.061,-0.244,0.01855,0.02685,1.01318,29.30
$IMU,2571.451,-0.305,0.061,-0.122,0.01757,0.02539,1.01416,29.30
$IMU,2571.453,-0.244,-0.061,-0.183,0.01708,0.02490,1.01318,29.30
$MAG,2571.456,-0.342,-0.273,-0.906,28.2
$IMU,2571.456,-0.244,-0.122,-0.244,0.01562,0.02636,1.01318,29.30
$IMU,2571.458,-0.183,-0.183,-0.183,0.01562,0.02587,1.01416,29.30
$IMU,2571.460,-0.244,-0.183,-0.122,0.01611,0.02294,1.01464,29.32
$IMU,2571.463,-0.244,-0.183,-0.183,0.01708,0.02148,1.01464,29.32
$IMU,2571.465,-0.427,0.000,-0.183,0.01562,0.02148,1.01513,29.32
$MAG,2571.467,-0.337,-0.261,-0.900,28.2
$IMU,2571.467,-0.305,-0.061,-0.305,0.01513,0.02246,1.01464,29.32
$IMU,2571.470,-0.305,-0.244,-0.183,0.01367,0.02050,1.01367,29.32
$IMU,2571.472,-0.305,-0.183,-0.244,0.01806,0.01953,1.01611,29.32
$IMU,2571.474,-0.183,-0.244,-0.244,0.01513,0.02050,1.01464,29.32
$MAG,2571.477,-0.340,-0.267,-0.901,28.3
$IMU,2571.477,-0.244,0.061,-0.183,0.01513,0.02197,1.01416,29.32
$IMU,2571.479,-0.244,-0.122,-0.183,0.01513,0.02148,1.01416,29.28
$IMU,2571.481,-0.244,-0.183,-0.244,0.01855,0.02099,1.01464,29.28
$IMU,2571.484,-0.183,-0.122,-0.183,0.01855,0.02539,1.01367,29.28
$IMU,2571.486,-0.122,-0.183,-0.122,0.01855,0.02294,1.01660,29.28
$MAG,2571.487,-0.337,-0.280,-0.901,28.2
$IMU,2571.489,-0.183,-0.061,-0.183,0.01855,0.02197,1.01513,29.28
$IMU,2571.491,-0.061,-0.061,-0.183,0.01757,0.02343,1.01416,29.28
$IMU,2571.493,0.000,-0.061,-0.183,0.01708,0.02587,1.01464,29.28
$IMU,2571.496,-0.122,-0.061,-0.183,0.01757,0.02832,1.01318,29.28
$MAG,2571.497,-0.334,-0.271,-0.903,28.3
$IMU,2571.498,-0.122,-0.244,-0.183,0.01806,0.02246,1.01416,29.29
$IMU,2571.500,-0.183,0.000,-0.183,0.01611,0.02783,1.01562,29.29
$BARO,2571.501,86430.99,29.24
$IMU,2571.503,-0.244,-0.061,-0.183,0.01513,0.02490,1.01513,29.29
$IMU,2571.505,-0.244,-0.122,-0.183,0.01562,0.02343,1.01464,29.29
$MAG,2571.507,-0.330,-0.277,-0.901,28.2
$IMU,2571.507,-0.488,0.183,-0.183,0.01611,0.02441,1.01562,29.29
$IMU,2571.510,-0.366,-0.061,-0.122,0.01416,0.02832,1.01416,29.29
$IMU,2571.512,-0.427,0.000,-0.244,0.01318,0.02685,1.01367,29.29
$IMU,2571.514,-0.366,-0.122,-0.305,0.01513,0.02343,1.01367,29.29
$MAG,2571.517,-0.340,-0.270,-0.904,28.2
$IMU,2571.517,-0.427,-0.122,-0.183,0.01367,0.02490,1.01318,29.36
$IMU,2571.519,-0.305,-0.183,-0.183,0.01513,0.02587,1.01464,29.36
$IMU,2571.521,-0.183,-0.244,-0.183,0.01318,0.02148,1.01611,29.36
$IMU,2571.524,-0.366,-0.061,-0.183,0.01562,0.02050,1.01220,29.36
$IMU,2571.526,-0.305,-0.122,-0.244,0.01611,0.02392,1.01220,29.36
$MAG,2571.527,-0.337,-0.274,-0.901,28.2
$IMU,2571.528,-0.244,-0.122,-0.183,0.01660,0.02294,1.01416,29.36
$IMU,2571.531,-0.244,-0.183,-0.122,0.02001,0.02099,1.01464,29.36
$IMU,2571.533,-0.244,-0.305,-0.244,0.01660,0.02099,1.01806,29.36
$IMU,2571.535,-0.244,-0.122,-0.183,0.01855,0.01904,1.01220,29.30
$MAG,2571.537,-0.339,-0.267,-0.901,28.2
$IMU,2571.538,-0.122,-0.183,-0.122,0.01855,0.02343,1.01318,29.30
$IMU,2571.540,-0.122,-0.183,-0.122,0.01855,0.02246,1.01171,29.30
$IMU,2571.542,-0.183,-0.122,-0.183,0.02148,0.02197,1.01416,29.30
$IMU,2571.545,-0.122,-0.183,-0.183,0.02001,0.02246,1.01513,29.30
$MAG,2571.547,-0.337,-0.270,-0.904,28.1
$IMU,2571.547,-0.183,0.000,-0.183,0.01757,0.02636,1.01464,29.30
$IMU,2571.549,-0.183,-0.061,-0.244,0.01904,0.02099,1.01416,29.30
$IMU,2571.552,-0.244,0.122,-0.183,0.01757,0.02197,1.01367,29.30
$IMU,2571.554,-0.244,0.000,-0.183,0.01660,0.02392,1.01513,29.36
$MAG,2571.557,-0.342,-0.276,-0.900,28.3
$IMU,2571.557,-0.122,-0.244,-0.183,0.01611,0.02490,1.01416,29.36
$IMU,2571.559,-0.305,0.000,-0.183,0.01660,0.02441,1.00976,29.36
$IMU,2571.561,-0.183,-0.305,-0.183,0.01855,0.02392,1.01513,29.36
$IMU,2571.564,-0.244,-0.305,-0.183,0.01953,0.02343,1.01416,29.36
$IMU,2571.566,-0.305,-0.061,-0.122,0.01660,0.02294,1.01171,29.36
$MAG,2571.568,-0.337,-0.267,-0.901,28.2
$IMU,2571.568,-0.244,-0.122,-0.122,0.01416,0.02246,1.01269,29.36
$IMU,2571.571,-0.305,-0.183,-0.244,0.01513,0.02294,1.01464,29.36
$IMU,2571.573,-0.244,-0.061,-0.244,0.01562,0.02246,1.01611,29.34
$IMU,2571.575,-0.305,0.000,-0.183,0.01611,0.02392,1.01708,29.34
$MAG,2571.578,-0.339,-0.268,-0.907,28.2
$IMU,2571.578,-0.305,-0.122,-0.183,0.01708,0.02099,1.01757,29.34
$IMU,2571.580,-0.244,-0.122,-0.122,0.01757,0.02246,1.01367,29.34
$IMU,2571.582,-0.305,-0.061,-0.183,0.01757,0.02539,1.01513,29.34
$IMU,2571.585,-0.183,-0.244,-0.244,0.01513,0.02441,1.01416,29.34
$IMU,2571.587,-0.244,-0.183,-0.244,0.01855,0.02294,1.01464,29.34
$MAG,2571.588,-0.331,-0.273,-0.909,28.2
$IMU,2571.589,-0.244,-0.061,-0.183,0.01806,0.02294,1.01464,29.34
$IMU,2571.592,-0.305,-0.061,-0.183,0.01611,0.02246,1.01562,29.27
$IMU,2571.594,-0.305,0.061,-0.122,0.01416,0.02392,1.01562,29.27
$IMU,2571.596,-0.122,-0.183,-0.061,0.01953,0.02246,1.01562,29.27
$MAG,2571.598,-0.337,-0.271,-0.901,28.2
$IMU,2571.599,-0.183,-0.061,-0.061,0.01855,0.02294,1.01464,29.27
$IMU,2571.601,-0.244,0.122,-0.183,0.01757,0.02343,1.01416,29.27
$BARO,2571.602,86432.60,29.25
$IMU,2571.603,-0.183,-0.061,-0.183,0.01464,0.02587,1.01171,29.27
$IMU,2571.606,-0.305,0.122,-0.183,0.01708,0.02246,1.01416,29.27
$MAG,2571.608,-0.336,-0.274,-0.907,28.1
$IMU,2571.608,-0.183,-0.122,-0.122,0.01416,0.02343,1.01367,29.27
$IMU,2571.610,-0.244,-0.122,-0.183,0.01513,0.02441,1.01464,29.31
$IMU,2571.613,-0.305,-0.061,-0.183,0.01660,0.02490,1.01367,29.31
$IMU,2571.615,-0.244,-0.183,-0.122,0.01074,0.02197,1.01269,29.31
$MAG,2571.618,-0.331,-0.271,-0.903,28.2
$IMU,2571.618,-0.366,-0.061,-0.183,0.01318,0.02490,1.01220,29.31
$IMU,2571.620,-0.244,-0.183,-0.244,0.01318,0.02490,1.01708,29.31
$IMU,2571.622,-0.244,-0.122,-0.244,0.01757,0.02050,1.01269,29.31
$IMU,2571.625,-0.305,-0.183,-0.183,0.01562,0.02392,1.01513,29.31
$IMU,2571.627,-0.305,-0.244,-0.183,0.01708,0.02636,1.01464,29.31
$MAG,2571.628,-0.336,-0.274,-0.897,28.2
$TIME,2571.628,463094.000,2399
$IMU,2571.629,-0.366,0.000,-0.183,0.01611,0.02294,1.01513,29.32
$IMU,2571.632,-0.305,-0.183,-0.183,0.01806,0.02587,1.01562,29.32
$IMU,2571.634,-0.244,-0.244,-0.183,0.01464,0.02001,1.01660,29.32
$IMU,2571.636,-0.183,-0.244,-0.122,0.01708,0.02197,1.01318,29.32
$MAG,2571.638,-0.342,-0.277,-0.898,28.3
$IMU,2571.639,-0.183,-0.305,-0.183,0.01611,0.02392,1.01464,29.32
$IMU,2571.641,-0.122,-0.305,-0.244,0.02001,0.02392,1.01367,29.32
$IMU,2571.643,-0.244,-0.061,-0.244,0.02099,0.02246,1.01513,29.32
$IMU,2571.646,-0.122,-0.305,-0.183,0.02197,0.02246,1.01464,29.32
$MAG,2571.648,-0.342,-0.271,-0.897,28.2
$IMU,2571.648,-0.122,-0.183,-0.183,0.02001,0.02685,1.01318,29.33
$IMU,2571.650,-0.122,-0.061,-0.244,0.01562,0.02392,1.01416,29.33
$IMU,2571.653,-0.122,-0.061,-0.244,0.01855,0.02294,1.01660,29.33
$IMU,2571.655,-0.244,0.061,-0.122,0.01904,0.02587,1.01562,29.33
$IMU,2571.657,-0.183,0.000,-0.122,0.01708,0.02392,1.01171,29.33
$MAG,2571.658,-0.342,-0.267,-0.904,28.2
$IMU,2571.660,-0.244,0.000,-0.183,0.01464,0.02246,1.01416,29.33
$IMU,2571.662,-0.244,-0.122,-0.183,0.01562,0.02441,1.01416,29.33
$IMU,2571.664,-0.122,-0.183,-0.122,0.01562,0.02343,1.01318,29.33
$IMU,2571.667,-0.305,-0.122,-0.122,0.02001,0.02246,1.01220,29.31
$MAG,2571.669,-0.331,-0.276,-0.903,28.3
$IMU,2571.669,-0.305,-0.061,-0.183,0.01855,0.02294,1.01123,29.31
$IMU,2571.671,-0.305,-0.061,-0.122,0.01464,0.02246,1.01269,29.31
$IMU,2571.674,-0.305,-0.183,-0.122,0.01513,0.02441,1.01367,29.31
$IMU,2571.676,-0.427,0.000,-0.183,0.01513,0.02001,1.01269,29.31
$MAG,2571.679,-0.340,-0.274,-0.904,28.3
$IMU,2571.679,-0.244,-0.122,-0.122,0.01806,0.02197,1.01562,29.31
$IMU,2571.681,-0.305,-0.122,-0.183,0.01562,0.02050,1.01611,29.31
$IMU,2571.683,-0.244,-0.122,-0.183,0.01660,0.02294,1.01464,29.31
$IMU,2571.686,-0.305,0.000,-0.122,0.01562,0.02441,1.01562,29.30
$IMU,2571.688,-0.244,-0.122,-0.122,0.01367,0.02099,1.01562,29.30
$MAG,2571.689,-0.345,-0.267,-0.898,28.2
$IMU,2571.690,-0.244,-0.183,-0.122,0.01318,0.02294,1.01757,29.30
$IMU,2571.693,-0.244,0.000,-0.183,0.01367,0.02099,1.01513,29.30
$IMU,2571.695,-0.244,-0.122,-0.183,0.01562,0.02148,1.01562,29.30
$IMU,2571.697,-0.183,-0.183,-0.122,0.02001,0.02343,1.01513,29.30
$MAG,2571.699,-0.339,-0.274,-0.906,28.3
$IMU,2571.700,-0.183,-0.122,-0.122,0.02001,0.02197,1.01611,29.30
$IMU,2571.702,-0.061,-0.122,-0.183,0.01855,0.02441,1.01562,29.30
$BARO,2571.704,86425.87,29.25
$IMU,2571.704,-0.061,-0.122,-0.122,0.01513,0.02587,1.01611,29.31
$IMU,2571.707,-0.183,-0.061,-0.122,0.01513,0.02539,1.01318,29.31
$MAG,2571.709,-0.343,-0.262,-0.906,28.2
$IMU,2571.709,-0.183,0.061,-0.122,0.01513,0.02490,1.01416,29.31
$IMU,2571.711,-0.122,-0.122,-0.183,0.01562,0.02441,1.01367,29.31
$IMU,2571.714,-0.244,-0.061,-0.183,0.01562,0.02490,1.01171,29.31
$IMU,2571.716,-0.183,-0.244,-0.183,0.01806,0.02343,1.01464,29.31
$IMU,2571.718,-0.244,-0.122,-0.122,0.01855,0.02246,1.01464,29.31
$MAG,2571.719,-0.342,-0.270,-0.904,28.1
$IMU,2571.721,-0.305,0.000,-0.183,0.01660,0.02294,1.01562,29.31
$IMU,2571.723,-0.244,-0.244,-0.183,0.01757,0.02441,1.01318,29.29
$IMU,2571.725,-0.244,-0.183,-0.122,0.01562,0.02539,1.01367,29.29
$IMU,2571.728,-0.244,-0.305,-0.183,0.01562,0.02490,1.01416,29.29
$MAG,2571.729,-0.345,-0.268,-0.903,28.2
$IMU,2571.730,-0.305,-0.122,-0.122,0.02001,0.02294,1.01562,29.29
$IMU,2571.732,-0.366,-0.122,-0.183,0.01562,0.02441,1.01464,29.29
$IMU,2571.735,-0.305,-0.244,-0.122,0.01269,0.02099,1.01708,29.29
$IMU,2571.737,-0.244,-0.183,-0.122,0.01708,0.02343,1.01464,29.29
$MAG,2571.739,-0.334,-0.277,-0.897,28.2
$IMU,2571.740,-0.122,-0.244,-0.244,0.01562,0.02392,1.01464,29.29
$IMU,2571.742,-0.244,-0.183,-0.061,0.01611,0.02246,1.01416,29.30
$IMU,2571.744,-0.305,-0.061,-0.183,0.01611,0.02539,1.01318,29.30
$IMU,2571.747,-0.183,-0.183,-0.122,0.01757,0.02441,1.01367,29.30
$MAG,2571.749,-0.337,-0.270,-0.906,28.2
$IMU,2571.749,-0.244,-0.122,-0.122,0.01757,0.02392,1.01562,29.30
$IMU,2571.751,-0.122,-0.244,-0.183,0.01660,0.02343,1.01367,29.30
$IMU,2571.754,-0.183,-0.122,-0.122,0.01806,0.02587,1.01562,29.30
$IMU,2571.756,-0.305,0.061,-0.122,0.01806,0.02001,1.01562,29.30
$IMU,2571.758,-0.183,-0.061,-0.122,0.01757,0.02343,1.01416,29.30
$MAG,2571.759,-0.336,-0.264,-0.909,28.2
$IMU,2571.761,-0.183,0.000,-0.183,0.01562,0.02636,1.01464,29.30
$IMU,2571.763,-0.122,-0.183,-0.244,0.01611,0.02392,1.01171,29.30
$IMU,2571.765,-0.305,0.000,-0.183,0.01757,0.02587,1.01416,29.30
$IMU,2571.768,-0.305,0.000,-0.244,0.01416,0.02685,1.00976,29.30
$MAG,2571.770,-0.336,-0.273,-0.903,28.2
$IMU,2571.770,-0.244,-0.122,-0.244,0.01855,0.02392,1.01171,29.30
$IMU,2571.772,-0.305,0.122,-0.244,0.01611,0.02294,1.01318,29.30
$IMU,2571.775,-0.183,-0.244,-0.183,0.01562,0.02392,1.01416,29.30
$IMU,2571.777,-0.244,-0.305,-0.183,0.01757,0.02246,1.01318,29.30
$IMU,2571.779,-0.305,-0.122,-0.122,0.01464,0.02587,1.01611,29.32
$MAG,2571.780,-0.328,-0.271,-0.901,28.2
$IMU,2571.782,-0.305,-0.061,-0.183,0.01562,0.02294,1.01318,29.32
$IMU,2571.784,-0.366,-0.061,-0.244,0.01611,0.02001,1.01562,29.32
$IMU,2571.786,-0.305,-0.244,-0.183,0.01269,0.02343,1.01318,29.32
$IMU,2571.789,-0.366,-0.122,-0.183,0.01464,0.02441,1.01464,29.32
$MAG,2571.790,-0.346,-0.270,-0.907,28.2
$IMU,2571.791,-0.366,0.061,-0.183,0.01513,0.02148,1.01513,29.32
$IMU,2571.793,-0.366,0.000,-0.183,0.01757,0.02246,1.01269,29.32
$IMU,2571.796,-0.366,0.000,-0.122,0.01562,0.02246,1.01611,29.32
$IMU,2571.798,-0.244,-0.122,-0.183,0.01513,0.02294,1.01367,29.32
$MAG,2571.800,-0.334,-0.277,-0.894,28.2
$IMU,2571.801,-0.183,-0.183,-0.122,0.01367,0.02343,1.01416,29.32
$IMU,2571.803,-0.183,-0.122,-0.122,0.01513,0.02392,1.01416,29.32
$BARO,2571.805,86431.06,29.25
$IMU,2571.805,-0.061,-0.305,-0.183,0.01806,0.02246,1.01464,29.32
$VBAT,2571.806,4.124
$IMU,2571.808,-0.183,0.000,-0.183,0.01953,0.02294,1.01367,29.32
$MAG,2571.810,-0.336,-0.280,-0.907,28.1
$IMU,2571.810,-0.183,0.000,-0.183,0.01562,0.02490,1.01269,29.32
$IMU,2571.812,-0.061,-0.305,-0.183,0.01611,0.02587,1.01416,29.32
$IMU,2571.815,-0.061,-0.244,-0.183,0.01904,0.02343,1.01464,29.32
$IMU,2571.817,-0.122,-0.183,-0.183,0.01660,0.02246,1.01513,29.30
$IMU,2571.819,-0.183,-0.183,-0.183,0.01660,0.02197,1.01611,29.30
$MAG,2571.820,-0.337,-0.268,-0.897,28.2
$IMU,2571.822,-0.305,-0.061,-0.122,0.02001,0.02392,1.01171,29.30
$IMU,2571.824,-0.183,-0.244,-0.183,0.01855,0.02392,1.01269,29.30
$IMU,2571.826,-0.244,-0.183,-0.183,0.01953,0.02148,1.01416,29.30
$IMU,2571.829,-0.244,-0.122,-0.183,0.01611,0.02343,1.01318,29.30
$MAG,2571.830,-0.337,-0.277,-0.904,28.1
$IMU,2571.831,-0.305,-0.061,-0.183,0.01562,0.02441,1.01269,29.30
$IMU,2571.833,-0.305,-0.244,-0.244,0.01708,0.02148,1.01464,29.30
$IMU,2571.836,-0.427,0.000,-0.183,0.01855,0.02490,1.01660,29.34
$IMU,2571.838,-0.305,-0.183,-0.183,0.01660,0.02392,1.01611,29.34
$MAG,2571.840,-0.330,-0.282,-0.903,28.3
$IMU,2571.840,-0.244,-0.183,-0.244,0.01416,0.02343,1.01367,29.34
$IMU,2571.843,-0.305,-0.183,-0.122,0.01562,0.02343,1.01367,29.34
$IMU,2571.845,-0.305,-0.061,-0.183,0.01757,0.02685,1.01708,29.34
$IMU,2571.847,-0.366,0.000,-0.244,0.01464,0.02343,1.01562,29.34
$MAG,2571.850,-0.339,-0.274,-0.897,28.2
$IMU,2571.850,-0.244,-0.183,-0.183,0.01660,0.02148,1.01318,29.34
$IMU,2571.852,-0.244,-0.122,-0.122,0.01708,0.02392,1.01660,29.34
$IMU,2571.854,-0.244,-0.061,-0.183,0.01611,0.02539,1.01464,29.33
$IMU,2571.857,-0.122,-0.122,-0.183,0.01513,0.02343,1.01464,29.33
$IMU,2571.859,-0.061,-0.061,-0.183,0.01806,0.02636,1.01318,29.33
$MAG,2571.860,-0.334,-0.273,-0.904,28.1
$IMU,2571.862,-0.183,0.000,-0.122,0.01611,0.02539,1.01855,29.33
$IMU,2571.864,-0.244,0.061,-0.183,0.01416,0.02734,1.01318,29.33
$IMU,2571.866,-0.183,0.122,-0.183,0.01611,0.02148,1.01367,29.33
$IMU,2571.869,-0.122,-0.061,-0.183,0.01757,0.02685,1.01367,29.33
$MAG,2571.870,-0.343,-0.277,-0.913,28.2
$IMU,2571.871,-0.244,0.122,-0.244,0.02099,0.02343,1.01416,29.33
$IMU,2571.873,-0.244,-0.061,-0.244,0.01367,0.02197,1.01416,29.29
$IMU,2571.876,-0.122,-0.244,-0.183,0.01904,0.02392,1.01220,29.29
$IMU,2571.878,-0.305,-0.122,-0.183,0.01806,0.02539,1.01318,29.29
$IMU,2571.880,-0.366,-0.061,-0.183,0.01513,0.02294,1.01318,29.29
$MAG,2571.881,-0.342,-0.276,-0.901,28.2
$IMU,2571.883,-0.366,0.061,-0.183,0.01464,0.02441,1.01367,29.29
$IMU,2571.885,-0.244,-0.122,-0.244,0.01611,0.02294,1.01513,29.29
$IMU,2571.887,-0.183,-0.305,-0.122,0.01660,0.02148,1.01464,29.29
$IMU,2571.890,-0.183,-0.244,-0.183,0.01171,0.02392,1.01416,29.29
$MAG,2571.891,-0.337,-0.283,-0.910,28.3
$IMU,2571.892,-0.183,-0.305,-0.183,0.01611,0.02294,1.01269,29.33
$IMU,2571.894,-0.427,-0.183,-0.122,0.01269,0.02099,1.01464,29.33
$IMU,2571.897,-0.427,-0.061,-0.183,0.01220,0.02441,1.01367,29.33
$IMU,2571.899,-0.305,-0.122,-0.244,0.01562,0.02148,1.01513,29.33
$MAG,2571.901,-0.339,-0.271,-0.904,28.2
$IMU,2571.901,-0.244,-0.244,-0.183,0.01611,0.02343,1.01416,29.33
$IMU,2571.904,-0.122,-0.366,-0.183,0.01611,0.02539,1.01367,29.33
$BARO,2571.906,86433.28,29.25
$IMU,2571.906,-0.244,-0.122,-0.183,0.01611,0.02197,1.01513,29.33
$IMU,2571.908,-0.122,-0.061,-0.122,0.02001,0.01855,1.01464,29.33
$MAG,2571.911,-0.334,-0.271,-0.901,28.3
$IMU,2571.911,-0.061,-0.244,-0.183,0.01464,0.02636,1.01562,29.31
$IMU,2571.913,-0.061,-0.122,-0.183,0.01757,0.02392,1.01367,29.31
$IMU,2571.915,-0.061,-0.183,-0.183,0.01708,0.02441,1.01513,29.31
$IMU,2571.918,-0.305,0.000,-0.183,0.01513,0.02685,1.01513,29.31
$IMU,2571.920,-0.366,-0.061,-0.244,0.01611,0.02392,1.01464,29.31
$MAG,2571.921,-0.334,-0.267,-0.898,28.2
$IMU,2571.923,-0.244,-0.122,-0.183,0.01513,0.02148,1.01318,29.31
$IMU,2571.925,-0.244,0.000,-0.183,0.01806,0.02636,1.01269,29.31
$IMU,2571.927,-0.244,-0.061,-0.183,0.01513,0.02294,1.01171,29.31
$IMU,2571.930,-0.244,0.000,-0.122,0.01708,0.02343,1.01025,29.28
$MAG,2571.931,-0.346,-0.270,-0.904,28.3
$IMU,2571.932,-0.244,-0.061,-0.122,0.01367,0.02294,1.01416,29.28
$IMU,2571.934,-0.244,-0.122,-0.183,0.01611,0.02539,1.01367,29.28
$IMU,2571.937,-0.305,0.000,-0.122,0.01708,0.02197,1.01464,29.28
$IMU,2571.939,-0.244,-0.305,-0.122,0.01513,0.02246,1.01464,29.28
$MAG,2571.941,-0.334,-0.270,-0.910,28.3
$IMU,2571.941,-0.366,-0.183,-0.244,0.01562,0.01904,1.01220,29.28
$IMU,2571.944,-0.305,-0.183,-0.244,0.01660,0.02050,1.01660,29.28
$IMU,2571.946,-0.305,-0.183,-0.183,0.01708,0.02050,1.01757,29.28
$IMU,2571.948,-0.366,-0.122,-0.122,0.01562,0.02050,1.01562,29.32
$MAG,2571.951,-0.342,-0.277,-0.903,28.5
$IMU,2571.951,-0.183,-0.488,-0.122,0.01416,0.02050,1.01464,29.32
$IMU,2571.953,-0.183,-0.305,-0.244,0.01660,0.02099,1.01562,29.32
$IMU,2571.955,-0.183,-0.183,-0.244,0.01611,0.02294,1.01416,29.32
$IMU,2571.958,-0.122,-0.244,-0.183,0.01806,0.02392,1.01464,29.32
$IMU,2571.960,-0.183,-0.061,-0.061,0.01318,0.02392,1.01660,29.32
$MAG,2571.961,-0.339,-0.276,-0.909,28.2
$IMU,2571.962,-0.122,-0.183,-0.061,0.01513,0.02148,1.01416,29.32
$IMU,2571.965,-0.305,-0.122,-0.183,0.01513,0.02050,1.01416,29.32
$IMU,2571.967,-0.244,-0.061,-0.244,0.01611,0.01708,1.01464,29.31
$IMU,2571.969,-0.244,-0.061,-0.183,0.01464,0.02294,1.01220,29.31
$MAG,2571.971,-0.339,-0.273,-0.895,28.2
$IMU,2571.972,-0.244,0.000,-0.183,0.01708,0.02148,1.01269,29.31
$IMU,2571.974,0.000,-0.183,-0.122,0.01806,0.02343,1.01123,29.31
$IMU,2571.976,-0.122,-0.122,-0.122,0.01757,0.02392,1.01269,29.31
$IMU,2571.979,-0.183,-0.122,-0.183,0.01806,0.02294,1.01123,29.31
$IMU,2571.981,-0.244,0.000,-0.183,0.01708,0.02490,1.01513,29.31
$MAG,2571.982,-0.339,-0.273,-0.903,28.2
$IMU,2571.984,-0.366,0.061,-0.244,0.01708,0.02294,1.01513,29.31
$IMU,2571.986,-0.305,-0.122,-0.244,0.01806,0.02294,1.01220,29.30
$IMU,2571.988,-0.366,0.000,-0.244,0.01611,0.02343,1.01562,29.30
$IMU,2571.991,-0.244,-0.183,-0.183,0.01611,0.02197,1.01562,29.30
$MAG,2571.992,-0.345,-0.270,-0.907,28.2
$IMU,2571.993,-0.244,-0.183,-0.244,0.01660,0.02343,1.01416,29.30
$IMU,2571.995,-0.366,-0.061,-0.244,0.01660,0.02490,1.01220,29.30
$IMU,2571.998,-0.244,-0.244,-0.183,0.01513,0.02148,1.01513,29.30
$IMU,2572.000,-0.305,-0.244,-0.244,0.01757,0.02197,1.01513,29.30
$MAG,2572.002,-0.342,-0.273,-0.907,28.3
$IMU,2572.002,-0.366,-0.122,-0.122,0.01513,0.02294,1.01318,29.30
$IMU,2572.005,-0.244,-0.244,-0.183,0.01757,0.02148,1.01416,29.33
$IMU,2572.007,-0.366,-0.061,-0.183,0.01464,0.02294,1.01513,29.33
$BARO,2572.008,86431.53,29.26
$IMU,2572.009,-0.244,-0.122,-0.122,0.01953,0.01953,1.01660,29.33
$MAG,2572.012,-0.345,-0.267,-0.906,28.1
$IMU,2572.012,-0.244,0.000,-0.183,0.01757,0.02343,1.01416,29.33
$IMU,2572.014,-0.122,-0.183,-0.183,0.01855,0.02343,1.01611,29.33
$IMU,2572.016,-0.122,-0.122,-0.122,0.01660,0.02246,1.01318,29.33
$IMU,2572.019,-0.061,-0.244,-0.122,0.01562,0.02099,1.01269,29.33
$IMU,2572.021,-0.122,-0.183,-0.183,0.01708,0.02294,1.01318,29.33
$MAG,2572.022,-0.337,-0.276,-0.904,28.2
$IMU,2572.023,-0.122,-0.183,-0.183,0.01611,0.02490,1.01416,29.30
$IMU,2572.026,-0.122,0.000,-0.183,0.01708,0.02392,1.01708,29.30
$IMU,2572.028,-0.061,-0.244,-0.122,0.01806,0.02636,1.01562,29.30
$IMU,2572.030,-0.183,-0.122,-0.183,0.01562,0.02636,1.01367,29.30
$MAG,2572.032,-0.342,-0.273,-0.909,28.2
$IMU,2572.033,-0.305,-0.061,-0.122,0.01757,0.02294,1.01660,29.30
$IMU,2572.035,-0.244,0.000,-0.183,0.01562,0.02685,1.01318,29.30
$IMU,2572.037,-0.305,-0.061,-0.183,0.01611,0.02148,1.01318,29.30
$IMU,2572.040,-0.244,-0.183,-0.244,0.01708,0.02587,1.01318,29.30
$MAG,2572.042,-0.337,-0.273,-0.901,28.2
$IMU,2572.042,-0.244,-0.244,-0.244,0.01513,0.02343,1.01269,29.32
$IMU,2572.044,-0.427,0.000,-0.244,0.01513,0.02246,1.00976,29.32
$IMU,2572.047,-0.244,-0.244,-0.183,0.01318,0.02343,1.01318,29.32
$IMU,2572.049,-0.122,-0.549,-0.183,0.01171,0.02392,1.01464,29.32
$MAG,2572.052,-0.336,-0.274,-0.900,28.1
$IMU,2572.052,-0.305,-0.183,-0.244,0.01562,0.02148,1.01269,29.32
$IMU,2572.054,-0.305,-0.061,-0.183,0.01611,0.02294,1.01513,29.32
$IMU,2572.056,-0.244,-0.305,-0.183,0.01757,0.02099,1.01318,29.32
$IMU,2572.059,-0.244,-0.122,-0.122,0.01562,0.01855,1.01513,29.32
$IMU,2572.061,-0.244,0.000,-0.122,0.01757,0.02246,1.01367,29.32
$MAG,2572.062,-0.334,-0.268,-0.900,28.3
$IMU,2572.063,-0.244,0.000,-0.122,0.01806,0.02099,1.01464,29.32
$IMU,2572.066,-0.244,-0.244,-0.244,0.01611,0.02246,1.01513,29.32
$IMU,2572.068,-0.244,-0.061,-0.183,0.02001,0.02343,1.01562,29.32
$IMU,2572.070,-0.183,-0.122,-0.183,0.01660,0.02441,1.01416,29.32
$MAG,2572.072,-0.337,-0.274,-0.900,28.2
$IMU,2572.073,-0.183,0.000,-0.183,0.01562,0.02490,1.01464,29.32
$IMU,2572.075,-0.183,-0.061,-0.183,0.01562,0.02636,1.01660,29.32
$IMU,2572.077,-0.183,0.000,-0.183,0.01953,0.02343,1.01367,29.32
$IMU,2572.080,-0.122,-0.122,-0.183,0.01269,0.02490,1.01562,29.32
$IMU,2572.082,-0.183,0.061,-0.183,0.01416,0.02636,1.01416,29.32
$MAG,2572.083,-0.348,-0.273,-0.903,28.2
$IMU,2572.084,-0.244,0.000,-0.122,0.01757,0.02685,1.01318,29.32
$IMU,2572.087,-0.183,-0.244,-0.122,0.01513,0.02343,1.01318,29.32
$IMU,2572.089,-0.244,0.000,-0.244,0.01416,0.02587,1.01074,29.32
$IMU,2572.091,-0.305,0.000,-0.122,0.01562,0.02343,1.01269,29.32
$MAG,2572.093,-0.340,-0.276,-0.901,28.2
$IMU,2572.094,-0.244,-0.183,-0.183,0.01464,0.02392,1.01318,29.32
$IMU,2572.096,-0.366,-0.122,-0.244,0.01660,0.02636,1.01464,29.32
$IMU,2572.098,-0.305,-0.122,-0.183,0.01562,0.02441,1.01171,29.35
$IMU,2572.101,-0.366,-0.061,-0.122,0.01660,0.02246,1.01269,29.35
$MAG,2572.103,-0.336,-0.274,-0.910,28.1
$IMU,2572.103,-0.244,-0.305,-0.183,0.01708,0.02148,1.01318,29.35
$IMU,2572.105,-0.244,-0.305,-0.244,0.01611,0.02197,1.01562,29.35
$IMU,2572.108,-0.366,-0.122,-0.244,0.01660,0.02343,1.01367,29.35
$BARO,2572.109,86427.16,29.26
$IMU,2572.110,-0.244,-0.183,-0.183,0.01416,0.02197,1.01464,29.35
$MAG,2572.113,-0.346,-0.271,-0.903,28.2
$IMU,2572.113,-0.305,-0.061,-0.122,0.01513,0.02050,1.01464,29.35
$IMU,2572.115,-0.183,-0.305,-0.183,0.01611,0.02099,1.01562,29.35
$IMU,2572.117,-0.122,-0.244,-0.183,0.02001,0.02392,1.01464,29.33
$IMU,2572.120,-0.244,0.000,-0.122,0.01464,0.02441,1.01464,29.33
$IMU,2572.122,-0.122,-0.183,-0.122,0.01708,0.02441,1.01464,29.33
$MAG,2572.123,-0.337,-0.274,-0.901,28.3
$IMU,2572.124,-0.244,0.000,-0.183,0.01562,0.02197,1.01562,29.33
$IMU,2572.127,-0.122,-0.122,-0.183,0.01708,0.02343,1.01611,29.33
$IMU,2572.129,-0.122,-0.183,-0.122,0.01757,0.02441,1.01464,29.33
$IMU,2572.131,-0.183,0.061,-0.122,0.01611,0.02539,1.01318,29.33
$MAG,2572.133,-0.328,-0.268,-0.898,28.1
$IMU,2572.134,-0.183,0.000,-0.244,0.01611,0.02441,1.01757,29.33
$IMU,2572.136,-0.366,0.183,-0.183,0.01367,0.02392,1.01611,29.33
$IMU,2572.138,-0.305,0.061,-0.122,0.01806,0.02539,1.01367,29.33
$IMU,2572.141,-0.244,-0.061,-0.183,0.01318,0.02734,1.01123,29.33
$MAG,2572.143,-0.334,-0.270,-0.897,28.2
$IMU,2572.143,-0.305,0.061,-0.183,0.01660,0.02294,1.01367,29.33
$IMU,2572.145,-0.244,-0.061,-0.122,0.01464,0.02490,1.01220,29.33
$IMU,2572.148,-0.366,0.061,-0.122,0.01660,0.02441,1.01464,29.33
$IMU,2572.150,-0.305,-0.183,-0.244,0.01513,0.02099,1.01367,29.33
$IMU,2572.152,-0.244,-0.305,-0.122,0.01464,0.01855,1.01269,29.33
$MAG,2572.153,-0.348,-0.270,-0.898,28.3
$IMU,2572.155,-0.244,-0.244,-0.122,0.01416,0.02001,1.01220,29.31
$IMU,2572.157,-0.305,-0.183,-0.183,0.01464,0.02246,1.01562,29.31
$IMU,2572.159,-0.366,-0.183,-0.244,0.01513,0.02099,1.01416,29.31
$IMU,2572.162,-0.244,-0.244,-0.122,0.01855,0.02343,1.01562,29.31
$MAG,2572.163,-0.345,-0.274,-0.906,28.2
$IMU,2572.164,-0.244,-0.061,-0.183,0.01660,0.02197,1.01318,29.31
$IMU,2572.166,-0.244,-0.183,-0.122,0.01708,0.01953,1.01855,29.31
$HUM,2572.169,37.0,29.7
$IMU,2572.169,-0.183,-0.305,-0.183,0.01904,0.02392,1.01416,29.31
$IMU,2572.171,-0.305,0.122,-0.122,0.01855,0.02441,1.01171,29.31
$MAG,2572.173,-0.340,-0.268,-0.904,28.1
$IMU,2572.174,-0.244,-0.061,-0.183,0.01513,0.02001,1.01806,29.31
$IMU,2572.176,-0.305,0.000,-0.122,0.01562,0.02197,1.01708,29.31
$IMU,2572.178,-0.244,0.000,-0.183,0.01708,0.02392,1.01562,29.31
$IMU,2572.181,-0.061,-0.244,-0.244,0.01757,0.02734,1.01513,29.31
$IMU,2572.183,-0.244,-0.183,-0.183,0.01562,0.02636,1.01611,29.31
$MAG,2572.184,-0.339,-0.276,-0.900,28.2
$IMU,2572.185,-0.183,-0.122,-0.122,0.01660,0.02490,1.01562,29.31
$IMU,2572.188,-0.183,-0.061,-0.122,0.01660,0.02636,1.01318,29.31
$IMU,2572.190,-0.244,0.061,-0.122,0.01660,0.02246,1.01416,29.31
$IMU,2572.192,-0.122,-0.122,-0.183,0.01513,0.02441,1.01269,29.35
$MAG,2572.194,-0.337,-0.276,-0.892,28.2
$IMU,2572.195,-0.244,-0.061,-0.122,0.01708,0.02050,1.01318,29.35
$IMU,2572.197,-0.244,0.000,-0.122,0.01562,0.02685,1.01416,29.35
$IMU,2572.199,-0.305,0.000,-0.122,0.01318,0.02539,1.01318,29.35
$IMU,2572.202,-0.305,-0.122,-0.183,0.01513,0.02246,1.01464,29.35
$MAG,2572.204,-0.336,-0.273,-0.906,28.2
$IMU,2572.204,-0.122,-0.427,-0.183,0.01757,0.02539,1.01464,29.35
$IMU,2572.206,-0.244,-0.305,-0.183,0.01611,0.02246,1.01611,29.35
$IMU,2572.209,-0.305,-0.244,-0.244,0.01708,0.02294,1.01220,29.35
$BARO,2572.211,86420.44,29.27
$IMU,2572.211,-0.244,-0.183,-0.183,0.01708,0.02197,1.01123,29.29
$IMU,2572.213,-0.305,0.000,-0.183,0.01464,0.02099,1.01416,29.29
$MAG,2572.214,-0.343,-0.267,-0.906,28.3
$IMU,2572.216,-0.183,-0.244,-0.183,0.01367,0.02148,1.01416,29.29
$IMU,2572.218,-0.183,-0.183,-0.183,0.01464,0.02392,1.01611,29.29
$IMU,2572.220,-0.183,-0.244,-0.183,0.02050,0.02343,1.01513,29.29
$IMU,2572.223,-0.183,-0.244,-0.183,0.01513,0.02246,1.01367,29.29
$MAG,2572.224,-0.340,-0.274,-0.904,28.2
$IMU,2572.225,-0.305,-0.061,-0.122,0.01660,0.02148,1.01660,29.29
$IMU,2572.227,-0.122,-0.183,-0.122,0.01708,0.02294,1.01757,29.29
$IMU,2572.230,-0.244,-0.061,-0.183,0.01806,0.02539,1.01367,29.33
$IMU,2572.232,-0.122,-0.244,-0.183,0.01708,0.02392,1.01513,29.33
$MAG,2572.234,-0.342,-0.276,-0.901,28.2
$IMU,2572.235,-0.183,-0.122,-0.183,0.01953,0.02294,1.01367,29.33
$IMU,2572.237,-0.244,-0.183,-0.183,0.01416,0.02050,1.01562,29.33
$IMU,2572.239,-0.183,-0.122,-0.122,0.01953,0.02148,1.01611,29.33
$IMU,2572.242,-0.305,0.000,-0.122,0.01611,0.02294,1.01367,29.33
$MAG,2572.244,-0.340,-0.270,-0.903,28.3
$IMU,2572.244,-0.366,0.061,-0.183,0.01953,0.02294,1.01757,29.33
$IMU,2572.246,-0.244,-0.061,-0.122,0.01660,0.02490,1.01660,29.33
$IMU,2572.249,-0.183,-0.061,-0.061,0.01562,0.02441,1.01464,29.38
$IMU,2572.251,-0.244,-0.122,-0.244,0.01562,0.02294,1.01318,29.38
$IMU,2572.253,-0.244,-0.061,-0.183,0.01513,0.02343,1.01269,29.38
$MAG,2572.254,-0.343,-0.274,-0.895,28.2
$IMU,2572.256,-0.183,-0.305,-0.244,0.01318,0.02343,1.01513,29.38
$IMU,2572.258,-0.305,-0.183,-0.244,0.01464,0.02392,1.01123,29.38
$IMU,2572.260,-0.305,-0.183,-0.183,0.01660,0.02197,1.01318,29.38
$IMU,2572.263,-0.305,-0.183,-0.122,0.01416,0.02246,1.01464,29.38
$MAG,2572.264,-0.337,-0.274,-0.907,28.2
$IMU,2572.265,-0.305,-0.183,-0.244,0.01953,0.02490,1.01367,29.38
$IMU,2572.267,-0.122,-0.305,-0.183,0.01660,0.02587,1.01611,29.33
$IMU,2572.270,-0.122,-0.122,-0.183,0.01513,0.02148,1.01660,29.33
$IMU,2572.272,-0.183,-0.122,-0.183,0.01660,0.02148,1.01367,29.33
$MAG,2572.274,-0.345,-0.274,-0.901,28.1
$IMU,2572.274,-0.305,-0.122,-0.183,0.01904,0.02441,1.01220,29.33
$IMU,2572.277,-0.305,0.000,-0.183,0.01513,0.02099,1.01416,29.33
$IMU,2572.279,-0.122,-0.366,-0.244,0.01660,0.02343,1.01464,29.33
$IMU,2572.281,-0.183,-0.183,-0.244,0.01660,0.02099,1.01367,29.33
$IMU,2572.284,-0.122,-0.122,-0.183,0.01904,0.02246,1.01269,29.33
$MAG,2572.285,-0.336,-0.276,-0.901,28.1
$IMU,2572.286,-0.244,-0.061,-0.122,0.01660,0.02099,1.00976,29.34
$IMU,2572.288,-0.244,0.000,-0.183,0.01660,0.02246,1.01562,29.34
$IMU,2572.291,-0.122,-0.183,-0.183,0.01611,0.02343,1.01660,29.34
$IMU,2572.293,-0.122,-0.061,-0.183,0.01416,0.02636,1.01513,29.34
$MAG,2572.295,-0.336,-0.276,-0.904,28.3
$IMU,2572.296,-0.183,-0.122,-0.183,0.02099,0.02685,1.01757,29.34
$IMU,2572.298,-0.244,0.000,-0.122,0.01611,0.02148,1.01367,29.34
$IMU,2572.300,-0.427,0.183,-0.183,0.01904,0.02246,1.01513,29.34
$IMU,2572.303,-0.366,0.061,-0.244,0.01611,0.02441,1.01513,29.34
$MAG,2572.305,-0.339,-0.271,-0.906,28.1
$IMU,2572.305,-0.305,-0.061,-0.183,0.01318,0.02636,1.01464,29.35
$IMU,2572.307,-0.305,-0.244,-0.061,0.01464,0.02050,1.01318,29.35
$IMU,2572.310,-0.183,-0.305,-0.122,0.01464,0.02197,1.01171,29.35
$BARO,2572.312,86437.89,29.27
$IMU,2572.312,-0.122,-0.305,-0.122,0.01562,0.01904,1.01220,29.35
$IMU,2572.314,-0.183,-0.122,-0.122,0.01611,0.02587,1.01367,29.35
$MAG,2572.315,-0.339,-0.267,-0.906,28.1
$IMU,2572.317,-0.244,-0.122,-0.183,0.01464,0.02392,1.01562,29.35
$IMU,2572.319,-0.305,-0.244,-0.244,0.01708,0.02441,1.01367,29.35
$IMU,2572.321,-0.183,-0.305,-0.183,0.01806,0.02001,1.01562,29.35
$IMU,2572.324,-0.244,-0.122,-0.183,0.01513,0.02490,1.01757,29.31
$MAG,2572.325,-0.337,-0.273,-0.903,28.2
$IMU,2572.326,-0.244,0.000,-0.244,0.01660,0.01855,1.01269,29.31
$IMU,2572.328,-0.244,-0.122,-0.183,0.01660,0.02050,1.01416,29.31
$IMU,2572.331,-0.183,-0.061,-0.244,0.01416,0.02441,1.01660,29.31
$IMU,2572.333,-0.122,-0.244,-0.183,0.01416,0.02246,1.01123,29.31
$MAG,2572.335,-0.345,-0.279,-0.906,28.2
$IMU,2572.335,-0.183,-0.061,-0.183,0.01611,0.02490,1.01074,29.31
$IMU,2572.338,-0.244,0.000,-0.061,0.01611,0.02587,1.01513,29.31
$IMU,2572.340,-0.244,0.000,-0.122,0.01855,0.02294,1.01464,29.31
$IMU,2572.342,-0.122,-0.122,-0.183,0.02197,0.02587,1.01367,29.31
$MAG,2572.345,-0.345,-0.279,-0.898,28.5
$IMU,2572.345,0.000,-0.305,-0.183,0.01660,0.02441,1.01513,29.31
$IMU,2572.347,-0.122,-0.183,-0.183,0.01953,0.02246,1.01660,29.31
$IMU,2572.349,-0.305,-0.061,-0.183,0.01708,0.02636,1.01367,29.31
$IMU,2572.352,-0.305,0.000,-0.183,0.01513,0.02587,1.01367,29.31
$IMU,2572.354,-0.366,0.061,-0.183,0.01269,0.02441,1.01464,29.31
$MAG,2572.355,-0.337,-0.276,-0.909,28.3
$IMU,2572.357,-0.305,-0.122,-0.183,0.01562,0.02197,1.01074,29.31
$IMU,2572.359,-0.244,-0.183,-0.183,0.01562,0.02148,1.01318,29.31
$IMU,2572.361,-0.366,-0.061,-0.244,0.01318,0.02294,1.01464,29.30
$IMU,2572.364,-0.244,-0.305,-0.244,0.01367,0.02197,1.01855,29.30
$MAG,2572.365,-0.346,-0.270,-0.898,28.3
$IMU,2572.366,-0.366,-0.061,-0.244,0.01611,0.02246,1.01513,29.30
$IMU,2572.368,-0.244,-0.366,-0.183,0.01708,0.02343,1.01464,29.30
$IMU,2572.371,-0.244,-0.305,-0.244,0.01708,0.02294,1.01562,29.30
$IMU,2572.373,-0.366,-0.122,-0.183,0.01171,0.02099,1.01757,29.30
$MAG,2572.375,-0.330,-0.271,-0.903,28.2
$IMU,2572.375,-0.244,-0.183,-0.183,0.01318,0.02246,1.01708,29.30
$IMU,2572.378,-0.305,-0.061,-0.183,0.01660,0.02343,1.01611,29.30
$IMU,2572.380,-0.122,-0.183,-0.122,0.01611,0.02148,1.01757,29.32
$IMU,2572.382,-0.122,-0.183,-0.122,0.01464,0.02490,1.01611,29.32
$IMU,2572.385,-0.061,-0.183,-0.183,0.01416,0.02197,1.01416,29.32
$MAG,2572.386,-0.345,-0.276,-0.904,28.2
$IMU,2572.387,-0.183,-0.061,-0.183,0.01562,0.02441,1.01367,29.32
$IMU,2572.389,-0.183,0.000,-0.122,0.01806,0.02294,1.01367,29.32
$IMU,2572.392,-0.122,-0.061,-0.122,0.01855,0.01953,1.01611,29.32
$IMU,2572.394,-0.122,-0.122,-0.183,0.01562,0.02685,1.01562,29.32
$MAG,2572.396,-0.342,-0.277,-0.904,28.3
$IMU,2572.396,-0.244,0.061,-0.122,0.01757,0.02734,1.01464,29.32
$IMU,2572.399,-0.183,0.000,-0.122,0.01464,0.02294,1.01464,29.27
$IMU,2572.401,-0.244,0.061,-0.122,0.01611,0.02685,1.01367,29.27
$IMU,2572.403,-0.305,0.061,-0.244,0.01367,0.02441,1.01318,29.27
$MAG,2572.406,-0.345,-0.273,-0.901,28.3
$IMU,2572.406,-0.305,-0.122,-0.183,0.01220,0.01953,1.01220,29.27
$IMU,2572.408,-0.305,-0.122,-0.183,0.01416,0.02490,1.01464,29.27
$IMU,2572.410,-0.244,-0.305,-0.122,0.01708,0.02539,1.01367,29.27
$IMU,2572.413,-0.305,-0.244,-0.183,0.01269,0.02392,1.01464,29.27
$BARO,2572.414,86429.87,29.27
$IMU,2572.415,-0.183,-0.244,-0.183,0.01611,0.02343,1.01367,29.27
$MAG,2572.416,-0.336,-0.279,-0.897,28.1
$IMU,2572.418,-0.244,-0.244,-0.183,0.01660,0.02343,1.01416,29.37
$IMU,2572.420,-0.305,-0.366,-0.122,0.01562,0.02294,1.01562,29.37
$IMU,2572.422,-0.183,-0.305,-0.183,0.01562,0.02392,1.01513,29.37
$IMU,2572.425,-0.366,-0.122,-0.183,0.01855,0.02099,1.01171,29.37
$MAG,2572.426,-0.337,-0.267,-0.897,28.1
$IMU,2572.427,-0.244,-0.061,-0.122,0.01953,0.02197,1.01318,29.37
$IMU,2572.429,-0.183,-0.183,-0.244,0.01855,0.02099,1.01367,29.37
$IMU,2572.432,-0.244,-0.122,-0.183,0.01562,0.02197,1.01464,29.37
$IMU,2572.434,-0.183,-0.122,-0.183,0.01611,0.02490,1.01660,29.37
$MAG,2572.436,-0.342,-0.270,-0.901,28.3
$IMU,2572.436,-0.244,-0.061,-0.244,0.01464,0.02539,1.01416,29.32
$IMU,2572.439,-0.122,-0.183,-0.244,0.01855,0.02441,1.01416,29.32
$IMU,2572.441,-0.183,-0.305,-0.183,0.01806,0.02050,1.01367,29.32
$IMU,2572.443,-0.183,-0.061,-0.244,0.01708,0.02148,1.01220,29.32
$MAG,2572.446,-0.340,-0.282,-0.910,28.2
$IMU,2572.446,-0.183,-0.061,-0.183,0.01757,0.02197,1.01513,29.32
$IMU,2572.448,-0.122,-0.122,-0.122,0.02099,0.02685,1.01367,29.32
$IMU,2572.450,-0.061,0.000,-0.183,0.01220,0.02392,1.01562,29.32
$IMU,2572.453,-0.183,0.000,-0.122,0.01757,0.02539,1.01269,29.32
$IMU,2572.455,-0.305,0.122,-0.244,0.01562,0.02539,1.01367,29.30
$MAG,2572.456,-0.330,-0.280,-0.909,28.2
$IMU,2572.457,-0.244,0.000,-0.122,0.01416,0.02441,1.01171,29.30
$IMU,2572.460,-0.305,0.061,-0.183,0.01464,0.02490,1.01318,29.30
$IMU,2572.462,-0.305,-0.122,-0.183,0.01416,0.02099,1.01269,29.30
$IMU,2572.464,-0.366,0.061,-0.122,0.01318,0.02001,1.01269,29.30
$MAG,2572.466,-0.342,-0.270,-0.894,28.2
$IMU,2572.467,-0.244,-0.183,-0.183,0.01464,0.02343,1.01269,29.30
$IMU,2572.469,-0.183,-0.366,-0.305,0.01464,0.02392,1.01513,29.30
$IMU,2572.471,-0.366,-0.122,-0.122,0.01416,0.02441,1.01562,29.30
$IMU,2572.474,-0.366,-0.183,-0.122,0.01708,0.02148,1.01464,29.33
$MAG,2572.476,-0.339,-0.274,-0.898,28.3
$IMU,2572.476,-0.427,-0.122,-0.183,0.01660,0.02246,1.01318,29.33
$IMU,2572.479,-0.366,-0.122,-0.122,0.01416,0.02148,1.01513,29.33
$IMU,2572.481,-0.244,-0.183,-0.183,0.01367,0.02197,1.01611,29.33
$IMU,2572.483,-0.305,-0.061,-0.183,0.01513,0.02099,1.01464,29.33
$MAG,2572.486,-0.342,-0.267,-0.912,28.3
$IMU,2572.486,-0.183,-0.244,-0.183,0.01464,0.02343,1.01416,29.33
$IMU,2572.488,-0.183,-0.122,-0.244,0.01318,0.02294,1.01367,29.33
$IMU,2572.490,-0.122,-0.183,-0.183,0.01660,0.02441,1.01660,29.33
$IMU,2572.493,-0.183,-0.061,-0.122,0.01708,0.02539,1.01513,29.32
$IMU,2572.495,-0.183,-0.061,-0.183,0.01708,0.02441,1.01416,29.32
$MAG,2572.497,-0.336,-0.271,-0.904,28.3
$IMU,2572.497,-0.183,-0.061,-0.183,0.01513,0.02294,1.01367,29.32
$IMU,2572.500,-0.244,0.000,-0.183,0.01464,0.02392,1.01220,29.32
$IMU,2572.502,-0.244,-0.061,-0.122,0.01660,0.02880,1.01123,29.32
$IMU,2572.504,-0.122,-0.305,-0.122,0.01806,0.02294,1.01416,29.32
$MAG,2572.507,-0.342,-0.277,-0.903,28.2
$IMU,2572.507,-0.244,-0.061,-0.122,0.01660,0.02148,1.01464,29.32
$IMU,2572.509,-0.183,-0.244,-0.183,0.01660,0.02490,1.01416,29.32
$IMU,2572.511,-0.244,-0.183,-0.183,0.01806,0.02294,1.01513,29.32
$IMU,2572.514,-0.366,-0.122,-0.183,0.01904,0.02050,1.01416,29.32
$BARO,2572.515,86426.65,29.27
$IMU,2572.516,-0.366,-0.122,-0.122,0.01708,0.02343,1.01220,29.32
$MAG,2572.517,-0.324,-0.279,-0.903,28.2
$IMU,2572.518,-0.366,-0.061,-0.183,0.01904,0.01855,1.01318,29.32
$IMU,2572.521,-0.244,-0.183,-0.183,0.01660,0.02197,1.01416,29.32
$IMU,2572.523,-0.244,-0.244,-0.183,0.01562,0.02294,1.01611,29.32
$IMU,2572.525,-0.305,-0.122,-0.183,0.01708,0.02246,1.01416,29.32
$MAG,2572.527,-0.334,-0.283,-0.901,28.2
$IMU,2572.528,-0.244,-0.183,-0.183,0.01611,0.02099,1.01416,29.32
$IMU,2572.530,-0.122,-0.183,-0.183,0.01464,0.01953,1.01855,29.34
$IMU,2572.532,-0.183,-0.305,-0.183,0.01904,0.02246,1.01562,29.34
$IMU,2572.535,-0.183,-0.305,-0.122,0.01611,0.02490,1.01513,29.34
$MAG,2572.537,-0.343,-0.274,-0.900,28.2
$IMU,2572.537,-0.122,-0.244,-0.183,0.01611,0.02343,1.01660,29.34
$IMU,2572.539,-0.122,-0.305,-0.244,0.01660,0.02099,1.01757,29.34
$IMU,2572.542,-0.183,0.000,-0.244,0.01855,0.01904,1.01562,29.34
$IMU,2572.544,-0.061,-0.244,-0.122,0.01757,0.02539,1.01660,29.34
$MAG,2572.547,-0.331,-0.268,-0.903,28.2
$IMU,2572.547,-0.122,-0.122,-0.183,0.01904,0.02246,1.01416,29.34
$IMU,2572.549,-0.122,0.061,-0.183,0.01855,0.02343,1.01562,29.34
$IMU,2572.551,-0.183,-0.061,-0.183,0.01757,0.02587,1.01367,29.34
$IMU,2572.554,-0.244,0.061,-0.122,0.01611,0.02294,1.01269,29.34
$IMU,2572.556,-0.305,0.061,-0.244,0.01464,0.02783,1.01464,29.34
$MAG,2572.557,-0.334,-0.268,-0.909,28.3
$IMU,2572.558,-0.305,0.000,-0.244,0.01367,0.02539,1.01416,29.34
$IMU,2572.561,-0.244,-0.183,-0.183,0.01416,0.02197,1.01611,29.34
$IMU,2572.563,-0.366,-0.183,-0.183,0.01416,0.02441,1.01367,29.34
$IMU,2572.565,-0.366,-0.061,-0.183,0.01464,0.02441,1.01660,29.34
$MAG,2572.567,-0.336,-0.274,-0.900,28.1
$IMU,2572.568,-0.366,-0.061,-0.183,0.01611,0.02636,1.01416,29.36
$IMU,2572.570,-0.427,-0.061,-0.244,0.01513,0.02441,1.01464,29.36
$IMU,2572.572,-0.366,0.000,-0.244,0.01269,0.02197,1.01269,29.36
$IMU,2572.575,-0.244,-0.305,-0.183,0.01660,0.02490,1.01416,29.36
$MAG,2572.577,-0.342,-0.283,-0.906,28.3
$IMU,2572.577,-0.305,-0.061,-0.183,0.01513,0.02441,1.01708,29.36
$IMU,2572.579,-0.244,-0.305,-0.183,0.01171,0.02197,1.01611,29.36
$IMU,2572.582,-0.305,-0.244,-0.183,0.01318,0.02050,1.01660,29.36
$IMU,2572.584,-0.183,-0.183,-0.244,0.01269,0.02246,1.01416,29.36
$IMU,2572.586,-0.122,-0.305,-0.244,0.01269,0.02099,1.01464,29.35
$MAG,2572.587,-0.342,-0.282,-0.912,28.3
$IMU,2572.589,-0.244,-0.122,-0.183,0.01220,0.02539,1.01611,29.35
$IMU,2572.591,-0.244,-0.061,-0.183,0.01757,0.02099,1.01220,29.35
$IMU,2572.593,-0.244,-0.061,-0.183,0.01513,0.02587,1.01513,29.35
$IMU,2572.596,-0.183,-0.061,-0.183,0.01660,0.02685,1.01562,29.35
$MAG,2572.598,-0.339,-0.271,-0.909,28.2
$IMU,2572.598,-0.122,-0.183,-0.061,0.01611,0.02392,1.01464,29.35
$IMU,2572.600,-0.244,0.061,-0.122,0.01855,0.02246,1.01611,29.35
$IMU,2572.603,-0.183,0.000,-0.122,0.01904,0.02490,1.01367,29.35
$IMU,2572.605,-0.305,0.000,-0.183,0.01660,0.02001,1.01220,29.35
$MAG,2572.608,-0.336,-0.271,-0.913,28.2
$IMU,2572.608,-0.183,-0.244,-0.244,0.01757,0.02734,1.01318,29.35
$IMU,2572.610,-0.122,-0.122,-0.122,0.01708,0.02441,1.01513,29.35
$IMU,2572.612,-0.244,0.122,-0.122,0.01318,0.02246,1.01513,29.35
$IMU,2572.615,-0.122,-0.244,-0.122,0.01708,0.02539,1.01611,29.35
$BARO,2572.617,86426.19,29.27
$IMU,2572.617,-0.183,-0.061,-0.244,0.01757,0.02246,1.01367,29.35
$MAG,2572.618,-0.337,-0.277,-0.903,28.2
$IMU,2572.619,-0.244,-0.061,-0.183,0.01953,0.02197,1.01562,29.35
$IMU,2572.622,-0.244,-0.305,-0.183,0.01757,0.02148,1.01464,29.35
$IMU,2572.624,-0.244,-0.244,-0.183,0.01562,0.02246,1.01562,29.32
$IMU,2572.626,-0.183,-0.183,-0.183,0.01757,0.02441,1.01318,29.32
$MAG,2572.628,-0.334,-0.271,-0.904,28.2
$TIME,2572.628,463095.000,2399
$IMU,2572.629,-0.427,-0.122,-0.183,0.01757,0.02050,1.01171,29.32
$IMU,2572.631,-0.366,-0.183,-0.183,0.01708,0.02148,1.01416,29.32
$IMU,2572.633,-0.305,-0.183,-0.183,0.01562,0.02587,1.01318,29.32
$IMU,2572.636,-0.305,-0.122,-0.122,0.01513,0.02294,1.01269,29.32
$MAG,2572.638,-0.339,-0.279,-0.910,28.2
$IMU,2572.638,-0.183,-0.183,-0.183,0.01611,0.02099,1.01367,29.32
$IMU,2572.640,-0.244,-0.305,-0.244,0.01757,0.02148,1.01416,29.32
$IMU,2572.643,-0.183,-0.366,-0.122,0.01806,0.02050,1.01416,29.33
$IMU,2572.645,-0.122,-0.183,-0.122,0.01757,0.02343,1.01513,29.33
$IMU,2572.647,-0.122,-0.122,-0.183,0.01855,0.02490,1.01562,29.33
$MAG,2572.648,-0.331,-0.268,-0.907,28.2
$IMU,2572.650,-0.122,-0.244,-0.183,0.01757,0.02441,1.01416,29.33
$IMU,2572.652,-0.183,0.122,-0.244,0.01953,0.02294,1.01513,29.33
$IMU,2572.654,-0.122,0.061,-0.122,0.01660,0.02392,1.01269,29.33
$IMU,2572.657,-0.183,-0.061,-0.122,0.01806,0.02392,1.01367,29.33
$MAG,2572.658,-0.345,-0.273,-0.904,28.2
$IMU,2572.659,-0.183,-0.061,-0.122,0.01464,0.02539,1.01367,29.33
$IMU,2572.661,-0.183,-0.122,-0.244,0.01611,0.02148,1.01464,29.33
$IMU,2572.664,-0.122,-0.244,-0.244,0.01464,0.02343,1.01562,29.33
$IMU,2572.666,-0.305,-0.122,-0.183,0.01611,0.02490,1.01416,29.33
$MAG,2572.668,-0.337,-0.274,-0.910,28.3
$IMU,2572.669,-0.244,-0.122,-0.183,0.01562,0.02490,1.01074,29.33
$IMU,2572.671,-0.183,-0.305,-0.122,0.01806,0.02832,1.01464,29.33
$IMU,2572.673,-0.244,-0.244,-0.183,0.01855,0.02099,1.01318,29.33
$IMU,2572.676,-0.244,-0.244,-0.183,0.01660,0.02246,1.01513,29.33
$MAG,2572.678,-0.336,-0.268,-0.903,28.1
$IMU,2572.678,-0.305,-0.122,-0.183,0.01562,0.02392,1.01708,29.33
$IMU,2572.680,-0.305,-0.061,-0.183,0.01757,0.02148,1.01464,29.33
$IMU,2572.683,-0.244,-0.122,-0.183,0.01708,0.02636,1.01513,29.33
$IMU,2572.685,-0.366,-0.061,-0.183,0.01464,0.02490,1.01171,29.33
$IMU,2572.687,-0.305,-0.122,-0.122,0.01464,0.02392,1.01464,29.33
$MAG,2572.688,-0.331,-0.273,-0.903,28.3
$IMU,2572.690,-0.305,-0.183,-0.183,0.01318,0.02197,1.01562,29.33
$IMU,2572.692,-0.305,-0.244,-0.183,0.01660,0.02099,1.01513,29.33
$IMU,2572.694,-0.183,-0.183,-0.183,0.01855,0.02148,1.01416,29.33
$IMU,2572.697,-0.183,-0.183,-0.183,0.01660,0.02490,1.01611,29.33
$MAG,2572.699,-0.339,-0.274,-0.897,28.1
$IMU,2572.699,-0.122,-0.244,-0.183,0.01757,0.02685,1.01416,29.30
$IMU,2572.701,-0.183,-0.183,-0.122,0.01708,0.02392,1.01269,29.30
$IMU,2572.704,-0.122,-0.244,-0.183,0.01806,0.02587,1.01757,29.30
$IMU,2572.706,-0.061,-0.244,-0.183,0.01660,0.02294,1.01367,29.30
$IMU,2572.708,-0.244,0.000,-0.183,0.01708,0.02392,1.01171,29.30
$MAG,2572.709,-0.339,-0.274,-0.901,28.2
$IMU,2572.711,-0.183,0.000,-0.122,0.01757,0.02148,1.01171,29.30
$IMU,2572.713,-0.183,-0.183,-0.122,0.01757,0.02148,1.01416,29.30
$IMU,2572.715,-0.061,-0.183,-0.122,0.01611,0.02392,1.01464,29.30
$BARO,2572.718,86424.58,29.27
$IMU,2572.718,-0.183,-0.061,-0.122,0.01757,0.02441,1.01513,29.36
$MAG,2572.719,-0.340,-0.270,-0.900,28.3
$IMU,2572.720,-0.244,-0.061,-0.122,0.01611,0.02392,1.01660,29.36
$IMU,2572.722,-0.244,-0.122,-0.183,0.01367,0.02294,1.01464,29.36
$IMU,2572.725,-0.427,0.122,-0.244,0.01562,0.02392,1.01464,29.36
$IMU,2572.727,-0.305,-0.183,-0.183,0.01904,0.02392,1.01464,29.36
$MAG,2572.729,-0.339,-0.279,-0.900,28.1
$IMU,2572.730,-0.183,-0.305,-0.183,0.01806,0.02050,1.01171,29.36
$IMU,2572.732,-0.305,-0.122,-0.122,0.01464,0.02001,1.01513,29.36
$IMU,2572.734,-0.427,-0.061,-0.183,0.01611,0.02050,1.01220,29.36
$IMU,2572.737,-0.244,-0.183,-0.183,0.01562,0.02246,1.01318,29.33
$MAG,2572.739,-0.349,-0.276,-0.904,28.3
$IMU,2572.739,-0.244,-0.305,-0.183,0.01855,0.02441,1.01416,29.33
$IMU,2572.741,-0.183,-0.366,-0.183,0.01562,0.02001,1.01123,29.33
$IMU,2572.744,-0.183,-0.244,-0.183,0.01611,0.02246,1.01367,29.33
$IMU,2572.746,-0.061,-0.366,-0.183,0.01806,0.02050,1.01611,29.33
$IMU,2572.748,-0.183,-0.183,-0.122,0.01562,0.02343,1.01611,29.33
$MAG,2572.749,-0.336,-0.277,-0.898,28.2
$IMU,2572.751,-0.183,-0.183,-0.183,0.01806,0.02050,1.01708,29.33
$IMU,2572.753,-0.061,-0.305,-0.183,0.01708,0.01953,1.01416,29.33
$IMU,2572.755,0.000,-0.244,-0.183,0.01806,0.02001,1.01708,29.35
$IMU,2572.758,-0.122,-0.122,-0.122,0.01855,0.02294,1.01806,29.35
$MAG,2572.759,-0.328,-0.277,-0.895,28.3
$IMU,2572.760,-0.244,0.122,-0.183,0.01562,0.02343,1.01416,29.35
$IMU,2572.762,-0.183,-0.061,-0.183,0.01660,0.02441,1.01513,29.35
$IMU,2572.765,-0.305,0.061,-0.183,0.01806,0.02392,1.01416,29.35
$IMU,2572.767,-0.305,0.000,-0.244,0.01513,0.02392,1.01269,29.35
$MAG,2572.769,-0.334,-0.268,-0.900,28.2
$IMU,2572.769,-0.305,0.061,-0.183,0.01513,0.02148,1.01367,29.35
$IMU,2572.772,-0.305,-0.061,-0.244,0.01562,0.02441,1.01318,29.35
$IMU,2572.774,-0.305,-0.122,-0.122,0.01513,0.02294,1.01171,29.34
$IMU,2572.776,-0.366,-0.122,-0.183,0.02099,0.02197,1.01220,29.34
$MAG,2572.779,-0.336,-0.268,-0.907,28.2
$IMU,2572.779,-0.244,-0.183,-0.183,0.01611,0.02246,1.01171,29.34
$IMU,2572.781,-0.183,-0.183,-0.244,0.01464,0.02539,1.01416,29.34
$IMU,2572.783,-0.244,-0.183,-0.183,0.01708,0.02246,1.01464,29.34
$IMU,2572.786,-0.427,0.000,-0.183,0.01562,0.02441,1.01416,29.34
$IMU,2572.788,-0.366,0.000,-0.122,0.01562,0.02490,1.01611,29.34
$MAG,2572.789,-0.340,-0.282,-0.900,28.2
$IMU,2572.791,-0.244,-0.305,-0.183,0.01562,0.02294,1.01416,29.34
$IMU,2572.793,-0.183,-0.305,-0.183,0.01660,0.02246,1.01123,29.32
$IMU,2572.795,-0.183,-0.305,-0.244,0.01318,0.02294,1.01611,29.32
$IMU,2572.798,-0.183,-0.244,-0.183,0.01269,0.02490,1.01562,29.32
$MAG,2572.800,-0.343,-0.274,-0.897,28.1
$IMU,2572.800,-0.122,-0.244,-0.122,0.01660,0.02490,1.01416,29.32
$IMU,2572.802,-0.122,-0.305,-0.122,0.01855,0.02099,1.01611,29.32
$IMU,2572.805,-0.122,-0.305,-0.183,0.01855,0.02050,1.01464,29.32
$IMU,2572.807,-0.183,0.000,-0.244,0.01611,0.02148,1.01416,29.32
$VBAT,2572.808,4.137
$IMU,2572.809,-0.244,0.122,-0.244,0.01611,0.02197,1.01464,29.32
$MAG,2572.810,-0.342,-0.273,-0.895,28.3
$IMU,2572.812,-0.305,0.061,-0.244,0.01708,0.02490,1.01464,29.35
$IMU,2572.814,-0.122,-0.122,-0.183,0.01806,0.02734,1.01660,29.35
$IMU,2572.816,-0.183,-0.183,-0.183,0.01708,0.02490,1.01318,29.35
$IMU,2572.819,-0.244,-0.061,-0.183,0.01660,0.02392,1.01123,29.35
$BARO,2572.820,86429.33,29.28
$IMU,2572.821,-0.244,-0.061,-0.183,0.01806,0.02343,1.01123,29.35
$MAG,2572.820,-0.339,-0.271,-0.898,28.2
$IMU,2572.823,-0.244,0.061,-0.183,0.01660,0.02392,1.01464,29.35
$IMU,2572.826,-0.244,-0.061,-0.122,0.01708,0.02294,1.01562,29.35
$IMU,2572.828,-0.305,-0.061,-0.122,0.01708,0.02392,1.01367,29.35
$MAG,2572.830,-0.330,-0.279,-0.906,28.3
$IMU,2572.830,-0.305,-0.122,-0.183,0.01660,0.02441,1.01269,29.37
$IMU,2572.833,-0.122,-0.305,-0.183,0.01416,0.02001,1.01562,29.37
$IMU,2572.835,-0.244,-0.122,-0.122,0.01708,0.02148,1.01074,29.37
$IMU,2572.837,-0.366,0.000,-0.122,0.01416,0.02294,1.01318,29.37
$MAG,2572.840,-0.340,-0.273,-0.901,28.2
$IMU,2572.840,-0.366,-0.061,-0.122,0.01660,0.02734,1.01611,29.37
$IMU,2572.842,-0.305,-0.183,-0.183,0.01416,0.02392,1.01367,29.37
$IMU,2572.844,-0.305,-0.122,-0.183,0.01171,0.01953,1.01464,29.37
$IMU,2572.847,-0.244,-0.122,-0.183,0.01708,0.02490,1.01660,29.37
$IMU,2572.849,-0.183,-0.183,-0.122,0.01464,0.02099,1.01367,29.35
$MAG,2572.850,-0.343,-0.273,-0.903,28.2
$IMU,2572.852,-0.122,-0.427,-0.183,0.01611,0.02099,1.01562,29.35
$IMU,2572.854,-0.183,-0.244,-0.244,0.01806,0.02246,1.01708,29.35
$IMU,2572.856,-0.122,-0.305,-0.122,0.01611,0.01904,1.01513,29.35
$IMU,2572.859,-0.244,-0.183,-0.122,0.01708,0.02685,1.01464,29.35
$MAG,2572.860,-0.337,-0.270,-0.901,28.2
$IMU,2572.861,-0.244,-0.061,-0.122,0.01855,0.02441,1.01513,29.35
$IMU,2572.863,-0.183,0.061,-0.183,0.01464,0.02294,1.01757,29.35
$IMU,2572.866,-0.183,-0.061,-0.183,0.01464,0.02050,1.01464,29.35
$IMU,2572.868,-0.183,-0.122,-0.122,0.01611,0.02490,1.01611,29.34
$MAG,2572.870,-0.334,-0.274,-0.894,28.2
$IMU,2572.870,-0.244,-0.061,-0.122,0.01318,0.02539,1.01464,29.34
$IMU,2572.873,-0.183,-0.244,-0.122,0.01367,0.02294,1.01123,29.34
$IMU,2572.875,-0.244,-0.122,-0.183,0.01660,0.02441,1.01269,29.34
$IMU,2572.877,-0.305,0.000,-0.183,0.02001,0.02099,1.01367,29.34
$MAG,2572.880,-0.336,-0.279,-0.901,28.3
$IMU,2572.880,-0.244,-0.061,-0.183,0.01806,0.02148,1.01367,29.34
$IMU,2572.882,-0.244,0.000,-0.183,0.01562,0.02490,1.01269,29.34
$IMU,2572.884,-0.305,0.061,-0.122,0.01708,0.02148,1.01269,29.34
$IMU,2572.887,-0.244,0.000,-0.183,0.01464,0.02246,1.01464,29.30
$IMU,2572.889,-0.488,0.122,-0.183,0.01562,0.02246,1.01220,29.30
$MAG,2572.890,-0.334,-0.267,-0.906,28.3
$IMU,2572.891,-0.305,-0.061,-0.183,0.01464,0.02343,1.01464,29.30
$IMU,2572.894,-0.305,-0.122,-0.183,0.01806,0.02099,1.01660,29.30
$IMU,2572.896,-0.305,-0.244,-0.183,0.01660,0.02099,1.01416,29.30
$IMU,2572.898,-0.183,-0.305,-0.122,0.01367,0.02294,1.01269,29.30
$MAG,2572.901,-0.340,-0.273,-0.903,28.3
$IMU,2572.901,-0.305,-0.061,-0.183,0.01611,0.02050,1.01269,29.30
$IMU,2572.903,-0.183,-0.305,-0.183,0.01953,0.02343,1.01318,29.30
$IMU,2572.905,-0.183,-0.305,-0.183,0.02099,0.02099,1.01708,29.34
$IMU,2572.908,-0.183,-0.244,-0.122,0.01757,0.02099,1.01855,29.34
$IMU,2572.910,-0.244,0.000,-0.244,0.01562,0.02490,1.01855,29.34
$MAG,2572.911,-0.343,-0.273,-0.898,28.2
$IMU,2572.913,-0.122,-0.183,-0.183,0.01660,0.02392,1.01708,29.34
$IMU,2572.915,-0.122,-0.244,-0.122,0.01855,0.02636,1.01562,29.34
$IMU,2572.917,-0.061,-0.244,-0.122,0.01562,0.02343,1.01562,29.34
$IMU,2572.920,-0.122,-0.244,-0.244,0.01562,0.02636,1.01318,29.34
$BARO,2572.921,86423.90,29.28
$MAG,2572.921,-0.337,-0.270,-0.901,28.2
$IMU,2572.922,-0.061,-0.183,-0.244,0.01464,0.02587,1.01464,29.34
$IMU,2572.924,-0.244,0.061,-0.183,0.01757,0.02539,1.01318,29.34
$IMU,2572.927,-0.305,0.000,-0.183,0.01708,0.02490,1.01416,29.34
$IMU,2572.929,-0.244,-0.122,-0.244,0.01464,0.02441,1.01513,29.34
$MAG,2572.931,-0.339,-0.276,-0.900,28.3
$IMU,2572.931,-0.305,0.061,-0.122,0.01416,0.02587,1.01464,29.34
$IMU,2572.934,-0.305,0.000,-0.122,0.01513,0.02441,1.01220,29.34
$IMU,2572.936,-0.244,-0.061,-0.183,0.01318,0.02197,1.01269,29.34
$IMU,2572.938,-0.366,0.122,-0.122,0.01513,0.02197,1.01660,29.34
$MAG,2572.941,-0.336,-0.264,-0.898,28.3
$IMU,2572.941,-0.305,-0.061,-0.183,0.01513,0.02539,1.01464,29.34
$IMU,2572.943,-0.244,-0.244,-0.183,0.01464,0.02197,1.01318,29.37
$IMU,2572.945,-0.305,-0.183,-0.122,0.01416,0.02636,1.01611,29.37
$IMU,2572.948,-0.305,-0.183,-0.122,0.01757,0.02246,1.01562,29.37
$IMU,2572.950,-0.305,-0.183,-0.183,0.01806,0.02148,1.01464,29.37
$MAG,2572.951,-0.334,-0.274,-0.903,28.2
$IMU,2572.952,-0.244,-0.244,-0.122,0.01367,0.02099,1.01513,29.37
$IMU,2572.955,-0.122,-0.305,-0.122,0.01660,0.02197,1.01464,29.37
$IMU,2572.957,-0.061,-0.366,-0.183,0.01708,0.02050,1.01464,29.37
$IMU,2572.959,-0.183,-0.183,-0.061,0.01855,0.02148,1.01562,29.37
$MAG,2572.961,-0.342,-0.276,-0.898,28.3
$IMU,2572.962,-0.305,-0.061,-0.183,0.01757,0.02490,1.01025,29.31
$IMU,2572.964,-0.183,-0.244,-0.122,0.01806,0.02490,1.01318,29.31
$IMU,2572.966,-0.244,0.000,-0.183,0.01806,0.02539,1.01611,29.31
$IMU,2572.969,-0.183,-0.122,-0.183,0.01708,0.02392,1.01708,29.31
$MAG,2572.971,-0.340,-0.270,-0.906,28.2
$IMU,2572.971,-0.122,-0.183,-0.183,0.01562,0.02685,1.01269,29.31
$IMU,2572.974,-0.244,0.000,-0.183,0.01416,0.02832,1.01318,29.31
$IMU,2572.976,-0.305,0.000,-0.122,0.01611,0.02539,1.01416,29.31
$IMU,2572.978,-0.244,0.000,-0.183,0.01708,0.02294,1.01464,29.31
$MAG,2572.981,-0.343,-0.268,-0.901,28.1
$IMU,2572.981,-0.244,0.061,-0.122,0.01904,0.02441,1.01367,29.33
$IMU,2572.983,-0.244,-0.061,-0.244,0.01806,0.02392,1.01513,29.33
$IMU,2572.985,-0.305,-0.122,-0.183,0.01562,0.02539,1.01220,29.33
$IMU,2572.988,-0.244,0.061,-0.183,0.01464,0.02148,1.01464,29.33
$IMU,2572.990,-0.305,-0.122,-0.183,0.01611,0.02099,1.01171,29.33
$MAG,2572.991,-0.336,-0.270,-0.907,28.2
$IMU,2572.992,-0.244,-0.305,-0.122,0.01611,0.02392,1.01660,29.33
$IMU,2572.995,-0.244,-0.244,-0.122,0.01562,0.02343,1.01562,29.33
$IMU,2572.997,-0.305,-0.122,-0.244,0.01513,0.02343,1.01269,29.33
$IMU,2572.999,-0.366,0.000,-0.244,0.01708,0.02197,1.01562,29.34
$MAG,2573.002,-0.342,-0.270,-0.909,28.3
$IMU,2573.002,-0.244,-0.183,-0.183,0.01220,0.02490,1.01220,29.34
$IMU,2573.004,-0.183,-0.305,-0.183,0.01611,0.02441,1.01367,29.34
$IMU,2573.006,-0.061,-0.366,-0.183,0.02001,0.02343,1.01611,29.34
$IMU,2573.009,-0.244,-0.244,-0.122,0.01708,0.02392,1.01513,29.34
$IMU,2573.011,-0.244,-0.183,-0.244,0.01367,0.02050,1.01318,29.34
$MAG,2573.012,-0.343,-0.279,-0.906,28.3
$IMU,2573.013,-0.244,-0.122,-0.183,0.01611,0.02343,1.01318,29.34
$IMU,2573.016,-0.183,-0.183,-0.183,0.01660,0.02343,1.01513,29.34
$IMU,2573.018,-0.122,-0.244,-0.183,0.01806,0.02343,1.01464,29.38
$IMU,2573.020,-0.122,-0.183,-0.183,0.01904,0.02001,1.01318,29.38
$MAG,2573.022,-0.339,-0.279,-0.898,28.3
$IMU,2573.023,-0.244,-0.183,-0.183,0.01562,0.02343,1.01367,29.38
$BARO,2573.022,86429.33,29.28
$IMU,2573.025,-0.366,0.061,-0.183,0.01708,0.02539,1.01367,29.38
$IMU,2573.027,-0.244,-0.061,-0.122,0.02001,0.02587,1.01562,29.38
$IMU,2573.030,-0.183,-0.244,-0.244,0.01660,0.02050,1.01416,29.38
$MAG,2573.032,-0.343,-0.277,-0.901,28.3
$IMU,2573.032,-0.183,-0.183,-0.183,0.02294,0.02343,1.01513,29.38
$IMU,2573.034,-0.183,0.122,-0.183,0.01953,0.02490,1.01611,29.38
$IMU,2573.037,-0.305,0.061,-0.183,0.02148,0.02343,1.01513,29.36
$IMU,2573.039,-0.305,0.000,-0.183,0.02001,0.02587,1.01416,29.36
$MAG,2573.042,-0.345,-0.279,-0.904,28.3
$IMU,2573.042,-0.122,-0.183,-0.183,0.01513,0.02343,1.01416,29.36
$IMU,2573.044,-0.244,-0.183,-0.122,0.01464,0.02441,1.01464,29.36
$IMU,2573.046,-0.183,-0.122,-0.183,0.01416,0.02246,1.01513,29.36
$IMU,2573.049,-0.305,0.061,-0.183,0.01513,0.02246,1.01416,29.36
$IMU,2573.051,-0.366,-0.061,-0.244,0.01513,0.02490,1.01464,29.36
$MAG,2573.052,-0.328,-0.271,-0.898,28.2
$IMU,2573.053,-0.366,0.061,-0.244,0.01562,0.02246,1.01220,29.36
$IMU,2573.056,-0.244,-0.244,-0.183,0.01660,0.02392,1.01318,29.32
$IMU,2573.058,-0.305,-0.366,-0.183,0.01757,0.02490,1.01562,29.32
$IMU,2573.060,-0.305,-0.183,-0.122,0.01611,0.02343,1.01367,29.32
$MAG,2573.062,-0.340,-0.261,-0.901,28.5
$IMU,2573.063,-0.122,-0.183,-0.183,0.01611,0.02392,1.01416,29.32
$IMU,2573.065,-0.244,-0.061,-0.244,0.01757,0.02246,1.01513,29.32
$IMU,2573.067,-0.366,0.183,-0.183,0.01855,0.02392,1.01562,29.32
$IMU,2573.070,-0.122,-0.122,-0.183,0.01562,0.02099,1.01464,29.32
$MAG,2573.072,-0.336,-0.276,-0.906,28.3
$IMU,2573.072,-0.061,-0.427,-0.183,0.01611,0.02246,1.01708,29.32
$IMU,2573.074,-0.244,-0.061,-0.122,0.01562,0.01855,1.01318,29.35
$IMU,2573.077,-0.183,0.000,-0.122,0.01464,0.02343,1.01464,29.35
$IMU,2573.079,-0.183,-0.183,-0.183,0.01708,0.02441,1.01513,29.35
$IMU,2573.081,-0.061,-0.244,-0.244,0.01904,0.02490,1.01611,29.35
$MAG,2573.082,-0.336,-0.274,-0.903,28.2
$IMU,2573.084,-0.122,-0.061,-0.183,0.01611,0.02539,1.01464,29.35
$IMU,2573.086,-0.183,-0.061,-0.183,0.01806,0.02539,1.01660,29.35
$IMU,2573.088,-0.244,0.000,-0.122,0.01757,0.02587,1.01318,29.35
$IMU,2573.091,-0.305,0.061,-0.183,0.01855,0.02294,1.01464,29.35
$MAG,2573.092,-0.337,-0.270,-0.904,28.2
$IMU,2573.093,-0.427,0.183,-0.183,0.01562,0.02294,1.01464,29.35
$IMU,2573.095,-0.244,-0.061,-0.183,0.01708,0.02294,1.01416,29.35
$IMU,2573.098,-0.244,-0.061,-0.183,0.01416,0.02148,1.01367,29.35
$IMU,2573.100,-0.305,-0.061,-0.183,0.01513,0.02294,1.01562,29.35
$MAG,2573.103,-0.337,-0.280,-0.900,28.3
$IMU,2573.103,-0.427,0.000,-0.183,0.01464,0.02294,1.01757,29.35
$IMU,2573.105,-0.366,-0.061,-0.122,0.01562,0.02294,1.01464,29.35
$IMU,2573.107,-0.183,-0.244,-0.183,0.01269,0.02294,1.01367,29.35
$IMU,2573.110,-0.183,-0.366,-0.183,0.01611,0.02294,1.01513,29.35
$IMU,2573.112,-0.244,-0.244,-0.183,0.01513,0.02197,1.01367,29.32
$MAG,2573.113,-0.340,-0.265,-0.898,28.2
$IMU,2573.114,-0.244,-0.061,-0.122,0.01660,0.02050,1.01611,29.32
$IMU,2573.117,-0.244,0.061,-0.183,0.01757,0.02636,1.01318,29.32
$IMU,2573.119,-0.183,-0.183,-0.183,0.01708,0.02197,1.01611,29.32
$IMU,2573.121,-0.061,-0.305,-0.122,0.01464,0.02099,1.01513,29.32
$MAG,2573.123,-0.340,-0.270,-0.901,28.1
$BARO,2573.124,86427.68,29.28
$IMU,2573.124,-0.122,-0.244,-0.244,0.01562,0.02392,1.01367,29.32
$IMU,2573.126,-0.244,-0.122,-0.183,0.01757,0.02392,1.01513,29.32
$IMU,2573.128,-0.244,0.061,-0.183,0.01660,0.02441,1.01611,29.32
$IMU,2573.131,-0.183,-0.183,-0.183,0.01757,0.02636,1.01367,29.36
$MAG,2573.133,-0.340,-0.268,-0.898,28.2
$IMU,2573.133,-0.122,-0.183,-0.183,0.01855,0.02441,1.01416,29.36
$IMU,2573.135,-0.183,-0.183,-0.183,0.01708,0.02539,1.01416,29.36
$IMU,2573.138,-0.244,0.061,-0.122,0.01660,0.02294,1.01660,29.36
$IMU,2573.140,-0.244,0.000,-0.183,0.01660,0.02294,1.01269,29.36
$IMU,2573.142,-0.366,0.061,-0.244,0.01611,0.01806,1.01318,29.36
$MAG,2573.143,-0.337,-0.267,-0.904,28.3
$IMU,2573.145,-0.305,-0.122,-0.122,0.02099,0.02197,1.01171,29.36
$IMU,2573.147,-0.183,-0.183,-0.244,0.01806,0.02148,1.01513,29.36
$IMU,2573.149,-0.305,-0.061,-0.183,0.01269,0.01904,1.01611,29.36
$IMU,2573.152,-0.305,-0.183,-0.183,0.01269,0.02148,1.01562,29.36
$MAG,2573.153,-0.340,-0.279,-0.898,28.3
$IMU,2573.154,-0.305,-0.061,-0.244,0.01464,0.02392,1.01464,29.36
$IMU,2573.156,-0.244,-0.183,-0.244,0.01611,0.02294,1.01416,29.36
$IMU,2573.159,-0.244,-0.244,-0.183,0.01611,0.02392,1.01318,29.36
$IMU,2573.161,-0.183,-0.305,-0.183,0.01757,0.02099,1.01611,29.36
$MAG,2573.163,-0.348,-0.271,-0.901,28.2
$IMU,2573.164,-0.244,-0.122,-0.183,0.01660,0.02050,1.01318,29.36
$IMU,2573.166,-0.305,-0.122,-0.122,0.02001,0.02197,1.01464,29.36
$IMU,2573.168,-0.183,-0.061,-0.183,0.01562,0.01904,1.01416,29.32
$IMU,2573.171,-0.244,-0.061,-0.244,0.01660,0.02099,1.01562,29.32
$MAG,2573.173,-0.334,-0.273,-0.903,28.1
$IMU,2573.173,-0.244,-0.061,-0.183,0.01318,0.02197,1.01611,29.32
$IMU,2573.175,-0.122,-0.305,-0.183,0.01416,0.02343,1.01562,29.32
$IMU,2573.178,-0.244,0.000,-0.183,0.01611,0.02148,1.01367,29.32
$IMU,2573.180,-0.244,-0.183,-0.122,0.01708,0.02392,1.01562,29.32
$IMU,2573.182,-0.183,-0.122,-0.122,0.01513,0.02392,1.01416,29.32
$MAG,2573.183,-0.340,-0.280,-0.898,28.2
$HUM,2573.185,36.8,29.7
$IMU,2573.185,-0.061,-0.305,-0.122,0.01611,0.02392,1.01562,29.32
$IMU,2573.187,-0.122,-0.244,-0.183,0.01757,0.02197,1.01416,29.35
$IMU,2573.189,-0.183,-0.244,-0.183,0.01855,0.02246,1.01562,29.35
$IMU,2573.192,-0.244,0.061,-0.122,0.01806,0.02490,1.01562,29.35
$MAG,2573.193,-0.343,-0.271,-0.898,28.3
$IMU,2573.194,-0.305,0.061,-0.183,0.01611,0.02197,1.01611,29.35
$IMU,2573.196,-0.244,-0.122,-0.183,0.01367,0.02246,1.01220,29.35
$IMU,2573.199,-0.305,-0.183,-0.183,0.01660,0.02441,1.01220,29.35
$IMU,2573.201,-0.305,-0.061,-0.244,0.01367,0.02246,1.01269,29.35
$IMU,2573.203,-0.305,-0.183,-0.244,0.01660,0.02441,1.01367,29.35
$MAG,2573.204,-0.336,-0.264,-0.897,28.2
$IMU,2573.206,-0.305,-0.183,-0.183,0.01464,0.02587,1.01416,29.35
$IMU,2573.208,-0.244,-0.244,-0.122,0.01562,0.02392,1.01318,29.35
$IMU,2573.210,-0.183,-0.366,-0.244,0.01660,0.02343,1.01025,29.35
$IMU,2573.213,-0.183,-0.244,-0.183,0.01757,0.02246,1.01269,29.35
$MAG,2573.214,-0.343,-0.277,-0.907,28.3
$IMU,2573.215,-0.183,-0.305,-0.183,0.01318,0.02050,1.01367,29.35
$IMU,2573.217,-0.244,-0.183,-0.122,0.01562,0.02050,1.01318,29.35
$IMU,2573.220,-0.305,0.000,-0.183,0.01562,0.02246,1.01708,29.35
$IMU,2573.222,-0.183,-0.183,-0.122,0.01708,0.02294,1.01562,29.35
$MAG,2573.224,-0.345,-0.270,-0.907,28.3
$BARO,2573.225,86426.19,29.29
$IMU,2573.225,-0.061,-0.366,-0.183,0.01416,0.02392,1.01611,29.33
$IMU,2573.227,-0.183,-0.122,-0.122,0.01660,0.02343,1.01367,29.33
$IMU,2573.229,-0.122,-0.122,-0.061,0.01611,0.02343,1.01416,29.33
$IMU,2573.232,-0.122,0.000,-0.183,0.01660,0.02636,1.01220,29.33
$MAG,2573.234,-0.346,-0.268,-0.900,28.2
$IMU,2573.234,-0.061,-0.244,-0.183,0.01806,0.02636,1.01562,29.33
$IMU,2573.236,-0.122,-0.244,-0.183,0.01708,0.02148,1.01562,29.33
$IMU,2573.239,-0.061,-0.305,-0.183,0.01757,0.02197,1.01562,29.33
$IMU,2573.241,-0.183,-0.183,-0.183,0.02001,0.02294,1.01513,29.33
$IMU,2573.243,-0.244,0.061,-0.183,0.01953,0.02636,1.01220,29.31
$MAG,2573.244,-0.349,-0.267,-0.909,28.1
$IMU,2573.246,-0.305,0.000,-0.122,0.01660,0.02343,1.01367,29.31
$IMU,2573.248,-0.183,-0.183,-0.244,0.01708,0.02343,1.01367,29.31
$IMU,2573.250,-0.244,-0.061,-0.183,0.01708,0.02587,1.01513,29.31
$IMU,2573.253,-0.305,-0.122,-0.183,0.01416,0.02392,1.01367,29.31
$MAG,2573.254,-0.337,-0.280,-0.897,28.2
$IMU,2573.255,-0.366,0.122,-0.244,0.01171,0.02246,1.01269,29.31
$IMU,2573.257,-0.244,-0.061,-0.183,0.01611,0.02197,1.01611,29.31
$IMU,2573.260,-0.366,0.000,-0.183,0.01660,0.02441,1.01513,29.31
$IMU,2573.262,-0.244,-0.244,-0.183,0.01562,0.02050,1.01318,29.39
$MAG,2573.264,-0.334,-0.270,-0.901,28.3
$IMU,2573.264,-0.244,-0.244,-0.183,0.01708,0.02490,1.01318,29.39
$IMU,2573.267,-0.244,0.000,-0.122,0.01513,0.02587,1.01562,29.39
$IMU,2573.269,-0.122,-0.183,-0.183,0.01513,0.02392,1.01464,29.39
$IMU,2573.271,-0.183,-0.183,-0.244,0.01708,0.02392,1.01611,29.39
$MAG,2573.274,-0.340,-0.276,-0.903,28.3
$IMU,2573.274,-0.122,-0.305,-0.183,0.01757,0.02392,1.01464,29.39
$IMU,2573.276,-0.244,-0.183,-0.183,0.01513,0.02197,1.01562,29.39
$IMU,2573.278,-0.244,-0.122,-0.122,0.02001,0.02246,1.01611,29.39
$IMU,2573.281,-0.244,-0.183,-0.183,0.01708,0.02392,1.01660,29.36
$IMU,2573.283,-0.244,-0.183,-0.183,0.01708,0.02294,1.01660,29.36
$MAG,2573.284,-0.330,-0.279,-0.903,28.3
$IMU,2573.286,-0.122,-0.305,-0.183,0.01757,0.02392,1.01367,29.36
$IMU,2573.288,-0.183,-0.061,-0.122,0.02050,0.02246,1.01367,29.36
$IMU,2573.290,-0.122,-0.244,-0.122,0.01757,0.02294,1.01367,29.36
$IMU,2573.293,-0.183,-0.122,-0.183,0.01660,0.02587,1.01318,29.36
$MAG,2573.294,-0.342,-0.273,-0.904,28.2
$IMU,2573.295,-0.305,0.122,-0.183,0.01806,0.02490,1.01757,29.36
$IMU,2573.297,-0.244,-0.061,-0.183,0.01855,0.02636,1.01416,29.36
$IMU,2573.300,-0.244,-0.122,-0.244,0.01513,0.02685,1.00927,29.35
$IMU,2573.302,-0.244,-0.061,-0.183,0.01513,0.02490,1.01269,29.35
$IMU,2573.304,-0.305,0.000,-0.244,0.01562,0.02246,1.01074,29.35
$MAG,2573.305,-0.340,-0.270,-0.895,28.2
$IMU,2573.307,-0.244,-0.122,-0.183,0.01708,0.02343,1.01562,29.35
$IMU,2573.309,-0.305,-0.122,-0.183,0.01562,0.02392,1.01611,29.35
$IMU,2573.311,-0.366,-0.061,-0.244,0.01464,0.02636,1.01708,29.35
$IMU,2573.314,-0.366,-0.183,-0.183,0.01611,0.02294,1.01318,29.35
$MAG,2573.315,-0.328,-0.273,-0.898,28.3
$IMU,2573.316,-0.244,-0.183,-0.183,0.01513,0.02539,1.01660,29.35
$IMU,2573.318,-0.366,-0.061,-0.183,0.01367,0.02294,1.01367,29.35
$IMU,2573.321,-0.305,-0.183,-0.183,0.01464,0.02099,1.01171,29.35
$IMU,2573.323,-0.244,-0.122,-0.122,0.01611,0.02148,1.01464,29.35
$MAG,2573.325,-0.342,-0.274,-0.909,28.2
$IMU,2573.325,-0.183,-0.244,-0.183,0.01708,0.02197,1.01513,29.35
$BARO,2573.327,86428.87,29.28
$IMU,2573.328,-0.244,-0.244,-0.183,0.01220,0.02343,1.01708,29.35
$IMU,2573.330,-0.122,-0.366,-0.244,0.01708,0.02099,1.01806,29.35
$IMU,2573.332,-0.183,-0.122,-0.183,0.01611,0.02246,1.01757,29.35
$MAG,2573.335,-0.339,-0.268,-0.912,28.3
$IMU,2573.335,-0.183,-0.122,-0.183,0.01855,0.02050,1.01513,29.35
$IMU,2573.337,-0.244,-0.061,-0.122,0.02050,0.02148,1.01464,29.33
$IMU,2573.339,-0.244,0.000,-0.122,0.02050,0.02343,1.01660,29.33
$IMU,2573.342,-0.244,0.061,-0.122,0.01757,0.02392,1.01367,29.33
$IMU,2573.344,-0.244,0.183,-0.183,0.01708,0.02392,1.01708,29.33
$MAG,2573.345,-0.330,-0.279,-0.900,28.3
$IMU,2573.347,-0.183,-0.061,-0.122,0.01513,0.02392,1.01171,29.33
$IMU,2573.349,-0.183,-0.122,-0.122,0.01318,0.02197,1.01220,29.33
$IMU,2573.351,-0.183,-0.061,-0.244,0.01562,0.02343,1.01074,29.33
$IMU,2573.354,-0.244,-0.061,-0.183,0.01660,0.02246,1.01220,29.33
$MAG,2573.355,-0.349,-0.271,-0.903,28.3
$IMU,2573.356,-0.244,0.061,-0.244,0.01513,0.02636,1.01318,29.35
$IMU,2573.358,-0.244,-0.122,-0.183,0.01464,0.02636,1.01318,29.35
$IMU,2573.361,-0.183,-0.183,-0.183,0.01611,0.02294,1.01367,29.35
$IMU,2573.363,-0.183,-0.305,-0.244,0.01660,0.02197,1.01220,29.35
$MAG,2573.365,-0.346,-0.274,-0.906,28.3
$IMU,2573.365,-0.305,-0.183,-0.183,0.01464,0.02148,1.01367,29.35
$IMU,2573.368,-0.366,0.000,-0.122,0.01562,0.02050,1.01367,29.35
$IMU,2573.370,-0.244,-0.183,-0.183,0.01953,0.02197,1.01464,29.35
$IMU,2573.372,-0.366,0.061,-0.183,0.01513,0.02148,1.01464,29.35
$MAG,2573.375,-0.339,-0.268,-0.904,28.3
$IMU,2573.375,-0.244,-0.183,-0.244,0.01269,0.02246,1.01318,29.33
$IMU,2573.377,-0.366,-0.061,-0.183,0.01367,0.02734,1.01269,29.33
$IMU,2573.379,-0.366,-0.122,-0.183,0.01660,0.02490,1.01611,29.33
$IMU,2573.382,-0.305,-0.183,-0.183,0.01464,0.02099,1.01562,29.33
$IMU,2573.384,-0.305,-0.183,-0.244,0.01562,0.02099,1.01611,29.33
$MAG,2573.385,-0.340,-0.271,-0.897,28.2
$IMU,2573.386,-0.183,-0.244,-0.183,0.01611,0.02197,1.01513,29.33
$IMU,2573.389,-0.183,-0.122,-0.122,0.01416,0.02001,1.01611,29.33
$IMU,2573.391,-0.122,-0.183,-0.244,0.01660,0.02148,1.01611,29.33
$IMU,2573.393,-0.122,-0.122,-0.122,0.01904,0.02490,1.01513,29.38
$MAG,2573.395,-0.331,-0.274,-0.909,28.3
$IMU,2573.396,-0.122,-0.122,-0.122,0.01464,0.02343,1.01464,29.38
$IMU,2573.398,0.000,-0.305,-0.183,0.01416,0.02441,1.01416,29.38
$IMU,2573.400,-0.183,-0.122,-0.183,0.01318,0.02343,1.01269,29.38
$IMU,2573.403,-0.183,-0.122,-0.183,0.01757,0.02246,1.01220,29.38
$MAG,2573.405,-0.336,-0.271,-0.898,28.2
$IMU,2573.405,-0.244,0.000,-0.183,0.01562,0.02392,1.01464,29.38
$IMU,2573.408,-0.305,0.122,-0.122,0.01269,0.02832,1.01367,29.38
$IMU,2573.410,-0.244,0.061,-0.244,0.01708,0.02392,1.01269,29.38
$IMU,2573.412,-0.061,-0.427,-0.183,0.01513,0.02636,1.01367,29.38
$IMU,2573.415,-0.183,-0.305,-0.122,0.01513,0.02441,1.01464,29.38
$MAG,2573.416,-0.339,-0.268,-0.907,28.3
$IMU,2573.417,-0.366,-0.061,-0.122,0.01757,0.02197,1.01367,29.38
$IMU,2573.419,-0.305,-0.122,-0.122,0.01611,0.02148,1.01660,29.38
$IMU,2573.422,-0.366,0.122,-0.122,0.01416,0.02294,1.01416,29.38
$IMU,2573.424,-0.305,0.000,-0.183,0.01416,0.02441,1.01269,29.38
$IMU,2573.426,-0.183,-0.366,-0.244,0.01513,0.02294,1.01464,29.38
$MAG,2573.426,-0.330,-0.270,-0.907,28.2
$BARO,2573.428,86426.34,29.29
$IMU,2573.429,-0.183,-0.305,-0.183,0.01611,0.01904,1.01464,29.38
$IMU,2573.431,-0.244,-0.183,-0.183,0.01513,0.02294,1.01367,29.33
$IMU,2573.433,-0.305,-0.183,-0.122,0.01855,0.02294,1.01611,29.33
$MAG,2573.436,-0.343,-0.271,-0.900,28.2
$IMU,2573.436,-0.183,-0.183,-0.122,0.01611,0.02050,1.01757,29.33
$IMU,2573.438,-0.244,-0.122,-0.122,0.01562,0.02392,1.01757,29.33
$IMU,2573.440,-0.183,-0.122,-0.183,0.01562,0.02294,1.01611,29.33
$IMU,2573.443,-0.122,-0.183,-0.183,0.01904,0.02001,1.01757,29.33
$IMU,2573.445,-0.061,-0.122,-0.122,0.01757,0.02392,1.01611,29.33
$MAG,2573.446,-0.324,-0.277,-0.906,28.5
$IMU,2573.447,-0.183,-0.061,-0.183,0.01904,0.02441,1.01562,29.33
$IMU,2573.450,-0.122,-0.122,-0.122,0.01660,0.02246,1.01269,29.36
$IMU,2573.452,-0.183,0.000,-0.122,0.01367,0.02148,1.01513,29.36
$IMU,2573.454,-0.183,0.122,-0.122,0.01562,0.02441,1.01953,29.36
$MAG,2573.456,-0.348,-0.276,-0.904,28.2
$IMU,2573.457,-0.244,0.000,-0.183,0.01464,0.02685,1.01757,29.36
$IMU,2573.459,-0.183,-0.183,-0.183,0.01708,0.02197,1.01318,29.36
$IMU,2573.461,-0.244,-0.244,-0.183,0.01611,0.02294,1.01367,29.36
$IMU,2573.464,-0.244,-0.122,-0.183,0.01562,0.02392,1.01464,29.36
$MAG,2573.466,-0.340,-0.276,-0.897,28.2
$IMU,2573.466,-0.244,-0.061,-0.183,0.01416,0.02343,1.01562,29.36
$IMU,2573.469,-0.183,-0.122,-0.183,0.01611,0.02294,1.01416,29.39
$IMU,2573.471,-0.244,0.000,-0.122,0.01220,0.02392,1.01367,29.39
$IMU,2573.473,-0.122,-0.305,-0.183,0.01513,0.02343,1.01416,29.39
$MAG,2573.476,-0.351,-0.273,-0.901,28.2
$IMU,2573.476,-0.244,-0.122,-0.183,0.01220,0.02148,1.01464,29.39
$IMU,2573.478,-0.366,0.000,-0.183,0.01171,0.02148,1.01464,29.39
$IMU,2573.480,-0.366,-0.061,-0.183,0.01416,0.02392,1.01464,29.39
$IMU,2573.483,-0.305,-0.122,-0.244,0.01367,0.02197,1.01318,29.39
$IMU,2573.485,-0.244,-0.183,-0.183,0.01611,0.02099,1.01220,29.39
$MAG,2573.486,-0.331,-0.273,-0.898,28.2
$IMU,2573.487,-0.122,-0.488,-0.183,0.01757,0.02343,1.01318,29.34
$IMU,2573.490,-0.244,-0.244,-0.183,0.01806,0.02246,1.01416,29.34
$IMU,2573.492,-0.244,-0.061,-0.244,0.01708,0.02294,1.01171,29.34
$IMU,2573.494,-0.244,-0.183,-0.183,0.01708,0.02636,1.01220,29.34
$MAG,2573.496,-0.337,-0.279,-0.901,28.2
$IMU,2573.497,-0.122,-0.244,-0.122,0.01708,0.02441,1.01513,29.34
$IMU,2573.499,-0.122,-0.244,-0.122,0.01855,0.02246,1.01269,29.34
$IMU,2573.501,-0.305,-0.061,-0.122,0.02099,0.02050,1.01269,29.34
$IMU,2573.504,-0.183,-0.061,-0.122,0.01855,0.02343,1.01513,29.34
$MAG,2573.506,-0.339,-0.273,-0.912,28.2
$IMU,2573.506,-0.183,0.061,-0.122,0.01757,0.02587,1.01269,29.37
$IMU,2573.508,-0.183,-0.061,-0.183,0.01416,0.02148,1.01318,29.37
$IMU,2573.511,-0.244,-0.061,-0.183,0.01464,0.02197,1.01318,29.37
$IMU,2573.513,-0.183,-0.183,-0.122,0.01757,0.02441,1.01416,29.37
$IMU,2573.515,-0.244,-0.183,-0.183,0.01660,0.02490,1.01318,29.37
$MAG,2573.517,-0.337,-0.277,-0.895,28.2
$IMU,2573.518,-0.305,0.000,-0.183,0.01953,0.02392,1.01464,29.37
$IMU,2573.520,-0.244,-0.122,-0.183,0.01757,0.02294,1.01367,29.37
$IMU,2573.522,-0.183,-0.183,-0.183,0.01464,0.02246,1.01318,29.37
$IMU,2573.525,-0.183,-0.183,-0.122,0.01416,0.02441,1.01513,29.38
$MAG,2573.527,-0.342,-0.271,-0.910,28.1
$IMU,2573.527,-0.183,-0.061,-0.122,0.01269,0.02441,1.01367,29.38
$IMU,2573.529,-0.244,-0.061,-0.183,0.01513,0.02050,1.01074,29.38
$BARO,2573.530,86431.23,29.29
$IMU,2573.532,-0.244,-0.061,-0.183,0.01562,0.02246,1.01318,29.38
$IMU,2573.534,-0.183,0.000,-0.183,0.01513,0.02392,1.01416,29.38
$MAG,2573.537,-0.336,-0.267,-0.909,28.2
$IMU,2573.537,-0.244,-0.183,-0.244,0.01416,0.02294,1.01367,29.38
$IMU,2573.539,-0.183,-0.244,-0.183,0.01513,0.02001,1.01708,29.38
$IMU,2573.541,-0.122,-0.244,-0.122,0.01806,0.02490,1.01171,29.38
$IMU,2573.544,-0.122,-0.244,-0.183,0.01904,0.02636,1.01171,29.33
$IMU,2573.546,-0.122,-0.122,-0.183,0.01513,0.02441,1.01708,29.33
$MAG,2573.547,-0.336,-0.267,-0.909,28.1
$IMU,2573.548,-0.244,0.000,-0.122,0.02050,0.02246,1.01416,29.33
$IMU,2573.551,-0.183,-0.183,-0.183,0.01904,0.02050,1.01611,29.33
$IMU,2573.553,-0.183,-0.061,-0.183,0.01660,0.02490,1.01611,29.33
$IMU,2573.555,-0.244,-0.061,-0.244,0.01708,0.02343,1.01562,29.33
$MAG,2573.557,-0.340,-0.267,-0.906,28.3
$IMU,2573.558,-0.244,0.000,-0.244,0.01611,0.02587,1.01318,29.33
$IMU,2573.560,-0.183,-0.122,-0.122,0.01562,0.02343,1.01513,29.33
$IMU,2573.562,-0.244,0.000,-0.183,0.01708,0.02441,1.01416,29.37
$IMU,2573.565,-0.183,-0.244,-0.183,0.01611,0.02539,1.01269,29.37
$MAG,2573.567,-0.342,-0.273,-0.907,28.3
$IMU,2573.567,-0.244,-0.122,-0.244,0.01464,0.02343,1.01464,29.37
$IMU,2573.569,-0.244,-0.061,-0.183,0.01660,0.02294,1.01269,29.37
$IMU,2573.572,-0.244,-0.061,-0.183,0.01855,0.02392,1.01464,29.37
$IMU,2573.574,-0.366,0.000,-0.183,0.01367,0.02343,1.01611,29.37
$IMU,2573.576,-0.366,0.000,-0.183,0.01416,0.02050,1.01318,29.37
$MAG,2573.577,-0.349,-0.271,-0.913,28.2
$IMU,2573.579,-0.366,-0.061,-0.183,0.01562,0.02392,1.01513,29.37
$IMU,2573.581,-0.305,-0.061,-0.244,0.01708,0.02587,1.01416,29.37
$IMU,2573.583,-0.366,-0.061,-0.183,0.01464,0.01806,1.01318,29.37
$IMU,2573.586,-0.366,0.000,-0.244,0.01318,0.01855,1.01220,29.37
$MAG,2573.587,-0.343,-0.271,-0.901,28.2
$IMU,2573.588,-0.244,-0.183,-0.183,0.01513,0.02148,1.01513,29.37
$IMU,2573.590,-0.244,-0.305,-0.183,0.01904,0.02392,1.01660,29.37
$IMU,2573.593,-0.305,-0.244,-0.183,0.01757,0.02246,1.01416,29.37
$IMU,2573.595,-0.244,-0.183,-0.183,0.01513,0.02050,1.01513,29.37
$MAG,2573.597,-0.343,-0.270,-0.904,28.2
$IMU,2573.598,-0.244,-0.244,-0.244,0.02148,0.02294,1.01562,29.37
$IMU,2573.600,-0.122,-0.244,-0.183,0.01757,0.02539,1.01513,29.34
$IMU,2573.602,-0.122,-0.122,-0.122,0.01757,0.02587,1.01220,29.34
$IMU,2573.605,-0.183,-0.183,-0.183,0.01806,0.02197,1.01562,29.34
$MAG,2573.607,-0.336,-0.270,-0.915,28.2
$IMU,2573.607,-0.244,0.061,-0.122,0.01855,0.02343,1.01367,29.34
$IMU,2573.609,-0.305,0.122,-0.061,0.01660,0.02392,1.01318,29.34
$IMU,2573.612,-0.183,-0.061,-0.183,0.01611,0.02490,1.01171,29.34
$IMU,2573.614,-0.061,-0.122,-0.183,0.01513,0.02441,1.01367,29.34
$IMU,2573.616,-0.183,-0.183,-0.244,0.01611,0.02392,1.01416,29.34
$MAG,2573.618,-0.346,-0.277,-0.906,28.2
$IMU,2573.619,-0.305,-0.061,-0.183,0.01660,0.02343,1.01269,29.34
$IMU,2573.621,-0.305,0.000,-0.244,0.01904,0.02246,1.01367,29.34
$IMU,2573.623,-0.305,-0.061,-0.183,0.01611,0.02294,1.01318,29.34
$IMU,2573.626,-0.366,0.000,-0.244,0.01464,0.02392,1.01513,29.34
$MAG,2573.628,-0.334,-0.271,-0.901,28.3
$TIME,2573.628,463096.000,2399
$IMU,2573.628,-0.244,-0.183,-0.183,0.01513,0.02099,1.01269,29.34
$IMU,2573.630,-0.122,-0.183,-0.183,0.01416,0.02294,1.01562,29.34
$BARO,2573.631,86425.87,29.30
$IMU,2573.633,-0.305,0.000,-0.183,0.01220,0.02246,1.01562,29.34
$IMU,2573.635,-0.305,-0.061,-0.122,0.01318,0.01953,1.01513,29.34
$IMU,2573.637,-0.244,-0.122,-0.183,0.01269,0.02099,1.01318,29.38
$MAG,2573.638,-0.342,-0.271,-0.907,28.2
$IMU,2573.640,-0.244,-0.183,-0.122,0.01513,0.02050,1.01416,29.38
$IMU,2573.642,-0.244,-0.244,-0.122,0.01562,0.02050,1.01318,29.38
$IMU,2573.644,-0.244,-0.244,-0.183,0.01513,0.02294,1.01220,29.38
$IMU,2573.647,-0.183,-0.244,-0.183,0.01904,0.02343,1.01611,29.38
$MAG,2573.648,-0.339,-0.270,-0.906,28.2
$IMU,2573.649,-0.122,-0.244,-0.244,0.01708,0.02294,1.01513,29.38
$IMU,2573.651,-0.305,0.183,-0.183,0.01806,0.02392,1.01611,29.38
$IMU,2573.654,-0.244,-0.061,-0.244,0.01611,0.02685,1.01562,29.38
$IMU,2573.656,-0.183,0.000,-0.244,0.01269,0.02099,1.01513,29.37
$MAG,2573.658,-0.342,-0.271,-0.904,28.2
$IMU,2573.659,0.000,-0.244,-0.183,0.01464,0.02392,1.01123,29.37
$IMU,2573.661,-0.122,-0.061,-0.183,0.01464,0.02392,1.01464,29.37
$IMU,2573.663,-0.183,-0.061,-0.122,0.02099,0.02197,1.01318,29.37
$IMU,2573.666,-0.183,-0.061,-0.244,0.01757,0.02246,1.01513,29.37
$MAG,2573.668,-0.340,-0.274,-0.909,28.5
$IMU,2573.668,-0.244,-0.122,-0.122,0.01367,0.02246,1.01416,29.37
$IMU,2573.670,-0.061,-0.244,-0.122,0.01757,0.02587,1.01513,29.37
$IMU,2573.673,-0.183,0.000,-0.183,0.01708,0.02490,1.01562,29.37
$IMU,2573.675,-0.183,-0.183,-0.122,0.01611,0.02490,1.01416,29.37
$IMU,2573.677,-0.122,-0.122,-0.122,0.01806,0.02783,1.01367,29.37
$MAG,2573.678,-0.349,-0.265,-0.901,28.2
$IMU,2573.680,-0.305,0.183,-0.122,0.01513,0.02343,1.01269,29.37
$IMU,2573.682,-0.244,-0.122,-0.183,0.01416,0.02539,1.01367,29.37
$IMU,2573.684,-0.244,-0.183,-0.122,0.01562,0.02343,1.01708,29.37
$IMU,2573.687,-0.305,-0.122,-0.183,0.01611,0.02246,1.01318,29.37
$MAG,2573.688,-0.343,-0.274,-0.903,28.3
$IMU,2573.689,-0.305,-0.244,-0.183,0.01806,0.02148,1.01513,29.37
$IMU,2573.691,-0.366,-0.183,-0.244,0.01416,0.02246,1.01123,29.37
$IMU,2573.694,-0.366,-0.122,-0.183,0.01416,0.02392,1.01416,29.38
$IMU,2573.696,-0.183,-0.305,-0.183,0.01513,0.02441,1.01171,29.38
$MAG,2573.698,-0.342,-0.274,-0.904,28.3
$IMU,2573.698,-0.122,-0.305,-0.183,0.01513,0.02392,1.01367,29.38
$IMU,2573.701,-0.183,-0.305,-0.183,0.01464,0.02490,1.01220,29.38
$IMU,2573.703,-0.366,0.061,-0.244,0.01513,0.02490,1.01660,29.38
$IMU,2573.705,-0.305,-0.122,-0.305,0.01708,0.02392,1.01660,29.38
$MAG,2573.708,-0.336,-0.273,-0.898,28.1
$IMU,2573.708,-0.183,-0.244,-0.244,0.01953,0.02734,1.01611,29.38
$IMU,2573.710,-0.305,0.000,-0.122,0.01562,0.02294,1.01611,29.38
$IMU,2573.712,-0.183,-0.122,-0.183,0.01660,0.02197,1.01562,29.38
$IMU,2573.715,-0.244,-0.061,-0.183,0.01464,0.02197,1.01416,29.38
$IMU,2573.717,-0.427,0.244,-0.183,0.01708,0.02050,1.01220,29.38
$MAG,2573.718,-0.342,-0.273,-0.906,28.2
$IMU,2573.720,-0.244,0.000,-0.183,0.01464,0.02197,1.01171,29.38
$IMU,2573.722,-0.183,-0.061,-0.183,0.01855,0.02001,1.01269,29.38
$IMU,2573.724,-0.122,-0.122,-0.122,0.01611,0.02099,1.01171,29.38
$IMU,2573.727,-0.122,-0.122,-0.122,0.01562,0.02343,1.01171,29.38
$MAG,2573.729,-0.334,-0.267,-0.903,28.2
$IMU,2573.729,-0.183,0.000,-0.183,0.01660,0.02197,1.01220,29.38
$IMU,2573.731,-0.122,-0.061,-0.183,0.01562,0.02392,1.01171,29.37
$BARO,2573.732,86429.89,29.30
$IMU,2573.734,-0.183,-0.061,-0.183,0.01562,0.02148,1.01513,29.37
$IMU,2573.736,-0.183,-0.305,-0.183,0.01660,0.02148,1.01416,29.37
$IMU,2573.738,-0.244,-0.183,-0.122,0.01562,0.02148,1.01416,29.37
$MAG,2573.739,-0.339,-0.274,-0.895,28.2
$IMU,2573.741,-0.366,-0.061,-0.183,0.01757,0.02441,1.01416,29.37
$IMU,2573.743,-0.305,-0.183,-0.183,0.01660,0.02539,1.01611,29.37
$IMU,2573.745,-0.305,-0.122,-0.122,0.01562,0.02343,1.01562,29.37
$IMU,2573.748,-0.183,-0.366,-0.183,0.01660,0.01904,1.01562,29.37
$MAG,2573.749,-0.339,-0.271,-0.900,28.3
$IMU,2573.750,-0.183,-0.305,-0.183,0.01611,0.02587,1.01416,29.35
$IMU,2573.752,-0.122,-0.244,-0.244,0.01806,0.02050,1.01464,29.35
$IMU,2573.755,-0.305,-0.061,-0.183,0.01855,0.02197,1.01416,29.35
$IMU,2573.757,-0.244,-0.061,-0.122,0.01855,0.01904,1.01318,29.35
$MAG,2573.759,-0.345,-0.280,-0.901,28.3
$IMU,2573.759,-0.183,-0.183,-0.183,0.01757,0.02099,1.01416,29.35
$IMU,2573.762,-0.244,-0.061,-0.122,0.01904,0.02539,1.01318,29.35
$IMU,2573.764,-0.122,-0.122,-0.122,0.01806,0.02246,1.01562,29.35
$IMU,2573.766,-0.122,-0.183,-0.122,0.01708,0.02539,1.01513,29.35
$IMU,2573.769,-0.305,0.000,-0.183,0.01806,0.02539,1.01464,29.35
$MAG,2573.769,-0.342,-0.276,-0.901,28.1
$IMU,2573.771,-0.122,-0.183,-0.183,0.01611,0.02246,1.01318,29.35
$IMU,2573.773,-0.183,-0.122,-0.183,0.01611,0.02392,1.01318,29.35
$IMU,2573.776,-0.122,-0.305,-0.183,0.01708,0.02294,1.01562,29.35
$IMU,2573.778,-0.244,-0.061,-0.183,0.01806,0.02099,1.01416,29.35
$MAG,2573.779,-0.330,-0.273,-0.907,28.2
$IMU,2573.781,-0.488,0.183,-0.244,0.01513,0.02392,1.01416,29.35
$IMU,2573.783,-0.305,-0.061,-0.183,0.01513,0.02539,1.01464,29.35
$IMU,2573.785,-0.244,-0.061,-0.244,0.01562,0.02587,1.01708,29.35
$IMU,2573.788,-0.305,0.061,-0.122,0.01416,0.02197,1.01367,29.35
$MAG,2573.789,-0.336,-0.277,-0.904,28.2
$IMU,2573.790,-0.183,-0.183,-0.122,0.01562,0.02343,1.01269,29.35
$IMU,2573.792,-0.183,-0.305,-0.061,0.01611,0.02539,1.01074,29.35
$IMU,2573.795,-0.305,0.000,-0.183,0.01562,0.02490,1.01318,29.35
$IMU,2573.797,-0.244,-0.122,-0.244,0.01953,0.02490,1.01074,29.35
$MAG,2573.799,-0.339,-0.280,-0.898,28.3
$IMU,2573.799,-0.244,-0.061,-0.183,0.01367,0.02099,1.01269,29.35
$IMU,2573.802,-0.305,-0.183,-0.183,0.01367,0.02441,1.01464,29.35
$IMU,2573.804,-0.183,-0.244,-0.183,0.01660,0.02246,1.01806,29.35
$IMU,2573.806,-0.244,-0.183,-0.183,0.01611,0.02392,1.01513,29.36
$MAG,2573.809,-0.349,-0.267,-0.906,28.2
$IMU,2573.809,-0.305,0.000,-0.122,0.01660,0.02197,1.01464,29.36
$IMU,2573.811,-0.244,-0.122,-0.122,0.01611,0.02246,1.01318,29.36
$IMU,2573.813,-0.244,-0.061,-0.122,0.01611,0.02001,1.01367,29.36
$IMU,2573.816,-0.061,-0.305,-0.183,0.01855,0.02392,1.01562,29.36
$VBAT,2573.816,4.135
$IMU,2573.818,-0.183,-0.183,-0.183,0.01562,0.02294,1.01416,29.36
$MAG,2573.820,-0.343,-0.274,-0.903,28.3
$IMU,2573.820,-0.183,-0.122,-0.122,0.01708,0.02490,1.01562,29.36
$IMU,2573.823,-0.305,0.061,-0.122,0.01757,0.02636,1.01367,29.36
$IMU,2573.825,-0.244,0.000,-0.122,0.01513,0.02148,1.01416,29.36
$IMU,2573.827,-0.183,-0.061,-0.183,0.01464,0.02392,1.01367,29.36
$MAG,2573.830,-0.346,-0.270,-0.904,28.2
$IMU,2573.830,-0.183,-0.122,-0.244,0.01562,0.02148,1.01269,29.36
$IMU,2573.832,-0.183,-0.122,-0.183,0.01562,0.02050,1.01513,29.36
$BARO,2573.834,86426.41,29.30
$IMU,2573.834,-0.244,-0.183,-0.183,0.01611,0.02197,1.01464,29.36
$IMU,2573.837,-0.244,-0.122,-0.183,0.01757,0.02099,1.01464,29.36
$IMU,2573.839,-0.122,-0.244,-0.183,0.01660,0.02246,1.01318,29.36
$MAG,2573.840,-0.346,-0.273,-0.901,28.3
$IMU,2573.842,-0.305,0.000,-0.183,0.01562,0.02392,1.01269,29.36
$IMU,2573.844,-0.305,-0.122,-0.244,0.01416,0.02343,1.01513,29.35
$IMU,2573.846,-0.244,-0.183,-0.244,0.01464,0.02148,1.01464,29.35
$IMU,2573.849,-0.366,0.061,-0.183,0.01562,0.02197,1.01513,29.35
$MAG,2573.850,-0.330,-0.265,-0.906,28.3
$IMU,2573.851,-0.183,-0.244,-0.183,0.01464,0.02343,1.01318,29.35
$IMU,2573.853,-0.122,-0.244,-0.183,0.02050,0.02197,1.01220,29.35
$IMU,2573.856,-0.122,-0.366,-0.183,0.01464,0.02294,1.01464,29.35
$IMU,2573.858,-0.122,-0.183,-0.244,0.01708,0.02539,1.01464,29.35
$MAG,2573.860,-0.334,-0.280,-0.903,28.3
$IMU,2573.860,-0.122,-0.122,-0.183,0.01904,0.02294,1.01318,29.35
$IMU,2573.863,-0.061,-0.183,-0.122,0.01806,0.02343,1.01367,29.37
$IMU,2573.865,-0.061,-0.244,-0.122,0.01562,0.02294,1.01660,29.37
$IMU,2573.867,-0.061,-0.183,-0.183,0.01904,0.02392,1.01708,29.37
$MAG,2573.870,-0.340,-0.271,-0.909,28.2
$IMU,2573.870,-0.183,-0.122,-0.183,0.02148,0.02099,1.01708,29.37
$IMU,2573.872,-0.183,0.000,-0.183,0.01855,0.02539,1.01757,29.37
$IMU,2573.874,-0.244,0.061,-0.244,0.01806,0.02539,1.01757,29.37
$IMU,2573.877,-0.244,0.000,-0.183,0.01904,0.02343,1.01367,29.37
$IMU,2573.879,-0.244,-0.122,-0.122,0.01757,0.02343,1.01464,29.37
$MAG,2573.880,-0.343,-0.271,-0.903,28.2
$IMU,2573.881,-0.244,-0.061,-0.183,0.01757,0.02490,1.01513,29.37
$IMU,2573.884,-0.244,-0.122,-0.244,0.01562,0.02392,1.01464,29.37
$IMU,2573.886,-0.427,0.122,-0.183,0.01562,0.02197,1.01269,29.37
$IMU,2573.888,-0.244,-0.061,-0.244,0.01464,0.02636,1.01562,29.37
$MAG,2573.890,-0.327,-0.276,-0.903,28.2
$IMU,2573.891,-0.244,-0.244,-0.244,0.01562,0.02636,1.01318,29.37
$IMU,2573.893,-0.244,-0.122,-0.122,0.01367,0.02441,1.01562,29.37
$IMU,2573.895,-0.305,0.000,-0.122,0.01464,0.02246,1.01269,29.37
$IMU,2573.898,-0.366,0.000,-0.122,0.01464,0.02392,1.01367,29.37
$MAG,2573.900,-0.336,-0.271,-0.910,28.2
$IMU,2573.900,-0.305,-0.183,-0.183,0.01757,0.02001,1.01367,29.40
$IMU,2573.903,-0.183,-0.244,-0.122,0.01611,0.02294,1.01611,29.40
$IMU,2573.905,-0.183,-0.183,-0.244,0.01806,0.02294,1.01562,29.40
$IMU,2573.907,-0.244,0.000,-0.244,0.01660,0.01953,1.01562,29.40
$MAG,2573.910,-0.331,-0.268,-0.903,28.2
$IMU,2573.910,-0.366,0.000,-0.183,0.01562,0.02539,1.01367,29.40
$IMU,2573.912,-0.305,-0.183,-0.183,0.01708,0.02392,1.01367,29.40
$IMU,2573.914,-0.244,-0.183,-0.183,0.01708,0.02148,1.01464,29.40
$IMU,2573.917,-0.183,-0.244,-0.244,0.01416,0.02343,1.01367,29.40
$IMU,2573.919,-0.122,-0.244,-0.183,0.01367,0.01904,1.01464,29.37
$MAG,2573.921,-0.342,-0.270,-0.903,28.3
$IMU,2573.921,-0.122,-0.244,-0.183,0.01757,0.02636,1.01367,29.37
$IMU,2573.924,-0.244,-0.122,-0.183,0.01757,0.02392,1.01513,29.37
$IMU,2573.926,-0.183,-0.244,-0.244,0.02099,0.02441,1.01562,29.37
$IMU,2573.928,-0.122,-0.122,-0.183,0.01904,0.02343,1.01513,29.37
$MAG,2573.931,-0.336,-0.268,-0.909,28.2
$IMU,2573.931,-0.183,-0.061,-0.183,0.01367,0.02099,1.01513,29.37
$IMU,2573.933,-0.183,-0.061,-0.183,0.01464,0.02392,1.01611,29.37
$BARO,2573.935,86420.36,29.30
$IMU,2573.935,-0.244,0.000,-0.061,0.01513,0.02246,1.01318,29.37
$IMU,2573.938,-0.183,-0.061,-0.244,0.01660,0.02246,1.01416,29.38
$IMU,2573.940,-0.183,-0.061,-0.183,0.01562,0.02441,1.01318,29.38
$MAG,2573.941,-0.343,-0.274,-0.901,28.1
$IMU,2573.942,-0.183,-0.183,-0.122,0.01562,0.02343,1.01220,29.38
$IMU,2573.945,-0.244,-0.183,-0.183,0.01416,0.02539,1.01416,29.38
$IMU,2573.947,-0.427,-0.061,-0.244,0.01660,0.02148,1.01367,29.38
$IMU,2573.949,-0.366,-0.061,-0.183,0.01562,0.02050,1.01464,29.38
$MAG,2573.951,-0.342,-0.271,-0.903,28.1
$IMU,2573.952,-0.305,-0.061,-0.122,0.01611,0.02246,1.01513,29.38
$IMU,2573.954,-0.183,-0.244,-0.122,0.01611,0.02392,1.01513,29.38
$IMU,2573.956,-0.183,-0.244,-0.183,0.01855,0.02343,1.01416,29.37
$IMU,2573.959,-0.244,-0.061,-0.122,0.01513,0.02050,1.01757,29.37
$MAG,2573.961,-0.339,-0.276,-0.903,28.2
$IMU,2573.961,-0.183,-0.061,-0.122,0.01611,0.02294,1.01367,29.37
$IMU,2573.964,-0.183,-0.061,-0.122,0.01416,0.02246,1.01171,29.37
$IMU,2573.966,-0.183,-0.183,-0.183,0.01464,0.01757,1.01318,29.37
$IMU,2573.968,-0.061,-0.244,-0.183,0.01708,0.02294,1.01611,29.37
$MAG,2573.971,-0.331,-0.259,-0.898,28.2
$IMU,2573.971,-0.122,-0.244,-0.122,0.01806,0.02636,1.01611,29.37
$IMU,2573.973,-0.183,-0.061,-0.122,0.01806,0.02294,1.01708,29.37
$IMU,2573.975,-0.183,-0.122,-0.122,0.01513,0.02392,1.01611,29.40
$IMU,2573.978,-0.244,-0.061,-0.122,0.01708,0.02392,1.01513,29.40
$IMU,2573.980,-0.183,-0.183,-0.183,0.01367,0.02392,1.01416,29.40
$MAG,2573.981,-0.340,-0.271,-0.903,28.3
$IMU,2573.982,-0.183,-0.061,-0.244,0.01806,0.02734,1.01611,29.40
$IMU,2573.985,-0.244,0.000,-0.244,0.01416,0.02441,1.01513,29.40
$IMU,2573.987,-0.244,-0.061,-0.244,0.01757,0.02636,1.01416,29.40
$IMU,2573.989,-0.244,0.000,-0.244,0.01904,0.02490,1.01171,29.40
$MAG,2573.991,-0.348,-0.279,-0.904,28.3
$IMU,2573.992,-0.366,-0.122,-0.244,0.01513,0.02587,1.01171,29.40
$IMU,2573.994,-0.305,-0.183,-0.183,0.01416,0.02050,1.01367,29.37
$IMU,2573.996,-0.305,-0.183,-0.122,0.01367,0.01904,1.01269,29.37
$IMU,2573.999,-0.305,-0.061,-0.183,0.01562,0.02343,1.01416,29.37
$MAG,2574.001,-0.339,-0.280,-0.904,28.2
$IMU,2574.001,-0.366,-0.122,-0.244,0.01367,0.01904,1.01171,29.37
$IMU,2574.003,-0.366,-0.061,-0.183,0.01806,0.02246,1.01220,29.37
$IMU,2574.006,-0.244,-0.244,-0.183,0.01220,0.01855,1.01513,29.37
$IMU,2574.008,-0.183,-0.122,-0.183,0.01367,0.02294,1.01513,29.37
$IMU,2574.010,-0.183,-0.183,-0.183,0.01708,0.02001,1.01416,29.37
$MAG,2574.011,-0.343,-0.270,-0.903,28.3
$IMU,2574.013,-0.244,-0.061,-0.183,0.01708,0.02294,1.01367,29.41
$IMU,2574.015,-0.305,-0.122,-0.183,0.01855,0.02050,1.01464,29.41
$IMU,2574.017,-0.183,-0.122,-0.183,0.01855,0.02148,1.01562,29.41
$IMU,2574.020,-0.122,-0.122,-0.183,0.01757,0.02587,1.01562,29.41
$MAG,2574.021,-0.346,-0.274,-0.904,28.3
$IMU,2574.022,-0.244,-0.122,-0.183,0.01757,0.02294,1.01464,29.41
$IMU,2574.025,-0.183,0.000,-0.244,0.01855,0.02734,1.01513,29.41
$IMU,2574.027,-0.244,-0.061,-0.183,0.01464,0.02246,1.01562,29.41
$IMU,2574.029,-0.183,-0.244,-0.122,0.01562,0.02099,1.01416,29.41
$MAG,2574.032,-0.343,-0.271,-0.903,28.2
$IMU,2574.032,-0.244,-0.122,-0.244,0.01855,0.02539,1.01367,29.38
$IMU,2574.034,-0.122,-0.183,-0.244,0.01562,0.02636,1.01416,29.38
$IMU,2574.036,-0.244,-0.183,-0.244,0.01708,0.02441,1.01611,29.38
$BARO,2574.037,86437.65,29.31
$IMU,2574.039,-0.366,0.122,-0.244,0.02001,0.02343,1.01318,29.38
$IMU,2574.041,-0.305,0.061,-0.183,0.01611,0.02246,1.01464,29.38
$MAG,2574.042,-0.342,-0.277,-0.904,28.2
$IMU,2574.043,-0.366,-0.061,-0.183,0.01513,0.02343,1.01708,29.38
$IMU,2574.046,-0.305,-0.061,-0.183,0.01464,0.02392,1.01464,29.38
$IMU,2574.048,-0.305,-0.061,-0.183,0.01464,0.02490,1.01367,29.38
$IMU,2574.050,-0.488,0.183,-0.183,0.01220,0.02148,1.01464,29.35
$MAG,2574.052,-0.343,-0.273,-0.901,28.2
$IMU,2574.053,-0.366,0.000,-0.183,0.01953,0.02294,1.01269,29.35
$IMU,2574.055,-0.305,-0.122,-0.183,0.01660,0.02050,1.01708,29.35
$IMU,2574.057,-0.244,-0.061,-0.183,0.01855,0.02246,1.01416,29.35
$IMU,2574.060,-0.244,-0.122,-0.183,0.01562,0.02148,1.01464,29.35
$MAG,2574.062,-0.340,-0.265,-0.897,28.2
$IMU,2574.062,-0.244,-0.122,-0.183,0.01660,0.02050,1.01660,29.35
$IMU,2574.064,-0.244,-0.122,-0.183,0.01660,0.02197,1.01611,29.35
$IMU,2574.067,-0.244,-0.122,-0.244,0.01416,0.02441,1.01220,29.35
$IMU,2574.069,-0.183,-0.244,-0.183,0.01757,0.02392,1.01611,29.34
$IMU,2574.071,-0.183,-0.244,-0.244,0.01464,0.02441,1.01513,29.34
$MAG,2574.072,-0.330,-0.270,-0.901,28.2
$IMU,2574.074,-0.244,-0.122,-0.183,0.01757,0.02587,1.01318,29.34
$IMU,2574.076,-0.244,-0.183,-0.183,0.01855,0.02636,1.01513,29.34
$IMU,2574.078,-0.244,-0.122,-0.122,0.01806,0.02050,1.01464,29.34
$IMU,2574.081,-0.305,-0.061,-0.183,0.01757,0.02148,1.01318,29.34
$MAG,2574.082,-0.337,-0.276,-0.903,28.1
$IMU,2574.083,-0.183,-0.183,-0.244,0.01806,0.02539,1.01513,29.34
$IMU,2574.085,-0.244,-0.122,-0.122,0.01855,0.02587,1.01464,29.34
$IMU,2574.088,-0.244,-0.183,-0.122,0.01757,0.02392,1.01367,29.39
$IMU,2574.090,-0.183,-0.122,-0.244,0.01806,0.01953,1.01318,29.39
$MAG,2574.092,-0.340,-0.267,-0.912,28.2
$IMU,2574.093,-0.183,-0.183,-0.183,0.01611,0.02392,1.01513,29.39
$IMU,2574.095,-0.305,0.000,-0.183,0.01855,0.02587,1.01269,29.39
$IMU,2574.097,-0.305,0.000,-0.183,0.01855,0.02392,1.01269,29.39
$IMU,2574.100,-0.366,0.061,-0.183,0.01611,0.02148,1.01269,29.39
$MAG,2574.102,-0.334,-0.273,-0.898,28.2
$IMU,2574.102,-0.244,-0.061,-0.183,0.01562,0.02001,1.01513,29.39
$IMU,2574.104,-0.244,-0.061,-0.183,0.01513,0.02441,1.01318,29.39
$IMU,2574.107,-0.183,-0.183,-0.183,0.01464,0.02148,1.01269,29.41
$IMU,2574.109,-0.244,-0.122,-0.183,0.01708,0.02246,1.01464,29.41
$IMU,2574.111,-0.244,-0.061,-0.183,0.01416,0.02490,1.01367,29.41
$MAG,2574.112,-0.336,-0.270,-0.895,28.3
$IMU,2574.114,-0.244,0.000,-0.183,0.01757,0.02490,1.01611,29.41
$IMU,2574.116,-0.183,-0.183,-0.122,0.01367,0.02490,1.01708,29.41
$IMU,2574.118,-0.183,-0.183,-0.122,0.01660,0.02148,1.01562,29.41
$IMU,2574.121,-0.244,-0.183,-0.244,0.01708,0.02392,1.01708,29.41
$MAG,2574.122,-0.342,-0.271,-0.901,28.2
$IMU,2574.123,-0.183,-0.244,-0.183,0.01660,0.02539,1.01708,29.41
$IMU,2574.125,-0.244,-0.122,-0.183,0.01611,0.02490,1.01367,29.39
$IMU,2574.128,-0.183,-0.122,-0.244,0.01806,0.02441,1.01464,29.39
$IMU,2574.130,-0.122,-0.244,-0.183,0.01708,0.02294,1.01416,29.39
$IMU,2574.132,-0.244,-0.183,-0.183,0.01806,0.02294,1.01416,29.39
$MAG,2574.133,-0.346,-0.265,-0.898,28.2
$IMU,2574.135,-0.183,-0.122,-0.244,0.01513,0.02197,1.01367,29.39
$IMU,2574.137,-0.305,0.000,-0.183,0.01611,0.02539,1.01708,29.39
$BARO,2574.138,86429.58,29.31
$IMU,2574.139,-0.183,-0.122,-0.183,0.01708,0.02294,1.01269,29.39
$IMU,2574.142,-0.183,-0.122,-0.122,0.01855,0.02490,1.01367,29.39
$MAG,2574.143,-0.346,-0.277,-0.901,28.3
$IMU,2574.144,-0.305,0.061,-0.244,0.01757,0.02490,1.01318,29.40
$IMU,2574.146,-0.366,0.122,-0.183,0.01611,0.02441,1.01367,29.40
$IMU,2574.149,-0.427,0.061,-0.183,0.01562,0.02392,1.01171,29.40
$IMU,2574.151,-0.305,0.000,-0.183,0.01660,0.02294,1.01416,29.40
$MAG,2574.153,-0.340,-0.273,-0.906,28.2
$IMU,2574.154,-0.244,-0.061,-0.183,0.01611,0.02343,1.01367,29.40
$IMU,2574.156,-0.305,-0.183,-0.244,0.01464,0.02099,1.01367,29.40
$IMU,2574.158,-0.244,-0.305,-0.122,0.01611,0.02099,1.01220,29.40
$IMU,2574.161,-0.244,-0.122,-0.183,0.01708,0.01757,1.01513,29.40
$MAG,2574.163,-0.336,-0.279,-0.897,28.3
$IMU,2574.163,-0.183,-0.183,-0.183,0.01611,0.02246,1.01318,29.36
$IMU,2574.165,-0.305,-0.061,-0.183,0.01708,0.02490,1.01171,29.36
$IMU,2574.168,-0.244,-0.183,-0.244,0.01611,0.02294,1.01318,29.36
$IMU,2574.170,-0.183,-0.305,-0.183,0.01562,0.02148,1.01464,29.36
$IMU,2574.172,-0.244,-0.122,-0.122,0.01464,0.02001,1.01806,29.36
$MAG,2574.173,-0.349,-0.267,-0.907,28.5
$IMU,2574.175,-0.244,-0.122,-0.244,0.01464,0.02246,1.01660,29.36
$IMU,2574.177,-0.183,-0.122,-0.183,0.01660,0.02441,1.01660,29.36
$IMU,2574.179,-0.183,-0.244,-0.122,0.01855,0.02441,1.01269,29.36
$IMU,2574.182,-0.244,-0.183,-0.244,0.01562,0.02050,1.01416,29.38
$MAG,2574.183,-0.339,-0.273,-0.898,28.2
$IMU,2574.184,-0.183,-0.183,-0.244,0.01757,0.02246,1.01513,29.38
$IMU,2574.186,-0.183,-0.183,-0.122,0.02050,0.02392,1.01171,29.38
$IMU,2574.189,-0.244,0.000,-0.122,0.01416,0.02294,1.01269,29.38
$IMU,2574.191,-0.244,-0.122,-0.122,0.01708,0.02343,1.01269,29.38
$MAG,2574.193,-0.339,-0.273,-0.907,28.2
$IMU,2574.193,-0.183,-0.183,-0.122,0.01562,0.02441,1.01269,29.38
$IMU,2574.196,-0.244,-0.183,-0.183,0.01806,0.02392,1.01318,29.38
$IMU,2574.198,-0.305,0.183,-0.183,0.01513,0.02246,1.01171,29.38
$IMU,2574.200,-0.183,0.000,-0.122,0.01660,0.02490,1.01123,29.37
$HUM,2574.201,36.9,29.7
$MAG,2574.203,-0.349,-0.271,-0.904,28.3
$IMU,2574.203,-0.122,-0.122,-0.244,0.01757,0.02490,1.01416,29.37
$IMU,2574.205,-0.244,0.000,-0.183,0.01757,0.02490,1.01416,29.37
$IMU,2574.207,-0.122,-0.244,-0.183,0.01611,0.02783,1.01416,29.37
$IMU,2574.210,-0.244,-0.183,-0.183,0.01611,0.02539,1.01464,29.37
$IMU,2574.212,-0.366,-0.061,-0.183,0.01367,0.02392,1.01464,29.37
$MAG,2574.213,-0.340,-0.271,-0.903,28.2
$IMU,2574.215,-0.305,-0.122,-0.183,0.01806,0.02392,1.01464,29.37
$IMU,2574.217,-0.305,-0.183,-0.122,0.01611,0.02392,1.01171,29.37
$IMU,2574.219,-0.244,-0.244,-0.122,0.01416,0.02539,1.01123,29.40
$IMU,2574.222,-0.244,-0.244,-0.122,0.01416,0.02587,1.01367,29.40
$MAG,2574.223,-0.348,-0.274,-0.903,28.3
$IMU,2574.224,-0.244,-0.183,-0.244,0.01513,0.02441,1.01464,29.40
$IMU,2574.226,-0.244,-0.183,-0.183,0.01806,0.02392,1.01611,29.40
$IMU,2574.229,-0.244,-0.183,-0.122,0.01708,0.02294,1.01562,29.40
$IMU,2574.231,-0.122,-0.305,-0.305,0.01611,0.02197,1.01611,29.40
$IMU,2574.233,-0.244,-0.183,-0.183,0.01660,0.02197,1.01708,29.40
$MAG,2574.234,-0.340,-0.270,-0.903,28.2
$IMU,2574.236,-0.122,-0.305,-0.122,0.01660,0.02294,1.01611,29.40
$IMU,2574.238,-0.244,0.000,-0.183,0.01757,0.02148,1.01513,29.41
$BARO,2574.240,86433.09,29.32
$IMU,2574.240,-0.244,-0.061,-0.183,0.01708,0.02441,1.01660,29.41
$IMU,2574.243,-0.183,-0.061,-0.244,0.01757,0.02441,1.01708,29.41
$MAG,2574.244,-0.340,-0.267,-0.910,28.2
$IMU,2574.245,-0.183,-0.122,-0.183,0.01757,0.02246,1.01513,29.41
$IMU,2574.247,-0.305,0.061,-0.183,0.01416,0.02441,1.01269,29.41
$IMU,2574.250,-0.122,-0.244,-0.122,0.01611,0.02294,1.01416,29.41
$IMU,2574.252,-0.366,0.061,-0.122,0.01806,0.02343,1.01416,29.41
$MAG,2574.254,-0.349,-0.268,-0.898,28.2
$IMU,2574.254,-0.366,0.061,-0.183,0.01660,0.02001,1.01318,29.41
$IMU,2574.257,-0.305,-0.183,-0.305,0.01464,0.02148,1.01269,29.41
$IMU,2574.259,-0.366,-0.061,-0.244,0.01513,0.02294,1.01318,29.41
$IMU,2574.261,-0.427,-0.061,-0.183,0.01367,0.02294,1.01464,29.41
$MAG,2574.264,-0.339,-0.280,-0.907,28.1
$IMU,2574.264,-0.305,0.000,-0.183,0.01269,0.02197,1.01513,29.41
$IMU,2574.266,-0.305,0.000,-0.122,0.01562,0.02294,1.01464,29.41
$IMU,2574.268,-0.183,-0.122,-0.122,0.01220,0.02001,1.01220,29.41
$IMU,2574.271,-0.061,-0.183,-0.122,0.01123,0.02343,1.01513,29.41
$IMU,2574.273,-0.122,-0.366,-0.183,0.01660,0.02246,1.01318,29.41
$MAG,2574.274,-0.345,-0.279,-0.901,28.1
$IMU,2574.276,-0.122,-0.122,-0.183,0.01464,0.02587,1.01318,29.37
$IMU,2574.278,-0.122,-0.183,-0.183,0.01416,0.02099,1.01660,29.37
$IMU,2574.280,-0.122,-0.183,-0.183,0.01611,0.02490,1.01855,29.37
$IMU,2574.283,-0.244,-0.183,-0.244,0.01708,0.02685,1.01464,29.37
$MAG,2574.284,-0.342,-0.265,-0.894,28.2
$IMU,2574.285,-0.244,-0.305,-0.183,0.01757,0.02685,1.01464,29.37
$IMU,2574.287,-0.427,-0.122,-0.244,0.01708,0.02539,1.01464,29.37
$IMU,2574.290,-0.488,-0.061,-0.183,0.01855,0.02636,1.01318,29.37
$IMU,2574.292,-0.488,-0.122,-0.244,0.01904,0.02880,1.01513,29.37
$MAG,2574.294,-0.340,-0.267,-0.894,28.2
$IMU,2574.294,-0.366,-0.122,-0.244,0.01660,0.02734,1.01318,29.37
$IMU,2574.297,-0.366,-0.183,-0.244,0.01660,0.02490,1.01367,29.37
$IMU,2574.299,-0.305,0.000,-0.244,0.02050,0.01904,1.00976,29.37
$IMU,2574.301,-0.366,0.061,-0.244,0.01855,0.02050,1.01123,29.37
$MAG,2574.304,-0.342,-0.267,-0.903,28.1
$IMU,2574.304,-0.183,0.061,-0.244,0.01953,0.02099,1.01367,29.37
$IMU,2574.306,-0.183,0.000,-0.183,0.01708,0.02343,1.01025,29.37
$IMU,2574.308,0.000,-0.122,-0.183,0.01660,0.01904,1.01269,29.37
$IMU,2574.311,-0.061,0.000,-0.122,0.01806,0.02099,1.01513,29.37
$IMU,2574.313,-0.061,-0.122,-0.183,0.01562,0.01953,1.01269,29.35
$MAG,2574.314,-0.342,-0.276,-0.907,28.3
$IMU,2574.315,-0.061,-0.183,-0.122,0.01464,0.02490,1.01416,29.35
$IMU,2574.318,-0.061,-0.183,-0.183,0.01123,0.02392,1.01416,29.35
$IMU,2574.320,-0.061,-0.305,-0.183,0.01660,0.02441,1.01367,29.35
$IMU,2574.322,-0.122,-0.366,-0.183,0.01269,0.02392,1.01562,29.35
$MAG,2574.325,-0.337,-0.274,-0.904,28.2
$IMU,2574.325,-0.244,-0.183,-0.183,0.01367,0.02343,1.01318,29.35
$IMU,2574.327,-0.366,-0.122,-0.183,0.01660,0.02050,1.01611,29.35
$IMU,2574.329,-0.244,-0.366,-0.183,0.01660,0.02050,1.01757,29.35
$IMU,2574.332,-0.183,-0.427,-0.305,0.01806,0.02441,1.01562,29.41
$IMU,2574.334,-0.183,-0.427,-0.244,0.01855,0.02050,1.01855,29.41
$MAG,2574.335,-0.336,-0.279,-0.906,28.2
$IMU,2574.337,-0.183,-0.366,-0.183,0.02050,0.02197,1.01757,29.41
$IMU,2574.339,-0.183,-0.122,-0.122,0.01953,0.02099,1.01757,29.41
$BARO,2574.341,86425.24,29.32
$IMU,2574.341,-0.122,-0.061,-0.183,0.01806,0.02490,1.01904,29.41
$IMU,2574.344,-0.122,-0.122,-0.122,0.01562,0.02441,1.02001,29.41
$MAG,2574.345,-0.336,-0.262,-0.894,28.2
$IMU,2574.346,-0.061,-0.183,-0.183,0.01806,0.02539,1.02001,29.41
$IMU,2574.348,-0.183,-0.122,-0.183,0.01562,0.02734,1.01806,29.41
$IMU,2574.351,-0.305,-0.122,-0.183,0.01757,0.02539,1.01757,29.37
$IMU,2574.353,-0.305,-0.061,-0.183,0.01513,0.02685,1.01464,29.37
$MAG,2574.355,-0.342,-0.262,-0.906,28.2
$IMU,2574.355,-0.427,0.061,-0.122,0.01562,0.02490,1.01464,29.37
$IMU,2574.358,-0.366,0.000,-0.244,0.01806,0.02685,1.01416,29.37
$IMU,2574.360,-0.305,-0.061,-0.183,0.01757,0.02392,1.01708,29.37
$IMU,2574.362,-0.305,0.122,-0.183,0.01416,0.02392,1.01269,29.37
$MAG,2574.365,-0.336,-0.276,-0.903,28.3
$IMU,2574.365,-0.305,0.000,-0.244,0.01513,0.02197,1.01416,29.37
$IMU,2574.367,-0.427,0.183,-0.183,0.01464,0.02197,1.01660,29.37
$IMU,2574.369,-0.366,-0.061,-0.183,0.01416,0.02001,1.01171,29.43
$IMU,2574.372,-0.366,-0.122,-0.183,0.01367,0.02246,1.01318,29.43
$IMU,2574.374,-0.244,-0.122,-0.183,0.01269,0.02050,1.00976,29.43
$MAG,2574.375,-0.346,-0.268,-0.903,28.3
$IMU,2574.376,-0.366,-0.061,-0.183,0.01416,0.02197,1.00927,29.43
$IMU,2574.379,-0.366,-0.122,-0.244,0.01416,0.01806,1.01074,29.43
$IMU,2574.381,-0.305,-0.244,-0.122,0.01660,0.02050,1.00878,29.43
$IMU,2574.383,-0.244,-0.244,-0.183,0.01611,0.02246,1.01025,29.43
$MAG,2574.385,-0.339,-0.268,-0.903,28.2
$IMU,2574.386,-0.122,-0.366,-0.244,0.01562,0.02148,1.01367,29.43
$IMU,2574.388,-0.061,-0.244,-0.122,0.01562,0.02441,1.01464,29.39
$IMU,2574.390,-0.122,-0.183,-0.183,0.01660,0.02294,1.01269,29.39
$IMU,2574.393,-0.122,-0.244,-0.183,0.01513,0.01806,1.01416,29.39
$MAG,2574.395,-0.337,-0.273,-0.901,28.3
$IMU,2574.395,-0.061,-0.183,-0.183,0.01708,0.02050,1.01367,29.39
$IMU,2574.398,-0.061,-0.366,-0.244,0.01757,0.02197,1.01269,29.39
$IMU,2574.400,-0.122,-0.183,-0.183,0.02099,0.02539,1.01416,29.39
$IMU,2574.402,-0.244,0.000,-0.183,0.01708,0.02148,1.01416,29.39
$MAG,2574.405,-0.337,-0.268,-0.901,28.3
$IMU,2574.405,-0.183,-0.061,-0.122,0.01513,0.02392,1.01269,29.39
$IMU,2574.407,-0.183,-0.183,-0.183,0.01562,0.02099,1.01220,29.40
$IMU,2574.409,-0.122,-0.183,-0.183,0.01562,0.02197,1.01220,29.40
$IMU,2574.412,-0.122,-0.244,-0.244,0.01562,0.02490,1.01708,29.40
$IMU,2574.414,-0.183,-0.122,-0.183,0.01660,0.02441,1.01416,29.40
$MAG,2574.415,-0.339,-0.268,-0.901,28.2
$IMU,2574.416,-0.061,-0.122,-0.122,0.01708,0.02246,1.01904,29.40
$IMU,2574.419,-0.122,-0.122,-0.122,0.01806,0.02392,1.01611,29.40
$IMU,2574.421,-0.061,-0.305,-0.183,0.01660,0.02636,1.01806,29.40
$IMU,2574.423,-0.122,-0.183,-0.183,0.01757,0.02050,1.01708,29.40
$MAG,2574.426,-0.346,-0.265,-0.901,28.2
$IMU,2574.426,-0.122,-0.183,-0.183,0.01757,0.02343,1.01416,29.41
$IMU,2574.428,-0.305,-0.122,-0.122,0.01611,0.02587,1.01708,29.41
$IMU,2574.430,-0.305,-0.061,-0.183,0.01562,0.02441,1.01660,29.41
$IMU,2574.433,-0.305,-0.122,-0.183,0.01367,0.02197,1.01708,29.41
$IMU,2574.435,-0.366,-0.183,-0.244,0.01708,0.02294,1.01611,29.41
$MAG,2574.436,-0.334,-0.276,-0.900,28.3
$IMU,2574.437,-0.305,-0.244,-0.305,0.01416,0.02246,1.01611,29.41
$IMU,2574.440,-0.244,-0.305,-0.305,0.01806,0.02197,1.01660,29.41
$IMU,2574.442,-0.366,-0.061,-0.183,0.01806,0.02539,1.01611,29.41
$BARO,2574.443,86423.82,29.32
$IMU,2574.444,-0.366,0.000,-0.122,0.01464,0.02294,1.01611,29.41
$MAG,2574.446,-0.346,-0.267,-0.898,28.3
$IMU,2574.447,-0.183,-0.183,-0.183,0.01806,0.02099,1.01367,29.41
$IMU,2574.449,-0.122,-0.244,-0.122,0.01855,0.02441,1.01513,29.41
$IMU,2574.451,-0.244,-0.122,-0.122,0.01708,0.02343,1.01464,29.41
$IMU,2574.454,-0.305,0.122,-0.122,0.01708,0.02392,1.01171,29.41
$MAG,2574.456,-0.343,-0.271,-0.900,28.2
$IMU,2574.456,-0.305,-0.061,-0.122,0.01806,0.02441,1.01123,29.41
$IMU,2574.459,-0.366,-0.061,-0.122,0.01757,0.02539,1.01220,29.41
$IMU,2574.461,-0.244,-0.061,-0.183,0.01562,0.02294,1.01367,29.41
$IMU,2574.463,-0.183,-0.061,-0.122,0.01367,0.02197,1.01269,29.40
$MAG,2574.466,-0.337,-0.276,-0.903,28.2
$IMU,2574.466,-0.122,-0.183,-0.183,0.01367,0.02050,1.01464,29.40
$IMU,2574.468,-0.244,0.000,-0.183,0.01171,0.02246,1.01123,29.40
$IMU,2574.470,-0.305,-0.183,-0.244,0.01416,0.02685,1.01025,29.40
$IMU,2574.473,-0.244,-0.183,-0.244,0.01464,0.02441,1.01220,29.40
$IMU,2574.475,-0.244,-0.183,-0.183,0.01708,0.02294,1.01220,29.40
$MAG,2574.476,-0.331,-0.267,-0.900,28.3
$IMU,2574.477,-0.183,-0.183,-0.183,0.01611,0.02148,1.01464,29.40
$IMU,2574.480,-0.305,-0.244,-0.183,0.01416,0.02587,1.01464,29.40
$IMU,2574.482,-0.244,-0.183,-0.122,0.01318,0.02001,1.01464,29.39
$IMU,2574.484,-0.244,-0.305,-0.122,0.01611,0.02099,1.01513,29.39
$MAG,2574.486,-0.337,-0.280,-0.909,28.2
$IMU,2574.487,-0.244,-0.244,-0.244,0.01562,0.02294,1.01171,29.39
$IMU,2574.489,-0.122,-0.244,-0.122,0.01660,0.02392,1.01416,29.39
$IMU,2574.491,-0.183,-0.122,-0.183,0.01708,0.02099,1.01416,29.39
$IMU,2574.494,-0.244,-0.061,-0.183,0.01708,0.02197,1.01464,29.39
$MAG,2574.496,-0.331,-0.277,-0.906,28.3
$IMU,2574.496,-0.183,-0.122,-0.244,0.01660,0.02246,1.01660,29.39
$IMU,2574.498,-0.061,-0.305,-0.061,0.01708,0.02246,1.01464,29.39
$IMU,2574.501,-0.061,-0.122,-0.122,0.01708,0.02197,1.01660,29.37
$IMU,2574.503,-0.122,-0.122,-0.183,0.01513,0.02246,1.01416,29.37
$IMU,2574.505,-0.122,-0.305,-0.244,0.01708,0.02246,1.01562,29.37
$MAG,2574.506,-0.340,-0.273,-0.898,28.3
$IMU,2574.508,-0.244,-0.061,-0.122,0.01562,0.02343,1.01513,29.37
$IMU,2574.510,-0.244,-0.061,-0.183,0.01464,0.02392,1.01513,29.37
$IMU,2574.512,-0.244,-0.061,-0.122,0.01855,0.02343,1.01611,29.37
$IMU,2574.515,-0.183,-0.061,-0.122,0.01806,0.02392,1.01318,29.37
$MAG,2574.516,-0.340,-0.277,-0.909,28.3
$IMU,2574.517,-0.183,0.000,-0.122,0.01611,0.02783,1.01416,29.37
$IMU,2574.520,-0.183,-0.061,-0.122,0.01757,0.02441,1.01464,29.40
$IMU,2574.522,-0.244,0.000,-0.122,0.01464,0.02539,1.01123,29.40
$IMU,2574.524,-0.305,-0.061,-0.183,0.01416,0.02441,1.01660,29.40
$IMU,2574.527,-0.366,0.061,-0.183,0.01464,0.02490,1.01367,29.40
$MAG,2574.527,-0.336,-0.273,-0.901,28.3
$IMU,2574.529,-0.366,0.061,-0.183,0.01513,0.02490,1.01416,29.40
$IMU,2574.531,-0.366,0.061,-0.183,0.01464,0.02392,1.01757,29.40
$IMU,2574.534,-0.366,-0.122,-0.183,0.01708,0.02148,1.01416,29.40
$IMU,2574.536,-0.427,-0.122,-0.183,0.01660,0.02148,1.01416,29.40
$MAG,2574.537,-0.340,-0.270,-0.904,28.3
$IMU,2574.538,-0.366,-0.244,-0.183,0.01660,0.02246,1.01367,29.37
$IMU,2574.541,-0.488,-0.122,-0.183,0.01464,0.02148,1.01269,29.37
$IMU,2574.543,-0.488,0.000,-0.244,0.01611,0.02099,1.01416,29.37
$BARO,2574.544,86426.04,29.32
$IMU,2574.545,-0.366,-0.122,-0.183,0.01708,0.02148,1.01513,29.37
$MAG,2574.547,-0.330,-0.277,-0.910,28.3
$IMU,2574.548,-0.305,-0.244,-0.183,0.01708,0.02148,1.01464,29.37
$IMU,2574.550,-0.244,-0.244,-0.122,0.01611,0.02050,1.01220,29.37
$IMU,2574.552,-0.183,-0.061,-0.183,0.01757,0.02050,1.01464,29.37
$IMU,2574.555,-0.183,0.000,-0.183,0.01806,0.02392,1.01464,29.37
$MAG,2574.557,-0.345,-0.270,-0.895,28.5
$IMU,2574.557,-0.122,-0.061,-0.183,0.01708,0.02099,1.01074,29.38
$IMU,2574.559,-0.122,-0.183,-0.122,0.01611,0.02148,1.01367,29.38
$IMU,2574.562,-0.061,-0.122,-0.122,0.01318,0.02148,1.01171,29.38
$IMU,2574.564,-0.122,-0.122,-0.183,0.01708,0.02392,1.01220,29.38
$IMU,2574.566,0.000,-0.244,-0.122,0.01660,0.02441,1.01464,29.38
$MAG,2574.567,-0.340,-0.277,-0.904,28.2
$IMU,2574.569,-0.061,-0.183,-0.183,0.01660,0.02343,1.01416,29.38
$IMU,2574.571,-0.122,-0.122,-0.122,0.01562,0.02441,1.01171,29.38
$IMU,2574.573,-0.183,-0.244,-0.244,0.01806,0.02294,1.01318,29.38
$IMU,2574.576,-0.244,-0.122,-0.122,0.01855,0.02441,1.01269,29.40
$MAG,2574.577,-0.339,-0.267,-0.913,28.5
$IMU,2574.578,-0.305,-0.061,-0.122,0.01611,0.02490,1.01318,29.40
$IMU,2574.580,-0.305,0.000,-0.122,0.01953,0.02294,1.01611,29.40
$IMU,2574.583,-0.305,-0.061,-0.183,0.01806,0.02197,1.01611,29.40
$IMU,2574.585,-0.305,-0.122,-0.183,0.01464,0.02294,1.01416,29.40
$MAG,2574.587,-0.339,-0.270,-0.903,28.2
$IMU,2574.588,-0.305,-0.244,-0.244,0.01708,0.02001,1.01562,29.40
$IMU,2574.590,-0.244,-0.305,-0.183,0.01513,0.01904,1.01513,29.40
$IMU,2574.592,-0.305,-0.122,-0.122,0.01367,0.02099,1.01611,29.40
$IMU,2574.595,-0.244,-0.122,-0.183,0.01562,0.02148,1.01074,29.41
$MAG,2574.597,-0.340,-0.268,-0.900,28.3
$IMU,2574.597,-0.183,-0.244,-0.183,0.01855,0.02197,1.01318,29.41
$IMU,2574.599,-0.244,-0.183,-0.122,0.01806,0.02001,1.01806,29.41
$IMU,2574.602,-0.244,-0.305,-0.122,0.01806,0.01806,1.01855,29.41
$IMU,2574.604,-0.183,-0.122,-0.122,0.01708,0.02001,1.01464,29.41
$IMU,2574.606,-0.183,-0.122,-0.183,0.01757,0.02148,1.01416,29.41
$MAG,2574.607,-0.342,-0.265,-0.906,28.3
$IMU,2574.609,-0.122,-0.183,-0.122,0.01611,0.02490,1.01513,29.41
$IMU,2574.611,-0.061,-0.244,-0.183,0.01855,0.02441,1.01562,29.41
$IMU,2574.613,-0.122,-0.244,-0.183,0.01367,0.02392,1.01464,29.40
$IMU,2574.616,-0.183,-0.183,-0.122,0.02099,0.02392,1.01367,29.40
$MAG,2574.617,-0.334,-0.276,-0.898,28.5
$IMU,2574.618,-0.305,0.061,-0.244,0.01904,0.02392,1.01367,29.40
$IMU,2574.620,-0.305,0.061,-0.244,0.01806,0.02294,1.01416,29.40
$IMU,2574.623,-0.305,-0.122,-0.183,0.01611,0.02539,1.01464,29.40
$IMU,2574.625,-0.183,-0.122,-0.183,0.01708,0.02636,1.01513,29.40
$IMU,2574.627,-0.183,-0.122,-0.244,0.01757,0.02246,1.01464,29.40
$MAG,2574.628,-0.346,-0.261,-0.907,28.2
$TIME,2574.628,463097.000,2399
$IMU,2574.630,-0.305,-0.122,-0.244,0.01562,0.02392,1.01220,29.40
$IMU,2574.632,-0.305,-0.244,-0.244,0.01464,0.02197,1.01171,29.39
$IMU,2574.634,-0.549,0.183,-0.183,0.01513,0.02343,1.01416,29.39
$IMU,2574.637,-0.549,0.122,-0.244,0.01611,0.02343,1.01318,29.39
$MAG,2574.638,-0.340,-0.274,-0.906,28.1
$IMU,2574.639,-0.488,0.061,-0.183,0.01562,0.02050,1.01123,29.39
$IMU,2574.641,-0.183,-0.366,-0.183,0.01416,0.02343,1.01269,29.39
$IMU,2574.644,-0.305,-0.183,-0.183,0.01269,0.02050,1.01171,29.39
$BARO,2574.645,86434.84,29.32
$IMU,2574.646,-0.366,0.000,-0.061,0.01660,0.01953,1.01416,29.39
$MAG,2574.648,-0.337,-0.276,-0.900,28.2
$IMU,2574.649,-0.305,-0.061,-0.244,0.01367,0.02343,1.01611,29.39
$IMU,2574.651,-0.183,-0.244,-0.122,0.01660,0.01904,1.01367,29.42
$IMU,2574.653,-0.061,-0.244,-0.122,0.01562,0.02343,1.01123,29.42
$IMU,2574.656,-0.244,0.000,-0.183,0.01318,0.02246,1.01416,29.42
$MAG,2574.658,-0.340,-0.268,-0.904,28.3
$IMU,2574.658,-0.244,0.122,-0.183,0.01806,0.02392,1.01367,29.42
$IMU,2574.660,-0.183,0.061,-0.183,0.01708,0.02392,1.01220,29.42
$IMU,2574.663,-0.122,0.000,-0.183,0.01513,0.02099,1.01367,29.42
$IMU,2574.665,-0.183,0.000,-0.122,0.01562,0.02392,1.01123,29.42
$IMU,2574.667,-0.244,0.061,-0.122,0.01708,0.02343,1.01464,29.42
$MAG,2574.668,-0.340,-0.276,-0.909,28.2
$IMU,2574.670,-0.183,-0.061,-0.122,0.01464,0.02148,1.01562,29.42
$IMU,2574.672,-0.244,-0.122,-0.122,0.01562,0.02587,1.01367,29.42
$IMU,2574.674,-0.122,-0.305,-0.183,0.01611,0.02636,1.01318,29.42
$IMU,2574.677,-0.244,-0.305,-0.183,0.01708,0.02636,1.01416,29.42
$MAG,2574.678,-0.343,-0.265,-0.907,28.3
$IMU,2574.679,-0.305,0.000,-0.183,0.01464,0.02392,1.01611,29.42
$IMU,2574.681,-0.427,-0.061,-0.183,0.01855,0.02246,1.01513,29.42
$IMU,2574.684,-0.366,-0.122,-0.183,0.01757,0.02343,1.01269,29.42
$IMU,2574.686,-0.244,-0.183,-0.183,0.01513,0.02441,1.01416,29.42
$MAG,2574.688,-0.339,-0.270,-0.907,28.3
$IMU,2574.688,-0.305,-0.183,-0.122,0.01562,0.02392,1.01269,29.42
$IMU,2574.691,-0.305,-0.183,-0.183,0.01464,0.02148,1.01611,29.42
$IMU,2574.693,-0.427,-0.061,-0.122,0.01562,0.02343,1.01708,29.42
$IMU,2574.695,-0.366,-0.061,-0.183,0.01367,0.02099,1.01611,29.42
$MAG,2574.698,-0.343,-0.279,-0.898,28.2
$IMU,2574.698,-0.183,-0.183,-0.183,0.01611,0.02050,1.01562,29.42
$IMU,2574.700,-0.244,-0.244,-0.183,0.01660,0.02343,1.01562,29.42
$IMU,2574.702,-0.183,-0.183,-0.183,0.01367,0.02294,1.01611,29.42
$IMU,2574.705,-0.183,-0.305,-0.183,0.01562,0.02441,1.01464,29.42
$IMU,2574.707,-0.305,-0.061,-0.122,0.01708,0.02197,1.01513,29.41
$MAG,2574.708,-0.336,-0.273,-0.903,28.2
$IMU,2574.710,-0.244,-0.061,-0.122,0.01757,0.02246,1.01708,29.41
$IMU,2574.712,-0.305,0.122,-0.183,0.01513,0.02441,1.01367,29.41
$IMU,2574.714,-0.183,-0.183,-0.183,0.01513,0.02246,1.01416,29.41
$IMU,2574.717,-0.122,-0.183,-0.183,0.01611,0.02197,1.01318,29.41
$MAG,2574.718,-0.345,-0.271,-0.904,28.2
$IMU,2574.719,-0.305,0.061,-0.122,0.01953,0.02490,1.01464,29.41
$IMU,2574.721,-0.305,0.122,-0.183,0.01708,0.02490,1.01318,29.41
$IMU,2574.724,-0.305,0.061,-0.122,0.01513,0.02197,1.00927,29.41
$IMU,2574.726,-0.305,-0.061,-0.183,0.01708,0.02685,1.00878,29.37
$IMU,2574.728,-0.183,-0.061,-0.183,0.01416,0.02734,1.01025,29.37
$MAG,2574.728,-0.337,-0.276,-0.904,28.3
$IMU,2574.731,-0.244,0.061,-0.122,0.01464,0.02343,1.01123,29.37
$IMU,2574.733,-0.244,0.000,-0.122,0.01806,0.02441,1.00830,29.37
$IMU,2574.735,-0.305,-0.061,-0.183,0.01513,0.02246,1.00976,29.37
$IMU,2574.738,-0.244,-0.183,-0.244,0.01269,0.02050,1.01123,29.37
$MAG,2574.739,-0.339,-0.262,-0.907,28.3
$IMU,2574.740,-0.244,-0.244,-0.183,0.01660,0.02343,1.01269,29.37
$IMU,2574.742,-0.244,-0.183,-0.183,0.01513,0.02050,1.01025,29.37
$IMU,2574.745,-0.183,-0.366,-0.183,0.01611,0.02050,1.01464,29.42
$BARO,2574.747,86432.50,29.32
$IMU,2574.747,-0.305,-0.305,-0.183,0.01513,0.02197,1.01806,29.42
$MAG,2574.749,-0.354,-0.264,-0.906,28.5
$IMU,2574.749,-0.244,-0.366,-0.183,0.01464,0.02392,1.01562,29.42
$IMU,2574.752,-0.183,-0.183,-0.183,0.01416,0.02197,1.01660,29.42
$IMU,2574.754,-0.122,-0.244,-0.244,0.01660,0.02246,1.01464,29.42
$IMU,2574.756,-0.183,-0.183,-0.183,0.02148,0.02294,1.01513,29.42
$MAG,2574.759,-0.333,-0.262,-0.895,28.5
$IMU,2574.759,-0.183,-0.122,-0.183,0.01708,0.02148,1.01904,29.42
$IMU,2574.761,-0.244,-0.061,-0.122,0.01611,0.02148,1.01855,29.42
$IMU,2574.763,-0.244,-0.061,-0.122,0.01513,0.02392,1.01708,29.42
$IMU,2574.766,-0.244,0.000,-0.122,0.01806,0.02636,1.01562,29.42
$IMU,2574.768,-0.122,-0.122,-0.122,0.01757,0.02197,1.01318,29.42
$MAG,2574.769,-0.336,-0.270,-0.909,28.2
$IMU,2574.771,-0.244,0.000,-0.122,0.01855,0.02490,1.01513,29.42
$IMU,2574.773,-0.183,-0.122,-0.244,0.02001,0.02294,1.01416,29.42
$IMU,2574.775,-0.244,-0.122,-0.183,0.01562,0.02246,1.01562,29.42
$IMU,2574.778,-0.183,-0.061,-0.122,0.02001,0.02587,1.01464,29.42
$MAG,2574.779,-0.339,-0.276,-0.909,28.3
$IMU,2574.780,-0.305,0.000,-0.122,0.02001,0.02636,1.01562,29.42
$IMU,2574.782,-0.244,0.000,-0.122,0.01708,0.02392,1.01660,29.44
$IMU,2574.785,-0.183,-0.061,-0.183,0.01660,0.02587,1.01367,29.44
$IMU,2574.787,-0.366,0.000,-0.183,0.01513,0.02441,1.01367,29.44
$MAG,2574.789,-0.340,-0.276,-0.897,28.2
$IMU,2574.789,-0.305,-0.183,-0.183,0.01513,0.02490,1.01464,29.44
$IMU,2574.792,-0.305,-0.061,-0.183,0.01464,0.02539,1.01318,29.44
$IMU,2574.794,-0.305,-0.061,-0.183,0.01318,0.02441,1.01464,29.44
$IMU,2574.796,-0.366,-0.122,-0.183,0.01269,0.02587,1.01269,29.44
$MAG,2574.799,-0.340,-0.270,-0.907,28.3
$IMU,2574.799,-0.244,-0.183,-0.183,0.01562,0.02294,1.01074,29.44
$IMU,2574.801,-0.244,-0.305,-0.183,0.01464,0.02001,1.01464,29.41
$IMU,2574.803,-0.305,-0.183,-0.183,0.01464,0.02587,1.01416,29.41
$IMU,2574.806,-0.305,-0.061,-0.183,0.01513,0.02294,1.01416,29.41
$IMU,2574.808,-0.183,-0.183,-0.244,0.01660,0.02343,1.01416,29.41
$MAG,2574.809,-0.340,-0.270,-0.907,28.5
$IMU,2574.810,-0.122,-0.244,-0.244,0.01660,0.02392,1.01220,29.41
$IMU,2574.813,-0.183,-0.244,-0.122,0.01562,0.02148,1.01074,29.41
$IMU,2574.815,-0.122,-0.244,-0.122,0.01464,0.02246,1.01367,29.41
$IMU,2574.817,-0.183,-0.122,-0.183,0.01513,0.02441,1.01318,29.41
$MAG,2574.819,-0.343,-0.279,-0.909,28.5
$IMU,2574.820,-0.183,-0.061,-0.122,0.01904,0.02539,1.01367,29.34
$VBAT,2574.820,4.117
$IMU,2574.822,-0.122,-0.122,-0.244,0.02001,0.02197,1.01416,29.34
$IMU,2574.824,-0.122,-0.061,-0.183,0.01953,0.02392,1.01269,29.34
$IMU,2574.827,-0.122,-0.122,-0.122,0.01708,0.02392,1.01611,29.34
$IMU,2574.829,-0.183,-0.122,-0.183,0.01806,0.02392,1.01367,29.34
$MAG,2574.829,-0.337,-0.270,-0.907,28.3
$IMU,2574.832,-0.183,-0.183,-0.183,0.01855,0.02490,1.01464,29.34
$IMU,2574.834,-0.183,-0.061,-0.183,0.01708,0.02587,1.01562,29.34
$IMU,2574.836,-0.244,0.000,-0.183,0.01855,0.02441,1.01464,29.34
$IMU,2574.839,-0.244,-0.122,-0.183,0.01367,0.02587,1.01318,29.41
$MAG,2574.840,-0.348,-0.274,-0.906,28.2
$IMU,2574.841,-0.305,0.000,-0.183,0.01611,0.02636,1.01220,29.41
$IMU,2574.843,-0.244,-0.122,-0.183,0.01464,0.02246,1.01562,29.41
$IMU,2574.846,-0.305,-0.244,-0.183,0.01611,0.02343,1.01562,29.41
$BARO,2574.848,86422.07,29.33
$IMU,2574.848,-0.366,-0.061,-0.244,0.01513,0.02148,1.01367,29.41
$MAG,2574.850,-0.328,-0.268,-0.900,28.3
$IMU,2574.850,-0.427,0.000,-0.183,0.01562,0.02343,1.01367,29.41
$IMU,2574.853,-0.427,0.000,-0.183,0.01611,0.02294,1.01611,29.41
$IMU,2574.855,-0.244,-0.122,-0.183,0.01562,0.02490,1.01464,29.41
$IMU,2574.857,-0.244,-0.244,-0.244,0.01416,0.02539,1.01367,29.43
$MAG,2574.860,-0.343,-0.277,-0.901,28.2
$IMU,2574.860,-0.305,0.000,-0.122,0.01464,0.02294,1.01318,29.43
$IMU,2574.862,-0.183,-0.122,-0.183,0.01708,0.02294,1.01513,29.43
$IMU,2574.864,-0.122,-0.305,-0.183,0.01513,0.02539,1.01318,29.43
$IMU,2574.867,-0.122,-0.122,-0.122,0.01513,0.02294,1.01269,29.43
$IMU,2574.869,-0.244,-0.061,-0.122,0.01660,0.02441,1.01123,29.43
$MAG,2574.870,-0.340,-0.264,-0.900,28.2
$IMU,2574.871,-0.183,-0.061,-0.183,0.01806,0.02539,1.01269,29.43
$IMU,2574.874,-0.183,-0.183,-0.244,0.01757,0.02197,1.01513,29.43
$IMU,2574.876,-0.244,-0.183,-0.183,0.01806,0.02539,1.01416,29.40
$IMU,2574.878,-0.183,-0.122,-0.183,0.01806,0.02294,1.01611,29.40
$MAG,2574.880,-0.345,-0.280,-0.906,28.2
$IMU,2574.881,-0.183,-0.061,-0.183,0.01953,0.02343,1.01318,29.40
$IMU,2574.883,-0.244,0.000,-0.183,0.01708,0.02441,1.01513,29.40
$IMU,2574.885,-0.244,0.000,-0.183,0.01708,0.02246,1.01513,29.40
$IMU,2574.888,-0.244,-0.122,-0.183,0.01513,0.02587,1.01416,29.40
$MAG,2574.890,-0.346,-0.280,-0.909,28.2
$IMU,2574.890,-0.183,-0.122,-0.183,0.01660,0.02294,1.01367,29.40
$IMU,2574.893,-0.244,-0.122,-0.183,0.01562,0.02294,1.01611,29.40
$IMU,2574.895,-0.305,-0.061,-0.183,0.01562,0.02246,1.01464,29.43
$IMU,2574.897,-0.244,-0.061,-0.183,0.01416,0.02246,1.01269,29.43
$MAG,2574.900,-0.342,-0.277,-0.906,28.5
$IMU,2574.900,-0.244,-0.061,-0.122,0.01513,0.02050,1.01562,29.43
$IMU,2574.902,-0.244,-0.122,-0.183,0.01367,0.02197,1.01513,29.43
$IMU,2574.904,-0.244,-0.183,-0.183,0.01806,0.02246,1.01464,29.43
$IMU,2574.907,-0.305,-0.244,-0.183,0.01660,0.02197,1.01464,29.43
$IMU,2574.909,-0.305,-0.061,-0.244,0.01269,0.02294,1.01562,29.43
$MAG,2574.910,-0.339,-0.276,-0.904,28.2
$IMU,2574.911,-0.305,-0.122,-0.183,0.01367,0.01806,1.01318,29.43
$IMU,2574.914,-0.183,-0.183,-0.183,0.01269,0.02001,1.01660,29.44
$IMU,2574.916,-0.183,-0.244,-0.183,0.01367,0.02294,1.01464,29.44
$IMU,2574.918,-0.183,-0.183,-0.183,0.01074,0.01953,1.01513,29.44
$MAG,2574.920,-0.334,-0.280,-0.895,28.5
$IMU,2574.921,-0.183,-0.122,-0.122,0.01220,0.02197,1.01708,29.44
$IMU,2574.923,-0.244,-0.061,-0.183,0.01708,0.01904,1.01513,29.44
$IMU,2574.925,-0.244,-0.061,-0.122,0.01660,0.02246,1.01513,29.44
$IMU,2574.928,-0.122,-0.122,-0.122,0.01855,0.02636,1.01562,29.44
$MAG,2574.930,-0.339,-0.268,-0.906,28.5
$IMU,2574.930,-0.183,-0.122,-0.183,0.01855,0.02294,1.01464,29.44
$IMU,2574.932,-0.122,-0.061,-0.183,0.01660,0.02587,1.01220,29.40
$IMU,2574.935,-0.183,0.061,-0.183,0.01953,0.02832,1.01220,29.40
$IMU,2574.937,-0.244,-0.061,-0.183,0.01806,0.02050,1.01171,29.40
$IMU,2574.939,-0.183,-0.122,-0.183,0.01220,0.02441,1.01220,29.40
$MAG,2574.940,-0.339,-0.274,-0.900,28.3
$IMU,2574.942,-0.122,-0.183,-0.183,0.01611,0.02490,1.01318,29.40
$IMU,2574.944,-0.122,-0.183,-0.244,0.01806,0.02392,1.01074,29.40
$IMU,2574.946,-0.244,-0.183,-0.244,0.01611,0.02197,1.01318,29.40
$IMU,2574.949,-0.366,-0.061,-0.122,0.01708,0.02294,1.01318,29.40
$BARO,2574.950,86427.12,29.33
$MAG,2574.951,-0.342,-0.274,-0.903,28.5
$IMU,2574.951,-0.366,-0.061,-0.244,0.01660,0.02197,1.01269,29.42
$IMU,2574.954,-0.244,-0.122,-0.183,0.01611,0.02197,1.01367,29.42
$IMU,2574.956,-0.305,-0.183,-0.244,0.01611,0.02246,1.01416,29.42
$IMU,2574.958,-0.244,-0.305,-0.244,0.01708,0.02148,1.01464,29.42
$MAG,2574.961,-0.336,-0.264,-0.904,28.5
$IMU,2574.961,-0.244,-0.183,-0.183,0.01757,0.02441,1.01513,29.42
$IMU,2574.963,-0.305,-0.183,-0.183,0.01611,0.02441,1.01367,29.42
$IMU,2574.965,-0.305,-0.122,-0.183,0.01806,0.02294,1.01562,29.42
$IMU,2574.968,-0.305,-0.061,-0.183,0.01904,0.02587,1.01416,29.42
$IMU,2574.970,-0.244,-0.183,-0.183,0.01855,0.02246,1.01611,29.42
$MAG,2574.971,-0.334,-0.270,-0.898,28.3
$IMU,2574.972,-0.305,-0.183,-0.183,0.01855,0.02490,1.01269,29.42
$IMU,2574.975,-0.183,-0.183,-0.183,0.01611,0.02294,1.01611,29.42
$IMU,2574.977,-0.244,-0.122,-0.183,0.01611,0.02441,1.01660,29.42
$IMU,2574.979,-0.183,-0.122,-0.183,0.01953,0.02392,1.01318,29.42
$MAG,2574.981,-0.340,-0.268,-0.903,28.3
$IMU,2574.982,-0.122,-0.122,-0.244,0.01953,0.02539,1.01318,29.42
$IMU,2574.984,-0.244,0.000,-0.122,0.02001,0.02685,1.01367,29.42
$IMU,2574.986,-0.244,0.000,-0.183,0.01513,0.02587,1.01464,29.42
$IMU,2574.989,-0.122,-0.061,-0.122,0.01757,0.02490,1.01513,29.39
$MAG,2574.991,-0.340,-0.270,-0.906,28.5
$IMU,2574.991,-0.122,-0.122,-0.183,0.01904,0.02392,1.01367,29.39
$IMU,2574.993,-0.183,-0.122,-0.183,0.01806,0.02099,1.01367,29.39
$IMU,2574.996,-0.244,0.061,-0.122,0.01660,0.02197,1.01416,29.39
$IMU,2574.998,-0.305,0.061,-0.183,0.01416,0.02587,1.01123,29.39
$IMU,2575.000,-0.305,-0.061,-0.183,0.01513,0.02783,1.01269,29.39
$MAG,2575.001,-0.340,-0.270,-0.903,28.3
$IMU,2575.003,-0.244,-0.061,-0.183,0.01123,0.02441,1.01513,29.39
$IMU,2575.005,-0.244,-0.122,-0.244,0.01660,0.02343,1.01416,29.39
$IMU,2575.007,-0.244,-0.244,-0.183,0.01318,0.02490,1.01611,29.39
$IMU,2575.010,-0.366,-0.061,-0.122,0.01611,0.02294,1.01660,29.39
$MAG,2575.011,-0.333,-0.271,-0.900,28.3
$IMU,2575.012,-0.366,-0.183,-0.122,0.01562,0.02294,1.01660,29.39
$IMU,2575.015,-0.366,-0.183,-0.244,0.01513,0.02050,1.01464,29.39
$IMU,2575.017,-0.183,-0.244,-0.183,0.01074,0.02197,1.01611,29.39
$IMU,2575.019,-0.183,-0.244,-0.244,0.01562,0.02441,1.01611,29.39
$MAG,2575.021,-0.334,-0.268,-0.904,28.3
$IMU,2575.022,-0.244,-0.122,-0.244,0.01513,0.02197,1.01318,29.39
$IMU,2575.024,-0.244,-0.122,-0.122,0.01708,0.02392,1.01562,29.39
$IMU,2575.026,-0.183,-0.244,-0.244,0.01757,0.02392,1.01464,29.40
$IMU,2575.029,-0.244,0.000,-0.183,0.01660,0.02343,1.01562,29.40
$IMU,2575.031,-0.183,-0.061,-0.183,0.01708,0.02246,1.01416,29.40
$MAG,2575.031,-0.327,-0.274,-0.907,28.5
$IMU,2575.033,-0.122,-0.244,-0.244,0.01904,0.02539,1.01367,29.40
$IMU,2575.036,-0.061,-0.366,-0.183,0.01562,0.02587,1.01562,29.40
$IMU,2575.038,-0.122,-0.244,-0.183,0.01757,0.02441,1.01318,29.40
$IMU,2575.040,-0.122,-0.244,-0.122,0.01660,0.02587,1.01660,29.40
$MAG,2575.041,-0.348,-0.276,-0.900,28.5
$IMU,2575.043,-0.122,-0.122,-0.183,0.01708,0.02246,1.01611,29.40
$IMU,2575.045,-0.244,-0.183,-0.244,0.02001,0.02294,1.01416,29.38
$IMU,2575.047,-0.244,-0.122,-0.122,0.01757,0.02294,1.01171,29.38
$IMU,2575.050,-0.244,-0.122,-0.183,0.01757,0.02148,1.01269,29.38
$BARO,2575.051,86441.59,29.33
$MAG,2575.052,-0.345,-0.274,-0.913,28.3
$IMU,2575.052,-0.183,-0.244,-0.244,0.01806,0.02148,1.01318,29.38
$IMU,2575.054,-0.244,-0.122,-0.183,0.01562,0.02197,1.01464,29.38
$IMU,2575.057,-0.244,-0.122,-0.183,0.01855,0.02539,1.01318,29.38
$IMU,2575.059,-0.183,-0.183,-0.183,0.01513,0.02539,1.01074,29.38
$IMU,2575.061,-0.244,0.000,-0.183,0.01464,0.02392,1.01269,29.38
$MAG,2575.062,-0.336,-0.274,-0.906,28.3
$IMU,2575.064,-0.305,-0.061,-0.122,0.01611,0.02343,1.01367,29.39
$IMU,2575.066,-0.183,-0.305,-0.183,0.01562,0.02392,1.01318,29.39
$IMU,2575.068,-0.244,-0.183,-0.183,0.01904,0.02197,1.01904,29.39
$IMU,2575.071,-0.183,-0.183,-0.244,0.02050,0.02636,1.01757,29.39
$MAG,2575.072,-0.339,-0.274,-0.903,28.3
$IMU,2575.073,-0.244,-0.061,-0.122,0.01855,0.02197,1.01806,29.39
$IMU,2575.076,-0.244,0.061,-0.183,0.01708,0.02148,1.01562,29.39
$IMU,2575.078,-0.244,-0.122,-0.183,0.01806,0.01953,1.01074,29.39
$IMU,2575.080,-0.183,-0.183,-0.183,0.01318,0.02099,1.01513,29.39
$MAG,2575.082,-0.337,-0.268,-0.901,28.2
$IMU,2575.083,-0.122,-0.122,-0.122,0.01562,0.02148,1.01464,29.39
$IMU,2575.085,-0.183,0.000,-0.122,0.01855,0.02636,1.01513,29.39
$IMU,2575.087,-0.183,-0.061,-0.183,0.01904,0.02587,1.01513,29.39
$IMU,2575.090,-0.122,-0.061,-0.122,0.01708,0.02343,1.01513,29.39
$MAG,2575.092,-0.346,-0.279,-0.900,28.2
$IMU,2575.092,-0.183,-0.183,-0.183,0.01611,0.02294,1.01269,29.39
$IMU,2575.094,-0.244,0.000,-0.183,0.01660,0.02636,1.01416,29.39
$IMU,2575.097,-0.244,-0.122,-0.183,0.01708,0.02539,1.01367,29.39
$IMU,2575.099,-0.244,-0.061,-0.183,0.01708,0.02539,1.01611,29.39
$IMU,2575.101,-0.305,0.000,-0.183,0.01660,0.02441,1.01367,29.41
$MAG,2575.102,-0.342,-0.273,-0.910,28.2
$IMU,2575.104,-0.305,-0.061,-0.122,0.01367,0.02441,1.01513,29.41
$IMU,2575.106,-0.305,-0.122,-0.183,0.01513,0.02539,1.01416,29.41
$IMU,2575.108,-0.305,-0.122,-0.183,0.01513,0.02392,1.01220,29.41
$IMU,2575.111,-0.366,-0.061,-0.244,0.01416,0.02246,1.01025,29.41
$MAG,2575.112,-0.339,-0.277,-0.906,28.5
$IMU,2575.113,-0.366,-0.061,-0.122,0.01318,0.02490,1.01025,29.41
$IMU,2575.115,-0.305,-0.244,-0.183,0.01416,0.01904,1.01171,29.41
$IMU,2575.118,-0.244,-0.305,-0.244,0.01953,0.02490,1.01562,29.41
$IMU,2575.120,-0.244,-0.122,-0.244,0.01757,0.02539,1.01416,29.42
$MAG,2575.122,-0.337,-0.268,-0.900,28.3
$IMU,2575.122,-0.244,-0.061,-0.183,0.01416,0.02148,1.01611,29.42
$IMU,2575.125,-0.366,0.000,-0.183,0.01904,0.02050,1.01855,29.42
$IMU,2575.127,-0.244,-0.183,-0.183,0.01757,0.02197,1.01562,29.42
$IMU,2575.129,-0.183,-0.122,-0.122,0.01611,0.02197,1.01269,29.42
$IMU,2575.132,-0.183,-0.122,-0.183,0.01806,0.02636,1.01269,29.42
$MAG,2575.132,-0.333,-0.273,-0.895,28.3
$IMU,2575.134,-0.122,-0.061,-0.183,0.01806,0.02343,1.01513,29.42
$IMU,2575.136,-0.244,-0.061,-0.122,0.01708,0.02392,1.01660,29.42
$IMU,2575.139,-0.305,0.000,-0.122,0.01904,0.02539,1.01367,29.43
$IMU,2575.141,-0.183,-0.183,-0.183,0.01757,0.02392,1.01171,29.43
$MAG,2575.142,-0.340,-0.271,-0.898,28.2
$IMU,2575.144,-0.183,-0.061,-0.183,0.01855,0.02343,1.01464,29.43
$IMU,2575.146,-0.183,-0.061,-0.183,0.01757,0.02636,1.01074,29.43
$IMU,2575.148,-0.244,-0.122,-0.366,0.02050,0.02880,1.01220,29.43
$IMU,2575.151,-0.427,-0.061,-0.488,0.01220,0.02978,1.01025,29.43
$BARO,2575.153,86423.63,29.33
$MAG,2575.153,-0.336,-0.279,-0.904,28.2
$IMU,2575.153,-0.610,-0.122,-0.793,0.01367,0.03808,1.01171,29.43
$IMU,2575.155,-0.976,0.000,-1.220,0.01513,0.03955,1.01123,29.43
$IMU,2575.158,-1.403,0.000,-1.281,0.01367,0.03710,1.01171,29.44
$IMU,2575.160,-1.831,0.000,-1.159,0.00878,0.03271,1.01123,29.44
$IMU,2575.162,-2.319,-0.183,-1.037,0.00781,0.02392,1.01074,29.44
$MAG,2575.163,-0.336,-0.279,-0.903,28.3
$IMU,2575.165,-2.380,-0.305,-0.976,0.01123,0.02001,1.01025,29.44
$IMU,2575.167,-2.014,-0.854,-0.915,0.01513,0.01416,1.01269,29.44
$IMU,2575.169,-1.586,-0.976,-1.098,0.01806,0.01416,1.01171,29.44
$IMU,2575.172,-1.098,-0.854,-1.281,0.02197,0.01025,1.01220,29.44
$MAG,2575.173,-0.345,-0.270,-0.894,28.5
$IMU,2575.174,-0.793,-0.427,-0.976,0.02587,0.01220,1.01513,29.44
$IMU,2575.176,-0.549,-0.244,-0.732,0.02441,0.01220,1.01220,29.41
$IMU,2575.179,-0.366,0.000,-0.610,0.02490,0.01806,1.01562,29.41
$IMU,2575.181,-0.244,0.366,-0.610,0.02099,0.02050,1.01074,29.41
$MAG,2575.183,-0.337,-0.274,-0.904,28.3
$IMU,2575.183,-0.183,0.366,-0.610,0.01953,0.02636,1.01269,29.41
$IMU,2575.186,0.000,0.366,-0.732,0.01367,0.02246,1.01367,29.41
$IMU,2575.188,0.061,0.183,-0.549,0.01074,0.02246,1.01416,29.41
$IMU,2575.190,-0.061,0.122,-0.671,0.01123,0.02294,1.01660,29.41
$MAG,2575.193,-0.337,-0.271,-0.904,28.3
$IMU,2575.193,-0.244,-0.122,-0.793,0.01367,0.02929,1.01611,29.41
$IMU,2575.195,-0.366,-0.061,-0.732,0.01562,0.02539,1.01562,29.43
$IMU,2575.197,-0.610,0.000,-0.549,0.01806,0.02929,1.01074,29.43
$IMU,2575.200,-0.671,0.061,-0.366,0.01806,0.02636,1.01171,29.43
$IMU,2575.202,-0.915,0.183,-0.244,0.01660,0.03076,1.00830,29.43
$MAG,2575.203,-0.339,-0.265,-0.903,28.3
$IMU,2575.205,-1.037,0.122,-0.366,0.02099,0.03222,1.01123,29.43
$IMU,2575.207,-1.220,0.000,-0.427,0.02539,0.02734,1.01269,29.43
$IMU,2575.209,-1.342,-0.061,-0.244,0.02197,0.02441,1.01318,29.43
$IMU,2575.212,-1.831,0.305,-0.244,0.01318,0.02929,1.01123,29.43
$MAG,2575.213,-0.340,-0.273,-0.903,28.2
$IMU,2575.214,-2.075,0.610,-0.610,0.01367,0.02441,1.01611,29.42
$IMU,2575.216,-2.380,0.427,-0.732,0.01660,0.02197,1.01708,29.42
$HUM,2575.217,37.1,29.7
$IMU,2575.219,-2.319,0.000,-0.732,0.01416,0.01757,1.01220,29.42
$IMU,2575.221,-2.258,-0.122,-0.671,0.01220,0.00927,1.01513,29.42
$MAG,2575.223,-0.339,-0.268,-0.898,28.3
$IMU,2575.223,-1.953,0.244,-0.427,0.00976,0.01074,1.01416,29.42
$IMU,2575.226,-1.525,0.366,-0.488,0.01367,0.02050,1.01269,29.42
$IMU,2575.228,-0.976,0.122,-0.854,0.01611,0.01513,1.02148,29.42
$IMU,2575.230,-0.671,-0.183,-0.488,0.02099,0.00927,1.01904,29.42
$IMU,2575.233,-0.549,-0.366,0.061,0.01757,0.01025,1.02050,29.41
$MAG,2575.233,-0.333,-0.261,-0.903,28.5
$IMU,2575.235,-0.366,0.061,0.427,0.02001,0.01171,1.02246,29.41
$IMU,2575.237,-0.122,0.061,0.549,0.01953,0.00732,1.01953,29.41
$IMU,2575.240,0.000,0.305,0.183,0.02246,0.00781,1.02001,29.41
$IMU,2575.242,0.549,0.549,0.122,0.02294,0.00634,1.01855,29.41
$MAG,2575.243,-0.339,-0.267,-0.907,28.3
$IMU,2575.244,1.220,0.488,0.610,0.01855,0.01708,1.01562,29.41
$IMU,2575.247,1.586,0.671,0.671,0.01220,0.02539,1.01660,29.41
$IMU,2575.249,1.586,0.549,0.671,0.01318,0.02734,1.01806,29.41
$IMU,2575.251,1.159,0.244,0.549,0.01269,0.03125,1.01318,29.40
$MAG,2575.253,-0.333,-0.265,-0.907,28.5
$BARO,2575.254,86425.80,29.34
$IMU,2575.254,0.793,-0.061,0.366,0.01269,0.03662,1.01464,29.40
$IMU,2575.256,0.488,-0.488,0.244,0.01367,0.03417,1.01318,29.40
$IMU,2575.258,0.183,-0.488,0.305,0.01562,0.03369,1.01220,29.40
$IMU,2575.261,-0.366,0.244,0.305,0.01318,0.03173,1.01367,29.40
$IMU,2575.263,-0.793,0.549,0.122,0.01513,0.02392,1.00976,29.40
$MAG,2575.264,-0.339,-0.277,-0.904,28.2
$IMU,2575.266,-1.037,0.122,-0.122,0.01562,0.01953,1.00585,29.40
$IMU,2575.268,-0.976,-0.122,-0.244,0.01025,0.01953,1.00097,29.40
$IMU,2575.270,-0.671,-0.122,-0.183,0.01318,0.01269,1.00341,29.44
$IMU,2575.273,-0.305,0.183,0.061,0.01171,0.00976,1.00878,29.44
$MAG,2575.274,-0.340,-0.271,-0.903,28.2
$IMU,2575.275,0.122,0.183,0.244,0.01464,0.01318,1.01123,29.44
$IMU,2575.277,0.610,-0.183,0.610,0.01611,0.01660,1.01074,29.44
$IMU,2575.280,0.915,-0.732,1.037,0.01855,0.02343,1.01318,29.44
$IMU,2575.282,1.037,-1.037,1.525,0.02148,0.01953,1.01416,29.44
$IMU,2575.284,0.549,-0.976,1.464,0.02099,0.02783,1.01660,29.44
$MAG,2575.284,-0.339,-0.271,-0.901,28.3
$IMU,2575.287,0.183,-0.183,0.854,0.01660,0.02392,1.02441,29.44
$IMU,2575.289,-0.122,0.366,0.305,0.02197,0.01220,1.02001,29.44
$IMU,2575.291,-0.122,0.732,0.183,0.02050,0.01269,1.01513,29.44
$MAG,2575.294,-0.342,-0.271,-0.895,28.3
$IMU,2575.294,0.366,0.732,0.366,0.02490,0.00781,1.01074,29.44
$IMU,2575.296,0.976,0.671,0.610,0.01855,0.01416,1.01318,29.44
$IMU,2575.298,1.464,0.488,0.793,0.01562,0.01953,1.01660,29.44
$IMU,2575.301,1.464,0.366,1.098,0.01318,0.02441,1.01904,29.44
$IMU,2575.303,1.342,0.244,1.098,0.01074,0.03125,1.02001,29.44
$MAG,2575.304,-0.343,-0.265,-0.904,28.3
$IMU,2575.305,1.220,0.244,0.915,0.01318,0.03076,1.01904,29.44
$IMU,2575.308,0.854,0.488,0.793,0.01269,0.03271,1.01855,29.42
$IMU,2575.310,0.427,0.549,0.610,0.01220,0.03076,1.01464,29.42
$IMU,2575.312,-0.183,0.305,0.366,0.01025,0.02392,1.01074,29.42
$MAG,2575.314,-0.339,-0.274,-0.898,28.5
$IMU,2575.315,-0.488,0.061,0.183,0.01269,0.01660,1.01171,29.42
$IMU,2575.317,-0.244,-0.122,-0.061,0.01953,0.02392,1.01074,29.42
$IMU,2575.319,0.488,0.122,-0.061,0.01367,0.02246,1.01464,29.42
$IMU,2575.322,0.793,0.183,0.122,0.00927,0.02246,1.01708,29.42
$MAG,2575.324,-0.345,-0.273,-0.901,28.3
$IMU,2575.324,0.366,0.183,0.061,0.00976,0.02929,1.01708,29.42
$IMU,2575.327,0.000,0.244,-0.305,0.01318,0.02929,1.02197,29.43
$IMU,2575.329,0.000,0.122,-0.366,0.01806,0.03271,1.02099,29.43
$IMU,2575.331,-0.122,-0.122,-0.122,0.01806,0.02783,1.02441,29.43
$MAG,2575.334,-0.339,-0.270,-0.909,28.3
$IMU,2575.334,-0.366,-0.366,0.122,0.01416,0.02880,1.02685,29.43
$IMU,2575.336,-0.854,-0.244,-0.122,0.01464,0.02294,1.02539,29.43
$IMU,2575.338,-1.281,0.244,-0.549,0.01513,0.02099,1.02539,29.43
$IMU,2575.341,-1.342,0.854,-0.793,0.01855,0.01611,1.01611,29.43
$IMU,2575.343,-0.793,0.793,-0.610,0.01367,0.01220,1.00976,29.43
$MAG,2575.344,-0.333,-0.271,-0.897,28.3
$IMU,2575.345,-0.183,0.305,-0.244,0.01269,0.01269,1.00732,29.44
$IMU,2575.348,0.305,-0.122,-0.061,0.01074,0.01513,1.01220,29.44
$IMU,2575.350,0.366,-0.061,-0.061,0.01660,0.01562,1.01123,29.44
$IMU,2575.352,0.366,-0.061,0.122,0.01611,0.02001,1.01562,29.44
$MAG,2575.354,-0.339,-0.276,-0.903,28.5
$BARO,2575.355,86431.70,29.33
$IMU,2575.355,0.366,0.122,0.061,0.01660,0.02490,1.01806,29.44
$IMU,2575.357,0.244,0.549,-0.122,0.01708,0.02392,1.01757,29.44
$IMU,2575.359,0.061,0.427,-0.244,0.02099,0.02099,1.01660,29.44
$IMU,2575.362,-0.061,0.488,-0.305,0.01855,0.01855,1.01220,29.44
$IMU,2575.364,0.000,0.366,-0.366,0.01562,0.02001,1.01220,29.42
$MAG,2575.365,-0.342,-0.268,-0.906,28.2
$IMU,2575.366,0.183,0.488,-0.488,0.01318,0.01904,1.01269,29.42
$IMU,2575.369,0.427,0.305,-0.427,0.01708,0.02050,1.00878,29.42
$IMU,2575.371,0.427,0.183,-0.244,0.01562,0.02001,1.00976,29.42
$IMU,2575.373,0.488,0.061,-0.122,0.01562,0.02343,1.00927,29.42
$MAG,2575.375,-0.339,-0.262,-0.901,28.3
$IMU,2575.376,0.488,0.183,-0.122,0.01513,0.02441,1.01074,29.42
$IMU,2575.378,0.305,0.244,-0.122,0.01611,0.02880,1.01416,29.42
$IMU,2575.380,0.183,0.000,-0.183,0.01318,0.02783,1.00781,29.42
$IMU,2575.383,0.000,0.000,-0.183,0.01171,0.02539,1.00683,29.41
$MAG,2575.385,-0.340,-0.280,-0.906,28.2
$IMU,2575.385,-0.244,0.000,-0.183,0.01269,0.02685,1.00830,29.41
$IMU,2575.388,-0.366,-0.061,-0.244,0.01464,0.02392,1.01074,29.41
$IMU,2575.390,-0.244,-0.061,-0.305,0.01953,0.02099,1.01025,29.41
$IMU,2575.392,-0.061,-0.183,-0.305,0.01660,0.02099,1.01171,29.41
$MAG,2575.395,-0.340,-0.268,-0.897,28.3
$IMU,2575.395,0.122,-0.183,-0.244,0.01708,0.02099,1.01269,29.41
$IMU,2575.397,0.305,-0.122,-0.244,0.01757,0.02050,1.01171,29.41
$IMU,2575.399,0.305,-0.061,-0.244,0.01708,0.02001,1.01318,29.41
$IMU,2575.402,0.183,0.305,-0.183,0.01269,0.02099,1.01464,29.36
$IMU,2575.404,0.000,0.305,-0.183,0.01220,0.02294,1.01269,29.36
$MAG,2575.405,-0.340,-0.279,-0.898,28.3
$IMU,2575.406,-0.061,0.183,-0.244,0.01171,0.02734,1.01367,29.36
$IMU,2575.409,0.000,-0.122,-0.244,0.00976,0.02441,1.01123,29.36
$IMU,2575.411,0.061,-0.183,-0.366,0.01269,0.02099,1.00781,29.36
$IMU,2575.413,0.061,-0.427,-0.305,0.01318,0.02197,1.01123,29.36
$MAG,2575.415,-0.336,-0.277,-0.901,28.3
$IMU,2575.416,0.000,-0.427,-0.183,0.01464,0.02392,1.00976,29.36
$IMU,2575.418,0.000,-0.366,-0.183,0.01855,0.02685,1.01269,29.36
$IMU,2575.420,0.061,-0.549,-0.122,0.02050,0.02539,1.01416,29.42
$IMU,2575.423,0.061,-0.549,-0.122,0.02197,0.02734,1.01464,29.42
$MAG,2575.425,-0.339,-0.271,-0.900,28.3
$IMU,2575.425,-0.122,-0.244,-0.183,0.01757,0.02441,1.01416,29.42
$IMU,2575.427,-0.244,0.000,-0.244,0.01806,0.02343,1.01513,29.42
$IMU,2575.430,-0.244,0.061,-0.305,0.01660,0.02636,1.01220,29.42
$IMU,2575.432,-0.366,0.000,-0.244,0.01855,0.02294,1.01367,29.42
$IMU,2575.434,-0.427,0.000,-0.183,0.01367,0.02294,1.01513,29.42
$MAG,2575.435,-0.339,-0.276,-0.912,28.2
$IMU,2575.437,-0.427,0.061,-0.183,0.01171,0.02148,1.01611,29.42
$IMU,2575.439,-0.305,-0.061,-0.244,0.00976,0.02001,1.01757,29.42
$IMU,2575.441,-0.305,-0.244,-0.183,0.01171,0.02392,1.01757,29.42
$IMU,2575.444,-0.244,-0.366,-0.244,0.01806,0.02246,1.01806,29.42
$MAG,2575.445,-0.337,-0.274,-0.901,28.2
$IMU,2575.446,-0.122,-0.366,-0.183,0.01953,0.02050,1.01708,29.42
$IMU,2575.449,0.000,-0.366,-0.183,0.01953,0.02343,1.01660,29.42
$IMU,2575.451,0.061,-0.183,-0.122,0.01757,0.02197,1.01757,29.42
$IMU,2575.453,0.000,0.000,-0.183,0.02001,0.02539,1.02001,29.42
$MAG,2575.455,-0.345,-0.276,-0.903,28.3
$IMU,2575.456,0.000,0.122,-0.122,0.02001,0.02490,1.01757,29.42
$BARO,2575.457,86431.65,29.34
$IMU,2575.458,-0.061,0.244,-0.183,0.01757,0.02587,1.01757,29.46
$IMU,2575.460,-0.122,0.061,-0.183,0.01660,0.02539,1.01611,29.46
$IMU,2575.463,-0.122,0.183,-0.244,0.01220,0.02490,1.01367,29.46
$IMU,2575.465,-0.183,0.183,-0.244,0.01513,0.02783,1.01367,29.46
$MAG,2575.466,-0.343,-0.271,-0.898,28.5
$IMU,2575.467,-0.244,0.122,-0.244,0.01562,0.02343,1.01318,29.46
$IMU,2575.470,-0.305,-0.061,-0.244,0.01074,0.02343,1.01416,29.46
$IMU,2575.472,-0.244,-0.183,-0.183,0.01318,0.02001,1.01318,29.46
$IMU,2575.474,-0.244,-0.305,-0.183,0.01171,0.02197,1.01171,29.46
$MAG,2575.476,-0.339,-0.273,-0.895,28.3
$IMU,2575.477,-0.305,-0.122,-0.122,0.01220,0.02490,1.01074,29.43
$IMU,2575.479,-0.305,-0.061,-0.183,0.01269,0.02392,1.01708,29.43
$IMU,2575.481,-0.244,0.000,-0.244,0.01660,0.02636,1.01611,29.43
$IMU,2575.484,-0.244,0.000,-0.244,0.01513,0.02636,1.01123,29.43
$MAG,2575.486,-0.346,-0.261,-0.898,28.2
$IMU,2575.486,-0.305,0.000,-0.122,0.01562,0.02343,1.01074,29.43
$IMU,2575.488,-0.244,-0.305,-0.122,0.01318,0.02490,1.01171,29.43
$IMU,2575.491,-0.427,-0.183,-0.183,0.01757,0.02148,1.01123,29.43
$IMU,2575.493,-0.427,-0.122,-0.183,0.01757,0.02197,1.01416,29.43
$IMU,2575.495,-0.305,-0.183,-0.244,0.01660,0.01953,1.01367,29.44
$MAG,2575.496,-0.327,-0.276,-0.906,28.3
$IMU,2575.498,-0.122,-0.244,-0.183,0.01904,0.02490,1.01416,29.44
$IMU,2575.500,0.000,-0.061,-0.061,0.01464,0.02099,1.01562,29.44
$IMU,2575.502,-0.122,0.000,-0.122,0.01708,0.02294,1.01660,29.44
$IMU,2575.505,-0.122,-0.183,-0.061,0.01171,0.02490,1.01708,29.44
$MAG,2575.506,-0.336,-0.268,-0.901,28.5
$IMU,2575.507,-0.122,-0.183,-0.122,0.02001,0.02294,1.01513,29.44
$IMU,2575.510,-0.061,-0.305,-0.122,0.01708,0.02392,1.01367,29.44
$IMU,2575.512,-0.061,-0.183,-0.183,0.01464,0.02294,1.01562,29.44
$IMU,2575.514,-0.061,-0.061,-0.122,0.01904,0.02441,1.01660,29.42
$MAG,2575.516,-0.339,-0.270,-0.898,28.3
$IMU,2575.517,-0.183,0.061,-0.183,0.01660,0.02294,1.01562,29.42
$IMU,2575.519,-0.427,-0.122,-0.183,0.01806,0.02050,1.00732,29.42
$IMU,2575.521,-1.159,-0.610,-0.122,0.01855,0.02539,1.00292,29.42
$IMU,2575.524,-1.464,-0.549,-0.122,0.02148,0.02343,1.00244,29.42
$MAG,2575.526,-0.336,-0.273,-0.904,28.5
$IMU,2575.526,-1.220,-0.305,-0.244,0.02197,0.02148,1.00878,29.42
$IMU,2575.528,-0.732,-0.122,-0.305,0.02197,0.01953,1.01269,29.42
$IMU,2575.531,-0.244,-0.122,-0.183,0.01904,0.01708,1.01855,29.42
$IMU,2575.533,0.183,-0.305,-0.183,0.01562,0.01757,1.02050,29.41
$IMU,2575.535,0.488,-0.122,-0.305,0.01513,0.02441,1.02148,29.41
$MAG,2575.536,-0.340,-0.276,-0.906,28.2
$IMU,2575.538,0.610,-0.122,-0.366,0.01367,0.02294,1.01953,29.41
$IMU,2575.540,0.549,-0.183,-0.366,0.01513,0.02685,1.01708,29.41
$IMU,2575.542,0.305,-0.122,-0.366,0.01562,0.02441,1.02001,29.41
$IMU,2575.545,0.122,0.000,-0.061,0.01171,0.02441,1.02050,29.41
$MAG,2575.546,-0.342,-0.274,-0.901,28.3
$IMU,2575.547,0.061,-0.061,0.061,0.00878,0.02783,1.01708,29.41
$IMU,2575.549,-0.183,0.000,-0.122,0.01123,0.02587,1.01513,29.41
$IMU,2575.552,-0.183,0.061,-0.122,0.01367,0.02343,1.01513,29.44
$IMU,2575.554,-0.061,0.122,-0.122,0.01416,0.02246,1.01660,29.44
$MAG,2575.556,-0.343,-0.273,-0.903,28.3
$IMU,2575.556,0.061,0.183,-0.183,0.01562,0.02050,1.01562,29.44
$BARO,2575.558,86429.16,29.34
$IMU,2575.559,0.305,0.183,-0.183,0.01074,0.02246,1.02050,29.44
$IMU,2575.561,0.488,0.122,-0.183,0.01513,0.02392,1.01953,29.44
$IMU,2575.563,0.488,0.183,-0.244,0.01660,0.02148,1.01904,29.44
$IMU,2575.566,0.427,0.244,0.061,0.01513,0.02294,1.01416,29.44
$MAG,2575.567,-0.339,-0.265,-0.901,28.2
$IMU,2575.568,0.366,0.305,0.000,0.01464,0.02685,1.01318,29.44
$IMU,2575.571,0.305,0.305,-0.122,0.01318,0.02587,1.00781,29.39
$IMU,2575.573,0.061,0.305,-0.183,0.01171,0.02636,1.00830,29.39
$IMU,2575.575,-0.122,0.122,-0.183,0.01269,0.02929,1.00732,29.39
$MAG,2575.577,-0.346,-0.271,-0.904,28.3
$IMU,2575.578,-0.305,-0.122,-0.183,0.01171,0.02978,1.00830,29.39
$IMU,2575.580,-0.366,-0.427,-0.122,0.01318,0.02636,1.01074,29.39
$IMU,2575.582,-0.366,-0.366,-0.122,0.01416,0.01953,1.01562,29.39
$IMU,2575.585,-0.183,-0.305,-0.305,0.01660,0.02099,1.01318,29.39
$MAG,2575.587,-0.334,-0.271,-0.904,28.2
$IMU,2575.587,-0.305,-0.305,-0.122,0.01464,0.02343,1.01269,29.39
$IMU,2575.589,-0.427,-0.122,-0.122,0.01611,0.02294,1.01562,29.44
$IMU,2575.592,-0.366,-0.122,-0.183,0.01513,0.02050,1.01074,29.44
$IMU,2575.594,-0.366,-0.122,-0.305,0.01318,0.02246,1.01513,29.44
$IMU,2575.596,-0.122,-0.305,-0.305,0.01318,0.02246,1.01660,29.44
$MAG,2575.597,-0.339,-0.265,-0.906,28.3
$IMU,2575.599,0.000,-0.366,-0.122,0.01025,0.02246,1.01513,29.44
$IMU,2575.601,0.061,-0.427,-0.122,0.01464,0.02783,1.01562,29.44
$IMU,2575.603,-0.061,-0.183,-0.183,0.01611,0.02587,1.01562,29.44
$IMU,2575.606,-0.244,-0.183,-0.183,0.01708,0.02783,1.01367,29.44
$MAG,2575.607,-0.343,-0.279,-0.906,28.2
$IMU,2575.608,-0.366,-0.122,-0.183,0.01562,0.02343,1.01708,29.42
$IMU,2575.610,-0.305,-0.183,-0.183,0.01611,0.02539,1.01953,29.42
$IMU,2575.613,-0.305,-0.122,-0.244,0.01757,0.02490,1.01806,29.42
$IMU,2575.615,-0.427,-0.183,-0.305,0.01513,0.02685,1.01757,29.42
$MAG,2575.617,-0.336,-0.273,-0.909,28.3
$IMU,2575.617,-0.732,0.000,-0.244,0.01757,0.02539,1.01513,29.42
$IMU,2575.620,-0.854,-0.061,-0.183,0.01123,0.02539,1.01513,29.42
$IMU,2575.622,-0.732,-0.305,-0.244,0.01513,0.02636,1.01416,29.42
$IMU,2575.624,-0.671,-0.305,-0.366,0.01464,0.02246,1.01416,29.42
$MAG,2575.627,-0.348,-0.267,-0.901,28.3
$IMU,2575.627,-0.732,-0.122,-0.366,0.01708,0.02246,1.01123,29.42
$TIME,2575.628,463098.000,2399
$IMU,2575.629,-0.671,-0.183,-0.244,0.01318,0.02441,1.01269,29.42
$IMU,2575.631,-0.732,-0.122,-0.183,0.01367,0.02148,1.01269,29.42
$IMU,2575.634,-0.671,-0.244,-0.244,0.01318,0.02343,1.01171,29.42
$IMU,2575.636,-0.732,-0.244,-0.183,0.01367,0.02539,1.01220,29.42
$MAG,2575.637,-0.343,-0.277,-0.898,28.5
$IMU,2575.639,-0.610,-0.366,-0.183,0.01367,0.01855,1.01123,29.42
$IMU,2575.641,-0.549,-0.122,-0.061,0.01269,0.02001,1.01708,29.42
$IMU,2575.643,-0.305,-0.061,-0.061,0.01708,0.02343,1.01708,29.42
$IMU,2575.646,-0.061,-0.305,-0.183,0.01806,0.02246,1.01367,29.43
$MAG,2575.647,-0.339,-0.268,-0.906,28.2
$IMU,2575.648,0.061,-0.244,-0.244,0.01806,0.02246,1.01611,29.43
$IMU,2575.650,0.061,0.000,-0.183,0.01757,0.02050,1.01757,29.43
$IMU,2575.653,0.122,0.000,-0.183,0.02197,0.02050,1.01464,29.43
$IMU,2575.655,0.183,0.122,-0.183,0.02148,0.02294,1.01318,29.43
$MAG,2575.657,-0.342,-0.276,-0.906,28.2
$IMU,2575.657,0.122,0.122,-0.183,0.01757,0.02343,1.01123,29.43
$BARO,2575.660,86427.29,29.35
$IMU,2575.660,-0.244,0.549,-0.183,0.01757,0.02441,1.01074,29.43
$IMU,2575.662,-0.305,0.305,-0.122,0.01416,0.02246,1.00830,29.43
$IMU,2575.664,-0.366,0.183,-0.122,0.01220,0.02099,1.00927,29.42
$IMU,2575.667,-0.183,-0.305,-0.183,0.01513,0.02392,1.00634,29.42
$MAG,2575.668,-0.337,-0.268,-0.900,28.3
$IMU,2575.669,-0.122,-0.366,-0.183,0.01318,0.02050,1.00683,29.42
$IMU,2575.671,-0.122,-0.366,-0.122,0.01464,0.02148,1.01025,29.42
$IMU,2575.674,0.061,-0.488,-0.122,0.01708,0.02343,1.01074,29.42
$IMU,2575.676,0.183,-0.427,-0.183,0.01953,0.02539,1.01171,29.42
$MAG,2575.678,-0.336,-0.270,-0.904,28.3
$IMU,2575.678,0.000,-0.305,-0.122,0.01660,0.02490,1.01318,29.42
$IMU,2575.681,-0.122,-0.366,-0.183,0.02148,0.02539,1.01318,29.42
$IMU,2575.683,-0.183,-0.244,-0.244,0.02099,0.02246,1.01123,29.44
$IMU,2575.685,0.244,0.244,-0.427,0.02392,0.01367,1.00390,29.44
$MAG,2575.688,-0.343,-0.271,-0.900,28.3
$IMU,2575.688,1.220,0.366,-0.366,0.02490,0.00927,1.00146,29.44
$IMU,2575.690,2.136,0.732,-0.061,0.02343,0.00976,1.00146,29.44
$IMU,2575.692,2.746,0.854,0.061,0.01562,0.01318,1.00244,29.44
$IMU,2575.695,2.807,0.610,0.183,0.01220,0.01806,1.01123,29.44
$IMU,2575.697,2.807,-0.061,0.061,0.01269,0.02343,1.01660,29.44
$MAG,2575.698,-0.337,-0.273,-0.916,28.3
$IMU,2575.700,2.685,-0.122,-0.122,0.00976,0.02490,1.01855,29.44
$IMU,2575.702,2.624,0.000,-0.183,0.01074,0.02294,1.01855,29.41
$IMU,2575.704,2.685,0.061,-0.183,0.01904,0.02685,1.01806,29.41
$IMU,2575.707,2.807,0.305,-0.183,0.01806,0.02929,1.01464,29.41
$MAG,2575.708,-0.340,-0.268,-0.901,28.3
$IMU,2575.709,2.563,0.549,-0.183,0.02099,0.02490,1.01464,29.41
$IMU,2575.711,2.502,0.610,-0.061,0.01953,0.02636,1.01269,29.41
$IMU,2575.714,2.502,0.366,-0.061,0.02099,0.02636,1.01416,29.41
$IMU,2575.716,2.380,0.549,-0.061,0.02294,0.02734,1.01562,29.41
$MAG,2575.718,-0.330,-0.276,-0.904,28.3
$IMU,2575.718,2.258,0.854,0.000,0.01660,0.02880,1.01660,29.41
$IMU,2575.721,2.380,0.915,0.000,0.01416,0.02343,1.01757,29.42
$IMU,2575.723,2.441,0.976,-0.061,0.01416,0.02636,1.01611,29.42
$IMU,2575.725,2.319,0.915,-0.061,0.01171,0.02490,1.01806,29.42
$MAG,2575.728,-0.342,-0.267,-0.897,28.2
$IMU,2575.728,2.319,0.671,-0.183,0.01318,0.02832,1.01855,29.42
$IMU,2575.730,2.319,0.549,-0.244,0.00781,0.02832,1.01708,29.42
$IMU,2575.732,2.136,0.854,-0.122,0.01074,0.02685,1.01269,29.42
$IMU,2575.735,2.014,0.610,0.061,0.00830,0.02832,1.01464,29.42
$IMU,2575.737,2.136,0.305,0.061,0.00781,0.02734,1.01464,29.42
$MAG,2575.738,-0.343,-0.271,-0.903,28.3
$IMU,2575.739,2.075,0.122,0.122,0.01367,0.02880,1.01318,29.42
$IMU,2575.742,2.014,-0.122,0.061,0.01318,0.03173,1.01855,29.42
$IMU,2575.744,1.831,-0.183,-0.061,0.01367,0.02929,1.02001,29.42
$IMU,2575.746,1.464,-0.122,-0.061,0.01464,0.02539,1.01611,29.42
$MAG,2575.748,-0.334,-0.276,-0.904,28.1
$IMU,2575.749,1.037,-0.122,-0.061,0.01660,0.02783,1.01611,29.42
$IMU,2575.751,0.732,-0.183,-0.183,0.01318,0.03417,1.01611,29.42
$IMU,2575.753,0.488,0.061,-0.366,0.01025,0.03222,1.01269,29.42
$IMU,2575.756,0.183,0.183,-0.488,0.00830,0.02929,1.01171,29.42
$MAG,2575.758,-0.340,-0.274,-0.913,28.3
$IMU,2575.758,0.061,-0.061,-0.610,0.00878,0.03076,1.00878,29.46
$BARO,2575.761,86435.16,29.35
$IMU,2575.761,0.000,-0.488,-0.671,0.00927,0.02978,1.00488,29.46
$IMU,2575.763,-0.122,-0.793,-0.549,0.00878,0.02880,1.00585,29.46
$IMU,2575.765,-0.488,-0.854,-0.610,0.01074,0.02783,1.00781,29.46
$IMU,2575.768,-0.549,-1.159,-0.671,0.01855,0.02636,1.00683,29.46
$MAG,2575.769,-0.334,-0.271,-0.903,28.1
$IMU,2575.770,-0.549,-1.098,-0.732,0.02148,0.02978,1.00781,29.46
$IMU,2575.772,-0.549,-1.098,-0.732,0.01953,0.02587,1.01025,29.46
$IMU,2575.775,-0.488,-0.976,-0.732,0.01855,0.02490,1.01025,29.46
$IMU,2575.777,-0.488,-0.854,-0.549,0.02001,0.02441,1.01171,29.43
$MAG,2575.779,-0.333,-0.273,-0.903,28.5
$IMU,2575.779,-0.488,-0.610,-0.427,0.01708,0.02343,1.01757,29.43
$IMU,2575.782,-0.244,-0.671,-0.427,0.01513,0.02539,1.01513,29.43
$IMU,2575.784,-0.183,-0.549,-0.366,0.01611,0.02392,1.01660,29.43
$IMU,2575.786,0.000,-0.793,-0.427,0.01611,0.02441,1.01806,29.43
$MAG,2575.789,-0.334,-0.270,-0.897,28.2
$IMU,2575.789,-0.183,-0.488,-0.488,0.01171,0.02294,1.01416,29.43
$IMU,2575.791,-0.244,-0.427,-0.488,0.01220,0.02587,1.01464,29.43
$IMU,2575.793,0.000,-0.610,-0.366,0.01611,0.02832,1.01953,29.43
$IMU,2575.796,-0.061,-0.305,-0.366,0.01318,0.02490,1.01367,29.42
$IMU,2575.798,-0.122,-0.488,-0.244,0.01464,0.02929,1.01220,29.42
$MAG,2575.799,-0.337,-0.282,-0.901,28.3
$IMU,2575.800,-0.183,-0.915,-0.122,0.01367,0.03125,1.01855,29.42
$IMU,2575.803,-0.488,-0.976,-0.244,0.01904,0.02978,1.02099,29.42
$IMU,2575.805,-0.671,-0.915,-0.183,0.01367,0.03417,1.02050,29.42
$IMU,2575.807,-0.976,-0.732,-0.305,0.01220,0.03222,1.02197,29.42
$MAG,2575.809,-0.330,-0.270,-0.901,28.3
$IMU,2575.810,-1.342,-0.854,-0.061,0.02099,0.03125,1.02539,29.42
$IMU,2575.812,-1.831,-1.403,0.000,0.01953,0.02880,1.03125,29.42
$IMU,2575.814,-2.502,-1.403,-0.122,0.02294,0.03125,1.03027,29.44
$IMU,2575.817,-2.929,-0.854,-0.122,0.01855,0.03417,1.02685,29.44
$MAG,2575.819,-0.337,-0.273,-0.904,28.5
$IMU,2575.819,-2.746,-0.183,0.183,0.01464,0.03222,1.02343,29.44
$IMU,2575.822,-2.563,-0.427,0.427,0.01904,0.02783,1.02197,29.44
$IMU,2575.824,-2.685,-1.098,0.061,0.01660,0.02441,1.01953,29.44
$IMU,2575.826,-2.929,-0.610,-0.244,0.01025,0.02441,1.01660,29.44
$MAG,2575.829,-0.330,-0.289,-0.903,28.2
$IMU,2575.829,-2.685,-0.305,-0.061,0.01269,0.02490,1.00976,29.44
$IMU,2575.831,-2.075,-0.122,0.183,0.01074,0.02636,1.00878,29.44
$IMU,2575.833,-1.708,-0.305,0.244,0.01171,0.01806,1.01318,29.44
$VBAT,2575.834,4.122
$IMU,2575.836,-1.892,-0.122,0.244,0.01220,0.01318,1.01123,29.44
$IMU,2575.838,-2.014,-0.122,0.061,0.01123,0.01367,1.00830,29.44
$MAG,2575.839,-0.337,-0.273,-0.901,28.3
$IMU,2575.840,-1.525,-0.366,0.122,0.01220,0.01367,1.01025,29.44
$IMU,2575.843,-1.037,-0.061,0.427,0.01416,0.00927,1.01562,29.44
$IMU,2575.845,-0.427,-0.183,0.549,0.01513,0.02050,1.01220,29.44
$IMU,2575.847,0.305,0.122,0.488,0.01318,0.02783,1.00878,29.44
$MAG,2575.849,-0.334,-0.268,-0.903,28.5
$IMU,2575.850,0.610,0.122,0.488,0.01171,0.02246,1.01171,29.44
$IMU,2575.852,0.305,-0.122,0.427,0.01464,0.02343,1.01660,29.42
$IMU,2575.854,-0.366,-0.366,0.122,0.01611,0.02441,1.01367,29.42
$IMU,2575.857,-0.854,-0.183,0.000,0.01367,0.02392,1.01367,29.42
$MAG,2575.859,-0.337,-0.280,-0.900,28.3
$IMU,2575.859,-0.976,0.122,0.244,0.01708,0.02441,1.00927,29.42
$IMU,2575.861,-0.610,-0.061,0.366,0.01464,0.03271,1.00585,29.42
$BARO,2575.863,86424.99,29.35
$IMU,2575.864,-0.244,0.061,0.305,0.01025,0.02929,1.00927,29.42
$IMU,2575.866,-0.244,0.244,0.244,0.01416,0.02392,1.01269,29.42
$IMU,2575.868,-0.305,-0.122,0.183,0.01074,0.02929,1.00878,29.42
$MAG,2575.870,-0.345,-0.267,-0.901,28.5
$IMU,2575.871,-0.488,-0.061,0.183,0.02050,0.02490,1.00683,29.42
$IMU,2575.873,-0.732,-0.488,0.061,0.01611,0.02636,1.00781,29.42
$IMU,2575.875,-0.976,-0.305,-0.183,0.01464,0.02441,1.00927,29.42
$IMU,2575.878,-0.915,-0.122,-0.061,0.01904,0.01953,1.01025,29.42
$MAG,2575.880,-0.346,-0.274,-0.907,28.5
$IMU,2575.880,-0.793,0.183,0.122,0.01806,0.02636,1.00292,29.42
$IMU,2575.883,-0.366,0.000,0.244,0.01660,0.02539,1.00585,29.42
$IMU,2575.885,-0.122,-0.183,0.244,0.01611,0.02539,1.00585,29.42
$IMU,2575.887,-0.183,-0.122,0.122,0.01513,0.02783,1.00732,29.42
$MAG,2575.890,-0.336,-0.276,-0.912,28.5
$IMU,2575.890,-0.366,0.000,0.000,0.01611,0.02587,1.01025,29.44
$IMU,2575.892,-0.732,-0.915,0.061,0.02539,0.02343,1.02783,29.44
$IMU,2575.894,-2.258,-2.319,0.366,0.02392,0.01904,1.04003,29.44
$IMU,2575.897,-2.990,-0.610,0.244,0.01953,0.02490,1.02929,29.44
$IMU,2575.899,-2.136,1.281,0.244,0.01318,0.03466,1.01513,29.44
$MAG,2575.900,-0.345,-0.271,-0.895,28.5
$IMU,2575.901,-0.488,1.464,0.427,0.00683,0.04199,1.00732,29.44
$IMU,2575.904,0.305,0.305,0.244,0.00878,0.02685,1.00976,29.44
$IMU,2575.906,-0.305,-0.915,-0.305,0.00537,0.02392,1.01416,29.44
$IMU,2575.908,-1.403,-1.464,-0.854,0.01318,0.01904,1.01123,29.47
$MAG,2575.910,-0.339,-0.277,-0.901,28.2
$IMU,2575.911,-1.647,-1.098,-0.793,0.01562,0.01855,1.00830,29.47
$IMU,2575.913,-1.342,-0.488,-0.244,0.01367,0.02148,1.01123,29.47
$IMU,2575.915,-1.037,-0.122,0.122,0.01318,0.02148,1.01123,29.47
$IMU,2575.918,-0.610,0.061,0.122,0.00927,0.02148,1.00292,29.47
$MAG,2575.920,-0.333,-0.271,-0.898,28.5
$IMU,2575.920,-0.366,0.000,0.061,0.00488,0.02197,0.99853,29.47
$IMU,2575.922,-0.122,-0.793,-0.061,0.00878,0.02148,1.00390,29.47
$IMU,2575.925,-0.305,-1.831,-0.183,0.01367,0.02539,1.01318,29.47
$IMU,2575.927,-0.427,-2.075,-0.366,0.01513,0.02392,1.01464,29.45
$IMU,2575.929,-0.244,-2.075,-0.488,0.02001,0.02490,1.01416,29.45
$MAG,2575.930,-0.345,-0.265,-0.898,28.5
$IMU,2575.932,-0.122,-1.831,-0.488,0.02246,0.02050,1.01416,29.45
$IMU,2575.934,-0.122,-1.647,-0.244,0.02246,0.02490,1.01708,29.45
$IMU,2575.936,-0.122,-1.708,0.000,0.02050,0.02978,1.01367,29.45
$IMU,2575.939,-0.122,-1.220,-0.183,0.01513,0.02880,1.01269,29.45
$MAG,2575.940,-0.331,-0.271,-0.909,28.2
$IMU,2575.941,0.183,-0.732,-0.427,0.01464,0.02783,1.00781,29.45
$IMU,2575.944,0.488,-0.732,-0.366,0.01171,0.03027,1.00976,29.45
$IMU,2575.946,0.305,-0.671,-0.122,0.01220,0.02832,1.01025,29.42
$IMU,2575.948,-0.183,-0.549,0.061,0.01074,0.02685,1.01220,29.42
$MAG,2575.950,-0.343,-0.271,-0.898,28.2
$IMU,2575.951,-0.732,-0.976,0.183,0.01123,0.02978,1.01611,29.42
$IMU,2575.953,-1.403,-1.220,0.122,0.01416,0.02880,1.01855,29.42
$IMU,2575.955,-1.953,-1.403,0.061,0.01269,0.03173,1.02783,29.42
$IMU,2575.958,-2.502,-1.831,0.061,0.01074,0.03515,1.03222,29.42
$MAG,2575.960,-0.346,-0.273,-0.901,28.2
$IMU,2575.960,-2.685,-1.281,0.183,0.01074,0.03125,1.02587,29.42
$IMU,2575.962,-2.075,-0.854,0.183,0.01464,0.03271,1.02099,29.42
$BARO,2575.964,86425.82,29.35
$IMU,2575.965,-1.831,-0.671,0.000,0.01708,0.02734,1.01562,29.41
$IMU,2575.967,-1.892,-0.915,-0.244,0.01708,0.01904,1.01074,29.41
$IMU,2575.969,-2.258,-0.732,-0.366,0.01660,0.01464,1.00781,29.41
$MAG,2575.971,-0.346,-0.267,-0.906,28.5
$IMU,2575.972,-2.441,-0.793,-0.366,0.01660,0.01464,1.00439,29.41
$IMU,2575.974,-2.441,-0.854,-0.366,0.01708,0.01367,1.00488,29.41
$IMU,2575.976,-2.380,-1.586,-0.427,0.01757,0.01367,1.01220,29.41
$IMU,2575.979,-2.624,-1.831,-0.488,0.01708,0.01757,1.01562,29.41
$MAG,2575.981,-0.336,-0.267,-0.900,28.2
$IMU,2575.981,-2.807,-1.708,-0.366,0.02343,0.02343,1.02246,29.41
$IMU,2575.983,-2.746,-1.647,-0.122,0.02294,0.02148,1.02343,29.44
$IMU,2575.986,-2.685,-1.281,0.061,0.01708,0.02685,1.02343,29.44
$IMU,2575.988,-2.380,-1.098,0.183,0.02246,0.02392,1.02441,29.44
$IMU,2575.990,-2.380,-1.037,0.305,0.02587,0.02490,1.02294,29.44
$MAG,2575.991,-0.345,-0.276,-0.901,28.5
$IMU,2575.993,-2.746,-1.220,0.305,0.02294,0.02050,1.02197,29.44
$IMU,2575.995,-2.685,-1.647,-0.122,0.03076,0.01611,1.01660,29.44
$IMU,2575.997,-2.136,-1.647,-0.610,0.03222,0.01416,1.01269,29.44
$IMU,2576.000,-1.220,-1.403,-0.610,0.03173,0.00341,1.01367,29.44
$MAG,2576.001,-0.333,-0.276,-0.906,28.5
$IMU,2576.002,-0.610,-0.549,-0.183,0.02978,0.00000,1.01611,29.46
$IMU,2576.005,0.000,0.061,0.183,0.02587,0.00732,1.01757,29.46
$IMU,2576.007,0.488,0.427,0.305,0.02050,0.01269,1.02001,29.46
$IMU,2576.009,0.915,0.915,0.122,0.01464,0.01855,1.02099,29.46
$MAG,2576.011,-0.348,-0.270,-0.903,28.3
$IMU,2576.012,1.220,1.037,0.061,0.01220,0.02050,1.02197,29.46
$IMU,2576.014,1.342,0.610,0.183,0.01123,0.02246,1.02246,29.46
$IMU,2576.016,1.281,0.244,0.488,0.01171,0.02636,1.02099,29.46
$IMU,2576.019,0.915,0.061,0.671,0.01660,0.03271,1.01367,29.46
$MAG,2576.021,-0.340,-0.270,-0.906,28.3
$IMU,2576.021,0.549,0.183,0.610,0.01123,0.03222,1.01220,29.45
$IMU,2576.023,0.122,0.427,0.244,0.01464,0.04443,1.02783,29.45
$IMU,2576.026,-1.464,1.159,-0.427,0.01855,0.07226,1.04638,29.45
$IMU,2576.028,-4.516,2.136,-1.098,0.02246,0.07763,1.04492,29.45
$IMU,2576.030,-6.896,2.258,-1.281,0.02734,0.06835,1.02197,29.45
$MAG,2576.031,-0.336,-0.268,-0.903,28.2
$IMU,2576.033,-7.873,1.770,-0.793,0.02587,0.04541,1.00976,29.45
$IMU,2576.035,-8.178,0.915,-0.244,0.02392,0.03222,1.00878,29.45
$IMU,2576.037,-8.178,0.427,0.122,0.02929,0.02246,1.00732,29.45
$IMU,2576.040,-7.751,0.305,0.305,0.03076,0.01660,1.00781,29.40
$MAG,2576.041,-0.346,-0.273,-0.897,28.3
$IMU,2576.042,-7.141,0.305,0.305,0.02978,0.01416,1.00439,29.40
$IMU,2576.044,-6.164,0.549,0.244,0.02392,0.01464,0.99902,29.40
$IMU,2576.047,-5.249,0.854,0.183,0.02539,0.01416,0.99218,29.40
$IMU,2576.049,-4.272,0.427,0.061,0.02197,0.01416,0.99023,29.40
$MAG,2576.051,-0.343,-0.270,-0.900,28.5
$IMU,2576.051,-3.540,-0.183,0.000,0.01855,0.01708,0.98828,29.40
$IMU,2576.054,-2.929,-0.183,0.122,0.01367,0.01513,0.99169,29.40
$IMU,2576.056,-2.258,-0.732,0.305,0.00341,0.01953,0.99560,29.40
$IMU,2576.058,-2.014,-0.793,0.549,0.00585,0.01660,0.99804,29.42
$MAG,2576.061,-0.334,-0.274,-0.909,28.5
$IMU,2576.061,-1.586,-1.342,0.549,0.00732,0.01953,0.99707,29.42
$IMU,2576.063,-1.159,-2.563,0.549,0.01269,0.02539,0.99804,29.42
$BARO,2576.066,86432.01,29.36
$IMU,2576.066,-0.732,-3.601,0.366,0.01269,0.02490,1.00097,29.42
$IMU,2576.068,-0.244,-4.150,0.122,0.01123,0.02685,1.00732,29.42
$IMU,2576.070,0.244,-4.211,-0.244,0.01269,0.02294,1.01123,29.42
$MAG,2576.071,-0.343,-0.270,-0.907,28.3
$IMU,2576.073,0.427,-3.845,-0.244,0.01318,0.01611,1.00634,29.42
$IMU,2576.075,0.610,-3.784,0.122,0.01855,0.01123,1.00683,29.42
$IMU,2576.077,0.610,-3.906,0.427,0.01513,0.01318,1.01806,29.43
$IMU,2576.080,-0.061,-3.662,0.549,0.01220,0.00976,1.01708,29.43
$MAG,2576.082,-0.334,-0.271,-0.895,28.2
$IMU,2576.082,-0.732,-3.173,0.549,0.01269,0.00927,1.02343,29.43
$IMU,2576.084,-1.220,-2.929,0.427,0.01562,0.01269,1.02148,29.43
$IMU,2576.087,-1.647,-2.380,0.488,0.01611,0.00830,1.02490,29.43
$IMU,2576.089,-1.770,-1.831,0.488,0.02001,0.00781,1.01464,29.43
$IMU,2576.091,-1.098,-1.831,0.671,0.01708,0.00878,1.01318,29.43
$MAG,2576.092,-0.345,-0.274,-0.904,28.3
$IMU,2576.094,-0.244,-1.892,0.671,0.01660,0.00878,1.01562,29.43
$IMU,2576.096,-0.244,-1.708,0.427,0.01708,0.01611,1.02001,29.42
$IMU,2576.098,-0.610,-1.770,0.183,0.01611,0.01953,1.02197,29.42
$IMU,2576.101,-0.671,-1.770,0.000,0.01464,0.02099,1.02392,29.42
$MAG,2576.102,-0.339,-0.274,-0.904,28.2
$IMU,2576.103,-1.220,-1.098,-0.183,0.01269,0.01904,1.03027,29.42
$IMU,2576.105,-1.953,-0.793,-0.183,0.01513,0.01855,1.02490,29.42
$IMU,2576.108,-2.014,-0.854,-0.122,0.02490,0.01171,1.02050,29.42
$IMU,2576.110,-1.953,-0.488,0.244,0.02392,0.01269,1.02246,29.42
$MAG,2576.112,-0.346,-0.264,-0.907,28.3
$IMU,2576.112,-1.831,-0.366,0.488,0.02636,0.01269,1.01953,29.42
$IMU,2576.115,-1.831,-0.122,0.488,0.03027,0.01220,1.02392,29.44
$IMU,2576.117,-1.831,0.122,0.549,0.02392,0.01269,1.02441,29.44
$IMU,2576.119,-2.197,0.732,0.549,0.02441,0.01123,1.02832,29.44
$MAG,2576.122,-0.336,-0.270,-0.906,28.3
$IMU,2576.122,-2.563,1.220,0.610,0.02148,0.00976,1.03125,29.44
$IMU,2576.124,-2.868,0.854,0.366,0.02392,0.01464,1.03369,29.44
$IMU,2576.127,-3.051,0.671,0.366,0.01953,0.01708,1.03613,29.44
$IMU,2576.129,-3.173,1.037,0.793,0.01806,0.01171,1.03369,29.44
$IMU,2576.131,-2.990,1.098,1.159,0.01757,0.01367,1.03417,29.44
$MAG,2576.132,-0.343,-0.271,-0.903,28.3
$IMU,2576.134,-2.868,1.342,0.976,0.02099,0.01660,1.02783,29.47
$IMU,2576.136,-2.746,1.586,0.793,0.02343,0.01953,1.02441,29.47
$IMU,2576.138,-2.319,1.525,0.854,0.02636,0.02343,1.01904,29.47
$IMU,2576.141,-1.586,1.220,1.098,0.02636,0.02587,1.01708,29.47
$MAG,2576.142,-0.339,-0.267,-0.906,28.3
$IMU,2576.143,-1.281,0.915,0.976,0.02539,0.03564,1.01953,29.47
$IMU,2576.145,-1.770,0.671,0.976,0.01367,0.03222,1.02343,29.47
$IMU,2576.148,-2.319,0.610,1.037,0.01611,0.03027,1.02001,29.47
$IMU,2576.150,-2.807,0.915,1.037,0.00878,0.03710,1.01367,29.47
$MAG,2576.152,-0.340,-0.273,-0.901,28.3
$IMU,2576.152,-2.868,1.037,0.610,0.00537,0.03466,1.00732,29.41
$IMU,2576.155,-2.624,0.488,-0.183,0.00537,0.03369,1.00732,29.41
$IMU,2576.157,-2.502,0.061,-0.915,0.00292,0.02783,1.00732,29.41
$IMU,2576.159,-2.441,-0.183,-1.586,0.00146,0.02148,1.00000,29.41
$MAG,2576.162,-0.328,-0.276,-0.903,28.3
$IMU,2576.162,-2.319,-0.427,-2.136,-0.00097,0.01416,1.00146,29.41
$IMU,2576.164,-2.441,-0.732,-2.258,0.00146,0.01123,1.00341,29.41
$IMU,2576.166,-2.319,-0.854,-2.624,0.00048,0.01562,0.99902,29.41
$BARO,2576.167,86423.39,29.35
$IMU,2576.169,-2.258,-0.915,-2.929,0.00390,0.01464,0.99560,29.41
$IMU,2576.171,-2.197,-1.159,-3.173,0.00781,0.01513,0.99609,29.44
$MAG,2576.172,-0.346,-0.268,-0.903,28.3
$IMU,2576.173,-1.892,-1.159,-3.479,0.01220,0.01074,0.99560,29.44
$IMU,2576.176,-1.403,-1.281,-3.967,0.01513,0.00976,0.99804,29.44
$IMU,2576.178,-0.671,-1.403,-4.394,0.01953,0.01562,0.99804,29.44
$IMU,2576.180,-0.061,-1.098,-4.577,0.02490,0.01562,1.00488,29.44
$MAG,2576.183,-0.337,-0.276,-0.903,28.3
$IMU,2576.183,0.488,-1.098,-4.699,0.02197,0.01855,1.00878,29.44
$IMU,2576.185,0.610,-0.976,-4.699,0.02197,0.02050,1.01171,29.44
$IMU,2576.187,0.671,-1.159,-4.760,0.01757,0.02832,1.01220,29.44
$IMU,2576.190,0.732,-1.281,-5.004,0.01513,0.02685,1.01269,29.42
$IMU,2576.192,0.488,-0.915,-5.126,0.01757,0.02343,1.01611,29.42
$MAG,2576.193,-0.336,-0.270,-0.909,28.5
$IMU,2576.195,0.366,-0.976,-5.126,0.01269,0.01904,1.01513,29.42
$IMU,2576.197,-0.061,-0.976,-5.065,0.01562,0.01611,1.01611,29.42
$IMU,2576.199,-0.183,-1.403,-4.943,0.01953,0.01708,1.01220,29.42
$IMU,2576.202,-0.061,-1.708,-4.821,0.02099,0.01611,1.01171,29.42
$MAG,2576.203,-0.339,-0.264,-0.907,28.3
$IMU,2576.204,-0.061,-1.708,-4.638,0.02294,0.01171,1.01220,29.42
$IMU,2576.206,-0.305,-1.525,-4.455,0.02490,0.00830,1.00830,29.42
$IMU,2576.209,-0.488,-1.647,-4.211,0.03125,0.00634,1.01220,29.44
$IMU,2576.211,-0.366,-1.708,-3.662,0.03125,0.00097,1.01123,29.44
$MAG,2576.213,-0.345,-0.273,-0.907,28.2
$IMU,2576.213,-0.122,-1.281,-2.990,0.03417,-0.00048,1.01123,29.44
$IMU,2576.216,0.366,-0.732,-2.380,0.03076,-0.00878,1.01855,29.44
$IMU,2576.218,0.915,-0.671,-1.647,0.02783,-0.00683,1.01806,29.44
$IMU,2576.220,1.098,-0.671,-0.915,0.02539,-0.00976,1.01318,29.44
$MAG,2576.223,-0.339,-0.270,-0.906,28.5
$IMU,2576.223,0.976,-0.732,-0.427,0.02539,-0.00390,1.01123,29.44
$IMU,2576.225,1.037,-0.549,-0.061,0.02880,-0.00341,1.01318,29.44
$IMU,2576.227,1.281,-0.244,0.122,0.02880,0.00439,1.01220,29.44
$IMU,2576.230,1.342,-0.061,0.244,0.02197,0.01171,1.00878,29.44
$IMU,2576.232,0.976,-0.061,0.183,0.02099,0.02001,1.00927,29.44
$HUM,2576.233,37.1,29.7
$MAG,2576.233,-0.340,-0.273,-0.903,28.3
$IMU,2576.234,0.732,-0.305,0.122,0.01855,0.02294,1.01367,29.44
$IMU,2576.237,0.610,-0.671,0.122,0.01562,0.02539,1.01464,29.44
$IMU,2576.239,0.488,-0.427,0.183,0.01562,0.02685,1.01562,29.44
$IMU,2576.241,0.854,-0.427,0.183,0.01367,0.02392,1.02050,29.44
$MAG,2576.243,-0.345,-0.265,-0.907,28.2
$IMU,2576.244,0.854,-0.915,0.305,0.01806,0.02099,1.01562,29.44
$IMU,2576.246,0.732,-1.647,0.244,0.01904,0.02343,1.01464,29.47
$IMU,2576.248,1.342,-1.831,0.244,0.02978,0.01806,1.01416,29.47
$IMU,2576.251,1.953,-2.075,0.427,0.03515,0.01318,1.01757,29.47
$MAG,2576.253,-0.345,-0.271,-0.907,28.2
$IMU,2576.253,2.258,-2.380,0.854,0.02441,0.00537,1.01513,29.47
$IMU,2576.256,2.136,-1.586,0.976,0.02148,0.00195,1.01513,29.47
$IMU,2576.258,2.014,-1.037,0.793,0.01513,-0.00048,1.00488,29.47
$IMU,2576.260,1.586,-0.793,0.366,0.01708,0.00781,1.00000,29.47
$MAG,2576.263,-0.346,-0.270,-0.903,28.2
$IMU,2576.263,1.708,-0.610,-0.061,0.01513,0.01220,1.01123,29.47
$IMU,2576.265,2.258,-0.122,-0.183,0.01757,0.01513,1.01806,29.47
$IMU,2576.267,2.258,0.122,-0.305,0.01660,0.01611,1.02099,29.47
$BARO,2576.269,86433.16,29.36
$IMU,2576.270,2.136,0.183,-0.305,0.02246,0.02148,1.02246,29.47
$IMU,2576.272,2.014,0.244,-0.244,0.02441,0.01806,1.02587,29.47
$MAG,2576.273,-0.337,-0.270,-0.909,28.2
$IMU,2576.274,1.647,0.793,-0.122,0.02050,0.02148,1.02246,29.47
$IMU,2576.277,1.464,0.976,-0.061,0.02343,0.02148,1.02148,29.47
$IMU,2576.279,1.464,0.732,-0.061,0.02050,0.02050,1.02148,29.47
$IMU,2576.281,1.220,0.854,0.000,0.02099,0.02490,1.02392,29.47
$MAG,2576.284,-0.348,-0.267,-0.904,28.3
$IMU,2576.284,1.098,0.976,0.122,0.02001,0.01904,1.02343,29.45
$IMU,2576.286,0.976,1.098,0.183,0.01416,0.01855,1.02050,29.45
$IMU,2576.288,1.037,1.098,0.244,0.01562,0.02197,1.01611,29.45
$IMU,2576.291,1.281,0.915,0.549,0.01123,0.02392,1.01855,29.45
$IMU,2576.293,1.281,0.793,0.366,0.01171,0.01806,1.01513,29.45
$MAG,2576.294,-0.339,-0.264,-0.904,28.1
$IMU,2576.295,1.647,0.488,0.122,0.01513,0.01757,1.01464,29.45
$IMU,2576.298,1.525,0.549,0.183,0.01953,0.01269,1.01220,29.45
$IMU,2576.300,1.525,0.427,0.000,0.02294,0.01464,1.01562,29.45
$IMU,2576.302,1.525,0.427,-0.061,0.02099,0.00830,1.01611,29.45
$MAG,2576.304,-0.334,-0.273,-0.907,28.5
$IMU,2576.305,1.586,0.366,0.000,0.02294,0.01416,1.01855,29.45
$IMU,2576.307,1.708,0.549,0.000,0.02246,0.01464,1.01708,29.45
$IMU,2576.309,1.708,0.732,-0.122,0.02294,0.01464,1.01660,29.45
$IMU,2576.312,1.770,0.793,-0.183,0.02050,0.01660,1.01757,29.45
$MAG,2576.314,-0.345,-0.262,-0.898,28.3
$IMU,2576.314,2.075,1.159,-0.183,0.01757,0.01757,1.01660,29.45
$IMU,2576.317,2.319,1.098,-0.427,0.01855,0.01757,1.01464,29.45
$IMU,2576.319,2.258,1.037,-0.549,0.01708,0.02197,1.01220,29.45
$IMU,2576.321,1.831,1.159,-0.549,0.01855,0.02343,1.00683,29.44
$MAG,2576.324,-0.340,-0.273,-0.907,28.3
$IMU,2576.324,1.586,1.098,-0.610,0.01953,0.02636,1.00927,29.44
$IMU,2576.326,1.159,1.037,-0.488,0.02343,0.02978,1.01171,29.44
$IMU,2576.328,0.549,1.403,-0.244,0.02343,0.03125,1.00830,29.44
$IMU,2576.331,-0.061,1.281,-0.244,0.02197,0.03271,1.00927,29.44
$IMU,2576.333,-0.427,1.342,-0.305,0.02294,0.02929,1.01367,29.44
$MAG,2576.334,-0.334,-0.276,-0.906,28.3
$IMU,2576.335,-0.793,1.831,-0.305,0.02050,0.02148,1.01269,29.44
$IMU,2576.338,-1.220,2.014,-0.305,0.01855,0.02197,1.01025,29.44
$IMU,2576.340,-1.098,1.831,-0.305,0.01855,0.02294,1.01220,29.48
$IMU,2576.342,-0.793,1.464,-0.366,0.01953,0.02392,1.00781,29.48
$MAG,2576.344,-0.345,-0.274,-0.904,28.3
$IMU,2576.345,-0.244,1.586,-0.427,0.01757,0.02050,1.01123,29.48
$IMU,2576.347,0.183,1.464,-0.427,0.01562,0.01806,1.00732,29.48
$IMU,2576.349,0.305,1.220,-0.549,0.01513,0.02148,1.00830,29.48
$IMU,2576.352,0.488,1.586,-0.854,0.01708,0.01757,1.00537,29.48
$MAG,2576.354,-0.343,-0.270,-0.903,28.5
$IMU,2576.354,0.610,1.586,-0.854,0.02001,0.01953,1.00195,29.48
$IMU,2576.356,0.793,1.281,-0.671,0.02441,0.02099,1.00732,29.48
$IMU,2576.359,0.915,1.098,-0.305,0.02685,0.02685,1.01318,29.39
$IMU,2576.361,0.793,1.037,0.732,0.04003,0.04736,1.01562,29.39
$IMU,2576.363,0.549,1.098,2.197,0.03125,0.05126,1.02392,29.39
$MAG,2576.364,-0.339,-0.273,-0.901,28.2
$IMU,2576.366,-0.244,1.220,2.197,0.01562,0.03662,1.02197,29.39
$IMU,2576.368,-1.159,1.586,1.281,0.00341,0.02294,1.02001,29.39
$BARO,2576.370,86435.23,29.36
$IMU,2576.370,-1.281,1.647,0.610,0.00195,0.00488,1.01220,29.39
$IMU,2576.373,-0.976,0.793,0.610,0.01562,0.01367,1.00585,29.39
$MAG,2576.374,-0.340,-0.274,-0.904,28.3
$IMU,2576.375,-0.183,0.671,1.647,0.02441,0.02587,1.00830,29.39
$IMU,2576.378,0.061,1.220,1.892,0.02246,0.01025,1.01074,29.43
$IMU,2576.380,-0.244,1.464,1.342,0.02197,0.00878,1.01074,29.43
$IMU,2576.382,-0.488,1.708,0.915,0.01904,0.01025,1.01318,29.43
$MAG,2576.385,-0.340,-0.270,-0.906,28.3
$IMU,2576.385,-0.488,2.136,0.549,0.01416,0.01367,1.02490,29.43
$IMU,2576.387,-0.610,1.892,0.183,0.00781,0.01806,1.02294,29.43
$IMU,2576.389,-0.488,1.953,0.122,0.01269,0.02539,1.01904,29.43
$IMU,2576.392,-0.183,2.075,0.305,0.01708,0.02490,1.01806,29.43
$IMU,2576.394,-0.244,1.831,0.366,0.01708,0.02343,1.01708,29.43
$MAG,2576.395,-0.339,-0.267,-0.901,28.2
$IMU,2576.396,-0.427,1.586,-0.061,0.00488,0.01806,1.02294,29.44
$IMU,2576.399,-0.183,1.708,-0.549,0.00927,0.01416,1.01806,29.44
$IMU,2576.401,0.610,2.197,-0.610,0.01123,0.01611,1.02099,29.44
$IMU,2576.403,1.037,2.136,-0.671,0.01660,0.01416,1.02197,29.44
$MAG,2576.405,-0.339,-0.267,-0.897,28.3
$IMU,2576.406,1.098,2.258,-0.732,0.01318,0.01757,1.02832,29.44
$IMU,2576.408,0.854,1.892,-0.854,0.01367,0.02099,1.01904,29.44
$IMU,2576.410,0.854,1.953,-0.915,0.01660,0.02246,1.01269,29.44
$IMU,2576.413,1.220,2.136,-1.098,0.01806,0.01757,1.01171,29.44
$MAG,2576.415,-0.339,-0.280,-0.901,28.2
$IMU,2576.415,1.281,2.319,-1.403,0.01611,0.01220,1.01464,29.43
$IMU,2576.417,0.976,2.014,-1.586,0.01318,0.01513,1.01611,29.43
$IMU,2576.420,0.732,1.464,-1.403,0.01611,0.02050,1.01562,29.43
$IMU,2576.422,0.488,1.037,-1.037,0.02099,0.02197,1.01318,29.43
$IMU,2576.424,0.671,0.915,-0.671,0.02343,0.02490,1.00634,29.43
$MAG,2576.425,-0.343,-0.274,-0.895,28.5
$IMU,2576.427,0.976,1.586,-0.427,0.02636,0.02734,1.01171,29.43
$IMU,2576.429,0.915,2.441,-0.427,0.01806,0.02294,1.01757,29.43
$IMU,2576.431,0.488,2.136,-0.427,0.01367,0.02148,1.01513,29.43
$IMU,2576.434,-0.061,1.586,-0.610,0.00976,0.02050,1.01660,29.40
$MAG,2576.435,-0.343,-0.273,-0.898,28.3
$IMU,2576.436,-0.183,1.525,-0.854,0.00976,0.01660,1.00830,29.40
$IMU,2576.439,0.122,1.953,-0.976,0.01220,0.02099,0.99853,29.40
$IMU,2576.441,0.671,2.197,-1.037,0.01660,0.02490,1.00488,29.40
$IMU,2576.443,0.061,1.892,-0.915,0.01562,0.02246,1.00146,29.40
$MAG,2576.445,-0.336,-0.274,-0.903,28.3
$IMU,2576.446,-0.061,1.892,-0.671,0.01855,0.02392,0.99560,29.40
$IMU,2576.448,-0.183,1.647,-0.488,0.01416,0.02490,1.01025,29.40
$IMU,2576.450,-0.793,0.732,-0.427,0.00244,0.02490,1.01904,29.40
$IMU,2576.453,-1.159,0.427,-0.427,0.00292,0.01708,1.01318,29.48
$MAG,2576.455,-0.342,-0.274,-0.900,28.3
$IMU,2576.455,-0.732,-0.061,-0.427,0.00244,0.01367,1.00781,29.48
$IMU,2576.457,0.000,-0.488,-0.488,0.00048,0.01806,1.00585,29.48
$IMU,2576.460,0.427,-1.037,-0.549,0.00244,0.02050,1.01318,29.48
$IMU,2576.462,0.854,-1.342,-0.610,0.00878,0.02246,1.01367,29.48
$IMU,2576.464,1.220,-1.464,-0.854,0.01123,0.02343,1.01513,29.48
$MAG,2576.465,-0.342,-0.273,-0.897,28.3
$IMU,2576.467,1.342,-1.220,-0.793,0.01660,0.02441,1.02148,29.48
$IMU,2576.469,1.098,-1.647,-0.793,0.02099,0.02587,1.02587,29.48
$BARO,2576.471,86432.75,29.36
$IMU,2576.471,0.305,-1.953,-0.610,0.02197,0.02685,1.02441,29.41
$IMU,2576.474,0.122,-1.586,-0.427,0.02734,0.02783,1.02050,29.41
$MAG,2576.475,-0.343,-0.270,-0.898,28.2
$IMU,2576.476,0.366,-1.342,-0.305,0.02587,0.02148,1.02294,29.41
$IMU,2576.478,0.244,-1.037,-0.122,0.02246,0.01904,1.02392,29.41
$IMU,2576.481,0.305,-0.915,0.000,0.02734,0.01855,1.02978,29.41
$IMU,2576.483,0.366,-0.488,-0.061,0.01855,0.01416,1.02441,29.41
$IMU,2576.485,0.732,-0.122,-0.183,0.02539,0.01513,1.02050,29.41
$MAG,2576.486,-0.336,-0.285,-0.903,28.3
$IMU,2576.488,0.854,0.244,0.000,0.02539,0.01806,1.02197,29.41
$IMU,2576.490,1.159,0.854,0.305,0.03271,0.01806,1.01416,29.43
$IMU,2576.492,1.464,1.403,0.854,0.03808,0.02490,1.01025,29.43
$IMU,2576.495,2.014,2.014,1.586,0.03564,0.02587,1.01953,29.43
$MAG,2576.496,-0.340,-0.267,-0.904,28.2
$IMU,2576.497,2.197,2.502,2.136,0.02539,0.03173,1.02929,29.43
$IMU,2576.500,1.647,2.807,2.319,0.01464,0.02929,1.03271,29.43
$IMU,2576.502,0.610,2.563,2.319,0.00781,0.02832,1.02587,29.43
$IMU,2576.504,-0.305,2.563,2.136,0.00488,0.02636,1.01074,29.43
$MAG,2576.506,-0.325,-0.267,-0.912,28.2
$IMU,2576.507,-0.122,2.929,1.892,-0.00292,0.01611,1.00488,29.43
$IMU,2576.509,0.061,2.624,1.525,-0.00634,0.01269,1.00341,29.42
$IMU,2576.511,0.122,2.319,1.098,-0.00439,0.01318,1.00634,29.42
$IMU,2576.514,0.244,1.647,0.549,0.00390,0.00781,1.00390,29.42
$MAG,2576.516,-0.331,-0.273,-0.898,28.3
$IMU,2576.516,0.793,1.708,0.427,0.00830,0.00537,1.00634,29.42
$IMU,2576.518,1.525,1.464,0.305,0.01464,0.00830,1.00244,29.42
$IMU,2576.521,2.197,1.586,0.305,0.02441,0.01513,1.00878,29.42
$IMU,2576.523,2.075,1.647,0.366,0.02441,0.01757,1.01562,29.42
$IMU,2576.525,2.075,1.831,0.671,0.02392,0.02441,1.00830,29.42
$MAG,2576.526,-0.331,-0.268,-0.903,28.2
$IMU,2576.528,2.319,2.197,0.915,0.02441,0.02343,1.00390,29.44
$IMU,2576.530,1.708,2.441,1.037,0.01855,0.02734,1.01074,29.44
$IMU,2576.532,0.549,2.563,0.976,0.01757,0.02246,1.00683,29.44
$IMU,2576.535,0.671,2.685,0.915,0.01220,0.01806,1.00292,29.44
$MAG,2576.536,-0.334,-0.270,-0.903,28.3
$IMU,2576.537,0.732,2.441,0.732,0.00732,0.01611,1.00830,29.44
$IMU,2576.539,0.671,2.197,0.244,0.00439,0.01318,1.00830,29.44
$IMU,2576.542,1.220,2.136,-0.122,0.00146,0.00781,1.00439,29.44
$IMU,2576.544,1.708,1.770,-0.732,-0.00195,0.01318,1.00683,29.44
$MAG,2576.546,-0.342,-0.280,-0.901,28.3
$IMU,2576.546,1.892,1.342,-1.342,-0.00097,0.01855,1.00048,29.42
$IMU,2576.549,2.441,0.915,-1.403,0.00927,0.01855,0.99218,29.42
$IMU,2576.551,2.990,1.281,-1.342,0.01367,0.02539,0.99902,29.42
$IMU,2576.553,2.624,1.159,-1.159,0.01318,0.03125,1.00683,29.42
$MAG,2576.556,-0.339,-0.270,-0.900,28.5
$IMU,2576.556,1.647,0.488,-0.793,0.01367,0.03320,1.01562,29.42
$IMU,2576.558,1.220,0.183,-0.366,0.01269,0.03271,1.01318,29.42
$IMU,2576.561,1.403,0.366,-0.244,0.01416,0.02539,1.01025,29.42
$IMU,2576.563,1.770,0.854,-0.244,0.01367,0.02148,1.00585,29.42
$IMU,2576.565,2.502,1.159,-0.427,0.00927,0.02099,1.00341,29.44
$MAG,2576.566,-0.334,-0.279,-0.909,28.5
$IMU,2576.568,2.441,1.525,-0.854,-0.00488,0.01953,1.01318,29.44
$IMU,2576.570,1.892,0.915,-1.525,-0.01367,0.02001,1.01367,29.44
$IMU,2576.572,1.708,-0.061,-1.831,-0.01123,0.01855,1.01269,29.44
$BARO,2576.573,86430.94,29.36
$IMU,2576.575,2.197,-0.915,-2.014,-0.01171,0.01660,1.01367,29.44
$MAG,2576.576,-0.337,-0.276,-0.904,28.3
$IMU,2576.577,2.746,-1.708,-2.136,-0.00927,0.02099,1.00585,29.44
$IMU,2576.579,3.173,-2.380,-2.319,-0.00585,0.02197,1.00634,29.44
$IMU,2576.582,2.624,-3.723,-2.380,-0.00732,0.02783,1.03515,29.44
$IMU,2576.584,1.159,-5.249,-2.319,0.00048,0.03173,1.03222,29.43
$MAG,2576.586,-0.340,-0.282,-0.897,28.2
$IMU,2576.586,1.708,-5.187,-2.014,0.01953,0.02978,1.02539,29.43
$IMU,2576.589,2.441,-4.821,-1.831,0.03125,0.02734,1.03173,29.43
$IMU,2576.591,2.380,-4.272,-1.525,0.03662,0.02539,1.02636,29.43
$IMU,2576.593,2.502,-3.417,-1.159,0.04492,0.02685,1.02099,29.43
$IMU,2576.596,2.319,-2.258,-0.854,0.03906,0.02832,1.03125,29.43
$MAG,2576.597,-0.342,-0.277,-0.900,28.5
$IMU,2576.598,1.770,-1.831,-0.610,0.03564,0.02783,1.03125,29.43
$IMU,2576.600,1.525,-0.976,-0.305,0.03173,0.02539,1.02539,29.43
$IMU,2576.603,1.831,-0.488,0.000,0.02929,0.01904,1.02197,29.44
$IMU,2576.605,1.892,-0.122,0.488,0.02636,0.02490,1.02392,29.44
$MAG,2576.607,-0.333,-0.280,-0.906,28.3
$IMU,2576.607,2.014,0.061,0.976,0.02636,0.02490,1.02197,29.44
$IMU,2576.610,2.075,0.427,1.159,0.02099,0.02685,1.02343,29.44
$IMU,2576.612,1.770,0.610,0.915,0.01464,0.02832,1.02783,29.44
$IMU,2576.614,1.220,0.610,0.793,0.00341,0.03076,1.02343,29.44
$MAG,2576.617,-0.331,-0.270,-0.912,28.3
$IMU,2576.617,0.915,0.488,0.610,0.00585,0.02978,1.01074,29.44
$IMU,2576.619,1.098,0.244,0.549,0.00781,0.03076,1.00732,29.44
$IMU,2576.622,1.098,-0.122,0.671,0.00976,0.03417,1.00439,29.47
$IMU,2576.624,0.793,-0.427,1.037,0.01416,0.04003,1.00634,29.47
$IMU,2576.626,0.305,-0.610,1.159,0.02392,0.03759,1.00781,29.47
$MAG,2576.627,-0.342,-0.265,-0.900,28.3
$TIME,2576.628,463099.000,2399
$IMU,2576.629,0.427,-0.122,1.342,0.02246,0.03271,1.00732,29.47
$IMU,2576.631,1.098,0.488,1.403,0.02490,0.03369,0.99853,29.47
$IMU,2576.633,1.586,1.220,1.464,0.01855,0.02978,1.00683,29.47
$IMU,2576.636,1.037,1.464,1.220,0.00390,0.02685,1.01513,29.47
$MAG,2576.637,-0.342,-0.273,-0.904,28.2
$IMU,2576.638,0.549,0.732,0.549,-0.00195,0.02441,1.01708,29.47
$IMU,2576.640,0.427,0.610,0.061,0.00146,0.02148,1.00781,29.37
$IMU,2576.643,0.915,0.488,0.000,0.01416,0.02099,0.99755,29.37
$IMU,2576.645,1.586,0.793,0.061,0.01269,0.02343,0.99902,29.37
$MAG,2576.647,-0.331,-0.274,-0.901,28.2
$IMU,2576.647,1.281,0.488,-0.244,0.00683,0.02441,1.00878,29.37
$IMU,2576.650,1.220,0.427,-0.305,0.00634,0.02392,1.00634,29.37
$IMU,2576.652,1.586,0.122,-0.305,0.00683,0.02636,1.01220,29.37
$IMU,2576.654,1.953,0.427,-0.183,0.01318,0.02685,1.00781,29.37
$MAG,2576.657,-0.337,-0.276,-0.895,28.3
$IMU,2576.657,2.380,0.732,0.061,0.00976,0.02978,1.00292,29.37
$IMU,2576.659,1.892,0.549,0.061,0.01025,0.03662,1.00927,29.41
$IMU,2576.661,1.037,0.122,-0.061,0.00830,0.03808,1.02001,29.41
$IMU,2576.664,0.732,-0.305,-0.183,0.00878,0.03222,1.02539,29.41
$IMU,2576.666,0.976,-0.488,-0.183,0.01318,0.02880,1.01611,29.41
$MAG,2576.667,-0.331,-0.274,-0.907,28.2
$IMU,2576.668,1.281,-0.061,-0.061,0.01757,0.02832,1.01416,29.41
$IMU,2576.671,1.281,0.244,0.000,0.02197,0.03320,1.01806,29.41
$IMU,2576.673,0.793,0.305,0.183,0.02441,0.03857,1.02587,29.41
$BARO,2576.674,86431.94,29.36
$IMU,2576.675,0.610,0.122,0.488,0.03320,0.04052,1.02246,29.41
$MAG,2576.677,-0.343,-0.274,-0.900,28.1
$IMU,2576.678,0.793,0.610,0.854,0.03125,0.03466,1.01953,29.41
$IMU,2576.680,0.427,1.647,1.037,0.02978,0.03125,1.01562,29.41
$IMU,2576.682,0.366,2.441,1.037,0.01953,0.03173,1.01367,29.41
$IMU,2576.685,0.061,2.441,0.793,0.00341,0.02197,1.01953,29.41
$MAG,2576.687,-0.340,-0.270,-0.903,28.3
$IMU,2576.687,-0.610,1.525,0.244,-0.01513,0.02001,1.02832,29.41
$IMU,2576.690,-1.525,-0.183,-0.549,-0.02636,0.01171,1.02587,29.41
$IMU,2576.692,-0.793,-1.342,-0.915,-0.01660,0.01513,1.00830,29.41
$IMU,2576.694,0.610,-1.647,-1.159,-0.00732,0.01855,1.00488,29.41
$IMU,2576.697,1.831,-2.258,-1.403,-0.00341,0.02392,1.00976,29.46
$MAG,2576.698,-0.337,-0.277,-0.898,28.3
$IMU,2576.699,1.159,-3.356,-1.342,0.00390,0.03662,1.02587,29.46
$IMU,2576.701,-0.366,-4.638,-0.976,0.00878,0.04443,1.02734,29.46
$IMU,2576.704,-0.427,-4.516,-0.610,0.01904,0.03662,1.01757,29.46
$IMU,2576.706,-0.976,-3.967,-0.366,0.03027,0.03027,1.02343,29.46
$MAG,2576.708,-0.342,-0.279,-0.901,28.3
$IMU,2576.708,-2.197,-3.967,-0.427,0.02392,0.02636,1.02197,29.46
$IMU,2576.711,-1.586,-3.112,-0.915,0.02197,0.02246,1.00781,29.46
$IMU,2576.713,-0.610,-2.197,-1.403,0.02343,0.01367,1.02148,29.46
$IMU,2576.715,-0.854,-2.197,-1.586,0.01074,0.01513,1.01367,29.43
$MAG,2576.718,-0.337,-0.273,-0.900,28.5
$IMU,2576.718,-0.488,-1.464,-1.892,0.02050,0.02001,1.02246,29.43
$IMU,2576.720,-1.342,-1.708,-1.647,0.01660,0.02929,1.02539,29.43
$IMU,2576.722,-2.136,-1.831,-1.586,0.02343,0.03271,1.02441,29.43
$IMU,2576.725,-2.136,-1.770,-1.159,0.02929,0.03564,1.01904,29.43
$IMU,2576.727,-2.075,-0.976,-0.366,0.04248,0.03369,1.02099,29.43
$MAG,2576.728,-0.334,-0.279,-0.913,28.3
$IMU,2576.729,-2.380,-0.549,0.488,0.03173,0.03955,1.02099,29.43
$IMU,2576.732,-1.708,0.793,0.366,0.02685,0.03125,1.00830,29.43
$IMU,2576.734,-1.037,1.586,0.244,0.02490,0.02197,1.01367,29.46
$IMU,2576.736,-1.037,1.586,0.244,0.01904,0.02050,1.01416,29.46
$MAG,2576.738,-0.342,-0.273,-0.900,28.3
$IMU,2576.739,-0.732,1.525,0.366,0.01123,0.01757,1.00927,29.46
$IMU,2576.741,0.183,2.136,0.366,0.01025,0.01660,0.99462,29.46
$IMU,2576.743,1.403,2.624,0.305,0.01269,0.01855,0.99169,29.46
$IMU,2576.746,1.953,2.624,0.488,0.01708,0.02050,0.99853,29.46
$MAG,2576.748,-0.334,-0.276,-0.910,28.5
$IMU,2576.748,2.380,2.563,0.915,0.02685,0.02294,1.00683,29.46
$IMU,2576.751,2.441,2.746,1.464,0.01953,0.02587,1.01367,29.46
$IMU,2576.753,2.014,2.624,1.586,0.01660,0.03222,1.01806,29.45
$IMU,2576.755,1.708,2.563,1.708,0.01708,0.03466,1.02050,29.45
$MAG,2576.758,-0.340,-0.271,-0.900,28.3
$IMU,2576.758,1.342,2.685,1.892,0.01318,0.03710,1.01708,29.45
$IMU,2576.760,1.403,2.319,2.014,0.01318,0.02734,1.01416,29.45
$IMU,2576.762,1.708,1.892,1.892,0.00488,0.03076,1.01318,29.45
$IMU,2576.765,2.136,1.281,1.647,-0.00195,0.02832,1.01367,29.45
$IMU,2576.767,2.563,0.854,1.403,-0.00683,0.02197,1.02001,29.45
$MAG,2576.768,-0.336,-0.280,-0.904,28.3
$IMU,2576.769,2.685,0.366,1.037,-0.00732,0.02148,1.02099,29.45
$IMU,2576.772,2.563,-0.183,0.793,0.00341,0.02294,1.02392,29.47
$IMU,2576.774,2.441,-0.732,0.610,0.00341,0.02490,1.02148,29.47
$BARO,2576.776,86431.67,29.37
$IMU,2576.776,2.319,-1.098,0.549,0.01611,0.02734,1.01953,29.47
$MAG,2576.778,-0.333,-0.280,-0.901,28.3
$IMU,2576.779,2.502,-1.098,0.488,0.02001,0.02783,1.02587,29.47
$IMU,2576.781,2.502,-0.793,0.366,0.02050,0.02392,1.02539,29.47
$IMU,2576.783,2.502,-0.488,0.244,0.01904,0.02783,1.02050,29.47
$IMU,2576.786,2.502,-0.305,0.122,0.01757,0.02880,1.02099,29.47
$MAG,2576.788,-0.340,-0.273,-0.907,28.3
$IMU,2576.788,2.502,-0.244,0.061,0.01855,0.02783,1.01953,29.47
$IMU,2576.790,2.685,-0.305,0.244,0.02490,0.02734,1.01660,29.42
$IMU,2576.793,3.051,0.305,0.671,0.02441,0.03125,1.02148,29.42
$IMU,2576.795,3.356,0.915,1.403,0.02734,0.03613,1.01611,29.42
$IMU,2576.797,3.906,1.831,2.136,0.03125,0.03662,1.01806,29.42
$MAG,2576.799,-0.339,-0.276,-0.903,28.5
$IMU,2576.800,4.455,2.441,2.441,0.02832,0.04003,1.00878,29.42
$IMU,2576.802,4.821,2.929,2.746,0.02929,0.03662,1.00732,29.42
$IMU,2576.804,5.126,3.906,3.112,0.02392,0.03613,1.01025,29.42
$IMU,2576.807,5.187,4.943,3.356,0.01855,0.02832,1.00537,29.42
$MAG,2576.809,-0.339,-0.273,-0.894,28.5
$IMU,2576.809,5.615,5.310,3.173,0.00585,0.02783,1.00244,29.45
$IMU,2576.812,5.920,5.432,2.624,0.00683,0.01562,1.00097,29.45
$IMU,2576.814,6.164,5.493,2.136,-0.00146,0.01269,1.00634,29.45
$IMU,2576.816,5.187,4.638,1.525,-0.00488,0.01123,1.01855,29.45
$MAG,2576.819,-0.331,-0.274,-0.900,28.3
$IMU,2576.819,3.723,3.295,0.915,0.00097,0.01562,1.01269,29.45
$IMU,2576.821,3.112,3.112,0.488,0.00488,0.02246,0.99414,29.45
$IMU,2576.823,3.479,3.479,0.000,-0.00439,0.02246,0.99462,29.45
$IMU,2576.826,2.563,2.746,-0.549,-0.00927,0.02294,1.00488,29.45
$IMU,2576.828,1.831,2.014,-0.793,-0.00878,0.01953,1.00244,29.46
$MAG,2576.829,-0.331,-0.276,-0.907,28.2
$IMU,2576.830,2.319,1.464,-0.854,-0.00878,0.02148,1.00292,29.46
$IMU,2576.833,2.563,0.793,-1.037,-0.01318,0.02490,0.99560,29.46
$IMU,2576.835,3.356,0.366,-1.464,-0.02099,0.02636,0.99658,29.46
$IMU,2576.837,3.051,-0.305,-2.197,-0.02636,0.02783,1.00878,29.46
$MAG,2576.839,-0.339,-0.276,-0.900,28.3
$VBAT,2576.839,4.130
$IMU,2576.840,2.258,-1.586,-2.746,-0.02392,0.03515,1.01513,29.46
$IMU,2576.842,2.075,-2.624,-3.051,-0.02050,0.03955,1.01416,29.46
$IMU,2576.844,1.708,-3.234,-3.234,-0.01123,0.04687,1.01367,29.46
$IMU,2576.847,1.525,-3.540,-3.662,-0.00634,0.04736,1.01318,29.44
$MAG,2576.849,-0.328,-0.271,-0.903,28.3
$IMU,2576.849,1.525,-4.028,-3.845,0.00097,0.04736,1.01611,29.44
$IMU,2576.851,0.061,-4.699,-3.540,0.01708,0.05273,1.05322,29.44
$IMU,2576.854,-3.356,-6.408,-2.807,0.01953,0.06591,1.05859,29.44
$IMU,2576.856,-4.882,-6.652,-2.319,0.03466,0.06396,1.04394,29.44
$IMU,2576.858,-4.455,-5.310,-1.892,0.04296,0.04833,1.01416,29.44
$MAG,2576.859,-0.348,-0.271,-0.898,28.3
$IMU,2576.861,-1.892,-2.868,-1.586,0.04492,0.04785,0.98974,29.44
$IMU,2576.863,-0.244,-1.464,-1.220,0.03710,0.04541,1.01416,29.44
$IMU,2576.865,-1.281,-1.647,-0.854,0.01464,0.04443,1.03027,29.45
$IMU,2576.868,-2.197,-1.586,-0.732,0.00537,0.04199,1.02978,29.45
$MAG,2576.869,-0.345,-0.280,-0.898,28.3
$IMU,2576.870,-2.563,-1.708,-0.915,-0.00341,0.04003,1.02441,29.45
$IMU,2576.873,-3.601,-2.868,-0.671,0.01611,0.03173,1.04541,29.45
$IMU,2576.875,-5.187,-4.455,-0.183,0.00585,0.03417,1.02832,29.45
$BARO,2576.877,86428.60,29.37
$IMU,2576.877,-4.272,-3.479,-0.671,0.02001,0.03076,1.00976,29.45
$MAG,2576.879,-0.337,-0.276,-0.895,28.3
$IMU,2576.880,-3.112,-1.708,-0.976,0.02294,0.03417,0.99951,29.45
$IMU,2576.882,-2.441,0.061,-0.671,0.03808,0.02636,1.00878,29.45
$IMU,2576.884,-2.990,0.976,0.183,0.04101,0.03808,1.01611,29.48
$IMU,2576.887,-3.356,1.281,0.854,0.03222,0.04345,1.02734,29.48
$MAG,2576.889,-0.340,-0.274,-0.892,28.5
$IMU,2576.889,-3.601,1.586,1.342,0.02685,0.04931,1.03027,29.48
$IMU,2576.891,-3.906,1.953,1.892,0.01464,0.05273,1.03125,29.48
$IMU,2576.894,-4.028,2.441,1.892,-0.00439,0.04248,1.02685,29.48
$IMU,2576.896,-3.845,2.624,1.281,-0.00537,0.03417,1.02197,29.48
$IMU,2576.898,-3.967,2.075,0.793,-0.00439,0.03076,1.02197,29.48
$MAG,2576.899,-0.337,-0.270,-0.900,28.3
$IMU,2576.901,-4.577,1.037,0.366,-0.01123,0.03173,1.02490,29.48
$IMU,2576.903,-5.249,0.122,0.000,-0.01416,0.04394,1.02978,29.46
$IMU,2576.905,-5.676,-0.610,-0.061,-0.01220,0.06054,1.02050,29.46
$IMU,2576.908,-5.920,-1.342,-0.671,-0.00146,0.03662,1.02685,29.46
$MAG,2576.910,-0.342,-0.273,-0.906,28.5
$IMU,2576.910,-6.835,-2.319,-1.342,0.00244,0.03320,1.03271,29.46
$IMU,2576.912,-7.629,-2.929,-1.770,0.01220,0.02783,1.02929,29.46
$IMU,2576.915,-7.934,-3.051,-2.014,0.02978,0.01855,1.02636,29.46
$IMU,2576.917,-8.056,-3.051,-1.892,0.04199,0.01123,1.02050,29.46
$IMU,2576.919,-8.056,-3.112,-1.770,0.04736,0.00292,1.01269,29.46
$MAG,2576.920,-0.334,-0.276,-0.910,28.3
$IMU,2576.922,-7.995,-2.685,-1.525,0.04345,-0.00097,1.00732,29.46
$IMU,2576.924,-7.690,-2.319,-1.159,0.04199,-0.00390,1.00341,29.46
$IMU,2576.926,-7.202,-1.953,-0.793,0.03222,0.00048,1.00000,29.46
$IMU,2576.929,-7.019,-1.770,-0.549,0.01806,0.01269,1.00000,29.46
$MAG,2576.930,-0.336,-0.276,-0.901,28.5
$IMU,2576.931,-6.958,-1.708,-0.732,0.01025,0.02099,1.00341,29.46
$IMU,2576.934,-7.263,-1.708,-1.037,0.01074,0.02929,1.00292,29.46
$IMU,2576.936,-7.507,-1.770,-1.159,0.01318,0.02587,0.99951,29.46
$IMU,2576.938,-7.568,-1.770,-1.281,0.02490,0.02832,0.99902,29.46
$MAG,2576.940,-0.331,-0.271,-0.901,28.3
$IMU,2576.941,-7.873,-1.525,-1.220,0.02294,0.02783,1.00292,29.48
$IMU,2576.943,-8.117,-1.403,-1.037,0.02148,0.02832,1.00585,29.48
$IMU,2576.945,-8.361,-1.342,-1.281,0.00976,0.02294,1.00439,29.48
$IMU,2576.948,-7.995,-1.098,-1.892,0.01123,0.01562,1.00390,29.48
$MAG,2576.950,-0.334,-0.273,-0.904,28.5
$IMU,2576.950,-7.507,-0.976,-1.953,0.01513,0.02099,1.00439,29.48
$IMU,2576.952,-7.385,-1.159,-1.770,0.01123,0.02392,1.00585,29.48
$IMU,2576.955,-7.324,-1.220,-2.014,0.00341,0.01953,1.00146,29.48
$IMU,2576.957,-7.263,-0.854,-2.624,0.00683,0.00830,0.99560,29.48
$IMU,2576.959,-7.141,-0.793,-2.929,0.00878,0.00488,0.99804,29.46
$MAG,2576.960,-0.339,-0.279,-0.906,28.3
$IMU,2576.962,-7.202,-1.037,-3.173,0.00244,0.00927,1.00634,29.46
$IMU,2576.964,-7.446,-1.464,-3.356,0.00683,0.00732,1.00244,29.46
$IMU,2576.966,-7.507,-2.441,-2.685,0.04589,0.00439,1.00292,29.46
$IMU,2576.969,-8.361,-3.234,-0.427,0.05761,0.00488,1.01757,29.46
$MAG,2576.970,-0.342,-0.274,-0.906,28.3
$IMU,2576.971,-8.789,-2.807,1.037,0.06591,0.00488,1.01025,29.46
$IMU,2576.973,-7.507,-1.708,1.586,0.04394,0.00488,1.00048,29.46
$IMU,2576.976,-6.103,0.061,1.098,0.00048,0.00927,0.99902,29.46
$IMU,2576.978,-5.859,0.732,-0.305,-0.00683,0.01318,1.00537,29.48
$BARO,2576.979,86426.77,29.37
$MAG,2576.980,-0.337,-0.270,-0.904,28.3
$IMU,2576.980,-4.394,0.671,0.305,0.02050,0.00146,0.96630,29.48
$IMU,2576.983,-2.441,0.976,0.488,-0.05468,0.06103,1.02978,29.48
$IMU,2576.985,-4.699,-1.037,-0.610,-0.04394,0.06005,1.02197,29.48
$IMU,2576.987,-4.943,-2.563,-0.610,-0.00292,0.03955,1.00000,29.48
$MAG,2576.990,-0.336,-0.268,-0.901,28.3
$IMU,2576.990,-3.845,-2.807,0.122,0.02294,0.04443,1.00146,29.48
$IMU,2576.992,-2.868,-2.929,0.732,0.01269,0.04833,1.02441,29.48
$IMU,2576.995,-3.906,-3.295,0.305,0.00390,0.03955,1.04443,29.48
$IMU,2576.997,-5.554,-3.906,-0.305,-0.01269,0.03417,1.06347,29.45
$IMU,2576.999,-7.568,-4.638,-1.220,-0.01074,0.02783,1.06298,29.45
$MAG,2577.000,-0.342,-0.273,-0.909,28.5
$IMU,2577.002,-8.239,-4.821,-1.220,0.02001,0.02832,1.03222,29.45
$IMU,2577.004,-7.141,-4.211,-0.488,0.03515,0.02490,1.00390,29.45
$IMU,2577.006,-6.042,-3.723,0.183,0.04492,0.02001,1.00292,29.45
$IMU,2577.009,-4.760,-2.929,0.793,0.04687,0.00976,1.00390,29.45
$MAG,2577.011,-0.339,-0.264,-0.907,28.2
$IMU,2577.011,-3.723,-1.831,1.159,0.04248,-0.00097,1.00830,29.45
$IMU,2577.013,-2.929,-1.159,1.098,0.02587,0.00000,1.02197,29.45
$IMU,2577.016,-3.295,-1.159,0.854,0.00439,0.01074,1.02978,29.48
$IMU,2577.018,-3.479,-1.342,1.159,0.01904,0.01562,1.01513,29.48
$IMU,2577.020,-3.234,-1.342,1.831,0.01855,0.01904,1.01269,29.48
$MAG,2577.021,-0.346,-0.267,-0.909,28.5
$IMU,2577.023,-3.601,-1.403,2.075,0.00927,0.02636,1.03955,29.48
$IMU,2577.025,-4.882,-1.953,2.197,0.02978,0.02294,1.02490,29.48
$IMU,2577.027,-3.784,-1.770,2.868,0.02587,0.02343,1.00878,29.48
$IMU,2577.030,-2.624,-1.464,2.990,0.01904,0.01757,1.01464,29.48
$MAG,2577.031,-0.340,-0.268,-0.910,28.5
$IMU,2577.032,-2.136,-1.525,2.685,0.00585,0.01074,1.01757,29.48
$IMU,2577.034,-2.014,-1.525,2.075,0.00292,0.00488,1.01171,29.46
$IMU,2577.037,-1.647,-1.342,1.525,0.00683,0.00683,1.00439,29.46
$IMU,2577.039,-1.220,-1.403,1.342,0.01220,0.00537,0.99707,29.46
$MAG,2577.041,-0.336,-0.265,-0.907,28.5
$IMU,2577.041,-0.915,-1.464,1.342,0.01806,0.00732,1.00048,29.46
$IMU,2577.044,-0.488,-1.953,1.464,0.01855,0.00976,1.00390,29.46
$IMU,2577.046,-0.488,-1.831,1.831,0.02539,0.01171,1.00634,29.46
$IMU,2577.048,-0.549,-1.892,2.075,0.02343,0.01513,1.00976,29.46
$MAG,2577.051,-0.336,-0.265,-0.907,28.5
$IMU,2577.051,-0.793,-1.647,2.380,0.02685,0.01660,1.00927,29.46
$IMU,2577.053,-0.610,-1.708,2.563,0.02197,0.01123,1.01074,29.43
$IMU,2577.056,-0.732,-1.525,2.441,0.01513,0.00830,1.01220,29.43
$IMU,2577.058,-0.915,-1.342,2.197,0.00585,0.00634,1.01074,29.43
$IMU,2577.060,-1.098,-1.281,1.525,0.00048,0.00732,1.00878,29.43
$MAG,2577.061,-0.345,-0.271,-0.901,28.3
$IMU,2577.063,-0.732,-1.525,0.671,-0.00097,0.00683,1.00585,29.43
$IMU,2577.065,-0.305,-1.708,0.122,0.01025,0.00878,1.00146,29.43
$IMU,2577.067,0.244,-1.770,-0.061,0.02246,0.01416,1.00000,29.43
$IMU,2577.070,0.488,-1.647,-0.122,0.02783,0.01123,1.00488,29.43
$MAG,2577.071,-0.339,-0.259,-0.909,28.3
$IMU,2577.072,0.610,-1.464,-0.061,0.03271,0.01464,1.00830,29.44
$IMU,2577.074,0.915,-1.159,0.122,0.03857,0.01367,1.01074,29.44
$IMU,2577.077,1.403,-0.915,0.427,0.03710,0.01562,1.01220,29.44
$IMU,2577.079,1.770,-0.671,0.732,0.03173,0.02197,1.01806,29.44
$BARO,2577.080,86422.75,29.38
$MAG,2577.081,-0.342,-0.268,-0.907,28.3
$IMU,2577.081,1.892,-0.122,0.610,0.02197,0.02441,1.02148,29.44
$IMU,2577.084,1.647,0.183,0.305,0.01123,0.02636,1.02636,29.44
$IMU,2577.086,1.464,-0.122,-0.061,0.00195,0.02636,1.02978,29.44
$IMU,2577.088,1.098,-0.671,-0.549,0.00000,0.02343,1.02832,29.44
$MAG,2577.091,-0.346,-0.270,-0.904,28.3
$IMU,2577.091,0.610,-1.403,-0.915,-0.00244,0.02294,1.02441,29.45
$IMU,2577.093,0.244,-1.953,-1.159,0.00585,0.02392,1.02636,29.45
$IMU,2577.095,0.122,-2.319,-1.342,0.01171,0.02441,1.02001,29.45
$IMU,2577.098,-0.061,-2.441,-1.525,0.01708,0.02246,1.02636,29.45
$IMU,2577.100,-0.610,-2.380,-1.647,0.01660,0.01953,1.02392,29.45
$MAG,2577.101,-0.343,-0.268,-0.907,28.2
$IMU,2577.102,-0.732,-2.380,-1.647,0.01953,0.01464,1.02197,29.45
$IMU,2577.105,-0.610,-2.075,-1.464,0.02880,0.01123,1.01464,29.45
$IMU,2577.107,0.122,-1.525,-1.159,0.03369,0.01416,0.99804,29.45
$IMU,2577.109,0.732,-0.793,-1.098,0.02392,0.00732,1.00732,29.48
$MAG,2577.112,-0.324,-0.271,-0.915,28.2
$IMU,2577.112,1.525,-0.488,-1.220,0.02636,0.00146,0.99121,29.48
$IMU,2577.114,2.807,0.244,-1.281,0.02343,-0.00488,0.98779,29.48
$IMU,2577.117,5.065,1.464,-1.220,0.03173,-0.01757,0.97216,29.48
$IMU,2577.119,5.615,1.220,-1.464,-0.00244,-0.00585,1.02001,29.48
$IMU,2577.121,3.234,-0.244,-2.014,-0.00292,0.00000,1.01660,29.48
$MAG,2577.122,-0.345,-0.271,-0.906,28.3
$IMU,2577.124,3.662,-0.549,-2.319,-0.02539,0.00195,1.04199,29.48
$IMU,2577.126,-0.061,-2.929,-3.417,-0.00878,0.01318,1.04199,29.48
$IMU,2577.128,1.098,-3.295,-2.685,0.03906,0.00537,0.97900,29.41
$IMU,2577.131,2.807,-2.502,-2.746,-0.00927,0.02490,1.02148,29.41
$MAG,2577.132,-0.334,-0.264,-0.904,28.5
$IMU,2577.133,1.037,-3.479,-4.211,0.01562,0.02343,1.00878,29.41
$IMU,2577.135,3.356,-2.929,-3.173,0.05615,0.01611,0.96289,29.41
$IMU,2577.138,7.080,-0.488,-1.037,0.05419,0.02294,0.96972,29.41
$IMU,2577.140,6.774,-0.122,-0.183,0.02246,0.03466,1.01562,29.41
$MAG,2577.142,-0.343,-0.273,-0.901,28.3
$IMU,2577.142,4.089,-1.586,-0.610,0.01708,0.02050,1.04443,29.41
$IMU,2577.145,2.258,-2.380,-0.610,0.00781,0.02539,1.05371,29.41
$IMU,2577.147,1.098,-2.990,-0.427,0.01416,0.02148,1.03808,29.49
$IMU,2577.149,0.976,-3.479,-0.427,0.02490,0.02343,1.02392,29.49
$MAG,2577.152,-0.352,-0.261,-0.906,28.3
$IMU,2577.152,1.770,-2.929,-0.488,0.04248,0.02001,1.00439,29.49
$IMU,2577.154,3.723,-1.953,-0.244,0.04980,0.02001,0.99902,29.49
$IMU,2577.156,4.211,-1.220,0.000,0.02832,0.02099,1.03271,29.49
$IMU,2577.159,1.892,-1.708,-0.183,0.01562,0.01953,1.05419,29.49
$IMU,2577.161,0.793,-2.319,-0.244,0.02929,0.02148,1.02539,29.49
$MAG,2577.162,-0.346,-0.267,-0.901,28.2
$IMU,2577.163,1.770,-1.586,0.000,0.04003,0.02441,1.00146,29.49
$IMU,2577.166,2.197,-0.976,0.366,0.03515,0.02636,1.00146,29.45
$IMU,2577.168,2.441,-0.549,0.732,0.03906,0.02343,1.01220,29.45
$IMU,2577.170,2.197,-0.305,0.793,0.02294,0.01611,1.03662,29.45
$MAG,2577.172,-0.339,-0.267,-0.916,28.3
$IMU,2577.173,0.671,-0.854,0.793,0.02587,0.01904,1.03417,29.45
$IMU,2577.175,0.732,-1.159,1.220,0.04589,0.02099,1.00390,29.45
$IMU,2577.178,1.953,-0.305,1.647,0.04150,0.02099,0.99755,29.45
$IMU,2577.180,2.624,0.915,1.953,0.03857,0.01660,1.00634,29.45
$BARO,2577.182,86442.40,29.38
$MAG,2577.182,-0.334,-0.274,-0.900,28.3
$IMU,2577.182,3.234,1.281,2.014,0.02978,0.00830,1.00927,29.45
$IMU,2577.185,3.356,1.708,1.953,0.02490,0.01269,1.00341,29.49
$IMU,2577.187,3.662,1.220,1.831,0.01660,0.01562,0.99755,29.49
$IMU,2577.189,3.906,0.671,1.831,0.02148,0.01660,0.99609,29.49
$IMU,2577.192,4.028,0.549,2.014,0.02636,0.01855,0.99853,29.49
$MAG,2577.192,-0.331,-0.271,-0.907,28.3
$IMU,2577.194,4.028,0.305,2.319,0.03173,0.02099,1.00097,29.49
$IMU,2577.196,4.150,0.488,2.685,0.03222,0.02197,1.00683,29.49
$IMU,2577.199,4.272,0.732,2.929,0.03027,0.02490,1.00537,29.49
$IMU,2577.201,4.577,0.671,3.356,0.03027,0.02636,0.99707,29.49
$MAG,2577.202,-0.346,-0.271,-0.901,28.3
$IMU,2577.203,5.310,1.159,3.234,0.01318,0.02294,0.99658,29.48
$IMU,2577.206,6.469,1.953,2.502,-0.01367,0.02636,0.98437,29.48
$IMU,2577.208,7.751,2.563,1.403,-0.00537,0.01855,0.98291,29.48
$IMU,2577.210,8.117,2.319,1.159,0.00976,0.01855,0.99511,29.48
$MAG,2577.213,-0.345,-0.274,-0.906,28.3
$IMU,2577.213,7.751,1.586,2.258,0.04785,0.02490,0.99658,29.48
$IMU,2577.215,7.446,1.525,3.417,0.03125,0.02099,1.00976,29.48
$IMU,2577.217,7.141,1.708,2.624,0.02148,0.01904,1.01562,29.48
$IMU,2577.220,7.263,1.770,1.708,0.01269,0.00585,1.01611,29.48
$IMU,2577.222,7.263,2.197,1.281,0.00537,0.01953,1.00927,29.48
$MAG,2577.223,-0.345,-0.271,-0.898,28.2
$IMU,2577.224,7.019,1.892,1.098,0.00488,0.02636,1.01074,29.48
$IMU,2577.227,6.652,1.159,0.915,-0.00195,0.02978,1.01416,29.48
$IMU,2577.229,6.286,0.427,0.671,0.00341,0.03173,1.01757,29.48
$IMU,2577.231,6.103,0.061,0.366,0.00341,0.03222,1.02099,29.48
$MAG,2577.233,-0.334,-0.274,-0.907,28.5
$IMU,2577.234,5.920,-0.366,0.122,0.01269,0.03369,1.02246,29.48
$IMU,2577.236,5.554,-0.976,-0.061,0.00097,0.04296,1.03466,29.48
$IMU,2577.238,4.699,-1.770,-0.732,-0.00634,0.04296,1.03906,29.48
$IMU,2577.241,3.601,-2.502,-1.342,-0.00585,0.04101,1.04150,29.46
$MAG,2577.243,-0.345,-0.268,-0.907,28.5
$IMU,2577.243,2.441,-3.295,-1.770,0.00000,0.04345,1.04589,29.46
$IMU,2577.246,1.342,-3.967,-1.953,0.00683,0.04003,1.04541,29.46
$IMU,2577.248,0.122,-4.394,-2.136,0.01367,0.03808,1.04980,29.46
$HUM,2577.249,37.2,29.8
$IMU,2577.250,-0.976,-4.333,-2.319,0.01416,0.03564,1.04589,29.46
$MAG,2577.253,-0.339,-0.271,-0.897,28.5
$IMU,2577.253,-1.403,-4.516,-2.624,0.02539,0.03369,1.04443,29.46
$IMU,2577.255,-1.525,-5.004,-2.868,0.02392,0.03125,1.03857,29.46
$IMU,2577.257,-1.770,-4.455,-3.051,0.02343,0.02978,1.03564,29.46
$IMU,2577.260,-1.831,-3.540,-2.990,0.02929,0.03076,1.03076,29.40
$IMU,2577.262,-1.770,-2.990,-2.868,0.03466,0.03027,1.02734,29.40
$MAG,2577.263,-0.340,-0.268,-0.909,28.3
$IMU,2577.264,-1.464,-2.746,-2.502,0.03759,0.03466,1.02294,29.40
$IMU,2577.267,-1.403,-2.136,-1.953,0.04101,0.03515,1.01611,29.40
$IMU,2577.269,-1.159,-1.464,-1.098,0.04638,0.03564,1.01464,29.40
$IMU,2577.271,-0.976,-0.976,0.000,0.05322,0.03466,1.01220,29.40
$MAG,2577.273,-0.343,-0.276,-0.906,28.5
$IMU,2577.274,-1.708,0.061,0.915,0.04833,0.03369,1.02343,29.40
$IMU,2577.276,-2.502,0.793,1.464,0.04394,0.03271,1.02343,29.40
$IMU,2577.278,-3.173,0.915,1.708,0.03173,0.02783,1.01904,29.46
$IMU,2577.281,-3.662,0.732,1.953,0.01611,0.02294,1.01318,29.46
$BARO,2577.283,86423.63,29.38
$MAG,2577.283,-0.339,-0.273,-0.910,28.3
$IMU,2577.283,-3.906,1.098,2.014,0.00634,0.02343,1.00146,29.46
$IMU,2577.285,-3.662,1.220,1.831,0.00439,0.02392,0.99267,29.46
$IMU,2577.288,-3.295,0.854,1.770,0.00097,0.02099,0.99121,29.46
$IMU,2577.290,-2.746,0.427,1.525,0.00146,0.02392,0.99169,29.46
$IMU,2577.292,-2.014,0.305,1.342,0.00878,0.02343,0.99169,29.46
$MAG,2577.293,-0.339,-0.271,-0.907,28.3
$IMU,2577.295,-1.403,0.061,1.159,0.01904,0.02099,1.00146,29.46
$IMU,2577.297,-1.098,-0.183,1.159,0.02294,0.02490,0.99902,29.48
$IMU,2577.299,-0.610,-0.061,1.403,0.03808,0.02587,1.00781,29.48
$IMU,2577.302,-0.610,-0.305,1.770,0.04394,0.02734,1.00488,29.48
$MAG,2577.303,-0.337,-0.270,-0.907,28.5
$IMU,2577.304,0.122,-0.305,2.502,0.05419,0.02636,1.00390,29.48
$IMU,2577.307,0.793,-0.244,3.112,0.04589,0.02587,1.00195,29.48
$IMU,2577.309,1.647,0.183,3.417,0.03613,0.02441,0.99804,29.48
$IMU,2577.311,2.563,0.610,3.234,0.02197,0.01806,0.99755,29.48
$MAG,2577.314,-0.343,-0.267,-0.901,28.2
$IMU,2577.314,3.356,0.427,3.051,0.01171,0.02099,1.00244,29.48
$IMU,2577.316,3.845,-0.183,2.563,0.00048,0.02392,1.00146,29.48
$IMU,2577.318,3.906,-0.366,1.953,-0.00292,0.02246,1.00244,29.48
$IMU,2577.321,3.967,-0.854,1.342,-0.00244,0.01855,1.00732,29.48
$IMU,2577.323,4.150,-1.464,1.037,0.00683,0.01708,1.00683,29.48
$MAG,2577.324,-0.345,-0.279,-0.904,28.3
$IMU,2577.325,4.516,-2.014,0.976,0.02001,0.01708,1.00976,29.48
$IMU,2577.328,4.516,-2.014,0.976,0.02148,0.01611,1.00976,29.48
$IMU,2577.330,4.882,-2.014,0.732,0.02050,0.02294,1.01269,29.48
$IMU,2577.332,5.371,-2.014,0.732,0.01904,0.02294,1.01123,29.48
$MAG,2577.334,-0.339,-0.273,-0.906,28.2
$IMU,2577.335,5.737,-1.403,0.732,0.02783,0.02490,1.00634,29.48
$IMU,2577.337,6.408,-1.403,1.281,0.03906,0.02539,1.00634,29.48
$IMU,2577.339,6.774,-1.342,2.502,0.05371,0.02636,1.01171,29.48
$IMU,2577.342,7.080,-1.403,4.455,0.06054,0.03906,1.01708,29.48
$MAG,2577.344,-0.339,-0.279,-0.907,28.3
$IMU,2577.344,6.713,-1.159,5.798,0.04541,0.03271,1.02685,29.48
$IMU,2577.346,5.920,-0.671,6.164,0.00341,0.03027,1.03320,29.48
$IMU,2577.349,4.272,-0.671,3.540,-0.06787,0.02343,1.03759,29.48
$IMU,2577.351,2.685,-0.732,0.000,-0.06103,0.02050,0.99951,29.48
$IMU,2577.353,4.272,-0.915,-1.037,0.00097,0.02734,0.94970,29.47
$MAG,2577.354,-0.346,-0.265,-0.897,28.3
$IMU,2577.356,5.859,-1.037,-0.915,-0.00146,0.03076,0.98437,29.47
$IMU,2577.358,4.333,-1.953,-1.342,0.01660,0.02832,1.00488,29.47
$IMU,2577.361,4.028,-1.892,-1.159,0.04736,0.01562,0.99414,29.47
$IMU,2577.363,4.455,-1.098,-0.671,0.02978,0.01904,1.01611,29.47
$MAG,2577.364,-0.345,-0.277,-0.906,28.3
$IMU,2577.365,2.624,-1.281,-1.525,0.01269,0.02294,1.02832,29.47
$IMU,2577.368,1.281,-1.647,-2.075,0.01220,0.02099,1.02636,29.47
$IMU,2577.370,0.427,-1.708,-2.258,0.01367,0.02978,1.02343,29.47
$IMU,2577.372,-0.244,-2.014,-2.258,0.00781,0.03662,1.03173,29.45
$MAG,2577.374,-0.342,-0.282,-0.906,28.5
$IMU,2577.375,-1.281,-2.136,-2.563,0.00195,0.04345,1.03759,29.45
$IMU,2577.377,-2.014,-2.807,-3.051,0.00292,0.04785,1.04443,29.45
$IMU,2577.379,-2.441,-3.601,-3.479,0.01074,0.04931,1.04052,29.45
$IMU,2577.382,-2.929,-4.028,-3.601,0.01757,0.05175,1.04248,29.45
$BARO,2577.384,86433.92,29.38
$MAG,2577.384,-0.342,-0.285,-0.909,28.3
$IMU,2577.384,-3.356,-4.394,-3.662,0.02343,0.05712,1.04443,29.45
$IMU,2577.386,-3.784,-4.333,-3.479,0.03173,0.04980,1.04882,29.45
$IMU,2577.389,-4.028,-4.211,-3.540,0.03417,0.04443,1.04443,29.45
$IMU,2577.391,-4.394,-4.150,-3.417,0.03125,0.04101,1.04492,29.45
$IMU,2577.393,-4.699,-4.089,-3.356,0.03027,0.03417,1.04394,29.45
$MAG,2577.394,-0.337,-0.277,-0.897,28.5
$IMU,2577.396,-5.126,-3.967,-3.112,0.03710,0.03222,1.04003,29.45
$IMU,2577.398,-5.371,-3.601,-2.624,0.04833,0.03076,1.02783,29.45
$IMU,2577.400,-5.432,-2.990,-1.831,0.05419,0.03076,1.02001,29.45
$IMU,2577.403,-5.432,-2.441,-1.037,0.05175,0.02978,1.02636,29.45
$MAG,2577.404,-0.339,-0.276,-0.901,28.3
$IMU,2577.405,-5.798,-1.770,-0.427,0.05224,0.02539,1.02587,29.45
$IMU,2577.407,-5.615,-1.037,0.061,0.04003,0.02001,1.02050,29.45
$IMU,2577.410,-5.554,-0.549,0.244,0.03027,0.02539,1.01318,29.44
$IMU,2577.412,-5.126,-0.244,0.305,0.02441,0.02148,1.01123,29.44
$MAG,2577.414,-0.346,-0.268,-0.901,28.3
$IMU,2577.414,-4.699,-0.061,0.183,0.01953,0.02148,1.00878,29.44
$IMU,2577.417,-4.638,0.000,0.305,0.02685,0.02148,1.00976,29.44
$IMU,2577.419,-4.455,-0.061,0.610,0.04052,0.02099,1.00830,29.44
$IMU,2577.421,-4.089,0.549,1.098,0.04687,0.02148,1.00488,29.44
$IMU,2577.424,-3.601,0.976,1.342,0.03808,0.02343,1.01171,29.44
$MAG,2577.425,-0.349,-0.267,-0.903,28.3
$IMU,2577.426,-3.417,1.342,1.281,0.03759,0.02001,1.01660,29.44
$IMU,2577.429,-2.929,1.586,1.159,0.02490,0.02246,1.00927,29.47
$IMU,2577.431,-2.380,1.831,1.037,0.02148,0.01708,1.00244,29.47
$IMU,2577.433,-1.708,1.708,0.915,0.01757,0.01904,1.00097,29.47
$MAG,2577.435,-0.340,-0.273,-0.898,28.3
$IMU,2577.436,-1.159,1.403,0.976,0.01757,0.01416,0.99707,29.47
$IMU,2577.438,-0.671,1.220,0.793,0.01611,0.01464,0.99023,29.47
$IMU,2577.440,-0.183,1.220,0.671,0.02099,0.01660,0.98730,29.47
$IMU,2577.443,0.366,1.281,0.610,0.02099,0.01220,0.98681,29.47
$MAG,2577.445,-0.339,-0.273,-0.904,28.3
$IMU,2577.445,0.854,1.464,0.427,0.01806,0.01123,0.98730,29.47
$IMU,2577.447,1.464,1.464,0.122,0.01611,0.00585,0.98681,29.47
$IMU,2577.450,2.258,1.098,-0.244,0.00781,0.00927,0.98730,29.47
$IMU,2577.452,2.868,1.159,-0.793,0.00927,0.01074,0.98535,29.47
$IMU,2577.454,3.417,1.037,-1.464,0.00927,0.00830,0.98388,29.47
$MAG,2577.455,-0.334,-0.274,-0.907,28.3
$IMU,2577.457,3.723,1.098,-2.136,0.01123,0.00732,0.98535,29.47
$IMU,2577.459,4.211,0.854,-2.502,0.01611,0.01025,0.98876,29.47
$IMU,2577.461,4.455,0.854,-2.746,0.01708,0.01562,0.99267,29.47
$IMU,2577.464,4.638,0.793,-3.173,0.02148,0.01708,0.99755,29.47
$MAG,2577.465,-0.339,-0.277,-0.906,28.1
$IMU,2577.466,4.943,0.793,-3.540,0.02294,0.02490,0.99804,29.46
$IMU,2577.468,5.493,0.915,-3.662,0.02734,0.02490,0.99316,29.46
$IMU,2577.471,6.164,1.281,-4.150,0.02783,0.02539,0.99365,29.46
$IMU,2577.473,6.896,1.525,-4.333,0.02783,0.02734,0.99267,29.46
$MAG,2577.475,-0.339,-0.276,-0.903,28.5
$IMU,2577.475,7.385,2.197,-4.516,0.03417,0.03320,0.99804,29.46
$IMU,2577.478,8.117,2.563,-4.516,0.04150,0.03662,0.99511,29.46
$IMU,2577.480,8.544,3.112,-4.211,0.04736,0.03759,1.00341,29.46
$IMU,2577.482,7.995,3.540,-4.028,0.04199,0.03173,1.02246,29.46
$MAG,2577.485,-0.348,-0.279,-0.900,28.3
$IMU,2577.485,7.263,3.845,-3.967,0.03564,0.02246,1.03222,29.43
$BARO,2577.486,86425.99,29.39
$IMU,2577.487,6.408,4.211,-4.089,0.02099,0.02343,1.04248,29.43
$IMU,2577.490,5.615,3.662,-4.760,0.01318,0.02392,1.03369,29.43
$IMU,2577.492,5.371,2.807,-5.371,0.00097,0.02246,1.02246,29.43
$IMU,2577.494,5.798,1.525,-5.981,0.01757,0.03369,1.00000,29.43
$MAG,2577.495,-0.343,-0.271,-0.904,28.5
$IMU,2577.497,7.751,1.831,-5.920,0.02392,0.03320,1.00781,29.43
$IMU,2577.499,8.117,2.197,-5.615,0.02539,0.03906,1.02929,29.43
$IMU,2577.501,7.812,2.014,-4.943,0.03710,0.05322,1.02050,29.43
$IMU,2577.504,7.324,2.136,-3.967,0.02441,0.06201,1.02587,29.47
$MAG,2577.505,-0.340,-0.280,-0.900,28.5
$IMU,2577.506,6.164,1.892,-3.540,0.02148,0.06640,1.03076,29.47
$IMU,2577.508,5.615,1.586,-2.990,0.01562,0.06933,1.02734,29.47
$IMU,2577.511,5.493,1.708,-2.685,-0.00927,0.07421,1.03662,29.47
$IMU,2577.513,2.685,-0.122,-3.295,-0.03369,0.07080,1.07666,29.47
$MAG,2577.515,-0.337,-0.276,-0.901,28.3
$IMU,2577.515,-0.488,-2.807,-3.906,-0.02343,0.06542,1.07519,29.47
$IMU,2577.518,-1.770,-4.333,-3.845,-0.00146,0.06054,1.06298,29.47
$IMU,2577.520,-2.441,-4.821,-3.417,0.02197,0.05517,1.04980,29.47
$IMU,2577.522,-2.441,-4.516,-2.990,0.03320,0.04589,1.04687,29.48
$IMU,2577.525,-2.014,-3.662,-2.868,0.04003,0.04394,1.03808,29.48
$MAG,2577.526,-0.343,-0.282,-0.904,28.5
$IMU,2577.527,-1.342,-2.746,-2.868,0.04052,0.03710,1.03173,29.48
$IMU,2577.529,-0.610,-1.831,-2.685,0.04003,0.03466,1.02148,29.48
$IMU,2577.532,-0.732,-0.732,-2.258,0.03759,0.03906,1.01708,29.48
$IMU,2577.534,-0.793,-0.549,-1.708,0.02539,0.03906,1.01562,29.48
$MAG,2577.536,-0.346,-0.274,-0.901,28.5
$IMU,2577.536,-1.098,-0.427,-1.159,0.02246,0.03564,1.01513,29.48
$IMU,2577.539,-1.342,-0.427,-0.671,0.01708,0.03564,1.01318,29.48
$IMU,2577.541,-1.586,-0.610,-0.488,0.00976,0.03466,1.01318,29.46
$IMU,2577.543,-1.831,-0.793,-0.244,0.00927,0.03173,1.01269,29.46
$MAG,2577.546,-0.340,-0.279,-0.906,28.3
$IMU,2577.546,-2.075,-0.854,-0.061,0.01318,0.02783,1.00439,29.46
$IMU,2577.548,-2.075,-0.854,0.305,0.02539,0.02880,1.00000,29.46
$IMU,2577.551,-2.380,-0.427,1.037,0.03369,0.02490,1.00146,29.46
$IMU,2577.553,-2.746,-0.061,1.831,0.03662,0.02783,1.00439,29.46
$IMU,2577.555,-2.929,0.305,2.258,0.03125,0.02832,1.00634,29.46
$MAG,2577.556,-0.343,-0.276,-0.910,28.5
$IMU,2577.558,-2.990,0.732,2.319,0.02099,0.02832,1.00390,29.46
$IMU,2577.560,-2.746,0.854,2.014,0.01611,0.02343,1.00146,29.46
$IMU,2577.562,-2.258,0.854,1.708,0.01611,0.02148,0.99658,29.46
$IMU,2577.565,-1.525,0.732,1.342,0.01464,0.02734,0.99609,29.46
$MAG,2577.566,-0.355,-0.277,-0.897,28.5
$IMU,2577.567,-1.159,0.793,0.854,0.02050,0.02734,0.99853,29.46
$IMU,2577.569,-0.915,0.732,0.366,0.02001,0.02880,1.00439,29.46
$IMU,2577.572,-0.610,0.366,0.000,0.01806,0.02734,1.00244,29.46
$IMU,2577.574,-0.305,0.610,-0.366,0.02294,0.03222,1.00195,29.46
$MAG,2577.576,-0.337,-0.273,-0.901,28.5
$IMU,2577.576,0.244,0.732,-0.915,0.01513,0.04199,0.99853,29.46
$IMU,2577.579,1.037,0.976,-2.136,0.01464,0.03662,1.00195,29.46
$IMU,2577.581,1.586,0.915,-2.807,0.02148,0.02734,1.00781,29.46
$IMU,2577.583,1.770,1.159,-2.746,0.02441,0.02392,1.00488,29.46
$MAG,2577.586,-0.337,-0.276,-0.909,28.5
$IMU,2577.586,1.831,1.159,-2.685,0.02001,0.02490,1.00732,29.46
$BARO,2577.587,86427.87,29.38
$IMU,2577.588,2.258,1.342,-3.112,0.01855,0.02734,1.00781,29.46
$IMU,2577.590,2.685,1.647,-3.845,0.01660,0.02685,1.01953,29.46
$IMU,2577.593,-1.403,-0.366,-4.821,0.00488,0.00292,1.11962,29.46
$IMU,2577.595,-5.798,-3.112,-4.211,0.05712,0.01660,1.02783,29.46
$MAG,2577.596,-0.336,-0.270,-0.898,28.3
$IMU,2577.597,-2.258,-0.915,-2.624,0.08789,0.01757,0.96972,29.51
$IMU,2577.600,2.014,2.014,-2.075,0.08251,0.03076,0.94677,29.51
$IMU,2577.602,7.629,5.737,-3.173,0.03320,0.05566,0.95068,29.51
$IMU,2577.604,8.361,6.530,-6.164,-0.02197,0.04443,1.03417,29.51
$MAG,2577.606,-0.336,-0.276,-0.900,28.5
$IMU,2577.607,5.737,4.394,-7.812,-0.02636,0.03076,1.04150,29.51
$IMU,2577.609,3.845,2.197,-7.385,-0.00683,0.02734,1.04150,29.51
$IMU,2577.612,3.356,0.976,-6.164,0.01660,0.03955,1.00488,29.51
$IMU,2577.614,3.601,0.244,-5.249,0.02246,0.04931,1.01025,29.51
$MAG,2577.616,-0.339,-0.282,-0.907,28.2
$IMU,2577.616,3.173,-0.671,-5.187,0.02050,0.03222,1.03125,29.49
$IMU,2577.619,2.502,-0.976,-5.065,0.02392,0.02880,1.04003,29.49
$IMU,2577.621,1.953,-0.488,-4.577,0.02783,0.03320,1.02783,29.49
$IMU,2577.623,1.831,-0.793,-4.150,0.02294,0.04345,1.03076,29.49
$MAG,2577.626,-0.337,-0.282,-0.900,28.6
$IMU,2577.626,0.976,-0.915,-4.211,0.01806,0.04833,1.04052,29.49
$TIME,2577.628,463100.000,2399
$IMU,2577.628,-0.122,-1.403,-4.455,0.01513,0.04150,1.04394,29.49
$IMU,2577.630,-1.098,-1.831,-4.394,0.00878,0.04638,1.04248,29.49
$IMU,2577.633,-1.770,-1.831,-4.394,0.00683,0.04443,1.03271,29.49
$IMU,2577.635,-1.831,-2.258,-4.760,0.00732,0.04150,1.03222,29.46
$MAG,2577.637,-0.336,-0.280,-0.904,28.3
$IMU,2577.637,-1.770,-2.624,-5.004,0.01708,0.03271,1.02783,29.46
$IMU,2577.640,-1.770,-2.746,-4.638,0.02929,0.03076,1.02783,29.46
$IMU,2577.642,-3.173,-3.662,-3.173,0.06835,0.01367,1.06542,29.46
$IMU,2577.644,-6.530,-5.126,-0.671,0.06640,0.01562,1.06591,29.46
$MAG,2577.647,-0.343,-0.282,-0.907,28.2
$IMU,2577.647,-7.202,-3.723,0.549,0.07373,0.02246,1.03222,29.46
$IMU,2577.649,-6.286,-1.342,0.732,0.04296,0.02880,1.00781,29.46
$IMU,2577.651,-5.493,0.610,0.366,0.01464,0.02587,0.99462,29.46
$IMU,2577.654,-4.455,1.159,0.183,-0.01025,0.03564,0.98437,29.48
$IMU,2577.656,-3.173,1.647,0.305,-0.00683,0.04101,0.97558,29.48
$MAG,2577.657,-0.337,-0.282,-0.898,28.3
$IMU,2577.658,-1.892,1.708,0.488,-0.01025,0.05126,0.97314,29.48
$IMU,2577.661,-0.915,1.403,0.732,0.01269,0.04296,0.98486,29.48
$IMU,2577.663,-0.732,0.976,1.220,0.01660,0.03662,1.00341,29.48
$IMU,2577.665,-0.305,0.366,1.220,0.01953,0.02978,1.00830,29.48
$MAG,2577.667,-0.334,-0.280,-0.903,28.3
$IMU,2577.668,0.183,0.488,1.342,0.03076,0.01806,1.01171,29.48
$IMU,2577.670,0.915,0.854,1.770,0.04443,0.01611,1.00878,29.48
$IMU,2577.673,1.464,1.586,2.624,0.06201,0.01757,1.01367,29.47
$IMU,2577.675,1.403,2.502,3.540,0.06103,0.02539,1.01611,29.47
$MAG,2577.677,-0.345,-0.276,-0.900,28.5
$IMU,2577.677,0.732,3.540,3.967,0.04345,0.02832,1.02050,29.47
$IMU,2577.680,0.366,4.028,4.028,0.02636,0.02734,1.01611,29.47
$IMU,2577.682,0.427,3.967,3.723,0.00830,0.02734,1.00537,29.47
$IMU,2577.684,0.610,3.601,3.356,-0.00146,0.02343,0.99853,29.47
$MAG,2577.687,-0.343,-0.280,-0.903,28.5
$IMU,2577.687,1.098,3.112,3.051,-0.00292,0.02392,0.99072,29.47
$BARO,2577.689,86443.74,29.39
$IMU,2577.689,1.464,2.746,2.685,-0.00146,0.02246,0.98925,29.47
$IMU,2577.691,2.136,2.014,2.441,0.00634,0.02148,0.98925,29.53
$IMU,2577.694,2.624,1.403,2.136,0.00878,0.01904,0.99560,29.53
$IMU,2577.696,2.990,1.220,1.647,0.01220,0.02050,0.99609,29.53
$MAG,2577.697,-0.340,-0.279,-0.900,28.5
$IMU,2577.698,3.295,1.098,1.342,0.01757,0.01904,0.99658,29.53
$IMU,2577.701,3.784,1.037,1.159,0.01904,0.01611,1.00146,29.53
$IMU,2577.703,4.211,1.037,0.793,0.01953,0.01660,1.00439,29.53
$IMU,2577.705,4.699,1.220,0.671,0.01757,0.01708,1.00781,29.53
$MAG,2577.707,-0.340,-0.277,-0.900,28.3
$IMU,2577.708,5.249,1.037,0.549,0.01806,0.02734,1.00976,29.53
$IMU,2577.710,5.371,0.976,0.305,0.02099,0.02783,1.01171,29.44
$IMU,2577.712,5.676,1.281,0.122,0.02246,0.03173,1.01123,29.44
$IMU,2577.715,5.676,1.525,0.427,0.03857,0.03710,1.01416,29.44
$MAG,2577.717,-0.336,-0.282,-0.906,28.3
$IMU,2577.717,5.554,1.831,0.976,0.03759,0.03955,1.01904,29.44
$IMU,2577.719,4.943,2.197,1.342,0.02685,0.04931,1.02587,29.44
$IMU,2577.722,4.272,2.319,1.342,0.00976,0.05517,1.02587,29.44
$IMU,2577.724,3.173,2.075,1.037,-0.00048,0.06103,1.02343,29.44
$IMU,2577.726,2.075,1.403,0.427,-0.00976,0.06494,1.03173,29.44
$MAG,2577.727,-0.340,-0.282,-0.904,28.5
$IMU,2577.729,0.915,0.610,-0.183,-0.01367,0.06640,1.03808,29.47
$IMU,2577.731,-0.122,-0.671,-0.671,-0.00830,0.06591,1.04394,29.47
$IMU,2577.734,-1.220,-1.892,-0.976,-0.00097,0.06445,1.04492,29.47
$IMU,2577.736,-2.075,-2.502,-1.159,0.01660,0.05957,1.04980,29.47
$MAG,2577.738,-0.340,-0.279,-0.901,28.5
$IMU,2577.738,-2.624,-2.685,-1.220,0.02929,0.05371,1.04638,29.47
$IMU,2577.741,-3.295,-2.258,-1.159,0.03613,0.04785,1.04882,29.47
$IMU,2577.743,-3.723,-2.136,-1.159,0.03222,0.04345,1.04638,29.47
$IMU,2577.745,-4.028,-2.075,-1.281,0.02587,0.03906,1.03662,29.47
$MAG,2577.748,-0.342,-0.279,-0.895,28.3
$IMU,2577.748,-3.540,-1.892,-1.342,0.02734,0.03710,1.02539,29.46
$IMU,2577.750,-3.234,-1.770,-1.525,0.02294,0.03808,1.02490,29.46
$IMU,2577.752,-3.234,-1.525,-1.586,0.01220,0.03662,1.02148,29.46
$IMU,2577.755,-3.173,-1.342,-1.708,0.01513,0.04199,1.02294,29.46
$IMU,2577.757,-3.295,-1.831,-1.647,0.01269,0.04101,1.02392,29.46
$MAG,2577.758,-0.346,-0.279,-0.903,28.2
$IMU,2577.759,-3.356,-2.441,-1.770,0.01074,0.04199,1.02734,29.46
$IMU,2577.762,-3.967,-2.441,-1.525,0.03515,0.04101,1.03173,29.46
$IMU,2577.764,-5.371,-3.295,0.061,0.06494,0.02832,1.04736,29.46
$IMU,2577.766,-7.019,-2.990,0.549,0.00390,0.04541,1.04589,29.48
$MAG,2577.768,-0.342,-0.280,-0.900,28.3
$IMU,2577.769,-7.080,-1.220,-1.403,-0.00634,0.04052,1.01660,29.48
$IMU,2577.771,-6.591,-0.549,-2.258,0.00390,0.02929,0.99658,29.48
$IMU,2577.773,-5.615,-0.549,-2.380,0.01269,0.03466,0.99267,29.48
$IMU,2577.776,-5.065,-0.244,-1.831,0.02539,0.02978,0.99511,29.48
$MAG,2577.778,-0.340,-0.274,-0.907,28.3
$IMU,2577.778,-4.699,-0.244,-1.525,0.01806,0.03271,1.00195,29.48
$IMU,2577.780,-4.455,-0.427,-1.892,0.01562,0.02636,1.00000,29.48
$IMU,2577.783,-3.845,-0.671,-2.197,0.02246,0.01757,0.99365,29.48
$IMU,2577.785,-2.807,-1.098,-1.525,0.03808,0.01904,0.99316,29.50
$IMU,2577.787,-2.563,-0.793,-1.647,0.00878,0.02392,1.01269,29.50
$MAG,2577.788,-0.342,-0.279,-0.898,28.5
$BARO,2577.790,86431.11,29.40
$IMU,2577.790,-2.380,0.000,-1.770,0.05419,0.02294,0.99218,29.50
$IMU,2577.792,-1.403,0.915,-0.122,0.06591,0.02441,0.98388,29.50
$IMU,2577.794,-0.671,1.708,1.342,0.06152,0.03271,0.98925,29.50
$IMU,2577.797,-0.183,2.197,2.075,0.03955,0.03125,0.99755,29.50
$MAG,2577.798,-0.339,-0.280,-0.901,28.3
$IMU,2577.799,0.122,2.685,2.014,0.01464,0.03320,0.99560,29.50
$IMU,2577.802,0.671,2.685,1.586,0.00244,0.03027,0.98828,29.50
$IMU,2577.804,1.586,2.136,1.281,-0.00390,0.02392,0.98193,29.42
$IMU,2577.806,2.563,1.403,1.159,0.00537,0.02246,0.97949,29.42
$MAG,2577.808,-0.342,-0.285,-0.897,28.3
$IMU,2577.809,2.990,1.037,1.281,0.01416,0.02343,0.98437,29.42
$IMU,2577.811,3.479,0.549,1.464,0.01904,0.02099,0.98925,29.42
$IMU,2577.813,3.784,0.366,1.464,0.02099,0.02294,0.98828,29.42
$IMU,2577.816,4.272,0.427,1.159,0.02050,0.01855,0.98925,29.42
$MAG,2577.818,-0.337,-0.271,-0.907,28.5
$IMU,2577.818,5.065,0.305,0.915,0.01757,0.01855,0.99121,29.42
$IMU,2577.820,5.615,0.244,0.549,0.00927,0.02148,0.99072,29.42
$IMU,2577.823,6.042,0.122,0.061,0.00292,0.02539,0.99414,29.47
$IMU,2577.825,6.286,-0.427,-0.549,0.00244,0.02587,1.00341,29.47
$IMU,2577.827,6.164,-0.671,-1.220,0.00927,0.02001,1.00683,29.47
$MAG,2577.828,-0.346,-0.285,-0.901,28.2
$IMU,2577.830,5.676,-0.854,-1.525,0.01123,0.01708,1.01171,29.47
$IMU,2577.832,4.943,-1.037,-1.708,0.01806,0.02050,1.00927,29.47
$IMU,2577.834,4.821,-1.281,-1.708,0.01660,0.02197,1.00781,29.47
$IMU,2577.837,4.882,-1.525,-1.647,0.01904,0.02734,1.01562,29.47
$MAG,2577.838,-0.337,-0.280,-0.903,28.5
$IMU,2577.839,5.310,-1.525,-1.831,0.02148,0.03173,1.01708,29.47
$IMU,2577.841,5.798,-1.159,-2.136,0.02148,0.03076,1.02294,29.45
$VBAT,2577.841,4.135
$IMU,2577.844,6.530,-0.671,-2.441,0.01855,0.04101,1.01074,29.45
$IMU,2577.846,7.934,-0.244,-3.417,0.01269,0.05517,1.00683,29.45
$IMU,2577.848,9.521,-0.122,-4.394,0.01953,0.03417,1.02050,29.45
$MAG,2577.849,-0.342,-0.280,-0.897,28.3
$IMU,2577.851,10.009,0.671,-4.760,0.02978,0.03320,1.01855,29.45
$IMU,2577.853,10.498,0.915,-4.638,0.03613,0.03271,1.02001,29.45
$IMU,2577.855,10.620,1.037,-4.455,0.04101,0.02685,1.02441,29.45
$IMU,2577.858,9.887,1.464,-4.089,0.04589,0.01904,1.03759,29.45
$MAG,2577.859,-0.345,-0.286,-0.897,28.5
$IMU,2577.860,8.117,1.098,-3.540,0.05761,0.01904,1.05957,29.46
$IMU,2577.863,5.432,0.793,-2.502,0.06396,0.02539,1.08056,29.46
$IMU,2577.865,-0.061,-1.403,-0.732,0.06884,0.02978,1.13134,29.46
$IMU,2577.867,-4.821,-2.014,0.305,0.07031,0.03564,1.09521,29.46
$MAG,2577.869,-0.337,-0.277,-0.906,28.5
$IMU,2577.870,-1.892,0.549,0.244,0.04736,0.05371,0.92578,29.46
$IMU,2577.872,9.338,6.042,-1.403,-0.01611,0.04248,0.90185,29.46
$IMU,2577.874,9.216,5.004,-2.624,-0.00585,0.04931,1.08886,29.46
$IMU,2577.877,-1.159,-0.305,-0.915,-0.00341,0.07910,1.13378,29.46
$MAG,2577.879,-0.339,-0.271,-0.900,28.5
$IMU,2577.879,-2.014,-0.488,-0.854,-0.00927,0.11621,0.97949,29.48
$IMU,2577.881,3.417,2.380,-0.976,0.03466,0.08886,0.95996,29.48
$IMU,2577.884,3.295,2.258,0.488,0.00292,0.09277,0.98681,29.48
$IMU,2577.886,3.540,2.197,0.427,-0.00585,0.08935,1.01708,29.48
$IMU,2577.888,2.197,1.220,0.366,-0.02441,0.06933,1.05078,29.48
$MAG,2577.889,-0.346,-0.276,-0.907,28.5
$IMU,2577.891,-0.488,-0.305,-0.183,-0.02539,0.05078,1.04296,29.48
$BARO,2577.892,86430.11,29.40
$IMU,2577.893,-1.647,-1.464,-0.793,-0.00683,0.03955,1.02734,29.48
$IMU,2577.895,-1.647,-2.075,-0.976,0.01513,0.04003,1.01855,29.48
$IMU,2577.898,-0.915,-2.258,-0.976,0.03027,0.03808,1.02148,29.45
$MAG,2577.899,-0.336,-0.283,-0.900,28.3
$IMU,2577.900,-0.244,-1.586,-1.037,0.03417,0.03955,1.03271,29.45
$IMU,2577.902,0.610,-1.037,-1.464,0.02148,0.05029,1.03906,29.45
$IMU,2577.905,0.854,-1.098,-1.892,0.01318,0.04638,1.03955,29.45
$IMU,2577.907,0.122,-1.586,-1.892,0.00683,0.04345,1.03369,29.45
$MAG,2577.909,-0.339,-0.276,-0.904,28.5
$IMU,2577.909,-0.488,-2.441,-1.647,0.00292,0.04541,1.02880,29.45
$IMU,2577.912,-0.854,-3.234,-1.770,0.00878,0.04785,1.03173,29.45
$IMU,2577.914,-1.525,-3.723,-1.831,0.01464,0.04345,1.03417,29.45
$IMU,2577.916,-1.647,-3.967,-2.014,0.02148,0.03466,1.03320,29.48
$MAG,2577.919,-0.342,-0.280,-0.898,28.3
$IMU,2577.919,-1.892,-4.028,-2.075,0.02734,0.03027,1.02880,29.48
$IMU,2577.921,-2.014,-3.906,-1.892,0.04736,0.02490,1.03271,29.48
$IMU,2577.924,-3.967,-4.638,0.000,0.07812,0.01220,1.05273,29.48
$IMU,2577.926,-5.920,-5.065,1.953,0.04687,0.04052,1.03710,29.48
$IMU,2577.928,-5.493,-3.234,1.586,0.03076,0.04492,1.00585,29.48
$MAG,2577.929,-0.343,-0.283,-0.901,28.3
$IMU,2577.931,-4.699,-1.342,0.793,0.01318,0.03320,0.98339,29.48
$IMU,2577.933,-3.784,0.000,0.122,-0.00292,0.03808,0.97460,29.48
$IMU,2577.935,-2.929,0.366,0.000,0.00537,0.03662,0.97705,29.49
$IMU,2577.938,-2.746,0.183,0.488,0.01171,0.03857,0.98046,29.49
$MAG,2577.939,-0.336,-0.283,-0.898,28.3
$IMU,2577.940,-2.624,-0.427,0.610,0.00830,0.04101,0.99023,29.49
$IMU,2577.942,-2.441,-0.854,0.427,0.01562,0.03466,0.99853,29.49
$IMU,2577.945,-1.892,-0.976,0.305,0.02490,0.03076,1.00146,29.49
$IMU,2577.947,-1.525,-0.915,0.549,0.03955,0.03125,1.00244,29.49
$IMU,2577.949,-1.647,-0.366,0.854,0.04638,0.03222,1.00830,29.49
$MAG,2577.950,-0.339,-0.280,-0.903,28.3
$IMU,2577.952,-1.892,0.427,1.037,0.04541,0.03173,1.00341,29.49
$IMU,2577.954,-1.831,1.037,1.098,0.03710,0.03369,1.00146,29.49
$IMU,2577.956,-2.075,1.525,0.915,0.02246,0.03466,0.99658,29.49
$IMU,2577.959,-1.953,1.525,0.488,0.01953,0.02929,0.99072,29.49
$MAG,2577.960,-0.337,-0.279,-0.901,28.5
$IMU,2577.961,-1.892,1.220,0.305,0.00976,0.03320,0.98974,29.49
$IMU,2577.963,-1.586,0.854,0.183,0.00732,0.03857,0.98437,29.49
$IMU,2577.966,-0.915,0.732,-0.122,0.00781,0.03564,0.98046,29.49
$IMU,2577.968,0.000,0.305,-0.122,0.00878,0.03222,0.97607,29.49
$MAG,2577.970,-0.339,-0.276,-0.906,28.5
$IMU,2577.970,0.976,0.122,-0.244,0.01171,0.03076,0.97558,29.49
$IMU,2577.973,1.953,-0.183,-0.610,0.01367,0.02880,0.97998,29.51
$IMU,2577.975,2.441,-0.488,-0.854,0.01416,0.02685,0.98876,29.51
$IMU,2577.977,2.441,-0.976,-1.098,0.01123,0.02685,0.99902,29.51
$MAG,2577.980,-0.342,-0.270,-0.904,28.3
$IMU,2577.980,2.075,-1.220,-1.586,0.00000,0.03564,1.00195,29.51
$IMU,2577.982,2.075,-1.464,-2.685,0.00146,0.03222,1.00878,29.51
$IMU,2577.985,1.831,-1.892,-3.479,0.00781,0.02587,1.01855,29.51
$IMU,2577.987,0.976,-2.563,-3.479,0.02050,0.02929,1.03320,29.51
$IMU,2577.989,-0.244,-2.685,-3.173,0.02539,0.03808,1.03710,29.51
$MAG,2577.990,-0.337,-0.276,-0.897,28.5
$IMU,2577.992,-1.525,-3.051,-2.319,0.07958,0.03027,1.05371,29.47
$BARO,2577.993,86435.16,29.40
$IMU,2577.994,-2.990,-2.929,-0.061,0.08935,0.03320,1.05957,29.47
$IMU,2577.996,-3.723,-1.525,1.037,0.07080,0.04248,1.06884,29.47
$IMU,2577.999,-4.333,-0.122,0.488,0.04394,0.05322,1.04980,29.47
$MAG,2578.000,-0.346,-0.271,-0.889,28.5
$IMU,2578.001,-3.417,0.366,-0.122,0.01953,0.04345,1.04638,29.47
$IMU,2578.003,-4.394,-0.488,-0.732,-0.02099,0.07031,1.03613,29.47
$IMU,2578.006,-3.967,-0.244,-1.586,-0.02197,0.05468,1.01660,29.47
$IMU,2578.008,-4.394,-0.732,-2.197,-0.04931,0.06298,1.02197,29.47
$MAG,2578.010,-0.336,-0.276,-0.903,28.5
$IMU,2578.010,-4.211,-1.342,-3.356,-0.00341,0.05175,0.98828,29.46
$IMU,2578.013,-2.624,-1.831,-2.441,0.04345,0.03466,0.99414,29.46
$IMU,2578.015,-2.136,-1.770,-1.098,0.04052,0.03271,1.02539,29.46
$IMU,2578.017,-2.197,-1.464,-1.037,0.03955,0.02001,1.03857,29.46
$MAG,2578.020,-0.340,-0.274,-0.900,28.3
$IMU,2578.020,-2.319,-0.976,-1.464,0.03027,0.01855,1.04199,29.46
$IMU,2578.022,-2.380,-1.098,-1.647,0.02294,0.03320,1.03515,29.46
$IMU,2578.024,-2.441,-1.403,-0.976,0.06103,0.03564,1.02636,29.46
$IMU,2578.027,-2.746,-1.220,0.854,0.05761,0.04101,1.02929,29.46
$IMU,2578.029,-3.051,-0.854,1.403,0.03710,0.03662,1.04443,29.46
$MAG,2578.030,-0.343,-0.277,-0.901,28.3
$IMU,2578.031,-4.333,-0.427,0.793,0.00537,0.03173,1.05957,29.46
$IMU,2578.034,-6.225,-1.098,-0.549,0.00195,0.03710,1.05126,29.46
$IMU,2578.036,-5.615,-1.525,-0.610,0.04785,0.03662,1.00195,29.46
$IMU,2578.038,-4.394,-0.549,0.244,-0.04296,0.05371,1.05468,29.46
$MAG,2578.040,-0.334,-0.271,-0.894,28.5
$IMU,2578.041,-6.713,-0.732,-1.892,0.04687,0.03271,1.00244,29.46
$IMU,2578.043,-4.211,0.427,0.122,0.04980,0.03369,0.98779,29.46
$IMU,2578.046,-3.234,1.892,1.159,0.04101,0.03466,0.99804,29.46
$IMU,2578.048,-2.746,2.075,0.976,0.02734,0.02587,0.99804,29.48
$IMU,2578.050,-2.380,2.136,0.854,0.02050,0.02636,1.00097,29.48
$MAG,2578.051,-0.339,-0.280,-0.904,28.3
$IMU,2578.053,-2.136,2.014,1.098,0.02636,0.02929,1.00195,29.48
$IMU,2578.055,-2.197,1.953,1.770,0.03320,0.03417,1.00439,29.48
$IMU,2578.057,-2.624,2.319,2.380,0.03710,0.04248,1.00683,29.48
$IMU,2578.060,-2.990,2.624,2.685,0.03613,0.03466,1.00585,29.48
$MAG,2578.061,-0.337,-0.279,-0.898,28.3
$IMU,2578.062,-3.112,2.807,2.868,0.02929,0.02783,1.00244,29.48
$IMU,2578.064,-2.990,2.685,2.929,0.02050,0.02441,1.00048,29.48
$IMU,2578.067,-2.746,2.563,2.868,0.01708,0.02490,0.99365,29.50
$IMU,2578.069,-2.319,2.380,2.746,0.01562,0.02294,0.98876,29.50
$MAG,2578.071,-0.348,-0.279,-0.906,28.2
$IMU,2578.071,-1.770,2.075,2.624,0.01757,0.02197,0.99023,29.50
$IMU,2578.074,-1.220,1.647,2.563,0.01806,0.02587,0.98876,29.50
$IMU,2578.076,-0.915,1.464,2.502,0.02001,0.02929,0.99072,29.50
$IMU,2578.078,-0.732,0.976,2.563,0.01953,0.03027,0.99609,29.50
$MAG,2578.081,-0.336,-0.282,-0.897,28.3
$IMU,2578.081,-0.915,0.732,2.502,0.01562,0.03271,1.00244,29.50
$IMU,2578.083,-1.464,0.244,2.441,0.00830,0.04150,1.01220,29.50
$IMU,2578.085,-2.075,-0.732,2.075,-0.00341,0.04492,1.01464,29.46
$IMU,2578.088,-2.685,-1.464,1.525,0.00195,0.04199,1.01806,29.46
$IMU,2578.090,-3.051,-2.441,0.976,0.00390,0.03808,1.01855,29.46
$MAG,2578.091,-0.340,-0.286,-0.903,28.3
$IMU,2578.092,-3.356,-3.051,0.610,0.01318,0.03320,1.01757,29.46
$BARO,2578.095,86433.06,29.40
$IMU,2578.095,-3.479,-3.723,0.244,0.02783,0.02880,1.02197,29.46
$IMU,2578.097,-3.784,-3.967,0.061,0.03222,0.02392,1.01855,29.46
$IMU,2578.099,-3.906,-3.967,0.000,0.03466,0.02148,1.01318,29.46
$MAG,2578.101,-0.343,-0.274,-0.897,28.5
$IMU,2578.102,-3.784,-3.845,0.000,0.03955,0.02490,1.00537,29.46
$IMU,2578.104,-3.417,-3.601,0.366,0.04052,0.02783,1.00195,29.51
$IMU,2578.107,-3.051,-3.112,0.976,0.04541,0.03613,1.00244,29.51
$IMU,2578.109,-2.746,-2.685,1.647,0.04052,0.03173,1.00292,29.51
$MAG,2578.111,-0.343,-0.279,-0.903,28.3
$IMU,2578.111,-2.685,-2.014,2.136,0.02636,0.03564,1.00976,29.51
$IMU,2578.114,-2.441,-2.075,2.197,0.00976,0.04003,1.00634,29.51
$IMU,2578.116,-1.892,-2.075,1.831,-0.00537,0.03906,0.99853,29.51
$IMU,2578.118,-1.281,-2.258,1.281,-0.00341,0.03515,0.99609,29.51
$MAG,2578.121,-0.334,-0.276,-0.900,28.5
$IMU,2578.121,-1.220,-2.258,0.854,-0.00439,0.03564,1.00146,29.51
$IMU,2578.123,-0.671,-2.197,0.305,-0.00781,0.03320,0.99218,29.46
$IMU,2578.125,0.915,-1.525,-0.610,-0.00195,0.03076,0.97851,29.46
$IMU,2578.128,1.098,-1.892,-0.671,0.02148,0.02539,1.01708,29.46
$IMU,2578.130,0.183,-2.624,-0.366,0.01025,0.04003,1.01416,29.46
$MAG,2578.131,-0.330,-0.273,-0.904,28.2
$IMU,2578.132,1.342,-1.831,-0.854,0.02539,0.04003,1.00146,29.46
$IMU,2578.135,0.976,-2.136,-0.732,0.03027,0.03320,1.02734,29.46
$IMU,2578.137,-0.854,-2.746,-0.427,0.03906,0.02832,1.05517,29.46
$IMU,2578.139,-1.647,-3.112,-0.427,0.03515,0.04394,1.01464,29.46
$MAG,2578.141,-0.333,-0.271,-0.904,28.3
$IMU,2578.142,1.159,-1.953,-0.915,0.02392,0.04003,0.98144,29.52
$IMU,2578.144,0.488,-1.525,-0.610,0.03271,0.01611,1.05615,29.52
$IMU,2578.146,-2.746,-2.990,0.366,0.04980,0.03222,1.04394,29.52
$IMU,2578.149,-2.014,-3.356,0.854,0.04687,0.03906,1.00537,29.52
$MAG,2578.151,-0.339,-0.280,-0.900,28.5
$IMU,2578.151,-1.098,-2.319,0.915,0.02392,0.03369,1.00000,29.52
$IMU,2578.153,0.122,-0.793,0.305,-0.01562,0.04199,0.98779,29.52
$IMU,2578.156,1.586,0.183,-0.610,-0.00732,0.03369,0.99707,29.52
$IMU,2578.158,1.220,-0.427,-0.671,-0.00634,0.03955,1.00781,29.52
$IMU,2578.160,1.525,-0.915,-1.037,0.00097,0.04199,1.00146,29.46
$MAG,2578.162,-0.337,-0.276,-0.903,28.3
$IMU,2578.163,2.014,-1.525,-1.525,0.01318,0.03662,1.00000,29.46
$IMU,2578.165,2.319,-2.075,-1.647,0.04052,0.02441,1.02539,29.46
$IMU,2578.168,0.000,-3.112,-0.671,0.05664,0.02734,1.05908,29.46
$IMU,2578.170,-1.342,-3.051,0.183,0.05957,0.03417,1.04687,29.46
$MAG,2578.172,-0.352,-0.280,-0.897,28.5
$IMU,2578.172,-0.793,-1.586,0.366,0.05908,0.03076,1.02441,29.46
$IMU,2578.175,0.244,0.061,0.183,0.04296,0.03027,1.01025,29.46
$IMU,2578.177,1.647,0.854,0.183,0.02929,0.02978,1.01123,29.46
$IMU,2578.179,2.075,0.915,0.488,0.01513,0.03222,1.01611,29.50
$MAG,2578.182,-0.339,-0.277,-0.907,28.5
$IMU,2578.182,1.892,0.671,0.610,0.01318,0.03857,1.02197,29.50
$IMU,2578.184,1.220,0.366,0.671,0.00097,0.04345,1.01757,29.50
$IMU,2578.186,0.915,-0.427,0.061,-0.00146,0.04296,1.02050,29.50
$IMU,2578.189,0.305,-1.098,-0.549,-0.00488,0.04199,1.01806,29.50
$IMU,2578.191,1.525,-0.732,-1.586,-0.01513,0.04003,0.98925,29.50
$MAG,2578.192,-0.342,-0.271,-0.898,28.3
$IMU,2578.193,2.868,-0.854,-2.563,0.00000,0.02783,0.99609,29.50
$BARO,2578.196,86427.43,29.40
$IMU,2578.196,2.075,-2.136,-2.075,0.03613,0.01757,1.03613,29.50
$IMU,2578.198,-0.244,-2.929,-0.671,0.06445,0.01611,1.05468,29.49
$IMU,2578.200,-1.159,-2.685,0.244,0.06835,0.02294,1.04638,29.49
$MAG,2578.202,-0.351,-0.274,-0.903,28.3
$IMU,2578.203,-0.732,-1.220,0.305,0.06835,0.02441,1.02392,29.49
$IMU,2578.205,0.793,1.281,0.000,0.04785,0.02441,0.99804,29.49
$IMU,2578.207,2.197,2.929,0.183,0.02734,0.03173,0.99902,29.49
$IMU,2578.210,2.807,3.356,0.366,0.01123,0.03710,1.00292,29.49
$MAG,2578.212,-0.342,-0.271,-0.895,28.3
$IMU,2578.212,2.807,2.868,0.976,0.03466,0.03857,1.01562,29.49
$IMU,2578.214,1.281,1.464,2.441,0.03222,0.03466,1.04003,29.49
$IMU,2578.217,0.000,0.793,2.197,0.03955,0.03125,1.02539,29.51
$IMU,2578.219,-0.549,0.305,3.356,0.11181,0.00927,1.04394,29.51
$IMU,2578.221,-2.929,-0.122,4.882,0.07226,0.02099,1.05957,29.51
$MAG,2578.222,-0.339,-0.277,-0.910,28.5
$IMU,2578.224,-2.929,1.220,4.638,0.05908,0.01318,1.01269,29.51
$IMU,2578.226,-0.976,2.807,4.150,0.00830,0.02099,0.94580,29.51
$IMU,2578.229,1.220,4.150,4.577,0.01806,0.01171,0.96875,29.51
$IMU,2578.231,0.915,3.723,5.004,-0.01074,0.03271,0.98681,29.51
$MAG,2578.232,-0.343,-0.277,-0.895,28.5
$IMU,2578.233,1.220,3.417,4.089,-0.03662,0.05468,0.98291,29.51
$IMU,2578.236,2.380,2.990,1.831,-0.07519,0.05615,0.96972,29.48
$IMU,2578.238,3.967,2.685,-1.220,-0.04492,0.03857,0.96289,29.48
$IMU,2578.240,4.455,0.854,-1.525,-0.00537,0.02392,0.99267,29.48
$IMU,2578.243,3.784,-0.854,-1.770,-0.02392,0.04394,1.01611,29.48
$MAG,2578.242,-0.342,-0.280,-0.901,28.5
$IMU,2578.245,4.394,-0.915,-3.173,0.00048,0.03466,0.99707,29.48
$IMU,2578.247,5.249,-1.342,-3.173,0.04248,0.00439,0.99462,29.48
$IMU,2578.250,6.042,-1.220,-2.075,0.05908,0.01953,1.00439,29.48
$MAG,2578.252,-0.343,-0.277,-0.907,28.3
$IMU,2578.252,6.042,-0.854,-0.854,0.06494,0.02343,1.03125,29.48
$IMU,2578.254,4.760,-0.915,-0.549,0.04736,0.03466,1.04736,29.51
$IMU,2578.257,3.906,-0.793,-0.732,0.02929,0.03857,1.04199,29.51
$IMU,2578.259,3.662,-0.915,-0.793,0.02880,0.04736,1.03076,29.51
$IMU,2578.261,2.929,-1.098,-0.244,0.03173,0.04931,1.02978,29.51
$MAG,2578.263,-0.343,-0.279,-0.897,28.5
$IMU,2578.264,2.441,-1.159,0.061,0.02099,0.05566,1.02685,29.51
$HUM,2578.265,37.2,29.8
$IMU,2578.266,2.380,-0.915,-0.122,0.02392,0.05126,1.02099,29.51
$IMU,2578.268,2.319,-0.854,-0.061,0.02343,0.04736,1.01806,29.51
$IMU,2578.271,2.014,-0.793,0.122,0.01904,0.04003,1.01708,29.51
$MAG,2578.273,-0.333,-0.274,-0.904,28.5
$IMU,2578.273,2.319,-0.549,-0.183,0.00781,0.04248,1.00244,29.46
$IMU,2578.275,3.295,-0.244,-0.488,0.02783,0.03417,1.00146,29.46
$IMU,2578.278,3.417,-0.671,-0.549,0.02246,0.03564,1.01904,29.46
$IMU,2578.280,2.807,-0.976,0.000,0.07031,0.02490,1.03808,29.46
$IMU,2578.282,1.159,-0.915,1.403,0.06494,0.03125,1.05078,29.46
$MAG,2578.283,-0.340,-0.274,-0.900,28.3
$IMU,2578.285,0.366,0.061,1.464,0.05712,0.03564,1.03955,29.46
$IMU,2578.287,0.366,1.525,1.098,0.04541,0.03466,1.02246,29.46
$IMU,2578.290,1.342,2.685,0.732,0.03125,0.03710,1.00390,29.46
$IMU,2578.292,2.075,3.295,0.854,0.03271,0.03808,1.00292,29.48
$MAG,2578.293,-0.346,-0.277,-0.901,28.5
$IMU,2578.294,1.953,3.234,1.525,0.02734,0.04589,1.00927,29.48
$BARO,2578.297,86428.04,29.41
$IMU,2578.297,1.220,2.807,1.770,0.01220,0.05078,1.02050,29.48
$IMU,2578.299,0.366,2.502,1.403,0.00732,0.04638,1.02929,29.48
$IMU,2578.301,-0.732,1.525,1.281,0.02587,0.03564,1.02929,29.48
$MAG,2578.303,-0.345,-0.283,-0.901,28.5
$IMU,2578.304,-2.014,0.610,1.770,0.02783,0.03320,1.03759,29.48
$IMU,2578.306,-2.624,0.732,1.525,0.01074,0.03076,1.02099,29.48
$IMU,2578.308,-1.464,1.281,0.244,-0.02099,0.03710,0.98437,29.48
$IMU,2578.311,0.549,1.831,-0.671,-0.00146,0.03173,0.97753,29.46
$MAG,2578.313,-0.333,-0.285,-0.904,28.3
$IMU,2578.313,0.976,1.159,0.061,0.02587,0.02734,1.00244,29.46
$IMU,2578.315,0.305,0.732,0.244,0.00146,0.04394,1.00830,29.46
$IMU,2578.318,0.305,0.427,0.000,0.05517,0.01953,1.01513,29.46
$IMU,2578.320,-1.159,-0.427,1.098,0.04443,0.02294,1.03662,29.46
$IMU,2578.322,-2.014,0.122,1.342,0.04589,0.02929,1.02636,29.46
$MAG,2578.323,-0.345,-0.268,-0.894,28.5
$IMU,2578.325,-1.647,0.183,1.464,0.04150,0.02929,1.00732,29.46
$IMU,2578.327,-0.732,0.305,1.403,-0.01513,0.05273,0.99169,29.46
$IMU,2578.329,0.732,1.098,0.488,-0.01562,0.05273,0.99609,29.48
$IMU,2578.332,0.671,0.915,0.305,0.01220,0.04980,1.00683,29.48
$MAG,2578.333,-0.351,-0.280,-0.901,28.5
$IMU,2578.334,-0.671,-0.366,0.854,0.01464,0.05322,1.02636,29.48
$IMU,2578.336,-0.915,-0.549,0.488,0.02246,0.04882,1.01757,29.48
$IMU,2578.339,-0.305,-0.244,-0.061,0.02392,0.03515,1.00927,29.48
$IMU,2578.341,0.610,0.244,-0.061,0.03613,0.03271,1.00634,29.48
$MAG,2578.343,-0.339,-0.279,-0.897,28.5
$IMU,2578.343,1.342,0.671,0.427,0.03759,0.03808,1.00830,29.48
$IMU,2578.346,1.403,1.464,1.098,0.03710,0.04394,1.00732,29.48
$IMU,2578.348,1.281,2.014,1.342,0.03173,0.04443,1.00292,29.50
$IMU,2578.350,1.220,2.258,1.525,0.02148,0.03955,1.00732,29.50
$MAG,2578.353,-0.348,-0.277,-0.897,28.5
$IMU,2578.353,1.281,2.075,1.525,0.01611,0.04052,1.00976,29.50
$IMU,2578.355,1.220,1.892,1.098,0.00537,0.04248,1.01367,29.50
$IMU,2578.358,1.159,1.586,0.732,-0.00048,0.04492,1.01318,29.50
$IMU,2578.360,1.159,0.854,0.427,0.00000,0.04003,1.01464,29.50
$IMU,2578.362,1.281,0.305,0.244,0.00341,0.04003,1.01855,29.50
$MAG,2578.363,-0.348,-0.276,-0.895,28.3
$IMU,2578.365,1.708,-0.244,0.000,0.00781,0.04296,1.01660,29.50
$IMU,2578.367,1.892,-0.549,0.061,0.01708,0.04345,1.01806,29.48
$IMU,2578.369,1.953,-0.549,0.061,0.01611,0.04638,1.01855,29.48
$IMU,2578.372,1.647,-0.488,-0.183,0.01367,0.04541,1.01806,29.48
$MAG,2578.374,-0.345,-0.279,-0.901,28.5
$IMU,2578.374,1.464,-0.610,-0.549,0.00878,0.04541,1.01806,29.48
$IMU,2578.376,1.525,-1.037,-0.854,0.00537,0.04345,1.01269,29.48
$IMU,2578.379,1.464,-1.220,-1.281,0.00244,0.03955,1.01025,29.48
$IMU,2578.381,1.770,-1.586,-1.708,0.00195,0.04052,1.00634,29.48
$IMU,2578.383,2.197,-1.953,-2.075,0.01074,0.04003,1.00585,29.48
$MAG,2578.384,-0.339,-0.274,-0.903,28.5
$IMU,2578.386,2.807,-2.136,-2.136,0.02197,0.03515,1.00537,29.46
$IMU,2578.388,3.662,-2.136,-1.892,0.03076,0.03417,1.01171,29.46
$IMU,2578.390,4.211,-2.014,-1.647,0.03710,0.04248,1.01513,29.46
$IMU,2578.393,4.150,-1.525,-1.159,0.04541,0.04003,1.01855,29.46
$MAG,2578.394,-0.333,-0.273,-0.903,28.3
$IMU,2578.395,3.845,-1.525,-0.366,0.04736,0.03857,1.02685,29.46
$IMU,2578.397,2.807,-1.220,0.183,0.03710,0.03857,1.04150,29.46
$BARO,2578.399,86432.94,29.41
$IMU,2578.400,1.281,-1.464,0.305,0.02441,0.04833,1.04833,29.46
$IMU,2578.402,-0.183,-1.708,0.061,0.01171,0.04443,1.04736,29.46
$MAG,2578.404,-0.345,-0.276,-0.898,28.5
$IMU,2578.404,-1.647,-2.075,-0.427,0.00195,0.04248,1.04248,29.51
$IMU,2578.407,-2.502,-2.685,-0.976,0.00488,0.04296,1.03515,29.51
$IMU,2578.409,-2.746,-3.051,-1.159,0.00927,0.04003,1.02587,29.51
$IMU,2578.411,-2.624,-3.112,-1.159,0.01513,0.03564,1.01806,29.51
$MAG,2578.414,-0.334,-0.277,-0.903,28.5
$IMU,2578.414,-2.197,-3.173,-1.159,0.02050,0.03662,1.01171,29.51
$IMU,2578.416,-1.647,-2.990,-1.281,0.02148,0.03271,1.01025,29.51
$IMU,2578.419,-0.976,-2.746,-1.342,0.02343,0.03320,1.00488,29.51
$IMU,2578.421,-0.732,-2.258,-1.464,0.02343,0.03173,1.00000,29.51
$IMU,2578.423,-0.671,-2.075,-1.464,0.02294,0.03417,1.00048,29.46
$MAG,2578.424,-0.342,-0.280,-0.903,28.5
$IMU,2578.426,-0.854,-2.014,-1.525,0.02246,0.03808,1.00634,29.46
$IMU,2578.428,-1.098,-2.319,-1.586,0.01464,0.03369,1.01220,29.46
$IMU,2578.430,-1.647,-2.563,-1.647,0.01025,0.03515,1.01953,29.46
$IMU,2578.433,-2.319,-2.624,-2.136,0.01416,0.03515,1.01953,29.46
$MAG,2578.434,-0.340,-0.273,-0.894,28.5
$IMU,2578.435,-2.868,-3.234,-2.441,0.01611,0.03906,1.02148,29.46
$IMU,2578.437,-3.173,-3.295,-2.502,0.02197,0.03466,1.02050,29.46
$IMU,2578.440,-2.929,-3.295,-2.563,0.02978,0.03173,1.01416,29.46
$IMU,2578.442,-2.624,-3.173,-2.502,0.03906,0.03076,1.01171,29.48
$MAG,2578.444,-0.351,-0.283,-0.897,28.6
$IMU,2578.444,-2.563,-2.624,-2.319,0.04492,0.02929,1.00976,29.48
$IMU,2578.447,-2.258,-2.136,-2.197,0.04248,0.02197,1.00732,29.48
$IMU,2578.449,-1.892,-1.647,-2.075,0.05224,0.01904,1.00292,29.48
$IMU,2578.451,-1.647,-0.976,-1.342,0.06982,0.02246,1.00195,29.48
$MAG,2578.454,-0.348,-0.279,-0.898,28.5
$IMU,2578.454,-1.708,-0.183,-0.244,0.07617,0.02685,1.00683,29.48
$IMU,2578.456,-2.014,0.610,0.671,0.06591,0.02880,1.00830,29.48
$IMU,2578.458,-2.136,1.159,1.037,0.04980,0.02880,1.00390,29.48
$IMU,2578.461,-1.953,1.647,1.037,0.03173,0.03027,0.99707,29.46
$IMU,2578.463,-1.464,1.586,0.854,0.02197,0.02929,0.99169,29.46
$MAG,2578.464,-0.348,-0.280,-0.900,28.5
$IMU,2578.465,-0.671,1.342,0.671,0.01904,0.02734,0.99072,29.46
$IMU,2578.468,-0.244,1.098,0.549,0.02050,0.03027,0.99218,29.46
$IMU,2578.470,-0.183,0.854,0.366,0.01904,0.03271,1.00292,29.46
$IMU,2578.472,-0.671,0.244,0.122,0.01416,0.03906,1.01269,29.46
$MAG,2578.475,-0.346,-0.274,-0.909,28.5
$IMU,2578.475,-1.403,-0.732,-0.244,0.00976,0.04345,1.02246,29.46
$IMU,2578.477,-2.258,-1.525,-0.549,0.01269,0.04589,1.03125,29.46
$IMU,2578.480,-3.112,-2.258,-0.976,0.01367,0.05078,1.03369,29.53
$IMU,2578.482,-3.906,-2.746,-1.403,0.01660,0.05175,1.03955,29.53
$IMU,2578.484,-4.516,-2.929,-1.831,0.02001,0.05078,1.03662,29.53
$MAG,2578.485,-0.348,-0.283,-0.903,28.3
$IMU,2578.487,-5.004,-3.051,-2.197,0.02197,0.04980,1.03271,29.53
$IMU,2578.489,-5.249,-3.479,-2.502,0.02099,0.04736,1.02929,29.53
$IMU,2578.491,-5.310,-3.723,-2.807,0.02001,0.04492,1.02392,29.53
$IMU,2578.494,-5.187,-3.601,-3.112,0.02343,0.04345,1.01660,29.53
$MAG,2578.495,-0.334,-0.279,-0.904,28.5
$IMU,2578.496,-5.004,-3.662,-3.479,0.02050,0.03759,1.01220,29.53
$IMU,2578.498,-4.760,-3.601,-3.417,0.02978,0.03417,1.00830,29.49
$BARO,2578.500,86427.55,29.41
$IMU,2578.501,-4.150,-3.356,-2.624,0.04541,0.03417,1.00292,29.49
$IMU,2578.503,-3.234,-2.990,-1.281,0.06250,0.03271,1.00585,29.49
$MAG,2578.505,-0.342,-0.285,-0.903,28.5
$IMU,2578.505,-2.746,-1.892,0.244,0.05761,0.03759,1.01220,29.49
$IMU,2578.508,-2.441,-0.793,1.281,0.04687,0.04003,1.01708,29.49
$IMU,2578.510,-2.380,0.061,1.586,0.02490,0.04199,1.01757,29.49
$IMU,2578.512,-2.502,0.305,1.342,0.00000,0.05371,1.02539,29.49
$MAG,2578.515,-0.349,-0.282,-0.904,28.5
$IMU,2578.515,-2.990,-0.305,0.854,-0.00585,0.05761,1.03173,29.49
$IMU,2578.517,-3.479,-1.464,0.488,-0.00634,0.06005,1.03613,29.49
$IMU,2578.519,-4.028,-2.685,0.244,0.00634,0.05810,1.04101,29.49
$IMU,2578.522,-4.455,-3.479,0.061,0.01904,0.04931,1.03759,29.49
$IMU,2578.524,-4.699,-3.906,0.000,0.02587,0.03857,1.03369,29.49
$MAG,2578.525,-0.348,-0.285,-0.898,28.2
$IMU,2578.526,-4.882,-3.479,-0.122,0.03222,0.03417,1.02392,29.49
$IMU,2578.529,-4.455,-3.479,-0.244,0.02441,0.02539,1.01611,29.49
$IMU,2578.531,-3.906,-3.356,-0.427,0.02148,0.02490,1.01220,29.49
$IMU,2578.533,-3.356,-3.173,-0.549,0.01513,0.02343,1.00195,29.49
$MAG,2578.535,-0.345,-0.277,-0.906,28.3
$IMU,2578.536,-2.990,-2.807,-0.671,0.00830,0.02246,0.99511,29.48
$IMU,2578.538,-2.624,-2.807,-0.854,0.01074,0.02783,0.99560,29.48
$IMU,2578.541,-2.136,-2.929,-1.037,0.00732,0.03125,0.99511,29.48
$IMU,2578.543,-2.136,-3.234,-1.281,0.00976,0.03369,0.99853,29.48
$MAG,2578.545,-0.343,-0.279,-0.895,28.5
$IMU,2578.545,-2.014,-3.417,-1.647,0.01171,0.03222,0.99853,29.48
$IMU,2578.548,-2.014,-3.723,-2.014,0.01025,0.03222,1.00683,29.48
$IMU,2578.550,-2.136,-3.906,-2.380,0.01318,0.02978,1.00976,29.48
$IMU,2578.552,-2.319,-3.906,-2.685,0.02050,0.03271,1.00488,29.48
$MAG,2578.555,-0.342,-0.271,-0.901,28.5
$IMU,2578.555,-2.441,-3.784,-2.746,0.03222,0.03222,1.00781,29.48
$IMU,2578.557,-2.380,-3.662,-2.441,0.03710,0.02929,1.01025,29.48
$IMU,2578.559,-2.319,-3.723,-2.197,0.03710,0.02978,1.01806,29.48
$IMU,2578.562,-2.197,-3.479,-2.197,0.03369,0.02978,1.01660,29.48
$IMU,2578.564,-1.953,-3.234,-2.075,0.04199,0.03027,1.01513,29.48
$MAG,2578.565,-0.339,-0.280,-0.910,28.5
$IMU,2578.566,-1.464,-3.173,-1.770,0.05078,0.03173,1.00781,29.48
$IMU,2578.569,-0.976,-2.624,-1.098,0.05761,0.03320,1.00634,29.48
$IMU,2578.571,-0.610,-1.770,-0.488,0.05468,0.02880,1.00488,29.48
$IMU,2578.573,-0.305,-1.159,-0.061,0.05126,0.01757,0.99902,29.48
$MAG,2578.576,-0.349,-0.273,-0.898,28.5
$IMU,2578.576,0.122,-0.976,0.183,0.03906,0.01806,0.99462,29.48
$IMU,2578.578,0.671,-0.915,0.122,0.03173,0.02392,0.99267,29.48
$IMU,2578.580,0.976,-1.037,0.183,0.03027,0.02441,0.99121,29.48
$IMU,2578.583,1.281,-1.159,0.366,0.03759,0.02880,0.99511,29.48
$IMU,2578.585,1.159,-1.098,0.793,0.04003,0.03369,1.00585,29.48
$MAG,2578.586,-0.340,-0.279,-0.898,28.3
$IMU,2578.587,1.037,-1.220,1.098,0.04345,0.03320,1.01220,29.48
$IMU,2578.590,0.854,-1.403,1.281,0.03955,0.03271,1.01562,29.48
$IMU,2578.592,0.671,-1.464,1.220,0.03466,0.03466,1.01757,29.47
$IMU,2578.594,0.732,-1.831,1.098,0.02783,0.03417,1.01562,29.47
$MAG,2578.596,-0.348,-0.271,-0.904,28.2
$IMU,2578.597,0.610,-1.892,0.854,0.02734,0.03027,1.01367,29.47
$IMU,2578.599,0.549,-1.953,0.549,0.03125,0.02978,1.01611,29.47
$BARO,2578.602,86428.97,29.41
$IMU,2578.602,0.610,-2.014,0.488,0.03466,0.02978,1.01269,29.47
$IMU,2578.604,0.549,-2.075,0.488,0.04003,0.03222,1.01611,29.47
$MAG,2578.606,-0.352,-0.274,-0.903,28.5
$IMU,2578.606,0.488,-2.014,0.427,0.03662,0.03222,1.01806,29.47
$IMU,2578.609,0.305,-2.136,0.305,0.02929,0.03808,1.02294,29.47
$IMU,2578.611,0.061,-2.319,0.061,0.02441,0.04199,1.02929,29.47
$IMU,2578.613,-0.549,-2.929,-0.122,0.02001,0.04736,1.03515,29.47
$MAG,2578.616,-0.343,-0.276,-0.910,28.5
$IMU,2578.616,-1.220,-3.479,-0.488,0.02343,0.04687,1.04052,29.47
$IMU,2578.618,-1.892,-3.906,-0.610,0.02832,0.05175,1.03906,29.47
$IMU,2578.620,-2.441,-3.967,-0.671,0.03027,0.04736,1.03417,29.47
$IMU,2578.623,-2.563,-3.967,-0.976,0.03613,0.04345,1.02636,29.47
$IMU,2578.625,-2.502,-3.417,-1.403,0.03417,0.03222,1.01708,29.47
$MAG,2578.626,-0.348,-0.277,-0.907,28.5
$IMU,2578.627,-2.441,-3.173,-1.770,0.02929,0.02978,1.01562,29.47
$TIME,2578.628,463101.000,2399
$IMU,2578.630,-2.441,-3.051,-2.258,0.03417,0.02490,1.01660,29.51
$IMU,2578.632,-2.441,-2.807,-2.441,0.03857,0.02539,1.01318,29.51
$IMU,2578.634,-2.258,-2.624,-2.624,0.03564,0.02832,1.00585,29.51
$MAG,2578.636,-0.340,-0.273,-0.901,28.3
$IMU,2578.637,-2.136,-2.319,-2.746,0.02880,0.02832,1.00585,29.51
$IMU,2578.639,-2.136,-2.014,-3.051,0.01953,0.02539,1.00585,29.51
$IMU,2578.641,-2.014,-2.075,-3.295,0.02197,0.02587,1.00439,29.51
$IMU,2578.644,-1.708,-2.258,-3.540,0.02734,0.02685,1.00341,29.51
$MAG,2578.646,-0.348,-0.279,-0.907,28.3
$IMU,2578.646,-1.281,-2.197,-3.540,0.04394,0.02539,1.00341,29.51
$IMU,2578.648,-0.915,-1.892,-2.868,0.06054,0.02832,1.00341,29.56
$IMU,2578.651,-0.915,-1.037,-1.892,0.06103,0.02978,1.01171,29.56
$IMU,2578.653,-0.976,-0.610,-1.037,0.04882,0.03173,1.01904,29.56
$IMU,2578.655,-1.281,-0.488,-0.671,0.03369,0.03076,1.01806,29.56
$MAG,2578.656,-0.346,-0.279,-0.909,28.5
$IMU,2578.658,-1.586,-0.427,-0.671,0.02539,0.03222,1.02001,29.56
$IMU,2578.660,-1.647,-0.915,-0.732,0.02392,0.03320,1.02001,29.56
$IMU,2578.663,-1.647,-1.281,-0.671,0.02929,0.03369,1.01708,29.56
$IMU,2578.665,-1.953,-0.915,-0.610,0.03759,0.03076,1.01660,29.56
$MAG,2578.666,-0.346,-0.265,-0.897,28.5
$IMU,2578.667,-1.770,-0.793,-0.427,0.04101,0.03076,1.01025,29.51
$IMU,2578.670,-1.342,-0.793,-0.244,0.04589,0.02783,1.00976,29.51
$IMU,2578.672,-0.915,-0.732,-0.183,0.04541,0.01855,1.01171,29.51
$IMU,2578.674,-0.610,-0.183,-0.061,0.04003,0.02294,1.01123,29.51
$MAG,2578.676,-0.339,-0.280,-0.898,28.3
$IMU,2578.677,-0.549,0.427,0.122,0.03955,0.02539,1.00878,29.51
$IMU,2578.679,-0.061,0.488,0.305,0.03515,0.02832,1.00732,29.51
$IMU,2578.681,0.000,0.610,0.427,0.03076,0.02880,1.01171,29.51
$IMU,2578.684,0.122,0.244,0.488,0.02636,0.03222,1.01464,29.51
$IMU,2578.686,0.122,-0.244,0.671,0.02636,0.03466,1.01806,29.50
$MAG,2578.687,-0.346,-0.274,-0.898,28.2
$IMU,2578.688,-0.366,-0.366,0.793,0.02832,0.03710,1.02197,29.50
$IMU,2578.691,-0.610,-0.610,0.793,0.02832,0.03662,1.02099,29.50
$IMU,2578.693,-0.610,-0.549,0.793,0.03076,0.03466,1.01953,29.50
$IMU,2578.695,-0.488,-0.732,0.732,0.03173,0.02880,1.01660,29.50
$MAG,2578.697,-0.345,-0.289,-0.898,28.5
$IMU,2578.698,-0.244,-0.549,0.671,0.02734,0.02783,1.00927,29.50
$IMU,2578.700,0.244,-0.610,0.610,0.02539,0.02441,1.00683,29.50
$IMU,2578.702,0.610,-0.671,0.549,0.02783,0.02343,1.00195,29.50
$BARO,2578.703,86429.72,29.41
$IMU,2578.705,1.098,-0.549,0.610,0.03320,0.02050,0.99902,29.49
$MAG,2578.707,-0.348,-0.271,-0.906,28.5
$IMU,2578.707,1.708,-0.427,0.854,0.04296,0.02587,1.00244,29.49
$IMU,2578.709,2.258,-0.061,1.403,0.04882,0.02685,1.00439,29.49
$IMU,2578.712,2.563,0.549,1.770,0.04736,0.02539,1.00244,29.49
$IMU,2578.714,2.929,0.915,1.953,0.03955,0.02294,1.00244,29.49
$IMU,2578.716,3.295,1.220,1.831,0.02587,0.02001,0.99951,29.49
$MAG,2578.717,-0.348,-0.283,-0.901,28.5
$IMU,2578.719,3.784,0.793,1.586,0.01562,0.02685,1.00244,29.49
$IMU,2578.721,3.845,0.366,1.220,0.00781,0.03515,1.00830,29.49
$IMU,2578.724,3.540,-0.366,0.854,0.01562,0.03857,1.02050,29.50
$IMU,2578.726,2.990,-1.220,0.610,0.02880,0.04296,1.02734,29.50
$MAG,2578.727,-0.343,-0.282,-0.898,28.3
$IMU,2578.728,2.319,-1.586,0.488,0.04101,0.03808,1.02978,29.50
$IMU,2578.731,2.075,-1.586,0.549,0.05175,0.03417,1.02441,29.50
$IMU,2578.733,2.014,-1.220,0.610,0.05126,0.02734,1.01806,29.50
$IMU,2578.735,2.441,-0.854,0.671,0.04492,0.02294,1.01220,29.50
$MAG,2578.737,-0.342,-0.277,-0.904,28.5
$IMU,2578.738,2.929,-0.427,0.671,0.03710,0.02197,1.00830,29.50
$IMU,2578.740,3.112,-0.244,0.549,0.03466,0.02734,1.01220,29.50
$IMU,2578.742,3.112,-0.427,0.366,0.03222,0.03027,1.01757,29.48
$IMU,2578.745,2.563,-0.610,0.122,0.02636,0.03808,1.02099,29.48
$MAG,2578.747,-0.342,-0.276,-0.907,28.2
$IMU,2578.747,1.892,-1.342,-0.061,0.02783,0.04248,1.03222,29.48
$IMU,2578.749,0.854,-1.525,-0.244,0.03515,0.04345,1.03662,29.48
$IMU,2578.752,0.000,-1.464,-0.549,0.03710,0.04199,1.03710,29.48
$IMU,2578.754,-0.610,-1.403,-0.671,0.04345,0.03906,1.03271,29.48
$IMU,2578.756,-0.793,-1.342,-0.610,0.04492,0.04248,1.02392,29.48
$MAG,2578.757,-0.345,-0.277,-0.897,28.5
$IMU,2578.759,-0.976,-0.915,-0.549,0.04394,0.04101,1.01562,29.48
$IMU,2578.761,-0.976,-0.366,-0.610,0.03759,0.03857,1.01367,29.47
$IMU,2578.763,-1.037,0.122,-0.427,0.03955,0.03710,1.00732,29.47
$IMU,2578.766,-0.854,0.427,-0.183,0.04589,0.03613,1.00000,29.47
$MAG,2578.767,-0.342,-0.270,-0.901,28.3
$IMU,2578.768,-0.488,1.037,0.061,0.05078,0.02392,1.00000,29.47
$IMU,2578.770,-0.061,1.342,0.244,0.05126,0.02392,0.99853,29.47
$IMU,2578.773,0.305,1.586,0.366,0.04443,0.01855,0.99804,29.47
$IMU,2578.775,0.549,2.319,0.549,0.03857,0.01611,0.99707,29.47
$MAG,2578.777,-0.345,-0.283,-0.907,28.5
$IMU,2578.777,1.037,2.380,0.488,0.03125,0.01855,0.99804,29.47
$IMU,2578.780,1.525,2.258,0.305,0.02832,0.02294,1.00048,29.50
$IMU,2578.782,1.647,2.258,0.244,0.02929,0.03369,1.00537,29.50
$IMU,2578.785,1.770,1.953,-0.061,0.03369,0.03906,1.00781,29.50
$IMU,2578.787,1.831,1.708,-0.183,0.03125,0.04638,1.01416,29.50
$MAG,2578.788,-0.340,-0.279,-0.903,28.3
$IMU,2578.789,1.525,1.647,-0.305,0.02587,0.04589,1.01562,29.50
$IMU,2578.792,1.525,1.525,-0.549,0.02392,0.04003,1.01757,29.50
$IMU,2578.794,1.953,0.976,-0.915,0.02734,0.03857,1.01611,29.50
$IMU,2578.796,2.258,0.793,-0.915,0.03857,0.03369,1.00781,29.50
$MAG,2578.798,-0.340,-0.268,-0.900,28.3
$IMU,2578.799,2.502,0.915,-0.671,0.04199,0.03076,1.00878,29.50
$IMU,2578.801,3.051,1.037,-0.427,0.04248,0.02880,1.00878,29.50
$IMU,2578.803,3.662,1.159,-0.305,0.03857,0.03125,1.00292,29.50
$BARO,2578.805,86426.43,29.42
$IMU,2578.806,4.211,1.403,-0.122,0.03417,0.03662,1.00390,29.50
$MAG,2578.808,-0.351,-0.279,-0.904,28.5
$IMU,2578.808,4.638,1.220,0.122,0.03222,0.04296,1.01074,29.50
$IMU,2578.810,4.638,0.976,0.427,0.02832,0.04589,1.02197,29.50
$IMU,2578.813,4.394,0.366,0.488,0.02246,0.04833,1.02880,29.50
$IMU,2578.815,3.112,0.061,0.427,0.01904,0.05273,1.03613,29.50
$IMU,2578.817,1.953,-1.037,0.427,0.01562,0.05566,1.04248,29.51
$MAG,2578.818,-0.340,-0.274,-0.904,28.3
$IMU,2578.820,1.037,-1.770,0.305,0.02197,0.05175,1.03955,29.51
$IMU,2578.822,0.610,-2.319,0.122,0.02685,0.05029,1.03662,29.51
$IMU,2578.824,0.488,-2.258,0.000,0.03515,0.04443,1.02490,29.51
$IMU,2578.827,0.854,-2.136,0.000,0.03417,0.03955,1.01953,29.51
$MAG,2578.828,-0.339,-0.282,-0.909,28.3
$IMU,2578.829,1.159,-1.647,-0.061,0.03955,0.03466,1.01367,29.51
$IMU,2578.831,1.586,-1.281,-0.122,0.03710,0.02636,1.00585,29.51
$IMU,2578.834,1.892,-0.610,-0.244,0.02783,0.02490,1.00439,29.51
$IMU,2578.836,2.136,-0.427,-0.488,0.02587,0.02539,1.00683,29.46
$MAG,2578.838,-0.343,-0.274,-0.900,28.5
$IMU,2578.838,1.708,-0.366,-0.244,0.03320,0.03076,1.01708,29.46
$IMU,2578.841,1.037,-0.976,0.488,0.04248,0.03857,1.03613,29.46
$VBAT,2578.842,4.137
$IMU,2578.843,-0.366,-1.708,1.464,0.03710,0.04980,1.04541,29.46
$IMU,2578.846,-1.525,-2.319,1.770,0.02832,0.04736,1.04687,29.46
$MAG,2578.848,-0.346,-0.273,-0.901,28.3
$IMU,2578.848,-2.197,-2.563,1.525,0.02587,0.04003,1.03710,29.46
$IMU,2578.850,-2.319,-2.441,0.976,0.02001,0.02929,1.02246,29.46
$IMU,2578.853,-1.892,-2.258,0.305,0.02490,0.02246,1.00927,29.46
$IMU,2578.855,-1.342,-1.525,-0.305,0.02783,0.01660,1.00097,29.49
$IMU,2578.857,-0.793,-1.037,-0.732,0.03466,0.01855,0.99609,29.49
$MAG,2578.858,-0.357,-0.279,-0.901,28.5
$IMU,2578.860,-0.366,-0.488,-0.976,0.03466,0.02246,0.99414,29.49
$IMU,2578.862,0.061,0.000,-1.220,0.03320,0.01953,0.99462,29.49
$IMU,2578.864,0.488,0.305,-1.403,0.03515,0.02490,0.99365,29.49
$IMU,2578.867,0.549,0.549,-1.586,0.03759,0.02441,0.99414,29.49
$MAG,2578.868,-0.351,-0.279,-0.907,28.3
$IMU,2578.869,0.976,0.854,-1.708,0.04296,0.01904,0.99707,29.49
$IMU,2578.871,1.403,1.403,-1.831,0.04296,0.01611,0.99267,29.49
$IMU,2578.874,2.014,1.953,-1.953,0.04492,0.01708,0.99121,29.48
$IMU,2578.876,2.624,2.685,-2.014,0.04296,0.01660,0.98681,29.48
$MAG,2578.878,-0.346,-0.286,-0.901,28.5
$IMU,2578.878,3.356,3.234,-2.258,0.03955,0.01855,0.99023,29.48
$IMU,2578.881,4.211,3.601,-2.502,0.03759,0.02441,0.98974,29.48
$IMU,2578.883,4.943,3.723,-2.929,0.03808,0.03076,1.00097,29.48
$IMU,2578.885,5.004,3.662,-2.990,0.04882,0.04150,1.00732,29.48
$IMU,2578.888,4.699,3.356,-2.563,0.05419,0.04638,1.01611,29.48
$MAG,2578.889,-0.337,-0.277,-0.900,28.5
$IMU,2578.890,4.211,3.479,-1.953,0.05322,0.05126,1.01953,29.48
$IMU,2578.892,3.784,3.723,-1.647,0.04150,0.05126,1.01269,29.49
$IMU,2578.895,3.845,3.784,-1.831,0.03320,0.03710,1.00830,29.49
$IMU,2578.897,4.211,3.662,-2.075,0.02685,0.02929,0.99755,29.49
$MAG,2578.899,-0.346,-0.277,-0.901,28.2
$IMU,2578.899,4.760,3.662,-2.319,0.03027,0.02539,0.99072,29.49
$IMU,2578.902,5.615,3.723,-2.624,0.03173,0.02001,0.98388,29.49
$IMU,2578.904,6.835,3.479,-2.868,0.03076,0.01806,0.98535,29.49
$BARO,2578.906,86431.67,29.42
$IMU,2578.906,7.934,3.234,-3.112,0.03271,0.01562,0.99023,29.49
$MAG,2578.909,-0.349,-0.282,-0.901,28.3
$IMU,2578.909,8.728,2.868,-3.112,0.03515,0.02539,0.99365,29.49
$IMU,2578.911,9.094,2.502,-3.112,0.02832,0.03466,1.00878,29.48
$IMU,2578.914,8.911,2.197,-2.868,0.02441,0.04248,1.02246,29.48
$IMU,2578.916,8.361,1.708,-2.685,0.01904,0.06738,1.03173,29.48
$IMU,2578.918,7.263,0.732,-2.685,0.01513,0.07128,1.04687,29.48
$MAG,2578.919,-0.345,-0.277,-0.897,28.3
$IMU,2578.921,6.042,-0.427,-2.807,0.01513,0.07617,1.05419,29.48
$IMU,2578.923,4.760,-1.098,-2.807,0.02050,0.07324,1.05468,29.48
$IMU,2578.925,3.662,-1.220,-2.563,0.02880,0.07470,1.05224,29.48
$IMU,2578.928,2.929,-1.220,-2.197,0.03564,0.05859,1.04541,29.48
$MAG,2578.929,-0.351,-0.288,-0.904,28.3
$IMU,2578.930,2.868,-1.159,-1.953,0.03808,0.05957,1.03613,29.49
$IMU,2578.932,2.685,-0.549,-1.281,0.03613,0.05224,1.02490,29.49
$IMU,2578.935,2.868,-0.183,-0.854,0.03222,0.04248,1.02148,29.49
$IMU,2578.937,3.112,0.183,-0.488,0.02636,0.04150,1.01953,29.49
$MAG,2578.939,-0.343,-0.277,-0.903,28.3
$IMU,2578.939,3.051,0.488,-0.244,0.02246,0.04589,1.02246,29.49
$IMU,2578.942,3.051,0.183,0.061,0.02099,0.04882,1.02587,29.49
$IMU,2578.944,2.746,-0.244,0.183,0.01855,0.04736,1.02880,29.49
$IMU,2578.946,2.563,-0.671,0.305,0.02001,0.05908,1.03222,29.49
$MAG,2578.949,-0.348,-0.285,-0.900,28.5
$IMU,2578.949,2.380,-1.098,0.244,0.01855,0.05517,1.03125,29.52
$IMU,2578.951,2.624,-1.342,0.061,0.01855,0.04687,1.02734,29.52
$IMU,2578.953,3.051,-1.342,-0.549,0.02246,0.04492,1.01904,29.52
$IMU,2578.956,3.723,-1.281,-1.220,0.02587,0.03466,1.00976,29.52
$IMU,2578.958,4.333,-1.037,-1.342,0.03222,0.02343,1.00634,29.52
$MAG,2578.959,-0.345,-0.279,-0.898,28.5
$IMU,2578.960,4.882,-0.488,-1.037,0.04003,0.02539,0.99804,29.52
$IMU,2578.963,5.187,0.061,-0.854,0.03515,0.02539,1.00097,29.52
$IMU,2578.965,5.493,0.427,-0.915,0.03076,0.03710,1.00292,29.52
$IMU,2578.967,5.493,0.549,-1.159,0.02734,0.04394,1.00341,29.50
$MAG,2578.969,-0.336,-0.282,-0.901,28.3
$IMU,2578.970,5.493,0.305,-1.342,0.03222,0.03613,1.00732,29.50
$IMU,2578.972,5.493,0.427,-1.220,0.03759,0.03125,1.00878,29.50
$IMU,2578.975,5.615,0.671,-1.098,0.03906,0.03027,1.00048,29.50
$IMU,2578.977,5.798,0.976,-0.976,0.04052,0.02929,0.99804,29.50
$MAG,2578.979,-0.352,-0.268,-0.895,28.5
$IMU,2578.979,6.164,1.159,-0.793,0.04150,0.03320,0.99951,29.50
$IMU,2578.982,6.469,1.403,-0.366,0.04052,0.03906,1.00097,29.50
$IMU,2578.984,6.591,1.708,-0.183,0.03808,0.04443,1.00634,29.50
$IMU,2578.986,6.774,1.770,-0.061,0.03271,0.05224,1.01123,29.52
$IMU,2578.989,6.347,1.831,0.000,0.03320,0.06201,1.01220,29.52
$MAG,2578.989,-0.343,-0.283,-0.898,28.3
$IMU,2578.991,5.493,1.770,-0.244,0.02539,0.05908,1.01757,29.52
$IMU,2578.993,4.882,1.281,-0.488,0.03076,0.05224,1.01904,29.52
$IMU,2578.996,4.516,0.976,-0.549,0.03857,0.04589,1.01757,29.52
$IMU,2578.998,4.150,1.098,-0.488,0.04052,0.03808,1.01269,29.52
$MAG,2579.000,-0.346,-0.279,-0.903,28.5
$IMU,2579.000,3.967,1.098,-0.610,0.03710,0.03466,1.01025,29.52
$IMU,2579.003,3.906,1.159,-0.793,0.02832,0.04003,1.01123,29.52
$IMU,2579.005,3.723,1.098,-0.915,0.02294,0.05322,1.01611,29.54
$BARO,2579.007,86429.87,29.42
$IMU,2579.007,3.295,0.732,-1.098,0.01757,0.05664,1.02441,29.54
$MAG,2579.010,-0.340,-0.286,-0.895,28.3
$IMU,2579.010,2.502,-0.061,-1.342,0.01367,0.06835,1.03076,29.54
$IMU,2579.012,1.892,4.699,-2.075,0.03320,0.06591,1.05078,29.54
$IMU,2579.014,1.159,0.793,-0.793,0.03125,0.09033,1.01220,29.54
$IMU,2579.017,0.915,1.098,-0.915,0.02343,0.08691,1.02929,29.54
$IMU,2579.019,0.244,-1.037,-1.586,0.01562,0.08398,1.03027,29.54
$MAG,2579.020,-0.340,-0.277,-0.892,28.5
$IMU,2579.021,-0.183,-0.549,-2.014,0.01171,0.06738,1.02001,29.54
$IMU,2579.024,-0.427,0.854,-2.441,0.02490,0.05712,1.01416,29.49
$IMU,2579.026,-0.427,-0.488,-2.685,0.03710,0.04882,1.00976,29.49
$IMU,2579.028,-0.244,-0.183,-2.624,0.04150,0.04443,1.00878,29.49
$MAG,2579.030,-0.349,-0.286,-0.895,28.3
$IMU,2579.031,-0.183,1.342,-2.807,0.04101,0.04150,1.00537,29.49
$IMU,2579.033,-0.183,0.671,-3.295,0.03173,0.04345,1.00781,29.49
$IMU,2579.036,0.122,1.159,-3.417,0.02587,0.04638,1.00097,29.49
$IMU,2579.038,0.732,1.770,-3.601,0.02880,0.05224,0.99902,29.49
$MAG,2579.040,-0.342,-0.282,-0.901,28.3
$IMU,2579.040,0.976,1.831,-3.723,0.03662,0.04638,1.00000,29.49
$IMU,2579.043,1.159,2.258,-3.295,0.03857,0.04394,0.99707,29.50
$IMU,2579.045,1.342,3.295,-3.173,0.03662,0.03662,0.99609,29.50
$IMU,2579.047,1.403,3.479,-3.784,0.03564,0.03369,0.99169,29.50
$MAG,2579.050,-0.337,-0.288,-0.895,28.3
$IMU,2579.050,1.464,3.601,-3.723,0.03466,0.02783,0.98535,29.50
$IMU,2579.052,2.014,4.333,-3.051,0.03906,0.02148,0.97949,29.50
$IMU,2579.054,2.868,4.455,-2.807,0.03808,0.02734,0.97802,29.50
$IMU,2579.057,3.845,4.638,-2.441,0.03613,0.03369,0.98193,29.50
$IMU,2579.059,4.455,5.126,-1.708,0.03564,0.05078,0.98828,29.50
$MAG,2579.060,-0.349,-0.285,-0.904,28.5
$IMU,2579.061,4.150,5.126,-1.281,0.02636,0.05712,0.99511,29.51
$IMU,2579.064,3.662,4.333,-1.098,0.02587,0.05468,1.01611,29.51
$IMU,2579.066,3.234,3.906,-0.488,0.03222,0.06103,1.02587,29.51
$IMU,2579.068,2.624,3.173,0.122,0.03710,0.06640,1.03076,29.51
$MAG,2579.070,-0.345,-0.283,-0.900,28.5
$IMU,2579.071,1.953,2.563,0.488,0.03173,0.06787,1.03466,29.51
$IMU,2579.073,1.586,2.380,1.098,0.02783,0.06689,1.04003,29.51
$IMU,2579.075,1.159,1.831,1.403,0.01953,0.06689,1.04882,29.51
$IMU,2579.078,0.793,1.281,1.037,0.01220,0.06689,1.05078,29.51
$MAG,2579.080,-0.349,-0.285,-0.897,28.5
$IMU,2579.080,0.305,0.915,0.671,0.01513,0.07666,1.04687,29.51
$IMU,2579.082,-0.427,0.061,0.793,0.01708,0.07568,1.04589,29.51
$IMU,2579.085,-1.098,-0.427,0.732,0.02783,0.06933,1.04882,29.51
$IMU,2579.087,-1.525,-0.305,0.732,0.03027,0.06982,1.04589,29.51
$IMU,2579.089,-2.014,-0.244,0.793,0.02880,0.06738,1.04150,29.51
$MAG,2579.090,-0.340,-0.288,-0.900,28.5
$IMU,2579.092,-2.441,-0.183,0.854,0.03027,0.06103,1.03759,29.51
$IMU,2579.094,-2.380,0.000,0.793,0.03271,0.05517,1.03271,29.51
$IMU,2579.097,-2.136,0.427,1.037,0.02636,0.05126,1.02441,29.51
$IMU,2579.099,-1.708,0.549,1.098,0.02441,0.04541,1.01416,29.49
$MAG,2579.101,-0.337,-0.282,-0.894,28.5
$IMU,2579.101,-1.525,0.915,1.037,0.02099,0.04736,1.01220,29.49
$IMU,2579.104,-1.647,0.976,1.098,0.01318,0.04785,1.01513,29.49
$IMU,2579.106,-2.075,0.915,1.098,0.01171,0.04589,1.01513,29.49
$IMU,2579.108,-2.380,0.610,0.793,0.01464,0.04101,1.01269,29.49
$BARO,2579.109,86434.65,29.43
$MAG,2579.111,-0.342,-0.288,-0.903,28.3
$IMU,2579.111,-2.502,0.549,0.732,0.02636,0.03662,1.01171,29.49
$IMU,2579.113,-2.197,0.488,0.854,0.02685,0.03515,1.01025,29.49
$IMU,2579.115,-2.014,0.732,0.732,0.02050,0.03808,1.00878,29.49
$IMU,2579.118,-1.647,0.671,0.488,0.01757,0.03564,1.00634,29.47
$IMU,2579.120,-1.281,0.549,0.366,0.01904,0.03613,1.00292,29.47
$MAG,2579.121,-0.342,-0.279,-0.903,28.3
$IMU,2579.122,-0.854,0.732,0.244,0.02636,0.03125,0.99755,29.47
$IMU,2579.125,-0.061,0.915,0.122,0.03564,0.02978,0.99316,29.47
$IMU,2579.127,0.183,1.464,0.122,0.03808,0.03808,0.98681,29.47
$IMU,2579.129,0.183,1.892,0.244,0.03466,0.04003,0.99072,29.47
$MAG,2579.131,-0.340,-0.286,-0.891,28.5
$IMU,2579.132,0.183,2.319,0.305,0.03222,0.04394,0.99462,29.47
$IMU,2579.134,-0.122,2.502,0.366,0.03125,0.05615,0.99853,29.47
$IMU,2579.136,-0.549,2.380,0.671,0.02832,0.06054,1.00634,29.51
$IMU,2579.139,-1.159,2.441,0.976,0.02734,0.06250,1.01562,29.51
$MAG,2579.141,-0.340,-0.280,-0.904,28.5
$IMU,2579.141,-1.708,2.380,0.854,0.02246,0.06689,1.01611,29.51
$IMU,2579.143,-2.075,2.258,0.732,0.01953,0.06787,1.01904,29.51
$IMU,2579.146,-2.258,2.075,0.671,0.02001,0.06396,1.01464,29.51
$IMU,2579.148,-2.136,1.831,0.427,0.01708,0.06298,1.01123,29.51
$IMU,2579.150,-1.953,1.525,0.366,0.01416,0.05859,1.01171,29.51
$MAG,2579.151,-0.343,-0.280,-0.898,28.5
$IMU,2579.153,-2.197,1.037,0.183,0.02050,0.06054,1.01611,29.51
$IMU,2579.155,-2.502,0.854,0.000,0.02294,0.05957,1.01855,29.51
$IMU,2579.158,-2.563,0.488,-0.061,0.02587,0.05419,1.01513,29.51
$IMU,2579.160,-2.502,0.183,-0.061,0.02490,0.05322,1.01318,29.51
$MAG,2579.161,-0.337,-0.282,-0.888,28.5
$IMU,2579.162,-2.380,0.122,-0.244,0.02197,0.04931,1.00927,29.51
$IMU,2579.165,-1.770,-0.122,-0.366,0.01464,0.04980,1.00390,29.51
$IMU,2579.167,-1.403,-0.305,-0.488,0.01220,0.04589,1.00097,29.51
$IMU,2579.169,-1.159,-0.671,-0.732,0.00878,0.04687,1.00732,29.51
$MAG,2579.171,-0.331,-0.292,-0.907,28.5
$IMU,2579.172,-1.098,-1.098,-0.915,0.01025,0.04882,1.01074,29.51
$IMU,2579.174,-1.281,-1.647,-1.098,0.01660,0.05029,1.01611,29.50
$IMU,2579.176,-1.586,-1.770,-1.098,0.02197,0.05371,1.02001,29.50
$IMU,2579.179,-1.647,-1.464,-1.281,0.02490,0.04785,1.01611,29.50
$MAG,2579.181,-0.337,-0.280,-0.903,28.3
$IMU,2579.181,-1.403,-1.098,-1.342,0.03027,0.04248,1.01171,29.50
$IMU,2579.183,-0.854,-0.549,-1.220,0.03955,0.03955,1.00878,29.50
$IMU,2579.186,-0.122,0.061,-0.671,0.05566,0.03515,1.00634,29.50
$IMU,2579.188,0.305,0.915,0.000,0.05664,0.03564,1.00488,29.50
$IMU,2579.190,0.610,1.708,0.366,0.04589,0.03710,1.00537,29.50
$MAG,2579.191,-0.339,-0.288,-0.894,28.3
$IMU,2579.193,0.610,2.197,0.549,0.03515,0.04003,1.00146,29.51
$IMU,2579.195,0.671,2.563,0.549,0.02392,0.03564,0.99951,29.51
$IMU,2579.197,1.281,2.502,0.427,0.02343,0.03222,0.99609,29.51
$IMU,2579.200,1.770,2.746,0.244,0.02587,0.03369,0.99169,29.51
$MAG,2579.202,-0.342,-0.289,-0.895,28.3
$IMU,2579.202,2.624,3.173,0.000,0.02050,0.02490,0.98681,29.51
$IMU,2579.204,3.662,3.601,-0.183,0.02539,0.02880,0.97753,29.51
$IMU,2579.207,4.516,4.028,-0.244,0.02490,0.03173,0.97070,29.51
$IMU,2579.209,5.126,4.211,-0.366,0.02343,0.03515,0.97558,29.51
$BARO,2579.210,86428.04,29.42
$IMU,2579.211,5.371,4.272,-0.488,0.02392,0.03710,0.98974,29.49
$MAG,2579.212,-0.342,-0.295,-0.894,28.5
$IMU,2579.214,5.310,3.906,-0.610,0.01367,0.04785,1.00585,29.49
$IMU,2579.216,4.455,3.051,-0.732,0.00537,0.06494,1.02685,29.49
$IMU,2579.219,2.807,1.708,-0.793,0.00488,0.08007,1.05029,29.49
$IMU,2579.221,0.854,0.305,-0.610,0.00976,0.08837,1.06494,29.49
$MAG,2579.222,-0.345,-0.288,-0.901,28.5
$IMU,2579.223,-0.915,-0.915,-0.366,0.02148,0.08886,1.07128,29.49
$IMU,2579.226,-1.953,-1.525,-0.305,0.03125,0.08007,1.06542,29.49
$IMU,2579.228,-2.258,-1.586,-0.244,0.04003,0.07177,1.05761,29.49
$IMU,2579.230,-2.258,-1.281,-0.061,0.04443,0.06689,1.04931,29.51
$MAG,2579.232,-0.340,-0.283,-0.897,28.3
$IMU,2579.233,-1.892,-0.671,0.305,0.04687,0.06250,1.04199,29.51
$IMU,2579.235,-1.586,0.000,0.427,0.03857,0.05712,1.03173,29.51
$IMU,2579.237,-1.342,0.122,0.488,0.02636,0.05566,1.02587,29.51
$IMU,2579.240,-1.342,0.305,0.427,0.02099,0.05908,1.02392,29.51
$MAG,2579.242,-0.345,-0.289,-0.894,28.5
$IMU,2579.242,-1.464,0.305,0.366,0.01806,0.05419,1.02148,29.51
$IMU,2579.244,-1.831,0.183,0.366,0.02148,0.05224,1.02294,29.51
$IMU,2579.247,-1.953,0.122,0.488,0.02246,0.04736,1.01953,29.51
$IMU,2579.249,-1.953,0.305,0.549,0.02246,0.03955,1.01123,29.53
$IMU,2579.251,-1.770,0.427,0.488,0.02246,0.03955,1.00439,29.53
$MAG,2579.252,-0.339,-0.285,-0.900,28.2
$IMU,2579.254,-1.342,0.671,0.488,0.02197,0.03906,0.99658,29.53
$IMU,2579.256,-0.854,1.037,0.427,0.01953,0.04492,0.99072,29.53
$IMU,2579.258,-0.488,0.854,0.427,0.01416,0.04541,0.99511,29.53
$IMU,2579.261,-0.549,0.793,0.366,0.00488,0.04980,1.00585,29.53
$MAG,2579.262,-0.339,-0.279,-0.904,28.3
$IMU,2579.263,-0.854,0.122,0.183,0.00634,0.05371,1.01367,29.53
$IMU,2579.265,-1.403,-0.427,0.000,0.00683,0.05078,1.01855,29.53
$IMU,2579.268,-1.831,-0.732,-0.366,0.01513,0.04687,1.01367,29.50
$IMU,2579.270,-1.770,-0.854,-0.732,0.02001,0.04345,1.00927,29.50
$MAG,2579.272,-0.339,-0.286,-0.898,28.3
$IMU,2579.272,-1.464,-0.671,-1.159,0.02343,0.03906,1.00390,29.50
$IMU,2579.275,-1.037,-0.488,-1.342,0.02587,0.04345,1.00146,29.50
$IMU,2579.277,-0.854,-0.244,-1.403,0.03027,0.04541,1.00244,29.50
$IMU,2579.280,-0.915,-0.061,-1.342,0.02832,0.05468,1.00390,29.50
$HUM,2579.281,36.9,29.8
$MAG,2579.282,-0.348,-0.285,-0.894,28.3
$IMU,2579.282,-1.220,-0.061,-1.342,0.02832,0.05419,1.00976,29.50
$IMU,2579.284,-1.281,0.122,-1.159,0.03613,0.05078,1.01171,29.50
$IMU,2579.287,-1.159,0.610,-0.732,0.04394,0.05029,1.00781,29.48
$IMU,2579.289,-0.915,0.854,-0.488,0.03857,0.04833,1.00488,29.48
$IMU,2579.291,-0.671,1.098,-0.549,0.02490,0.04687,1.00781,29.48
$MAG,2579.292,-0.337,-0.286,-0.894,28.3
$IMU,2579.294,-0.671,1.342,-0.671,0.01757,0.04541,1.00097,29.48
$IMU,2579.296,-0.671,1.403,-0.732,0.02050,0.04394,0.99755,29.48
$IMU,2579.298,-0.610,1.281,-0.793,0.02294,0.04443,1.00048,29.48
$IMU,2579.301,-0.549,1.342,-0.854,0.02734,0.04296,1.00146,29.48
$MAG,2579.303,-0.339,-0.277,-0.900,28.5
$IMU,2579.303,-0.549,1.342,-0.732,0.03076,0.04589,1.00097,29.48
$IMU,2579.305,-0.793,1.464,-0.671,0.02197,0.05273,1.01074,29.53
$IMU,2579.308,-1.037,1.159,-0.427,0.02685,0.05322,1.02001,29.53
$IMU,2579.310,-1.159,0.976,-0.183,0.02929,0.05322,1.02685,29.53
$BARO,2579.312,86438.77,29.43
$IMU,2579.312,-1.037,0.976,-0.122,0.02978,0.05224,1.02978,29.53
$MAG,2579.313,-0.339,-0.282,-0.898,28.3
$IMU,2579.315,-0.732,1.159,-0.183,0.02734,0.05175,1.02685,29.53
$IMU,2579.317,-0.488,1.586,-0.305,0.02490,0.05126,1.02197,29.53
$IMU,2579.319,-0.366,1.464,-0.366,0.02246,0.05175,1.02392,29.53
$IMU,2579.322,-0.305,1.281,-0.366,0.02294,0.05322,1.03271,29.53
$MAG,2579.323,-0.343,-0.280,-0.900,28.5
$IMU,2579.324,-0.793,1.159,-0.427,0.02392,0.06347,1.03906,29.53
$IMU,2579.326,-1.098,0.854,-0.305,0.02441,0.05908,1.04101,29.53
$IMU,2579.329,-1.342,0.915,-0.305,0.02246,0.05419,1.03710,29.53
$IMU,2579.331,-1.281,0.732,-0.427,0.02539,0.05126,1.03320,29.53
$MAG,2579.333,-0.334,-0.291,-0.898,28.5
$IMU,2579.333,-1.403,0.976,-0.427,0.02539,0.04736,1.02978,29.53
$IMU,2579.336,-1.403,1.098,-0.488,0.02294,0.04541,1.02343,29.53
$IMU,2579.338,-1.403,1.220,-0.488,0.02197,0.04785,1.01904,29.53
$IMU,2579.341,-1.281,1.403,-0.549,0.02099,0.04492,1.01318,29.53
$IMU,2579.343,-1.098,1.586,-0.671,0.02294,0.04443,1.00683,29.50
$MAG,2579.343,-0.337,-0.282,-0.895,28.5
$IMU,2579.345,-0.793,1.647,-0.854,0.01855,0.04589,1.00830,29.50
$IMU,2579.348,-0.366,1.770,-0.915,0.01660,0.04199,1.00537,29.50
$IMU,2579.350,0.061,1.770,-1.037,0.01220,0.04492,1.00195,29.50
$IMU,2579.352,0.183,1.831,-1.220,0.01074,0.04785,1.00878,29.50
$MAG,2579.353,-0.337,-0.282,-0.889,28.3
$IMU,2579.355,0.122,1.586,-1.220,0.01123,0.05224,1.01318,29.50
$IMU,2579.357,0.000,1.403,-1.098,0.01562,0.04785,1.01855,29.50
$IMU,2579.359,-0.061,1.159,-0.976,0.01953,0.05126,1.01708,29.50
$IMU,2579.362,-0.122,1.159,-0.854,0.02001,0.05859,1.01367,29.50
$MAG,2579.363,-0.340,-0.283,-0.888,28.3
$IMU,2579.364,0.122,1.281,-0.732,0.01660,0.05029,1.00878,29.50
$IMU,2579.366,0.549,1.647,-0.732,0.01074,0.04541,1.00390,29.50
$IMU,2579.369,0.976,1.770,-0.793,0.01269,0.04492,1.00048,29.50
$IMU,2579.371,1.403,1.403,-0.732,0.01025,0.04541,1.00146,29.50
$MAG,2579.373,-0.336,-0.288,-0.904,28.5
$IMU,2579.373,1.647,1.159,-0.732,0.01025,0.04248,1.00292,29.50
$IMU,2579.376,1.708,0.793,-0.610,0.01611,0.04492,1.00048,29.50
$IMU,2579.378,1.586,0.305,-0.305,0.02246,0.05419,1.00683,29.50
$IMU,2579.380,1.037,-0.061,0.061,0.02099,0.05957,1.01318,29.53
$MAG,2579.383,-0.343,-0.288,-0.900,28.5
$IMU,2579.383,0.366,-0.488,0.305,0.01416,0.05761,1.02001,29.53
$IMU,2579.385,-0.305,-1.037,0.427,0.01464,0.05908,1.02343,29.53
$IMU,2579.387,-0.854,-1.464,0.427,0.02050,0.05859,1.02685,29.53
$IMU,2579.390,-1.220,-1.586,0.183,0.02539,0.05517,1.02587,29.53
$IMU,2579.392,-1.342,-1.586,0.061,0.02832,0.05126,1.02246,29.53
$MAG,2579.393,-0.337,-0.289,-0.895,28.5
$IMU,2579.394,-1.159,-1.342,-0.122,0.02539,0.05029,1.01806,29.53
$IMU,2579.397,-1.037,-1.220,-0.244,0.02490,0.04785,1.01123,29.53
$IMU,2579.399,-1.098,-0.976,-0.305,0.02490,0.04687,1.00830,29.52
$IMU,2579.401,-1.220,-0.671,-0.366,0.02197,0.04980,1.00830,29.52
$MAG,2579.403,-0.345,-0.282,-0.897,28.5
$IMU,2579.404,-1.403,-0.732,-0.366,0.02001,0.05371,1.01025,29.52
$IMU,2579.406,-1.708,-0.732,-0.427,0.01660,0.05126,1.01171,29.52
$IMU,2579.409,-1.770,-0.549,-0.549,0.01904,0.04931,1.01123,29.52
$IMU,2579.411,-1.647,-0.061,-0.610,0.02441,0.04931,1.00585,29.52
$BARO,2579.413,86435.13,29.43
$IMU,2579.413,-1.342,0.244,-0.671,0.03320,0.04248,1.00048,29.52
$MAG,2579.414,-0.331,-0.285,-0.897,28.3
$IMU,2579.416,-1.342,0.488,-0.549,0.03906,0.04541,1.00000,29.52
$IMU,2579.418,-1.403,0.793,-0.183,0.03613,0.04345,0.99853,29.53
$IMU,2579.420,-1.220,0.793,0.122,0.03222,0.04736,1.00048,29.53
$IMU,2579.423,-1.403,0.915,0.366,0.02148,0.04638,1.00976,29.53
$MAG,2579.424,-0.343,-0.286,-0.900,28.5
$IMU,2579.425,-1.770,0.915,0.427,0.01171,0.05517,1.02148,29.53
$IMU,2579.427,-2.197,0.488,0.305,0.01708,0.05761,1.02685,29.53
$IMU,2579.430,-2.441,0.366,0.183,0.01708,0.05273,1.02636,29.53
$IMU,2579.432,-2.197,0.000,-0.061,0.01806,0.04589,1.02587,29.53
$MAG,2579.434,-0.340,-0.289,-0.897,28.3
$IMU,2579.434,-1.892,-0.061,-0.183,0.02392,0.04833,1.02099,29.53
$IMU,2579.437,-1.647,0.183,-0.305,0.02392,0.05078,1.01757,29.52
$IMU,2579.439,-1.403,0.183,-0.366,0.02246,0.05273,1.02001,29.52
$IMU,2579.441,-1.525,0.305,-0.427,0.01806,0.05224,1.02099,29.52
$MAG,2579.444,-0.339,-0.282,-0.891,28.5
$IMU,2579.444,-1.525,0.488,-0.671,0.01708,0.04736,1.01953,29.52
$IMU,2579.446,-1.770,0.915,-0.915,0.01123,0.05078,1.02294,29.52
$IMU,2579.448,-1.708,1.281,-1.220,0.01025,0.05175,1.02783,29.52
$IMU,2579.451,-1.831,1.220,-1.403,0.02685,0.05224,1.02294,29.52
$IMU,2579.453,-2.075,1.281,-1.403,0.03125,0.04833,1.02246,29.52
$MAG,2579.454,-0.331,-0.280,-0.898,28.5
$IMU,2579.455,-1.953,1.586,-1.342,0.03320,0.04101,1.01806,29.55
$IMU,2579.458,-1.770,2.014,-1.342,0.03222,0.03710,1.00976,29.55
$IMU,2579.460,-1.342,2.258,-1.281,0.02441,0.04052,1.01123,29.55
$IMU,2579.462,-0.915,2.929,-1.403,0.01513,0.04492,1.01171,29.55
$MAG,2579.464,-0.337,-0.283,-0.894,28.5
$IMU,2579.465,-0.610,3.295,-1.586,0.01562,0.04248,1.00781,29.55
$IMU,2579.467,-0.183,3.356,-1.708,0.01171,0.04589,1.00537,29.55
$IMU,2579.470,0.183,3.234,-1.770,0.01757,0.03613,0.99902,29.55
$IMU,2579.472,0.610,2.990,-1.708,0.01611,0.03906,1.00195,29.55
$MAG,2579.474,-0.339,-0.282,-0.903,28.3
$IMU,2579.474,0.976,3.173,-1.831,0.01757,0.03710,1.00000,29.48
$IMU,2579.477,1.342,3.417,-1.953,0.01757,0.03710,1.00000,29.48
$IMU,2579.479,1.647,3.479,-2.136,0.01660,0.03662,1.00195,29.48
$IMU,2579.481,1.770,3.540,-2.502,0.01611,0.03808,1.00341,29.48
$MAG,2579.484,-0.336,-0.280,-0.901,28.3
$IMU,2579.484,1.770,3.356,-2.563,0.01123,0.04394,0.99804,29.48
$IMU,2579.486,1.831,3.173,-2.685,0.01318,0.04589,0.99755,29.48
$IMU,2579.488,1.831,2.929,-2.746,0.01367,0.04394,0.99072,29.48
$IMU,2579.491,2.014,2.990,-2.746,0.00439,0.04833,0.99365,29.48
$IMU,2579.493,2.075,2.807,-2.807,0.00830,0.04736,0.99707,29.52
$MAG,2579.494,-0.342,-0.288,-0.897,28.3
$IMU,2579.495,2.075,2.075,-2.807,0.00976,0.04589,1.00341,29.52
$IMU,2579.498,2.258,1.464,-2.685,0.01757,0.04638,1.00878,29.52
$IMU,2579.500,2.197,1.220,-2.563,0.02929,0.04882,1.01464,29.52
$IMU,2579.502,2.075,0.793,-2.319,0.02978,0.05615,1.02294,29.52
$MAG,2579.504,-0.334,-0.283,-0.901,28.3
$IMU,2579.505,1.708,0.732,-2.197,0.02148,0.05810,1.02783,29.52
$IMU,2579.507,1.403,0.366,-2.197,0.02197,0.06201,1.03027,29.52
$IMU,2579.509,1.281,0.122,-2.258,0.02099,0.05908,1.02685,29.52
$IMU,2579.512,1.220,0.183,-2.258,0.02294,0.06054,1.02636,29.50
$IMU,2579.514,1.220,0.549,-2.075,0.02929,0.05859,1.02294,29.50
$BARO,2579.515,86429.89,29.43
$MAG,2579.515,-0.340,-0.286,-0.901,28.3
$IMU,2579.516,1.037,1.159,-1.770,0.03222,0.05712,1.01416,29.50
$IMU,2579.519,1.159,1.342,-1.525,0.02685,0.04736,1.00927,29.50
$IMU,2579.521,1.281,1.464,-1.220,0.02197,0.05175,1.00830,29.50
$IMU,2579.523,1.037,1.586,-0.854,0.02001,0.05419,1.01318,29.50
$MAG,2579.525,-0.340,-0.277,-0.900,28.3
$IMU,2579.526,0.793,1.342,-0.610,0.01757,0.05371,1.01855,29.50
$IMU,2579.528,0.366,1.403,-0.427,0.01660,0.05322,1.01904,29.50
$IMU,2579.531,0.183,0.854,-0.427,0.01562,0.05029,1.02099,29.54
$IMU,2579.533,0.061,0.427,-0.244,0.01269,0.04980,1.01855,29.54
$MAG,2579.535,-0.348,-0.282,-0.904,28.3
$IMU,2579.535,0.122,0.305,-0.122,0.01611,0.04833,1.01562,29.54
$IMU,2579.538,0.366,0.244,-0.183,0.01416,0.04589,1.01318,29.54
$IMU,2579.540,0.366,0.366,-0.244,0.01269,0.04736,1.00585,29.54
$IMU,2579.542,0.671,0.427,-0.427,0.01025,0.04541,1.00000,29.54
$IMU,2579.545,0.976,0.549,-0.671,0.00292,0.04296,1.00048,29.54
$MAG,2579.545,-0.340,-0.279,-0.904,28.5
$IMU,2579.547,1.220,1.098,-0.854,0.00634,0.05126,1.00244,29.54
$IMU,2579.549,2.014,1.342,-1.159,0.01269,0.05126,1.00830,29.49
$IMU,2579.552,2.380,1.647,-1.220,0.02978,0.03076,1.00195,29.49
$IMU,2579.554,2.258,1.464,-0.854,0.02343,0.03320,1.00244,29.49
$MAG,2579.555,-0.333,-0.283,-0.894,28.5
$IMU,2579.556,1.770,1.098,-0.488,0.01171,0.04101,1.00488,29.49
$IMU,2579.559,1.098,0.671,-0.366,0.00585,0.05126,1.01513,29.49
$IMU,2579.561,0.183,0.061,-0.244,0.00878,0.06640,1.02978,29.49
$IMU,2579.563,-1.159,-0.305,-0.122,0.01074,0.06933,1.04296,29.49
$MAG,2579.565,-0.333,-0.286,-0.904,28.3
$IMU,2579.566,-2.014,-0.793,-0.061,0.01660,0.07324,1.04687,29.49
$IMU,2579.568,-2.502,-0.793,0.000,0.02685,0.06591,1.04052,29.51
$IMU,2579.570,-2.197,-0.671,-0.122,0.02832,0.06250,1.03125,29.51
$IMU,2579.573,-1.586,-0.244,-0.244,0.02587,0.05175,1.02441,29.51
$MAG,2579.575,-0.340,-0.280,-0.903,28.5
$IMU,2579.575,-1.220,0.183,-0.488,0.02587,0.04833,1.02099,29.51
$IMU,2579.577,-0.854,0.366,-0.671,0.02587,0.04638,1.01562,29.51
$IMU,2579.580,-0.793,0.610,-0.732,0.01953,0.04687,1.01416,29.51
$IMU,2579.582,-0.732,0.671,-0.732,0.01318,0.04833,1.01123,29.51
$IMU,2579.584,-0.671,0.610,-0.671,0.01464,0.04394,1.00488,29.51
$MAG,2579.585,-0.334,-0.283,-0.894,28.5
$IMU,2579.587,-0.549,0.549,-0.671,0.00830,0.04589,1.00537,29.53
$IMU,2579.589,-0.366,0.488,-0.610,0.00732,0.04833,1.00683,29.53
$IMU,2579.592,-0.488,0.366,-0.549,0.00488,0.05712,1.01367,29.53
$IMU,2579.594,-0.732,0.671,-0.671,0.00048,0.06054,1.02490,29.53
$MAG,2579.595,-0.340,-0.279,-0.897,28.3
$IMU,2579.596,-1.098,0.976,-0.854,0.02783,0.06347,1.02441,29.53
$IMU,2579.599,-1.403,0.549,-0.976,0.03369,0.05712,1.02197,29.53
$IMU,2579.601,-1.647,0.427,-0.793,0.03515,0.05273,1.02294,29.53
$IMU,2579.603,-1.525,0.915,-0.732,0.02880,0.04931,1.01171,29.53
$MAG,2579.605,-0.333,-0.286,-0.895,28.3
$IMU,2579.606,-1.098,1.281,-0.549,0.02050,0.04443,1.00488,29.53
$IMU,2579.608,-0.732,1.342,-0.549,0.01513,0.04248,1.00439,29.53
$IMU,2579.610,-0.488,1.220,-0.671,0.01660,0.04785,1.00634,29.53
$IMU,2579.613,-0.427,1.037,-0.793,0.01269,0.04980,1.00585,29.53
$MAG,2579.615,-0.340,-0.282,-0.897,28.3
$IMU,2579.615,-0.488,1.159,-0.732,0.01367,0.04345,1.00585,29.53
$BARO,2579.616,86426.92,29.43
$IMU,2579.617,-0.488,1.403,-0.671,0.02197,0.04492,1.00537,29.53
$IMU,2579.620,-0.366,1.403,-0.549,0.02539,0.04003,1.00537,29.53
$IMU,2579.622,-0.305,1.342,-0.427,0.02636,0.04003,1.00439,29.53
$IMU,2579.624,0.000,1.281,-0.183,0.01757,0.03613,0.99853,29.48
$MAG,2579.626,-0.337,-0.286,-0.903,28.5
$IMU,2579.627,0.305,1.403,-0.061,0.01269,0.03613,0.99365,29.48
$TIME,2579.628,463102.000,2399
$IMU,2579.629,0.671,1.464,-0.061,0.01269,0.03759,0.99462,29.48
$IMU,2579.631,1.037,1.098,0.000,0.01123,0.04101,1.00292,29.48
$IMU,2579.634,1.220,0.549,-0.061,0.01074,0.04882,1.01123,29.48
$MAG,2579.636,-0.331,-0.285,-0.892,28.5
$IMU,2579.636,0.793,0.488,-0.183,0.01367,0.05517,1.01806,29.48
$IMU,2579.638,0.610,0.122,-0.183,0.01660,0.05517,1.02392,29.48
$IMU,2579.641,0.671,-0.244,-0.366,0.02294,0.05615,1.01806,29.48
$IMU,2579.643,0.915,-0.305,-0.488,0.02636,0.04980,1.01806,29.53
$IMU,2579.645,1.281,-0.061,-0.488,0.02734,0.04443,1.01611,29.53
$MAG,2579.646,-0.339,-0.283,-0.895,28.3
$IMU,2579.648,1.586,0.122,-0.488,0.02001,0.04541,1.01367,29.53
$IMU,2579.650,1.770,-0.122,-0.488,0.01416,0.05224,1.01513,29.53
$IMU,2579.653,1.525,-0.244,-0.427,0.01220,0.05859,1.02246,29.53
$IMU,2579.655,0.854,-0.549,-0.427,0.01220,0.06494,1.02929,29.53
$MAG,2579.656,-0.336,-0.280,-0.903,28.5
$IMU,2579.657,0.488,-1.098,-0.427,0.01416,0.06445,1.03320,29.53
$IMU,2579.660,0.061,-1.281,-0.427,0.02001,0.06152,1.03369,29.53
$IMU,2579.662,-0.061,-0.915,-0.366,0.02441,0.05322,1.02539,29.51
$IMU,2579.664,0.183,-0.671,-0.305,0.02392,0.04785,1.01953,29.51
$MAG,2579.666,-0.337,-0.288,-0.898,28.5
$IMU,2579.667,0.305,-0.122,-0.427,0.02636,0.05126,1.01464,29.51
$IMU,2579.669,0.305,0.305,-0.366,0.02148,0.04931,1.01367,29.51
$IMU,2579.671,0.061,0.549,-0.244,0.01220,0.05029,1.01562,29.51
$IMU,2579.674,-0.183,0.366,-0.305,0.01220,0.05029,1.02050,29.51
$MAG,2579.676,-0.337,-0.274,-0.892,28.5
$IMU,2579.676,-0.427,0.305,-0.244,0.01562,0.05126,1.01806,29.51
$IMU,2579.678,-0.427,0.366,-0.183,0.01904,0.05078,1.01904,29.51
$IMU,2579.681,-0.427,0.732,0.000,0.02343,0.05175,1.01904,29.52
$IMU,2579.683,-0.366,0.793,0.122,0.01904,0.05224,1.02001,29.52
$IMU,2579.685,-0.244,0.915,0.061,0.01611,0.05126,1.02001,29.52
$MAG,2579.686,-0.331,-0.285,-0.892,28.3
$IMU,2579.688,-0.183,0.915,0.000,0.01904,0.04638,1.01513,29.52
$IMU,2579.690,-0.305,0.915,0.000,0.01806,0.04931,1.01611,29.52
$IMU,2579.692,-0.549,1.281,0.122,0.02050,0.04296,1.01513,29.52
$IMU,2579.695,-0.549,1.220,0.244,0.01416,0.04589,1.01220,29.52
$MAG,2579.696,-0.334,-0.282,-0.901,28.5
$IMU,2579.697,-0.488,1.098,0.122,0.00830,0.04638,1.01171,29.52
$IMU,2579.699,-0.671,0.915,0.122,0.00585,0.04345,1.01025,29.49
$IMU,2579.702,-0.610,0.732,0.000,0.00830,0.04541,1.01025,29.49
$IMU,2579.704,-0.671,0.732,-0.061,0.01513,0.04687,1.00976,29.49
$MAG,2579.706,-0.337,-0.283,-0.900,28.3
$IMU,2579.706,-0.549,0.732,0.122,0.01513,0.04394,1.00732,29.49
$IMU,2579.709,-0.427,0.793,0.122,0.01855,0.04882,1.00878,29.49
$IMU,2579.711,-0.366,0.976,0.000,0.01416,0.05078,1.00878,29.49
$IMU,2579.714,-0.305,0.854,-0.061,0.01318,0.05078,1.00585,29.49
$MAG,2579.716,-0.333,-0.277,-0.901,28.5
$IMU,2579.716,-0.305,0.976,-0.183,0.01318,0.04589,0.99951,29.49
$BARO,2579.717,86423.43,29.43
$IMU,2579.718,-0.305,1.220,-0.244,0.01562,0.04589,1.00000,29.50
$IMU,2579.721,0.061,1.159,-0.183,0.01660,0.04248,0.99853,29.50
$IMU,2579.723,0.183,1.159,-0.244,0.01416,0.04248,0.99853,29.50
$IMU,2579.725,0.183,0.976,-0.061,0.01464,0.05371,1.00097,29.50
$MAG,2579.727,-0.343,-0.288,-0.894,28.5
$IMU,2579.728,0.183,0.793,0.061,0.01904,0.05810,1.00878,29.50
$IMU,2579.730,-0.061,0.732,0.244,0.01855,0.05810,1.01464,29.50
$IMU,2579.732,-0.061,0.732,0.366,0.01611,0.05322,1.01318,29.50
$IMU,2579.735,0.000,0.671,0.305,0.00927,0.05126,1.01074,29.50
$MAG,2579.737,-0.325,-0.282,-0.900,28.3
$IMU,2579.737,0.366,0.305,0.061,0.00585,0.04980,1.00830,29.50
$IMU,2579.739,0.549,0.000,-0.061,0.00537,0.04785,1.00830,29.50
$IMU,2579.742,0.549,-0.061,-0.061,0.01123,0.05273,1.00976,29.50
$IMU,2579.744,0.488,-0.488,0.122,0.01953,0.05810,1.01806,29.50
$IMU,2579.746,-0.061,-0.549,0.427,0.01953,0.06347,1.02832,29.50
$MAG,2579.747,-0.331,-0.279,-0.901,28.5
$IMU,2579.749,-0.549,-0.854,0.671,0.01416,0.06640,1.03320,29.50
$IMU,2579.751,-0.915,-1.098,0.671,0.01123,0.07080,1.03222,29.50
$IMU,2579.753,-1.098,-1.220,0.366,0.00683,0.06298,1.02685,29.50
$IMU,2579.756,-1.220,-1.220,0.183,0.01123,0.05712,1.02050,29.51
$MAG,2579.757,-0.327,-0.283,-0.901,28.6
$IMU,2579.758,-1.220,-0.976,0.000,0.01562,0.05371,1.01611,29.51
$IMU,2579.760,-1.098,-0.976,-0.122,0.01269,0.05029,1.01318,29.51
$IMU,2579.763,-0.976,-0.854,-0.183,0.01416,0.04296,1.01220,29.51
$IMU,2579.765,-0.732,-0.854,-0.183,0.01171,0.03906,1.01074,29.51
$MAG,2579.767,-0.336,-0.280,-0.900,28.3
$IMU,2579.767,-0.244,-0.976,-0.305,0.01025,0.04492,1.00830,29.51
$IMU,2579.770,-0.244,-0.793,-0.244,0.00683,0.04541,1.01123,29.51
$IMU,2579.772,-0.183,-0.732,-0.366,0.00976,0.04687,1.01220,29.51
$IMU,2579.775,-0.183,-0.854,-0.549,0.01464,0.04785,1.01074,29.54
$MAG,2579.777,-0.336,-0.280,-0.897,28.3
$IMU,2579.777,-0.244,-0.732,-0.732,0.01611,0.04785,1.00976,29.54
$IMU,2579.779,-0.061,-0.732,-0.854,0.02099,0.04687,1.00927,29.54
$IMU,2579.782,0.061,-0.549,-0.732,0.02783,0.04980,1.00634,29.54
$IMU,2579.784,0.305,0.000,-0.366,0.03710,0.04785,1.00732,29.54
$IMU,2579.786,0.732,0.366,0.061,0.03662,0.04541,1.00537,29.54
$MAG,2579.787,-0.345,-0.282,-0.891,28.3
$IMU,2579.789,0.793,0.915,0.305,0.02587,0.04492,1.00878,29.54
$IMU,2579.791,0.915,0.976,0.427,0.01660,0.04687,1.01416,29.54
$IMU,2579.793,0.732,1.098,0.366,0.00976,0.05078,1.01416,29.52
$IMU,2579.796,0.793,0.793,0.122,0.01074,0.04736,1.01269,29.52
$MAG,2579.797,-0.336,-0.291,-0.900,28.5
$IMU,2579.798,0.854,0.610,0.000,0.01708,0.04785,1.01171,29.52
$IMU,2579.800,1.159,0.854,0.000,0.02441,0.04199,1.00830,29.52
$IMU,2579.803,1.403,0.732,0.183,0.02148,0.04345,1.01074,29.52
$IMU,2579.805,1.281,1.037,0.305,0.01123,0.05322,1.01416,29.52
$MAG,2579.807,-0.337,-0.283,-0.900,28.5
$IMU,2579.807,0.854,0.793,0.183,0.00146,0.06152,1.02490,29.52
$IMU,2579.810,0.061,0.183,-0.061,0.00048,0.06542,1.03662,29.52
$IMU,2579.812,-0.671,-0.427,-0.183,0.01171,0.06201,1.03662,29.50
$IMU,2579.814,-0.976,-0.793,-0.244,0.02050,0.05615,1.03417,29.50
$MAG,2579.817,-0.336,-0.288,-0.894,28.5
$IMU,2579.817,-1.281,-0.305,-0.488,0.02001,0.05371,1.02832,29.50
$BARO,2579.819,86429.70,29.43
$IMU,2579.819,-0.976,-0.122,-0.610,0.02148,0.04931,1.01660,29.50
$IMU,2579.821,-0.610,0.183,-0.610,0.01953,0.04345,1.01025,29.50
$IMU,2579.824,-0.488,0.488,-0.671,0.01611,0.04736,1.01171,29.50
$IMU,2579.826,-0.244,0.427,-0.732,0.01708,0.05224,1.01367,29.50
$MAG,2579.828,-0.333,-0.286,-0.901,28.3
$IMU,2579.828,-0.366,0.488,-0.793,0.01123,0.05712,1.01757,29.50
$IMU,2579.831,-0.610,0.427,-0.793,0.00878,0.05517,1.02099,29.51
$IMU,2579.833,-0.915,0.122,-0.793,0.01123,0.05371,1.02246,29.51
$IMU,2579.836,-1.037,0.122,-0.854,0.01074,0.04931,1.02392,29.51
$MAG,2579.838,-0.333,-0.282,-0.897,28.3
$IMU,2579.838,-1.037,-0.122,-0.854,0.01025,0.05126,1.01953,29.51
$IMU,2579.840,-1.037,0.183,-0.732,0.02343,0.05761,1.02001,29.51
$IMU,2579.843,-1.037,0.610,-0.366,0.03515,0.05371,1.02343,29.51
$IMU,2579.845,-1.098,1.098,0.000,0.02832,0.05224,1.02050,29.51
$IMU,2579.847,-1.098,1.647,0.061,0.01806,0.04589,1.01660,29.51
$MAG,2579.848,-0.339,-0.282,-0.906,28.3
$IMU,2579.850,-0.793,1.647,-0.183,0.00878,0.04199,1.00683,29.51
$IMU,2579.852,-0.366,1.464,-0.366,0.00585,0.03906,1.00732,29.51
$VBAT,2579.852,4.142
$IMU,2579.854,-0.122,1.281,-0.305,0.00927,0.04101,1.00292,29.51
$IMU,2579.857,-0.244,1.159,-0.183,0.00634,0.04052,1.00585,29.51
$MAG,2579.858,-0.331,-0.276,-0.901,28.3
$IMU,2579.859,-0.427,0.976,-0.122,0.00683,0.04443,1.00976,29.51
$IMU,2579.861,-0.610,0.671,-0.244,0.00732,0.04833,1.01269,29.51
$IMU,2579.864,-0.915,0.793,-0.305,0.00878,0.04980,1.01757,29.51
$IMU,2579.866,-0.793,0.610,-0.366,0.01123,0.04931,1.01025,29.51
$MAG,2579.868,-0.340,-0.283,-0.895,28.5
$IMU,2579.868,-0.427,0.610,-0.549,0.01074,0.04833,1.00732,29.51
$IMU,2579.871,-0.183,0.610,-0.671,0.01269,0.05078,1.00537,29.51
$IMU,2579.873,0.061,0.427,-0.610,0.01855,0.05273,1.00634,29.51
$IMU,2579.875,-0.061,0.488,-0.488,0.02001,0.05517,1.01025,29.51
$MAG,2579.878,-0.325,-0.288,-0.903,28.5
$IMU,2579.878,-0.183,0.488,-0.488,0.01708,0.05419,1.01464,29.51
$IMU,2579.880,-0.366,0.366,-0.427,0.00976,0.05322,1.01660,29.51
$IMU,2579.882,-0.244,0.122,-0.366,0.00732,0.05908,1.01562,29.51
$IMU,2579.885,-0.122,-0.061,-0.488,0.00976,0.05517,1.01416,29.51
$IMU,2579.887,0.000,-0.122,-0.610,0.01611,0.05224,1.00976,29.50
$MAG,2579.888,-0.334,-0.279,-0.907,28.5
$IMU,2579.889,0.183,-0.122,-0.610,0.02197,0.05126,1.00976,29.50
$IMU,2579.892,0.305,-0.061,-0.610,0.01757,0.04833,1.00878,29.50
$IMU,2579.894,0.305,0.122,-0.549,0.00927,0.04638,1.00390,29.50
$IMU,2579.897,0.549,-0.061,-0.610,0.00781,0.04589,1.00097,29.50
$MAG,2579.898,-0.331,-0.276,-0.892,28.3
$IMU,2579.899,0.610,-0.244,-0.610,0.00683,0.05273,1.00537,29.50
$IMU,2579.901,0.488,-0.427,-0.671,0.00927,0.05859,1.01367,29.50
$IMU,2579.904,0.244,-0.671,-0.488,0.01562,0.05761,1.02099,29.50
$IMU,2579.906,0.000,-0.427,-0.244,0.01660,0.05615,1.02197,29.52
$MAG,2579.908,-0.331,-0.282,-0.892,28.3
$IMU,2579.908,0.061,-0.488,-0.305,0.01220,0.05322,1.02246,29.52
$IMU,2579.911,-0.061,-0.549,-0.488,0.00976,0.05224,1.02539,29.52
$IMU,2579.913,-0.061,-0.793,-0.427,0.01074,0.04980,1.01953,29.52
$IMU,2579.915,-0.183,-0.976,-0.366,0.01123,0.04833,1.01953,29.52
$MAG,2579.918,-0.337,-0.286,-0.898,28.5
$IMU,2579.918,-0.305,-1.037,-0.427,0.00878,0.04687,1.01904,29.52
$BARO,2579.920,86422.36,29.44
$IMU,2579.920,-0.183,-1.159,-0.488,0.00927,0.04785,1.01953,29.52
$IMU,2579.922,-0.122,-1.098,-0.549,0.01513,0.04931,1.01708,29.52
$IMU,2579.925,-0.061,-1.037,-0.671,0.01660,0.04394,1.01220,29.50
$IMU,2579.927,0.122,-0.915,-0.671,0.02392,0.04541,1.00976,29.50
$MAG,2579.929,-0.340,-0.283,-0.894,28.3
$IMU,2579.929,0.244,-0.549,-0.488,0.02832,0.04199,1.01123,29.50
$IMU,2579.932,0.610,-0.366,-0.305,0.02343,0.04541,1.01123,29.50
$IMU,2579.934,0.549,0.122,-0.305,0.01220,0.04541,1.00976,29.50
$IMU,2579.936,0.732,0.061,-0.122,0.01025,0.04736,1.00878,29.50
$MAG,2579.939,-0.336,-0.285,-0.901,28.3
$IMU,2579.939,0.915,0.000,-0.061,0.01611,0.04882,1.00732,29.50
$IMU,2579.941,1.037,0.122,0.061,0.01855,0.04931,1.00830,29.50
$IMU,2579.943,1.098,0.122,0.122,0.01562,0.04882,1.01171,29.51
$IMU,2579.946,0.915,0.488,0.122,0.01611,0.05566,1.01806,29.51
$IMU,2579.948,0.610,0.366,0.000,0.01953,0.05908,1.02734,29.51
$MAG,2579.949,-0.336,-0.285,-0.904,28.5
$IMU,2579.950,0.122,0.000,-0.061,0.01513,0.06005,1.03271,29.51
$IMU,2579.953,-0.366,-0.122,-0.183,0.01562,0.05615,1.03222,29.51
$IMU,2579.955,-0.549,-0.305,-0.488,0.01953,0.05322,1.02587,29.51
$IMU,2579.957,-0.549,0.061,-0.610,0.01611,0.04785,1.01757,29.51
$MAG,2579.959,-0.339,-0.286,-0.897,28.5
$IMU,2579.960,-0.366,0.061,-0.671,0.01953,0.04687,1.01660,29.51
$IMU,2579.962,-0.183,0.183,-0.732,0.01269,0.05322,1.01220,29.51
$IMU,2579.965,-0.305,0.244,-0.793,0.01855,0.05859,1.01562,29.51
$IMU,2579.967,-0.305,0.061,-0.854,0.01904,0.05761,1.01416,29.51
$MAG,2579.969,-0.333,-0.291,-0.897,28.5
$IMU,2579.969,-0.610,0.305,-0.671,0.02490,0.05712,1.01562,29.51
$IMU,2579.972,-0.671,0.610,-0.427,0.02343,0.05810,1.01318,29.51
$IMU,2579.974,-0.793,1.037,-0.244,0.01611,0.05224,1.01123,29.51
$IMU,2579.976,-0.732,1.281,-0.183,0.01513,0.05273,1.00878,29.51
$MAG,2579.979,-0.319,-0.291,-0.907,28.2
$IMU,2579.979,-0.671,1.159,-0.122,0.00830,0.05224,1.00683,29.51
$IMU,2579.981,-0.976,1.098,-0.122,0.00927,0.05371,1.01123,29.54
$IMU,2579.983,-1.403,1.098,-0.061,0.01171,0.05664,1.01953,29.54
$IMU,2579.986,-1.953,1.037,0.061,0.01611,0.05712,1.02392,29.54
$IMU,2579.988,-2.258,1.098,0.122,0.01904,0.05273,1.02246,29.54
$MAG,2579.989,-0.331,-0.282,-0.894,28.5
$IMU,2579.990,-2.136,1.037,0.061,0.01757,0.04638,1.01416,29.54
$IMU,2579.993,-1.831,1.220,0.061,0.01220,0.04296,1.01074,29.54
$IMU,2579.995,-1.342,1.281,0.122,0.01464,0.04541,1.00927,29.54
$IMU,2579.997,-1.342,1.403,0.305,0.01269,0.04833,1.00732,29.54
$MAG,2579.999,-0.319,-0.285,-0.889,28.3
$IMU,2580.000,-1.586,1.403,0.366,0.00878,0.05126,1.00830,29.57
