$FLYS,1
$VAR,FIRMWARE_VER,v2024.12.30
$VAR,DEVICE_ID,0017003b3253501720373657
$VAR,SESSION_ID,55892c7fe5cf72146ba7117c
$COL,BARO,time,pressure,temperature
$UNIT,BARO,s,Pa,deg C
$COL,HUM,time,humidity,temperature
$UNIT,HUM,s,percent,deg C
$COL,MAG,time,x,y,z,temperature
$UNIT,MAG,s,gauss,gauss,gauss,deg C
$COL,IMU,time,wx,wy,wz,ax,ay,az,temperature
$UNIT,IMU,s,deg/s,deg/s,deg/s,g,g,g,deg C
$COL,TIME,time,tow,week
$UNIT,TIME,s,s,
$COL,VBAT,time,voltage
$UNIT,VBAT,s,volt
$DATA
$IMU,26859.187,9.277,-22.766,-34.301,-0.01953,0.84228,0.31250,27.75
$IMU,26859.189,-11.108,-14.892,-16.235,-0.00683,1.00048,0.39160,27.75
$IMU,26859.192,-2.197,3.906,0.488,-0.00292,0.99609,0.39404,27.75
$IMU,26859.194,0.366,-2.929,0.122,-0.00732,1.00537,0.39160,27.75
$IMU,26859.196,3.417,-13.732,-10.620,-0.01855,1.02832,0.39404,27.75
$IMU,26859.199,-0.793,1.831,-9.033,-0.03173,1.05175,0.38964,27.75
$IMU,26859.201,-9.155,9.643,-2.136,-0.02783,1.07519,0.38427,27.75
$IMU,26859.204,-17.883,17.089,3.845,-0.01855,1.10058,0.37109,28.22
$IMU,26859.206,-14.343,2.746,-22.338,-0.00781,1.11816,0.35302,28.22
$IMU,26859.208,-11.169,-11.291,-45.104,-0.01171,1.13574,0.33496,28.22
$IMU,26859.211,-15.625,-13.305,-49.133,-0.02734,1.14990,0.31787,28.22
$IMU,26859.213,-19.897,-15.563,-52.001,-0.05322,1.16650,0.30468,28.22
$IMU,26859.215,-23.681,-17.456,-54.199,-0.07226,1.18505,0.30517,28.22
$IMU,26859.218,-27.038,-18.737,-57.312,-0.08496,1.20410,0.30908,28.22
$IMU,26859.220,-29.296,-19.042,-59.753,-0.09521,1.21777,0.30371,28.22
$IMU,26859.222,-30.029,-18.432,-62.194,-0.10009,1.22949,0.29248,28.27
$IMU,26859.225,-30.212,-16.845,-63.598,-0.09472,1.23876,0.28466,28.27
$IMU,26859.227,-31.921,-12.512,-54.809,-0.09228,1.25097,0.28515,28.27
$IMU,26859.229,-26.306,-10.437,-51.879,-0.07519,1.25439,0.29687,28.27
$IMU,26859.232,-19.104,-9.338,-51.391,-0.05810,1.25341,0.31250,28.27
$IMU,26859.234,-12.268,-8.728,-50.170,-0.04003,1.24365,0.32421,28.27
$IMU,26859.236,-6.469,-8.483,-48.217,-0.02685,1.23535,0.33593,28.27
$IMU,26859.239,-2.136,-8.850,-46.203,-0.00146,1.21533,0.35058,28.27
$IMU,26859.241,0.976,-9.521,-43.579,0.02343,1.19824,0.36523,28.25
$IMU,26859.243,2.990,-11.047,-40.161,0.04199,1.18652,0.37988,28.25
$IMU,26859.246,3.723,-12.939,-36.865,0.06982,1.17578,0.39794,28.25
$IMU,26859.248,3.540,-14.526,-33.996,0.08447,1.16796,0.41259,28.25
$IMU,26859.250,2.685,-15.930,-30.944,0.09423,1.16015,0.41992,28.25
$IMU,26859.253,1.403,-16.906,-28.259,0.08984,1.14892,0.41796,28.25
$IMU,26859.255,0.244,-16.662,-25.939,0.07861,1.14306,0.41357,28.25
$IMU,26859.257,-0.366,-15.930,-23.071,0.07031,1.13867,0.40283,28.25
$IMU,26859.260,0.122,-14.953,-19.897,0.06103,1.12353,0.40039,28.26
$IMU,26859.262,2.014,-13.610,-16.845,0.05224,1.11132,0.39062,28.26
$IMU,26859.265,4.699,-12.268,-13.549,0.04931,1.09326,0.38623,28.26
$IMU,26859.267,8.117,-11.535,-10.009,0.05126,1.08203,0.39062,28.26
$IMU,26859.269,11.657,-10.986,-5.737,0.05175,1.06298,0.38867,28.26
$IMU,26859.272,14.465,-10.559,-0.488,0.06396,1.06835,0.38378,28.26
$IMU,26859.274,16.601,-10.375,5.249,0.06884,1.07568,0.38134,28.26
$IMU,26859.276,17.578,-10.437,10.131,0.07568,1.08056,0.37988,28.26
$IMU,26859.279,17.028,-10.498,13.916,0.07275,1.08740,0.37939,28.31
$IMU,26859.281,14.465,-10.498,17.150,0.06982,1.09033,0.37890,28.31
$IMU,26859.283,10.375,-9.948,19.653,0.05419,1.09375,0.37744,28.31
$IMU,26859.286,5.187,-9.094,20.996,0.00195,1.09521,0.37011,28.31
$IMU,26859.288,-0.610,-5.371,19.409,-0.16601,1.11083,0.33593,28.31
$IMU,26859.290,-5.676,0.366,14.160,-0.11523,1.08789,0.28320,28.31
$IMU,26859.293,-11.535,4.455,10.070,-0.05615,1.06054,0.30175,28.31
$IMU,26859.295,-18.615,7.385,7.873,-0.07373,1.03955,0.25488,28.31
$IMU,26859.297,-24.963,7.324,6.103,-0.08544,1.02294,0.19384,28.29
$IMU,26859.300,-29.296,4.028,4.760,-0.08837,1.02392,0.18066,28.29
$IMU,26859.302,-32.470,-1.220,3.601,-0.11669,1.02294,0.16796,28.29
$IMU,26859.304,-35.034,-8.300,2.136,-0.12451,1.00244,0.15527,28.29
$IMU,26859.307,-37.109,-16.906,1.281,-0.11865,0.97851,0.14746,28.29
$IMU,26859.309,-39.306,-26.123,1.220,-0.13232,0.95361,0.13378,28.29
$IMU,26859.311,-40.893,-35.217,0.427,-0.17480,0.99755,0.09472,28.29
$IMU,26859.314,-32.104,-38.696,7.690,-0.17333,1.25146,-0.03906,28.29
$IMU,26859.316,-9.948,-31.921,29.113,-0.21386,1.23876,-0.02490,28.30
$IMU,26859.318,3.540,-24.414,49.316,-0.18798,1.03320,0.00683,28.30
$IMU,26859.321,2.990,-22.460,57.861,-0.17529,0.90380,0.00488,28.30
$IMU,26859.323,0.732,-22.216,59.204,-0.15771,0.92431,-0.00097,28.30
$IMU,26859.326,2.868,-20.080,61.645,-0.13330,0.98974,0.01220,28.30
$IMU,26859.328,8.178,-15.380,69.824,-0.05957,0.90185,0.07519,28.30
$IMU,26859.330,8.728,-11.230,78.491,-0.04394,0.80664,0.12158,28.30
$IMU,26859.333,3.112,-10.375,84.838,-0.04296,0.78320,0.14404,28.30
$IMU,26859.335,-3.723,-10.803,90.759,-0.09765,0.88867,0.14843,28.29
$IMU,26859.337,-8.483,-9.460,98.022,-0.08544,0.96875,0.17285,28.29
$IMU,26859.340,-10.375,-5.737,107.971,-0.02001,1.00244,0.17187,28.29
$IMU,26859.342,-10.864,-0.488,118.347,0.04296,0.96679,0.17187,28.29
$IMU,26859.344,-13.549,3.051,127.441,0.07617,0.92089,0.16162,28.29
$IMU,26859.347,-18.005,3.417,135.742,0.07177,0.92089,0.14306,28.29
$IMU,26859.349,-19.104,2.746,138.305,-0.20751,1.44140,0.01953,28.29
$IMU,26859.351,-15.991,-6.835,87.768,-0.29736,1.75341,-0.10156,28.29
$IMU,26859.354,-13.916,-24.414,21.179,0.13916,1.13769,0.28271,28.31
$IMU,26859.356,-28.198,-29.296,-8.666,0.11718,0.82617,0.24511,28.31
$IMU,26859.358,-30.029,-33.569,-20.751,0.11621,0.99267,0.07470,28.31
$IMU,26859.361,-9.826,-28.076,-11.901,0.02050,0.93164,0.10742,28.31
$IMU,26859.363,13.488,-11.779,5.187,-0.02099,0.87939,0.13623,28.31
$IMU,26859.365,27.587,1.159,11.779,0.01025,0.90527,0.08007,28.31
$IMU,26859.368,35.217,3.417,9.643,0.06738,0.82324,0.10742,28.31
$IMU,26859.370,34.851,0.183,11.352,-0.01806,0.86035,0.10839,28.31
$IMU,26859.372,35.095,1.281,9.460,-0.02636,1.08447,0.08886,28.30
$IMU,26859.375,33.996,0.610,6.469,-0.04541,1.19287,0.10107,28.30
$IMU,26859.377,32.897,0.976,7.263,-0.08691,1.20898,0.12060,28.30
$IMU,26859.379,30.944,2.624,8.483,-0.08740,1.24658,0.10644,28.30
$IMU,26859.382,28.625,4.211,9.887,-0.10009,1.23095,0.09619,28.30
$IMU,26859.384,25.268,6.591,12.573,-0.07128,1.18896,0.09765,28.30
$IMU,26859.386,20.324,11.413,16.174,-0.01953,1.18750,0.09912,28.30
$IMU,26859.389,14.648,17.333,16.845,-0.02490,1.17236,0.07275,28.30
$IMU,26859.391,8.361,20.324,15.686,-0.01904,1.18847,0.06054,28.27
$IMU,26859.394,4.272,21.606,14.892,-0.00537,1.21923,0.05126,28.27
$IMU,26859.396,1.708,21.728,15.014,0.01318,1.22607,0.04833,28.27
$IMU,26859.398,0.488,19.287,15.747,0.02246,1.19287,0.03125,28.27
$IMU,26859.401,0.610,13.366,17.639,0.01513,1.17236,0.00488,28.27
$IMU,26859.403,2.502,5.310,17.333,0.06494,1.21044,0.04345,28.27
$IMU,26859.405,2.624,-0.610,14.282,0.09960,1.21240,0.08642,28.27
$IMU,26859.408,1.831,-0.976,11.413,0.09326,1.17773,0.10546,28.27
$IMU,26859.410,0.122,-0.732,8.911,0.06787,1.13085,0.11865,28.32
$IMU,26859.412,-1.098,-0.427,8.056,0.04199,1.07177,0.12890,28.32
$IMU,26859.415,-1.281,0.549,9.582,0.04052,1.04150,0.15722,28.32
$IMU,26859.417,-2.624,4.272,10.986,0.02880,1.02441,0.21386,28.32
$IMU,26859.419,-6.958,14.099,10.375,0.00634,1.01855,0.26757,28.32
$IMU,26859.422,-14.404,27.526,8.728,-0.00927,0.98779,0.18945,28.32
$IMU,26859.424,-15.136,32.714,9.521,0.03320,0.95849,0.06884,28.32
$BARO,26859.426,86860.94,28.53
$IMU,26859.426,-10.070,28.686,12.023,0.05468,0.98388,0.11083,28.32
$IMU,26859.429,-8.728,24.719,10.498,0.08691,0.99072,0.15039,28.28
$IMU,26859.431,-10.375,23.559,5.798,0.06005,0.99902,0.20507,28.28
$MAG,26859.432,-0.142,-0.465,-0.465,-22.2
$IMU,26859.433,-15.014,24.780,0.122,0.04248,0.95898,0.17529,28.28
$IMU,26859.436,-15.197,23.986,-1.098,0.06054,0.91601,0.10595,28.28
$IMU,26859.438,-11.047,21.728,3.112,0.05371,0.93408,0.13671,28.28
$IMU,26859.440,-6.591,19.958,5.981,0.07373,0.93798,0.08154,28.28
$MAG,26859.442,-0.150,-0.528,-0.526,27.2
$IMU,26859.443,-0.793,16.052,6.530,0.10156,0.94970,0.08593,28.28
$IMU,26859.445,3.784,11.596,3.723,0.12841,0.97314,0.11669,28.28
$IMU,26859.447,3.723,9.277,-2.502,0.12841,0.97949,0.17187,28.33
$IMU,26859.450,3.051,9.582,-7.019,0.15917,0.95458,0.08789,28.33
$MAG,26859.452,-0.150,-0.522,-0.520,27.2
$IMU,26859.452,7.263,8.850,-7.751,0.12451,0.98779,0.11035,28.33
$IMU,26859.455,10.009,8.850,-8.117,0.10205,1.00292,0.12548,28.33
$IMU,26859.457,11.169,9.765,-7.629,0.10156,1.00146,0.11132,28.33
$IMU,26859.459,12.023,10.742,-6.408,0.07275,1.01025,0.12792,28.33
$IMU,26859.462,11.352,12.145,-6.591,0.08544,0.98974,0.10351,28.33
$MAG,26859.463,-0.145,-0.525,-0.526,27.0
$IMU,26859.464,11.657,12.756,-5.798,0.08984,0.98974,0.09667,28.33
$IMU,26859.466,10.864,13.061,-6.469,0.06542,1.02246,0.10009,28.33
$IMU,26859.469,9.399,13.122,-8.666,0.07470,1.08105,0.08593,28.33
$HUM,26859.471,34.6,29.0
$IMU,26859.471,8.789,11.169,-11.230,0.12109,1.13281,0.05517,28.33
$MAG,26859.473,-0.150,-0.523,-0.517,27.2
$IMU,26859.473,10.192,4.638,-10.925,0.08105,1.10888,0.05517,28.33
$IMU,26859.476,10.314,0.366,-10.314,0.04101,1.08203,0.10449,28.33
$IMU,26859.478,9.460,0.549,-9.765,0.01367,1.04345,0.09863,28.33
$IMU,26859.480,8.300,0.610,-8.483,0.01318,1.01855,0.09277,28.33
$MAG,26859.483,-0.148,-0.523,-0.517,27.2
$IMU,26859.483,7.202,0.488,-7.507,0.01464,0.98632,0.09814,28.33
$IMU,26859.485,6.408,0.488,-7.019,0.01318,0.95556,0.10888,28.32
$IMU,26859.487,6.225,0.366,-6.774,0.01416,0.93847,0.12792,28.32
$IMU,26859.490,6.469,0.549,-6.958,0.02441,0.94140,0.14306,28.32
$IMU,26859.492,7.385,0.610,-7.507,0.02050,0.93750,0.15625,28.32
$MAG,26859.493,-0.151,-0.514,-0.520,27.2
$IMU,26859.494,8.544,0.671,-8.117,0.02294,0.94091,0.16455,28.32
$IMU,26859.497,10.009,0.549,-8.300,0.01367,0.94335,0.17236,28.32
$IMU,26859.499,11.718,0.732,-8.117,0.01513,0.94873,0.17089,28.32
$IMU,26859.501,13.610,0.488,-7.934,0.01025,0.95166,0.16503,28.32
$MAG,26859.503,-0.135,-0.529,-0.514,27.2
$IMU,26859.504,15.319,0.488,-7.812,0.00976,0.95361,0.15673,28.33
$IMU,26859.506,16.662,0.488,-7.873,0.00781,0.96484,0.14794,28.33
$IMU,26859.508,17.761,0.610,-7.995,0.00732,0.97851,0.13964,28.33
$IMU,26859.511,18.554,0.610,-7.995,0.00537,0.99707,0.13525,28.33
$MAG,26859.513,-0.150,-0.531,-0.511,27.2
$IMU,26859.513,19.287,0.671,-7.751,0.00439,1.01660,0.12744,28.33
$IMU,26859.516,20.019,0.427,-7.629,0.00830,1.02441,0.12451,28.33
$IMU,26859.518,20.874,0.244,-7.629,0.01416,1.04101,0.11865,28.33
$IMU,26859.520,21.545,0.183,-7.690,0.01367,1.05078,0.11083,28.33
$MAG,26859.523,-0.153,-0.525,-0.514,27.2
$IMU,26859.523,21.484,0.244,-7.446,0.01318,1.05273,0.10400,28.35
$IMU,26859.525,20.996,0.305,-7.080,0.00830,1.04882,0.09521,28.35
$IMU,26859.527,19.775,0.427,-6.286,0.00683,1.04003,0.08740,28.35
$BARO,26859.528,86867.08,28.54
$IMU,26859.530,18.127,0.244,-5.493,0.00390,1.03857,0.07666,28.35
$IMU,26859.532,16.113,0.122,-4.943,-0.00244,1.03076,0.06982,28.35
$IMU,26859.534,13.732,0.122,-4.699,0.00244,1.02734,0.06005,28.35
$MAG,26859.533,-0.150,-0.522,-0.507,27.2
$IMU,26859.537,10.742,0.305,-4.577,0.00097,1.03222,0.05371,28.35
$IMU,26859.539,7.507,0.366,-4.333,-0.00146,1.03564,0.04589,28.35
$IMU,26859.541,4.211,0.305,-3.906,-0.00195,1.04052,0.04833,28.34
$MAG,26859.543,-0.151,-0.517,-0.507,27.3
$IMU,26859.544,0.793,0.244,-3.234,-0.00048,1.03710,0.04589,28.34
$IMU,26859.546,-2.502,0.061,-2.502,0.00146,1.02880,0.04394,28.34
$IMU,26859.548,-5.798,0.183,-1.953,0.00781,1.02685,0.04492,28.34
$IMU,26859.551,-9.033,0.183,-1.525,0.00781,1.02246,0.04394,28.34
$MAG,26859.553,-0.144,-0.523,-0.511,27.3
$IMU,26859.553,-12.268,0.244,-1.281,0.00097,1.02246,0.05029,28.34
$IMU,26859.555,-15.197,0.427,-0.793,-0.00537,1.02929,0.05761,28.34
$IMU,26859.558,-17.700,0.305,0.061,-0.01123,1.03222,0.06494,28.34
$IMU,26859.560,-19.775,0.122,0.915,-0.01513,1.03417,0.07812,28.35
$IMU,26859.562,-21.301,0.183,1.770,-0.01367,1.03222,0.08984,28.35
$MAG,26859.563,-0.144,-0.531,-0.516,27.3
$IMU,26859.565,-22.094,0.183,2.258,-0.01269,1.02294,0.10009,28.35
$IMU,26859.567,-22.155,0.122,2.502,-0.00781,1.01025,0.11621,28.35
$IMU,26859.569,-21.667,-0.061,2.563,-0.00732,1.00341,0.12792,28.35
$IMU,26859.572,-20.568,-0.244,2.685,-0.00634,0.98632,0.14257,28.35
$MAG,26859.574,-0.142,-0.526,-0.510,27.3
$IMU,26859.574,-18.859,-0.244,2.868,0.00048,0.97753,0.15429,28.35
$IMU,26859.577,-16.784,-0.183,2.807,0.00927,0.96533,0.16503,28.35
$IMU,26859.579,-14.282,-0.183,2.685,0.01806,0.95800,0.17578,28.36
$IMU,26859.581,-11.474,-0.122,2.319,0.02148,0.95214,0.18359,28.36
$MAG,26859.584,-0.136,-0.523,-0.517,27.2
$IMU,26859.584,-8.300,-0.183,1.770,0.02685,0.95556,0.18798,28.36
$IMU,26859.586,-5.065,-0.244,1.220,0.02734,0.95849,0.18798,28.36
$IMU,26859.588,-1.892,-0.183,0.671,0.02734,0.96826,0.18457,28.36
$IMU,26859.591,0.793,-0.183,0.244,0.02880,0.97167,0.17138,28.36
$IMU,26859.593,3.112,-0.244,-0.244,0.02734,0.97949,0.16064,28.36
$MAG,26859.594,-0.144,-0.523,-0.526,27.3
$IMU,26859.595,5.004,-0.244,-0.610,0.02392,0.98583,0.15234,28.36
$IMU,26859.598,6.530,-0.244,-0.854,0.02343,0.99414,0.14111,28.35
$IMU,26859.600,7.629,-0.244,-0.976,0.02001,1.00341,0.13281,28.35
$IMU,26859.602,8.361,-0.183,-0.976,0.01757,1.01855,0.12109,28.35
$MAG,26859.604,-0.138,-0.514,-0.516,27.3
$IMU,26859.605,8.728,-0.305,-0.915,0.01611,1.02490,0.11230,28.35
$IMU,26859.607,8.605,-0.366,-0.854,0.01904,1.01660,0.09765,28.35
$IMU,26859.609,7.446,-0.244,-0.671,0.02490,1.00878,0.08154,28.35
$IMU,26859.612,5.615,-0.305,-0.854,0.02832,1.02539,0.07373,28.35
$MAG,26859.614,-0.141,-0.528,-0.513,27.2
$IMU,26859.614,3.112,-0.122,-0.915,0.02441,1.03271,0.06591,28.35
$IMU,26859.616,0.183,-0.061,-0.549,0.01953,1.03662,0.05810,28.32
$IMU,26859.619,-3.112,-0.122,0.122,0.01367,1.04394,0.05175,28.32
$IMU,26859.621,-6.469,-0.244,0.976,0.01074,1.04833,0.04980,28.32
$IMU,26859.623,-10.192,-0.183,1.770,0.00488,1.04296,0.04394,28.32
$MAG,26859.624,-0.145,-0.534,-0.520,27.3
$IMU,26859.626,-14.099,-0.122,2.136,0.00781,1.04003,0.03955,28.32
$IMU,26859.628,-18.127,-0.061,2.319,0.01123,1.03710,0.04345,28.32
$BARO,26859.629,86868.62,28.54
$IMU,26859.630,-22.155,0.000,2.197,0.01171,1.03564,0.04394,28.32
$IMU,26859.633,-25.756,-0.183,1.953,0.01513,1.03613,0.05175,28.32
$MAG,26859.634,-0.142,-0.523,-0.516,27.3
$IMU,26859.635,-29.113,0.000,1.770,0.01513,1.03466,0.06298,28.39
$IMU,26859.638,-31.799,-0.061,2.075,0.00439,1.03369,0.07910,28.39
$IMU,26859.640,-33.752,0.061,2.746,-0.00048,1.02929,0.10058,28.39
$IMU,26859.642,-34.606,-0.183,3.662,0.00390,1.02392,0.11816,28.39
$MAG,26859.644,-0.138,-0.519,-0.525,27.5
$IMU,26859.645,-34.729,-0.244,4.394,0.00878,1.02050,0.12841,28.39
$IMU,26859.647,-34.240,-0.244,4.333,0.01562,1.01806,0.14306,28.39
$IMU,26859.649,-33.264,-0.366,3.601,0.02392,1.01171,0.15625,28.39
$IMU,26859.652,-31.799,-0.366,2.807,0.02246,0.99853,0.16601,28.39
$MAG,26859.654,-0.154,-0.526,-0.525,27.2
$IMU,26859.654,-30.029,-0.244,2.258,0.02246,0.99462,0.17333,28.38
$IMU,26859.656,-27.893,-0.183,2.075,0.02197,0.99121,0.17968,28.38
$IMU,26859.659,-25.451,-0.244,2.258,0.02148,0.98681,0.18408,28.38
$IMU,26859.661,-23.132,-0.366,2.380,0.02392,0.97558,0.18457,28.38
$IMU,26859.663,-20.935,-0.366,2.319,0.03173,0.97607,0.18408,28.38
$MAG,26859.664,-0.150,-0.525,-0.532,27.5
$IMU,26859.666,-18.798,-0.244,1.831,0.03320,0.97656,0.18164,28.38
$IMU,26859.668,-16.784,-0.061,1.098,0.04199,0.98144,0.18066,28.38
$IMU,26859.670,-15.075,0.061,0.305,0.04150,0.98388,0.17529,28.38
$IMU,26859.673,-13.549,-0.122,-0.244,0.04052,0.98339,0.17187,28.34
$MAG,26859.674,-0.148,-0.522,-0.528,27.3
$IMU,26859.675,-12.268,-0.122,-0.488,0.02880,0.97216,0.16357,28.34
$IMU,26859.677,-11.535,-0.122,0.061,0.01806,0.95947,0.15576,28.34
$IMU,26859.680,-11.291,0.122,0.976,0.01318,0.96240,0.15039,28.34
$IMU,26859.682,-11.047,0.061,1.342,0.01855,0.97216,0.14892,28.34
$MAG,26859.684,-0.144,-0.525,-0.526,27.3
$IMU,26859.684,-10.864,0.244,0.976,0.02832,0.98095,0.14746,28.34
$IMU,26859.687,-10.620,0.183,0.244,0.03515,0.98876,0.15136,28.34
$IMU,26859.689,-10.192,0.000,-0.549,0.03564,0.99462,0.15380,28.34
$IMU,26859.691,-9.582,0.000,-0.915,0.03125,0.99755,0.15917,28.34
$IMU,26859.694,-8.972,0.183,-1.037,0.03125,0.99755,0.15576,28.34
$MAG,26859.695,-0.150,-0.523,-0.525,27.3
$IMU,26859.696,-8.178,0.183,-0.854,0.02929,0.99511,0.15673,28.34
$IMU,26859.699,-7.385,0.000,-0.732,0.02685,0.99218,0.15820,28.34
$IMU,26859.701,-6.713,0.122,-0.732,0.02343,0.98828,0.15625,28.34
$IMU,26859.703,-6.286,0.183,-0.854,0.01806,0.98681,0.15136,28.34
$MAG,26859.705,-0.144,-0.529,-0.529,27.5
$IMU,26859.706,-5.920,0.183,-1.098,0.01416,0.99267,0.15185,28.34
$IMU,26859.708,-5.615,0.244,-1.342,0.01416,0.99804,0.15087,28.34
$IMU,26859.710,-5.371,0.061,-1.464,0.00537,0.99707,0.15234,28.30
$IMU,26859.713,-5.187,0.000,-1.098,0.00634,1.00292,0.15234,28.30
$MAG,26859.715,-0.142,-0.516,-0.531,27.2
$IMU,26859.715,-5.004,-0.122,-0.732,0.00097,1.00292,0.14990,28.30
$IMU,26859.717,-4.882,-0.061,-0.427,0.00683,1.00341,0.15429,28.30
$IMU,26859.720,-4.760,0.000,-0.427,0.01660,1.00585,0.16015,28.30
$IMU,26859.722,-4.333,0.061,-0.610,0.01660,1.00927,0.16503,28.30
$IMU,26859.724,-3.662,0.183,-0.915,0.02001,1.00927,0.16601,28.30
$MAG,26859.725,-0.142,-0.525,-0.529,27.3
$IMU,26859.727,-2.807,0.000,-1.098,0.01611,1.01025,0.16894,28.30
$IMU,26859.729,-1.892,-0.122,-0.915,0.01220,1.00830,0.16894,28.36
$BARO,26859.731,86863.11,28.53
$IMU,26859.731,-1.098,0.061,-0.549,0.01171,1.00976,0.16748,28.36
$IMU,26859.734,-0.244,0.000,-0.366,0.01171,1.00634,0.16601,28.36
$MAG,26859.735,-0.141,-0.525,-0.525,27.3
$IMU,26859.736,0.549,-0.061,-0.366,0.01269,1.01220,0.16357,28.36
$IMU,26859.738,1.159,-0.183,-0.427,0.00488,1.01269,0.16064,28.36
$IMU,26859.741,1.525,-0.122,-0.610,0.00488,1.01318,0.15429,28.36
$IMU,26859.743,1.647,-0.244,-0.610,0.00585,1.01123,0.14746,28.36
$MAG,26859.745,-0.142,-0.526,-0.531,27.5
$IMU,26859.745,1.281,-0.183,-0.366,0.00537,1.00927,0.14062,28.36
$IMU,26859.748,0.732,-0.061,0.000,0.00781,1.00781,0.13671,28.36
$IMU,26859.750,-0.061,0.061,0.244,0.01464,1.00781,0.13427,28.36
$IMU,26859.752,-0.732,-0.183,0.488,0.02001,1.00146,0.13232,28.36
$MAG,26859.755,-0.150,-0.522,-0.529,27.3
$IMU,26859.755,-1.708,-0.061,0.366,0.02246,1.00341,0.13427,28.36
$IMU,26859.757,-2.624,-0.122,0.183,0.02197,0.99853,0.13525,28.36
$IMU,26859.759,-3.356,-0.244,0.000,0.02392,0.99804,0.13378,28.36
$IMU,26859.762,-4.089,0.061,0.000,0.02099,0.99853,0.13720,28.36
$IMU,26859.764,-4.821,-0.061,0.000,0.02197,0.99951,0.13574,28.36
$MAG,26859.765,-0.144,-0.520,-0.531,27.5
$IMU,26859.767,-5.615,-0.122,0.183,0.02001,0.99902,0.13623,28.38
$IMU,26859.769,-6.469,-0.061,0.305,0.01562,1.00146,0.13330,28.38
$IMU,26859.771,-7.629,-0.061,0.305,0.01611,1.00146,0.13037,28.38
$IMU,26859.774,-8.789,0.000,0.244,0.02001,1.00097,0.12646,28.38
$MAG,26859.775,-0.141,-0.516,-0.534,27.5
$IMU,26859.776,-10.131,0.061,0.122,0.01855,1.00439,0.12792,28.38
$IMU,26859.778,-11.413,-0.122,0.122,0.01904,1.00976,0.12744,28.38
$IMU,26859.781,-12.939,0.000,0.183,0.02197,1.00976,0.12597,28.38
$IMU,26859.783,-14.526,0.244,0.305,0.02246,1.01171,0.12646,28.38
$MAG,26859.785,-0.148,-0.526,-0.531,27.2
$IMU,26859.785,-16.174,0.244,0.427,0.02392,1.01513,0.12597,28.37
$IMU,26859.788,-17.578,0.244,0.305,0.02832,1.01660,0.12451,28.37
$IMU,26859.790,-19.104,0.122,0.183,0.02783,1.01513,0.12890,28.37
$IMU,26859.792,-20.568,0.122,0.061,0.02050,1.01513,0.13085,28.37
$MAG,26859.795,-0.132,-0.517,-0.544,27.5
$IMU,26859.795,-22.094,0.305,0.000,0.02148,1.01464,0.13623,28.37
$IMU,26859.797,-23.315,0.244,0.061,0.02050,1.01269,0.14257,28.37
$IMU,26859.799,-24.475,0.366,0.183,0.01367,1.01123,0.14501,28.37
$IMU,26859.802,-25.146,0.305,0.244,0.01220,1.00439,0.15039,28.37
$IMU,26859.804,-25.695,0.366,0.427,0.01416,0.99951,0.15576,28.35
$MAG,26859.806,-0.151,-0.526,-0.532,27.3
$IMU,26859.806,-25.878,0.305,0.366,0.01904,1.00000,0.16406,28.35
$IMU,26859.809,-25.939,0.488,0.244,0.01513,0.99804,0.16699,28.35
$IMU,26859.811,-25.573,0.244,0.244,0.01562,0.99462,0.17138,28.35
$IMU,26859.813,-25.024,0.183,0.305,0.01416,0.99804,0.17968,28.35
$MAG,26859.816,-0.145,-0.525,-0.543,27.3
$IMU,26859.816,-24.475,0.488,0.366,0.01904,0.99658,0.18261,28.35
$IMU,26859.818,-23.559,0.549,0.488,0.01708,0.99169,0.18945,28.35
$IMU,26859.820,-22.277,0.305,0.427,0.01953,0.99267,0.19726,28.35
$IMU,26859.823,-20.812,0.366,0.122,0.02343,0.99414,0.20458,28.38
$IMU,26859.825,-19.042,0.366,-0.122,0.02001,0.99560,0.20800,28.38
$MAG,26859.826,-0.142,-0.520,-0.541,27.5
$IMU,26859.828,-17.150,0.183,-0.183,0.02099,0.99023,0.21044,28.38
$IMU,26859.830,-15.075,0.122,-0.366,0.01806,0.98828,0.21142,28.38
$BARO,26859.832,86865.06,28.54
$IMU,26859.832,-13.061,0.122,-0.122,0.01318,0.98583,0.21435,28.38
$IMU,26859.835,-10.986,0.061,0.183,0.01269,0.98437,0.21240,28.38
$MAG,26859.836,-0.154,-0.517,-0.543,27.3
$IMU,26859.837,-8.911,-0.183,0.366,0.01757,0.98437,0.21337,28.38
$IMU,26859.839,-7.080,-0.061,0.122,0.01611,0.98876,0.20947,28.38
$IMU,26859.842,-5.310,-0.061,-0.061,0.01660,0.98681,0.20654,28.39
$IMU,26859.844,-3.845,0.000,-0.122,0.01318,0.98486,0.20361,28.39
$MAG,26859.846,-0.139,-0.526,-0.541,27.3
$IMU,26859.846,-2.441,-0.061,0.000,0.01416,0.98876,0.20019,28.39
$IMU,26859.849,-1.281,-0.061,0.183,0.01171,0.98925,0.19482,28.39
$IMU,26859.851,-0.244,-0.183,0.488,0.01855,0.99121,0.19335,28.39
$IMU,26859.853,0.671,-0.244,0.366,0.01855,0.99267,0.19335,28.39
$MAG,26859.856,-0.151,-0.520,-0.544,27.3
$IMU,26859.856,1.525,-0.061,0.000,0.02246,0.99414,0.19726,28.39
$IMU,26859.858,2.441,0.122,-0.305,0.02343,0.99462,0.19287,28.39
$IMU,26859.860,3.356,0.000,-0.549,0.01904,0.98925,0.19042,28.41
$IMU,26859.863,4.455,-0.122,-0.549,0.01660,0.99023,0.19287,28.41
$IMU,26859.865,5.371,-0.122,-0.183,0.01367,0.98974,0.19335,28.41
$MAG,26859.866,-0.139,-0.511,-0.538,27.6
$IMU,26859.867,6.286,-0.244,0.061,0.01464,0.98974,0.19287,28.41
$IMU,26859.870,7.263,-0.305,0.183,0.01904,0.99267,0.18994,28.41
$IMU,26859.872,8.178,-0.183,0.000,0.01806,0.99462,0.19189,28.41
$IMU,26859.874,9.155,-0.244,-0.183,0.01953,0.99316,0.19287,28.41
$MAG,26859.876,-0.139,-0.517,-0.538,27.3
$IMU,26859.877,10.131,-0.305,-0.366,0.01953,0.99560,0.18994,28.41
$IMU,26859.879,11.108,-0.183,-0.549,0.01953,0.99609,0.18994,28.35
$IMU,26859.881,11.962,-0.244,-0.427,0.01953,0.99658,0.19042,28.35
$IMU,26859.884,13.000,-0.366,-0.305,0.02490,0.99609,0.18847,28.35
$MAG,26859.886,-0.151,-0.520,-0.541,27.5
$IMU,26859.886,13.854,-0.183,-0.183,0.02246,0.99804,0.18750,28.35
$IMU,26859.889,14.709,-0.183,-0.305,0.02490,0.99804,0.18847,28.35
$IMU,26859.891,15.747,-0.366,-0.610,0.02246,0.99804,0.18505,28.35
$IMU,26859.893,16.723,-0.305,-0.793,0.02099,0.99853,0.18505,28.35
$MAG,26859.896,-0.139,-0.520,-0.538,27.3
$IMU,26859.896,17.578,-0.183,-0.915,0.01855,0.99218,0.18701,28.35
$IMU,26859.898,18.554,-0.366,-0.854,0.01708,0.98974,0.18457,28.37
$IMU,26859.900,19.531,-0.427,-0.610,0.01660,0.99707,0.18261,28.37
$IMU,26859.903,20.446,-0.488,-0.549,0.01611,0.99658,0.17919,28.37
$IMU,26859.905,21.240,-0.427,-0.549,0.01855,0.99755,0.18164,28.37
$MAG,26859.906,-0.141,-0.514,-0.537,27.5
$IMU,26859.907,22.033,-0.366,-0.671,0.02099,0.99804,0.17919,28.37
$IMU,26859.910,23.010,-0.244,-0.915,0.02148,0.99414,0.17968,28.37
$IMU,26859.912,23.925,-0.305,-1.037,0.02050,0.99511,0.17724,28.37
$IMU,26859.914,24.841,-0.488,-0.976,0.01953,0.99609,0.17871,28.37
$MAG,26859.916,-0.136,-0.522,-0.537,27.3
$IMU,26859.917,25.756,-0.427,-0.915,0.01953,0.99414,0.17773,28.37
$IMU,26859.919,26.672,-0.427,-0.793,0.01708,0.99365,0.17333,28.37
$IMU,26859.921,27.465,-0.488,-0.854,0.01806,0.99414,0.17041,28.37
$IMU,26859.924,28.381,-0.549,-0.854,0.01611,0.99462,0.17285,28.37
$IMU,26859.926,29.296,-0.488,-0.976,0.01660,0.99560,0.17138,28.37
$MAG,26859.927,-0.139,-0.516,-0.538,27.3
$IMU,26859.928,30.212,-0.671,-1.098,0.01171,0.99462,0.17187,28.37
$IMU,26859.931,31.188,-0.671,-1.159,0.01416,0.99658,0.17041,28.37
$IMU,26859.933,31.799,-0.427,-1.037,0.01757,1.00585,0.15576,28.37
$BARO,26859.934,86876.40,28.53
$IMU,26859.935,31.494,-0.488,-1.220,0.01806,1.00927,0.13525,28.41
$MAG,26859.937,-0.141,-0.525,-0.525,27.6
$IMU,26859.938,30.334,-0.427,-1.708,0.03320,1.01904,0.12255,28.41
$IMU,26859.940,28.747,-0.305,-2.746,0.03759,1.02978,0.12158,28.41
$IMU,26859.942,27.160,-0.305,-4.272,0.04003,1.01904,0.11914,28.41
$IMU,26859.945,25.756,-0.183,-5.065,0.02978,1.01464,0.11865,28.41
$MAG,26859.947,-0.145,-0.528,-0.523,27.3
$IMU,26859.947,24.475,-0.183,-4.882,0.01562,1.01123,0.12158,28.41
$IMU,26859.950,23.498,0.000,-3.723,0.00341,1.00781,0.11816,28.41
$IMU,26859.952,22.644,-0.122,-2.441,0.00244,1.00830,0.12011,28.41
$IMU,26859.954,21.667,-0.244,-1.708,0.00341,1.00537,0.11572,28.37
$MAG,26859.957,-0.154,-0.519,-0.525,27.3
$IMU,26859.957,20.324,0.000,-1.586,0.00927,1.00927,0.11279,28.37
$IMU,26859.959,18.859,0.061,-2.136,0.01074,1.01464,0.10888,28.37
$IMU,26859.961,17.517,-0.183,-2.807,0.01171,1.02197,0.11035,28.37
$IMU,26859.964,15.930,0.000,-3.051,0.01074,1.01953,0.10449,28.37
$IMU,26859.966,14.343,0.061,-2.563,0.01416,1.02197,0.10546,28.37
$MAG,26859.967,-0.138,-0.519,-0.526,27.6
$IMU,26859.968,12.695,-0.183,-1.586,0.01269,1.02050,0.10400,28.37
$IMU,26859.971,10.925,-0.305,-0.671,0.01806,1.01660,0.09619,28.37
$IMU,26859.973,8.728,-0.122,-0.305,0.02392,1.01513,0.09667,28.41
$IMU,26859.975,6.591,-0.183,-0.427,0.02685,1.01416,0.09375,28.41
$MAG,26859.977,-0.151,-0.529,-0.522,27.3
$IMU,26859.978,4.333,-0.244,-1.037,0.02294,1.01562,0.09082,28.41
$IMU,26859.980,2.075,-0.122,-1.464,0.01757,1.01416,0.08984,28.41
$IMU,26859.982,-0.061,0.061,-1.342,0.00732,1.01074,0.09277,28.41
$IMU,26859.985,-2.197,0.000,-0.732,0.00195,1.00878,0.09423,28.41
$MAG,26859.987,-0.136,-0.514,-0.528,27.3
$IMU,26859.987,-4.272,0.061,0.366,0.00195,1.01025,0.09619,28.41
$IMU,26859.989,-6.225,-0.061,1.281,0.00634,1.01611,0.09521,28.41
$IMU,26859.992,-8.056,-0.244,1.708,0.01318,1.01904,0.09423,28.34
$IMU,26859.994,-10.009,-0.122,1.464,0.01611,1.01855,0.09716,28.34
$IMU,26859.996,-11.901,0.000,1.037,0.02001,1.01513,0.09667,28.34
$MAG,26859.997,-0.148,-0.529,-0.525,27.3
$IMU,26859.999,-13.732,0.244,0.793,0.01855,1.00878,0.10156,28.34
$IMU,26860.001,-15.258,0.183,0.915,0.01416,1.01269,0.10888,28.34
$IMU,26860.003,-16.662,0.000,1.525,0.01318,1.00634,0.11035,28.34
$IMU,26860.006,-17.944,-0.183,2.319,0.01025,1.00683,0.11425,28.34
$MAG,26860.007,-0.148,-0.522,-0.528,27.3
$IMU,26860.008,-19.287,-0.183,2.868,0.01464,1.00927,0.11767,28.34
$IMU,26860.011,-20.507,-0.122,2.868,0.01562,1.01269,0.12060,28.37
$IMU,26860.013,-21.728,-0.061,2.563,0.01660,1.00976,0.11718,28.37
$IMU,26860.015,-22.949,-0.183,2.258,0.01562,1.01220,0.11816,28.37
$MAG,26860.017,-0.145,-0.516,-0.522,27.3
$IMU,26860.018,-24.108,-0.488,2.258,0.01464,1.00585,0.12402,28.37
$IMU,26860.020,-25.390,-0.244,2.685,0.00781,1.00439,0.12304,28.37
$IMU,26860.022,-26.550,-0.183,3.417,0.00830,1.00781,0.12158,28.37
$IMU,26860.025,-27.893,0.061,4.089,0.01269,1.00878,0.12109,28.37
$MAG,26860.027,-0.147,-0.528,-0.526,27.5
$IMU,26860.027,-29.174,0.000,4.455,0.01464,1.00927,0.12304,28.37
$IMU,26860.029,-30.151,0.122,3.967,0.03173,1.02392,0.13476,28.40
$IMU,26860.032,-30.395,0.183,2.014,0.03955,1.02441,0.15527,28.40
$IMU,26860.034,-29.663,0.244,0.000,0.04589,1.01269,0.16992,28.40
$BARO,26860.035,86876.40,28.53
$IMU,26860.036,-28.686,0.427,-1.220,0.03564,1.00732,0.17333,28.40
$MAG,26860.038,-0.142,-0.528,-0.540,27.3
$IMU,26860.039,-27.770,0.366,-1.220,0.02099,1.00244,0.17529,28.40
$IMU,26860.041,-26.611,0.427,0.000,0.01269,0.99902,0.17333,28.40
$IMU,26860.043,-25.512,0.122,1.342,0.01171,0.99902,0.17822,28.40
$IMU,26860.046,-24.414,0.061,1.831,0.01660,0.99414,0.17675,28.40
$MAG,26860.048,-0.141,-0.519,-0.529,27.3
$IMU,26860.048,-23.498,0.061,1.342,0.02099,0.99462,0.17285,28.37
$IMU,26860.050,-22.644,0.183,0.244,0.02050,0.99560,0.17871,28.37
$IMU,26860.053,-21.667,0.183,-0.732,0.01953,0.99511,0.17871,28.37
$IMU,26860.055,-20.812,0.244,-0.915,0.01562,0.99267,0.17871,28.37
$IMU,26860.057,-19.714,0.122,-0.305,0.01513,0.99414,0.18115,28.37
$MAG,26860.058,-0.147,-0.517,-0.541,27.3
$IMU,26860.060,-18.737,0.061,0.671,0.01806,0.99462,0.18261,28.37
$IMU,26860.062,-17.761,0.000,1.220,0.02343,0.99902,0.18017,28.37
$IMU,26860.064,-16.967,0.183,1.098,0.03173,0.99707,0.18505,28.37
$IMU,26860.067,-16.052,0.183,0.183,0.03320,0.99072,0.18359,28.37
$MAG,26860.068,-0.147,-0.522,-0.535,27.5
$IMU,26860.069,-15.136,0.305,-0.793,0.02490,0.99511,0.18359,28.37
$IMU,26860.072,-14.099,0.305,-1.342,0.01806,0.99267,0.18505,28.37
$IMU,26860.074,-13.122,0.427,-0.976,0.00732,0.98828,0.18359,28.37
$IMU,26860.076,-12.023,0.183,-0.122,0.00390,0.98681,0.18310,28.37
$MAG,26860.078,-0.144,-0.517,-0.534,27.3
$IMU,26860.079,-10.986,-0.061,0.732,0.00927,0.99365,0.18554,28.37
$IMU,26860.081,-10.009,-0.061,0.915,0.01513,0.99462,0.18652,28.37
$IMU,26860.083,-8.972,-0.122,0.488,0.02001,0.99267,0.18945,28.37
$IMU,26860.086,-8.056,-0.061,-0.244,0.02441,0.99169,0.18896,28.42
$MAG,26860.088,-0.145,-0.520,-0.541,27.3
$IMU,26860.088,-7.141,0.061,-0.793,0.02001,0.99365,0.19042,28.42
$IMU,26860.090,-6.225,0.183,-0.854,0.01660,0.99267,0.18945,28.42
$IMU,26860.093,-5.187,0.000,-0.305,0.01171,0.99414,0.18505,28.42
$IMU,26860.095,-4.272,-0.061,0.305,0.01171,0.99316,0.18798,28.42
$IMU,26860.097,-3.417,-0.061,0.549,0.01416,0.99658,0.18896,28.42
$MAG,26860.098,-0.138,-0.525,-0.540,27.5
$IMU,26860.100,-2.563,0.061,0.427,0.02685,0.99902,0.19091,28.42
$IMU,26860.102,-1.586,-0.061,-0.183,0.02343,0.99951,0.18945,28.42
$IMU,26860.104,-0.671,0.061,-0.732,0.01904,0.99218,0.18945,28.38
$IMU,26860.107,0.305,0.000,-0.854,0.01464,0.99316,0.19042,28.38
$MAG,26860.108,-0.147,-0.517,-0.534,27.5
$IMU,26860.109,1.464,-0.061,-0.488,0.01025,0.99316,0.19042,28.38
$IMU,26860.111,2.441,-0.122,0.122,0.01123,0.98925,0.18945,28.38
$IMU,26860.114,3.479,0.000,0.549,0.01269,0.99365,0.18847,28.38
$IMU,26860.116,4.577,-0.305,0.488,0.01611,0.98974,0.18701,28.38
$MAG,26860.118,-0.154,-0.526,-0.540,27.6
$IMU,26860.118,5.432,-0.305,0.122,0.02050,0.99707,0.18896,28.38
$IMU,26860.121,6.408,-0.244,-0.488,0.02246,0.99755,0.18896,28.38
$IMU,26860.123,7.324,-0.183,-0.732,0.02050,0.99853,0.18603,28.41
$IMU,26860.125,8.300,-0.183,-0.610,0.01757,0.99511,0.18554,28.41
$MAG,26860.128,-0.144,-0.522,-0.535,27.5
$IMU,26860.128,9.216,-0.183,-0.305,0.01562,0.99414,0.18945,28.41
$IMU,26860.130,10.192,-0.183,0.061,0.01953,0.99218,0.18701,28.41
$IMU,26860.132,11.230,-0.305,0.061,0.02197,0.99414,0.18652,28.41
$IMU,26860.135,12.084,-0.244,-0.244,0.02636,0.99267,0.18701,28.41
$BARO,26860.137,86868.28,28.54
$IMU,26860.137,12.939,-0.183,-0.671,0.02246,0.99267,0.18359,28.41
$MAG,26860.139,-0.148,-0.514,-0.535,27.3
$IMU,26860.140,13.793,0.000,-0.915,0.01660,0.99414,0.18164,28.41
$IMU,26860.142,14.831,-0.183,-0.793,0.01513,0.99316,0.18115,28.42
$IMU,26860.144,15.808,-0.305,-0.610,0.01220,0.99316,0.18261,28.42
$IMU,26860.147,16.723,-0.427,-0.305,0.01904,0.99511,0.18164,28.42
$MAG,26860.149,-0.145,-0.519,-0.529,27.6
$IMU,26860.149,17.761,-0.366,-0.183,0.02050,0.99804,0.18066,28.42
$IMU,26860.151,18.615,-0.366,-0.305,0.02099,0.99853,0.17968,28.42
$IMU,26860.154,19.409,-0.244,-0.732,0.02539,0.99853,0.17968,28.42
$IMU,26860.156,20.507,-0.366,-1.037,0.02001,0.99902,0.17626,28.42
$IMU,26860.158,21.484,-0.610,-1.098,0.02197,0.99414,0.17578,28.42
$MAG,26860.159,-0.147,-0.520,-0.532,27.3
$IMU,26860.161,22.338,-0.427,-0.915,0.01513,0.99365,0.17529,28.40
$IMU,26860.163,23.254,-0.427,-0.610,0.01464,0.99316,0.17285,28.40
$IMU,26860.165,24.230,-0.488,-0.488,0.01611,0.99462,0.17480,28.40
$IMU,26860.168,25.146,-0.366,-0.549,0.01562,0.99511,0.17480,28.40
$MAG,26860.169,-0.145,-0.517,-0.535,27.6
$IMU,26860.170,26.062,-0.427,-0.793,0.01953,0.99707,0.17333,28.40
$IMU,26860.172,27.038,-0.488,-1.037,0.01953,0.99560,0.17187,28.40
$IMU,26860.175,27.954,-0.549,-1.159,0.01562,1.00000,0.16699,28.40
$IMU,26860.177,28.381,-0.305,-1.220,0.01757,1.00732,0.15136,28.40
$MAG,26860.179,-0.150,-0.519,-0.523,27.6
$IMU,26860.179,27.893,-0.244,-1.281,0.02001,1.01123,0.13037,28.41
$IMU,26860.182,26.855,-0.244,-1.525,0.03173,1.02050,0.12060,28.41
$IMU,26860.184,25.390,-0.122,-2.380,0.03710,1.02783,0.11865,28.41
$VBAT,26860.185,4.130
$IMU,26860.186,23.742,-0.122,-3.662,0.03515,1.01806,0.11865,28.41
$MAG,26860.189,-0.148,-0.520,-0.526,27.5
$IMU,26860.189,22.399,-0.122,-4.455,0.02783,1.01171,0.11621,28.41
$IMU,26860.191,21.057,-0.122,-4.455,0.01562,1.00781,0.11962,28.41
$IMU,26860.193,19.958,0.000,-3.356,0.00488,1.01074,0.12304,28.41
$IMU,26860.196,19.165,-0.183,-2.075,0.00048,1.00732,0.11865,28.41
$IMU,26860.198,18.249,-0.244,-1.281,0.00439,1.00732,0.11523,28.39
$MAG,26860.199,-0.136,-0.520,-0.526,27.5
$IMU,26860.201,17.089,-0.061,-1.159,0.01367,1.00634,0.11572,28.39
$IMU,26860.203,15.930,-0.122,-1.770,0.01464,1.01513,0.11474,28.39
$IMU,26860.205,14.526,-0.061,-2.380,0.01513,1.02001,0.11523,28.39
$IMU,26860.208,13.061,0.000,-2.563,0.01708,1.01806,0.11279,28.39
$MAG,26860.209,-0.145,-0.523,-0.529,27.5
$IMU,26860.210,11.779,0.000,-2.258,0.01660,1.01953,0.10937,28.39
$IMU,26860.212,10.375,-0.183,-1.464,0.01416,1.01855,0.10986,28.39
$IMU,26860.215,8.789,-0.122,-0.610,0.02001,1.01904,0.10644,28.39
$IMU,26860.217,7.019,-0.122,-0.244,0.02343,1.01318,0.10498,28.40
$IMU,26860.219,5.310,-0.183,-0.427,0.02441,1.00927,0.10205,28.40
$MAG,26860.219,-0.142,-0.526,-0.519,27.3
$IMU,26860.222,3.356,-0.061,-0.976,0.02197,1.01074,0.09814,28.40
$IMU,26860.224,1.464,0.061,-1.403,0.01416,1.00927,0.09667,28.40
$IMU,26860.226,-0.305,0.061,-1.281,0.00585,1.01025,0.09960,28.40
$MAG,26860.229,-0.138,-0.528,-0.523,27.6
$IMU,26860.229,-2.014,0.061,-0.610,0.00537,1.00439,0.10302,28.40
$IMU,26860.231,-3.601,-0.122,0.427,0.00537,1.01074,0.10546,28.40
$IMU,26860.233,-5.249,-0.061,1.098,0.00683,1.01318,0.10498,28.40
$IMU,26860.236,-6.713,-0.183,1.403,0.01416,1.01416,0.10302,28.41
$BARO,26860.238,86864.52,28.53
$IMU,26860.238,-8.300,-0.183,1.159,0.01953,1.01660,0.10791,28.41
$MAG,26860.239,-0.138,-0.519,-0.523,27.3
$IMU,26860.240,-10.009,0.000,0.732,0.01660,1.01367,0.10839,28.41
$IMU,26860.243,-11.352,-0.183,0.549,0.01708,1.01074,0.11132,28.41
$IMU,26860.245,-12.878,0.000,0.732,0.01416,1.00830,0.11035,28.41
$IMU,26860.247,-14.099,0.000,1.342,0.01171,1.00537,0.11425,28.41
$MAG,26860.249,-0.153,-0.520,-0.520,27.5
$IMU,26860.250,-15.319,-0.122,2.014,0.01220,1.00585,0.11865,28.41
$IMU,26860.252,-16.479,-0.183,2.380,0.01611,1.00585,0.12060,28.41
$IMU,26860.254,-17.700,-0.244,2.441,0.01464,1.00878,0.11962,28.39
$IMU,26860.257,-19.042,-0.122,2.197,0.01660,1.00976,0.11914,28.39
$IMU,26860.259,-20.263,0.000,2.014,0.01611,1.00830,0.12304,28.39
$MAG,26860.260,-0.144,-0.517,-0.526,27.3
$IMU,26860.262,-21.484,-0.183,2.075,0.01171,1.00878,0.12304,28.39
$IMU,26860.264,-22.705,-0.244,2.563,0.00878,1.00927,0.12011,28.39
$IMU,26860.266,-23.986,0.000,3.234,0.00585,1.00732,0.12402,28.39
$IMU,26860.269,-25.146,-0.244,3.845,0.01513,1.00927,0.12158,28.39
$MAG,26860.270,-0.145,-0.522,-0.528,27.6
$IMU,26860.271,-26.611,0.122,3.967,0.01953,1.01660,0.12744,28.39
$IMU,26860.273,-27.343,0.183,3.234,0.03320,1.02246,0.14355,28.40
$IMU,26860.276,-27.343,0.061,1.403,0.04052,1.02099,0.15576,28.40
$IMU,26860.278,-26.550,0.244,-0.305,0.04296,1.00927,0.17041,28.40
$MAG,26860.280,-0.142,-0.526,-0.537,27.5
$IMU,26860.280,-25.512,0.427,-1.037,0.02783,1.01123,0.17480,28.40
$IMU,26860.283,-24.475,0.244,-0.732,0.01611,1.00341,0.17675,28.40
$IMU,26860.285,-23.254,0.183,0.427,0.01123,1.00146,0.17529,28.40
$IMU,26860.287,-22.216,0.366,1.403,0.01464,0.99951,0.17529,28.40
$MAG,26860.290,-0.148,-0.522,-0.540,27.3
$IMU,26860.290,-21.301,0.122,1.464,0.01708,0.99316,0.17675,28.40
$IMU,26860.292,-20.202,0.122,0.854,0.02343,0.99511,0.17822,28.36
$IMU,26860.294,-19.409,0.305,-0.122,0.02490,0.99267,0.17822,28.36
$IMU,26860.297,-18.554,0.183,-0.915,0.02246,0.99169,0.17675,28.36
$IMU,26860.299,-17.578,0.305,-0.793,0.01416,0.99365,0.17919,28.36
$MAG,26860.300,-0.139,-0.523,-0.532,27.5
$IMU,26860.301,-16.601,0.305,-0.122,0.01855,0.99365,0.17871,28.36
$IMU,26860.304,-15.625,0.122,0.610,0.02099,0.99560,0.17724,28.36
$IMU,26860.306,-14.648,0.183,0.915,0.02734,0.99414,0.17919,28.36
$IMU,26860.308,-13.610,0.122,0.671,0.02880,0.99365,0.18408,28.36
$MAG,26860.310,-0.139,-0.511,-0.537,27.5
$IMU,26860.311,-12.695,0.244,-0.183,0.02978,0.99218,0.18066,28.38
$IMU,26860.313,-11.779,0.305,-0.915,0.02099,0.99072,0.17968,28.38
$IMU,26860.315,-10.742,0.305,-1.159,0.01416,0.99218,0.18359,28.38
$IMU,26860.318,-9.704,0.183,-0.793,0.00878,0.98974,0.18261,28.38
$MAG,26860.320,-0.142,-0.523,-0.540,27.3
$IMU,26860.320,-8.605,0.061,0.061,0.01025,0.98974,0.18457,28.38
$IMU,26860.323,-7.629,0.000,0.671,0.01025,0.99267,0.18359,28.38
$IMU,26860.325,-6.591,-0.122,0.671,0.01855,0.99707,0.18603,28.38
$IMU,26860.327,-5.554,-0.122,0.183,0.02392,0.99560,0.18505,28.38
$IMU,26860.330,-4.638,0.061,-0.427,0.02197,0.99267,0.18750,28.37
$MAG,26860.330,-0.148,-0.519,-0.535,27.5
$IMU,26860.332,-3.784,0.061,-0.854,0.02148,0.99462,0.18945,28.37
$IMU,26860.334,-2.807,0.000,-0.671,0.01660,0.99414,0.18798,28.37
$IMU,26860.337,-1.831,0.061,-0.122,0.01513,0.99658,0.18554,28.37
$BARO,26860.339,86865.72,28.53
$IMU,26860.339,-0.915,-0.122,0.305,0.01611,0.99658,0.18652,28.37
$MAG,26860.340,-0.135,-0.528,-0.540,27.6
$IMU,26860.341,-0.122,0.061,0.488,0.01904,0.99755,0.18847,28.37
$IMU,26860.344,0.793,0.000,0.183,0.02197,0.99609,0.18750,28.37
$IMU,26860.346,1.831,-0.183,-0.366,0.02392,0.99853,0.18847,28.37
$IMU,26860.348,2.685,0.000,-0.854,0.02050,0.99511,0.18750,28.37
$MAG,26860.350,-0.139,-0.523,-0.537,27.5
$IMU,26860.351,3.784,-0.122,-0.732,0.01416,0.99658,0.18505,28.37
$IMU,26860.353,4.760,-0.183,-0.244,0.01025,0.99072,0.18505,28.37
$IMU,26860.355,5.859,-0.122,0.244,0.01025,0.99414,0.18457,28.37
$IMU,26860.358,6.896,-0.183,0.549,0.01464,0.99316,0.18310,28.37
$MAG,26860.360,-0.148,-0.522,-0.535,27.5
$IMU,26860.360,7.812,-0.305,0.366,0.02343,0.99511,0.18261,28.37
$IMU,26860.362,8.789,-0.305,-0.244,0.02539,0.99560,0.18359,28.37
$IMU,26860.365,9.826,-0.244,-0.610,0.02294,0.99755,0.18408,28.37
$IMU,26860.367,10.742,-0.244,-0.793,0.02197,0.99755,0.18066,28.42
$IMU,26860.369,11.657,-0.244,-0.549,0.01904,0.99462,0.17919,28.42
$MAG,26860.371,-0.141,-0.517,-0.534,27.6
$IMU,26860.372,12.512,-0.061,-0.183,0.01806,0.99462,0.18261,28.42
$IMU,26860.374,13.549,-0.366,0.000,0.02099,0.99218,0.18310,28.42
$IMU,26860.376,14.465,-0.244,-0.061,0.02294,0.99707,0.18261,28.42
$IMU,26860.379,15.441,-0.244,-0.366,0.02148,0.99511,0.17822,28.42
$MAG,26860.381,-0.139,-0.525,-0.541,27.5
$IMU,26860.381,16.357,-0.244,-0.793,0.02001,0.99462,0.17822,28.42
$IMU,26860.384,17.272,-0.305,-0.976,0.01904,0.99462,0.17724,28.42
$IMU,26860.386,18.310,-0.244,-0.854,0.01562,0.99121,0.17626,28.41
$IMU,26860.388,19.287,-0.366,-0.671,0.01464,0.99365,0.17529,28.41
$MAG,26860.391,-0.150,-0.519,-0.540,27.5
$IMU,26860.391,20.263,-0.366,-0.427,0.01757,0.99609,0.17382,28.41
$IMU,26860.393,21.240,-0.488,-0.305,0.02294,0.99804,0.17480,28.41
$IMU,26860.395,22.216,-0.366,-0.549,0.02294,0.99902,0.17285,28.41
$IMU,26860.398,23.193,-0.427,-0.976,0.02050,0.99951,0.17138,28.41
$IMU,26860.400,24.169,-0.427,-1.098,0.02099,0.99755,0.16796,28.41
$MAG,26860.401,-0.144,-0.523,-0.538,27.5
$IMU,26860.402,25.085,-0.488,-1.220,0.01953,0.99951,0.16796,28.41
$IMU,26860.405,25.756,-0.549,-1.220,0.01757,1.00195,0.15673,28.39
$IMU,26860.407,25.329,-0.305,-1.037,0.01708,1.00585,0.13769,28.39
$IMU,26860.409,24.353,-0.427,-1.281,0.02685,1.01318,0.12792,28.39
$MAG,26860.411,-0.139,-0.523,-0.528,27.6
$IMU,26860.412,22.766,-0.061,-2.014,0.03076,1.02343,0.11914,28.39
$IMU,26860.414,21.301,-0.427,-3.173,0.03271,1.01708,0.12011,28.39
$IMU,26860.416,19.836,-0.183,-3.967,0.02734,1.01171,0.11865,28.39
$IMU,26860.419,18.554,-0.122,-4.028,0.01757,1.01123,0.12011,28.39
$MAG,26860.421,-0.145,-0.511,-0.522,27.5
$IMU,26860.421,17.456,0.061,-3.173,0.00634,1.01416,0.12255,28.39
$IMU,26860.423,16.540,-0.305,-1.953,0.00195,1.00878,0.12304,28.40
$IMU,26860.426,15.441,-0.061,-1.159,0.00244,1.01025,0.11962,28.40
$IMU,26860.428,14.343,-0.244,-1.037,0.01074,1.00683,0.11816,28.40
$IMU,26860.430,13.244,-0.183,-1.342,0.01367,1.01757,0.11523,28.40
$MAG,26860.431,-0.142,-0.517,-0.529,27.6
$IMU,26860.433,11.901,0.000,-1.953,0.01464,1.01562,0.11425,28.40
$IMU,26860.435,10.681,0.000,-2.197,0.01464,1.01464,0.11767,28.40
$IMU,26860.437,9.460,-0.061,-1.953,0.01464,1.01416,0.11425,28.40
$IMU,26860.440,8.178,-0.061,-1.159,0.01513,1.01708,0.11425,28.40
$BARO,26860.441,86862.70,28.53
$MAG,26860.441,-0.145,-0.519,-0.519,27.6
$IMU,26860.442,6.896,-0.122,-0.488,0.01855,1.01318,0.11376,28.37
$IMU,26860.445,5.432,-0.122,-0.122,0.02148,1.01318,0.11279,28.37
$IMU,26860.447,3.906,-0.061,-0.244,0.02490,1.00830,0.11083,28.37
$IMU,26860.449,2.319,-0.061,-0.671,0.02197,1.00781,0.10986,28.37
$MAG,26860.451,-0.150,-0.522,-0.526,27.5
$IMU,26860.452,0.793,-0.061,-1.098,0.01904,1.00341,0.11230,28.37
$IMU,26860.454,-0.793,0.183,-1.037,0.01318,1.00732,0.10839,28.37
$IMU,26860.456,-2.136,-0.122,-0.488,0.00878,1.00244,0.11132,28.37
$IMU,26860.459,-3.540,-0.122,0.183,0.00878,1.00585,0.11279,28.37
$MAG,26860.461,-0.144,-0.522,-0.523,27.5
$IMU,26860.461,-4.943,-0.122,0.976,0.01074,1.01123,0.11181,28.42
$IMU,26860.463,-6.164,-0.305,1.281,0.01269,1.01464,0.11328,28.42
$IMU,26860.466,-7.507,-0.122,1.037,0.01611,1.01220,0.11425,28.42
$IMU,26860.468,-8.911,0.061,0.732,0.01904,1.01367,0.11572,28.42
$IMU,26860.470,-10.070,0.122,0.549,0.01562,1.01074,0.11523,28.42
$MAG,26860.471,-0.151,-0.522,-0.526,27.5
$IMU,26860.473,-11.291,-0.061,0.671,0.01416,1.00634,0.11718,28.42
$IMU,26860.475,-12.329,-0.061,1.220,0.01269,1.00732,0.11572,28.42
$IMU,26860.477,-13.488,-0.122,1.770,0.01318,1.00732,0.11962,28.42
$IMU,26860.480,-14.770,-0.122,2.136,0.01513,1.00732,0.12255,28.39
$IMU,26860.482,-16.052,-0.061,2.258,0.01611,1.01074,0.12255,28.39
$MAG,26860.482,-0.142,-0.520,-0.522,27.5
$IMU,26860.484,-17.395,0.000,2.014,0.01513,1.01220,0.12255,28.39
$HUM,26860.487,34.6,28.9
$IMU,26860.487,-18.554,-0.122,1.831,0.01611,1.01318,0.12255,28.39
$IMU,26860.489,-19.653,-0.244,1.892,0.01074,1.00878,0.11962,28.39
$IMU,26860.491,-20.935,-0.244,2.319,0.00927,1.01025,0.12646,28.39
$MAG,26860.492,-0.141,-0.520,-0.529,27.6
$IMU,26860.494,-22.277,0.000,2.929,0.01123,1.00927,0.12646,28.39
$IMU,26860.496,-23.559,0.061,3.479,0.01464,1.01318,0.12597,28.39
$IMU,26860.498,-24.536,0.122,3.173,0.02783,1.02636,0.13671,28.42
$IMU,26860.501,-24.536,0.000,1.831,0.03515,1.02197,0.15429,28.42
$MAG,26860.502,-0.142,-0.522,-0.528,27.6
$IMU,26860.503,-23.986,0.000,0.183,0.03759,1.01416,0.16992,28.42
$IMU,26860.505,-23.071,0.305,-0.915,0.03125,1.00927,0.17480,28.42
$IMU,26860.508,-22.155,0.427,-0.915,0.01855,1.00097,0.17529,28.42
$IMU,26860.510,-21.057,0.488,0.000,0.01025,0.99951,0.17626,28.42
$MAG,26860.512,-0.142,-0.514,-0.534,27.6
$IMU,26860.513,-19.836,0.000,0.976,0.01220,0.99511,0.17578,28.42
$IMU,26860.515,-18.859,0.122,1.403,0.01953,0.99511,0.17382,28.42
$IMU,26860.517,-17.822,0.122,0.915,0.02246,0.99267,0.17382,28.41
$IMU,26860.520,-16.967,0.305,0.061,0.02099,0.99365,0.17675,28.41
$MAG,26860.522,-0.135,-0.519,-0.528,27.5
$IMU,26860.522,-16.052,0.244,-0.671,0.02001,0.98779,0.17822,28.41
$IMU,26860.524,-15.075,0.244,-0.854,0.01660,0.98974,0.17822,28.41
$IMU,26860.527,-14.038,0.183,-0.488,0.01562,0.99072,0.17822,28.41
$IMU,26860.529,-13.000,-0.061,0.244,0.02001,0.99218,0.18017,28.41
$IMU,26860.531,-12.023,0.061,0.854,0.02587,0.99316,0.17724,28.41
$MAG,26860.532,-0.144,-0.519,-0.535,27.3
$IMU,26860.534,-11.169,0.244,0.732,0.03027,0.98925,0.18066,28.41
$IMU,26860.536,-10.253,0.122,0.000,0.03076,0.99267,0.18066,28.42
$IMU,26860.538,-9.277,0.183,-0.671,0.02685,0.99414,0.17968,28.42
$IMU,26860.541,-8.300,0.244,-1.220,0.01806,0.99462,0.18261,28.42
$BARO,26860.542,86867.99,28.53
$MAG,26860.542,-0.144,-0.525,-0.532,27.5
$IMU,26860.543,-7.202,0.183,-0.976,0.01025,0.99121,0.18115,28.42
$IMU,26860.545,-6.225,0.122,-0.305,0.00927,0.98876,0.18115,28.42
$IMU,26860.548,-5.187,0.122,0.366,0.01025,0.99121,0.18457,28.42
$IMU,26860.550,-4.089,-0.183,0.671,0.01611,0.99365,0.18212,28.42
$MAG,26860.552,-0.142,-0.522,-0.538,27.6
$IMU,26860.552,-3.051,-0.244,0.183,0.01611,0.99755,0.18212,28.42
$IMU,26860.555,-2.075,-0.183,-0.366,0.01757,0.99365,0.17871,28.43
$IMU,26860.557,-1.159,-0.122,-0.793,0.01904,0.99560,0.18359,28.43
$IMU,26860.559,-0.183,0.061,-0.793,0.01562,0.99218,0.18359,28.43
$MAG,26860.562,-0.142,-0.519,-0.537,27.5
$IMU,26860.562,0.854,-0.122,-0.305,0.01464,0.99609,0.18212,28.43
$IMU,26860.564,1.770,-0.244,0.244,0.01611,1.00000,0.18261,28.43
$IMU,26860.566,2.624,-0.183,0.427,0.01953,0.99853,0.18554,28.43
$IMU,26860.569,3.601,-0.244,0.183,0.01953,1.00097,0.18554,28.43
$IMU,26860.571,4.455,-0.122,-0.244,0.01953,0.99951,0.18310,28.43
$MAG,26860.572,-0.141,-0.519,-0.532,27.6
$IMU,26860.574,5.432,-0.183,-0.671,0.01757,0.99707,0.18066,28.44
$IMU,26860.576,6.408,-0.122,-0.732,0.01123,0.99316,0.18017,28.44
$IMU,26860.578,7.507,-0.061,-0.488,0.01123,0.99365,0.17968,28.44
$IMU,26860.581,8.544,-0.244,0.000,0.01123,0.99218,0.18066,28.44
$IMU,26860.583,9.521,-0.305,0.366,0.01757,0.99511,0.17822,28.44
$MAG,26860.582,-0.156,-0.516,-0.541,27.5
$IMU,26860.585,10.498,-0.122,0.305,0.01953,0.99218,0.18115,28.44
$IMU,26860.588,11.535,-0.305,-0.122,0.02392,0.99902,0.18164,28.44
$IMU,26860.590,12.573,-0.244,-0.671,0.02734,1.00048,0.17871,28.44
$IMU,26860.592,13.610,-0.488,-0.915,0.02343,0.99560,0.17675,28.42
$MAG,26860.593,-0.138,-0.517,-0.535,27.3
$IMU,26860.595,14.526,-0.305,-0.732,0.01806,0.99365,0.17773,28.42
$IMU,26860.597,15.502,-0.183,-0.366,0.01855,0.99414,0.17578,28.42
$IMU,26860.599,16.418,-0.305,-0.061,0.02099,0.99560,0.17675,28.42
$IMU,26860.602,17.517,-0.427,-0.122,0.02099,0.99560,0.17382,28.42
$MAG,26860.603,-0.136,-0.520,-0.534,27.5
$IMU,26860.604,18.371,-0.183,-0.427,0.02001,0.99316,0.17333,28.42
$IMU,26860.606,19.348,-0.305,-0.793,0.01904,0.99218,0.17089,28.42
$IMU,26860.609,20.324,-0.305,-1.037,0.01855,0.99658,0.17333,28.42
$IMU,26860.611,21.362,-0.427,-1.037,0.01611,0.99267,0.16992,28.39
$MAG,26860.613,-0.145,-0.514,-0.538,27.6
$IMU,26860.613,22.338,-0.549,-0.793,0.01855,0.99902,0.16943,28.39
$IMU,26860.616,23.010,-0.488,-0.610,0.01806,1.00732,0.15869,28.39
$IMU,26860.618,23.010,-0.366,-0.671,0.02343,1.00927,0.14208,28.39
$IMU,26860.620,22.094,-0.366,-1.098,0.02880,1.01562,0.12890,28.39
$MAG,26860.623,-0.144,-0.517,-0.526,27.3
$IMU,26860.623,20.812,-0.183,-1.708,0.03417,1.02343,0.12451,28.39
$IMU,26860.625,19.287,-0.122,-2.746,0.03271,1.02197,0.11816,28.39
$IMU,26860.627,17.822,-0.122,-3.540,0.02441,1.01513,0.11718,28.39
$IMU,26860.630,16.540,0.000,-3.540,0.01855,1.01269,0.12109,28.38
$IMU,26860.632,15.380,-0.061,-2.990,0.01025,1.01025,0.12158,28.38
$MAG,26860.633,-0.141,-0.514,-0.523,27.5
$IMU,26860.635,14.282,0.000,-1.892,0.00341,1.00683,0.12207,28.38
$IMU,26860.637,13.305,-0.061,-1.098,0.00683,1.00585,0.12304,28.38
$IMU,26860.639,12.268,-0.061,-0.854,0.00878,1.00927,0.11914,28.38
$IMU,26860.642,11.047,-0.183,-1.159,0.01123,1.01171,0.11962,28.38
$MAG,26860.643,-0.151,-0.523,-0.528,27.6
$BARO,26860.644,86865.52,28.53
$IMU,26860.644,9.887,-0.244,-1.647,0.01367,1.01562,0.12109,28.38
$IMU,26860.646,8.666,-0.183,-1.708,0.01562,1.01806,0.11962,28.38
$IMU,26860.649,7.446,-0.122,-1.586,0.01562,1.01757,0.12011,28.39
$IMU,26860.651,6.225,0.000,-1.037,0.01562,1.01611,0.11865,28.39
$MAG,26860.653,-0.148,-0.522,-0.531,27.6
$IMU,26860.653,5.065,-0.061,-0.305,0.01660,1.01464,0.11767,28.39
$IMU,26860.656,3.845,-0.305,0.000,0.02392,1.01464,0.11621,28.39
$IMU,26860.658,2.441,-0.122,-0.122,0.02392,1.00878,0.11572,28.39
$IMU,26860.660,0.915,0.061,-0.549,0.02197,1.00878,0.11279,28.39
$MAG,26860.663,-0.141,-0.529,-0.532,27.6
$IMU,26860.663,-0.366,-0.183,-0.854,0.01660,1.00781,0.11669,28.39
$IMU,26860.665,-1.647,-0.061,-0.915,0.01074,1.00634,0.11816,28.39
$IMU,26860.667,-2.868,0.000,-0.366,0.00634,1.00537,0.11816,28.44
$IMU,26860.670,-4.028,-0.122,0.305,0.00244,1.00781,0.11572,28.44
$IMU,26860.672,-5.249,-0.183,0.976,0.00732,1.01025,0.11865,28.44
$MAG,26860.673,-0.147,-0.519,-0.529,27.6
$IMU,26860.674,-6.408,-0.122,1.281,0.01269,1.01074,0.11865,28.44
$IMU,26860.677,-7.690,-0.061,1.098,0.01611,1.00927,0.11718,28.44
$IMU,26860.679,-8.850,-0.183,0.793,0.02050,1.01025,0.11816,28.44
$IMU,26860.681,-10.131,-0.061,0.610,0.01757,1.00781,0.11962,28.44
$MAG,26860.683,-0.147,-0.526,-0.525,27.6
$IMU,26860.684,-11.474,0.061,0.854,0.01562,1.00927,0.11962,28.44
$IMU,26860.686,-12.573,0.061,1.159,0.01367,1.00439,0.11962,28.39
$IMU,26860.688,-13.732,-0.061,1.831,0.01171,1.00927,0.12304,28.39
$IMU,26860.691,-14.892,-0.061,2.136,0.01367,1.00439,0.11962,28.39
$MAG,26860.693,-0.147,-0.526,-0.534,27.6
$IMU,26860.693,-16.113,-0.183,2.258,0.01513,1.00585,0.12109,28.39
$IMU,26860.696,-17.272,-0.061,2.136,0.01611,1.01123,0.12207,28.39
$IMU,26860.698,-18.737,-0.122,2.014,0.01318,1.01562,0.12353,28.39
$IMU,26860.700,-20.141,0.000,2.075,0.01074,1.00830,0.12109,28.39
$MAG,26860.703,-0.145,-0.517,-0.535,27.6
$IMU,26860.703,-21.362,0.000,2.441,0.01464,1.01562,0.12792,28.39
$IMU,26860.705,-22.155,0.183,2.380,0.02294,1.01904,0.14160,28.41
$IMU,26860.707,-22.216,0.183,1.586,0.03222,1.01953,0.15527,28.41
$IMU,26860.710,-21.545,0.122,0.610,0.03271,1.00878,0.16894,28.41
$IMU,26860.712,-20.690,0.122,-0.183,0.03369,1.00683,0.17431,28.41
$MAG,26860.714,-0.150,-0.523,-0.534,27.6
$IMU,26860.714,-19.714,0.183,-0.549,0.02148,1.00292,0.17480,28.41
$IMU,26860.717,-18.676,0.244,-0.183,0.01367,1.00097,0.17480,28.41
$IMU,26860.719,-17.578,0.183,0.366,0.01464,0.99755,0.17675,28.41
$IMU,26860.721,-16.357,-0.061,0.732,0.01708,0.99560,0.17236,28.41
$MAG,26860.724,-0.156,-0.514,-0.534,27.6
$IMU,26860.724,-15.380,0.000,0.610,0.02001,0.99511,0.17578,28.36
$IMU,26860.726,-14.343,0.000,0.183,0.01953,0.99511,0.17626,28.36
$IMU,26860.728,-13.427,0.122,-0.244,0.02148,0.99804,0.17871,28.36
$IMU,26860.731,-12.512,0.183,-0.610,0.01904,0.99267,0.17871,28.36
$IMU,26860.733,-11.535,0.183,-0.427,0.01806,0.98974,0.17773,28.36
$MAG,26860.734,-0.142,-0.523,-0.529,27.5
$IMU,26860.735,-10.559,0.061,0.000,0.01904,0.99169,0.18017,28.36
$IMU,26860.738,-9.521,0.061,0.366,0.02246,0.98828,0.17773,28.36
$IMU,26860.740,-8.605,0.122,0.427,0.02441,0.99121,0.17822,28.36
$IMU,26860.742,-7.690,0.122,0.061,0.02734,0.99316,0.17626,28.41
$MAG,26860.744,-0.147,-0.514,-0.528,27.6
$BARO,26860.745,86862.31,28.53
$IMU,26860.745,-6.652,0.122,-0.488,0.02587,0.99316,0.17773,28.41
$IMU,26860.747,-5.676,0.122,-0.793,0.01757,0.99560,0.17822,28.41
$IMU,26860.749,-4.638,0.122,-0.854,0.01416,0.99316,0.18115,28.41
$IMU,26860.752,-3.479,-0.061,-0.488,0.01074,0.99365,0.17968,28.41
$MAG,26860.754,-0.148,-0.529,-0.529,27.6
$IMU,26860.754,-2.441,-0.122,0.000,0.01123,0.99121,0.17822,28.41
$IMU,26860.757,-1.342,-0.183,0.244,0.01269,0.99365,0.18066,28.41
$IMU,26860.759,-0.244,-0.244,0.244,0.01562,0.99316,0.18115,28.41
$IMU,26860.761,0.671,-0.244,-0.122,0.02050,0.99462,0.18115,28.40
$MAG,26860.764,-0.144,-0.516,-0.537,27.6
$IMU,26860.764,1.586,-0.183,-0.488,0.02099,0.99511,0.18115,28.40
$IMU,26860.766,2.563,-0.122,-0.671,0.01757,0.99755,0.18457,28.40
$IMU,26860.768,3.479,-0.183,-0.427,0.01953,0.99511,0.18115,28.40
$IMU,26860.771,4.333,-0.061,-0.061,0.01464,0.99951,0.18066,28.40
$IMU,26860.773,5.310,-0.061,0.122,0.01757,1.00195,0.18115,28.40
$MAG,26860.774,-0.145,-0.517,-0.532,27.6
$IMU,26860.775,6.347,-0.183,0.000,0.02099,1.00439,0.18017,28.40
$IMU,26860.778,7.202,0.061,-0.244,0.01904,0.99804,0.17919,28.40
$IMU,26860.780,8.178,0.061,-0.549,0.01367,0.99853,0.17724,28.43
$IMU,26860.782,9.277,-0.183,-0.549,0.01708,0.99560,0.17919,28.43
$MAG,26860.784,-0.145,-0.520,-0.531,27.3
$IMU,26860.785,10.314,-0.244,-0.427,0.01269,0.99560,0.17773,28.43
$IMU,26860.787,11.352,-0.305,-0.122,0.01123,0.99560,0.17480,28.43
$IMU,26860.789,12.451,-0.183,0.000,0.01611,0.99609,0.17431,28.43
$IMU,26860.792,13.488,-0.366,0.061,0.01513,0.99707,0.17529,28.43
$MAG,26860.794,-0.135,-0.522,-0.535,27.5
$IMU,26860.794,14.465,-0.305,-0.244,0.02148,0.99853,0.17529,28.43
$IMU,26860.796,15.441,-0.366,-0.549,0.02392,0.99462,0.17480,28.43
$IMU,26860.799,16.540,-0.427,-0.671,0.02246,0.99707,0.17138,28.41
$IMU,26860.801,17.395,-0.366,-0.732,0.02099,0.99804,0.17431,28.41
$IMU,26860.803,18.310,-0.244,-0.610,0.02294,0.99462,0.17382,28.41
$MAG,26860.804,-0.139,-0.523,-0.531,27.6
$IMU,26860.806,19.409,-0.366,-0.427,0.02246,0.99853,0.17187,28.41
$IMU,26860.808,20.324,-0.305,-0.427,0.02294,1.00000,0.16259,28.41
$IMU,26860.810,20.568,-0.305,-0.610,0.02490,0.99902,0.15136,28.41
$IMU,26860.813,20.202,-0.305,-1.037,0.02148,1.00244,0.13574,28.41
$MAG,26860.814,-0.136,-0.525,-0.532,27.6
$IMU,26860.815,19.287,-0.366,-1.464,0.02148,1.00830,0.12500,28.41
$IMU,26860.818,17.761,-0.061,-1.831,0.02734,1.01611,0.12109,28.39
$IMU,26860.820,16.296,0.000,-2.258,0.02685,1.01708,0.12207,28.39
$IMU,26860.822,15.136,-0.244,-2.624,0.01953,1.01220,0.12353,28.39
$MAG,26860.825,-0.147,-0.523,-0.531,27.6
$IMU,26860.825,13.854,-0.183,-2.624,0.02197,1.01513,0.12158,28.39
$IMU,26860.827,12.573,-0.122,-2.136,0.01660,1.01611,0.12207,28.39
$IMU,26860.829,11.535,-0.061,-1.586,0.00830,1.00830,0.12109,28.39
$IMU,26860.832,10.375,0.000,-1.159,0.01123,1.01171,0.12255,28.39
$IMU,26860.834,9.216,-0.061,-1.098,0.01171,1.01269,0.12011,28.39
$MAG,26860.835,-0.144,-0.522,-0.531,27.5
$IMU,26860.836,8.056,-0.183,-1.220,0.01220,1.01367,0.12011,28.41
$IMU,26860.839,7.080,-0.427,-1.159,0.01074,1.01562,0.11914,28.41
$IMU,26860.841,5.737,0.000,-1.159,0.01269,1.01367,0.11962,28.41
$IMU,26860.843,4.455,0.061,-0.854,0.01269,1.01464,0.12109,28.41
$MAG,26860.845,-0.145,-0.522,-0.528,27.6
$IMU,26860.846,3.356,-0.122,-0.549,0.01464,1.01660,0.11914,28.41
$BARO,26860.847,86870.96,28.53
$IMU,26860.848,2.258,-0.122,-0.244,0.02001,1.01416,0.12011,28.41
$IMU,26860.850,0.915,-0.122,-0.122,0.02050,1.01269,0.12207,28.41
$IMU,26860.853,-0.366,0.000,-0.122,0.01953,1.00976,0.12011,28.41
$MAG,26860.855,-0.151,-0.531,-0.522,27.5
$IMU,26860.855,-1.647,-0.061,-0.183,0.01855,1.00585,0.11767,28.40
$IMU,26860.857,-3.051,0.122,-0.305,0.01708,1.00732,0.11718,28.40
$IMU,26860.860,-4.211,0.000,-0.122,0.01269,1.00683,0.11865,28.40
$IMU,26860.862,-5.432,-0.122,0.244,0.00781,1.00488,0.11816,28.40
$IMU,26860.864,-6.652,-0.122,0.610,0.00878,1.00439,0.12060,28.40
$MAG,26860.865,-0.148,-0.519,-0.528,27.5
$IMU,26860.867,-7.812,-0.061,0.915,0.00781,1.00878,0.11962,28.40
$IMU,26860.869,-8.911,-0.183,1.159,0.01464,1.00976,0.11865,28.40
$IMU,26860.871,-10.192,0.000,1.220,0.01562,1.00976,0.11962,28.40
$IMU,26860.874,-11.413,-0.061,1.159,0.01562,1.00585,0.12158,28.44
$MAG,26860.875,-0.147,-0.528,-0.529,27.6
$IMU,26860.876,-12.634,-0.061,1.220,0.01806,1.00537,0.12011,28.44
$IMU,26860.878,-13.793,-0.183,1.403,0.01464,1.00488,0.12109,28.44
$IMU,26860.881,-15.136,0.061,1.831,0.01318,1.00488,0.12500,28.44
$IMU,26860.883,-16.540,0.183,2.136,0.01611,1.00390,0.12109,28.44
$MAG,26860.885,-0.145,-0.519,-0.519,27.6
$IMU,26860.886,-17.822,0.000,2.441,0.01660,1.00830,0.12304,28.44
$IMU,26860.888,-18.981,-0.061,2.441,0.02001,1.01855,0.13134,28.44
$IMU,26860.890,-19.714,0.061,1.586,0.02978,1.02001,0.14550,28.44
$IMU,26860.893,-19.836,0.061,0.549,0.03027,1.01367,0.15673,28.43
$MAG,26860.895,-0.154,-0.519,-0.537,27.6
$IMU,26860.895,-19.348,0.244,-0.244,0.02587,1.01025,0.16503,28.43
$IMU,26860.897,-18.493,0.244,-0.488,0.02197,1.00634,0.17431,28.43
$IMU,26860.900,-17.395,0.183,0.061,0.01513,1.00537,0.17285,28.43
$IMU,26860.902,-16.296,0.061,0.671,0.01611,1.00097,0.17529,28.43
$IMU,26860.904,-15.258,0.000,0.915,0.01757,0.99902,0.17382,28.43
$MAG,26860.905,-0.141,-0.516,-0.529,27.5
$IMU,26860.907,-14.282,0.061,0.671,0.02343,0.99755,0.17431,28.43
$IMU,26860.909,-13.305,0.000,0.122,0.02539,0.99707,0.17773,28.43
$IMU,26860.911,-12.268,0.122,-0.427,0.01904,0.99609,0.17578,28.42
$IMU,26860.914,-11.291,0.061,-0.610,0.01904,0.99658,0.17724,28.42
$MAG,26860.915,-0.145,-0.525,-0.540,27.5
$IMU,26860.916,-10.253,0.061,-0.366,0.01220,0.99609,0.17724,28.42
$IMU,26860.918,-9.277,0.122,0.000,0.01318,0.99365,0.17431,28.42
$IMU,26860.921,-8.239,0.122,0.366,0.01562,0.99072,0.17285,28.42
$IMU,26860.923,-7.202,0.122,0.366,0.02197,0.99316,0.17871,28.42
$MAG,26860.925,-0.147,-0.522,-0.531,27.6
$IMU,26860.925,-6.103,0.183,0.000,0.02050,0.99121,0.17871,28.42
$IMU,26860.928,-5.187,0.000,-0.427,0.02197,0.99267,0.17871,28.42
$IMU,26860.930,-4.272,0.061,-0.732,0.01806,0.99365,0.17822,28.44
$IMU,26860.932,-3.112,-0.122,-0.671,0.01708,0.99267,0.17626,28.44
$IMU,26860.935,-2.075,-0.061,-0.427,0.01416,0.99121,0.17822,28.44
$MAG,26860.936,-0.150,-0.523,-0.540,27.6
$IMU,26860.937,-1.098,0.061,0.000,0.01269,0.99169,0.17773,28.44
$IMU,26860.939,-0.122,-0.061,0.122,0.01611,0.99414,0.17773,28.44
$IMU,26860.942,1.098,-0.244,0.061,0.01953,0.99462,0.17626,28.44
$IMU,26860.944,2.014,-0.183,-0.244,0.01708,0.99609,0.17285,28.44
$MAG,26860.946,-0.147,-0.516,-0.537,27.6
$IMU,26860.947,3.051,-0.061,-0.488,0.01855,0.99365,0.17871,28.44
$BARO,26860.948,86859.53,28.53
$IMU,26860.949,4.028,0.000,-0.610,0.01660,0.99316,0.17968,28.43
$IMU,26860.951,5.004,-0.183,-0.366,0.01513,0.99267,0.17626,28.43
$IMU,26860.954,5.920,-0.122,-0.061,0.01806,0.99462,0.17724,28.43
$MAG,26860.956,-0.147,-0.514,-0.532,27.6
$IMU,26860.956,6.896,-0.122,0.122,0.01806,0.99804,0.17773,28.43
$IMU,26860.958,7.873,-0.183,0.000,0.01953,1.00146,0.17822,28.43
$IMU,26860.961,8.728,0.000,-0.305,0.02050,1.00488,0.17724,28.43
$IMU,26860.963,9.826,-0.244,-0.610,0.02099,1.00097,0.17919,28.43
$IMU,26860.965,10.925,-0.244,-0.793,0.01904,0.99853,0.17578,28.43
$MAG,26860.966,-0.151,-0.511,-0.528,27.5
$IMU,26860.968,12.023,-0.305,-0.549,0.01513,0.99902,0.17480,28.40
$IMU,26860.970,13.061,-0.305,-0.244,0.01464,0.99560,0.17333,28.40
$IMU,26860.972,14.160,-0.305,0.000,0.01660,0.99511,0.17382,28.40
$IMU,26860.975,15.197,-0.305,-0.061,0.01757,0.99755,0.17333,28.40
$MAG,26860.976,-0.145,-0.523,-0.531,27.6
$IMU,26860.977,16.235,-0.305,-0.305,0.02246,0.99755,0.17431,28.40
$IMU,26860.979,17.150,-0.244,-0.610,0.02294,0.99755,0.17187,28.40
$IMU,26860.982,18.005,-0.183,-0.793,0.02343,1.00097,0.16601,28.40
$IMU,26860.984,18.188,-0.061,-0.915,0.02392,1.00097,0.15380,28.40
$MAG,26860.986,-0.145,-0.526,-0.529,27.6
$IMU,26860.986,18.066,-0.183,-0.854,0.02148,1.00585,0.13818,28.44
$IMU,26860.989,17.211,-0.244,-0.854,0.01806,1.00927,0.12939,28.44
$IMU,26860.991,15.930,-0.183,-1.098,0.02490,1.01416,0.12451,28.44
$IMU,26860.993,14.526,-0.183,-1.586,0.02783,1.01269,0.11914,28.44
$MAG,26860.996,-0.136,-0.511,-0.529,27.5
$IMU,26860.996,13.183,-0.183,-2.197,0.02734,1.00878,0.12109,28.44
$IMU,26860.998,11.718,-0.061,-2.441,0.02050,1.01025,0.12304,28.44
$IMU,26861.000,10.498,-0.061,-2.258,0.01074,1.00976,0.12109,28.44
$IMU,26861.003,9.460,-0.244,-1.647,0.01074,1.01123,0.12255,28.44
$IMU,26861.005,8.361,-0.183,-0.915,0.00927,1.00537,0.12402,28.45
$MAG,26861.006,-0.139,-0.522,-0.525,27.5
$IMU,26861.008,7.324,-0.122,-0.366,0.00732,1.01269,0.12255,28.45
$IMU,26861.010,6.103,-0.122,-0.244,0.01464,1.01611,0.12060,28.45
$IMU,26861.012,4.821,-0.061,-0.549,0.02001,1.01806,0.12207,28.45
$IMU,26861.015,3.540,-0.061,-0.854,0.01855,1.01562,0.12060,28.45
$MAG,26861.016,-0.147,-0.523,-0.528,27.3
$IMU,26861.017,2.319,-0.061,-0.976,0.01611,1.01757,0.12207,28.45
$IMU,26861.019,1.037,0.061,-0.732,0.01708,1.01708,0.12207,28.45
$IMU,26861.022,-0.244,0.000,-0.183,0.01757,1.01464,0.12158,28.45
$IMU,26861.024,-1.525,0.122,0.305,0.01611,1.01074,0.12109,28.42
$MAG,26861.026,-0.145,-0.523,-0.520,27.6
$IMU,26861.026,-2.746,0.061,0.549,0.02099,1.01220,0.12207,28.42
$IMU,26861.029,-4.028,0.000,0.427,0.01855,1.00976,0.12109,28.42
$IMU,26861.031,-5.310,0.000,0.183,0.01904,1.00585,0.12060,28.42
$IMU,26861.033,-6.591,-0.061,0.000,0.01513,1.00683,0.12109,28.42
$MAG,26861.036,-0.142,-0.516,-0.529,27.5
$IMU,26861.036,-7.873,-0.122,0.183,0.01220,1.00976,0.12402,28.42
$IMU,26861.038,-9.155,-0.061,0.671,0.00683,1.00585,0.12158,28.42
$IMU,26861.040,-10.253,-0.183,1.159,0.00927,1.00683,0.12304,28.42
$IMU,26861.043,-11.413,-0.305,1.708,0.01416,1.01220,0.12207,28.43
$IMU,26861.045,-12.695,-0.183,1.892,0.01562,1.01074,0.12207,28.43
$MAG,26861.047,-0.151,-0.525,-0.534,27.6
$IMU,26861.047,-14.038,-0.061,1.770,0.01855,1.00732,0.12011,28.43
$BARO,26861.050,86869.62,28.53
$IMU,26861.050,-15.380,-0.061,1.586,0.01806,1.00781,0.12255,28.43
$IMU,26861.052,-16.601,0.061,1.403,0.01904,1.01367,0.13085,28.43
$IMU,26861.054,-17.333,0.061,1.037,0.02832,1.01123,0.13818,28.43
$MAG,26861.057,-0.151,-0.519,-0.532,27.5
$IMU,26861.057,-17.578,0.183,0.549,0.02880,1.00390,0.15039,28.43
$IMU,26861.059,-17.089,0.122,0.244,0.02441,1.00292,0.16210,28.43
$IMU,26861.061,-16.418,0.061,0.122,0.02050,1.00195,0.17236,28.42
$IMU,26861.064,-15.380,0.183,0.183,0.02148,1.00683,0.17431,28.42
$IMU,26861.066,-14.221,0.122,0.244,0.02050,0.99853,0.17333,28.42
$MAG,26861.067,-0.153,-0.516,-0.537,27.6
$IMU,26861.069,-13.244,0.122,0.244,0.01757,0.99609,0.17578,28.42
$IMU,26861.071,-12.390,0.000,0.122,0.01562,0.99707,0.17871,28.42
$IMU,26861.073,-11.352,0.061,0.000,0.01855,0.99707,0.17480,28.42
$IMU,26861.076,-10.437,0.061,-0.061,0.01562,0.99365,0.17382,28.42
$MAG,26861.077,-0.139,-0.516,-0.531,27.5
$IMU,26861.078,-9.521,0.000,-0.061,0.01953,0.99609,0.17724,28.42
$IMU,26861.080,-8.422,0.061,0.000,0.02050,0.99707,0.17675,28.45
$IMU,26861.083,-7.385,0.061,0.000,0.02246,0.99609,0.17675,28.45
$IMU,26861.085,-6.347,0.000,0.000,0.01855,0.99365,0.18017,28.45
$MAG,26861.087,-0.150,-0.513,-0.534,27.6
$IMU,26861.087,-5.310,0.000,0.000,0.02099,0.99804,0.17626,28.45
$IMU,26861.090,-4.272,0.000,-0.183,0.01855,0.99511,0.17724,28.45
$IMU,26861.092,-3.234,0.000,-0.305,0.01757,0.99316,0.17578,28.45
$IMU,26861.094,-2.197,0.000,-0.305,0.01416,0.99267,0.17626,28.45
$MAG,26861.097,-0.135,-0.522,-0.534,27.6
$IMU,26861.097,-1.098,0.000,-0.244,0.01464,0.99658,0.17529,28.45
$IMU,26861.099,0.000,-0.183,-0.244,0.01562,0.99804,0.17529,28.45
$IMU,26861.101,0.976,0.000,-0.122,0.01318,0.99414,0.17529,28.45
$IMU,26861.104,2.136,-0.244,-0.061,0.01660,0.99414,0.17626,28.45
$IMU,26861.106,3.112,-0.244,-0.122,0.01464,0.99414,0.17626,28.45
$MAG,26861.107,-0.145,-0.517,-0.534,27.5
$IMU,26861.108,4.150,-0.244,-0.122,0.02197,0.99267,0.17333,28.45
$IMU,26861.111,5.126,-0.244,-0.244,0.02001,0.99072,0.17480,28.45
$IMU,26861.113,6.103,-0.305,-0.244,0.01953,0.99267,0.17578,28.45
$IMU,26861.115,7.080,-0.183,-0.183,0.02099,0.99365,0.17626,28.45
$MAG,26861.117,-0.147,-0.523,-0.532,27.6
$IMU,26861.118,7.995,0.000,-0.244,0.01806,0.99511,0.17626,28.44
$IMU,26861.120,8.972,-0.122,-0.305,0.01806,1.00097,0.17431,28.44
$IMU,26861.122,10.009,-0.183,-0.244,0.01855,0.99804,0.17431,28.44
$IMU,26861.125,10.864,0.061,-0.305,0.01367,0.99755,0.17626,28.44
$MAG,26861.127,-0.144,-0.526,-0.531,27.6
$IMU,26861.127,12.023,-0.244,-0.488,0.01562,1.00097,0.17578,28.44
$IMU,26861.130,13.061,-0.244,-0.427,0.01660,0.99511,0.17529,28.44
$IMU,26861.132,14.099,-0.305,-0.427,0.01660,0.99755,0.17236,28.44
$IMU,26861.134,15.197,-0.244,-0.427,0.01611,0.99755,0.16748,28.44
$MAG,26861.137,-0.147,-0.523,-0.531,27.6
$IMU,26861.137,15.930,-0.305,-0.610,0.01611,1.00146,0.15917,28.43
$IMU,26861.139,16.052,-0.183,-0.671,0.01904,1.00585,0.15185,28.43
$IMU,26861.141,15.808,-0.305,-0.732,0.02197,1.00683,0.13964,28.43
$IMU,26861.144,15.075,-0.549,-0.915,0.01904,1.01269,0.12744,28.43
$IMU,26861.146,13.793,-0.366,-1.037,0.02294,1.01513,0.12304,28.43
$MAG,26861.147,-0.148,-0.528,-0.532,27.6
$IMU,26861.148,12.329,-0.122,-1.281,0.02539,1.01416,0.12207,28.43
$BARO,26861.151,86873.08,28.52
$IMU,26861.151,10.864,0.000,-1.647,0.02392,1.01318,0.12109,28.43
$IMU,26861.153,9.582,0.061,-1.831,0.01953,1.01416,0.12060,28.43
$IMU,26861.155,8.239,-0.061,-1.647,0.01464,1.00976,0.12158,28.47
$MAG,26861.158,-0.139,-0.520,-0.528,27.6
$IMU,26861.158,6.958,-0.061,-1.281,0.01025,1.00683,0.12304,28.47
$IMU,26861.160,5.798,-0.122,-0.732,0.00830,1.00781,0.12060,28.47
$IMU,26861.162,4.638,-0.061,-0.366,0.01220,1.00732,0.12207,28.47
$IMU,26861.165,3.417,-0.061,-0.183,0.01318,1.01074,0.12304,28.47
$IMU,26861.167,2.319,0.000,-0.305,0.01220,1.01416,0.12011,28.47
$MAG,26861.168,-0.148,-0.519,-0.526,27.7
$IMU,26861.169,1.037,0.000,-0.305,0.01562,1.01416,0.12011,28.47
$IMU,26861.172,-0.183,-0.244,-0.305,0.01708,1.01611,0.12207,28.47
$IMU,26861.174,-1.464,-0.122,-0.122,0.01855,1.01562,0.12304,28.45
$IMU,26861.176,-2.746,-0.061,0.122,0.02050,1.01953,0.12304,28.45
$MAG,26861.178,-0.142,-0.531,-0.531,27.5
$IMU,26861.179,-4.089,-0.122,0.488,0.01806,1.01367,0.12304,28.45
$IMU,26861.181,-5.432,0.061,0.671,0.01708,1.00976,0.12402,28.45
$IMU,26861.183,-6.591,-0.183,0.671,0.01757,1.00830,0.12207,28.45
$IMU,26861.186,-8.056,-0.061,0.610,0.01660,1.00781,0.12060,28.45
$MAG,26861.188,-0.156,-0.520,-0.525,27.6
$IMU,26861.188,-9.460,0.000,0.732,0.01220,1.00537,0.12255,28.45
$VBAT,26861.188,4.127
$IMU,26861.191,-10.742,0.000,0.793,0.01171,1.00683,0.12255,28.45
$IMU,26861.193,-12.023,0.000,1.159,0.01074,1.00732,0.12353,28.44
$IMU,26861.195,-13.305,-0.122,1.525,0.01171,1.01367,0.12792,28.44
$MAG,26861.198,-0.138,-0.523,-0.537,27.5
$IMU,26861.198,-14.465,0.061,1.708,0.01953,1.01318,0.12939,28.44
$IMU,26861.200,-15.075,0.000,1.098,0.02539,1.01513,0.13818,28.44
$IMU,26861.202,-15.319,0.244,0.366,0.02880,1.01269,0.15039,28.44
$IMU,26861.205,-15.075,0.244,-0.244,0.02685,1.00585,0.15966,28.44
$IMU,26861.207,-14.343,0.122,-0.427,0.02050,1.00146,0.16748,28.44
$MAG,26861.208,-0.139,-0.520,-0.531,27.6
$IMU,26861.209,-13.305,0.183,-0.122,0.01806,0.99902,0.17333,28.44
$IMU,26861.212,-12.207,0.061,0.366,0.01855,0.99707,0.17480,28.47
$IMU,26861.214,-11.230,0.000,0.427,0.01757,0.99365,0.17480,28.47
$IMU,26861.216,-10.314,0.061,0.305,0.02148,0.99609,0.17333,28.47
$MAG,26861.218,-0.144,-0.529,-0.523,27.5
$IMU,26861.219,-9.338,0.122,-0.122,0.01757,0.99609,0.17529,28.47
$IMU,26861.221,-8.300,0.122,-0.488,0.01806,0.99365,0.17431,28.47
$IMU,26861.223,-7.324,0.061,-0.549,0.01123,0.99414,0.17382,28.47
$IMU,26861.226,-6.286,0.000,-0.305,0.01513,0.99267,0.17529,28.47
$MAG,26861.228,-0.147,-0.529,-0.531,27.5
$IMU,26861.228,-5.371,0.000,0.000,0.01562,0.99316,0.17480,28.47
$IMU,26861.230,-4.272,0.000,0.244,0.01562,0.99169,0.17529,28.45
$IMU,26861.233,-3.295,-0.122,0.305,0.01513,0.99218,0.17675,28.45
$IMU,26861.235,-2.258,-0.061,-0.122,0.01904,0.99218,0.17431,28.45
$IMU,26861.237,-1.403,0.000,-0.488,0.01953,0.99267,0.17626,28.45
$MAG,26861.238,-0.136,-0.523,-0.541,27.5
$IMU,26861.240,-0.244,-0.122,-0.671,0.01562,0.99023,0.17578,28.45
$IMU,26861.242,0.854,-0.122,-0.671,0.01562,0.99169,0.17285,28.45
$IMU,26861.244,1.831,0.000,-0.305,0.01416,0.99072,0.17431,28.45
$IMU,26861.247,3.051,-0.122,0.122,0.01513,0.99853,0.17333,28.45
$MAG,26861.248,-0.147,-0.519,-0.529,27.6
$IMU,26861.249,4.089,-0.122,0.183,0.01513,0.99853,0.17480,28.45
$IMU,26861.252,5.187,-0.305,0.000,0.01806,0.99609,0.17578,28.45
$BARO,26861.253,86856.77,28.52
$IMU,26861.254,6.225,-0.061,-0.244,0.01708,0.99365,0.17333,28.45
$IMU,26861.256,7.202,-0.183,-0.427,0.01708,0.99121,0.17041,28.45
$MAG,26861.258,-0.142,-0.520,-0.528,27.6
$IMU,26861.259,8.239,-0.183,-0.549,0.01660,0.99462,0.17431,28.45
$IMU,26861.261,9.094,-0.183,-0.366,0.01708,0.99414,0.17187,28.45
$IMU,26861.263,10.253,-0.366,-0.122,0.01708,0.99609,0.17285,28.45
$IMU,26861.266,11.230,-0.366,0.000,0.02099,0.99755,0.17187,28.45
$MAG,26861.268,-0.148,-0.517,-0.532,27.3
$IMU,26861.268,12.145,-0.244,-0.061,0.02392,0.99755,0.17236,28.48
$IMU,26861.270,12.939,-0.183,-0.427,0.02343,1.00292,0.16601,28.48
$IMU,26861.273,13.366,-0.183,-0.793,0.02197,1.00244,0.15869,28.48
$IMU,26861.275,13.366,-0.061,-0.976,0.01660,1.00537,0.14648,28.48
$IMU,26861.277,13.122,-0.366,-0.854,0.01513,1.00830,0.13769,28.48
$MAG,26861.279,-0.150,-0.517,-0.531,27.6
$IMU,26861.280,12.329,-0.366,-0.610,0.01269,1.00683,0.13037,28.48
$IMU,26861.282,11.047,-0.122,-0.488,0.01562,1.00927,0.12207,28.48
$IMU,26861.284,9.887,-0.183,-0.610,0.02099,1.01220,0.12255,28.48
$IMU,26861.287,8.483,-0.183,-0.976,0.02636,1.01513,0.12353,28.44
$MAG,26861.289,-0.138,-0.517,-0.526,27.6
$IMU,26861.289,7.202,-0.122,-1.342,0.01855,1.01318,0.12207,28.44
$IMU,26861.291,5.920,-0.183,-1.464,0.01806,1.01269,0.12060,28.44
$IMU,26861.294,4.577,-0.183,-1.159,0.01367,1.01220,0.12402,28.44
$IMU,26861.296,3.417,-0.061,-0.549,0.01123,1.01464,0.12158,28.44
$IMU,26861.298,2.319,-0.122,0.061,0.01220,1.01171,0.12255,28.44
$MAG,26861.299,-0.139,-0.520,-0.525,27.6
$IMU,26861.301,1.098,-0.244,0.244,0.01464,1.01367,0.12451,28.44
$IMU,26861.303,-0.244,-0.183,0.183,0.01416,1.01367,0.12207,28.44
$IMU,26861.305,-1.770,0.183,0.000,0.01757,1.01464,0.12353,28.44
$IMU,26861.308,-3.051,-0.061,-0.122,0.01660,1.01318,0.12402,28.44
$MAG,26861.309,-0.150,-0.525,-0.535,27.7
$IMU,26861.310,-4.272,-0.061,0.000,0.01611,1.01171,0.12158,28.44
$IMU,26861.312,-5.554,-0.183,0.427,0.01416,1.00927,0.12353,28.44
$IMU,26861.315,-6.835,-0.305,0.793,0.01708,1.01367,0.12304,28.44
$IMU,26861.317,-8.300,0.122,1.159,0.01806,1.00878,0.12255,28.44
$MAG,26861.319,-0.144,-0.526,-0.540,27.6
$IMU,26861.320,-9.704,0.122,1.220,0.02099,1.00585,0.12158,28.44
$IMU,26861.322,-10.925,0.061,1.159,0.02392,1.01269,0.12695,28.44
$IMU,26861.324,-11.962,-0.061,0.610,0.02099,1.01318,0.13281,28.43
$IMU,26861.327,-12.756,-0.061,0.061,0.02441,1.00927,0.14160,28.43
$MAG,26861.329,-0.148,-0.520,-0.535,27.5
$IMU,26861.329,-13.122,0.183,-0.244,0.02099,1.00390,0.14843,28.43
$IMU,26861.331,-12.939,0.244,-0.183,0.02001,1.00390,0.15771,28.43
$IMU,26861.334,-12.329,0.122,0.122,0.01757,0.99902,0.16552,28.43
$IMU,26861.336,-11.230,-0.122,0.427,0.01806,1.00195,0.16943,28.43
$IMU,26861.338,-10.131,-0.183,0.366,0.02343,1.00000,0.17333,28.43
$MAG,26861.339,-0.141,-0.520,-0.528,27.5
$IMU,26861.341,-9.155,0.000,0.000,0.02197,0.99462,0.17333,28.43
$IMU,26861.343,-8.239,0.061,-0.488,0.01757,0.99609,0.17431,28.46
$IMU,26861.345,-7.263,0.061,-0.610,0.02001,0.99218,0.17333,28.46
$IMU,26861.348,-6.408,0.122,-0.549,0.01562,0.99316,0.17431,28.46
$MAG,26861.349,-0.139,-0.520,-0.532,27.5
$IMU,26861.350,-5.310,-0.122,-0.244,0.01708,0.99169,0.17333,28.46
$IMU,26861.352,-4.333,-0.122,0.000,0.01513,0.99560,0.17382,28.46
$BARO,26861.354,86866.69,28.52
$IMU,26861.355,-3.295,-0.061,0.122,0.02148,0.99609,0.17431,28.46
$IMU,26861.357,-2.319,0.000,0.000,0.01806,0.99560,0.17431,28.46
$MAG,26861.359,-0.145,-0.523,-0.538,27.6
$IMU,26861.359,-1.403,0.061,-0.305,0.02099,0.99316,0.17431,28.46
$IMU,26861.362,-0.305,-0.061,-0.610,0.01660,0.99365,0.17480,28.48
$IMU,26861.364,0.671,-0.122,-0.610,0.01464,0.99511,0.17138,28.48
$IMU,26861.366,1.770,-0.061,-0.366,0.01318,0.99218,0.17333,28.48
$MAG,26861.369,-0.144,-0.522,-0.546,27.6
$IMU,26861.369,2.685,0.000,-0.061,0.00927,0.99218,0.17382,28.48
$IMU,26861.371,3.906,-0.244,0.000,0.01318,0.99511,0.17626,28.48
$IMU,26861.373,5.065,-0.366,0.000,0.01708,0.99804,0.17138,28.48
$IMU,26861.376,6.103,-0.122,-0.183,0.01855,0.99707,0.17138,28.48
$IMU,26861.378,7.202,-0.366,-0.549,0.02050,0.99560,0.17285,28.48
$MAG,26861.379,-0.144,-0.519,-0.526,27.6
$IMU,26861.381,8.178,-0.305,-0.488,0.01904,0.99658,0.17285,28.42
$IMU,26861.383,9.155,-0.122,-0.366,0.01513,0.99560,0.17041,28.42
$IMU,26861.385,10.253,-0.244,-0.183,0.01953,0.99804,0.16650,28.42
$IMU,26861.388,10.803,-0.244,-0.122,0.02148,0.99658,0.15966,28.42
$MAG,26861.390,-0.144,-0.523,-0.525,27.6
$IMU,26861.390,11.047,0.000,-0.122,0.02246,1.00341,0.15429,28.42
$IMU,26861.392,11.047,-0.122,-0.427,0.02246,1.00341,0.14892,28.42
$IMU,26861.395,10.498,-0.061,-0.610,0.02099,1.00537,0.14160,28.42
$IMU,26861.397,9.887,-0.122,-0.732,0.01708,1.00830,0.13427,28.42
$IMU,26861.399,8.850,-0.122,-0.671,0.01806,1.00927,0.12988,28.44
$MAG,26861.400,-0.139,-0.523,-0.528,27.6
$IMU,26861.402,7.751,-0.305,-0.549,0.01367,1.01171,0.12353,28.44
$IMU,26861.404,6.469,-0.183,-0.305,0.01513,1.01464,0.12402,28.44
$IMU,26861.406,5.065,-0.061,-0.427,0.01708,1.01416,0.11962,28.44
$IMU,26861.409,3.784,-0.122,-0.610,0.01660,1.01074,0.12207,28.44
$MAG,26861.410,-0.147,-0.526,-0.532,27.6
$IMU,26861.411,2.502,-0.122,-0.671,0.01660,1.01367,0.12353,28.44
$IMU,26861.413,1.342,-0.427,-0.427,0.01171,1.01220,0.12158,28.44
$IMU,26861.416,0.000,-0.244,-0.122,0.01025,1.01318,0.12304,28.44
$IMU,26861.418,-1.220,-0.183,0.244,0.01416,1.00927,0.12304,28.42
$MAG,26861.420,-0.151,-0.523,-0.526,27.5
$IMU,26861.420,-2.563,-0.122,0.549,0.01269,1.01220,0.12255,28.42
$IMU,26861.423,-3.845,-0.183,0.671,0.01855,1.01318,0.12207,28.42
$IMU,26861.425,-5.126,-0.183,0.671,0.01953,1.01367,0.12402,28.42
$IMU,26861.427,-6.530,-0.122,0.610,0.02001,1.01660,0.12451,28.42
$IMU,26861.430,-7.934,0.000,0.488,0.02050,1.01367,0.12792,28.42
$MAG,26861.430,-0.138,-0.528,-0.531,27.3
$IMU,26861.432,-9.033,-0.061,0.305,0.02441,1.01416,0.13378,28.42
$IMU,26861.434,-9.887,0.183,0.183,0.02392,1.01171,0.13720,28.42
$IMU,26861.437,-10.253,0.061,0.183,0.02343,1.00683,0.14794,28.45
$IMU,26861.439,-10.375,0.000,0.122,0.02148,1.00195,0.15136,28.45
$MAG,26861.440,-0.151,-0.523,-0.531,27.6
$IMU,26861.442,-10.131,0.183,0.183,0.02197,1.00390,0.15917,28.45
$IMU,26861.444,-9.582,0.122,0.000,0.02148,1.00048,0.16406,28.45
$IMU,26861.446,-8.911,0.305,-0.183,0.02148,1.00244,0.16650,28.45
$IMU,26861.449,-7.873,0.183,-0.305,0.01904,0.99658,0.17187,28.45
$MAG,26861.450,-0.141,-0.522,-0.537,27.6
$IMU,26861.451,-6.713,0.000,-0.366,0.01464,0.99804,0.17285,28.45
$IMU,26861.453,-5.798,0.183,-0.366,0.01464,0.99707,0.17480,28.45
$BARO,26861.456,86864.43,28.53
$IMU,26861.456,-4.760,0.061,-0.366,0.01416,0.99462,0.17138,28.42
$IMU,26861.458,-3.662,0.061,-0.244,0.01708,0.99267,0.17333,28.42
$MAG,26861.460,-0.142,-0.520,-0.538,27.5
$IMU,26861.460,-2.441,0.000,-0.244,0.02050,0.99267,0.17480,28.42
$IMU,26861.463,-1.525,-0.122,-0.305,0.02099,0.99023,0.17236,28.42
$IMU,26861.465,-0.549,0.000,-0.366,0.01953,0.99023,0.17236,28.42
$IMU,26861.467,0.366,-0.061,-0.488,0.01904,0.99218,0.17138,28.42
$MAG,26861.470,-0.147,-0.517,-0.538,27.6
$IMU,26861.470,1.342,-0.122,-0.488,0.01708,0.99072,0.17431,28.42
$IMU,26861.472,2.441,-0.061,-0.488,0.01855,0.99511,0.17041,28.42
$IMU,26861.474,3.356,-0.061,-0.366,0.01318,0.99560,0.17285,28.43
$IMU,26861.477,4.394,-0.122,-0.366,0.01562,0.99560,0.16943,28.43
$IMU,26861.479,5.615,-0.366,-0.305,0.01269,0.99462,0.17187,28.43
$MAG,26861.480,-0.135,-0.514,-0.534,27.6
$IMU,26861.481,6.469,-0.122,-0.305,0.01220,0.99755,0.17089,28.43
$IMU,26861.484,7.202,-0.122,-0.305,0.01611,0.99658,0.16552,28.43
$IMU,26861.486,7.934,-0.122,-0.427,0.01367,0.99755,0.16113,28.43
$IMU,26861.488,8.300,-0.122,-0.305,0.01416,0.99902,0.15478,28.43
$MAG,26861.490,-0.147,-0.520,-0.526,27.5
$IMU,26861.491,8.483,-0.305,-0.366,0.01562,1.00537,0.14941,28.43
$IMU,26861.493,8.300,-0.488,-0.366,0.01562,1.00634,0.14501,28.41
$IMU,26861.495,7.690,-0.183,-0.244,0.01464,1.00537,0.13916,28.41
$IMU,26861.498,6.835,-0.061,-0.122,0.01708,1.00927,0.13720,28.41
$IMU,26861.500,6.042,-0.183,-0.244,0.01757,1.00878,0.13134,28.41
$MAG,26861.501,-0.150,-0.513,-0.531,27.6
$HUM,26861.502,34.4,28.9
$IMU,26861.503,5.065,-0.305,-0.183,0.01562,1.00927,0.12890,28.41
$IMU,26861.505,3.784,-0.183,-0.183,0.01611,1.01464,0.12402,28.41
$IMU,26861.507,2.441,-0.244,-0.061,0.01660,1.01757,0.12451,28.41
$IMU,26861.510,1.220,-0.183,0.061,0.01757,1.01611,0.12744,28.41
$MAG,26861.511,-0.142,-0.523,-0.528,27.6
$IMU,26861.512,-0.183,-0.061,0.183,0.01611,1.01367,0.12548,28.43
$IMU,26861.514,-1.403,-0.122,0.305,0.01757,1.01416,0.12451,28.43
$IMU,26861.517,-2.563,-0.244,0.366,0.01562,1.01171,0.12353,28.43
$IMU,26861.519,-3.723,-0.122,0.427,0.01855,1.01171,0.12695,28.43
$MAG,26861.521,-0.144,-0.525,-0.531,27.6
$IMU,26861.521,-4.699,-0.061,0.366,0.02197,1.01513,0.13232,28.43
$IMU,26861.524,-5.676,0.122,0.305,0.02099,1.01660,0.13281,28.43
$IMU,26861.526,-6.347,0.000,0.244,0.02050,1.00927,0.13867,28.43
$IMU,26861.528,-6.896,-0.061,0.183,0.02099,1.01074,0.14306,28.43
$IMU,26861.531,-7.141,0.000,0.183,0.02050,1.01074,0.14746,28.44
$MAG,26861.531,-0.142,-0.526,-0.537,27.5
$IMU,26861.533,-7.202,0.122,0.122,0.01904,1.00976,0.15185,28.44
$IMU,26861.535,-7.019,0.061,0.061,0.02294,1.00830,0.15576,28.44
$IMU,26861.538,-6.713,0.183,-0.122,0.02441,1.00000,0.15820,28.44
$IMU,26861.540,-6.164,0.061,-0.183,0.02246,0.99755,0.16552,28.44
$MAG,26861.541,-0.144,-0.528,-0.522,27.6
$IMU,26861.542,-5.493,0.000,-0.305,0.02001,0.99707,0.16894,28.44
$IMU,26861.545,-4.638,0.061,-0.366,0.01904,0.99609,0.16650,28.44
$IMU,26861.547,-3.784,0.122,-0.427,0.02197,0.99658,0.17285,28.44
$IMU,26861.549,-2.746,-0.061,-0.366,0.02050,0.99365,0.17089,28.46
$MAG,26861.551,-0.144,-0.514,-0.532,27.5
$IMU,26861.552,-1.708,-0.061,-0.488,0.01953,0.99267,0.17138,28.46
$IMU,26861.554,-0.671,-0.061,-0.488,0.01708,0.99511,0.17236,28.46
$IMU,26861.556,0.366,-0.183,-0.549,0.01708,0.99218,0.17333,28.46
$BARO,26861.557,86869.52,28.52
$IMU,26861.559,1.159,0.000,-0.671,0.02099,0.98974,0.16943,28.46
$MAG,26861.561,-0.138,-0.513,-0.531,27.6
$IMU,26861.561,2.075,0.000,-0.549,0.01318,0.99023,0.16748,28.46
$IMU,26861.564,2.990,0.000,-0.549,0.01708,0.99072,0.16992,28.46
$IMU,26861.566,3.784,-0.305,-0.488,0.01708,0.99560,0.16552,28.46
$IMU,26861.568,4.333,-0.244,-0.610,0.01708,0.99414,0.16064,28.46
$MAG,26861.571,-0.144,-0.519,-0.531,27.6
$IMU,26861.571,4.821,-0.183,-0.549,0.01562,0.99462,0.15576,28.46
$IMU,26861.573,5.126,-0.183,-0.488,0.01757,0.99511,0.15771,28.46
$IMU,26861.575,5.187,-0.122,-0.427,0.01464,1.00244,0.15283,28.46
$IMU,26861.578,5.065,-0.061,-0.366,0.01416,1.00439,0.14746,28.46
$IMU,26861.580,4.760,0.000,-0.305,0.01416,1.00146,0.14648,28.46
$MAG,26861.581,-0.144,-0.522,-0.529,27.5
$IMU,26861.582,4.455,-0.244,-0.183,0.01269,1.00585,0.14257,28.46
$IMU,26861.585,3.906,-0.122,-0.183,0.01562,1.00781,0.13769,28.46
$IMU,26861.587,3.295,-0.244,-0.061,0.01660,1.00585,0.13769,28.47
$IMU,26861.589,2.502,-0.122,0.000,0.01416,1.01025,0.13671,28.47
$MAG,26861.591,-0.139,-0.522,-0.528,27.6
$IMU,26861.592,1.770,-0.305,0.061,0.01367,1.01171,0.13232,28.47
$IMU,26861.594,0.854,-0.122,0.061,0.01367,1.01416,0.13281,28.47
$IMU,26861.596,-0.122,-0.183,0.122,0.01416,1.01416,0.13476,28.47
$IMU,26861.599,-1.037,-0.061,0.244,0.01562,1.00976,0.13525,28.47
$MAG,26861.601,-0.145,-0.526,-0.529,27.6
$IMU,26861.601,-1.831,-0.061,0.366,0.01660,1.01464,0.13720,28.47
$IMU,26861.603,-2.624,0.061,0.366,0.01757,1.01269,0.14062,28.47
$IMU,26861.606,-3.112,-0.061,0.366,0.01855,1.00976,0.14111,28.45
$IMU,26861.608,-3.540,0.000,0.366,0.02343,1.00927,0.14208,28.45
$IMU,26861.610,-4.211,0.244,0.305,0.01953,1.01025,0.14111,28.45
$MAG,26861.612,-0.141,-0.520,-0.535,27.6
$IMU,26861.613,-4.455,0.244,0.244,0.01757,1.00830,0.14355,28.45
$IMU,26861.615,-4.577,0.122,0.244,0.02197,1.00927,0.14941,28.45
$IMU,26861.617,-4.516,0.000,0.122,0.02490,1.00439,0.15527,28.45
$IMU,26861.620,-4.272,-0.061,0.061,0.02539,1.00341,0.15527,28.45
$MAG,26861.622,-0.147,-0.522,-0.534,27.6
$IMU,26861.622,-3.967,0.061,0.000,0.02587,1.00146,0.15820,28.45
$IMU,26861.625,-3.662,0.244,-0.122,0.02197,0.99853,0.16357,28.46
$IMU,26861.627,-3.112,0.061,-0.183,0.02246,0.99902,0.16162,28.46
$IMU,26861.629,-2.502,0.122,-0.366,0.01855,0.99902,0.16455,28.46
$MAG,26861.632,-0.142,-0.516,-0.531,27.6
$IMU,26861.632,-1.770,-0.183,-0.366,0.02148,0.99853,0.16455,28.46
$IMU,26861.634,-1.037,-0.305,-0.427,0.01904,0.99609,0.16796,28.46
$IMU,26861.636,-0.549,0.183,-0.427,0.01953,0.99658,0.16650,28.46
$IMU,26861.639,0.183,0.000,-0.488,0.01953,0.99609,0.16503,28.46
$IMU,26861.641,0.793,0.061,-0.549,0.01904,0.99707,0.16308,28.46
$MAG,26861.642,-0.141,-0.531,-0.528,27.6
$IMU,26861.643,1.525,-0.061,-0.549,0.01708,0.99609,0.16503,28.47
$IMU,26861.646,2.075,-0.244,-0.610,0.01708,0.99658,0.16113,28.47
$IMU,26861.648,2.380,-0.122,-0.732,0.01904,0.99755,0.16015,28.47
$IMU,26861.650,2.624,0.000,-0.671,0.01367,0.99658,0.15576,28.47
$MAG,26861.652,-0.141,-0.519,-0.525,27.6
$IMU,26861.653,2.868,-0.122,-0.549,0.01367,1.00097,0.15234,28.47
$IMU,26861.655,2.990,-0.183,-0.488,0.01611,1.00244,0.15429,28.47
$IMU,26861.657,2.990,-0.061,-0.427,0.01660,1.00195,0.15283,28.47
$BARO,26861.659,86872.08,28.52
$IMU,26861.660,2.868,-0.183,-0.427,0.01562,1.00000,0.14746,28.47
$MAG,26861.662,-0.148,-0.523,-0.535,27.6
$IMU,26861.662,2.563,-0.122,-0.366,0.01611,1.00341,0.14306,28.48
$IMU,26861.664,2.136,0.061,-0.244,0.01513,1.00195,0.14111,28.48
$IMU,26861.667,1.770,0.000,-0.244,0.01464,1.00488,0.14062,28.48
$IMU,26861.669,1.342,-0.122,-0.122,0.01416,1.00537,0.14111,28.48
$IMU,26861.671,0.854,-0.183,0.000,0.01367,1.00830,0.13867,28.48
$MAG,26861.672,-0.145,-0.517,-0.528,27.6
$IMU,26861.674,0.366,-0.183,0.061,0.01464,1.00830,0.13964,28.48
$IMU,26861.676,-0.244,-0.061,0.061,0.01269,1.00927,0.14013,28.48
$IMU,26861.678,-0.976,0.183,0.061,0.01806,1.00878,0.14160,28.48
$IMU,26861.681,-1.342,0.061,0.122,0.01806,1.00634,0.14306,28.45
$MAG,26861.682,-0.147,-0.526,-0.526,27.6
$IMU,26861.683,-1.770,-0.061,0.183,0.01611,1.00634,0.14404,28.45
$IMU,26861.685,-2.136,-0.183,0.244,0.01513,1.01025,0.14453,28.45
$IMU,26861.688,-2.502,0.061,0.366,0.01611,1.00781,0.14794,28.45
$IMU,26861.690,-2.746,0.000,0.305,0.02050,1.00537,0.14941,28.45
$MAG,26861.692,-0.142,-0.526,-0.538,27.6
$IMU,26861.693,-2.868,0.000,0.305,0.02001,1.00439,0.15039,28.45
$IMU,26861.695,-2.868,0.000,0.244,0.01953,1.00488,0.15283,28.45
$IMU,26861.697,-2.746,-0.122,0.122,0.02099,1.00488,0.15185,28.45
$IMU,26861.700,-2.441,-0.244,0.000,0.01855,1.00341,0.15527,28.42
$MAG,26861.702,-0.147,-0.525,-0.534,27.5
$IMU,26861.702,-2.441,0.061,0.000,0.02001,1.00390,0.15576,28.42
$IMU,26861.704,-2.014,0.000,0.061,0.02197,1.00292,0.15966,28.42
$IMU,26861.707,-1.647,-0.061,0.061,0.02001,1.00244,0.16113,28.42
$IMU,26861.709,-1.220,-0.122,-0.061,0.02148,1.00048,0.16064,28.42
$IMU,26861.711,-0.854,0.000,-0.122,0.02148,0.99902,0.16113,28.42
$MAG,26861.712,-0.144,-0.520,-0.531,27.5
$IMU,26861.714,-0.366,-0.183,-0.244,0.02490,0.99951,0.16064,28.42
$IMU,26861.716,0.061,-0.061,-0.366,0.02001,0.99951,0.16113,28.42
$IMU,26861.718,0.549,0.000,-0.427,0.02001,1.00048,0.16162,28.46
$IMU,26861.721,0.915,-0.244,-0.488,0.02148,1.00146,0.15966,28.46
$MAG,26861.723,-0.145,-0.519,-0.526,27.6
$IMU,26861.723,1.342,-0.305,-0.427,0.01953,1.00195,0.15625,28.46
$IMU,26861.725,1.525,0.000,-0.427,0.01855,0.99902,0.15332,28.46
$IMU,26861.728,1.647,0.061,-0.488,0.02001,1.00000,0.15332,28.46
$IMU,26861.730,1.831,-0.122,-0.549,0.01904,1.00244,0.15332,28.46
$IMU,26861.732,1.892,-0.122,-0.488,0.01708,1.00341,0.15185,28.46
$MAG,26861.733,-0.148,-0.520,-0.523,27.5
$IMU,26861.735,1.831,-0.122,-0.488,0.01562,1.00439,0.14941,28.46
$IMU,26861.737,1.708,-0.244,-0.488,0.01757,1.00439,0.14746,28.43
$IMU,26861.739,1.464,-0.061,-0.366,0.01562,1.00439,0.14599,28.43
$IMU,26861.742,1.098,0.061,-0.305,0.01660,1.00488,0.14550,28.43
$MAG,26861.743,-0.145,-0.528,-0.537,27.6
$IMU,26861.744,0.854,-0.061,-0.366,0.01660,1.00292,0.14648,28.43
$IMU,26861.747,0.671,-0.244,-0.244,0.01562,1.00537,0.14355,28.43
$IMU,26861.749,0.244,-0.061,-0.183,0.01269,1.00732,0.14306,28.43
$IMU,26861.751,-0.183,-0.244,-0.122,0.01464,1.00634,0.14306,28.43
$MAG,26861.753,-0.145,-0.523,-0.532,27.6
$IMU,26861.754,-0.549,-0.061,-0.061,0.01660,1.00683,0.14355,28.43
$IMU,26861.756,-0.793,-0.061,0.000,0.01611,1.00683,0.14746,28.48
$IMU,26861.758,-1.220,-0.061,0.061,0.01611,1.00634,0.14306,28.48
$BARO,26861.760,86874.84,28.53
$IMU,26861.761,-1.464,-0.122,0.061,0.01953,1.00683,0.14648,28.48
$MAG,26861.763,-0.144,-0.520,-0.522,27.6
$IMU,26861.763,-1.708,0.000,0.000,0.01953,1.00488,0.14941,28.48
$IMU,26861.765,-2.075,0.305,0.000,0.01904,1.00537,0.14746,28.48
$IMU,26861.768,-2.014,0.000,0.061,0.01904,1.00390,0.14892,28.48
$IMU,26861.770,-1.892,-0.122,0.061,0.01806,1.00634,0.15332,28.48
$IMU,26861.772,-1.892,-0.183,0.122,0.01757,1.00390,0.15478,28.48
$MAG,26861.773,-0.148,-0.523,-0.534,27.6
$IMU,26861.775,-1.831,-0.061,0.000,0.01904,1.00341,0.15527,28.45
$IMU,26861.777,-1.708,0.000,0.061,0.02099,1.00439,0.15478,28.45
$IMU,26861.779,-1.525,-0.122,0.000,0.01904,1.00146,0.15722,28.45
$IMU,26861.782,-1.220,0.000,-0.122,0.02099,1.00000,0.15820,28.45
$MAG,26861.783,-0.141,-0.526,-0.534,27.6
$IMU,26861.784,-0.976,-0.122,-0.183,0.02050,1.00048,0.15527,28.45
$IMU,26861.786,-0.549,-0.244,-0.183,0.02099,0.99755,0.15869,28.45
$IMU,26861.789,-0.427,-0.061,-0.244,0.02148,1.00048,0.15917,28.45
$IMU,26861.791,-0.061,-0.122,-0.183,0.02148,0.99951,0.15429,28.45
$MAG,26861.793,-0.141,-0.526,-0.528,27.5
$IMU,26861.793,0.244,-0.061,-0.244,0.01904,0.99804,0.15722,28.46
$IMU,26861.796,0.488,-0.183,-0.244,0.02050,1.00146,0.15771,28.46
$IMU,26861.798,0.793,-0.305,-0.305,0.01757,1.00000,0.15576,28.46
$IMU,26861.800,1.037,-0.244,-0.305,0.02001,1.00146,0.15332,28.46
$MAG,26861.803,-0.147,-0.517,-0.531,27.5
$IMU,26861.803,1.037,0.061,-0.366,0.02001,1.00390,0.15380,28.46
$IMU,26861.805,1.098,0.061,-0.427,0.01562,1.00439,0.15332,28.46
$IMU,26861.807,1.159,0.000,-0.366,0.01464,1.00341,0.14990,28.46
$IMU,26861.810,1.220,0.061,-0.427,0.01660,1.00585,0.15087,28.46
$IMU,26861.812,1.220,-0.122,-0.366,0.01904,1.00292,0.14990,28.48
$MAG,26861.813,-0.144,-0.531,-0.529,27.6
$IMU,26861.815,1.037,-0.122,-0.305,0.01904,1.00195,0.14941,28.48
$IMU,26861.817,0.915,-0.122,-0.305,0.01757,1.00537,0.14843,28.48
$IMU,26861.819,0.488,0.122,-0.366,0.01855,1.00634,0.14648,28.48
$IMU,26861.822,0.488,-0.183,-0.305,0.01562,1.00732,0.14746,28.48
$MAG,26861.823,-0.141,-0.520,-0.526,27.6
$IMU,26861.824,0.183,-0.061,-0.183,0.01513,1.00634,0.14648,28.48
$IMU,26861.826,0.000,-0.122,-0.244,0.01416,1.00634,0.14355,28.48
$IMU,26861.829,-0.366,0.000,-0.061,0.01416,1.00488,0.14404,28.48
$IMU,26861.831,-0.732,0.122,0.000,0.01513,1.00488,0.14501,28.46
$MAG,26861.833,-0.147,-0.516,-0.534,27.5
$IMU,26861.833,-0.976,-0.061,0.000,0.01416,1.00390,0.14697,28.46
$IMU,26861.836,-1.159,-0.122,0.000,0.01464,1.00439,0.14843,28.46
$IMU,26861.838,-1.281,0.000,-0.061,0.01953,1.00488,0.14746,28.46
$IMU,26861.840,-1.403,-0.244,0.000,0.02099,1.00537,0.14892,28.46
$IMU,26861.843,-1.586,0.000,0.000,0.01611,1.00537,0.14843,28.46
$MAG,26861.844,-0.144,-0.514,-0.528,27.6
$IMU,26861.845,-1.586,0.061,0.000,0.01855,1.00683,0.14990,28.46
$IMU,26861.847,-1.525,-0.244,0.000,0.01904,1.00000,0.15283,28.46
$IMU,26861.850,-1.403,-0.305,0.000,0.01953,1.00390,0.15576,28.44
$IMU,26861.852,-1.464,-0.122,-0.061,0.01904,1.00195,0.15722,28.44
$MAG,26861.854,-0.147,-0.522,-0.534,27.6
$IMU,26861.854,-1.342,-0.061,-0.122,0.01855,1.00488,0.15429,28.44
$IMU,26861.857,-1.098,0.000,-0.122,0.01806,1.00488,0.15576,28.44
$IMU,26861.859,-0.915,-0.061,-0.122,0.01904,1.00048,0.15527,28.44
$BARO,26861.861,86856.21,28.52
$IMU,26861.861,-0.671,0.122,-0.122,0.01904,1.00000,0.15576,28.44
$MAG,26861.864,-0.153,-0.529,-0.534,27.6
$IMU,26861.864,-0.366,0.000,-0.183,0.01855,0.99902,0.15576,28.44
$IMU,26861.866,-0.244,0.061,-0.183,0.02050,1.00341,0.15625,28.44
$IMU,26861.868,0.061,-0.061,-0.244,0.01904,1.00048,0.15625,28.45
$IMU,26861.871,0.305,-0.061,-0.244,0.01855,1.00146,0.15625,28.45
$IMU,26861.873,0.427,-0.122,-0.244,0.01757,1.00146,0.15478,28.45
$MAG,26861.874,-0.142,-0.523,-0.537,27.6
$IMU,26861.876,0.671,-0.183,-0.244,0.01708,1.00292,0.15429,28.45
$IMU,26861.878,0.915,-0.183,-0.244,0.01855,1.00195,0.15283,28.45
$IMU,26861.880,0.976,-0.244,-0.305,0.01953,0.99951,0.15429,28.45
$IMU,26861.883,0.976,0.000,-0.244,0.01464,0.99853,0.15429,28.45
$MAG,26861.884,-0.151,-0.519,-0.525,27.6
$IMU,26861.885,0.915,-0.122,-0.305,0.01464,1.00195,0.15136,28.45
$IMU,26861.887,0.976,-0.305,-0.305,0.01806,1.00390,0.15185,28.43
$IMU,26861.890,0.793,-0.122,-0.305,0.01660,1.00585,0.14892,28.43
$IMU,26861.892,0.610,-0.061,-0.244,0.01416,1.00634,0.14599,28.43
$MAG,26861.894,-0.142,-0.520,-0.535,27.6
$IMU,26861.894,0.366,0.122,-0.244,0.01757,1.00732,0.14648,28.43
$IMU,26861.897,0.366,-0.061,-0.244,0.01708,1.00781,0.14599,28.43
$IMU,26861.899,0.183,-0.183,-0.244,0.01562,1.00634,0.14941,28.43
$IMU,26861.901,-0.061,-0.122,-0.183,0.01611,1.00683,0.14501,28.43
$MAG,26861.904,-0.144,-0.522,-0.535,27.6
$IMU,26861.904,-0.305,-0.061,-0.061,0.01757,1.00537,0.14648,28.43
$IMU,26861.906,-0.610,0.061,0.000,0.01464,1.00732,0.14746,28.46
$IMU,26861.908,-0.793,0.061,0.000,0.01708,1.00537,0.14990,28.46
$IMU,26861.911,-0.915,-0.122,0.000,0.02050,1.00390,0.14941,28.46
$IMU,26861.913,-1.037,-0.061,-0.061,0.01953,1.00537,0.14843,28.46
$MAG,26861.914,-0.136,-0.520,-0.529,27.6
$IMU,26861.915,-1.159,-0.122,-0.122,0.01708,1.00537,0.14843,28.46
$IMU,26861.918,-1.281,0.061,-0.061,0.01660,1.00048,0.14746,28.46
$IMU,26861.920,-1.403,0.183,0.000,0.01904,1.00390,0.15039,28.46
$IMU,26861.922,-1.342,0.000,0.000,0.01513,1.00097,0.15332,28.46
$MAG,26861.924,-0.145,-0.514,-0.526,27.6
$IMU,26861.925,-1.281,-0.061,-0.061,0.02050,1.00439,0.15429,28.48
$IMU,26861.927,-1.281,0.000,0.000,0.01904,1.00341,0.15429,28.48
$IMU,26861.929,-1.037,0.000,-0.061,0.01855,1.00244,0.15332,28.48
$IMU,26861.932,-0.976,0.122,-0.122,0.01806,0.99902,0.15429,28.48
$MAG,26861.934,-0.150,-0.528,-0.529,27.6
$IMU,26861.934,-0.854,0.000,-0.183,0.01660,1.00048,0.15478,28.48
$IMU,26861.937,-0.671,0.061,-0.122,0.01904,1.00097,0.15576,28.48
$IMU,26861.939,-0.366,-0.244,-0.183,0.02001,1.00244,0.15234,28.48
$IMU,26861.941,-0.122,-0.183,-0.183,0.01806,1.00195,0.15625,28.48
$MAG,26861.944,-0.133,-0.520,-0.532,27.5
$IMU,26861.944,-0.061,-0.122,-0.183,0.01953,1.00292,0.15673,28.44
$IMU,26861.946,0.244,-0.183,-0.183,0.01611,1.00390,0.15283,28.44
$IMU,26861.948,0.427,-0.122,-0.305,0.01708,1.00341,0.15185,28.44
$IMU,26861.951,0.610,-0.244,-0.305,0.01855,1.00292,0.15283,28.44
$IMU,26861.953,0.671,-0.366,-0.305,0.01806,1.00244,0.15283,28.44
$MAG,26861.955,-0.138,-0.520,-0.523,27.6
$IMU,26861.955,0.671,-0.183,-0.183,0.02197,1.00244,0.14892,28.44
$IMU,26861.958,0.610,-0.061,-0.244,0.01757,1.00244,0.15283,28.44
$IMU,26861.960,0.610,-0.061,-0.244,0.01757,1.00683,0.15039,28.44
$IMU,26861.962,0.671,-0.244,-0.183,0.01708,1.00292,0.14990,28.47
$BARO,26861.963,86864.94,28.51
$MAG,26861.965,-0.147,-0.525,-0.534,27.7
$IMU,26861.965,0.732,-0.366,-0.183,0.01611,1.00488,0.14941,28.47
$IMU,26861.967,0.427,-0.122,-0.244,0.02001,1.00537,0.14697,28.47
$IMU,26861.969,0.366,-0.183,-0.305,0.01757,1.00292,0.14892,28.47
$IMU,26861.972,0.000,0.122,-0.061,0.01855,1.00488,0.14697,28.47
$IMU,26861.974,-0.122,0.061,-0.122,0.01562,1.00292,0.14746,28.47
$MAG,26861.975,-0.144,-0.534,-0.529,27.6
$IMU,26861.976,-0.122,-0.183,-0.122,0.01611,1.00488,0.14892,28.47
$IMU,26861.979,-0.366,-0.061,-0.122,0.01757,1.00244,0.14892,28.47
$IMU,26861.981,-0.549,-0.061,-0.244,0.02001,1.00244,0.14892,28.48
$IMU,26861.983,-0.671,-0.122,-0.122,0.02197,1.00439,0.15185,28.48
$MAG,26861.985,-0.150,-0.514,-0.523,27.6
$IMU,26861.986,-0.854,0.000,-0.061,0.01269,1.00488,0.14746,28.48
$IMU,26861.988,-0.976,0.061,-0.122,0.01171,1.00585,0.15039,28.48
$IMU,26861.990,-1.037,-0.061,-0.122,0.01855,1.00292,0.15039,28.48
$IMU,26861.993,-0.976,-0.244,-0.061,0.01708,1.00341,0.14941,28.48
$MAG,26861.995,-0.136,-0.520,-0.532,27.6
$IMU,26861.995,-1.098,-0.061,-0.122,0.02001,1.00341,0.15039,28.48
$IMU,26861.998,-1.159,0.000,-0.122,0.01660,1.00390,0.15136,28.48
$IMU,26862.000,-1.037,0.000,-0.122,0.01660,1.00439,0.15283,28.42
$IMU,26862.002,-0.854,-0.061,-0.122,0.01904,1.00048,0.15429,28.42
$MAG,26862.005,-0.136,-0.513,-0.531,27.6
$IMU,26862.005,-0.732,-0.244,-0.183,0.01757,1.00048,0.15722,28.42
$IMU,26862.007,-0.732,-0.061,-0.122,0.01904,1.00585,0.15576,28.42
$IMU,26862.009,-0.610,0.000,-0.122,0.01562,1.00390,0.15234,28.42
$IMU,26862.012,-0.427,-0.061,-0.183,0.02001,0.99951,0.15625,28.42
$IMU,26862.014,-0.305,0.000,-0.183,0.01904,1.00390,0.15429,28.42
$MAG,26862.015,-0.147,-0.525,-0.535,27.6
$IMU,26862.016,0.000,-0.244,-0.183,0.02001,1.00292,0.15625,28.42
$IMU,26862.019,0.183,-0.366,-0.244,0.01806,1.00195,0.15429,28.44
$IMU,26862.021,0.122,-0.061,-0.183,0.01904,1.00146,0.15234,28.44
$IMU,26862.023,0.244,0.000,-0.183,0.01611,1.00292,0.15576,28.44
$MAG,26862.025,-0.142,-0.528,-0.534,27.6
$IMU,26862.026,0.366,-0.183,-0.244,0.01611,1.00683,0.15234,28.44
$IMU,26862.028,0.488,-0.183,-0.183,0.01855,1.00097,0.15283,28.44
$IMU,26862.030,0.488,-0.061,-0.244,0.01855,0.99951,0.15136,28.44
$IMU,26862.033,0.488,0.000,-0.305,0.01953,1.00488,0.15087,28.44
$MAG,26862.035,-0.138,-0.519,-0.529,27.6
$IMU,26862.035,0.488,-0.061,-0.244,0.01611,1.00292,0.14941,28.44
$IMU,26862.037,0.427,-0.061,-0.183,0.01464,1.00488,0.15039,28.44
$IMU,26862.040,0.488,-0.244,-0.183,0.01513,1.00683,0.15039,28.44
$IMU,26862.042,0.366,-0.244,-0.183,0.01904,1.00537,0.14892,28.44
$IMU,26862.044,0.244,-0.183,-0.122,0.01757,1.00537,0.14843,28.44
$MAG,26862.045,-0.145,-0.520,-0.529,27.6
$IMU,26862.047,0.061,0.000,-0.061,0.02050,1.00439,0.14697,28.44
$IMU,26862.049,-0.244,0.061,-0.122,0.02001,1.00097,0.14843,28.44
$IMU,26862.051,-0.366,0.061,-0.122,0.01855,1.00585,0.14794,28.44
$IMU,26862.054,-0.366,0.000,-0.183,0.02148,1.00439,0.14746,28.44
$MAG,26862.055,-0.144,-0.517,-0.531,27.6
$IMU,26862.056,-0.549,-0.061,-0.183,0.01513,1.00488,0.14892,28.49
$IMU,26862.058,-0.671,-0.122,-0.061,0.02001,1.00488,0.14892,28.49
$IMU,26862.061,-0.793,0.000,0.000,0.02294,1.00000,0.14746,28.49
$IMU,26862.063,-0.854,-0.061,0.000,0.02099,1.00195,0.14843,28.49
$BARO,26862.064,86860.45,28.52
$MAG,26862.066,-0.141,-0.523,-0.532,27.6
$IMU,26862.066,-0.915,0.000,-0.061,0.02001,1.00292,0.14746,28.49
$IMU,26862.068,-0.976,0.000,-0.061,0.01855,1.00292,0.14843,28.49
$IMU,26862.070,-0.976,0.061,-0.122,0.02050,1.00341,0.14990,28.49
$IMU,26862.073,-1.159,0.305,-0.122,0.01806,1.00390,0.15332,28.49
$IMU,26862.075,-0.976,0.122,0.000,0.01708,0.99902,0.15332,28.45
$MAG,26862.076,-0.142,-0.523,-0.529,27.6
$IMU,26862.077,-0.793,-0.122,-0.061,0.01513,1.00439,0.15527,28.45
$IMU,26862.080,-0.671,-0.122,-0.061,0.02001,1.00341,0.15283,28.45
$IMU,26862.082,-0.488,-0.183,-0.122,0.01855,1.00097,0.15185,28.45
$IMU,26862.084,-0.549,0.000,-0.244,0.02099,1.00390,0.15332,28.45
$MAG,26862.086,-0.145,-0.516,-0.525,27.6
$IMU,26862.087,-0.427,-0.122,-0.244,0.01757,1.00585,0.15429,28.45
$IMU,26862.089,-0.244,-0.183,-0.183,0.01611,1.00146,0.15478,28.45
$IMU,26862.091,-0.061,-0.061,-0.122,0.01855,1.00292,0.15527,28.45
$IMU,26862.094,0.061,-0.122,-0.122,0.01855,1.00195,0.15478,28.46
$MAG,26862.096,-0.148,-0.526,-0.534,27.6
$IMU,26862.096,0.183,-0.183,-0.183,0.01660,1.00634,0.15478,28.46
$IMU,26862.098,0.305,-0.183,-0.244,0.01806,1.00585,0.15478,28.46
$IMU,26862.101,0.305,0.000,-0.366,0.01708,1.00341,0.15185,28.46
$IMU,26862.103,0.305,-0.061,-0.305,0.01953,1.00537,0.15234,28.46
$IMU,26862.105,0.427,-0.061,-0.244,0.01708,1.00390,0.15185,28.46
$MAG,26862.106,-0.147,-0.528,-0.534,27.5
$IMU,26862.108,0.366,-0.061,-0.244,0.01757,1.00537,0.15234,28.46
$IMU,26862.110,0.366,-0.122,-0.305,0.02050,1.00488,0.15087,28.46
$IMU,26862.112,0.183,0.061,-0.244,0.01757,1.00439,0.15136,28.45
$IMU,26862.115,0.244,-0.061,-0.122,0.01806,1.00488,0.14941,28.45
$MAG,26862.116,-0.144,-0.520,-0.529,27.6
$IMU,26862.117,0.183,-0.122,-0.183,0.01757,1.00341,0.14550,28.45
$IMU,26862.119,0.122,-0.183,-0.244,0.02050,1.00244,0.14599,28.45
$IMU,26862.122,-0.122,-0.183,-0.183,0.01904,1.00585,0.14990,28.45
$IMU,26862.124,-0.305,-0.061,-0.122,0.01757,1.00195,0.14794,28.45
$MAG,26862.126,-0.147,-0.520,-0.534,27.6
$IMU,26862.127,-0.427,0.000,-0.122,0.01464,1.00097,0.14794,28.45
$IMU,26862.129,-0.610,0.061,-0.122,0.01855,1.00488,0.15136,28.45
$IMU,26862.131,-0.732,0.061,-0.061,0.02197,1.00292,0.14941,28.50
$IMU,26862.134,-0.732,-0.122,-0.061,0.01513,1.00390,0.15039,28.50
$MAG,26862.136,-0.142,-0.528,-0.531,27.6
$IMU,26862.136,-0.793,0.061,-0.122,0.01708,1.00634,0.14990,28.50
$IMU,26862.138,-0.915,0.183,-0.183,0.01611,1.00683,0.15283,28.50
$IMU,26862.141,-0.793,-0.122,-0.122,0.01660,1.00341,0.15087,28.50
$IMU,26862.143,-0.854,0.000,-0.122,0.01757,1.00048,0.15429,28.50
$IMU,26862.145,-0.793,-0.061,-0.061,0.01708,0.99951,0.15332,28.50
$MAG,26862.146,-0.136,-0.519,-0.535,27.6
$IMU,26862.148,-0.671,-0.122,-0.122,0.01611,1.00341,0.15332,28.50
$IMU,26862.150,-0.732,0.122,-0.122,0.01855,1.00634,0.15380,28.46
$IMU,26862.152,-0.610,0.183,-0.183,0.02050,1.00732,0.15576,28.46
$IMU,26862.155,-0.488,-0.061,-0.183,0.02050,1.00390,0.15380,28.46
$MAG,26862.156,-0.147,-0.519,-0.532,27.6
$IMU,26862.157,-0.305,-0.183,-0.122,0.01562,1.00292,0.15185,28.46
$IMU,26862.159,-0.244,-0.122,-0.183,0.01611,1.00390,0.15185,28.46
$IMU,26862.162,-0.122,-0.061,-0.183,0.01464,1.00195,0.15576,28.46
$IMU,26862.164,-0.061,0.061,-0.122,0.01660,1.00146,0.15185,28.46
$BARO,26862.166,86867.84,28.52
$MAG,26862.166,-0.142,-0.519,-0.534,27.5
$IMU,26862.166,0.183,0.061,-0.244,0.01416,1.00341,0.15625,28.46
$IMU,26862.169,0.305,-0.183,-0.244,0.01708,1.00390,0.15039,28.48
$IMU,26862.171,0.366,-0.183,-0.244,0.01757,1.00341,0.15136,28.48
$IMU,26862.173,0.305,-0.061,-0.244,0.01611,1.00146,0.15136,28.48
$MAG,26862.176,-0.135,-0.522,-0.532,27.5
$IMU,26862.176,0.183,-0.122,-0.183,0.01513,1.00341,0.15185,28.48
$IMU,26862.178,0.244,0.000,-0.183,0.01806,1.00097,0.15087,28.48
$IMU,26862.180,0.244,-0.061,-0.183,0.01806,1.00048,0.14990,28.48
$IMU,26862.183,0.244,-0.183,-0.183,0.01708,1.00097,0.14892,28.48
$IMU,26862.185,0.183,-0.122,-0.244,0.01757,1.00341,0.14892,28.48
$MAG,26862.187,-0.136,-0.522,-0.526,27.6
$IMU,26862.188,0.061,-0.061,-0.244,0.01562,0.99804,0.14648,28.47
$VBAT,26862.189,4.138
$IMU,26862.190,-0.122,0.122,-0.183,0.01757,1.00048,0.14990,28.47
$IMU,26862.192,-0.244,0.061,-0.183,0.01953,1.00634,0.14746,28.47
$IMU,26862.195,-0.366,0.000,-0.122,0.01904,1.00683,0.14892,28.47
$MAG,26862.197,-0.147,-0.522,-0.531,27.6
$IMU,26862.197,-0.427,-0.061,-0.122,0.02050,1.00585,0.15234,28.47
$IMU,26862.199,-0.488,-0.061,-0.183,0.01806,1.00634,0.15087,28.47
$IMU,26862.202,-0.549,-0.061,-0.183,0.01953,1.00488,0.14892,28.47
$IMU,26862.204,-0.671,0.061,-0.183,0.01611,1.00634,0.14892,28.47
$IMU,26862.206,-0.732,0.000,-0.183,0.01904,1.00390,0.14941,28.46
$MAG,26862.207,-0.147,-0.526,-0.531,27.6
$IMU,26862.209,-0.671,-0.122,-0.122,0.01806,1.00537,0.15136,28.46
$IMU,26862.211,-0.610,-0.183,-0.061,0.01562,1.00683,0.15185,28.46
$IMU,26862.213,-0.671,-0.061,-0.122,0.01708,1.00634,0.15380,28.46
$IMU,26862.216,-0.671,-0.061,-0.122,0.01611,1.00585,0.15087,28.46
$MAG,26862.217,-0.141,-0.529,-0.534,27.6
$IMU,26862.218,-0.610,0.000,-0.061,0.01806,1.00634,0.15283,28.46
$IMU,26862.220,-0.610,0.000,-0.122,0.01953,1.00341,0.15234,28.46
$IMU,26862.223,-0.549,0.000,-0.122,0.01904,1.00341,0.15185,28.46
$IMU,26862.225,-0.427,-0.061,-0.183,0.01611,1.00292,0.15185,28.43
$MAG,26862.227,-0.145,-0.520,-0.528,27.7
$IMU,26862.227,-0.488,0.000,-0.183,0.02099,1.00390,0.15283,28.43
$IMU,26862.230,-0.427,-0.061,-0.122,0.01953,1.00341,0.15380,28.43
$IMU,26862.232,-0.244,-0.061,-0.122,0.02001,1.00292,0.15087,28.43
$IMU,26862.234,-0.122,-0.122,-0.244,0.01708,1.00244,0.15087,28.43
$MAG,26862.237,-0.145,-0.519,-0.529,27.6
$IMU,26862.237,-0.122,-0.183,-0.244,0.01904,0.99755,0.15332,28.43
$IMU,26862.239,0.000,-0.183,-0.183,0.01855,1.00048,0.15234,28.43
$IMU,26862.241,-0.122,0.000,-0.244,0.01806,1.00097,0.15136,28.43
$IMU,26862.244,-0.183,0.000,-0.183,0.01611,1.00537,0.14941,28.47
$IMU,26862.246,-0.122,-0.061,-0.122,0.01708,1.00292,0.15380,28.47
$MAG,26862.247,-0.139,-0.517,-0.531,27.6
$IMU,26862.249,0.122,-0.122,-0.122,0.01708,1.00048,0.14941,28.47
$IMU,26862.251,0.122,-0.305,-0.183,0.01708,1.00292,0.15087,28.47
$IMU,26862.253,0.061,-0.183,-0.183,0.01855,1.00048,0.15136,28.47
$IMU,26862.256,0.122,0.000,-0.122,0.02050,1.00244,0.15380,28.47
$MAG,26862.257,-0.147,-0.526,-0.531,27.5
$IMU,26862.258,0.061,-0.061,-0.183,0.01806,1.00634,0.15039,28.47
$IMU,26862.260,0.000,-0.122,-0.183,0.02001,1.00585,0.15332,28.47
$IMU,26862.263,-0.061,0.061,-0.122,0.01708,1.00439,0.14941,28.46
$IMU,26862.265,-0.122,-0.061,-0.061,0.01806,1.00292,0.14843,28.46
$BARO,26862.267,86860.04,28.52
$MAG,26862.267,-0.145,-0.511,-0.531,27.6
$IMU,26862.267,-0.122,-0.183,-0.122,0.01562,1.00292,0.15087,28.46
$IMU,26862.270,-0.183,0.061,-0.122,0.01953,1.00390,0.14941,28.46
$IMU,26862.272,-0.244,-0.061,-0.244,0.01855,1.00634,0.15087,28.46
$IMU,26862.274,-0.244,-0.061,-0.244,0.01806,1.00292,0.14990,28.46
$MAG,26862.277,-0.144,-0.514,-0.531,27.6
$IMU,26862.277,-0.305,0.061,-0.122,0.01855,1.00244,0.14941,28.46
$IMU,26862.279,-0.366,0.000,-0.183,0.01562,1.00341,0.14941,28.46
$IMU,26862.281,-0.488,-0.183,-0.183,0.01757,1.00488,0.14941,28.44
$IMU,26862.284,-0.549,0.000,-0.183,0.02148,1.00585,0.14941,28.44
$IMU,26862.286,-0.488,0.000,-0.183,0.01708,1.00439,0.15136,28.44
$MAG,26862.287,-0.139,-0.519,-0.535,27.7
$IMU,26862.288,-0.549,-0.061,-0.183,0.01708,1.00537,0.15185,28.44
$IMU,26862.291,-0.549,0.000,-0.244,0.01904,1.00244,0.15234,28.44
$IMU,26862.293,-0.549,0.122,-0.122,0.02246,1.00341,0.15039,28.44
$IMU,26862.295,-0.488,-0.061,-0.122,0.01904,1.00097,0.15283,28.44
$MAG,26862.298,-0.139,-0.522,-0.526,27.6
$IMU,26862.298,-0.488,-0.061,-0.122,0.01611,1.00439,0.14941,28.44
$IMU,26862.300,-0.366,-0.244,-0.122,0.01757,1.00537,0.15429,28.45
$IMU,26862.302,-0.549,0.061,-0.122,0.01953,1.00390,0.15136,28.45
$IMU,26862.305,-0.549,0.122,-0.122,0.01904,1.00244,0.15234,28.45
$IMU,26862.307,-0.427,0.122,-0.183,0.01953,1.00244,0.15185,28.45
$MAG,26862.308,-0.147,-0.523,-0.525,27.5
$IMU,26862.310,-0.305,0.000,-0.183,0.01904,1.00439,0.15185,28.45
$IMU,26862.312,-0.061,-0.366,-0.244,0.01855,1.00146,0.14892,28.45
$IMU,26862.314,-0.122,-0.122,-0.122,0.02001,1.00439,0.15039,28.45
$IMU,26862.317,-0.122,-0.122,-0.183,0.01904,1.00292,0.15429,28.45
$MAG,26862.318,-0.142,-0.520,-0.531,27.6
$IMU,26862.319,-0.244,-0.122,-0.305,0.02099,1.00195,0.14941,28.46
$IMU,26862.321,-0.183,0.000,-0.244,0.01611,1.00390,0.15087,28.46
$IMU,26862.324,-0.061,-0.122,-0.244,0.01708,1.00195,0.15039,28.46
$IMU,26862.326,-0.061,-0.183,-0.183,0.01611,1.00537,0.15332,28.46
$MAG,26862.328,-0.150,-0.514,-0.528,27.6
$IMU,26862.328,0.061,-0.183,-0.122,0.01660,1.00634,0.15136,28.46
$IMU,26862.331,-0.061,0.000,-0.183,0.01562,1.00585,0.15478,28.46
$IMU,26862.333,-0.122,-0.122,-0.183,0.01855,1.00244,0.15136,28.46
$IMU,26862.335,-0.061,-0.061,-0.183,0.01513,1.00292,0.15185,28.46
$MAG,26862.338,-0.147,-0.528,-0.534,27.7
$IMU,26862.338,0.000,-0.183,-0.244,0.01611,1.00341,0.15087,28.46
$IMU,26862.340,-0.183,-0.183,-0.305,0.01806,1.00195,0.15185,28.46
$IMU,26862.342,-0.122,-0.061,-0.183,0.01806,1.00195,0.15039,28.46
$IMU,26862.345,-0.244,0.061,-0.183,0.02099,1.00195,0.14990,28.46
$IMU,26862.347,-0.244,-0.061,-0.183,0.01757,1.00292,0.15039,28.46
$MAG,26862.348,-0.148,-0.525,-0.535,27.6
$IMU,26862.349,-0.244,-0.061,-0.122,0.01708,1.00439,0.15234,28.46
$IMU,26862.352,-0.244,-0.183,0.000,0.01660,1.00439,0.15380,28.46
$IMU,26862.354,-0.305,-0.183,-0.122,0.01806,1.00292,0.15234,28.46
$IMU,26862.356,-0.366,-0.122,-0.122,0.01855,1.00341,0.15234,28.47
$MAG,26862.358,-0.145,-0.526,-0.531,27.5
$IMU,26862.359,-0.427,0.000,-0.122,0.02050,1.00341,0.15039,28.47
$IMU,26862.361,-0.427,-0.061,-0.183,0.01904,1.00244,0.15332,28.47
$IMU,26862.363,-0.488,-0.061,-0.183,0.01953,1.00097,0.15332,28.47
$IMU,26862.366,-0.427,0.000,-0.061,0.01904,1.00341,0.14990,28.47
$MAG,26862.368,-0.142,-0.528,-0.537,27.7
$IMU,26862.368,-0.366,-0.122,-0.122,0.02148,1.00195,0.15332,28.47
$BARO,26862.369,86873.74,28.52
$IMU,26862.371,-0.427,0.000,-0.122,0.01953,1.00341,0.15087,28.47
$IMU,26862.373,-0.488,0.061,-0.122,0.01855,1.00488,0.15283,28.47
$IMU,26862.375,-0.427,0.000,-0.122,0.01855,1.00439,0.15283,28.46
$MAG,26862.378,-0.147,-0.520,-0.532,27.5
$IMU,26862.378,-0.366,0.000,-0.183,0.01611,1.00244,0.15039,28.46
$IMU,26862.380,-0.244,-0.122,-0.122,0.01611,1.00244,0.15234,28.46
$IMU,26862.382,-0.305,0.000,-0.183,0.01904,1.00341,0.15234,28.46
$IMU,26862.385,-0.183,0.000,-0.122,0.01953,1.00732,0.15576,28.46
$IMU,26862.387,-0.183,0.000,-0.122,0.01855,1.00195,0.15380,28.46
$MAG,26862.388,-0.145,-0.520,-0.528,27.6
$IMU,26862.389,-0.122,-0.061,-0.122,0.01855,1.00537,0.15332,28.46
$IMU,26862.392,-0.122,-0.061,-0.183,0.01806,1.00634,0.15185,28.46
$IMU,26862.394,-0.061,-0.122,-0.122,0.01513,1.00244,0.15332,28.48
$IMU,26862.396,-0.061,0.000,-0.244,0.01904,1.00048,0.15136,28.48
$MAG,26862.398,-0.148,-0.526,-0.534,27.6
$IMU,26862.399,-0.061,-0.122,-0.244,0.02148,1.00097,0.15234,28.48
$IMU,26862.401,-0.061,0.000,-0.183,0.01806,0.99902,0.15185,28.48
$IMU,26862.403,0.000,-0.183,-0.244,0.01562,1.00537,0.15087,28.48
$IMU,26862.406,0.000,-0.244,-0.244,0.01708,1.00244,0.15185,28.48
$MAG,26862.408,-0.148,-0.520,-0.535,27.6
$IMU,26862.408,-0.061,-0.122,-0.244,0.02050,1.00732,0.15185,28.48
$IMU,26862.410,-0.122,0.000,-0.183,0.02099,1.00244,0.15234,28.48
$IMU,26862.413,-0.183,0.000,-0.183,0.01855,1.00781,0.15039,28.46
$IMU,26862.415,-0.244,-0.122,-0.122,0.02050,1.00488,0.14941,28.46
$IMU,26862.417,-0.183,-0.183,-0.183,0.01757,1.00439,0.14843,28.46
$MAG,26862.419,-0.145,-0.523,-0.537,27.6
$IMU,26862.420,-0.244,-0.061,-0.122,0.01513,1.00683,0.15234,28.46
$IMU,26862.422,-0.305,-0.122,-0.122,0.01611,1.00341,0.14990,28.46
$IMU,26862.424,-0.305,-0.061,-0.183,0.02099,1.00292,0.15380,28.46
$IMU,26862.427,-0.427,0.000,-0.183,0.01757,1.00341,0.15234,28.46
$IMU,26862.429,-0.488,-0.061,-0.061,0.02099,1.00097,0.14794,28.46
$MAG,26862.429,-0.145,-0.517,-0.531,27.7
$IMU,26862.431,-0.427,-0.244,-0.122,0.01806,0.99951,0.14794,28.46
$IMU,26862.434,-0.488,0.000,-0.183,0.01757,1.00146,0.14843,28.46
$IMU,26862.436,-0.427,-0.061,-0.183,0.01757,0.99707,0.14892,28.46
$MAG,26862.439,-0.142,-0.526,-0.541,27.6
$IMU,26862.439,-0.549,-0.061,-0.122,0.01757,1.00146,0.15234,28.46
$IMU,26862.441,-0.488,-0.122,-0.183,0.01757,1.00146,0.15136,28.46
$IMU,26862.443,-0.549,-0.122,-0.244,0.01855,1.00048,0.15185,28.46
$IMU,26862.446,-0.610,0.061,-0.183,0.01562,1.00390,0.15185,28.46
$IMU,26862.448,-0.488,-0.122,-0.122,0.01855,1.00390,0.15039,28.46
$MAG,26862.449,-0.148,-0.517,-0.532,27.6
$IMU,26862.450,-0.427,-0.061,-0.122,0.01708,1.00390,0.15087,28.51
$IMU,26862.453,-0.366,-0.122,-0.183,0.01953,1.00439,0.15429,28.51
$IMU,26862.455,-0.305,-0.122,-0.244,0.01708,1.00146,0.15576,28.51
$IMU,26862.457,-0.305,-0.183,-0.183,0.01757,1.00000,0.15332,28.51
$MAG,26862.459,-0.150,-0.517,-0.540,27.5
$IMU,26862.460,-0.244,-0.061,-0.183,0.01708,1.00244,0.15234,28.51
$IMU,26862.462,-0.183,0.000,-0.183,0.02001,1.00439,0.15527,28.51
$IMU,26862.464,-0.061,-0.183,-0.061,0.01708,1.00195,0.15283,28.51
$IMU,26862.467,0.000,-0.122,-0.122,0.01855,1.00292,0.15039,28.51
$MAG,26862.469,-0.144,-0.517,-0.534,27.6
$IMU,26862.469,0.061,-0.122,-0.183,0.01708,1.00390,0.14843,28.48
$BARO,26862.470,86873.35,28.51
$IMU,26862.471,0.061,-0.061,-0.244,0.01904,1.00537,0.15283,28.48
$IMU,26862.474,0.183,-0.122,-0.244,0.01708,1.00488,0.15429,28.48
$IMU,26862.476,0.122,0.000,-0.244,0.01904,1.00292,0.15039,28.48
$IMU,26862.478,0.061,-0.061,-0.183,0.01611,1.00439,0.15283,28.48
$MAG,26862.479,-0.136,-0.523,-0.529,27.6
$IMU,26862.481,0.061,-0.183,-0.183,0.01562,1.00244,0.15087,28.48
$IMU,26862.483,0.000,-0.122,-0.122,0.01806,1.00488,0.15136,28.48
$IMU,26862.485,-0.122,-0.061,-0.122,0.01708,1.00439,0.15136,28.48
$IMU,26862.488,-0.061,-0.122,-0.183,0.01904,1.00292,0.15087,28.46
$MAG,26862.489,-0.141,-0.513,-0.540,27.6
$IMU,26862.490,-0.122,-0.122,-0.122,0.02001,1.00097,0.15136,28.46
$IMU,26862.492,-0.183,-0.122,-0.244,0.02050,1.00195,0.15087,28.46
$IMU,26862.495,-0.244,-0.061,-0.244,0.01806,1.00146,0.15283,28.46
$IMU,26862.497,-0.366,-0.061,-0.122,0.01757,1.00195,0.15087,28.46
$MAG,26862.499,-0.151,-0.528,-0.534,27.6
$IMU,26862.500,-0.488,0.000,-0.122,0.02001,1.00195,0.14892,28.46
$IMU,26862.502,-0.427,-0.061,-0.122,0.01416,1.00292,0.15039,28.46
$IMU,26862.504,-0.488,-0.061,-0.183,0.02050,1.00244,0.15039,28.46
$IMU,26862.507,-0.488,-0.122,-0.183,0.01708,1.00292,0.15185,28.48
$MAG,26862.509,-0.145,-0.520,-0.526,27.7
$IMU,26862.509,-0.610,0.000,-0.122,0.01953,1.00585,0.15136,28.48
$IMU,26862.511,-0.610,0.000,-0.183,0.01953,0.99951,0.15039,28.48
$IMU,26862.514,-0.549,-0.122,-0.183,0.02001,1.00390,0.14892,28.48
$IMU,26862.516,-0.488,-0.122,-0.061,0.02148,1.00292,0.15185,28.48
$HUM,26862.518,34.7,28.9
$IMU,26862.518,-0.427,-0.122,-0.061,0.01660,1.00585,0.15283,28.48
$MAG,26862.519,-0.144,-0.522,-0.529,27.6
$IMU,26862.521,-0.488,-0.061,-0.183,0.01806,1.00488,0.15136,28.48
$IMU,26862.523,-0.549,0.000,-0.122,0.01806,1.00048,0.15039,28.48
$IMU,26862.525,-0.366,0.000,-0.183,0.01855,1.00439,0.15185,28.49
$IMU,26862.528,-0.244,-0.061,-0.183,0.01904,1.00341,0.15039,28.49
$MAG,26862.530,-0.145,-0.525,-0.540,27.6
$IMU,26862.530,-0.183,-0.122,-0.244,0.01513,1.00292,0.15136,28.49
$IMU,26862.532,-0.183,-0.244,-0.183,0.01806,1.00048,0.14990,28.49
$IMU,26862.535,-0.183,-0.061,-0.183,0.01611,1.00244,0.15185,28.49
$IMU,26862.537,-0.122,-0.122,-0.183,0.01953,1.00634,0.15185,28.49
$IMU,26862.539,-0.061,0.000,-0.122,0.01611,1.00292,0.15136,28.49
$MAG,26862.540,-0.142,-0.510,-0.537,27.5
$IMU,26862.542,0.000,-0.122,-0.244,0.01806,1.00390,0.14843,28.49
$IMU,26862.544,0.061,-0.061,-0.244,0.01464,1.00292,0.15087,28.44
$IMU,26862.546,0.122,-0.122,-0.183,0.01660,1.00439,0.14990,28.44
$IMU,26862.549,0.000,0.000,-0.183,0.01464,1.00537,0.14941,28.44
$MAG,26862.550,-0.144,-0.519,-0.526,27.6
$IMU,26862.551,0.000,-0.061,-0.122,0.01562,1.00537,0.15283,28.44
$IMU,26862.553,-0.061,-0.122,-0.183,0.01708,1.00488,0.15039,28.44
$IMU,26862.556,-0.061,-0.122,-0.122,0.01708,1.00439,0.14990,28.44
$IMU,26862.558,-0.061,-0.061,-0.122,0.01757,1.00244,0.15039,28.44
$MAG,26862.560,-0.136,-0.520,-0.534,27.6
$IMU,26862.561,-0.122,0.000,-0.183,0.01953,1.00146,0.14843,28.44
$IMU,26862.563,-0.244,-0.061,-0.183,0.01855,1.00244,0.15039,28.47
$IMU,26862.565,-0.305,-0.061,-0.122,0.01416,1.00097,0.14990,28.47
$IMU,26862.568,-0.305,-0.183,-0.061,0.01757,1.00488,0.15332,28.47
$MAG,26862.570,-0.145,-0.520,-0.534,27.6
$IMU,26862.570,-0.366,-0.183,0.000,0.01611,1.00292,0.15136,28.47
$BARO,26862.572,86871.13,28.51
$IMU,26862.572,-0.488,-0.183,-0.061,0.01660,1.00488,0.15087,28.47
$IMU,26862.575,-0.549,-0.061,-0.183,0.02197,1.00146,0.15527,28.47
$IMU,26862.577,-0.488,-0.061,-0.244,0.02148,1.00195,0.15332,28.47
$IMU,26862.579,-0.488,0.000,-0.244,0.01757,1.00146,0.14990,28.47
$MAG,26862.580,-0.141,-0.520,-0.531,27.5
$IMU,26862.582,-0.427,-0.122,-0.183,0.01513,1.00146,0.15087,28.48
$IMU,26862.584,-0.488,-0.122,-0.183,0.01806,1.00097,0.15234,28.48
$IMU,26862.586,-0.549,0.061,-0.122,0.01611,1.00292,0.15234,28.48
$IMU,26862.589,-0.488,-0.061,-0.122,0.01562,1.00439,0.15234,28.48
$MAG,26862.590,-0.139,-0.507,-0.532,27.3
$IMU,26862.591,-0.488,0.000,-0.122,0.02001,1.00439,0.15332,28.48
$IMU,26862.593,-0.427,0.000,-0.122,0.01660,1.00537,0.15234,28.48
$IMU,26862.596,-0.244,-0.122,-0.244,0.01855,1.00585,0.15136,28.48
$IMU,26862.598,-0.244,0.000,-0.244,0.02050,1.00488,0.15429,28.48
$MAG,26862.600,-0.151,-0.519,-0.534,27.7
$IMU,26862.600,-0.244,0.000,-0.183,0.01855,1.00683,0.15234,28.44
$IMU,26862.603,-0.305,0.000,-0.183,0.01611,1.00390,0.15332,28.44
$IMU,26862.605,-0.122,-0.183,-0.122,0.01855,1.00683,0.15234,28.44
$IMU,26862.607,-0.122,-0.244,-0.122,0.01855,1.00390,0.15185,28.44
$MAG,26862.610,-0.144,-0.519,-0.528,27.6
$IMU,26862.610,-0.061,-0.122,-0.244,0.01806,1.00292,0.15185,28.44
$IMU,26862.612,0.000,-0.183,-0.183,0.01855,1.00097,0.14990,28.44
$IMU,26862.614,-0.122,0.000,-0.183,0.01953,1.00439,0.15039,28.44
$IMU,26862.617,-0.122,0.000,-0.183,0.01855,1.00439,0.15185,28.44
$IMU,26862.619,-0.061,-0.061,-0.122,0.02050,1.00244,0.15380,28.47
$MAG,26862.620,-0.145,-0.516,-0.535,27.6
$IMU,26862.622,0.000,-0.244,-0.183,0.02099,1.00585,0.14892,28.47
$IMU,26862.624,-0.183,-0.061,-0.183,0.01953,1.00341,0.15039,28.47
$IMU,26862.626,-0.244,0.122,-0.244,0.02001,1.00488,0.15234,28.47
$IMU,26862.629,-0.244,0.061,-0.244,0.01660,1.00390,0.15283,28.47
$MAG,26862.630,-0.147,-0.520,-0.528,27.6
$IMU,26862.631,-0.183,-0.122,-0.122,0.01708,1.00341,0.14892,28.47
$IMU,26862.633,-0.122,-0.122,-0.122,0.01464,1.00292,0.15087,28.47
$IMU,26862.636,-0.183,-0.122,-0.122,0.01855,1.00439,0.15039,28.47
$IMU,26862.638,-0.244,-0.122,-0.122,0.01708,1.00390,0.14990,28.49
$MAG,26862.640,-0.139,-0.526,-0.537,27.6
$IMU,26862.640,-0.244,-0.061,-0.122,0.01757,1.00488,0.15283,28.49
$IMU,26862.643,-0.305,0.061,-0.183,0.02001,1.00439,0.15283,28.49
$IMU,26862.645,-0.427,-0.061,-0.122,0.01416,1.00488,0.15380,28.49
$IMU,26862.647,-0.366,-0.183,-0.183,0.01660,1.00390,0.15429,28.49
$IMU,26862.650,-0.366,-0.244,-0.183,0.01855,1.00244,0.15185,28.49
$MAG,26862.651,-0.139,-0.513,-0.528,27.6
$IMU,26862.652,-0.427,-0.061,-0.122,0.01855,1.00390,0.14941,28.49
$IMU,26862.654,-0.366,-0.061,-0.061,0.01953,1.00439,0.15332,28.49
$IMU,26862.657,-0.366,-0.183,-0.183,0.01904,1.00341,0.15087,28.49
$IMU,26862.659,-0.366,-0.122,-0.244,0.02246,1.00390,0.15087,28.49
$MAG,26862.661,-0.141,-0.520,-0.532,27.6
$IMU,26862.661,-0.427,-0.122,-0.183,0.01806,1.00097,0.15380,28.49
$IMU,26862.664,-0.427,-0.122,-0.183,0.01806,1.00634,0.15087,28.49
$IMU,26862.666,-0.305,-0.061,-0.183,0.01660,1.00292,0.15185,28.49
$IMU,26862.668,-0.305,-0.061,-0.122,0.01708,1.00195,0.15429,28.49
$MAG,26862.671,-0.141,-0.510,-0.537,27.6
$IMU,26862.671,-0.244,-0.122,-0.183,0.01904,1.00146,0.15332,28.49
$BARO,26862.673,86878.78,28.52
$IMU,26862.673,-0.244,0.061,-0.122,0.01855,1.00439,0.15234,28.49
$IMU,26862.675,-0.122,-0.122,-0.122,0.01708,1.00146,0.15136,28.49
$IMU,26862.678,-0.122,-0.183,-0.183,0.02001,0.99902,0.15332,28.49
$IMU,26862.680,-0.183,0.000,-0.244,0.01757,1.00097,0.15332,28.49
$MAG,26862.681,-0.148,-0.522,-0.534,27.5
$IMU,26862.683,-0.122,-0.122,-0.244,0.01611,1.00195,0.15332,28.49
$IMU,26862.685,-0.122,-0.183,-0.183,0.01611,1.00439,0.15429,28.49
$IMU,26862.687,-0.122,-0.122,-0.122,0.01611,1.00146,0.15234,28.49
$IMU,26862.690,-0.061,-0.061,-0.122,0.01708,1.00488,0.15136,28.49
$MAG,26862.691,-0.151,-0.520,-0.528,27.6
$IMU,26862.692,0.000,-0.244,-0.122,0.01806,1.00341,0.15136,28.49
$IMU,26862.694,-0.061,-0.061,-0.183,0.01806,1.00341,0.15087,28.45
$IMU,26862.697,-0.122,0.000,-0.244,0.01904,1.00390,0.15039,28.45
$IMU,26862.699,-0.183,-0.061,-0.244,0.01855,1.00292,0.14990,28.45
$MAG,26862.701,-0.148,-0.513,-0.532,27.6
$IMU,26862.701,-0.183,-0.183,-0.183,0.01855,1.00244,0.15136,28.45
$IMU,26862.704,-0.183,-0.061,-0.061,0.01757,1.00439,0.15185,28.45
$IMU,26862.706,-0.183,0.000,-0.183,0.01757,1.00488,0.14941,28.45
$IMU,26862.708,-0.244,0.000,-0.061,0.01708,1.00292,0.15185,28.45
$MAG,26862.711,-0.139,-0.528,-0.535,27.6
$IMU,26862.711,-0.122,-0.061,-0.183,0.01953,1.00244,0.15039,28.45
$IMU,26862.713,-0.244,-0.061,-0.183,0.01416,1.00244,0.15234,28.47
$IMU,26862.715,-0.244,-0.122,-0.122,0.01757,1.00195,0.15136,28.47
$IMU,26862.718,-0.305,0.061,-0.122,0.01757,1.00341,0.14941,28.47
$IMU,26862.720,-0.366,0.000,-0.183,0.01611,1.00390,0.14941,28.47
$MAG,26862.721,-0.142,-0.520,-0.531,27.6
$IMU,26862.722,-0.305,-0.183,-0.122,0.01953,1.00341,0.15087,28.47
$IMU,26862.725,-0.305,0.000,-0.061,0.01855,1.00341,0.15283,28.47
$IMU,26862.727,-0.305,-0.061,-0.244,0.01562,1.00292,0.14941,28.47
$IMU,26862.729,-0.427,0.122,-0.305,0.01611,1.00390,0.15283,28.47
$MAG,26862.731,-0.148,-0.526,-0.534,27.6
$IMU,26862.732,-0.427,0.061,-0.183,0.01953,1.00488,0.15283,28.42
$IMU,26862.734,-0.488,-0.061,-0.183,0.01660,1.00292,0.15234,28.42
$IMU,26862.736,-0.427,-0.183,-0.122,0.01806,1.00439,0.15087,28.42
$IMU,26862.739,-0.305,-0.122,-0.183,0.01611,1.00390,0.15136,28.42
$MAG,26862.741,-0.150,-0.525,-0.535,27.6
$IMU,26862.741,-0.366,0.000,-0.122,0.01757,1.00439,0.15234,28.42
$IMU,26862.744,-0.305,-0.122,-0.183,0.01904,1.00439,0.15136,28.42
$IMU,26862.746,-0.305,0.000,-0.244,0.02050,1.00292,0.15185,28.42
$IMU,26862.748,-0.305,0.000,-0.244,0.01708,1.00244,0.15185,28.42
$MAG,26862.751,-0.141,-0.520,-0.526,27.7
$IMU,26862.751,-0.183,-0.122,-0.244,0.01660,1.00537,0.15136,28.47
$IMU,26862.753,-0.183,-0.183,-0.244,0.01708,1.00244,0.14990,28.47
$IMU,26862.755,-0.244,0.061,-0.183,0.02001,1.00292,0.14990,28.47
$IMU,26862.758,-0.244,-0.061,-0.061,0.01562,0.99902,0.15429,28.47
$IMU,26862.760,-0.183,0.000,-0.183,0.01757,1.00244,0.15185,28.47
$MAG,26862.762,-0.148,-0.519,-0.537,27.6
$IMU,26862.762,-0.122,-0.122,-0.122,0.01904,1.00097,0.15234,28.47
$IMU,26862.765,-0.183,0.000,-0.183,0.01611,1.00488,0.15185,28.47
$IMU,26862.767,-0.122,-0.122,-0.244,0.01806,1.00439,0.15185,28.47
$IMU,26862.769,-0.183,-0.122,-0.244,0.01513,1.00292,0.15136,28.47
$MAG,26862.772,-0.144,-0.522,-0.541,27.6
$IMU,26862.772,-0.244,0.000,-0.183,0.01513,1.00195,0.15136,28.47
$IMU,26862.774,-0.244,0.000,-0.122,0.02050,1.00000,0.15283,28.47
$BARO,26862.775,86858.09,28.51
$IMU,26862.776,-0.122,-0.183,-0.183,0.01708,0.99902,0.15136,28.47
$IMU,26862.779,-0.122,-0.183,-0.122,0.01464,0.99951,0.15087,28.47
$IMU,26862.781,-0.183,0.122,-0.183,0.01611,1.00146,0.14990,28.47
$MAG,26862.782,-0.139,-0.528,-0.534,27.7
$IMU,26862.783,-0.244,-0.061,-0.183,0.01708,1.00292,0.15332,28.47
$IMU,26862.786,-0.305,-0.061,-0.183,0.01904,1.00537,0.15283,28.47
$IMU,26862.788,-0.244,0.000,-0.183,0.01855,1.00390,0.15478,28.50
$IMU,26862.790,-0.244,-0.122,-0.122,0.01904,1.00683,0.15136,28.50
$MAG,26862.792,-0.145,-0.522,-0.532,27.6
$IMU,26862.793,-0.244,0.000,-0.122,0.01367,1.00634,0.15185,28.50
$IMU,26862.795,-0.244,-0.061,-0.122,0.01904,1.00537,0.14990,28.50
$IMU,26862.797,-0.244,-0.061,-0.183,0.01513,1.00488,0.15087,28.50
$IMU,26862.800,-0.244,-0.061,-0.183,0.01806,1.00341,0.14990,28.50
$MAG,26862.802,-0.147,-0.523,-0.523,27.5
$IMU,26862.802,-0.305,-0.061,-0.183,0.01806,1.00439,0.14990,28.50
$IMU,26862.805,-0.366,0.000,-0.061,0.02001,1.00390,0.15283,28.50
$IMU,26862.807,-0.366,0.000,-0.122,0.01757,1.00244,0.14794,28.48
$IMU,26862.809,-0.427,0.122,-0.122,0.01806,1.00146,0.15136,28.48
$MAG,26862.812,-0.141,-0.522,-0.531,27.7
$IMU,26862.812,-0.244,-0.183,-0.122,0.01513,1.00439,0.15136,28.48
$IMU,26862.814,-0.305,-0.183,-0.183,0.01416,1.00292,0.15039,28.48
$IMU,26862.816,-0.305,0.000,-0.244,0.02099,1.00146,0.14990,28.48
$IMU,26862.819,-0.244,-0.061,-0.244,0.01708,1.00097,0.15185,28.48
$IMU,26862.821,-0.366,0.000,-0.122,0.01416,1.00244,0.15039,28.48
$MAG,26862.822,-0.145,-0.522,-0.522,27.6
$IMU,26862.823,-0.305,0.061,-0.122,0.01904,1.00097,0.15185,28.48
$IMU,26862.826,-0.244,-0.244,-0.061,0.01855,1.00244,0.15185,28.50
$IMU,26862.828,-0.183,-0.244,-0.183,0.02148,1.00292,0.14990,28.50
$IMU,26862.830,-0.122,-0.122,-0.183,0.01806,1.00439,0.15136,28.50
$MAG,26862.832,-0.148,-0.523,-0.522,27.6
$IMU,26862.833,-0.183,0.000,-0.244,0.01953,1.00341,0.15234,28.50
$IMU,26862.835,-0.244,0.000,-0.244,0.02001,1.00195,0.15429,28.50
$IMU,26862.837,-0.183,-0.061,-0.244,0.01611,1.00488,0.14990,28.50
$IMU,26862.840,-0.183,-0.122,-0.122,0.02001,1.00292,0.14941,28.50
$MAG,26862.842,-0.148,-0.523,-0.526,27.6
$IMU,26862.842,-0.183,-0.183,-0.183,0.02050,1.00439,0.15136,28.50
$IMU,26862.844,-0.183,-0.061,-0.122,0.01953,1.00439,0.15429,28.48
$IMU,26862.847,-0.183,-0.061,-0.122,0.01855,1.00292,0.15087,28.48
$IMU,26862.849,-0.244,0.061,-0.244,0.01757,1.00146,0.14990,28.48
$IMU,26862.851,-0.122,-0.183,-0.244,0.01708,1.00390,0.15185,28.48
$MAG,26862.852,-0.148,-0.528,-0.532,27.6
$IMU,26862.854,-0.305,0.061,-0.122,0.01757,1.00292,0.15283,28.48
$IMU,26862.856,-0.244,0.000,-0.183,0.01611,1.00341,0.15332,28.48
$IMU,26862.858,-0.244,0.000,-0.122,0.01660,1.00390,0.15136,28.48
$IMU,26862.861,-0.305,0.061,-0.061,0.01855,1.00341,0.15039,28.48
$MAG,26862.862,-0.153,-0.514,-0.531,27.6
$IMU,26862.863,-0.366,-0.061,-0.183,0.01757,1.00488,0.15087,28.50
$IMU,26862.865,-0.305,-0.122,-0.244,0.02001,1.00585,0.14941,28.50
$IMU,26862.868,-0.244,-0.183,-0.183,0.02197,1.00195,0.15185,28.50
$IMU,26862.870,-0.305,-0.183,-0.183,0.01708,1.00341,0.15039,28.50
$MAG,26862.873,-0.145,-0.517,-0.538,27.6
$IMU,26862.873,-0.366,0.000,-0.061,0.01660,0.99902,0.15087,28.50
$IMU,26862.875,-0.305,-0.061,-0.122,0.01904,1.00390,0.15087,28.50
$BARO,26862.876,86869.11,28.51
$IMU,26862.877,-0.305,-0.183,-0.122,0.01855,1.00146,0.14941,28.50
$IMU,26862.880,-0.366,-0.061,-0.122,0.01562,1.00390,0.15039,28.50
$IMU,26862.882,-0.366,-0.061,-0.122,0.01806,1.00244,0.15283,28.48
$MAG,26862.883,-0.144,-0.517,-0.537,27.6
$IMU,26862.884,-0.366,-0.122,-0.183,0.01953,1.00097,0.15332,28.48
$IMU,26862.887,-0.305,0.000,-0.244,0.01904,1.00341,0.14990,28.48
$IMU,26862.889,-0.366,0.000,-0.183,0.01757,1.00244,0.15185,28.48
$IMU,26862.891,-0.305,-0.183,-0.183,0.01757,1.00244,0.15283,28.48
$MAG,26862.893,-0.145,-0.522,-0.534,27.6
$IMU,26862.894,-0.305,-0.122,-0.183,0.01855,1.00292,0.15136,28.48
$IMU,26862.896,-0.366,-0.061,-0.183,0.01416,1.00244,0.14990,28.48
$IMU,26862.898,-0.427,0.000,-0.183,0.01855,1.00292,0.15234,28.48
$IMU,26862.901,-0.305,-0.061,-0.183,0.01757,1.00244,0.14941,28.50
$MAG,26862.903,-0.147,-0.517,-0.538,27.6
$IMU,26862.903,-0.244,-0.061,-0.183,0.02001,1.00341,0.14892,28.50
$IMU,26862.905,-0.244,-0.244,-0.183,0.02001,1.00292,0.15087,28.50
$IMU,26862.908,-0.183,0.000,-0.183,0.01757,1.00244,0.15136,28.50
$IMU,26862.910,-0.183,0.061,-0.183,0.01806,1.00292,0.14990,28.50
$IMU,26862.912,-0.183,-0.061,-0.183,0.01708,1.00195,0.15136,28.50
$MAG,26862.913,-0.138,-0.520,-0.535,27.6
$IMU,26862.915,-0.183,0.000,-0.183,0.01562,1.00341,0.15136,28.50
$IMU,26862.917,-0.183,-0.061,-0.244,0.01562,1.00146,0.15136,28.50
$IMU,26862.919,-0.061,-0.183,-0.183,0.01660,1.00244,0.15087,28.50
$IMU,26862.922,-0.122,-0.183,-0.244,0.01757,1.00097,0.15185,28.50
$MAG,26862.923,-0.144,-0.516,-0.531,27.6
$IMU,26862.924,-0.183,0.000,-0.122,0.01855,1.00292,0.15185,28.50
$IMU,26862.926,-0.183,0.000,-0.122,0.01904,1.00341,0.15332,28.50
$IMU,26862.929,-0.183,-0.183,-0.122,0.01708,1.00048,0.15185,28.50
$IMU,26862.931,-0.122,-0.244,-0.122,0.01953,1.00292,0.15283,28.50
$MAG,26862.933,-0.138,-0.513,-0.532,27.6
$IMU,26862.934,-0.244,-0.122,-0.244,0.01855,1.00390,0.14990,28.50
$IMU,26862.936,-0.244,-0.061,-0.183,0.01904,1.00244,0.14990,28.50
$IMU,26862.938,-0.366,0.000,-0.122,0.01757,1.00292,0.15087,28.43
$IMU,26862.941,-0.305,-0.061,-0.122,0.02050,1.00537,0.15234,28.43
$MAG,26862.943,-0.145,-0.526,-0.534,27.7
$IMU,26862.943,-0.183,-0.244,-0.061,0.01855,1.00537,0.15332,28.43
$IMU,26862.945,-0.244,-0.122,-0.061,0.01708,1.00537,0.15136,28.43
$IMU,26862.948,-0.366,0.061,-0.183,0.01757,1.00244,0.14892,28.43
$IMU,26862.950,-0.427,0.061,-0.183,0.01806,1.00439,0.15185,28.43
$IMU,26862.952,-0.366,-0.061,-0.183,0.01904,1.00488,0.15136,28.43
$MAG,26862.953,-0.145,-0.520,-0.535,27.6
$IMU,26862.955,-0.366,-0.061,-0.183,0.01953,1.00585,0.15039,28.43
$IMU,26862.957,-0.305,-0.061,-0.183,0.01953,1.00390,0.15039,28.46
$IMU,26862.959,-0.305,-0.061,-0.122,0.01855,1.00146,0.15039,28.46
$IMU,26862.962,-0.366,0.061,-0.122,0.02001,1.00097,0.14697,28.46
$MAG,26862.963,-0.147,-0.517,-0.538,27.6
$IMU,26862.964,-0.305,0.000,-0.183,0.02001,1.00292,0.15039,28.46
$IMU,26862.966,-0.244,-0.122,-0.183,0.02294,1.00781,0.15087,28.46
$IMU,26862.969,-0.244,-0.244,-0.122,0.01806,1.00146,0.15136,28.46
$IMU,26862.971,-0.244,-0.061,-0.183,0.01904,1.00390,0.15332,28.46
$MAG,26862.973,-0.145,-0.522,-0.528,27.6
$IMU,26862.973,-0.305,0.061,-0.183,0.01855,1.00585,0.15283,28.46
$IMU,26862.976,-0.305,0.000,-0.122,0.02001,1.00537,0.15136,28.50
$BARO,26862.978,86876.76,28.51
$IMU,26862.978,-0.244,0.000,-0.122,0.01855,1.00244,0.14794,28.50
$IMU,26862.980,-0.183,-0.183,-0.183,0.01855,1.00390,0.15136,28.50
$IMU,26862.983,-0.244,-0.061,-0.183,0.01708,1.00439,0.15039,28.50
$MAG,26862.984,-0.142,-0.516,-0.535,27.6
$IMU,26862.985,-0.183,0.000,-0.183,0.02099,1.00390,0.15136,28.50
$IMU,26862.987,-0.244,0.061,-0.122,0.01904,1.00585,0.15234,28.50
$IMU,26862.990,-0.305,0.061,-0.183,0.01904,1.00146,0.15332,28.50
$IMU,26862.992,-0.183,-0.122,-0.183,0.02001,1.00292,0.15136,28.50
$MAG,26862.994,-0.139,-0.519,-0.528,27.5
$IMU,26862.995,-0.122,-0.183,-0.244,0.01416,1.00146,0.15087,28.46
$IMU,26862.997,-0.183,-0.061,-0.183,0.01611,1.00097,0.15087,28.46
$IMU,26862.999,-0.244,-0.061,-0.183,0.01806,1.00146,0.15234,28.46
$IMU,26863.002,-0.366,0.000,-0.244,0.01757,1.00390,0.15087,28.46
$MAG,26863.004,-0.150,-0.516,-0.540,27.6
$IMU,26863.004,-0.183,-0.061,-0.183,0.01757,1.00244,0.15087,28.46
$IMU,26863.006,-0.305,-0.061,-0.122,0.01855,1.00390,0.15332,28.46
$IMU,26863.009,-0.305,0.000,-0.183,0.01611,1.00683,0.15087,28.46
$IMU,26863.011,-0.305,0.000,-0.122,0.01806,1.00195,0.14990,28.46
$IMU,26863.013,-0.305,-0.061,-0.183,0.01611,1.00244,0.14941,28.42
$MAG,26863.014,-0.141,-0.526,-0.537,27.6
$IMU,26863.016,-0.305,0.000,-0.183,0.01953,1.00634,0.14892,28.42
$IMU,26863.018,-0.244,-0.061,-0.183,0.01660,1.00292,0.15087,28.42
$IMU,26863.020,-0.122,-0.244,-0.122,0.01904,1.00537,0.15185,28.42
$IMU,26863.023,-0.244,0.000,-0.122,0.01757,1.00585,0.15234,28.42
$MAG,26863.024,-0.145,-0.519,-0.529,27.6
$IMU,26863.025,-0.366,-0.061,-0.061,0.01806,1.00634,0.15185,28.42
$IMU,26863.027,-0.305,0.000,-0.183,0.01904,1.00488,0.15039,28.42
$IMU,26863.030,-0.305,-0.122,-0.183,0.02294,1.00244,0.15136,28.42
$IMU,26863.032,-0.183,-0.305,-0.244,0.01855,1.00341,0.15283,28.50
$MAG,26863.034,-0.148,-0.520,-0.531,27.6
$IMU,26863.034,-0.183,-0.244,-0.244,0.01513,1.00048,0.15039,28.50
$IMU,26863.037,-0.122,-0.122,-0.122,0.01806,1.00439,0.15136,28.50
$IMU,26863.039,-0.244,-0.244,-0.122,0.01708,1.00390,0.15087,28.50
$IMU,26863.041,-0.305,-0.061,-0.122,0.01904,1.00146,0.14892,28.50
$MAG,26863.044,-0.145,-0.526,-0.532,27.6
$IMU,26863.044,-0.244,0.000,-0.122,0.02001,1.00195,0.15087,28.50
$IMU,26863.046,-0.183,-0.122,-0.122,0.01904,1.00439,0.15332,28.50
$IMU,26863.048,-0.183,0.000,-0.183,0.01660,1.00146,0.15234,28.50
$IMU,26863.051,-0.183,-0.061,-0.183,0.02050,1.00097,0.15234,28.49
$IMU,26863.053,-0.183,-0.061,-0.183,0.01953,1.00341,0.15136,28.49
$MAG,26863.054,-0.142,-0.523,-0.531,27.6
$IMU,26863.056,-0.244,-0.061,-0.183,0.01464,1.00195,0.15087,28.49
$IMU,26863.058,-0.244,-0.061,-0.183,0.01855,1.00195,0.15136,28.49
$IMU,26863.060,-0.244,-0.061,-0.122,0.01806,0.99951,0.15234,28.49
$IMU,26863.063,-0.305,-0.061,-0.183,0.01757,1.00341,0.15234,28.49
$MAG,26863.064,-0.144,-0.517,-0.538,27.5
$IMU,26863.065,-0.244,-0.122,-0.244,0.01806,1.00390,0.15136,28.49
$IMU,26863.067,-0.244,-0.122,-0.244,0.01757,1.00292,0.15136,28.49
$IMU,26863.070,-0.183,-0.061,-0.244,0.01611,1.00439,0.14892,28.51
$IMU,26863.072,-0.183,-0.122,-0.183,0.01855,1.00341,0.14990,28.51
$MAG,26863.074,-0.148,-0.523,-0.528,27.6
$IMU,26863.074,-0.244,-0.122,-0.183,0.01806,1.00341,0.15087,28.51
$IMU,26863.077,-0.305,-0.061,-0.061,0.01660,1.00244,0.15234,28.51
$BARO,26863.079,86860.45,28.52
$IMU,26863.079,-0.366,0.000,-0.061,0.01708,1.00292,0.15185,28.51
$IMU,26863.081,-0.366,-0.122,-0.122,0.01953,1.00390,0.15185,28.51
$MAG,26863.084,-0.136,-0.523,-0.529,27.6
$IMU,26863.084,-0.366,-0.061,-0.244,0.01562,1.00537,0.15185,28.51
$IMU,26863.086,-0.305,0.000,-0.183,0.01708,1.00292,0.14892,28.51
$IMU,26863.088,-0.366,-0.122,-0.183,0.01562,1.00292,0.15185,28.44
$IMU,26863.091,-0.366,0.000,-0.122,0.01855,1.00585,0.15234,28.44
$IMU,26863.093,-0.366,0.183,-0.061,0.01904,1.00634,0.15136,28.44
$MAG,26863.094,-0.142,-0.523,-0.531,27.6
$IMU,26863.095,-0.305,-0.061,-0.122,0.01708,1.00488,0.14892,28.44
$IMU,26863.098,-0.305,-0.061,-0.244,0.01806,1.00537,0.15234,28.44
$IMU,26863.100,-0.244,0.000,-0.183,0.01708,1.00732,0.15283,28.44
$IMU,26863.102,-0.183,0.000,-0.183,0.01953,1.00488,0.15283,28.44
$MAG,26863.105,-0.141,-0.522,-0.531,27.6
$IMU,26863.105,-0.244,-0.061,-0.122,0.01757,1.00146,0.15283,28.44
$IMU,26863.107,-0.183,-0.122,-0.122,0.01806,1.00488,0.14990,28.49
$IMU,26863.109,-0.183,-0.183,-0.122,0.02001,1.00537,0.15234,28.49
$IMU,26863.112,-0.244,-0.122,-0.183,0.02099,1.00097,0.14990,28.49
$IMU,26863.114,-0.183,-0.122,-0.183,0.01806,1.00195,0.15283,28.49
$MAG,26863.115,-0.153,-0.516,-0.529,27.6
$IMU,26863.117,-0.183,-0.061,-0.183,0.02050,1.00244,0.15039,28.49
$IMU,26863.119,-0.183,-0.061,-0.244,0.01953,1.00292,0.15039,28.49
$IMU,26863.121,-0.183,-0.183,-0.122,0.01806,1.00634,0.15283,28.49
$IMU,26863.124,-0.122,-0.183,-0.183,0.01513,1.00000,0.15185,28.49
$MAG,26863.125,-0.154,-0.526,-0.528,27.6
$IMU,26863.126,-0.183,-0.122,-0.122,0.01757,1.00488,0.14941,28.51
$IMU,26863.128,-0.183,0.000,-0.122,0.01953,1.00097,0.15283,28.51
$IMU,26863.131,-0.122,-0.061,-0.122,0.01708,1.00732,0.15087,28.51
$IMU,26863.133,-0.183,-0.122,-0.183,0.01708,1.00439,0.14990,28.51
$MAG,26863.135,-0.142,-0.514,-0.517,27.6
$IMU,26863.135,-0.244,-0.122,-0.183,0.01708,1.00292,0.15185,28.51
$IMU,26863.138,-0.244,-0.061,-0.244,0.01806,1.00585,0.15087,28.51
$IMU,26863.140,-0.244,0.000,-0.244,0.01660,1.00048,0.15136,28.51
$IMU,26863.142,-0.244,-0.061,-0.183,0.01757,1.00537,0.15234,28.51
$MAG,26863.145,-0.142,-0.526,-0.531,27.6
$IMU,26863.145,-0.305,-0.122,-0.122,0.01416,1.00341,0.15185,28.48
$IMU,26863.147,-0.244,-0.122,-0.183,0.01660,1.00341,0.15283,28.48
$IMU,26863.149,-0.305,-0.122,-0.122,0.01904,1.00244,0.14990,28.48
$IMU,26863.152,-0.305,-0.061,-0.183,0.02001,1.00390,0.15039,28.48
$IMU,26863.154,-0.305,-0.122,-0.244,0.02148,1.00195,0.15234,28.48
$MAG,26863.155,-0.144,-0.513,-0.529,27.7
$IMU,26863.156,-0.244,-0.061,-0.183,0.02050,1.00341,0.15087,28.48
$IMU,26863.159,-0.305,-0.122,-0.183,0.01806,1.00390,0.15039,28.48
$IMU,26863.161,-0.244,-0.244,-0.183,0.01757,1.00097,0.15136,28.48
$IMU,26863.163,-0.305,-0.183,-0.183,0.01708,1.00146,0.15087,28.47
$MAG,26863.165,-0.148,-0.526,-0.528,27.6
$IMU,26863.166,-0.305,0.000,-0.122,0.01708,1.00048,0.15185,28.47
$IMU,26863.168,-0.427,0.000,-0.183,0.01660,1.00683,0.15136,28.47
$IMU,26863.170,-0.305,-0.122,-0.183,0.01562,1.00341,0.15380,28.47
$IMU,26863.173,-0.244,-0.122,-0.244,0.01660,1.00097,0.15332,28.47
$MAG,26863.175,-0.144,-0.522,-0.528,27.6
$IMU,26863.175,-0.244,-0.183,-0.183,0.02001,0.99951,0.15332,28.47
$IMU,26863.178,-0.244,-0.183,-0.183,0.01953,1.00195,0.15234,28.47
$BARO,26863.180,86867.30,28.51
$IMU,26863.180,-0.244,-0.061,-0.183,0.01904,1.00439,0.15185,28.47
$IMU,26863.182,-0.244,0.000,-0.183,0.01855,1.00390,0.15234,28.50
$MAG,26863.185,-0.136,-0.522,-0.529,27.6
$IMU,26863.185,-0.183,-0.122,-0.183,0.01904,1.00439,0.15185,28.50
$IMU,26863.187,-0.183,-0.061,-0.183,0.01806,1.00683,0.15039,28.50
$IMU,26863.189,-0.183,-0.183,-0.183,0.01953,1.00341,0.15087,28.50
$VBAT,26863.191,4.135
$IMU,26863.192,-0.122,0.000,-0.183,0.02294,1.00585,0.14990,28.50
$IMU,26863.194,-0.122,-0.122,-0.183,0.01806,1.00292,0.15039,28.50
$MAG,26863.195,-0.144,-0.520,-0.535,27.6
$IMU,26863.196,-0.122,-0.061,-0.122,0.01708,1.00244,0.15136,28.50
$IMU,26863.199,-0.183,-0.122,-0.061,0.01855,1.00585,0.14990,28.50
$IMU,26863.201,-0.122,-0.122,-0.122,0.01708,1.00537,0.15136,28.50
$IMU,26863.203,-0.183,-0.061,-0.183,0.02050,1.00048,0.15136,28.50
$MAG,26863.205,-0.148,-0.517,-0.525,27.6
$IMU,26863.206,-0.122,-0.061,-0.183,0.01660,1.00292,0.15039,28.50
$IMU,26863.208,-0.183,-0.061,-0.122,0.01708,1.00390,0.14843,28.50
$IMU,26863.210,-0.183,-0.122,-0.183,0.01855,1.00244,0.14941,28.50
$IMU,26863.213,-0.183,-0.061,-0.122,0.02050,1.00341,0.15185,28.50
$IMU,26863.215,-0.244,-0.061,-0.183,0.01660,1.00585,0.14892,28.50
$MAG,26863.216,-0.138,-0.523,-0.534,27.5
$IMU,26863.217,-0.244,-0.061,-0.122,0.01806,1.00537,0.15039,28.50
$IMU,26863.220,-0.244,-0.183,-0.183,0.01660,1.00048,0.14892,28.49
$IMU,26863.222,-0.305,0.061,-0.183,0.01416,1.00341,0.14941,28.49
$IMU,26863.224,-0.366,0.000,-0.244,0.01611,1.00634,0.15136,28.49
$MAG,26863.226,-0.144,-0.523,-0.528,27.6
$IMU,26863.227,-0.366,-0.122,-0.305,0.01562,1.00683,0.15087,28.49
$IMU,26863.229,-0.488,0.061,-0.122,0.01708,1.00097,0.15234,28.49
$IMU,26863.231,-0.427,0.000,-0.122,0.01513,1.00292,0.15234,28.49
$IMU,26863.234,-0.366,-0.183,-0.061,0.01416,1.00439,0.15332,28.49
$MAG,26863.236,-0.145,-0.519,-0.532,27.6
$IMU,26863.236,-0.366,0.000,-0.122,0.01953,1.00146,0.15380,28.49
$IMU,26863.238,-0.427,0.000,-0.183,0.01562,1.00244,0.15039,28.44
$IMU,26863.241,-0.366,-0.183,-0.183,0.01757,1.00244,0.15283,28.44
$IMU,26863.243,-0.305,-0.122,-0.244,0.01611,1.00390,0.15136,28.44
$MAG,26863.246,-0.139,-0.522,-0.538,27.6
$IMU,26863.246,-0.366,-0.183,-0.183,0.01660,1.00000,0.15283,28.44
$IMU,26863.248,-0.305,-0.122,-0.183,0.01562,1.00097,0.15332,28.44
$IMU,26863.250,-0.244,-0.183,-0.183,0.01904,1.00048,0.15234,28.44
$IMU,26863.253,-0.244,-0.183,-0.244,0.01708,1.00292,0.15087,28.44
$IMU,26863.255,-0.244,-0.122,-0.122,0.01708,1.00146,0.15380,28.44
$MAG,26863.256,-0.142,-0.520,-0.528,27.6
$IMU,26863.257,-0.244,0.000,-0.122,0.01953,1.00439,0.15283,28.50
$IMU,26863.260,-0.305,0.000,-0.183,0.01611,1.00390,0.14990,28.50
$IMU,26863.262,-0.244,-0.122,-0.183,0.01660,1.00195,0.15283,28.50
$IMU,26863.264,-0.122,-0.183,-0.183,0.01708,1.00244,0.15283,28.50
$MAG,26863.266,-0.141,-0.520,-0.531,27.6
$IMU,26863.267,-0.061,-0.183,-0.061,0.01708,1.00439,0.15039,28.50
$IMU,26863.269,-0.122,-0.061,-0.122,0.01513,1.00537,0.15039,28.50
$IMU,26863.271,-0.122,-0.122,-0.122,0.01855,1.00097,0.15478,28.50
$IMU,26863.274,-0.183,-0.061,-0.183,0.01708,1.00341,0.15234,28.50
$MAG,26863.276,-0.136,-0.529,-0.535,27.5
$IMU,26863.276,-0.122,-0.122,-0.183,0.01562,1.00488,0.15039,28.48
$IMU,26863.278,-0.122,-0.061,-0.183,0.01855,1.00292,0.15136,28.48
$IMU,26863.281,-0.122,-0.122,-0.122,0.01611,1.00585,0.15527,28.48
$BARO,26863.282,86862.01,28.52
$IMU,26863.283,-0.122,-0.183,-0.183,0.01611,1.00195,0.15234,28.48
$IMU,26863.285,-0.183,0.000,-0.122,0.01708,1.00292,0.15185,28.48
$MAG,26863.286,-0.145,-0.525,-0.528,27.6
$IMU,26863.288,-0.183,-0.061,-0.183,0.01513,1.00244,0.15185,28.48
$IMU,26863.290,-0.244,-0.122,-0.244,0.01953,1.00244,0.15136,28.48
$IMU,26863.292,-0.183,-0.061,-0.244,0.01855,0.99951,0.15087,28.48
$IMU,26863.295,-0.244,-0.061,-0.122,0.01708,1.00048,0.14990,28.46
$MAG,26863.296,-0.144,-0.511,-0.529,27.6
$IMU,26863.297,-0.366,-0.061,-0.183,0.01855,1.00097,0.14843,28.46
$IMU,26863.299,-0.305,0.000,-0.183,0.01953,1.00390,0.14843,28.46
$IMU,26863.302,-0.244,-0.122,-0.183,0.02050,1.00244,0.15039,28.46
$IMU,26863.304,-0.366,0.061,-0.244,0.02099,1.00146,0.15039,28.46
$MAG,26863.306,-0.144,-0.523,-0.531,27.6
$IMU,26863.307,-0.427,0.061,-0.183,0.01904,1.00390,0.15136,28.46
$IMU,26863.309,-0.305,-0.061,-0.183,0.01904,1.00292,0.15136,28.46
$IMU,26863.311,-0.427,0.061,-0.183,0.02001,1.00537,0.15332,28.46
$IMU,26863.314,-0.366,-0.061,-0.122,0.01904,1.00292,0.15234,28.48
$MAG,26863.316,-0.139,-0.516,-0.540,27.5
$IMU,26863.316,-0.305,-0.183,-0.183,0.01660,1.00683,0.15283,28.48
$IMU,26863.318,-0.305,-0.122,-0.183,0.02197,1.00341,0.15136,28.48
$IMU,26863.321,-0.366,0.000,-0.122,0.02099,0.99951,0.15185,28.48
$IMU,26863.323,-0.305,-0.183,-0.183,0.01855,1.00341,0.15283,28.48
$IMU,26863.325,-0.244,-0.183,-0.183,0.01855,1.00683,0.15478,28.48
$MAG,26863.327,-0.144,-0.520,-0.537,27.6
$IMU,26863.328,-0.305,-0.061,-0.183,0.01416,1.00292,0.15283,28.48
$IMU,26863.330,-0.244,-0.061,-0.183,0.01806,1.00292,0.15039,28.48
$IMU,26863.332,-0.244,-0.061,-0.061,0.01953,1.00244,0.15185,28.50
$IMU,26863.335,-0.183,-0.122,-0.122,0.01953,1.00439,0.15136,28.50
$MAG,26863.337,-0.150,-0.529,-0.528,27.6
$IMU,26863.337,-0.183,-0.122,-0.122,0.01855,1.00634,0.15087,28.50
$IMU,26863.339,-0.122,-0.122,-0.183,0.01806,1.00488,0.15136,28.50
$IMU,26863.342,-0.061,-0.122,-0.122,0.01562,1.00488,0.15283,28.50
$IMU,26863.344,-0.183,-0.061,-0.244,0.01757,1.00537,0.15332,28.50
$IMU,26863.346,-0.183,-0.122,-0.183,0.01513,1.00488,0.15283,28.50
$MAG,26863.347,-0.139,-0.520,-0.528,27.6
$IMU,26863.349,-0.183,0.000,-0.122,0.01806,1.00244,0.15185,28.50
$IMU,26863.351,-0.122,-0.122,-0.122,0.01953,1.00146,0.14941,28.51
$IMU,26863.353,-0.061,-0.244,-0.183,0.01953,1.00048,0.14892,28.51
$IMU,26863.356,-0.183,-0.061,-0.122,0.01806,1.00146,0.14941,28.51
$MAG,26863.357,-0.151,-0.517,-0.534,27.5
$IMU,26863.358,-0.244,-0.061,-0.183,0.01757,1.00390,0.15380,28.51
$IMU,26863.360,-0.305,0.000,-0.244,0.01513,1.00537,0.15136,28.51
$IMU,26863.363,-0.366,0.061,-0.183,0.01904,1.00439,0.15234,28.51
$IMU,26863.365,-0.366,-0.122,-0.122,0.01806,1.00292,0.14941,28.51
$MAG,26863.367,-0.141,-0.517,-0.526,27.6
$IMU,26863.368,-0.305,-0.122,-0.183,0.01562,1.00244,0.15185,28.51
$IMU,26863.370,-0.366,0.000,-0.061,0.01806,1.00244,0.15136,28.50
$IMU,26863.372,-0.427,0.061,-0.183,0.01904,1.00244,0.15136,28.50
$IMU,26863.375,-0.427,0.000,-0.244,0.01953,1.00341,0.15283,28.50
$MAG,26863.377,-0.141,-0.522,-0.538,27.6
$IMU,26863.377,-0.305,-0.122,-0.183,0.02001,1.00292,0.15039,28.50
$IMU,26863.379,-0.305,-0.183,-0.183,0.02099,1.00341,0.15332,28.50
$IMU,26863.382,-0.427,0.000,-0.183,0.01708,1.00390,0.15087,28.50
$BARO,26863.383,86865.50,28.52
$IMU,26863.384,-0.427,0.000,-0.122,0.01708,1.00488,0.15136,28.50
$IMU,26863.386,-0.427,0.000,-0.122,0.01904,1.00488,0.15087,28.50
$MAG,26863.387,-0.141,-0.520,-0.532,27.7
$IMU,26863.389,-0.366,0.000,-0.183,0.01806,1.00097,0.14941,28.50
$IMU,26863.391,-0.305,-0.122,-0.183,0.01904,1.00439,0.15234,28.50
$IMU,26863.393,-0.183,-0.122,-0.183,0.01708,1.00390,0.15185,28.50
$IMU,26863.396,-0.244,-0.122,-0.183,0.01855,1.00537,0.15087,28.50
$MAG,26863.397,-0.144,-0.525,-0.531,27.6
$IMU,26863.398,-0.366,-0.122,-0.122,0.01806,1.00585,0.15136,28.50
$IMU,26863.400,-0.305,-0.061,-0.061,0.01855,1.00244,0.15136,28.50
$IMU,26863.403,-0.305,0.061,-0.122,0.02001,1.00634,0.15087,28.50
$IMU,26863.405,-0.305,0.000,-0.122,0.01660,1.00488,0.15136,28.50
$MAG,26863.407,-0.139,-0.520,-0.532,27.6
$IMU,26863.407,-0.122,-0.061,-0.183,0.01904,1.00195,0.14941,28.49
$IMU,26863.410,-0.061,-0.122,-0.244,0.01708,1.00585,0.15234,28.49
$IMU,26863.412,-0.183,-0.061,-0.305,0.01757,1.00537,0.15185,28.49
$IMU,26863.414,-0.244,0.000,-0.244,0.01904,1.00439,0.15087,28.49
$MAG,26863.417,-0.150,-0.523,-0.532,27.7
$IMU,26863.417,-0.122,-0.061,-0.183,0.01416,1.00537,0.15039,28.49
$IMU,26863.419,-0.122,-0.244,-0.122,0.01904,1.00097,0.15136,28.49
$IMU,26863.421,-0.183,-0.122,-0.244,0.01806,1.00244,0.15039,28.49
$IMU,26863.424,-0.061,-0.244,-0.244,0.01757,1.00390,0.15039,28.49
$IMU,26863.426,-0.183,-0.244,-0.244,0.01904,1.00000,0.15185,28.50
$MAG,26863.427,-0.144,-0.514,-0.532,27.6
$IMU,26863.429,-0.305,-0.183,-0.244,0.02148,1.00195,0.15283,28.50
$IMU,26863.431,-0.244,0.000,-0.183,0.01855,1.00439,0.15429,28.50
$IMU,26863.433,-0.183,-0.122,-0.244,0.01806,1.00195,0.14843,28.50
$IMU,26863.436,-0.427,-0.061,-0.122,0.01757,1.00683,0.14892,28.50
$MAG,26863.438,-0.147,-0.529,-0.529,27.7
$IMU,26863.438,-0.427,0.122,-0.183,0.01757,1.00341,0.14990,28.50
$IMU,26863.440,-0.305,-0.061,-0.183,0.01806,1.00683,0.15283,28.50
$IMU,26863.443,-0.366,-0.061,-0.183,0.01757,1.00292,0.15185,28.50
$IMU,26863.445,-0.366,0.000,-0.183,0.01562,1.00097,0.15039,28.51
$IMU,26863.447,-0.366,0.000,-0.183,0.01464,1.00341,0.15087,28.51
$MAG,26863.448,-0.142,-0.516,-0.535,27.6
$IMU,26863.450,-0.305,-0.061,-0.122,0.01757,1.00195,0.15087,28.51
$IMU,26863.452,-0.305,-0.122,-0.122,0.01708,1.00097,0.15039,28.51
$IMU,26863.454,-0.366,-0.061,-0.183,0.01757,1.00195,0.15039,28.51
$IMU,26863.457,-0.305,-0.122,-0.183,0.01708,1.00195,0.15039,28.51
$MAG,26863.458,-0.141,-0.525,-0.531,27.6
$IMU,26863.459,-0.244,-0.061,-0.183,0.01757,1.00439,0.15283,28.51
$IMU,26863.461,-0.244,-0.061,-0.183,0.01513,1.00292,0.15087,28.51
$IMU,26863.464,-0.183,-0.061,-0.183,0.01806,0.99951,0.15332,28.52
$IMU,26863.466,-0.122,-0.061,-0.122,0.01904,1.00244,0.15283,28.52
$MAG,26863.468,-0.147,-0.519,-0.528,27.6
$IMU,26863.468,-0.183,-0.061,-0.122,0.01806,1.00341,0.15087,28.52
$IMU,26863.471,-0.122,-0.244,-0.183,0.02099,1.00195,0.15136,28.52
$IMU,26863.473,-0.122,-0.122,-0.122,0.01757,1.00537,0.15185,28.52
$IMU,26863.475,-0.183,0.000,-0.183,0.01513,1.00292,0.15185,28.52
$MAG,26863.478,-0.144,-0.517,-0.523,27.6
$IMU,26863.478,-0.183,-0.061,-0.183,0.01855,1.00537,0.14892,28.52
$IMU,26863.480,-0.244,0.000,-0.183,0.01806,1.00439,0.15185,28.52
$IMU,26863.482,-0.183,0.000,-0.183,0.01855,1.00146,0.14941,28.47
$BARO,26863.485,86879.54,28.52
$IMU,26863.485,-0.183,-0.122,-0.122,0.01660,1.00000,0.15429,28.47
$IMU,26863.487,-0.122,-0.061,-0.061,0.01611,1.00146,0.15185,28.47
$MAG,26863.488,-0.147,-0.529,-0.534,27.6
$IMU,26863.490,-0.183,0.000,-0.122,0.01318,0.99902,0.15136,28.47
$IMU,26863.492,-0.366,0.183,-0.244,0.02099,1.00439,0.14794,28.47
$IMU,26863.494,-0.305,0.000,-0.183,0.01806,1.00341,0.15087,28.47
$IMU,26863.497,-0.183,-0.244,-0.244,0.01513,1.00244,0.14990,28.47
$MAG,26863.498,-0.139,-0.522,-0.528,27.6
$IMU,26863.499,-0.305,-0.122,-0.183,0.02001,1.00292,0.15185,28.47
$IMU,26863.501,-0.305,-0.061,-0.183,0.01562,1.00390,0.15234,28.51
$IMU,26863.504,-0.244,-0.122,-0.061,0.01806,1.00390,0.14941,28.51
$IMU,26863.506,-0.366,-0.061,-0.183,0.01757,1.00195,0.14941,28.51
$MAG,26863.508,-0.139,-0.525,-0.535,27.7
$IMU,26863.508,-0.305,-0.183,-0.183,0.01855,1.00292,0.15039,28.51
$IMU,26863.511,-0.305,-0.122,-0.183,0.01806,1.00341,0.15039,28.51
$IMU,26863.513,-0.366,-0.183,-0.122,0.01757,1.00146,0.15136,28.51
$IMU,26863.515,-0.427,-0.122,-0.183,0.01708,1.00488,0.15185,28.51
$MAG,26863.518,-0.142,-0.519,-0.531,27.6
$IMU,26863.518,-0.488,0.061,-0.183,0.02099,1.00439,0.15234,28.51
$IMU,26863.520,-0.366,-0.183,-0.122,0.01806,1.00097,0.15136,28.50
$IMU,26863.522,-0.366,-0.122,-0.183,0.01757,1.00341,0.15234,28.50
$IMU,26863.525,-0.305,0.000,-0.122,0.01904,1.00585,0.14990,28.50
$IMU,26863.527,-0.366,0.000,-0.122,0.02050,1.00341,0.15234,28.50
$MAG,26863.528,-0.151,-0.513,-0.537,27.6
$IMU,26863.529,-0.305,-0.122,-0.183,0.01953,1.00097,0.15283,28.50
$IMU,26863.532,-0.366,-0.061,-0.183,0.01904,1.00292,0.15527,28.50
$HUM,26863.534,34.3,28.9
$IMU,26863.534,-0.305,-0.061,-0.183,0.01757,1.00292,0.15429,28.50
$IMU,26863.536,-0.305,-0.061,-0.244,0.01757,1.00585,0.15185,28.50
$MAG,26863.538,-0.144,-0.522,-0.541,27.6
$IMU,26863.539,-0.305,0.000,-0.183,0.02050,1.00292,0.14990,28.50
$IMU,26863.541,-0.183,-0.183,-0.122,0.01513,1.00537,0.15185,28.50
$IMU,26863.543,-0.061,-0.244,-0.183,0.01562,1.00195,0.15380,28.50
$IMU,26863.546,-0.305,0.000,-0.183,0.01660,0.99853,0.15380,28.50
$MAG,26863.548,-0.136,-0.522,-0.523,27.6
$IMU,26863.548,-0.305,-0.061,-0.122,0.01611,1.00292,0.15039,28.50
$IMU,26863.551,-0.305,0.122,-0.183,0.01757,1.00292,0.15283,28.50
$IMU,26863.553,-0.183,-0.183,-0.183,0.01855,1.00292,0.15087,28.50
$IMU,26863.555,-0.183,-0.183,-0.122,0.01806,1.00244,0.15283,28.50
$IMU,26863.558,-0.244,-0.122,-0.122,0.02001,1.00146,0.15185,28.51
$MAG,26863.559,-0.145,-0.528,-0.529,27.6
$IMU,26863.560,-0.122,-0.061,-0.183,0.01953,1.00244,0.15185,28.51
$IMU,26863.562,-0.183,0.061,-0.183,0.01757,1.00195,0.15429,28.51
$IMU,26863.565,-0.183,-0.061,-0.183,0.01855,1.00390,0.15380,28.51
$IMU,26863.567,-0.244,-0.061,-0.122,0.01904,1.00048,0.15332,28.51
$MAG,26863.569,-0.147,-0.520,-0.531,27.7
$IMU,26863.569,-0.244,-0.061,-0.122,0.01855,1.00390,0.15039,28.51
$IMU,26863.572,-0.183,-0.183,-0.122,0.01708,1.00195,0.15039,28.51
$IMU,26863.574,-0.244,0.122,-0.122,0.01806,1.00390,0.15087,28.51
$IMU,26863.576,-0.244,0.061,-0.183,0.01562,1.00146,0.15039,28.48
$MAG,26863.579,-0.147,-0.517,-0.535,27.6
$IMU,26863.579,-0.305,-0.122,-0.183,0.01904,1.00488,0.15185,28.48
$IMU,26863.581,-0.183,-0.183,-0.122,0.01806,1.00488,0.15234,28.48
$IMU,26863.583,-0.183,-0.244,-0.122,0.01806,1.00390,0.14990,28.48
$BARO,26863.586,86871.89,28.52
$IMU,26863.586,-0.427,0.000,-0.183,0.01660,1.00146,0.15039,28.48
$IMU,26863.588,-0.366,0.061,-0.122,0.01708,1.00195,0.15136,28.48
$MAG,26863.589,-0.136,-0.516,-0.531,27.7
$IMU,26863.590,-0.305,0.122,-0.122,0.01660,1.00390,0.15185,28.48
$IMU,26863.593,-0.183,-0.122,-0.183,0.01464,1.00488,0.15039,28.48
$IMU,26863.595,-0.244,-0.122,-0.183,0.01611,1.00244,0.15087,28.51
$IMU,26863.597,-0.305,-0.061,-0.183,0.01611,0.99853,0.15039,28.51
$MAG,26863.599,-0.141,-0.523,-0.532,27.6
$IMU,26863.600,-0.366,0.000,-0.183,0.01855,1.00244,0.15380,28.51
$IMU,26863.602,-0.427,0.122,-0.061,0.01855,1.00244,0.15234,28.51
$IMU,26863.604,-0.366,-0.061,-0.183,0.01660,1.00097,0.15185,28.51
$IMU,26863.607,-0.305,-0.061,-0.122,0.01562,1.00439,0.15332,28.51
$MAG,26863.609,-0.145,-0.523,-0.529,27.6
$IMU,26863.609,-0.244,-0.183,-0.122,0.01757,1.00195,0.15234,28.51
$IMU,26863.611,-0.305,0.061,-0.122,0.01855,1.00244,0.15136,28.51
$IMU,26863.614,-0.244,0.000,-0.183,0.01708,1.00537,0.15087,28.51
$IMU,26863.616,-0.305,0.000,-0.183,0.01904,1.00146,0.15185,28.51
$MAG,26863.619,-0.148,-0.519,-0.531,27.6
$IMU,26863.619,-0.366,-0.061,-0.122,0.01464,1.00000,0.15087,28.51
$IMU,26863.621,-0.183,-0.244,-0.122,0.01708,1.00195,0.15429,28.51
$IMU,26863.623,-0.183,-0.183,-0.183,0.01611,1.00097,0.14941,28.51
$IMU,26863.626,-0.305,0.000,-0.122,0.01855,1.00048,0.15185,28.51
$IMU,26863.628,-0.244,-0.183,-0.183,0.01904,1.00488,0.15332,28.51
$MAG,26863.629,-0.139,-0.520,-0.529,27.6
$IMU,26863.630,-0.305,0.061,-0.183,0.02050,1.00146,0.15234,28.51
$IMU,26863.633,-0.305,0.000,-0.122,0.01855,1.00292,0.15429,28.50
$IMU,26863.635,-0.244,-0.061,-0.122,0.01513,1.00244,0.15185,28.50
$IMU,26863.637,-0.244,-0.122,-0.183,0.01757,1.00146,0.14941,28.50
$MAG,26863.639,-0.145,-0.519,-0.531,27.6
$IMU,26863.640,-0.305,-0.061,-0.183,0.01904,1.00000,0.15283,28.50
$IMU,26863.642,-0.305,0.061,-0.122,0.01464,1.00341,0.15039,28.50
$IMU,26863.644,-0.183,-0.183,-0.122,0.01562,1.00439,0.15136,28.50
$IMU,26863.647,-0.122,-0.122,-0.183,0.02099,1.00195,0.15087,28.50
$MAG,26863.649,-0.151,-0.520,-0.540,27.6
$IMU,26863.649,-0.244,-0.061,-0.122,0.02001,1.00390,0.14990,28.50
$IMU,26863.651,-0.244,-0.122,-0.183,0.01757,1.00634,0.15087,28.51
$IMU,26863.654,-0.244,-0.061,-0.183,0.01464,1.00341,0.15087,28.51
$IMU,26863.656,-0.305,-0.061,-0.122,0.01757,1.00537,0.15087,28.51
$IMU,26863.658,-0.305,-0.122,-0.183,0.02001,1.00439,0.15380,28.51
$MAG,26863.659,-0.154,-0.526,-0.537,27.6
$IMU,26863.661,-0.244,0.000,-0.122,0.01611,1.00292,0.15283,28.51
$IMU,26863.663,-0.183,-0.122,-0.183,0.01562,1.00244,0.15332,28.51
$IMU,26863.665,-0.244,-0.061,-0.183,0.01904,1.00585,0.15332,28.51
$IMU,26863.668,-0.244,-0.122,-0.122,0.02050,1.00390,0.15234,28.51
$MAG,26863.670,-0.147,-0.528,-0.532,27.6
$IMU,26863.670,-0.366,0.061,-0.122,0.01757,1.00585,0.15283,28.51
$IMU,26863.672,-0.305,-0.061,-0.122,0.01757,1.00439,0.15283,28.51
$IMU,26863.675,-0.366,0.000,-0.183,0.01855,1.00390,0.15136,28.51
$IMU,26863.677,-0.305,0.000,-0.122,0.01757,1.00341,0.15087,28.51
$MAG,26863.680,-0.145,-0.523,-0.534,27.6
$IMU,26863.680,-0.366,0.061,-0.183,0.01611,1.00146,0.15380,28.51
$IMU,26863.682,-0.244,-0.061,-0.183,0.01416,1.00048,0.15185,28.51
$IMU,26863.684,-0.122,-0.122,-0.183,0.01708,1.00146,0.15087,28.51
$IMU,26863.687,-0.183,-0.061,-0.183,0.01757,1.00195,0.14794,28.51
$BARO,26863.688,86868.91,28.52
$IMU,26863.689,-0.183,-0.183,-0.122,0.01660,1.00195,0.15185,28.51
$MAG,26863.690,-0.147,-0.526,-0.531,27.6
$IMU,26863.691,-0.244,-0.122,-0.122,0.01953,1.00292,0.15185,28.51
$IMU,26863.694,-0.183,0.000,-0.244,0.02001,1.00048,0.15185,28.51
$IMU,26863.696,-0.244,0.000,-0.183,0.01806,1.00146,0.15136,28.51
$IMU,26863.698,-0.183,-0.061,-0.244,0.01855,1.00048,0.15234,28.51
$MAG,26863.700,-0.139,-0.520,-0.529,27.3
$IMU,26863.701,-0.061,-0.183,-0.244,0.02099,1.00195,0.15234,28.51
$IMU,26863.703,-0.122,-0.183,-0.183,0.01953,1.00341,0.15380,28.51
$IMU,26863.705,-0.305,0.000,-0.122,0.01953,1.00000,0.14843,28.51
$IMU,26863.708,-0.244,0.122,-0.122,0.01904,0.99853,0.14941,28.50
$MAG,26863.710,-0.145,-0.525,-0.537,27.6
$IMU,26863.710,-0.183,0.000,-0.122,0.02246,1.00537,0.14843,28.50
$IMU,26863.712,-0.122,-0.183,-0.183,0.01855,1.00341,0.14990,28.50
$IMU,26863.715,-0.183,-0.183,-0.183,0.01611,1.00488,0.15039,28.50
$IMU,26863.717,-0.305,0.000,-0.183,0.02050,1.00488,0.14941,28.50
$IMU,26863.719,-0.366,0.061,-0.183,0.01757,1.00244,0.14746,28.50
$MAG,26863.720,-0.144,-0.525,-0.526,27.6
$IMU,26863.722,-0.366,0.061,-0.183,0.01562,1.00341,0.15087,28.50
$IMU,26863.724,-0.244,-0.061,-0.183,0.01855,1.00097,0.15087,28.50
$IMU,26863.726,-0.305,-0.122,-0.122,0.01904,1.00146,0.15185,28.56
$IMU,26863.729,-0.305,-0.122,-0.122,0.01757,1.00537,0.15283,28.56
$MAG,26863.730,-0.148,-0.520,-0.529,27.6
$IMU,26863.731,-0.427,0.000,-0.183,0.01708,1.00439,0.14990,28.56
$IMU,26863.733,-0.305,-0.061,-0.244,0.01904,1.00439,0.14990,28.56
$IMU,26863.736,-0.305,-0.122,-0.183,0.02001,1.00390,0.15429,28.56
$IMU,26863.738,-0.244,-0.122,-0.183,0.01708,1.00537,0.15429,28.56
$MAG,26863.740,-0.151,-0.528,-0.532,27.6
$IMU,26863.741,-0.244,-0.183,-0.183,0.01611,1.00195,0.15087,28.56
$IMU,26863.743,-0.244,-0.061,-0.122,0.01562,1.00537,0.14990,28.56
$IMU,26863.745,-0.305,0.000,-0.061,0.01904,1.00292,0.15087,28.53
$IMU,26863.748,-0.244,-0.122,-0.122,0.02099,1.00146,0.15332,28.53
$MAG,26863.750,-0.133,-0.517,-0.535,27.6
$IMU,26863.750,-0.183,-0.183,-0.183,0.01757,1.00244,0.15283,28.53
$IMU,26863.752,-0.244,-0.122,-0.244,0.01562,1.00195,0.15332,28.53
$IMU,26863.755,-0.305,-0.122,-0.122,0.01757,1.00341,0.15136,28.53
$IMU,26863.757,-0.305,-0.061,-0.122,0.01904,1.00000,0.15283,28.53
$IMU,26863.759,-0.366,0.122,-0.122,0.01464,1.00000,0.15136,28.53
$MAG,26863.760,-0.151,-0.532,-0.534,27.6
$IMU,26863.762,-0.305,0.061,-0.183,0.01855,1.00195,0.15429,28.53
$IMU,26863.764,-0.122,-0.244,-0.183,0.02001,1.00341,0.15332,28.49
$IMU,26863.766,-0.183,-0.305,-0.244,0.01660,1.00292,0.14794,28.49
$IMU,26863.769,-0.244,-0.061,-0.244,0.01660,1.00390,0.15039,28.49
$MAG,26863.770,-0.147,-0.517,-0.538,27.6
$IMU,26863.771,-0.305,0.000,-0.183,0.02148,1.00341,0.15087,28.49
$IMU,26863.773,-0.183,-0.183,-0.183,0.02392,1.00488,0.15136,28.49
$IMU,26863.776,-0.183,-0.122,-0.122,0.01562,1.00146,0.14843,28.49
$IMU,26863.778,-0.244,-0.122,-0.122,0.01757,1.00634,0.14941,28.49
$MAG,26863.780,-0.142,-0.517,-0.528,27.6
$IMU,26863.780,-0.244,0.000,-0.244,0.01660,1.00048,0.15234,28.49
$IMU,26863.783,-0.244,-0.061,-0.183,0.01708,1.00537,0.15283,28.53
$IMU,26863.785,-0.183,-0.061,-0.183,0.01611,1.00439,0.15234,28.53
$IMU,26863.787,-0.183,-0.244,-0.122,0.01953,1.00097,0.14990,28.53
$BARO,26863.789,86871.23,28.53
$IMU,26863.790,-0.305,0.061,-0.061,0.01416,1.00341,0.14990,28.53
$MAG,26863.791,-0.147,-0.520,-0.528,27.6
$IMU,26863.792,-0.244,-0.061,-0.122,0.01708,1.00390,0.15136,28.53
$IMU,26863.794,-0.183,-0.183,-0.122,0.01708,1.00537,0.15332,28.53
$IMU,26863.797,-0.244,-0.061,-0.183,0.01660,1.00488,0.15185,28.53
$IMU,26863.799,-0.305,0.122,-0.183,0.01562,1.00244,0.15332,28.53
$MAG,26863.801,-0.139,-0.522,-0.534,27.6
$IMU,26863.802,-0.244,-0.183,-0.244,0.01757,1.00292,0.14990,28.51
$IMU,26863.804,-0.244,-0.061,-0.122,0.01660,1.00292,0.14990,28.51
$IMU,26863.806,-0.244,0.000,-0.183,0.01806,1.00292,0.15039,28.51
$IMU,26863.809,-0.305,0.000,-0.122,0.01904,1.00341,0.15234,28.51
$MAG,26863.811,-0.141,-0.519,-0.528,27.6
$IMU,26863.811,-0.244,-0.122,-0.183,0.01904,1.00390,0.15283,28.51
$IMU,26863.813,-0.244,-0.122,-0.244,0.02001,1.00585,0.15332,28.51
$IMU,26863.816,-0.244,-0.122,-0.244,0.01806,1.00390,0.15332,28.51
$IMU,26863.818,-0.244,-0.061,-0.244,0.01708,1.00439,0.15185,28.51
$IMU,26863.820,-0.305,0.000,-0.122,0.01806,1.00439,0.15087,28.50
$MAG,26863.821,-0.150,-0.531,-0.531,27.6
$IMU,26863.823,-0.305,-0.061,-0.122,0.01806,1.00244,0.15136,28.50
$IMU,26863.825,-0.183,-0.183,-0.122,0.01708,1.00488,0.15283,28.50
$IMU,26863.827,-0.183,-0.122,-0.183,0.01562,1.00341,0.14941,28.50
$IMU,26863.830,-0.305,-0.061,-0.183,0.01953,1.00292,0.15234,28.50
$MAG,26863.831,-0.142,-0.526,-0.534,27.6
$IMU,26863.832,-0.244,-0.061,-0.244,0.01708,1.00537,0.15039,28.50
$IMU,26863.834,-0.305,0.122,-0.183,0.01904,1.00537,0.15185,28.50
$IMU,26863.837,-0.305,0.000,-0.183,0.02001,1.00000,0.15283,28.50
$IMU,26863.839,-0.244,-0.122,-0.122,0.01904,1.00390,0.14697,28.55
$MAG,26863.841,-0.141,-0.520,-0.529,27.5
$IMU,26863.841,-0.305,-0.122,-0.122,0.01904,1.00097,0.15185,28.55
$IMU,26863.844,-0.305,0.122,-0.122,0.01562,1.00000,0.14990,28.55
$IMU,26863.846,-0.366,0.061,-0.183,0.01806,1.00195,0.15136,28.55
$IMU,26863.848,-0.305,-0.244,-0.183,0.01757,1.00146,0.15087,28.55
$MAG,26863.851,-0.145,-0.514,-0.526,27.6
$IMU,26863.851,-0.244,-0.122,-0.122,0.01855,1.00048,0.15283,28.55
$IMU,26863.853,-0.366,-0.061,-0.122,0.01904,0.99951,0.15283,28.55
$IMU,26863.855,-0.305,0.000,-0.183,0.01708,1.00146,0.15234,28.55
$IMU,26863.858,-0.366,-0.061,-0.183,0.01904,1.00390,0.15039,28.52
$IMU,26863.860,-0.305,-0.183,-0.183,0.02099,1.00390,0.15087,28.52
$MAG,26863.861,-0.150,-0.526,-0.528,27.6
$IMU,26863.863,-0.244,0.000,-0.183,0.01660,1.00585,0.15185,28.52
$IMU,26863.865,-0.183,-0.061,-0.122,0.02001,1.00585,0.15478,28.52
$IMU,26863.867,-0.305,-0.061,-0.183,0.01953,1.00341,0.15380,28.52
$IMU,26863.870,-0.305,0.000,-0.183,0.01806,1.00195,0.15136,28.52
$MAG,26863.871,-0.145,-0.517,-0.538,27.5
$IMU,26863.872,-0.244,0.000,-0.183,0.01904,1.00244,0.14990,28.52
$IMU,26863.874,-0.244,-0.061,-0.183,0.01953,1.00195,0.15234,28.52
$IMU,26863.877,-0.183,-0.122,-0.183,0.01904,1.00146,0.15429,28.47
$IMU,26863.879,-0.122,-0.061,-0.183,0.01806,1.00488,0.15087,28.47
$MAG,26863.881,-0.145,-0.517,-0.528,27.5
$IMU,26863.881,-0.183,-0.061,-0.183,0.01611,1.00244,0.15283,28.47
$IMU,26863.884,-0.244,-0.061,-0.122,0.01367,1.00341,0.15039,28.47
$IMU,26863.886,-0.183,-0.061,-0.183,0.01708,1.00488,0.14990,28.47
$IMU,26863.888,-0.183,-0.244,-0.183,0.01806,1.00439,0.15185,28.47
$BARO,26863.891,86865.84,28.52
$MAG,26863.891,-0.147,-0.514,-0.528,27.6
$IMU,26863.891,-0.183,-0.122,-0.183,0.02099,1.00244,0.15429,28.47
$IMU,26863.893,-0.244,0.061,-0.183,0.01757,1.00390,0.15136,28.47
$IMU,26863.895,-0.183,-0.061,-0.122,0.01708,1.00341,0.14843,28.55
$IMU,26863.898,-0.122,-0.183,-0.061,0.02197,1.00195,0.15087,28.55
$IMU,26863.900,-0.183,-0.122,-0.122,0.01953,1.00341,0.15039,28.55
$MAG,26863.902,-0.142,-0.517,-0.531,27.6
$IMU,26863.902,-0.122,-0.244,-0.122,0.01757,1.00390,0.15429,28.55
$IMU,26863.905,-0.244,-0.183,-0.183,0.01708,1.00439,0.15332,28.55
$IMU,26863.907,-0.366,0.061,-0.122,0.01708,1.00537,0.15429,28.55
$IMU,26863.909,-0.366,0.061,-0.122,0.01953,1.00537,0.15332,28.55
$MAG,26863.912,-0.148,-0.511,-0.538,27.7
$IMU,26863.912,-0.244,-0.122,-0.122,0.02001,1.00488,0.14990,28.55
$IMU,26863.914,-0.244,-0.061,-0.183,0.01806,1.00341,0.15234,28.53
$IMU,26863.916,-0.244,-0.061,-0.183,0.01611,1.00195,0.15234,28.53
$IMU,26863.919,-0.244,0.061,-0.244,0.01757,1.00390,0.14990,28.53
$IMU,26863.921,-0.305,0.061,-0.183,0.02001,1.00195,0.15283,28.53
$MAG,26863.922,-0.136,-0.520,-0.532,27.6
$IMU,26863.924,-0.366,0.000,-0.183,0.01953,1.00439,0.15136,28.53
$IMU,26863.926,-0.305,-0.183,-0.122,0.02099,1.00146,0.15087,28.53
$IMU,26863.928,-0.244,-0.183,-0.122,0.01757,1.00244,0.15429,28.53
$IMU,26863.931,-0.305,-0.061,-0.061,0.01757,1.00537,0.15283,28.53
$MAG,26863.932,-0.148,-0.511,-0.537,27.6
$IMU,26863.933,-0.366,0.000,-0.183,0.01904,1.00244,0.15136,28.53
$IMU,26863.935,-0.366,0.122,-0.183,0.01660,1.00292,0.15185,28.53
$IMU,26863.938,-0.244,0.000,-0.244,0.01806,1.00292,0.15429,28.53
$IMU,26863.940,-0.305,0.000,-0.183,0.01855,1.00341,0.15087,28.53
$MAG,26863.942,-0.150,-0.526,-0.531,27.6
$IMU,26863.942,-0.244,-0.122,-0.244,0.01855,1.00195,0.15185,28.53
$IMU,26863.945,-0.366,0.061,-0.183,0.01904,1.00488,0.14990,28.53
$IMU,26863.947,-0.305,0.061,-0.122,0.01953,1.00341,0.15136,28.53
$IMU,26863.949,-0.183,-0.061,-0.122,0.01708,1.00195,0.15039,28.53
$MAG,26863.952,-0.142,-0.523,-0.534,27.6
$IMU,26863.952,-0.061,-0.244,-0.183,0.01708,1.00097,0.15136,28.54
$IMU,26863.954,-0.183,-0.183,-0.183,0.01708,1.00146,0.15283,28.54
$IMU,26863.956,-0.183,-0.061,-0.244,0.01708,1.00195,0.14892,28.54
$IMU,26863.959,-0.183,-0.061,-0.183,0.01708,1.00146,0.15185,28.54
$IMU,26863.961,-0.305,0.000,-0.122,0.02099,1.00341,0.15185,28.54
$MAG,26863.962,-0.147,-0.522,-0.529,27.6
$IMU,26863.963,-0.183,-0.183,-0.122,0.02099,1.00341,0.15283,28.54
$IMU,26863.966,-0.122,-0.244,-0.061,0.01806,1.00146,0.15087,28.54
$IMU,26863.968,-0.183,-0.183,-0.244,0.01806,1.00292,0.15039,28.54
$IMU,26863.970,-0.244,0.061,-0.183,0.01904,1.00537,0.15136,28.49
$MAG,26863.972,-0.147,-0.523,-0.528,27.6
$IMU,26863.973,-0.366,0.061,-0.305,0.01806,1.00195,0.15234,28.49
$IMU,26863.975,-0.305,0.061,-0.183,0.01708,1.00439,0.14892,28.49
$IMU,26863.977,-0.305,-0.061,-0.122,0.01806,1.00292,0.14990,28.49
$IMU,26863.980,-0.244,-0.183,-0.122,0.01953,1.00195,0.15039,28.49
$MAG,26863.982,-0.139,-0.529,-0.531,27.6
$IMU,26863.982,-0.305,-0.061,-0.061,0.01611,1.00292,0.14990,28.49
$IMU,26863.985,-0.244,0.000,-0.122,0.01806,0.99853,0.14990,28.49
$IMU,26863.987,-0.183,-0.183,-0.122,0.01562,0.99853,0.15087,28.49
$IMU,26863.989,-0.183,-0.061,-0.183,0.01953,1.00390,0.15185,28.53
$BARO,26863.992,86868.11,28.52
$MAG,26863.992,-0.148,-0.525,-0.526,27.6
$IMU,26863.992,-0.183,-0.183,-0.183,0.01855,1.00195,0.15234,28.53
$IMU,26863.994,-0.244,-0.183,-0.183,0.01806,1.00244,0.15185,28.53
$IMU,26863.996,-0.305,-0.122,-0.122,0.01708,1.00097,0.15185,28.53
$IMU,26863.999,-0.244,-0.061,-0.061,0.02001,1.00488,0.15039,28.53
$IMU,26864.001,-0.244,-0.061,-0.122,0.01855,1.00537,0.15136,28.53
$MAG,26864.002,-0.142,-0.525,-0.532,27.6
$IMU,26864.003,-0.244,-0.061,-0.183,0.01562,1.00390,0.15136,28.53
$IMU,26864.006,-0.244,-0.122,-0.244,0.01806,1.00341,0.15332,28.53
$IMU,26864.008,-0.244,-0.061,-0.183,0.01708,1.00048,0.15185,28.53
$IMU,26864.010,-0.305,-0.061,-0.183,0.01904,1.00244,0.15234,28.53
$MAG,26864.013,-0.145,-0.520,-0.535,27.6
$IMU,26864.013,-0.305,0.000,-0.122,0.01611,1.00439,0.14990,28.53
$IMU,26864.015,-0.244,-0.061,-0.061,0.02001,1.00439,0.15332,28.53
$IMU,26864.017,-0.183,-0.061,-0.061,0.01953,1.00292,0.15234,28.53
$IMU,26864.020,-0.183,-0.122,-0.183,0.01904,1.00244,0.15283,28.53
$IMU,26864.022,-0.244,-0.061,-0.305,0.02099,1.00244,0.15332,28.53
$MAG,26864.023,-0.142,-0.519,-0.529,27.6
$IMU,26864.024,-0.305,0.000,-0.244,0.01855,1.00292,0.15039,28.53
$IMU,26864.027,-0.244,0.000,-0.183,0.01513,1.00439,0.15185,28.54
$IMU,26864.029,-0.183,-0.061,-0.183,0.01611,1.00634,0.15283,28.54
$IMU,26864.031,-0.183,-0.061,-0.122,0.01855,1.00537,0.15234,28.54
$MAG,26864.033,-0.144,-0.523,-0.537,27.6
$IMU,26864.034,-0.122,-0.122,-0.122,0.01855,1.00195,0.15136,28.54
$IMU,26864.036,-0.183,-0.061,-0.122,0.01855,1.00292,0.15136,28.54
$IMU,26864.038,-0.305,0.061,-0.183,0.02050,1.00048,0.14990,28.54
$IMU,26864.041,-0.244,-0.061,-0.122,0.01806,0.99804,0.15136,28.54
$MAG,26864.043,-0.144,-0.529,-0.534,27.6
$IMU,26864.043,-0.244,-0.061,-0.183,0.01904,1.00097,0.15283,28.54
$IMU,26864.045,-0.305,-0.061,-0.122,0.01660,1.00146,0.15185,28.50
$IMU,26864.048,-0.244,-0.244,-0.183,0.01855,1.00195,0.15185,28.50
$IMU,26864.050,-0.305,-0.061,-0.183,0.01855,1.00048,0.15283,28.50
$MAG,26864.053,-0.147,-0.526,-0.532,27.6
$IMU,26864.053,-0.366,-0.183,-0.122,0.02099,1.00390,0.15429,28.50
$IMU,26864.055,-0.305,-0.061,-0.183,0.01562,1.00537,0.15136,28.50
$IMU,26864.057,-0.366,0.000,-0.183,0.01806,1.00341,0.15185,28.50
$IMU,26864.060,-0.366,0.000,-0.122,0.01757,1.00292,0.15136,28.50
$IMU,26864.062,-0.305,-0.061,-0.122,0.01855,1.00146,0.15283,28.50
$MAG,26864.063,-0.147,-0.516,-0.538,27.6
$IMU,26864.064,-0.305,-0.122,-0.122,0.01513,1.00048,0.15332,28.49
$IMU,26864.067,-0.305,-0.122,-0.122,0.01611,1.00390,0.15087,28.49
$IMU,26864.069,-0.244,0.000,-0.061,0.02001,1.00585,0.15039,28.49
$IMU,26864.071,-0.305,-0.061,-0.061,0.01855,1.00439,0.15185,28.49
$MAG,26864.073,-0.139,-0.525,-0.528,27.6
$IMU,26864.074,-0.305,0.061,-0.244,0.01757,1.00292,0.14892,28.49
$IMU,26864.076,-0.183,-0.061,-0.183,0.01806,1.00195,0.15039,28.49
$IMU,26864.078,-0.183,-0.122,-0.122,0.01660,1.00537,0.15136,28.49
$IMU,26864.081,-0.183,0.000,-0.183,0.01757,1.00195,0.15283,28.49
$MAG,26864.083,-0.142,-0.522,-0.525,27.6
$IMU,26864.083,-0.122,-0.061,-0.122,0.02099,1.00292,0.15283,28.51
$IMU,26864.085,-0.183,-0.122,-0.122,0.01806,1.00439,0.14990,28.51
$IMU,26864.088,-0.122,-0.061,-0.122,0.01708,1.00488,0.15039,28.51
$IMU,26864.090,-0.061,-0.183,-0.183,0.01806,1.00585,0.15039,28.51
$IMU,26864.092,-0.061,-0.183,-0.244,0.01464,1.00634,0.15136,28.51
$BARO,26864.093,86867.69,28.52
$MAG,26864.093,-0.144,-0.525,-0.538,27.6
$IMU,26864.095,-0.183,0.000,-0.183,0.01806,1.00683,0.15136,28.51
$IMU,26864.097,-0.122,-0.061,-0.122,0.01416,1.00488,0.15087,28.51
$IMU,26864.099,-0.183,-0.122,-0.183,0.01416,1.00000,0.15185,28.51
$IMU,26864.102,-0.183,-0.122,-0.183,0.01660,1.00390,0.15136,28.55
$MAG,26864.103,-0.145,-0.528,-0.531,27.6
$IMU,26864.104,-0.183,-0.122,-0.122,0.02001,1.00439,0.15136,28.55
$IMU,26864.106,-0.305,-0.061,-0.122,0.01953,1.00390,0.15283,28.55
$IMU,26864.109,-0.244,-0.122,-0.183,0.01757,1.00341,0.15136,28.55
$IMU,26864.111,-0.244,-0.122,-0.183,0.02001,1.00634,0.15087,28.55
$MAG,26864.113,-0.135,-0.514,-0.531,27.7
$IMU,26864.114,-0.305,-0.183,-0.122,0.01806,1.00341,0.14990,28.55
$IMU,26864.116,-0.305,-0.122,-0.122,0.01611,1.00439,0.15039,28.55
$IMU,26864.118,-0.305,-0.122,-0.122,0.01806,1.00341,0.15039,28.55
$IMU,26864.121,-0.305,-0.183,-0.122,0.01269,1.00292,0.15136,28.54
$IMU,26864.123,-0.366,-0.183,-0.183,0.01562,1.00292,0.15087,28.54
$MAG,26864.124,-0.138,-0.523,-0.534,27.5
$IMU,26864.125,-0.366,-0.183,-0.183,0.01708,1.00146,0.15087,28.54
$IMU,26864.128,-0.427,-0.122,-0.122,0.01757,1.00292,0.15087,28.54
$IMU,26864.130,-0.488,0.000,-0.183,0.02001,1.00244,0.15185,28.54
$IMU,26864.132,-0.549,0.061,-0.122,0.02148,1.00390,0.15283,28.54
$IMU,26864.135,-0.488,-0.061,-0.122,0.01904,1.00097,0.15234,28.54
$MAG,26864.134,-0.144,-0.519,-0.537,27.5
$IMU,26864.137,-0.366,-0.061,-0.183,0.01660,1.00244,0.15478,28.54
$IMU,26864.139,-0.427,0.000,-0.122,0.01855,1.00292,0.15283,28.54
$IMU,26864.142,-0.427,0.061,-0.183,0.01757,1.00244,0.15136,28.54
$MAG,26864.144,-0.145,-0.529,-0.532,27.6
$IMU,26864.144,-0.305,-0.061,-0.122,0.01562,1.00390,0.15283,28.54
$IMU,26864.146,-0.244,-0.061,-0.122,0.01757,1.00146,0.15136,28.54
$IMU,26864.149,-0.244,0.000,-0.122,0.01708,1.00439,0.15332,28.54
$IMU,26864.151,-0.244,0.000,-0.122,0.01806,1.00146,0.15478,28.54
$IMU,26864.153,-0.183,0.000,-0.183,0.01562,1.00488,0.15283,28.54
$MAG,26864.154,-0.139,-0.520,-0.529,27.6
$IMU,26864.156,-0.122,0.000,-0.183,0.01904,1.00488,0.15332,28.54
$IMU,26864.158,-0.061,-0.061,-0.183,0.01660,1.00244,0.15332,28.51
$IMU,26864.160,-0.061,-0.061,-0.183,0.01904,1.00341,0.15185,28.51
$IMU,26864.163,0.000,-0.183,-0.183,0.01757,1.00244,0.15185,28.51
$MAG,26864.164,-0.141,-0.523,-0.531,27.6
$IMU,26864.165,-0.061,-0.061,-0.183,0.01708,1.00390,0.14892,28.51
$IMU,26864.167,0.122,-0.122,-0.183,0.01757,1.00390,0.14843,28.51
$IMU,26864.170,-0.061,0.000,-0.183,0.01708,1.00195,0.15136,28.51
$IMU,26864.172,-0.122,0.183,-0.061,0.01904,0.99951,0.15234,28.51
$MAG,26864.174,-0.135,-0.520,-0.531,27.6
$IMU,26864.175,-0.183,0.000,-0.122,0.01611,1.00244,0.15283,28.51
$IMU,26864.177,-0.183,-0.122,-0.122,0.01708,1.00292,0.15039,28.51
$IMU,26864.179,-0.244,0.000,-0.122,0.01855,1.00488,0.15136,28.51
$IMU,26864.182,-0.366,0.000,-0.122,0.01953,1.00439,0.14892,28.51
$MAG,26864.184,-0.142,-0.513,-0.528,27.6
$IMU,26864.184,-0.244,-0.122,-0.183,0.01757,1.00244,0.14843,28.51
$IMU,26864.186,-0.183,-0.122,-0.183,0.01855,1.00341,0.14941,28.51
$IMU,26864.189,-0.305,-0.183,-0.122,0.01953,1.00244,0.14892,28.51
$IMU,26864.191,-0.305,-0.244,-0.244,0.02099,1.00488,0.15136,28.51
$VBAT,26864.192,4.122
$IMU,26864.193,-0.366,-0.061,-0.244,0.01708,1.00585,0.15087,28.51
$MAG,26864.194,-0.139,-0.525,-0.535,27.6
$BARO,26864.195,86868.06,28.52
$IMU,26864.196,-0.488,0.061,-0.122,0.01513,1.00439,0.15234,28.57
$IMU,26864.198,-0.366,-0.183,-0.183,0.01318,1.00683,0.15283,28.57
$IMU,26864.200,-0.366,-0.183,-0.122,0.01806,1.00195,0.14990,28.57
$IMU,26864.203,-0.427,0.061,-0.122,0.01708,1.00537,0.14990,28.57
$MAG,26864.204,-0.142,-0.519,-0.534,27.5
$IMU,26864.205,-0.366,-0.183,-0.183,0.01806,1.00195,0.15380,28.57
$IMU,26864.207,-0.427,0.000,-0.183,0.01953,1.00390,0.15087,28.57
$IMU,26864.210,-0.488,0.122,-0.244,0.02148,1.00244,0.15087,28.57
$IMU,26864.212,-0.305,-0.122,-0.244,0.01757,1.00195,0.15087,28.57
$MAG,26864.214,-0.145,-0.522,-0.535,27.6
$IMU,26864.214,-0.427,0.061,-0.122,0.01953,1.00097,0.15185,28.51
$IMU,26864.217,-0.305,0.000,-0.122,0.01855,1.00097,0.15185,28.51
$IMU,26864.219,-0.305,0.000,-0.183,0.01611,1.00244,0.15332,28.51
$IMU,26864.221,-0.183,-0.122,-0.061,0.02148,1.00390,0.15234,28.51
$MAG,26864.224,-0.141,-0.517,-0.526,27.6
$IMU,26864.224,-0.122,-0.122,-0.183,0.01953,1.00439,0.15478,28.51
$IMU,26864.226,-0.244,0.122,-0.244,0.01708,1.00341,0.15185,28.51
$IMU,26864.228,-0.122,-0.244,-0.183,0.01562,1.00000,0.15039,28.51
$IMU,26864.231,-0.122,-0.183,-0.183,0.01513,1.00341,0.15283,28.51
$IMU,26864.233,-0.122,-0.061,-0.122,0.01855,1.00146,0.15380,28.54
$MAG,26864.234,-0.148,-0.514,-0.537,27.5
$IMU,26864.236,-0.122,-0.061,-0.122,0.01806,1.00390,0.15136,28.54
$IMU,26864.238,-0.183,-0.061,-0.122,0.01757,1.00585,0.15136,28.54
$IMU,26864.240,-0.061,-0.122,-0.244,0.01757,1.00439,0.15136,28.54
$IMU,26864.243,-0.183,-0.061,-0.244,0.01757,0.99951,0.14843,28.54
$MAG,26864.245,-0.145,-0.513,-0.538,27.6
$IMU,26864.245,-0.061,-0.122,-0.183,0.01806,1.00537,0.15185,28.54
$IMU,26864.247,-0.305,0.244,-0.122,0.01757,1.00537,0.15087,28.54
$TIME,26864.249,510772.000,2399
$IMU,26864.250,-0.244,0.000,-0.183,0.01708,1.00488,0.14990,28.54
$IMU,26864.252,-0.122,-0.122,-0.122,0.01757,1.00537,0.15283,28.56
$IMU,26864.254,-0.183,-0.061,-0.122,0.02001,1.00390,0.15039,28.56
$MAG,26864.255,-0.144,-0.519,-0.532,27.6
$IMU,26864.257,-0.183,0.000,-0.183,0.01611,1.00439,0.15087,28.56
$IMU,26864.259,-0.244,-0.061,-0.183,0.01660,1.00244,0.15234,28.56
$IMU,26864.261,-0.305,-0.122,-0.122,0.02001,1.00097,0.15087,28.56
$IMU,26864.264,-0.366,-0.061,-0.183,0.01904,1.00244,0.15136,28.56
$MAG,26864.265,-0.145,-0.519,-0.537,27.5
$IMU,26864.266,-0.366,-0.061,-0.122,0.01757,1.00000,0.15136,28.56
$IMU,26864.268,-0.427,-0.061,-0.122,0.01562,1.00097,0.14990,28.56
$IMU,26864.271,-0.366,0.000,-0.122,0.01708,0.99951,0.15039,28.50
$IMU,26864.273,-0.366,-0.061,-0.122,0.02148,0.99951,0.15283,28.50
$IMU,26864.275,-0.366,-0.122,-0.122,0.01855,1.00439,0.15380,28.50
$MAG,26864.275,-0.144,-0.526,-0.531,27.6
$IMU,26864.278,-0.366,0.000,-0.122,0.01757,1.00439,0.15332,28.50
$IMU,26864.280,-0.427,-0.122,-0.244,0.01806,1.00537,0.15087,28.50
$IMU,26864.282,-0.366,-0.183,-0.122,0.01806,1.00244,0.15332,28.50
$MAG,26864.285,-0.145,-0.522,-0.537,27.7
$IMU,26864.285,-0.305,0.000,-0.061,0.01855,1.00488,0.15234,28.50
$IMU,26864.287,-0.183,0.000,-0.183,0.01904,1.00244,0.15185,28.50
$IMU,26864.289,-0.244,-0.183,-0.122,0.02050,1.00488,0.15185,28.53
$IMU,26864.292,-0.122,-0.244,-0.122,0.02001,1.00439,0.14990,28.53
$IMU,26864.294,-0.183,-0.061,-0.244,0.02148,1.00195,0.15087,28.53
$MAG,26864.295,-0.139,-0.522,-0.534,27.7
$BARO,26864.296,86861.97,28.53
$IMU,26864.297,-0.183,-0.061,-0.244,0.01757,1.00146,0.15185,28.53
$IMU,26864.299,-0.122,-0.122,-0.183,0.01562,1.00195,0.15332,28.53
$IMU,26864.301,-0.061,-0.122,-0.183,0.01660,1.00195,0.15136,28.53
$IMU,26864.304,-0.122,-0.122,-0.183,0.01806,1.00341,0.14746,28.53
$MAG,26864.305,-0.145,-0.513,-0.534,27.6
$IMU,26864.306,-0.122,-0.122,-0.183,0.01806,1.00146,0.15185,28.53
$IMU,26864.308,-0.244,0.061,-0.183,0.01806,1.00048,0.14941,28.57
$IMU,26864.311,-0.183,-0.061,-0.244,0.01806,1.00488,0.14941,28.57
$IMU,26864.313,-0.305,0.000,-0.183,0.01660,1.00488,0.15185,28.57
$MAG,26864.315,-0.142,-0.520,-0.540,27.6
$IMU,26864.315,-0.183,-0.122,-0.122,0.01611,1.00634,0.15087,28.57
$IMU,26864.318,-0.183,-0.183,-0.122,0.01611,1.00585,0.15039,28.57
$IMU,26864.320,-0.183,-0.061,-0.183,0.01855,1.00537,0.15087,28.57
$IMU,26864.322,-0.244,-0.061,-0.122,0.01708,1.00439,0.15136,28.57
$MAG,26864.325,-0.141,-0.525,-0.526,27.5
$IMU,26864.325,-0.244,-0.061,-0.122,0.01855,1.00097,0.15283,28.57
$IMU,26864.327,-0.183,-0.183,-0.122,0.01953,1.00488,0.15332,28.55
$IMU,26864.329,-0.244,0.000,-0.183,0.01855,1.00097,0.14843,28.55
$IMU,26864.332,-0.244,-0.061,-0.183,0.01855,1.00341,0.15185,28.55
$IMU,26864.334,-0.305,0.000,-0.183,0.01855,1.00341,0.15185,28.55
$MAG,26864.335,-0.147,-0.519,-0.523,27.6
$IMU,26864.336,-0.305,-0.061,-0.183,0.01806,1.00097,0.15039,28.55
$IMU,26864.339,-0.244,-0.183,-0.122,0.01611,1.00585,0.15234,28.55
$IMU,26864.341,-0.305,-0.183,-0.183,0.01757,1.00195,0.14990,28.55
$IMU,26864.343,-0.366,0.000,-0.122,0.01708,1.00488,0.15185,28.55
$MAG,26864.345,-0.141,-0.519,-0.523,27.5
$IMU,26864.346,-0.366,0.061,-0.122,0.02001,1.00390,0.15136,28.48
$IMU,26864.348,-0.427,0.061,-0.183,0.02001,1.00390,0.15087,28.48
$IMU,26864.350,-0.427,0.122,-0.183,0.01953,1.00439,0.15234,28.48
$IMU,26864.353,-0.305,-0.122,-0.061,0.01855,1.00439,0.15234,28.48
$IMU,26864.355,-0.183,-0.183,-0.122,0.01708,1.00195,0.15380,28.48
$MAG,26864.356,-0.144,-0.516,-0.534,27.6
$IMU,26864.358,-0.244,-0.061,-0.183,0.01757,1.00244,0.15234,28.48
$IMU,26864.360,-0.366,0.000,-0.122,0.01806,1.00292,0.15185,28.48
$IMU,26864.362,-0.244,-0.122,-0.183,0.01708,1.00488,0.15380,28.48
$IMU,26864.365,-0.122,-0.122,-0.183,0.01904,1.00146,0.15136,28.52
$MAG,26864.366,-0.145,-0.522,-0.528,27.6
$IMU,26864.367,-0.122,-0.305,-0.183,0.01806,1.00244,0.15185,28.52
$IMU,26864.369,-0.061,-0.183,-0.183,0.01708,1.00341,0.15185,28.52
$IMU,26864.372,-0.183,0.000,-0.122,0.01953,1.00488,0.15136,28.52
$IMU,26864.374,-0.122,0.000,-0.183,0.01904,1.00000,0.15283,28.52
$MAG,26864.376,-0.145,-0.523,-0.531,27.5
$IMU,26864.376,-0.183,-0.122,-0.244,0.01855,1.00146,0.15283,28.52
$IMU,26864.379,-0.061,-0.244,-0.183,0.01806,1.00439,0.14990,28.52
$IMU,26864.381,-0.244,0.000,-0.122,0.01953,1.00195,0.14941,28.52
$IMU,26864.383,-0.244,-0.122,-0.122,0.01855,1.00000,0.14892,28.55
$MAG,26864.386,-0.150,-0.517,-0.531,27.6
$IMU,26864.386,-0.244,-0.061,-0.122,0.01757,1.00390,0.15332,28.55
$IMU,26864.388,-0.244,0.000,-0.183,0.01855,1.00341,0.15234,28.55
$IMU,26864.390,-0.305,-0.122,-0.183,0.01904,1.00341,0.15332,28.55
$IMU,26864.393,-0.305,-0.061,-0.122,0.01660,1.00292,0.15185,28.55
$IMU,26864.395,-0.427,0.000,-0.244,0.01562,1.00244,0.15039,28.55
$MAG,26864.396,-0.144,-0.522,-0.532,27.6
$IMU,26864.397,-0.366,-0.122,-0.183,0.01660,1.00390,0.15234,28.55
$BARO,26864.398,86867.60,28.53
$IMU,26864.400,-0.366,-0.183,-0.122,0.01708,1.00585,0.14892,28.55
$IMU,26864.402,-0.244,-0.122,-0.183,0.01611,1.00439,0.14941,28.54
$IMU,26864.404,-0.366,0.000,-0.122,0.01757,1.00341,0.15185,28.54
$MAG,26864.406,-0.148,-0.520,-0.528,27.6
$IMU,26864.407,-0.244,-0.061,-0.183,0.01757,1.00390,0.15136,28.54
$IMU,26864.409,-0.305,-0.061,-0.244,0.01757,1.00439,0.15136,28.54
$IMU,26864.411,-0.305,-0.061,-0.244,0.01611,1.00634,0.15039,28.54
$IMU,26864.414,-0.183,-0.183,-0.183,0.01513,1.00390,0.15380,28.54
$MAG,26864.416,-0.150,-0.523,-0.528,27.3
$IMU,26864.416,-0.122,-0.183,-0.061,0.01708,1.00585,0.15332,28.54
$IMU,26864.418,-0.183,-0.061,-0.122,0.01708,1.00390,0.14990,28.54
$IMU,26864.421,-0.122,-0.122,-0.122,0.02001,1.00292,0.15087,28.56
$IMU,26864.423,-0.183,-0.122,-0.122,0.01708,1.00292,0.15185,28.56
$MAG,26864.426,-0.144,-0.517,-0.532,27.6
$IMU,26864.426,-0.183,-0.061,-0.122,0.01953,1.00341,0.15234,28.56
$IMU,26864.428,-0.183,-0.122,-0.183,0.01806,1.00439,0.14990,28.56
$IMU,26864.430,-0.244,-0.061,-0.183,0.01904,1.00390,0.14843,28.56
$IMU,26864.433,-0.305,0.061,-0.183,0.01708,1.00781,0.15039,28.56
$IMU,26864.435,-0.305,0.061,-0.183,0.01855,1.00390,0.15185,28.56
$MAG,26864.436,-0.150,-0.522,-0.528,27.6
$IMU,26864.437,-0.183,-0.122,-0.122,0.01757,1.00097,0.15087,28.56
$IMU,26864.440,-0.244,-0.122,-0.122,0.02099,1.00048,0.15332,28.56
$IMU,26864.442,-0.244,-0.122,-0.244,0.01953,1.00390,0.15087,28.56
$IMU,26864.444,-0.305,0.000,-0.183,0.01611,1.00195,0.15039,28.56
$MAG,26864.446,-0.145,-0.514,-0.529,27.6
$IMU,26864.447,-0.366,0.000,-0.122,0.01855,1.00390,0.15283,28.56
$IMU,26864.449,-0.305,0.061,-0.183,0.01757,0.99853,0.15185,28.56
$IMU,26864.451,-0.244,-0.122,-0.183,0.01904,1.00439,0.14990,28.56
$IMU,26864.454,-0.244,-0.122,-0.122,0.01757,1.00390,0.15087,28.56
$MAG,26864.456,-0.142,-0.519,-0.534,27.6
$IMU,26864.456,-0.305,-0.061,-0.183,0.01708,1.00683,0.14990,28.56
$IMU,26864.458,-0.244,-0.061,-0.183,0.01708,1.00488,0.15332,28.53
$IMU,26864.461,-0.244,-0.061,-0.183,0.01953,1.00341,0.15380,28.53
$IMU,26864.463,-0.305,0.000,-0.244,0.01953,1.00195,0.15136,28.53
$IMU,26864.465,-0.305,-0.061,-0.183,0.02001,1.00537,0.15136,28.53
$MAG,26864.467,-0.139,-0.514,-0.529,27.6
$IMU,26864.468,-0.305,0.000,-0.183,0.01904,1.00292,0.15283,28.53
$IMU,26864.470,-0.305,-0.122,-0.122,0.01855,1.00097,0.15429,28.53
$IMU,26864.472,-0.305,0.122,-0.122,0.01904,1.00292,0.15185,28.53
$IMU,26864.475,-0.244,0.061,-0.183,0.01953,1.00048,0.15185,28.53
$MAG,26864.477,-0.145,-0.526,-0.537,27.6
$IMU,26864.477,-0.305,-0.122,-0.244,0.02001,1.00390,0.15234,28.53
$IMU,26864.479,-0.183,-0.122,-0.183,0.01904,1.00341,0.15087,28.53
$IMU,26864.482,-0.305,-0.061,-0.183,0.01757,1.00244,0.15136,28.53
$IMU,26864.484,-0.366,0.061,-0.122,0.02001,1.00000,0.14990,28.53
$MAG,26864.487,-0.153,-0.516,-0.532,27.6
$IMU,26864.487,-0.366,0.000,-0.183,0.02099,1.00000,0.15087,28.53
$IMU,26864.489,-0.183,-0.122,-0.122,0.01904,1.00146,0.15283,28.53
$IMU,26864.491,-0.183,-0.061,-0.061,0.01855,1.00439,0.15429,28.53
$IMU,26864.494,-0.244,0.000,-0.122,0.01904,1.00439,0.15234,28.53
$IMU,26864.496,-0.183,-0.061,-0.183,0.01660,1.00292,0.15283,28.51
$MAG,26864.497,-0.151,-0.526,-0.534,27.6
$IMU,26864.498,-0.244,-0.061,-0.122,0.01513,1.00341,0.15087,28.51
$BARO,26864.499,86863.96,28.53
$IMU,26864.501,-0.244,-0.061,-0.122,0.01562,1.00146,0.15234,28.51
$IMU,26864.503,-0.183,-0.061,-0.122,0.01513,1.00244,0.15185,28.51
$IMU,26864.505,-0.183,-0.122,-0.183,0.01855,1.00537,0.15332,28.51
$MAG,26864.507,-0.142,-0.523,-0.525,27.6
$IMU,26864.508,-0.244,0.000,-0.122,0.01660,0.99951,0.15136,28.51
$IMU,26864.510,-0.183,-0.061,-0.122,0.02099,1.00146,0.14892,28.51
$IMU,26864.512,-0.244,0.000,-0.122,0.01806,1.00195,0.15039,28.51
$IMU,26864.515,-0.244,-0.183,-0.122,0.01708,1.00341,0.15234,28.53
$MAG,26864.517,-0.144,-0.529,-0.526,27.6
$IMU,26864.517,-0.244,0.000,-0.122,0.01806,1.00341,0.15429,28.53
$IMU,26864.519,-0.244,-0.183,-0.061,0.01660,1.00537,0.14892,28.53
$IMU,26864.522,-0.366,-0.061,-0.122,0.01757,1.00585,0.15234,28.53
$IMU,26864.524,-0.366,0.000,-0.122,0.01464,1.00488,0.14941,28.53
$IMU,26864.526,-0.305,0.000,-0.244,0.01855,1.00048,0.15136,28.53
$MAG,26864.527,-0.142,-0.523,-0.535,27.6
$IMU,26864.529,-0.244,-0.183,-0.244,0.01611,1.00048,0.14941,28.53
$IMU,26864.531,-0.305,-0.061,-0.305,0.01855,1.00341,0.14941,28.53
$IMU,26864.533,-0.244,-0.061,-0.183,0.01904,1.00097,0.14843,28.55
$IMU,26864.536,-0.305,-0.122,-0.122,0.01806,1.00244,0.15185,28.55
$MAG,26864.537,-0.147,-0.522,-0.523,27.6
$IMU,26864.538,-0.244,0.000,-0.122,0.01660,1.00585,0.15087,28.55
$IMU,26864.540,-0.183,-0.122,-0.122,0.01611,1.00097,0.14990,28.55
$IMU,26864.543,-0.183,-0.183,-0.183,0.02001,1.00146,0.15039,28.55
$IMU,26864.545,-0.183,-0.061,-0.244,0.02197,1.00488,0.15087,28.55
$MAG,26864.547,-0.148,-0.516,-0.526,27.6
$IMU,26864.548,-0.305,0.000,-0.244,0.01757,1.00439,0.15185,28.55
$HUM,26864.549,34.8,29.0
$IMU,26864.550,-0.305,0.000,-0.183,0.01806,1.00195,0.15234,28.55
$IMU,26864.552,-0.305,0.000,-0.183,0.01904,1.00341,0.15087,28.53
$IMU,26864.555,-0.305,-0.183,-0.122,0.01513,1.00244,0.15087,28.53
$MAG,26864.557,-0.147,-0.520,-0.531,27.7
$IMU,26864.557,-0.305,-0.061,-0.122,0.01562,1.00341,0.15136,28.53
$IMU,26864.559,-0.244,-0.061,-0.183,0.01562,1.00390,0.14990,28.53
$IMU,26864.562,-0.305,0.000,-0.183,0.01660,1.00488,0.15185,28.53
$IMU,26864.564,-0.244,0.061,-0.183,0.01806,1.00439,0.15380,28.53
$IMU,26864.566,-0.244,-0.061,-0.244,0.01757,1.00244,0.15039,28.53
$MAG,26864.567,-0.141,-0.514,-0.528,27.6
$IMU,26864.569,-0.183,-0.061,-0.183,0.01513,0.99951,0.15185,28.53
$IMU,26864.571,-0.183,-0.061,-0.183,0.01855,1.00292,0.15185,28.53
$IMU,26864.573,-0.244,-0.061,-0.183,0.02001,1.00195,0.15087,28.53
$IMU,26864.576,-0.244,0.000,-0.244,0.01953,1.00390,0.15283,28.53
$MAG,26864.577,-0.144,-0.517,-0.534,27.6
$IMU,26864.578,-0.183,-0.061,-0.183,0.01855,1.00537,0.15234,28.53
$IMU,26864.580,-0.244,-0.061,-0.183,0.01562,1.00341,0.15087,28.53
$IMU,26864.583,-0.183,-0.183,-0.183,0.01757,1.00195,0.14990,28.53
$IMU,26864.585,-0.244,-0.122,-0.122,0.01708,1.00244,0.15185,28.53
$IMU,26864.587,-0.305,0.122,-0.183,0.01904,1.00341,0.14892,28.53
$MAG,26864.588,-0.138,-0.523,-0.540,27.6
$IMU,26864.590,-0.366,-0.061,-0.183,0.01904,1.00585,0.15039,28.53
$IMU,26864.592,-0.305,-0.061,-0.122,0.01904,1.00195,0.15332,28.53
$IMU,26864.594,-0.183,-0.122,-0.122,0.02050,1.00439,0.15039,28.53
$IMU,26864.597,-0.244,-0.122,-0.183,0.01464,1.00439,0.14941,28.53
$MAG,26864.598,-0.138,-0.523,-0.537,27.6
$IMU,26864.599,-0.183,-0.061,-0.244,0.01953,1.00683,0.15185,28.53
$BARO,26864.601,86864.77,28.53
$IMU,26864.601,-0.244,0.061,-0.183,0.01611,1.00244,0.15185,28.53
$IMU,26864.604,-0.305,0.000,-0.122,0.01611,1.00537,0.15332,28.53
$IMU,26864.606,-0.183,-0.061,-0.061,0.01660,1.00634,0.15332,28.53
$MAG,26864.608,-0.142,-0.519,-0.531,27.7
$IMU,26864.609,-0.305,-0.061,-0.122,0.01855,1.00195,0.14843,28.51
$IMU,26864.611,-0.305,-0.061,-0.183,0.01660,1.00292,0.15136,28.51
$IMU,26864.613,-0.244,0.061,-0.183,0.01708,1.00146,0.15234,28.51
$IMU,26864.616,-0.244,-0.061,-0.122,0.01513,1.00439,0.15234,28.51
$MAG,26864.618,-0.148,-0.523,-0.534,27.6
$IMU,26864.618,-0.244,0.000,-0.122,0.01611,1.00292,0.15234,28.51
$IMU,26864.620,-0.183,-0.183,-0.183,0.01757,1.00292,0.15087,28.51
$IMU,26864.623,-0.122,-0.183,-0.122,0.01806,1.00439,0.15039,28.51
$IMU,26864.625,-0.183,-0.061,-0.122,0.01513,1.00097,0.15429,28.51
$IMU,26864.627,-0.305,0.122,-0.122,0.01660,1.00292,0.15039,28.55
$MAG,26864.628,-0.148,-0.520,-0.522,27.6
$IMU,26864.630,-0.244,-0.061,-0.183,0.01806,1.00683,0.14794,28.55
$IMU,26864.632,-0.305,0.000,-0.183,0.02001,1.00341,0.15234,28.55
$IMU,26864.634,-0.244,-0.183,-0.183,0.02050,1.00195,0.15234,28.55
$IMU,26864.637,-0.244,-0.122,-0.061,0.01904,1.00341,0.15429,28.55
$MAG,26864.638,-0.142,-0.517,-0.532,27.6
$IMU,26864.639,-0.305,-0.183,-0.122,0.01953,0.99951,0.15136,28.55
$IMU,26864.641,-0.244,-0.183,-0.183,0.02050,1.00390,0.15332,28.55
$IMU,26864.644,-0.305,-0.122,-0.183,0.01855,1.00585,0.15283,28.55
$IMU,26864.646,-0.366,-0.122,-0.183,0.02099,1.00097,0.15380,28.55
$MAG,26864.648,-0.141,-0.522,-0.535,27.7
$IMU,26864.648,-0.366,-0.061,-0.183,0.01708,1.00244,0.15527,28.55
$IMU,26864.651,-0.366,-0.061,-0.183,0.02001,1.00000,0.15039,28.55
$IMU,26864.653,-0.366,0.061,-0.183,0.01904,1.00244,0.15185,28.55
$IMU,26864.655,-0.305,-0.122,-0.122,0.01806,1.00439,0.14990,28.55
$MAG,26864.658,-0.147,-0.523,-0.529,27.7
$IMU,26864.658,-0.183,-0.183,-0.122,0.01953,1.00292,0.15283,28.55
$IMU,26864.660,-0.183,-0.061,-0.061,0.02050,1.00488,0.15332,28.55
$IMU,26864.662,-0.305,-0.061,-0.244,0.01464,1.00048,0.15185,28.55
$IMU,26864.665,-0.305,0.000,-0.244,0.01416,1.00292,0.15380,28.54
$IMU,26864.667,-0.305,-0.122,-0.244,0.01660,1.00244,0.15087,28.54
$MAG,26864.668,-0.151,-0.525,-0.532,27.5
$IMU,26864.670,-0.244,-0.122,-0.183,0.01562,1.00195,0.15039,28.54
$IMU,26864.672,-0.183,-0.061,-0.122,0.01953,1.00244,0.14990,28.54
$IMU,26864.674,-0.183,-0.122,-0.122,0.01806,1.00195,0.15332,28.54
$IMU,26864.677,-0.244,-0.061,-0.183,0.01855,1.00830,0.14892,28.54
$MAG,26864.678,-0.150,-0.520,-0.528,27.6
$IMU,26864.679,-0.183,0.000,-0.183,0.01708,1.00439,0.14941,28.54
$IMU,26864.681,-0.122,-0.244,-0.244,0.01953,1.00537,0.14941,28.54
$IMU,26864.684,-0.122,-0.122,-0.183,0.01904,1.00585,0.15039,28.50
$IMU,26864.686,-0.061,-0.122,-0.183,0.01660,1.00537,0.15136,28.50
$MAG,26864.688,-0.142,-0.519,-0.537,27.6
$IMU,26864.688,-0.122,-0.183,-0.122,0.01806,1.00341,0.15136,28.50
$IMU,26864.691,-0.183,-0.061,-0.122,0.01806,1.00292,0.14990,28.50
$IMU,26864.693,-0.244,0.061,-0.122,0.01855,1.00292,0.14941,28.50
$IMU,26864.695,-0.122,-0.122,-0.183,0.02001,1.00341,0.15087,28.50
$IMU,26864.698,-0.122,-0.122,-0.122,0.01953,1.00146,0.14892,28.50
$MAG,26864.699,-0.142,-0.528,-0.529,27.6
$IMU,26864.700,-0.183,-0.122,-0.183,0.01708,1.00244,0.15039,28.50
$BARO,26864.702,86869.25,28.53
$IMU,26864.702,-0.305,0.000,-0.122,0.01757,1.00488,0.15136,28.57
$IMU,26864.705,-0.366,0.000,-0.061,0.01806,1.00390,0.14843,28.57
$IMU,26864.707,-0.305,0.061,-0.122,0.02197,1.00097,0.15087,28.57
$MAG,26864.709,-0.145,-0.520,-0.535,27.6
$IMU,26864.709,-0.244,-0.122,-0.061,0.01806,1.00195,0.15087,28.57
$IMU,26864.712,-0.183,-0.122,-0.244,0.01855,1.00488,0.15087,28.57
$IMU,26864.714,-0.305,-0.061,-0.183,0.02050,1.00244,0.15283,28.57
$IMU,26864.716,-0.366,0.061,-0.244,0.01904,1.00488,0.15136,28.57
$MAG,26864.719,-0.136,-0.514,-0.531,27.6
$IMU,26864.719,-0.427,0.000,-0.183,0.01660,1.00244,0.15185,28.57
$IMU,26864.721,-0.427,-0.061,-0.122,0.02001,1.00390,0.15087,28.51
$IMU,26864.723,-0.305,-0.183,-0.122,0.02148,1.00292,0.15039,28.51
$IMU,26864.726,-0.305,-0.244,-0.061,0.01855,1.00341,0.15332,28.51
$IMU,26864.728,-0.305,0.000,-0.122,0.01757,1.00292,0.14843,28.51
$MAG,26864.729,-0.145,-0.516,-0.526,27.7
$IMU,26864.731,-0.366,0.000,-0.183,0.01953,1.00048,0.15185,28.51
$IMU,26864.733,-0.366,-0.061,-0.244,0.01611,1.00634,0.15429,28.51
$IMU,26864.735,-0.244,-0.183,-0.244,0.01953,1.00488,0.15087,28.51
$IMU,26864.738,-0.305,-0.183,-0.183,0.02001,1.00585,0.15332,28.51
$MAG,26864.739,-0.141,-0.522,-0.528,27.6
$IMU,26864.740,-0.244,-0.122,-0.122,0.01660,1.00488,0.15283,28.57
$IMU,26864.742,-0.305,0.122,-0.122,0.01708,1.00439,0.15136,28.57
$IMU,26864.745,-0.244,0.000,-0.183,0.01806,1.00097,0.15234,28.57
$IMU,26864.747,-0.183,-0.061,-0.122,0.01855,1.00292,0.15185,28.57
$MAG,26864.749,-0.144,-0.523,-0.532,27.6
$IMU,26864.749,-0.122,-0.183,-0.183,0.01757,1.00292,0.14941,28.57
$IMU,26864.752,-0.183,-0.122,-0.183,0.01904,1.00488,0.15234,28.57
$IMU,26864.754,-0.305,0.000,-0.122,0.01757,1.00146,0.15332,28.57
$IMU,26864.756,-0.183,0.061,-0.122,0.01757,1.00488,0.15283,28.57
$MAG,26864.759,-0.144,-0.532,-0.529,27.5
$IMU,26864.759,-0.183,-0.061,-0.122,0.01806,1.00439,0.15087,28.54
$IMU,26864.761,-0.061,-0.244,-0.244,0.01806,1.00146,0.14892,28.54
$IMU,26864.763,-0.122,-0.061,-0.183,0.01855,1.00390,0.15039,28.54
$IMU,26864.766,-0.122,-0.061,-0.244,0.01660,1.00292,0.15429,28.54
$IMU,26864.768,-0.183,-0.061,-0.244,0.01708,1.00537,0.15332,28.54
$MAG,26864.769,-0.142,-0.514,-0.523,27.7
$IMU,26864.770,-0.183,0.000,-0.183,0.01904,1.00585,0.15039,28.54
$IMU,26864.773,-0.183,-0.061,-0.183,0.02050,1.00634,0.14941,28.54
$IMU,26864.775,-0.183,-0.183,-0.122,0.02050,1.00390,0.15087,28.54
$IMU,26864.777,-0.244,-0.122,-0.122,0.01904,1.00341,0.14941,28.55
$MAG,26864.779,-0.142,-0.511,-0.529,27.6
$IMU,26864.780,-0.244,-0.061,-0.183,0.01562,1.00244,0.15283,28.55
$IMU,26864.782,-0.305,-0.061,-0.183,0.01806,1.00244,0.15087,28.55
$IMU,26864.784,-0.305,-0.122,-0.183,0.02197,1.00683,0.15283,28.55
$IMU,26864.787,-0.305,-0.122,-0.122,0.01904,1.00537,0.15185,28.55
$MAG,26864.789,-0.144,-0.513,-0.532,27.6
$IMU,26864.789,-0.244,-0.183,-0.122,0.01806,1.00488,0.15136,28.55
$IMU,26864.791,-0.366,-0.122,-0.122,0.01953,1.00634,0.15185,28.55
$IMU,26864.794,-0.427,0.000,-0.183,0.01806,1.00292,0.14990,28.55
$IMU,26864.796,-0.305,-0.061,-0.244,0.01611,1.00390,0.15136,28.55
$MAG,26864.799,-0.147,-0.525,-0.525,27.5
$IMU,26864.799,-0.305,-0.122,-0.183,0.02001,1.00048,0.15039,28.55
$IMU,26864.801,-0.244,-0.061,-0.183,0.01757,1.00439,0.15283,28.55
$IMU,26864.803,-0.305,-0.122,-0.183,0.01708,1.00195,0.15234,28.55
$BARO,26864.804,86865.43,28.53
$IMU,26864.806,-0.427,0.061,-0.122,0.01855,1.00048,0.15087,28.55
$IMU,26864.808,-0.305,-0.061,-0.122,0.01904,1.00537,0.15087,28.55
$MAG,26864.810,-0.151,-0.525,-0.531,27.6
$IMU,26864.810,-0.244,0.000,-0.122,0.01904,1.00341,0.15234,28.55
$IMU,26864.813,-0.183,-0.183,-0.122,0.02001,1.00390,0.15380,28.55
$IMU,26864.815,-0.244,-0.122,-0.122,0.02343,1.00292,0.15136,28.51
$IMU,26864.817,-0.183,-0.122,-0.244,0.01757,1.00439,0.15234,28.51
$MAG,26864.820,-0.138,-0.523,-0.534,27.6
$IMU,26864.820,-0.244,0.000,-0.244,0.02148,1.00585,0.14843,28.51
$IMU,26864.822,-0.183,-0.061,-0.122,0.01855,0.99951,0.15185,28.51
$IMU,26864.824,-0.244,-0.122,-0.122,0.02050,1.00244,0.15234,28.51
$IMU,26864.827,-0.122,-0.122,-0.122,0.01953,1.00390,0.15185,28.51
$IMU,26864.829,-0.183,-0.061,-0.122,0.01855,1.00341,0.15087,28.51
$MAG,26864.830,-0.138,-0.528,-0.529,27.6
$IMU,26864.831,-0.183,0.061,-0.183,0.01611,1.00146,0.15185,28.51
$IMU,26864.834,-0.122,-0.061,-0.244,0.01464,1.00146,0.15087,28.53
$IMU,26864.836,-0.244,-0.061,-0.183,0.01806,1.00390,0.15332,28.53
$IMU,26864.838,-0.122,-0.122,-0.183,0.01708,1.00585,0.15185,28.53
$MAG,26864.840,-0.142,-0.525,-0.528,27.6
$IMU,26864.841,-0.244,-0.061,-0.061,0.01708,1.00439,0.15185,28.53
$IMU,26864.843,-0.183,-0.122,-0.061,0.01513,1.00341,0.15039,28.53
$IMU,26864.845,-0.183,-0.061,-0.061,0.01953,1.00244,0.15039,28.53
$IMU,26864.848,-0.244,-0.122,-0.183,0.01953,1.00390,0.15283,28.53
$MAG,26864.850,-0.141,-0.520,-0.528,27.6
$IMU,26864.850,-0.244,-0.183,-0.122,0.01953,1.00488,0.15185,28.53
$IMU,26864.852,-0.244,-0.122,-0.183,0.01953,1.00244,0.15087,28.54
$IMU,26864.855,-0.305,-0.122,-0.244,0.01562,1.00439,0.15185,28.54
$IMU,26864.857,-0.305,0.000,-0.183,0.01660,1.00634,0.15283,28.54
$MAG,26864.860,-0.144,-0.526,-0.528,27.5
$IMU,26864.860,-0.366,0.061,-0.183,0.01708,1.00439,0.15234,28.54
$IMU,26864.862,-0.305,-0.183,-0.122,0.01757,1.00634,0.15039,28.54
$IMU,26864.864,-0.366,-0.122,-0.122,0.01904,1.00390,0.15136,28.54
$IMU,26864.867,-0.305,-0.122,-0.244,0.01904,1.00146,0.15039,28.54
$IMU,26864.869,-0.427,0.122,-0.305,0.02001,0.99902,0.15039,28.54
$MAG,26864.870,-0.150,-0.523,-0.529,27.6
$IMU,26864.871,-0.366,0.122,-0.183,0.01416,1.00000,0.15185,28.55
$IMU,26864.874,-0.366,-0.061,-0.122,0.01708,1.00585,0.15283,28.55
$IMU,26864.876,-0.305,-0.122,-0.122,0.01757,1.00097,0.15234,28.55
$IMU,26864.878,-0.305,-0.122,-0.122,0.02197,1.00244,0.15283,28.55
$MAG,26864.880,-0.148,-0.514,-0.534,27.6
$IMU,26864.881,-0.305,-0.122,-0.122,0.01904,1.00000,0.15283,28.55
$IMU,26864.883,-0.305,0.000,-0.244,0.01660,1.00292,0.15185,28.55
$IMU,26864.885,-0.244,-0.061,-0.183,0.01904,1.00146,0.15380,28.55
$IMU,26864.888,-0.183,-0.183,-0.183,0.01660,1.00683,0.15136,28.55
$MAG,26864.890,-0.150,-0.522,-0.522,27.6
$IMU,26864.890,-0.122,-0.244,-0.122,0.01416,1.00390,0.15234,28.55
$IMU,26864.892,-0.244,-0.061,-0.183,0.01708,0.99902,0.15136,28.55
$IMU,26864.895,-0.244,-0.061,-0.183,0.01855,1.00097,0.15185,28.55
$IMU,26864.897,-0.244,-0.061,-0.122,0.01562,1.00634,0.14843,28.55
$IMU,26864.899,-0.183,-0.122,-0.183,0.01611,1.00146,0.15185,28.55
$MAG,26864.900,-0.141,-0.519,-0.535,27.6
$IMU,26864.902,-0.122,-0.244,-0.244,0.01611,1.00488,0.15087,28.55
$IMU,26864.904,-0.244,-0.122,-0.244,0.02001,1.00097,0.15039,28.55
$BARO,26864.905,86869.01,28.53
$IMU,26864.906,-0.183,-0.122,-0.183,0.01855,1.00390,0.15283,28.55
$IMU,26864.909,-0.244,-0.122,-0.183,0.01855,1.00146,0.14892,28.57
$MAG,26864.910,-0.150,-0.525,-0.532,27.6
$IMU,26864.911,-0.244,-0.061,-0.122,0.01855,1.00341,0.15185,28.57
$IMU,26864.913,-0.244,-0.122,-0.122,0.02001,1.00390,0.14843,28.57
$IMU,26864.916,-0.244,0.000,-0.183,0.02099,1.00292,0.14892,28.57
$IMU,26864.918,-0.183,-0.183,-0.183,0.01904,1.00341,0.15136,28.57
$MAG,26864.920,-0.144,-0.520,-0.528,27.6
$IMU,26864.921,-0.183,-0.061,-0.122,0.01806,1.00537,0.15039,28.57
$IMU,26864.923,-0.244,0.000,-0.183,0.01708,1.00683,0.15185,28.57
$IMU,26864.925,-0.244,-0.061,-0.122,0.01904,1.00292,0.15283,28.57
$IMU,26864.928,-0.244,-0.122,-0.122,0.01904,1.00097,0.15136,28.54
$IMU,26864.930,-0.305,-0.183,-0.122,0.01855,1.00195,0.15185,28.54
$MAG,26864.931,-0.151,-0.516,-0.529,27.6
$IMU,26864.932,-0.244,-0.183,-0.122,0.01904,1.00000,0.15185,28.54
$IMU,26864.935,-0.366,-0.061,-0.122,0.01904,1.00000,0.15332,28.54
$IMU,26864.937,-0.366,-0.061,-0.183,0.01806,1.00146,0.15234,28.54
$IMU,26864.939,-0.366,0.000,-0.122,0.01708,1.00146,0.15087,28.54
$MAG,26864.941,-0.153,-0.522,-0.523,27.6
$IMU,26864.942,-0.305,-0.122,-0.122,0.02099,1.00195,0.15136,28.54
$IMU,26864.944,-0.305,-0.061,-0.122,0.01562,1.00488,0.15283,28.54
$IMU,26864.946,-0.305,-0.061,-0.183,0.01513,1.00244,0.14990,28.52
$IMU,26864.949,-0.305,0.000,-0.183,0.01708,1.00097,0.15087,28.52
$MAG,26864.951,-0.151,-0.517,-0.531,27.6
$IMU,26864.951,-0.305,0.000,-0.183,0.01611,1.00341,0.15087,28.52
$IMU,26864.953,-0.122,-0.183,-0.183,0.01806,1.00488,0.15185,28.52
$IMU,26864.956,-0.183,-0.183,-0.183,0.01660,1.00341,0.15234,28.52
$IMU,26864.958,-0.244,-0.122,-0.183,0.02001,1.00634,0.15136,28.52
$IMU,26864.960,-0.244,0.000,-0.183,0.01757,1.00244,0.15332,28.52
$MAG,26864.961,-0.141,-0.516,-0.538,27.7
$IMU,26864.963,-0.244,-0.061,-0.122,0.01660,1.00097,0.15234,28.52
$IMU,26864.965,-0.122,-0.183,-0.122,0.01953,1.00390,0.14990,28.56
$IMU,26864.967,-0.122,-0.122,-0.183,0.01855,1.00390,0.15039,28.56
$IMU,26864.970,-0.061,-0.244,-0.183,0.01855,1.00244,0.15136,28.56
$MAG,26864.971,-0.145,-0.523,-0.529,27.6
$IMU,26864.972,-0.244,0.000,-0.183,0.01660,1.00341,0.15185,28.56
$IMU,26864.974,-0.183,0.000,-0.122,0.02050,1.00146,0.15087,28.56
$IMU,26864.977,-0.244,-0.122,-0.122,0.01660,1.00341,0.14990,28.56
$IMU,26864.979,-0.244,-0.183,-0.122,0.01611,1.00048,0.15087,28.56
$MAG,26864.981,-0.142,-0.522,-0.531,27.6
$IMU,26864.982,-0.305,0.000,-0.183,0.01708,0.99853,0.15136,28.56
$IMU,26864.984,-0.366,-0.061,-0.244,0.01757,1.00097,0.15087,28.51
$IMU,26864.986,-0.366,0.000,-0.183,0.01953,1.00488,0.15039,28.51
$IMU,26864.989,-0.366,0.061,-0.244,0.01464,1.00244,0.14990,28.51
$MAG,26864.991,-0.145,-0.522,-0.532,27.6
$IMU,26864.991,-0.366,-0.122,-0.183,0.01757,1.00488,0.14941,28.51
$IMU,26864.993,-0.244,-0.183,-0.183,0.01953,1.00244,0.15039,28.51
$IMU,26864.996,-0.366,0.000,-0.183,0.01562,0.99951,0.14941,28.51
$IMU,26864.998,-0.305,0.000,-0.122,0.01611,1.00439,0.14941,28.51
$IMU,26865.000,-0.366,-0.061,-0.183,0.01806,1.00537,0.14892,28.51
$MAG,26865.001,-0.141,-0.519,-0.532,27.6
$IMU,26865.003,-0.305,-0.061,-0.244,0.01708,1.00195,0.14746,28.54
$IMU,26865.005,-0.366,-0.061,-0.183,0.01806,1.00341,0.15185,28.54
$BARO,26865.006,86869.40,28.53
$IMU,26865.007,-0.244,0.000,-0.183,0.01757,1.00097,0.15087,28.54
$IMU,26865.010,-0.183,-0.122,-0.061,0.01806,1.00341,0.15429,28.54
$MAG,26865.011,-0.151,-0.526,-0.531,27.6
$IMU,26865.012,-0.305,0.061,-0.183,0.02001,1.00732,0.15136,28.54
$IMU,26865.014,-0.244,0.000,-0.122,0.01904,1.00488,0.15185,28.54
$IMU,26865.017,-0.244,-0.061,-0.122,0.01660,1.00292,0.15478,28.54
$IMU,26865.019,-0.244,-0.061,-0.183,0.01660,1.00195,0.15527,28.54
$MAG,26865.021,-0.144,-0.519,-0.532,27.7
$IMU,26865.021,-0.122,0.000,-0.183,0.01708,0.99951,0.15234,28.55
$IMU,26865.024,-0.244,-0.061,-0.122,0.01660,1.00292,0.15234,28.55
$IMU,26865.026,-0.183,-0.061,-0.061,0.01757,1.00048,0.15234,28.55
$IMU,26865.028,-0.122,-0.122,-0.122,0.01757,1.00292,0.15283,28.55
$MAG,26865.031,-0.139,-0.522,-0.540,27.6
$IMU,26865.031,-0.061,-0.183,-0.061,0.01806,1.00097,0.15283,28.55
$IMU,26865.033,-0.061,-0.244,-0.183,0.01806,1.00048,0.15087,28.55
$IMU,26865.035,-0.183,-0.061,-0.183,0.01953,1.00341,0.15136,28.55
$IMU,26865.038,-0.183,0.000,-0.122,0.01757,1.00341,0.14990,28.55
$IMU,26865.040,-0.244,0.000,-0.183,0.01611,1.00244,0.15185,28.54
$MAG,26865.042,-0.148,-0.523,-0.528,27.6
$IMU,26865.043,-0.244,-0.061,-0.183,0.01611,1.00244,0.15332,28.54
$IMU,26865.045,-0.183,-0.122,-0.183,0.01757,1.00390,0.14892,28.54
$IMU,26865.047,-0.244,-0.061,-0.122,0.01904,1.00585,0.15478,28.54
$IMU,26865.050,-0.244,-0.122,-0.122,0.01757,1.00439,0.15039,28.54
$MAG,26865.052,-0.147,-0.517,-0.525,27.6
$IMU,26865.052,-0.183,0.000,-0.244,0.01708,1.00244,0.15380,28.54
$IMU,26865.054,-0.183,-0.061,-0.183,0.01562,1.00097,0.15039,28.54
$IMU,26865.057,-0.244,-0.061,-0.122,0.01660,1.00390,0.15136,28.54
$IMU,26865.059,-0.244,-0.122,-0.122,0.01708,1.00244,0.15283,28.55
$IMU,26865.061,-0.366,0.000,-0.061,0.01708,1.00390,0.15136,28.55
$MAG,26865.062,-0.150,-0.525,-0.531,27.6
$IMU,26865.064,-0.366,0.000,-0.122,0.02050,1.00537,0.15185,28.55
$IMU,26865.066,-0.366,0.000,-0.183,0.02050,1.00488,0.14990,28.55
$IMU,26865.068,-0.305,0.000,-0.244,0.01708,1.00097,0.14941,28.55
$IMU,26865.071,-0.305,-0.183,-0.183,0.01904,1.00292,0.15039,28.55
$MAG,26865.072,-0.154,-0.520,-0.525,27.6
$IMU,26865.073,-0.366,0.000,-0.244,0.01611,1.00341,0.15185,28.55
$IMU,26865.075,-0.366,0.183,-0.061,0.01953,0.99853,0.15136,28.55
$IMU,26865.078,-0.427,-0.061,-0.122,0.01806,1.00146,0.15185,28.58
$IMU,26865.080,-0.427,-0.122,-0.122,0.01611,1.00537,0.15234,28.58
$MAG,26865.082,-0.141,-0.526,-0.532,27.6
$IMU,26865.082,-0.244,-0.183,-0.183,0.01611,1.00488,0.15087,28.58
$IMU,26865.085,-0.305,-0.122,-0.183,0.01513,1.00341,0.15283,28.58
$IMU,26865.087,-0.305,-0.122,-0.244,0.01953,1.00244,0.15332,28.58
$IMU,26865.089,-0.305,0.000,-0.183,0.01806,1.00195,0.15234,28.58
$MAG,26865.092,-0.142,-0.517,-0.529,27.6
$IMU,26865.092,-0.305,0.000,-0.122,0.02001,1.00195,0.15087,28.58
$IMU,26865.094,-0.244,-0.122,-0.183,0.01660,1.00439,0.15039,28.58
$IMU,26865.096,-0.244,-0.061,-0.122,0.01855,1.00292,0.14990,28.51
$IMU,26865.099,-0.244,-0.122,-0.122,0.02001,1.00195,0.15283,28.51
$IMU,26865.101,-0.244,-0.061,-0.183,0.01953,1.00292,0.15332,28.51
$MAG,26865.102,-0.139,-0.526,-0.529,27.6
$IMU,26865.104,-0.183,0.000,-0.244,0.01708,1.00097,0.15429,28.51
$IMU,26865.106,-0.183,-0.061,-0.183,0.01953,1.00292,0.15087,28.51
$BARO,26865.108,86865.11,28.53
$IMU,26865.108,-0.183,-0.122,-0.183,0.01953,1.00097,0.15332,28.51
$IMU,26865.111,-0.122,-0.061,-0.122,0.01660,1.00195,0.15332,28.51
$MAG,26865.112,-0.144,-0.534,-0.525,27.6
$IMU,26865.113,-0.244,0.000,-0.122,0.01708,1.00048,0.15136,28.51
$IMU,26865.115,-0.183,0.061,-0.122,0.01708,1.00732,0.14794,28.54
$IMU,26865.118,-0.122,-0.122,-0.122,0.02050,1.00537,0.15136,28.54
$IMU,26865.120,-0.122,-0.122,-0.183,0.01757,1.00585,0.15136,28.54
$MAG,26865.122,-0.150,-0.516,-0.529,27.6
$IMU,26865.122,-0.122,-0.061,-0.244,0.02099,1.00585,0.14941,28.54
$IMU,26865.125,-0.183,0.000,-0.244,0.01855,1.00634,0.14990,28.54
$IMU,26865.127,-0.183,0.000,-0.122,0.01855,1.00097,0.14892,28.54
$IMU,26865.129,-0.244,-0.061,-0.183,0.01464,1.00292,0.15185,28.54
$MAG,26865.132,-0.138,-0.519,-0.534,27.6
$IMU,26865.132,-0.305,-0.061,-0.122,0.01562,1.00341,0.14941,28.54
$IMU,26865.134,-0.305,-0.122,-0.122,0.01806,1.00244,0.14746,28.52
$IMU,26865.136,-0.305,-0.183,-0.183,0.01562,1.00341,0.15039,28.52
$IMU,26865.139,-0.305,-0.122,-0.244,0.01757,1.00292,0.15234,28.52
$IMU,26865.141,-0.366,0.000,-0.183,0.01708,1.00341,0.15234,28.52
$MAG,26865.142,-0.147,-0.525,-0.531,27.6
$IMU,26865.143,-0.366,-0.061,-0.183,0.01855,1.00488,0.15185,28.52
$IMU,26865.146,-0.366,-0.122,-0.122,0.01660,1.00097,0.15185,28.52
$IMU,26865.148,-0.366,-0.061,-0.122,0.01904,1.00439,0.15136,28.52
$IMU,26865.150,-0.305,0.000,-0.122,0.01806,1.00537,0.15136,28.52
$MAG,26865.153,-0.147,-0.517,-0.537,27.6
$IMU,26865.153,-0.305,-0.061,-0.183,0.02246,1.00390,0.15185,28.55
$IMU,26865.155,-0.366,0.000,-0.183,0.01611,1.00195,0.15332,28.55
$IMU,26865.157,-0.305,-0.061,-0.183,0.01757,1.00341,0.15136,28.55
$IMU,26865.160,-0.305,-0.122,-0.183,0.01708,1.00341,0.15185,28.55
$IMU,26865.162,-0.244,-0.122,-0.183,0.01806,1.00390,0.15234,28.55
$MAG,26865.163,-0.147,-0.514,-0.522,27.6
$IMU,26865.165,-0.305,0.000,-0.122,0.01660,1.00341,0.15332,28.55
$IMU,26865.167,-0.244,0.000,-0.122,0.01757,1.00097,0.15136,28.55
$IMU,26865.169,-0.305,0.000,-0.183,0.01904,1.00292,0.15185,28.55
$IMU,26865.172,-0.183,-0.244,-0.244,0.02050,1.00683,0.15234,28.51
$MAG,26865.173,-0.142,-0.516,-0.531,27.6
$IMU,26865.174,-0.183,-0.183,-0.244,0.01855,1.00488,0.15283,28.51
$IMU,26865.176,-0.183,-0.061,-0.122,0.01660,1.00195,0.14892,28.51
$IMU,26865.179,-0.305,0.000,-0.183,0.02148,0.99902,0.15380,28.51
$IMU,26865.181,-0.305,0.000,-0.183,0.01855,1.00488,0.15039,28.51
$MAG,26865.183,-0.141,-0.517,-0.532,27.6
$IMU,26865.183,-0.244,-0.122,-0.183,0.02050,1.00341,0.14990,28.51
$IMU,26865.186,-0.305,-0.061,-0.183,0.01757,1.00341,0.15185,28.51
$IMU,26865.188,-0.244,-0.122,-0.244,0.01757,1.00439,0.15380,28.51
$IMU,26865.190,-0.244,-0.061,-0.244,0.01757,1.00488,0.14941,28.55
$VBAT,26865.192,4.140
$MAG,26865.193,-0.151,-0.517,-0.531,27.6
$IMU,26865.193,-0.244,-0.061,-0.183,0.01757,1.00390,0.14843,28.55
$IMU,26865.195,-0.244,-0.061,-0.122,0.01953,1.00195,0.15136,28.55
$IMU,26865.197,-0.183,-0.061,-0.061,0.02050,1.00097,0.15087,28.55
$IMU,26865.200,-0.183,0.000,-0.122,0.01904,1.00000,0.15136,28.55
$IMU,26865.202,-0.244,0.000,-0.183,0.01953,1.00488,0.15136,28.55
$MAG,26865.203,-0.150,-0.516,-0.538,27.6
$IMU,26865.204,-0.305,0.000,-0.122,0.01855,1.00048,0.15283,28.55
$IMU,26865.207,-0.244,-0.061,-0.244,0.01953,1.00390,0.15185,28.55
$BARO,26865.209,86863.31,28.53
$IMU,26865.209,-0.244,-0.122,-0.244,0.01757,1.00683,0.15185,28.57
$IMU,26865.211,-0.122,-0.183,-0.122,0.02050,1.00439,0.15234,28.57
$MAG,26865.213,-0.141,-0.523,-0.534,27.6
$IMU,26865.214,-0.244,-0.061,-0.122,0.01953,1.00244,0.15087,28.57
$IMU,26865.216,-0.305,-0.061,-0.122,0.02148,1.00048,0.15283,28.57
$IMU,26865.218,-0.305,0.061,-0.122,0.01855,1.00244,0.15234,28.57
$IMU,26865.221,-0.366,-0.061,-0.061,0.01855,1.00292,0.14990,28.57
$MAG,26865.223,-0.150,-0.516,-0.529,27.6
$IMU,26865.223,-0.244,-0.183,-0.122,0.02050,1.00146,0.15185,28.57
$IMU,26865.225,-0.305,-0.122,-0.183,0.01904,1.00244,0.15332,28.57
$IMU,26865.228,-0.305,-0.061,-0.183,0.01855,1.00683,0.15185,28.50
$IMU,26865.230,-0.305,-0.122,-0.122,0.01757,1.00292,0.15136,28.50
$MAG,26865.233,-0.142,-0.516,-0.531,27.6
$IMU,26865.233,-0.183,-0.122,-0.122,0.01513,1.00488,0.15087,28.50
$IMU,26865.235,-0.183,-0.122,-0.183,0.01660,1.00244,0.15527,28.50
$IMU,26865.237,-0.183,-0.122,-0.244,0.01855,1.00244,0.15380,28.50
$IMU,26865.240,-0.244,-0.061,-0.183,0.01562,1.00488,0.15283,28.50
$IMU,26865.242,-0.305,0.000,-0.122,0.02001,1.00390,0.15380,28.50
$MAG,26865.243,-0.139,-0.517,-0.540,27.5
$IMU,26865.244,-0.244,-0.061,-0.244,0.01757,1.00585,0.15039,28.50
$IMU,26865.247,-0.244,0.000,-0.183,0.01562,1.00341,0.15087,28.52
$TIME,26865.249,510773.000,2399
$IMU,26865.249,-0.122,-0.244,-0.122,0.01660,1.00146,0.15136,28.52
$IMU,26865.251,-0.183,-0.061,-0.183,0.01611,1.00390,0.15380,28.52
$MAG,26865.253,-0.142,-0.526,-0.537,27.6
$IMU,26865.254,-0.183,-0.061,-0.183,0.01708,1.00390,0.14697,28.52
$IMU,26865.256,-0.244,-0.122,-0.183,0.02050,1.00292,0.15039,28.52
$IMU,26865.258,-0.366,0.183,-0.244,0.01757,1.00195,0.15234,28.52
$IMU,26865.261,-0.305,-0.061,-0.183,0.01757,1.00341,0.15087,28.52
$IMU,26865.263,-0.305,-0.122,-0.183,0.01855,0.99902,0.15380,28.52
$MAG,26865.264,-0.153,-0.525,-0.529,27.7
$IMU,26865.265,-0.305,0.000,-0.183,0.01708,0.99951,0.15039,28.56
$IMU,26865.268,-0.366,-0.061,-0.183,0.01708,1.00097,0.15136,28.56
$IMU,26865.270,-0.366,0.000,-0.183,0.01904,1.00048,0.15283,28.56
$IMU,26865.272,-0.305,-0.183,-0.183,0.01416,1.00097,0.15136,28.56
$MAG,26865.274,-0.156,-0.514,-0.519,27.6
$IMU,26865.275,-0.427,-0.122,-0.183,0.01855,1.00390,0.15234,28.56
$IMU,26865.277,-0.488,0.000,-0.122,0.01855,1.00292,0.15380,28.56
$IMU,26865.279,-0.427,0.000,-0.183,0.02050,1.00292,0.15283,28.56
$IMU,26865.282,-0.427,-0.183,-0.122,0.01806,1.00146,0.15283,28.56
$MAG,26865.284,-0.148,-0.525,-0.532,27.6
$IMU,26865.284,-0.427,-0.061,-0.061,0.01757,1.00634,0.14941,28.54
$IMU,26865.286,-0.305,-0.183,-0.122,0.01513,1.00537,0.15136,28.54
$IMU,26865.289,-0.305,-0.122,-0.183,0.01708,1.00439,0.15527,28.54
$IMU,26865.291,-0.305,-0.122,-0.244,0.01904,1.00292,0.15332,28.54
$MAG,26865.294,-0.145,-0.522,-0.538,27.7
$IMU,26865.294,-0.244,-0.122,-0.244,0.01855,1.00000,0.14990,28.54
$IMU,26865.296,-0.183,-0.122,-0.183,0.01806,1.00634,0.15185,28.54
$IMU,26865.298,-0.183,-0.122,-0.122,0.01708,1.00634,0.15429,28.54
$IMU,26865.301,-0.061,-0.183,-0.122,0.01855,1.00634,0.15185,28.54
$IMU,26865.303,-0.061,-0.183,-0.122,0.01806,1.00439,0.15039,28.54
$MAG,26865.304,-0.148,-0.528,-0.529,27.5
$IMU,26865.305,-0.061,-0.122,-0.183,0.01953,1.00292,0.15039,28.54
$IMU,26865.308,-0.061,-0.061,-0.122,0.02197,1.00390,0.15283,28.54
$IMU,26865.310,-0.061,0.000,-0.183,0.01855,1.00585,0.15039,28.54
$BARO,26865.311,86867.18,28.53
$IMU,26865.312,-0.122,0.000,-0.122,0.02099,1.00537,0.15087,28.54
$MAG,26865.314,-0.144,-0.525,-0.537,27.5
$IMU,26865.315,-0.244,0.122,-0.122,0.01708,1.00146,0.15185,28.54
$IMU,26865.317,-0.122,-0.183,-0.122,0.01562,1.00244,0.15332,28.54
$IMU,26865.319,-0.061,-0.183,-0.183,0.01513,1.00341,0.15087,28.54
$IMU,26865.322,-0.183,-0.061,-0.244,0.02001,1.00634,0.14941,28.52
$MAG,26865.324,-0.145,-0.528,-0.532,27.5
$IMU,26865.324,-0.244,-0.061,-0.183,0.01904,1.00537,0.14843,28.52
$IMU,26865.326,-0.244,0.061,-0.244,0.01757,1.00048,0.15185,28.52
$IMU,26865.329,-0.244,-0.122,-0.183,0.01806,1.00195,0.14892,28.52
$IMU,26865.331,-0.366,-0.122,-0.122,0.01660,1.00537,0.15039,28.52
$IMU,26865.333,-0.366,-0.122,-0.061,0.01855,1.00439,0.14892,28.52
$MAG,26865.334,-0.150,-0.520,-0.529,27.6
$IMU,26865.336,-0.305,-0.183,0.000,0.02001,1.00000,0.14892,28.52
$IMU,26865.338,-0.366,-0.122,-0.122,0.02001,1.00097,0.15087,28.52
$IMU,26865.340,-0.427,0.000,-0.183,0.02197,1.00146,0.14941,28.58
$IMU,26865.343,-0.366,-0.183,-0.244,0.01953,1.00390,0.15283,28.58
$MAG,26865.344,-0.148,-0.525,-0.531,27.6
$IMU,26865.345,-0.488,-0.122,-0.244,0.01757,1.00097,0.14990,28.58
$IMU,26865.347,-0.366,-0.122,-0.122,0.01660,1.00439,0.15136,28.58
$IMU,26865.350,-0.427,-0.183,-0.061,0.01757,1.00292,0.15136,28.58
$IMU,26865.352,-0.366,-0.183,-0.122,0.01855,1.00292,0.15234,28.58
$MAG,26865.354,-0.135,-0.526,-0.526,27.5
$IMU,26865.355,-0.366,-0.061,-0.061,0.02099,1.00244,0.15136,28.58
$IMU,26865.357,-0.366,-0.061,-0.183,0.01953,1.00048,0.15039,28.58
$IMU,26865.359,-0.183,-0.183,-0.305,0.01855,1.00097,0.14941,28.56
$IMU,26865.362,-0.366,-0.061,-0.183,0.01904,1.00341,0.15234,28.56
$MAG,26865.364,-0.144,-0.520,-0.535,27.5
$IMU,26865.364,-0.305,0.000,-0.122,0.02197,1.00146,0.15039,28.56
$IMU,26865.366,-0.305,-0.061,-0.122,0.01757,1.00537,0.15087,28.56
$IMU,26865.369,-0.183,-0.183,-0.183,0.01562,1.00341,0.15185,28.56
$IMU,26865.371,-0.183,0.000,-0.183,0.01855,1.00390,0.15136,28.56
$IMU,26865.373,-0.122,-0.122,-0.183,0.01904,1.00537,0.14892,28.56
$MAG,26865.375,-0.151,-0.513,-0.528,27.6
$IMU,26865.376,-0.061,-0.061,-0.305,0.01611,1.00292,0.15185,28.56
$IMU,26865.378,-0.061,-0.122,-0.183,0.01806,1.00244,0.14941,28.58
$IMU,26865.380,-0.061,-0.061,-0.183,0.02099,1.00390,0.15087,28.58
$IMU,26865.383,-0.061,0.061,-0.122,0.01708,1.00195,0.14941,28.58
$MAG,26865.385,-0.147,-0.523,-0.529,27.6
$IMU,26865.385,-0.061,-0.122,-0.122,0.01904,1.00439,0.14990,28.58
$IMU,26865.387,-0.061,-0.122,-0.122,0.01806,1.00048,0.15283,28.58
$IMU,26865.390,-0.122,0.000,-0.183,0.01953,1.00390,0.15332,28.58
$IMU,26865.392,-0.061,-0.183,-0.183,0.01855,1.00097,0.15185,28.58
$IMU,26865.394,-0.122,-0.061,-0.183,0.01708,1.00146,0.15136,28.58
$MAG,26865.395,-0.147,-0.516,-0.526,27.6
$IMU,26865.397,-0.183,-0.122,-0.183,0.01708,1.00732,0.15136,28.58
$IMU,26865.399,-0.183,-0.061,-0.061,0.01806,1.00488,0.14794,28.58
$IMU,26865.401,-0.183,-0.244,0.000,0.01904,1.00341,0.14990,28.58
$IMU,26865.404,-0.366,-0.061,-0.061,0.01953,1.00488,0.15234,28.58
$MAG,26865.405,-0.144,-0.520,-0.522,27.7
$IMU,26865.406,-0.366,-0.061,-0.183,0.02050,1.00341,0.15039,28.58
$IMU,26865.408,-0.305,0.000,-0.183,0.02001,1.00683,0.14941,28.58
$IMU,26865.411,-0.305,-0.122,-0.183,0.01806,1.00537,0.15283,28.58
$BARO,26865.412,86865.18,28.53
$IMU,26865.413,-0.366,-0.061,-0.244,0.01855,1.00390,0.14746,28.58
$MAG,26865.415,-0.150,-0.522,-0.535,27.6
$IMU,26865.416,-0.366,-0.122,-0.183,0.01806,1.00488,0.14892,28.55
$IMU,26865.418,-0.305,-0.183,-0.061,0.02050,1.00292,0.15234,28.55
$IMU,26865.420,-0.427,-0.061,-0.061,0.01708,1.00341,0.15283,28.55
$IMU,26865.423,-0.366,-0.183,-0.183,0.02001,1.00195,0.15136,28.55
$MAG,26865.425,-0.145,-0.525,-0.534,27.6
$IMU,26865.425,-0.305,-0.122,-0.122,0.01855,1.00634,0.15234,28.55
$IMU,26865.427,-0.244,-0.122,-0.244,0.02001,1.00390,0.15234,28.55
$IMU,26865.430,-0.366,0.000,-0.244,0.01855,1.00439,0.15185,28.55
$IMU,26865.432,-0.244,-0.122,-0.061,0.01855,1.00439,0.14941,28.55
$IMU,26865.434,-0.244,-0.122,-0.061,0.01855,1.00146,0.14990,28.55
$MAG,26865.435,-0.142,-0.522,-0.528,27.6
$IMU,26865.437,-0.244,-0.122,-0.061,0.01757,1.00390,0.15039,28.55
$IMU,26865.439,-0.244,-0.061,-0.244,0.01855,1.00488,0.15332,28.55
$IMU,26865.441,-0.305,-0.061,-0.183,0.01562,1.00439,0.15136,28.55
$IMU,26865.444,-0.244,-0.061,-0.244,0.01904,1.00488,0.15136,28.55
$MAG,26865.445,-0.139,-0.517,-0.535,27.6
$IMU,26865.446,-0.305,0.000,-0.244,0.01660,1.00390,0.15234,28.55
$IMU,26865.448,-0.244,0.000,-0.183,0.02099,1.00488,0.15283,28.55
$IMU,26865.451,-0.122,-0.244,-0.122,0.02294,1.00292,0.14990,28.55
$IMU,26865.453,-0.183,-0.122,-0.061,0.01611,0.99951,0.15429,28.57
$MAG,26865.455,-0.139,-0.526,-0.535,27.5
$IMU,26865.455,-0.183,-0.122,-0.183,0.01660,1.00195,0.15332,28.57
$IMU,26865.458,-0.244,-0.122,-0.244,0.01806,1.00585,0.15332,28.57
$IMU,26865.460,-0.244,-0.122,-0.183,0.02148,1.00341,0.15185,28.57
$IMU,26865.462,-0.183,-0.061,-0.244,0.01806,1.00292,0.15185,28.57
$MAG,26865.465,-0.154,-0.516,-0.529,27.6
$IMU,26865.465,-0.122,-0.122,-0.183,0.01562,1.00048,0.15185,28.57
$IMU,26865.467,-0.244,-0.122,-0.183,0.01806,1.00048,0.15087,28.57
$IMU,26865.469,-0.183,-0.061,-0.061,0.01611,1.00292,0.15039,28.57
$IMU,26865.472,-0.366,0.061,-0.061,0.01611,1.00341,0.15234,28.57
$IMU,26865.474,-0.244,-0.183,-0.183,0.01855,1.00537,0.15136,28.57
$MAG,26865.475,-0.148,-0.520,-0.526,27.6
$IMU,26865.477,-0.305,0.000,-0.244,0.01611,1.00097,0.15039,28.57
$IMU,26865.479,-0.305,-0.122,-0.305,0.01904,1.00146,0.15039,28.57
$IMU,26865.481,-0.244,-0.183,-0.183,0.01757,1.00244,0.15185,28.57
$IMU,26865.484,-0.305,0.000,-0.061,0.01855,1.00146,0.15380,28.57
$MAG,26865.485,-0.136,-0.519,-0.532,27.6
$IMU,26865.486,-0.183,-0.122,-0.061,0.01855,1.00341,0.15185,28.57
$IMU,26865.488,-0.244,-0.183,-0.122,0.01855,1.00292,0.15234,28.57
$IMU,26865.491,-0.244,-0.122,-0.122,0.01855,1.00488,0.15234,28.54
$IMU,26865.493,-0.122,-0.122,-0.122,0.02148,1.00585,0.15136,28.54
$IMU,26865.495,-0.183,0.000,-0.244,0.01855,1.00439,0.15136,28.54
$MAG,26865.496,-0.153,-0.517,-0.534,27.6
$IMU,26865.498,-0.244,-0.061,-0.244,0.01904,1.00488,0.15136,28.54
$IMU,26865.500,-0.244,-0.061,-0.183,0.01611,1.00390,0.15136,28.54
$IMU,26865.502,-0.183,-0.122,-0.122,0.01806,1.00195,0.15136,28.54
$IMU,26865.505,-0.122,-0.183,-0.122,0.01660,1.00292,0.15136,28.54
$MAG,26865.506,-0.151,-0.519,-0.537,27.6
$IMU,26865.507,-0.183,-0.122,-0.122,0.01904,1.00292,0.15185,28.54
$IMU,26865.509,-0.305,-0.061,-0.183,0.01611,1.00390,0.15039,28.56
$IMU,26865.512,-0.183,0.000,-0.183,0.01562,1.00439,0.15234,28.56
$BARO,26865.514,86854.99,28.54
$IMU,26865.514,-0.305,0.061,-0.244,0.01806,1.00585,0.14794,28.56
$MAG,26865.516,-0.142,-0.513,-0.535,27.6
$IMU,26865.516,-0.244,-0.061,-0.183,0.02099,1.00439,0.15283,28.56
$IMU,26865.519,-0.183,-0.122,-0.183,0.02050,1.00537,0.15039,28.56
$IMU,26865.521,-0.122,-0.122,-0.122,0.01757,1.00439,0.15234,28.56
$IMU,26865.523,-0.305,0.122,-0.122,0.02001,1.00292,0.15136,28.56
$MAG,26865.526,-0.139,-0.522,-0.532,27.6
$IMU,26865.526,-0.366,-0.061,-0.183,0.02099,1.00488,0.15283,28.56
$IMU,26865.528,-0.244,-0.183,-0.122,0.02050,1.00390,0.14990,28.56
$IMU,26865.530,-0.366,-0.061,-0.183,0.02148,1.00390,0.15332,28.56
$IMU,26865.533,-0.305,-0.122,-0.183,0.01904,1.00097,0.15087,28.56
$IMU,26865.535,-0.244,-0.061,-0.183,0.01806,1.00097,0.15039,28.56
$MAG,26865.536,-0.150,-0.526,-0.529,27.5
$IMU,26865.538,-0.244,-0.183,-0.122,0.01855,1.00341,0.15234,28.56
$IMU,26865.540,-0.305,-0.122,-0.183,0.01708,1.00585,0.15087,28.56
$IMU,26865.542,-0.427,0.183,-0.122,0.01611,1.00000,0.15380,28.56
$IMU,26865.545,-0.488,0.061,-0.183,0.01611,1.00146,0.15087,28.56
$MAG,26865.546,-0.145,-0.520,-0.535,27.6
$IMU,26865.547,-0.305,-0.244,-0.244,0.01562,1.00732,0.15136,28.53
$IMU,26865.549,-0.244,-0.183,-0.244,0.01660,1.00439,0.15136,28.53
$IMU,26865.552,-0.305,-0.061,-0.183,0.01953,1.00390,0.15332,28.53
$IMU,26865.554,-0.244,-0.122,-0.122,0.01904,1.00341,0.15234,28.53
$MAG,26865.556,-0.153,-0.508,-0.529,27.6
$IMU,26865.556,-0.183,-0.183,-0.122,0.02148,1.00195,0.15332,28.53
$IMU,26865.559,-0.183,-0.183,-0.122,0.02001,1.00439,0.15380,28.53
$IMU,26865.561,-0.244,0.000,-0.183,0.02001,1.00195,0.15380,28.53
$IMU,26865.563,-0.183,0.061,-0.183,0.01806,1.00292,0.15136,28.53
$HUM,26865.565,34.5,29.0
$MAG,26865.566,-0.142,-0.523,-0.540,27.6
$IMU,26865.566,-0.183,-0.122,-0.244,0.01757,1.00585,0.15380,28.58
$IMU,26865.568,-0.183,-0.061,-0.122,0.01953,1.00488,0.15283,28.58
$IMU,26865.570,-0.122,-0.061,-0.122,0.01904,1.00244,0.14941,28.58
$IMU,26865.573,-0.244,-0.061,-0.122,0.01660,1.00146,0.15039,28.58
$IMU,26865.575,-0.122,-0.061,-0.122,0.01708,1.00585,0.15039,28.58
$MAG,26865.576,-0.150,-0.525,-0.535,27.6
$IMU,26865.577,-0.061,-0.122,-0.183,0.01904,1.00488,0.15283,28.58
$IMU,26865.580,-0.122,0.000,-0.183,0.01562,1.00439,0.15039,28.58
$IMU,26865.582,-0.183,-0.122,-0.122,0.01757,1.00244,0.15283,28.58
$IMU,26865.584,-0.244,-0.122,-0.183,0.01953,1.00341,0.15039,28.53
$MAG,26865.586,-0.148,-0.516,-0.529,27.6
$IMU,26865.587,-0.244,0.061,-0.122,0.01806,1.00244,0.15039,28.53
$IMU,26865.589,-0.183,-0.122,-0.122,0.01953,1.00439,0.15283,28.53
$IMU,26865.591,-0.183,-0.122,-0.122,0.01757,1.00439,0.15185,28.53
$IMU,26865.594,-0.183,-0.122,-0.122,0.01464,1.00000,0.15234,28.53
$MAG,26865.596,-0.150,-0.528,-0.528,27.6
$IMU,26865.596,-0.244,-0.122,-0.183,0.01708,1.00244,0.15087,28.53
$IMU,26865.598,-0.305,0.000,-0.183,0.01708,1.00781,0.15234,28.53
$IMU,26865.601,-0.305,0.000,-0.244,0.01611,1.00683,0.15185,28.53
$IMU,26865.603,-0.366,-0.122,-0.244,0.02099,1.00634,0.15332,28.58
$IMU,26865.606,-0.366,-0.122,-0.122,0.01953,1.00292,0.15136,28.58
$MAG,26865.607,-0.144,-0.522,-0.529,27.5
$IMU,26865.608,-0.244,-0.122,-0.183,0.02050,1.00488,0.15185,28.58
$IMU,26865.610,-0.305,-0.244,-0.183,0.01708,1.00390,0.15087,28.58
$IMU,26865.613,-0.366,0.061,-0.183,0.01806,1.00341,0.15136,28.58
$BARO,26865.615,86875.93,28.54
$IMU,26865.615,-0.366,0.000,-0.183,0.01708,1.00439,0.15185,28.58
$MAG,26865.617,-0.145,-0.522,-0.531,27.6
$IMU,26865.617,-0.366,-0.183,-0.183,0.01611,1.00097,0.15429,28.58
$IMU,26865.620,-0.305,-0.122,-0.183,0.02050,1.00244,0.15283,28.58
$IMU,26865.622,-0.305,-0.122,-0.122,0.02050,1.00195,0.15576,28.57
$IMU,26865.624,-0.366,0.000,-0.061,0.01855,1.00390,0.15039,28.57
$MAG,26865.627,-0.144,-0.529,-0.534,27.6
$IMU,26865.627,-0.305,0.000,-0.122,0.01953,1.00439,0.15283,28.57
$IMU,26865.629,-0.305,0.000,-0.183,0.01611,1.00390,0.15283,28.57
$IMU,26865.631,-0.183,-0.122,-0.244,0.02148,1.00390,0.15185,28.57
$IMU,26865.634,-0.183,-0.122,-0.244,0.01611,1.00195,0.15283,28.57
$IMU,26865.636,-0.183,-0.122,-0.183,0.01708,1.00244,0.15136,28.57
$MAG,26865.637,-0.138,-0.520,-0.535,27.6
$IMU,26865.638,-0.244,0.061,-0.122,0.01806,1.00488,0.14941,28.57
$IMU,26865.641,-0.183,-0.122,-0.061,0.01855,1.00390,0.14941,28.59
$IMU,26865.643,-0.061,-0.183,-0.122,0.01855,1.00390,0.15234,28.59
$IMU,26865.645,-0.122,-0.122,-0.244,0.01660,1.00292,0.15576,28.59
$MAG,26865.647,-0.144,-0.517,-0.532,27.7
$IMU,26865.648,-0.122,-0.122,-0.122,0.01806,1.00000,0.15332,28.59
$IMU,26865.650,-0.183,-0.061,-0.122,0.01708,1.00244,0.15185,28.59
$IMU,26865.652,-0.244,0.122,-0.122,0.01757,1.00390,0.15234,28.59
$IMU,26865.655,-0.244,-0.061,-0.122,0.01660,1.00732,0.15039,28.59
$MAG,26865.657,-0.147,-0.517,-0.532,27.6
$IMU,26865.657,-0.122,-0.061,-0.122,0.01757,1.00537,0.14990,28.59
$IMU,26865.659,-0.122,-0.244,-0.122,0.01757,1.00000,0.15234,28.57
$IMU,26865.662,-0.183,-0.061,-0.122,0.01904,1.00488,0.14941,28.57
$IMU,26865.664,-0.183,-0.061,-0.183,0.02050,1.00244,0.15283,28.57
$MAG,26865.667,-0.139,-0.523,-0.534,27.5
$IMU,26865.667,-0.183,-0.122,-0.183,0.01806,1.00244,0.15332,28.57
$IMU,26865.669,-0.183,0.061,-0.122,0.01660,1.00195,0.15234,28.57
$IMU,26865.671,-0.244,-0.122,-0.061,0.01757,0.99951,0.15234,28.57
$IMU,26865.674,-0.244,-0.061,-0.061,0.01660,1.00341,0.15283,28.57
$IMU,26865.676,-0.305,-0.061,-0.061,0.01611,1.00341,0.15087,28.57
$MAG,26865.677,-0.135,-0.522,-0.528,27.6
$IMU,26865.678,-0.305,-0.061,-0.122,0.01416,1.00195,0.15478,28.61
$IMU,26865.681,-0.366,-0.122,-0.183,0.01367,1.00292,0.15087,28.61
$IMU,26865.683,-0.305,-0.183,-0.183,0.01708,1.00195,0.15185,28.61
$IMU,26865.685,-0.305,-0.122,-0.122,0.02050,1.00244,0.15185,28.61
$MAG,26865.687,-0.144,-0.520,-0.531,27.6
$IMU,26865.688,-0.427,0.000,-0.122,0.01953,1.00244,0.15234,28.61
$IMU,26865.690,-0.366,-0.061,-0.122,0.01708,1.00244,0.15234,28.61
$IMU,26865.692,-0.488,0.061,-0.122,0.01708,1.00488,0.15234,28.61
$IMU,26865.695,-0.244,-0.061,-0.183,0.01708,1.00341,0.14990,28.61
$MAG,26865.697,-0.138,-0.523,-0.531,27.6
$IMU,26865.697,-0.244,-0.122,-0.183,0.01513,1.00585,0.14990,28.55
$IMU,26865.699,-0.244,-0.122,-0.183,0.01611,1.00683,0.15283,28.55
$IMU,26865.702,-0.244,0.061,-0.183,0.01757,1.00341,0.15185,28.55
$IMU,26865.704,-0.305,0.061,-0.061,0.01806,1.00390,0.15136,28.55
$IMU,26865.706,-0.305,-0.061,-0.183,0.01904,1.00341,0.15234,28.55
$MAG,26865.707,-0.145,-0.520,-0.537,27.5
$IMU,26865.709,-0.244,-0.122,-0.183,0.01953,1.00439,0.15380,28.55
$IMU,26865.711,-0.183,-0.122,-0.122,0.01757,1.00439,0.15136,28.55
$IMU,26865.713,-0.183,-0.122,-0.183,0.01708,1.00195,0.15185,28.55
$IMU,26865.716,-0.183,0.000,-0.183,0.01757,1.00195,0.15429,28.58
$BARO,26865.717,86857.87,28.53
$MAG,26865.718,-0.147,-0.519,-0.532,27.5
$IMU,26865.718,-0.183,-0.061,-0.183,0.01562,1.00244,0.15039,28.58
$IMU,26865.720,-0.244,-0.183,-0.122,0.01708,1.00195,0.15283,28.58
$IMU,26865.723,-0.183,-0.183,-0.061,0.01855,1.00244,0.15087,28.58
$IMU,26865.725,-0.244,-0.122,-0.122,0.02001,1.00488,0.15234,28.58
$IMU,26865.728,-0.244,0.000,-0.122,0.01806,1.00341,0.15136,28.58
$MAG,26865.728,-0.144,-0.520,-0.538,27.5
$IMU,26865.730,-0.244,-0.061,-0.183,0.01806,1.00537,0.14941,28.58
$IMU,26865.732,-0.244,-0.061,-0.183,0.02050,1.00732,0.15283,28.58
$IMU,26865.735,-0.244,-0.183,-0.183,0.02001,1.00488,0.15185,28.56
$IMU,26865.737,-0.183,-0.183,-0.183,0.01660,1.00000,0.15380,28.56
$MAG,26865.738,-0.138,-0.520,-0.535,27.6
$IMU,26865.739,-0.305,-0.061,-0.183,0.01953,1.00244,0.15234,28.56
$IMU,26865.742,-0.305,0.000,-0.183,0.01562,1.00585,0.15185,28.56
$IMU,26865.744,-0.244,-0.122,-0.183,0.01806,1.00488,0.14990,28.56
$IMU,26865.746,-0.244,-0.061,-0.122,0.01806,1.00244,0.15087,28.56
$MAG,26865.748,-0.141,-0.514,-0.532,27.6
$IMU,26865.749,-0.122,-0.122,-0.122,0.01562,1.00195,0.15185,28.56
$IMU,26865.751,-0.244,0.000,-0.122,0.01904,1.00097,0.15039,28.56
$IMU,26865.753,-0.244,0.061,-0.183,0.01855,1.00390,0.15332,28.57
$IMU,26865.756,-0.305,0.000,-0.122,0.01660,1.00146,0.15136,28.57
$MAG,26865.758,-0.151,-0.519,-0.523,27.6
$IMU,26865.758,-0.305,0.000,-0.183,0.01855,1.00097,0.15380,28.57
$IMU,26865.760,-0.244,-0.183,-0.183,0.01757,1.00097,0.14843,28.57
$IMU,26865.763,-0.244,-0.183,-0.183,0.01855,1.00244,0.14941,28.57
$IMU,26865.765,-0.305,-0.122,-0.122,0.01806,1.00195,0.14990,28.57
$IMU,26865.767,-0.305,0.000,-0.244,0.01660,1.00292,0.14941,28.57
$MAG,26865.768,-0.144,-0.520,-0.535,27.6
$IMU,26865.770,-0.366,0.000,-0.244,0.01953,1.00000,0.15087,28.57
$IMU,26865.772,-0.244,-0.122,-0.061,0.01855,1.00537,0.15039,28.58
$IMU,26865.774,-0.244,-0.183,-0.183,0.02001,1.00634,0.15136,28.58
$IMU,26865.777,-0.244,-0.061,-0.183,0.01855,1.00488,0.14990,28.58
$MAG,26865.778,-0.144,-0.523,-0.532,27.6
$IMU,26865.779,-0.183,-0.122,-0.183,0.01708,1.00439,0.15136,28.58
$IMU,26865.781,-0.244,-0.061,-0.183,0.02001,1.00781,0.15283,28.58
$IMU,26865.784,-0.183,-0.122,-0.183,0.01757,1.00537,0.15039,28.58
$IMU,26865.786,-0.122,-0.183,-0.183,0.01708,1.00292,0.15283,28.58
$MAG,26865.788,-0.144,-0.523,-0.535,27.6
$IMU,26865.789,-0.122,-0.244,-0.244,0.01660,1.00439,0.15185,28.58
$IMU,26865.791,-0.244,-0.061,-0.183,0.01757,1.00537,0.14990,28.57
$IMU,26865.793,-0.305,0.122,-0.061,0.02001,1.00292,0.15087,28.57
$IMU,26865.796,-0.183,-0.061,-0.122,0.01660,1.00292,0.15039,28.57
$MAG,26865.798,-0.142,-0.525,-0.535,27.6
$IMU,26865.798,-0.244,0.000,-0.244,0.01611,1.00390,0.15185,28.57
$IMU,26865.800,-0.183,-0.122,-0.122,0.01367,1.00341,0.15136,28.57
$IMU,26865.803,-0.244,0.000,-0.122,0.01855,1.00244,0.15185,28.57
$IMU,26865.805,-0.366,0.000,-0.244,0.01855,1.00146,0.15332,28.57
$IMU,26865.807,-0.427,0.000,-0.244,0.02001,1.00292,0.15039,28.57
$MAG,26865.808,-0.148,-0.516,-0.526,27.5
$IMU,26865.810,-0.244,-0.244,-0.244,0.01855,1.00097,0.15087,28.57
$IMU,26865.812,-0.244,-0.122,-0.244,0.01806,1.00097,0.15087,28.57
$IMU,26865.814,-0.366,0.000,-0.122,0.01904,1.00488,0.15234,28.57
$IMU,26865.817,-0.366,0.000,-0.122,0.01904,1.00292,0.15332,28.57
$BARO,26865.818,86870.45,28.54
$MAG,26865.818,-0.139,-0.520,-0.532,27.6
$IMU,26865.819,-0.305,-0.061,-0.061,0.01904,1.00634,0.15332,28.57
$IMU,26865.821,-0.244,-0.122,-0.122,0.02001,1.00585,0.15234,28.57
$IMU,26865.824,-0.305,-0.122,-0.244,0.01660,1.00390,0.15136,28.57
$IMU,26865.826,-0.244,-0.183,-0.183,0.01855,1.00341,0.15185,28.57
$IMU,26865.828,-0.183,0.000,-0.122,0.01708,1.00341,0.15283,28.55
$MAG,26865.829,-0.138,-0.514,-0.526,27.6
$IMU,26865.831,-0.244,-0.061,-0.122,0.01904,1.00244,0.15185,28.55
$IMU,26865.833,-0.305,0.000,-0.183,0.01806,1.00585,0.14990,28.55
$IMU,26865.835,-0.183,0.000,-0.122,0.01562,1.00585,0.15185,28.55
$IMU,26865.838,-0.183,-0.122,-0.122,0.01904,1.00390,0.15380,28.55
$MAG,26865.839,-0.133,-0.526,-0.525,27.5
$IMU,26865.840,-0.244,0.061,-0.122,0.02099,1.00341,0.14990,28.55
$IMU,26865.842,-0.305,0.061,-0.122,0.01855,1.00341,0.15283,28.55
$IMU,26865.845,-0.244,-0.061,-0.183,0.01757,1.00244,0.15185,28.55
$IMU,26865.847,-0.244,-0.061,-0.183,0.01904,1.00048,0.14990,28.58
$MAG,26865.849,-0.142,-0.525,-0.537,27.6
$IMU,26865.850,-0.244,-0.122,-0.183,0.01757,1.00048,0.14990,28.58
$IMU,26865.852,-0.183,-0.183,-0.244,0.01806,1.00292,0.15136,28.58
$IMU,26865.854,-0.305,-0.122,-0.122,0.01513,1.00244,0.15283,28.58
$IMU,26865.857,-0.305,0.061,-0.183,0.01562,1.00390,0.15039,28.58
$MAG,26865.859,-0.144,-0.520,-0.529,27.6
$IMU,26865.859,-0.305,-0.061,-0.183,0.01708,1.00146,0.15234,28.58
$IMU,26865.861,-0.244,-0.183,-0.122,0.01416,1.00244,0.14990,28.58
$IMU,26865.864,-0.244,-0.061,-0.183,0.01904,1.00439,0.15283,28.58
$IMU,26865.866,-0.183,-0.122,-0.183,0.01953,1.00244,0.14941,28.60
$IMU,26865.868,-0.305,0.000,-0.183,0.01953,1.00195,0.14941,28.60
$MAG,26865.869,-0.144,-0.514,-0.532,27.6
$IMU,26865.871,-0.366,0.000,-0.061,0.01953,1.00341,0.15380,28.60
$IMU,26865.873,-0.366,0.000,-0.122,0.01953,1.00097,0.15429,28.60
$IMU,26865.875,-0.366,-0.122,-0.122,0.01806,1.00292,0.15234,28.60
$IMU,26865.878,-0.427,-0.061,-0.183,0.02050,1.00097,0.15136,28.60
$MAG,26865.879,-0.144,-0.526,-0.534,27.5
$IMU,26865.880,-0.305,-0.061,-0.183,0.01806,1.00439,0.15136,28.60
$IMU,26865.882,-0.488,0.061,-0.244,0.02197,1.00097,0.15429,28.60
$IMU,26865.885,-0.366,-0.061,-0.183,0.01416,1.00048,0.15429,28.58
$IMU,26865.887,-0.244,-0.183,-0.183,0.01464,1.00146,0.15283,28.58
$MAG,26865.889,-0.145,-0.525,-0.535,27.6
$IMU,26865.889,-0.305,-0.122,-0.183,0.01806,1.00146,0.15087,28.58
$IMU,26865.892,-0.366,-0.122,-0.122,0.01904,1.00097,0.15234,28.58
$IMU,26865.894,-0.305,0.000,-0.122,0.01855,1.00537,0.15185,28.58
$IMU,26865.896,-0.183,0.000,-0.122,0.01806,1.00390,0.15478,28.58
$MAG,26865.899,-0.151,-0.516,-0.532,27.6
$IMU,26865.899,-0.183,-0.122,-0.183,0.01904,1.00048,0.15234,28.58
$IMU,26865.901,-0.183,-0.122,-0.244,0.01757,1.00439,0.14892,28.58
$IMU,26865.903,-0.122,-0.122,-0.244,0.01806,1.00000,0.15087,28.56
$IMU,26865.906,-0.183,-0.061,-0.183,0.01757,1.00244,0.15380,28.56
$IMU,26865.908,-0.244,0.122,-0.122,0.01757,1.00195,0.15234,28.56
$MAG,26865.909,-0.138,-0.520,-0.525,27.6
$IMU,26865.911,-0.183,-0.061,-0.183,0.01611,1.00292,0.15136,28.56
$IMU,26865.913,-0.122,-0.183,-0.244,0.02099,0.99951,0.15087,28.56
$IMU,26865.915,-0.122,-0.183,-0.183,0.01953,1.00390,0.15087,28.56
$IMU,26865.918,-0.183,-0.061,-0.183,0.01562,1.00439,0.15234,28.56
$BARO,26865.919,86862.84,28.54
$MAG,26865.919,-0.145,-0.516,-0.529,27.6
$IMU,26865.920,-0.183,-0.122,-0.183,0.01660,1.00000,0.15185,28.56
$IMU,26865.922,-0.244,0.000,-0.183,0.01757,1.00195,0.14941,28.59
$IMU,26865.925,-0.305,-0.061,-0.122,0.01660,1.00390,0.14941,28.59
$IMU,26865.927,-0.244,-0.122,-0.122,0.01611,1.00390,0.15136,28.59
$IMU,26865.929,-0.244,-0.244,-0.183,0.01708,1.00048,0.14990,28.59
$MAG,26865.929,-0.147,-0.528,-0.526,27.5
$IMU,26865.932,-0.305,0.000,-0.183,0.01904,1.00292,0.15087,28.59
$IMU,26865.934,-0.305,0.000,-0.244,0.01660,1.00439,0.15039,28.59
$IMU,26865.936,-0.305,-0.122,-0.244,0.01806,1.00390,0.14990,28.59
$IMU,26865.939,-0.244,-0.122,-0.183,0.01513,1.00439,0.15429,28.59
$MAG,26865.940,-0.138,-0.517,-0.522,27.6
$IMU,26865.941,-0.305,-0.183,-0.061,0.01757,1.00097,0.15039,28.53
$IMU,26865.943,-0.366,-0.122,-0.183,0.01904,1.00634,0.14941,28.53
$IMU,26865.946,-0.427,0.000,-0.061,0.01904,1.00195,0.15039,28.53
$IMU,26865.948,-0.427,0.000,-0.183,0.01562,1.00341,0.15283,28.53
$MAG,26865.950,-0.147,-0.523,-0.534,27.6
$IMU,26865.950,-0.305,-0.061,-0.183,0.01611,1.00390,0.15283,28.53
$IMU,26865.953,-0.244,-0.122,-0.244,0.01757,1.00292,0.15234,28.53
$IMU,26865.955,-0.305,-0.061,-0.122,0.02099,1.00292,0.15478,28.53
$IMU,26865.957,-0.244,-0.122,-0.122,0.01708,1.00390,0.15380,28.53
$MAG,26865.960,-0.144,-0.520,-0.535,27.6
$IMU,26865.960,-0.305,-0.061,-0.122,0.01806,0.99951,0.15625,28.55
$IMU,26865.962,-0.244,-0.061,-0.183,0.01611,1.00244,0.15283,28.55
$IMU,26865.964,-0.244,-0.183,-0.244,0.01708,1.00292,0.15234,28.55
$IMU,26865.967,-0.244,-0.061,-0.122,0.01660,1.00439,0.15136,28.55
$IMU,26865.969,-0.244,-0.122,-0.183,0.02197,1.00244,0.14990,28.55
$MAG,26865.970,-0.144,-0.523,-0.523,27.6
$IMU,26865.972,-0.244,-0.061,-0.244,0.02343,1.00292,0.15234,28.55
$IMU,26865.974,-0.183,0.000,-0.183,0.02197,1.00390,0.15283,28.55
$IMU,26865.976,-0.122,-0.122,-0.122,0.01806,1.00732,0.15185,28.55
$IMU,26865.979,-0.244,0.000,-0.122,0.01855,1.00439,0.15136,28.57
$MAG,26865.980,-0.145,-0.525,-0.538,27.6
$IMU,26865.981,-0.244,-0.061,-0.122,0.01757,1.00537,0.14990,28.57
$IMU,26865.983,-0.183,0.061,-0.122,0.01660,1.00097,0.15136,28.57
$IMU,26865.986,-0.183,-0.122,-0.122,0.02001,1.00244,0.15136,28.57
$IMU,26865.988,0.000,-0.183,-0.122,0.01757,1.00244,0.15087,28.57
$MAG,26865.990,-0.142,-0.517,-0.529,27.7
$IMU,26865.990,-0.061,-0.183,-0.183,0.02050,1.00390,0.15185,28.57
$IMU,26865.993,-0.122,-0.122,-0.122,0.01953,1.00439,0.15332,28.57
$IMU,26865.995,-0.244,-0.122,-0.061,0.02099,1.00146,0.15087,28.57
$IMU,26865.997,-0.305,0.000,-0.061,0.01367,1.00097,0.15087,28.59
$MAG,26866.000,-0.145,-0.522,-0.522,27.6
$IMU,26866.000,-0.305,-0.061,-0.122,0.01757,1.00390,0.15185,28.59
$IMU,26866.002,-0.305,-0.122,-0.122,0.01611,1.00048,0.15234,28.59
$IMU,26866.004,-0.305,-0.061,-0.122,0.01660,1.00488,0.14990,28.59
$IMU,26866.007,-0.305,0.000,-0.122,0.01757,1.00488,0.15136,28.59
$IMU,26866.009,-0.366,-0.061,-0.183,0.01269,1.00292,0.15136,28.59
$MAG,26866.010,-0.150,-0.531,-0.537,27.6
$IMU,26866.011,-0.366,0.061,-0.183,0.01660,1.00244,0.15087,28.59
$IMU,26866.014,-0.305,-0.061,-0.244,0.01855,1.00341,0.15136,28.59
$IMU,26866.016,-0.244,-0.061,-0.183,0.01855,1.00439,0.15283,28.57
$IMU,26866.018,-0.244,-0.122,-0.183,0.01708,1.00585,0.15087,28.57
$IMU,26866.021,-0.183,-0.122,-0.244,0.01757,1.00341,0.15283,28.57
$MAG,26866.020,-0.148,-0.522,-0.535,27.6
$BARO,26866.021,86867.01,28.54
$IMU,26866.023,-0.305,-0.061,-0.122,0.02050,1.00195,0.14990,28.57
$IMU,26866.025,-0.244,-0.061,-0.122,0.02050,1.00195,0.15136,28.57
$IMU,26866.028,-0.183,-0.183,-0.183,0.01806,1.00292,0.15185,28.57
$MAG,26866.030,-0.153,-0.519,-0.538,27.6
$IMU,26866.030,-0.183,-0.183,-0.183,0.01953,1.00195,0.14990,28.57
$IMU,26866.032,-0.122,-0.183,-0.061,0.01708,1.00195,0.14990,28.57
$IMU,26866.035,-0.244,0.000,-0.122,0.01904,1.00292,0.15136,28.56
$IMU,26866.037,-0.183,-0.061,-0.183,0.01611,1.00146,0.15380,28.56
$MAG,26866.040,-0.145,-0.519,-0.534,27.6
$IMU,26866.040,-0.183,0.000,-0.244,0.01708,1.00341,0.15136,28.56
$IMU,26866.042,-0.183,-0.183,-0.183,0.01757,1.00244,0.15234,28.56
$IMU,26866.044,-0.183,-0.183,-0.305,0.02001,1.00341,0.15087,28.56
$IMU,26866.047,-0.244,-0.122,-0.122,0.02148,1.00341,0.14941,28.56
$IMU,26866.049,-0.366,0.061,-0.061,0.02148,1.00000,0.15625,28.56
$MAG,26866.051,-0.142,-0.528,-0.537,27.6
$IMU,26866.051,-0.305,0.000,-0.183,0.01904,1.00244,0.15576,28.56
$IMU,26866.054,-0.244,-0.061,-0.183,0.01708,1.00146,0.15429,28.63
$IMU,26866.056,-0.305,0.000,-0.183,0.01953,1.00244,0.15087,28.63
$IMU,26866.058,-0.244,-0.061,-0.244,0.01757,1.00390,0.15234,28.63
$MAG,26866.061,-0.144,-0.528,-0.528,27.6
$IMU,26866.061,-0.244,-0.122,-0.122,0.01904,1.00341,0.15185,28.63
$IMU,26866.063,-0.305,0.000,-0.122,0.01953,1.00244,0.15283,28.63
$IMU,26866.065,-0.122,-0.122,-0.061,0.01904,1.00390,0.15234,28.63
$IMU,26866.068,-0.244,-0.122,-0.183,0.01660,1.00292,0.15234,28.63
$IMU,26866.070,-0.183,-0.183,-0.244,0.02001,1.00341,0.15136,28.63
$MAG,26866.071,-0.150,-0.522,-0.528,27.6
$IMU,26866.072,-0.244,0.000,-0.183,0.01855,1.00292,0.15380,28.58
$IMU,26866.075,-0.305,-0.061,-0.183,0.02197,1.00195,0.15332,28.58
$IMU,26866.077,-0.244,-0.183,-0.183,0.01806,1.00585,0.15380,28.58
$IMU,26866.079,-0.183,-0.122,-0.183,0.01953,1.00488,0.15087,28.58
$MAG,26866.081,-0.151,-0.523,-0.534,27.6
$IMU,26866.082,-0.244,-0.183,-0.183,0.01660,1.00390,0.15332,28.58
$IMU,26866.084,-0.244,-0.122,-0.183,0.01708,1.00439,0.15576,28.58
$IMU,26866.086,-0.305,0.000,-0.122,0.01855,1.00146,0.15234,28.58
$IMU,26866.089,-0.305,-0.061,-0.183,0.01953,1.00244,0.15380,28.58
$MAG,26866.091,-0.142,-0.514,-0.528,27.6
$IMU,26866.091,-0.244,-0.061,-0.244,0.02001,1.00341,0.15380,28.54
$IMU,26866.093,-0.244,-0.183,-0.183,0.01806,1.00244,0.15039,28.54
$IMU,26866.096,-0.244,-0.122,-0.122,0.01806,1.00195,0.15283,28.54
$IMU,26866.098,-0.244,-0.061,-0.122,0.01904,1.00292,0.15039,28.54
$MAG,26866.101,-0.148,-0.517,-0.529,27.6
$IMU,26866.101,-0.244,-0.122,-0.061,0.02099,1.00097,0.15332,28.54
$IMU,26866.103,-0.244,-0.061,-0.122,0.01757,1.00292,0.15332,28.54
$IMU,26866.105,-0.244,-0.122,-0.122,0.01904,1.00341,0.15087,28.54
$IMU,26866.108,-0.183,-0.061,-0.183,0.01757,1.00292,0.15185,28.54
$IMU,26866.110,-0.305,-0.061,-0.183,0.02343,1.00097,0.15039,28.57
$MAG,26866.111,-0.147,-0.529,-0.528,27.6
$IMU,26866.112,-0.244,-0.122,-0.183,0.02050,1.00195,0.14892,28.57
$IMU,26866.115,-0.305,-0.061,-0.183,0.01708,1.00146,0.14990,28.57
$IMU,26866.117,-0.244,-0.061,-0.061,0.01611,0.99951,0.15234,28.57
$IMU,26866.119,-0.305,-0.061,-0.122,0.01708,1.00585,0.15283,28.57
$MAG,26866.121,-0.147,-0.519,-0.535,27.6
$BARO,26866.122,86866.86,28.54
$IMU,26866.122,-0.366,0.000,-0.183,0.02050,1.00439,0.15185,28.57
$IMU,26866.124,-0.244,-0.122,-0.244,0.01660,1.00048,0.15039,28.57
$IMU,26866.126,-0.183,-0.061,-0.244,0.01757,1.00195,0.15234,28.57
$IMU,26866.129,-0.244,-0.122,-0.244,0.01757,1.00048,0.15087,28.61
$MAG,26866.131,-0.148,-0.510,-0.526,27.6
$IMU,26866.131,-0.244,-0.122,-0.183,0.01806,1.00488,0.15283,28.61
$IMU,26866.133,-0.122,-0.183,-0.122,0.02197,1.00292,0.15478,28.61
$IMU,26866.136,-0.183,-0.061,-0.122,0.02050,1.00292,0.15087,28.61
$IMU,26866.138,-0.244,-0.061,-0.244,0.01660,1.00390,0.15283,28.61
$IMU,26866.140,-0.244,-0.061,-0.183,0.01660,1.00390,0.15332,28.61
$MAG,26866.141,-0.150,-0.523,-0.535,27.6
$IMU,26866.143,-0.183,-0.061,-0.183,0.01611,1.00195,0.15283,28.61
$IMU,26866.145,-0.244,-0.244,-0.183,0.01562,1.00537,0.15429,28.61
$IMU,26866.147,-0.244,-0.122,-0.122,0.01855,1.00341,0.14892,28.65
$IMU,26866.150,-0.305,0.000,-0.122,0.01416,1.00292,0.15087,28.65
$MAG,26866.151,-0.141,-0.514,-0.532,27.6
$IMU,26866.152,-0.244,0.061,-0.122,0.01806,1.00244,0.15039,28.65
$IMU,26866.154,-0.122,-0.061,-0.122,0.01708,1.00488,0.15234,28.65
$IMU,26866.157,-0.122,-0.122,-0.183,0.01757,1.00244,0.15234,28.65
$IMU,26866.159,-0.183,-0.122,-0.244,0.01660,1.00390,0.15234,28.65
$MAG,26866.162,-0.144,-0.523,-0.535,27.6
$IMU,26866.162,-0.244,-0.061,-0.183,0.01611,1.00195,0.15039,28.65
$IMU,26866.164,-0.305,0.000,-0.122,0.01757,1.00146,0.15039,28.65
$IMU,26866.166,-0.305,-0.061,-0.122,0.01806,1.00341,0.14990,28.61
$IMU,26866.169,-0.244,-0.122,-0.061,0.01611,1.00244,0.15039,28.61
$IMU,26866.171,-0.183,-0.061,-0.122,0.01904,1.00146,0.15234,28.61
$MAG,26866.172,-0.150,-0.517,-0.531,27.6
$IMU,26866.173,-0.305,0.000,-0.244,0.02050,1.00195,0.15283,28.61
$IMU,26866.176,-0.366,-0.061,-0.183,0.01953,1.00097,0.15039,28.61
$IMU,26866.178,-0.244,-0.122,-0.183,0.01904,1.00439,0.15234,28.61
$IMU,26866.180,-0.305,-0.183,-0.183,0.01513,1.00341,0.14941,28.61
$MAG,26866.182,-0.141,-0.520,-0.538,27.6
$IMU,26866.183,-0.244,-0.122,-0.183,0.01855,1.00244,0.15234,28.61
$IMU,26866.185,-0.244,-0.122,-0.122,0.01757,1.00292,0.15283,28.59
$IMU,26866.187,-0.305,0.000,-0.183,0.01660,1.00488,0.15283,28.59
$IMU,26866.190,-0.366,0.061,-0.183,0.01904,1.00439,0.15136,28.59
$MAG,26866.192,-0.147,-0.529,-0.529,27.6
$IMU,26866.192,-0.305,-0.061,-0.183,0.01660,1.00292,0.15380,28.59
$IMU,26866.194,-0.244,-0.183,-0.244,0.01806,1.00146,0.14892,28.59
$IMU,26866.197,-0.305,-0.183,-0.061,0.01708,1.00488,0.15234,28.59
$VBAT,26866.198,4.135
$IMU,26866.199,-0.305,-0.122,-0.122,0.01757,1.00830,0.15234,28.59
$IMU,26866.201,-0.244,0.000,-0.183,0.01806,1.00292,0.15234,28.59
$MAG,26866.202,-0.136,-0.520,-0.529,27.6
$IMU,26866.204,-0.305,0.000,-0.183,0.01708,1.00341,0.15087,28.54
$IMU,26866.206,-0.122,-0.061,-0.122,0.01806,1.00195,0.15185,28.54
$IMU,26866.208,-0.122,-0.244,-0.183,0.01611,0.99951,0.15332,28.54
$IMU,26866.211,-0.122,-0.061,-0.244,0.01708,1.00000,0.15234,28.54
$MAG,26866.212,-0.142,-0.520,-0.535,27.6
$IMU,26866.213,-0.244,-0.061,-0.183,0.02001,1.00146,0.15283,28.54
$IMU,26866.215,-0.305,0.000,-0.183,0.01806,1.00292,0.15087,28.54
$IMU,26866.218,-0.244,-0.061,-0.183,0.01660,1.00488,0.15185,28.54
$IMU,26866.220,-0.183,-0.122,-0.061,0.01806,1.00341,0.15234,28.54
$MAG,26866.222,-0.142,-0.523,-0.531,27.5
$IMU,26866.223,-0.183,-0.061,-0.183,0.01953,1.00146,0.15234,28.58
$BARO,26866.224,86858.16,28.54
$IMU,26866.225,-0.183,-0.122,-0.244,0.01806,1.00244,0.15039,28.58
$IMU,26866.227,-0.366,0.061,-0.244,0.02148,1.00341,0.15332,28.58
$IMU,26866.230,-0.366,0.061,-0.122,0.01904,1.00292,0.15332,28.58
$MAG,26866.232,-0.145,-0.529,-0.529,27.6
$IMU,26866.232,-0.244,-0.183,-0.122,0.02001,1.00097,0.14892,28.58
$IMU,26866.234,-0.183,-0.305,-0.122,0.01953,1.00341,0.15332,28.58
$IMU,26866.237,-0.244,-0.122,-0.183,0.01904,1.00244,0.15136,28.58
$IMU,26866.239,-0.244,-0.122,-0.183,0.01611,1.00244,0.15380,28.58
$IMU,26866.241,-0.366,0.000,-0.183,0.01757,1.00341,0.15087,28.60
$MAG,26866.242,-0.145,-0.523,-0.538,27.6
$IMU,26866.244,-0.305,-0.061,-0.122,0.02001,1.00683,0.15283,28.60
$IMU,26866.246,-0.244,-0.061,-0.183,0.01660,1.00390,0.15283,28.60
$IMU,26866.248,-0.244,-0.183,-0.061,0.01757,1.00439,0.15185,28.60
$TIME,26866.249,510774.000,2399
$IMU,26866.251,-0.244,-0.061,-0.122,0.01855,1.00244,0.15234,28.60
$MAG,26866.252,-0.139,-0.511,-0.529,27.6
$IMU,26866.253,-0.305,0.000,-0.122,0.02099,1.00195,0.15185,28.60
$IMU,26866.255,-0.183,-0.122,-0.183,0.02148,1.00488,0.15332,28.60
$IMU,26866.258,-0.244,0.061,-0.122,0.01806,1.00292,0.14990,28.60
$IMU,26866.260,-0.122,-0.183,-0.244,0.01513,1.00292,0.15380,28.60
$MAG,26866.262,-0.141,-0.520,-0.532,27.6
$IMU,26866.262,-0.305,-0.183,-0.183,0.01904,1.00292,0.15136,28.60
$IMU,26866.265,-0.305,0.000,-0.122,0.01855,1.00488,0.15478,28.60
$IMU,26866.267,-0.305,0.000,-0.183,0.01904,1.00244,0.15136,28.60
$IMU,26866.269,-0.244,-0.183,-0.122,0.01855,1.00097,0.15136,28.60
$IMU,26866.272,-0.244,0.000,-0.183,0.02148,1.00244,0.15087,28.60
$MAG,26866.273,-0.144,-0.520,-0.535,27.6
$IMU,26866.274,-0.183,-0.122,-0.183,0.01806,1.00439,0.15380,28.60
$IMU,26866.276,-0.305,0.000,-0.183,0.01757,1.00537,0.15380,28.60
$IMU,26866.279,-0.305,0.061,-0.183,0.01708,1.00341,0.15136,28.57
$IMU,26866.281,-0.244,-0.122,-0.183,0.01855,1.00244,0.15039,28.57
$MAG,26866.283,-0.142,-0.528,-0.537,27.6
$IMU,26866.284,-0.244,-0.122,-0.122,0.01757,1.00585,0.15185,28.57
$IMU,26866.286,-0.244,-0.122,-0.061,0.01611,1.00732,0.15185,28.57
$IMU,26866.288,-0.366,-0.061,-0.183,0.01904,1.00097,0.15283,28.57
$IMU,26866.291,-0.244,-0.061,-0.122,0.01855,1.00439,0.15234,28.57
$MAG,26866.293,-0.151,-0.520,-0.525,27.6
$IMU,26866.293,-0.305,0.061,-0.183,0.02099,1.00439,0.15283,28.57
$IMU,26866.295,-0.244,-0.061,-0.244,0.02197,1.00341,0.14941,28.57
$IMU,26866.298,-0.244,-0.244,-0.244,0.01513,1.00390,0.15185,28.58
$IMU,26866.300,-0.244,-0.061,-0.183,0.01513,1.00244,0.15283,28.58
$IMU,26866.302,-0.244,0.000,-0.183,0.01660,1.00146,0.15185,28.58
$MAG,26866.303,-0.151,-0.519,-0.541,27.6
$IMU,26866.305,-0.183,-0.061,-0.122,0.01757,1.00292,0.14990,28.58
$IMU,26866.307,-0.366,0.061,-0.061,0.01757,1.00195,0.14892,28.58
$IMU,26866.309,-0.305,-0.061,-0.122,0.01953,1.00439,0.14892,28.58
$IMU,26866.312,-0.244,-0.122,-0.183,0.02099,1.00146,0.15136,28.58
$MAG,26866.313,-0.148,-0.525,-0.535,27.5
$IMU,26866.314,-0.122,-0.183,-0.122,0.01904,1.00244,0.15039,28.58
$IMU,26866.316,-0.244,-0.122,-0.183,0.02001,1.00390,0.15234,28.60
$IMU,26866.319,-0.305,-0.061,-0.183,0.01660,1.00439,0.15185,28.60
$IMU,26866.321,-0.244,-0.183,-0.122,0.01757,1.00341,0.15087,28.60
$MAG,26866.323,-0.145,-0.519,-0.535,27.6
$IMU,26866.323,-0.305,-0.061,-0.183,0.01904,1.00585,0.15136,28.60
$BARO,26866.325,86858.16,28.54
$IMU,26866.326,-0.305,-0.122,-0.183,0.01806,1.00488,0.15380,28.60
$IMU,26866.328,-0.244,0.000,-0.244,0.01953,1.00146,0.15283,28.60
$IMU,26866.330,-0.305,0.000,-0.122,0.01904,1.00146,0.15136,28.60
$IMU,26866.333,-0.305,0.000,-0.122,0.01660,1.00634,0.15283,28.60
$MAG,26866.333,-0.147,-0.528,-0.535,27.7
$IMU,26866.335,-0.305,-0.122,-0.183,0.01660,1.00537,0.15429,28.54
$IMU,26866.337,-0.244,-0.061,-0.183,0.02001,1.00537,0.15087,28.54
$IMU,26866.340,-0.305,0.061,-0.122,0.01855,1.00097,0.15283,28.54
$IMU,26866.342,-0.305,-0.183,-0.183,0.01953,1.00195,0.15185,28.54
$MAG,26866.343,-0.147,-0.526,-0.534,27.6
$IMU,26866.345,-0.244,-0.183,-0.122,0.01757,1.00244,0.15185,28.54
$IMU,26866.347,-0.305,0.000,-0.122,0.01611,1.00537,0.15283,28.54
$IMU,26866.349,-0.305,0.061,-0.183,0.01757,1.00000,0.15185,28.54
$IMU,26866.352,-0.244,-0.183,-0.122,0.01904,1.00537,0.14941,28.54
$MAG,26866.353,-0.141,-0.523,-0.531,27.5
$IMU,26866.354,-0.305,0.061,-0.061,0.01708,1.00390,0.15087,28.62
$IMU,26866.356,-0.305,0.000,-0.183,0.01464,1.00683,0.15136,28.62
$IMU,26866.359,-0.305,-0.061,-0.183,0.02001,1.00585,0.14941,28.62
$IMU,26866.361,-0.183,-0.122,-0.183,0.01904,1.00244,0.15332,28.62
$MAG,26866.363,-0.148,-0.525,-0.526,27.6
$IMU,26866.363,-0.122,-0.244,-0.183,0.02050,1.00146,0.15332,28.62
$IMU,26866.366,-0.183,-0.183,-0.244,0.02099,0.99755,0.15283,28.62
$IMU,26866.368,-0.244,-0.122,-0.122,0.01708,1.00195,0.15332,28.62
$IMU,26866.370,-0.244,-0.061,-0.122,0.01611,1.00195,0.15332,28.62
$MAG,26866.373,-0.141,-0.523,-0.534,27.6
$IMU,26866.373,-0.244,-0.122,-0.183,0.01660,1.00244,0.15283,28.57
$IMU,26866.375,-0.305,-0.061,-0.183,0.01464,1.00439,0.15087,28.57
$IMU,26866.377,-0.183,-0.122,-0.183,0.01611,1.00488,0.15380,28.57
$IMU,26866.380,-0.183,-0.122,-0.122,0.01855,1.00097,0.15283,28.57
$IMU,26866.382,-0.244,0.061,-0.122,0.01953,1.00341,0.15380,28.57
$MAG,26866.384,-0.135,-0.519,-0.529,27.6
$IMU,26866.384,-0.122,-0.122,-0.122,0.01855,1.00341,0.14990,28.57
$IMU,26866.387,-0.122,-0.305,-0.061,0.01953,1.00244,0.15136,28.57
$IMU,26866.389,-0.122,-0.244,-0.244,0.02294,1.00097,0.15332,28.57
$IMU,26866.391,-0.183,-0.061,-0.244,0.01904,1.00341,0.15136,28.58
$MAG,26866.394,-0.139,-0.526,-0.534,27.6
$IMU,26866.394,-0.244,0.000,-0.183,0.01855,1.00341,0.15136,28.58
$IMU,26866.396,-0.244,0.000,-0.244,0.01416,1.00244,0.15136,28.58
$IMU,26866.398,-0.244,-0.183,-0.122,0.01855,1.00244,0.15234,28.58
$IMU,26866.401,-0.244,-0.183,-0.061,0.01660,0.99951,0.14941,28.58
$IMU,26866.403,-0.305,-0.244,-0.061,0.01806,1.00537,0.15087,28.58
$MAG,26866.404,-0.148,-0.511,-0.523,27.6
$IMU,26866.405,-0.244,-0.244,-0.122,0.02001,1.00292,0.14941,28.58
$IMU,26866.408,-0.244,-0.183,-0.183,0.01806,1.00439,0.15087,28.58
$IMU,26866.410,-0.305,-0.183,-0.244,0.02099,1.00341,0.15283,28.60
$IMU,26866.413,-0.305,-0.061,-0.122,0.02050,1.00585,0.15136,28.60
$MAG,26866.414,-0.147,-0.514,-0.541,27.6
$IMU,26866.415,-0.244,-0.122,-0.122,0.01708,1.00341,0.14990,28.60
$IMU,26866.417,-0.305,-0.122,-0.122,0.01904,1.00341,0.15234,28.60
$IMU,26866.420,-0.305,0.061,-0.122,0.01708,1.00146,0.14990,28.60
$IMU,26866.422,-0.183,-0.061,-0.183,0.01904,1.00244,0.15185,28.60
$MAG,26866.424,-0.138,-0.523,-0.532,27.6
$IMU,26866.424,-0.244,-0.183,-0.244,0.01611,1.00585,0.15429,28.60
$BARO,26866.427,86867.62,28.54
$IMU,26866.427,-0.183,-0.061,-0.183,0.01806,1.00488,0.15234,28.60
$IMU,26866.429,-0.122,-0.183,-0.244,0.01708,1.00439,0.14892,28.57
$IMU,26866.431,-0.183,-0.244,-0.244,0.01513,1.00244,0.14990,28.57
$MAG,26866.434,-0.142,-0.517,-0.525,27.5
$IMU,26866.434,-0.183,0.000,-0.061,0.01953,1.00634,0.15136,28.57
$IMU,26866.436,-0.183,0.061,-0.122,0.01757,1.00585,0.15185,28.57
$IMU,26866.438,-0.122,-0.122,-0.122,0.01708,1.00195,0.14990,28.57
$IMU,26866.441,-0.183,0.000,-0.122,0.01660,1.00341,0.15039,28.57
$IMU,26866.443,-0.244,0.061,-0.183,0.01660,1.00341,0.14941,28.57
$MAG,26866.444,-0.138,-0.523,-0.529,27.5
$IMU,26866.445,-0.305,0.000,-0.183,0.01611,1.00439,0.15185,28.57
$IMU,26866.448,-0.244,0.000,-0.244,0.01464,1.00390,0.14990,28.58
$IMU,26866.450,-0.183,-0.061,-0.183,0.01708,1.00244,0.15283,28.58
$IMU,26866.452,-0.183,-0.122,-0.122,0.01904,1.00244,0.15283,28.58
$MAG,26866.454,-0.142,-0.522,-0.523,27.3
$IMU,26866.455,-0.183,-0.122,-0.183,0.01757,1.00488,0.14990,28.58
$IMU,26866.457,-0.183,0.061,-0.183,0.01708,1.00097,0.14990,28.58
$IMU,26866.459,-0.244,-0.183,-0.183,0.01806,1.00292,0.15087,28.58
$IMU,26866.462,-0.427,-0.061,-0.183,0.01855,1.00146,0.15332,28.58
$MAG,26866.464,-0.139,-0.516,-0.532,27.6
$IMU,26866.464,-0.366,-0.061,-0.122,0.01757,1.00097,0.14941,28.58
$IMU,26866.466,-0.305,-0.244,-0.183,0.01708,1.00390,0.14892,28.60
$IMU,26866.469,-0.244,-0.183,-0.122,0.01953,1.00537,0.15234,28.60
$IMU,26866.471,-0.366,0.061,-0.122,0.02148,1.00244,0.15234,28.60
$MAG,26866.474,-0.145,-0.526,-0.532,27.6
$IMU,26866.474,-0.366,0.000,-0.183,0.01757,1.00244,0.15283,28.60
$IMU,26866.476,-0.427,0.000,-0.244,0.01806,1.00439,0.15234,28.60
$IMU,26866.478,-0.305,-0.122,-0.183,0.01562,1.00341,0.15039,28.60
$IMU,26866.481,-0.305,0.000,-0.183,0.01953,1.00390,0.15185,28.60
$IMU,26866.483,-0.366,-0.122,-0.183,0.01806,1.00683,0.15478,28.60
$MAG,26866.484,-0.147,-0.520,-0.535,27.6
$IMU,26866.485,-0.305,-0.122,-0.061,0.01904,1.00537,0.15039,28.58
$IMU,26866.488,-0.305,-0.061,-0.061,0.01513,1.00048,0.15332,28.58
$IMU,26866.490,-0.244,-0.244,-0.183,0.01660,1.00244,0.15185,28.58
$IMU,26866.492,-0.244,0.000,-0.183,0.01953,1.00341,0.15283,28.58
$MAG,26866.495,-0.144,-0.517,-0.526,27.7
$IMU,26866.495,-0.122,-0.061,-0.183,0.01953,1.00292,0.15185,28.58
$IMU,26866.497,-0.122,-0.061,-0.183,0.01708,1.00341,0.15234,28.58
$IMU,26866.499,-0.061,-0.061,-0.183,0.01660,1.00292,0.15185,28.58
$IMU,26866.502,-0.061,-0.061,-0.183,0.01855,1.00537,0.15332,28.58
$IMU,26866.504,0.000,-0.244,-0.183,0.02001,1.00634,0.15185,28.59
$MAG,26866.505,-0.141,-0.522,-0.529,27.5
$IMU,26866.506,-0.122,-0.061,-0.183,0.01855,1.00585,0.15185,28.59
$IMU,26866.509,-0.122,0.061,-0.122,0.02050,1.00000,0.15136,28.59
$IMU,26866.511,-0.061,-0.183,-0.183,0.01757,1.00048,0.14941,28.59
$IMU,26866.513,-0.061,-0.183,-0.183,0.01855,1.00097,0.15283,28.59
$MAG,26866.515,-0.144,-0.525,-0.531,27.3
$IMU,26866.516,-0.061,-0.122,-0.183,0.01904,1.00439,0.15429,28.59
$IMU,26866.518,-0.122,-0.183,-0.244,0.01660,1.00341,0.15283,28.59
$IMU,26866.520,-0.183,0.000,-0.122,0.02050,1.00585,0.15039,28.59
$IMU,26866.523,-0.244,0.000,-0.061,0.01562,1.00439,0.15136,28.61
$MAG,26866.525,-0.147,-0.519,-0.529,27.6
$IMU,26866.525,-0.244,-0.122,-0.183,0.01953,1.00292,0.15136,28.61
$IMU,26866.527,-0.183,-0.122,-0.183,0.01660,1.00390,0.15136,28.61
$BARO,26866.528,86863.18,28.54
$IMU,26866.530,-0.305,-0.122,-0.122,0.01708,1.00390,0.15136,28.61
$IMU,26866.532,-0.366,-0.061,-0.183,0.02001,1.00341,0.15234,28.61
$MAG,26866.535,-0.139,-0.519,-0.526,27.6
$IMU,26866.535,-0.366,0.000,-0.183,0.01611,1.00292,0.14892,28.61
$IMU,26866.537,-0.488,0.061,-0.061,0.01806,1.00439,0.14941,28.61
$IMU,26866.539,-0.488,-0.061,0.000,0.01660,1.00244,0.15136,28.61
$IMU,26866.542,-0.427,-0.183,-0.183,0.02050,1.00292,0.15136,28.60
$IMU,26866.544,-0.488,0.000,-0.122,0.02197,1.00146,0.14794,28.60
$MAG,26866.545,-0.148,-0.519,-0.523,27.6
$IMU,26866.546,-0.488,0.000,-0.244,0.02001,1.00439,0.15136,28.60
$IMU,26866.549,-0.427,-0.061,-0.183,0.01806,1.00341,0.15380,28.60
$IMU,26866.551,-0.366,0.000,-0.183,0.01757,1.00195,0.15429,28.60
$IMU,26866.553,-0.427,-0.122,-0.122,0.02050,1.00146,0.15185,28.60
$MAG,26866.555,-0.144,-0.523,-0.532,27.7
$IMU,26866.556,-0.366,-0.061,-0.122,0.02197,1.00341,0.15283,28.60
$IMU,26866.558,-0.305,0.000,-0.183,0.01953,1.00195,0.15283,28.60
$IMU,26866.560,-0.244,-0.244,-0.122,0.02001,1.00195,0.15087,28.60
$IMU,26866.563,-0.244,-0.122,-0.183,0.01953,1.00292,0.14892,28.60
$MAG,26866.565,-0.142,-0.520,-0.529,27.6
$IMU,26866.565,-0.183,-0.122,-0.183,0.01855,1.00390,0.15283,28.60
$IMU,26866.567,-0.122,-0.122,-0.183,0.02001,1.00439,0.14941,28.60
$IMU,26866.570,-0.061,-0.183,-0.183,0.01904,1.00683,0.15234,28.60
$IMU,26866.572,-0.061,-0.122,-0.122,0.01757,1.00390,0.15332,28.60
$IMU,26866.574,-0.122,-0.061,-0.122,0.02099,1.00244,0.15234,28.60
$MAG,26866.575,-0.151,-0.525,-0.529,27.5
$IMU,26866.577,-0.122,-0.061,-0.183,0.01904,1.00244,0.15283,28.60
$IMU,26866.579,-0.183,-0.061,-0.244,0.01806,1.00097,0.15039,28.57
$HUM,26866.581,34.5,28.9
$IMU,26866.581,-0.183,-0.061,-0.244,0.02001,1.00195,0.15136,28.57
$IMU,26866.584,-0.122,0.000,-0.183,0.01660,1.00048,0.15185,28.57
$MAG,26866.585,-0.136,-0.520,-0.528,27.6
$IMU,26866.586,-0.122,-0.061,-0.183,0.01757,1.00244,0.15039,28.57
$IMU,26866.588,-0.244,-0.122,-0.061,0.01708,1.00292,0.14843,28.57
$IMU,26866.591,-0.183,-0.244,-0.061,0.02001,1.00488,0.15136,28.57
$IMU,26866.593,-0.305,-0.061,-0.183,0.02197,1.00097,0.15039,28.57
$MAG,26866.595,-0.139,-0.516,-0.534,27.6
$IMU,26866.596,-0.244,-0.061,-0.183,0.02197,1.00146,0.15087,28.57
$IMU,26866.598,-0.244,-0.122,-0.183,0.01806,1.00146,0.14892,28.61
$IMU,26866.600,-0.244,0.000,-0.244,0.01660,1.00341,0.15234,28.61
$IMU,26866.603,-0.244,-0.061,-0.122,0.01757,1.00390,0.15283,28.61
$IMU,26866.605,-0.366,-0.122,-0.122,0.01806,1.00634,0.15185,28.61
$MAG,26866.606,-0.144,-0.526,-0.534,27.5
$IMU,26866.607,-0.366,-0.122,-0.061,0.01806,1.00341,0.15136,28.61
$IMU,26866.610,-0.427,-0.061,-0.061,0.01708,1.00488,0.15332,28.61
$IMU,26866.612,-0.427,0.061,-0.122,0.01757,1.00634,0.15429,28.61
$IMU,26866.614,-0.366,-0.122,-0.183,0.01660,1.00097,0.15039,28.61
$MAG,26866.616,-0.148,-0.526,-0.529,27.6
$IMU,26866.617,-0.366,-0.122,-0.244,0.01464,1.00097,0.15087,28.60
$IMU,26866.619,-0.305,-0.061,-0.183,0.01855,1.00488,0.15136,28.60
$IMU,26866.621,-0.305,-0.183,-0.183,0.02001,1.00097,0.15380,28.60
$IMU,26866.624,-0.305,-0.061,-0.183,0.02050,1.00146,0.15283,28.60
$IMU,26866.626,-0.244,0.000,-0.244,0.01953,1.00292,0.15087,28.60
$MAG,26866.626,-0.150,-0.519,-0.541,27.6
$IMU,26866.628,-0.244,-0.122,-0.244,0.01757,1.00439,0.15039,28.60
$BARO,26866.629,86855.90,28.55
$IMU,26866.631,-0.183,-0.122,-0.183,0.02001,1.00585,0.15039,28.60
$IMU,26866.633,-0.122,-0.183,-0.244,0.01611,1.00292,0.14843,28.60
$IMU,26866.635,-0.244,0.061,-0.183,0.01806,1.00048,0.15332,28.58
$MAG,26866.636,-0.142,-0.520,-0.531,27.6
$IMU,26866.638,-0.183,0.000,-0.122,0.02050,1.00146,0.14941,28.58
$IMU,26866.640,-0.061,-0.183,-0.244,0.01806,1.00341,0.15234,28.58
$IMU,26866.642,-0.122,-0.183,-0.183,0.01953,1.00195,0.15039,28.58
$IMU,26866.645,-0.122,-0.244,-0.244,0.02148,1.00097,0.15087,28.58
$MAG,26866.646,-0.144,-0.514,-0.526,27.6
$IMU,26866.647,-0.183,-0.122,-0.183,0.01708,1.00390,0.15136,28.58
$IMU,26866.649,-0.183,-0.122,-0.122,0.01708,1.00390,0.15087,28.58
$IMU,26866.652,-0.305,0.122,-0.122,0.01611,1.00292,0.14843,28.58
$IMU,26866.654,-0.305,0.061,-0.122,0.01855,1.00097,0.14941,28.60
$MAG,26866.656,-0.139,-0.525,-0.528,27.8
$IMU,26866.657,-0.305,-0.183,-0.122,0.02099,1.00048,0.15283,28.60
$IMU,26866.659,-0.244,-0.183,-0.122,0.01806,1.00195,0.15087,28.60
$IMU,26866.661,-0.366,-0.061,-0.183,0.01953,1.00048,0.15087,28.60
$IMU,26866.664,-0.305,-0.122,-0.183,0.02001,1.00488,0.15136,28.60
$MAG,26866.666,-0.144,-0.523,-0.531,27.6
$IMU,26866.666,-0.244,-0.061,-0.183,0.02246,1.00537,0.15332,28.60
$IMU,26866.668,-0.305,0.000,-0.244,0.02197,1.00244,0.15185,28.60
$IMU,26866.671,-0.244,0.000,-0.122,0.01660,1.00292,0.15136,28.60
$IMU,26866.673,-0.244,-0.183,-0.122,0.01806,1.00244,0.15332,28.60
$IMU,26866.675,-0.366,0.000,-0.061,0.01806,1.00439,0.15185,28.60
$MAG,26866.676,-0.142,-0.522,-0.519,27.6
$IMU,26866.678,-0.305,-0.061,-0.061,0.01953,1.00146,0.15185,28.60
$IMU,26866.680,-0.183,-0.183,-0.122,0.01562,1.00585,0.15136,28.60
$IMU,26866.682,-0.183,-0.183,-0.122,0.01562,1.00585,0.15136,28.60
$IMU,26866.685,-0.183,-0.122,-0.183,0.01708,1.00634,0.15087,28.60
$MAG,26866.686,-0.148,-0.525,-0.535,27.7
$IMU,26866.687,-0.305,-0.061,-0.183,0.01806,1.00683,0.15283,28.60
$IMU,26866.689,-0.183,-0.061,-0.183,0.01904,1.00244,0.15332,28.60
$IMU,26866.692,-0.183,0.000,-0.122,0.02099,1.00537,0.15332,28.62
$IMU,26866.694,-0.244,-0.061,-0.122,0.01953,1.00244,0.14941,28.62
$MAG,26866.696,-0.138,-0.511,-0.529,27.6
$IMU,26866.696,-0.244,0.000,-0.122,0.01708,1.00341,0.15332,28.62
$IMU,26866.699,-0.244,-0.183,-0.122,0.01904,1.00292,0.14941,28.62
$IMU,26866.701,-0.366,0.000,-0.244,0.01953,1.00634,0.15185,28.62
$IMU,26866.703,-0.244,0.000,-0.183,0.01806,1.00146,0.14990,28.62
$MAG,26866.706,-0.142,-0.520,-0.525,27.6
$IMU,26866.706,-0.183,-0.122,-0.122,0.01904,1.00244,0.14990,28.62
$IMU,26866.708,-0.183,-0.183,-0.183,0.02050,1.00390,0.15234,28.62
$IMU,26866.710,-0.183,-0.122,-0.122,0.02148,1.00000,0.15087,28.56
$IMU,26866.713,-0.244,-0.061,-0.183,0.01464,1.00244,0.14990,28.56
$IMU,26866.715,-0.244,0.000,-0.244,0.01464,1.00341,0.15283,28.56
$MAG,26866.717,-0.145,-0.528,-0.531,27.6
$IMU,26866.718,-0.305,-0.061,-0.244,0.01953,1.00488,0.15283,28.56
$IMU,26866.720,-0.305,-0.061,-0.244,0.01708,1.00292,0.15283,28.56
$IMU,26866.722,-0.244,-0.061,-0.183,0.01708,1.00537,0.15429,28.56
$IMU,26866.725,-0.305,-0.122,-0.244,0.01855,1.00292,0.15429,28.56
$IMU,26866.727,-0.427,0.000,-0.183,0.01660,1.00292,0.15039,28.56
$MAG,26866.727,-0.145,-0.522,-0.528,27.7
$IMU,26866.729,-0.305,-0.183,-0.183,0.01562,1.00292,0.15185,28.58
$BARO,26866.731,86868.60,28.55
$IMU,26866.732,-0.305,-0.122,-0.244,0.01806,1.00439,0.15332,28.58
$IMU,26866.734,-0.305,-0.122,-0.244,0.01953,1.00439,0.14941,28.58
$IMU,26866.736,-0.305,-0.122,-0.244,0.01660,1.00488,0.15136,28.58
$MAG,26866.737,-0.132,-0.519,-0.534,27.7
$IMU,26866.739,-0.366,0.000,-0.183,0.01367,1.00439,0.14843,28.58
$IMU,26866.741,-0.305,0.000,-0.122,0.01416,1.00195,0.15039,28.58
$IMU,26866.743,-0.183,-0.122,-0.122,0.01562,1.00146,0.15234,28.58
$IMU,26866.746,-0.183,-0.183,-0.061,0.01562,1.00097,0.15087,28.58
$MAG,26866.747,-0.145,-0.514,-0.541,27.6
$IMU,26866.748,-0.122,-0.183,-0.183,0.01513,1.00683,0.15185,28.60
$IMU,26866.750,-0.183,0.000,-0.183,0.01660,1.00537,0.15185,28.60
$IMU,26866.753,-0.183,0.000,-0.122,0.01464,1.00439,0.15332,28.60
$IMU,26866.755,-0.183,-0.061,-0.122,0.01513,1.00537,0.15185,28.60
$MAG,26866.757,-0.144,-0.528,-0.531,27.6
$IMU,26866.757,-0.244,-0.122,-0.122,0.01757,1.00341,0.15380,28.60
$IMU,26866.760,-0.122,-0.183,-0.061,0.01611,1.00585,0.15234,28.60
$IMU,26866.762,-0.122,0.000,-0.122,0.01757,1.00292,0.14990,28.60
$IMU,26866.764,-0.183,-0.122,-0.122,0.01855,1.00146,0.15136,28.60
$MAG,26866.767,-0.142,-0.522,-0.531,27.6
$IMU,26866.767,-0.183,0.000,-0.183,0.01708,1.00292,0.15039,28.56
$IMU,26866.769,-0.183,-0.061,-0.183,0.01953,1.00537,0.15136,28.56
$IMU,26866.771,-0.244,-0.183,-0.183,0.01953,1.00292,0.15185,28.56
$IMU,26866.774,-0.305,0.000,-0.183,0.01660,1.00341,0.14941,28.56
$IMU,26866.776,-0.244,-0.122,-0.183,0.01904,1.00439,0.14892,28.56
$MAG,26866.777,-0.141,-0.516,-0.529,27.6
$IMU,26866.779,-0.244,-0.061,-0.183,0.01660,1.00488,0.14990,28.56
$IMU,26866.781,-0.244,0.000,-0.122,0.01806,1.00097,0.15234,28.56
$IMU,26866.783,-0.244,0.000,-0.183,0.01806,1.00439,0.14843,28.56
$IMU,26866.786,-0.305,0.061,-0.183,0.01708,1.00488,0.15380,28.60
$MAG,26866.787,-0.156,-0.523,-0.525,27.6
$IMU,26866.788,-0.305,-0.061,-0.183,0.01806,1.00390,0.15380,28.60
$IMU,26866.790,-0.427,0.000,-0.061,0.01806,1.00244,0.15234,28.60
$IMU,26866.793,-0.366,0.000,-0.122,0.01757,1.00195,0.15136,28.60
$IMU,26866.795,-0.366,-0.183,-0.122,0.01904,1.00537,0.15332,28.60
$MAG,26866.797,-0.145,-0.522,-0.529,27.6
$IMU,26866.797,-0.305,-0.122,-0.122,0.01904,0.99951,0.15380,28.60
$IMU,26866.800,-0.305,-0.061,-0.244,0.02001,1.00292,0.14941,28.60
$IMU,26866.802,-0.366,0.000,-0.244,0.02197,1.00537,0.15185,28.60
$IMU,26866.804,-0.366,-0.061,-0.183,0.01806,1.00439,0.15039,28.57
$MAG,26866.807,-0.148,-0.520,-0.531,27.6
$IMU,26866.807,-0.366,-0.122,-0.183,0.02050,1.00537,0.15283,28.57
$IMU,26866.809,-0.305,-0.122,-0.183,0.01953,1.00439,0.15380,28.57
$IMU,26866.811,-0.366,-0.183,-0.122,0.01611,1.00292,0.15380,28.57
$IMU,26866.814,-0.366,-0.122,-0.183,0.01513,1.00439,0.15527,28.57
$IMU,26866.816,-0.305,-0.122,-0.244,0.01660,1.00537,0.15185,28.57
$MAG,26866.817,-0.138,-0.517,-0.523,27.6
$IMU,26866.818,-0.366,-0.061,-0.244,0.01660,1.00244,0.15380,28.57
$IMU,26866.821,-0.183,-0.183,-0.183,0.02099,1.00195,0.15527,28.57
$IMU,26866.823,-0.183,-0.183,-0.122,0.01953,1.00195,0.15136,28.60
$IMU,26866.825,-0.244,-0.122,-0.122,0.01416,1.00244,0.15429,28.60
$MAG,26866.827,-0.147,-0.525,-0.528,27.6
$IMU,26866.828,-0.183,-0.122,-0.122,0.01757,1.00195,0.15527,28.60
$IMU,26866.830,-0.244,-0.061,-0.061,0.01904,1.00195,0.15380,28.60
$BARO,26866.832,86857.31,28.55
$IMU,26866.832,-0.183,-0.122,-0.183,0.01904,1.00000,0.15136,28.60
$IMU,26866.835,-0.122,-0.122,-0.122,0.02001,0.99902,0.15283,28.60
$IMU,26866.837,0.000,-0.122,-0.122,0.02246,1.00439,0.15185,28.60
$MAG,26866.838,-0.141,-0.514,-0.535,27.6
$IMU,26866.839,-0.061,-0.183,-0.122,0.01855,1.00146,0.15234,28.60
$IMU,26866.842,-0.183,0.000,-0.122,0.01806,1.00537,0.15185,28.61
$IMU,26866.844,-0.244,0.061,-0.122,0.01757,1.00341,0.15234,28.61
$IMU,26866.847,-0.183,0.000,-0.122,0.01708,1.00390,0.15283,28.61
$MAG,26866.848,-0.142,-0.522,-0.534,27.6
$IMU,26866.849,-0.122,-0.122,-0.183,0.01757,1.00244,0.15039,28.61
$IMU,26866.851,-0.183,-0.061,-0.244,0.01904,1.00244,0.15283,28.61
$IMU,26866.854,-0.122,-0.061,-0.183,0.01660,1.00439,0.15136,28.61
$IMU,26866.856,-0.122,0.061,-0.183,0.01855,1.00244,0.15136,28.61
$MAG,26866.858,-0.141,-0.517,-0.526,27.6
$IMU,26866.858,-0.244,0.000,-0.183,0.02050,1.00488,0.15283,28.61
$IMU,26866.861,-0.244,-0.183,-0.061,0.01806,1.00341,0.14697,28.58
$IMU,26866.863,-0.305,-0.061,-0.183,0.01708,1.00390,0.15234,28.58
$IMU,26866.865,-0.305,-0.061,-0.122,0.02050,1.00097,0.15039,28.58
$MAG,26866.868,-0.148,-0.517,-0.532,27.6
$IMU,26866.868,-0.305,-0.122,-0.183,0.01953,1.00439,0.15234,28.58
$IMU,26866.870,-0.305,0.000,-0.183,0.01757,1.00097,0.15234,28.58
$IMU,26866.872,-0.305,-0.061,-0.183,0.01806,1.00000,0.15136,28.58
$IMU,26866.875,-0.305,-0.061,-0.183,0.01611,1.00341,0.15136,28.58
$IMU,26866.877,-0.427,-0.061,-0.122,0.02001,1.00390,0.15527,28.58
$MAG,26866.878,-0.142,-0.525,-0.534,27.5
$IMU,26866.879,-0.427,-0.122,-0.122,0.01904,1.00341,0.15283,28.62
$IMU,26866.882,-0.488,0.000,-0.122,0.01953,1.00244,0.15185,28.62
$IMU,26866.884,-0.488,0.061,-0.183,0.01708,1.00244,0.15576,28.62
$IMU,26866.886,-0.366,-0.122,-0.183,0.02343,1.00244,0.15332,28.62
$MAG,26866.888,-0.147,-0.526,-0.534,27.6
$IMU,26866.889,-0.305,-0.122,-0.244,0.02050,1.00341,0.15380,28.62
$IMU,26866.891,-0.305,-0.122,-0.244,0.01611,1.00292,0.15136,28.62
$IMU,26866.893,-0.305,-0.061,-0.183,0.01318,1.00146,0.15136,28.62
$IMU,26866.896,-0.305,-0.061,-0.183,0.01953,1.00244,0.15332,28.62
$MAG,26866.898,-0.148,-0.513,-0.529,27.6
$IMU,26866.898,-0.183,-0.122,-0.183,0.01562,1.00537,0.15380,28.60
$IMU,26866.900,-0.244,-0.122,-0.183,0.01904,1.00146,0.15283,28.60
$IMU,26866.903,-0.244,-0.061,-0.183,0.01660,1.00097,0.15234,28.60
$IMU,26866.905,-0.183,-0.183,-0.244,0.01806,1.00097,0.15185,28.60
$MAG,26866.908,-0.141,-0.522,-0.537,27.6
$IMU,26866.908,-0.122,-0.183,-0.122,0.01953,1.00146,0.15039,28.60
$IMU,26866.910,-0.183,0.000,-0.061,0.01708,1.00000,0.15039,28.60
$IMU,26866.912,-0.122,-0.122,-0.122,0.01904,1.00244,0.15136,28.60
$IMU,26866.915,-0.244,0.000,-0.244,0.01611,1.00146,0.15136,28.60
$IMU,26866.917,-0.183,-0.061,-0.244,0.01806,0.99951,0.14990,28.58
$MAG,26866.918,-0.139,-0.519,-0.528,27.6
$IMU,26866.919,-0.244,-0.061,-0.183,0.02099,1.00341,0.15039,28.58
$IMU,26866.922,-0.122,-0.122,-0.244,0.01464,1.00439,0.15136,28.58
$IMU,26866.924,-0.122,-0.122,-0.122,0.01806,1.00488,0.15087,28.58
$IMU,26866.926,-0.122,-0.061,-0.061,0.01757,1.00244,0.14990,28.58
$MAG,26866.928,-0.138,-0.528,-0.534,27.7
$IMU,26866.929,-0.122,-0.183,-0.122,0.01562,1.00097,0.15185,28.58
$IMU,26866.931,-0.244,-0.122,-0.183,0.01904,0.99951,0.15185,28.58
$IMU,26866.933,-0.244,-0.061,-0.244,0.01708,1.00390,0.14843,28.58
$BARO,26866.934,86866.96,28.55
$IMU,26866.936,-0.244,-0.061,-0.122,0.01708,1.00097,0.15234,28.59
$MAG,26866.938,-0.148,-0.520,-0.528,27.6
$IMU,26866.938,-0.244,-0.061,-0.122,0.01806,1.00244,0.15283,28.59
$IMU,26866.940,-0.244,-0.061,-0.061,0.01708,1.00195,0.15136,28.59
$IMU,26866.943,-0.305,-0.061,-0.061,0.02246,1.00048,0.15332,28.59
$IMU,26866.945,-0.305,-0.061,-0.122,0.02148,1.00195,0.15087,28.59
$IMU,26866.947,-0.366,0.000,-0.183,0.01806,1.00048,0.15136,28.59
$MAG,26866.949,-0.144,-0.525,-0.526,27.5
$IMU,26866.950,-0.366,-0.061,-0.183,0.01855,1.00097,0.14843,28.59
$IMU,26866.952,-0.366,-0.183,-0.122,0.02001,1.00439,0.15039,28.59
$IMU,26866.954,-0.366,0.000,-0.061,0.01757,1.00390,0.15234,28.60
$IMU,26866.957,-0.366,0.061,-0.183,0.01806,1.00146,0.15332,28.60
$MAG,26866.959,-0.148,-0.519,-0.538,27.5
$IMU,26866.959,-0.366,0.000,-0.122,0.02197,1.00146,0.15429,28.60
$IMU,26866.961,-0.244,-0.061,-0.183,0.01855,1.00634,0.15136,28.60
$IMU,26866.964,-0.305,-0.122,-0.244,0.01806,1.00537,0.15283,28.60
$IMU,26866.966,-0.305,-0.061,-0.244,0.02197,1.00244,0.15185,28.60
$MAG,26866.969,-0.154,-0.519,-0.537,27.6
$IMU,26866.969,-0.244,-0.122,-0.122,0.01757,1.00146,0.15332,28.60
$IMU,26866.971,-0.244,0.000,-0.183,0.01464,1.00537,0.15283,28.60
$IMU,26866.973,-0.244,-0.061,-0.244,0.01611,1.00195,0.15234,28.58
$IMU,26866.976,-0.122,-0.061,-0.183,0.01855,1.00292,0.15185,28.58
$IMU,26866.978,-0.183,-0.183,-0.122,0.02148,1.00585,0.15039,28.58
$MAG,26866.979,-0.141,-0.517,-0.526,27.5
$IMU,26866.980,-0.244,-0.061,-0.244,0.01855,1.00244,0.15429,28.58
$IMU,26866.983,-0.305,0.122,-0.183,0.02099,1.00097,0.15185,28.58
$IMU,26866.985,-0.244,0.000,-0.183,0.01757,1.00244,0.15283,28.58
$IMU,26866.987,-0.122,-0.061,-0.244,0.01611,1.00390,0.15234,28.58
$MAG,26866.989,-0.141,-0.522,-0.528,27.5
$IMU,26866.990,-0.244,0.061,-0.183,0.01757,1.00439,0.14990,28.58
$IMU,26866.992,-0.305,-0.061,-0.061,0.01660,1.00488,0.15039,28.57
$IMU,26866.994,-0.244,-0.122,-0.122,0.01757,1.00341,0.15136,28.57
$IMU,26866.997,-0.244,-0.061,-0.122,0.02050,1.00439,0.15136,28.57
$MAG,26866.999,-0.142,-0.528,-0.540,27.7
$IMU,26866.999,-0.305,-0.183,-0.061,0.01562,1.00244,0.15087,28.57
$IMU,26867.001,-0.183,-0.244,-0.122,0.01464,1.00390,0.14941,28.57
$IMU,26867.004,-0.244,-0.183,-0.183,0.01855,1.00146,0.15185,28.57
$IMU,26867.006,-0.427,-0.122,-0.183,0.01660,1.00048,0.15429,28.57
$IMU,26867.008,-0.488,0.000,-0.122,0.01660,1.00634,0.15380,28.57
$MAG,26867.009,-0.141,-0.528,-0.532,27.5
$IMU,26867.011,-0.305,-0.122,-0.122,0.01757,1.00097,0.15136,28.61
$IMU,26867.013,-0.366,-0.183,-0.122,0.01757,1.00244,0.15087,28.61
$IMU,26867.015,-0.366,0.000,-0.122,0.01904,1.00341,0.15234,28.61
$IMU,26867.018,-0.183,-0.183,-0.122,0.01953,1.00244,0.14990,28.61
$MAG,26867.019,-0.139,-0.516,-0.535,27.6
$IMU,26867.020,-0.305,-0.061,-0.183,0.01513,1.00195,0.14843,28.61
$IMU,26867.022,-0.305,0.000,-0.244,0.01806,1.00634,0.15039,28.61
$IMU,26867.025,-0.305,-0.122,-0.183,0.01708,1.00537,0.15185,28.61
$IMU,26867.027,-0.183,-0.183,-0.183,0.01904,1.00097,0.15234,28.61
$MAG,26867.029,-0.141,-0.519,-0.528,27.6
$IMU,26867.030,-0.183,-0.122,-0.183,0.01757,1.00048,0.15136,28.60
$IMU,26867.032,-0.244,0.000,-0.061,0.01904,1.00195,0.14990,28.60
$IMU,26867.034,-0.183,-0.061,-0.122,0.01757,1.00146,0.15136,28.60
$BARO,26867.035,86871.40,28.55
$IMU,26867.037,-0.122,-0.061,-0.122,0.02148,1.00292,0.15039,28.60
$MAG,26867.039,-0.139,-0.523,-0.528,27.7
$IMU,26867.039,-0.183,-0.061,-0.183,0.02001,1.00390,0.15185,28.60
$IMU,26867.041,-0.183,-0.061,-0.183,0.01660,1.00244,0.15283,28.60
$IMU,26867.044,-0.122,-0.183,-0.183,0.01464,1.00195,0.15087,28.60
$IMU,26867.046,-0.305,0.061,-0.122,0.01855,1.00341,0.15039,28.60
$IMU,26867.048,-0.244,0.000,-0.122,0.02294,1.00146,0.15332,28.59
$MAG,26867.049,-0.136,-0.528,-0.526,27.6
$IMU,26867.051,-0.183,-0.122,-0.122,0.02099,0.99902,0.14941,28.59
$IMU,26867.053,-0.061,-0.244,-0.183,0.01660,1.00292,0.15087,28.59
$IMU,26867.055,-0.244,-0.061,-0.244,0.01660,1.00097,0.15136,28.59
$IMU,26867.058,-0.305,-0.061,-0.183,0.01953,1.00292,0.15185,28.59
$MAG,26867.059,-0.148,-0.522,-0.526,27.7
$IMU,26867.060,-0.244,0.000,-0.183,0.01806,1.00341,0.15234,28.59
$IMU,26867.062,-0.244,0.000,-0.183,0.01953,1.00097,0.15283,28.59
$IMU,26867.065,-0.244,-0.183,-0.122,0.01953,0.99853,0.15380,28.59
$IMU,26867.067,-0.305,-0.122,-0.122,0.01611,1.00048,0.14794,28.56
$IMU,26867.069,-0.366,-0.061,-0.183,0.01806,1.00341,0.15039,28.56
$MAG,26867.070,-0.148,-0.519,-0.526,27.6
$IMU,26867.072,-0.366,0.000,-0.183,0.02001,1.00488,0.15087,28.56
$IMU,26867.074,-0.366,0.122,-0.183,0.02001,1.00048,0.14990,28.56
$IMU,26867.076,-0.305,-0.122,-0.183,0.02001,0.99853,0.15234,28.56
$IMU,26867.079,-0.305,-0.122,-0.122,0.02099,1.00244,0.15332,28.56
$MAG,26867.080,-0.135,-0.513,-0.525,27.6
$IMU,26867.081,-0.305,-0.061,-0.122,0.02099,1.00292,0.15332,28.56
$IMU,26867.083,-0.366,0.000,-0.122,0.01953,1.00146,0.15087,28.56
$IMU,26867.086,-0.305,-0.122,-0.122,0.02197,1.00537,0.15283,28.60
$IMU,26867.088,-0.305,-0.061,-0.122,0.01855,1.00244,0.15185,28.60
$MAG,26867.090,-0.145,-0.526,-0.523,27.7
$IMU,26867.091,-0.305,-0.183,-0.244,0.02001,1.00146,0.15234,28.60
$IMU,26867.093,-0.183,-0.122,-0.244,0.02099,1.00683,0.15234,28.60
$IMU,26867.095,-0.244,-0.122,-0.183,0.01855,1.00048,0.15429,28.60
$IMU,26867.098,-0.183,-0.122,-0.122,0.02099,1.00292,0.15429,28.60
$MAG,26867.100,-0.148,-0.520,-0.528,27.6
$IMU,26867.100,-0.183,-0.122,-0.122,0.01953,1.00537,0.15039,28.60
$IMU,26867.102,-0.183,-0.183,-0.122,0.01757,1.00195,0.15136,28.60
$IMU,26867.105,-0.183,-0.061,-0.183,0.01806,0.99902,0.15380,28.60
$IMU,26867.107,-0.183,-0.061,-0.183,0.01806,1.00585,0.15576,28.60
$IMU,26867.109,-0.305,0.122,-0.244,0.01806,1.00439,0.15380,28.60
$MAG,26867.110,-0.144,-0.516,-0.525,27.5
$IMU,26867.112,-0.244,-0.061,-0.244,0.01660,1.00097,0.15185,28.60
$IMU,26867.114,-0.244,-0.183,-0.183,0.02001,1.00292,0.15087,28.60
$IMU,26867.116,-0.305,-0.061,-0.183,0.01757,1.00195,0.15332,28.60
$IMU,26867.119,-0.244,0.000,-0.061,0.01806,1.00244,0.15380,28.60
$MAG,26867.120,-0.142,-0.522,-0.531,27.6
$IMU,26867.121,-0.244,0.000,-0.183,0.02148,1.00146,0.15185,28.60
$IMU,26867.123,-0.183,-0.122,-0.183,0.01855,1.00146,0.15136,28.64
$IMU,26867.126,-0.183,-0.061,-0.122,0.01708,1.00244,0.15234,28.64
$IMU,26867.128,-0.305,0.122,-0.183,0.01562,1.00292,0.15283,28.64
$MAG,26867.130,-0.151,-0.519,-0.526,27.6
$IMU,26867.130,-0.183,-0.122,-0.183,0.01562,1.00488,0.15185,28.64
$IMU,26867.133,-0.183,-0.183,-0.183,0.01660,1.00488,0.14990,28.64
$IMU,26867.135,-0.305,0.000,-0.061,0.01757,1.00292,0.15039,28.64
$BARO,26867.137,86866.96,28.55
$IMU,26867.137,-0.305,0.000,-0.122,0.02050,1.00244,0.14892,28.64
$MAG,26867.140,-0.144,-0.522,-0.534,27.6
$IMU,26867.140,-0.305,0.000,-0.183,0.01708,1.00390,0.15283,28.64
$IMU,26867.142,-0.244,-0.183,-0.183,0.01708,1.00488,0.15234,28.64
$IMU,26867.144,-0.244,-0.122,-0.183,0.01611,1.00292,0.15527,28.64
$IMU,26867.147,-0.244,-0.122,-0.183,0.01708,1.00244,0.14990,28.64
$IMU,26867.149,-0.305,-0.061,-0.122,0.02001,1.00683,0.15087,28.64
$MAG,26867.150,-0.141,-0.522,-0.534,27.6
$IMU,26867.152,-0.366,-0.061,-0.122,0.02246,1.00585,0.15087,28.64
$IMU,26867.154,-0.244,-0.244,-0.183,0.01806,1.00390,0.15429,28.64
$IMU,26867.156,-0.183,-0.305,-0.122,0.01855,1.00244,0.15185,28.64
$IMU,26867.159,-0.244,-0.061,-0.183,0.02050,1.00292,0.15136,28.64
$MAG,26867.160,-0.150,-0.525,-0.529,27.6
$IMU,26867.161,-0.305,-0.122,-0.244,0.01464,1.00488,0.15185,28.64
$IMU,26867.163,-0.305,0.000,-0.183,0.01953,1.00488,0.15136,28.64
$IMU,26867.166,-0.244,-0.061,-0.244,0.01904,1.00000,0.14990,28.64
$IMU,26867.168,-0.244,-0.061,-0.061,0.02099,1.00195,0.15185,28.64
$MAG,26867.170,-0.145,-0.522,-0.532,27.6
$IMU,26867.170,-0.244,-0.244,-0.183,0.01757,1.00292,0.15429,28.64
$IMU,26867.173,-0.305,0.061,-0.244,0.01416,1.00341,0.15478,28.64
$IMU,26867.175,-0.305,0.000,-0.183,0.01806,1.00341,0.15185,28.64
$IMU,26867.177,-0.244,-0.122,-0.244,0.01904,1.00341,0.15283,28.64
$IMU,26867.180,-0.183,-0.183,-0.183,0.01367,1.00292,0.15234,28.60
$MAG,26867.181,-0.139,-0.522,-0.537,27.6
$IMU,26867.182,-0.183,-0.244,-0.122,0.01904,1.00146,0.15527,28.60
$IMU,26867.184,-0.244,-0.122,-0.122,0.01806,1.00390,0.15283,28.60
$IMU,26867.187,-0.366,0.061,-0.061,0.01904,1.00146,0.15234,28.60
$IMU,26867.189,-0.305,-0.061,-0.122,0.01757,1.00146,0.15087,28.60
$MAG,26867.191,-0.139,-0.517,-0.537,27.6
$IMU,26867.191,-0.244,-0.122,-0.183,0.01757,1.00439,0.15332,28.60
$IMU,26867.194,-0.183,-0.061,-0.244,0.01855,1.00000,0.15039,28.60
$IMU,26867.196,-0.183,-0.244,-0.244,0.01708,1.00537,0.15234,28.60
$IMU,26867.198,-0.183,-0.122,-0.122,0.01513,1.00244,0.14843,28.61
$VBAT,26867.199,4.124
$MAG,26867.201,-0.147,-0.520,-0.534,27.5
$IMU,26867.201,-0.244,0.061,-0.061,0.01904,1.00390,0.15283,28.61
$IMU,26867.203,-0.305,-0.061,0.000,0.02050,1.00537,0.15380,28.61
$IMU,26867.205,-0.244,-0.122,-0.061,0.01708,1.00537,0.14941,28.61
$IMU,26867.208,-0.122,-0.122,-0.122,0.02197,1.00195,0.15087,28.61
$IMU,26867.210,-0.122,-0.061,-0.183,0.01855,1.00000,0.15234,28.61
$MAG,26867.211,-0.142,-0.522,-0.534,27.7
$IMU,26867.212,-0.183,0.000,-0.183,0.01611,1.00390,0.15136,28.61
$IMU,26867.215,-0.183,-0.061,-0.183,0.01513,1.00048,0.15039,28.61
$IMU,26867.217,-0.244,-0.061,-0.122,0.01708,1.00244,0.15087,28.62
$IMU,26867.220,-0.122,-0.305,-0.122,0.01562,1.00048,0.14941,28.62
$MAG,26867.221,-0.141,-0.516,-0.535,27.6
$IMU,26867.222,-0.183,-0.122,-0.061,0.01708,1.00390,0.14941,28.62
$IMU,26867.224,-0.244,-0.061,-0.183,0.01855,1.00048,0.15039,28.62
$IMU,26867.227,-0.305,0.000,-0.183,0.02050,1.00585,0.15136,28.62
$IMU,26867.229,-0.244,-0.122,-0.244,0.02050,1.00390,0.15332,28.62
$MAG,26867.231,-0.145,-0.514,-0.531,27.6
$IMU,26867.231,-0.305,-0.122,-0.122,0.02148,1.00292,0.15380,28.62
$IMU,26867.234,-0.427,-0.122,-0.122,0.02148,1.00341,0.15332,28.62
$IMU,26867.236,-0.366,-0.122,-0.122,0.02001,1.00439,0.15332,28.64
$BARO,26867.238,86869.55,28.55
$IMU,26867.238,-0.427,-0.183,-0.122,0.01757,1.00292,0.15234,28.64
$MAG,26867.241,-0.139,-0.516,-0.531,27.6
$IMU,26867.241,-0.488,0.000,-0.122,0.01660,1.00439,0.15478,28.64
$IMU,26867.243,-0.427,0.000,-0.183,0.01757,1.00683,0.14990,28.64
$IMU,26867.245,-0.305,-0.122,-0.122,0.01660,1.00292,0.15380,28.64
$IMU,26867.248,-0.305,-0.183,-0.122,0.01953,1.00146,0.15234,28.64
$TIME,26867.249,510775.000,2399
$IMU,26867.250,-0.366,0.000,-0.183,0.01904,1.00097,0.14990,28.64
$MAG,26867.251,-0.142,-0.514,-0.531,27.6
$IMU,26867.252,-0.305,-0.061,-0.183,0.01953,1.00439,0.15576,28.64
$IMU,26867.255,-0.244,-0.183,-0.183,0.01660,1.00390,0.15234,28.66
$IMU,26867.257,-0.305,0.000,-0.183,0.01806,1.00634,0.15478,28.66
$IMU,26867.259,-0.183,-0.061,-0.183,0.01806,1.00195,0.15625,28.66
$MAG,26867.261,-0.151,-0.520,-0.531,27.5
$IMU,26867.262,-0.183,-0.122,-0.183,0.01708,1.00439,0.15136,28.66
$IMU,26867.264,-0.183,0.000,-0.183,0.01660,1.00439,0.15136,28.66
$IMU,26867.266,-0.122,0.061,-0.183,0.01708,1.00195,0.15087,28.66
$IMU,26867.269,-0.122,-0.061,-0.183,0.01855,0.99902,0.15136,28.66
$MAG,26867.271,-0.141,-0.519,-0.525,27.6
$IMU,26867.271,-0.122,-0.061,-0.183,0.01904,1.00244,0.15136,28.66
$IMU,26867.273,-0.061,-0.183,-0.122,0.01953,1.00341,0.15478,28.60
$IMU,26867.276,-0.122,-0.122,-0.183,0.02099,1.00439,0.15136,28.60
$IMU,26867.278,-0.122,-0.122,-0.183,0.01660,1.00390,0.15136,28.60
$MAG,26867.281,-0.151,-0.520,-0.526,27.3
$IMU,26867.281,-0.183,-0.122,-0.183,0.01806,1.00683,0.15136,28.60
$IMU,26867.283,-0.183,-0.122,-0.183,0.01806,1.00146,0.15283,28.60
$IMU,26867.285,-0.244,-0.122,-0.183,0.02001,1.00000,0.14990,28.60
$IMU,26867.288,-0.244,-0.061,-0.061,0.01904,0.99804,0.15136,28.60
$IMU,26867.290,-0.305,-0.061,-0.122,0.01708,1.00097,0.15039,28.60
$MAG,26867.292,-0.150,-0.525,-0.531,27.6
$IMU,26867.292,-0.366,0.061,-0.122,0.01855,0.99755,0.15380,28.61
$IMU,26867.295,-0.305,-0.122,-0.244,0.01806,0.99951,0.15039,28.61
$IMU,26867.297,-0.305,-0.061,-0.122,0.01806,1.00341,0.15039,28.61
$IMU,26867.299,-0.305,-0.183,-0.122,0.01708,1.00195,0.15283,28.61
$MAG,26867.302,-0.150,-0.523,-0.535,27.6
$IMU,26867.302,-0.305,-0.122,-0.122,0.01708,1.00488,0.15332,28.61
$IMU,26867.304,-0.427,0.122,-0.061,0.01611,1.00244,0.15332,28.61
$IMU,26867.306,-0.366,-0.061,-0.122,0.01757,1.00146,0.15234,28.61
$IMU,26867.309,-0.305,-0.122,-0.244,0.01806,1.00292,0.15283,28.61
$IMU,26867.311,-0.305,0.000,-0.244,0.02099,1.00341,0.15380,28.62
$MAG,26867.312,-0.145,-0.519,-0.529,27.5
$IMU,26867.313,-0.305,0.000,-0.183,0.01513,1.00439,0.15087,28.62
$IMU,26867.316,-0.366,0.000,-0.122,0.01660,1.00292,0.15332,28.62
$IMU,26867.318,-0.244,0.061,-0.122,0.01953,1.00390,0.15234,28.62
$IMU,26867.320,-0.122,-0.122,-0.061,0.01708,1.00390,0.15185,28.62
$MAG,26867.322,-0.142,-0.519,-0.531,27.7
$IMU,26867.323,-0.122,-0.183,-0.061,0.01611,1.00097,0.15380,28.62
$IMU,26867.325,-0.122,-0.183,-0.122,0.01660,1.00292,0.15136,28.62
$IMU,26867.327,-0.122,0.000,-0.122,0.01806,1.00488,0.15380,28.62
$IMU,26867.330,-0.061,-0.244,-0.183,0.01513,1.00439,0.15185,28.59
$MAG,26867.332,-0.147,-0.516,-0.537,27.6
$IMU,26867.332,-0.122,-0.183,-0.183,0.01562,1.00488,0.15283,28.59
$IMU,26867.334,-0.122,-0.183,-0.183,0.01464,1.00195,0.15380,28.59
$IMU,26867.337,-0.122,-0.122,-0.122,0.01806,1.00537,0.14941,28.59
$IMU,26867.339,-0.061,-0.122,-0.183,0.02050,1.00048,0.14941,28.59
$BARO,26867.340,86871.30,28.56
$MAG,26867.342,-0.151,-0.519,-0.529,27.6
$IMU,26867.342,-0.061,-0.183,-0.122,0.02197,1.00244,0.15039,28.59
$IMU,26867.344,-0.183,-0.122,-0.183,0.01611,1.00341,0.15136,28.59
$IMU,26867.346,-0.183,-0.122,-0.122,0.01806,1.00439,0.14990,28.59
$IMU,26867.349,-0.305,0.122,-0.122,0.01757,1.00537,0.15185,28.62
$IMU,26867.351,-0.305,0.000,-0.183,0.01660,1.00683,0.15234,28.62
$MAG,26867.352,-0.148,-0.529,-0.532,27.6
$IMU,26867.353,-0.305,0.000,-0.122,0.01953,1.00341,0.14941,28.62
$IMU,26867.356,-0.366,0.061,-0.122,0.01806,1.00683,0.15039,28.62
$IMU,26867.358,-0.305,-0.061,-0.183,0.01855,1.00439,0.14892,28.62
$IMU,26867.360,-0.305,-0.183,-0.122,0.01855,1.00146,0.15283,28.62
$MAG,26867.362,-0.148,-0.516,-0.532,27.5
$IMU,26867.363,-0.427,0.000,-0.183,0.01611,1.00537,0.15283,28.62
$IMU,26867.365,-0.549,-0.061,-0.244,0.01611,1.00195,0.15087,28.62
$IMU,26867.367,-0.427,-0.061,-0.122,0.01562,1.00488,0.15136,28.60
$IMU,26867.370,-0.427,-0.244,-0.183,0.01757,1.00585,0.15429,28.60
$MAG,26867.372,-0.145,-0.519,-0.525,27.6
$IMU,26867.372,-0.488,-0.061,-0.183,0.02001,1.00341,0.15332,28.60
$IMU,26867.374,-0.366,-0.122,-0.183,0.01708,1.00341,0.15429,28.60
$IMU,26867.377,-0.427,-0.061,-0.244,0.01513,1.00292,0.15283,28.60
$IMU,26867.379,-0.427,0.000,-0.244,0.02050,1.00097,0.15087,28.60
$IMU,26867.381,-0.366,-0.122,-0.244,0.01513,1.00390,0.15380,28.60
$MAG,26867.382,-0.144,-0.525,-0.540,27.6
$IMU,26867.384,-0.305,0.061,-0.244,0.01953,1.00488,0.15380,28.60
$IMU,26867.386,-0.244,-0.183,-0.183,0.02099,1.00439,0.15234,28.66
$IMU,26867.388,-0.427,0.061,-0.122,0.02050,1.00585,0.15185,28.66
$IMU,26867.391,-0.366,0.061,-0.183,0.01904,1.00244,0.15429,28.66
$MAG,26867.392,-0.151,-0.513,-0.534,27.6
$IMU,26867.393,-0.183,-0.061,-0.183,0.02050,1.00292,0.15576,28.66
$IMU,26867.395,-0.061,-0.061,-0.244,0.02050,1.00341,0.15185,28.66
$IMU,26867.398,-0.061,-0.061,-0.183,0.01953,1.00292,0.15478,28.66
$IMU,26867.400,-0.061,-0.183,-0.183,0.01757,1.00244,0.15136,28.66
$MAG,26867.403,-0.139,-0.519,-0.529,27.6
$IMU,26867.403,-0.061,-0.122,-0.122,0.01611,1.00146,0.15234,28.66
$IMU,26867.405,-0.183,0.183,-0.122,0.01660,1.00292,0.14990,28.64
$IMU,26867.407,0.000,-0.183,-0.122,0.02001,1.00488,0.15234,28.64
$IMU,26867.410,-0.122,0.000,-0.122,0.01953,1.00097,0.15136,28.64
$IMU,26867.412,-0.122,0.000,-0.244,0.01855,1.00537,0.15234,28.64
$MAG,26867.413,-0.147,-0.511,-0.535,27.6
$IMU,26867.414,-0.061,-0.061,-0.244,0.01757,1.00439,0.15185,28.64
$IMU,26867.417,-0.061,0.000,-0.244,0.02001,1.00195,0.14746,28.64
$IMU,26867.419,-0.122,-0.061,-0.183,0.01855,1.00195,0.15039,28.64
$IMU,26867.421,-0.183,-0.061,-0.122,0.01904,1.00488,0.14990,28.64
$MAG,26867.423,-0.151,-0.531,-0.534,27.6
$IMU,26867.424,-0.122,-0.122,-0.122,0.01562,1.00146,0.14843,28.61
$IMU,26867.426,-0.122,-0.244,-0.183,0.01806,1.00097,0.15136,28.61
$IMU,26867.428,-0.183,-0.122,-0.183,0.02001,0.99951,0.15185,28.61
$IMU,26867.431,-0.244,-0.061,-0.183,0.01855,1.00390,0.15136,28.61
$MAG,26867.433,-0.139,-0.526,-0.529,27.6
$IMU,26867.433,-0.305,-0.122,-0.122,0.01904,1.00585,0.15136,28.61
$IMU,26867.435,-0.427,-0.061,-0.122,0.01611,1.00537,0.15283,28.61
$IMU,26867.438,-0.305,-0.183,-0.061,0.01660,1.00488,0.15234,28.61
$IMU,26867.440,-0.488,0.061,-0.122,0.01806,1.00097,0.15185,28.61
$BARO,26867.441,86874.18,28.55
$IMU,26867.442,-0.427,-0.061,-0.122,0.02246,1.00341,0.15087,28.64
$MAG,26867.443,-0.138,-0.517,-0.525,27.6
$IMU,26867.445,-0.427,0.000,-0.183,0.01757,1.00732,0.15332,28.64
$IMU,26867.447,-0.366,-0.061,-0.244,0.01757,1.00634,0.15039,28.64
$IMU,26867.449,-0.488,0.000,-0.244,0.01416,1.00341,0.15136,28.64
$IMU,26867.452,-0.427,-0.061,-0.122,0.01562,0.99951,0.15234,28.64
$MAG,26867.453,-0.136,-0.516,-0.525,27.6
$IMU,26867.454,-0.366,-0.122,-0.061,0.01708,1.00244,0.15332,28.64
$IMU,26867.456,-0.366,-0.183,-0.122,0.01660,1.00244,0.15283,28.64
$IMU,26867.459,-0.427,-0.061,-0.183,0.01855,1.00634,0.15429,28.64
$IMU,26867.461,-0.305,-0.061,-0.183,0.01855,1.00244,0.15380,28.59
$MAG,26867.463,-0.147,-0.516,-0.535,27.6
$IMU,26867.464,-0.305,-0.122,-0.244,0.01904,1.00390,0.15136,28.59
$IMU,26867.466,-0.244,-0.122,-0.183,0.01806,1.00048,0.15332,28.59
$IMU,26867.468,-0.183,-0.061,-0.183,0.01953,1.00292,0.15234,28.59
$IMU,26867.471,-0.244,-0.061,-0.183,0.01660,1.00439,0.15380,28.59
$MAG,26867.473,-0.153,-0.519,-0.526,27.6
$IMU,26867.473,-0.183,-0.244,-0.183,0.01855,1.00341,0.15283,28.59
$IMU,26867.475,-0.183,-0.061,-0.122,0.01464,0.99804,0.14941,28.59
$IMU,26867.478,-0.122,0.000,-0.122,0.01855,1.00341,0.15234,28.59
$IMU,26867.480,-0.061,-0.122,-0.244,0.01953,1.00488,0.15136,28.64
$IMU,26867.482,-0.122,-0.061,-0.183,0.01904,1.00244,0.15234,28.64
$MAG,26867.483,-0.135,-0.519,-0.534,27.6
$IMU,26867.485,-0.183,0.061,-0.122,0.02001,1.00390,0.15185,28.64
$IMU,26867.487,-0.061,-0.183,-0.183,0.01708,1.00390,0.15087,28.64
$IMU,26867.489,-0.122,-0.122,-0.183,0.01708,1.00292,0.14892,28.64
$IMU,26867.492,-0.183,-0.061,-0.122,0.01513,1.00537,0.15283,28.64
$MAG,26867.493,-0.150,-0.520,-0.526,27.6
$IMU,26867.494,-0.183,0.000,-0.122,0.01904,1.00341,0.15087,28.64
$IMU,26867.496,-0.183,-0.122,-0.183,0.01757,1.00244,0.15234,28.64
$IMU,26867.499,-0.183,-0.122,-0.122,0.01611,1.00195,0.15087,28.63
$IMU,26867.501,-0.183,-0.122,-0.183,0.01806,1.00292,0.15380,28.63
$MAG,26867.503,-0.144,-0.522,-0.537,27.6
$IMU,26867.503,-0.122,-0.244,-0.122,0.01708,1.00439,0.14892,28.63
$IMU,26867.506,-0.183,0.061,-0.061,0.01806,1.00146,0.15185,28.63
$IMU,26867.508,-0.305,-0.122,-0.122,0.02001,1.00048,0.15185,28.63
$IMU,26867.510,-0.366,-0.122,-0.183,0.01806,1.00146,0.15429,28.63
$MAG,26867.513,-0.136,-0.517,-0.525,27.6
$IMU,26867.513,-0.305,-0.122,-0.122,0.01757,1.00292,0.14941,28.63
$IMU,26867.515,-0.366,-0.061,-0.183,0.01855,0.99804,0.15185,28.63
$IMU,26867.517,-0.366,-0.122,-0.244,0.01806,1.00146,0.15234,28.64
$IMU,26867.520,-0.427,0.061,-0.122,0.01855,1.00097,0.15185,28.64
$IMU,26867.522,-0.427,0.000,-0.183,0.01806,1.00341,0.15234,28.64
$MAG,26867.524,-0.139,-0.522,-0.526,27.6
$IMU,26867.525,-0.305,-0.183,-0.183,0.01611,1.00439,0.15234,28.64
$IMU,26867.527,-0.305,-0.183,-0.183,0.02050,1.00341,0.15478,28.64
$IMU,26867.529,-0.244,-0.183,-0.183,0.01660,1.00439,0.15380,28.64
$IMU,26867.532,-0.366,0.000,-0.305,0.01611,1.00390,0.15087,28.64
$MAG,26867.534,-0.135,-0.516,-0.531,27.6
$IMU,26867.534,-0.305,0.000,-0.244,0.01611,1.00341,0.15185,28.64
$IMU,26867.536,-0.244,0.061,-0.183,0.01757,1.00390,0.15234,28.61
$IMU,26867.539,-0.244,-0.122,-0.122,0.01953,1.00195,0.15332,28.61
$IMU,26867.541,-0.183,0.061,-0.122,0.01806,1.00390,0.15087,28.61
$BARO,26867.543,86862.62,28.56
$IMU,26867.543,-0.122,-0.061,-0.122,0.01806,1.00292,0.15185,28.61
$MAG,26867.544,-0.139,-0.523,-0.531,27.6
$IMU,26867.546,-0.122,-0.122,-0.122,0.01953,1.00195,0.15332,28.61
$IMU,26867.548,-0.122,0.000,-0.244,0.01806,1.00488,0.15087,28.61
$IMU,26867.550,0.000,-0.183,-0.244,0.01611,1.00292,0.14794,28.61
$IMU,26867.553,0.000,-0.244,-0.244,0.01855,1.00341,0.14941,28.61
$MAG,26867.554,-0.144,-0.520,-0.528,27.6
$IMU,26867.555,-0.183,-0.061,-0.183,0.01757,1.00488,0.15332,28.62
$IMU,26867.557,-0.122,0.000,-0.122,0.01757,1.00585,0.15185,28.62
$IMU,26867.560,-0.122,-0.122,-0.061,0.01660,1.00048,0.14990,28.62
$IMU,26867.562,-0.122,-0.122,-0.183,0.02050,1.00195,0.15332,28.62
$MAG,26867.564,-0.144,-0.510,-0.525,27.6
$IMU,26867.564,-0.183,-0.061,-0.183,0.01953,1.00292,0.14990,28.62
$IMU,26867.567,-0.305,-0.061,-0.183,0.02050,1.00439,0.15332,28.62
$IMU,26867.569,-0.244,-0.122,-0.183,0.02050,1.00585,0.15234,28.62
$IMU,26867.571,-0.305,0.000,-0.122,0.02050,1.00341,0.15185,28.62
$MAG,26867.574,-0.142,-0.516,-0.526,27.6
$IMU,26867.574,-0.305,-0.061,-0.122,0.02050,1.00439,0.15087,28.61
$IMU,26867.576,-0.244,-0.183,-0.122,0.02197,1.00537,0.15136,28.61
$IMU,26867.578,-0.305,-0.122,-0.122,0.01660,1.00439,0.15234,28.61
$IMU,26867.581,-0.366,-0.061,-0.183,0.01708,1.00244,0.15234,28.61
$IMU,26867.583,-0.427,-0.061,-0.244,0.01660,1.00244,0.14892,28.61
$MAG,26867.584,-0.151,-0.522,-0.526,27.5
$IMU,26867.586,-0.427,-0.061,-0.122,0.01708,1.00732,0.14892,28.61
$IMU,26867.588,-0.305,-0.122,-0.122,0.02001,1.00439,0.15234,28.61
$IMU,26867.590,-0.366,-0.061,-0.122,0.01806,1.00927,0.15234,28.61
$IMU,26867.593,-0.305,-0.061,-0.122,0.01953,1.00488,0.15185,28.65
$MAG,26867.594,-0.150,-0.520,-0.528,27.6
$IMU,26867.595,-0.244,0.000,-0.183,0.02197,1.00439,0.15478,28.65
$HUM,26867.597,34.4,29.0
$IMU,26867.597,-0.305,-0.061,-0.183,0.02099,1.00439,0.15380,28.65
$IMU,26867.600,-0.305,-0.061,-0.244,0.01757,1.00488,0.15087,28.65
$IMU,26867.602,-0.183,0.000,-0.183,0.01660,1.00341,0.15380,28.65
$MAG,26867.604,-0.136,-0.520,-0.534,27.6
$IMU,26867.604,-0.183,-0.122,-0.183,0.01611,1.00195,0.15380,28.65
$IMU,26867.607,-0.244,0.061,-0.122,0.01806,1.00341,0.15185,28.65
$IMU,26867.609,-0.244,-0.061,-0.122,0.01708,1.00537,0.15087,28.65
$IMU,26867.611,-0.244,-0.061,-0.183,0.02050,1.00341,0.15185,28.66
$MAG,26867.614,-0.142,-0.520,-0.529,27.6
$IMU,26867.614,-0.183,-0.061,-0.183,0.02099,1.00439,0.15332,28.66
$IMU,26867.616,-0.183,-0.061,-0.244,0.02001,1.00000,0.15429,28.66
$IMU,26867.618,-0.305,-0.122,-0.183,0.01464,0.99902,0.15136,28.66
$IMU,26867.621,-0.305,0.000,-0.183,0.01904,1.00341,0.15380,28.66
$IMU,26867.623,-0.305,0.000,-0.122,0.02197,1.00244,0.15283,28.66
$MAG,26867.624,-0.145,-0.517,-0.531,27.6
$IMU,26867.625,-0.183,-0.244,-0.122,0.01953,1.00146,0.15185,28.66
$IMU,26867.628,-0.244,0.000,-0.122,0.02050,1.00341,0.15185,28.66
$IMU,26867.630,-0.244,0.061,-0.183,0.01562,0.99902,0.15039,28.62
$IMU,26867.632,-0.305,-0.122,-0.244,0.01806,1.00097,0.15234,28.62
$MAG,26867.635,-0.147,-0.522,-0.537,27.6
$IMU,26867.635,-0.305,0.000,-0.244,0.01708,1.00146,0.15332,28.62
$IMU,26867.637,-0.366,0.061,-0.122,0.01953,1.00048,0.15136,28.62
$IMU,26867.639,-0.366,-0.183,-0.183,0.02050,1.00244,0.15136,28.62
$IMU,26867.642,-0.244,-0.244,-0.122,0.01953,1.00048,0.15332,28.62
$BARO,26867.644,86875.52,28.56
$IMU,26867.644,-0.305,0.000,-0.061,0.01806,1.00537,0.15087,28.62
$MAG,26867.645,-0.156,-0.516,-0.531,27.6
$IMU,26867.646,-0.305,-0.061,-0.122,0.01904,1.00146,0.15234,28.62
$IMU,26867.649,-0.366,-0.061,-0.183,0.01757,1.00390,0.15429,28.63
$IMU,26867.651,-0.305,-0.122,-0.244,0.01855,1.00292,0.15283,28.63
$IMU,26867.654,-0.305,-0.122,-0.183,0.01708,1.00439,0.15283,28.63
$MAG,26867.655,-0.139,-0.516,-0.528,27.6
$IMU,26867.656,-0.305,-0.122,-0.122,0.01757,1.00195,0.15136,28.63
$IMU,26867.658,-0.244,-0.183,-0.122,0.01660,1.00146,0.15185,28.63
$IMU,26867.661,-0.244,-0.122,-0.122,0.01708,1.00390,0.15283,28.63
$IMU,26867.663,-0.244,-0.061,-0.183,0.01904,1.00488,0.15185,28.63
$MAG,26867.665,-0.144,-0.525,-0.529,27.6
$IMU,26867.665,-0.122,-0.061,-0.183,0.01513,1.00244,0.14990,28.63
$IMU,26867.668,-0.061,-0.122,-0.244,0.01855,0.99951,0.15087,28.61
$IMU,26867.670,-0.122,-0.244,-0.244,0.01855,1.00634,0.15136,28.61
$IMU,26867.672,-0.122,-0.061,-0.122,0.01660,1.00488,0.15332,28.61
$MAG,26867.675,-0.141,-0.519,-0.528,27.5
$IMU,26867.675,-0.244,0.000,-0.061,0.02001,1.00537,0.15478,28.61
$IMU,26867.677,-0.183,-0.061,-0.061,0.02001,1.00195,0.15332,28.61
$IMU,26867.679,0.000,-0.122,-0.061,0.02050,1.00390,0.15039,28.61
$IMU,26867.682,-0.061,-0.122,-0.061,0.01660,1.00341,0.14990,28.61
$IMU,26867.684,-0.183,0.000,-0.183,0.02050,1.00488,0.15039,28.61
$MAG,26867.685,-0.142,-0.516,-0.531,27.6
$IMU,26867.686,-0.122,-0.061,-0.122,0.01464,1.00097,0.15234,28.59
$IMU,26867.689,0.000,-0.122,-0.122,0.01904,1.00195,0.15283,28.59
$IMU,26867.691,-0.122,-0.183,-0.183,0.01904,1.00634,0.15039,28.59
$IMU,26867.693,-0.183,-0.122,-0.122,0.01611,1.00781,0.14990,28.59
$MAG,26867.695,-0.148,-0.529,-0.529,27.6
$IMU,26867.696,-0.122,-0.061,-0.183,0.02050,1.00439,0.15039,28.59
$IMU,26867.698,-0.305,0.000,-0.244,0.01611,1.00390,0.14892,28.59
$IMU,26867.700,-0.244,0.000,-0.183,0.02050,1.00244,0.15087,28.59
$IMU,26867.703,-0.244,0.000,-0.183,0.02001,1.00439,0.15332,28.59
$MAG,26867.705,-0.136,-0.523,-0.529,27.6
$IMU,26867.705,-0.244,-0.183,-0.244,0.01855,1.00341,0.15087,28.61
$IMU,26867.707,-0.244,-0.122,-0.183,0.01708,1.00341,0.15283,28.61
$IMU,26867.710,-0.427,0.000,-0.122,0.01953,1.00195,0.15234,28.61
$IMU,26867.712,-0.366,-0.122,-0.122,0.01757,1.00585,0.15185,28.61
$MAG,26867.715,-0.141,-0.520,-0.526,27.6
$IMU,26867.715,-0.427,0.000,-0.061,0.01855,1.00390,0.15185,28.61
$IMU,26867.717,-0.305,-0.122,-0.244,0.01855,1.00683,0.14746,28.61
$IMU,26867.719,-0.244,-0.183,-0.244,0.01806,1.00000,0.15087,28.61
$IMU,26867.722,-0.305,0.061,-0.183,0.01953,1.00244,0.15087,28.61
$IMU,26867.724,-0.305,-0.061,-0.122,0.01855,1.00439,0.15039,28.66
$MAG,26867.725,-0.142,-0.523,-0.528,27.6
$IMU,26867.726,-0.305,-0.122,-0.061,0.01855,1.00488,0.15185,28.66
$IMU,26867.729,-0.366,-0.061,-0.122,0.02001,1.00244,0.15332,28.66
$IMU,26867.731,-0.366,-0.122,-0.183,0.01660,1.00244,0.15576,28.66
$IMU,26867.733,-0.305,-0.183,-0.183,0.01660,1.00244,0.15380,28.66
$MAG,26867.735,-0.138,-0.519,-0.537,27.6
$IMU,26867.736,-0.244,-0.061,-0.183,0.01904,1.00683,0.15332,28.66
$IMU,26867.738,-0.305,-0.061,-0.122,0.01855,1.00292,0.15185,28.66
$IMU,26867.740,-0.305,-0.061,-0.122,0.02148,1.00048,0.15234,28.66
$IMU,26867.743,-0.244,-0.061,-0.122,0.02148,1.00292,0.15576,28.65
$BARO,26867.745,86872.30,28.56
$IMU,26867.745,-0.183,-0.122,-0.122,0.01708,1.00390,0.15576,28.65
$MAG,26867.746,-0.141,-0.523,-0.531,27.6
$IMU,26867.747,-0.183,-0.061,-0.183,0.01953,1.00000,0.15234,28.65
$IMU,26867.750,-0.122,-0.061,-0.244,0.02001,1.00390,0.15087,28.65
$IMU,26867.752,-0.183,0.000,-0.244,0.01562,1.00048,0.15039,28.65
$IMU,26867.754,-0.183,-0.061,-0.244,0.01708,1.00292,0.15332,28.65
$MAG,26867.756,-0.147,-0.519,-0.532,27.6
$IMU,26867.757,-0.244,-0.061,-0.183,0.01562,1.00439,0.15136,28.65
$IMU,26867.759,-0.183,-0.061,-0.183,0.01513,1.00292,0.15283,28.65
$IMU,26867.761,-0.244,-0.061,-0.122,0.01660,1.00634,0.15283,28.64
$IMU,26867.764,-0.244,0.000,-0.183,0.01855,1.00439,0.15332,28.64
$MAG,26867.766,-0.139,-0.516,-0.529,27.5
$IMU,26867.766,-0.183,0.000,-0.122,0.01806,1.00439,0.15185,28.64
$IMU,26867.768,-0.183,-0.122,-0.122,0.01953,1.00585,0.15087,28.64
$IMU,26867.771,-0.244,0.061,-0.244,0.01757,1.00292,0.15087,28.64
$IMU,26867.773,-0.244,0.000,-0.183,0.02148,1.00341,0.15039,28.64
$IMU,26867.776,-0.244,0.061,-0.122,0.01708,0.99755,0.15185,28.64
$MAG,26867.776,-0.145,-0.514,-0.538,27.5
$IMU,26867.778,-0.244,-0.061,-0.122,0.01953,1.00146,0.15136,28.64
$IMU,26867.780,-0.305,-0.122,-0.122,0.02050,1.00341,0.15136,28.61
$IMU,26867.783,-0.305,-0.183,-0.244,0.01904,1.00195,0.15478,28.61
$IMU,26867.785,-0.366,-0.122,-0.244,0.01953,1.00146,0.15087,28.61
$MAG,26867.786,-0.145,-0.513,-0.534,27.6
$IMU,26867.787,-0.366,-0.122,-0.183,0.01513,1.00000,0.15283,28.61
$IMU,26867.790,-0.183,-0.183,-0.183,0.01708,0.99951,0.15234,28.61
$IMU,26867.792,-0.366,0.061,-0.122,0.01660,1.00488,0.15283,28.61
$IMU,26867.794,-0.305,-0.183,-0.122,0.02099,1.00439,0.15136,28.61
$MAG,26867.796,-0.153,-0.525,-0.526,27.6
$IMU,26867.797,-0.305,-0.122,-0.183,0.02001,1.00341,0.15087,28.61
$IMU,26867.799,-0.305,0.000,-0.183,0.01904,1.00244,0.15234,28.59
$IMU,26867.801,-0.366,0.000,-0.183,0.01904,1.00146,0.15136,28.59
$IMU,26867.804,-0.305,0.061,-0.183,0.01611,1.00195,0.15185,28.59
$MAG,26867.806,-0.147,-0.526,-0.526,27.6
$IMU,26867.806,-0.244,0.061,-0.122,0.02050,1.00292,0.14990,28.59
$IMU,26867.808,-0.305,0.000,-0.122,0.01464,1.00439,0.15478,28.59
$IMU,26867.811,-0.183,-0.061,-0.183,0.01660,1.00537,0.15136,28.59
$IMU,26867.813,-0.244,0.000,-0.244,0.01953,1.00537,0.15136,28.59
$IMU,26867.815,-0.122,0.061,-0.183,0.02246,1.00292,0.15087,28.59
$MAG,26867.816,-0.144,-0.526,-0.531,27.6
$IMU,26867.818,-0.122,-0.183,-0.183,0.02099,1.00634,0.15283,28.65
$IMU,26867.820,-0.122,-0.183,-0.183,0.01562,1.00390,0.15234,28.65
$IMU,26867.822,-0.122,-0.122,-0.244,0.01660,1.00146,0.15283,28.65
$IMU,26867.825,-0.183,-0.122,-0.183,0.01757,1.00146,0.15185,28.65
$MAG,26867.826,-0.147,-0.520,-0.526,27.7
$IMU,26867.827,-0.122,-0.122,-0.122,0.01611,1.00292,0.15332,28.65
$IMU,26867.829,-0.122,-0.061,-0.122,0.01660,1.00097,0.15283,28.65
$IMU,26867.832,-0.183,-0.061,-0.122,0.01757,1.00439,0.15185,28.65
$IMU,26867.834,-0.122,-0.183,-0.183,0.01660,1.00439,0.15136,28.65
$MAG,26867.836,-0.144,-0.531,-0.534,27.6
$IMU,26867.837,-0.183,-0.122,-0.183,0.01562,1.00292,0.15283,28.65
$IMU,26867.839,-0.244,-0.061,-0.183,0.01708,1.00390,0.15039,28.65
$IMU,26867.841,-0.305,-0.122,-0.122,0.01904,1.00439,0.14990,28.65
$IMU,26867.844,-0.305,-0.122,-0.061,0.01611,1.00585,0.15087,28.65
$MAG,26867.846,-0.147,-0.525,-0.523,27.6
$IMU,26867.846,-0.305,-0.061,-0.122,0.01806,1.00585,0.15429,28.65
$BARO,26867.847,86865.11,28.55
$IMU,26867.848,-0.366,-0.122,-0.061,0.02001,1.00537,0.14990,28.65
$IMU,26867.851,-0.366,-0.061,-0.122,0.01660,1.00585,0.14892,28.65
$IMU,26867.853,-0.427,0.122,-0.183,0.01660,0.99902,0.15234,28.65
$IMU,26867.855,-0.427,0.000,-0.183,0.01660,1.00439,0.15087,28.67
$MAG,26867.857,-0.145,-0.517,-0.531,27.6
$IMU,26867.858,-0.427,-0.061,-0.183,0.01904,1.00488,0.15332,28.67
$IMU,26867.860,-0.366,-0.122,-0.183,0.01757,1.00488,0.15380,28.67
$IMU,26867.862,-0.427,-0.061,-0.061,0.02050,1.00390,0.15136,28.67
$IMU,26867.865,-0.305,-0.122,-0.061,0.01806,1.00146,0.15136,28.67
$MAG,26867.867,-0.142,-0.522,-0.529,27.6
$IMU,26867.867,-0.366,-0.061,-0.183,0.01757,1.00244,0.15380,28.67
$IMU,26867.869,-0.305,-0.122,-0.183,0.01855,1.00488,0.15478,28.67
$IMU,26867.872,-0.244,-0.183,-0.183,0.01806,1.00537,0.14941,28.67
$IMU,26867.874,-0.244,-0.122,-0.244,0.01660,1.00292,0.15380,28.67
$IMU,26867.876,-0.244,-0.122,-0.183,0.01464,1.00244,0.15332,28.67
$MAG,26867.877,-0.153,-0.528,-0.543,27.6
$IMU,26867.879,-0.183,-0.122,-0.183,0.01757,1.00048,0.15283,28.67
$IMU,26867.881,-0.244,0.061,-0.122,0.01953,1.00390,0.15478,28.67
$IMU,26867.883,-0.122,-0.183,-0.183,0.02050,1.00292,0.15087,28.67
$IMU,26867.886,-0.061,-0.122,-0.061,0.01855,1.00292,0.15380,28.67
$MAG,26867.887,-0.145,-0.529,-0.520,27.7
$IMU,26867.888,-0.122,-0.061,-0.183,0.01708,1.00195,0.15087,28.67
$IMU,26867.890,-0.183,0.061,-0.244,0.01806,1.00488,0.15039,28.67
$IMU,26867.893,-0.305,0.061,-0.122,0.01708,1.00390,0.15283,28.65
$IMU,26867.895,-0.061,-0.183,-0.183,0.02001,1.00195,0.15136,28.65
$MAG,26867.897,-0.147,-0.520,-0.534,27.5
$IMU,26867.898,-0.122,-0.061,-0.183,0.01660,1.00390,0.14941,28.65
$IMU,26867.900,-0.183,0.061,-0.244,0.01757,1.00244,0.15087,28.65
$IMU,26867.902,-0.244,0.061,-0.244,0.01855,1.00244,0.14990,28.65
$IMU,26867.905,-0.244,0.122,-0.183,0.01708,1.00488,0.14941,28.65
$MAG,26867.907,-0.135,-0.519,-0.537,27.5
$IMU,26867.907,-0.122,-0.061,-0.183,0.01416,1.00585,0.15087,28.65
$IMU,26867.909,-0.305,0.000,-0.122,0.01611,1.00390,0.15136,28.65
$IMU,26867.912,-0.305,-0.122,-0.061,0.01953,1.00292,0.15039,28.62
$IMU,26867.914,-0.244,-0.122,0.000,0.01855,1.00488,0.15185,28.62
$IMU,26867.916,-0.366,-0.061,-0.122,0.01904,1.00488,0.15087,28.62
$MAG,26867.917,-0.142,-0.531,-0.532,27.5
$IMU,26867.919,-0.305,-0.183,-0.122,0.01855,1.00341,0.14990,28.62
$IMU,26867.921,-0.366,-0.061,-0.183,0.01806,1.00341,0.14892,28.62
$IMU,26867.923,-0.305,-0.183,-0.244,0.01806,1.00244,0.15039,28.62
$IMU,26867.926,-0.427,-0.061,-0.122,0.01757,1.00292,0.15185,28.62
$MAG,26867.927,-0.151,-0.519,-0.520,27.6
$IMU,26867.928,-0.488,0.000,-0.122,0.01806,1.00341,0.14843,28.62
$IMU,26867.930,-0.366,0.000,-0.122,0.01806,1.00341,0.15234,28.62
$IMU,26867.933,-0.366,0.122,-0.061,0.01708,1.00439,0.15185,28.62
$IMU,26867.935,-0.244,-0.183,-0.183,0.01757,1.00634,0.15332,28.62
$MAG,26867.937,-0.139,-0.525,-0.528,27.6
$IMU,26867.937,-0.244,-0.122,-0.183,0.02001,1.00585,0.15087,28.62
$IMU,26867.940,-0.366,0.061,-0.244,0.01757,1.00195,0.15234,28.62
$IMU,26867.942,-0.244,-0.061,-0.183,0.01708,1.00097,0.15087,28.62
$IMU,26867.944,-0.305,0.000,-0.122,0.01611,1.00244,0.15234,28.62
$MAG,26867.947,-0.142,-0.520,-0.531,27.7
$IMU,26867.947,-0.183,-0.183,-0.122,0.01464,1.00732,0.15283,28.62
$BARO,26867.948,86874.10,28.56
$IMU,26867.949,-0.183,-0.305,-0.122,0.02001,1.00292,0.15332,28.66
$IMU,26867.951,-0.122,-0.183,-0.122,0.01660,1.00634,0.15185,28.66
$IMU,26867.954,-0.122,-0.061,-0.244,0.02050,1.00683,0.15332,28.66
$IMU,26867.956,-0.244,0.122,-0.244,0.01806,1.00244,0.15380,28.66
$MAG,26867.957,-0.139,-0.519,-0.523,27.6
$IMU,26867.959,-0.122,-0.183,-0.244,0.01855,1.00537,0.15283,28.66
$IMU,26867.961,-0.183,-0.122,-0.183,0.01855,1.00683,0.15332,28.66
$IMU,26867.963,-0.183,-0.305,-0.122,0.01757,1.00146,0.15380,28.66
$IMU,26867.966,-0.122,-0.305,-0.122,0.01855,1.00146,0.15185,28.66
$MAG,26867.968,-0.141,-0.522,-0.529,27.6
$IMU,26867.968,-0.244,-0.061,-0.183,0.01513,1.00146,0.14990,28.63
$IMU,26867.970,-0.244,-0.061,-0.183,0.01806,1.00048,0.15234,28.63
$IMU,26867.973,-0.183,0.061,-0.183,0.01904,1.00585,0.15283,28.63
$IMU,26867.975,-0.122,-0.122,-0.183,0.01611,1.00195,0.14892,28.63
$IMU,26867.977,-0.244,-0.183,-0.122,0.01757,1.00341,0.15087,28.63
$MAG,26867.978,-0.138,-0.523,-0.529,27.7
$IMU,26867.980,-0.305,-0.122,-0.183,0.01953,1.00097,0.15185,28.63
$IMU,26867.982,-0.244,-0.183,-0.061,0.01953,1.00097,0.15087,28.63
$IMU,26867.984,-0.305,-0.122,-0.122,0.01806,1.00244,0.15087,28.63
$IMU,26867.987,-0.244,-0.061,-0.183,0.01611,1.00146,0.15087,28.66
$MAG,26867.988,-0.145,-0.523,-0.534,27.6
$IMU,26867.989,-0.244,-0.122,-0.183,0.01806,1.00048,0.15185,28.66
$IMU,26867.991,-0.366,0.000,-0.183,0.01660,0.99853,0.15136,28.66
$IMU,26867.994,-0.366,0.061,-0.183,0.01660,1.00244,0.14941,28.66
$IMU,26867.996,-0.305,-0.061,-0.122,0.01611,1.00244,0.15283,28.66
$MAG,26867.998,-0.133,-0.523,-0.529,27.7
$IMU,26867.998,-0.305,-0.122,-0.122,0.01953,1.00146,0.15283,28.66
$IMU,26868.001,-0.244,-0.244,-0.061,0.01904,1.00390,0.15234,28.66
$IMU,26868.003,-0.244,-0.183,-0.183,0.01757,1.00292,0.15039,28.66
$IMU,26868.005,-0.183,-0.183,-0.244,0.02050,0.99951,0.15332,28.60
$MAG,26868.008,-0.144,-0.525,-0.538,27.6
$IMU,26868.008,-0.244,-0.122,-0.183,0.01904,1.00390,0.15283,28.60
$IMU,26868.010,-0.244,-0.122,-0.244,0.01757,1.00048,0.15283,28.60
$IMU,26868.012,-0.183,-0.244,-0.244,0.01513,1.00341,0.15380,28.60
$IMU,26868.015,-0.183,-0.183,-0.183,0.01757,1.00341,0.15429,28.60
$IMU,26868.017,-0.183,-0.183,-0.122,0.01953,1.00537,0.15087,28.60
$MAG,26868.018,-0.142,-0.519,-0.523,27.6
$IMU,26868.019,-0.244,0.061,-0.122,0.01855,1.00292,0.15234,28.60
$IMU,26868.022,-0.244,0.061,-0.122,0.01855,1.00634,0.15234,28.60
$IMU,26868.024,-0.122,-0.122,-0.183,0.01757,1.00439,0.15283,28.64
$IMU,26868.027,-0.122,-0.061,-0.183,0.01806,1.00244,0.15234,28.64
$MAG,26868.028,-0.148,-0.520,-0.531,27.6
$IMU,26868.029,-0.122,-0.183,-0.244,0.01757,1.00390,0.15185,28.64
$IMU,26868.031,-0.244,0.000,-0.183,0.01855,1.00390,0.15332,28.64
$IMU,26868.034,-0.183,-0.122,-0.122,0.02050,1.00488,0.15087,28.64
$IMU,26868.036,-0.122,-0.122,-0.183,0.01708,1.00439,0.15087,28.64
$MAG,26868.038,-0.144,-0.520,-0.529,27.6
$IMU,26868.038,-0.061,-0.061,-0.183,0.01562,1.00292,0.15234,28.64
$IMU,26868.041,-0.061,-0.122,-0.183,0.01855,1.00146,0.15136,28.64
$IMU,26868.043,-0.244,-0.061,-0.183,0.01855,1.00048,0.15283,28.60
$IMU,26868.045,-0.305,0.000,-0.183,0.02050,1.00439,0.15087,28.60
$MAG,26868.048,-0.148,-0.519,-0.525,27.6
$IMU,26868.048,-0.305,0.000,-0.183,0.01562,1.00781,0.15380,28.60
$BARO,26868.050,86867.55,28.57
$IMU,26868.050,-0.305,-0.061,-0.122,0.01904,1.00634,0.15039,28.60
$IMU,26868.052,-0.183,-0.244,-0.122,0.01904,1.00244,0.15087,28.60
$IMU,26868.055,-0.305,-0.122,-0.183,0.02099,1.00439,0.15332,28.60
$IMU,26868.057,-0.427,-0.061,-0.183,0.01855,1.00341,0.15136,28.60
$MAG,26868.058,-0.135,-0.517,-0.528,27.6
$IMU,26868.059,-0.366,-0.122,-0.183,0.02050,1.00195,0.15087,28.60
$IMU,26868.062,-0.366,-0.061,-0.244,0.01855,1.00146,0.14990,28.62
$IMU,26868.064,-0.305,-0.183,-0.244,0.01806,1.00585,0.14990,28.62
$IMU,26868.066,-0.305,-0.122,-0.061,0.01660,1.00390,0.15039,28.62
$MAG,26868.068,-0.151,-0.514,-0.534,27.6
$IMU,26868.069,-0.305,-0.122,-0.061,0.02197,1.00488,0.15625,28.62
$IMU,26868.071,-0.427,-0.061,-0.122,0.01855,1.00244,0.14990,28.62
$IMU,26868.073,-0.427,0.122,-0.122,0.02099,1.00292,0.15185,28.62
$IMU,26868.076,-0.244,-0.183,-0.244,0.01708,1.00292,0.15185,28.62
$MAG,26868.078,-0.147,-0.522,-0.535,27.6
$IMU,26868.078,-0.244,-0.244,-0.244,0.01562,1.00830,0.15087,28.62
$IMU,26868.080,-0.305,0.000,-0.122,0.01562,1.00390,0.15039,28.60
$IMU,26868.083,-0.305,0.122,-0.061,0.01904,1.00341,0.15332,28.60
$IMU,26868.085,-0.122,-0.122,-0.122,0.02294,1.00683,0.15283,28.60
$IMU,26868.088,-0.183,-0.122,-0.183,0.01708,1.00146,0.15380,28.60
$MAG,26868.089,-0.147,-0.522,-0.531,27.6
$IMU,26868.090,-0.183,-0.061,-0.122,0.01855,1.00488,0.15185,28.60
$IMU,26868.092,-0.061,-0.305,-0.244,0.01464,1.00439,0.15136,28.60
$IMU,26868.095,-0.183,0.122,-0.305,0.02148,1.00537,0.15234,28.60
$IMU,26868.097,-0.183,0.061,-0.183,0.01708,1.00537,0.15087,28.60
$MAG,26868.099,-0.138,-0.522,-0.531,27.6
$IMU,26868.099,-0.122,-0.061,-0.183,0.01708,1.00146,0.15136,28.62
$IMU,26868.102,-0.061,0.000,-0.183,0.02099,1.00341,0.15136,28.62
$IMU,26868.104,-0.061,-0.061,-0.122,0.02050,1.00341,0.15234,28.62
$IMU,26868.106,-0.183,-0.061,-0.183,0.02197,1.00488,0.14990,28.62
$MAG,26868.109,-0.151,-0.525,-0.535,27.7
$IMU,26868.109,-0.183,-0.061,-0.244,0.01953,1.00292,0.15087,28.62
$IMU,26868.111,-0.244,0.061,-0.183,0.01660,1.00146,0.15332,28.62
$IMU,26868.113,-0.244,0.000,-0.244,0.01660,1.00585,0.15234,28.62
$IMU,26868.116,-0.122,-0.122,-0.122,0.01806,1.00439,0.15136,28.62
$IMU,26868.118,-0.183,-0.061,-0.061,0.01611,1.00439,0.14990,28.64
$MAG,26868.119,-0.145,-0.520,-0.535,27.6
$IMU,26868.120,-0.305,0.000,0.000,0.01708,1.00195,0.15039,28.64
$IMU,26868.123,-0.244,0.000,-0.183,0.01904,1.00390,0.15039,28.64
$IMU,26868.125,-0.366,0.000,-0.183,0.01806,1.00292,0.15234,28.64
$IMU,26868.127,-0.366,-0.183,-0.122,0.02197,1.00439,0.14941,28.64
$MAG,26868.129,-0.147,-0.520,-0.526,27.6
$IMU,26868.130,-0.488,0.061,-0.183,0.01708,1.00488,0.15332,28.64
$IMU,26868.132,-0.488,0.061,-0.183,0.01757,1.00292,0.15039,28.64
$IMU,26868.134,-0.488,-0.061,-0.122,0.01855,1.00341,0.15332,28.64
$IMU,26868.137,-0.488,0.000,-0.122,0.01855,1.00439,0.15283,28.64
$MAG,26868.139,-0.141,-0.520,-0.526,27.6
$IMU,26868.139,-0.366,-0.122,-0.183,0.02001,1.00146,0.15332,28.64
$IMU,26868.141,-0.488,-0.244,-0.244,0.02148,1.00439,0.15380,28.64
$IMU,26868.144,-0.427,-0.183,-0.183,0.01757,1.00292,0.15087,28.64
$IMU,26868.146,-0.366,0.000,-0.183,0.01660,1.00292,0.15039,28.64
$MAG,26868.149,-0.145,-0.519,-0.532,27.6
$IMU,26868.149,-0.366,-0.061,-0.122,0.01757,1.00244,0.14990,28.64
$BARO,26868.151,86863.16,28.56
$IMU,26868.151,-0.305,-0.122,-0.061,0.01757,1.00195,0.15185,28.64
$IMU,26868.153,-0.183,-0.122,-0.061,0.01757,1.00341,0.15332,28.64
$IMU,26868.156,-0.122,-0.122,-0.183,0.01855,1.00439,0.15332,28.66
$IMU,26868.158,-0.183,-0.122,-0.244,0.01953,1.00634,0.15234,28.66
$MAG,26868.159,-0.141,-0.519,-0.531,27.5
$IMU,26868.160,-0.183,0.061,-0.183,0.01806,1.00683,0.15283,28.66
$IMU,26868.163,-0.122,0.000,-0.183,0.01904,1.00341,0.15380,28.66
$IMU,26868.165,-0.061,0.000,-0.183,0.01953,1.00683,0.15332,28.66
$IMU,26868.167,-0.061,-0.061,-0.183,0.01904,1.00537,0.15234,28.66
$IMU,26868.170,0.000,-0.122,-0.183,0.01904,1.00537,0.15234,28.66
$MAG,26868.169,-0.157,-0.514,-0.528,27.5
$IMU,26868.172,0.000,-0.122,-0.122,0.01757,1.00683,0.15185,28.66
$IMU,26868.174,0.061,-0.122,-0.061,0.02246,1.00146,0.15185,28.66
$IMU,26868.177,0.000,0.000,-0.122,0.01757,1.00195,0.15234,28.66
$MAG,26868.179,-0.144,-0.520,-0.535,27.6
$IMU,26868.179,-0.061,-0.122,-0.183,0.01318,1.00341,0.15087,28.66
$IMU,26868.181,-0.061,-0.183,-0.183,0.01708,1.00537,0.15087,28.66
$IMU,26868.184,-0.183,0.000,-0.122,0.01904,1.00390,0.15332,28.66
$IMU,26868.186,-0.183,-0.061,-0.122,0.01855,1.00341,0.15185,28.66
$IMU,26868.188,-0.183,-0.122,-0.122,0.01904,1.00244,0.14941,28.66
$MAG,26868.189,-0.139,-0.523,-0.528,27.5
$IMU,26868.191,-0.244,-0.183,-0.183,0.01513,1.00097,0.15039,28.66
$IMU,26868.193,-0.244,-0.183,-0.122,0.01806,1.00439,0.14941,28.65
$IMU,26868.195,-0.366,-0.183,-0.183,0.01806,1.00195,0.15283,28.65
$IMU,26868.198,-0.427,-0.061,-0.183,0.01708,1.00195,0.15087,28.65
$VBAT,26868.199,4.126
$MAG,26868.200,-0.139,-0.520,-0.535,27.6
$IMU,26868.200,-0.549,-0.122,-0.122,0.01708,1.00292,0.15087,28.65
$IMU,26868.202,-0.488,-0.122,-0.183,0.01757,1.00390,0.15234,28.65
$IMU,26868.205,-0.488,-0.122,-0.122,0.01562,1.00195,0.15039,28.65
$IMU,26868.207,-0.427,-0.061,-0.183,0.01855,1.00390,0.15380,28.65
$MAG,26868.210,-0.147,-0.517,-0.532,27.6
$IMU,26868.210,-0.427,-0.122,-0.183,0.02099,1.00439,0.15185,28.65
$IMU,26868.212,-0.488,-0.061,-0.183,0.02001,1.00488,0.15039,28.66
$IMU,26868.214,-0.549,0.061,-0.122,0.02050,1.00537,0.15136,28.66
$IMU,26868.217,-0.427,-0.061,-0.061,0.01708,1.00341,0.15185,28.66
$IMU,26868.219,-0.366,0.000,-0.244,0.01757,1.00439,0.15087,28.66
$MAG,26868.220,-0.144,-0.519,-0.531,27.5
$IMU,26868.221,-0.305,-0.183,-0.183,0.02050,1.00244,0.15136,28.66
$IMU,26868.224,-0.305,0.061,-0.122,0.02001,1.00244,0.15185,28.66
$IMU,26868.226,-0.244,0.000,-0.122,0.01708,1.00292,0.15527,28.66
$IMU,26868.228,-0.183,0.000,-0.122,0.01513,1.00390,0.15332,28.66
$MAG,26868.230,-0.142,-0.516,-0.532,27.7
$IMU,26868.231,-0.183,0.000,-0.183,0.02001,1.00048,0.15234,28.62
$IMU,26868.233,0.000,-0.183,-0.183,0.01513,1.00146,0.15136,28.62
$IMU,26868.235,-0.122,-0.061,-0.122,0.01611,1.00439,0.15478,28.62
$IMU,26868.238,-0.122,0.000,-0.183,0.01708,1.00341,0.15039,28.62
$MAG,26868.240,-0.142,-0.523,-0.532,27.6
$IMU,26868.240,-0.061,0.000,-0.183,0.01806,1.00390,0.15087,28.62
$IMU,26868.242,0.061,-0.122,-0.244,0.02001,1.00439,0.15283,28.62
$IMU,26868.245,-0.061,-0.244,-0.183,0.01806,1.00195,0.15283,28.62
$IMU,26868.247,-0.061,-0.061,-0.244,0.01904,1.00000,0.15185,28.62
$TIME,26868.249,510776.000,2399
$IMU,26868.249,-0.061,-0.122,-0.183,0.01611,0.99951,0.14941,28.63
$MAG,26868.250,-0.150,-0.528,-0.523,27.5
$IMU,26868.252,-0.183,-0.122,-0.122,0.01513,1.00000,0.14941,28.63
$BARO,26868.253,86871.98,28.57
$IMU,26868.254,-0.244,-0.061,-0.122,0.01757,1.00195,0.15185,28.63
$IMU,26868.256,-0.122,-0.305,-0.122,0.01708,1.00000,0.15039,28.63
$IMU,26868.259,-0.183,-0.244,-0.183,0.02001,1.00146,0.15039,28.63
$MAG,26868.260,-0.142,-0.526,-0.532,27.6
$IMU,26868.261,-0.244,0.000,-0.183,0.01757,1.00439,0.15087,28.63
$IMU,26868.263,-0.366,-0.061,-0.244,0.01855,1.00244,0.14990,28.63
$IMU,26868.266,-0.366,-0.122,-0.122,0.01708,1.00390,0.15185,28.63
$IMU,26868.268,-0.366,0.000,-0.061,0.01464,1.00390,0.15283,28.62
$MAG,26868.270,-0.150,-0.519,-0.532,27.6
$IMU,26868.271,-0.366,-0.122,-0.061,0.01660,1.00341,0.15087,28.62
$IMU,26868.273,-0.366,-0.244,-0.122,0.01904,1.00146,0.15136,28.62
$IMU,26868.275,-0.488,0.061,-0.122,0.02099,1.00244,0.15429,28.62
$IMU,26868.278,-0.427,0.061,-0.183,0.01806,1.00292,0.14843,28.62
$MAG,26868.280,-0.139,-0.528,-0.531,27.6
$IMU,26868.280,-0.305,-0.244,-0.244,0.01660,1.00878,0.15527,28.62
$IMU,26868.282,-0.366,-0.244,-0.122,0.01806,1.00488,0.15185,28.62
$IMU,26868.285,-0.366,0.061,-0.122,0.02050,1.00878,0.15234,28.62
$IMU,26868.287,-0.305,0.000,-0.183,0.01855,1.00439,0.14990,28.66
$IMU,26868.289,-0.366,0.000,-0.183,0.01855,1.00488,0.14990,28.66
$MAG,26868.290,-0.144,-0.522,-0.528,27.5
$IMU,26868.292,-0.244,0.000,-0.183,0.02001,1.00097,0.15039,28.66
$IMU,26868.294,-0.122,-0.122,-0.244,0.01806,1.00146,0.15283,28.66
$IMU,26868.296,-0.244,-0.061,-0.244,0.02001,1.00537,0.15429,28.66
$IMU,26868.299,-0.183,0.000,-0.183,0.01757,1.00439,0.15136,28.66
$MAG,26868.300,-0.145,-0.522,-0.526,27.6
$IMU,26868.301,-0.183,0.000,-0.183,0.01806,1.00292,0.15185,28.66
$IMU,26868.303,-0.061,-0.122,-0.183,0.01904,1.00439,0.15185,28.66
$IMU,26868.306,0.000,-0.183,-0.061,0.02148,1.00097,0.15185,28.69
$IMU,26868.308,-0.061,-0.061,-0.122,0.02099,1.00390,0.15332,28.69
$IMU,26868.310,-0.061,-0.122,-0.183,0.01660,1.00341,0.15185,28.69
$MAG,26868.311,-0.142,-0.526,-0.535,27.6
$IMU,26868.313,-0.122,0.000,-0.244,0.01757,1.00292,0.15087,28.69
$IMU,26868.315,-0.244,0.061,-0.183,0.01757,1.00195,0.15283,28.69
$IMU,26868.317,-0.183,-0.122,-0.305,0.01660,1.00146,0.15332,28.69
$IMU,26868.320,-0.244,-0.183,-0.183,0.01562,1.00048,0.15380,28.69
$MAG,26868.321,-0.139,-0.520,-0.535,27.6
$IMU,26868.322,-0.183,-0.122,-0.061,0.01757,1.00146,0.15332,28.69
$IMU,26868.324,-0.366,0.000,-0.122,0.01757,1.00341,0.15039,28.66
$IMU,26868.327,-0.427,-0.061,-0.061,0.01806,1.00292,0.15136,28.66
$IMU,26868.329,-0.244,-0.122,-0.244,0.01904,1.00292,0.14892,28.66
$MAG,26868.331,-0.139,-0.517,-0.532,27.3
$IMU,26868.332,-0.305,-0.183,-0.183,0.02001,0.99951,0.15234,28.66
$IMU,26868.334,-0.366,-0.122,-0.122,0.02099,0.99902,0.15576,28.66
$IMU,26868.336,-0.366,-0.061,-0.122,0.01806,1.00292,0.15185,28.66
$IMU,26868.339,-0.427,-0.061,-0.122,0.01660,1.00292,0.15283,28.66
$MAG,26868.341,-0.141,-0.517,-0.529,27.6
$IMU,26868.341,-0.427,-0.061,-0.183,0.01806,1.00341,0.15087,28.66
$IMU,26868.343,-0.366,-0.122,-0.244,0.01904,1.00781,0.15039,28.64
$IMU,26868.346,-0.305,-0.122,-0.122,0.02050,1.00195,0.15087,28.64
$IMU,26868.348,-0.366,-0.122,-0.183,0.01904,1.00292,0.15136,28.64
$IMU,26868.350,-0.366,0.000,-0.122,0.01904,1.00488,0.15429,28.64
$MAG,26868.351,-0.156,-0.519,-0.531,27.6
$IMU,26868.353,-0.366,0.122,-0.061,0.01562,1.00683,0.15283,28.64
$BARO,26868.354,86869.42,28.56
$IMU,26868.355,-0.305,-0.061,-0.122,0.01416,1.00439,0.14990,28.64
$IMU,26868.357,-0.122,-0.122,-0.122,0.01806,1.00292,0.15332,28.64
$IMU,26868.360,-0.244,-0.061,-0.183,0.01757,1.00000,0.15332,28.64
$MAG,26868.361,-0.147,-0.520,-0.525,27.5
$IMU,26868.362,-0.244,0.000,-0.183,0.01611,1.00000,0.15332,28.67
$IMU,26868.364,-0.244,-0.122,-0.183,0.01660,1.00341,0.15234,28.67
$IMU,26868.367,-0.122,-0.061,-0.122,0.01611,1.00439,0.15332,28.67
$IMU,26868.369,-0.122,-0.122,-0.061,0.01855,1.00244,0.15332,28.67
$MAG,26868.371,-0.148,-0.519,-0.519,27.7
$IMU,26868.371,-0.061,-0.244,-0.122,0.01757,1.00048,0.15136,28.67
$IMU,26868.374,-0.122,-0.061,-0.122,0.01757,0.99951,0.15185,28.67
$IMU,26868.376,-0.122,-0.061,-0.244,0.01904,1.00585,0.15478,28.67
$IMU,26868.378,-0.183,-0.061,-0.183,0.01660,1.00341,0.15234,28.67
$MAG,26868.381,-0.147,-0.519,-0.522,27.6
$IMU,26868.381,-0.183,-0.061,-0.183,0.01757,1.00439,0.15087,28.62
$IMU,26868.383,-0.122,-0.061,-0.183,0.02099,1.00146,0.15136,28.62
$IMU,26868.385,-0.183,-0.061,-0.244,0.01708,1.00244,0.14990,28.62
$IMU,26868.388,-0.183,-0.183,-0.122,0.01708,1.00390,0.15234,28.62
$IMU,26868.390,-0.183,0.061,-0.122,0.01611,1.00341,0.15039,28.62
$MAG,26868.391,-0.148,-0.526,-0.532,27.6
$IMU,26868.393,-0.244,0.000,-0.183,0.02197,1.00537,0.15136,28.62
$IMU,26868.395,-0.183,-0.183,-0.183,0.02246,1.00292,0.14990,28.62
$IMU,26868.397,-0.366,0.000,-0.183,0.01904,1.00292,0.15039,28.62
$IMU,26868.400,-0.427,-0.061,-0.122,0.01708,1.00341,0.15136,28.66
$MAG,26868.401,-0.141,-0.520,-0.523,27.6
$IMU,26868.402,-0.427,0.000,-0.122,0.01562,1.00244,0.15185,28.66
$IMU,26868.404,-0.305,-0.061,-0.183,0.01904,1.00341,0.15283,28.66
$IMU,26868.407,-0.305,-0.122,-0.122,0.01708,1.00537,0.14941,28.66
$IMU,26868.409,-0.366,-0.122,-0.183,0.01806,1.00341,0.15234,28.66
$MAG,26868.411,-0.150,-0.523,-0.525,27.5
$IMU,26868.411,-0.427,-0.122,-0.122,0.01708,1.00341,0.15283,28.66
$IMU,26868.414,-0.427,0.061,-0.183,0.02050,1.00390,0.15039,28.66
$IMU,26868.416,-0.488,0.122,-0.122,0.01953,1.00097,0.15283,28.66
$IMU,26868.418,-0.427,-0.061,-0.183,0.01806,1.00146,0.15087,28.65
$IMU,26868.421,-0.366,-0.122,-0.122,0.01806,1.00537,0.15332,28.65
$MAG,26868.422,-0.142,-0.526,-0.528,27.6
$IMU,26868.423,-0.305,-0.061,-0.122,0.01953,1.00244,0.15283,28.65
$IMU,26868.425,-0.244,-0.122,-0.183,0.02294,1.00195,0.15087,28.65
$IMU,26868.428,-0.244,-0.122,-0.244,0.02001,1.00292,0.15478,28.65
$IMU,26868.430,-0.183,-0.061,-0.183,0.01806,1.00439,0.15380,28.65
$MAG,26868.432,-0.148,-0.519,-0.531,27.6
$IMU,26868.432,-0.183,-0.183,-0.244,0.01806,1.00537,0.15087,28.65
$IMU,26868.435,-0.244,-0.244,-0.183,0.01708,1.00488,0.15332,28.65
$IMU,26868.437,-0.183,-0.061,-0.122,0.01806,1.00195,0.15136,28.65
$IMU,26868.439,-0.244,0.000,-0.122,0.01708,0.99853,0.15087,28.65
$MAG,26868.442,-0.144,-0.516,-0.526,27.6
$IMU,26868.442,-0.183,0.000,-0.183,0.02001,1.00244,0.15039,28.65
$IMU,26868.444,-0.122,-0.061,-0.183,0.01904,1.00390,0.15136,28.65
$IMU,26868.446,-0.122,-0.122,-0.183,0.01757,1.00195,0.15283,28.65
$IMU,26868.449,-0.122,-0.122,-0.183,0.01806,1.00195,0.15380,28.65
$IMU,26868.451,-0.244,0.183,-0.122,0.01855,1.00341,0.15380,28.65
$MAG,26868.452,-0.142,-0.519,-0.528,27.5
$IMU,26868.453,-0.122,-0.122,-0.122,0.01708,1.00292,0.15283,28.65
$BARO,26868.456,86869.20,28.56
$IMU,26868.456,-0.183,-0.122,-0.122,0.02148,1.00292,0.15332,28.62
$IMU,26868.458,-0.244,0.061,-0.061,0.02099,1.00390,0.15283,28.62
$IMU,26868.461,-0.244,0.061,-0.122,0.01708,1.00341,0.15234,28.62
$MAG,26868.462,-0.150,-0.525,-0.528,27.6
$IMU,26868.463,-0.122,-0.122,-0.244,0.01953,1.00048,0.15283,28.62
$IMU,26868.465,-0.244,-0.061,-0.244,0.01855,1.00292,0.15185,28.62
$IMU,26868.468,-0.244,-0.061,-0.183,0.01806,1.00195,0.14990,28.62
$IMU,26868.470,-0.305,-0.061,-0.183,0.01904,1.00146,0.14746,28.62
$MAG,26868.472,-0.136,-0.531,-0.534,27.7
$IMU,26868.472,-0.244,-0.122,-0.183,0.01708,1.00292,0.14746,28.62
$IMU,26868.475,-0.305,-0.122,-0.061,0.01953,1.00341,0.14794,28.66
$IMU,26868.477,-0.366,-0.122,-0.061,0.01757,1.00488,0.15185,28.66
$IMU,26868.479,-0.366,-0.061,-0.183,0.01904,1.00244,0.15185,28.66
$MAG,26868.482,-0.147,-0.525,-0.529,27.6
$IMU,26868.482,-0.305,-0.122,-0.244,0.01806,1.00244,0.15136,28.66
$IMU,26868.484,-0.366,-0.183,-0.183,0.01953,1.00341,0.15332,28.66
$IMU,26868.486,-0.366,-0.061,-0.122,0.02050,1.00585,0.14892,28.66
$IMU,26868.489,-0.427,0.061,-0.061,0.01904,1.00585,0.15234,28.66
$IMU,26868.491,-0.366,0.061,-0.122,0.01562,1.00244,0.15332,28.66
$MAG,26868.492,-0.144,-0.514,-0.523,27.6
$IMU,26868.493,-0.366,0.061,-0.183,0.01904,1.00537,0.15039,28.63
$IMU,26868.496,-0.244,-0.061,-0.183,0.02050,1.00634,0.15136,28.63
$IMU,26868.498,-0.244,-0.061,-0.183,0.01757,1.00292,0.14990,28.63
$IMU,26868.500,-0.244,-0.122,-0.305,0.01660,1.00439,0.15234,28.63
$MAG,26868.502,-0.144,-0.520,-0.535,27.6
$IMU,26868.503,-0.366,-0.061,-0.122,0.01562,1.00683,0.15087,28.63
$IMU,26868.505,-0.305,-0.061,-0.122,0.01611,1.00439,0.15234,28.63
$IMU,26868.507,-0.244,-0.061,-0.122,0.01757,1.00244,0.15039,28.63
$IMU,26868.510,-0.183,-0.122,-0.122,0.01953,1.00439,0.14990,28.63
$MAG,26868.512,-0.154,-0.517,-0.535,27.5
$IMU,26868.512,-0.061,-0.244,-0.122,0.01757,1.00097,0.15234,28.64
$IMU,26868.514,-0.122,-0.122,-0.183,0.01611,1.00390,0.15283,28.64
$IMU,26868.517,-0.183,-0.061,-0.183,0.01708,1.00634,0.15234,28.64
$IMU,26868.519,-0.183,-0.061,-0.183,0.01660,1.00292,0.15039,28.64
$IMU,26868.522,-0.183,-0.122,-0.183,0.02099,1.00244,0.15283,28.64
$MAG,26868.522,-0.151,-0.523,-0.534,27.6
$IMU,26868.524,-0.244,-0.061,-0.122,0.01855,1.00146,0.14941,28.64
$IMU,26868.526,-0.183,-0.183,-0.122,0.01953,1.00488,0.15039,28.64
$IMU,26868.529,-0.183,-0.122,-0.122,0.01708,1.00097,0.14746,28.64
$IMU,26868.531,-0.122,0.000,-0.183,0.01904,1.00292,0.15039,28.65
$MAG,26868.533,-0.148,-0.519,-0.534,27.3
$IMU,26868.533,-0.183,0.000,-0.183,0.01757,1.00634,0.15234,28.65
$IMU,26868.536,-0.122,-0.122,-0.183,0.01806,1.00048,0.15039,28.65
$IMU,26868.538,-0.183,-0.122,-0.122,0.01855,1.00244,0.15039,28.65
$IMU,26868.540,-0.305,-0.122,-0.122,0.01855,1.00439,0.15087,28.65
$MAG,26868.543,-0.147,-0.525,-0.529,27.6
$IMU,26868.543,-0.305,-0.061,-0.061,0.01660,1.00585,0.15234,28.65
$IMU,26868.545,-0.244,-0.061,-0.122,0.02099,1.00439,0.15136,28.65
$IMU,26868.547,-0.244,-0.122,-0.122,0.01855,1.00048,0.15136,28.65
$IMU,26868.550,-0.244,-0.122,-0.122,0.01904,1.00000,0.15234,28.66
$IMU,26868.552,-0.305,-0.061,-0.183,0.01611,1.00390,0.15234,28.66
$MAG,26868.553,-0.141,-0.517,-0.522,27.7
$IMU,26868.554,-0.305,-0.122,-0.183,0.01708,1.00097,0.15087,28.66
$BARO,26868.557,86863.96,28.56
$IMU,26868.557,-0.366,0.000,-0.183,0.02001,1.00341,0.15283,28.66
$IMU,26868.559,-0.366,-0.122,-0.183,0.02099,1.00488,0.15234,28.66
$IMU,26868.561,-0.244,-0.244,-0.122,0.01855,1.00390,0.15185,28.66
$MAG,26868.563,-0.138,-0.517,-0.525,27.6
$IMU,26868.564,-0.244,-0.183,-0.122,0.01562,1.00341,0.15039,28.66
$IMU,26868.566,-0.305,-0.061,-0.183,0.01904,1.00195,0.15185,28.66
$IMU,26868.568,-0.305,-0.061,-0.183,0.02001,1.00195,0.15185,28.67
$IMU,26868.571,-0.305,-0.061,-0.183,0.02001,1.00292,0.15283,28.67
$MAG,26868.573,-0.150,-0.525,-0.528,27.6
$IMU,26868.573,-0.305,-0.122,-0.122,0.01904,1.00439,0.15234,28.67
$IMU,26868.575,-0.305,-0.061,-0.061,0.01611,1.00439,0.15576,28.67
$IMU,26868.578,-0.244,-0.122,-0.183,0.02001,1.00488,0.15283,28.67
$IMU,26868.580,-0.305,-0.061,-0.183,0.01660,1.00585,0.15234,28.67
$MAG,26868.583,-0.141,-0.526,-0.537,27.6
$IMU,26868.583,-0.244,0.000,-0.183,0.01855,1.00390,0.15234,28.67
$IMU,26868.585,-0.183,-0.061,-0.244,0.01904,1.00683,0.15283,28.67
$IMU,26868.587,-0.244,-0.061,-0.244,0.01904,1.00488,0.15136,28.67
$IMU,26868.590,-0.244,-0.183,-0.183,0.02099,1.00195,0.15039,28.67
$IMU,26868.592,-0.244,-0.122,-0.122,0.01855,1.00439,0.15185,28.67
$MAG,26868.593,-0.150,-0.519,-0.531,27.6
$IMU,26868.594,-0.122,-0.122,-0.061,0.01953,1.00732,0.15332,28.67
$IMU,26868.597,-0.183,-0.183,-0.122,0.01855,1.00390,0.15185,28.67
$IMU,26868.599,-0.183,-0.061,-0.183,0.01513,1.00292,0.15283,28.67
$IMU,26868.601,-0.061,-0.183,-0.183,0.01855,1.00292,0.15283,28.67
$MAG,26868.603,-0.142,-0.514,-0.532,27.7
$IMU,26868.604,-0.122,-0.122,-0.183,0.01708,1.00048,0.15039,28.67
$IMU,26868.606,-0.183,0.061,-0.183,0.01806,1.00195,0.15234,28.66
$IMU,26868.608,-0.183,0.061,-0.061,0.01562,1.00341,0.14892,28.66
$IMU,26868.611,-0.183,-0.061,-0.183,0.01513,1.00244,0.14941,28.66
$HUM,26868.612,34.5,29.0
$MAG,26868.613,-0.141,-0.520,-0.523,27.6
$IMU,26868.613,-0.244,-0.061,-0.122,0.01708,1.00244,0.14794,28.66
$IMU,26868.615,-0.305,0.000,-0.183,0.01708,1.00244,0.15136,28.66
$IMU,26868.618,-0.244,-0.061,-0.183,0.01757,1.00146,0.15185,28.66
$IMU,26868.620,-0.305,-0.061,-0.183,0.01806,1.00244,0.15185,28.66
$IMU,26868.622,-0.305,0.000,-0.122,0.01953,1.00195,0.15039,28.66
$MAG,26868.623,-0.142,-0.517,-0.520,27.6
$IMU,26868.625,-0.244,-0.183,-0.122,0.01611,0.99902,0.15332,28.67
$IMU,26868.627,-0.305,-0.244,-0.183,0.01757,1.00390,0.15234,28.67
$IMU,26868.629,-0.305,-0.183,-0.122,0.01513,1.00097,0.15185,28.67
$IMU,26868.632,-0.427,0.000,-0.122,0.01904,1.00439,0.15478,28.67
$MAG,26868.633,-0.142,-0.520,-0.525,27.6
$IMU,26868.634,-0.305,-0.122,-0.122,0.01513,1.00195,0.15234,28.67
$IMU,26868.636,-0.305,-0.122,-0.183,0.01757,1.00390,0.15234,28.67
$IMU,26868.639,-0.305,0.000,-0.183,0.01611,1.00585,0.15332,28.67
$IMU,26868.641,-0.305,-0.122,-0.183,0.01806,1.00341,0.15234,28.67
$MAG,26868.644,-0.147,-0.523,-0.535,27.6
$IMU,26868.644,-0.305,-0.122,-0.183,0.01855,1.00341,0.15478,28.62
$IMU,26868.646,-0.305,-0.061,-0.183,0.01757,1.00244,0.15039,28.62
$IMU,26868.648,-0.305,-0.061,-0.183,0.02050,1.00292,0.15283,28.62
$IMU,26868.651,-0.183,-0.061,-0.183,0.01562,1.00048,0.14990,28.62
$IMU,26868.653,-0.122,-0.122,-0.244,0.01513,1.00195,0.15332,28.62
$MAG,26868.654,-0.136,-0.516,-0.526,27.7
$IMU,26868.655,-0.061,-0.183,-0.183,0.01953,1.00244,0.14941,28.62
$BARO,26868.658,86870.37,28.57
$IMU,26868.658,-0.122,-0.183,-0.183,0.01953,1.00390,0.15234,28.62
$IMU,26868.660,-0.122,0.000,-0.183,0.01953,1.00732,0.15087,28.62
$IMU,26868.662,-0.183,-0.061,-0.183,0.01562,1.00439,0.15185,28.64
$MAG,26868.664,-0.150,-0.520,-0.526,27.6
$IMU,26868.665,-0.244,-0.061,-0.183,0.01806,1.00292,0.15136,28.64
$IMU,26868.667,-0.183,-0.122,-0.244,0.01953,1.00048,0.15087,28.64
$IMU,26868.669,-0.244,-0.122,-0.305,0.01904,1.00341,0.15136,28.64
$IMU,26868.672,-0.244,-0.061,-0.183,0.02148,1.00292,0.15234,28.64
$MAG,26868.674,-0.139,-0.525,-0.535,27.6
$IMU,26868.674,-0.244,-0.061,-0.122,0.02099,1.00292,0.15087,28.64
$IMU,26868.676,-0.183,-0.183,-0.122,0.02050,1.00439,0.15087,28.64
$IMU,26868.679,-0.305,-0.061,-0.183,0.02050,1.00390,0.15039,28.64
$IMU,26868.681,-0.244,-0.122,-0.061,0.01904,1.00683,0.15087,28.67
$IMU,26868.683,-0.305,0.000,-0.183,0.01855,1.00341,0.15234,28.67
$MAG,26868.684,-0.145,-0.526,-0.529,27.6
$IMU,26868.686,-0.305,-0.122,-0.183,0.01904,1.00244,0.15283,28.67
$IMU,26868.688,-0.305,-0.061,-0.244,0.01806,1.00195,0.15380,28.67
$IMU,26868.690,-0.305,-0.061,-0.061,0.01611,1.00097,0.15283,28.67
$IMU,26868.693,-0.305,-0.183,-0.183,0.01904,1.00195,0.14990,28.67
$MAG,26868.694,-0.150,-0.526,-0.531,27.7
$IMU,26868.695,-0.427,0.000,-0.183,0.02197,1.00537,0.14892,28.67
$IMU,26868.697,-0.305,0.000,-0.061,0.01953,1.00244,0.15429,28.67
$IMU,26868.700,-0.305,-0.061,-0.122,0.01708,1.00292,0.15478,28.64
$IMU,26868.702,-0.305,-0.244,-0.183,0.01953,1.00537,0.15380,28.64
$MAG,26868.704,-0.145,-0.520,-0.531,27.7
$IMU,26868.705,-0.244,-0.244,-0.122,0.02050,1.00634,0.15185,28.64
$IMU,26868.707,-0.244,-0.122,-0.122,0.01904,1.00634,0.15087,28.64
$IMU,26868.709,-0.244,-0.061,-0.183,0.01757,1.00146,0.15136,28.64
$IMU,26868.712,-0.183,-0.061,-0.183,0.01757,1.00537,0.15234,28.64
$MAG,26868.714,-0.145,-0.522,-0.534,27.6
$IMU,26868.714,-0.183,-0.122,-0.183,0.01806,1.00390,0.15380,28.64
$IMU,26868.716,-0.183,-0.122,-0.244,0.01757,1.00585,0.15576,28.64
$IMU,26868.719,-0.183,0.000,-0.183,0.01855,1.00488,0.15478,28.67
$IMU,26868.721,-0.244,0.000,-0.122,0.01611,1.00146,0.15527,28.67
$IMU,26868.723,-0.244,0.061,-0.183,0.01855,1.00585,0.14990,28.67
$MAG,26868.724,-0.142,-0.519,-0.531,27.5
$IMU,26868.726,-0.122,-0.061,-0.183,0.01806,1.00341,0.15185,28.67
$IMU,26868.728,-0.122,-0.122,-0.122,0.01660,1.00292,0.15283,28.67
$IMU,26868.730,-0.122,0.000,-0.122,0.02001,1.00488,0.15283,28.67
$IMU,26868.733,-0.122,0.000,-0.122,0.01904,1.00634,0.15234,28.67
$MAG,26868.734,-0.144,-0.520,-0.528,27.6
$IMU,26868.735,-0.183,-0.061,-0.122,0.01611,1.00244,0.15380,28.67
$IMU,26868.737,-0.122,-0.183,-0.183,0.01904,1.00390,0.15332,28.67
$IMU,26868.740,-0.183,-0.122,-0.183,0.01953,1.00488,0.15332,28.67
$IMU,26868.742,-0.122,-0.305,-0.122,0.01953,1.00537,0.15039,28.67
$MAG,26868.744,-0.139,-0.519,-0.534,27.6
$IMU,26868.744,-0.183,-0.305,-0.061,0.02197,1.00195,0.14990,28.67
$IMU,26868.747,-0.244,-0.061,-0.183,0.01904,1.00244,0.15185,28.67
$IMU,26868.749,-0.244,-0.061,-0.061,0.01953,1.00000,0.15185,28.67
$IMU,26868.751,-0.244,-0.122,-0.122,0.01660,1.00488,0.15136,28.67
$IMU,26868.754,-0.305,-0.183,-0.244,0.01855,1.00244,0.15234,28.67
$MAG,26868.755,-0.145,-0.517,-0.523,27.6
$IMU,26868.756,-0.366,-0.061,-0.183,0.01953,1.00390,0.14892,28.67
$IMU,26868.758,-0.366,0.000,-0.183,0.01611,1.00341,0.15039,28.67
$BARO,26868.760,86862.31,28.57
$IMU,26868.761,-0.488,0.000,-0.122,0.01513,1.00146,0.15185,28.67
$IMU,26868.763,-0.366,0.000,-0.122,0.01806,1.00195,0.15087,28.67
$MAG,26868.765,-0.156,-0.520,-0.528,27.6
$IMU,26868.766,-0.305,0.000,-0.183,0.01855,1.00244,0.15039,28.67
$IMU,26868.768,-0.366,0.000,-0.183,0.01855,1.00097,0.15234,28.67
$IMU,26868.770,-0.366,-0.061,-0.183,0.02099,1.00781,0.15136,28.67
$IMU,26868.773,-0.488,0.061,-0.244,0.01953,1.00488,0.15039,28.67
$MAG,26868.775,-0.150,-0.520,-0.535,27.6
$IMU,26868.775,-0.366,-0.061,-0.244,0.01757,1.00537,0.14990,28.66
$IMU,26868.777,-0.366,-0.122,-0.122,0.01708,1.00146,0.15234,28.66
$IMU,26868.780,-0.244,-0.122,-0.122,0.01953,1.00244,0.15185,28.66
$IMU,26868.782,-0.183,-0.244,-0.122,0.01904,1.00244,0.15087,28.66
$IMU,26868.784,-0.244,-0.122,-0.061,0.01953,1.00292,0.15234,28.66
$MAG,26868.785,-0.150,-0.528,-0.525,27.6
$IMU,26868.787,-0.244,0.000,-0.183,0.01806,1.00585,0.15283,28.66
$IMU,26868.789,-0.305,0.122,-0.244,0.01562,1.00537,0.15283,28.66
$IMU,26868.791,-0.183,-0.122,-0.183,0.01708,1.00439,0.15283,28.66
$IMU,26868.794,-0.183,-0.122,-0.122,0.01806,1.00537,0.15234,28.65
$MAG,26868.795,-0.142,-0.526,-0.531,27.6
$IMU,26868.796,-0.244,-0.061,-0.183,0.01660,1.00537,0.15185,28.65
$IMU,26868.798,-0.183,0.000,-0.122,0.01757,1.00000,0.15429,28.65
$IMU,26868.801,-0.183,-0.122,-0.122,0.01953,1.00292,0.15039,28.65
$IMU,26868.803,-0.122,-0.122,-0.183,0.01757,1.00146,0.15429,28.65
$MAG,26868.805,-0.144,-0.516,-0.532,27.6
$IMU,26868.805,-0.244,-0.244,-0.183,0.01660,1.00000,0.15087,28.65
$IMU,26868.808,-0.244,-0.183,-0.122,0.01953,1.00341,0.15234,28.65
$IMU,26868.810,-0.183,-0.122,-0.122,0.01904,1.00439,0.15136,28.65
$IMU,26868.812,-0.366,0.000,-0.061,0.01708,1.00146,0.15283,28.66
$MAG,26868.815,-0.144,-0.526,-0.522,27.6
$IMU,26868.815,-0.244,-0.122,-0.061,0.02246,1.00292,0.15087,28.66
$IMU,26868.817,-0.183,-0.122,-0.183,0.01953,1.00097,0.15234,28.66
$IMU,26868.819,-0.183,-0.122,-0.183,0.01904,1.00585,0.15380,28.66
$IMU,26868.822,-0.183,-0.061,-0.183,0.02050,1.00439,0.15136,28.66
$IMU,26868.824,-0.305,-0.061,-0.122,0.01708,1.00390,0.15332,28.66
$MAG,26868.825,-0.148,-0.523,-0.531,27.6
$IMU,26868.827,-0.305,0.000,-0.061,0.01855,1.00390,0.15234,28.66
$IMU,26868.829,-0.183,-0.122,-0.122,0.02001,1.00146,0.15185,28.66
$IMU,26868.831,-0.183,-0.183,-0.122,0.01953,1.00439,0.14990,28.67
$IMU,26868.834,-0.305,0.061,-0.183,0.01855,1.00244,0.15527,28.67
$MAG,26868.835,-0.144,-0.517,-0.532,27.6
$IMU,26868.836,-0.305,-0.061,-0.122,0.01757,1.00244,0.15087,28.67
$IMU,26868.838,-0.183,-0.122,-0.122,0.01904,1.00634,0.15087,28.67
$IMU,26868.841,-0.244,-0.061,-0.122,0.02001,1.00341,0.15087,28.67
$IMU,26868.843,-0.305,0.000,-0.183,0.02050,1.00292,0.15185,28.67
$MAG,26868.845,-0.147,-0.525,-0.528,27.6
$IMU,26868.845,-0.305,-0.122,-0.122,0.01660,1.00244,0.15185,28.67
$IMU,26868.848,-0.305,-0.122,-0.122,0.01953,1.00390,0.15136,28.67
$IMU,26868.850,-0.305,0.000,-0.183,0.02001,1.00244,0.15380,28.66
$IMU,26868.852,-0.305,-0.122,-0.183,0.01855,1.00244,0.15185,28.66
$MAG,26868.855,-0.141,-0.520,-0.534,27.6
$IMU,26868.855,-0.244,-0.061,-0.183,0.01904,1.00341,0.14990,28.66
$IMU,26868.857,-0.244,-0.122,-0.183,0.01855,1.00341,0.15283,28.66
$IMU,26868.859,-0.244,-0.183,-0.183,0.01513,1.00537,0.15087,28.66
$BARO,26868.861,86873.32,28.57
$IMU,26868.862,-0.366,0.000,-0.122,0.01464,1.00341,0.15185,28.66
$IMU,26868.864,-0.366,0.000,-0.061,0.02001,1.00097,0.14892,28.66
$MAG,26868.866,-0.142,-0.519,-0.529,27.7
$IMU,26868.866,-0.244,-0.183,-0.183,0.01708,1.00488,0.15234,28.66
$IMU,26868.869,-0.244,0.000,-0.183,0.01953,1.00341,0.15185,28.66
$IMU,26868.871,-0.244,-0.061,-0.244,0.01757,1.00195,0.15185,28.66
$IMU,26868.873,-0.244,-0.061,-0.183,0.01953,1.00390,0.15283,28.66
$MAG,26868.876,-0.138,-0.525,-0.531,27.6
$IMU,26868.876,-0.183,0.061,-0.183,0.01904,0.99902,0.15185,28.66
$IMU,26868.878,-0.305,-0.061,-0.122,0.02050,1.00292,0.15234,28.66
$IMU,26868.880,-0.183,-0.183,-0.122,0.01708,1.00097,0.14990,28.66
$IMU,26868.883,-0.183,-0.244,-0.061,0.01660,1.00244,0.14941,28.66
$IMU,26868.885,-0.244,-0.061,-0.122,0.01660,1.00439,0.15283,28.66
$MAG,26868.886,-0.142,-0.514,-0.522,27.5
$IMU,26868.887,-0.183,-0.061,-0.183,0.01513,1.00097,0.15380,28.68
$IMU,26868.890,-0.244,0.061,-0.244,0.01416,1.00488,0.15332,28.68
$IMU,26868.892,-0.061,-0.183,-0.244,0.01806,1.00244,0.14990,28.68
$IMU,26868.895,-0.183,-0.244,-0.183,0.01855,1.00292,0.15283,28.68
$MAG,26868.896,-0.145,-0.522,-0.532,27.5
$IMU,26868.897,-0.305,-0.122,-0.183,0.01904,1.00341,0.15087,28.68
$IMU,26868.899,-0.244,-0.122,-0.122,0.01904,1.00097,0.15185,28.68
$IMU,26868.902,-0.366,0.000,-0.183,0.02050,1.00146,0.15185,28.68
$IMU,26868.904,-0.305,-0.122,-0.183,0.01708,1.00244,0.15332,28.68
$MAG,26868.906,-0.141,-0.523,-0.529,27.6
$IMU,26868.906,-0.305,-0.122,-0.183,0.01708,1.00439,0.15234,28.70
$IMU,26868.909,-0.244,-0.061,-0.183,0.01953,1.00634,0.14892,28.70
$IMU,26868.911,-0.305,-0.061,-0.183,0.01660,1.00585,0.15136,28.70
$IMU,26868.913,-0.427,0.061,-0.061,0.01757,1.00341,0.15136,28.70
$MAG,26868.916,-0.145,-0.519,-0.529,27.6
$IMU,26868.916,-0.427,0.000,-0.122,0.01708,1.00585,0.15185,28.70
$IMU,26868.918,-0.427,0.000,-0.183,0.01611,1.00830,0.15234,28.70
$IMU,26868.920,-0.305,-0.122,-0.183,0.01855,1.00537,0.15234,28.70
$IMU,26868.923,-0.366,-0.061,-0.183,0.01904,1.00488,0.15185,28.70
$IMU,26868.925,-0.366,0.061,-0.183,0.02050,1.00292,0.15087,28.69
$MAG,26868.926,-0.147,-0.523,-0.534,27.6
$IMU,26868.927,-0.366,0.122,-0.122,0.01855,1.00048,0.15234,28.69
$IMU,26868.930,-0.244,-0.122,-0.122,0.01855,1.00195,0.15234,28.69
$IMU,26868.932,-0.244,-0.244,-0.183,0.02050,1.00488,0.15380,28.69
$IMU,26868.934,-0.244,-0.122,-0.183,0.02099,1.00292,0.15332,28.69
$MAG,26868.936,-0.142,-0.522,-0.537,27.6
$IMU,26868.937,-0.244,-0.061,-0.183,0.01708,1.00244,0.15234,28.69
$IMU,26868.939,-0.305,-0.061,-0.183,0.02001,1.00195,0.15185,28.69
$IMU,26868.941,-0.305,0.000,-0.244,0.01660,1.00146,0.15429,28.69
$IMU,26868.944,-0.183,-0.061,-0.183,0.01757,1.00292,0.14990,28.69
$MAG,26868.946,-0.151,-0.510,-0.526,27.6
$IMU,26868.946,-0.183,-0.122,-0.122,0.01806,1.00634,0.15185,28.69
$IMU,26868.948,-0.183,-0.061,-0.061,0.01806,1.00292,0.14990,28.69
$IMU,26868.951,-0.183,0.061,-0.061,0.01611,1.00292,0.15283,28.69
$IMU,26868.953,-0.183,-0.122,-0.183,0.01806,1.00488,0.15332,28.69
$MAG,26868.956,-0.148,-0.525,-0.529,27.5
$IMU,26868.956,-0.061,-0.244,-0.183,0.01953,1.00439,0.15185,28.69
$IMU,26868.958,-0.061,-0.183,-0.183,0.01806,1.00390,0.14941,28.69
$IMU,26868.960,-0.122,-0.183,-0.183,0.01904,1.00000,0.15185,28.69
$BARO,26868.963,86870.52,28.57
$IMU,26868.963,-0.183,0.000,-0.183,0.02001,1.00097,0.15136,28.64
$IMU,26868.965,-0.183,0.061,-0.061,0.01660,1.00390,0.15185,28.64
$MAG,26868.966,-0.139,-0.520,-0.531,27.6
$IMU,26868.967,-0.183,0.061,-0.122,0.01757,1.00439,0.15283,28.64
$IMU,26868.970,-0.244,-0.122,-0.122,0.01757,1.00292,0.15234,28.64
$IMU,26868.972,-0.305,0.061,-0.183,0.01757,1.00244,0.14990,28.64
$IMU,26868.974,-0.305,-0.061,-0.122,0.01806,1.00292,0.15136,28.64
$MAG,26868.977,-0.147,-0.520,-0.534,27.5
$IMU,26868.977,-0.305,-0.122,-0.183,0.01855,1.00732,0.15136,28.64
$IMU,26868.979,-0.244,0.061,-0.183,0.01562,1.00341,0.15234,28.64
$IMU,26868.981,-0.305,0.122,-0.122,0.02001,1.00195,0.15185,28.62
$IMU,26868.984,-0.305,-0.122,-0.122,0.02148,1.00537,0.15283,28.62
$IMU,26868.986,-0.305,-0.122,-0.122,0.01953,1.00048,0.15283,28.62
$MAG,26868.987,-0.141,-0.519,-0.523,27.6
$IMU,26868.988,-0.244,-0.122,-0.122,0.01855,0.99853,0.15039,28.62
$IMU,26868.991,-0.366,-0.061,-0.244,0.01757,1.00439,0.15332,28.62
$IMU,26868.993,-0.488,0.122,-0.183,0.01904,1.00488,0.14990,28.62
$IMU,26868.995,-0.305,-0.183,-0.122,0.01855,1.00341,0.15283,28.62
$MAG,26868.997,-0.147,-0.526,-0.532,27.6
$IMU,26868.998,-0.305,-0.122,-0.122,0.01806,1.00195,0.14990,28.62
$IMU,26869.000,-0.305,-0.122,-0.122,0.02099,1.00439,0.15380,28.64
$IMU,26869.002,-0.305,0.000,-0.122,0.02050,1.00537,0.15136,28.64
$IMU,26869.005,-0.244,-0.122,-0.244,0.01708,1.00732,0.15039,28.64
$MAG,26869.007,-0.148,-0.523,-0.528,27.6
$IMU,26869.007,-0.305,-0.183,-0.244,0.01953,1.00244,0.14990,28.64
$IMU,26869.009,-0.305,-0.183,-0.183,0.02001,1.00341,0.15136,28.64
$IMU,26869.012,-0.427,0.000,-0.183,0.01953,1.00341,0.15576,28.64
$IMU,26869.014,-0.366,-0.183,-0.183,0.01757,1.00000,0.15380,28.64
$MAG,26869.017,-0.144,-0.528,-0.529,27.6
$IMU,26869.017,-0.244,-0.061,-0.122,0.01708,1.00195,0.15039,28.64
$IMU,26869.019,-0.183,-0.122,-0.061,0.01855,1.00390,0.15136,28.70
$IMU,26869.021,-0.183,-0.183,-0.183,0.01855,1.00390,0.15332,28.70
$IMU,26869.024,-0.183,-0.183,-0.183,0.01953,1.00097,0.15234,28.70
$IMU,26869.026,-0.183,-0.061,-0.244,0.01855,1.00097,0.15283,28.70
$MAG,26869.027,-0.141,-0.522,-0.534,27.6
$IMU,26869.028,-0.183,-0.183,-0.183,0.01611,1.00000,0.15087,28.70
$IMU,26869.031,-0.305,-0.061,-0.183,0.01611,1.00390,0.14941,28.70
$IMU,26869.033,-0.244,-0.061,-0.122,0.01953,1.00390,0.14941,28.70
$IMU,26869.035,-0.183,-0.183,-0.122,0.01806,1.00292,0.15429,28.70
$MAG,26869.037,-0.139,-0.520,-0.526,27.6
$IMU,26869.038,-0.183,-0.061,-0.183,0.01757,1.00000,0.15087,28.64
$IMU,26869.040,-0.244,0.000,-0.183,0.01757,1.00439,0.15185,28.64
$IMU,26869.042,-0.244,-0.061,-0.122,0.01562,1.00390,0.14990,28.64
$IMU,26869.045,-0.244,-0.061,-0.122,0.01757,1.00195,0.15283,28.64
$MAG,26869.047,-0.145,-0.519,-0.529,27.5
$IMU,26869.047,-0.244,0.000,-0.122,0.01660,1.00341,0.15234,28.64
$IMU,26869.049,-0.305,-0.061,-0.122,0.01855,1.00390,0.15283,28.64
$IMU,26869.052,-0.183,-0.183,-0.122,0.02148,1.00146,0.14941,28.64
$IMU,26869.054,-0.183,-0.122,-0.122,0.02001,1.00341,0.15136,28.64
$IMU,26869.056,-0.183,-0.061,-0.183,0.01806,0.99902,0.15283,28.66
$MAG,26869.057,-0.145,-0.522,-0.523,27.6
$IMU,26869.059,-0.305,-0.122,-0.244,0.01953,1.00195,0.14990,28.66
$IMU,26869.061,-0.305,-0.061,-0.183,0.01660,1.00048,0.15185,28.66
$IMU,26869.063,-0.305,-0.061,-0.122,0.01416,1.00390,0.15234,28.66
$BARO,26869.064,86865.89,28.57
$IMU,26869.066,-0.183,-0.183,-0.122,0.01757,1.00488,0.15380,28.66
$MAG,26869.067,-0.144,-0.520,-0.531,27.6
$IMU,26869.068,-0.244,-0.061,-0.061,0.01660,1.00341,0.15234,28.66
$IMU,26869.070,-0.122,-0.183,-0.183,0.01660,1.00341,0.15136,28.66
$IMU,26869.073,-0.183,-0.061,-0.122,0.01708,1.00390,0.15039,28.66
$IMU,26869.075,-0.122,-0.122,-0.061,0.01757,1.00292,0.15234,28.68
$MAG,26869.077,-0.144,-0.526,-0.534,27.6
$IMU,26869.078,-0.183,-0.122,-0.122,0.01708,1.00488,0.14892,28.68
$IMU,26869.080,-0.183,-0.122,-0.183,0.01708,1.00195,0.15380,28.68
$IMU,26869.082,-0.183,-0.061,-0.183,0.01611,1.00341,0.14990,28.68
$IMU,26869.085,-0.183,-0.061,-0.183,0.02001,1.00341,0.15136,28.68
$MAG,26869.087,-0.150,-0.516,-0.532,27.6
$IMU,26869.087,-0.305,-0.061,-0.183,0.02050,1.00488,0.15039,28.68
$IMU,26869.089,-0.244,-0.122,-0.122,0.02197,1.00390,0.15039,28.68
$IMU,26869.092,-0.366,0.061,-0.244,0.01904,1.00390,0.14990,28.68
$IMU,26869.094,-0.305,-0.061,-0.244,0.01757,1.00048,0.15234,28.69
$IMU,26869.096,-0.244,-0.122,-0.122,0.01660,1.00195,0.15136,28.69
$MAG,26869.098,-0.151,-0.525,-0.534,27.6
$IMU,26869.099,-0.366,0.000,-0.183,0.01660,1.00244,0.15136,28.69
$IMU,26869.101,-0.366,-0.122,-0.061,0.01757,1.00439,0.15136,28.69
$IMU,26869.103,-0.305,-0.122,-0.183,0.01660,1.00634,0.15087,28.69
$IMU,26869.106,-0.366,0.061,-0.122,0.01562,1.00244,0.15136,28.69
$MAG,26869.108,-0.139,-0.519,-0.529,27.5
$IMU,26869.108,-0.244,-0.183,-0.183,0.01708,1.00000,0.14990,28.69
$IMU,26869.110,-0.183,-0.183,-0.183,0.01611,1.00585,0.15234,28.69
$IMU,26869.113,-0.183,-0.183,-0.183,0.01806,1.00683,0.15234,28.62
$IMU,26869.115,-0.244,0.000,-0.183,0.01904,1.00683,0.15332,28.62
$IMU,26869.117,-0.244,-0.061,-0.061,0.01855,1.00537,0.15332,28.62
$MAG,26869.118,-0.138,-0.517,-0.526,27.6
$IMU,26869.120,-0.244,-0.122,-0.122,0.02197,1.00488,0.14843,28.62
$IMU,26869.122,-0.183,-0.183,-0.183,0.01953,1.00390,0.15185,28.62
$IMU,26869.124,-0.183,0.000,-0.183,0.02050,1.00439,0.15234,28.62
$IMU,26869.127,-0.183,0.061,-0.183,0.01757,1.00292,0.14843,28.62
$MAG,26869.128,-0.151,-0.526,-0.526,27.7
$IMU,26869.129,-0.183,-0.122,-0.244,0.01953,1.00488,0.15185,28.62
$IMU,26869.131,-0.244,-0.061,-0.183,0.01953,1.00195,0.15234,28.69
$IMU,26869.134,-0.183,-0.061,-0.061,0.01806,1.00097,0.15185,28.69
$IMU,26869.136,-0.183,-0.122,-0.061,0.01806,1.00146,0.15185,28.69
$MAG,26869.138,-0.139,-0.522,-0.526,27.6
$IMU,26869.139,-0.244,-0.061,-0.122,0.02001,1.00048,0.14941,28.69
$IMU,26869.141,-0.244,-0.183,-0.183,0.01708,1.00292,0.15087,28.69
$IMU,26869.143,-0.244,-0.122,-0.183,0.01953,1.00341,0.15283,28.69
$IMU,26869.146,-0.244,-0.061,-0.244,0.01953,1.00292,0.15039,28.69
$MAG,26869.148,-0.147,-0.517,-0.531,27.6
$IMU,26869.148,-0.305,-0.061,-0.183,0.01953,1.00537,0.15185,28.69
$IMU,26869.150,-0.305,0.000,-0.061,0.02001,1.00488,0.15234,28.67
$IMU,26869.153,-0.366,-0.061,-0.061,0.02001,1.00488,0.15039,28.67
$IMU,26869.155,-0.305,-0.183,-0.183,0.01904,1.00292,0.15234,28.67
$IMU,26869.157,-0.366,0.000,-0.122,0.01806,1.00195,0.15576,28.67
$MAG,26869.158,-0.144,-0.522,-0.540,27.6
$IMU,26869.160,-0.366,0.061,-0.244,0.01757,1.00390,0.15283,28.67
$IMU,26869.162,-0.244,-0.122,-0.183,0.01806,1.00146,0.15332,28.67
$IMU,26869.164,-0.244,-0.244,-0.122,0.02197,0.99853,0.15380,28.67
$BARO,26869.166,86862.79,28.58
$IMU,26869.167,-0.305,-0.061,-0.183,0.01855,1.00292,0.15185,28.67
$MAG,26869.168,-0.139,-0.525,-0.535,27.6
$IMU,26869.169,-0.305,-0.061,-0.122,0.01904,1.00537,0.15234,28.66
$IMU,26869.171,-0.305,-0.122,-0.122,0.01806,1.00341,0.15234,28.66
$IMU,26869.174,-0.183,-0.183,-0.122,0.01708,1.00537,0.15136,28.66
$IMU,26869.176,-0.183,-0.061,-0.244,0.01660,1.00341,0.15429,28.66
$MAG,26869.178,-0.141,-0.517,-0.526,27.7
$IMU,26869.178,-0.183,-0.122,-0.305,0.01806,1.00390,0.15136,28.66
$IMU,26869.181,-0.183,-0.183,-0.122,0.01806,1.00048,0.15380,28.66
$IMU,26869.183,-0.183,-0.061,-0.183,0.01513,0.99853,0.15527,28.66
$IMU,26869.185,-0.305,0.000,-0.244,0.01708,1.00439,0.15478,28.66
$MAG,26869.188,-0.133,-0.528,-0.534,27.6
$IMU,26869.188,-0.244,-0.183,-0.183,0.01806,1.00097,0.15283,28.68
$IMU,26869.190,-0.305,-0.061,-0.122,0.01660,1.00537,0.15429,28.68
$IMU,26869.192,-0.183,0.000,-0.244,0.01660,1.00439,0.15039,28.68
$IMU,26869.195,-0.244,0.000,-0.183,0.01953,1.00341,0.15283,28.68
$IMU,26869.197,-0.244,-0.122,-0.183,0.02001,1.00341,0.15185,28.68
$MAG,26869.198,-0.150,-0.517,-0.531,27.6
$IMU,26869.200,-0.244,0.000,-0.122,0.02050,1.00146,0.14892,28.68
$VBAT,26869.200,4.116
$IMU,26869.202,-0.244,-0.122,-0.122,0.01757,1.00146,0.15087,28.68
$IMU,26869.204,-0.305,-0.183,-0.061,0.01757,1.00146,0.15136,28.68
$IMU,26869.207,-0.244,-0.061,-0.122,0.01806,1.00390,0.15087,28.66
$MAG,26869.209,-0.145,-0.523,-0.529,27.6
$IMU,26869.209,-0.305,0.000,-0.244,0.02001,1.00732,0.15234,28.66
$IMU,26869.211,-0.183,-0.183,-0.183,0.01904,1.00390,0.15087,28.66
$IMU,26869.214,-0.183,-0.244,-0.122,0.01806,1.00048,0.15380,28.66
$IMU,26869.216,-0.244,-0.122,-0.122,0.01953,1.00146,0.15234,28.66
$IMU,26869.218,-0.305,0.000,-0.061,0.01855,1.00000,0.14794,28.66
$MAG,26869.219,-0.144,-0.523,-0.528,27.6
$IMU,26869.221,-0.244,-0.061,-0.122,0.01660,1.00585,0.14990,28.66
$IMU,26869.223,-0.244,-0.122,-0.183,0.01416,1.00195,0.15234,28.66
$IMU,26869.225,-0.244,-0.183,-0.061,0.02099,1.00537,0.15332,28.69
$IMU,26869.228,-0.244,0.000,-0.183,0.01953,1.00585,0.15087,28.69
$MAG,26869.229,-0.138,-0.525,-0.532,27.6
$IMU,26869.230,-0.244,-0.061,-0.183,0.02050,1.00683,0.15087,28.69
$IMU,26869.232,-0.305,0.061,-0.122,0.02148,1.00585,0.15136,28.69
$IMU,26869.235,-0.305,0.000,-0.183,0.01757,1.00292,0.15576,28.69
$IMU,26869.237,-0.305,-0.183,-0.061,0.01806,1.00341,0.15478,28.69
$MAG,26869.239,-0.157,-0.514,-0.531,27.6
$IMU,26869.239,-0.305,-0.122,-0.122,0.01757,1.00048,0.15332,28.69
$IMU,26869.242,-0.244,0.000,-0.183,0.01757,1.00390,0.15283,28.69
$IMU,26869.244,-0.183,-0.244,-0.183,0.01855,1.00439,0.15332,28.63
$IMU,26869.246,-0.244,-0.061,-0.183,0.01757,1.00146,0.15332,28.63
$MAG,26869.249,-0.148,-0.525,-0.532,27.6
$TIME,26869.249,510777.000,2399
$IMU,26869.249,-0.244,-0.061,-0.183,0.01757,1.00439,0.15087,28.63
$IMU,26869.251,-0.183,-0.244,-0.244,0.01464,1.00292,0.14892,28.63
$IMU,26869.253,-0.122,-0.244,-0.122,0.01708,1.00292,0.15576,28.63
$IMU,26869.256,-0.122,-0.061,-0.122,0.01904,1.00439,0.15136,28.63
$IMU,26869.258,-0.122,-0.183,-0.122,0.01611,1.00390,0.15380,28.63
$MAG,26869.259,-0.147,-0.513,-0.531,27.6
$IMU,26869.260,-0.244,-0.061,-0.183,0.01953,1.00439,0.14990,28.63
$IMU,26869.263,-0.244,0.000,-0.244,0.02050,1.00341,0.15185,28.64
$IMU,26869.265,-0.183,-0.122,-0.244,0.01757,1.00341,0.15283,28.64
$BARO,26869.267,86861.19,28.58
$IMU,26869.268,-0.183,-0.061,-0.244,0.01904,1.00390,0.15234,28.64
$MAG,26869.269,-0.144,-0.514,-0.523,27.6
$IMU,26869.270,-0.244,-0.244,-0.183,0.01953,1.00341,0.15332,28.64
$IMU,26869.272,-0.305,-0.061,-0.183,0.01953,1.00488,0.15332,28.64
$IMU,26869.275,-0.305,-0.183,-0.183,0.01513,1.00439,0.15234,28.64
$IMU,26869.277,-0.305,-0.183,-0.183,0.01513,1.00439,0.15332,28.64
$MAG,26869.279,-0.153,-0.516,-0.526,27.6
$IMU,26869.279,-0.244,-0.183,-0.183,0.01904,1.00341,0.15039,28.64
$IMU,26869.282,-0.305,-0.183,-0.122,0.02294,1.00292,0.15283,28.66
$IMU,26869.284,-0.366,-0.061,-0.061,0.01611,1.00195,0.15136,28.66
$IMU,26869.286,-0.366,0.000,-0.061,0.01757,1.00195,0.15039,28.66
$MAG,26869.289,-0.151,-0.526,-0.532,27.6
$IMU,26869.289,-0.244,-0.122,-0.183,0.01953,1.00439,0.15136,28.66
$IMU,26869.291,-0.366,0.000,-0.183,0.01757,1.00390,0.15234,28.66
$IMU,26869.293,-0.244,-0.061,-0.122,0.01806,1.00341,0.15380,28.66
$IMU,26869.296,-0.122,-0.061,-0.183,0.01953,1.00732,0.15136,28.66
$IMU,26869.298,-0.244,0.000,-0.183,0.02197,1.00341,0.15185,28.66
$MAG,26869.299,-0.141,-0.522,-0.534,27.6
$IMU,26869.300,-0.183,-0.183,-0.183,0.01953,1.00292,0.15185,28.63
$IMU,26869.303,-0.122,-0.183,-0.122,0.01757,1.00244,0.15087,28.63
$IMU,26869.305,-0.122,-0.122,-0.183,0.02001,1.00634,0.15087,28.63
$IMU,26869.307,-0.061,-0.122,-0.122,0.01904,1.00781,0.15185,28.63
$MAG,26869.309,-0.144,-0.523,-0.529,27.7
$IMU,26869.310,-0.183,0.061,-0.183,0.01904,1.00439,0.15136,28.63
$IMU,26869.312,-0.122,-0.061,-0.244,0.01757,1.00488,0.15234,28.63
$IMU,26869.314,-0.122,-0.183,-0.183,0.01806,1.00585,0.15234,28.63
$IMU,26869.317,-0.183,-0.122,-0.244,0.02001,1.00537,0.15136,28.63
$IMU,26869.319,-0.244,0.000,-0.244,0.01562,1.00195,0.15283,28.68
$MAG,26869.320,-0.142,-0.516,-0.529,27.5
$IMU,26869.321,-0.244,0.061,-0.122,0.01660,1.00048,0.15429,28.68
$IMU,26869.324,-0.244,0.000,-0.122,0.01806,1.00439,0.15136,28.68
$IMU,26869.326,-0.183,-0.061,-0.183,0.02050,1.00488,0.15136,28.68
$IMU,26869.329,-0.305,-0.122,-0.244,0.01757,1.00195,0.15185,28.68
$MAG,26869.330,-0.145,-0.528,-0.529,27.7
$IMU,26869.331,-0.305,-0.061,-0.244,0.02001,1.00048,0.15136,28.68
$IMU,26869.333,-0.305,-0.122,-0.183,0.01855,1.00292,0.15234,28.68
$IMU,26869.336,-0.366,0.000,-0.244,0.02050,1.00439,0.15283,28.68
$IMU,26869.338,-0.244,0.000,-0.122,0.01855,0.99902,0.15185,28.64
$MAG,26869.340,-0.153,-0.523,-0.535,27.6
$IMU,26869.340,-0.183,-0.122,-0.122,0.01953,1.00732,0.14990,28.64
$IMU,26869.343,-0.183,-0.244,-0.122,0.02050,1.00439,0.15332,28.64
$IMU,26869.345,-0.244,-0.122,-0.122,0.01660,1.00000,0.15136,28.64
$IMU,26869.347,-0.305,0.000,-0.122,0.01855,1.00341,0.15136,28.64
$MAG,26869.350,-0.139,-0.526,-0.523,27.6
$IMU,26869.350,-0.366,-0.183,-0.244,0.02050,1.00195,0.15136,28.64
$IMU,26869.352,-0.427,-0.061,-0.183,0.02001,1.00390,0.15283,28.64
$IMU,26869.354,-0.427,0.000,-0.183,0.01904,1.00048,0.15234,28.64
$IMU,26869.357,-0.427,-0.061,-0.122,0.01953,1.00439,0.15283,28.64
$IMU,26869.359,-0.305,-0.061,-0.122,0.01953,0.99951,0.15087,28.64
$MAG,26869.360,-0.145,-0.520,-0.526,27.5
$IMU,26869.361,-0.305,0.061,-0.183,0.01855,1.00195,0.15234,28.64
$IMU,26869.364,-0.305,-0.122,-0.183,0.02001,1.00488,0.15283,28.64
$IMU,26869.366,-0.244,-0.061,-0.183,0.01660,1.00439,0.15527,28.64
$IMU,26869.368,-0.244,-0.061,-0.244,0.02099,1.00488,0.15332,28.64
$BARO,26869.369,86868.03,28.58
$MAG,26869.370,-0.142,-0.513,-0.525,27.6
$IMU,26869.371,-0.305,-0.061,-0.183,0.01660,1.00292,0.14892,28.64
$IMU,26869.373,-0.244,0.000,-0.183,0.01708,1.00585,0.15087,28.64
$IMU,26869.375,-0.061,-0.122,-0.122,0.01806,1.00537,0.14843,28.67
$IMU,26869.378,-0.061,-0.244,-0.183,0.01855,1.00195,0.15087,28.67
$MAG,26869.380,-0.147,-0.516,-0.531,27.5
$IMU,26869.380,-0.061,-0.061,-0.183,0.01611,1.00195,0.15283,28.67
$IMU,26869.382,-0.122,-0.061,-0.244,0.01757,1.00341,0.15136,28.67
$IMU,26869.385,-0.183,0.000,-0.244,0.01953,1.00390,0.15185,28.67
$IMU,26869.387,-0.183,-0.061,-0.122,0.01562,1.00585,0.15429,28.67
$MAG,26869.390,-0.148,-0.519,-0.529,27.6
$IMU,26869.390,-0.244,0.000,-0.183,0.01904,1.00390,0.15283,28.67
$IMU,26869.392,-0.183,-0.122,-0.122,0.02148,1.00292,0.15185,28.67
$IMU,26869.394,-0.244,0.000,-0.122,0.02001,1.00292,0.14941,28.69
$IMU,26869.397,-0.183,0.000,-0.183,0.01953,1.00195,0.15136,28.69
$IMU,26869.399,-0.183,-0.122,-0.183,0.01708,1.00341,0.15087,28.69
$MAG,26869.400,-0.151,-0.523,-0.540,27.6
$IMU,26869.401,-0.244,0.061,-0.183,0.01757,1.00390,0.15136,28.69
$IMU,26869.404,-0.244,-0.061,-0.244,0.01562,1.00244,0.15234,28.69
$IMU,26869.406,-0.305,-0.122,-0.183,0.01660,1.00488,0.15185,28.69
$IMU,26869.408,-0.366,0.000,-0.183,0.02001,0.99951,0.15087,28.69
$MAG,26869.410,-0.145,-0.517,-0.538,27.6
$IMU,26869.411,-0.305,-0.122,-0.122,0.01806,1.00292,0.15087,28.69
$IMU,26869.413,-0.305,-0.305,-0.122,0.01708,1.00585,0.15039,28.68
$IMU,26869.415,-0.366,-0.122,-0.183,0.01806,1.00097,0.15185,28.68
$IMU,26869.418,-0.366,-0.061,-0.183,0.01806,1.00048,0.15380,28.68
$MAG,26869.420,-0.138,-0.514,-0.522,27.6
$IMU,26869.420,-0.366,-0.061,-0.122,0.01660,1.00488,0.15136,28.68
$IMU,26869.422,-0.366,-0.183,-0.183,0.01806,1.00488,0.15283,28.68
$IMU,26869.425,-0.427,-0.061,-0.122,0.01562,1.00244,0.15136,28.68
$IMU,26869.427,-0.366,-0.122,-0.122,0.01953,1.00292,0.15234,28.68
$IMU,26869.429,-0.427,0.122,-0.183,0.01757,1.00537,0.14990,28.68
$MAG,26869.431,-0.144,-0.520,-0.531,27.7
$IMU,26869.432,-0.244,-0.122,-0.244,0.01708,1.00000,0.15136,28.69
$IMU,26869.434,-0.244,-0.122,-0.183,0.01757,1.00195,0.15332,28.69
$IMU,26869.436,-0.244,0.000,-0.183,0.02246,1.00585,0.15234,28.69
$IMU,26869.439,-0.244,-0.122,-0.183,0.01953,1.00488,0.15185,28.69
$MAG,26869.441,-0.141,-0.522,-0.534,27.6
$IMU,26869.441,-0.061,-0.244,-0.122,0.01806,1.00537,0.15283,28.69
$IMU,26869.443,-0.061,-0.183,-0.183,0.01806,1.00146,0.14941,28.69
$IMU,26869.446,-0.183,0.061,-0.183,0.01660,1.00537,0.15039,28.69
$IMU,26869.448,-0.061,0.000,-0.244,0.01708,1.00146,0.15332,28.69
$MAG,26869.451,-0.141,-0.519,-0.528,27.6
$IMU,26869.451,-0.061,-0.122,-0.183,0.01855,1.00292,0.15039,28.70
$IMU,26869.453,-0.061,-0.122,-0.183,0.01757,1.00097,0.14990,28.70
$IMU,26869.455,0.061,-0.244,-0.183,0.01806,1.00390,0.14990,28.70
$IMU,26869.458,-0.061,-0.061,-0.122,0.01806,1.00341,0.15039,28.70
$IMU,26869.460,-0.061,-0.061,-0.122,0.01806,1.00097,0.15136,28.70
$MAG,26869.461,-0.142,-0.532,-0.534,27.6
$IMU,26869.462,-0.183,-0.061,-0.122,0.01660,1.00390,0.15185,28.70
$IMU,26869.465,-0.122,-0.183,-0.183,0.01806,1.00146,0.15283,28.70
$IMU,26869.467,-0.061,-0.244,-0.183,0.01318,1.00292,0.15283,28.70
$IMU,26869.469,-0.183,-0.061,-0.183,0.01806,1.00146,0.15478,28.70
$BARO,26869.470,86864.77,28.58
$MAG,26869.471,-0.150,-0.514,-0.535,27.7
$IMU,26869.472,-0.305,-0.122,-0.183,0.02001,1.00048,0.14990,28.70
$IMU,26869.474,-0.244,-0.122,-0.061,0.01904,1.00146,0.15039,28.70
$IMU,26869.476,-0.305,-0.061,-0.061,0.01708,1.00292,0.14941,28.70
$IMU,26869.479,-0.488,0.000,-0.183,0.01708,1.00341,0.14892,28.70
$MAG,26869.481,-0.151,-0.519,-0.528,27.6
$IMU,26869.481,-0.366,-0.061,-0.183,0.01660,1.00341,0.15039,28.70
$IMU,26869.483,-0.366,-0.122,-0.244,0.01416,1.00195,0.15185,28.70
$IMU,26869.486,-0.366,-0.122,-0.183,0.01904,1.00244,0.14892,28.70
$IMU,26869.488,-0.427,-0.061,-0.183,0.01757,1.00390,0.15332,28.67
$IMU,26869.490,-0.427,-0.061,-0.061,0.01562,1.00292,0.15283,28.67
$MAG,26869.491,-0.148,-0.523,-0.532,27.6
$IMU,26869.493,-0.366,-0.122,-0.122,0.01904,1.00244,0.15087,28.67
$IMU,26869.495,-0.244,-0.122,-0.183,0.01416,1.00585,0.15478,28.67
$IMU,26869.497,-0.366,-0.061,-0.183,0.01660,1.00585,0.15185,28.67
$IMU,26869.500,-0.366,-0.122,-0.183,0.02001,1.00439,0.15234,28.67
$MAG,26869.501,-0.141,-0.525,-0.529,27.5
$IMU,26869.502,-0.366,0.061,-0.183,0.01953,1.00439,0.15136,28.67
$IMU,26869.504,-0.244,0.000,-0.244,0.01855,1.00244,0.15380,28.67
$IMU,26869.507,-0.183,-0.183,-0.183,0.01513,1.00146,0.15332,28.67
$IMU,26869.509,-0.183,-0.061,-0.183,0.02001,1.00244,0.15234,28.67
$MAG,26869.511,-0.150,-0.514,-0.523,27.6
$IMU,26869.512,-0.183,0.061,-0.122,0.01611,1.00097,0.15332,28.67
$IMU,26869.514,-0.122,0.000,-0.244,0.01904,1.00244,0.14990,28.67
$IMU,26869.516,-0.122,0.000,-0.122,0.01855,1.00292,0.15185,28.67
$IMU,26869.519,-0.061,-0.061,-0.183,0.01855,1.00341,0.15185,28.67
$MAG,26869.521,-0.145,-0.522,-0.531,27.6
$IMU,26869.521,-0.061,-0.061,-0.122,0.01806,1.00390,0.15283,28.67
$IMU,26869.523,-0.061,-0.183,-0.122,0.01611,1.00341,0.14794,28.67
$IMU,26869.526,-0.183,0.000,-0.244,0.01660,1.00146,0.15087,28.66
$IMU,26869.528,-0.122,-0.061,-0.244,0.01855,1.00195,0.14990,28.66
$IMU,26869.530,-0.122,-0.122,-0.244,0.01513,1.00341,0.15136,28.66
$MAG,26869.531,-0.144,-0.517,-0.532,27.7
$IMU,26869.533,-0.183,-0.061,-0.183,0.01855,1.00000,0.15185,28.66
$IMU,26869.535,-0.244,-0.061,-0.244,0.01708,1.00390,0.15136,28.66
$IMU,26869.537,-0.183,-0.122,-0.183,0.01464,1.00292,0.15087,28.66
$IMU,26869.540,-0.244,-0.061,-0.122,0.01806,1.00244,0.14892,28.66
$MAG,26869.541,-0.147,-0.513,-0.529,27.6
$IMU,26869.542,-0.305,-0.183,-0.183,0.01562,1.00390,0.15185,28.66
$IMU,26869.544,-0.366,-0.061,-0.122,0.02099,1.00292,0.15283,28.67
$IMU,26869.547,-0.366,-0.061,-0.183,0.01757,1.00488,0.15136,28.67
$IMU,26869.549,-0.427,-0.122,-0.183,0.01660,1.00488,0.15185,28.67
$IMU,26869.551,-0.427,0.122,-0.183,0.01904,1.00439,0.15087,28.67
$MAG,26869.552,-0.144,-0.520,-0.534,27.6
$IMU,26869.554,-0.427,0.000,-0.183,0.01611,1.00341,0.15136,28.67
$IMU,26869.556,-0.366,-0.244,-0.183,0.01806,1.00537,0.15087,28.67
$IMU,26869.558,-0.305,-0.122,-0.122,0.02001,1.00097,0.15332,28.67
$IMU,26869.561,-0.366,0.061,-0.183,0.01562,1.00146,0.15234,28.67
$MAG,26869.562,-0.139,-0.523,-0.541,27.5
$IMU,26869.563,-0.366,-0.122,-0.122,0.01611,1.00048,0.14892,28.66
$IMU,26869.565,-0.366,0.000,-0.183,0.01855,1.00439,0.15136,28.66
$IMU,26869.568,-0.305,0.000,-0.183,0.01611,1.00390,0.14990,28.66
$IMU,26869.570,-0.183,-0.183,-0.244,0.01660,1.00292,0.15283,28.66
$BARO,26869.571,86870.25,28.58
$MAG,26869.572,-0.147,-0.519,-0.531,27.6
$IMU,26869.573,-0.183,-0.244,-0.122,0.01757,1.00634,0.15136,28.66
$IMU,26869.575,-0.244,-0.061,-0.122,0.01562,1.00390,0.15185,28.66
$IMU,26869.577,-0.183,0.000,-0.061,0.01953,1.00537,0.15429,28.66
$IMU,26869.580,-0.183,-0.122,-0.122,0.01855,1.00537,0.15283,28.66
$MAG,26869.582,-0.153,-0.522,-0.534,27.6
$IMU,26869.582,-0.244,0.000,-0.122,0.02050,1.00390,0.15283,28.65
$IMU,26869.584,-0.183,-0.122,-0.244,0.01757,1.00390,0.15380,28.65
$IMU,26869.587,-0.183,-0.183,-0.244,0.01708,1.00146,0.15234,28.65
$IMU,26869.589,-0.183,-0.061,-0.122,0.01806,1.00195,0.15234,28.65
$IMU,26869.591,-0.183,0.061,-0.183,0.01757,1.00292,0.15087,28.65
$MAG,26869.592,-0.139,-0.516,-0.531,27.6
$IMU,26869.594,-0.305,0.061,-0.183,0.01806,1.00048,0.14892,28.65
$IMU,26869.596,-0.122,-0.183,-0.122,0.01806,1.00439,0.15087,28.65
$IMU,26869.598,-0.061,-0.183,-0.244,0.01953,1.00195,0.15087,28.65
$IMU,26869.601,-0.183,-0.061,-0.183,0.01855,1.00000,0.15087,28.68
$MAG,26869.602,-0.148,-0.522,-0.526,27.6
$IMU,26869.603,-0.244,-0.122,-0.183,0.01855,1.00390,0.15283,28.68
$IMU,26869.605,-0.305,0.000,-0.183,0.01660,1.00341,0.15087,28.68
$IMU,26869.608,-0.183,-0.061,-0.183,0.01611,1.00195,0.14941,28.68
$IMU,26869.610,-0.183,-0.244,-0.122,0.01562,0.99902,0.15234,28.68
$MAG,26869.612,-0.136,-0.511,-0.532,27.6
$IMU,26869.612,-0.122,-0.305,-0.183,0.02197,1.00244,0.15136,28.68
$IMU,26869.615,-0.305,-0.061,-0.183,0.01708,1.00048,0.15185,28.68
$IMU,26869.617,-0.366,0.000,-0.183,0.02050,1.00195,0.15380,28.68
$IMU,26869.619,-0.305,0.000,-0.244,0.01513,1.00488,0.15039,28.68
$MAG,26869.622,-0.150,-0.526,-0.531,27.6
$IMU,26869.622,-0.305,0.000,-0.183,0.01757,1.00146,0.14990,28.68
$IMU,26869.624,-0.244,-0.244,-0.183,0.01757,1.00439,0.15185,28.68
$IMU,26869.626,-0.366,-0.122,-0.061,0.01904,1.00878,0.15136,28.68
$HUM,26869.628,34.5,29.0
$IMU,26869.629,-0.366,0.061,-0.122,0.01806,1.00292,0.15136,28.68
$IMU,26869.631,-0.244,-0.122,-0.183,0.01757,1.00488,0.15185,28.68
$MAG,26869.632,-0.144,-0.519,-0.525,27.6
$IMU,26869.634,-0.427,0.061,-0.183,0.01806,1.00097,0.15429,28.68
$IMU,26869.636,-0.305,-0.122,-0.183,0.01562,1.00097,0.15234,28.68
$IMU,26869.638,-0.244,-0.183,-0.183,0.01855,1.00195,0.15380,28.69
$IMU,26869.641,-0.366,-0.061,-0.122,0.01611,1.00439,0.15087,28.69
$MAG,26869.642,-0.142,-0.528,-0.532,27.6
$IMU,26869.643,-0.366,0.000,-0.122,0.01562,1.00341,0.15136,28.69
$IMU,26869.645,-0.244,-0.061,-0.061,0.01660,1.00634,0.15429,28.69
$IMU,26869.648,-0.305,-0.061,-0.122,0.02246,1.00341,0.15234,28.69
$IMU,26869.650,-0.183,-0.122,-0.183,0.02148,1.00292,0.15283,28.69
$MAG,26869.652,-0.139,-0.523,-0.532,27.6
$IMU,26869.652,-0.183,-0.122,-0.244,0.01904,0.99804,0.15283,28.69
$IMU,26869.655,-0.305,0.061,-0.183,0.01855,1.00244,0.15380,28.69
$IMU,26869.657,-0.305,0.000,-0.183,0.01708,1.00195,0.15234,28.68
$IMU,26869.659,-0.305,0.000,-0.122,0.02001,1.00195,0.14990,28.68
$IMU,26869.662,-0.305,-0.122,-0.183,0.01806,1.00439,0.15185,28.68
$MAG,26869.663,-0.145,-0.528,-0.523,27.6
$IMU,26869.664,-0.183,-0.061,-0.183,0.01513,1.00048,0.15185,28.68
$IMU,26869.666,-0.183,-0.061,-0.183,0.02001,1.00195,0.15039,28.68
$IMU,26869.669,-0.183,0.000,-0.183,0.01953,1.00097,0.15234,28.68
$IMU,26869.671,-0.183,0.061,-0.122,0.01611,1.00292,0.15234,28.68
$BARO,26869.673,86865.57,28.58
$MAG,26869.673,-0.148,-0.513,-0.525,27.6
$IMU,26869.673,-0.244,-0.061,-0.122,0.01660,1.00683,0.15136,28.68
$IMU,26869.676,-0.183,-0.122,-0.122,0.01660,1.00244,0.15332,28.71
$IMU,26869.678,-0.183,-0.183,-0.183,0.01611,1.00244,0.15039,28.71
$IMU,26869.680,-0.244,0.061,-0.183,0.01806,1.00390,0.15039,28.71
$MAG,26869.683,-0.142,-0.522,-0.534,27.6
$IMU,26869.683,-0.244,0.000,-0.244,0.01757,1.00292,0.15576,28.71
$IMU,26869.685,-0.183,-0.061,-0.244,0.01953,1.00146,0.15136,28.71
$IMU,26869.687,-0.183,-0.122,-0.122,0.01757,1.00634,0.15136,28.71
$IMU,26869.690,-0.183,0.000,-0.183,0.01708,1.00439,0.15283,28.71
$IMU,26869.692,-0.305,0.000,-0.122,0.01708,1.00195,0.15283,28.71
$MAG,26869.693,-0.141,-0.522,-0.534,27.5
$IMU,26869.694,-0.244,-0.122,-0.061,0.02050,1.00537,0.15039,28.67
$IMU,26869.697,-0.305,0.061,-0.061,0.01904,1.00488,0.15039,28.67
$IMU,26869.699,-0.244,-0.122,-0.183,0.01660,1.00000,0.15136,28.67
$IMU,26869.702,-0.305,-0.183,-0.122,0.01562,1.00048,0.15380,28.67
$MAG,26869.703,-0.130,-0.519,-0.529,27.6
$IMU,26869.704,-0.305,-0.122,-0.183,0.01855,1.00244,0.15283,28.67
$IMU,26869.706,-0.366,-0.122,-0.183,0.01757,1.00341,0.15136,28.67
$IMU,26869.709,-0.427,-0.061,-0.122,0.01708,1.00488,0.15332,28.67
$IMU,26869.711,-0.305,-0.183,-0.122,0.01660,1.00292,0.15185,28.67
$MAG,26869.713,-0.145,-0.523,-0.517,27.6
$IMU,26869.713,-0.305,-0.244,-0.183,0.01855,1.00048,0.15136,28.68
$IMU,26869.716,-0.366,-0.122,-0.122,0.01757,1.00537,0.15380,28.68
$IMU,26869.718,-0.366,-0.122,-0.183,0.01953,1.00488,0.15136,28.68
$IMU,26869.720,-0.366,0.000,-0.244,0.01904,1.00488,0.15234,28.68
$MAG,26869.723,-0.145,-0.531,-0.532,27.6
$IMU,26869.723,-0.305,-0.061,-0.305,0.01855,0.99658,0.15185,28.68
$IMU,26869.725,-0.244,-0.183,-0.244,0.01611,1.00390,0.15380,28.68
$IMU,26869.727,-0.244,-0.122,-0.122,0.01757,1.00244,0.15332,28.68
$IMU,26869.730,-0.305,0.000,-0.122,0.01660,1.00195,0.15234,28.68
$IMU,26869.732,-0.427,0.122,-0.183,0.01953,1.00244,0.15039,28.67
$MAG,26869.733,-0.148,-0.525,-0.528,27.6
$IMU,26869.734,-0.183,-0.122,-0.122,0.01660,1.00097,0.15332,28.67
$IMU,26869.737,-0.183,0.000,-0.183,0.01953,1.00097,0.15332,28.67
$IMU,26869.739,-0.183,-0.061,-0.244,0.01611,1.00000,0.15136,28.67
$IMU,26869.741,-0.183,-0.122,-0.183,0.01708,1.00292,0.15283,28.67
$MAG,26869.743,-0.156,-0.514,-0.526,27.6
$IMU,26869.744,-0.183,0.000,-0.122,0.01953,1.00439,0.15332,28.67
$IMU,26869.746,-0.183,0.000,-0.244,0.01757,1.00390,0.15332,28.67
$IMU,26869.748,-0.183,-0.183,-0.244,0.01660,1.00097,0.15185,28.67
$IMU,26869.751,-0.122,-0.244,-0.183,0.01904,1.00390,0.15527,28.70
$MAG,26869.753,-0.133,-0.519,-0.528,27.5
$IMU,26869.753,-0.183,-0.122,-0.183,0.01855,1.00146,0.15185,28.70
$IMU,26869.755,-0.183,0.000,-0.244,0.01757,1.00390,0.15185,28.70
$IMU,26869.758,-0.183,-0.122,-0.183,0.01562,1.00097,0.14990,28.70
$IMU,26869.760,-0.122,0.061,-0.183,0.01708,1.00292,0.15087,28.70
$IMU,26869.763,-0.122,-0.244,-0.244,0.02001,1.00537,0.15234,28.70
$MAG,26869.764,-0.141,-0.523,-0.537,27.6
$IMU,26869.765,-0.244,-0.183,-0.183,0.01806,1.00146,0.15234,28.70
$IMU,26869.767,-0.305,-0.122,-0.061,0.01660,1.00146,0.15332,28.70
$IMU,26869.770,-0.305,0.000,-0.122,0.01855,1.00439,0.15234,28.63
$IMU,26869.772,-0.366,-0.061,-0.244,0.01708,1.00781,0.15332,28.63
$BARO,26869.774,86859.58,28.58
$MAG,26869.774,-0.141,-0.529,-0.538,27.6
$IMU,26869.774,-0.183,-0.183,-0.244,0.01562,1.00195,0.15283,28.63
$IMU,26869.777,-0.244,-0.244,-0.122,0.02050,1.00146,0.15234,28.63
$IMU,26869.779,-0.244,-0.305,-0.061,0.01904,1.00537,0.15283,28.63
$IMU,26869.781,-0.244,-0.061,-0.122,0.02099,1.00537,0.15429,28.63
$MAG,26869.784,-0.142,-0.519,-0.532,27.5
$IMU,26869.784,-0.305,0.000,-0.122,0.01855,1.00244,0.15136,28.63
$IMU,26869.786,-0.305,-0.061,-0.183,0.01904,1.00439,0.15380,28.63
$IMU,26869.788,-0.305,0.061,-0.183,0.01708,1.00292,0.15185,28.68
$IMU,26869.791,-0.305,0.000,-0.183,0.01513,1.00146,0.15234,28.68
$IMU,26869.793,-0.244,-0.061,-0.122,0.01855,1.00390,0.15283,28.68
$MAG,26869.794,-0.138,-0.522,-0.528,27.6
$IMU,26869.795,-0.305,0.000,-0.122,0.01757,1.00390,0.15087,28.68
$IMU,26869.798,-0.244,-0.122,-0.183,0.01708,1.00244,0.15087,28.68
$IMU,26869.800,-0.244,-0.244,-0.122,0.02001,1.00146,0.15332,28.68
$IMU,26869.802,-0.183,-0.183,-0.183,0.01855,1.00195,0.15332,28.68
$MAG,26869.804,-0.145,-0.526,-0.528,27.6
$IMU,26869.805,-0.305,-0.061,-0.183,0.01855,1.00292,0.15185,28.68
$IMU,26869.807,-0.305,-0.061,-0.244,0.01904,1.00390,0.15283,28.63
$IMU,26869.809,-0.427,0.000,-0.183,0.02050,1.00097,0.15478,28.63
$IMU,26869.812,-0.244,-0.122,-0.183,0.02001,1.00244,0.14990,28.63
$MAG,26869.814,-0.142,-0.519,-0.534,27.6
$IMU,26869.814,-0.244,-0.183,-0.122,0.01660,1.00244,0.14892,28.63
$IMU,26869.816,-0.244,-0.122,-0.122,0.02099,1.00048,0.15332,28.63
$IMU,26869.819,-0.366,0.000,-0.183,0.02148,1.00390,0.15136,28.63
$IMU,26869.821,-0.366,-0.244,-0.183,0.02050,1.00146,0.15087,28.63
$MAG,26869.824,-0.139,-0.528,-0.526,27.6
$IMU,26869.824,-0.366,0.000,-0.183,0.02294,1.00341,0.15185,28.63
$IMU,26869.826,-0.305,-0.122,-0.122,0.02099,1.00585,0.15185,28.69
$IMU,26869.828,-0.305,-0.122,-0.122,0.01708,1.00781,0.15185,28.69
$IMU,26869.831,-0.305,0.000,-0.122,0.01757,1.00585,0.15380,28.69
$IMU,26869.833,-0.366,0.000,-0.183,0.01953,1.00732,0.15283,28.69
$MAG,26869.834,-0.144,-0.525,-0.531,27.6
$IMU,26869.835,-0.244,-0.061,-0.183,0.01562,1.00292,0.15332,28.69
$IMU,26869.838,-0.244,-0.061,-0.122,0.02001,1.00000,0.15185,28.69
$IMU,26869.840,-0.244,-0.122,-0.183,0.01806,1.00146,0.15429,28.69
$IMU,26869.842,-0.183,-0.122,-0.183,0.01953,1.00341,0.15283,28.69
$MAG,26869.844,-0.138,-0.520,-0.535,27.6
$IMU,26869.845,-0.183,-0.061,-0.122,0.01611,1.00292,0.15283,28.66
$IMU,26869.847,-0.183,0.000,-0.061,0.01806,1.00292,0.15234,28.66
$IMU,26869.849,-0.244,-0.061,0.000,0.01708,1.00195,0.15283,28.66
$IMU,26869.852,-0.061,-0.183,-0.061,0.01806,1.00439,0.15185,28.66
$MAG,26869.854,-0.142,-0.523,-0.528,27.6
$IMU,26869.854,-0.244,-0.061,-0.183,0.02001,1.00537,0.15283,28.66
$IMU,26869.856,-0.244,-0.122,-0.244,0.01953,1.00244,0.14990,28.66
$IMU,26869.859,-0.122,-0.244,-0.244,0.01855,1.00439,0.15136,28.66
$IMU,26869.861,-0.183,-0.122,-0.183,0.01513,1.00146,0.15234,28.66
$IMU,26869.863,-0.122,0.000,-0.122,0.01757,1.00390,0.15234,28.70
$MAG,26869.864,-0.142,-0.514,-0.528,27.6
$IMU,26869.866,-0.122,-0.183,-0.122,0.01708,1.00390,0.15087,28.70
$IMU,26869.868,-0.122,-0.244,-0.122,0.01904,1.00634,0.14990,28.70
$IMU,26869.870,-0.244,0.000,-0.183,0.01757,1.00244,0.15185,28.70
$IMU,26869.873,-0.183,-0.244,-0.183,0.02050,1.00048,0.15185,28.70
$MAG,26869.875,-0.145,-0.525,-0.532,27.6
$IMU,26869.875,-0.244,-0.183,-0.122,0.01855,1.00146,0.15087,28.70
$BARO,26869.876,86867.79,28.58
$IMU,26869.877,-0.244,-0.183,-0.183,0.01757,1.00244,0.15185,28.70
$IMU,26869.880,-0.366,0.061,-0.183,0.01953,1.00390,0.15039,28.70
$IMU,26869.882,-0.366,-0.122,-0.122,0.02050,1.00537,0.15185,28.68
$MAG,26869.885,-0.148,-0.528,-0.532,27.5
$IMU,26869.885,-0.427,0.061,-0.183,0.01855,1.00488,0.15283,28.68
$IMU,26869.887,-0.305,-0.122,-0.244,0.01806,1.00244,0.15185,28.68
$IMU,26869.889,-0.427,0.000,-0.244,0.01904,1.00195,0.15283,28.68
$IMU,26869.892,-0.366,-0.244,-0.183,0.01953,1.00292,0.15136,28.68
$IMU,26869.894,-0.427,-0.122,-0.183,0.01904,1.00292,0.15039,28.68
$MAG,26869.895,-0.147,-0.522,-0.525,27.6
$IMU,26869.896,-0.427,-0.061,-0.183,0.01904,1.00146,0.15283,28.68
$IMU,26869.899,-0.366,-0.122,-0.183,0.01757,1.00195,0.15283,28.68
$IMU,26869.901,-0.366,-0.061,-0.244,0.01757,1.00537,0.15087,28.69
$IMU,26869.903,-0.366,0.000,-0.183,0.01904,1.00439,0.15039,28.69
$MAG,26869.905,-0.153,-0.517,-0.531,27.5
$IMU,26869.906,-0.305,-0.061,-0.122,0.02148,1.00585,0.15234,28.69
$IMU,26869.908,-0.244,-0.183,-0.122,0.01757,1.00195,0.15136,28.69
$IMU,26869.910,-0.244,-0.061,-0.183,0.01708,1.00195,0.15039,28.69
$IMU,26869.913,-0.366,0.061,-0.122,0.01855,1.00244,0.15429,28.69
$MAG,26869.915,-0.151,-0.514,-0.525,27.6
$IMU,26869.915,-0.122,-0.183,-0.122,0.01855,1.00537,0.15185,28.69
$IMU,26869.917,-0.122,-0.122,-0.122,0.01953,1.00292,0.15087,28.69
$IMU,26869.920,-0.122,-0.122,-0.183,0.02148,1.00000,0.15136,28.69
$IMU,26869.922,-0.183,-0.061,-0.122,0.01806,1.00683,0.15185,28.69
$IMU,26869.924,-0.244,0.061,-0.183,0.01953,1.00585,0.15039,28.69
$MAG,26869.925,-0.144,-0.519,-0.534,27.5
$IMU,26869.927,-0.244,-0.183,-0.244,0.02099,1.00439,0.15039,28.69
$IMU,26869.929,-0.183,-0.061,-0.183,0.01757,1.00244,0.15283,28.69
$IMU,26869.931,-0.183,0.000,-0.061,0.01611,1.00488,0.15185,28.69
$IMU,26869.934,-0.244,-0.061,-0.122,0.01757,1.00195,0.15136,28.69
$MAG,26869.935,-0.142,-0.522,-0.523,27.6
$IMU,26869.936,-0.061,-0.183,-0.061,0.01757,1.00146,0.15039,28.69
$IMU,26869.938,-0.183,0.000,-0.183,0.02099,1.00439,0.15039,28.75
$IMU,26869.941,-0.183,-0.122,-0.183,0.01953,1.00537,0.15332,28.75
$IMU,26869.943,-0.183,-0.122,-0.183,0.02294,1.00341,0.15234,28.75
$MAG,26869.945,-0.144,-0.520,-0.529,27.6
$IMU,26869.946,-0.244,0.000,-0.183,0.01708,1.00341,0.15039,28.75
$IMU,26869.948,-0.305,-0.183,-0.122,0.01904,1.00244,0.14843,28.75
$IMU,26869.950,-0.244,0.000,-0.122,0.02001,1.00292,0.15332,28.75
$IMU,26869.953,-0.244,0.000,-0.122,0.01562,1.00537,0.15087,28.75
$MAG,26869.955,-0.142,-0.513,-0.528,27.6
$IMU,26869.955,-0.244,-0.244,-0.183,0.01708,1.00830,0.15039,28.75
$IMU,26869.957,-0.244,-0.183,-0.244,0.01806,1.00585,0.14892,28.64
$IMU,26869.960,-0.366,0.000,-0.183,0.02050,1.00683,0.15332,28.64
$IMU,26869.962,-0.366,-0.122,-0.122,0.01904,1.00195,0.14990,28.64
$IMU,26869.964,-0.305,-0.122,-0.122,0.02050,1.00146,0.15429,28.64
$MAG,26869.965,-0.139,-0.519,-0.537,27.6
$IMU,26869.967,-0.427,-0.122,-0.122,0.01708,1.00146,0.14941,28.64
$IMU,26869.969,-0.366,-0.244,-0.122,0.01757,1.00244,0.15185,28.64
$IMU,26869.971,-0.366,-0.061,-0.183,0.01855,1.00292,0.15332,28.64
$IMU,26869.974,-0.366,0.000,-0.244,0.02099,1.00292,0.15039,28.64
$MAG,26869.975,-0.144,-0.525,-0.534,27.6
$IMU,26869.976,-0.305,-0.061,-0.244,0.01904,1.00097,0.15185,28.70
$BARO,26869.977,86868.99,28.58
$IMU,26869.978,-0.183,-0.122,-0.183,0.01806,1.00390,0.15136,28.70
$IMU,26869.981,-0.183,-0.122,-0.183,0.01708,1.00390,0.15234,28.70
$IMU,26869.983,-0.244,-0.183,-0.122,0.01708,1.00195,0.15087,28.70
$IMU,26869.985,-0.244,-0.122,-0.122,0.01513,1.00341,0.15039,28.70
$MAG,26869.986,-0.145,-0.529,-0.532,27.6
$IMU,26869.988,-0.183,-0.061,-0.183,0.01855,1.00439,0.14990,28.70
$IMU,26869.990,-0.183,-0.122,-0.183,0.01806,1.00146,0.15332,28.70
$IMU,26869.992,-0.122,0.000,-0.244,0.01806,1.00195,0.15185,28.70
$IMU,26869.995,-0.122,-0.122,-0.244,0.01562,1.00292,0.15234,28.71
$MAG,26869.996,-0.150,-0.523,-0.535,27.6
$IMU,26869.997,-0.244,-0.122,-0.183,0.01904,1.00195,0.15283,28.71
$IMU,26869.999,-0.183,-0.122,-0.122,0.01513,1.00292,0.15185,28.71
$IMU,26870.002,-0.183,-0.061,-0.122,0.01416,1.00341,0.15332,28.71
$IMU,26870.004,-0.122,-0.183,-0.122,0.01562,1.00390,0.15185,28.71
$MAG,26870.006,-0.141,-0.519,-0.532,27.7
$IMU,26870.007,-0.183,-0.122,-0.183,0.01904,1.00292,0.15185,28.71
$IMU,26870.009,-0.244,-0.061,-0.122,0.01904,1.00390,0.15039,28.71
$IMU,26870.011,-0.183,-0.061,-0.183,0.01562,0.99951,0.14794,28.71
$IMU,26870.014,-0.244,0.000,-0.122,0.01855,1.00341,0.15087,28.67
$MAG,26870.016,-0.144,-0.526,-0.532,27.6
$IMU,26870.016,-0.244,0.000,-0.061,0.01562,1.00585,0.15039,28.67
$IMU,26870.018,-0.244,-0.244,-0.122,0.01904,0.99853,0.15087,28.67
$IMU,26870.021,-0.305,0.000,-0.122,0.01855,1.00146,0.15039,28.67
$IMU,26870.023,-0.244,-0.183,-0.122,0.01953,1.00341,0.15234,28.67
$IMU,26870.025,-0.305,-0.061,-0.183,0.01708,1.00048,0.15039,28.67
$MAG,26870.026,-0.147,-0.520,-0.532,27.6
$IMU,26870.028,-0.183,-0.061,-0.244,0.01708,1.00244,0.15039,28.67
$IMU,26870.030,-0.183,-0.183,-0.183,0.02001,1.00439,0.15380,28.67
$IMU,26870.032,-0.305,-0.122,-0.122,0.01757,1.00537,0.15234,28.67
$IMU,26870.035,-0.244,-0.061,-0.122,0.01953,1.00488,0.15234,28.67
$MAG,26870.036,-0.144,-0.528,-0.534,27.5
$IMU,26870.037,-0.305,0.061,-0.244,0.01708,1.00390,0.15429,28.67
$IMU,26870.039,-0.244,-0.061,-0.244,0.01611,1.00097,0.15283,28.67
$IMU,26870.042,-0.183,-0.183,-0.183,0.02050,1.00244,0.15185,28.67
$IMU,26870.044,-0.244,-0.061,-0.244,0.01708,1.00634,0.15283,28.67
$MAG,26870.046,-0.151,-0.523,-0.526,27.6
$IMU,26870.046,-0.244,0.000,-0.122,0.01806,1.00146,0.15087,28.67
$IMU,26870.049,-0.305,0.061,-0.122,0.01806,1.00537,0.15136,28.67
$IMU,26870.051,-0.366,0.000,-0.183,0.01953,1.00537,0.15234,28.68
$IMU,26870.053,-0.305,0.000,-0.122,0.01757,1.00732,0.15234,28.68
$MAG,26870.056,-0.144,-0.526,-0.525,27.6
$IMU,26870.056,-0.244,-0.061,-0.183,0.01953,1.00390,0.15283,28.68
$IMU,26870.058,-0.244,-0.061,-0.244,0.01904,1.00390,0.15234,28.68
$IMU,26870.060,-0.305,0.000,-0.244,0.01660,1.00634,0.15234,28.68
$IMU,26870.063,-0.244,-0.122,-0.183,0.01904,1.00292,0.15136,28.68
$IMU,26870.065,-0.305,0.000,-0.183,0.02050,1.00390,0.15185,28.68
$MAG,26870.066,-0.151,-0.516,-0.535,27.6
$IMU,26870.068,-0.366,-0.061,-0.183,0.01757,1.00488,0.15429,28.68
$IMU,26870.070,-0.305,0.000,-0.183,0.01806,1.00292,0.15478,28.70
$IMU,26870.072,-0.305,-0.061,-0.183,0.01757,1.00341,0.15380,28.70
$IMU,26870.075,-0.305,0.061,-0.244,0.02001,1.00390,0.15283,28.70
$MAG,26870.076,-0.147,-0.517,-0.528,27.6
$IMU,26870.077,-0.305,0.061,-0.122,0.01904,1.00146,0.15039,28.70
$BARO,26870.079,86869.25,28.58
$IMU,26870.079,-0.244,-0.061,-0.244,0.01562,1.00244,0.15136,28.70
$IMU,26870.082,-0.183,-0.183,-0.183,0.01660,1.00244,0.15332,28.70
$IMU,26870.084,-0.305,0.061,-0.122,0.01855,1.00390,0.14990,28.70
$MAG,26870.086,-0.147,-0.517,-0.529,27.6
$IMU,26870.086,-0.244,-0.061,-0.122,0.01904,1.00390,0.15136,28.70
$IMU,26870.089,-0.305,-0.061,-0.122,0.01708,1.00390,0.15136,28.69
$IMU,26870.091,-0.244,-0.061,-0.183,0.01953,1.00488,0.15039,28.69
$IMU,26870.093,-0.244,-0.122,-0.122,0.01953,1.00146,0.15136,28.69
$IMU,26870.096,-0.244,-0.183,-0.122,0.01806,1.00341,0.15039,28.69
$MAG,26870.097,-0.147,-0.525,-0.529,27.6
$IMU,26870.098,-0.305,0.000,-0.183,0.01806,1.00292,0.15185,28.69
$IMU,26870.100,-0.305,0.000,-0.183,0.01904,1.00292,0.15087,28.69
$IMU,26870.103,-0.183,-0.122,-0.122,0.01611,1.00048,0.15087,28.69
$IMU,26870.105,-0.122,-0.061,-0.122,0.01708,1.00537,0.14990,28.69
$MAG,26870.107,-0.148,-0.514,-0.534,27.6
$IMU,26870.107,-0.122,-0.244,-0.122,0.02001,0.99951,0.15283,28.70
$IMU,26870.110,-0.122,-0.366,-0.244,0.01953,1.00292,0.15087,28.70
$IMU,26870.112,-0.244,-0.061,-0.244,0.02148,1.00439,0.15332,28.70
$IMU,26870.114,-0.183,0.000,-0.183,0.01513,1.00341,0.15039,28.70
$MAG,26870.117,-0.136,-0.520,-0.532,27.6
$IMU,26870.117,-0.122,-0.122,-0.122,0.01855,1.00146,0.15234,28.70
$IMU,26870.119,-0.122,-0.122,-0.122,0.01855,1.00341,0.14892,28.70
$IMU,26870.121,-0.122,-0.122,-0.122,0.01806,1.00439,0.14794,28.70
$IMU,26870.124,-0.183,-0.122,-0.183,0.01855,1.00732,0.15234,28.70
$IMU,26870.126,-0.244,-0.061,-0.244,0.02099,1.00341,0.15185,28.72
$MAG,26870.127,-0.148,-0.514,-0.531,27.6
$IMU,26870.129,-0.305,-0.122,-0.183,0.02050,1.00781,0.14501,28.72
$IMU,26870.131,-0.366,0.061,-0.183,0.01904,1.00292,0.15039,28.72
$IMU,26870.133,-0.244,-0.122,-0.122,0.01904,1.00146,0.15234,28.72
$IMU,26870.136,-0.305,-0.122,-0.122,0.01855,1.00292,0.15039,28.72
$MAG,26870.137,-0.141,-0.517,-0.531,27.6
$IMU,26870.138,-0.366,0.000,-0.122,0.01611,1.00244,0.15136,28.72
$IMU,26870.140,-0.366,0.061,-0.183,0.01953,1.00488,0.15332,28.72
$IMU,26870.143,-0.366,-0.122,-0.183,0.01806,1.00439,0.15527,28.72
$IMU,26870.145,-0.366,-0.061,-0.183,0.02050,1.00048,0.14990,28.70
$MAG,26870.147,-0.138,-0.522,-0.525,27.6
$IMU,26870.147,-0.366,-0.061,-0.122,0.01806,1.00195,0.15234,28.70
$IMU,26870.150,-0.305,-0.244,-0.183,0.01660,1.00244,0.15185,28.70
$IMU,26870.152,-0.366,-0.061,-0.122,0.01855,1.00341,0.14990,28.70
$IMU,26870.154,-0.366,0.122,-0.122,0.01953,1.00048,0.15087,28.70
$MAG,26870.157,-0.144,-0.519,-0.534,27.7
$IMU,26870.157,-0.244,-0.183,-0.122,0.01855,1.00097,0.15283,28.70
$IMU,26870.159,-0.244,-0.183,-0.244,0.01855,1.00097,0.15039,28.70
$IMU,26870.161,-0.183,-0.122,-0.244,0.01953,1.00244,0.15283,28.70
$IMU,26870.164,-0.244,0.122,-0.183,0.01611,1.00537,0.15380,28.68
$IMU,26870.166,-0.305,-0.061,-0.244,0.01757,1.00244,0.15283,28.68
$MAG,26870.167,-0.141,-0.526,-0.528,27.5
$IMU,26870.168,-0.244,-0.061,-0.183,0.01660,1.00390,0.14990,28.68
$IMU,26870.171,-0.305,-0.061,-0.183,0.01660,1.00341,0.14941,28.68
$IMU,26870.173,-0.183,-0.122,-0.122,0.01562,1.00048,0.14941,28.68
$IMU,26870.175,-0.183,-0.061,-0.122,0.01904,1.00390,0.15332,28.68
$MAG,26870.177,-0.147,-0.519,-0.531,27.6
$IMU,26870.178,-0.183,0.000,-0.122,0.02001,1.00195,0.15185,28.68
$BARO,26870.180,86867.94,28.59
$IMU,26870.180,-0.183,-0.122,-0.244,0.02001,1.00244,0.15136,28.68
$IMU,26870.182,-0.183,-0.122,-0.122,0.01757,1.00195,0.15087,28.69
$IMU,26870.185,-0.122,-0.183,-0.122,0.01464,1.00244,0.15234,28.69
$MAG,26870.187,-0.141,-0.520,-0.534,27.6
$IMU,26870.187,-0.183,-0.122,-0.122,0.01611,1.00537,0.15136,28.69
$IMU,26870.189,-0.122,-0.183,0.000,0.01953,1.00341,0.15380,28.69
$IMU,26870.192,-0.122,0.000,-0.183,0.02099,1.00341,0.15380,28.69
$IMU,26870.194,-0.122,-0.061,-0.183,0.01904,1.00390,0.15039,28.69
$MAG,26870.197,-0.136,-0.520,-0.534,27.6
$IMU,26870.197,-0.122,-0.183,-0.183,0.02001,1.00390,0.15234,28.69
$IMU,26870.199,-0.122,-0.183,-0.244,0.01464,1.00537,0.15283,28.69
$IMU,26870.201,-0.244,-0.122,-0.183,0.01904,1.00000,0.15136,28.71
$IMU,26870.204,-0.305,0.061,-0.122,0.02001,1.00097,0.14990,28.71
$IMU,26870.206,-0.244,-0.061,-0.122,0.01757,1.00488,0.15136,28.71
$MAG,26870.207,-0.141,-0.522,-0.534,27.6
$IMU,26870.208,-0.305,-0.061,-0.122,0.01708,1.00292,0.15136,28.71
$IMU,26870.211,-0.244,-0.061,-0.183,0.02050,1.00537,0.15234,28.71
$IMU,26870.213,-0.305,-0.061,-0.183,0.01660,1.00439,0.15380,28.71
$VBAT,26870.213,4.111
$IMU,26870.215,-0.366,0.000,-0.122,0.01660,1.00146,0.15039,28.71
$MAG,26870.218,-0.147,-0.520,-0.528,27.6
$IMU,26870.218,-0.305,-0.122,-0.122,0.01708,1.00195,0.15136,28.71
$IMU,26870.220,-0.366,-0.061,-0.061,0.01953,1.00292,0.15087,28.67
$IMU,26870.222,-0.366,-0.122,-0.122,0.01660,1.00341,0.15185,28.67
$IMU,26870.225,-0.244,-0.183,-0.244,0.01513,1.00000,0.15087,28.67
$IMU,26870.227,-0.305,-0.061,-0.183,0.01806,1.00048,0.15087,28.67
$MAG,26870.228,-0.141,-0.523,-0.534,27.6
$IMU,26870.229,-0.305,-0.122,-0.305,0.01708,1.00439,0.15332,28.67
$IMU,26870.232,-0.305,0.000,-0.244,0.01660,1.00390,0.15332,28.67
$IMU,26870.234,-0.366,-0.061,-0.244,0.01513,1.00439,0.15039,28.67
$IMU,26870.236,-0.305,-0.183,-0.122,0.02050,1.00390,0.14941,28.67
$MAG,26870.238,-0.141,-0.520,-0.535,27.6
$IMU,26870.239,-0.366,0.061,-0.122,0.01757,1.00390,0.15185,28.70
$IMU,26870.241,-0.305,0.000,-0.183,0.01855,1.00341,0.14892,28.70
$IMU,26870.243,-0.305,0.000,-0.244,0.01855,1.00634,0.15039,28.70
$IMU,26870.246,-0.244,0.000,-0.183,0.02050,1.00341,0.15136,28.70
$MAG,26870.248,-0.142,-0.520,-0.540,27.5
$IMU,26870.248,-0.183,-0.122,-0.244,0.01562,1.00390,0.15136,28.70
$TIME,26870.249,510778.000,2399
$IMU,26870.250,-0.183,-0.122,-0.183,0.01318,1.00341,0.15283,28.70
$IMU,26870.253,-0.122,-0.244,-0.122,0.01269,1.00488,0.15429,28.70
$IMU,26870.255,-0.183,-0.122,-0.122,0.01708,1.00244,0.15527,28.70
$MAG,26870.258,-0.153,-0.514,-0.532,27.6
$IMU,26870.258,-0.244,0.000,-0.122,0.01953,1.00488,0.15283,28.66
$IMU,26870.260,-0.183,-0.122,-0.122,0.01953,1.00292,0.15136,28.66
$IMU,26870.262,-0.244,-0.061,-0.183,0.01464,1.00244,0.15380,28.66
$IMU,26870.265,-0.183,-0.122,-0.244,0.01562,1.00439,0.15185,28.66
$IMU,26870.267,-0.244,0.000,-0.183,0.01562,1.00195,0.15429,28.66
$MAG,26870.268,-0.150,-0.517,-0.534,27.6
$IMU,26870.269,-0.305,-0.061,-0.122,0.02050,1.00390,0.15136,28.66
$IMU,26870.272,-0.244,-0.061,-0.122,0.01806,1.00292,0.15185,28.66
$IMU,26870.274,-0.244,0.000,-0.061,0.02001,1.00732,0.15087,28.66
$IMU,26870.276,-0.305,-0.061,-0.122,0.01611,1.00488,0.15332,28.66
$MAG,26870.278,-0.144,-0.519,-0.534,27.6
$IMU,26870.279,-0.244,-0.122,-0.122,0.01904,1.00585,0.15332,28.66
$BARO,26870.281,86868.47,28.59
$IMU,26870.281,-0.244,0.000,-0.244,0.01904,1.00244,0.15234,28.66
$IMU,26870.283,-0.366,0.061,-0.183,0.01953,1.00244,0.15234,28.66
$IMU,26870.286,-0.305,0.000,-0.183,0.02050,1.00341,0.15039,28.66
$MAG,26870.288,-0.145,-0.519,-0.535,27.6
$IMU,26870.288,-0.305,0.061,-0.122,0.01904,1.00097,0.14990,28.66
$IMU,26870.290,-0.366,-0.061,-0.061,0.01660,1.00390,0.15136,28.66
$IMU,26870.293,-0.305,-0.061,-0.061,0.01708,1.00292,0.15380,28.66
$IMU,26870.295,-0.305,0.000,-0.183,0.01855,1.00195,0.15380,28.71
$IMU,26870.297,-0.244,-0.122,-0.244,0.02050,1.00195,0.15234,28.71
$MAG,26870.298,-0.141,-0.520,-0.537,27.6
$IMU,26870.300,-0.244,-0.183,-0.244,0.02343,1.00341,0.14941,28.71
$IMU,26870.302,-0.244,-0.183,-0.183,0.02001,1.00634,0.14990,28.71
$IMU,26870.304,-0.366,0.061,-0.122,0.02099,1.00390,0.15136,28.71
$IMU,26870.307,-0.244,-0.305,-0.061,0.01708,1.00683,0.14941,28.71
$MAG,26870.308,-0.145,-0.519,-0.529,27.5
$IMU,26870.309,-0.366,-0.122,-0.122,0.02001,1.00146,0.14892,28.71
$IMU,26870.311,-0.366,-0.061,-0.244,0.02001,1.00000,0.15234,28.71
$IMU,26870.314,-0.366,-0.061,-0.183,0.01855,1.00585,0.15185,28.68
$IMU,26870.316,-0.305,-0.183,-0.183,0.01660,1.00634,0.15136,28.68
$MAG,26870.319,-0.147,-0.525,-0.528,27.6
$IMU,26870.319,-0.305,-0.183,-0.183,0.01708,1.00244,0.15234,28.68
$IMU,26870.321,-0.305,0.000,-0.183,0.01855,1.00390,0.15332,28.68
$IMU,26870.323,-0.305,-0.061,-0.122,0.01757,1.00341,0.15234,28.68
$IMU,26870.326,-0.244,-0.122,-0.183,0.01904,1.00146,0.15234,28.68
$IMU,26870.328,-0.122,-0.122,-0.183,0.02050,1.00292,0.15087,28.68
$MAG,26870.329,-0.142,-0.519,-0.520,27.6
$IMU,26870.330,-0.183,-0.122,-0.244,0.01757,1.00195,0.15332,28.68
$IMU,26870.333,-0.122,0.000,-0.305,0.01708,1.00439,0.15136,28.71
$IMU,26870.335,-0.122,-0.061,-0.305,0.01806,1.00146,0.15039,28.71
$IMU,26870.337,-0.122,-0.122,-0.183,0.01855,1.00048,0.15136,28.71
$MAG,26870.339,-0.147,-0.519,-0.535,27.6
$IMU,26870.340,-0.061,-0.061,-0.122,0.01806,1.00537,0.15234,28.71
$IMU,26870.342,-0.061,-0.183,-0.183,0.01904,1.00488,0.15283,28.71
$IMU,26870.344,-0.122,0.061,-0.122,0.01806,1.00244,0.15234,28.71
$IMU,26870.347,-0.061,-0.122,-0.122,0.02099,1.00292,0.15283,28.71
$MAG,26870.349,-0.135,-0.522,-0.529,27.6
$IMU,26870.349,-0.244,0.061,-0.244,0.01757,1.00000,0.14990,28.71
$IMU,26870.351,-0.183,-0.061,-0.244,0.02001,1.00000,0.15185,28.64
$IMU,26870.354,-0.244,-0.122,-0.122,0.02001,1.00488,0.15283,28.64
$IMU,26870.356,-0.305,-0.122,-0.122,0.01757,1.00000,0.15087,28.64
$IMU,26870.358,-0.244,-0.183,-0.183,0.01904,1.00146,0.15136,28.64
$MAG,26870.359,-0.151,-0.516,-0.526,27.7
$IMU,26870.361,-0.244,-0.122,-0.183,0.01953,1.00195,0.15185,28.64
$IMU,26870.363,-0.366,-0.122,-0.244,0.01708,1.00244,0.15136,28.64
$IMU,26870.365,-0.305,-0.183,-0.244,0.01611,1.00146,0.15332,28.64
$IMU,26870.368,-0.366,-0.122,-0.183,0.01953,1.00146,0.15234,28.64
$MAG,26870.369,-0.145,-0.523,-0.534,27.6
$IMU,26870.370,-0.366,-0.183,-0.122,0.01806,1.00048,0.15136,28.67
$IMU,26870.372,-0.427,0.000,-0.061,0.01660,1.00146,0.15185,28.67
$IMU,26870.375,-0.305,-0.183,-0.061,0.01708,1.00390,0.15283,28.67
$IMU,26870.377,-0.244,-0.244,-0.122,0.01855,1.00439,0.15234,28.67
$MAG,26870.379,-0.148,-0.525,-0.525,27.6
$IMU,26870.380,-0.305,-0.061,-0.183,0.01660,1.00292,0.15283,28.67
$IMU,26870.382,-0.305,0.061,-0.183,0.01904,1.00341,0.15380,28.67
$BARO,26870.383,86869.28,28.59
$IMU,26870.384,-0.305,-0.122,-0.183,0.01757,1.00439,0.15332,28.67
$IMU,26870.387,-0.244,-0.122,-0.122,0.01757,1.00585,0.15283,28.67
$MAG,26870.389,-0.148,-0.517,-0.520,27.6
$IMU,26870.389,-0.244,0.000,-0.122,0.01757,1.00292,0.15185,28.71
$IMU,26870.391,-0.183,-0.183,-0.183,0.01464,1.00585,0.14843,28.71
$IMU,26870.394,-0.244,-0.061,-0.122,0.01855,1.00292,0.15087,28.71
$IMU,26870.396,-0.244,0.061,-0.183,0.02197,1.00390,0.15429,28.71
$IMU,26870.398,-0.122,-0.244,-0.122,0.01611,1.00341,0.15283,28.71
$MAG,26870.399,-0.147,-0.519,-0.531,27.6
$IMU,26870.401,-0.122,-0.183,-0.183,0.01660,1.00000,0.15380,28.71
$IMU,26870.403,-0.061,-0.122,-0.183,0.01904,1.00488,0.15478,28.71
$IMU,26870.405,-0.122,-0.122,-0.183,0.01953,1.00488,0.15234,28.71
$IMU,26870.408,-0.122,-0.122,-0.122,0.01611,1.00390,0.15332,28.74
$MAG,26870.409,-0.147,-0.516,-0.529,27.7
$IMU,26870.410,-0.183,-0.061,-0.122,0.01708,1.00390,0.15087,28.74
$IMU,26870.412,-0.183,-0.122,-0.244,0.01513,1.00048,0.15087,28.74
$IMU,26870.415,-0.122,-0.122,-0.244,0.01806,1.00390,0.15136,28.74
$IMU,26870.417,-0.244,0.000,-0.183,0.01757,1.00097,0.15087,28.74
$MAG,26870.419,-0.141,-0.523,-0.537,27.6
$IMU,26870.419,-0.183,-0.061,-0.244,0.01513,1.00292,0.14794,28.74
$IMU,26870.422,-0.244,0.000,-0.122,0.01855,1.00390,0.15283,28.74
$IMU,26870.424,-0.305,0.000,-0.122,0.02148,1.00390,0.15185,28.74
$IMU,26870.426,-0.244,-0.122,-0.122,0.02001,1.00048,0.15234,28.72
$IMU,26870.429,-0.244,-0.122,-0.183,0.01660,1.00341,0.15478,28.72
$MAG,26870.430,-0.145,-0.525,-0.531,27.5
$IMU,26870.431,-0.244,-0.061,-0.183,0.01806,1.00439,0.15234,28.72
$IMU,26870.433,-0.366,-0.061,-0.183,0.01416,0.99902,0.15332,28.72
$IMU,26870.436,-0.366,0.000,-0.183,0.01855,1.00146,0.15332,28.72
$IMU,26870.438,-0.427,0.061,-0.183,0.01708,1.00195,0.15185,28.72
$MAG,26870.440,-0.147,-0.526,-0.534,27.5
$IMU,26870.441,-0.244,-0.305,-0.183,0.01660,1.00439,0.15039,28.72
$IMU,26870.443,-0.244,-0.122,-0.183,0.02099,1.00488,0.14941,28.72
$IMU,26870.445,-0.366,0.122,-0.183,0.01757,1.00537,0.15087,28.69
$IMU,26870.448,-0.366,-0.061,-0.183,0.01513,1.00292,0.15087,28.69
$MAG,26870.450,-0.138,-0.519,-0.532,27.6
$IMU,26870.450,-0.305,-0.061,-0.183,0.01562,1.00292,0.15234,28.69
$IMU,26870.452,-0.244,-0.061,-0.183,0.01855,1.00292,0.15332,28.69
$IMU,26870.455,-0.122,-0.244,-0.183,0.01660,1.00292,0.15283,28.69
$IMU,26870.457,-0.122,-0.183,-0.122,0.01757,1.00244,0.15478,28.69
$IMU,26870.459,-0.183,0.000,-0.061,0.01611,1.00000,0.15087,28.69
$MAG,26870.460,-0.141,-0.520,-0.531,27.7
$IMU,26870.462,-0.244,-0.061,-0.183,0.01855,1.00390,0.14892,28.69
$IMU,26870.464,-0.244,0.000,-0.183,0.01806,1.00585,0.15185,28.70
$IMU,26870.466,-0.244,0.000,-0.183,0.01562,1.00439,0.15185,28.70
$IMU,26870.469,-0.122,-0.122,-0.244,0.02001,1.00097,0.15136,28.70
$MAG,26870.470,-0.142,-0.517,-0.538,27.6
$IMU,26870.471,-0.244,-0.122,-0.183,0.01904,1.00195,0.14990,28.70
$IMU,26870.473,-0.183,-0.061,-0.122,0.01806,1.00390,0.15039,28.70
$IMU,26870.476,-0.244,-0.183,-0.183,0.01806,1.00000,0.14892,28.70
$IMU,26870.478,-0.183,-0.244,-0.122,0.01757,1.00195,0.15283,28.70
$MAG,26870.480,-0.135,-0.522,-0.531,27.7
$IMU,26870.480,-0.183,-0.061,-0.183,0.01904,1.00341,0.15087,28.70
$IMU,26870.483,-0.244,-0.122,-0.244,0.01953,1.00292,0.14990,28.69
$BARO,26870.484,86863.23,28.59
$IMU,26870.485,-0.244,-0.122,-0.244,0.01806,1.00439,0.14990,28.69
$IMU,26870.487,-0.305,-0.061,-0.122,0.01708,1.00488,0.15087,28.69
$MAG,26870.490,-0.150,-0.523,-0.537,27.6
$IMU,26870.490,-0.366,-0.061,-0.061,0.01562,1.00292,0.15087,28.69
$IMU,26870.492,-0.244,-0.305,-0.122,0.01806,1.00878,0.15136,28.69
$IMU,26870.494,-0.305,-0.061,-0.122,0.01904,1.00195,0.14941,28.69
$IMU,26870.497,-0.305,0.000,-0.122,0.01611,1.00634,0.15283,28.69
$IMU,26870.499,-0.244,-0.122,-0.183,0.01757,1.00341,0.15332,28.69
$MAG,26870.500,-0.136,-0.522,-0.529,27.6
$IMU,26870.501,-0.183,-0.183,-0.122,0.01806,1.00488,0.15380,28.69
$IMU,26870.504,-0.122,-0.122,-0.183,0.01757,1.00341,0.15478,28.69
$IMU,26870.506,-0.244,-0.244,-0.183,0.01757,1.00390,0.15332,28.69
$IMU,26870.509,-0.244,0.000,-0.061,0.01660,1.00439,0.15234,28.69
$MAG,26870.510,-0.150,-0.514,-0.526,27.6
$IMU,26870.511,-0.305,0.000,-0.061,0.01904,1.00439,0.14892,28.69
$IMU,26870.513,-0.183,-0.061,-0.183,0.02197,1.00292,0.15136,28.69
$IMU,26870.516,-0.183,-0.061,-0.122,0.01855,1.00341,0.15136,28.69
$IMU,26870.518,-0.183,-0.183,-0.122,0.01757,1.00390,0.15332,28.69
$MAG,26870.520,-0.148,-0.523,-0.535,27.6
$IMU,26870.520,-0.122,-0.183,-0.183,0.01660,1.00146,0.15039,28.68
$IMU,26870.523,-0.305,0.000,-0.122,0.01806,1.00390,0.15283,28.68
$IMU,26870.525,-0.366,0.061,-0.061,0.01660,1.00634,0.15087,28.68
$IMU,26870.527,-0.244,-0.244,-0.061,0.02148,1.00292,0.15039,28.68
$IMU,26870.530,-0.244,0.000,-0.244,0.01757,1.00244,0.15527,28.68
$MAG,26870.530,-0.138,-0.532,-0.538,27.6
$IMU,26870.532,-0.244,0.061,-0.122,0.01757,1.00244,0.15087,28.68
$IMU,26870.534,-0.305,0.000,-0.244,0.01855,1.00341,0.15136,28.68
$IMU,26870.537,-0.305,0.000,-0.244,0.01757,1.00292,0.15087,28.68
$IMU,26870.539,-0.305,-0.061,-0.183,0.01806,1.00439,0.15332,28.69
$MAG,26870.541,-0.151,-0.519,-0.538,27.6
$IMU,26870.541,-0.305,-0.122,-0.122,0.01611,1.00292,0.15087,28.69
$IMU,26870.544,-0.305,0.000,-0.183,0.01806,1.00146,0.15234,28.69
$IMU,26870.546,-0.305,0.000,-0.183,0.01855,0.99951,0.15087,28.69
$IMU,26870.548,-0.305,0.000,-0.244,0.01953,1.00390,0.15332,28.69
$MAG,26870.551,-0.145,-0.529,-0.531,27.6
$IMU,26870.551,-0.366,-0.061,-0.122,0.01562,1.00195,0.15332,28.69
$IMU,26870.553,-0.305,-0.122,-0.122,0.01660,1.00634,0.15234,28.69
$IMU,26870.555,-0.183,-0.183,-0.183,0.02001,1.00048,0.15429,28.69
$IMU,26870.558,-0.183,-0.244,-0.061,0.01806,0.99902,0.15087,28.67
$IMU,26870.560,-0.305,-0.122,-0.122,0.01806,1.00390,0.14990,28.67
$MAG,26870.561,-0.142,-0.523,-0.531,27.7
$IMU,26870.562,-0.244,0.000,-0.183,0.01708,1.00781,0.15185,28.67
$IMU,26870.565,-0.183,-0.122,-0.122,0.01855,1.00439,0.15429,28.67
$IMU,26870.567,-0.122,-0.244,-0.183,0.01513,1.00048,0.15234,28.67
$IMU,26870.570,-0.122,-0.183,-0.244,0.01611,1.00341,0.15087,28.67
$MAG,26870.571,-0.141,-0.523,-0.537,27.6
$IMU,26870.572,-0.183,-0.183,-0.244,0.01757,1.00195,0.15087,28.67
$IMU,26870.574,-0.244,0.000,-0.122,0.01660,1.00439,0.15136,28.67
$IMU,26870.577,-0.244,-0.061,-0.122,0.01464,1.00244,0.15332,28.73
$IMU,26870.579,-0.183,-0.061,-0.122,0.01806,1.00195,0.15087,28.73
$MAG,26870.581,-0.138,-0.514,-0.528,27.6
$IMU,26870.581,-0.122,-0.122,-0.122,0.01757,1.00146,0.15136,28.73
$IMU,26870.584,-0.183,-0.122,-0.183,0.01513,1.00000,0.15136,28.73
$BARO,26870.586,86866.47,28.59
$IMU,26870.586,-0.244,0.000,-0.183,0.01953,1.00488,0.15136,28.73
$IMU,26870.588,-0.305,0.061,-0.122,0.01562,1.00390,0.15087,28.73
$MAG,26870.591,-0.147,-0.519,-0.534,27.6
$IMU,26870.591,-0.244,-0.122,-0.122,0.01708,1.00244,0.15039,28.73
$IMU,26870.593,-0.244,-0.122,-0.122,0.02050,1.00732,0.15429,28.73
$IMU,26870.595,-0.244,-0.061,-0.122,0.02050,1.00390,0.15234,28.73
$IMU,26870.598,-0.305,-0.061,-0.122,0.01708,1.00390,0.15234,28.73
$IMU,26870.600,-0.244,0.000,-0.183,0.01757,1.00146,0.15234,28.73
$MAG,26870.601,-0.141,-0.520,-0.532,27.6
$IMU,26870.602,-0.305,0.000,-0.244,0.01904,1.00244,0.14941,28.73
$IMU,26870.605,-0.244,-0.122,-0.244,0.02148,1.00292,0.14941,28.73
$IMU,26870.607,-0.183,-0.061,-0.244,0.01660,1.00292,0.15136,28.73
$IMU,26870.609,-0.305,0.000,-0.244,0.01855,1.00000,0.15332,28.73
$MAG,26870.611,-0.144,-0.520,-0.532,27.6
$IMU,26870.612,-0.305,-0.122,-0.122,0.01855,1.00390,0.15429,28.73
$IMU,26870.614,-0.183,-0.183,-0.122,0.01611,1.00439,0.15332,28.71
$IMU,26870.616,-0.122,-0.122,-0.122,0.01757,1.00244,0.14941,28.71
$IMU,26870.619,-0.183,-0.122,-0.183,0.02001,1.00048,0.15087,28.71
$MAG,26870.621,-0.144,-0.525,-0.532,27.6
$IMU,26870.621,-0.244,0.000,-0.183,0.01855,1.00341,0.15234,28.71
$IMU,26870.623,-0.122,-0.061,-0.183,0.01611,1.00341,0.15332,28.71
$IMU,26870.626,-0.305,0.000,-0.183,0.01660,1.00439,0.15136,28.71
$IMU,26870.628,-0.305,0.122,-0.122,0.01513,1.00097,0.15234,28.71
$MAG,26870.631,-0.136,-0.522,-0.529,27.6
$IMU,26870.631,-0.305,-0.061,-0.183,0.01757,1.00390,0.14990,28.71
$IMU,26870.633,-0.305,-0.061,-0.183,0.02099,1.00341,0.15185,28.72
$IMU,26870.635,-0.244,-0.122,-0.244,0.01757,1.00097,0.15234,28.72
$IMU,26870.638,-0.244,-0.122,-0.244,0.02050,1.00585,0.15087,28.72
$IMU,26870.640,-0.244,-0.061,-0.122,0.02001,1.00292,0.15185,28.72
$MAG,26870.641,-0.148,-0.516,-0.525,27.6
$IMU,26870.642,-0.183,-0.122,-0.122,0.02050,1.00244,0.15185,28.72
$HUM,26870.644,34.5,29.0
$IMU,26870.645,-0.244,-0.122,-0.183,0.01757,1.00195,0.15283,28.72
$IMU,26870.647,-0.244,-0.122,-0.061,0.01611,1.00097,0.15332,28.72
$IMU,26870.649,-0.244,-0.122,-0.061,0.01855,1.00341,0.15185,28.72
$MAG,26870.652,-0.145,-0.520,-0.532,27.6
$IMU,26870.652,-0.244,-0.061,-0.122,0.01708,1.00048,0.15283,28.71
$IMU,26870.654,-0.366,-0.122,-0.244,0.01611,1.00341,0.15332,28.71
$IMU,26870.656,-0.305,0.000,-0.183,0.02050,1.00244,0.15380,28.71
$IMU,26870.659,-0.366,0.061,-0.122,0.01855,1.00195,0.15087,28.71
$IMU,26870.661,-0.244,-0.122,-0.122,0.01562,0.99902,0.14990,28.71
$MAG,26870.662,-0.150,-0.522,-0.528,27.6
$IMU,26870.663,-0.244,0.061,-0.122,0.01855,1.00244,0.14843,28.71
$IMU,26870.666,-0.244,-0.061,-0.122,0.02001,1.00537,0.15283,28.71
$IMU,26870.668,-0.244,-0.244,-0.122,0.01904,1.00390,0.15283,28.71
$IMU,26870.670,-0.427,0.061,-0.183,0.01855,1.00537,0.15185,28.69
$MAG,26870.672,-0.135,-0.520,-0.535,27.6
$IMU,26870.673,-0.305,-0.061,-0.244,0.02001,1.00585,0.15234,28.69
$IMU,26870.675,-0.366,0.000,-0.183,0.01806,1.00146,0.15283,28.69
$IMU,26870.677,-0.305,-0.061,-0.183,0.01611,1.00000,0.15087,28.69
$IMU,26870.680,-0.305,-0.122,-0.122,0.02001,1.00195,0.15136,28.69
$MAG,26870.682,-0.147,-0.511,-0.531,27.6
$IMU,26870.682,-0.244,-0.061,-0.122,0.02050,1.00146,0.15087,28.69
$IMU,26870.684,-0.244,-0.122,-0.183,0.02001,1.00390,0.15478,28.69
$BARO,26870.687,86869.03,28.59
$IMU,26870.687,-0.244,-0.061,-0.183,0.01904,1.00292,0.15087,28.69
$IMU,26870.689,-0.305,0.061,-0.244,0.01855,1.00537,0.15185,28.71
$MAG,26870.692,-0.147,-0.526,-0.535,27.6
$IMU,26870.692,-0.183,0.000,-0.244,0.01562,1.00439,0.15087,28.71
$IMU,26870.694,-0.122,-0.244,-0.183,0.01660,1.00488,0.15234,28.71
$IMU,26870.696,-0.122,-0.183,-0.183,0.01904,0.99902,0.15283,28.71
$IMU,26870.699,-0.122,-0.122,-0.183,0.01806,1.00292,0.15283,28.71
$IMU,26870.701,-0.061,-0.183,-0.183,0.01904,1.00537,0.15234,28.71
$MAG,26870.702,-0.141,-0.526,-0.535,27.6
$IMU,26870.703,-0.061,-0.183,-0.122,0.01757,1.00244,0.15283,28.71
$IMU,26870.706,-0.183,0.000,-0.183,0.01855,1.00390,0.15283,28.71
$IMU,26870.708,-0.122,-0.183,-0.244,0.01757,1.00292,0.15185,28.73
$IMU,26870.710,-0.061,-0.305,-0.183,0.01855,1.00146,0.15039,28.73
$MAG,26870.712,-0.150,-0.529,-0.525,27.6
$IMU,26870.713,-0.183,-0.061,-0.122,0.01367,1.00439,0.15185,28.73
$IMU,26870.715,-0.183,-0.122,-0.061,0.01464,1.00195,0.14990,28.73
$IMU,26870.717,-0.244,-0.061,-0.061,0.02099,1.00585,0.15234,28.73
$IMU,26870.720,-0.244,-0.122,-0.183,0.01855,1.00732,0.15283,28.73
$MAG,26870.722,-0.147,-0.525,-0.538,27.6
$IMU,26870.722,-0.305,0.000,-0.183,0.01611,1.00195,0.15283,28.73
$IMU,26870.724,-0.366,-0.122,-0.183,0.01757,1.00292,0.15380,28.73
$IMU,26870.727,-0.427,-0.061,-0.061,0.01708,1.00195,0.15136,28.73
$IMU,26870.729,-0.366,0.000,-0.122,0.01806,1.00195,0.15185,28.73
$IMU,26870.731,-0.366,-0.061,-0.122,0.01806,1.00146,0.15087,28.73
$MAG,26870.732,-0.142,-0.520,-0.531,27.5
$IMU,26870.734,-0.305,-0.244,-0.122,0.01953,1.00244,0.15136,28.73
$IMU,26870.736,-0.305,-0.244,-0.183,0.01953,1.00390,0.15283,28.73
$IMU,26870.738,-0.366,-0.061,-0.244,0.01855,1.00000,0.15039,28.73
$IMU,26870.741,-0.366,-0.061,-0.183,0.01953,1.00341,0.15136,28.73
$MAG,26870.742,-0.142,-0.519,-0.528,27.6
$IMU,26870.743,-0.305,-0.183,-0.183,0.01855,1.00244,0.15234,28.73
$IMU,26870.745,-0.305,-0.061,-0.183,0.01660,1.00048,0.15429,28.72
$IMU,26870.748,-0.305,-0.122,-0.122,0.02050,1.00146,0.15234,28.72
$IMU,26870.750,-0.183,-0.122,-0.122,0.01855,1.00341,0.15625,28.72
$MAG,26870.752,-0.135,-0.531,-0.534,27.6
$IMU,26870.753,-0.183,-0.122,-0.183,0.01953,1.00244,0.15136,28.72
$IMU,26870.755,-0.183,-0.122,-0.244,0.01806,1.00537,0.15185,28.72
$IMU,26870.757,-0.183,-0.122,-0.122,0.02148,1.00878,0.15136,28.72
$IMU,26870.760,-0.183,-0.061,-0.183,0.01708,1.00341,0.15087,28.72
$IMU,26870.762,-0.122,-0.122,-0.183,0.01708,1.00634,0.15136,28.72
$MAG,26870.763,-0.150,-0.519,-0.535,27.6
$IMU,26870.764,-0.244,0.000,-0.122,0.02001,1.00488,0.15234,28.71
$IMU,26870.767,-0.122,-0.061,-0.122,0.02001,1.00244,0.14941,28.71
$IMU,26870.769,-0.061,-0.122,-0.183,0.01953,1.00097,0.15136,28.71
$IMU,26870.771,-0.061,-0.061,-0.244,0.02148,1.00439,0.15478,28.71
$MAG,26870.773,-0.145,-0.522,-0.537,27.5
$IMU,26870.774,-0.122,-0.122,-0.183,0.02001,1.00781,0.15429,28.71
$IMU,26870.776,-0.183,-0.061,-0.183,0.02001,1.00097,0.15283,28.71
$IMU,26870.778,-0.183,-0.061,-0.183,0.01611,1.00244,0.15087,28.71
$IMU,26870.781,-0.244,0.000,-0.183,0.01367,1.00439,0.14990,28.71
$MAG,26870.783,-0.147,-0.522,-0.531,27.6
$IMU,26870.783,-0.183,-0.183,-0.244,0.01904,1.00244,0.14843,28.71
$IMU,26870.785,-0.183,-0.122,-0.122,0.01708,1.00146,0.15136,28.71
$IMU,26870.788,-0.305,-0.061,-0.122,0.01855,1.00097,0.15332,28.71
$BARO,26870.789,86869.84,28.60
$IMU,26870.790,-0.305,-0.122,-0.122,0.02099,1.00732,0.15283,28.71
$IMU,26870.792,-0.366,-0.122,-0.183,0.01855,1.00585,0.15087,28.71
$MAG,26870.793,-0.145,-0.517,-0.537,27.6
$IMU,26870.795,-0.427,-0.122,-0.122,0.01904,1.00292,0.15185,28.71
$IMU,26870.797,-0.427,-0.183,-0.183,0.01806,1.00439,0.15527,28.71
$IMU,26870.799,-0.427,-0.183,-0.183,0.01806,1.00048,0.15478,28.71
$IMU,26870.802,-0.427,-0.122,-0.183,0.01904,1.00244,0.15136,28.76
$MAG,26870.803,-0.141,-0.532,-0.532,27.6
$IMU,26870.804,-0.488,0.000,-0.183,0.02148,1.00292,0.15380,28.76
$IMU,26870.806,-0.427,-0.122,-0.183,0.01708,1.00341,0.15380,28.76
$IMU,26870.809,-0.488,0.000,-0.183,0.01562,1.00341,0.15234,28.76
$IMU,26870.811,-0.427,-0.061,-0.183,0.01806,1.00537,0.15380,28.76
$MAG,26870.813,-0.147,-0.523,-0.525,27.6
$IMU,26870.814,-0.305,-0.244,-0.122,0.01562,1.00439,0.15429,28.76
$IMU,26870.816,-0.244,-0.122,-0.122,0.01708,1.00146,0.15185,28.76
$IMU,26870.818,-0.244,0.000,-0.122,0.01953,1.00390,0.15136,28.76
$IMU,26870.821,-0.244,-0.122,-0.244,0.01855,1.00439,0.15234,28.75
$MAG,26870.823,-0.142,-0.522,-0.535,27.5
$IMU,26870.823,-0.061,-0.183,-0.244,0.01855,1.00585,0.15136,28.75
$IMU,26870.825,-0.061,0.000,-0.244,0.01953,1.00439,0.15185,28.75
$IMU,26870.828,-0.061,0.000,-0.183,0.01513,1.00341,0.15185,28.75
$IMU,26870.830,0.000,-0.061,-0.122,0.01708,1.00390,0.15087,28.75
$IMU,26870.832,-0.122,0.061,-0.183,0.01757,1.00195,0.14990,28.75
$MAG,26870.833,-0.141,-0.523,-0.537,27.6
$IMU,26870.835,-0.061,-0.122,-0.183,0.02050,1.00488,0.15332,28.75
$IMU,26870.837,0.000,-0.061,-0.183,0.01757,1.00341,0.15185,28.75
$IMU,26870.839,0.000,0.000,-0.183,0.01855,1.00292,0.15136,28.69
$IMU,26870.842,-0.061,-0.061,-0.183,0.01660,1.00488,0.15136,28.69
$MAG,26870.843,-0.144,-0.520,-0.531,27.6
$IMU,26870.844,-0.122,-0.061,-0.122,0.01904,1.00390,0.15087,28.69
$IMU,26870.846,-0.122,0.000,-0.122,0.01708,1.00341,0.14941,28.69
$IMU,26870.849,-0.122,-0.183,-0.122,0.01806,1.00146,0.15185,28.69
$IMU,26870.851,-0.183,-0.183,-0.122,0.01855,1.00537,0.15185,28.69
$MAG,26870.853,-0.145,-0.517,-0.531,27.5
$IMU,26870.853,-0.183,-0.244,-0.183,0.01708,1.00244,0.14990,28.69
$IMU,26870.856,-0.305,-0.061,-0.122,0.01806,1.00146,0.14648,28.69
$IMU,26870.858,-0.366,-0.061,-0.183,0.01855,1.00634,0.15136,28.73
$IMU,26870.860,-0.427,0.000,-0.183,0.01953,1.00341,0.14990,28.73
$MAG,26870.863,-0.142,-0.526,-0.531,27.6
$IMU,26870.863,-0.488,0.061,-0.183,0.01708,1.00439,0.14990,28.73
$IMU,26870.865,-0.488,-0.061,-0.122,0.01953,1.00097,0.15039,28.73
$IMU,26870.867,-0.427,-0.061,-0.122,0.02246,1.00585,0.15039,28.73
$IMU,26870.870,-0.488,0.000,-0.183,0.02001,1.00390,0.15087,28.73
$IMU,26870.872,-0.488,-0.122,-0.183,0.01757,1.00244,0.15039,28.73
$MAG,26870.874,-0.150,-0.522,-0.534,27.5
$IMU,26870.875,-0.488,-0.183,-0.244,0.01953,1.00390,0.15332,28.73
$IMU,26870.877,-0.427,-0.183,-0.183,0.01806,1.00390,0.15234,28.69
$IMU,26870.879,-0.427,-0.061,-0.122,0.01757,1.00537,0.15478,28.69
$IMU,26870.882,-0.427,0.000,-0.122,0.02148,1.00341,0.15429,28.69
$MAG,26870.884,-0.142,-0.517,-0.528,27.6
$IMU,26870.884,-0.427,0.000,-0.061,0.01855,1.00439,0.15087,28.69
$IMU,26870.886,-0.366,-0.122,-0.122,0.01806,1.00244,0.15087,28.69
$IMU,26870.889,-0.305,-0.122,-0.183,0.01953,1.00537,0.15136,28.69
$BARO,26870.890,86871.30,28.59
$IMU,26870.891,-0.305,-0.061,-0.244,0.01611,1.00048,0.15332,28.69
$IMU,26870.893,-0.122,-0.061,-0.244,0.01660,0.99902,0.15332,28.69
$MAG,26870.894,-0.150,-0.523,-0.531,27.6
$IMU,26870.896,-0.061,-0.183,-0.244,0.01367,0.99951,0.15332,28.73
$IMU,26870.898,-0.183,-0.061,-0.122,0.01611,1.00585,0.15380,28.73
$IMU,26870.900,-0.122,-0.122,-0.183,0.01708,1.00732,0.15234,28.73
$IMU,26870.903,-0.061,-0.244,-0.122,0.01953,1.00195,0.15332,28.73
$MAG,26870.904,-0.142,-0.523,-0.531,27.6
$IMU,26870.905,-0.061,-0.122,-0.122,0.01660,0.99951,0.15478,28.73
$IMU,26870.907,0.000,-0.061,-0.244,0.01611,1.00390,0.15136,28.73
$IMU,26870.910,0.000,-0.061,-0.244,0.01806,1.00390,0.15087,28.73
$IMU,26870.912,0.061,-0.122,-0.183,0.01757,1.00878,0.15380,28.73
$MAG,26870.914,-0.147,-0.522,-0.537,27.6
$IMU,26870.914,0.000,-0.061,-0.122,0.01953,1.00390,0.15087,28.74
$IMU,26870.917,0.000,-0.122,-0.122,0.01904,1.00537,0.15380,28.74
$IMU,26870.919,-0.061,-0.061,-0.061,0.01855,1.00439,0.15185,28.74
$IMU,26870.921,-0.244,0.000,-0.122,0.01953,1.00292,0.14941,28.74
$MAG,26870.924,-0.145,-0.520,-0.529,27.6
$IMU,26870.924,-0.183,-0.183,-0.183,0.01855,1.00439,0.15039,28.74
$IMU,26870.926,-0.183,-0.061,-0.183,0.02001,0.99951,0.15039,28.74
$IMU,26870.928,-0.244,-0.061,-0.183,0.01904,1.00097,0.15039,28.74
$IMU,26870.931,-0.305,-0.061,-0.122,0.01611,0.99853,0.15087,28.74
$IMU,26870.933,-0.305,0.000,-0.122,0.01806,1.00439,0.15380,28.73
$MAG,26870.934,-0.145,-0.520,-0.538,27.6
$IMU,26870.935,-0.305,-0.061,-0.061,0.02050,1.00097,0.15332,28.73
$IMU,26870.938,-0.305,-0.183,-0.122,0.02050,1.00439,0.15185,28.73
$IMU,26870.940,-0.366,-0.122,-0.122,0.01806,1.00292,0.15234,28.73
$IMU,26870.943,-0.427,-0.122,-0.183,0.01806,1.00244,0.15185,28.73
$MAG,26870.944,-0.147,-0.517,-0.529,27.5
$IMU,26870.945,-0.427,0.000,-0.183,0.01806,1.00244,0.15136,28.73
$IMU,26870.947,-0.366,-0.061,-0.122,0.01708,1.00195,0.15087,28.73
$IMU,26870.950,-0.366,-0.244,-0.122,0.02001,1.00341,0.15136,28.73
$IMU,26870.952,-0.305,-0.244,-0.122,0.01855,1.00341,0.15136,28.69
$MAG,26870.954,-0.153,-0.520,-0.523,27.6
$IMU,26870.954,-0.305,-0.183,-0.122,0.01855,1.00341,0.14843,28.69
$IMU,26870.957,-0.305,0.061,-0.183,0.01855,1.00390,0.14990,28.69
$IMU,26870.959,-0.305,-0.061,-0.244,0.01660,1.00341,0.15087,28.69
$IMU,26870.961,-0.244,-0.183,-0.244,0.01611,1.00000,0.15283,28.69
$MAG,26870.964,-0.142,-0.522,-0.529,27.6
$IMU,26870.964,-0.183,-0.061,-0.244,0.01855,1.00146,0.15136,28.69
$IMU,26870.966,-0.122,-0.122,-0.183,0.01611,1.00244,0.15087,28.69
$IMU,26870.968,-0.183,-0.061,-0.122,0.01611,1.00683,0.15185,28.69
$IMU,26870.971,-0.183,-0.061,-0.183,0.01855,1.00292,0.15234,28.69
$IMU,26870.973,-0.122,-0.183,-0.244,0.02050,1.00537,0.15136,28.69
$MAG,26870.974,-0.145,-0.516,-0.535,27.6
$IMU,26870.975,-0.122,-0.183,-0.244,0.01757,1.00000,0.15136,28.69
$IMU,26870.978,-0.183,0.000,-0.244,0.01806,0.99951,0.15380,28.69
$IMU,26870.980,-0.183,-0.122,-0.244,0.01855,1.00146,0.15283,28.69
$IMU,26870.982,-0.244,-0.061,-0.183,0.01953,1.00439,0.15039,28.69
$MAG,26870.985,-0.151,-0.519,-0.531,27.6
$IMU,26870.985,-0.244,0.000,-0.122,0.02001,1.00244,0.15087,28.69
$IMU,26870.987,-0.244,-0.183,-0.122,0.01757,1.00146,0.15283,28.69
$IMU,26870.989,-0.244,-0.122,-0.122,0.01611,1.00341,0.14843,28.65
$BARO,26870.992,86859.55,28.60
$IMU,26870.992,-0.366,0.061,-0.061,0.01708,1.00146,0.15136,28.65
$IMU,26870.994,-0.366,0.061,-0.183,0.01416,1.00390,0.15283,28.65
$MAG,26870.995,-0.142,-0.517,-0.534,27.6
$IMU,26870.996,-0.305,-0.122,-0.244,0.01855,1.00292,0.15283,28.65
$IMU,26870.999,-0.305,-0.061,-0.183,0.01855,1.00292,0.15185,28.65
$IMU,26871.001,-0.305,-0.122,-0.122,0.01855,1.00048,0.14941,28.65
$IMU,26871.004,-0.305,-0.061,-0.122,0.01806,1.00537,0.15429,28.65
$MAG,26871.005,-0.142,-0.514,-0.538,27.6
$IMU,26871.006,-0.427,-0.061,-0.061,0.02197,1.00390,0.14941,28.65
$IMU,26871.008,-0.305,-0.122,-0.122,0.01904,1.00195,0.15185,28.72
$IMU,26871.011,-0.244,-0.244,-0.122,0.01953,1.00244,0.15087,28.72
$IMU,26871.013,-0.244,-0.122,-0.122,0.01708,1.00146,0.15185,28.72
$MAG,26871.015,-0.139,-0.516,-0.529,27.6
$IMU,26871.015,-0.244,-0.061,-0.183,0.01806,1.00537,0.15283,28.72
$IMU,26871.018,-0.183,-0.061,-0.183,0.01855,1.00000,0.15283,28.72
$IMU,26871.020,-0.183,-0.061,-0.061,0.01953,1.00634,0.15234,28.72
$IMU,26871.022,-0.183,-0.061,-0.122,0.02001,1.00585,0.15332,28.72
$MAG,26871.025,-0.150,-0.526,-0.528,27.6
$IMU,26871.025,-0.183,0.000,-0.183,0.01904,1.00341,0.15087,28.72
$IMU,26871.027,-0.122,-0.122,-0.122,0.01562,1.00634,0.15283,28.69
$IMU,26871.029,-0.183,-0.122,-0.122,0.01806,1.00439,0.15283,28.69
$IMU,26871.032,-0.183,-0.061,-0.244,0.01953,1.00537,0.15234,28.69
$IMU,26871.034,-0.244,0.000,-0.183,0.01855,1.00439,0.15136,28.69
$MAG,26871.035,-0.141,-0.525,-0.529,27.5
$IMU,26871.036,-0.244,-0.122,-0.122,0.01855,1.00390,0.14990,28.69
$IMU,26871.039,-0.244,-0.061,-0.122,0.02099,1.00390,0.15039,28.69
$IMU,26871.041,-0.122,-0.183,-0.244,0.02001,1.00195,0.15185,28.69
$IMU,26871.043,-0.183,-0.122,-0.183,0.01757,1.00292,0.15039,28.69
$MAG,26871.045,-0.151,-0.523,-0.532,27.6
$IMU,26871.046,-0.305,-0.061,-0.183,0.01464,1.00439,0.14990,28.73
$IMU,26871.048,-0.244,0.000,-0.183,0.01806,1.00390,0.14990,28.73
$IMU,26871.050,-0.366,-0.061,-0.183,0.01953,1.00292,0.15087,28.73
$IMU,26871.053,-0.244,-0.061,-0.122,0.01904,1.00244,0.15332,28.73
$MAG,26871.055,-0.147,-0.520,-0.537,27.7
$IMU,26871.055,-0.244,-0.244,-0.183,0.01757,1.00048,0.14990,28.73
$IMU,26871.057,-0.244,-0.244,-0.183,0.02197,0.99902,0.15185,28.73
$IMU,26871.060,-0.305,-0.122,-0.183,0.01757,1.00292,0.15039,28.73
$IMU,26871.062,-0.305,0.000,-0.244,0.01757,1.00048,0.14941,28.73
$MAG,26871.065,-0.142,-0.520,-0.532,27.5
$IMU,26871.065,-0.366,-0.244,-0.244,0.01904,1.00097,0.15087,28.73
$IMU,26871.067,-0.305,-0.183,-0.183,0.01660,1.00244,0.15185,28.73
$IMU,26871.069,-0.366,0.000,-0.061,0.01757,1.00488,0.15087,28.73
$IMU,26871.072,-0.305,-0.244,-0.122,0.01757,1.00488,0.15136,28.73
$IMU,26871.074,-0.305,0.000,-0.122,0.01904,1.00341,0.15234,28.73
$MAG,26871.075,-0.141,-0.523,-0.532,27.6
$IMU,26871.076,-0.183,0.000,-0.183,0.01953,1.00341,0.15478,28.73
$IMU,26871.079,-0.244,-0.183,-0.244,0.01757,1.00341,0.15332,28.73
$IMU,26871.081,-0.183,-0.122,-0.183,0.01660,1.00439,0.15185,28.73
$IMU,26871.083,-0.244,0.122,-0.122,0.01806,1.00439,0.15087,28.73
$MAG,26871.085,-0.142,-0.520,-0.535,27.6
$IMU,26871.086,-0.244,-0.122,-0.183,0.01757,1.00683,0.15283,28.73
$IMU,26871.088,-0.183,-0.122,-0.122,0.01953,1.00585,0.15087,28.73
$IMU,26871.090,-0.061,-0.061,-0.122,0.01757,1.00537,0.14990,28.73
$BARO,26871.093,86867.28,28.59
$IMU,26871.093,-0.122,-0.061,-0.183,0.01953,1.00292,0.14990,28.73
$IMU,26871.095,-0.122,-0.061,-0.183,0.01953,1.00195,0.15185,28.73
$MAG,26871.096,-0.144,-0.528,-0.535,27.6
$IMU,26871.097,-0.122,-0.061,-0.061,0.01611,1.00244,0.15087,28.73
$IMU,26871.100,-0.122,-0.183,-0.183,0.01904,1.00439,0.15087,28.73
$IMU,26871.102,-0.061,-0.183,-0.183,0.01708,1.00390,0.15087,28.72
$IMU,26871.104,-0.122,-0.061,-0.061,0.02001,1.00439,0.15087,28.72
$MAG,26871.106,-0.147,-0.517,-0.535,27.6
$IMU,26871.107,-0.244,-0.061,-0.061,0.02050,0.99951,0.15136,28.72
$IMU,26871.109,-0.183,-0.061,-0.122,0.02001,1.00683,0.15039,28.72
$IMU,26871.111,-0.244,0.000,-0.122,0.01953,0.99853,0.15136,28.72
$IMU,26871.114,-0.305,-0.061,-0.122,0.01904,1.00097,0.15087,28.72
$MAG,26871.116,-0.147,-0.522,-0.528,27.5
$IMU,26871.116,-0.366,-0.061,-0.183,0.01708,1.00390,0.15283,28.72
$IMU,26871.118,-0.366,0.000,-0.183,0.01953,1.00292,0.15136,28.72
$IMU,26871.121,-0.427,-0.122,-0.122,0.01855,1.00585,0.14843,28.72
$IMU,26871.123,-0.488,0.000,-0.183,0.01660,1.00097,0.15185,28.72
$MAG,26871.126,-0.139,-0.519,-0.537,27.7
$IMU,26871.126,-0.366,0.000,-0.183,0.02148,1.00097,0.14941,28.72
$IMU,26871.128,-0.244,-0.183,-0.183,0.02148,1.00439,0.15136,28.72
$IMU,26871.130,-0.366,-0.122,-0.244,0.01953,0.99951,0.15087,28.72
$IMU,26871.133,-0.305,-0.061,-0.183,0.01904,1.00244,0.15478,28.72
$IMU,26871.135,-0.366,-0.061,-0.183,0.01855,1.00292,0.15380,28.72
$MAG,26871.136,-0.144,-0.522,-0.522,27.6
$IMU,26871.137,-0.366,-0.122,-0.122,0.01416,1.00097,0.14990,28.72
$IMU,26871.140,-0.183,-0.183,-0.183,0.01660,1.00097,0.15332,28.72
$IMU,26871.142,-0.244,-0.183,-0.122,0.01660,1.00195,0.15283,28.72
$IMU,26871.144,-0.244,-0.122,-0.122,0.01855,1.00341,0.15527,28.72
$MAG,26871.146,-0.151,-0.526,-0.534,27.6
$IMU,26871.147,-0.305,0.061,-0.244,0.01660,1.00634,0.15478,28.72
$IMU,26871.149,-0.244,0.000,-0.244,0.01953,1.00146,0.15087,28.72
$IMU,26871.151,-0.244,-0.122,-0.183,0.01708,1.00585,0.15087,28.72
$IMU,26871.154,-0.183,-0.122,-0.183,0.01708,1.00732,0.15429,28.72
$MAG,26871.156,-0.145,-0.519,-0.531,27.6
$IMU,26871.156,-0.122,-0.122,-0.183,0.01855,1.00341,0.15087,28.72
$IMU,26871.158,-0.061,-0.061,-0.061,0.01806,1.00048,0.15087,28.67
$IMU,26871.161,-0.061,-0.122,-0.244,0.01708,1.00244,0.15332,28.67
$IMU,26871.163,-0.122,-0.061,-0.183,0.01953,1.00244,0.15039,28.67
$IMU,26871.165,-0.061,-0.061,-0.183,0.01953,1.00146,0.15185,28.67
$MAG,26871.166,-0.144,-0.519,-0.531,27.5
$IMU,26871.168,-0.061,-0.122,-0.122,0.01806,1.00048,0.15087,28.67
$IMU,26871.170,-0.244,0.000,-0.122,0.01708,1.00146,0.15283,28.67
$IMU,26871.172,-0.183,-0.061,-0.122,0.01611,1.00292,0.14990,28.67
$IMU,26871.175,-0.244,0.000,-0.122,0.02099,1.00390,0.15087,28.67
$MAG,26871.176,-0.145,-0.525,-0.537,27.7
$IMU,26871.177,-0.244,-0.061,-0.122,0.01660,1.00000,0.15283,28.72
$IMU,26871.179,-0.183,-0.183,-0.244,0.01855,1.00146,0.15332,28.72
$IMU,26871.182,-0.244,0.000,-0.244,0.01806,1.00244,0.15039,28.72
$IMU,26871.184,-0.305,0.000,-0.183,0.01757,1.00683,0.15087,28.72
$MAG,26871.186,-0.145,-0.520,-0.532,27.6
$IMU,26871.187,-0.305,-0.122,-0.183,0.01660,1.00439,0.15332,28.72
$IMU,26871.189,-0.366,-0.122,-0.061,0.01757,1.00488,0.15185,28.72
$IMU,26871.191,-0.305,-0.122,-0.122,0.02099,1.00683,0.15332,28.72
$BARO,26871.194,86865.55,28.60
$IMU,26871.194,-0.244,-0.183,-0.183,0.01904,1.00390,0.15039,28.72
$MAG,26871.196,-0.147,-0.519,-0.534,27.8
$IMU,26871.196,-0.366,-0.122,-0.122,0.01562,1.00439,0.15185,28.73
$IMU,26871.198,-0.366,-0.183,-0.122,0.01855,1.00537,0.15185,28.73
$IMU,26871.201,-0.427,-0.061,-0.183,0.01708,1.00097,0.15234,28.73
$IMU,26871.203,-0.305,-0.122,-0.122,0.01708,1.00244,0.15039,28.73
$IMU,26871.205,-0.305,-0.305,-0.122,0.01708,1.00488,0.15429,28.73
$MAG,26871.207,-0.145,-0.522,-0.544,27.6
$IMU,26871.208,-0.305,-0.061,-0.122,0.01855,1.00585,0.15039,28.73
$IMU,26871.210,-0.305,-0.061,-0.183,0.01904,1.00048,0.15185,28.73
$IMU,26871.212,-0.366,-0.061,-0.183,0.01611,1.00146,0.15234,28.73
$VBAT,26871.214,4.130
$IMU,26871.215,-0.305,-0.061,-0.244,0.01806,1.00097,0.15234,28.72
$MAG,26871.217,-0.145,-0.528,-0.529,27.6
$IMU,26871.217,-0.244,-0.061,-0.305,0.01806,1.00488,0.15234,28.72
$IMU,26871.219,-0.183,-0.244,-0.183,0.01953,1.00390,0.15332,28.72
$IMU,26871.222,-0.122,-0.122,-0.122,0.01855,1.00537,0.15087,28.72
$IMU,26871.224,-0.183,-0.061,-0.183,0.02099,1.00048,0.15087,28.72
$IMU,26871.226,-0.183,-0.061,-0.122,0.02197,1.00439,0.15429,28.72
$MAG,26871.227,-0.151,-0.523,-0.538,27.5
$IMU,26871.229,-0.183,0.000,-0.183,0.02001,1.00585,0.15332,28.72
$IMU,26871.231,-0.122,-0.061,-0.122,0.01757,1.00585,0.15332,28.72
$IMU,26871.233,-0.061,-0.244,-0.183,0.01660,1.00390,0.15234,28.72
$IMU,26871.236,-0.122,-0.122,-0.183,0.01904,1.00585,0.15234,28.72
$MAG,26871.237,-0.147,-0.520,-0.531,27.6
$IMU,26871.238,-0.122,-0.122,-0.183,0.01562,1.00097,0.15234,28.72
$IMU,26871.240,-0.183,-0.061,-0.183,0.01757,1.00292,0.14941,28.72
$IMU,26871.243,-0.122,-0.061,-0.122,0.01953,1.00390,0.14941,28.72
$IMU,26871.245,-0.122,-0.244,-0.183,0.01660,1.00488,0.15332,28.72
$MAG,26871.247,-0.141,-0.517,-0.531,27.6
$IMU,26871.248,-0.183,-0.061,-0.183,0.01562,1.00439,0.15332,28.72
$TIME,26871.249,510779.000,2399
$IMU,26871.250,-0.183,0.000,-0.183,0.02197,1.00195,0.15283,28.72
$IMU,26871.252,-0.244,-0.061,-0.183,0.01904,1.00488,0.15234,28.73
$IMU,26871.255,-0.305,-0.061,-0.244,0.01904,1.00195,0.15087,28.73
$MAG,26871.257,-0.151,-0.520,-0.534,27.6
$IMU,26871.257,-0.244,-0.061,-0.122,0.01855,1.00439,0.15136,28.73
$IMU,26871.259,-0.305,0.000,-0.061,0.01562,1.00048,0.15136,28.73
$IMU,26871.262,-0.244,-0.122,-0.183,0.02050,1.00781,0.15283,28.73
$IMU,26871.264,-0.305,-0.061,-0.122,0.01953,1.00097,0.15234,28.73
$IMU,26871.266,-0.366,0.061,-0.122,0.01757,1.00341,0.15087,28.73
$MAG,26871.267,-0.154,-0.522,-0.532,27.6
$IMU,26871.269,-0.366,-0.061,-0.122,0.01904,1.00585,0.15039,28.73
$IMU,26871.271,-0.305,0.000,-0.122,0.01904,1.00390,0.15234,28.76
$IMU,26871.273,-0.244,-0.183,-0.183,0.02001,1.00390,0.15185,28.76
$IMU,26871.276,-0.366,0.000,-0.183,0.01708,1.00244,0.14990,28.76
$MAG,26871.277,-0.141,-0.516,-0.532,27.5
$IMU,26871.278,-0.305,-0.122,-0.244,0.01855,1.00634,0.15039,28.76
$IMU,26871.280,-0.305,-0.061,-0.122,0.02099,1.00683,0.14892,28.76
$IMU,26871.283,-0.305,-0.061,-0.122,0.01757,1.00488,0.15234,28.76
$IMU,26871.285,-0.305,-0.061,-0.122,0.02050,1.00097,0.15087,28.76
$IMU,26871.287,-0.366,0.000,-0.183,0.01708,1.00097,0.15136,28.76
$MAG,26871.287,-0.136,-0.526,-0.526,27.3
$IMU,26871.290,-0.244,-0.183,-0.061,0.01904,1.00146,0.15283,28.77
$IMU,26871.292,-0.244,-0.122,-0.122,0.01757,1.00195,0.15234,28.77
$IMU,26871.294,-0.244,-0.122,-0.183,0.01904,1.00244,0.15283,28.77
$BARO,26871.296,86864.55,28.60
$MAG,26871.297,-0.151,-0.519,-0.528,27.6
$IMU,26871.297,-0.183,-0.244,-0.244,0.01611,1.00097,0.15087,28.77
$IMU,26871.299,-0.305,-0.122,-0.244,0.01806,1.00341,0.15234,28.77
$IMU,26871.301,-0.305,-0.061,-0.244,0.01757,1.00244,0.15234,28.77
$IMU,26871.304,-0.183,-0.183,-0.183,0.01953,1.00439,0.15087,28.77
$IMU,26871.306,-0.183,-0.061,-0.183,0.01904,1.00195,0.15234,28.77
$MAG,26871.308,-0.145,-0.528,-0.534,27.7
$IMU,26871.309,-0.183,-0.122,-0.122,0.01708,1.00000,0.15136,28.76
$IMU,26871.311,-0.122,-0.183,-0.122,0.01806,1.00537,0.15087,28.76
$IMU,26871.313,-0.122,-0.122,-0.183,0.01708,1.00390,0.14990,28.76
$IMU,26871.316,-0.183,-0.183,-0.183,0.02001,1.00634,0.15185,28.76
$MAG,26871.318,-0.150,-0.526,-0.531,27.6
$IMU,26871.318,-0.244,-0.061,-0.244,0.01806,1.00292,0.15185,28.76
$IMU,26871.320,-0.183,-0.122,-0.244,0.01953,1.00634,0.15283,28.76
$IMU,26871.323,-0.183,0.000,-0.183,0.01757,1.00390,0.15234,28.76
$IMU,26871.325,-0.244,0.000,-0.122,0.01806,1.00292,0.15478,28.76
$IMU,26871.327,-0.183,-0.183,-0.183,0.01855,1.00488,0.14892,28.76
$MAG,26871.328,-0.147,-0.514,-0.531,27.5
$IMU,26871.330,-0.122,-0.183,-0.183,0.01806,1.00537,0.15039,28.76
$IMU,26871.332,-0.183,-0.183,-0.122,0.01660,1.00341,0.15087,28.76
$IMU,26871.334,-0.244,-0.061,-0.122,0.01464,1.00585,0.14941,28.76
$IMU,26871.337,-0.244,0.000,-0.122,0.01953,1.00390,0.15185,28.76
$MAG,26871.338,-0.150,-0.516,-0.540,27.6
$IMU,26871.339,-0.305,-0.061,-0.061,0.01855,1.00439,0.15185,28.76
$IMU,26871.341,-0.183,-0.183,-0.061,0.01904,1.00292,0.15136,28.76
$IMU,26871.344,-0.061,-0.122,-0.122,0.01806,1.00195,0.14941,28.76
$IMU,26871.346,-0.244,-0.061,-0.183,0.01904,1.00439,0.15185,28.73
$MAG,26871.348,-0.141,-0.522,-0.528,27.6
$IMU,26871.348,-0.183,-0.061,-0.183,0.01660,1.00537,0.15136,28.73
$IMU,26871.351,-0.366,0.122,-0.122,0.01855,1.00341,0.15185,28.73
$IMU,26871.353,-0.244,-0.122,-0.244,0.01855,1.00341,0.15429,28.73
$IMU,26871.355,-0.244,-0.183,-0.183,0.01904,1.00341,0.15332,28.73
$MAG,26871.358,-0.144,-0.522,-0.534,27.6
$IMU,26871.358,-0.305,0.000,-0.183,0.02197,1.00390,0.15087,28.73
$IMU,26871.360,-0.244,-0.122,-0.122,0.02050,1.00439,0.14990,28.73
$IMU,26871.362,-0.427,0.061,-0.244,0.01904,1.00195,0.15185,28.73
$IMU,26871.365,-0.366,0.061,-0.244,0.02246,1.00390,0.15185,28.74
$IMU,26871.367,-0.305,-0.061,-0.183,0.01855,1.00292,0.14990,28.74
$MAG,26871.368,-0.138,-0.519,-0.534,27.6
$IMU,26871.369,-0.366,-0.061,-0.183,0.01757,1.00000,0.15087,28.74
$IMU,26871.372,-0.305,-0.183,-0.183,0.01611,1.00244,0.15087,28.74
$IMU,26871.374,-0.427,0.122,-0.183,0.01855,1.00195,0.15185,28.74
$IMU,26871.377,-0.244,-0.061,-0.183,0.01611,1.00292,0.14794,28.74
$MAG,26871.378,-0.147,-0.522,-0.529,27.7
$IMU,26871.379,-0.305,-0.122,-0.244,0.02294,1.00537,0.15185,28.74
$IMU,26871.381,-0.122,-0.122,-0.244,0.01904,1.00537,0.15039,28.74
$IMU,26871.384,-0.183,-0.183,-0.244,0.01660,1.00341,0.15234,28.72
$IMU,26871.386,-0.305,-0.061,-0.244,0.02001,1.00195,0.15185,28.72
$MAG,26871.388,-0.147,-0.523,-0.528,27.6
$IMU,26871.388,-0.305,0.061,-0.183,0.01904,1.00292,0.14941,28.72
$IMU,26871.391,-0.305,-0.122,-0.122,0.01806,1.00537,0.14990,28.72
$IMU,26871.393,-0.122,-0.244,-0.183,0.01855,1.00488,0.15087,28.72
$IMU,26871.395,-0.244,-0.183,-0.122,0.02001,1.00390,0.14941,28.72
$BARO,26871.397,86862.72,28.60
$MAG,26871.398,-0.142,-0.523,-0.531,27.6
$IMU,26871.398,-0.244,0.000,-0.183,0.01904,1.00537,0.14990,28.72
$IMU,26871.400,-0.183,-0.122,-0.183,0.01806,1.00341,0.14990,28.72
$IMU,26871.402,-0.305,0.061,-0.183,0.01757,1.00488,0.15283,28.66
$IMU,26871.405,-0.244,-0.183,-0.122,0.01513,1.00146,0.15185,28.66
$IMU,26871.407,-0.183,-0.183,-0.122,0.01367,1.00634,0.15136,28.66
$MAG,26871.408,-0.142,-0.523,-0.535,27.5
$IMU,26871.409,-0.244,-0.122,-0.061,0.01708,1.00439,0.15039,28.66
$IMU,26871.412,-0.183,-0.183,-0.122,0.01513,1.00439,0.15039,28.66
$IMU,26871.414,-0.305,0.061,-0.122,0.01660,1.00292,0.15380,28.66
$IMU,26871.416,-0.183,-0.122,-0.183,0.01660,1.00439,0.15234,28.66
$MAG,26871.419,-0.142,-0.525,-0.537,27.6
$IMU,26871.419,-0.061,-0.244,-0.183,0.01416,0.99853,0.15332,28.66
$IMU,26871.421,-0.244,-0.122,-0.122,0.01708,1.00292,0.15234,28.74
$IMU,26871.423,-0.183,-0.244,-0.183,0.01855,1.00439,0.15087,28.74
$IMU,26871.426,-0.244,-0.061,-0.122,0.01757,1.00683,0.15087,28.74
$IMU,26871.428,-0.244,-0.061,-0.183,0.01708,1.00439,0.15429,28.74
$MAG,26871.429,-0.154,-0.523,-0.523,27.6
$IMU,26871.430,-0.183,-0.183,-0.183,0.01855,1.00097,0.15136,28.74
$IMU,26871.433,-0.061,-0.122,-0.183,0.01708,1.00244,0.15332,28.74
$IMU,26871.435,-0.183,-0.061,-0.244,0.01855,1.00634,0.15039,28.74
$IMU,26871.438,-0.122,-0.122,-0.244,0.01708,1.00146,0.15283,28.74
$MAG,26871.439,-0.139,-0.525,-0.525,27.6
$IMU,26871.440,-0.244,-0.122,-0.183,0.01757,1.00732,0.15136,28.74
$IMU,26871.442,-0.183,-0.244,-0.183,0.01855,1.00146,0.15234,28.74
$IMU,26871.445,-0.183,-0.183,-0.183,0.02246,1.00244,0.15087,28.74
$IMU,26871.447,-0.183,-0.183,-0.122,0.01855,1.00634,0.15087,28.74
$MAG,26871.449,-0.145,-0.520,-0.528,27.5
$IMU,26871.449,-0.183,-0.122,-0.183,0.02050,1.00244,0.15185,28.74
$IMU,26871.452,-0.244,0.000,-0.183,0.01708,1.00244,0.15087,28.74
$IMU,26871.454,-0.305,0.000,-0.183,0.02001,1.00585,0.14892,28.74
$IMU,26871.456,-0.366,-0.122,-0.122,0.01757,1.00292,0.15136,28.74
$MAG,26871.459,-0.148,-0.519,-0.529,27.6
$IMU,26871.459,-0.305,-0.122,-0.061,0.01611,1.00488,0.14990,28.67
$IMU,26871.461,-0.305,-0.061,-0.183,0.01562,1.00341,0.14990,28.67
$IMU,26871.463,-0.366,-0.244,-0.183,0.01660,1.00292,0.15283,28.67
$IMU,26871.466,-0.366,-0.061,-0.244,0.01855,1.00585,0.14941,28.67
$IMU,26871.468,-0.366,0.000,-0.183,0.01708,1.00390,0.15185,28.67
$MAG,26871.469,-0.139,-0.522,-0.537,27.6
$IMU,26871.470,-0.366,-0.061,-0.244,0.01660,0.99853,0.15283,28.67
$IMU,26871.473,-0.305,-0.183,-0.305,0.02099,1.00146,0.15283,28.67
$IMU,26871.475,-0.305,0.000,-0.244,0.01660,1.00732,0.15332,28.67
$IMU,26871.477,-0.244,-0.183,-0.122,0.01513,1.00292,0.15429,28.71
$MAG,26871.479,-0.142,-0.519,-0.535,27.6
$IMU,26871.480,-0.183,-0.122,-0.244,0.01611,1.00195,0.15234,28.71
$IMU,26871.482,-0.305,0.061,-0.244,0.01464,1.00244,0.15136,28.71
$IMU,26871.484,-0.183,-0.122,-0.244,0.01708,1.00537,0.15380,28.71
$IMU,26871.487,-0.122,-0.183,-0.183,0.02294,1.00292,0.15283,28.71
$MAG,26871.489,-0.141,-0.520,-0.526,27.7
$IMU,26871.489,-0.061,-0.122,-0.122,0.01855,1.00244,0.14941,28.71
$IMU,26871.491,-0.122,-0.122,-0.183,0.01708,1.00341,0.14941,28.71
$IMU,26871.494,-0.183,-0.061,-0.122,0.02001,1.00585,0.15234,28.71
$IMU,26871.496,-0.183,0.000,-0.122,0.01708,1.00390,0.15234,28.75
$BARO,26871.499,86866.96,28.61
$MAG,26871.499,-0.144,-0.523,-0.532,27.6
$IMU,26871.499,-0.183,-0.061,-0.183,0.02050,1.00195,0.15283,28.75
$IMU,26871.501,-0.183,-0.122,-0.183,0.01660,1.00390,0.15087,28.75
$IMU,26871.503,-0.122,0.000,-0.183,0.01562,1.00244,0.14990,28.75
$IMU,26871.506,-0.183,-0.061,-0.122,0.01611,1.00341,0.15039,28.75
$IMU,26871.508,-0.244,-0.061,-0.183,0.01904,1.00244,0.15332,28.75
$MAG,26871.509,-0.148,-0.511,-0.537,27.6
$IMU,26871.510,-0.122,-0.122,-0.061,0.02001,1.00341,0.15234,28.75
$IMU,26871.513,-0.183,-0.061,-0.244,0.01904,1.00195,0.15039,28.75
$IMU,26871.515,-0.183,-0.183,-0.183,0.01660,1.00537,0.15283,28.78
$IMU,26871.517,-0.305,0.000,-0.183,0.01806,1.00292,0.15527,28.78
$MAG,26871.519,-0.142,-0.529,-0.535,27.6
$IMU,26871.520,-0.305,0.000,-0.183,0.01660,1.00195,0.15136,28.78
$IMU,26871.522,-0.244,-0.061,-0.183,0.01855,1.00048,0.14990,28.78
$IMU,26871.524,-0.244,0.000,-0.061,0.02001,1.00195,0.15234,28.78
$IMU,26871.527,-0.183,-0.183,-0.122,0.01806,1.00244,0.15478,28.78
$IMU,26871.529,-0.305,-0.122,-0.122,0.01757,1.00097,0.15185,28.78
$MAG,26871.530,-0.150,-0.519,-0.528,27.6
$IMU,26871.531,-0.366,-0.061,-0.122,0.01806,1.00146,0.15087,28.78
$IMU,26871.534,-0.305,-0.122,-0.122,0.02148,1.00390,0.15039,28.73
$IMU,26871.536,-0.305,-0.122,-0.244,0.02050,1.00439,0.14941,28.73
$IMU,26871.538,-0.305,0.061,-0.183,0.01953,1.00292,0.15087,28.73
$MAG,26871.540,-0.150,-0.525,-0.531,27.6
$IMU,26871.541,-0.366,-0.122,-0.122,0.01904,1.00146,0.15136,28.73
$IMU,26871.543,-0.366,0.000,-0.122,0.01660,1.00195,0.14892,28.73
$IMU,26871.545,-0.305,-0.061,-0.183,0.02001,1.00439,0.15234,28.73
$IMU,26871.548,-0.305,-0.183,-0.183,0.01757,1.00146,0.15380,28.73
$MAG,26871.550,-0.142,-0.520,-0.532,27.6
$IMU,26871.550,-0.305,0.000,-0.183,0.01855,1.00146,0.15185,28.73
$IMU,26871.552,-0.305,-0.061,-0.244,0.01953,1.00537,0.15185,28.70
$IMU,26871.555,-0.366,0.000,-0.305,0.01806,1.00634,0.15234,28.70
$IMU,26871.557,-0.305,-0.061,-0.244,0.01855,1.00292,0.15234,28.70
$MAG,26871.560,-0.141,-0.513,-0.526,27.6
$IMU,26871.560,-0.183,-0.061,-0.122,0.01660,1.00146,0.15380,28.70
$IMU,26871.562,-0.244,-0.061,-0.122,0.01904,1.00390,0.15136,28.70
$IMU,26871.564,-0.183,-0.122,-0.122,0.02099,1.00244,0.15429,28.70
$IMU,26871.567,-0.244,0.000,-0.183,0.01660,1.00341,0.14941,28.70
$IMU,26871.569,-0.122,-0.183,-0.244,0.01611,1.00341,0.15039,28.70
$MAG,26871.570,-0.150,-0.519,-0.534,27.6
$IMU,26871.571,-0.061,-0.183,-0.183,0.01708,1.00048,0.15478,28.72
$IMU,26871.574,-0.183,-0.061,-0.122,0.01416,0.99951,0.15039,28.72
$IMU,26871.576,-0.122,-0.122,-0.183,0.01806,1.00195,0.15039,28.72
$IMU,26871.578,-0.183,-0.183,-0.122,0.01757,1.00292,0.15087,28.72
$MAG,26871.580,-0.141,-0.520,-0.532,27.6
$IMU,26871.581,-0.244,-0.061,-0.122,0.01953,1.00048,0.15283,28.72
$IMU,26871.583,-0.183,-0.183,-0.183,0.01855,1.00292,0.15332,28.72
$IMU,26871.585,-0.183,-0.061,-0.122,0.01953,1.00341,0.15234,28.72
$IMU,26871.588,-0.244,-0.122,-0.183,0.01855,1.00146,0.14990,28.72
$MAG,26871.590,-0.136,-0.525,-0.532,27.7
$IMU,26871.590,-0.366,0.061,-0.183,0.01953,1.00195,0.15039,28.71
$IMU,26871.592,-0.366,0.000,-0.183,0.01757,1.00488,0.15136,28.71
$IMU,26871.595,-0.244,-0.122,-0.122,0.01806,1.00292,0.15234,28.71
$IMU,26871.597,-0.244,-0.122,-0.122,0.01464,1.00488,0.14843,28.71
$IMU,26871.599,-0.183,-0.183,-0.183,0.01562,1.00537,0.15087,28.71
$BARO,26871.600,86872.13,28.61
$MAG,26871.600,-0.142,-0.510,-0.532,27.6
$IMU,26871.602,-0.305,-0.122,-0.244,0.01904,1.00244,0.15136,28.71
$IMU,26871.604,-0.305,-0.122,-0.244,0.02001,1.00341,0.15332,28.71
$IMU,26871.606,-0.305,0.000,-0.305,0.01416,1.00195,0.15039,28.71
$IMU,26871.609,-0.305,-0.061,-0.183,0.01757,1.00439,0.15234,28.73
$MAG,26871.610,-0.145,-0.519,-0.535,27.6
$IMU,26871.611,-0.183,-0.183,-0.122,0.01904,1.00390,0.15283,28.73
$IMU,26871.613,-0.244,0.000,-0.122,0.01806,1.00537,0.15283,28.73
$IMU,26871.616,-0.305,0.000,-0.183,0.01904,1.00537,0.15136,28.73
$IMU,26871.618,-0.244,-0.061,-0.183,0.02099,1.00341,0.15039,28.73
$MAG,26871.620,-0.147,-0.525,-0.538,27.6
$IMU,26871.621,-0.244,-0.061,-0.183,0.01757,1.00488,0.15332,28.73
$IMU,26871.623,-0.183,0.000,-0.244,0.01806,1.00390,0.15185,28.73
$IMU,26871.625,-0.183,-0.122,-0.183,0.01757,1.00000,0.15185,28.73
$IMU,26871.628,-0.305,-0.061,-0.122,0.01660,1.00000,0.15234,28.72
$MAG,26871.630,-0.138,-0.520,-0.532,27.6
$IMU,26871.630,-0.244,-0.061,-0.061,0.02099,1.00146,0.14990,28.72
$IMU,26871.632,-0.244,-0.061,-0.122,0.01904,1.00097,0.15332,28.72
$IMU,26871.635,-0.183,-0.122,-0.122,0.01660,1.00439,0.15136,28.72
$IMU,26871.637,-0.122,-0.183,-0.183,0.02001,0.99853,0.14990,28.72
$IMU,26871.639,-0.183,-0.183,-0.244,0.01660,1.00732,0.15332,28.72
$MAG,26871.641,-0.144,-0.526,-0.531,27.6
$IMU,26871.642,-0.244,-0.122,-0.183,0.01708,1.00439,0.15234,28.72
$IMU,26871.644,-0.305,-0.122,-0.183,0.01904,1.00488,0.14990,28.72
$IMU,26871.646,-0.305,-0.061,-0.061,0.02197,1.00244,0.15136,28.76
$IMU,26871.649,-0.244,-0.183,-0.122,0.02197,1.00634,0.15380,28.76
$MAG,26871.651,-0.147,-0.519,-0.532,27.6
$IMU,26871.651,-0.244,-0.122,-0.183,0.02001,1.00781,0.15429,28.76
$IMU,26871.653,-0.244,-0.061,-0.183,0.01806,1.00390,0.14941,28.76
$IMU,26871.656,-0.244,-0.061,-0.183,0.01953,1.00439,0.15429,28.76
$IMU,26871.658,-0.305,-0.061,-0.244,0.01708,1.00292,0.15234,28.76
$HUM,26871.660,34.6,29.0
$IMU,26871.660,-0.305,-0.061,-0.244,0.01660,1.00146,0.15283,28.76
$MAG,26871.661,-0.139,-0.522,-0.538,27.6
$IMU,26871.663,-0.244,-0.061,-0.183,0.01904,1.00097,0.15234,28.76
$IMU,26871.665,-0.244,0.000,-0.183,0.01806,1.00292,0.15185,28.71
$IMU,26871.667,-0.183,-0.061,-0.122,0.01708,1.00341,0.15185,28.71
$IMU,26871.670,-0.122,-0.183,-0.183,0.01660,1.00439,0.15039,28.71
$MAG,26871.671,-0.148,-0.516,-0.532,27.6
$IMU,26871.672,-0.122,0.000,-0.122,0.02246,1.00195,0.15478,28.71
$IMU,26871.674,-0.122,-0.122,-0.122,0.02050,1.00292,0.15136,28.71
$IMU,26871.677,-0.183,-0.244,-0.122,0.01416,1.00439,0.14941,28.71
$IMU,26871.679,-0.244,0.000,-0.061,0.01757,1.00292,0.15185,28.71
$MAG,26871.681,-0.144,-0.528,-0.540,27.6
$IMU,26871.682,-0.305,-0.061,-0.122,0.01611,1.00341,0.15234,28.71
$IMU,26871.684,-0.305,-0.122,-0.183,0.01855,1.00048,0.15283,28.71
$IMU,26871.686,-0.305,0.000,-0.183,0.01806,1.00390,0.15380,28.71
$IMU,26871.689,-0.244,-0.122,-0.244,0.01855,1.00000,0.15185,28.71
$MAG,26871.691,-0.139,-0.520,-0.528,27.6
$IMU,26871.691,-0.244,-0.244,-0.244,0.01660,1.00097,0.15478,28.71
$IMU,26871.693,-0.244,-0.061,-0.122,0.01904,1.00292,0.15380,28.71
$IMU,26871.696,-0.244,-0.061,-0.061,0.01953,1.00341,0.15136,28.71
$IMU,26871.698,-0.244,-0.122,-0.183,0.01806,1.00390,0.14941,28.71
$IMU,26871.700,-0.244,-0.122,-0.061,0.01757,1.00537,0.15087,28.71
$MAG,26871.701,-0.145,-0.516,-0.531,27.6
$BARO,26871.702,86859.19,28.61
$IMU,26871.703,-0.244,-0.122,-0.122,0.01660,1.00390,0.15136,28.75
$IMU,26871.705,-0.244,-0.122,-0.183,0.01806,1.00732,0.14990,28.75
$IMU,26871.707,-0.244,-0.061,-0.244,0.01757,1.00341,0.15136,28.75
$IMU,26871.710,-0.366,0.000,-0.183,0.01660,1.00097,0.14990,28.75
$MAG,26871.711,-0.151,-0.519,-0.534,27.6
$IMU,26871.712,-0.305,-0.061,-0.183,0.02001,1.00341,0.15185,28.75
$IMU,26871.714,-0.183,-0.183,-0.122,0.01757,1.00195,0.15136,28.75
$IMU,26871.717,-0.244,-0.061,-0.122,0.01660,1.00390,0.15185,28.75
$IMU,26871.719,-0.244,-0.061,-0.183,0.01708,1.00732,0.14843,28.75
$MAG,26871.721,-0.138,-0.520,-0.540,27.7
$IMU,26871.721,-0.183,-0.061,-0.183,0.01708,1.00537,0.14746,28.75
$IMU,26871.724,-0.244,0.000,-0.244,0.01708,0.99951,0.15185,28.75
$IMU,26871.726,-0.244,-0.061,-0.183,0.01757,1.00048,0.15332,28.75
$IMU,26871.728,-0.244,-0.122,-0.122,0.01757,1.00341,0.15429,28.75
$MAG,26871.731,-0.148,-0.513,-0.523,27.6
$IMU,26871.731,-0.244,-0.061,-0.122,0.01904,1.00244,0.15185,28.75
$IMU,26871.733,-0.244,-0.183,-0.122,0.01562,1.00390,0.15136,28.75
$IMU,26871.735,-0.244,-0.061,-0.122,0.01757,1.00683,0.15185,28.75
$IMU,26871.738,-0.305,0.061,-0.183,0.01464,1.00292,0.15332,28.75
$IMU,26871.740,-0.244,-0.183,-0.183,0.01904,1.00341,0.15185,28.76
$MAG,26871.741,-0.145,-0.522,-0.535,27.6
$IMU,26871.743,-0.244,-0.183,-0.183,0.01757,1.00097,0.15234,28.76
$IMU,26871.745,-0.305,0.000,-0.244,0.01708,1.00146,0.15087,28.76
$IMU,26871.747,-0.305,0.061,-0.183,0.01660,1.00439,0.15380,28.76
$IMU,26871.750,-0.244,-0.061,-0.122,0.01513,1.00292,0.15332,28.76
$MAG,26871.752,-0.145,-0.523,-0.529,27.5
$IMU,26871.752,-0.183,-0.244,-0.061,0.01806,1.00146,0.15234,28.76
$IMU,26871.754,-0.122,-0.305,-0.122,0.01611,1.00000,0.15039,28.76
$IMU,26871.757,-0.244,-0.122,-0.122,0.02050,1.00244,0.15234,28.76
$IMU,26871.759,-0.305,-0.061,-0.244,0.01660,1.00488,0.15234,28.69
$IMU,26871.761,-0.366,0.000,-0.183,0.01953,1.00390,0.15136,28.69
$MAG,26871.762,-0.145,-0.520,-0.531,27.6
$IMU,26871.764,-0.305,-0.061,-0.183,0.01757,1.00244,0.15332,28.69
$IMU,26871.766,-0.244,-0.061,-0.183,0.01904,1.00341,0.15039,28.69
$IMU,26871.768,-0.244,-0.122,-0.183,0.01855,1.00488,0.15185,28.69
$IMU,26871.771,-0.183,-0.122,-0.122,0.02001,1.00244,0.15136,28.69
$MAG,26871.772,-0.141,-0.520,-0.528,27.7
$IMU,26871.773,-0.122,-0.122,-0.183,0.01855,1.00341,0.15039,28.69
$IMU,26871.775,-0.183,-0.061,-0.183,0.02050,1.00341,0.15039,28.69
$IMU,26871.778,-0.122,-0.061,-0.183,0.01806,1.00341,0.15087,28.76
$IMU,26871.780,-0.244,-0.122,-0.183,0.01708,1.00537,0.15039,28.76
$MAG,26871.782,-0.151,-0.519,-0.541,27.6
$IMU,26871.782,-0.183,-0.183,-0.183,0.01708,1.00390,0.15332,28.76
$IMU,26871.785,-0.244,-0.061,-0.183,0.01611,1.00634,0.15185,28.76
$IMU,26871.787,-0.244,-0.122,-0.183,0.01757,1.00732,0.15429,28.76
$IMU,26871.789,-0.305,0.000,-0.183,0.01855,1.00244,0.15039,28.76
$MAG,26871.792,-0.147,-0.525,-0.526,27.6
$IMU,26871.792,-0.305,0.000,-0.183,0.01660,1.00244,0.15087,28.76
$IMU,26871.794,-0.244,-0.122,-0.122,0.01855,1.00439,0.15185,28.76
$IMU,26871.796,-0.305,0.000,-0.183,0.02050,1.00292,0.15087,28.75
$IMU,26871.799,-0.244,0.000,-0.122,0.01806,1.00000,0.14990,28.75
$IMU,26871.801,-0.305,0.000,-0.183,0.01953,0.99951,0.15283,28.75
$MAG,26871.802,-0.142,-0.525,-0.535,27.5
$BARO,26871.803,86868.11,28.61
$IMU,26871.803,-0.244,-0.061,-0.183,0.01757,1.00195,0.15136,28.75
$IMU,26871.806,-0.305,-0.122,-0.183,0.01611,1.00195,0.15234,28.75
$IMU,26871.808,-0.244,-0.122,-0.244,0.01904,1.00292,0.14941,28.75
$IMU,26871.811,-0.305,-0.183,-0.183,0.01904,1.00244,0.15283,28.75
$MAG,26871.812,-0.147,-0.517,-0.540,27.6
$IMU,26871.813,-0.244,-0.122,-0.183,0.01660,1.00146,0.15185,28.75
$IMU,26871.815,-0.366,-0.061,-0.183,0.01855,1.00244,0.15283,28.72
$IMU,26871.818,-0.366,-0.061,-0.122,0.02001,1.00292,0.15283,28.72
$IMU,26871.820,-0.244,-0.061,-0.244,0.01953,1.00097,0.15283,28.72
$MAG,26871.822,-0.141,-0.522,-0.535,27.6
$IMU,26871.822,-0.244,-0.122,-0.244,0.01855,1.00292,0.15185,28.72
$IMU,26871.825,-0.366,-0.061,-0.305,0.01806,1.00341,0.15283,28.72
$IMU,26871.827,-0.244,-0.122,-0.183,0.01855,1.00390,0.15039,28.72
$IMU,26871.829,-0.305,-0.061,-0.183,0.02001,1.00537,0.15185,28.72
$IMU,26871.832,-0.244,-0.122,-0.183,0.01806,1.00390,0.15087,28.72
$MAG,26871.832,-0.141,-0.525,-0.532,27.6
$IMU,26871.834,-0.183,-0.061,-0.122,0.01757,1.00244,0.15332,28.77
$IMU,26871.836,-0.244,-0.061,-0.122,0.01953,1.00390,0.15283,28.77
$IMU,26871.839,-0.244,-0.061,-0.183,0.01806,1.00097,0.15283,28.77
$IMU,26871.841,-0.183,-0.122,-0.244,0.01855,1.00439,0.15429,28.77
$MAG,26871.842,-0.148,-0.520,-0.529,27.6
$IMU,26871.843,-0.122,-0.244,-0.183,0.01513,1.00195,0.15136,28.77
$IMU,26871.846,-0.183,-0.061,-0.122,0.01708,1.00488,0.15039,28.77
$IMU,26871.848,-0.122,-0.122,-0.122,0.01904,1.00048,0.15429,28.77
$IMU,26871.850,-0.244,-0.122,-0.122,0.01904,1.00000,0.15332,28.77
$MAG,26871.852,-0.148,-0.522,-0.534,27.6
$IMU,26871.853,-0.244,0.000,-0.061,0.01708,1.00390,0.15136,28.73
$IMU,26871.855,-0.183,0.000,-0.183,0.01708,1.00341,0.15380,28.73
$IMU,26871.857,-0.183,-0.122,-0.122,0.01708,1.00341,0.14990,28.73
$IMU,26871.860,-0.366,-0.122,-0.183,0.01806,1.00195,0.15332,28.73
$IMU,26871.862,-0.366,0.061,-0.183,0.01660,1.00195,0.15332,28.73
$MAG,26871.863,-0.135,-0.522,-0.534,27.6
$IMU,26871.864,-0.305,-0.122,-0.183,0.01611,1.00000,0.15087,28.73
$IMU,26871.867,-0.305,-0.244,-0.122,0.01660,1.00292,0.14990,28.73
$IMU,26871.869,-0.183,-0.244,-0.183,0.01806,1.00048,0.15039,28.73
$IMU,26871.872,-0.183,-0.061,-0.122,0.02050,1.00244,0.14990,28.74
$MAG,26871.873,-0.142,-0.519,-0.531,27.6
$IMU,26871.874,-0.244,-0.183,-0.183,0.01904,1.00195,0.15332,28.74
$IMU,26871.876,-0.183,-0.183,-0.183,0.01806,1.00292,0.15136,28.74
$IMU,26871.879,-0.244,-0.061,-0.122,0.01562,1.00341,0.15136,28.74
$IMU,26871.881,-0.183,-0.183,-0.244,0.01757,1.00537,0.15185,28.74
$IMU,26871.883,-0.244,-0.244,-0.061,0.01953,1.00634,0.15234,28.74
$MAG,26871.883,-0.147,-0.519,-0.531,27.7
$IMU,26871.886,-0.244,0.000,-0.183,0.01269,1.00292,0.15527,28.74
$IMU,26871.888,-0.305,0.061,-0.244,0.01953,1.00683,0.14941,28.74
$IMU,26871.890,-0.244,-0.061,-0.244,0.01660,1.00585,0.15136,28.74
$MAG,26871.893,-0.145,-0.520,-0.523,27.6
$IMU,26871.893,-0.122,-0.183,-0.122,0.01806,1.00732,0.15380,28.74
$IMU,26871.895,-0.183,-0.305,-0.183,0.01708,1.00488,0.15429,28.74
$IMU,26871.897,-0.183,-0.183,-0.183,0.01757,1.00341,0.15283,28.74
$IMU,26871.900,-0.244,0.000,-0.183,0.02050,1.00341,0.15185,28.74
$IMU,26871.902,-0.183,-0.122,-0.244,0.01806,1.00292,0.14941,28.74
$MAG,26871.903,-0.135,-0.523,-0.537,27.6
$BARO,26871.904,86865.84,28.61
$IMU,26871.904,-0.244,-0.061,-0.244,0.01611,1.00292,0.14941,28.74
$IMU,26871.907,-0.244,-0.061,-0.183,0.01904,1.00146,0.15185,28.74
$IMU,26871.909,-0.244,-0.122,-0.183,0.01855,1.00146,0.15136,28.78
$IMU,26871.911,-0.305,-0.122,-0.244,0.01855,1.00537,0.15136,28.78
$MAG,26871.913,-0.147,-0.523,-0.537,27.6
$IMU,26871.914,-0.305,-0.061,-0.122,0.01708,1.00439,0.15087,28.78
$IMU,26871.916,-0.366,0.000,-0.122,0.01660,1.00195,0.14990,28.78
$IMU,26871.918,-0.305,-0.183,-0.183,0.02001,1.00585,0.15234,28.78
$IMU,26871.921,-0.305,0.000,-0.122,0.01855,1.00439,0.14941,28.78
$MAG,26871.923,-0.147,-0.522,-0.540,27.6
$IMU,26871.923,-0.183,-0.122,-0.183,0.01611,1.00244,0.15234,28.78
$IMU,26871.925,-0.366,-0.183,-0.244,0.01806,0.99951,0.14990,28.78
$IMU,26871.928,-0.366,0.000,-0.183,0.01562,1.00341,0.15185,28.74
$IMU,26871.930,-0.366,0.000,-0.122,0.01708,1.00244,0.15283,28.74
$MAG,26871.933,-0.142,-0.516,-0.538,27.6
$IMU,26871.933,-0.305,-0.122,-0.122,0.01904,1.00585,0.15234,28.74
$IMU,26871.935,-0.244,-0.122,-0.061,0.01757,1.00341,0.15136,28.74
$IMU,26871.937,-0.305,-0.061,-0.183,0.02001,1.00292,0.15185,28.74
$IMU,26871.940,-0.305,0.000,-0.183,0.01953,1.00146,0.15039,28.74
$IMU,26871.942,-0.244,-0.122,-0.183,0.01611,1.00195,0.15185,28.74
$MAG,26871.943,-0.138,-0.516,-0.534,27.6
$IMU,26871.944,-0.244,-0.122,-0.183,0.01708,1.00195,0.15136,28.74
$IMU,26871.947,-0.305,0.000,-0.122,0.01318,1.00341,0.15332,28.75
$IMU,26871.949,-0.244,-0.183,-0.122,0.01757,1.00195,0.15234,28.75
$IMU,26871.951,-0.183,-0.183,-0.122,0.01708,1.00292,0.15283,28.75
$MAG,26871.953,-0.145,-0.519,-0.531,27.7
$IMU,26871.954,-0.244,-0.061,-0.122,0.01855,1.00439,0.14941,28.75
$IMU,26871.956,-0.183,-0.061,-0.183,0.02050,1.00537,0.14941,28.75
$IMU,26871.958,-0.122,-0.122,-0.183,0.01904,1.00292,0.15185,28.75
$IMU,26871.961,-0.122,-0.061,-0.183,0.02197,1.00488,0.15185,28.75
$MAG,26871.963,-0.142,-0.520,-0.535,27.6
$IMU,26871.963,-0.183,-0.061,-0.183,0.01806,1.00146,0.15136,28.75
$IMU,26871.965,-0.183,-0.061,-0.183,0.01757,1.00488,0.15039,28.71
$IMU,26871.968,-0.183,-0.061,-0.122,0.01660,1.00439,0.15283,28.71
$IMU,26871.970,-0.183,-0.061,-0.122,0.02001,1.00195,0.15234,28.71
$IMU,26871.972,-0.061,-0.183,-0.122,0.01464,1.00244,0.15136,28.71
$MAG,26871.974,-0.145,-0.517,-0.535,27.6
$IMU,26871.975,-0.122,-0.183,-0.244,0.01806,1.00048,0.15332,28.71
$IMU,26871.977,-0.244,-0.061,-0.122,0.01953,1.00292,0.15234,28.71
$IMU,26871.979,-0.244,-0.122,-0.244,0.02001,1.00341,0.15332,28.71
$IMU,26871.982,-0.183,0.000,-0.183,0.01513,1.00292,0.15283,28.71
$MAG,26871.984,-0.144,-0.525,-0.531,27.6
$IMU,26871.984,-0.244,-0.122,-0.122,0.01708,1.00439,0.15039,28.73
$IMU,26871.986,-0.244,-0.122,-0.183,0.01757,1.00439,0.15087,28.73
$IMU,26871.989,-0.183,-0.122,-0.183,0.01660,1.00292,0.14990,28.73
$IMU,26871.991,-0.305,-0.183,-0.244,0.01708,1.00097,0.15136,28.73
$MAG,26871.994,-0.145,-0.511,-0.531,27.6
$IMU,26871.994,-0.305,-0.061,-0.183,0.01953,1.00000,0.15136,28.73
$IMU,26871.996,-0.427,0.000,-0.122,0.01953,1.00390,0.15332,28.73
$IMU,26871.998,-0.366,-0.122,-0.183,0.01806,1.00439,0.15136,28.73
$IMU,26872.001,-0.366,0.000,-0.183,0.02197,1.00439,0.15283,28.73
$IMU,26872.003,-0.488,0.061,-0.122,0.01611,1.00439,0.14990,28.73
$MAG,26872.004,-0.141,-0.520,-0.532,27.7
$IMU,26872.005,-0.488,0.061,-0.183,0.01904,1.00341,0.15136,28.73
$BARO,26872.006,86859.99,28.61
$IMU,26872.008,-0.305,-0.122,-0.244,0.01464,1.00292,0.15039,28.73
$IMU,26872.010,-0.305,-0.061,-0.183,0.01416,1.00585,0.15234,28.73
$IMU,26872.012,-0.305,-0.061,-0.244,0.01904,1.00537,0.15332,28.73
$MAG,26872.014,-0.144,-0.514,-0.531,27.6
$IMU,26872.015,-0.244,-0.183,-0.244,0.02050,1.00390,0.15332,28.73
$IMU,26872.017,-0.244,-0.061,-0.061,0.02197,1.00585,0.14941,28.73
$IMU,26872.019,-0.244,-0.061,-0.122,0.02001,1.00488,0.15380,28.73
$IMU,26872.022,-0.244,-0.183,-0.183,0.01660,1.00292,0.14990,28.73
$MAG,26872.024,-0.145,-0.523,-0.537,27.6
$IMU,26872.024,-0.244,-0.061,-0.183,0.01855,1.00244,0.15234,28.73
$IMU,26872.026,-0.183,-0.061,-0.183,0.01708,1.00781,0.15039,28.73
$IMU,26872.029,-0.183,0.000,-0.183,0.01708,1.00244,0.15087,28.73
$IMU,26872.031,-0.244,0.000,-0.244,0.01367,1.00244,0.15136,28.73
$IMU,26872.033,-0.122,-0.061,-0.183,0.01953,1.00292,0.15576,28.73
$MAG,26872.034,-0.139,-0.519,-0.520,27.6
$IMU,26872.036,-0.122,-0.244,-0.122,0.01513,1.00292,0.15380,28.73
$IMU,26872.038,-0.183,-0.183,-0.122,0.01513,1.00537,0.15087,28.73
$IMU,26872.040,-0.244,-0.061,-0.122,0.01904,1.00585,0.15234,28.74
$IMU,26872.043,-0.122,-0.244,-0.183,0.02246,1.00146,0.15332,28.74
$MAG,26872.044,-0.142,-0.525,-0.531,27.6
$IMU,26872.045,-0.183,-0.122,-0.183,0.01904,0.99755,0.14990,28.74
$IMU,26872.047,-0.183,-0.061,-0.183,0.01757,1.00390,0.15234,28.74
$IMU,26872.050,-0.305,-0.061,-0.061,0.01757,1.00097,0.15234,28.74
$IMU,26872.052,-0.305,0.061,-0.122,0.01904,1.00341,0.15039,28.74
$MAG,26872.054,-0.145,-0.522,-0.537,27.6
$IMU,26872.055,-0.305,0.000,-0.122,0.01904,1.00634,0.14990,28.74
$IMU,26872.057,-0.305,0.000,-0.122,0.01611,1.00097,0.14697,28.74
$IMU,26872.059,-0.305,-0.122,-0.183,0.01904,1.00195,0.15039,28.73
$IMU,26872.062,-0.244,0.000,-0.183,0.01806,1.00244,0.15136,28.73
$MAG,26872.064,-0.138,-0.520,-0.543,27.6
$IMU,26872.064,-0.183,0.000,-0.183,0.01660,1.00341,0.15234,28.73
$IMU,26872.066,-0.244,-0.122,-0.122,0.01757,1.00000,0.15185,28.73
$IMU,26872.069,-0.305,-0.061,-0.122,0.01855,1.00341,0.15283,28.73
$IMU,26872.071,-0.305,-0.183,-0.122,0.01953,1.00439,0.15332,28.73
$IMU,26872.073,-0.366,-0.183,-0.122,0.01953,1.00292,0.15136,28.73
$MAG,26872.074,-0.154,-0.519,-0.532,27.6
$IMU,26872.076,-0.305,-0.122,-0.122,0.01953,1.00585,0.15332,28.73
$IMU,26872.078,-0.305,-0.061,-0.183,0.01953,0.99902,0.15283,28.73
$IMU,26872.080,-0.366,-0.122,-0.183,0.01855,1.00292,0.14892,28.73
$IMU,26872.083,-0.305,-0.061,-0.122,0.01904,1.00341,0.15087,28.73
$MAG,26872.085,-0.139,-0.526,-0.537,27.7
$IMU,26872.085,-0.244,-0.061,-0.122,0.01757,1.00244,0.15087,28.73
$IMU,26872.087,-0.305,-0.244,-0.183,0.01806,1.00146,0.14990,28.73
$IMU,26872.090,-0.183,-0.183,-0.183,0.01904,1.00000,0.15136,28.73
$IMU,26872.092,-0.244,-0.061,-0.183,0.01513,1.00439,0.15283,28.73
$IMU,26872.094,-0.244,-0.061,-0.122,0.01464,1.00683,0.15185,28.73
$MAG,26872.095,-0.147,-0.523,-0.529,27.5
$IMU,26872.097,-0.244,0.000,-0.183,0.01611,1.00048,0.15283,28.75
$IMU,26872.099,-0.122,-0.183,-0.183,0.02099,1.00488,0.15039,28.75
$IMU,26872.101,-0.122,-0.122,-0.122,0.02099,1.00195,0.15283,28.75
$IMU,26872.104,-0.183,0.061,-0.122,0.02099,1.00634,0.15185,28.75
$MAG,26872.105,-0.145,-0.520,-0.525,27.6
$IMU,26872.106,-0.244,0.061,-0.122,0.02001,1.00488,0.15087,28.75
$BARO,26872.107,86864.84,28.61
$IMU,26872.108,-0.183,-0.244,-0.061,0.01757,1.00488,0.14941,28.75
$IMU,26872.111,-0.183,-0.183,-0.244,0.01708,1.00048,0.15332,28.75
$IMU,26872.113,-0.183,-0.122,-0.183,0.01708,0.99902,0.15283,28.75
$MAG,26872.115,-0.138,-0.522,-0.531,27.6
$IMU,26872.116,-0.183,-0.061,-0.183,0.01464,1.00244,0.15039,28.71
$IMU,26872.118,-0.183,-0.122,-0.061,0.01708,1.00195,0.15039,28.71
$IMU,26872.120,-0.183,-0.061,-0.061,0.01806,1.00341,0.15087,28.71
$IMU,26872.123,-0.244,-0.061,-0.122,0.02099,1.00341,0.15332,28.71
$MAG,26872.125,-0.150,-0.519,-0.532,27.6
$IMU,26872.125,-0.244,-0.122,-0.244,0.02050,1.00439,0.15185,28.71
$IMU,26872.127,-0.244,-0.122,-0.183,0.02050,1.00048,0.15185,28.71
$IMU,26872.130,-0.305,0.000,-0.183,0.01757,1.00292,0.15283,28.71
$IMU,26872.132,-0.305,-0.122,-0.183,0.01660,1.00683,0.15332,28.71
$IMU,26872.134,-0.183,-0.122,-0.122,0.01855,1.00292,0.15185,28.73
$MAG,26872.135,-0.141,-0.526,-0.528,27.6
$IMU,26872.137,-0.244,-0.061,-0.061,0.01904,1.00341,0.15087,28.73
$IMU,26872.139,-0.244,-0.061,-0.183,0.02050,1.00537,0.15380,28.73
$IMU,26872.141,-0.244,0.000,-0.122,0.01953,1.00488,0.15234,28.73
$IMU,26872.144,-0.305,-0.061,-0.183,0.01611,1.00390,0.15429,28.73
$MAG,26872.145,-0.147,-0.514,-0.535,27.6
$IMU,26872.146,-0.305,-0.061,-0.244,0.01855,1.00390,0.15234,28.73
$IMU,26872.148,-0.305,-0.061,-0.244,0.01611,1.00097,0.15136,28.73
$IMU,26872.151,-0.244,-0.183,-0.183,0.01855,1.00634,0.15136,28.73
$IMU,26872.153,-0.244,-0.122,-0.122,0.02050,1.00048,0.14892,28.76
$MAG,26872.155,-0.138,-0.511,-0.528,27.6
$IMU,26872.155,-0.244,-0.061,-0.122,0.01904,1.00439,0.15234,28.76
$IMU,26872.158,-0.244,-0.061,-0.122,0.01806,1.00634,0.15234,28.76
$IMU,26872.160,-0.244,-0.122,-0.122,0.01855,1.00341,0.15283,28.76
$IMU,26872.162,-0.244,-0.122,-0.244,0.01855,1.00439,0.15332,28.76
$MAG,26872.165,-0.142,-0.520,-0.532,27.6
$IMU,26872.165,-0.244,-0.122,-0.183,0.01757,1.00488,0.15087,28.76
$IMU,26872.167,-0.305,-0.122,-0.183,0.01953,1.00292,0.15185,28.76
$IMU,26872.169,-0.305,0.000,-0.122,0.01806,1.00244,0.15332,28.76
$IMU,26872.172,-0.183,-0.061,-0.122,0.01562,1.00341,0.15332,28.76
$IMU,26872.174,-0.122,-0.061,-0.122,0.01757,1.00292,0.14990,28.76
$MAG,26872.175,-0.151,-0.517,-0.535,27.6
$IMU,26872.176,-0.061,-0.183,-0.122,0.01660,1.00341,0.15185,28.76
$IMU,26872.179,-0.122,0.000,-0.183,0.01806,1.00146,0.15185,28.76
$IMU,26872.181,-0.183,-0.122,-0.122,0.01806,1.00439,0.15478,28.76
$IMU,26872.184,-0.305,0.000,-0.122,0.01953,1.00683,0.15185,28.76
$MAG,26872.185,-0.145,-0.523,-0.532,27.6
$IMU,26872.186,-0.183,0.000,-0.061,0.01806,1.00585,0.15380,28.76
$IMU,26872.188,-0.122,-0.122,-0.061,0.02246,1.00585,0.15185,28.76
$IMU,26872.191,-0.244,0.000,-0.183,0.02148,1.00341,0.15283,28.75
$IMU,26872.193,-0.244,0.061,-0.244,0.01806,1.00585,0.15283,28.75
$IMU,26872.195,-0.183,-0.122,-0.244,0.01562,1.00097,0.15185,28.75
$MAG,26872.196,-0.138,-0.526,-0.534,27.5
$IMU,26872.198,-0.183,-0.244,-0.183,0.01660,1.00195,0.15136,28.75
$IMU,26872.200,-0.305,-0.122,-0.122,0.01855,1.00341,0.15429,28.75
$IMU,26872.202,-0.183,-0.244,-0.122,0.01708,1.00244,0.15136,28.75
$IMU,26872.205,-0.244,-0.183,-0.061,0.02001,1.00585,0.14941,28.75
$MAG,26872.206,-0.148,-0.522,-0.534,27.6
$IMU,26872.207,-0.244,0.061,-0.061,0.01708,1.00146,0.15283,28.75
$BARO,26872.209,86863.62,28.61
$IMU,26872.209,-0.244,0.000,-0.183,0.01806,1.00292,0.15039,28.76
$IMU,26872.212,-0.244,-0.061,-0.122,0.02050,1.00634,0.15136,28.76
$IMU,26872.214,-0.244,-0.122,-0.183,0.01953,1.00195,0.15136,28.76
$MAG,26872.216,-0.151,-0.526,-0.531,27.6
$IMU,26872.216,-0.183,-0.244,-0.183,0.01904,1.00488,0.15087,28.76
$IMU,26872.219,-0.305,-0.122,-0.183,0.01611,1.00244,0.15234,28.76
$VBAT,26872.219,4.129
$IMU,26872.221,-0.427,-0.122,-0.122,0.01757,1.00244,0.15332,28.76
$IMU,26872.223,-0.305,-0.122,-0.122,0.01611,1.00195,0.15234,28.76
$MAG,26872.226,-0.147,-0.517,-0.540,27.6
$IMU,26872.226,-0.305,0.000,-0.183,0.01464,1.00488,0.15185,28.76
$IMU,26872.228,-0.305,-0.122,-0.305,0.02001,1.00390,0.15283,28.73
$IMU,26872.230,-0.244,-0.061,-0.183,0.01953,1.00244,0.15380,28.73
$IMU,26872.233,-0.305,0.061,-0.183,0.02001,1.00537,0.15332,28.73
$IMU,26872.235,-0.305,0.000,-0.122,0.02050,1.00048,0.15332,28.73
$MAG,26872.236,-0.142,-0.522,-0.538,27.6
$IMU,26872.237,-0.244,0.000,-0.122,0.02148,1.00195,0.15136,28.73
$IMU,26872.240,-0.244,-0.122,-0.122,0.02197,1.00439,0.14990,28.73
$IMU,26872.242,-0.183,-0.244,-0.122,0.02001,1.00146,0.14990,28.73
$IMU,26872.245,-0.183,-0.061,-0.183,0.02001,1.00292,0.15039,28.73
$MAG,26872.246,-0.145,-0.517,-0.531,27.6
$IMU,26872.247,-0.183,0.000,-0.244,0.01562,1.00439,0.15185,28.74
$TIME,26872.249,510780.000,2399
$IMU,26872.249,-0.244,-0.122,-0.244,0.01562,1.00195,0.15234,28.74
$IMU,26872.252,-0.183,-0.183,-0.122,0.01953,1.00488,0.15283,28.74
$IMU,26872.254,-0.244,0.061,-0.183,0.02001,1.00292,0.14892,28.74
$MAG,26872.256,-0.153,-0.526,-0.535,27.6
$IMU,26872.256,-0.183,-0.183,-0.122,0.01757,1.00439,0.14990,28.74
$IMU,26872.259,-0.122,-0.122,-0.122,0.01953,1.00244,0.15185,28.74
$IMU,26872.261,-0.122,-0.122,-0.122,0.01757,1.00146,0.15136,28.74
$IMU,26872.263,-0.183,0.000,-0.183,0.01806,1.00292,0.15283,28.74
$MAG,26872.266,-0.141,-0.516,-0.531,27.7
$IMU,26872.266,-0.183,-0.122,-0.244,0.01806,1.00732,0.14990,28.71
$IMU,26872.268,-0.122,-0.183,-0.122,0.01757,1.00488,0.14892,28.71
$IMU,26872.270,-0.244,-0.061,-0.122,0.01855,1.00000,0.15136,28.71
$IMU,26872.273,-0.244,-0.305,-0.122,0.01953,1.00390,0.15234,28.71
$IMU,26872.275,-0.366,-0.061,-0.061,0.01904,1.00292,0.14990,28.71
$MAG,26872.276,-0.144,-0.517,-0.529,27.6
$IMU,26872.277,-0.366,0.000,-0.183,0.01855,1.00439,0.14990,28.71
$IMU,26872.280,-0.366,-0.122,-0.122,0.01904,1.00292,0.14746,28.71
$IMU,26872.282,-0.305,-0.305,-0.183,0.01806,1.00585,0.15185,28.71
$IMU,26872.284,-0.305,-0.122,-0.244,0.01611,1.00146,0.15087,28.75
$MAG,26872.286,-0.142,-0.522,-0.532,27.7
$IMU,26872.287,-0.366,0.000,-0.183,0.01757,1.00244,0.15380,28.75
$IMU,26872.289,-0.427,0.000,-0.061,0.01660,1.00195,0.15527,28.75
$IMU,26872.291,-0.305,-0.061,-0.122,0.01757,1.00292,0.15429,28.75
$IMU,26872.294,-0.244,-0.061,-0.061,0.02001,1.00439,0.15332,28.75
$MAG,26872.296,-0.147,-0.523,-0.535,27.6
$IMU,26872.296,-0.427,-0.122,-0.122,0.01806,1.00000,0.15283,28.75
$IMU,26872.298,-0.366,-0.061,-0.183,0.02001,1.00292,0.15429,28.75
$IMU,26872.301,-0.305,0.122,-0.183,0.02050,1.00537,0.15185,28.75
$IMU,26872.303,-0.183,-0.183,-0.244,0.02148,1.00488,0.15185,28.76
$IMU,26872.306,-0.183,-0.244,-0.122,0.01562,1.00439,0.15380,28.76
$MAG,26872.307,-0.141,-0.525,-0.535,27.7
$IMU,26872.308,-0.183,-0.122,0.000,0.01708,1.00439,0.15234,28.76
$BARO,26872.310,86859.75,28.62
$IMU,26872.310,-0.305,0.000,-0.183,0.02148,1.00390,0.14843,28.76
$IMU,26872.313,-0.305,0.061,-0.122,0.02050,1.00341,0.14892,28.76
$IMU,26872.315,-0.122,-0.061,-0.122,0.02197,1.00292,0.15136,28.76
$MAG,26872.317,-0.144,-0.522,-0.532,27.6
$IMU,26872.317,-0.122,-0.122,-0.244,0.02001,1.00195,0.15087,28.76
$IMU,26872.320,-0.183,-0.122,-0.244,0.01904,1.00341,0.15429,28.76
$IMU,26872.322,-0.122,-0.122,-0.122,0.01806,1.00341,0.15039,28.75
$IMU,26872.324,-0.183,-0.061,-0.122,0.01855,1.00146,0.15332,28.75
$MAG,26872.327,-0.141,-0.528,-0.531,27.6
$IMU,26872.327,-0.183,-0.122,-0.061,0.01562,1.00292,0.15625,28.75
$IMU,26872.329,-0.183,-0.244,-0.183,0.01562,1.00097,0.15185,28.75
$IMU,26872.331,-0.244,-0.122,-0.305,0.01855,0.99951,0.15380,28.75
$IMU,26872.334,-0.305,-0.061,-0.244,0.02050,1.00488,0.15087,28.75
$IMU,26872.336,-0.366,0.061,-0.122,0.02001,1.00341,0.14990,28.75
$MAG,26872.337,-0.141,-0.522,-0.526,27.6
$IMU,26872.338,-0.305,-0.061,-0.061,0.01562,1.00634,0.15136,28.75
$IMU,26872.341,-0.305,-0.122,-0.122,0.02001,1.00390,0.15185,28.73
$IMU,26872.343,-0.305,-0.244,-0.122,0.01806,1.00341,0.15039,28.73
$IMU,26872.345,-0.305,-0.061,-0.122,0.01855,1.00292,0.15332,28.73
$MAG,26872.347,-0.147,-0.517,-0.523,27.6
$IMU,26872.348,-0.305,0.000,-0.183,0.01660,1.00195,0.15234,28.73
$IMU,26872.350,-0.305,0.000,-0.244,0.01855,1.00048,0.15039,28.73
$IMU,26872.352,-0.183,-0.244,-0.183,0.01513,1.00439,0.14892,28.73
$IMU,26872.355,-0.183,-0.244,-0.122,0.01611,1.00585,0.15039,28.73
$MAG,26872.357,-0.148,-0.525,-0.535,27.6
$IMU,26872.357,-0.244,-0.183,-0.122,0.01757,1.00146,0.15185,28.73
$IMU,26872.359,-0.305,-0.061,0.000,0.02001,1.00390,0.15136,28.75
$IMU,26872.362,-0.305,-0.061,-0.122,0.02099,1.00195,0.15136,28.75
$IMU,26872.364,-0.244,-0.183,-0.305,0.01855,1.00439,0.15039,28.75
$MAG,26872.367,-0.142,-0.520,-0.534,27.6
$IMU,26872.367,-0.244,-0.061,-0.183,0.01513,0.99902,0.15332,28.75
$IMU,26872.369,-0.305,0.000,-0.183,0.01855,1.00244,0.15234,28.75
$IMU,26872.371,-0.183,-0.244,-0.244,0.01513,1.00537,0.15087,28.75
$IMU,26872.374,-0.244,-0.122,-0.122,0.01757,1.00732,0.15234,28.75
$IMU,26872.376,-0.244,0.000,-0.122,0.02001,1.00244,0.15185,28.75
$MAG,26872.377,-0.139,-0.520,-0.526,27.6
$IMU,26872.378,-0.305,0.000,-0.183,0.01855,1.00341,0.15380,28.72
$IMU,26872.381,-0.183,-0.183,-0.244,0.01708,1.00195,0.15234,28.72
$IMU,26872.383,-0.122,-0.122,-0.183,0.01562,1.00585,0.15039,28.72
$IMU,26872.385,-0.183,-0.061,-0.244,0.01757,1.00292,0.15234,28.72
$MAG,26872.387,-0.141,-0.516,-0.526,27.6
$IMU,26872.388,-0.244,-0.061,-0.244,0.01708,1.00292,0.15380,28.72
$IMU,26872.390,-0.183,-0.061,-0.122,0.01904,1.00439,0.15234,28.72
$IMU,26872.392,-0.122,-0.183,-0.122,0.01855,1.00195,0.15087,28.72
$IMU,26872.395,-0.122,-0.122,-0.122,0.02099,1.00781,0.15283,28.72
$MAG,26872.397,-0.145,-0.534,-0.522,27.6
$IMU,26872.397,-0.183,-0.061,-0.183,0.01806,1.00195,0.15234,28.73
$IMU,26872.399,-0.183,-0.061,-0.183,0.01660,1.00244,0.15087,28.73
$IMU,26872.402,-0.244,0.000,-0.183,0.01757,1.00244,0.15283,28.73
$IMU,26872.404,-0.122,-0.122,-0.305,0.01855,1.00146,0.15136,28.73
$IMU,26872.406,-0.183,-0.183,-0.122,0.01464,1.00537,0.15136,28.73
$MAG,26872.408,-0.139,-0.520,-0.534,27.6
$IMU,26872.409,-0.305,0.000,-0.122,0.02001,1.00488,0.15283,28.73
$IMU,26872.411,-0.305,0.000,-0.183,0.01757,1.00488,0.14941,28.73
$BARO,26872.412,86861.97,28.62
$IMU,26872.413,-0.305,0.061,-0.183,0.01806,1.00732,0.15429,28.73
$IMU,26872.416,-0.366,0.000,-0.122,0.01562,1.00341,0.15283,28.75
$MAG,26872.418,-0.139,-0.520,-0.534,27.6
$IMU,26872.418,-0.305,-0.183,-0.183,0.01757,1.00683,0.15429,28.75
$IMU,26872.420,-0.244,-0.183,-0.244,0.01953,1.00195,0.15185,28.75
$IMU,26872.423,-0.244,-0.061,-0.183,0.01611,1.00048,0.14843,28.75
$IMU,26872.425,-0.366,0.000,-0.122,0.01757,0.99902,0.15136,28.75
$MAG,26872.428,-0.148,-0.520,-0.538,27.6
$IMU,26872.428,-0.305,-0.061,-0.122,0.01660,1.00244,0.15234,28.75
$IMU,26872.430,-0.244,-0.183,-0.122,0.01757,1.00244,0.15283,28.75
$IMU,26872.432,-0.305,-0.122,-0.244,0.01855,1.00146,0.15283,28.75
$IMU,26872.435,-0.183,-0.183,-0.305,0.01904,1.00439,0.15283,28.73
$IMU,26872.437,-0.305,-0.061,-0.183,0.01562,1.00048,0.15136,28.73
$MAG,26872.438,-0.142,-0.519,-0.528,27.6
$IMU,26872.439,-0.366,-0.061,-0.122,0.02050,1.00585,0.15087,28.73
$IMU,26872.442,-0.244,-0.061,-0.122,0.01904,1.00195,0.15429,28.73
$IMU,26872.444,-0.183,-0.183,-0.122,0.01708,1.00048,0.15283,28.73
$IMU,26872.446,-0.244,-0.122,-0.183,0.01953,1.00195,0.15234,28.73
$MAG,26872.448,-0.151,-0.522,-0.523,27.6
$IMU,26872.449,-0.244,-0.183,-0.244,0.01708,1.00195,0.15429,28.73
$IMU,26872.451,-0.305,-0.061,-0.244,0.01757,1.00537,0.15234,28.73
$IMU,26872.453,-0.183,-0.061,-0.122,0.01855,1.00390,0.15185,28.75
$IMU,26872.456,-0.183,-0.183,-0.183,0.02099,0.99951,0.15087,28.75
$MAG,26872.458,-0.139,-0.522,-0.532,27.6
$IMU,26872.458,-0.122,-0.061,-0.183,0.01611,1.00390,0.15136,28.75
$IMU,26872.460,-0.244,0.061,-0.122,0.01806,1.00390,0.15136,28.75
$IMU,26872.463,-0.244,-0.122,-0.122,0.01660,1.00439,0.15087,28.75
$IMU,26872.465,-0.061,-0.244,-0.183,0.01904,1.00439,0.15429,28.75
$IMU,26872.467,-0.183,0.000,-0.244,0.02001,1.00683,0.15478,28.75
$MAG,26872.468,-0.138,-0.523,-0.537,27.7
$IMU,26872.470,-0.183,-0.061,-0.183,0.01806,1.00537,0.15234,28.75
$IMU,26872.472,-0.244,0.000,-0.183,0.01953,1.00390,0.15039,28.71
$IMU,26872.474,-0.183,-0.061,-0.122,0.01904,1.00439,0.15380,28.71
$IMU,26872.477,-0.183,-0.122,-0.122,0.01855,1.00683,0.15283,28.71
$MAG,26872.478,-0.145,-0.520,-0.523,27.7
$IMU,26872.479,-0.183,-0.122,-0.122,0.02197,1.00000,0.15234,28.71
$IMU,26872.481,-0.122,-0.183,-0.183,0.01708,1.00146,0.15185,28.71
$IMU,26872.484,-0.183,-0.183,-0.183,0.01757,1.00488,0.15087,28.71
$IMU,26872.486,-0.244,-0.061,-0.244,0.01611,1.00439,0.15087,28.71
$MAG,26872.488,-0.148,-0.522,-0.532,27.6
$IMU,26872.489,-0.244,-0.122,-0.244,0.01855,1.00781,0.14941,28.71
$IMU,26872.491,-0.305,-0.122,-0.122,0.01855,1.00488,0.15087,28.72
$IMU,26872.493,-0.244,-0.122,-0.061,0.01806,1.00390,0.15185,28.72
$IMU,26872.496,-0.305,-0.183,-0.183,0.02148,1.00146,0.15087,28.72
$MAG,26872.498,-0.148,-0.517,-0.529,27.6
$IMU,26872.498,-0.305,-0.122,-0.244,0.01855,1.00390,0.15283,28.72
$IMU,26872.500,-0.305,-0.061,-0.183,0.01757,1.00195,0.15283,28.72
$IMU,26872.503,-0.366,-0.061,-0.244,0.02099,1.00146,0.15039,28.72
$IMU,26872.505,-0.366,-0.122,-0.183,0.01953,1.00292,0.15234,28.72
$IMU,26872.507,-0.366,-0.122,-0.122,0.01708,1.00390,0.15429,28.72
$MAG,26872.508,-0.148,-0.520,-0.529,27.6
$IMU,26872.510,-0.305,-0.183,-0.122,0.01611,1.00195,0.15234,28.73
$IMU,26872.512,-0.366,-0.061,-0.122,0.01660,1.00341,0.15380,28.73
$BARO,26872.513,86858.67,28.62
$IMU,26872.514,-0.244,-0.061,-0.122,0.01562,1.00390,0.15185,28.73
$IMU,26872.517,-0.305,0.000,-0.122,0.01416,1.00488,0.15185,28.73
$MAG,26872.518,-0.150,-0.517,-0.537,27.6
$IMU,26872.519,-0.183,-0.122,-0.183,0.01953,1.00439,0.15283,28.73
$IMU,26872.521,-0.183,-0.122,-0.183,0.01611,1.00341,0.15283,28.73
$IMU,26872.524,-0.122,-0.244,-0.183,0.01904,1.00341,0.15087,28.73
$IMU,26872.526,-0.183,-0.122,-0.183,0.01757,1.00439,0.15039,28.73
$IMU,26872.528,-0.183,-0.061,-0.122,0.01953,1.00341,0.15283,28.72
$MAG,26872.529,-0.144,-0.519,-0.531,27.6
$IMU,26872.531,-0.061,-0.183,-0.183,0.02001,1.00439,0.15039,28.72
$IMU,26872.533,-0.061,-0.061,-0.183,0.01757,1.00683,0.15087,28.72
$IMU,26872.535,-0.061,-0.122,-0.183,0.02001,1.00390,0.15087,28.72
$IMU,26872.538,-0.122,-0.122,-0.183,0.02001,1.00341,0.15478,28.72
$MAG,26872.539,-0.142,-0.510,-0.531,27.6
$IMU,26872.540,-0.183,0.000,-0.122,0.01806,1.00097,0.14990,28.72
$IMU,26872.542,-0.183,0.000,-0.122,0.01611,1.00195,0.15283,28.72
$IMU,26872.545,-0.244,-0.061,-0.122,0.01904,1.00732,0.14990,28.72
$IMU,26872.547,-0.122,-0.122,-0.183,0.01708,1.00878,0.15234,28.74
$MAG,26872.549,-0.148,-0.519,-0.534,27.6
$IMU,26872.550,-0.061,-0.183,-0.122,0.01953,1.00634,0.15185,28.74
$IMU,26872.552,-0.305,0.000,-0.183,0.01562,1.00341,0.15332,28.74
$IMU,26872.554,-0.305,0.000,-0.244,0.01611,1.00292,0.15039,28.74
$IMU,26872.557,-0.305,0.000,-0.183,0.02001,1.00488,0.15136,28.74
$MAG,26872.559,-0.153,-0.517,-0.529,27.7
$IMU,26872.559,-0.305,-0.122,-0.122,0.01806,1.00195,0.15234,28.74
$IMU,26872.561,-0.366,-0.183,0.000,0.01757,1.00097,0.15185,28.74
$IMU,26872.564,-0.366,-0.061,-0.183,0.01855,1.00488,0.15234,28.74
$IMU,26872.566,-0.305,-0.122,-0.183,0.02050,1.00341,0.15087,28.73
$IMU,26872.568,-0.427,0.061,-0.183,0.01806,1.00390,0.15136,28.73
$MAG,26872.569,-0.142,-0.525,-0.538,27.6
$IMU,26872.571,-0.366,0.000,-0.183,0.01757,1.00439,0.15283,28.73
$IMU,26872.573,-0.244,-0.183,-0.183,0.01855,1.00488,0.15136,28.73
$IMU,26872.575,-0.427,-0.061,-0.122,0.01953,1.00537,0.15429,28.73
$IMU,26872.578,-0.366,-0.061,-0.122,0.01855,1.00439,0.15234,28.73
$MAG,26872.579,-0.151,-0.520,-0.535,27.6
$IMU,26872.580,-0.366,-0.061,-0.061,0.01806,1.00439,0.15283,28.73
$IMU,26872.582,-0.305,-0.122,-0.183,0.01953,1.00439,0.15283,28.73
$IMU,26872.585,-0.183,-0.183,-0.244,0.02050,1.00244,0.15087,28.75
$IMU,26872.587,-0.183,-0.183,-0.244,0.01953,1.00146,0.15136,28.75
$MAG,26872.589,-0.142,-0.520,-0.529,27.6
$IMU,26872.589,-0.183,-0.183,-0.244,0.02197,1.00146,0.15332,28.75
$IMU,26872.592,-0.305,0.061,-0.183,0.02148,1.00195,0.15039,28.75
$IMU,26872.594,-0.122,-0.061,-0.122,0.01904,0.99804,0.14941,28.75
$IMU,26872.596,-0.122,-0.122,-0.122,0.01611,1.00097,0.15283,28.75
$MAG,26872.599,-0.142,-0.517,-0.532,27.6
$IMU,26872.599,-0.122,-0.122,-0.183,0.02099,1.00292,0.15234,28.75
$IMU,26872.601,-0.122,-0.122,-0.183,0.02050,1.00146,0.15039,28.75
$IMU,26872.603,-0.183,0.061,-0.183,0.02050,1.00292,0.15185,28.73
$IMU,26872.606,-0.122,0.000,-0.244,0.02001,1.00244,0.15429,28.73
$IMU,26872.608,-0.122,-0.122,-0.183,0.01562,1.00000,0.15283,28.73
$MAG,26872.609,-0.132,-0.520,-0.535,27.6
$IMU,26872.610,-0.244,-0.061,-0.122,0.02050,1.00048,0.15087,28.73
$IMU,26872.613,-0.122,-0.122,-0.122,0.01806,1.00341,0.15185,28.73
$BARO,26872.615,86863.77,28.62
$IMU,26872.615,-0.244,0.000,-0.122,0.01660,1.00146,0.14941,28.73
$IMU,26872.618,-0.305,0.000,-0.183,0.02050,1.00097,0.15380,28.73
$MAG,26872.619,-0.136,-0.522,-0.531,27.7
$IMU,26872.620,-0.305,-0.122,-0.183,0.01806,1.00439,0.15039,28.73
$IMU,26872.622,-0.305,-0.122,-0.244,0.01806,1.00439,0.15283,28.76
$IMU,26872.625,-0.244,-0.305,-0.122,0.01562,1.00244,0.15185,28.76
$IMU,26872.627,-0.305,-0.244,-0.122,0.01904,1.00292,0.14990,28.76
$MAG,26872.629,-0.162,-0.523,-0.535,27.6
$IMU,26872.629,-0.305,-0.122,-0.122,0.01806,1.00341,0.15234,28.76
$IMU,26872.632,-0.366,-0.183,-0.122,0.02050,1.00292,0.15429,28.76
$IMU,26872.634,-0.366,-0.183,-0.183,0.01855,0.99853,0.15136,28.76
$IMU,26872.636,-0.305,-0.122,-0.244,0.01953,1.00634,0.15039,28.76
$IMU,26872.639,-0.305,-0.122,-0.244,0.01660,1.00292,0.15087,28.76
$MAG,26872.640,-0.145,-0.526,-0.534,27.6
$IMU,26872.641,-0.244,-0.122,-0.183,0.01611,1.00585,0.15283,28.72
$IMU,26872.643,-0.183,-0.183,-0.183,0.01904,1.00048,0.15380,28.72
$IMU,26872.646,-0.183,-0.122,-0.122,0.01464,1.00341,0.15185,28.72
$IMU,26872.648,-0.183,-0.122,-0.061,0.01855,1.00488,0.15087,28.72
$MAG,26872.650,-0.145,-0.517,-0.526,27.7
$IMU,26872.650,-0.122,-0.061,-0.183,0.01562,1.00195,0.15332,28.72
$IMU,26872.653,-0.183,0.061,-0.183,0.01953,1.00341,0.15136,28.72
$IMU,26872.655,-0.244,0.122,-0.183,0.01708,1.00439,0.15478,28.72
$IMU,26872.657,-0.122,0.000,-0.122,0.01806,1.00439,0.15380,28.72
$MAG,26872.660,-0.147,-0.520,-0.537,27.6
$IMU,26872.660,-0.183,-0.061,-0.122,0.01855,1.00244,0.15185,28.77
$IMU,26872.662,-0.061,-0.244,-0.122,0.01708,1.00244,0.15332,28.77
$IMU,26872.664,-0.122,-0.244,-0.122,0.02050,1.00097,0.15087,28.77
$IMU,26872.667,-0.183,0.061,-0.122,0.01611,1.00097,0.15185,28.77
$IMU,26872.669,-0.244,-0.061,-0.122,0.02099,1.00244,0.15185,28.77
$MAG,26872.670,-0.153,-0.522,-0.534,27.6
$IMU,26872.671,-0.244,-0.122,-0.183,0.02197,1.00195,0.15136,28.77
$IMU,26872.674,-0.183,0.000,-0.183,0.01708,1.00537,0.15283,28.77
$HUM,26872.675,34.2,29.0
$IMU,26872.676,-0.122,-0.305,-0.244,0.01855,1.00439,0.15283,28.77
$IMU,26872.679,-0.244,-0.183,-0.122,0.01855,1.00439,0.15234,28.75
$MAG,26872.680,-0.138,-0.526,-0.535,27.6
$IMU,26872.681,-0.305,0.122,-0.183,0.01562,1.00048,0.15039,28.75
$IMU,26872.683,-0.305,0.000,-0.244,0.02148,1.00244,0.15087,28.75
$IMU,26872.686,-0.305,-0.122,-0.244,0.01904,1.00048,0.15234,28.75
$IMU,26872.688,-0.366,-0.183,-0.183,0.01611,1.00341,0.14990,28.75
$MAG,26872.690,-0.145,-0.523,-0.526,27.6
$IMU,26872.690,-0.366,-0.122,-0.244,0.01562,1.00292,0.14892,28.75
$IMU,26872.693,-0.427,-0.061,-0.244,0.01708,1.00537,0.15087,28.75
$IMU,26872.695,-0.427,-0.061,-0.122,0.02050,1.00537,0.15136,28.75
$IMU,26872.697,-0.366,-0.183,-0.061,0.01904,1.00390,0.15185,28.76
$MAG,26872.700,-0.144,-0.510,-0.532,27.6
$IMU,26872.700,-0.366,-0.061,-0.122,0.01806,1.00439,0.15380,28.76
$IMU,26872.702,-0.305,-0.183,-0.122,0.01513,1.00537,0.15332,28.76
$IMU,26872.704,-0.366,0.000,-0.183,0.01757,1.00488,0.15234,28.76
$IMU,26872.707,-0.366,-0.122,-0.122,0.01757,1.00292,0.15234,28.76
$IMU,26872.709,-0.305,0.000,-0.183,0.02001,1.00488,0.15380,28.76
$MAG,26872.710,-0.133,-0.520,-0.535,27.6
$IMU,26872.711,-0.244,-0.122,-0.183,0.01953,1.00341,0.15185,28.76
$IMU,26872.714,-0.244,-0.122,-0.122,0.01806,1.00292,0.15185,28.76
$BARO,26872.716,86870.16,28.62
$IMU,26872.716,-0.183,-0.122,-0.183,0.01806,1.00146,0.15283,28.75
$IMU,26872.718,-0.122,-0.061,-0.122,0.01806,1.00439,0.15332,28.75
$MAG,26872.720,-0.147,-0.522,-0.531,27.6
$IMU,26872.721,-0.183,0.000,-0.244,0.01904,1.00146,0.15234,28.75
$IMU,26872.723,-0.183,-0.122,-0.244,0.01708,1.00195,0.15234,28.75
$IMU,26872.725,-0.183,-0.122,-0.122,0.01953,1.00537,0.15087,28.75
$IMU,26872.728,-0.122,-0.061,-0.122,0.01806,1.00292,0.15332,28.75
$IMU,26872.730,-0.183,-0.061,-0.183,0.01757,1.00097,0.15039,28.75
$MAG,26872.730,-0.153,-0.529,-0.531,27.6
$IMU,26872.732,-0.305,0.122,-0.122,0.01562,1.00341,0.15185,28.75
$IMU,26872.735,-0.183,-0.061,-0.183,0.01953,1.00390,0.15380,28.73
$IMU,26872.737,-0.122,-0.244,-0.244,0.02001,1.00195,0.15234,28.73
$MAG,26872.740,-0.142,-0.532,-0.535,27.6
$IMU,26872.740,-0.244,-0.061,-0.183,0.01708,1.00146,0.15039,28.73
$IMU,26872.742,-0.244,-0.061,-0.061,0.02001,1.00341,0.14746,28.73
$IMU,26872.744,-0.305,0.061,-0.183,0.01757,1.00341,0.15039,28.73
$IMU,26872.747,-0.244,-0.122,-0.183,0.01757,1.00537,0.15185,28.73
$IMU,26872.749,-0.244,-0.122,-0.061,0.01708,1.00097,0.14941,28.73
$MAG,26872.751,-0.142,-0.523,-0.531,27.6
$IMU,26872.751,-0.183,-0.183,-0.122,0.02099,1.00292,0.15136,28.73
$IMU,26872.754,-0.244,-0.122,-0.183,0.01855,1.00097,0.15087,28.80
$IMU,26872.756,-0.366,-0.061,-0.183,0.01660,1.00244,0.15332,28.80
$IMU,26872.758,-0.427,0.000,-0.244,0.01708,1.00537,0.15283,28.80
$MAG,26872.761,-0.145,-0.519,-0.529,27.6
$IMU,26872.761,-0.366,-0.122,-0.183,0.01708,1.00439,0.15185,28.80
$IMU,26872.763,-0.244,-0.061,-0.122,0.01904,1.00585,0.15039,28.80
$IMU,26872.765,-0.183,-0.183,-0.122,0.01855,1.00341,0.15087,28.80
$IMU,26872.768,-0.244,-0.061,-0.122,0.01757,1.00439,0.15332,28.80
$IMU,26872.770,-0.305,0.061,-0.183,0.01757,1.00439,0.15527,28.80
$MAG,26872.771,-0.139,-0.517,-0.534,27.6
$IMU,26872.772,-0.183,-0.061,-0.183,0.01904,1.00341,0.15185,28.73
$IMU,26872.775,-0.183,-0.122,-0.244,0.01806,1.00585,0.15234,28.73
$IMU,26872.777,-0.244,-0.183,-0.244,0.01806,1.00292,0.15136,28.73
$IMU,26872.779,-0.244,-0.061,-0.244,0.01464,1.00683,0.15332,28.73
$MAG,26872.781,-0.141,-0.516,-0.529,27.6
$IMU,26872.782,-0.305,0.122,-0.122,0.01855,1.00390,0.15039,28.73
$IMU,26872.784,-0.305,0.000,-0.061,0.02001,1.00146,0.15527,28.73
$IMU,26872.786,-0.183,-0.183,-0.122,0.01757,1.00292,0.15234,28.73
$IMU,26872.789,-0.183,-0.061,-0.244,0.02001,1.00097,0.15234,28.73
$MAG,26872.791,-0.141,-0.516,-0.535,27.6
$IMU,26872.791,-0.183,-0.061,-0.183,0.01757,1.00292,0.15185,28.78
$IMU,26872.793,-0.305,0.000,-0.183,0.01708,1.00146,0.14990,28.78
$IMU,26872.796,-0.305,0.061,-0.183,0.01562,1.00439,0.15185,28.78
$IMU,26872.798,-0.122,-0.061,-0.061,0.01757,1.00439,0.15234,28.78
$MAG,26872.801,-0.147,-0.522,-0.528,27.6
$IMU,26872.801,-0.183,-0.244,-0.183,0.02148,1.00146,0.15283,28.78
$IMU,26872.803,-0.183,-0.244,-0.122,0.01855,1.00292,0.15136,28.78
$IMU,26872.805,-0.183,-0.061,-0.122,0.01757,1.00390,0.15039,28.78
$IMU,26872.808,-0.305,0.000,-0.244,0.02001,1.00244,0.15185,28.78
$IMU,26872.810,-0.366,0.000,-0.183,0.01953,1.00048,0.15136,28.75
$MAG,26872.811,-0.142,-0.513,-0.532,27.6
$IMU,26872.812,-0.366,0.000,-0.183,0.01855,1.00195,0.15380,28.75
$IMU,26872.815,-0.366,0.061,-0.122,0.01660,1.00439,0.15136,28.75
$IMU,26872.817,-0.305,-0.061,-0.122,0.01611,1.00537,0.15234,28.75
$BARO,26872.818,86865.91,28.62
$IMU,26872.819,-0.366,0.000,-0.122,0.02197,1.00585,0.15478,28.75
$MAG,26872.821,-0.136,-0.519,-0.528,27.6
$IMU,26872.822,-0.305,-0.122,-0.244,0.02050,1.00390,0.15087,28.75
$IMU,26872.824,-0.366,0.061,-0.244,0.01757,1.00146,0.15283,28.75
$IMU,26872.826,-0.305,0.000,-0.122,0.01464,1.00341,0.15332,28.75
$IMU,26872.829,-0.244,-0.244,-0.183,0.01611,1.00146,0.15087,28.73
$MAG,26872.831,-0.141,-0.519,-0.538,27.6
$IMU,26872.831,-0.244,-0.061,-0.183,0.01611,1.00341,0.15136,28.73
$IMU,26872.833,-0.366,0.061,-0.061,0.01708,1.00488,0.15039,28.73
$IMU,26872.836,-0.244,0.000,-0.183,0.01416,1.00537,0.15136,28.73
$IMU,26872.838,-0.183,-0.244,-0.183,0.01806,1.00488,0.14990,28.73
$IMU,26872.840,-0.122,-0.244,-0.122,0.01806,1.00390,0.15185,28.73
$MAG,26872.841,-0.142,-0.517,-0.523,27.6
$IMU,26872.843,-0.122,-0.183,-0.244,0.01464,1.00537,0.15087,28.73
$IMU,26872.845,-0.244,0.000,-0.183,0.01904,1.00390,0.15429,28.73
$IMU,26872.847,-0.305,-0.061,-0.122,0.01708,1.00390,0.15234,28.75
$IMU,26872.850,-0.244,-0.122,-0.122,0.01660,1.00439,0.15136,28.75
$MAG,26872.851,-0.141,-0.520,-0.534,27.6
$IMU,26872.852,-0.061,-0.305,-0.122,0.01855,1.00390,0.15136,28.75
$IMU,26872.854,-0.122,-0.183,-0.122,0.01806,1.00488,0.15039,28.75
$IMU,26872.857,-0.183,-0.061,-0.244,0.01855,1.00292,0.15087,28.75
$IMU,26872.859,-0.244,-0.122,-0.244,0.01806,1.00048,0.15185,28.75
$MAG,26872.862,-0.148,-0.522,-0.531,27.6
$IMU,26872.862,-0.183,-0.061,-0.244,0.01660,1.00000,0.15136,28.75
$IMU,26872.864,-0.366,0.122,-0.183,0.01660,1.00292,0.15087,28.75
$IMU,26872.866,-0.305,-0.183,-0.183,0.01757,1.00488,0.15380,28.74
$IMU,26872.869,-0.244,-0.122,-0.061,0.01708,1.00341,0.15136,28.74
$IMU,26872.871,-0.305,-0.061,-0.061,0.01904,1.00244,0.15234,28.74
$MAG,26872.872,-0.148,-0.526,-0.537,27.6
$IMU,26872.873,-0.305,-0.061,-0.122,0.01953,1.00195,0.15332,28.74
$IMU,26872.876,-0.366,0.061,-0.183,0.01855,0.99951,0.15087,28.74
$IMU,26872.878,-0.244,-0.061,-0.183,0.01855,1.00439,0.15185,28.74
$IMU,26872.880,-0.244,-0.183,-0.244,0.01904,1.00195,0.15185,28.74
$MAG,26872.882,-0.141,-0.520,-0.529,27.6
$IMU,26872.883,-0.366,0.000,-0.183,0.01660,0.99804,0.15332,28.74
$IMU,26872.885,-0.427,0.122,-0.122,0.01953,1.00439,0.15136,28.76
$IMU,26872.887,-0.366,-0.122,-0.122,0.01611,1.00195,0.15136,28.76
$IMU,26872.890,-0.366,0.000,-0.183,0.01904,1.00341,0.15185,28.76
$MAG,26872.892,-0.147,-0.523,-0.523,27.6
$IMU,26872.892,-0.366,0.000,-0.244,0.02099,1.00390,0.15087,28.76
$IMU,26872.894,-0.305,0.000,-0.244,0.01953,1.00146,0.15136,28.76
$IMU,26872.897,-0.305,-0.061,-0.183,0.01611,1.00390,0.15332,28.76
$IMU,26872.899,-0.244,-0.061,-0.183,0.01757,1.00000,0.15087,28.76
$IMU,26872.901,-0.244,-0.061,-0.122,0.01757,1.00683,0.15234,28.76
$MAG,26872.902,-0.144,-0.520,-0.528,27.7
$IMU,26872.904,-0.183,-0.122,-0.061,0.01855,0.99902,0.15283,28.71
$IMU,26872.906,-0.183,-0.122,-0.122,0.02001,1.00292,0.15332,28.71
$IMU,26872.908,-0.183,-0.061,-0.183,0.01464,1.00292,0.15283,28.71
$IMU,26872.911,-0.122,-0.061,-0.244,0.01464,1.00146,0.15332,28.71
$MAG,26872.912,-0.147,-0.517,-0.531,27.6
$IMU,26872.913,-0.183,-0.061,-0.183,0.01806,1.00195,0.15429,28.71
$IMU,26872.915,-0.061,-0.244,-0.183,0.02001,0.99902,0.15380,28.71
$IMU,26872.918,-0.122,-0.183,-0.183,0.02099,1.00683,0.15332,28.71
$BARO,26872.919,86873.93,28.63
$IMU,26872.920,-0.122,-0.183,-0.122,0.01904,1.00390,0.15185,28.71
$MAG,26872.922,-0.136,-0.529,-0.538,27.6
$IMU,26872.923,-0.183,-0.061,-0.183,0.01904,1.00537,0.15429,28.75
$IMU,26872.925,-0.183,-0.122,-0.183,0.01953,1.00244,0.15039,28.75
$IMU,26872.927,-0.244,-0.183,-0.183,0.02148,1.00195,0.15185,28.75
$IMU,26872.930,-0.305,-0.122,-0.183,0.02099,1.00244,0.15087,28.75
$MAG,26872.932,-0.147,-0.522,-0.531,27.7
$IMU,26872.932,-0.366,0.000,-0.183,0.01806,1.00048,0.14990,28.75
$IMU,26872.934,-0.366,-0.061,-0.122,0.01855,1.00146,0.14990,28.75
$IMU,26872.937,-0.305,-0.061,-0.122,0.02001,1.00097,0.14892,28.75
$IMU,26872.939,-0.366,-0.061,-0.183,0.01855,1.00195,0.15039,28.75
$IMU,26872.941,-0.305,-0.061,-0.183,0.01904,1.00195,0.15185,28.74
$MAG,26872.942,-0.145,-0.516,-0.520,27.7
$IMU,26872.944,-0.244,-0.183,-0.183,0.01708,1.00195,0.15087,28.74
$IMU,26872.946,-0.244,-0.122,-0.183,0.01953,0.99853,0.15380,28.74
$IMU,26872.948,-0.244,-0.061,-0.183,0.01708,1.00390,0.15185,28.74
$IMU,26872.951,-0.244,-0.061,-0.061,0.01757,1.00244,0.15332,28.74
$MAG,26872.952,-0.148,-0.517,-0.522,27.6
$IMU,26872.953,-0.244,-0.061,0.000,0.02050,1.00195,0.15234,28.74
$IMU,26872.955,-0.122,-0.183,-0.122,0.02294,1.00048,0.15136,28.74
$IMU,26872.958,-0.122,-0.183,-0.183,0.02050,1.00488,0.15136,28.74
$IMU,26872.960,-0.122,-0.122,-0.183,0.01904,1.00585,0.14941,28.76
$MAG,26872.962,-0.142,-0.523,-0.525,27.6
$IMU,26872.962,-0.183,-0.122,-0.183,0.01757,1.00146,0.15185,28.76
$IMU,26872.965,-0.183,-0.122,-0.244,0.01757,0.99804,0.15429,28.76
$IMU,26872.967,-0.305,-0.122,-0.122,0.01757,1.00390,0.15087,28.76
$IMU,26872.969,-0.305,0.000,-0.122,0.01318,1.00390,0.15185,28.76
$MAG,26872.972,-0.141,-0.522,-0.534,27.6
$IMU,26872.972,-0.244,-0.061,-0.183,0.01611,1.00341,0.15234,28.76
$IMU,26872.974,-0.305,-0.061,-0.122,0.01806,1.00000,0.15429,28.76
$IMU,26872.976,-0.366,-0.061,-0.183,0.01757,1.00292,0.15234,28.76
$IMU,26872.979,-0.244,-0.061,-0.244,0.01904,1.00244,0.15429,28.77
$IMU,26872.981,-0.305,-0.183,-0.183,0.01806,1.00146,0.15039,28.77
$MAG,26872.983,-0.145,-0.517,-0.537,27.7
$IMU,26872.984,-0.366,-0.061,-0.122,0.01513,0.99853,0.15136,28.77
$IMU,26872.986,-0.305,-0.122,-0.122,0.01611,1.00048,0.15185,28.77
$IMU,26872.988,-0.305,-0.061,-0.183,0.01562,1.00292,0.15478,28.77
$IMU,26872.991,-0.244,-0.122,-0.061,0.01806,1.00292,0.15234,28.77
$MAG,26872.993,-0.142,-0.520,-0.534,27.6
$IMU,26872.993,-0.183,-0.122,-0.122,0.01904,1.00341,0.15185,28.77
$IMU,26872.995,-0.244,-0.061,-0.183,0.01806,1.00146,0.15332,28.77
$IMU,26872.998,-0.305,-0.122,-0.183,0.02050,1.00195,0.15283,28.75
$IMU,26873.000,-0.244,-0.061,-0.183,0.01611,1.00292,0.15087,28.75
$IMU,26873.002,-0.183,-0.122,-0.183,0.01904,1.00390,0.15283,28.75
$MAG,26873.003,-0.135,-0.525,-0.534,27.8
$IMU,26873.005,-0.061,-0.305,-0.061,0.02294,1.00488,0.15136,28.75
$IMU,26873.007,-0.122,-0.061,-0.122,0.02050,1.00341,0.15429,28.75
$IMU,26873.009,-0.183,-0.061,-0.183,0.01953,1.00244,0.15380,28.75
$IMU,26873.012,-0.244,0.000,-0.183,0.01855,1.00292,0.15087,28.75
$MAG,26873.013,-0.145,-0.516,-0.525,27.6
$IMU,26873.014,-0.122,-0.061,-0.183,0.01757,1.00732,0.14941,28.75
$IMU,26873.016,-0.061,-0.183,-0.122,0.01708,1.00488,0.14941,28.76
$IMU,26873.019,-0.061,-0.244,-0.122,0.01855,1.00195,0.14990,28.76
$BARO,26873.020,86866.82,28.63
$IMU,26873.021,-0.122,-0.061,-0.183,0.01708,1.00292,0.15039,28.76
$MAG,26873.023,-0.144,-0.522,-0.535,27.7
$IMU,26873.023,-0.122,0.000,-0.183,0.01855,1.00341,0.15087,28.76
$IMU,26873.026,-0.183,0.061,-0.122,0.01611,1.00146,0.15185,28.76
$IMU,26873.028,-0.183,-0.061,-0.183,0.02099,1.00537,0.15039,28.76
$IMU,26873.030,-0.122,-0.122,-0.183,0.01708,1.00585,0.15185,28.76
$MAG,26873.033,-0.138,-0.528,-0.532,27.6
$IMU,26873.033,-0.244,-0.183,-0.183,0.01611,1.00390,0.15136,28.76
$IMU,26873.035,-0.244,-0.183,-0.122,0.01660,1.00390,0.15087,28.76
$IMU,26873.037,-0.366,-0.061,-0.183,0.01806,1.00195,0.14941,28.76
$IMU,26873.040,-0.305,-0.061,-0.183,0.01855,1.00292,0.14892,28.76
$IMU,26873.042,-0.427,-0.122,-0.183,0.01611,1.00292,0.15039,28.76
$MAG,26873.043,-0.141,-0.519,-0.531,27.6
$IMU,26873.044,-0.366,-0.183,-0.183,0.01660,1.00048,0.15136,28.76
$IMU,26873.047,-0.549,0.000,-0.183,0.01855,1.00292,0.15087,28.76
$IMU,26873.049,-0.488,-0.122,-0.244,0.01904,1.00488,0.15087,28.76
$IMU,26873.052,-0.488,0.000,-0.122,0.01953,1.00439,0.15087,28.76
$MAG,26873.053,-0.145,-0.526,-0.532,27.6
$IMU,26873.054,-0.488,-0.122,-0.122,0.01660,1.00146,0.15234,28.75
$IMU,26873.056,-0.427,-0.122,-0.122,0.02001,1.00488,0.15283,28.75
$IMU,26873.059,-0.427,0.000,-0.122,0.01806,1.00341,0.15283,28.75
$IMU,26873.061,-0.305,-0.122,-0.244,0.01757,1.00488,0.15429,28.75
$MAG,26873.063,-0.148,-0.522,-0.529,27.6
$IMU,26873.063,-0.366,0.000,-0.244,0.01855,1.00537,0.15576,28.75
$IMU,26873.066,-0.305,0.061,-0.244,0.01708,1.00537,0.15332,28.75
$IMU,26873.068,-0.183,-0.183,-0.122,0.01611,1.00488,0.15185,28.75
$IMU,26873.070,-0.183,-0.061,-0.183,0.01855,1.00244,0.15039,28.75
$MAG,26873.073,-0.150,-0.523,-0.532,27.7
$IMU,26873.073,-0.244,0.061,-0.183,0.01904,1.00488,0.15283,28.71
$IMU,26873.075,-0.183,-0.122,-0.183,0.01855,1.00341,0.15380,28.71
$IMU,26873.077,-0.122,0.122,-0.183,0.01806,1.00830,0.15234,28.71
$IMU,26873.080,-0.061,0.000,-0.244,0.01708,1.00585,0.15380,28.71
$IMU,26873.082,0.000,-0.244,-0.244,0.01757,1.00439,0.15380,28.71
$MAG,26873.083,-0.147,-0.519,-0.528,27.5
$IMU,26873.084,0.000,-0.183,-0.122,0.01562,1.00439,0.15478,28.71
$IMU,26873.087,-0.183,0.000,-0.061,0.01757,1.00390,0.15234,28.71
$IMU,26873.089,-0.122,-0.183,-0.122,0.01806,1.00683,0.15185,28.71
$IMU,26873.091,-0.061,0.000,-0.122,0.01513,1.00488,0.14843,28.79
$MAG,26873.094,-0.147,-0.520,-0.538,27.7
$IMU,26873.094,-0.061,-0.061,-0.183,0.01904,1.00146,0.15087,28.79
$IMU,26873.096,0.000,-0.183,-0.183,0.01757,1.00097,0.15039,28.79
$IMU,26873.098,-0.244,-0.061,-0.183,0.01953,1.00195,0.14941,28.79
$IMU,26873.101,-0.366,0.000,-0.183,0.02050,1.00195,0.15136,28.79
$IMU,26873.103,-0.366,-0.061,-0.061,0.02001,1.00146,0.14941,28.79
$MAG,26873.104,-0.148,-0.517,-0.529,27.6
$IMU,26873.105,-0.305,-0.183,-0.122,0.01904,1.00439,0.14843,28.79
$IMU,26873.108,-0.305,-0.061,-0.122,0.01904,1.00195,0.14990,28.79
$IMU,26873.110,-0.366,0.000,-0.061,0.01611,1.00195,0.15136,28.75
$IMU,26873.113,-0.427,-0.122,-0.183,0.01855,1.00146,0.15380,28.75
$MAG,26873.114,-0.148,-0.528,-0.529,27.7
$IMU,26873.115,-0.488,0.061,-0.183,0.01855,1.00048,0.15283,28.75
$IMU,26873.117,-0.488,0.061,-0.244,0.01806,1.00439,0.15185,28.75
$IMU,26873.120,-0.427,-0.122,-0.122,0.01611,1.00292,0.15429,28.75
$BARO,26873.122,86862.18,28.63
$IMU,26873.122,-0.366,-0.183,-0.061,0.01953,1.00244,0.15039,28.75
$MAG,26873.124,-0.145,-0.525,-0.532,27.6
$IMU,26873.124,-0.305,-0.122,-0.183,0.01757,1.00390,0.15087,28.75
$IMU,26873.127,-0.305,0.000,-0.244,0.02050,1.00292,0.15136,28.75
$IMU,26873.129,-0.366,-0.061,-0.183,0.02050,1.00341,0.14892,28.72
$IMU,26873.131,-0.305,0.000,-0.244,0.01708,1.00634,0.15283,28.72
$IMU,26873.134,-0.244,-0.183,-0.305,0.01464,1.00341,0.15478,28.72
$MAG,26873.134,-0.144,-0.528,-0.528,27.6
$IMU,26873.136,-0.244,-0.183,-0.183,0.01904,1.00341,0.15234,28.72
$IMU,26873.138,-0.305,0.000,-0.061,0.01806,1.00244,0.15136,28.72
$IMU,26873.141,-0.305,0.000,-0.183,0.02001,1.00488,0.15087,28.72
$IMU,26873.143,-0.244,0.061,-0.183,0.01953,1.00439,0.15429,28.72
$MAG,26873.144,-0.144,-0.516,-0.531,27.7
$IMU,26873.145,-0.061,-0.122,-0.244,0.02001,1.00244,0.15234,28.72
$IMU,26873.148,-0.122,-0.183,-0.244,0.01806,1.00146,0.15185,28.76
$IMU,26873.150,-0.122,-0.183,-0.244,0.01757,1.00146,0.15136,28.76
$IMU,26873.152,-0.305,0.061,-0.244,0.02001,1.00048,0.15234,28.76
$MAG,26873.154,-0.148,-0.525,-0.537,27.7
$IMU,26873.155,-0.244,0.000,-0.183,0.01806,1.00292,0.15087,28.76
$IMU,26873.157,-0.183,-0.183,-0.183,0.01513,1.00244,0.14941,28.76
$IMU,26873.159,-0.183,-0.122,-0.122,0.01660,1.00390,0.14990,28.76
$IMU,26873.162,-0.122,0.000,-0.122,0.02197,1.00390,0.15087,28.76
$MAG,26873.164,-0.144,-0.522,-0.538,27.6
$IMU,26873.164,-0.244,-0.061,-0.122,0.01562,1.00000,0.15185,28.76
$IMU,26873.166,-0.183,-0.122,-0.122,0.01806,1.00390,0.15234,28.76
$IMU,26873.169,-0.183,-0.122,-0.122,0.01757,0.99951,0.15429,28.76
$IMU,26873.171,-0.183,-0.183,-0.122,0.01513,1.00488,0.15039,28.76
$MAG,26873.174,-0.148,-0.531,-0.535,27.6
$IMU,26873.174,-0.244,-0.183,-0.122,0.01660,1.00292,0.15234,28.76
$IMU,26873.176,-0.244,-0.122,-0.183,0.01367,1.00244,0.15087,28.76
$IMU,26873.178,-0.366,0.061,-0.183,0.01562,1.00341,0.15332,28.76
$IMU,26873.181,-0.366,0.000,-0.183,0.01904,1.00341,0.15136,28.76
$IMU,26873.183,-0.305,-0.183,-0.183,0.01611,1.00244,0.15332,28.76
$MAG,26873.184,-0.142,-0.514,-0.529,27.6
$IMU,26873.185,-0.244,-0.183,-0.061,0.01855,1.00341,0.15283,28.74
$IMU,26873.188,-0.366,-0.122,-0.061,0.02099,1.00390,0.15185,28.74
$IMU,26873.190,-0.366,-0.122,-0.061,0.01708,1.00097,0.15234,28.74
$IMU,26873.192,-0.366,0.061,-0.122,0.01757,1.00292,0.15576,28.74
$MAG,26873.194,-0.145,-0.516,-0.537,27.6
$IMU,26873.195,-0.366,0.000,-0.183,0.01611,1.00146,0.15136,28.74
$IMU,26873.197,-0.305,-0.061,-0.183,0.02001,1.00244,0.15283,28.74
$IMU,26873.199,-0.244,-0.183,-0.122,0.01611,1.00390,0.15185,28.74
$IMU,26873.202,-0.183,-0.122,-0.244,0.01757,1.00390,0.15234,28.74
$IMU,26873.204,-0.244,0.000,-0.122,0.01806,1.00195,0.15185,28.73
$MAG,26873.205,-0.138,-0.514,-0.537,27.6
$IMU,26873.206,-0.183,-0.061,-0.122,0.02246,1.00439,0.15087,28.73
$IMU,26873.209,-0.183,-0.061,-0.183,0.01953,1.00244,0.15087,28.73
$IMU,26873.211,-0.122,-0.122,-0.183,0.01904,1.00439,0.15136,28.73
$IMU,26873.213,0.000,-0.183,-0.244,0.01611,1.00292,0.14990,28.73
$MAG,26873.215,-0.144,-0.517,-0.534,27.6
$IMU,26873.216,-0.183,0.122,-0.244,0.01757,1.00537,0.15185,28.73
$IMU,26873.218,-0.183,0.061,-0.183,0.01562,1.00146,0.15185,28.73
$IMU,26873.220,-0.122,-0.183,-0.122,0.01806,1.00341,0.15039,28.73
$BARO,26873.223,86863.31,28.62
$IMU,26873.223,-0.183,-0.061,-0.122,0.02050,1.00244,0.15087,28.78
$VBAT,26873.224,4.127
$MAG,26873.225,-0.147,-0.526,-0.538,27.6
$IMU,26873.225,-0.244,-0.061,-0.122,0.01611,1.00341,0.14941,28.78
$IMU,26873.227,-0.305,-0.183,-0.061,0.02099,1.00292,0.15185,28.78
$IMU,26873.230,-0.244,-0.061,-0.183,0.01953,1.00292,0.14843,28.78
$IMU,26873.232,-0.244,-0.122,-0.183,0.02099,1.00439,0.15087,28.78
$IMU,26873.235,-0.305,-0.061,-0.183,0.01513,0.99951,0.15185,28.78
$MAG,26873.235,-0.138,-0.528,-0.528,27.6
$IMU,26873.237,-0.305,-0.122,-0.183,0.01757,1.00146,0.15087,28.78
$IMU,26873.239,-0.305,-0.061,-0.183,0.01660,0.99951,0.15332,28.78
$IMU,26873.242,-0.366,-0.061,-0.183,0.01806,1.00292,0.14990,28.79
$IMU,26873.244,-0.427,0.000,-0.183,0.01953,1.00195,0.15087,28.79
$MAG,26873.245,-0.144,-0.523,-0.528,27.6
$IMU,26873.246,-0.366,-0.122,-0.244,0.01904,1.00439,0.15332,28.79
$TIME,26873.249,510781.000,2399
$IMU,26873.249,-0.366,-0.122,-0.244,0.01806,1.00097,0.15283,28.79
$IMU,26873.251,-0.366,0.000,-0.183,0.02001,1.00390,0.15234,28.79
$IMU,26873.253,-0.305,-0.122,-0.122,0.01904,1.00683,0.15283,28.79
$MAG,26873.255,-0.144,-0.514,-0.529,27.6
$IMU,26873.256,-0.183,-0.122,-0.122,0.02148,1.00585,0.15185,28.79
$IMU,26873.258,-0.183,-0.061,-0.061,0.02099,1.00244,0.15185,28.79
$IMU,26873.260,-0.122,-0.183,-0.183,0.02246,1.00244,0.15039,28.75
$IMU,26873.263,-0.122,-0.183,-0.183,0.02148,1.00585,0.15527,28.75
$MAG,26873.265,-0.150,-0.519,-0.531,27.6
$IMU,26873.265,-0.061,-0.183,-0.244,0.01806,1.00488,0.15478,28.75
$IMU,26873.267,-0.244,0.122,-0.183,0.01757,1.00292,0.15332,28.75
$IMU,26873.270,-0.122,0.000,-0.183,0.01757,1.00390,0.15283,28.75
$IMU,26873.272,-0.122,-0.122,-0.183,0.01855,1.00488,0.15429,28.75
$IMU,26873.274,-0.183,-0.061,-0.061,0.01855,1.00488,0.15039,28.75
$MAG,26873.275,-0.141,-0.526,-0.526,27.6
$IMU,26873.277,-0.061,0.000,-0.061,0.02099,1.00439,0.14941,28.75
$IMU,26873.279,-0.061,-0.122,-0.183,0.01953,1.00488,0.15234,28.73
$IMU,26873.281,-0.183,-0.061,-0.183,0.01708,1.00341,0.14941,28.73
$IMU,26873.284,-0.244,0.061,-0.244,0.01562,1.00683,0.15136,28.73
$MAG,26873.285,-0.142,-0.514,-0.532,27.6
$IMU,26873.286,-0.183,-0.061,-0.305,0.01660,1.00097,0.15136,28.73
$IMU,26873.288,-0.305,-0.061,-0.183,0.01708,1.00244,0.15283,28.73
$IMU,26873.291,-0.183,0.000,-0.183,0.01953,1.00244,0.14843,28.73
$IMU,26873.293,-0.366,0.000,-0.122,0.02294,1.00537,0.15185,28.73
$MAG,26873.295,-0.148,-0.522,-0.529,27.7
$IMU,26873.296,-0.305,-0.061,-0.122,0.01806,1.00341,0.15136,28.73
$IMU,26873.298,-0.366,-0.061,-0.183,0.01757,1.00390,0.15234,28.72
$IMU,26873.300,-0.305,-0.183,-0.244,0.01708,1.00341,0.15136,28.72
$IMU,26873.303,-0.305,-0.183,-0.183,0.01708,1.00195,0.15087,28.72
$MAG,26873.305,-0.138,-0.523,-0.540,27.7
$IMU,26873.305,-0.305,-0.122,-0.122,0.02099,1.00048,0.15234,28.72
$IMU,26873.307,-0.366,-0.122,-0.061,0.01562,1.00146,0.15087,28.72
$IMU,26873.310,-0.488,0.061,-0.061,0.01904,1.00244,0.15380,28.72
$IMU,26873.312,-0.305,-0.244,-0.122,0.01855,1.00341,0.15478,28.72
$IMU,26873.314,-0.244,-0.183,-0.244,0.01611,1.00732,0.15429,28.72
$MAG,26873.316,-0.132,-0.526,-0.531,27.5
$IMU,26873.317,-0.427,-0.122,-0.183,0.02050,1.00537,0.15771,28.73
$IMU,26873.319,-0.427,0.061,-0.183,0.02050,1.00488,0.15087,28.73
$IMU,26873.321,-0.305,0.000,-0.122,0.01416,1.00292,0.15234,28.73
$IMU,26873.324,-0.244,-0.183,-0.122,0.01611,1.00732,0.15234,28.73
$BARO,26873.325,86865.40,28.63
$MAG,26873.326,-0.144,-0.522,-0.534,27.6
$IMU,26873.326,-0.183,-0.183,-0.122,0.01757,1.00341,0.15185,28.73
$IMU,26873.328,-0.183,0.000,-0.122,0.01953,1.00390,0.14990,28.73
$IMU,26873.331,-0.183,0.000,-0.183,0.02246,1.00537,0.15332,28.73
$IMU,26873.333,-0.183,0.000,-0.244,0.01806,1.00390,0.15136,28.73
$IMU,26873.335,-0.122,-0.122,-0.183,0.01953,1.00244,0.15380,28.79
$MAG,26873.336,-0.144,-0.514,-0.535,27.6
$IMU,26873.338,-0.122,-0.122,-0.183,0.01757,1.00341,0.14990,28.79
$IMU,26873.340,-0.122,-0.183,-0.122,0.02001,1.00341,0.15039,28.79
$IMU,26873.342,-0.061,-0.122,-0.122,0.02050,1.00195,0.15185,28.79
$IMU,26873.345,-0.183,0.000,-0.122,0.01611,1.00195,0.15136,28.79
$MAG,26873.346,-0.144,-0.522,-0.541,27.6
$IMU,26873.347,-0.244,-0.061,-0.122,0.01660,1.00341,0.15087,28.79
$IMU,26873.349,-0.244,0.061,-0.183,0.01757,1.00244,0.15039,28.79
$IMU,26873.352,-0.183,-0.122,-0.183,0.01660,1.00244,0.14697,28.79
$IMU,26873.354,-0.183,-0.122,-0.122,0.01904,1.00244,0.15087,28.75
$MAG,26873.356,-0.148,-0.519,-0.529,27.6
$IMU,26873.357,-0.305,0.000,-0.122,0.01855,1.00097,0.15332,28.75
$IMU,26873.359,-0.305,-0.061,-0.183,0.01855,1.00244,0.15087,28.75
$IMU,26873.361,-0.244,-0.122,-0.183,0.02001,1.00390,0.15429,28.75
$IMU,26873.364,-0.305,-0.183,-0.244,0.02099,1.00195,0.15136,28.75
$MAG,26873.366,-0.147,-0.511,-0.535,27.6
$IMU,26873.366,-0.244,-0.244,-0.122,0.02001,1.00341,0.15039,28.75
$IMU,26873.368,-0.305,-0.061,-0.244,0.01806,1.00537,0.15380,28.75
$IMU,26873.371,-0.305,-0.061,-0.244,0.01562,1.00488,0.15185,28.75
$IMU,26873.373,-0.366,-0.122,-0.183,0.01953,1.00244,0.14941,28.80
$IMU,26873.375,-0.305,-0.183,-0.061,0.01806,1.00097,0.15087,28.80
$MAG,26873.376,-0.147,-0.514,-0.537,27.7
$IMU,26873.378,-0.183,-0.122,-0.122,0.02099,1.00537,0.15185,28.80
$IMU,26873.380,-0.244,0.000,-0.122,0.01757,1.00537,0.15185,28.80
$IMU,26873.382,-0.244,0.000,-0.183,0.01855,1.00683,0.15136,28.80
$IMU,26873.385,-0.183,0.061,-0.244,0.01708,1.00537,0.15136,28.80
$MAG,26873.386,-0.139,-0.531,-0.534,27.6
$IMU,26873.387,-0.183,-0.061,-0.183,0.01416,1.00537,0.15185,28.80
$IMU,26873.389,-0.122,-0.183,-0.183,0.01904,1.00488,0.15136,28.80
$IMU,26873.392,-0.122,-0.122,-0.122,0.01806,1.00341,0.15234,28.79
$IMU,26873.394,-0.244,0.000,-0.122,0.01855,1.00244,0.15576,28.79
$MAG,26873.396,-0.144,-0.523,-0.529,27.7
$IMU,26873.396,-0.244,0.000,-0.122,0.01708,1.00341,0.15332,28.79
$IMU,26873.399,-0.183,-0.061,-0.183,0.01611,1.00488,0.15136,28.79
$IMU,26873.401,-0.122,-0.061,-0.183,0.01562,1.00537,0.15087,28.79
$IMU,26873.403,-0.183,-0.122,-0.183,0.01562,1.00292,0.15380,28.79
$MAG,26873.406,-0.139,-0.529,-0.526,27.6
$IMU,26873.406,-0.183,-0.061,-0.122,0.01660,1.00146,0.15234,28.79
$IMU,26873.408,-0.244,-0.183,-0.183,0.01855,1.00048,0.14990,28.79
$IMU,26873.410,-0.305,-0.122,-0.122,0.01806,1.00292,0.14892,28.74
$IMU,26873.413,-0.244,-0.122,-0.122,0.01953,1.00244,0.15380,28.74
$IMU,26873.415,-0.244,-0.122,-0.183,0.02050,1.00585,0.15234,28.74
$MAG,26873.416,-0.133,-0.519,-0.540,27.6
$IMU,26873.418,-0.305,-0.061,-0.183,0.01953,1.00146,0.15234,28.74
$IMU,26873.420,-0.305,0.061,-0.122,0.01855,1.00390,0.15185,28.74
$IMU,26873.422,-0.366,0.061,-0.183,0.01757,1.00537,0.15185,28.74
$IMU,26873.425,-0.305,-0.183,-0.183,0.01660,1.00048,0.15136,28.74
$BARO,26873.426,86856.60,28.63
$MAG,26873.427,-0.138,-0.517,-0.532,27.6
$IMU,26873.427,-0.366,-0.061,-0.122,0.01953,1.00292,0.15185,28.74
$IMU,26873.429,-0.244,-0.183,-0.122,0.01611,1.00439,0.15429,28.76
$IMU,26873.432,-0.366,-0.061,-0.122,0.01953,1.00683,0.15283,28.76
$IMU,26873.434,-0.305,-0.061,-0.183,0.02197,1.00585,0.15136,28.76
$IMU,26873.436,-0.305,0.000,-0.244,0.01806,1.00244,0.15136,28.76
$MAG,26873.437,-0.138,-0.523,-0.528,27.7
$IMU,26873.439,-0.305,-0.183,-0.244,0.01953,1.00585,0.15234,28.76
$IMU,26873.441,-0.305,-0.122,-0.183,0.01562,1.00439,0.15283,28.76
$IMU,26873.443,-0.244,-0.061,-0.122,0.01611,1.00195,0.15234,28.76
$IMU,26873.446,-0.244,-0.183,-0.122,0.01806,1.00634,0.15136,28.76
$MAG,26873.447,-0.150,-0.526,-0.538,27.7
$IMU,26873.448,-0.244,-0.061,-0.061,0.01708,1.00439,0.15136,28.73
$IMU,26873.450,-0.122,-0.122,-0.122,0.02001,1.00390,0.15185,28.73
$IMU,26873.453,-0.183,-0.122,-0.183,0.01855,1.00292,0.14990,28.73
$IMU,26873.455,-0.183,-0.061,-0.183,0.01464,1.00537,0.15332,28.73
$MAG,26873.457,-0.139,-0.519,-0.535,27.6
$IMU,26873.457,-0.244,0.122,-0.122,0.01660,1.00488,0.15136,28.73
$IMU,26873.460,-0.305,0.061,-0.122,0.01855,1.00195,0.15185,28.73
$IMU,26873.462,-0.183,-0.122,-0.122,0.01562,1.00244,0.15234,28.73
$IMU,26873.464,-0.183,0.000,-0.122,0.01953,1.00244,0.15039,28.73
$MAG,26873.467,-0.148,-0.522,-0.534,27.6
$IMU,26873.467,-0.122,-0.122,-0.122,0.01855,1.00048,0.15332,28.76
$IMU,26873.469,-0.305,0.122,-0.183,0.01806,1.00292,0.15185,28.76
$IMU,26873.471,-0.305,-0.061,-0.183,0.01757,1.00439,0.15234,28.76
$IMU,26873.474,-0.183,-0.061,-0.244,0.01611,1.00537,0.15087,28.76
$IMU,26873.476,-0.244,-0.061,-0.122,0.01904,1.00292,0.14990,28.76
$MAG,26873.477,-0.145,-0.520,-0.529,27.6
$IMU,26873.478,-0.305,-0.183,-0.122,0.01562,1.00634,0.15380,28.76
$IMU,26873.481,-0.305,-0.122,-0.122,0.01757,1.00439,0.15332,28.76
$IMU,26873.483,-0.244,-0.061,-0.183,0.01464,1.00292,0.15136,28.76
$IMU,26873.486,-0.366,-0.061,-0.244,0.01513,1.00048,0.14990,28.78
$IMU,26873.488,-0.305,-0.061,-0.183,0.01806,1.00000,0.15087,28.78
$MAG,26873.487,-0.144,-0.526,-0.525,27.6
$IMU,26873.490,-0.366,-0.061,-0.244,0.01806,1.00000,0.15234,28.78
$IMU,26873.493,-0.244,-0.183,-0.183,0.01757,1.00097,0.15234,28.78
$IMU,26873.495,-0.244,-0.122,-0.122,0.01855,1.00146,0.15283,28.78
$MAG,26873.497,-0.151,-0.520,-0.532,27.8
$IMU,26873.497,-0.366,0.000,-0.122,0.02001,1.00097,0.15332,28.78
$IMU,26873.500,-0.305,0.000,-0.122,0.01904,1.00195,0.15087,28.78
$IMU,26873.502,-0.244,0.000,-0.183,0.01611,1.00097,0.15039,28.78
$IMU,26873.504,-0.183,-0.061,-0.244,0.01757,1.00292,0.15136,28.78
$MAG,26873.507,-0.141,-0.519,-0.528,27.6
$IMU,26873.507,-0.305,-0.061,-0.244,0.01806,0.99951,0.15332,28.78
$IMU,26873.509,-0.244,-0.122,-0.122,0.01806,1.00390,0.15283,28.78
$IMU,26873.511,-0.244,-0.061,-0.183,0.01806,1.00146,0.15234,28.78
$IMU,26873.514,-0.244,-0.122,-0.122,0.01611,1.00292,0.15429,28.78
$IMU,26873.516,-0.183,-0.183,-0.061,0.01904,1.00439,0.15185,28.78
$MAG,26873.517,-0.150,-0.514,-0.528,27.7
$IMU,26873.518,-0.122,-0.183,-0.122,0.02148,1.00341,0.15136,28.78
$IMU,26873.521,-0.244,-0.122,-0.244,0.01757,1.00537,0.15283,28.78
$IMU,26873.523,-0.183,0.000,-0.122,0.01806,1.00732,0.15283,28.76
$IMU,26873.525,-0.244,-0.061,-0.061,0.01660,1.00585,0.15380,28.76
$MAG,26873.527,-0.144,-0.526,-0.532,27.6
$BARO,26873.528,86871.13,28.64
$IMU,26873.528,-0.122,-0.183,-0.122,0.01953,1.00390,0.15234,28.76
$IMU,26873.530,-0.183,-0.061,-0.183,0.02148,1.00292,0.15234,28.76
$IMU,26873.532,-0.244,0.000,-0.183,0.02001,1.00341,0.15332,28.76
$IMU,26873.535,-0.244,-0.061,-0.244,0.01904,1.00097,0.15136,28.76
$IMU,26873.537,-0.244,-0.061,-0.183,0.01757,1.00097,0.15429,28.76
$MAG,26873.538,-0.144,-0.522,-0.529,27.6
$IMU,26873.539,-0.183,-0.183,-0.183,0.01806,1.00244,0.15283,28.76
$IMU,26873.542,-0.183,-0.122,-0.122,0.01904,1.00390,0.15136,28.74
$IMU,26873.544,-0.183,-0.183,-0.122,0.01806,1.00439,0.15136,28.74
$IMU,26873.547,-0.244,-0.061,-0.122,0.01513,1.00292,0.15332,28.74
$MAG,26873.548,-0.144,-0.522,-0.528,27.6
$IMU,26873.549,-0.244,-0.122,-0.122,0.02099,1.00146,0.15185,28.74
$IMU,26873.551,-0.244,-0.122,-0.183,0.01611,1.00292,0.15185,28.74
$IMU,26873.554,-0.244,-0.122,-0.244,0.01855,1.00439,0.15283,28.74
$IMU,26873.556,-0.305,-0.122,-0.122,0.01757,1.00341,0.15087,28.74
$MAG,26873.558,-0.144,-0.523,-0.531,27.7
$IMU,26873.558,-0.244,-0.122,-0.122,0.01757,1.00244,0.15185,28.74
$IMU,26873.561,-0.366,-0.061,-0.061,0.01708,1.00488,0.15185,28.77
$IMU,26873.563,-0.366,-0.061,-0.122,0.02001,1.00488,0.15234,28.77
$IMU,26873.565,-0.244,-0.061,-0.122,0.02001,1.00488,0.15136,28.77
$MAG,26873.568,-0.145,-0.520,-0.529,27.6
$IMU,26873.568,-0.244,-0.183,-0.183,0.01611,1.00683,0.15332,28.77
$IMU,26873.570,-0.244,-0.061,-0.183,0.02050,1.00292,0.15136,28.77
$IMU,26873.572,-0.366,0.061,-0.183,0.02050,1.00439,0.15185,28.77
$IMU,26873.575,-0.305,-0.061,-0.183,0.01660,1.00097,0.15136,28.77
$IMU,26873.577,-0.366,-0.061,-0.183,0.02099,1.00195,0.15234,28.77
$MAG,26873.578,-0.142,-0.522,-0.541,27.6
$IMU,26873.579,-0.183,-0.122,-0.122,0.01953,1.00097,0.15283,28.76
$IMU,26873.582,-0.122,-0.122,-0.122,0.02148,0.99853,0.15332,28.76
$IMU,26873.584,-0.244,-0.061,-0.244,0.02001,1.00585,0.15380,28.76
$IMU,26873.586,-0.244,-0.061,-0.244,0.01757,1.00439,0.15380,28.76
$MAG,26873.588,-0.139,-0.529,-0.537,27.6
$IMU,26873.589,-0.305,-0.061,-0.183,0.01953,1.00146,0.15283,28.76
$IMU,26873.591,-0.183,-0.122,-0.183,0.01660,1.00292,0.15136,28.76
$IMU,26873.593,-0.183,-0.305,0.000,0.01904,1.00097,0.15234,28.76
$IMU,26873.596,-0.305,-0.061,-0.061,0.01611,1.00390,0.15283,28.76
$MAG,26873.598,-0.153,-0.529,-0.534,27.6
$IMU,26873.598,-0.244,-0.122,-0.122,0.01757,1.00341,0.15039,28.77
$IMU,26873.600,-0.244,0.000,-0.244,0.01562,1.00097,0.15185,28.77
$IMU,26873.603,-0.305,-0.061,-0.244,0.01806,1.00244,0.15332,28.77
$IMU,26873.605,-0.244,-0.122,-0.183,0.01464,1.00390,0.15283,28.77
$MAG,26873.608,-0.144,-0.528,-0.525,27.6
$IMU,26873.608,-0.244,-0.122,-0.122,0.01708,1.00341,0.15234,28.77
$IMU,26873.610,-0.183,-0.183,-0.183,0.01806,1.00390,0.15185,28.77
$IMU,26873.612,-0.183,0.061,-0.183,0.01660,1.00292,0.15332,28.77
$IMU,26873.615,-0.244,0.000,-0.122,0.01855,1.00000,0.15332,28.77
$IMU,26873.617,-0.244,-0.183,-0.122,0.02050,1.00195,0.15283,28.75
$MAG,26873.618,-0.144,-0.514,-0.531,27.6
$IMU,26873.619,-0.183,-0.183,-0.183,0.02001,1.00146,0.15380,28.75
$IMU,26873.622,-0.244,0.000,-0.122,0.01611,1.00488,0.15185,28.75
$IMU,26873.624,-0.244,0.000,-0.244,0.02148,1.00341,0.15234,28.75
$IMU,26873.626,-0.305,0.061,-0.244,0.01757,1.00390,0.15234,28.75
$MAG,26873.628,-0.141,-0.523,-0.537,27.6
$BARO,26873.629,86863.94,28.64
$IMU,26873.629,-0.244,-0.122,-0.183,0.01416,1.00390,0.15380,28.75
$IMU,26873.631,-0.183,-0.183,-0.183,0.01904,1.00585,0.15332,28.75
$IMU,26873.633,-0.122,-0.244,-0.183,0.01904,1.00585,0.15185,28.75
$IMU,26873.636,-0.305,0.000,-0.122,0.02050,1.00488,0.15283,28.76
$IMU,26873.638,-0.305,-0.122,-0.244,0.01904,1.00341,0.15234,28.76
$MAG,26873.638,-0.141,-0.520,-0.532,27.6
$IMU,26873.640,-0.305,0.000,-0.183,0.01562,1.00683,0.15234,28.76
$IMU,26873.643,-0.244,-0.061,-0.183,0.02001,1.00439,0.15283,28.76
$IMU,26873.645,-0.183,-0.244,-0.244,0.01757,0.99951,0.15234,28.76
$IMU,26873.647,-0.305,-0.061,-0.183,0.01855,1.00537,0.15039,28.76
$MAG,26873.649,-0.145,-0.517,-0.528,27.7
$IMU,26873.650,-0.183,-0.183,-0.183,0.02099,1.00390,0.15234,28.76
$IMU,26873.652,-0.305,-0.061,-0.183,0.01855,1.00585,0.15136,28.76
$IMU,26873.654,-0.244,0.061,-0.183,0.01904,1.00390,0.15527,28.78
$IMU,26873.657,-0.183,-0.122,-0.183,0.01855,1.00488,0.15283,28.78
$MAG,26873.659,-0.142,-0.514,-0.532,27.7
$IMU,26873.659,-0.305,-0.061,-0.183,0.01855,1.00341,0.14892,28.78
$IMU,26873.661,-0.305,-0.061,-0.122,0.01806,1.00048,0.15185,28.78
$IMU,26873.664,-0.244,-0.122,-0.122,0.01562,1.00585,0.15283,28.78
$IMU,26873.666,-0.244,-0.061,-0.183,0.01660,1.00634,0.14892,28.78
$MAG,26873.669,-0.142,-0.525,-0.532,27.6
$IMU,26873.669,-0.305,0.000,-0.183,0.01757,1.00244,0.15185,28.78
$IMU,26873.671,-0.244,-0.183,-0.183,0.01757,1.00244,0.15136,28.78
$IMU,26873.673,-0.061,-0.183,-0.122,0.01904,1.00195,0.15332,28.75
$IMU,26873.676,-0.183,-0.061,-0.183,0.01953,1.00097,0.15380,28.75
$IMU,26873.678,-0.366,-0.061,-0.183,0.01806,1.00683,0.15039,28.75
$MAG,26873.679,-0.147,-0.522,-0.532,27.6
$IMU,26873.680,-0.366,-0.061,-0.183,0.01611,1.00781,0.15039,28.75
$IMU,26873.683,-0.244,-0.183,-0.183,0.01855,1.00195,0.15234,28.75
$IMU,26873.685,-0.244,-0.183,-0.244,0.01855,1.00000,0.15185,28.75
$IMU,26873.687,-0.305,0.061,-0.122,0.01904,0.99951,0.15185,28.75
$MAG,26873.689,-0.151,-0.523,-0.532,27.7
$IMU,26873.690,-0.366,0.000,-0.122,0.01660,1.00195,0.15283,28.75
$HUM,26873.691,34.3,29.1
$IMU,26873.692,-0.305,-0.183,-0.183,0.01708,1.00146,0.14990,28.80
$IMU,26873.694,-0.305,-0.061,-0.122,0.01513,1.00390,0.15136,28.80
$IMU,26873.697,-0.305,-0.122,-0.122,0.01855,1.00781,0.15185,28.80
$MAG,26873.699,-0.144,-0.510,-0.537,27.7
$IMU,26873.699,-0.305,-0.122,-0.122,0.01757,1.00244,0.15283,28.80
$IMU,26873.701,-0.305,0.000,-0.183,0.01904,1.00439,0.14941,28.80
$IMU,26873.704,-0.305,-0.122,-0.183,0.01806,1.00390,0.15234,28.80
$IMU,26873.706,-0.244,-0.183,-0.244,0.02001,0.99902,0.15234,28.80
$IMU,26873.708,-0.305,0.061,-0.183,0.01904,1.00244,0.15283,28.80
$MAG,26873.709,-0.135,-0.520,-0.532,27.6
$IMU,26873.711,-0.244,-0.122,-0.122,0.01757,1.00292,0.15185,28.73
$IMU,26873.713,-0.244,-0.183,-0.183,0.01757,1.00341,0.15283,28.73
$IMU,26873.715,-0.305,-0.061,-0.183,0.01708,1.00292,0.15087,28.73
$IMU,26873.718,-0.305,-0.061,-0.183,0.01708,1.00341,0.15234,28.73
$MAG,26873.719,-0.144,-0.519,-0.537,27.7
$IMU,26873.720,-0.122,-0.244,-0.183,0.02050,1.00683,0.15332,28.73
$IMU,26873.722,-0.061,-0.244,-0.183,0.01855,1.00585,0.15380,28.73
$IMU,26873.725,-0.183,-0.061,-0.183,0.01953,1.00000,0.15234,28.73
$IMU,26873.727,-0.183,0.000,-0.183,0.01806,0.99853,0.15234,28.73
$MAG,26873.729,-0.150,-0.520,-0.532,27.6
$BARO,26873.730,86870.40,28.64
$IMU,26873.730,-0.183,-0.061,-0.122,0.01904,1.00146,0.15234,28.73
$IMU,26873.732,-0.244,-0.122,-0.061,0.01953,1.00585,0.15283,28.73
$IMU,26873.734,-0.183,-0.183,-0.122,0.02050,1.00244,0.15283,28.73
$IMU,26873.737,-0.183,0.000,-0.183,0.02001,1.00390,0.15380,28.73
$MAG,26873.739,-0.145,-0.516,-0.538,27.6
$IMU,26873.739,-0.183,0.000,-0.183,0.01708,1.00292,0.14843,28.73
$IMU,26873.741,-0.122,-0.183,-0.183,0.01562,1.00097,0.15234,28.73
$IMU,26873.744,-0.244,0.000,-0.183,0.02001,1.00390,0.15185,28.73
$IMU,26873.746,-0.305,-0.061,-0.244,0.02001,1.00292,0.15185,28.73
$IMU,26873.748,-0.366,-0.122,-0.122,0.01855,1.00097,0.15234,28.77
$MAG,26873.749,-0.144,-0.523,-0.529,27.6
$IMU,26873.751,-0.183,-0.061,-0.122,0.01806,1.00195,0.15039,28.77
$IMU,26873.753,-0.244,0.000,-0.244,0.01855,1.00341,0.15136,28.77
$IMU,26873.755,-0.244,0.000,-0.244,0.02001,1.00292,0.15039,28.77
$IMU,26873.758,-0.122,-0.183,-0.122,0.01660,1.00488,0.15087,28.77
$MAG,26873.760,-0.142,-0.522,-0.532,27.6
$IMU,26873.760,-0.305,0.000,-0.183,0.01855,1.00390,0.15136,28.77
$IMU,26873.762,-0.305,-0.061,-0.183,0.01708,1.00390,0.15380,28.77
$IMU,26873.765,-0.366,0.061,-0.183,0.01904,1.00195,0.15136,28.77
$IMU,26873.767,-0.305,-0.122,-0.183,0.02001,1.00146,0.15039,28.76
$IMU,26873.769,-0.305,-0.061,-0.183,0.02001,1.00732,0.15185,28.76
$MAG,26873.770,-0.145,-0.525,-0.538,27.6
$IMU,26873.772,-0.305,0.000,-0.183,0.01904,1.00585,0.15332,28.76
$IMU,26873.774,-0.244,-0.122,-0.183,0.01855,1.00195,0.15478,28.76
$IMU,26873.776,-0.244,-0.061,-0.183,0.02294,1.00439,0.15136,28.76
$IMU,26873.779,-0.183,0.000,-0.244,0.01806,1.00732,0.15185,28.76
$MAG,26873.780,-0.138,-0.525,-0.537,27.6
$IMU,26873.781,-0.244,-0.122,-0.183,0.01806,1.00341,0.15234,28.76
$IMU,26873.783,-0.244,-0.122,-0.244,0.02099,1.00439,0.15185,28.76
$IMU,26873.786,-0.305,-0.061,-0.183,0.02001,1.00732,0.15332,28.73
$IMU,26873.788,-0.305,-0.122,-0.122,0.01708,1.00292,0.15332,28.73
$MAG,26873.790,-0.141,-0.516,-0.537,27.6
$IMU,26873.791,-0.244,0.000,-0.183,0.01367,1.00195,0.15039,28.73
$IMU,26873.793,-0.366,0.061,-0.244,0.01708,1.00244,0.15283,28.73
$IMU,26873.795,-0.427,0.061,-0.183,0.01708,1.00292,0.15576,28.73
$IMU,26873.798,-0.183,-0.183,-0.122,0.01855,1.00195,0.15185,28.73
$MAG,26873.800,-0.147,-0.514,-0.528,27.6
$IMU,26873.800,-0.244,-0.061,-0.122,0.01806,1.00195,0.15136,28.73
$IMU,26873.802,-0.305,-0.122,-0.183,0.01904,1.00244,0.15283,28.73
$IMU,26873.805,-0.305,0.061,-0.122,0.01953,1.00390,0.15185,28.76
$IMU,26873.807,-0.183,-0.061,-0.183,0.01855,1.00048,0.15136,28.76
$IMU,26873.809,-0.244,-0.122,-0.183,0.02001,1.00097,0.14990,28.76
$MAG,26873.810,-0.144,-0.525,-0.535,27.7
$IMU,26873.812,-0.244,-0.061,-0.183,0.01660,1.00146,0.15136,28.76
$IMU,26873.814,-0.244,-0.061,-0.244,0.01953,0.99853,0.15185,28.76
$IMU,26873.816,-0.305,-0.061,-0.244,0.01953,1.00439,0.15332,28.76
$IMU,26873.819,-0.244,0.000,-0.122,0.02001,1.00683,0.15136,28.76
$MAG,26873.820,-0.141,-0.520,-0.532,27.7
$IMU,26873.821,-0.122,-0.122,-0.183,0.02001,1.00537,0.15283,28.76
$IMU,26873.823,-0.122,-0.183,-0.183,0.01660,1.00146,0.15136,28.79
$IMU,26873.826,-0.183,-0.122,-0.122,0.01953,1.00488,0.15136,28.79
$IMU,26873.828,-0.183,-0.061,-0.183,0.01416,1.00244,0.15039,28.79
$MAG,26873.830,-0.153,-0.520,-0.529,27.7
$IMU,26873.830,-0.244,-0.061,-0.183,0.01660,1.00634,0.14990,28.79
$BARO,26873.832,86865.96,28.64
$IMU,26873.833,-0.244,-0.122,-0.183,0.01904,1.00488,0.15136,28.79
$IMU,26873.835,-0.122,-0.183,-0.122,0.01806,1.00683,0.15283,28.79
$IMU,26873.837,-0.183,-0.183,-0.122,0.01855,1.00341,0.15087,28.79
$MAG,26873.840,-0.139,-0.519,-0.535,27.7
$IMU,26873.840,-0.305,0.000,-0.244,0.01855,1.00195,0.15185,28.79
$IMU,26873.842,-0.305,-0.061,-0.244,0.02001,1.00000,0.15332,28.77
$IMU,26873.844,-0.305,-0.122,-0.183,0.02050,1.00048,0.15087,28.77
$IMU,26873.847,-0.305,-0.061,-0.122,0.02001,1.00390,0.15136,28.77
$IMU,26873.849,-0.305,-0.122,-0.122,0.02197,1.00292,0.15380,28.77
$MAG,26873.850,-0.142,-0.525,-0.532,27.6
$IMU,26873.852,-0.427,-0.061,-0.183,0.01953,1.00488,0.15283,28.77
$IMU,26873.854,-0.305,-0.061,-0.244,0.01562,1.00341,0.15087,28.77
$IMU,26873.856,-0.366,-0.061,-0.183,0.01562,1.00390,0.14941,28.77
$IMU,26873.859,-0.305,-0.061,-0.183,0.02001,1.00439,0.15136,28.77
$MAG,26873.860,-0.141,-0.514,-0.534,27.7
$IMU,26873.861,-0.305,0.061,-0.244,0.01953,1.00537,0.15234,28.79
$IMU,26873.863,-0.244,-0.183,-0.244,0.01806,1.00244,0.15185,28.79
$IMU,26873.866,-0.183,-0.183,-0.183,0.02099,1.00048,0.15136,28.79
$IMU,26873.868,-0.244,0.061,-0.183,0.01855,1.00390,0.15087,28.79
$IMU,26873.870,-0.183,-0.061,-0.244,0.01611,1.00537,0.15234,28.79
$MAG,26873.871,-0.144,-0.525,-0.532,27.8
$IMU,26873.873,-0.122,-0.122,-0.183,0.01904,1.00439,0.15283,28.79
$IMU,26873.875,-0.183,-0.061,-0.244,0.01611,1.00244,0.15429,28.79
$IMU,26873.877,-0.305,-0.122,-0.183,0.01757,1.00488,0.15429,28.79
$IMU,26873.880,-0.305,-0.061,-0.122,0.01757,1.00341,0.15332,28.78
$MAG,26873.881,-0.148,-0.519,-0.538,27.6
$IMU,26873.882,-0.183,0.000,-0.122,0.01757,1.00341,0.14990,28.78
$IMU,26873.884,-0.122,-0.061,-0.122,0.01806,1.00439,0.15185,28.78
$IMU,26873.887,-0.183,-0.061,-0.183,0.01757,1.00292,0.15087,28.78
$IMU,26873.889,-0.122,-0.183,-0.122,0.01904,1.00390,0.15039,28.78
$MAG,26873.891,-0.147,-0.523,-0.540,27.6
$IMU,26873.891,-0.305,0.000,-0.183,0.02001,1.00292,0.15087,28.78
$IMU,26873.894,-0.183,-0.122,-0.183,0.01855,1.00244,0.15087,28.78
$IMU,26873.896,-0.244,-0.061,-0.122,0.01904,1.00585,0.15087,28.78
$IMU,26873.898,-0.183,-0.183,-0.122,0.01660,1.00292,0.15234,28.80
$MAG,26873.901,-0.147,-0.523,-0.534,27.7
$IMU,26873.901,-0.305,-0.061,-0.122,0.01757,1.00292,0.15136,28.80
$IMU,26873.903,-0.244,-0.061,-0.061,0.01855,1.00244,0.14990,28.80
$IMU,26873.905,-0.305,0.122,-0.122,0.01660,1.00830,0.15087,28.80
$IMU,26873.908,-0.183,-0.061,-0.183,0.01953,1.00341,0.14941,28.80
$IMU,26873.910,-0.244,-0.061,-0.183,0.01757,1.00439,0.15087,28.80
$MAG,26873.911,-0.144,-0.520,-0.532,27.7
$IMU,26873.912,-0.305,-0.122,-0.183,0.01904,1.00292,0.15136,28.80
$IMU,26873.915,-0.183,-0.183,-0.183,0.01904,1.00048,0.15380,28.80
$IMU,26873.917,-0.366,-0.061,-0.183,0.01953,1.00000,0.15136,28.81
$IMU,26873.920,-0.305,-0.122,-0.183,0.01855,1.00537,0.15136,28.81
$MAG,26873.921,-0.141,-0.526,-0.526,27.5
$IMU,26873.922,-0.305,-0.183,-0.122,0.01611,1.00390,0.15087,28.81
$IMU,26873.924,-0.305,-0.122,-0.122,0.01855,1.00195,0.15234,28.81
$IMU,26873.927,-0.305,-0.183,-0.183,0.01904,1.00244,0.15429,28.81
$IMU,26873.929,-0.244,-0.122,-0.183,0.01953,1.00146,0.14990,28.81
$MAG,26873.931,-0.141,-0.525,-0.531,27.6
$IMU,26873.931,-0.305,0.061,-0.183,0.01855,1.00390,0.15332,28.81
$BARO,26873.933,86875.57,28.64
$IMU,26873.934,-0.305,-0.061,-0.122,0.01708,1.00146,0.15234,28.81
$IMU,26873.936,-0.244,-0.122,-0.122,0.01367,1.00097,0.15185,28.75
$IMU,26873.938,-0.305,-0.122,-0.183,0.01611,1.00390,0.15234,28.75
$MAG,26873.941,-0.148,-0.525,-0.528,27.7
$IMU,26873.941,-0.244,-0.122,-0.244,0.01611,1.00146,0.15185,28.75
$IMU,26873.943,-0.305,-0.122,-0.244,0.01611,1.00292,0.15283,28.75
$IMU,26873.945,-0.305,0.000,-0.122,0.01660,1.00292,0.15136,28.75
$IMU,26873.948,-0.244,-0.183,-0.122,0.01513,1.00097,0.15185,28.75
$IMU,26873.950,-0.244,-0.183,-0.122,0.01660,1.00439,0.15039,28.75
$MAG,26873.951,-0.142,-0.520,-0.529,27.7
$IMU,26873.952,-0.183,-0.061,-0.061,0.01855,1.00439,0.15039,28.75
$IMU,26873.955,-0.122,-0.122,-0.183,0.01855,1.00585,0.15283,28.75
$IMU,26873.957,-0.183,-0.061,-0.183,0.01708,1.00537,0.15185,28.75
$IMU,26873.959,-0.244,0.000,-0.183,0.01611,1.00292,0.15136,28.75
$MAG,26873.961,-0.150,-0.519,-0.531,27.6
$IMU,26873.962,-0.183,-0.183,-0.183,0.01806,1.00195,0.15234,28.75
$IMU,26873.964,-0.244,-0.122,-0.244,0.01757,1.00244,0.15283,28.75
$IMU,26873.966,-0.183,-0.122,-0.183,0.01464,1.00000,0.15136,28.75
$IMU,26873.969,-0.244,0.061,-0.122,0.01953,1.00537,0.15185,28.75
$MAG,26873.971,-0.147,-0.522,-0.529,27.7
$IMU,26873.971,-0.183,-0.122,-0.183,0.01318,1.00683,0.15283,28.75
$IMU,26873.973,-0.183,-0.122,-0.183,0.01757,1.00146,0.15283,28.82
$IMU,26873.976,-0.122,-0.183,-0.244,0.02001,1.00488,0.15039,28.82
$IMU,26873.978,-0.122,-0.061,-0.183,0.01611,1.00537,0.15234,28.82
$MAG,26873.981,-0.144,-0.522,-0.534,27.6
$IMU,26873.981,-0.183,0.061,-0.122,0.01708,1.00537,0.15283,28.82
$IMU,26873.983,-0.305,0.000,-0.122,0.01562,1.00390,0.15332,28.82
$IMU,26873.985,-0.183,-0.122,-0.122,0.01660,1.00390,0.15283,28.82
$IMU,26873.988,-0.183,-0.244,-0.122,0.01904,1.00390,0.15087,28.82
$IMU,26873.990,-0.244,-0.183,-0.183,0.01855,1.00292,0.15283,28.82
$MAG,26873.992,-0.145,-0.523,-0.532,27.7
$IMU,26873.992,-0.305,-0.122,-0.183,0.01953,1.00146,0.15136,28.75
$IMU,26873.995,-0.427,0.000,-0.244,0.01953,1.00390,0.15185,28.75
$IMU,26873.997,-0.427,0.061,-0.244,0.01708,0.99902,0.15136,28.75
$IMU,26873.999,-0.427,0.000,-0.122,0.01904,1.00341,0.15234,28.75
$MAG,26874.002,-0.145,-0.520,-0.532,27.6
$IMU,26874.002,-0.366,-0.183,-0.122,0.02099,1.00244,0.15234,28.75
$IMU,26874.004,-0.366,-0.061,-0.122,0.01904,1.00195,0.15283,28.75
$IMU,26874.006,-0.366,-0.122,-0.183,0.01806,1.00439,0.15087,28.75
$IMU,26874.009,-0.366,-0.061,-0.183,0.01562,1.00439,0.15332,28.75
$IMU,26874.011,-0.305,-0.061,-0.244,0.01562,1.00244,0.15185,28.81
$MAG,26874.012,-0.159,-0.520,-0.540,27.6
$IMU,26874.013,-0.305,-0.183,-0.244,0.01708,1.00488,0.15283,28.81
$IMU,26874.016,-0.244,-0.183,-0.122,0.01708,1.00390,0.15283,28.81
$IMU,26874.018,-0.244,-0.122,-0.061,0.01464,1.00341,0.15136,28.81
$IMU,26874.020,-0.244,-0.183,-0.122,0.01513,1.00146,0.14941,28.81
$MAG,26874.022,-0.136,-0.523,-0.525,27.6
$IMU,26874.023,-0.305,0.000,-0.183,0.01806,1.00244,0.15136,28.81
$IMU,26874.025,-0.183,-0.061,-0.122,0.01660,1.00048,0.15039,28.81
$IMU,26874.027,-0.183,-0.122,-0.183,0.01269,1.00244,0.15185,28.81
$IMU,26874.030,-0.122,-0.061,-0.244,0.01806,1.00244,0.15478,28.80
$MAG,26874.032,-0.142,-0.526,-0.541,27.6
$IMU,26874.032,-0.122,-0.061,-0.244,0.01708,1.00195,0.15283,28.80
$IMU,26874.034,-0.122,-0.183,-0.122,0.01757,1.00634,0.15234,28.80
$BARO,26874.035,86864.35,28.64
$IMU,26874.037,-0.122,-0.061,-0.183,0.01953,1.00537,0.15234,28.80
$IMU,26874.039,-0.183,-0.122,-0.183,0.01904,1.00195,0.15087,28.80
$MAG,26874.042,-0.145,-0.520,-0.538,27.6
$IMU,26874.042,-0.183,-0.183,-0.183,0.01953,1.00537,0.15185,28.80
$IMU,26874.044,-0.061,-0.122,-0.183,0.01660,1.00097,0.15087,28.80
$IMU,26874.046,-0.244,0.061,-0.183,0.01806,1.00097,0.15380,28.80
$IMU,26874.049,-0.183,-0.122,-0.183,0.01513,1.00244,0.15234,28.79
$IMU,26874.051,-0.183,-0.183,-0.183,0.01464,1.00390,0.15087,28.79
$MAG,26874.052,-0.142,-0.523,-0.529,27.6
$IMU,26874.053,-0.183,-0.122,-0.122,0.01660,1.00390,0.15136,28.79
$IMU,26874.056,-0.183,-0.366,-0.061,0.01269,1.00292,0.15039,28.79
$IMU,26874.058,-0.305,-0.183,-0.183,0.01806,1.00537,0.15380,28.79
$IMU,26874.060,-0.244,0.000,-0.244,0.01904,1.00439,0.14794,28.79
$MAG,26874.062,-0.145,-0.525,-0.532,27.7
$IMU,26874.063,-0.305,0.000,-0.183,0.02001,1.00390,0.14843,28.79
$IMU,26874.065,-0.305,-0.122,-0.122,0.02001,1.00488,0.15039,28.79
$IMU,26874.067,-0.244,-0.061,-0.122,0.01904,1.00683,0.15234,28.81
$IMU,26874.070,-0.244,-0.183,-0.183,0.01660,1.00292,0.15332,28.81
$MAG,26874.072,-0.145,-0.513,-0.528,27.6
$IMU,26874.072,-0.244,-0.244,-0.122,0.01660,0.99951,0.15283,28.81
$IMU,26874.074,-0.305,0.000,-0.122,0.01562,1.00585,0.15087,28.81
$IMU,26874.077,-0.183,-0.122,-0.244,0.01708,1.00341,0.15087,28.81
$IMU,26874.079,-0.183,-0.366,-0.244,0.01953,1.00488,0.15380,28.81
$IMU,26874.081,-0.244,-0.183,-0.244,0.01855,1.00537,0.14794,28.81
$MAG,26874.082,-0.147,-0.514,-0.529,27.7
$IMU,26874.084,-0.244,0.122,-0.183,0.01708,1.00097,0.15087,28.81
$IMU,26874.086,-0.183,-0.061,-0.061,0.01904,1.00292,0.15185,28.80
$IMU,26874.088,-0.122,-0.061,-0.061,0.01611,1.00341,0.15136,28.80
$IMU,26874.091,-0.122,-0.183,-0.122,0.01513,1.00439,0.15185,28.80
$MAG,26874.092,-0.139,-0.526,-0.529,27.6
$IMU,26874.093,-0.183,-0.122,-0.244,0.01757,1.00195,0.15185,28.80
$IMU,26874.095,-0.244,-0.061,-0.122,0.02001,1.00390,0.15234,28.80
$IMU,26874.098,-0.244,0.061,-0.183,0.01806,1.00585,0.15185,28.80
$IMU,26874.100,-0.244,0.000,-0.183,0.01611,1.00341,0.15087,28.80
$MAG,26874.103,-0.142,-0.520,-0.529,27.6
$IMU,26874.103,-0.122,-0.122,-0.122,0.01757,1.00292,0.15234,28.80
$IMU,26874.105,-0.122,-0.122,-0.061,0.01708,1.00390,0.15185,28.78
$IMU,26874.107,-0.305,-0.061,-0.122,0.01855,1.00146,0.15234,28.78
$IMU,26874.110,-0.366,-0.061,-0.061,0.02050,1.00390,0.14843,28.78
$IMU,26874.112,-0.305,-0.061,-0.122,0.01855,1.00537,0.15234,28.78
$MAG,26874.113,-0.142,-0.520,-0.525,27.6
$IMU,26874.114,-0.244,-0.183,-0.183,0.01904,1.00488,0.15429,28.78
$IMU,26874.117,-0.305,-0.183,-0.244,0.01611,1.00390,0.15234,28.78
$IMU,26874.119,-0.366,-0.122,-0.183,0.01367,0.99853,0.15136,28.78
$IMU,26874.121,-0.427,-0.061,-0.122,0.01562,1.00000,0.15136,28.78
$MAG,26874.123,-0.138,-0.523,-0.531,27.6
$IMU,26874.124,-0.427,0.061,-0.122,0.01708,1.00390,0.15234,28.83
$IMU,26874.126,-0.366,0.000,-0.061,0.01757,1.00195,0.15332,28.83
$IMU,26874.128,-0.244,-0.183,-0.122,0.01953,1.00146,0.15185,28.83
$IMU,26874.131,-0.183,-0.183,-0.244,0.01855,1.00439,0.15234,28.83
$MAG,26874.133,-0.142,-0.523,-0.525,27.7
$IMU,26874.133,-0.305,0.000,-0.183,0.01464,1.00390,0.15283,28.83
$IMU,26874.135,-0.244,-0.244,-0.122,0.01464,1.00585,0.15283,28.83
$BARO,26874.136,86876.37,28.64
$IMU,26874.138,-0.305,0.000,-0.183,0.01757,1.00341,0.15234,28.83
$IMU,26874.140,-0.244,0.000,-0.061,0.02050,1.00195,0.15625,28.83
$IMU,26874.142,-0.122,-0.244,-0.122,0.01855,1.00244,0.15429,28.79
$MAG,26874.143,-0.147,-0.523,-0.532,27.6
$IMU,26874.145,-0.183,0.000,-0.122,0.01611,1.00146,0.15136,28.79
$IMU,26874.147,-0.061,0.000,-0.183,0.01757,1.00341,0.15234,28.79
$IMU,26874.149,-0.183,0.000,-0.183,0.01855,1.00341,0.14843,28.79
$IMU,26874.152,-0.061,-0.122,-0.122,0.01757,1.00683,0.14746,28.79
$MAG,26874.153,-0.147,-0.522,-0.534,27.6
$IMU,26874.154,-0.061,0.000,-0.122,0.01757,1.00683,0.15234,28.79
$IMU,26874.156,-0.061,-0.061,-0.122,0.01904,1.00292,0.15283,28.79
$IMU,26874.159,-0.061,-0.061,-0.061,0.01953,1.00585,0.15185,28.79
$IMU,26874.161,0.000,-0.061,-0.183,0.02099,1.00585,0.15087,28.76
$MAG,26874.163,-0.148,-0.523,-0.529,27.6
$IMU,26874.164,-0.183,0.000,-0.183,0.01757,1.00292,0.15234,28.76
$IMU,26874.166,-0.183,-0.122,-0.244,0.01904,1.00488,0.15185,28.76
$IMU,26874.168,-0.122,-0.183,-0.183,0.01953,1.00537,0.14697,28.76
$IMU,26874.171,-0.183,-0.061,-0.122,0.01855,1.00390,0.15136,28.76
$MAG,26874.173,-0.145,-0.519,-0.531,27.7
$IMU,26874.173,-0.244,-0.061,-0.122,0.01660,1.00195,0.14697,28.76
$IMU,26874.175,-0.244,-0.061,-0.061,0.01806,1.00292,0.15136,28.76
$IMU,26874.178,-0.244,-0.183,-0.122,0.02001,1.00146,0.15087,28.76
$IMU,26874.180,-0.366,-0.183,-0.244,0.02148,1.00537,0.15185,28.80
$IMU,26874.182,-0.427,-0.183,-0.244,0.01708,1.00097,0.15039,28.80
$MAG,26874.183,-0.147,-0.517,-0.529,27.6
$IMU,26874.185,-0.549,0.061,-0.244,0.01806,1.00195,0.15136,28.80
$IMU,26874.187,-0.610,0.061,-0.183,0.01611,0.99853,0.14990,28.80
$IMU,26874.189,-0.549,-0.061,-0.122,0.01708,1.00146,0.15039,28.80
$IMU,26874.192,-0.427,-0.244,-0.183,0.02001,1.00439,0.15478,28.80
$MAG,26874.193,-0.154,-0.519,-0.540,27.6
$IMU,26874.194,-0.488,0.000,-0.122,0.01611,1.00195,0.15234,28.80
$IMU,26874.196,-0.488,0.061,-0.244,0.01757,1.00000,0.15185,28.80
$IMU,26874.199,-0.488,0.061,-0.244,0.01708,1.00390,0.15332,28.78
$IMU,26874.201,-0.366,-0.122,-0.244,0.01660,1.00683,0.15332,28.78
$MAG,26874.203,-0.136,-0.516,-0.543,27.6
$IMU,26874.203,-0.366,0.000,-0.183,0.01953,1.00585,0.15185,28.78
$IMU,26874.206,-0.305,-0.061,-0.122,0.01757,1.00390,0.15136,28.78
$IMU,26874.208,-0.122,-0.244,-0.183,0.01562,1.00537,0.15332,28.78
$IMU,26874.210,-0.122,-0.061,-0.122,0.01904,1.00390,0.15380,28.78
$IMU,26874.213,-0.061,0.000,-0.061,0.01708,1.00585,0.15332,28.78
$MAG,26874.214,-0.145,-0.523,-0.529,27.5
$IMU,26874.215,0.000,-0.122,-0.183,0.01904,1.00390,0.15332,28.78
$IMU,26874.217,0.061,-0.183,-0.183,0.01660,1.00732,0.15527,28.82
$IMU,26874.220,-0.061,0.000,-0.122,0.01513,1.00488,0.15332,28.82
$IMU,26874.222,0.061,-0.061,-0.122,0.01904,1.00390,0.15234,28.82
$MAG,26874.224,-0.147,-0.519,-0.534,27.6
$IMU,26874.225,0.000,0.000,-0.183,0.02050,1.00292,0.15283,28.82
$IMU,26874.227,0.000,-0.061,-0.244,0.01904,1.00439,0.14941,28.82
$IMU,26874.229,0.061,-0.122,-0.183,0.01953,1.00585,0.15087,28.82
$IMU,26874.232,0.000,-0.122,-0.183,0.01611,1.00488,0.15087,28.82
$MAG,26874.234,-0.139,-0.519,-0.540,27.6
$IMU,26874.234,0.000,-0.183,-0.183,0.01513,1.00244,0.15185,28.82
$IMU,26874.236,-0.122,-0.122,-0.183,0.01660,1.00195,0.15136,28.76
$BARO,26874.238,86870.33,28.64
$VBAT,26874.238,4.127
$IMU,26874.239,-0.305,0.000,-0.122,0.01904,1.00390,0.15185,28.76
$IMU,26874.241,-0.305,-0.061,-0.122,0.01708,1.00634,0.15478,28.76
$IMU,26874.243,-0.244,-0.183,-0.122,0.01757,1.00585,0.15136,28.76
$MAG,26874.244,-0.147,-0.520,-0.532,27.7
$IMU,26874.246,-0.366,-0.061,-0.122,0.01806,1.00195,0.15185,28.76
$IMU,26874.248,-0.427,0.000,-0.183,0.02099,1.00390,0.15136,28.76
$TIME,26874.249,510782.000,2399
$IMU,26874.250,-0.488,0.061,-0.183,0.01708,1.00292,0.15136,28.76
$IMU,26874.253,-0.549,0.000,-0.183,0.01855,1.00341,0.15332,28.76
$MAG,26874.254,-0.144,-0.522,-0.531,27.6
$IMU,26874.255,-0.549,-0.122,-0.122,0.01855,1.00048,0.15332,28.83
$IMU,26874.257,-0.488,-0.122,-0.122,0.02001,1.00195,0.15234,28.83
$IMU,26874.260,-0.488,-0.183,-0.122,0.02148,1.00341,0.15039,28.83
$IMU,26874.262,-0.488,-0.061,-0.122,0.01855,1.00292,0.15234,28.83
$MAG,26874.264,-0.147,-0.531,-0.537,27.6
$IMU,26874.264,-0.427,0.000,-0.183,0.02294,1.00195,0.15283,28.83
$IMU,26874.267,-0.366,-0.122,-0.183,0.01562,1.00097,0.15136,28.83
$IMU,26874.269,-0.366,-0.122,-0.122,0.01904,1.00292,0.15234,28.83
$IMU,26874.271,-0.366,-0.244,-0.183,0.01855,1.00341,0.15332,28.83
$MAG,26874.274,-0.148,-0.522,-0.531,27.7
$IMU,26874.274,-0.305,-0.061,-0.183,0.02001,1.00878,0.15380,28.80
$IMU,26874.276,-0.122,-0.183,-0.183,0.01953,1.00390,0.15234,28.80
$IMU,26874.278,-0.122,-0.122,-0.122,0.01806,1.00146,0.15332,28.80
$IMU,26874.281,0.000,-0.244,-0.244,0.01953,1.00292,0.15136,28.80
$IMU,26874.283,0.061,-0.244,-0.244,0.01757,1.00439,0.15136,28.80
$MAG,26874.284,-0.144,-0.520,-0.529,27.6
$IMU,26874.285,0.000,-0.122,-0.244,0.01611,1.00634,0.15429,28.80
$IMU,26874.288,0.000,-0.061,-0.122,0.02099,1.00292,0.15234,28.80
$IMU,26874.290,0.000,0.000,-0.122,0.01806,1.00341,0.15185,28.80
$IMU,26874.293,0.000,-0.061,-0.122,0.01757,1.00195,0.14990,28.80
$MAG,26874.294,-0.142,-0.520,-0.528,27.6
$IMU,26874.295,0.122,-0.183,-0.122,0.01953,1.00244,0.14892,28.80
$IMU,26874.297,0.061,-0.122,-0.122,0.02343,1.00292,0.15234,28.80
$IMU,26874.300,0.061,-0.122,-0.183,0.02001,1.00000,0.14941,28.80
$IMU,26874.302,-0.122,-0.061,-0.183,0.02099,1.00244,0.15185,28.80
$MAG,26874.304,-0.142,-0.523,-0.532,27.7
$IMU,26874.304,-0.183,-0.061,-0.122,0.01708,1.00390,0.14990,28.80
$IMU,26874.307,-0.305,-0.061,-0.183,0.01660,1.00292,0.14941,28.80
$IMU,26874.309,-0.244,-0.122,-0.122,0.01464,1.00146,0.14941,28.80
$IMU,26874.311,-0.305,-0.061,-0.061,0.01904,1.00537,0.15185,28.78
$MAG,26874.314,-0.139,-0.514,-0.537,27.5
$IMU,26874.314,-0.427,0.000,-0.183,0.01513,1.00537,0.14990,28.78
$IMU,26874.316,-0.488,0.061,-0.244,0.01708,1.00537,0.15234,28.78
$IMU,26874.318,-0.427,0.000,-0.183,0.02050,1.00048,0.15087,28.78
$IMU,26874.321,-0.366,-0.183,-0.183,0.01562,1.00146,0.14990,28.78
$IMU,26874.323,-0.488,-0.183,-0.183,0.01855,1.00439,0.15039,28.78
$MAG,26874.325,-0.136,-0.519,-0.537,27.6
$IMU,26874.325,-0.427,-0.061,-0.183,0.01611,1.00244,0.15185,28.78
$IMU,26874.328,-0.427,-0.061,-0.122,0.02001,1.00292,0.15283,28.78
$IMU,26874.330,-0.427,-0.122,-0.122,0.01855,1.00439,0.15283,28.77
$IMU,26874.332,-0.366,-0.122,-0.244,0.01904,1.00439,0.15136,28.77
$MAG,26874.335,-0.147,-0.523,-0.529,27.6
$IMU,26874.335,-0.366,-0.061,-0.244,0.01660,1.00390,0.15185,28.77
$IMU,26874.337,-0.305,-0.183,-0.183,0.01708,1.00341,0.15478,28.77
$BARO,26874.339,86861.62,28.65
$IMU,26874.339,-0.366,0.000,-0.122,0.01855,1.00292,0.15527,28.77
$IMU,26874.342,-0.366,-0.061,-0.183,0.01953,1.00634,0.15380,28.77
$IMU,26874.344,-0.183,-0.244,-0.122,0.01660,1.00537,0.15283,28.77
$MAG,26874.345,-0.147,-0.520,-0.528,27.6
$IMU,26874.346,-0.183,-0.183,-0.244,0.02148,1.00146,0.15332,28.77
$IMU,26874.349,-0.183,-0.061,-0.183,0.01806,1.00195,0.15234,28.79
$IMU,26874.351,-0.122,0.000,-0.244,0.01611,1.00341,0.15039,28.79
$IMU,26874.354,-0.122,0.061,-0.183,0.01855,1.00244,0.15283,28.79
$MAG,26874.355,-0.145,-0.513,-0.528,27.6
$IMU,26874.356,-0.122,-0.061,-0.122,0.02050,1.00048,0.15478,28.79
$IMU,26874.358,0.000,-0.061,-0.122,0.01806,1.00097,0.15283,28.79
$IMU,26874.361,-0.122,0.000,-0.183,0.01953,1.00048,0.15478,28.79
$IMU,26874.363,-0.122,-0.061,-0.183,0.02050,1.00048,0.15380,28.79
$MAG,26874.365,-0.145,-0.523,-0.531,27.6
$IMU,26874.365,-0.183,0.061,-0.244,0.01904,1.00146,0.15185,28.79
$IMU,26874.368,-0.061,-0.183,-0.244,0.01806,1.00683,0.15283,28.82
$IMU,26874.370,-0.061,-0.305,-0.183,0.02099,1.00537,0.15136,28.82
$IMU,26874.372,-0.061,-0.122,-0.183,0.01562,0.99951,0.15039,28.82
$MAG,26874.375,-0.142,-0.522,-0.544,27.7
$IMU,26874.375,-0.183,-0.122,-0.122,0.01708,1.00000,0.15087,28.82
$IMU,26874.377,-0.305,-0.061,-0.122,0.01416,1.00390,0.14941,28.82
$IMU,26874.379,-0.305,-0.122,-0.122,0.02050,1.00195,0.15087,28.82
$IMU,26874.382,-0.244,-0.244,-0.122,0.01904,1.00195,0.14990,28.82
$IMU,26874.384,-0.244,-0.183,-0.061,0.02246,1.00341,0.15185,28.82
$MAG,26874.385,-0.142,-0.528,-0.538,27.7
$IMU,26874.386,-0.305,-0.122,-0.122,0.01953,1.00341,0.14990,28.80
$IMU,26874.389,-0.305,-0.183,-0.122,0.01660,1.00390,0.15136,28.80
$IMU,26874.391,-0.305,-0.122,-0.183,0.01611,1.00292,0.15136,28.80
$IMU,26874.393,-0.305,-0.183,-0.061,0.02050,1.00244,0.15283,28.80
$MAG,26874.395,-0.132,-0.513,-0.529,27.7
$IMU,26874.396,-0.305,-0.122,-0.122,0.01855,1.00585,0.15136,28.80
$IMU,26874.398,-0.305,-0.122,-0.183,0.01708,1.00341,0.15283,28.80
$IMU,26874.400,-0.366,0.000,-0.122,0.01562,1.00683,0.15039,28.80
$IMU,26874.403,-0.366,0.061,-0.122,0.01855,1.00292,0.15136,28.80
$MAG,26874.405,-0.142,-0.517,-0.532,27.7
$IMU,26874.405,-0.244,-0.244,-0.183,0.01611,1.00146,0.15185,28.76
$IMU,26874.407,-0.183,-0.244,-0.122,0.01953,1.00488,0.15039,28.76
$IMU,26874.410,-0.183,-0.122,-0.122,0.01953,1.00537,0.15087,28.76
$IMU,26874.412,-0.244,-0.183,-0.122,0.01806,1.00292,0.15283,28.76
$MAG,26874.415,-0.139,-0.519,-0.534,27.7
$IMU,26874.415,-0.244,-0.061,-0.305,0.01757,1.00097,0.15039,28.76
$IMU,26874.417,-0.183,0.000,-0.183,0.01367,1.00000,0.15380,28.76
$IMU,26874.419,-0.183,-0.122,-0.244,0.01806,1.00244,0.15185,28.76
$IMU,26874.422,-0.061,-0.305,-0.122,0.01757,1.00585,0.15185,28.76
$IMU,26874.424,-0.061,-0.183,-0.183,0.01904,1.00341,0.15185,28.81
$MAG,26874.425,-0.135,-0.520,-0.532,27.6
$IMU,26874.426,-0.183,-0.061,-0.183,0.01708,1.00390,0.15136,28.81
$IMU,26874.429,-0.183,-0.122,-0.122,0.01904,1.00341,0.15234,28.81
$IMU,26874.431,-0.183,-0.061,-0.183,0.02099,1.00244,0.15234,28.81
$IMU,26874.433,-0.122,-0.122,-0.244,0.01855,1.00439,0.15136,28.81
$MAG,26874.436,-0.142,-0.523,-0.538,27.6
$IMU,26874.436,-0.183,-0.122,-0.244,0.01562,1.00292,0.14941,28.81
$IMU,26874.438,-0.183,-0.061,-0.183,0.01562,1.00488,0.15087,28.81
$IMU,26874.440,-0.244,-0.061,-0.183,0.01708,1.00439,0.14892,28.81
$BARO,26874.441,86871.64,28.65
$IMU,26874.443,-0.305,-0.061,-0.183,0.01562,1.00097,0.14941,28.81
$IMU,26874.445,-0.122,-0.122,-0.183,0.01660,1.00048,0.15039,28.81
$MAG,26874.446,-0.144,-0.517,-0.532,27.7
$IMU,26874.447,-0.122,-0.244,-0.122,0.01904,1.00341,0.15185,28.81
$IMU,26874.450,-0.305,-0.061,-0.061,0.02001,1.00292,0.15087,28.81
$IMU,26874.452,-0.366,0.000,-0.122,0.01806,1.00830,0.15234,28.81
$IMU,26874.454,-0.427,0.183,-0.122,0.01611,1.00244,0.15136,28.81
$MAG,26874.456,-0.151,-0.523,-0.531,27.6
$IMU,26874.457,-0.366,-0.061,-0.305,0.01806,1.00292,0.15234,28.81
$IMU,26874.459,-0.427,0.061,-0.183,0.01513,1.00292,0.15234,28.81
$IMU,26874.461,-0.305,-0.061,-0.183,0.01562,1.00634,0.15185,28.79
$IMU,26874.464,-0.366,-0.122,-0.183,0.01806,1.00488,0.15283,28.79
$MAG,26874.466,-0.144,-0.513,-0.535,27.6
$IMU,26874.466,-0.305,-0.122,-0.122,0.01904,1.00341,0.15185,28.79
$IMU,26874.468,-0.366,-0.061,-0.122,0.02050,1.00195,0.15039,28.79
$IMU,26874.471,-0.366,-0.122,-0.122,0.01757,1.00537,0.15136,28.79
$IMU,26874.473,-0.305,-0.122,-0.122,0.01806,0.99853,0.15136,28.79
$MAG,26874.476,-0.139,-0.520,-0.525,27.6
$IMU,26874.476,-0.244,-0.183,-0.122,0.01562,1.00292,0.15478,28.79
$IMU,26874.478,-0.244,-0.183,-0.122,0.01904,1.00488,0.15332,28.79
$IMU,26874.480,-0.244,-0.244,-0.122,0.01904,0.99951,0.15087,28.80
$IMU,26874.483,-0.244,0.061,-0.122,0.01953,1.00048,0.15136,28.80
$IMU,26874.485,-0.183,-0.122,-0.183,0.02099,1.00048,0.15527,28.80
$MAG,26874.486,-0.148,-0.526,-0.528,27.6
$IMU,26874.487,-0.122,-0.244,-0.183,0.01513,1.00341,0.15478,28.80
$IMU,26874.490,-0.244,-0.061,-0.122,0.02099,1.00390,0.15380,28.80
$IMU,26874.492,-0.183,-0.122,-0.122,0.01708,1.00488,0.15185,28.80
$IMU,26874.494,-0.244,0.000,-0.183,0.01757,1.00439,0.15087,28.80
$MAG,26874.496,-0.147,-0.516,-0.535,27.6
$IMU,26874.497,-0.122,0.000,-0.183,0.01904,1.00732,0.15087,28.80
$IMU,26874.499,-0.122,-0.061,-0.183,0.01953,1.00439,0.15039,28.76
$IMU,26874.501,-0.061,-0.122,-0.244,0.01953,1.00488,0.15185,28.76
$IMU,26874.504,-0.061,-0.122,-0.244,0.01708,1.00292,0.15087,28.76
$MAG,26874.506,-0.150,-0.522,-0.535,27.6
$IMU,26874.506,-0.122,-0.183,-0.183,0.01953,1.00537,0.15234,28.76
$IMU,26874.508,0.000,-0.244,-0.122,0.02001,1.00341,0.15185,28.76
$IMU,26874.511,-0.061,-0.122,-0.122,0.01660,1.00390,0.15332,28.76
$IMU,26874.513,-0.183,-0.061,-0.183,0.01855,1.00048,0.15332,28.76
$IMU,26874.515,-0.122,-0.061,-0.122,0.01953,1.00439,0.15283,28.76
$MAG,26874.516,-0.138,-0.523,-0.531,27.6
$IMU,26874.518,-0.122,-0.061,-0.183,0.01562,1.00097,0.14990,28.79
$IMU,26874.520,-0.122,-0.122,-0.183,0.01513,1.00244,0.15039,28.79
$IMU,26874.522,-0.122,-0.244,-0.183,0.01855,1.00341,0.15283,28.79
$IMU,26874.525,-0.183,-0.122,-0.122,0.01757,1.00488,0.15136,28.79
$MAG,26874.526,-0.147,-0.520,-0.540,27.6
$IMU,26874.527,-0.305,0.000,-0.122,0.01953,1.00097,0.15136,28.79
$IMU,26874.529,-0.305,-0.061,-0.183,0.01660,1.00537,0.14941,28.79
$IMU,26874.532,-0.244,0.000,-0.061,0.01904,1.00341,0.15136,28.79
$IMU,26874.534,-0.305,0.000,-0.122,0.01611,1.00292,0.14990,28.79
$MAG,26874.536,-0.141,-0.529,-0.535,27.6
$IMU,26874.537,-0.366,-0.183,-0.183,0.01855,1.00341,0.14990,28.80
$IMU,26874.539,-0.366,-0.122,-0.183,0.01806,1.00097,0.15087,28.80
$IMU,26874.541,-0.488,0.061,-0.183,0.01757,0.99902,0.15234,28.80
$BARO,26874.542,86874.25,28.65
$IMU,26874.544,-0.488,0.000,-0.122,0.01855,1.00634,0.14941,28.80
$IMU,26874.546,-0.427,-0.122,-0.122,0.02246,1.00683,0.15087,28.80
$MAG,26874.547,-0.147,-0.522,-0.520,27.6
$IMU,26874.548,-0.366,-0.183,-0.122,0.02050,1.00341,0.15136,28.80
$IMU,26874.551,-0.244,-0.183,-0.061,0.01757,1.00195,0.15185,28.80
$IMU,26874.553,-0.366,-0.061,-0.183,0.01806,1.00390,0.15283,28.80
$IMU,26874.555,-0.366,0.061,-0.183,0.01953,1.00439,0.14941,28.82
$MAG,26874.557,-0.142,-0.517,-0.529,27.5
$IMU,26874.558,-0.305,-0.061,-0.244,0.01660,1.00097,0.15185,28.82
$IMU,26874.560,-0.244,-0.122,-0.122,0.01660,1.00146,0.15283,28.82
$IMU,26874.562,-0.244,-0.061,-0.122,0.01513,1.00439,0.15087,28.82
$IMU,26874.565,-0.183,-0.122,-0.244,0.01708,1.00439,0.15332,28.82
$MAG,26874.567,-0.148,-0.519,-0.535,27.6
$IMU,26874.567,-0.183,-0.061,-0.122,0.01806,1.00341,0.15087,28.82
$IMU,26874.569,-0.122,-0.061,-0.183,0.01904,1.00195,0.15380,28.82
$IMU,26874.572,-0.061,-0.122,-0.183,0.01416,1.00537,0.15332,28.82
$IMU,26874.574,-0.061,-0.183,-0.122,0.01904,1.00537,0.15234,28.76
$IMU,26874.576,-0.122,0.000,-0.122,0.01757,1.00634,0.15039,28.76
$MAG,26874.577,-0.144,-0.519,-0.523,27.6
$IMU,26874.579,-0.122,0.000,-0.061,0.01855,1.00244,0.15234,28.76
$IMU,26874.581,0.000,-0.183,-0.122,0.01806,1.00341,0.14990,28.76
$IMU,26874.583,0.000,-0.122,-0.244,0.01757,1.00195,0.14843,28.76
$IMU,26874.586,-0.061,-0.244,-0.183,0.02001,1.00146,0.14892,28.76
$MAG,26874.587,-0.153,-0.519,-0.529,27.6
$IMU,26874.588,-0.061,-0.122,-0.244,0.01611,1.00292,0.14794,28.76
$IMU,26874.590,-0.244,0.061,-0.122,0.01806,1.00634,0.14990,28.76
$IMU,26874.593,-0.244,0.122,-0.122,0.01953,1.00244,0.15136,28.80
$IMU,26874.595,-0.183,-0.183,-0.122,0.01904,1.00146,0.15039,28.80
$MAG,26874.597,-0.148,-0.520,-0.531,27.5
$IMU,26874.598,-0.305,-0.061,-0.122,0.02050,1.00390,0.15136,28.80
$IMU,26874.600,-0.244,-0.122,-0.122,0.01953,1.00341,0.15087,28.80
$IMU,26874.602,-0.244,-0.244,-0.122,0.01953,1.00146,0.15087,28.80
$IMU,26874.605,-0.305,-0.061,-0.244,0.02050,1.00439,0.14892,28.80
$MAG,26874.607,-0.147,-0.528,-0.534,27.6
$IMU,26874.607,-0.366,0.000,-0.183,0.02001,1.00146,0.14990,28.80
$IMU,26874.609,-0.427,-0.122,-0.183,0.01708,1.00146,0.15283,28.80
$IMU,26874.612,-0.366,-0.122,-0.061,0.01806,1.00439,0.15185,28.76
$IMU,26874.614,-0.427,-0.061,-0.122,0.01855,1.00390,0.15283,28.76
$IMU,26874.616,-0.366,-0.122,-0.183,0.01660,1.00390,0.15380,28.76
$MAG,26874.617,-0.148,-0.525,-0.534,27.6
$IMU,26874.619,-0.488,-0.122,-0.122,0.02001,1.00390,0.15234,28.76
$IMU,26874.621,-0.427,0.061,-0.183,0.01855,1.00341,0.15380,28.76
$IMU,26874.623,-0.305,-0.122,-0.183,0.01708,1.00488,0.15429,28.76
$IMU,26874.626,-0.305,-0.061,-0.183,0.01806,1.00195,0.15283,28.76
$MAG,26874.627,-0.141,-0.516,-0.526,27.6
$IMU,26874.628,-0.305,-0.122,-0.183,0.01953,1.00146,0.14990,28.76
$IMU,26874.630,-0.305,-0.061,-0.122,0.01757,1.00048,0.14941,28.77
$IMU,26874.633,-0.366,-0.061,-0.183,0.01953,1.00292,0.15136,28.77
$IMU,26874.635,-0.183,-0.244,-0.183,0.01904,1.00732,0.15380,28.77
$MAG,26874.637,-0.144,-0.519,-0.529,27.6
$IMU,26874.637,-0.244,-0.122,-0.183,0.01855,1.00048,0.15087,28.77
$IMU,26874.640,-0.183,-0.122,-0.183,0.01855,0.99902,0.15039,28.77
$IMU,26874.642,-0.244,0.122,-0.183,0.01513,1.00341,0.15332,28.77
$BARO,26874.643,86861.21,28.65
$IMU,26874.644,-0.183,-0.061,-0.183,0.01513,1.00341,0.15429,28.77
$MAG,26874.647,-0.145,-0.520,-0.535,27.6
$IMU,26874.647,-0.122,-0.122,-0.183,0.01660,1.00195,0.15234,28.77
$IMU,26874.649,-0.122,-0.061,-0.122,0.01855,1.00488,0.15283,28.84
$IMU,26874.651,0.000,-0.244,-0.183,0.02246,1.00830,0.14892,28.84
$IMU,26874.654,-0.061,-0.122,-0.183,0.01953,1.00244,0.15039,28.84
$IMU,26874.656,-0.122,-0.061,-0.183,0.01806,1.00537,0.15234,28.84
$MAG,26874.658,-0.145,-0.526,-0.531,27.6
$IMU,26874.659,-0.122,-0.061,-0.183,0.01855,1.00048,0.14941,28.84
$IMU,26874.661,-0.061,-0.244,-0.122,0.01660,1.00341,0.15087,28.84
$IMU,26874.663,-0.183,-0.061,-0.122,0.01660,1.00341,0.14990,28.84
$IMU,26874.666,-0.244,-0.244,-0.183,0.01806,1.00048,0.15283,28.84
$MAG,26874.668,-0.151,-0.523,-0.526,27.6
$IMU,26874.668,-0.183,-0.061,-0.122,0.01757,1.00439,0.15234,28.79
$IMU,26874.670,-0.244,0.000,-0.183,0.02099,0.99902,0.14941,28.79
$IMU,26874.673,-0.305,-0.122,-0.122,0.02001,1.00390,0.15039,28.79
$IMU,26874.675,-0.244,-0.122,-0.122,0.01953,1.00341,0.14990,28.79
$IMU,26874.677,-0.244,-0.183,-0.122,0.01904,1.00195,0.15185,28.79
$MAG,26874.678,-0.144,-0.519,-0.534,27.6
$IMU,26874.680,-0.305,-0.061,-0.122,0.01611,1.00000,0.15429,28.79
$IMU,26874.682,-0.305,0.000,-0.122,0.01367,1.00195,0.15234,28.79
$IMU,26874.684,-0.305,-0.061,-0.122,0.01611,1.00341,0.15332,28.79
$IMU,26874.687,-0.305,-0.061,-0.183,0.01708,1.00488,0.15234,28.79
$MAG,26874.688,-0.141,-0.526,-0.529,27.6
$IMU,26874.689,-0.366,0.000,-0.183,0.01806,1.00292,0.15283,28.79
$IMU,26874.691,-0.305,-0.122,-0.244,0.01806,1.00585,0.15429,28.79
$IMU,26874.694,-0.366,0.000,-0.122,0.01660,1.00976,0.15429,28.79
$IMU,26874.696,-0.305,0.061,-0.061,0.02050,1.00634,0.15429,28.79
$MAG,26874.698,-0.139,-0.532,-0.534,27.6
$IMU,26874.698,-0.305,-0.061,-0.122,0.02050,1.00195,0.15136,28.79
$IMU,26874.701,-0.305,-0.122,-0.244,0.01660,1.00292,0.15087,28.79
$IMU,26874.703,-0.183,-0.183,-0.244,0.01757,1.00000,0.15185,28.79
$IMU,26874.705,-0.244,-0.061,-0.183,0.01562,0.99902,0.15087,28.77
$HUM,26874.707,34.3,29.1
$MAG,26874.708,-0.144,-0.531,-0.532,27.6
$IMU,26874.708,-0.244,-0.061,-0.183,0.01562,1.00390,0.15429,28.77
$IMU,26874.710,-0.183,-0.061,-0.122,0.01708,1.00146,0.15185,28.77
$IMU,26874.712,-0.244,0.061,-0.183,0.01416,1.00048,0.15185,28.77
$IMU,26874.715,-0.122,-0.183,-0.122,0.01416,1.00390,0.14941,28.77
$IMU,26874.717,-0.122,-0.061,-0.122,0.02050,1.00097,0.15087,28.77
$MAG,26874.718,-0.139,-0.520,-0.534,27.6
$IMU,26874.719,-0.183,0.000,-0.183,0.01953,1.00000,0.15234,28.77
$IMU,26874.722,-0.183,-0.061,-0.244,0.01708,1.00390,0.15039,28.77
$IMU,26874.724,-0.305,-0.061,-0.244,0.01855,1.00488,0.15185,28.76
$IMU,26874.727,-0.244,-0.122,-0.183,0.02050,1.00439,0.15478,28.76
$MAG,26874.728,-0.144,-0.520,-0.526,27.6
$IMU,26874.729,-0.183,-0.122,-0.183,0.01757,1.00244,0.15185,28.76
$IMU,26874.731,-0.244,-0.061,-0.122,0.01562,1.00292,0.15087,28.76
$IMU,26874.734,-0.244,0.061,-0.122,0.02001,1.00195,0.15039,28.76
$IMU,26874.736,-0.183,-0.061,-0.122,0.01708,1.00585,0.15136,28.76
$MAG,26874.738,-0.141,-0.516,-0.531,27.7
$IMU,26874.738,-0.244,-0.122,-0.183,0.01611,1.00292,0.14892,28.76
$IMU,26874.741,-0.122,-0.244,-0.183,0.02001,1.00537,0.15283,28.76
$IMU,26874.743,-0.244,-0.183,-0.244,0.01757,1.00488,0.15136,28.77
$BARO,26874.745,86863.57,28.65
$IMU,26874.745,-0.183,-0.122,-0.183,0.01757,1.00537,0.14941,28.77
$MAG,26874.748,-0.139,-0.520,-0.534,27.7
$IMU,26874.748,-0.305,-0.061,-0.122,0.01953,1.00488,0.14990,28.77
$IMU,26874.750,-0.244,-0.122,-0.122,0.02050,1.00439,0.15087,28.77
$IMU,26874.752,-0.244,-0.122,-0.122,0.02148,1.00341,0.15283,28.77
$IMU,26874.755,-0.183,-0.122,-0.183,0.01904,1.00390,0.15234,28.77
$IMU,26874.757,-0.305,-0.122,-0.183,0.01855,1.00292,0.14990,28.77
$MAG,26874.758,-0.148,-0.519,-0.534,27.6
$IMU,26874.759,-0.305,-0.122,-0.183,0.01757,1.00439,0.15234,28.77
$IMU,26874.762,-0.244,0.061,-0.183,0.01757,1.00244,0.15185,28.81
$IMU,26874.764,-0.183,-0.061,-0.122,0.01660,1.00341,0.15283,28.81
$IMU,26874.766,-0.122,-0.183,-0.122,0.01855,1.00390,0.15039,28.81
$MAG,26874.769,-0.147,-0.513,-0.538,27.6
$IMU,26874.769,-0.183,-0.061,-0.183,0.01611,1.00146,0.15283,28.81
$IMU,26874.771,-0.183,0.000,-0.122,0.02099,1.00488,0.15380,28.81
$IMU,26874.773,-0.244,0.061,-0.183,0.01904,1.00390,0.15576,28.81
$IMU,26874.776,-0.183,-0.061,-0.183,0.01611,1.00195,0.15087,28.81
$IMU,26874.778,-0.122,-0.122,-0.183,0.01660,1.00048,0.15185,28.81
$MAG,26874.779,-0.145,-0.514,-0.523,27.6
$IMU,26874.780,-0.183,-0.061,-0.183,0.01562,1.00439,0.14990,28.82
$IMU,26874.783,-0.122,-0.061,-0.122,0.01757,1.00341,0.15185,28.82
$IMU,26874.785,-0.122,-0.061,-0.122,0.01953,1.00488,0.14990,28.82
$IMU,26874.788,-0.183,-0.122,-0.122,0.01904,1.00195,0.15039,28.82
$MAG,26874.789,-0.141,-0.514,-0.535,27.6
$IMU,26874.790,-0.183,-0.122,-0.122,0.01953,1.00048,0.15283,28.82
$IMU,26874.792,-0.244,0.061,-0.244,0.01904,1.00488,0.15087,28.82
$IMU,26874.795,-0.183,-0.122,-0.183,0.02148,1.00097,0.15234,28.82
$IMU,26874.797,-0.244,-0.061,-0.122,0.01806,1.00927,0.14990,28.82
$MAG,26874.799,-0.141,-0.523,-0.529,27.6
$IMU,26874.799,-0.244,-0.061,-0.183,0.02001,1.00390,0.15039,28.80
$IMU,26874.802,-0.244,-0.183,-0.183,0.01855,1.00341,0.15087,28.80
$IMU,26874.804,-0.183,-0.244,-0.183,0.02197,1.00097,0.15234,28.80
$IMU,26874.806,-0.305,0.000,-0.183,0.01806,1.00244,0.14990,28.80
$MAG,26874.809,-0.148,-0.525,-0.526,27.7
$IMU,26874.809,-0.366,0.000,-0.183,0.01562,1.00439,0.15380,28.80
$IMU,26874.811,-0.427,-0.061,-0.183,0.01660,1.00292,0.15185,28.80
$IMU,26874.813,-0.366,-0.122,-0.122,0.01904,1.00390,0.15283,28.80
$IMU,26874.816,-0.305,-0.061,-0.122,0.01757,1.00146,0.15087,28.80
$IMU,26874.818,-0.305,-0.122,-0.122,0.01904,1.00097,0.15087,28.80
$MAG,26874.819,-0.141,-0.523,-0.538,27.7
$IMU,26874.820,-0.366,-0.061,-0.244,0.02001,1.00244,0.15136,28.80
$IMU,26874.823,-0.366,0.061,-0.183,0.02001,1.00439,0.15283,28.80
$IMU,26874.825,-0.305,0.000,-0.244,0.01806,1.00048,0.15332,28.80
$IMU,26874.827,-0.305,-0.122,-0.244,0.01757,1.00244,0.15576,28.80
$MAG,26874.829,-0.147,-0.523,-0.537,27.6
$IMU,26874.830,-0.244,-0.183,-0.183,0.01757,1.00585,0.15234,28.80
$IMU,26874.832,-0.244,-0.122,-0.183,0.01660,1.00292,0.15185,28.80
$IMU,26874.834,-0.305,-0.183,-0.122,0.01806,1.00537,0.15332,28.80
$IMU,26874.837,-0.305,-0.061,-0.122,0.01611,1.00781,0.15234,28.81
$MAG,26874.839,-0.142,-0.517,-0.532,27.6
$IMU,26874.839,-0.122,-0.122,-0.183,0.01660,1.00439,0.15283,28.81
$IMU,26874.841,-0.061,-0.183,-0.244,0.01904,1.00341,0.15380,28.81
$IMU,26874.844,-0.122,-0.122,-0.122,0.01904,1.00341,0.15234,28.81
$BARO,26874.846,86865.65,28.65
$IMU,26874.846,-0.183,0.000,-0.122,0.01562,1.00341,0.15576,28.81
$MAG,26874.849,-0.141,-0.525,-0.528,27.6
$IMU,26874.849,-0.122,-0.061,-0.183,0.01611,1.00341,0.15332,28.81
$IMU,26874.851,-0.122,-0.183,-0.061,0.01611,1.00341,0.15185,28.81
$IMU,26874.853,-0.244,0.061,-0.183,0.01708,1.00244,0.15185,28.81
$IMU,26874.856,-0.061,-0.183,-0.183,0.01757,1.00097,0.14990,28.78
$IMU,26874.858,-0.061,-0.244,-0.122,0.01806,1.00390,0.15039,28.78
$MAG,26874.859,-0.147,-0.519,-0.532,27.6
$IMU,26874.860,-0.122,-0.061,-0.183,0.01318,1.00292,0.15234,28.78
$IMU,26874.863,-0.122,-0.122,-0.122,0.01611,1.00341,0.14990,28.78
$IMU,26874.865,-0.122,-0.183,-0.183,0.01855,1.00195,0.15136,28.78
$IMU,26874.867,-0.244,-0.061,-0.061,0.01953,1.00292,0.15185,28.78
$MAG,26874.869,-0.141,-0.523,-0.535,27.6
$IMU,26874.870,-0.183,-0.122,-0.183,0.01806,1.00732,0.15185,28.78
$IMU,26874.872,-0.183,-0.244,-0.122,0.02050,1.00244,0.15039,28.78
$IMU,26874.874,-0.244,-0.122,-0.122,0.01855,1.00000,0.14941,28.79
$IMU,26874.877,-0.305,0.000,-0.183,0.01855,1.00244,0.14892,28.79
$IMU,26874.879,-0.183,-0.244,-0.183,0.01757,1.00390,0.14990,28.79
$MAG,26874.880,-0.153,-0.519,-0.531,27.6
$IMU,26874.881,-0.183,-0.305,-0.122,0.01708,1.00341,0.15136,28.79
$IMU,26874.884,-0.305,0.000,-0.061,0.01855,1.00341,0.15527,28.79
$IMU,26874.886,-0.366,0.000,-0.122,0.01904,1.00439,0.15136,28.79
$IMU,26874.888,-0.366,0.000,-0.122,0.01708,1.00732,0.14794,28.79
$MAG,26874.890,-0.147,-0.516,-0.532,27.7
$IMU,26874.891,-0.305,-0.061,-0.122,0.01611,1.00390,0.15039,28.79
$IMU,26874.893,-0.183,-0.183,-0.244,0.01660,1.00292,0.15234,28.85
$IMU,26874.895,-0.244,-0.122,-0.183,0.01904,1.00390,0.15283,28.85
$IMU,26874.898,-0.305,-0.061,-0.122,0.02001,1.00341,0.15283,28.85
$MAG,26874.900,-0.145,-0.517,-0.538,27.6
$IMU,26874.900,-0.305,0.000,-0.122,0.01806,1.00585,0.15283,28.85
$IMU,26874.902,-0.244,-0.122,-0.122,0.01611,1.00781,0.15136,28.85
$IMU,26874.905,-0.244,-0.061,-0.122,0.01904,1.00830,0.15234,28.85
$IMU,26874.907,-0.122,-0.183,-0.183,0.01953,1.00585,0.15136,28.85
$MAG,26874.910,-0.144,-0.516,-0.529,27.6
$IMU,26874.910,-0.244,-0.061,-0.244,0.01855,1.00390,0.15087,28.85
$IMU,26874.912,-0.244,-0.061,-0.183,0.01806,1.00537,0.15087,28.80
$IMU,26874.914,-0.183,-0.183,-0.244,0.01855,1.00683,0.15234,28.80
$IMU,26874.917,-0.244,-0.061,-0.183,0.01611,1.00292,0.15136,28.80
$IMU,26874.919,-0.183,-0.061,-0.183,0.01806,1.00585,0.15039,28.80
$MAG,26874.920,-0.150,-0.525,-0.526,27.5
$IMU,26874.921,-0.305,0.000,-0.122,0.01708,1.00292,0.15185,28.80
$IMU,26874.924,-0.305,0.000,-0.122,0.01757,1.00390,0.15283,28.80
$IMU,26874.926,-0.244,0.061,-0.244,0.02001,1.00048,0.15185,28.80
$IMU,26874.928,-0.244,0.061,-0.122,0.01806,1.00195,0.15087,28.80
$MAG,26874.930,-0.147,-0.520,-0.537,27.7
$IMU,26874.931,-0.305,-0.122,-0.061,0.01757,1.00195,0.15478,28.82
$IMU,26874.933,-0.427,0.000,-0.183,0.01806,1.00341,0.15039,28.82
$IMU,26874.935,-0.305,-0.122,-0.183,0.02099,1.00146,0.15185,28.82
$IMU,26874.938,-0.366,-0.122,-0.183,0.01855,1.00537,0.15234,28.82
$MAG,26874.940,-0.139,-0.520,-0.528,27.6
$IMU,26874.940,-0.427,0.000,-0.183,0.02001,1.00488,0.15380,28.82
$IMU,26874.942,-0.427,0.000,-0.183,0.02148,1.00341,0.14990,28.82
$IMU,26874.945,-0.366,-0.061,-0.244,0.02001,1.00195,0.15283,28.82
$IMU,26874.947,-0.366,-0.061,-0.183,0.01904,0.99951,0.15039,28.82
$BARO,26874.948,86860.82,28.65
$IMU,26874.949,-0.366,-0.122,-0.183,0.01708,1.00244,0.15039,28.78
$MAG,26874.950,-0.142,-0.522,-0.534,27.7
$IMU,26874.952,-0.305,0.000,-0.122,0.01708,1.00292,0.15380,28.78
$IMU,26874.954,-0.244,-0.061,-0.183,0.01904,1.00390,0.15332,28.78
$IMU,26874.956,-0.183,-0.061,-0.183,0.01855,1.00244,0.15234,28.78
$IMU,26874.959,-0.183,-0.061,-0.122,0.01953,1.00292,0.15185,28.78
$MAG,26874.960,-0.148,-0.516,-0.535,27.6
$IMU,26874.961,-0.183,0.000,-0.122,0.01806,1.00146,0.15185,28.78
$IMU,26874.963,-0.183,-0.061,-0.183,0.01757,1.00048,0.15039,28.78
$IMU,26874.966,-0.183,-0.061,-0.122,0.01513,1.00000,0.15136,28.78
$IMU,26874.968,-0.061,-0.061,-0.122,0.01757,1.00292,0.15039,28.77
$MAG,26874.970,-0.138,-0.529,-0.531,27.6
$IMU,26874.971,0.000,-0.183,-0.122,0.01513,1.00292,0.15136,28.77
$IMU,26874.973,0.061,-0.183,-0.061,0.01855,1.00634,0.15429,28.77
$IMU,26874.975,-0.122,0.061,-0.183,0.01953,1.00683,0.15039,28.77
$IMU,26874.978,-0.122,0.000,-0.183,0.02001,1.00244,0.14941,28.77
$MAG,26874.980,-0.139,-0.526,-0.526,27.6
$IMU,26874.980,-0.061,0.122,-0.244,0.01953,1.00488,0.15332,28.77
$IMU,26874.982,-0.122,-0.061,-0.183,0.01904,1.00537,0.15234,28.77
$IMU,26874.985,-0.183,-0.061,-0.183,0.01708,1.00292,0.15185,28.77
$IMU,26874.987,-0.122,-0.061,-0.183,0.02050,1.00195,0.15087,28.82
$IMU,26874.989,-0.183,0.000,-0.183,0.01708,1.00244,0.14843,28.82
$MAG,26874.991,-0.150,-0.523,-0.535,27.7
$IMU,26874.992,-0.183,-0.183,-0.122,0.01855,1.00244,0.15185,28.82
$IMU,26874.994,-0.183,-0.183,-0.183,0.01416,1.00439,0.14941,28.82
$IMU,26874.996,-0.183,-0.122,-0.183,0.01562,1.00292,0.15136,28.82
$IMU,26874.999,-0.244,-0.183,-0.244,0.02050,1.00048,0.14794,28.82
$MAG,26875.001,-0.156,-0.531,-0.535,27.6
$IMU,26875.001,-0.366,-0.061,-0.183,0.01660,1.00683,0.15087,28.82
$IMU,26875.003,-0.488,0.122,-0.183,0.01464,1.00341,0.15185,28.82
$IMU,26875.006,-0.549,0.000,-0.183,0.01806,1.00097,0.15087,28.81
$IMU,26875.008,-0.488,-0.183,-0.122,0.01904,1.00390,0.14990,28.81
$IMU,26875.010,-0.549,-0.061,-0.183,0.01904,1.00585,0.15234,28.81
$MAG,26875.011,-0.136,-0.523,-0.528,27.7
$IMU,26875.013,-0.549,-0.122,-0.183,0.02001,1.00244,0.15234,28.81
$IMU,26875.015,-0.610,0.061,-0.183,0.02050,1.00292,0.15039,28.81
$IMU,26875.017,-0.549,0.000,-0.244,0.02050,1.00292,0.15087,28.81
$IMU,26875.020,-0.366,-0.061,-0.183,0.01660,1.00244,0.14892,28.81
$MAG,26875.021,-0.150,-0.511,-0.534,27.6
$IMU,26875.022,-0.305,-0.122,-0.244,0.01660,1.00439,0.15185,28.81
$IMU,26875.024,-0.244,-0.183,-0.122,0.01660,1.00390,0.15478,28.82
$IMU,26875.027,-0.305,0.000,-0.183,0.01708,1.00048,0.14990,28.82
$IMU,26875.029,-0.183,0.122,-0.183,0.01708,1.00146,0.15185,28.82
$MAG,26875.031,-0.145,-0.517,-0.538,27.6
$IMU,26875.032,-0.061,-0.061,-0.183,0.01367,1.00537,0.15185,28.82
$IMU,26875.034,0.122,-0.183,-0.244,0.01367,1.00292,0.15380,28.82
$IMU,26875.036,0.122,-0.183,-0.183,0.01660,1.00439,0.15185,28.82
$IMU,26875.039,0.122,-0.061,-0.183,0.01416,1.00390,0.15087,28.82
$MAG,26875.041,-0.141,-0.514,-0.532,27.6
$IMU,26875.041,0.122,0.000,-0.183,0.01611,1.00585,0.14990,28.82
$IMU,26875.043,0.122,0.000,-0.183,0.01611,1.00292,0.15234,28.78
$IMU,26875.046,0.183,-0.122,-0.183,0.01855,1.00292,0.15283,28.78
$IMU,26875.048,0.122,-0.244,-0.183,0.01806,1.00244,0.15087,28.78
$BARO,26875.049,86869.81,28.65
$IMU,26875.050,0.061,-0.183,-0.183,0.01953,1.00439,0.15039,28.78
$MAG,26875.051,-0.135,-0.522,-0.534,27.6
$IMU,26875.053,-0.061,0.000,-0.122,0.01611,1.00634,0.15234,28.78
$IMU,26875.055,-0.122,-0.061,-0.122,0.01708,1.00341,0.15039,28.78
$IMU,26875.057,-0.183,0.000,-0.122,0.01806,1.00292,0.15087,28.78
$IMU,26875.060,-0.244,0.000,-0.183,0.01660,1.00292,0.14843,28.78
$MAG,26875.061,-0.148,-0.517,-0.528,27.6
$IMU,26875.062,-0.305,-0.061,-0.183,0.01953,1.00390,0.15039,28.78
$IMU,26875.064,-0.366,0.061,-0.183,0.01562,1.00585,0.15185,28.78
$IMU,26875.067,-0.427,-0.061,-0.122,0.01660,1.00439,0.14941,28.78
$IMU,26875.069,-0.488,-0.183,-0.183,0.01513,1.00439,0.15185,28.78
$MAG,26875.071,-0.133,-0.526,-0.534,27.6
$IMU,26875.071,-0.366,-0.122,-0.183,0.01806,1.00146,0.15136,28.78
$IMU,26875.074,-0.427,-0.183,-0.122,0.01757,1.00097,0.15283,28.78
$IMU,26875.076,-0.488,-0.183,-0.122,0.01757,1.00488,0.15039,28.78
$IMU,26875.078,-0.549,0.000,-0.122,0.02148,1.00244,0.15136,28.78
$MAG,26875.081,-0.145,-0.520,-0.534,27.7
$IMU,26875.081,-0.610,0.061,-0.122,0.01611,0.99951,0.14990,28.83
$IMU,26875.083,-0.610,-0.183,-0.122,0.01708,1.00341,0.15136,28.83
$IMU,26875.085,-0.427,-0.122,-0.183,0.01855,1.00488,0.15136,28.83
$IMU,26875.088,-0.366,-0.183,-0.183,0.01562,1.00195,0.15380,28.83
$IMU,26875.090,-0.366,-0.183,-0.244,0.01611,1.00683,0.15478,28.83
$MAG,26875.091,-0.144,-0.519,-0.531,27.7
$IMU,26875.093,-0.305,-0.061,-0.183,0.01904,1.00390,0.15332,28.83
$IMU,26875.095,-0.244,0.000,-0.183,0.01806,1.00292,0.15429,28.83
$IMU,26875.097,-0.183,-0.183,-0.244,0.01855,1.00683,0.15136,28.83
$IMU,26875.100,-0.122,-0.244,-0.183,0.01757,1.00585,0.15234,28.80
$MAG,26875.102,-0.141,-0.525,-0.535,27.6
$IMU,26875.102,-0.183,0.061,-0.183,0.02001,1.00097,0.15429,28.80
$IMU,26875.104,-0.183,0.000,-0.183,0.02099,1.00292,0.15234,28.80
$IMU,26875.107,-0.061,-0.061,-0.183,0.01904,1.00683,0.15283,28.80
$IMU,26875.109,0.061,-0.061,-0.183,0.02050,1.00048,0.14990,28.80
$IMU,26875.111,0.122,-0.183,-0.244,0.01757,1.00292,0.15380,28.80
$MAG,26875.112,-0.150,-0.520,-0.537,27.6
$IMU,26875.114,0.122,-0.061,-0.244,0.01660,1.00439,0.15380,28.80
$IMU,26875.116,0.061,0.000,-0.244,0.01660,1.00390,0.15234,28.80
$IMU,26875.118,0.000,-0.183,-0.183,0.01855,1.00488,0.15332,28.79
$IMU,26875.121,0.000,-0.244,-0.183,0.01367,1.00341,0.15087,28.79
$MAG,26875.122,-0.145,-0.514,-0.535,27.6
$IMU,26875.123,-0.122,-0.122,-0.122,0.01806,1.00195,0.15332,28.79
$IMU,26875.125,-0.122,-0.244,-0.122,0.01562,1.00146,0.15185,28.79
$IMU,26875.128,-0.183,-0.122,-0.183,0.01708,1.00341,0.15039,28.79
$IMU,26875.130,-0.183,0.061,-0.061,0.01855,1.00537,0.15185,28.79
$MAG,26875.132,-0.136,-0.520,-0.529,27.6
$IMU,26875.132,-0.183,-0.061,-0.183,0.01953,1.00634,0.15039,28.79
$IMU,26875.135,-0.305,-0.061,-0.183,0.02197,1.00341,0.15185,28.79
$IMU,26875.137,-0.305,-0.122,-0.183,0.01757,1.00439,0.15087,28.81
$IMU,26875.139,-0.366,-0.183,-0.122,0.02050,1.00292,0.14941,28.81
$MAG,26875.142,-0.141,-0.525,-0.538,27.6
$IMU,26875.142,-0.427,-0.122,-0.122,0.01708,1.00439,0.14990,28.81
$IMU,26875.144,-0.305,-0.122,-0.183,0.01757,1.00048,0.15380,28.81
$IMU,26875.146,-0.305,-0.122,-0.122,0.01855,1.00146,0.15136,28.81
$IMU,26875.149,-0.305,-0.244,-0.122,0.01953,1.00292,0.15185,28.81
$BARO,26875.151,86866.69,28.66
$IMU,26875.151,-0.427,-0.122,-0.183,0.01953,1.00634,0.15087,28.81
$MAG,26875.152,-0.141,-0.525,-0.535,27.7
$IMU,26875.153,-0.366,-0.122,-0.183,0.02001,1.00488,0.15429,28.81
$IMU,26875.156,-0.427,-0.061,-0.183,0.01611,1.00390,0.15234,28.83
$IMU,26875.158,-0.366,-0.122,-0.183,0.01855,1.00390,0.15136,28.83
$IMU,26875.161,-0.305,-0.122,-0.122,0.01660,1.00341,0.15234,28.83
$MAG,26875.162,-0.145,-0.516,-0.531,27.7
$IMU,26875.163,-0.183,-0.122,-0.122,0.02001,0.99853,0.15136,28.83
$IMU,26875.165,-0.244,-0.183,-0.244,0.01904,1.00244,0.15185,28.83
$IMU,26875.168,-0.305,0.000,-0.244,0.02197,0.99951,0.14990,28.83
$IMU,26875.170,-0.183,0.000,-0.183,0.01708,1.00292,0.15136,28.83
$MAG,26875.172,-0.144,-0.522,-0.543,27.7
$IMU,26875.172,-0.183,-0.183,-0.183,0.01562,1.00390,0.15234,28.83
$IMU,26875.175,-0.122,-0.183,-0.122,0.01708,1.00000,0.15283,28.80
$IMU,26875.177,-0.122,-0.061,-0.244,0.02246,0.99853,0.15136,28.80
$IMU,26875.179,-0.061,-0.061,-0.244,0.02001,0.99902,0.15185,28.80
$MAG,26875.182,-0.139,-0.516,-0.529,27.6
$IMU,26875.182,-0.061,-0.122,-0.244,0.01806,1.00537,0.15039,28.80
$IMU,26875.184,-0.122,-0.122,-0.244,0.02148,1.00195,0.15234,28.80
$IMU,26875.186,-0.122,-0.183,-0.183,0.01806,1.00341,0.15332,28.80
$IMU,26875.189,-0.122,-0.122,-0.183,0.01562,1.00195,0.15283,28.80
$IMU,26875.191,-0.183,-0.061,-0.244,0.01806,1.00585,0.15136,28.80
$MAG,26875.192,-0.147,-0.520,-0.528,27.6
$IMU,26875.193,-0.183,-0.061,-0.183,0.01757,1.00244,0.15136,28.82
$IMU,26875.196,-0.244,0.000,-0.122,0.01513,1.00000,0.15136,28.82
$IMU,26875.198,-0.122,-0.183,-0.122,0.01416,1.00292,0.14892,28.82
$IMU,26875.200,-0.122,-0.122,-0.244,0.01562,1.00097,0.15136,28.82
$MAG,26875.202,-0.141,-0.520,-0.529,27.6
$IMU,26875.203,-0.244,0.000,-0.183,0.01855,1.00244,0.15185,28.82
$IMU,26875.205,-0.244,0.061,-0.122,0.01757,1.00048,0.15039,28.82
$IMU,26875.207,-0.305,0.000,-0.122,0.01513,1.00195,0.14794,28.82
$IMU,26875.210,-0.305,-0.061,-0.122,0.02050,1.00244,0.15039,28.82
$IMU,26875.212,-0.244,-0.122,-0.244,0.01806,1.00439,0.15039,28.81
$MAG,26875.213,-0.150,-0.523,-0.529,27.6
$IMU,26875.214,-0.305,-0.061,-0.122,0.01611,1.00634,0.15039,28.81
$IMU,26875.217,-0.244,0.000,-0.244,0.01806,1.00390,0.15283,28.81
$IMU,26875.219,-0.244,0.061,-0.122,0.01806,1.00146,0.15332,28.81
$IMU,26875.222,-0.183,-0.122,-0.061,0.01855,1.00341,0.15332,28.81
$MAG,26875.223,-0.148,-0.519,-0.532,27.7
$IMU,26875.224,-0.122,-0.183,-0.061,0.01708,1.00634,0.15380,28.81
$IMU,26875.226,-0.061,-0.244,-0.122,0.01953,1.00488,0.15234,28.81
$IMU,26875.229,-0.061,-0.122,-0.183,0.01806,1.00390,0.15429,28.81
$IMU,26875.231,-0.183,0.061,-0.183,0.02294,1.00634,0.15234,28.79
$MAG,26875.233,-0.147,-0.526,-0.534,27.6
$IMU,26875.233,-0.122,0.061,-0.122,0.01757,1.00390,0.15136,28.79
$IMU,26875.236,-0.122,-0.061,-0.183,0.01611,1.00781,0.15087,28.79
$IMU,26875.238,-0.061,-0.183,-0.183,0.01757,1.00097,0.15039,28.79
$VBAT,26875.238,4.130
$IMU,26875.240,-0.122,-0.244,-0.244,0.01904,1.00292,0.15136,28.79
$MAG,26875.243,-0.148,-0.510,-0.520,27.7
$IMU,26875.243,-0.244,-0.061,-0.122,0.01953,1.00488,0.15087,28.79
$IMU,26875.245,-0.305,0.000,-0.122,0.01904,1.00244,0.15283,28.79
$IMU,26875.247,-0.244,-0.061,-0.183,0.02197,1.00195,0.15234,28.79
$TIME,26875.249,510783.000,2399
$IMU,26875.250,-0.244,-0.122,-0.183,0.01904,1.00195,0.15576,28.80
$BARO,26875.252,86864.94,28.66
$IMU,26875.252,-0.244,-0.244,-0.183,0.02001,1.00341,0.14990,28.80
$MAG,26875.253,-0.142,-0.534,-0.534,27.7
$IMU,26875.254,-0.305,0.061,-0.244,0.01513,1.00097,0.15332,28.80
$IMU,26875.257,-0.366,-0.061,-0.244,0.01806,1.00146,0.15380,28.80
$IMU,26875.259,-0.366,-0.122,-0.244,0.01904,1.00341,0.15087,28.80
$IMU,26875.261,-0.366,0.000,-0.183,0.01806,1.00146,0.15478,28.80
$MAG,26875.263,-0.135,-0.517,-0.534,27.6
$IMU,26875.264,-0.305,-0.061,-0.183,0.01562,1.00488,0.15283,28.80
$IMU,26875.266,-0.366,-0.183,-0.244,0.01708,1.00292,0.15039,28.80
$IMU,26875.268,-0.305,-0.061,-0.244,0.02099,1.00439,0.15087,28.81
$IMU,26875.271,-0.305,-0.122,-0.244,0.01806,1.00390,0.15136,28.81
$MAG,26875.273,-0.148,-0.511,-0.529,28.0
$IMU,26875.273,-0.244,-0.244,-0.183,0.01416,1.00244,0.15136,28.81
$IMU,26875.275,-0.244,-0.122,-0.122,0.01660,1.00634,0.15332,28.81
$IMU,26875.278,-0.244,-0.061,-0.122,0.01708,1.00585,0.15185,28.81
$IMU,26875.280,-0.244,-0.183,-0.183,0.01708,1.00244,0.15332,28.81
$MAG,26875.283,-0.147,-0.516,-0.543,27.7
$IMU,26875.283,-0.305,0.122,-0.183,0.01708,1.00488,0.15185,28.81
$IMU,26875.285,-0.244,-0.061,-0.183,0.01416,1.00341,0.15332,28.81
$IMU,26875.287,-0.183,-0.244,-0.244,0.01757,1.00244,0.15429,28.78
$IMU,26875.290,-0.183,0.000,-0.183,0.01708,0.99902,0.15283,28.78
$IMU,26875.292,-0.183,0.000,-0.061,0.01513,1.00000,0.15283,28.78
$MAG,26875.293,-0.139,-0.520,-0.534,28.1
$IMU,26875.294,-0.122,-0.122,-0.183,0.01562,1.00537,0.15332,28.78
$IMU,26875.297,-0.061,-0.061,-0.122,0.01953,1.00195,0.15283,28.78
$IMU,26875.299,-0.061,-0.061,-0.122,0.02001,1.00292,0.15283,28.78
$IMU,26875.301,0.000,-0.183,-0.183,0.01904,1.00390,0.15087,28.78
$MAG,26875.303,-0.145,-0.513,-0.532,27.7
$IMU,26875.304,0.000,-0.061,-0.122,0.01904,1.00341,0.15185,28.78
$IMU,26875.306,0.000,0.000,-0.122,0.02099,1.00341,0.15478,28.84
$IMU,26875.308,0.000,-0.183,-0.122,0.02050,1.00488,0.15380,28.84
$IMU,26875.311,0.000,-0.122,-0.061,0.01855,1.00341,0.15039,28.84
$MAG,26875.313,-0.145,-0.520,-0.519,27.6
$IMU,26875.313,0.061,-0.183,-0.061,0.01806,1.00292,0.14843,28.84
$IMU,26875.315,0.000,-0.183,-0.122,0.01904,1.00537,0.15234,28.84
$IMU,26875.318,-0.061,0.000,-0.122,0.01660,1.00292,0.15185,28.84
$IMU,26875.320,-0.183,-0.061,-0.183,0.01855,1.00634,0.15136,28.84
$IMU,26875.322,-0.183,-0.122,-0.183,0.01855,1.00488,0.15039,28.84
$MAG,26875.324,-0.141,-0.522,-0.540,27.6
$IMU,26875.325,-0.183,-0.122,-0.183,0.01904,1.00244,0.15039,28.80
$IMU,26875.327,-0.183,-0.183,-0.122,0.02050,1.00390,0.15087,28.80
$IMU,26875.329,-0.305,-0.183,-0.183,0.02148,1.00195,0.15185,28.80
$IMU,26875.332,-0.305,-0.122,-0.122,0.02001,1.00390,0.15087,28.80
$MAG,26875.334,-0.141,-0.522,-0.537,27.7
$IMU,26875.334,-0.427,0.061,-0.183,0.02099,1.00146,0.15185,28.80
$IMU,26875.336,-0.427,-0.061,-0.305,0.01708,1.00146,0.15136,28.80
$IMU,26875.339,-0.427,-0.122,-0.244,0.01513,1.00439,0.14843,28.80
$IMU,26875.341,-0.427,-0.061,-0.244,0.01611,1.00341,0.15136,28.80
$MAG,26875.344,-0.153,-0.522,-0.522,27.7
$IMU,26875.344,-0.427,-0.183,-0.183,0.01513,1.00195,0.15185,28.79
$IMU,26875.346,-0.488,-0.061,-0.183,0.01708,1.00195,0.15380,28.79
$IMU,26875.348,-0.488,-0.061,-0.244,0.01953,1.00488,0.15185,28.79
$IMU,26875.351,-0.427,-0.183,-0.183,0.01806,1.00292,0.15283,28.79
$IMU,26875.353,-0.427,-0.183,-0.244,0.01611,1.00292,0.15234,28.79
$BARO,26875.354,86867.96,28.66
$MAG,26875.354,-0.136,-0.517,-0.531,27.7
$IMU,26875.355,-0.549,0.061,-0.244,0.01562,1.00537,0.15087,28.79
$IMU,26875.358,-0.366,-0.061,-0.305,0.02050,1.00097,0.15234,28.79
$IMU,26875.360,-0.305,-0.183,-0.244,0.02001,1.00000,0.15332,28.79
$IMU,26875.362,-0.305,-0.122,-0.244,0.02001,1.00048,0.15185,28.82
$MAG,26875.364,-0.147,-0.522,-0.532,27.6
$IMU,26875.365,-0.244,-0.061,-0.305,0.01806,0.99951,0.15527,28.82
$IMU,26875.367,-0.183,-0.061,-0.244,0.01855,1.00048,0.15380,28.82
$IMU,26875.369,-0.183,0.061,-0.244,0.01806,1.00048,0.15283,28.82
$IMU,26875.372,-0.122,0.000,-0.244,0.01660,1.00244,0.15478,28.82
$MAG,26875.374,-0.139,-0.520,-0.531,27.7
$IMU,26875.374,-0.122,0.000,-0.183,0.01513,0.99951,0.15527,28.82
$IMU,26875.376,0.061,-0.061,-0.183,0.01757,1.00048,0.15136,28.82
$IMU,26875.379,0.122,-0.061,-0.122,0.01855,1.00390,0.15332,28.82
$IMU,26875.381,0.244,-0.061,-0.183,0.01708,1.00292,0.15185,28.79
$IMU,26875.383,0.244,0.061,-0.183,0.01855,1.00244,0.15283,28.79
$MAG,26875.384,-0.138,-0.517,-0.535,27.6
$IMU,26875.386,0.305,-0.061,-0.244,0.01855,1.00244,0.15527,28.79
$IMU,26875.388,0.305,-0.183,-0.244,0.02001,1.00048,0.15185,28.79
$IMU,26875.390,0.366,-0.183,-0.183,0.01660,1.00292,0.14941,28.79
$IMU,26875.393,0.366,-0.183,-0.183,0.01513,1.00244,0.15087,28.79
$MAG,26875.394,-0.144,-0.520,-0.535,27.6
$IMU,26875.395,0.366,-0.183,-0.122,0.01611,1.00390,0.15136,28.79
$IMU,26875.397,0.366,0.061,-0.061,0.01708,1.00488,0.15234,28.79
$IMU,26875.400,0.305,-0.061,-0.122,0.01513,1.00488,0.15087,28.80
$IMU,26875.402,0.305,-0.183,-0.122,0.01904,1.00439,0.14941,28.80
$MAG,26875.404,-0.141,-0.516,-0.537,27.6
$IMU,26875.405,0.244,-0.183,-0.122,0.01806,1.00732,0.14892,28.80
$IMU,26875.407,0.183,-0.244,-0.122,0.01953,1.00683,0.14697,28.80
$IMU,26875.409,0.122,-0.122,-0.061,0.01904,1.00683,0.14843,28.80
$IMU,26875.412,0.000,-0.061,-0.061,0.01562,1.00634,0.14843,28.80
$MAG,26875.414,-0.141,-0.528,-0.534,27.6
$IMU,26875.414,-0.122,-0.061,-0.061,0.01757,1.00732,0.14941,28.80
$IMU,26875.416,-0.122,-0.061,-0.122,0.01904,1.00195,0.14794,28.80
$IMU,26875.419,-0.122,-0.183,-0.183,0.01904,1.00341,0.14697,28.82
$IMU,26875.421,-0.244,-0.061,-0.244,0.01757,1.00390,0.14794,28.82
$IMU,26875.423,-0.488,0.000,-0.183,0.01757,1.00439,0.14794,28.82
$MAG,26875.424,-0.135,-0.514,-0.534,27.6
$IMU,26875.426,-0.488,-0.122,-0.183,0.01660,1.00292,0.15136,28.82
$IMU,26875.428,-0.488,-0.061,-0.061,0.01757,1.00439,0.14892,28.82
$IMU,26875.430,-0.488,-0.122,-0.061,0.01660,1.00292,0.14892,28.82
$IMU,26875.433,-0.549,-0.061,-0.122,0.01708,1.00341,0.14746,28.82
$MAG,26875.435,-0.144,-0.525,-0.522,27.6
$IMU,26875.435,-0.549,-0.061,-0.183,0.01757,1.00292,0.14990,28.82
$IMU,26875.437,-0.610,-0.122,-0.244,0.01953,1.00341,0.15039,28.78
$IMU,26875.440,-0.671,-0.061,-0.244,0.02099,1.00439,0.14794,28.78
$IMU,26875.442,-0.610,-0.183,-0.183,0.01904,1.00146,0.14941,28.78
$IMU,26875.444,-0.610,0.061,-0.183,0.01660,1.00244,0.14941,28.78
$MAG,26875.445,-0.144,-0.534,-0.531,27.6
$IMU,26875.447,-0.549,0.000,-0.122,0.01708,1.00097,0.15136,28.78
$IMU,26875.449,-0.427,0.000,-0.122,0.01708,1.00341,0.15527,28.78
$IMU,26875.451,-0.366,-0.061,-0.183,0.01660,1.00048,0.15478,28.78
$IMU,26875.454,-0.305,-0.061,-0.366,0.01806,1.00585,0.15136,28.78
$BARO,26875.455,86866.74,28.66
$MAG,26875.455,-0.147,-0.516,-0.531,27.6
$IMU,26875.456,-0.183,-0.061,-0.305,0.01904,1.00097,0.15185,28.81
$IMU,26875.458,-0.122,-0.122,-0.305,0.01708,1.00585,0.15429,28.81
$IMU,26875.461,-0.061,-0.122,-0.305,0.01562,1.00537,0.15136,28.81
$IMU,26875.463,-0.061,-0.061,-0.183,0.01220,1.00244,0.15283,28.81
$MAG,26875.465,-0.150,-0.531,-0.526,27.6
$IMU,26875.466,0.000,-0.122,-0.244,0.01416,1.00292,0.14990,28.81
$IMU,26875.468,0.000,-0.061,-0.183,0.01904,1.00341,0.15136,28.81
$IMU,26875.470,0.061,-0.122,-0.244,0.01757,1.00634,0.15136,28.81
$IMU,26875.473,0.061,-0.122,-0.183,0.01708,1.00585,0.14990,28.81
$MAG,26875.475,-0.142,-0.523,-0.531,27.6
$IMU,26875.475,-0.061,-0.061,-0.183,0.01708,1.00683,0.14892,28.81
$IMU,26875.477,-0.122,-0.183,-0.122,0.01855,1.00781,0.15185,28.81
$IMU,26875.480,-0.061,-0.183,-0.061,0.01953,1.00439,0.15234,28.81
$IMU,26875.482,-0.183,0.000,-0.061,0.01416,1.00244,0.15087,28.81
$IMU,26875.484,-0.183,-0.183,-0.122,0.01513,1.00048,0.15136,28.81
$MAG,26875.485,-0.136,-0.526,-0.531,27.6
$IMU,26875.487,-0.244,-0.061,-0.122,0.01953,1.00585,0.15087,28.81
$IMU,26875.489,-0.305,-0.183,-0.061,0.01904,1.00341,0.15283,28.81
$IMU,26875.491,-0.305,-0.244,-0.122,0.01806,1.00341,0.14941,28.81
$IMU,26875.494,-0.427,-0.183,-0.061,0.01855,1.00488,0.14990,28.81
$MAG,26875.495,-0.139,-0.514,-0.532,27.5
$IMU,26875.496,-0.427,-0.244,-0.061,0.01708,1.00390,0.15136,28.81
$IMU,26875.498,-0.427,-0.244,0.000,0.01953,1.00341,0.15234,28.81
$IMU,26875.501,-0.488,-0.061,-0.061,0.02197,1.00244,0.15087,28.81
$IMU,26875.503,-0.427,-0.122,-0.122,0.02148,1.00146,0.15234,28.81
$MAG,26875.505,-0.136,-0.522,-0.522,27.7
$IMU,26875.505,-0.427,-0.061,-0.122,0.01757,1.00341,0.15185,28.81
$IMU,26875.508,-0.488,0.000,-0.122,0.01904,1.00292,0.15039,28.81
$IMU,26875.510,-0.366,-0.061,-0.122,0.01562,1.00390,0.15283,28.81
$IMU,26875.512,-0.305,-0.061,-0.061,0.01611,1.00244,0.15625,28.79
$MAG,26875.515,-0.150,-0.522,-0.528,27.7
$IMU,26875.515,-0.366,0.000,-0.122,0.01757,1.00585,0.15039,28.79
$IMU,26875.517,-0.183,0.000,-0.122,0.02050,1.00585,0.15429,28.79
$IMU,26875.519,-0.122,0.000,-0.244,0.02148,1.00439,0.15234,28.79
$IMU,26875.522,-0.061,0.000,-0.244,0.01953,1.00537,0.15234,28.79
$IMU,26875.524,0.000,-0.061,-0.244,0.02099,1.00341,0.15332,28.79
$MAG,26875.525,-0.145,-0.519,-0.535,27.6
$IMU,26875.527,-0.061,-0.061,-0.183,0.02001,1.00585,0.15429,28.79
$IMU,26875.529,-0.061,-0.061,-0.122,0.01855,1.00585,0.15234,28.79
$IMU,26875.531,0.061,-0.122,-0.122,0.01757,1.00585,0.15283,28.77
$IMU,26875.534,0.122,-0.183,-0.122,0.02001,1.00390,0.14941,28.77
$MAG,26875.535,-0.141,-0.526,-0.528,27.6
$IMU,26875.536,0.122,-0.183,-0.183,0.02099,1.00537,0.14941,28.77
$IMU,26875.538,0.061,-0.061,-0.244,0.01953,1.00390,0.14990,28.77
$IMU,26875.541,0.000,-0.122,-0.183,0.01660,1.00146,0.15039,28.77
$IMU,26875.543,-0.061,-0.122,-0.244,0.01708,1.00537,0.15185,28.77
$IMU,26875.545,-0.061,-0.244,-0.244,0.01904,1.00390,0.15039,28.77
$MAG,26875.546,-0.150,-0.526,-0.526,27.6
$IMU,26875.548,-0.122,-0.061,-0.244,0.01953,1.00292,0.15087,28.77
$IMU,26875.550,-0.183,0.000,-0.183,0.01806,1.00244,0.14990,28.80
$IMU,26875.552,-0.183,-0.183,-0.122,0.01904,1.00048,0.14892,28.80
$IMU,26875.555,-0.244,-0.122,-0.183,0.01708,1.00195,0.15136,28.80
$BARO,26875.556,86871.33,28.66
$MAG,26875.556,-0.138,-0.520,-0.534,27.6
$IMU,26875.557,-0.427,0.061,-0.183,0.01562,1.00195,0.14990,28.80
$IMU,26875.559,-0.549,0.000,-0.183,0.02197,1.00097,0.14550,28.80
$IMU,26875.562,-0.488,-0.061,-0.122,0.01953,1.00097,0.14990,28.80
$IMU,26875.564,-0.488,-0.061,-0.183,0.01660,1.00488,0.14843,28.80
$MAG,26875.566,-0.151,-0.516,-0.528,27.6
$IMU,26875.566,-0.427,-0.122,-0.122,0.02050,1.00292,0.15087,28.80
$IMU,26875.569,-0.427,-0.122,-0.122,0.01806,1.00781,0.15087,28.82
$IMU,26875.571,-0.427,-0.244,-0.183,0.01855,1.00244,0.15332,28.82
$IMU,26875.573,-0.366,-0.183,-0.244,0.01367,1.00097,0.15185,28.82
$MAG,26875.576,-0.147,-0.525,-0.537,27.6
$IMU,26875.576,-0.366,-0.183,-0.122,0.01904,1.00634,0.15087,28.82
$IMU,26875.578,-0.305,-0.183,-0.061,0.01806,1.00097,0.15283,28.82
$IMU,26875.580,-0.366,-0.061,-0.122,0.01806,1.00244,0.15429,28.82
$IMU,26875.583,-0.244,-0.061,-0.122,0.01757,1.00537,0.15039,28.82
$IMU,26875.585,-0.183,-0.183,-0.183,0.01513,1.00048,0.15380,28.82
$MAG,26875.586,-0.150,-0.520,-0.529,27.7
$IMU,26875.587,-0.244,-0.061,-0.183,0.01367,1.00732,0.15039,28.80
$IMU,26875.590,-0.183,-0.061,-0.183,0.01806,1.00537,0.15283,28.80
$IMU,26875.592,-0.122,-0.244,-0.183,0.02050,1.00244,0.15136,28.80
$IMU,26875.595,-0.122,-0.061,-0.122,0.02197,1.00244,0.14990,28.80
$MAG,26875.596,-0.145,-0.517,-0.529,27.6
$IMU,26875.597,-0.122,0.000,-0.183,0.01806,1.00585,0.15136,28.80
$IMU,26875.599,-0.122,-0.061,-0.122,0.01464,1.00439,0.15185,28.80
$IMU,26875.602,-0.061,-0.061,-0.183,0.01513,1.00683,0.15039,28.80
$IMU,26875.604,-0.061,-0.061,-0.183,0.01562,1.00292,0.14990,28.80
$MAG,26875.606,-0.147,-0.517,-0.531,27.6
$IMU,26875.606,-0.061,-0.122,-0.244,0.01660,1.00341,0.14941,28.82
$IMU,26875.609,-0.061,-0.061,-0.305,0.02099,1.00537,0.14990,28.82
$IMU,26875.611,-0.122,0.000,-0.244,0.01660,1.00244,0.15136,28.82
$IMU,26875.613,-0.183,-0.061,-0.183,0.01464,1.00244,0.14941,28.82
$MAG,26875.616,-0.148,-0.513,-0.532,27.6
$IMU,26875.616,-0.183,-0.061,-0.183,0.01757,1.00097,0.14941,28.82
$IMU,26875.618,-0.061,-0.122,-0.183,0.02001,1.00097,0.14990,28.82
$IMU,26875.620,-0.122,-0.183,-0.244,0.01708,1.00488,0.15136,28.82
$IMU,26875.623,-0.183,-0.183,-0.183,0.01708,1.00537,0.15332,28.82
$IMU,26875.625,-0.244,-0.061,-0.305,0.01611,1.00000,0.14941,28.83
$MAG,26875.626,-0.142,-0.522,-0.529,27.7
$IMU,26875.627,-0.366,0.061,-0.183,0.01806,1.00292,0.15136,28.83
$IMU,26875.630,-0.366,-0.122,-0.122,0.01904,1.00292,0.15039,28.83
$IMU,26875.632,-0.305,-0.183,0.000,0.01757,1.00488,0.15429,28.83
$IMU,26875.634,-0.244,-0.183,-0.122,0.01806,1.00244,0.15283,28.83
$MAG,26875.636,-0.144,-0.517,-0.531,27.6
$IMU,26875.637,-0.305,-0.183,-0.183,0.01757,1.00000,0.15429,28.83
$IMU,26875.639,-0.366,-0.061,-0.122,0.02099,1.00488,0.15185,28.83
$IMU,26875.641,-0.427,0.061,-0.244,0.01562,1.00146,0.15283,28.83
$IMU,26875.644,-0.244,-0.244,-0.244,0.01513,1.00146,0.15039,28.79
$IMU,26875.646,-0.244,-0.183,-0.122,0.01708,1.00634,0.15429,28.79
$MAG,26875.646,-0.151,-0.526,-0.528,27.6
$IMU,26875.648,-0.183,-0.061,-0.122,0.01611,1.00244,0.15087,28.79
$IMU,26875.651,-0.061,-0.122,-0.183,0.01855,1.00048,0.15087,28.79
$IMU,26875.653,-0.061,-0.061,-0.183,0.01660,1.00097,0.15087,28.79
$IMU,26875.656,-0.061,-0.061,-0.244,0.01904,1.00244,0.15039,28.79
$MAG,26875.657,-0.141,-0.520,-0.543,27.6
$BARO,26875.658,86866.04,28.67
$IMU,26875.658,-0.061,-0.061,-0.244,0.01953,1.00390,0.15332,28.79
$IMU,26875.660,0.000,-0.122,-0.183,0.01708,1.00244,0.14892,28.79
$IMU,26875.663,0.000,-0.183,-0.122,0.01708,1.00292,0.15039,28.78
$IMU,26875.665,0.000,0.000,-0.183,0.01953,1.00292,0.14892,28.78
$MAG,26875.667,-0.147,-0.519,-0.532,27.7
$IMU,26875.667,0.061,-0.122,-0.122,0.01855,1.00683,0.15087,28.78
$IMU,26875.670,0.061,-0.122,-0.122,0.02001,1.00439,0.14941,28.78
$IMU,26875.672,0.122,-0.244,-0.122,0.01855,1.00390,0.14941,28.78
$IMU,26875.674,0.000,-0.061,-0.122,0.01708,1.00195,0.14941,28.78
$MAG,26875.677,-0.142,-0.517,-0.531,27.7
$IMU,26875.677,-0.122,0.000,-0.244,0.02050,1.00341,0.14892,28.78
$IMU,26875.679,-0.244,0.000,-0.122,0.01855,1.00146,0.15136,28.78
$IMU,26875.681,-0.122,-0.061,-0.183,0.01806,0.99951,0.14843,28.82
$IMU,26875.684,-0.183,-0.244,-0.183,0.01806,1.00292,0.15087,28.82
$IMU,26875.686,-0.183,-0.183,-0.122,0.01904,1.00341,0.14794,28.82
$MAG,26875.687,-0.148,-0.519,-0.534,27.7
$IMU,26875.688,-0.183,-0.061,-0.244,0.01708,1.00341,0.14794,28.82
$IMU,26875.691,-0.244,-0.122,-0.244,0.01464,1.00097,0.14941,28.82
$IMU,26875.693,-0.305,-0.061,-0.183,0.01855,1.00439,0.14794,28.82
$IMU,26875.695,-0.427,-0.061,-0.183,0.01855,1.00634,0.15039,28.82
$MAG,26875.697,-0.133,-0.528,-0.522,27.6
$IMU,26875.698,-0.366,-0.183,-0.183,0.01904,1.00390,0.14990,28.82
$IMU,26875.700,-0.427,-0.061,-0.122,0.01953,1.00732,0.14892,28.81
$IMU,26875.702,-0.427,0.000,-0.183,0.01708,1.00488,0.15234,28.81
$IMU,26875.705,-0.549,0.000,-0.183,0.01611,1.00390,0.15283,28.81
$MAG,26875.707,-0.147,-0.519,-0.531,27.6
$IMU,26875.707,-0.488,-0.122,-0.183,0.01562,1.00244,0.15576,28.81
$IMU,26875.709,-0.366,-0.183,-0.183,0.01562,1.00195,0.15429,28.81
$IMU,26875.712,-0.427,-0.183,-0.244,0.01562,1.00585,0.15087,28.81
$IMU,26875.714,-0.488,-0.061,-0.122,0.01660,1.00488,0.14941,28.81
$MAG,26875.717,-0.147,-0.529,-0.534,27.6
$IMU,26875.717,-0.366,0.061,-0.122,0.01757,1.00537,0.14990,28.81
$IMU,26875.719,-0.305,0.000,-0.122,0.01562,1.00000,0.15234,28.82
$IMU,26875.721,-0.244,-0.183,-0.183,0.02050,1.00146,0.15380,28.82
$HUM,26875.723,34.6,29.1
$IMU,26875.724,-0.244,-0.061,-0.061,0.01806,1.00244,0.15136,28.82
$IMU,26875.726,-0.183,-0.122,-0.122,0.01708,1.00341,0.15234,28.82
$MAG,26875.727,-0.138,-0.528,-0.531,27.7
$IMU,26875.728,-0.183,0.061,-0.122,0.02099,1.00048,0.15185,28.82
$IMU,26875.731,-0.122,-0.122,-0.122,0.01855,1.00341,0.15087,28.82
$IMU,26875.733,-0.122,-0.061,-0.183,0.01806,1.00390,0.15136,28.82
$IMU,26875.735,-0.122,-0.061,-0.183,0.01660,1.00244,0.14941,28.82
$MAG,26875.737,-0.144,-0.523,-0.532,27.6
$IMU,26875.738,-0.061,-0.183,-0.183,0.01806,1.00195,0.15185,28.78
$IMU,26875.740,-0.183,-0.061,-0.244,0.01611,1.00292,0.15283,28.78
$IMU,26875.742,-0.122,-0.061,-0.183,0.01513,1.00195,0.15234,28.78
$IMU,26875.745,-0.122,-0.061,-0.122,0.01757,1.00146,0.15136,28.78
$MAG,26875.747,-0.150,-0.522,-0.531,27.6
$IMU,26875.747,0.000,-0.122,-0.122,0.01855,1.00195,0.14990,28.78
$IMU,26875.749,0.000,-0.122,-0.122,0.01757,1.00244,0.15234,28.78
$IMU,26875.752,-0.061,-0.061,-0.122,0.01757,1.00439,0.15039,28.78
$IMU,26875.754,-0.061,-0.061,-0.183,0.01904,1.00830,0.14941,28.78
$IMU,26875.756,-0.061,-0.122,-0.183,0.01806,1.00292,0.15380,28.80
$MAG,26875.757,-0.139,-0.520,-0.538,27.6
$BARO,26875.759,86865.82,28.67
$IMU,26875.759,-0.061,-0.061,-0.183,0.01757,1.00195,0.15283,28.80
$IMU,26875.761,0.000,-0.244,-0.244,0.01757,1.00439,0.14892,28.80
$IMU,26875.763,-0.122,-0.122,-0.183,0.01708,1.00244,0.14941,28.80
$IMU,26875.766,-0.122,-0.122,-0.183,0.01562,1.00537,0.14941,28.80
$MAG,26875.768,-0.145,-0.517,-0.526,27.6
$IMU,26875.768,-0.183,-0.183,-0.183,0.01806,1.00341,0.15283,28.80
$IMU,26875.770,-0.244,-0.122,-0.122,0.01660,1.00195,0.15087,28.80
$IMU,26875.773,-0.183,-0.122,-0.122,0.01513,1.00146,0.15039,28.80
$IMU,26875.775,-0.183,-0.183,-0.183,0.01855,1.00390,0.14990,28.79
$MAG,26875.778,-0.145,-0.526,-0.534,27.7
$IMU,26875.778,-0.183,-0.122,-0.183,0.01855,1.00634,0.15039,28.79
$IMU,26875.780,-0.244,-0.122,-0.122,0.01855,1.00439,0.15185,28.79
$IMU,26875.782,-0.244,-0.122,-0.122,0.01708,1.00146,0.15234,28.79
$IMU,26875.785,-0.305,0.000,-0.183,0.01611,1.00292,0.15087,28.79
$IMU,26875.787,-0.366,-0.061,-0.122,0.01660,1.00390,0.15185,28.79
$MAG,26875.788,-0.147,-0.517,-0.540,27.6
$IMU,26875.789,-0.183,-0.183,-0.183,0.02001,1.00488,0.15185,28.79
$IMU,26875.792,-0.366,-0.061,-0.183,0.01904,1.00146,0.15136,28.79
$IMU,26875.794,-0.366,0.061,-0.183,0.01660,1.00244,0.15039,28.82
$IMU,26875.796,-0.305,-0.122,-0.122,0.01708,1.00292,0.15283,28.82
$IMU,26875.799,-0.305,-0.061,-0.122,0.01660,1.00341,0.14990,28.82
$MAG,26875.798,-0.145,-0.516,-0.529,27.7
$IMU,26875.801,-0.244,0.000,-0.122,0.01855,1.00097,0.15136,28.82
$IMU,26875.803,-0.305,-0.061,-0.122,0.02294,1.00048,0.15136,28.82
$IMU,26875.806,-0.305,-0.061,-0.183,0.01806,1.00390,0.14990,28.82
$MAG,26875.808,-0.144,-0.525,-0.532,27.6
$IMU,26875.808,-0.183,-0.061,-0.183,0.01904,1.00634,0.14794,28.82
$IMU,26875.810,-0.122,-0.122,-0.183,0.01757,1.00537,0.15136,28.82
$IMU,26875.813,0.000,-0.244,-0.183,0.01757,1.00439,0.15185,28.83
$IMU,26875.815,-0.122,-0.183,-0.122,0.01660,1.00292,0.15039,28.83
$IMU,26875.817,-0.122,-0.061,-0.122,0.01708,1.00488,0.15185,28.83
$MAG,26875.818,-0.147,-0.516,-0.535,27.7
$IMU,26875.820,-0.183,0.000,-0.183,0.02099,1.00439,0.14990,28.83
$IMU,26875.822,-0.122,-0.061,-0.183,0.02001,1.00537,0.15136,28.83
$IMU,26875.824,-0.061,-0.122,-0.183,0.01855,1.00439,0.15185,28.83
$IMU,26875.827,-0.122,-0.061,-0.183,0.01708,1.00341,0.15087,28.83
$MAG,26875.828,-0.150,-0.523,-0.526,27.6
$IMU,26875.829,-0.183,0.000,-0.183,0.01562,1.00537,0.14599,28.83
$IMU,26875.831,-0.183,-0.061,-0.183,0.01855,1.00146,0.15087,28.82
$IMU,26875.834,-0.183,-0.122,-0.183,0.01855,1.00195,0.15087,28.82
$IMU,26875.836,-0.122,-0.061,-0.061,0.02001,1.00000,0.14892,28.82
$MAG,26875.838,-0.145,-0.528,-0.529,27.6
$IMU,26875.839,-0.183,-0.183,-0.061,0.01806,1.00439,0.15185,28.82
$IMU,26875.841,-0.122,-0.183,-0.183,0.01757,1.00537,0.15087,28.82
$IMU,26875.843,-0.244,0.122,-0.183,0.02001,1.00634,0.14648,28.82
$IMU,26875.846,-0.244,-0.122,-0.183,0.02001,1.00390,0.14990,28.82
$MAG,26875.848,-0.142,-0.526,-0.534,27.6
$IMU,26875.848,-0.183,-0.122,-0.244,0.02050,1.00195,0.14990,28.82
$IMU,26875.850,-0.183,0.000,-0.244,0.01660,0.99951,0.14843,28.80
$IMU,26875.853,-0.122,-0.183,-0.183,0.01904,1.00000,0.15087,28.80
$IMU,26875.855,-0.244,0.000,-0.183,0.01757,1.00439,0.15039,28.80
$IMU,26875.857,-0.244,0.000,-0.183,0.01806,1.00195,0.14941,28.80
$MAG,26875.858,-0.145,-0.519,-0.538,27.6
$IMU,26875.860,-0.244,-0.122,-0.244,0.01806,1.00195,0.15087,28.80
$BARO,26875.861,86860.80,28.67
$IMU,26875.862,-0.244,-0.183,-0.183,0.01757,1.00439,0.14843,28.80
$IMU,26875.864,-0.305,-0.183,-0.183,0.01953,1.00292,0.15332,28.80
$IMU,26875.867,-0.183,0.000,-0.183,0.02050,1.00292,0.15332,28.80
$MAG,26875.868,-0.144,-0.526,-0.537,27.7
$IMU,26875.869,-0.244,-0.122,-0.183,0.02001,1.00341,0.15234,28.79
$IMU,26875.871,-0.183,0.000,-0.122,0.02099,1.00341,0.15136,28.79
$IMU,26875.874,-0.244,0.061,-0.244,0.02001,1.00341,0.15185,28.79
$IMU,26875.876,-0.244,-0.122,-0.244,0.01904,1.00439,0.15039,28.79
$IMU,26875.878,-0.183,-0.061,-0.183,0.02001,1.00048,0.15136,28.79
$MAG,26875.879,-0.144,-0.525,-0.532,27.6
$IMU,26875.881,-0.122,0.000,-0.183,0.01708,1.00390,0.15039,28.79
$IMU,26875.883,-0.061,-0.061,-0.244,0.01953,1.00146,0.15185,28.79
$IMU,26875.885,-0.061,-0.122,-0.183,0.01660,1.00292,0.14892,28.79
$IMU,26875.888,0.000,-0.122,-0.183,0.01708,1.00390,0.15283,28.81
$MAG,26875.889,-0.150,-0.517,-0.528,27.6
$IMU,26875.890,0.000,-0.183,-0.305,0.01611,1.00585,0.14892,28.81
$IMU,26875.892,0.000,-0.061,-0.183,0.01855,1.00830,0.14990,28.81
$IMU,26875.895,-0.061,-0.061,-0.183,0.01660,1.00781,0.15087,28.81
$IMU,26875.897,0.000,-0.122,-0.244,0.01513,1.00439,0.15087,28.81
$MAG,26875.899,-0.138,-0.516,-0.528,27.6
$IMU,26875.900,0.000,-0.122,-0.183,0.01269,1.00439,0.14892,28.81
$IMU,26875.902,0.000,-0.061,-0.183,0.01562,1.00341,0.15039,28.81
$IMU,26875.904,-0.183,-0.061,-0.122,0.01611,1.00439,0.14843,28.81
$IMU,26875.907,-0.183,0.061,-0.183,0.01953,1.00390,0.14843,28.82
$MAG,26875.909,-0.144,-0.520,-0.523,27.6
$IMU,26875.909,-0.305,0.061,-0.244,0.01708,1.00537,0.14746,28.82
$IMU,26875.911,-0.305,-0.061,-0.183,0.01611,1.00537,0.14843,28.82
$IMU,26875.914,-0.366,-0.122,-0.183,0.01464,1.00488,0.15087,28.82
$IMU,26875.916,-0.488,-0.122,-0.244,0.01953,1.00341,0.14941,28.82
$IMU,26875.918,-0.549,-0.061,-0.122,0.01611,1.00097,0.14990,28.82
$MAG,26875.919,-0.144,-0.525,-0.541,27.6
$IMU,26875.921,-0.488,-0.061,-0.061,0.01757,1.00244,0.15087,28.82
$IMU,26875.923,-0.610,0.000,-0.122,0.01953,1.00390,0.14892,28.82
$IMU,26875.925,-0.549,-0.183,-0.122,0.01708,1.00244,0.15039,28.78
$IMU,26875.928,-0.549,-0.061,-0.183,0.01855,1.00146,0.15185,28.78
$MAG,26875.929,-0.139,-0.517,-0.537,27.7
$IMU,26875.930,-0.671,0.000,-0.183,0.01904,1.00195,0.15136,28.78
$IMU,26875.932,-0.671,0.000,-0.061,0.01660,1.00390,0.15136,28.78
$IMU,26875.935,-0.610,-0.122,-0.061,0.01708,1.00244,0.15234,28.78
$IMU,26875.937,-0.488,-0.183,-0.122,0.01855,1.00146,0.15234,28.78
$MAG,26875.939,-0.145,-0.517,-0.534,27.6
$IMU,26875.939,-0.488,-0.183,-0.183,0.01855,1.00048,0.15136,28.78
$IMU,26875.942,-0.366,-0.061,-0.122,0.01708,1.00146,0.15234,28.78
$IMU,26875.944,-0.366,-0.061,-0.183,0.01708,1.00439,0.15283,28.85
$IMU,26875.946,-0.305,-0.122,-0.122,0.01953,1.00390,0.15429,28.85
$MAG,26875.949,-0.138,-0.522,-0.531,27.6
$IMU,26875.949,-0.183,0.000,-0.183,0.01611,1.00683,0.15185,28.85
$IMU,26875.951,-0.061,-0.122,-0.122,0.01953,1.00146,0.15283,28.85
$IMU,26875.954,0.000,-0.122,-0.122,0.01904,1.00390,0.15332,28.85
$IMU,26875.956,0.061,0.000,0.000,0.02099,1.00488,0.15527,28.85
$IMU,26875.958,0.183,-0.061,-0.122,0.01953,1.00439,0.14990,28.85
$MAG,26875.959,-0.151,-0.520,-0.535,27.7
$IMU,26875.961,0.244,0.000,-0.244,0.01757,1.00390,0.15185,28.85
$BARO,26875.962,86864.21,28.67
$IMU,26875.963,0.305,0.000,-0.244,0.01513,1.00244,0.15283,28.82
$IMU,26875.965,0.366,-0.183,-0.244,0.01757,1.00341,0.15380,28.82
$IMU,26875.968,0.366,-0.244,-0.183,0.01904,1.00390,0.14990,28.82
$MAG,26875.969,-0.136,-0.519,-0.528,27.6
$IMU,26875.970,0.244,0.000,-0.122,0.01562,1.00292,0.14794,28.82
$IMU,26875.972,0.244,-0.122,-0.122,0.01806,1.00292,0.14843,28.82
$IMU,26875.975,0.244,-0.122,-0.183,0.02050,1.00585,0.14746,28.82
$IMU,26875.977,0.244,-0.061,-0.122,0.02099,1.00732,0.14697,28.82
$MAG,26875.979,-0.151,-0.523,-0.529,27.6
$IMU,26875.979,0.122,-0.183,-0.183,0.01562,1.00439,0.14843,28.82
$IMU,26875.982,0.000,-0.183,-0.244,0.01464,1.00439,0.14892,28.80
$IMU,26875.984,-0.183,0.000,-0.183,0.02001,1.00683,0.14843,28.80
$IMU,26875.986,-0.366,0.000,-0.122,0.01757,1.00585,0.14892,28.80
$IMU,26875.989,-0.366,-0.122,-0.122,0.02197,1.00390,0.14648,28.80
$MAG,26875.990,-0.148,-0.513,-0.532,27.7
$IMU,26875.991,-0.488,-0.122,-0.122,0.01904,1.00488,0.14648,28.80
$IMU,26875.993,-0.488,-0.122,-0.183,0.01806,1.00341,0.15087,28.80
$IMU,26875.996,-0.549,0.000,-0.183,0.01904,1.00585,0.15087,28.80
$IMU,26875.998,-0.671,0.061,-0.183,0.01806,1.00634,0.15039,28.80
$MAG,26876.000,-0.144,-0.525,-0.531,27.6
$IMU,26876.000,-0.732,0.000,-0.183,0.01757,1.00000,0.14941,28.78
$IMU,26876.003,-0.671,-0.122,-0.183,0.01660,1.00292,0.15185,28.78
$IMU,26876.005,-0.610,-0.183,-0.244,0.01855,1.00634,0.15136,28.78
$IMU,26876.007,-0.610,-0.122,-0.122,0.01855,1.00195,0.15185,28.78
$MAG,26876.010,-0.145,-0.514,-0.532,27.6
$IMU,26876.010,-0.549,-0.122,-0.305,0.01757,0.99951,0.15039,28.78
$IMU,26876.012,-0.366,-0.183,-0.183,0.01953,1.00048,0.15380,28.78
$IMU,26876.014,-0.427,-0.061,-0.183,0.01513,1.00195,0.15087,28.78
$IMU,26876.017,-0.305,-0.244,-0.244,0.01855,1.00048,0.15185,28.78
$IMU,26876.019,-0.305,-0.244,-0.244,0.01611,1.00195,0.15478,28.81
$MAG,26876.020,-0.144,-0.525,-0.528,27.6
$IMU,26876.021,-0.244,0.000,-0.122,0.01464,1.00634,0.15136,28.81
$IMU,26876.024,-0.183,-0.061,-0.244,0.01806,1.00341,0.14990,28.81
$IMU,26876.026,0.000,-0.122,-0.305,0.02050,1.00292,0.15283,28.81
$IMU,26876.029,0.061,0.061,-0.122,0.02001,0.99951,0.15332,28.81
$MAG,26876.030,-0.138,-0.523,-0.528,27.6
$IMU,26876.031,0.183,-0.061,-0.183,0.02001,1.00195,0.15039,28.81
$IMU,26876.033,0.244,-0.122,-0.183,0.01855,1.00390,0.15087,28.81
$IMU,26876.036,0.305,-0.122,-0.122,0.01513,1.00390,0.15185,28.81
$IMU,26876.038,0.122,-0.061,-0.183,0.01953,1.00732,0.14892,28.82
$MAG,26876.040,-0.141,-0.519,-0.523,27.6
$IMU,26876.040,0.183,-0.122,-0.183,0.01660,1.00634,0.15039,28.82
$IMU,26876.043,0.183,-0.183,-0.183,0.01953,1.00146,0.15136,28.82
$IMU,26876.045,0.183,-0.122,-0.183,0.01513,1.00488,0.15087,28.82
$IMU,26876.047,0.061,-0.122,-0.183,0.01806,1.00292,0.14892,28.82
$MAG,26876.050,-0.157,-0.528,-0.541,27.8
$IMU,26876.050,0.000,0.000,-0.183,0.01562,1.00195,0.14697,28.82
$IMU,26876.052,-0.061,-0.122,-0.122,0.01708,1.00439,0.15039,28.82
$IMU,26876.054,-0.183,-0.061,-0.183,0.01611,1.00439,0.14843,28.82
$IMU,26876.057,-0.122,-0.244,-0.122,0.01660,1.00195,0.14794,28.83
$IMU,26876.059,-0.244,-0.244,-0.122,0.01855,1.00488,0.14892,28.83
$MAG,26876.060,-0.141,-0.522,-0.528,27.7
$IMU,26876.061,-0.366,-0.183,-0.122,0.01855,1.00146,0.14941,28.83
$BARO,26876.064,86867.79,28.67
$IMU,26876.064,-0.427,-0.061,-0.183,0.01660,1.00292,0.14843,28.83
$IMU,26876.066,-0.488,0.000,-0.244,0.01708,1.00585,0.14990,28.83
$IMU,26876.068,-0.549,-0.122,-0.183,0.02050,1.00341,0.14941,28.83
$MAG,26876.070,-0.145,-0.525,-0.531,27.7
$IMU,26876.071,-0.610,-0.183,-0.183,0.01757,1.00048,0.15087,28.83
$IMU,26876.073,-0.610,-0.122,-0.183,0.01708,1.00488,0.14990,28.83
$IMU,26876.075,-0.610,0.000,-0.122,0.01464,1.00585,0.14746,28.79
$IMU,26876.078,-0.549,-0.061,-0.183,0.01855,1.00488,0.15283,28.79
$MAG,26876.080,-0.144,-0.522,-0.528,27.6
$IMU,26876.080,-0.488,-0.183,-0.183,0.02001,1.00537,0.15136,28.79
$IMU,26876.082,-0.366,-0.183,-0.122,0.01855,1.00097,0.15185,28.79
$IMU,26876.085,-0.427,-0.061,-0.244,0.01757,1.00341,0.15380,28.79
$IMU,26876.087,-0.305,-0.061,-0.183,0.01855,1.00585,0.15234,28.79
$MAG,26876.090,-0.147,-0.526,-0.537,27.6
$IMU,26876.090,-0.244,-0.061,-0.122,0.01660,1.00537,0.15380,28.79
$IMU,26876.092,-0.183,-0.122,-0.183,0.01660,1.00634,0.15136,28.79
$IMU,26876.094,-0.061,-0.122,-0.244,0.01806,1.00585,0.15087,28.82
$IMU,26876.097,-0.061,-0.061,-0.244,0.01806,1.00146,0.15087,28.82
$IMU,26876.099,-0.061,-0.061,-0.183,0.01416,1.00146,0.15234,28.82
$MAG,26876.101,-0.139,-0.519,-0.535,27.6
$IMU,26876.101,-0.122,0.000,-0.183,0.01904,1.00488,0.15136,28.82
$IMU,26876.104,0.122,-0.122,-0.183,0.01757,1.00195,0.15087,28.82
$IMU,26876.106,0.122,-0.183,-0.183,0.01562,1.00683,0.15087,28.82
$IMU,26876.108,0.061,-0.122,-0.183,0.01708,1.00097,0.14990,28.82
$MAG,26876.111,-0.145,-0.517,-0.531,27.7
$IMU,26876.111,0.000,0.061,-0.122,0.01708,0.99853,0.15234,28.82
$IMU,26876.113,0.061,0.000,-0.244,0.01757,0.99804,0.15185,28.80
$IMU,26876.115,0.061,0.061,-0.122,0.01757,1.00341,0.15039,28.80
$IMU,26876.118,0.061,-0.122,-0.122,0.01757,1.00439,0.14794,28.80
$IMU,26876.120,-0.061,-0.183,-0.122,0.01855,1.00146,0.14843,28.80
$MAG,26876.121,-0.139,-0.519,-0.534,27.6
$IMU,26876.122,-0.122,-0.305,-0.122,0.01708,1.00341,0.14453,28.80
$IMU,26876.125,-0.305,0.000,-0.061,0.01708,1.00292,0.14990,28.80
$IMU,26876.127,-0.366,-0.061,0.000,0.01855,1.00634,0.14892,28.80
$IMU,26876.129,-0.366,-0.183,-0.122,0.01513,1.00439,0.14941,28.80
$MAG,26876.131,-0.138,-0.523,-0.529,27.6
$IMU,26876.132,-0.427,-0.122,-0.183,0.01904,1.00390,0.14794,28.82
$IMU,26876.134,-0.488,-0.183,-0.183,0.01855,1.00341,0.14843,28.82
$IMU,26876.136,-0.488,-0.061,-0.122,0.01757,1.00488,0.14941,28.82
$IMU,26876.139,-0.427,-0.061,-0.061,0.01757,1.00292,0.15332,28.82
$MAG,26876.141,-0.148,-0.520,-0.529,27.6
$IMU,26876.141,-0.488,-0.061,-0.061,0.01855,1.00146,0.14990,28.82
$IMU,26876.143,-0.427,-0.183,-0.122,0.01904,1.00195,0.15185,28.82
$IMU,26876.146,-0.366,0.000,-0.183,0.01953,1.00390,0.15283,28.82
$IMU,26876.148,-0.305,-0.061,-0.244,0.01708,1.00390,0.15039,28.82
$IMU,26876.151,-0.183,-0.122,-0.244,0.01904,1.00439,0.15234,28.82
$MAG,26876.151,-0.150,-0.519,-0.537,27.7
$IMU,26876.153,-0.122,-0.122,-0.244,0.01806,1.00878,0.15087,28.82
$IMU,26876.155,-0.061,0.000,-0.183,0.01513,1.00634,0.15087,28.82
$IMU,26876.158,0.061,-0.244,-0.183,0.01904,1.00537,0.15283,28.82
$IMU,26876.160,0.061,-0.122,-0.183,0.01708,1.00244,0.15283,28.82
$MAG,26876.161,-0.136,-0.516,-0.535,27.6
$IMU,26876.162,0.061,-0.183,-0.183,0.01660,1.00341,0.15087,28.82
$BARO,26876.165,86868.79,28.67
$IMU,26876.165,0.000,-0.122,-0.244,0.01757,1.00537,0.15136,28.82
$IMU,26876.167,0.000,0.000,-0.183,0.01757,1.00634,0.15087,28.82
$IMU,26876.169,0.000,-0.122,-0.244,0.01855,1.00195,0.15136,28.82
$MAG,26876.171,-0.139,-0.517,-0.532,27.6
$IMU,26876.172,0.000,-0.122,-0.122,0.01855,1.00634,0.15087,28.82
$IMU,26876.174,0.061,-0.183,-0.183,0.01855,1.00292,0.14746,28.82
$IMU,26876.176,-0.061,-0.061,-0.122,0.01611,1.00439,0.14794,28.82
$IMU,26876.179,-0.122,0.000,-0.122,0.01611,1.00097,0.14843,28.82
$MAG,26876.181,-0.147,-0.526,-0.526,27.8
$IMU,26876.181,-0.061,0.000,-0.183,0.01904,0.99804,0.14794,28.82
$IMU,26876.183,-0.122,-0.122,-0.183,0.01904,0.99902,0.14843,28.82
$IMU,26876.186,-0.183,-0.061,-0.183,0.01806,1.00195,0.15039,28.82
$IMU,26876.188,-0.366,-0.061,-0.122,0.01806,0.99902,0.14843,28.83
$IMU,26876.190,-0.427,-0.122,-0.061,0.01855,1.00244,0.14501,28.83
$MAG,26876.191,-0.148,-0.523,-0.535,27.6
$IMU,26876.193,-0.427,0.061,-0.122,0.01806,1.00439,0.14892,28.83
$IMU,26876.195,-0.366,-0.061,-0.122,0.01806,1.00244,0.15087,28.83
$IMU,26876.197,-0.305,-0.183,-0.183,0.01660,1.00390,0.14941,28.83
$IMU,26876.200,-0.366,-0.183,-0.183,0.01806,1.00585,0.14843,28.83
$IMU,26876.202,-0.305,-0.122,-0.244,0.02099,1.00244,0.15234,28.83
$MAG,26876.202,-0.141,-0.516,-0.538,27.6
$IMU,26876.204,-0.427,0.000,-0.183,0.01708,1.00292,0.14941,28.83
$IMU,26876.207,-0.366,-0.061,-0.122,0.01953,1.00048,0.15087,28.83
$IMU,26876.209,-0.305,-0.061,-0.061,0.02001,0.99951,0.14794,28.83
$MAG,26876.212,-0.150,-0.516,-0.532,27.6
$IMU,26876.212,-0.366,0.000,0.000,0.02001,1.00146,0.14990,28.83
$IMU,26876.214,-0.305,0.000,-0.122,0.02099,1.00146,0.15429,28.83
$IMU,26876.216,-0.305,-0.061,-0.183,0.02001,1.00292,0.15039,28.83
$IMU,26876.219,-0.183,-0.061,-0.244,0.01904,1.00048,0.14941,28.83
$IMU,26876.221,-0.122,-0.244,-0.244,0.01855,1.00292,0.15087,28.83
$MAG,26876.222,-0.142,-0.514,-0.531,27.6
$IMU,26876.223,-0.061,-0.305,-0.244,0.01757,1.00537,0.15087,28.83
$IMU,26876.226,0.000,-0.122,-0.183,0.01318,1.00341,0.15087,28.85
$IMU,26876.228,0.061,0.000,-0.122,0.01611,1.00146,0.14941,28.85
$IMU,26876.230,0.000,-0.122,-0.183,0.02050,1.00097,0.15087,28.85
$MAG,26876.232,-0.142,-0.525,-0.537,27.5
$IMU,26876.233,0.061,-0.061,-0.183,0.02099,1.00244,0.15185,28.85
$IMU,26876.235,0.000,0.122,-0.244,0.01806,1.00585,0.15087,28.85
$IMU,26876.237,-0.061,-0.183,-0.244,0.01855,1.00048,0.15087,28.85
$IMU,26876.240,-0.061,-0.061,-0.122,0.01660,1.00146,0.14794,28.85
$MAG,26876.242,-0.141,-0.523,-0.532,27.6
$IMU,26876.242,-0.061,0.000,-0.244,0.01953,1.00244,0.15136,28.85
$IMU,26876.244,0.000,-0.183,-0.183,0.02050,1.00244,0.15136,28.83
$IMU,26876.247,0.061,-0.183,-0.122,0.01757,1.00341,0.14990,28.83
$TIME,26876.249,510784.000,2399
$IMU,26876.249,-0.122,-0.061,-0.244,0.01611,1.00537,0.15087,28.83
$VBAT,26876.250,4.134
$IMU,26876.251,-0.183,0.000,-0.305,0.01953,1.00488,0.15136,28.83
$MAG,26876.252,-0.142,-0.525,-0.531,27.7
$IMU,26876.254,-0.183,-0.183,-0.183,0.01611,1.00341,0.15136,28.83
$IMU,26876.256,-0.244,-0.122,-0.122,0.01855,1.00390,0.15087,28.83
$IMU,26876.258,-0.427,0.000,-0.122,0.01757,1.00683,0.15332,28.83
$IMU,26876.261,-0.366,-0.061,-0.122,0.01611,1.00390,0.15283,28.83
$MAG,26876.262,-0.145,-0.517,-0.531,27.6
$IMU,26876.263,-0.305,-0.061,-0.122,0.01660,1.00341,0.15283,28.81
$IMU,26876.265,-0.244,-0.122,-0.244,0.01611,0.99951,0.15087,28.81
$BARO,26876.266,86865.50,28.68
$IMU,26876.268,-0.305,-0.061,-0.244,0.01708,1.00244,0.15136,28.81
$IMU,26876.270,-0.427,0.000,-0.244,0.01708,1.00244,0.15136,28.81
$MAG,26876.272,-0.147,-0.525,-0.538,27.7
$IMU,26876.273,-0.305,-0.061,-0.183,0.01855,1.00097,0.15087,28.81
$IMU,26876.275,-0.244,-0.183,-0.122,0.01513,1.00146,0.15283,28.81
$IMU,26876.277,-0.183,-0.244,-0.122,0.01708,1.00146,0.15039,28.81
$IMU,26876.280,-0.183,-0.183,-0.183,0.01611,1.00341,0.15185,28.81
$MAG,26876.282,-0.144,-0.522,-0.528,27.7
$IMU,26876.282,-0.183,-0.122,-0.244,0.01757,1.00000,0.15185,28.85
$IMU,26876.284,-0.244,-0.061,-0.244,0.01806,1.00097,0.15185,28.85
$IMU,26876.287,-0.244,0.000,-0.183,0.01611,1.00292,0.14990,28.85
$IMU,26876.289,-0.183,-0.061,-0.244,0.01464,1.00292,0.15332,28.85
$IMU,26876.291,-0.244,0.000,-0.244,0.01269,1.00439,0.15283,28.85
$MAG,26876.292,-0.142,-0.517,-0.534,27.6
$IMU,26876.294,-0.244,0.122,-0.244,0.01416,1.00634,0.15087,28.85
$IMU,26876.296,-0.183,-0.183,-0.183,0.01367,1.00097,0.15234,28.85
$IMU,26876.298,-0.244,-0.061,-0.244,0.01611,1.00390,0.15039,28.85
$IMU,26876.301,-0.183,0.000,-0.244,0.01269,1.00390,0.15039,28.82
$MAG,26876.302,-0.151,-0.526,-0.532,27.6
$IMU,26876.303,-0.244,-0.122,-0.183,0.01757,1.00244,0.15283,28.82
$IMU,26876.305,-0.183,-0.061,-0.183,0.01416,1.00146,0.15283,28.82
$IMU,26876.308,-0.122,-0.061,-0.183,0.01562,1.00244,0.15136,28.82
$IMU,26876.310,-0.122,-0.183,-0.061,0.01513,1.00341,0.14794,28.82
$IMU,26876.312,-0.122,-0.183,-0.183,0.01562,1.00195,0.14990,28.82
$MAG,26876.313,-0.145,-0.526,-0.526,27.6
$IMU,26876.315,-0.183,0.000,-0.061,0.01611,1.00292,0.14990,28.82
$IMU,26876.317,-0.183,-0.061,-0.183,0.01660,1.00000,0.15185,28.82
$IMU,26876.319,-0.183,-0.061,-0.183,0.01660,1.00146,0.15185,28.79
$IMU,26876.322,-0.122,-0.122,-0.183,0.01708,1.00195,0.14941,28.79
$MAG,26876.323,-0.141,-0.525,-0.523,27.7
$IMU,26876.324,-0.122,-0.061,-0.122,0.01416,1.00488,0.15039,28.79
$IMU,26876.327,-0.122,-0.061,0.000,0.01513,1.00292,0.14843,28.79
$IMU,26876.329,-0.122,0.000,0.000,0.01660,1.00585,0.14697,28.79
$IMU,26876.331,-0.061,-0.122,-0.061,0.01806,1.00390,0.14794,28.79
$MAG,26876.333,-0.145,-0.519,-0.535,27.7
$IMU,26876.334,0.061,-0.122,-0.183,0.01708,1.00341,0.15332,28.79
$IMU,26876.336,0.000,-0.061,-0.122,0.01757,1.00439,0.14892,28.79
$IMU,26876.338,-0.061,-0.122,-0.061,0.02099,1.00341,0.14648,28.82
$IMU,26876.341,-0.061,0.000,0.000,0.02001,1.00439,0.14892,28.82
$MAG,26876.343,-0.150,-0.519,-0.537,27.6
$IMU,26876.343,-0.061,0.000,0.000,0.02246,1.00585,0.14599,28.82
$IMU,26876.345,0.061,-0.122,0.000,0.02343,1.00292,0.14746,28.82
$IMU,26876.348,0.000,-0.122,-0.061,0.01953,1.00830,0.14990,28.82
$IMU,26876.350,0.000,-0.122,-0.061,0.02197,1.00341,0.14648,28.82
$IMU,26876.352,-0.122,-0.122,-0.183,0.01708,1.00683,0.14941,28.82
$MAG,26876.353,-0.138,-0.516,-0.523,27.7
$IMU,26876.355,-0.183,0.061,-0.183,0.01708,1.00341,0.14941,28.82
$IMU,26876.357,-0.183,-0.061,-0.122,0.02246,0.99951,0.14746,28.82
$IMU,26876.359,-0.305,-0.061,-0.061,0.02099,1.00390,0.14746,28.82
$IMU,26876.362,-0.305,-0.244,0.000,0.02001,1.00195,0.15039,28.82
$MAG,26876.363,-0.147,-0.517,-0.528,27.7
$IMU,26876.364,-0.366,-0.183,-0.122,0.01855,1.00146,0.14941,28.82
$IMU,26876.366,-0.488,0.122,-0.122,0.01904,1.00439,0.14794,28.82
$BARO,26876.368,86870.96,28.68
$IMU,26876.369,-0.488,-0.122,-0.244,0.02050,1.00390,0.15136,28.82
$IMU,26876.371,-0.427,-0.183,-0.183,0.02099,1.00341,0.14892,28.82
$MAG,26876.373,-0.145,-0.517,-0.528,27.6
$IMU,26876.373,-0.488,-0.061,-0.183,0.02392,0.99951,0.14990,28.82
$IMU,26876.376,-0.549,-0.061,-0.122,0.02099,0.99902,0.15087,28.81
$IMU,26876.378,-0.549,-0.061,-0.183,0.02246,1.00244,0.15039,28.81
$IMU,26876.380,-0.610,0.000,-0.183,0.02099,1.00439,0.15185,28.81
$MAG,26876.383,-0.141,-0.526,-0.537,27.7
$IMU,26876.383,-0.610,0.000,-0.244,0.02001,1.00488,0.15039,28.81
$IMU,26876.385,-0.488,-0.061,-0.305,0.01953,1.00292,0.15283,28.81
$IMU,26876.387,-0.488,0.000,-0.244,0.01757,1.00585,0.15283,28.81
$IMU,26876.390,-0.488,-0.061,-0.305,0.01513,1.00390,0.15136,28.81
$IMU,26876.392,-0.366,-0.122,-0.183,0.01904,1.00390,0.15185,28.81
$MAG,26876.393,-0.142,-0.525,-0.531,27.7
$IMU,26876.395,-0.427,0.000,-0.061,0.01953,1.00781,0.15185,28.83
$IMU,26876.397,-0.366,0.000,-0.122,0.02001,1.00537,0.15136,28.83
$IMU,26876.399,-0.305,-0.183,-0.244,0.01708,1.00341,0.15380,28.83
$IMU,26876.402,-0.244,-0.122,-0.305,0.01660,1.00830,0.15039,28.83
$MAG,26876.403,-0.139,-0.519,-0.532,27.6
$IMU,26876.404,-0.305,-0.061,-0.305,0.01513,1.00488,0.15185,28.83
$IMU,26876.406,-0.305,-0.061,-0.366,0.01416,1.00292,0.15283,28.83
$IMU,26876.409,-0.244,0.061,-0.244,0.01611,1.00195,0.15185,28.83
$IMU,26876.411,-0.244,0.000,-0.244,0.01757,1.00439,0.15039,28.83
$IMU,26876.413,-0.183,-0.244,-0.183,0.01660,1.00244,0.15380,28.83
$MAG,26876.414,-0.144,-0.526,-0.540,27.6
$IMU,26876.416,-0.244,-0.122,-0.122,0.01611,1.00341,0.15185,28.83
$IMU,26876.418,-0.305,-0.122,-0.183,0.01660,1.00097,0.15087,28.83
$IMU,26876.420,-0.305,-0.061,-0.244,0.01757,0.99902,0.14990,28.83
$IMU,26876.423,-0.305,-0.122,-0.183,0.01611,1.00097,0.15185,28.83
$MAG,26876.424,-0.145,-0.517,-0.522,27.7
$IMU,26876.425,-0.305,-0.183,-0.183,0.01757,1.00146,0.14941,28.83
$IMU,26876.427,-0.366,-0.061,-0.122,0.01660,0.99951,0.15332,28.83
$IMU,26876.430,-0.488,0.061,-0.122,0.01757,0.99902,0.15185,28.83
$IMU,26876.432,-0.488,0.122,-0.183,0.01806,1.00097,0.15087,28.80
$MAG,26876.434,-0.144,-0.520,-0.529,27.7
$IMU,26876.434,-0.488,-0.061,-0.183,0.01611,1.00048,0.15332,28.80
$IMU,26876.437,-0.427,-0.183,-0.244,0.01904,0.99951,0.15185,28.80
$IMU,26876.439,-0.305,-0.183,-0.183,0.01806,1.00000,0.15380,28.80
$IMU,26876.441,-0.366,0.000,-0.122,0.01953,1.00000,0.15087,28.80
$MAG,26876.444,-0.144,-0.523,-0.534,27.6
$IMU,26876.444,-0.244,-0.061,-0.122,0.01562,1.00244,0.15136,28.80
$IMU,26876.446,-0.183,-0.122,-0.122,0.01708,1.00244,0.15283,28.80
$IMU,26876.448,-0.061,-0.061,-0.122,0.01855,1.00146,0.15283,28.80
$IMU,26876.451,0.061,-0.183,-0.183,0.01757,1.00097,0.15136,28.79
$IMU,26876.453,0.122,-0.183,-0.122,0.01757,1.00537,0.15332,28.79
$MAG,26876.454,-0.142,-0.534,-0.534,27.7
$IMU,26876.455,0.183,-0.183,-0.183,0.01416,1.00341,0.15332,28.79
$IMU,26876.458,0.366,-0.244,-0.183,0.01953,1.00292,0.15136,28.79
$IMU,26876.460,0.427,-0.122,-0.122,0.01806,1.00585,0.15576,28.79
$IMU,26876.463,0.488,-0.122,-0.061,0.02050,1.00732,0.14990,28.79
$MAG,26876.464,-0.151,-0.526,-0.532,27.6
$IMU,26876.465,0.549,-0.305,-0.122,0.01611,1.00732,0.15087,28.79
$IMU,26876.467,0.549,-0.061,-0.122,0.01855,1.00585,0.14843,28.79
$BARO,26876.469,86869.08,28.68
$IMU,26876.470,0.488,-0.061,-0.183,0.02001,1.00390,0.14794,28.85
$IMU,26876.472,0.427,-0.122,-0.183,0.02148,1.00585,0.14697,28.85
$MAG,26876.474,-0.153,-0.516,-0.531,27.5
$IMU,26876.474,0.366,0.000,-0.122,0.02050,1.00439,0.14843,28.85
$IMU,26876.477,0.305,-0.122,-0.122,0.01708,1.00146,0.14843,28.85
$IMU,26876.479,0.244,-0.061,-0.122,0.01562,1.00634,0.14697,28.85
$IMU,26876.481,0.183,0.000,-0.122,0.01660,1.00537,0.14550,28.85
$MAG,26876.484,-0.141,-0.520,-0.537,27.7
$IMU,26876.484,-0.061,0.061,-0.183,0.02050,1.00146,0.14599,28.85
$IMU,26876.486,-0.183,-0.122,-0.244,0.01904,1.00195,0.14697,28.85
$IMU,26876.488,-0.244,-0.122,-0.183,0.01806,1.00439,0.14501,28.80
$IMU,26876.491,-0.305,-0.183,-0.183,0.02099,1.00244,0.14550,28.80
$IMU,26876.493,-0.610,-0.061,-0.122,0.02099,1.00097,0.14648,28.80
$MAG,26876.494,-0.142,-0.514,-0.535,27.6
$IMU,26876.495,-0.671,-0.122,-0.061,0.02001,0.99902,0.14550,28.80
$IMU,26876.498,-0.732,0.000,-0.183,0.02148,0.99804,0.14794,28.80
$IMU,26876.500,-0.854,-0.122,-0.244,0.02246,1.00097,0.14648,28.80
$IMU,26876.502,-0.854,-0.183,-0.183,0.02099,1.00244,0.14794,28.80
$MAG,26876.504,-0.148,-0.516,-0.526,27.8
$IMU,26876.505,-0.915,-0.122,-0.183,0.01904,1.00195,0.14794,28.80
$IMU,26876.507,-1.037,0.000,-0.244,0.01660,0.99902,0.15478,28.84
$IMU,26876.509,-1.098,0.000,-0.183,0.01611,0.99902,0.15283,28.84
$IMU,26876.512,-0.854,-0.183,-0.244,0.01806,1.00097,0.15332,28.84
$MAG,26876.514,-0.141,-0.510,-0.534,27.6
$IMU,26876.514,-0.793,-0.122,-0.122,0.01904,1.00244,0.15283,28.84
$IMU,26876.516,-0.671,-0.061,-0.183,0.01953,1.00341,0.15332,28.84
$IMU,26876.519,-0.671,-0.122,-0.244,0.02001,1.00244,0.15527,28.84
$IMU,26876.521,-0.488,-0.061,-0.305,0.02099,1.00585,0.15478,28.84
$MAG,26876.524,-0.148,-0.525,-0.526,27.6
$IMU,26876.524,-0.427,0.000,-0.305,0.01660,1.00683,0.15576,28.84
$IMU,26876.526,-0.183,-0.183,-0.244,0.01464,1.00537,0.15332,28.83
$IMU,26876.528,-0.061,-0.183,-0.183,0.01855,1.00537,0.15429,28.83
$IMU,26876.531,0.000,0.000,-0.122,0.01416,1.00488,0.15332,28.83
$IMU,26876.533,0.183,-0.061,-0.122,0.01806,1.00439,0.15283,28.83
$MAG,26876.535,-0.148,-0.526,-0.525,27.7
$IMU,26876.535,0.244,-0.061,-0.183,0.01855,1.00292,0.15185,28.83
$IMU,26876.538,0.366,-0.061,-0.244,0.01562,1.00585,0.15283,28.83
$IMU,26876.540,0.366,-0.122,-0.244,0.01416,1.00585,0.15185,28.83
$IMU,26876.542,0.427,-0.244,-0.183,0.01660,1.00634,0.14990,28.83
$MAG,26876.545,-0.139,-0.523,-0.528,27.6
$IMU,26876.545,0.366,0.061,-0.122,0.01562,1.00488,0.15136,28.81
$IMU,26876.547,0.427,-0.122,-0.061,0.01611,1.00195,0.15283,28.81
$IMU,26876.549,0.427,-0.122,-0.122,0.01611,0.99853,0.15136,28.81
$IMU,26876.552,0.244,-0.061,-0.122,0.01757,1.00439,0.15136,28.81
$IMU,26876.554,0.244,-0.122,-0.183,0.01611,1.00390,0.14990,28.81
$MAG,26876.555,-0.150,-0.522,-0.534,27.7
$IMU,26876.556,0.061,-0.061,-0.183,0.01611,1.00341,0.15234,28.81
$IMU,26876.559,-0.061,0.000,-0.183,0.01806,1.00244,0.15087,28.81
$IMU,26876.561,-0.122,-0.061,-0.122,0.01953,1.00048,0.14941,28.81
$IMU,26876.563,-0.183,-0.122,-0.122,0.01904,1.00390,0.14843,28.83
$MAG,26876.565,-0.144,-0.519,-0.535,27.6
$IMU,26876.566,-0.244,-0.183,-0.061,0.01708,1.00585,0.14794,28.83
$IMU,26876.568,-0.305,-0.244,-0.061,0.01513,1.00439,0.14599,28.83
$IMU,26876.570,-0.488,0.000,-0.183,0.01855,1.00146,0.14697,28.83
$BARO,26876.571,86874.79,28.67
$IMU,26876.573,-0.610,-0.061,-0.183,0.01953,1.00341,0.14941,28.83
$MAG,26876.575,-0.136,-0.519,-0.528,27.6
$IMU,26876.575,-0.671,-0.061,-0.122,0.01220,1.00341,0.15039,28.83
$IMU,26876.577,-0.610,0.000,-0.122,0.01757,1.00341,0.14990,28.83
$IMU,26876.580,-0.610,-0.122,0.000,0.01660,1.00292,0.15136,28.83
$IMU,26876.582,-0.610,-0.122,-0.061,0.01953,1.00585,0.14990,28.87
$MAG,26876.585,-0.138,-0.522,-0.534,27.8
$IMU,26876.585,-0.610,0.061,-0.122,0.01806,1.00244,0.15039,28.87
$IMU,26876.587,-0.549,0.061,-0.183,0.01708,1.00537,0.15136,28.87
$IMU,26876.589,-0.427,-0.061,-0.122,0.01953,1.00195,0.15136,28.87
$IMU,26876.592,-0.244,-0.183,-0.183,0.01611,1.00097,0.15234,28.87
$IMU,26876.594,-0.122,-0.122,-0.122,0.01757,1.00439,0.15185,28.87
$MAG,26876.595,-0.142,-0.519,-0.535,27.6
$IMU,26876.596,-0.183,0.000,-0.183,0.01855,1.00390,0.15136,28.87
$IMU,26876.599,-0.061,-0.183,-0.244,0.02050,1.00585,0.15234,28.87
$IMU,26876.601,0.061,-0.061,-0.244,0.01708,1.00390,0.15185,28.82
$IMU,26876.603,0.122,-0.183,-0.244,0.01611,1.00244,0.15087,28.82
$MAG,26876.605,-0.153,-0.519,-0.529,27.6
$IMU,26876.606,0.122,-0.122,-0.244,0.02050,1.00732,0.14843,28.82
$IMU,26876.608,0.122,-0.122,-0.244,0.01660,1.00537,0.15136,28.82
$IMU,26876.610,0.183,-0.183,-0.244,0.01562,1.00537,0.15185,28.82
$IMU,26876.613,0.122,-0.122,-0.244,0.01757,1.00244,0.15283,28.82
$MAG,26876.615,-0.145,-0.516,-0.528,27.6
$IMU,26876.615,0.122,-0.183,-0.183,0.01904,1.00439,0.14941,28.82
$IMU,26876.617,0.061,-0.061,-0.183,0.01953,1.00390,0.14746,28.82
$IMU,26876.620,0.061,-0.061,-0.244,0.01806,1.00439,0.14990,28.84
$IMU,26876.622,-0.061,-0.122,-0.244,0.02001,1.00000,0.14697,28.84
$IMU,26876.624,-0.183,0.000,-0.244,0.01757,1.00097,0.14306,28.84
$MAG,26876.625,-0.153,-0.519,-0.528,27.6
$IMU,26876.627,-0.183,-0.061,-0.244,0.01855,1.00439,0.14843,28.84
$IMU,26876.629,-0.305,-0.183,-0.183,0.01611,0.99902,0.14843,28.84
$IMU,26876.631,-0.366,-0.061,-0.183,0.01513,1.00146,0.14892,28.84
$IMU,26876.634,-0.427,-0.061,-0.122,0.01855,1.00439,0.15087,28.84
$MAG,26876.635,-0.145,-0.516,-0.531,27.6
$IMU,26876.636,-0.549,-0.061,-0.122,0.01855,1.00537,0.15087,28.84
$IMU,26876.638,-0.610,-0.122,-0.244,0.02099,1.00390,0.15039,28.84
$IMU,26876.641,-0.610,0.000,-0.244,0.01660,1.00390,0.15039,28.84
$IMU,26876.643,-0.549,-0.183,-0.183,0.01416,1.00390,0.15185,28.84
$MAG,26876.646,-0.145,-0.523,-0.534,27.7
$IMU,26876.646,-0.671,-0.183,-0.183,0.01708,1.00683,0.14941,28.84
$IMU,26876.648,-0.732,0.061,-0.122,0.01806,1.00537,0.15039,28.84
$IMU,26876.650,-0.732,-0.061,-0.061,0.01318,1.00585,0.15087,28.84
$IMU,26876.653,-0.610,0.000,-0.122,0.01757,1.00488,0.15332,28.84
$IMU,26876.655,-0.488,0.000,-0.122,0.02197,1.00195,0.15087,28.84
$MAG,26876.656,-0.148,-0.522,-0.540,27.7
$IMU,26876.657,-0.366,-0.061,-0.061,0.01953,1.00488,0.15136,28.83
$IMU,26876.660,-0.244,-0.305,-0.183,0.01904,1.00781,0.15136,28.83
$IMU,26876.662,-0.244,-0.061,-0.122,0.02148,1.00732,0.15234,28.83
$IMU,26876.664,-0.122,-0.244,-0.122,0.01855,1.00878,0.15332,28.83
$MAG,26876.666,-0.139,-0.522,-0.534,27.7
$IMU,26876.667,-0.061,-0.183,-0.183,0.02001,1.00292,0.15234,28.83
$IMU,26876.669,0.000,-0.244,-0.122,0.01757,1.00634,0.14990,28.83
$IMU,26876.671,0.122,-0.183,-0.183,0.02050,1.00439,0.14990,28.83
$BARO,26876.672,86864.31,28.68
$IMU,26876.674,0.183,-0.244,-0.244,0.01757,1.00292,0.15234,28.83
$MAG,26876.676,-0.141,-0.517,-0.540,27.7
$IMU,26876.676,0.183,-0.061,-0.183,0.01611,1.00439,0.15087,28.85
$IMU,26876.678,0.183,-0.061,-0.183,0.01855,1.00439,0.14843,28.85
$IMU,26876.681,0.244,-0.244,-0.183,0.02050,1.00097,0.15136,28.85
$IMU,26876.683,0.183,-0.122,-0.183,0.01806,1.00292,0.15283,28.85
$IMU,26876.685,0.061,0.061,-0.122,0.02148,1.00195,0.15136,28.85
$MAG,26876.686,-0.142,-0.526,-0.531,27.7
$IMU,26876.688,0.000,-0.061,-0.122,0.01806,1.00195,0.14843,28.85
$IMU,26876.690,0.000,-0.183,-0.183,0.01855,1.00439,0.15039,28.85
$IMU,26876.692,-0.122,-0.061,-0.183,0.01806,1.00537,0.15234,28.85
$IMU,26876.695,-0.122,-0.183,-0.183,0.01708,1.00341,0.14843,28.80
$MAG,26876.696,-0.142,-0.513,-0.525,27.7
$IMU,26876.697,-0.122,-0.122,-0.122,0.01611,1.00390,0.14697,28.80
$IMU,26876.699,-0.244,-0.061,-0.122,0.01708,1.00195,0.14794,28.80
$IMU,26876.702,-0.488,-0.061,-0.122,0.01757,1.00488,0.14892,28.80
$IMU,26876.704,-0.549,0.061,-0.183,0.01611,1.00341,0.14892,28.80
$MAG,26876.706,-0.138,-0.519,-0.531,27.6
$IMU,26876.707,-0.610,0.000,-0.183,0.01953,1.00683,0.15283,28.80
$IMU,26876.709,-0.549,-0.122,-0.122,0.01806,1.00390,0.14990,28.80
$IMU,26876.711,-0.610,-0.061,-0.244,0.01806,1.00488,0.15087,28.80
$IMU,26876.714,-0.671,0.000,-0.122,0.01806,1.00195,0.15087,28.86
$MAG,26876.716,-0.139,-0.514,-0.519,27.7
$IMU,26876.716,-0.610,-0.061,-0.122,0.01708,1.00195,0.15039,28.86
$IMU,26876.718,-0.610,-0.122,-0.061,0.01757,1.00585,0.14990,28.86
$IMU,26876.721,-0.488,-0.183,-0.061,0.01953,1.00390,0.15429,28.86
$IMU,26876.723,-0.427,-0.183,-0.061,0.01855,1.00195,0.15283,28.86
$IMU,26876.725,-0.427,-0.061,-0.183,0.02001,1.00341,0.14941,28.86
$MAG,26876.726,-0.142,-0.523,-0.532,27.6
$IMU,26876.728,-0.366,0.000,-0.244,0.02001,1.00488,0.15185,28.86
$IMU,26876.730,-0.244,-0.122,-0.244,0.01904,1.00439,0.15429,28.86
$IMU,26876.732,-0.183,-0.183,-0.244,0.01757,1.00585,0.14990,28.81
$IMU,26876.735,-0.183,-0.061,-0.244,0.01513,1.00146,0.15234,28.81
$MAG,26876.736,-0.141,-0.520,-0.534,27.6
$IMU,26876.737,-0.122,-0.061,-0.183,0.01562,1.00244,0.15136,28.81
$HUM,26876.738,34.5,29.1
$IMU,26876.739,-0.061,-0.122,-0.244,0.01757,1.00097,0.14941,28.81
$IMU,26876.742,0.000,0.000,-0.183,0.02001,1.00097,0.15332,28.81
$IMU,26876.744,0.061,-0.244,-0.183,0.01904,1.00195,0.15283,28.81
$IMU,26876.746,0.061,-0.122,-0.183,0.01904,1.00097,0.14941,28.81
$MAG,26876.747,-0.148,-0.523,-0.526,27.6
$IMU,26876.749,0.061,0.000,-0.183,0.02148,1.00000,0.15185,28.81
$IMU,26876.751,0.122,-0.122,-0.183,0.02197,1.00244,0.14990,28.82
$IMU,26876.753,0.183,-0.183,-0.183,0.02099,1.00292,0.15039,28.82
$IMU,26876.756,0.244,-0.183,-0.244,0.01855,1.00488,0.14990,28.82
$MAG,26876.757,-0.151,-0.522,-0.535,27.6
$IMU,26876.758,0.061,0.000,-0.244,0.01806,1.00244,0.15185,28.82
$IMU,26876.760,0.061,0.000,-0.183,0.01904,1.00292,0.14941,28.82
$IMU,26876.763,-0.061,-0.061,-0.183,0.01562,1.00488,0.15185,28.82
$IMU,26876.765,-0.122,-0.061,-0.244,0.01708,1.00195,0.14941,28.82
$MAG,26876.767,-0.147,-0.529,-0.531,27.7
$IMU,26876.768,-0.183,-0.122,-0.244,0.01660,1.00244,0.14892,28.82
$IMU,26876.770,-0.183,-0.122,-0.183,0.01708,1.00585,0.15087,28.87
$IMU,26876.772,-0.305,-0.061,-0.122,0.01855,1.00292,0.15087,28.87
$BARO,26876.774,86868.08,28.68
$IMU,26876.775,-0.366,0.000,-0.122,0.01953,1.00634,0.14892,28.87
$MAG,26876.777,-0.141,-0.516,-0.528,27.7
$IMU,26876.777,-0.366,-0.122,-0.183,0.02001,1.00634,0.14892,28.87
$IMU,26876.779,-0.427,-0.122,-0.183,0.01660,1.00537,0.15039,28.87
$IMU,26876.782,-0.488,-0.122,-0.244,0.01904,1.00732,0.14941,28.87
$IMU,26876.784,-0.427,-0.183,-0.122,0.01708,1.00244,0.15039,28.87
$IMU,26876.786,-0.549,0.000,-0.061,0.01757,1.00146,0.15136,28.87
$MAG,26876.787,-0.147,-0.520,-0.520,27.6
$IMU,26876.789,-0.610,-0.061,-0.122,0.01708,1.00097,0.14892,28.83
$IMU,26876.791,-0.549,-0.122,-0.183,0.01904,1.00146,0.15380,28.83
$IMU,26876.793,-0.549,-0.122,-0.244,0.01806,1.00097,0.15283,28.83
$IMU,26876.796,-0.549,-0.122,-0.183,0.01904,1.00000,0.14941,28.83
$MAG,26876.797,-0.148,-0.510,-0.540,27.3
$IMU,26876.798,-0.427,-0.183,-0.183,0.01708,1.00146,0.14843,28.83
$IMU,26876.800,-0.427,0.000,-0.122,0.01611,1.00292,0.14990,28.83
$IMU,26876.803,-0.366,-0.122,-0.122,0.01757,1.00244,0.15039,28.83
$IMU,26876.805,-0.305,0.000,-0.122,0.02148,1.00195,0.14941,28.83
$MAG,26876.807,-0.144,-0.516,-0.534,27.7
$IMU,26876.807,-0.122,-0.122,-0.122,0.01806,1.00341,0.15087,28.80
$IMU,26876.810,-0.122,-0.183,-0.244,0.01953,1.00488,0.15039,28.80
$IMU,26876.812,-0.183,-0.122,-0.244,0.02099,1.00341,0.15136,28.80
$IMU,26876.814,-0.061,0.000,-0.183,0.01611,1.00683,0.14746,28.80
$MAG,26876.817,-0.147,-0.528,-0.532,27.7
$IMU,26876.817,-0.061,-0.061,-0.244,0.01562,1.00244,0.14941,28.80
$IMU,26876.819,0.061,-0.122,-0.244,0.01513,1.00146,0.15039,28.80
$IMU,26876.821,0.122,-0.244,-0.244,0.01611,1.00439,0.15185,28.80
$IMU,26876.824,0.122,-0.122,-0.183,0.01806,1.00683,0.15185,28.80
$IMU,26876.826,0.061,-0.061,-0.183,0.02050,1.00537,0.14794,28.83
$MAG,26876.827,-0.138,-0.519,-0.519,27.7
$IMU,26876.829,-0.061,0.122,-0.183,0.01757,1.00195,0.14843,28.83
$IMU,26876.831,0.122,-0.183,-0.122,0.02050,1.00390,0.14697,28.83
$IMU,26876.833,0.122,-0.244,-0.122,0.02001,1.00537,0.14843,28.83
$IMU,26876.836,0.000,-0.122,-0.122,0.01757,1.00439,0.14892,28.83
$MAG,26876.837,-0.142,-0.528,-0.523,27.6
$IMU,26876.838,-0.061,-0.183,-0.122,0.01855,1.00341,0.14843,28.83
$IMU,26876.840,-0.244,0.000,-0.183,0.01708,1.00488,0.14941,28.83
$IMU,26876.843,-0.244,-0.061,-0.122,0.01660,1.00683,0.14892,28.83
$IMU,26876.845,-0.244,-0.244,-0.122,0.01953,1.00244,0.14794,28.82
$MAG,26876.847,-0.148,-0.526,-0.534,27.7
$IMU,26876.847,-0.427,-0.122,-0.122,0.01660,1.00439,0.14843,28.82
$IMU,26876.850,-0.488,-0.061,-0.061,0.01611,1.00341,0.14990,28.82
$IMU,26876.852,-0.610,0.000,-0.061,0.01855,1.00146,0.14990,28.82
$IMU,26876.854,-0.549,-0.061,0.000,0.01806,1.00341,0.14990,28.82
$IMU,26876.857,-0.549,0.000,-0.061,0.01806,1.00146,0.15039,28.82
$MAG,26876.858,-0.132,-0.523,-0.532,27.7
$IMU,26876.859,-0.549,-0.122,-0.183,0.01855,1.00341,0.15087,28.82
$IMU,26876.861,-0.549,-0.183,-0.244,0.01953,1.00195,0.14941,28.82
$IMU,26876.864,-0.488,0.000,-0.183,0.01953,1.00195,0.14990,28.84
$IMU,26876.866,-0.427,-0.061,-0.183,0.01806,1.00390,0.14990,28.84
$MAG,26876.868,-0.139,-0.526,-0.531,27.6
$IMU,26876.868,-0.366,-0.183,-0.122,0.01708,1.00439,0.15087,28.84
$IMU,26876.871,-0.305,-0.122,-0.061,0.01611,1.00244,0.15380,28.84
$IMU,26876.873,-0.244,-0.122,-0.244,0.01660,1.00146,0.14843,28.84
$BARO,26876.875,86870.89,28.68
$IMU,26876.875,-0.244,-0.122,-0.244,0.01464,1.00146,0.14794,28.84
$MAG,26876.878,-0.147,-0.520,-0.531,27.6
$IMU,26876.878,-0.122,-0.183,-0.244,0.01855,1.00244,0.14990,28.84
$IMU,26876.880,-0.122,0.061,-0.244,0.02294,1.00781,0.14990,28.84
$IMU,26876.882,0.000,-0.183,-0.244,0.01660,1.00488,0.15332,28.86
$IMU,26876.885,0.061,-0.244,-0.122,0.01660,1.00292,0.15136,28.86
$IMU,26876.887,0.000,0.000,-0.183,0.01855,1.00683,0.15234,28.86
$MAG,26876.888,-0.144,-0.528,-0.532,27.6
$IMU,26876.889,0.061,-0.061,-0.183,0.01953,1.00097,0.15234,28.86
$IMU,26876.892,0.061,0.000,-0.183,0.01904,1.00439,0.14746,28.86
$IMU,26876.894,0.183,-0.122,-0.183,0.02148,1.00390,0.14990,28.86
$IMU,26876.897,0.122,-0.061,-0.244,0.01904,1.00537,0.15087,28.86
$IMU,26876.899,0.000,-0.061,-0.244,0.01757,1.00439,0.14843,28.86
$MAG,26876.898,-0.141,-0.522,-0.532,27.6
$IMU,26876.901,-0.122,0.000,-0.183,0.01660,1.00537,0.15039,28.81
$IMU,26876.904,-0.183,0.122,-0.183,0.01904,1.00292,0.14794,28.81
$IMU,26876.906,-0.122,-0.244,-0.183,0.01708,1.00097,0.14941,28.81
$MAG,26876.908,-0.147,-0.519,-0.535,27.7
$IMU,26876.908,-0.183,-0.122,-0.122,0.01904,1.00537,0.14746,28.81
$IMU,26876.911,-0.244,-0.061,-0.122,0.02099,1.00585,0.14794,28.81
$IMU,26876.913,-0.366,0.000,-0.183,0.01855,1.00488,0.14941,28.81
$IMU,26876.915,-0.427,-0.061,-0.122,0.01757,1.00292,0.14746,28.81
$MAG,26876.918,-0.145,-0.523,-0.529,27.7
$IMU,26876.918,-0.366,-0.122,-0.122,0.01660,1.00244,0.14648,28.81
$IMU,26876.920,-0.488,-0.061,-0.183,0.01660,1.00585,0.14990,28.81
$IMU,26876.922,-0.488,-0.183,-0.183,0.01806,1.00537,0.14941,28.81
$IMU,26876.925,-0.427,-0.122,-0.183,0.01708,1.00537,0.15039,28.81
$IMU,26876.927,-0.427,-0.061,-0.183,0.01904,1.00244,0.15087,28.81
$MAG,26876.928,-0.145,-0.520,-0.531,27.6
$IMU,26876.929,-0.488,-0.122,-0.183,0.01220,1.00048,0.15283,28.81
$IMU,26876.932,-0.488,-0.061,-0.122,0.01757,1.00146,0.15087,28.81
$IMU,26876.934,-0.427,-0.183,-0.122,0.01708,0.99853,0.15136,28.81
$IMU,26876.936,-0.427,-0.122,-0.122,0.01806,1.00341,0.15185,28.81
$MAG,26876.938,-0.144,-0.522,-0.531,27.6
$IMU,26876.939,-0.427,-0.122,-0.122,0.01953,1.00488,0.15136,28.87
$IMU,26876.941,-0.366,-0.061,-0.183,0.01953,1.00439,0.14990,28.87
$IMU,26876.943,-0.244,-0.122,-0.183,0.01904,1.00439,0.15087,28.87
$IMU,26876.946,-0.305,-0.122,-0.183,0.01855,1.00732,0.15283,28.87
$MAG,26876.948,-0.151,-0.526,-0.534,27.7
$IMU,26876.948,-0.183,-0.122,-0.183,0.01367,1.00146,0.15185,28.87
$IMU,26876.950,-0.183,-0.061,-0.183,0.01806,1.00097,0.14990,28.87
$IMU,26876.953,-0.122,-0.122,-0.244,0.01757,0.99951,0.15185,28.87
$IMU,26876.955,-0.122,-0.061,-0.183,0.01855,1.00488,0.15039,28.87
$IMU,26876.958,0.000,-0.122,-0.122,0.01855,1.00292,0.15087,28.80
$MAG,26876.959,-0.142,-0.522,-0.529,27.6
$IMU,26876.960,0.061,-0.183,-0.244,0.01806,1.00195,0.14990,28.80
$IMU,26876.962,0.183,-0.305,-0.305,0.02099,1.00048,0.15185,28.80
$IMU,26876.965,0.000,-0.061,-0.244,0.01953,1.00537,0.15087,28.80
$IMU,26876.967,-0.061,0.000,-0.244,0.01562,1.00341,0.15087,28.80
$MAG,26876.969,-0.141,-0.513,-0.537,27.6
$IMU,26876.969,-0.061,-0.061,-0.122,0.01855,1.00683,0.14941,28.80
$IMU,26876.972,0.000,-0.122,-0.183,0.02001,1.00390,0.14941,28.80
$IMU,26876.974,-0.122,0.000,-0.183,0.02099,1.00439,0.14990,28.80
$IMU,26876.976,-0.122,-0.122,-0.122,0.01708,1.00634,0.14794,28.83
$BARO,26876.977,86865.26,28.69
$MAG,26876.979,-0.145,-0.514,-0.534,27.7
$IMU,26876.979,-0.183,-0.061,-0.122,0.01904,1.00292,0.14794,28.83
$IMU,26876.981,-0.244,0.000,-0.122,0.01806,1.00390,0.15234,28.83
$IMU,26876.983,-0.244,-0.122,-0.122,0.01367,1.00585,0.14843,28.83
$IMU,26876.986,-0.305,0.000,-0.183,0.01806,1.00537,0.14794,28.83
$IMU,26876.988,-0.305,-0.122,-0.122,0.02099,1.00634,0.14843,28.83
$MAG,26876.989,-0.142,-0.519,-0.525,27.6
$IMU,26876.990,-0.305,-0.122,-0.244,0.02197,1.00585,0.14941,28.83
$IMU,26876.993,-0.488,0.061,-0.183,0.01611,1.00634,0.14843,28.83
$IMU,26876.995,-0.427,-0.122,-0.183,0.01708,1.00488,0.15039,28.80
$IMU,26876.997,-0.305,-0.122,-0.183,0.01513,1.00537,0.15136,28.80
$MAG,26876.999,-0.133,-0.525,-0.526,27.6
$IMU,26877.000,-0.366,-0.061,-0.183,0.01708,1.00292,0.14941,28.80
$IMU,26877.002,-0.366,-0.122,-0.122,0.02001,1.00146,0.15087,28.80
$IMU,26877.004,-0.427,0.061,-0.122,0.01904,1.00244,0.15039,28.80
$IMU,26877.007,-0.427,0.000,-0.122,0.01708,1.00390,0.15039,28.80
$MAG,26877.009,-0.145,-0.519,-0.528,27.7
$IMU,26877.009,-0.488,0.061,-0.183,0.01806,1.00683,0.15087,28.80
$IMU,26877.011,-0.366,-0.061,-0.183,0.02001,1.00537,0.15039,28.80
$IMU,26877.014,-0.305,-0.122,-0.183,0.01660,1.00341,0.15185,28.83
$IMU,26877.016,-0.305,-0.122,-0.244,0.01708,1.00341,0.15185,28.83
$MAG,26877.019,-0.153,-0.522,-0.529,27.6
$IMU,26877.019,-0.244,-0.183,-0.183,0.01806,1.00048,0.15136,28.83
$IMU,26877.021,-0.244,0.000,-0.122,0.01611,1.00146,0.15136,28.83
$IMU,26877.023,-0.122,-0.122,-0.122,0.01611,1.00390,0.14892,28.83
$IMU,26877.026,-0.061,-0.244,-0.122,0.01660,1.00488,0.15039,28.83
$IMU,26877.028,-0.061,-0.122,-0.183,0.02050,1.00390,0.14990,28.83
$MAG,26877.029,-0.142,-0.526,-0.535,27.6
$IMU,26877.030,-0.122,-0.183,-0.183,0.01708,1.00195,0.15087,28.83
$IMU,26877.033,-0.122,-0.061,-0.183,0.02050,1.00292,0.15185,28.80
$IMU,26877.035,-0.122,-0.061,-0.244,0.01611,1.00341,0.15136,28.80
$IMU,26877.037,-0.122,-0.244,-0.244,0.01367,1.00341,0.14941,28.80
$MAG,26877.039,-0.142,-0.519,-0.531,27.6
$IMU,26877.040,-0.122,-0.183,-0.183,0.01757,1.00292,0.14794,28.80
$IMU,26877.042,-0.122,-0.061,-0.183,0.01611,1.00585,0.14794,28.80
$IMU,26877.044,-0.244,-0.061,-0.244,0.01611,1.00585,0.15039,28.80
$IMU,26877.047,-0.305,0.000,-0.183,0.01855,1.00146,0.15234,28.80
$MAG,26877.049,-0.145,-0.516,-0.532,27.7
$IMU,26877.049,-0.366,-0.061,-0.244,0.01855,1.00244,0.14941,28.80
$IMU,26877.051,-0.305,-0.122,-0.183,0.01904,1.00488,0.14794,28.85
$IMU,26877.054,-0.305,-0.122,-0.244,0.01953,1.00341,0.14892,28.85
$IMU,26877.056,-0.366,-0.122,-0.183,0.01904,1.00195,0.14941,28.85
$IMU,26877.058,-0.427,0.000,-0.122,0.02050,1.00488,0.15039,28.85
$MAG,26877.059,-0.139,-0.520,-0.529,27.6
$IMU,26877.061,-0.488,0.061,-0.183,0.02001,1.00195,0.14843,28.85
$IMU,26877.063,-0.488,0.000,-0.183,0.01660,1.00634,0.15136,28.85
$IMU,26877.065,-0.305,-0.305,-0.183,0.01953,1.00292,0.14843,28.85
$IMU,26877.068,-0.305,-0.122,-0.183,0.01806,1.00292,0.15087,28.85
$MAG,26877.070,-0.145,-0.520,-0.525,27.7
$IMU,26877.070,-0.366,0.000,-0.122,0.01904,1.00244,0.14990,28.83
$IMU,26877.072,-0.427,0.061,-0.122,0.01806,1.00585,0.15332,28.83
$IMU,26877.075,-0.244,-0.122,-0.122,0.02001,1.00292,0.15087,28.83
$IMU,26877.077,-0.122,-0.183,-0.122,0.01660,1.00585,0.14794,28.83
$BARO,26877.078,86864.99,28.69
$MAG,26877.080,-0.153,-0.520,-0.531,27.7
$IMU,26877.080,-0.183,-0.122,-0.183,0.01660,1.00341,0.14843,28.83
$IMU,26877.082,-0.244,-0.061,-0.244,0.01757,1.00341,0.15283,28.83
$IMU,26877.084,-0.183,-0.061,-0.183,0.01562,1.00097,0.15136,28.83
$IMU,26877.087,-0.122,-0.122,-0.122,0.01904,1.00732,0.15087,28.83
$IMU,26877.089,-0.122,-0.183,-0.122,0.01855,1.00146,0.15087,28.87
$MAG,26877.090,-0.150,-0.513,-0.532,27.6
$IMU,26877.091,-0.122,-0.122,-0.061,0.01660,1.00683,0.15039,28.87
$IMU,26877.094,-0.061,-0.061,-0.183,0.01953,1.00292,0.15039,28.87
$IMU,26877.096,-0.122,0.000,-0.183,0.01855,1.00585,0.14648,28.87
$IMU,26877.098,-0.122,-0.122,-0.122,0.01708,1.00292,0.14794,28.87
$MAG,26877.100,-0.142,-0.525,-0.529,27.6
$IMU,26877.101,-0.061,-0.183,-0.122,0.01855,1.00439,0.15283,28.87
$IMU,26877.103,-0.122,-0.183,-0.183,0.01806,1.00244,0.14990,28.87
$IMU,26877.105,-0.122,-0.122,-0.122,0.01953,1.00341,0.14990,28.87
$IMU,26877.108,-0.122,-0.061,-0.122,0.01611,1.00292,0.15087,28.81
$IMU,26877.110,-0.183,-0.061,-0.122,0.01953,1.00488,0.14941,28.81
$MAG,26877.110,-0.144,-0.520,-0.535,27.6
$IMU,26877.112,-0.183,-0.183,-0.122,0.02001,0.99902,0.14843,28.81
$IMU,26877.115,-0.244,-0.122,-0.183,0.01904,1.00390,0.14794,28.81
$IMU,26877.117,-0.244,-0.122,-0.244,0.02001,1.00292,0.14697,28.81
$IMU,26877.119,-0.244,0.000,-0.244,0.01855,1.00244,0.14550,28.81
$MAG,26877.120,-0.145,-0.520,-0.537,27.6
$IMU,26877.122,-0.305,-0.183,-0.183,0.01367,1.00244,0.14794,28.81
$IMU,26877.124,-0.305,-0.122,-0.122,0.01660,1.00683,0.14843,28.81
$IMU,26877.126,-0.366,-0.061,-0.183,0.01708,1.00537,0.15039,28.82
$IMU,26877.129,-0.305,-0.183,-0.122,0.01855,1.00439,0.14843,28.82
$MAG,26877.130,-0.144,-0.520,-0.534,27.6
$IMU,26877.131,-0.366,-0.122,-0.122,0.02001,1.00292,0.15136,28.82
$IMU,26877.133,-0.427,0.061,-0.183,0.01855,1.00292,0.14941,28.82
$IMU,26877.136,-0.427,-0.122,-0.122,0.01757,1.00488,0.14941,28.82
$IMU,26877.138,-0.488,-0.061,-0.183,0.02050,1.00292,0.14892,28.82
$MAG,26877.140,-0.150,-0.516,-0.541,27.6
$IMU,26877.141,-0.366,-0.244,-0.183,0.01855,1.00585,0.14843,28.82
$IMU,26877.143,-0.366,-0.122,-0.183,0.01513,1.00488,0.15087,28.82
$IMU,26877.145,-0.366,0.000,-0.122,0.01953,1.00585,0.15039,28.83
$IMU,26877.148,-0.305,-0.122,-0.122,0.01611,1.00634,0.15039,28.83
$MAG,26877.150,-0.135,-0.513,-0.535,27.6
$IMU,26877.150,-0.366,-0.122,-0.244,0.01611,1.00634,0.15283,28.83
$IMU,26877.152,-0.183,-0.244,-0.183,0.01318,1.00634,0.14990,28.83
$IMU,26877.155,-0.244,-0.122,-0.183,0.02001,1.00537,0.15185,28.83
$IMU,26877.157,-0.305,-0.061,-0.183,0.01953,1.00292,0.15136,28.83
$IMU,26877.159,-0.244,0.000,-0.122,0.01855,1.00195,0.15234,28.83
$MAG,26877.160,-0.145,-0.519,-0.534,27.6
$IMU,26877.162,-0.244,-0.122,-0.183,0.01855,1.00244,0.15087,28.83
$IMU,26877.164,-0.244,-0.061,-0.244,0.01757,1.00195,0.15185,28.87
$IMU,26877.166,-0.244,-0.122,-0.183,0.01806,1.00097,0.15332,28.87
$IMU,26877.169,-0.244,-0.122,-0.305,0.01611,1.00048,0.15185,28.87
$MAG,26877.170,-0.144,-0.519,-0.531,27.6
$IMU,26877.171,-0.244,-0.061,-0.183,0.01464,1.00292,0.15380,28.87
$IMU,26877.173,-0.427,0.061,-0.183,0.01513,1.00195,0.14941,28.87
$IMU,26877.176,-0.244,-0.061,-0.122,0.01660,1.00146,0.15087,28.87
$IMU,26877.178,-0.122,-0.183,-0.244,0.01855,1.00195,0.14941,28.87
$BARO,26877.179,86877.49,28.69
$IMU,26877.180,-0.183,-0.061,-0.305,0.01855,1.00390,0.14843,28.87
$MAG,26877.181,-0.145,-0.520,-0.534,27.6
$IMU,26877.183,-0.244,-0.122,-0.183,0.01611,1.00292,0.14990,28.85
$IMU,26877.185,-0.366,0.000,-0.183,0.01611,1.00048,0.15087,28.85
$IMU,26877.187,-0.244,-0.122,-0.183,0.01855,1.00488,0.15283,28.85
$IMU,26877.190,-0.305,-0.061,-0.183,0.02050,1.00146,0.14990,28.85
$MAG,26877.191,-0.148,-0.523,-0.526,27.7
$IMU,26877.192,-0.305,-0.061,-0.183,0.01855,1.00488,0.15039,28.85
$IMU,26877.194,-0.305,0.000,-0.183,0.01953,1.00146,0.14990,28.85
$IMU,26877.197,-0.183,0.000,-0.183,0.01855,1.00292,0.15234,28.85
$IMU,26877.199,-0.122,0.000,-0.183,0.01757,1.00488,0.15332,28.85
$MAG,26877.201,-0.145,-0.519,-0.532,27.7
$IMU,26877.202,-0.061,-0.183,-0.244,0.01464,1.00341,0.15136,28.84
$IMU,26877.204,-0.122,-0.061,-0.183,0.01660,1.00195,0.14892,28.84
$IMU,26877.206,0.000,-0.122,-0.122,0.01904,1.00488,0.15136,28.84
$IMU,26877.209,0.000,-0.122,-0.122,0.02099,1.00439,0.15087,28.84
$MAG,26877.211,-0.139,-0.520,-0.534,27.6
$IMU,26877.211,-0.061,-0.122,-0.061,0.01953,1.00195,0.14697,28.84
$IMU,26877.213,0.000,-0.122,-0.122,0.01904,1.00634,0.14794,28.84
$IMU,26877.216,-0.061,-0.183,-0.183,0.01904,1.00634,0.14843,28.84
$IMU,26877.218,-0.061,-0.122,-0.183,0.02148,1.00781,0.15087,28.84
$IMU,26877.220,-0.122,0.000,-0.244,0.01757,1.00195,0.14941,28.89
$MAG,26877.221,-0.141,-0.516,-0.535,27.6
$IMU,26877.223,-0.122,-0.122,-0.244,0.01855,1.00341,0.14990,28.89
$IMU,26877.225,-0.122,-0.122,-0.122,0.01904,1.00341,0.14892,28.89
$IMU,26877.227,-0.183,-0.183,-0.183,0.01855,1.00537,0.14599,28.89
$IMU,26877.230,-0.244,-0.122,-0.183,0.01757,1.00341,0.14941,28.89
$MAG,26877.231,-0.144,-0.520,-0.531,27.7
$IMU,26877.232,-0.244,-0.061,-0.183,0.02001,1.00000,0.14843,28.89
$IMU,26877.234,-0.305,-0.061,-0.244,0.01416,1.00195,0.14843,28.89
$IMU,26877.237,-0.305,-0.183,-0.244,0.01855,1.00195,0.15039,28.89
$IMU,26877.239,-0.305,-0.244,-0.183,0.01855,1.00195,0.14843,28.83
$MAG,26877.241,-0.136,-0.522,-0.535,27.7
$IMU,26877.241,-0.366,-0.244,-0.122,0.02050,1.00341,0.14843,28.83
$IMU,26877.244,-0.305,-0.122,-0.183,0.01806,1.00439,0.14794,28.83
$IMU,26877.246,-0.366,0.000,-0.183,0.02148,1.00292,0.14941,28.83
$IMU,26877.248,-0.427,-0.061,-0.244,0.01953,1.00292,0.14892,28.83
$TIME,26877.249,510785.000,2399
$VBAT,26877.250,4.127
$MAG,26877.251,-0.145,-0.522,-0.526,27.6
$IMU,26877.251,-0.488,0.000,-0.244,0.01855,1.00097,0.15234,28.83
$IMU,26877.253,-0.427,-0.122,-0.183,0.01660,1.00244,0.15185,28.83
$IMU,26877.255,-0.427,-0.244,-0.183,0.01416,1.00048,0.15039,28.83
$IMU,26877.258,-0.366,-0.244,-0.183,0.01855,1.00439,0.15136,28.85
$IMU,26877.260,-0.366,-0.122,-0.122,0.01757,1.00537,0.15332,28.85
$MAG,26877.261,-0.147,-0.520,-0.532,27.6
$IMU,26877.263,-0.305,-0.244,-0.244,0.01660,1.00878,0.15234,28.85
$IMU,26877.265,-0.366,-0.061,-0.122,0.01513,1.00390,0.15185,28.85
$IMU,26877.267,-0.244,-0.122,-0.122,0.01562,1.00292,0.15087,28.85
$IMU,26877.270,-0.244,-0.122,-0.122,0.01953,1.00195,0.14990,28.85
$MAG,26877.271,-0.138,-0.522,-0.531,27.6
$IMU,26877.272,-0.183,-0.183,-0.122,0.01757,1.00732,0.15136,28.85
$IMU,26877.274,-0.183,-0.122,-0.122,0.01806,1.00195,0.15087,28.85
$IMU,26877.277,-0.183,-0.061,-0.122,0.01806,1.00195,0.15185,28.85
$IMU,26877.279,-0.061,-0.305,-0.122,0.01611,1.00585,0.15185,28.85
$BARO,26877.281,86871.59,28.69
$MAG,26877.281,-0.139,-0.519,-0.522,27.6
$IMU,26877.281,-0.122,-0.122,-0.183,0.01806,1.00390,0.14990,28.85
$IMU,26877.284,-0.061,0.000,-0.183,0.01660,1.00634,0.15087,28.85
$IMU,26877.286,-0.122,-0.061,-0.183,0.01757,1.00585,0.15136,28.85
$IMU,26877.288,0.000,-0.061,-0.122,0.01806,1.00732,0.15039,28.85
$IMU,26877.291,0.000,0.000,-0.122,0.01757,1.00000,0.15039,28.85
$MAG,26877.292,-0.141,-0.523,-0.526,27.6
$IMU,26877.293,0.000,-0.122,-0.122,0.02001,1.00390,0.14892,28.85
$IMU,26877.295,-0.122,-0.061,-0.122,0.02050,1.00390,0.14892,28.86
$IMU,26877.298,-0.122,0.000,-0.122,0.01757,1.00341,0.14892,28.86
$IMU,26877.300,-0.061,-0.244,-0.183,0.01757,1.00390,0.14990,28.86
$MAG,26877.302,-0.144,-0.523,-0.532,27.6
$IMU,26877.302,-0.183,-0.122,-0.183,0.01953,1.00390,0.15087,28.86
$IMU,26877.305,-0.122,-0.122,-0.183,0.02001,1.00341,0.14794,28.86
$IMU,26877.307,-0.244,-0.183,-0.122,0.01708,1.00488,0.14697,28.86
$IMU,26877.309,-0.305,0.122,-0.061,0.02001,1.00439,0.15039,28.86
$MAG,26877.312,-0.145,-0.523,-0.522,27.6
$IMU,26877.312,-0.305,0.183,-0.122,0.01660,1.00292,0.14697,28.86
$IMU,26877.314,-0.305,-0.061,-0.183,0.01708,1.00830,0.14892,28.85
$IMU,26877.316,-0.366,-0.061,-0.183,0.02197,1.00634,0.14746,28.85
$IMU,26877.319,-0.366,-0.061,-0.244,0.02099,1.00585,0.14941,28.85
$IMU,26877.321,-0.488,-0.122,-0.244,0.02001,1.00585,0.14892,28.85
$MAG,26877.322,-0.142,-0.525,-0.540,27.7
$IMU,26877.323,-0.488,-0.183,-0.183,0.01708,1.00341,0.14892,28.85
$IMU,26877.326,-0.549,0.061,-0.183,0.01953,1.00097,0.14990,28.85
$IMU,26877.328,-0.488,-0.183,-0.183,0.01806,1.00341,0.15039,28.85
$IMU,26877.331,-0.610,-0.183,-0.244,0.01708,1.00537,0.15039,28.85
$MAG,26877.332,-0.144,-0.525,-0.528,27.6
$IMU,26877.333,-0.671,0.000,-0.244,0.01513,1.00146,0.14990,28.85
$IMU,26877.335,-0.732,0.061,-0.305,0.01611,1.00146,0.15234,28.85
$IMU,26877.338,-0.732,-0.061,-0.244,0.01416,1.00341,0.15136,28.85
$IMU,26877.340,-0.610,-0.061,-0.244,0.01464,1.00439,0.15283,28.85
$MAG,26877.342,-0.139,-0.519,-0.531,27.7
$IMU,26877.342,-0.488,-0.244,-0.244,0.01416,1.00439,0.15380,28.85
$IMU,26877.345,-0.488,-0.122,-0.183,0.01806,1.00097,0.15283,28.85
$IMU,26877.347,-0.427,-0.122,-0.244,0.01904,1.00146,0.15234,28.85
$IMU,26877.349,-0.305,-0.061,-0.183,0.01708,1.00000,0.15527,28.85
$MAG,26877.352,-0.147,-0.523,-0.525,27.6
$IMU,26877.352,-0.305,-0.122,-0.244,0.01904,1.00048,0.15136,28.87
$IMU,26877.354,-0.183,-0.305,-0.244,0.01904,1.00390,0.15185,28.87
$IMU,26877.356,-0.061,-0.122,-0.183,0.01708,1.00341,0.15136,28.87
$IMU,26877.359,-0.061,-0.061,-0.183,0.01562,1.00000,0.15332,28.87
$IMU,26877.361,0.000,-0.061,-0.122,0.01757,1.00195,0.15283,28.87
$MAG,26877.362,-0.145,-0.519,-0.534,27.6
$IMU,26877.363,0.183,0.000,-0.122,0.01806,1.00634,0.15234,28.87
$IMU,26877.366,0.122,0.061,-0.183,0.01513,1.00146,0.15234,28.87
$IMU,26877.368,0.244,-0.244,-0.183,0.01660,1.00488,0.15136,28.87
$IMU,26877.370,0.183,-0.122,-0.122,0.01660,1.00439,0.14697,28.85
$MAG,26877.372,-0.151,-0.514,-0.537,28.0
$IMU,26877.373,0.122,0.000,-0.061,0.01708,1.00341,0.14892,28.85
$IMU,26877.375,0.061,0.061,-0.122,0.01708,1.00537,0.15087,28.85
$IMU,26877.377,0.122,-0.183,0.000,0.01562,1.00585,0.14990,28.85
$IMU,26877.380,0.183,-0.183,-0.061,0.01757,1.00439,0.15039,28.85
$BARO,26877.382,86868.96,28.69
$MAG,26877.382,-0.144,-0.519,-0.535,27.6
$IMU,26877.382,0.183,-0.244,-0.122,0.01708,1.00292,0.15039,28.85
$IMU,26877.384,0.000,0.061,-0.061,0.02001,1.00390,0.15039,28.85
$IMU,26877.387,0.000,-0.061,-0.122,0.01953,1.00390,0.15136,28.85
$IMU,26877.389,-0.061,-0.061,-0.122,0.01904,1.00781,0.14794,28.81
$MAG,26877.392,-0.145,-0.517,-0.535,27.6
$IMU,26877.392,-0.244,-0.183,0.000,0.02099,1.00585,0.14697,28.81
$IMU,26877.394,-0.244,-0.183,-0.061,0.02001,1.00634,0.14746,28.81
$IMU,26877.396,-0.244,-0.122,-0.122,0.01855,1.00390,0.14941,28.81
$IMU,26877.399,-0.427,-0.061,-0.183,0.02197,1.00097,0.14794,28.81
$IMU,26877.401,-0.549,-0.061,-0.183,0.02001,1.00292,0.14843,28.81
$MAG,26877.403,-0.151,-0.522,-0.528,27.7
$IMU,26877.403,-0.671,0.000,-0.183,0.01904,1.00000,0.14697,28.81
$IMU,26877.406,-0.793,-0.122,-0.244,0.02294,1.00097,0.14599,28.81
$IMU,26877.408,-0.732,-0.061,-0.183,0.02197,0.99951,0.14843,28.85
$IMU,26877.410,-0.793,0.000,-0.122,0.02050,1.00292,0.15087,28.85
$MAG,26877.413,-0.147,-0.522,-0.531,27.6
$IMU,26877.413,-0.793,-0.061,-0.183,0.02050,1.00439,0.15234,28.85
$IMU,26877.415,-0.793,-0.122,-0.183,0.02001,1.00292,0.15087,28.85
$IMU,26877.417,-0.732,0.000,-0.244,0.01513,0.99951,0.14990,28.85
$IMU,26877.420,-0.732,-0.061,-0.305,0.01708,1.00390,0.15087,28.85
$IMU,26877.422,-0.732,-0.122,-0.244,0.01416,1.00048,0.15283,28.85
$MAG,26877.423,-0.139,-0.523,-0.537,27.6
$IMU,26877.424,-0.671,0.000,-0.244,0.01464,1.00390,0.15429,28.85
$IMU,26877.427,-0.488,-0.061,-0.183,0.01611,1.00488,0.15283,28.85
$IMU,26877.429,-0.366,-0.183,-0.183,0.01757,1.00634,0.15234,28.85
$IMU,26877.431,-0.305,-0.061,-0.244,0.01708,1.00537,0.15283,28.85
$MAG,26877.433,-0.145,-0.519,-0.532,27.7
$IMU,26877.434,-0.122,-0.122,-0.244,0.01757,1.00195,0.15185,28.85
$IMU,26877.436,-0.061,-0.061,-0.244,0.01611,1.00244,0.15429,28.85
$IMU,26877.438,0.061,0.000,-0.244,0.01806,1.00292,0.15234,28.85
$IMU,26877.441,0.122,-0.122,-0.183,0.01660,1.00390,0.15332,28.85
$MAG,26877.443,-0.147,-0.519,-0.525,27.7
$IMU,26877.443,0.122,0.000,-0.122,0.01806,1.00244,0.15136,28.85
$IMU,26877.445,0.366,-0.244,-0.122,0.02148,1.00537,0.15136,28.83
$IMU,26877.448,0.366,-0.122,-0.122,0.01708,1.00439,0.15136,28.83
$IMU,26877.450,0.427,-0.122,-0.122,0.01708,1.00244,0.15039,28.83
$MAG,26877.453,-0.138,-0.516,-0.531,27.7
$IMU,26877.453,0.366,-0.061,-0.244,0.01904,1.00585,0.14892,28.83
$IMU,26877.455,0.366,-0.122,-0.244,0.01757,1.00390,0.14990,28.83
$IMU,26877.457,0.305,-0.183,-0.183,0.01708,1.00146,0.14892,28.83
$IMU,26877.460,0.244,-0.061,-0.122,0.01708,1.00048,0.15039,28.83
$IMU,26877.462,0.122,-0.122,0.000,0.01611,1.00195,0.14794,28.83
$MAG,26877.463,-0.147,-0.525,-0.526,27.7
$IMU,26877.464,0.061,0.000,-0.061,0.01708,1.00000,0.15136,28.82
$IMU,26877.467,0.000,-0.122,-0.122,0.01611,1.00292,0.14892,28.82
$IMU,26877.469,-0.122,0.061,-0.122,0.01953,1.00244,0.14746,28.82
$IMU,26877.471,-0.244,-0.122,-0.244,0.01953,1.00048,0.14990,28.82
$MAG,26877.473,-0.147,-0.522,-0.531,27.6
$IMU,26877.474,-0.244,-0.183,-0.183,0.01708,1.00195,0.14648,28.82
$IMU,26877.476,-0.427,-0.061,-0.122,0.01806,1.00341,0.14794,28.82
$IMU,26877.478,-0.549,-0.122,-0.061,0.02050,1.00341,0.14990,28.82
$IMU,26877.481,-0.549,-0.061,-0.122,0.01904,1.00439,0.15039,28.82
$MAG,26877.483,-0.139,-0.516,-0.534,27.6
$IMU,26877.483,-0.610,-0.061,-0.122,0.02050,1.00341,0.14990,28.84
$BARO,26877.484,86868.01,28.69
$IMU,26877.485,-0.549,-0.305,-0.122,0.01757,1.00537,0.14794,28.84
$IMU,26877.488,-0.549,-0.183,-0.183,0.01855,1.00292,0.14794,28.84
$IMU,26877.490,-0.549,0.061,-0.244,0.01660,1.00537,0.15039,28.84
$IMU,26877.492,-0.488,-0.122,-0.061,0.01562,1.00488,0.15039,28.84
$MAG,26877.493,-0.144,-0.519,-0.535,27.6
$IMU,26877.495,-0.488,-0.122,-0.122,0.01562,1.00830,0.15234,28.84
$IMU,26877.497,-0.366,-0.122,-0.183,0.01708,1.00537,0.15332,28.84
$IMU,26877.499,-0.305,-0.183,-0.244,0.01562,1.00146,0.15332,28.84
$IMU,26877.502,-0.183,0.000,-0.244,0.01513,1.00292,0.14990,28.82
$MAG,26877.503,-0.142,-0.520,-0.532,27.6
$IMU,26877.504,-0.122,-0.122,-0.305,0.02001,1.00537,0.15136,28.82
$IMU,26877.506,-0.061,-0.183,-0.305,0.01708,1.00244,0.15234,28.82
$IMU,26877.509,0.000,-0.183,-0.244,0.01562,1.00488,0.15087,28.82
$IMU,26877.511,0.183,-0.183,-0.122,0.01855,1.00195,0.15429,28.82
$MAG,26877.514,-0.148,-0.522,-0.532,27.7
$IMU,26877.514,0.061,-0.061,-0.183,0.01611,1.00341,0.15136,28.82
$IMU,26877.516,0.061,0.000,-0.183,0.01904,1.00488,0.14697,28.82
$IMU,26877.518,0.061,0.000,-0.183,0.01904,1.00585,0.15039,28.82
$IMU,26877.521,0.000,-0.061,-0.183,0.01904,1.00390,0.14941,28.86
$IMU,26877.523,0.122,-0.122,-0.183,0.01757,1.00195,0.15039,28.86
$MAG,26877.524,-0.147,-0.517,-0.534,27.7
$IMU,26877.525,0.000,0.000,-0.183,0.02001,1.00537,0.14941,28.86
$IMU,26877.528,-0.061,-0.061,-0.122,0.01660,1.00341,0.14990,28.86
$IMU,26877.530,-0.122,-0.061,-0.122,0.01708,1.00244,0.14941,28.86
$IMU,26877.532,-0.305,0.000,-0.122,0.01611,1.00146,0.14746,28.86
$MAG,26877.534,-0.147,-0.514,-0.528,27.6
$IMU,26877.535,-0.244,-0.122,-0.122,0.01806,1.00146,0.14794,28.86
$IMU,26877.537,-0.305,-0.122,-0.122,0.01904,1.00292,0.14892,28.86
$IMU,26877.539,-0.366,-0.183,-0.061,0.01708,1.00488,0.14794,28.81
$IMU,26877.542,-0.488,-0.061,-0.122,0.01660,1.00585,0.14843,28.81
$MAG,26877.544,-0.144,-0.520,-0.535,27.6
$IMU,26877.544,-0.488,-0.122,-0.122,0.01904,1.00292,0.14941,28.81
$IMU,26877.546,-0.549,-0.122,-0.061,0.02001,1.00292,0.14892,28.81
$IMU,26877.549,-0.671,-0.061,0.000,0.02148,1.00488,0.15136,28.81
$IMU,26877.551,-0.610,-0.183,-0.122,0.02050,1.00146,0.15136,28.81
$IMU,26877.553,-0.549,-0.122,-0.244,0.01953,1.00439,0.15039,28.81
$MAG,26877.554,-0.147,-0.525,-0.534,27.7
$IMU,26877.556,-0.549,-0.061,-0.183,0.01806,1.00195,0.15429,28.81
$IMU,26877.558,-0.549,-0.122,-0.122,0.01904,1.00488,0.15234,28.83
$IMU,26877.560,-0.488,-0.061,-0.183,0.01806,1.00537,0.15185,28.83
$IMU,26877.563,-0.366,-0.122,-0.122,0.02099,1.00585,0.15087,28.83
$MAG,26877.564,-0.142,-0.525,-0.528,27.7
$IMU,26877.565,-0.366,0.000,-0.122,0.01855,1.00634,0.15283,28.83
$IMU,26877.567,-0.183,-0.061,-0.183,0.02148,1.00488,0.15234,28.83
$IMU,26877.570,-0.244,-0.061,-0.183,0.02001,1.00488,0.15234,28.83
$IMU,26877.572,-0.061,-0.244,-0.305,0.01757,1.00634,0.15283,28.83
$MAG,26877.574,-0.145,-0.522,-0.531,27.7
$IMU,26877.575,-0.061,-0.183,-0.305,0.01513,1.00488,0.15332,28.83
$IMU,26877.577,-0.122,-0.061,-0.305,0.01562,1.00390,0.15332,28.87
$IMU,26877.579,-0.122,0.000,-0.244,0.01806,1.00488,0.15185,28.87
$IMU,26877.582,-0.122,-0.061,-0.244,0.01660,1.00292,0.15234,28.87
$MAG,26877.584,-0.136,-0.520,-0.535,27.7
$IMU,26877.584,-0.061,-0.061,-0.183,0.01660,1.00439,0.15136,28.87
$BARO,26877.585,86864.74,28.69
$IMU,26877.586,-0.122,-0.061,-0.244,0.01708,1.00195,0.14941,28.87
$IMU,26877.589,0.000,-0.122,-0.305,0.01757,1.00048,0.15087,28.87
$IMU,26877.591,0.000,-0.122,-0.305,0.02001,1.00195,0.15087,28.87
$IMU,26877.593,-0.061,-0.061,-0.183,0.01660,1.00341,0.15039,28.87
$MAG,26877.594,-0.147,-0.520,-0.528,27.7
$IMU,26877.596,-0.122,-0.061,-0.244,0.01757,1.00195,0.14990,28.86
$IMU,26877.598,-0.122,-0.244,-0.183,0.01855,1.00097,0.14794,28.86
$IMU,26877.600,-0.122,-0.183,-0.122,0.01611,1.00097,0.14892,28.86
$IMU,26877.603,-0.122,-0.183,-0.122,0.01513,1.00439,0.15039,28.86
$IMU,26877.605,-0.183,-0.122,-0.183,0.01562,1.00292,0.14892,28.86
$MAG,26877.604,-0.145,-0.523,-0.529,27.7
$IMU,26877.607,-0.183,-0.122,-0.244,0.01757,1.00048,0.15087,28.86
$IMU,26877.610,-0.122,-0.183,-0.183,0.01611,1.00195,0.14892,28.86
$IMU,26877.612,-0.244,-0.122,-0.122,0.01806,1.00390,0.14794,28.86
$MAG,26877.614,-0.144,-0.526,-0.534,27.7
$IMU,26877.614,-0.183,-0.061,-0.061,0.01953,1.00683,0.15039,28.81
$IMU,26877.617,-0.122,-0.122,-0.122,0.01757,1.00585,0.14892,28.81
$IMU,26877.619,-0.183,0.000,-0.061,0.01513,1.00488,0.15185,28.81
$IMU,26877.621,0.000,-0.244,-0.061,0.01660,1.00146,0.14941,28.81
$IMU,26877.624,-0.122,-0.061,-0.122,0.01708,1.00244,0.14794,28.81
$MAG,26877.625,-0.144,-0.522,-0.522,27.6
$IMU,26877.626,-0.122,-0.122,-0.122,0.01904,1.00634,0.14941,28.81
$IMU,26877.628,-0.061,-0.122,-0.122,0.02148,1.00683,0.14990,28.81
$IMU,26877.631,-0.122,-0.061,-0.061,0.01806,1.00732,0.14892,28.81
$IMU,26877.633,0.000,-0.122,-0.061,0.01757,1.00585,0.14892,28.85
$MAG,26877.635,-0.141,-0.522,-0.531,27.7
$IMU,26877.636,0.061,-0.122,-0.061,0.02050,1.00341,0.14746,28.85
$IMU,26877.638,-0.061,-0.061,-0.122,0.01855,1.00292,0.14941,28.85
$IMU,26877.640,0.000,-0.122,-0.183,0.01660,1.00439,0.14843,28.85
$IMU,26877.643,-0.183,0.061,-0.183,0.01806,1.00585,0.14892,28.85
$MAG,26877.645,-0.147,-0.517,-0.526,27.6
$IMU,26877.645,-0.183,-0.061,-0.183,0.01855,1.00097,0.14843,28.85
$IMU,26877.647,-0.122,-0.244,-0.183,0.01904,1.00488,0.14501,28.85
$IMU,26877.650,-0.122,-0.122,-0.183,0.01904,1.00585,0.14892,28.85
$IMU,26877.652,-0.183,-0.183,-0.183,0.01855,1.00195,0.14892,28.84
$IMU,26877.654,-0.305,-0.122,-0.244,0.01953,1.00146,0.14843,28.84
$MAG,26877.655,-0.148,-0.513,-0.522,27.6
$IMU,26877.657,-0.366,-0.061,-0.244,0.01757,1.00244,0.14697,28.84
$IMU,26877.659,-0.488,0.000,-0.244,0.02050,1.00439,0.14892,28.84
$IMU,26877.661,-0.427,-0.183,-0.183,0.01708,1.00390,0.15039,28.84
$IMU,26877.664,-0.427,-0.122,-0.183,0.01757,1.00146,0.14843,28.84
$MAG,26877.665,-0.145,-0.525,-0.538,27.7
$IMU,26877.666,-0.366,-0.244,-0.122,0.01855,1.00195,0.14794,28.84
$IMU,26877.668,-0.427,-0.122,-0.244,0.01855,1.00683,0.15039,28.84
$IMU,26877.671,-0.610,0.000,-0.244,0.01660,1.00634,0.14892,28.85
$IMU,26877.673,-0.488,0.000,-0.305,0.01513,1.00683,0.14941,28.85
$MAG,26877.675,-0.139,-0.526,-0.532,27.6
$IMU,26877.675,-0.427,-0.061,-0.244,0.01855,1.00439,0.15039,28.85
$IMU,26877.678,-0.427,-0.122,-0.183,0.01757,1.00537,0.15136,28.85
$IMU,26877.680,-0.427,-0.122,-0.183,0.01562,1.00195,0.15429,28.85
$IMU,26877.682,-0.427,0.000,-0.122,0.01660,1.00585,0.15185,28.85
$MAG,26877.685,-0.139,-0.528,-0.534,27.6
$IMU,26877.685,-0.244,-0.183,-0.183,0.01513,1.00634,0.14990,28.85
$BARO,26877.687,86859.70,28.69
$IMU,26877.687,-0.244,-0.183,-0.183,0.02001,1.00244,0.15185,28.85
$IMU,26877.689,-0.244,-0.122,-0.183,0.01464,1.00341,0.15039,28.85
$IMU,26877.692,-0.244,-0.061,-0.183,0.01562,1.00585,0.15136,28.85
$IMU,26877.694,-0.366,-0.061,-0.122,0.01660,1.00292,0.15039,28.85
$MAG,26877.695,-0.150,-0.519,-0.537,27.6
$IMU,26877.697,-0.183,-0.122,-0.061,0.01757,1.00048,0.15185,28.85
$IMU,26877.699,-0.122,-0.061,-0.061,0.01904,1.00341,0.15234,28.85
$IMU,26877.701,-0.061,-0.244,-0.122,0.01855,1.00390,0.14990,28.85
$IMU,26877.704,-0.061,-0.122,-0.183,0.01757,1.00390,0.14843,28.85
$MAG,26877.705,-0.142,-0.525,-0.537,27.7
$IMU,26877.706,-0.061,0.000,-0.183,0.01953,1.00195,0.14941,28.85
$IMU,26877.708,-0.122,-0.122,-0.183,0.01806,1.00292,0.15185,28.84
$IMU,26877.711,-0.122,0.000,-0.061,0.01855,1.00146,0.15039,28.84
$IMU,26877.713,-0.061,-0.244,-0.122,0.01562,1.00292,0.15087,28.84
$MAG,26877.715,-0.147,-0.516,-0.525,27.6
$IMU,26877.715,-0.183,-0.183,-0.122,0.01708,1.00097,0.14892,28.84
$IMU,26877.718,-0.244,-0.061,-0.122,0.01708,1.00195,0.14892,28.84
$IMU,26877.720,-0.244,-0.122,-0.122,0.02148,1.00097,0.14892,28.84
$IMU,26877.722,-0.305,0.000,-0.183,0.01757,1.00195,0.14990,28.84
$MAG,26877.725,-0.141,-0.513,-0.532,27.7
$IMU,26877.725,-0.244,-0.061,-0.183,0.02001,1.00488,0.15039,28.84
$IMU,26877.727,-0.183,0.000,-0.122,0.01806,1.00195,0.15185,28.84
$IMU,26877.729,-0.244,-0.122,-0.183,0.01953,1.00488,0.15039,28.84
$IMU,26877.732,-0.366,0.000,-0.183,0.02294,1.00537,0.15136,28.84
$IMU,26877.734,-0.366,0.061,-0.122,0.02050,1.00537,0.14892,28.84
$MAG,26877.736,-0.136,-0.522,-0.537,27.5
$IMU,26877.736,-0.305,0.000,-0.061,0.01757,1.00341,0.15185,28.84
$IMU,26877.739,-0.183,-0.183,-0.183,0.01953,1.00537,0.15234,28.84
$IMU,26877.741,-0.183,-0.122,-0.183,0.01953,1.00585,0.15087,28.84
$IMU,26877.743,-0.183,-0.061,-0.183,0.02001,1.00390,0.15332,28.84
$MAG,26877.746,-0.147,-0.522,-0.531,27.6
$IMU,26877.746,-0.244,-0.061,-0.183,0.01708,1.00585,0.15185,28.85
$IMU,26877.748,-0.244,0.000,-0.122,0.01855,1.00537,0.15087,28.85
$IMU,26877.750,-0.122,-0.244,-0.122,0.01855,1.00439,0.15380,28.85
$IMU,26877.753,-0.183,-0.122,-0.122,0.01611,1.00439,0.15087,28.85
$HUM,26877.754,34.4,29.1
$IMU,26877.755,-0.183,-0.061,-0.122,0.01855,1.00292,0.15039,28.85
$MAG,26877.756,-0.139,-0.522,-0.529,27.6
$IMU,26877.757,-0.183,0.000,-0.244,0.01708,1.00488,0.14843,28.85
$IMU,26877.760,-0.122,-0.122,-0.244,0.02099,1.00390,0.14843,28.85
$IMU,26877.762,-0.122,-0.122,-0.122,0.01953,1.00537,0.14892,28.85
$IMU,26877.765,-0.183,-0.183,-0.122,0.01708,1.00439,0.14941,28.84
$MAG,26877.766,-0.145,-0.510,-0.523,27.6
$IMU,26877.767,-0.244,-0.122,-0.122,0.01464,1.00146,0.14746,28.84
$IMU,26877.769,-0.244,0.000,-0.122,0.01660,1.00537,0.14746,28.84
$IMU,26877.772,-0.122,-0.061,-0.122,0.01855,1.00244,0.14941,28.84
$IMU,26877.774,-0.183,-0.061,-0.183,0.02148,1.00537,0.14990,28.84
$MAG,26877.776,-0.148,-0.520,-0.534,27.6
$IMU,26877.776,-0.244,-0.061,-0.183,0.02001,1.00439,0.14794,28.84
$IMU,26877.779,-0.305,-0.061,-0.122,0.01660,1.00390,0.14648,28.84
$IMU,26877.781,-0.305,-0.061,-0.183,0.01660,1.00244,0.14746,28.84
$IMU,26877.783,-0.427,0.122,-0.122,0.01611,1.00097,0.14794,28.86
$MAG,26877.786,-0.142,-0.523,-0.529,27.7
$IMU,26877.786,-0.305,-0.183,-0.183,0.02148,1.00537,0.15039,28.86
$BARO,26877.788,86866.89,28.70
$IMU,26877.788,-0.366,-0.183,-0.122,0.01757,1.00292,0.14746,28.86
$IMU,26877.790,-0.366,-0.183,-0.183,0.01757,1.00097,0.14892,28.86
$IMU,26877.793,-0.427,-0.061,-0.183,0.02294,1.00341,0.15136,28.86
$IMU,26877.795,-0.488,0.000,-0.183,0.01367,1.00048,0.14990,28.86
$MAG,26877.796,-0.144,-0.519,-0.531,27.6
$IMU,26877.797,-0.366,-0.183,-0.244,0.01611,1.00390,0.14892,28.86
$IMU,26877.800,-0.488,-0.061,-0.183,0.01708,1.00537,0.14990,28.86
$IMU,26877.802,-0.488,-0.061,-0.122,0.01757,1.00732,0.15136,28.86
$IMU,26877.804,-0.488,-0.122,-0.183,0.02099,1.00488,0.15332,28.86
$MAG,26877.806,-0.138,-0.519,-0.529,27.6
$IMU,26877.807,-0.427,-0.061,-0.183,0.01904,1.00146,0.15087,28.86
$IMU,26877.809,-0.427,-0.061,-0.183,0.01904,1.00390,0.14892,28.86
$IMU,26877.811,-0.305,-0.061,-0.183,0.01904,1.00341,0.15039,28.86
$IMU,26877.814,-0.305,-0.183,-0.183,0.01708,1.00585,0.15087,28.86
$MAG,26877.816,-0.144,-0.516,-0.531,27.6
$IMU,26877.816,-0.183,-0.122,-0.183,0.01806,1.00341,0.15039,28.86
$IMU,26877.818,-0.122,-0.061,-0.122,0.01464,1.00341,0.14843,28.86
$IMU,26877.821,-0.183,-0.244,-0.183,0.01904,1.00585,0.15185,28.83
$IMU,26877.823,-0.244,0.000,-0.122,0.01660,1.00537,0.14892,28.83
$MAG,26877.826,-0.145,-0.525,-0.532,27.7
$IMU,26877.826,-0.122,-0.183,-0.244,0.01806,1.00341,0.14990,28.83
$IMU,26877.828,-0.061,-0.244,-0.244,0.01708,1.00341,0.14892,28.83
$IMU,26877.830,-0.061,-0.061,-0.183,0.01904,1.00097,0.15039,28.83
$IMU,26877.833,-0.122,0.000,-0.122,0.01855,1.00488,0.15087,28.83
$IMU,26877.835,-0.122,-0.122,-0.183,0.01611,1.00146,0.15087,28.83
$MAG,26877.837,-0.145,-0.523,-0.529,27.6
$IMU,26877.837,-0.183,-0.122,-0.122,0.01953,1.00146,0.14843,28.83
$IMU,26877.840,-0.061,-0.122,-0.122,0.01806,1.00097,0.14843,28.90
$IMU,26877.842,-0.122,-0.061,-0.183,0.01806,1.00195,0.15039,28.90
$IMU,26877.844,-0.122,-0.061,-0.183,0.01708,1.00097,0.15136,28.90
$MAG,26877.847,-0.148,-0.520,-0.534,27.6
$IMU,26877.847,-0.244,-0.061,-0.122,0.01757,1.00146,0.14941,28.90
$IMU,26877.849,-0.183,-0.122,-0.122,0.01953,1.00048,0.14990,28.90
$IMU,26877.851,-0.061,-0.183,-0.122,0.01611,0.99902,0.14746,28.90
$IMU,26877.854,-0.244,-0.122,-0.122,0.01757,1.00439,0.14843,28.90
$IMU,26877.856,-0.305,-0.122,-0.122,0.01757,1.00634,0.14892,28.90
$MAG,26877.857,-0.145,-0.517,-0.532,27.6
$IMU,26877.858,-0.305,0.000,-0.183,0.02001,1.00634,0.14941,28.90
$IMU,26877.861,-0.244,-0.122,-0.183,0.01806,1.00292,0.14794,28.90
$IMU,26877.863,-0.244,-0.244,-0.183,0.01806,1.00292,0.14990,28.90
$IMU,26877.865,-0.366,-0.122,-0.244,0.01806,1.00244,0.14794,28.90
$MAG,26877.867,-0.147,-0.516,-0.534,27.7
$IMU,26877.868,-0.427,-0.122,-0.244,0.01513,1.00439,0.14990,28.90
$IMU,26877.870,-0.488,-0.061,-0.183,0.01562,1.00634,0.15039,28.90
$IMU,26877.872,-0.488,0.000,-0.183,0.01904,1.00488,0.14843,28.90
$IMU,26877.875,-0.427,-0.183,-0.183,0.01904,1.00195,0.14892,28.90
$MAG,26877.877,-0.144,-0.517,-0.522,27.7
$IMU,26877.877,-0.488,-0.122,-0.183,0.02050,1.00292,0.15087,28.82
$IMU,26877.879,-0.549,0.000,-0.244,0.01660,1.00341,0.15380,28.82
$IMU,26877.882,-0.610,-0.061,-0.183,0.01708,1.00292,0.15185,28.82
$IMU,26877.884,-0.427,-0.183,-0.183,0.01953,0.99951,0.15136,28.82
$MAG,26877.887,-0.142,-0.520,-0.532,27.7
$IMU,26877.887,-0.427,0.000,-0.183,0.01464,1.00292,0.14941,28.82
$IMU,26877.889,-0.366,-0.183,-0.183,0.01757,1.00537,0.15039,28.82
$BARO,26877.890,86866.69,28.70
$IMU,26877.891,-0.366,-0.183,-0.183,0.01660,1.00292,0.15234,28.82
$IMU,26877.894,-0.244,-0.122,-0.183,0.01513,0.99951,0.15332,28.82
$IMU,26877.896,-0.305,-0.183,-0.244,0.01904,1.00195,0.15332,28.85
$MAG,26877.897,-0.154,-0.516,-0.538,27.6
$IMU,26877.898,-0.244,-0.122,-0.244,0.01757,0.99853,0.15087,28.85
$IMU,26877.901,-0.244,0.000,-0.122,0.01806,1.00195,0.15380,28.85
$IMU,26877.903,-0.183,-0.183,-0.183,0.01562,1.00146,0.15527,28.85
$IMU,26877.905,-0.061,-0.244,-0.122,0.01757,1.00390,0.15332,28.85
$MAG,26877.907,-0.147,-0.522,-0.528,27.6
$IMU,26877.908,-0.122,-0.061,-0.183,0.02001,1.00537,0.15234,28.85
$IMU,26877.910,0.000,-0.183,-0.183,0.01757,1.00390,0.15039,28.85
$IMU,26877.912,0.000,-0.061,-0.122,0.01611,1.00146,0.15087,28.85
$IMU,26877.915,0.122,-0.244,-0.122,0.01757,1.00048,0.14990,28.82
$MAG,26877.917,-0.144,-0.523,-0.528,27.7
$IMU,26877.917,0.061,-0.122,-0.122,0.01855,1.00390,0.15185,28.82
$IMU,26877.919,0.000,-0.122,-0.183,0.01855,1.00244,0.15039,28.82
$IMU,26877.922,0.061,-0.122,-0.183,0.01855,1.00488,0.15087,28.82
$IMU,26877.924,0.000,0.000,-0.183,0.01806,1.00585,0.14990,28.82
$IMU,26877.926,0.061,-0.061,-0.061,0.01416,1.00683,0.14990,28.82
$MAG,26877.927,-0.150,-0.523,-0.531,27.7
$IMU,26877.929,-0.061,0.000,-0.122,0.01855,1.00781,0.14892,28.82
$IMU,26877.931,-0.061,-0.244,-0.183,0.02099,1.00927,0.14892,28.82
$IMU,26877.933,-0.122,-0.183,-0.244,0.01757,1.00634,0.14794,28.81
$IMU,26877.936,-0.183,0.061,-0.061,0.01953,1.00683,0.14990,28.81
$MAG,26877.937,-0.144,-0.517,-0.532,27.7
$IMU,26877.938,-0.183,-0.122,-0.122,0.01855,1.00634,0.14941,28.81
$IMU,26877.940,-0.244,-0.122,-0.122,0.01757,1.00341,0.14892,28.81
$IMU,26877.943,-0.305,0.000,-0.122,0.01953,1.00146,0.14941,28.81
$IMU,26877.945,-0.305,-0.183,-0.183,0.01806,1.00292,0.14892,28.81
$MAG,26877.948,-0.139,-0.526,-0.534,27.7
$IMU,26877.948,-0.549,0.000,-0.183,0.01660,1.00488,0.14794,28.81
$IMU,26877.950,-0.488,-0.061,-0.122,0.01757,1.00537,0.14941,28.81
$IMU,26877.952,-0.427,-0.122,-0.061,0.01855,1.00683,0.14892,28.83
$IMU,26877.955,-0.427,-0.244,-0.122,0.01953,1.00439,0.15185,28.83
$IMU,26877.957,-0.488,-0.122,-0.122,0.02050,1.00341,0.14990,28.83
$MAG,26877.958,-0.145,-0.523,-0.529,27.6
$IMU,26877.959,-0.610,-0.061,-0.122,0.02001,1.00341,0.15087,28.83
$IMU,26877.962,-0.610,-0.061,-0.183,0.01904,1.00537,0.15039,28.83
$IMU,26877.964,-0.549,0.122,-0.244,0.01708,1.00537,0.15039,28.83
$IMU,26877.966,-0.488,-0.061,-0.244,0.01806,1.00341,0.15332,28.83
$MAG,26877.968,-0.141,-0.519,-0.531,27.7
$IMU,26877.969,-0.488,-0.183,-0.183,0.01806,0.99902,0.14990,28.83
$IMU,26877.971,-0.427,-0.061,-0.122,0.01806,1.00195,0.14843,28.85
$IMU,26877.973,-0.366,-0.061,-0.122,0.01708,1.00097,0.15039,28.85
$IMU,26877.976,-0.366,-0.061,-0.183,0.01269,1.00390,0.14892,28.85
$MAG,26877.978,-0.144,-0.513,-0.528,27.7
$IMU,26877.978,-0.305,0.061,-0.305,0.01855,1.00146,0.15136,28.85
$IMU,26877.980,-0.183,-0.122,-0.305,0.01855,1.00585,0.15283,28.85
$IMU,26877.983,-0.183,-0.122,-0.244,0.01855,1.00097,0.15087,28.85
$IMU,26877.985,-0.061,-0.122,-0.244,0.01904,1.00390,0.15039,28.85
$IMU,26877.987,-0.122,-0.061,-0.122,0.01660,1.00537,0.15087,28.85
$MAG,26877.988,-0.148,-0.520,-0.529,27.7
$IMU,26877.990,0.000,-0.061,-0.061,0.01806,1.00146,0.14941,28.83
$BARO,26877.991,86866.08,28.70
$IMU,26877.992,0.122,-0.244,-0.122,0.02001,1.00390,0.15185,28.83
$IMU,26877.994,0.183,-0.244,-0.183,0.01513,1.00146,0.14794,28.83
$IMU,26877.997,0.061,-0.183,-0.244,0.01611,1.00292,0.15136,28.83
$MAG,26877.998,-0.136,-0.528,-0.532,27.6
$IMU,26877.999,0.061,-0.122,-0.183,0.02148,0.99951,0.15136,28.83
$IMU,26878.001,0.000,0.061,-0.122,0.01708,1.00097,0.14843,28.83
$IMU,26878.004,0.000,-0.183,-0.061,0.01855,1.00097,0.15039,28.83
$IMU,26878.006,0.000,-0.244,-0.061,0.01757,1.00244,0.15039,28.83
$MAG,26878.008,-0.148,-0.520,-0.532,27.6
$IMU,26878.009,0.122,-0.244,-0.122,0.01757,1.00488,0.14892,28.83
$IMU,26878.011,-0.061,-0.061,-0.183,0.01757,1.00585,0.14990,28.83
$IMU,26878.013,-0.122,0.000,-0.122,0.01660,1.00195,0.14843,28.83
$IMU,26878.016,-0.061,-0.122,-0.183,0.01513,1.00390,0.15136,28.83
$MAG,26878.018,-0.144,-0.511,-0.526,27.7
$IMU,26878.018,-0.183,-0.183,-0.183,0.01953,1.00537,0.14843,28.83
$IMU,26878.020,-0.183,-0.122,-0.122,0.01904,1.00439,0.14892,28.83
$IMU,26878.023,-0.244,-0.061,-0.122,0.01855,1.00195,0.14794,28.83
$IMU,26878.025,-0.366,0.000,-0.183,0.01806,1.00341,0.14794,28.83
$IMU,26878.027,-0.366,-0.183,-0.122,0.01708,1.00390,0.14843,28.83
$MAG,26878.028,-0.145,-0.517,-0.531,27.7
$IMU,26878.030,-0.427,-0.061,-0.183,0.01708,1.00244,0.14892,28.83
$IMU,26878.032,-0.366,-0.183,-0.183,0.01806,1.00537,0.14941,28.83
$IMU,26878.034,-0.488,-0.061,-0.183,0.01806,1.00390,0.14892,28.83
$IMU,26878.037,-0.488,-0.061,-0.122,0.01855,1.00292,0.15185,28.83
$MAG,26878.038,-0.145,-0.517,-0.534,27.6
$IMU,26878.039,-0.488,-0.122,-0.122,0.01660,1.00634,0.15185,28.83
$IMU,26878.041,-0.488,-0.183,-0.183,0.01367,1.00488,0.14892,28.83
$IMU,26878.044,-0.488,-0.244,-0.244,0.01660,1.00146,0.14843,28.83
$IMU,26878.046,-0.488,-0.061,-0.305,0.01611,1.00341,0.14941,28.85
$MAG,26878.048,-0.138,-0.514,-0.534,27.7
$IMU,26878.048,-0.488,0.122,-0.305,0.01660,1.00244,0.15087,28.85
$IMU,26878.051,-0.427,-0.061,-0.305,0.01757,1.00439,0.15039,28.85
$IMU,26878.053,-0.366,-0.061,-0.183,0.01660,1.00292,0.15332,28.85
$IMU,26878.055,-0.305,0.000,-0.183,0.01855,1.00244,0.15185,28.85
$IMU,26878.058,-0.366,-0.183,-0.183,0.01171,1.00146,0.15136,28.85
$MAG,26878.059,-0.141,-0.528,-0.526,27.7
$IMU,26878.060,-0.183,-0.244,-0.122,0.01660,1.00341,0.15039,28.85
$IMU,26878.062,-0.061,-0.183,-0.183,0.01904,1.00195,0.14892,28.85
$IMU,26878.065,-0.183,-0.061,-0.244,0.01757,1.00244,0.15283,28.85
$IMU,26878.067,-0.122,-0.061,-0.183,0.01953,1.00390,0.15283,28.85
$MAG,26878.069,-0.154,-0.522,-0.531,27.7
$IMU,26878.070,-0.122,-0.061,-0.061,0.01953,1.00097,0.15136,28.85
$IMU,26878.072,-0.061,-0.122,-0.183,0.01708,1.00292,0.15185,28.85
$IMU,26878.074,-0.061,-0.122,-0.122,0.02001,1.00244,0.15527,28.85
$IMU,26878.077,-0.061,-0.061,-0.122,0.01904,1.00292,0.15185,28.85
$MAG,26878.079,-0.148,-0.519,-0.529,27.6
$IMU,26878.079,-0.122,-0.183,-0.122,0.01611,1.00146,0.14892,28.85
$IMU,26878.081,0.061,-0.183,-0.122,0.02050,1.00097,0.14843,28.85
$IMU,26878.084,0.061,-0.183,-0.122,0.01660,1.00341,0.14941,28.84
$IMU,26878.086,0.000,-0.061,-0.061,0.01708,1.00097,0.14892,28.84
$IMU,26878.088,-0.122,0.122,-0.122,0.02197,1.00292,0.15234,28.84
$MAG,26878.089,-0.142,-0.528,-0.523,27.6
$IMU,26878.091,-0.122,0.061,-0.122,0.01953,1.00341,0.14990,28.84
$BARO,26878.092,86863.06,28.70
$IMU,26878.093,-0.122,-0.183,-0.122,0.01806,1.00244,0.15087,28.84
$IMU,26878.095,-0.061,-0.122,-0.122,0.01904,1.00732,0.14892,28.84
$IMU,26878.098,-0.122,-0.122,-0.122,0.01953,1.00634,0.15039,28.84
$MAG,26878.099,-0.148,-0.525,-0.535,27.6
$IMU,26878.100,-0.061,-0.122,-0.122,0.01904,1.00390,0.14990,28.84
$IMU,26878.102,-0.061,0.000,-0.122,0.01708,1.00341,0.14892,28.85
$IMU,26878.105,-0.244,0.061,-0.122,0.01513,1.00537,0.15087,28.85
$IMU,26878.107,-0.244,-0.183,-0.183,0.01904,1.00195,0.14990,28.85
$MAG,26878.109,-0.157,-0.519,-0.531,27.6
$IMU,26878.109,-0.244,-0.183,-0.122,0.01757,1.00488,0.14941,28.85
$IMU,26878.112,-0.427,0.000,-0.183,0.01904,1.00537,0.14941,28.85
$IMU,26878.114,-0.549,0.000,-0.183,0.02050,1.00292,0.15087,28.85
$IMU,26878.116,-0.488,-0.061,-0.183,0.01757,1.00341,0.15136,28.85
$MAG,26878.119,-0.145,-0.519,-0.537,27.6
$IMU,26878.119,-0.427,-0.122,-0.305,0.01660,1.00195,0.14990,28.85
$IMU,26878.121,-0.549,-0.061,-0.183,0.01757,1.00000,0.14794,28.86
$IMU,26878.123,-0.549,-0.183,-0.183,0.01562,1.00195,0.14892,28.86
$IMU,26878.126,-0.610,-0.122,-0.183,0.01806,1.00000,0.15039,28.86
$IMU,26878.128,-0.732,0.061,-0.244,0.01318,1.00390,0.14941,28.86
$MAG,26878.129,-0.147,-0.526,-0.528,27.8
$IMU,26878.131,-0.610,-0.061,-0.305,0.01416,1.00537,0.15039,28.86
$IMU,26878.133,-0.549,-0.183,-0.244,0.01757,1.00244,0.15283,28.86
$IMU,26878.135,-0.427,-0.122,-0.183,0.01855,1.00195,0.15185,28.86
$IMU,26878.138,-0.488,-0.122,-0.183,0.01562,1.00390,0.15283,28.86
$MAG,26878.139,-0.151,-0.520,-0.532,27.6
$IMU,26878.140,-0.427,-0.183,-0.183,0.01464,1.00146,0.15185,28.83
$IMU,26878.142,-0.427,-0.122,-0.183,0.01562,1.00341,0.15185,28.83
$IMU,26878.145,-0.244,-0.244,-0.183,0.02001,1.00292,0.15136,28.83
$IMU,26878.147,-0.183,-0.183,-0.183,0.01953,1.00292,0.15283,28.83
$MAG,26878.149,-0.145,-0.525,-0.529,27.6
$IMU,26878.149,-0.122,-0.183,-0.183,0.01757,1.00195,0.15185,28.83
$IMU,26878.152,-0.183,0.122,-0.183,0.01611,1.00439,0.15234,28.83
$IMU,26878.154,0.000,-0.122,-0.061,0.01660,1.00439,0.15185,28.83
$IMU,26878.156,0.061,-0.183,-0.061,0.01757,1.00390,0.15087,28.83
$MAG,26878.159,-0.148,-0.520,-0.531,27.6
$IMU,26878.159,0.183,-0.061,-0.061,0.01464,1.00488,0.15234,28.86
$IMU,26878.161,0.183,-0.122,-0.183,0.01660,1.00390,0.15136,28.86
$IMU,26878.163,0.244,-0.061,-0.183,0.01513,1.00488,0.15234,28.86
$IMU,26878.166,0.244,-0.061,-0.183,0.01806,1.00683,0.14892,28.86
$IMU,26878.168,0.122,0.061,-0.122,0.01660,1.00732,0.15136,28.86
$MAG,26878.170,-0.142,-0.522,-0.531,27.6
$IMU,26878.170,0.305,-0.122,-0.122,0.02246,1.00634,0.14892,28.86
$IMU,26878.173,0.427,-0.183,-0.061,0.01757,1.00390,0.14990,28.86
$IMU,26878.175,0.183,-0.061,-0.122,0.01513,1.00878,0.14697,28.86
$IMU,26878.177,0.244,-0.183,-0.122,0.01757,1.00683,0.14697,28.80
$MAG,26878.180,-0.145,-0.510,-0.531,27.6
$IMU,26878.180,0.122,-0.061,-0.122,0.01904,1.00439,0.14746,28.80
$IMU,26878.182,0.000,0.000,-0.183,0.02001,1.00390,0.14941,28.80
$IMU,26878.184,-0.061,-0.122,-0.183,0.01855,1.00488,0.14843,28.80
$IMU,26878.187,-0.122,-0.183,-0.061,0.02099,1.00341,0.14990,28.80
$IMU,26878.189,-0.305,-0.183,-0.183,0.01806,1.00634,0.14697,28.80
$MAG,26878.190,-0.150,-0.516,-0.531,27.7
$IMU,26878.191,-0.427,0.061,-0.183,0.02001,1.00244,0.14648,28.80
$BARO,26878.194,86867.64,28.70
$IMU,26878.194,-0.427,0.000,-0.122,0.02001,1.00195,0.14892,28.80
$IMU,26878.196,-0.610,-0.183,-0.122,0.01708,1.00585,0.15039,28.85
$IMU,26878.199,-0.671,-0.244,-0.183,0.02099,1.00683,0.14941,28.85
$MAG,26878.200,-0.157,-0.523,-0.537,27.6
$IMU,26878.201,-0.732,-0.122,-0.244,0.01611,1.00488,0.14892,28.85
$IMU,26878.203,-0.854,-0.122,-0.183,0.02148,1.00341,0.14892,28.85
$IMU,26878.206,-0.976,0.061,-0.183,0.01904,1.00488,0.14746,28.85
$IMU,26878.208,-0.976,0.061,-0.183,0.01855,1.00195,0.14990,28.85
$MAG,26878.210,-0.150,-0.508,-0.535,27.6
$IMU,26878.210,-0.854,-0.061,-0.183,0.01416,1.00244,0.14892,28.85
$IMU,26878.213,-0.854,-0.061,-0.244,0.01660,1.00488,0.14990,28.85
$IMU,26878.215,-0.854,0.122,-0.305,0.01611,1.00195,0.15380,28.81
$IMU,26878.217,-0.671,0.000,-0.305,0.01806,1.00292,0.15478,28.81
$MAG,26878.220,-0.141,-0.522,-0.535,27.6
$IMU,26878.220,-0.610,-0.122,-0.244,0.01611,1.00097,0.15478,28.81
$IMU,26878.222,-0.488,-0.061,-0.244,0.01708,1.00390,0.15136,28.81
$IMU,26878.224,-0.305,-0.122,-0.183,0.01611,1.00439,0.15283,28.81
$IMU,26878.227,-0.244,0.000,-0.061,0.01953,1.00195,0.15087,28.81
$IMU,26878.229,-0.061,0.000,-0.122,0.01660,1.00244,0.15136,28.81
$MAG,26878.230,-0.142,-0.526,-0.534,27.6
$IMU,26878.231,0.000,0.061,-0.244,0.01708,1.00585,0.15380,28.81
$IMU,26878.234,0.061,-0.183,-0.244,0.01806,1.00537,0.15185,28.87
$IMU,26878.236,0.183,-0.122,-0.244,0.01513,1.00439,0.15087,28.87
$IMU,26878.238,0.183,-0.061,-0.183,0.01513,1.00146,0.14892,28.87
$MAG,26878.240,-0.153,-0.526,-0.532,27.7
$IMU,26878.241,0.183,-0.061,-0.122,0.01611,1.00048,0.14941,28.87
$IMU,26878.243,0.244,-0.061,-0.061,0.01660,1.00097,0.14843,28.87
$IMU,26878.245,0.305,-0.061,-0.061,0.01806,1.00244,0.14990,28.87
$IMU,26878.248,0.183,-0.122,-0.122,0.01757,1.00292,0.14648,28.87
$TIME,26878.249,510786.000,2399
$MAG,26878.250,-0.144,-0.516,-0.535,27.7
$IMU,26878.250,0.244,-0.183,-0.122,0.01708,1.00097,0.14941,28.87
$IMU,26878.252,0.122,-0.122,-0.122,0.01806,1.00292,0.14746,28.89
$IMU,26878.255,0.122,-0.183,-0.122,0.01806,1.00390,0.14843,28.89
$IMU,26878.257,-0.061,0.000,-0.122,0.02001,1.00683,0.14697,28.89
$MAG,26878.260,-0.144,-0.519,-0.525,27.6
$IMU,26878.260,-0.061,-0.122,-0.061,0.02050,1.00292,0.14892,28.89
$IMU,26878.262,-0.183,-0.061,-0.122,0.01708,1.00341,0.14941,28.89
$VBAT,26878.263,4.137
$IMU,26878.264,-0.183,-0.122,-0.122,0.01660,1.00634,0.14892,28.89
$IMU,26878.267,-0.305,-0.122,-0.122,0.01660,1.00341,0.14892,28.89
$IMU,26878.269,-0.427,0.000,-0.244,0.01953,1.00439,0.14746,28.89
$MAG,26878.270,-0.148,-0.523,-0.535,27.7
$IMU,26878.271,-0.549,-0.122,-0.244,0.01708,1.00683,0.14746,28.84
$IMU,26878.274,-0.549,-0.183,-0.122,0.01806,1.00830,0.14697,28.84
$IMU,26878.276,-0.549,-0.061,-0.122,0.01855,1.00537,0.14794,28.84
$IMU,26878.278,-0.671,-0.122,-0.122,0.02099,1.00292,0.14843,28.84
$MAG,26878.281,-0.145,-0.520,-0.526,27.7
$IMU,26878.281,-0.732,-0.061,-0.183,0.02197,1.00439,0.14892,28.84
$IMU,26878.283,-0.793,0.061,-0.183,0.02099,1.00585,0.14746,28.84
$IMU,26878.285,-0.671,-0.122,-0.305,0.02197,1.00097,0.14746,28.84
$IMU,26878.288,-0.671,0.000,-0.305,0.01904,1.00195,0.15087,28.84
$IMU,26878.290,-0.671,0.000,-0.244,0.01904,1.00146,0.15087,28.83
$MAG,26878.291,-0.139,-0.523,-0.532,27.7
$IMU,26878.292,-0.671,0.000,-0.244,0.01855,1.00439,0.15136,28.83
$BARO,26878.295,86869.67,28.70
$IMU,26878.295,-0.549,-0.061,-0.183,0.01855,1.00097,0.15380,28.83
$IMU,26878.297,-0.366,-0.183,-0.183,0.01708,1.00488,0.15332,28.83
$IMU,26878.299,-0.244,-0.244,-0.244,0.01953,1.00048,0.15087,28.83
$MAG,26878.301,-0.150,-0.525,-0.529,27.7
$IMU,26878.302,-0.244,-0.061,-0.244,0.01660,1.00244,0.15039,28.83
$IMU,26878.304,-0.244,-0.061,-0.244,0.01953,1.00195,0.15185,28.83
$IMU,26878.306,-0.122,-0.061,-0.244,0.01806,1.00537,0.15087,28.83
$IMU,26878.309,-0.061,0.000,-0.183,0.01904,1.00341,0.15136,28.84
$MAG,26878.311,-0.132,-0.520,-0.534,27.6
$IMU,26878.311,0.061,-0.122,-0.061,0.01757,1.00195,0.15136,28.84
$IMU,26878.313,0.122,-0.061,-0.183,0.01660,1.00390,0.15039,28.84
$IMU,26878.316,0.244,-0.061,-0.244,0.01513,1.00341,0.14990,28.84
$IMU,26878.318,0.244,-0.183,-0.244,0.01611,1.00341,0.15087,28.84
$MAG,26878.321,-0.142,-0.525,-0.531,27.7
$IMU,26878.321,0.183,-0.122,-0.244,0.01611,1.00634,0.15185,28.84
$IMU,26878.323,0.122,-0.122,-0.183,0.01660,1.00341,0.15087,28.84
$IMU,26878.325,0.061,-0.183,-0.122,0.01953,1.00390,0.15087,28.84
$IMU,26878.328,0.000,0.000,-0.061,0.01904,1.00585,0.15087,28.87
$IMU,26878.330,0.000,-0.061,-0.122,0.02001,1.00537,0.14990,28.87
$MAG,26878.331,-0.145,-0.517,-0.531,27.6
$IMU,26878.332,-0.122,0.000,-0.122,0.01855,1.00341,0.15039,28.87
$IMU,26878.335,-0.061,-0.183,-0.183,0.02099,1.00634,0.14746,28.87
$IMU,26878.337,-0.183,-0.122,-0.122,0.01757,1.00537,0.14794,28.87
$IMU,26878.339,-0.244,-0.122,-0.061,0.01855,1.00341,0.14794,28.87
$MAG,26878.341,-0.139,-0.526,-0.526,27.6
$IMU,26878.342,-0.366,-0.183,-0.061,0.01660,1.00537,0.14746,28.87
$IMU,26878.344,-0.488,0.000,0.000,0.01806,1.00439,0.14697,28.87
$IMU,26878.346,-0.488,-0.122,-0.061,0.01904,1.00830,0.14697,28.88
$IMU,26878.349,-0.427,-0.183,-0.122,0.02099,1.00146,0.15087,28.88
$MAG,26878.351,-0.144,-0.525,-0.534,27.7
$IMU,26878.351,-0.427,-0.061,-0.122,0.02099,1.00390,0.14892,28.88
$IMU,26878.353,-0.427,-0.122,-0.244,0.01953,1.00341,0.14892,28.88
$IMU,26878.356,-0.549,0.000,-0.244,0.02050,1.00048,0.14990,28.88
$IMU,26878.358,-0.549,0.000,-0.122,0.01806,1.00341,0.15039,28.88
$IMU,26878.360,-0.488,-0.183,-0.183,0.02148,1.00292,0.15234,28.88
$MAG,26878.361,-0.147,-0.519,-0.525,27.7
$IMU,26878.363,-0.549,-0.122,-0.244,0.01660,1.00537,0.14990,28.88
$IMU,26878.365,-0.427,-0.183,-0.244,0.01562,1.00146,0.15039,28.84
$IMU,26878.367,-0.427,-0.122,-0.244,0.02099,1.00488,0.15283,28.84
$IMU,26878.370,-0.366,0.000,-0.244,0.01806,1.00195,0.15039,28.84
$MAG,26878.371,-0.145,-0.517,-0.532,27.7
$IMU,26878.372,-0.305,-0.061,-0.305,0.02001,1.00488,0.15039,28.84
$IMU,26878.374,-0.305,-0.183,-0.305,0.01562,1.00292,0.15136,28.84
$IMU,26878.377,-0.183,-0.183,-0.244,0.01660,1.00488,0.15136,28.84
$IMU,26878.379,-0.122,-0.183,-0.244,0.01562,1.00048,0.15087,28.84
$MAG,26878.381,-0.133,-0.525,-0.525,27.6
$IMU,26878.382,-0.122,-0.061,-0.183,0.01806,1.00341,0.15039,28.84
$IMU,26878.384,-0.122,-0.061,-0.183,0.02001,1.00830,0.15039,28.89
$IMU,26878.386,-0.061,-0.122,-0.305,0.01416,1.00341,0.15039,28.89
$IMU,26878.389,0.000,-0.244,-0.305,0.01611,1.00585,0.15185,28.89
$IMU,26878.391,-0.122,0.061,-0.244,0.01611,1.00488,0.15234,28.89
$MAG,26878.392,-0.148,-0.528,-0.538,27.6
$IMU,26878.393,-0.122,0.000,-0.244,0.01611,1.00390,0.15087,28.89
$IMU,26878.396,-0.122,-0.061,-0.183,0.01611,1.00537,0.15087,28.89
$BARO,26878.397,86859.04,28.70
$IMU,26878.398,-0.122,0.000,-0.183,0.01513,1.00292,0.14941,28.89
$IMU,26878.400,-0.183,-0.122,-0.122,0.01513,1.00292,0.14941,28.89
$MAG,26878.402,-0.138,-0.519,-0.537,27.6
$IMU,26878.403,-0.122,-0.183,-0.183,0.01611,1.00390,0.15185,28.87
$IMU,26878.405,-0.061,-0.305,-0.183,0.01367,1.00439,0.15087,28.87
$IMU,26878.407,-0.244,-0.061,-0.122,0.01562,1.00341,0.14941,28.87
$IMU,26878.410,-0.244,0.000,-0.122,0.01562,1.00537,0.14941,28.87
$MAG,26878.412,-0.141,-0.516,-0.528,27.6
$IMU,26878.412,-0.305,-0.122,0.000,0.01953,1.00390,0.14697,28.87
$IMU,26878.414,-0.183,-0.183,0.000,0.01806,1.00292,0.14794,28.87
$IMU,26878.417,-0.305,-0.122,-0.122,0.02148,1.00341,0.15234,28.87
$IMU,26878.419,-0.305,0.000,-0.183,0.02099,1.00244,0.14892,28.87
$IMU,26878.421,-0.305,0.000,-0.183,0.01855,1.00292,0.14892,28.83
$MAG,26878.422,-0.141,-0.516,-0.532,27.7
$IMU,26878.424,-0.305,-0.061,-0.122,0.01757,1.00292,0.15234,28.83
$IMU,26878.426,-0.183,-0.183,-0.183,0.01513,1.00097,0.15087,28.83
$IMU,26878.428,-0.122,-0.122,-0.061,0.01513,1.00146,0.14990,28.83
$IMU,26878.431,-0.061,-0.122,-0.122,0.01562,1.00146,0.14990,28.83
$MAG,26878.432,-0.142,-0.523,-0.532,27.6
$IMU,26878.433,-0.183,0.000,-0.122,0.02148,1.00146,0.15136,28.83
$IMU,26878.435,0.000,-0.122,-0.183,0.01904,1.00585,0.15234,28.83
$IMU,26878.438,0.061,-0.244,-0.183,0.02099,1.00439,0.15039,28.83
$IMU,26878.440,0.061,-0.183,-0.183,0.01904,1.00244,0.14648,28.85
$MAG,26878.442,-0.144,-0.523,-0.538,27.6
$IMU,26878.443,0.061,-0.061,-0.244,0.01953,1.00292,0.14697,28.85
$IMU,26878.445,0.000,0.061,-0.244,0.02050,1.00781,0.14746,28.85
$IMU,26878.447,0.061,-0.061,-0.244,0.01904,1.00634,0.14648,28.85
$IMU,26878.450,0.000,-0.061,-0.244,0.02001,1.00341,0.14990,28.85
$MAG,26878.452,-0.142,-0.525,-0.523,27.6
$IMU,26878.452,0.000,-0.122,-0.244,0.01953,1.00341,0.14697,28.85
$IMU,26878.454,-0.122,-0.122,-0.244,0.01708,1.00585,0.14843,28.85
$IMU,26878.457,-0.183,-0.061,-0.244,0.01904,1.00390,0.14892,28.85
$IMU,26878.459,-0.183,-0.122,-0.183,0.01904,1.00341,0.14843,28.82
$IMU,26878.461,-0.366,0.000,-0.183,0.01416,1.00244,0.14648,28.82
$MAG,26878.462,-0.157,-0.508,-0.523,27.7
$IMU,26878.464,-0.305,-0.061,-0.183,0.01953,1.00390,0.14941,28.82
$IMU,26878.466,-0.305,-0.244,-0.183,0.01708,1.00292,0.14892,28.82
$IMU,26878.468,-0.488,-0.061,-0.244,0.02050,1.00292,0.15039,28.82
$IMU,26878.471,-0.427,-0.122,-0.244,0.01708,1.00244,0.14941,28.82
$MAG,26878.472,-0.141,-0.516,-0.531,27.6
$IMU,26878.473,-0.610,0.000,-0.244,0.01757,1.00000,0.14794,28.82
$IMU,26878.475,-0.671,0.000,-0.183,0.01953,1.00292,0.14892,28.82
$IMU,26878.478,-0.610,-0.244,-0.183,0.01806,1.00390,0.14990,28.85
$IMU,26878.480,-0.549,-0.183,-0.183,0.01513,1.00341,0.14648,28.85
$MAG,26878.482,-0.151,-0.510,-0.531,27.7
$IMU,26878.482,-0.671,0.061,-0.122,0.01904,1.00195,0.14941,28.85
$IMU,26878.485,-0.610,0.000,-0.122,0.01806,1.00390,0.14843,28.85
$IMU,26878.487,-0.549,-0.061,-0.183,0.01562,1.00390,0.14941,28.85
$IMU,26878.489,-0.549,0.000,-0.122,0.02050,1.00488,0.14843,28.85
$MAG,26878.492,-0.151,-0.525,-0.529,27.6
$IMU,26878.492,-0.366,-0.244,-0.061,0.01806,1.00488,0.14990,28.85
$IMU,26878.494,-0.366,-0.122,-0.122,0.02050,1.00683,0.15136,28.85
$IMU,26878.496,-0.366,0.000,-0.061,0.01953,1.00390,0.14990,28.87
$BARO,26878.498,86864.38,28.71
$IMU,26878.499,-0.244,0.000,-0.122,0.01757,1.00097,0.14941,28.87
$IMU,26878.501,-0.183,-0.183,-0.183,0.01757,1.00390,0.15283,28.87
$MAG,26878.503,-0.148,-0.519,-0.531,27.6
$IMU,26878.504,-0.122,-0.122,-0.183,0.01904,1.00634,0.15332,28.87
$IMU,26878.506,-0.061,0.000,-0.244,0.01660,1.00537,0.14990,28.87
$IMU,26878.508,-0.061,0.061,-0.244,0.01464,1.00244,0.14941,28.87
$IMU,26878.511,0.000,-0.061,-0.183,0.01806,1.00634,0.15136,28.87
$MAG,26878.513,-0.139,-0.522,-0.525,27.7
$IMU,26878.513,0.000,0.061,-0.122,0.01708,1.00439,0.15234,28.87
$IMU,26878.515,0.122,-0.244,-0.061,0.01660,1.00292,0.14990,28.84
$IMU,26878.518,0.122,-0.305,-0.122,0.01660,1.00341,0.15136,28.84
$IMU,26878.520,0.122,-0.183,-0.183,0.01660,1.00195,0.14843,28.84
$IMU,26878.522,0.000,-0.122,-0.183,0.01660,1.00439,0.14843,28.84
$MAG,26878.523,-0.148,-0.519,-0.528,27.6
$IMU,26878.525,-0.183,0.000,-0.183,0.01708,1.00341,0.14990,28.84
$IMU,26878.527,-0.183,-0.122,-0.183,0.02050,1.00439,0.14843,28.84
$IMU,26878.529,-0.244,0.061,-0.183,0.01953,1.00585,0.14941,28.84
$IMU,26878.532,-0.305,-0.061,-0.183,0.02294,1.00341,0.14843,28.84
$MAG,26878.533,-0.138,-0.528,-0.535,27.6
$IMU,26878.534,-0.244,-0.244,-0.183,0.01708,1.00488,0.14941,28.89
$IMU,26878.536,-0.366,-0.122,-0.183,0.01855,1.00585,0.14892,28.89
$IMU,26878.539,-0.427,-0.061,-0.183,0.01757,1.00048,0.15136,28.89
$IMU,26878.541,-0.488,-0.183,-0.244,0.01708,1.00488,0.15087,28.89
$MAG,26878.543,-0.144,-0.514,-0.541,27.7
$IMU,26878.543,-0.549,-0.122,-0.122,0.01806,1.00195,0.14990,28.89
$IMU,26878.546,-0.549,-0.061,-0.122,0.01757,1.00292,0.15136,28.89
$IMU,26878.548,-0.549,0.000,-0.183,0.02050,1.00341,0.15234,28.89
$IMU,26878.550,-0.488,0.000,-0.122,0.02050,1.00537,0.15332,28.89
$MAG,26878.553,-0.144,-0.514,-0.531,27.6
$IMU,26878.553,-0.427,-0.061,-0.183,0.01904,1.00244,0.15136,28.86
$IMU,26878.555,-0.366,-0.122,-0.183,0.01953,1.00439,0.14990,28.86
$IMU,26878.557,-0.305,-0.061,-0.244,0.02001,1.00585,0.15234,28.86
$IMU,26878.560,-0.244,-0.061,-0.244,0.01757,1.00781,0.15185,28.86
$IMU,26878.562,-0.244,0.000,-0.244,0.01416,1.00781,0.15283,28.86
$MAG,26878.563,-0.141,-0.513,-0.531,27.6
$IMU,26878.565,-0.122,-0.061,-0.122,0.01611,1.00488,0.15087,28.86
$IMU,26878.567,0.061,-0.122,-0.122,0.01855,1.00537,0.15039,28.86
$IMU,26878.569,0.183,-0.183,-0.122,0.02099,1.00244,0.15136,28.86
$IMU,26878.572,0.183,-0.061,-0.183,0.01708,1.00390,0.14990,28.85
$MAG,26878.573,-0.141,-0.522,-0.529,27.7
$IMU,26878.574,0.244,0.061,-0.244,0.01855,1.00537,0.15234,28.85
$IMU,26878.576,0.244,-0.061,-0.244,0.01904,1.00390,0.14941,28.85
$IMU,26878.579,0.183,-0.061,-0.183,0.01464,1.00488,0.14843,28.85
$IMU,26878.581,0.122,-0.122,-0.122,0.01660,1.00439,0.14746,28.85
$MAG,26878.583,-0.147,-0.516,-0.531,27.6
$IMU,26878.583,0.183,-0.183,-0.183,0.02001,1.00781,0.14941,28.85
$IMU,26878.586,0.122,-0.122,-0.183,0.02001,1.00488,0.14990,28.85
$IMU,26878.588,0.061,-0.122,-0.183,0.02050,1.00195,0.15136,28.85
$IMU,26878.590,0.000,-0.183,-0.183,0.01806,1.00244,0.14746,28.88
$MAG,26878.593,-0.153,-0.519,-0.534,27.7
$IMU,26878.593,-0.061,-0.122,-0.122,0.02001,1.00146,0.14550,28.88
$IMU,26878.595,-0.183,-0.122,-0.183,0.01660,1.00390,0.14599,28.88
$IMU,26878.597,-0.366,-0.183,-0.122,0.01611,1.00000,0.14404,28.88
$BARO,26878.600,86862.21,28.70
$IMU,26878.600,-0.366,-0.122,-0.122,0.01757,1.00439,0.14648,28.88
$IMU,26878.602,-0.549,0.000,-0.122,0.02148,1.00292,0.14941,28.88
$MAG,26878.604,-0.147,-0.528,-0.532,27.7
$IMU,26878.604,-0.610,-0.061,-0.122,0.01904,1.00146,0.15039,28.88
$IMU,26878.607,-0.671,0.000,-0.183,0.01806,1.00244,0.14794,28.88
$IMU,26878.609,-0.610,-0.122,-0.244,0.01757,1.00585,0.14746,28.87
$IMU,26878.611,-0.793,0.000,-0.183,0.01757,1.00585,0.15087,28.87
$MAG,26878.614,-0.142,-0.520,-0.520,27.7
$IMU,26878.614,-0.854,0.000,-0.061,0.01513,1.00439,0.14941,28.87
$IMU,26878.616,-0.793,0.000,-0.183,0.01708,1.00341,0.15283,28.87
$IMU,26878.618,-0.671,-0.122,-0.244,0.01855,1.00341,0.14941,28.87
$IMU,26878.621,-0.671,-0.061,-0.183,0.01855,1.00341,0.15283,28.87
$IMU,26878.623,-0.549,-0.183,-0.244,0.01708,1.00195,0.15283,28.87
$MAG,26878.624,-0.141,-0.522,-0.532,27.6
$IMU,26878.625,-0.427,-0.061,-0.305,0.01806,1.00537,0.15136,28.87
$IMU,26878.628,-0.427,-0.061,-0.244,0.01757,1.00634,0.15332,28.87
$IMU,26878.630,-0.244,-0.122,-0.183,0.01806,1.00195,0.15380,28.87
$IMU,26878.633,-0.122,-0.122,-0.183,0.01806,1.00537,0.15429,28.87
$MAG,26878.634,-0.133,-0.513,-0.532,27.6
$IMU,26878.635,-0.061,0.000,-0.183,0.01855,1.00781,0.15234,28.87
$IMU,26878.637,0.000,0.000,-0.122,0.01904,1.00537,0.15136,28.87
$IMU,26878.640,0.061,-0.061,-0.183,0.01953,1.00341,0.15185,28.87
$IMU,26878.642,0.183,0.000,-0.244,0.01513,1.00683,0.15039,28.87
$MAG,26878.644,-0.147,-0.517,-0.523,27.6
$IMU,26878.644,0.244,-0.183,-0.244,0.01953,1.00537,0.14990,28.87
$IMU,26878.647,0.183,-0.183,-0.183,0.01708,1.00439,0.14794,28.85
$IMU,26878.649,0.183,-0.122,-0.183,0.01611,1.00244,0.15039,28.85
$IMU,26878.651,0.061,-0.061,-0.061,0.02294,1.00244,0.15039,28.85
$MAG,26878.654,-0.139,-0.523,-0.532,27.6
$IMU,26878.654,0.000,0.000,-0.061,0.01562,0.99951,0.14843,28.85
$IMU,26878.656,0.061,-0.183,-0.183,0.01806,1.00244,0.14892,28.85
$IMU,26878.658,0.000,-0.122,-0.244,0.01806,1.00439,0.14843,28.85
$IMU,26878.661,-0.183,-0.061,-0.244,0.01513,1.00439,0.14892,28.85
$IMU,26878.663,-0.305,-0.061,-0.244,0.01757,1.00537,0.14843,28.85
$MAG,26878.664,-0.139,-0.520,-0.529,27.7
$IMU,26878.665,-0.488,0.000,-0.122,0.02148,1.00195,0.14941,28.87
$IMU,26878.668,-0.488,-0.061,-0.122,0.01757,1.00146,0.14794,28.87
$IMU,26878.670,-0.549,-0.244,-0.122,0.01855,1.00244,0.14746,28.87
$IMU,26878.672,-0.549,-0.122,-0.122,0.01806,1.00390,0.14746,28.87
$MAG,26878.674,-0.147,-0.526,-0.534,27.7
$IMU,26878.675,-0.549,0.061,-0.183,0.01806,1.00341,0.14990,28.87
$IMU,26878.677,-0.610,-0.061,-0.122,0.01611,1.00390,0.15039,28.87
$IMU,26878.679,-0.610,-0.122,-0.183,0.01855,1.00390,0.15087,28.87
$IMU,26878.682,-0.610,-0.061,-0.183,0.01855,1.00488,0.15234,28.87
$MAG,26878.684,-0.147,-0.520,-0.534,27.6
$IMU,26878.684,-0.549,-0.244,-0.122,0.01708,1.00537,0.15185,28.89
$IMU,26878.686,-0.549,-0.061,-0.122,0.01611,1.00439,0.14990,28.89
$IMU,26878.689,-0.488,-0.122,-0.122,0.01806,1.00585,0.15087,28.89
$IMU,26878.691,-0.488,-0.122,-0.183,0.01855,1.00634,0.15478,28.89
$MAG,26878.694,-0.142,-0.516,-0.532,27.7
$IMU,26878.694,-0.366,0.000,-0.183,0.02001,1.00341,0.15234,28.89
$IMU,26878.696,-0.244,-0.061,-0.183,0.02050,1.00439,0.15429,28.89
$IMU,26878.698,-0.122,-0.183,-0.244,0.01806,1.00292,0.15039,28.89
$BARO,26878.701,86859.94,28.71
$IMU,26878.701,-0.122,-0.122,-0.122,0.01806,0.99951,0.15234,28.89
$IMU,26878.703,-0.061,0.000,-0.122,0.01660,1.00537,0.15283,28.85
$MAG,26878.704,-0.144,-0.511,-0.532,27.6
$IMU,26878.705,0.183,-0.244,-0.183,0.02099,1.00195,0.15332,28.85
$IMU,26878.708,0.183,-0.183,-0.183,0.01855,1.00537,0.15380,28.85
$IMU,26878.710,0.122,0.000,-0.061,0.01855,1.00195,0.15039,28.85
$IMU,26878.712,0.061,0.000,-0.183,0.01953,1.00146,0.14794,28.85
$MAG,26878.715,-0.145,-0.519,-0.526,27.7
$IMU,26878.715,0.244,-0.122,-0.122,0.02050,1.00146,0.14892,28.85
$IMU,26878.717,0.305,-0.122,-0.061,0.01904,1.00439,0.14892,28.85
$IMU,26878.719,0.305,-0.122,-0.122,0.02099,1.00195,0.14746,28.85
$IMU,26878.722,0.244,-0.061,-0.122,0.02001,0.99951,0.14453,28.85
$IMU,26878.724,0.244,-0.183,-0.122,0.02001,1.00390,0.14550,28.85
$MAG,26878.725,-0.144,-0.525,-0.529,27.6
$IMU,26878.726,0.122,-0.122,-0.183,0.01806,1.00781,0.14892,28.85
$IMU,26878.729,0.183,0.000,-0.122,0.01757,1.00488,0.14648,28.85
$IMU,26878.731,0.183,-0.183,-0.122,0.01611,1.00439,0.14599,28.85
$IMU,26878.733,0.183,-0.305,-0.122,0.01708,1.00781,0.14941,28.85
$MAG,26878.735,-0.148,-0.519,-0.535,27.6
$IMU,26878.736,0.000,-0.183,-0.122,0.02001,1.00537,0.14746,28.85
$IMU,26878.738,-0.122,-0.122,-0.122,0.01904,1.00976,0.14697,28.85
$IMU,26878.740,-0.122,-0.183,-0.122,0.01562,1.00976,0.14550,28.86
$IMU,26878.743,-0.244,-0.061,-0.122,0.01708,1.00781,0.14501,28.86
$MAG,26878.745,-0.150,-0.528,-0.529,27.8
$IMU,26878.745,-0.305,-0.122,-0.183,0.01757,1.00878,0.14550,28.86
$IMU,26878.747,-0.488,-0.183,-0.183,0.01513,1.00390,0.14990,28.86
$IMU,26878.750,-0.732,0.000,-0.183,0.01513,1.00585,0.14746,28.86
$IMU,26878.752,-0.976,0.061,-0.183,0.01855,1.00927,0.14746,28.86
$MAG,26878.755,-0.136,-0.519,-0.528,27.6
$IMU,26878.755,-0.976,-0.122,-0.122,0.01611,1.00585,0.14697,28.86
$IMU,26878.757,-1.098,-0.183,-0.183,0.01953,1.00732,0.14843,28.86
$IMU,26878.759,-1.220,-0.061,-0.305,0.01904,1.00195,0.15136,28.87
$IMU,26878.762,-1.342,-0.061,-0.244,0.01806,1.00390,0.15039,28.87
$IMU,26878.764,-1.464,-0.061,-0.305,0.01708,1.00000,0.14941,28.87
$MAG,26878.765,-0.144,-0.532,-0.522,27.6
$IMU,26878.766,-1.586,0.000,-0.305,0.01855,0.99755,0.15429,28.87
$IMU,26878.769,-1.586,-0.122,-0.244,0.01611,0.99902,0.15380,28.87
$HUM,26878.770,34.3,29.1
$IMU,26878.771,-1.525,-0.183,-0.244,0.01464,0.99755,0.15478,28.87
$IMU,26878.773,-1.464,-0.183,-0.366,0.01806,0.99560,0.15527,28.87
$MAG,26878.775,-0.151,-0.526,-0.528,27.6
$IMU,26878.776,-1.464,-0.061,-0.366,0.01367,0.99365,0.15625,28.87
$IMU,26878.778,-1.403,0.000,-0.305,0.01367,0.99365,0.15527,28.87
$IMU,26878.780,-1.098,-0.122,-0.366,0.01806,0.99365,0.15771,28.87
$IMU,26878.783,-0.854,-0.183,-0.366,0.01757,0.99365,0.16015,28.87
$MAG,26878.785,-0.141,-0.522,-0.541,27.7
$IMU,26878.785,-0.732,-0.061,-0.305,0.01416,0.99316,0.15966,28.87
$IMU,26878.787,-0.488,0.061,-0.183,0.01416,0.99804,0.15625,28.87
$IMU,26878.790,-0.122,0.000,-0.244,0.01513,0.99609,0.15771,28.87
$IMU,26878.792,0.244,-0.061,-0.244,0.01757,0.99511,0.15917,28.87
$IMU,26878.794,0.610,-0.183,-0.183,0.01367,0.99707,0.15771,28.87
$MAG,26878.795,-0.138,-0.516,-0.531,27.7
$IMU,26878.797,0.854,-0.122,-0.244,0.01806,1.00048,0.15771,28.87
$IMU,26878.799,1.159,-0.122,-0.244,0.01464,1.00195,0.16113,28.87
$IMU,26878.801,1.403,-0.244,-0.183,0.01318,1.00390,0.15722,28.87
$BARO,26878.803,86862.82,28.70
$IMU,26878.804,1.708,-0.122,-0.183,0.01660,1.00244,0.15722,28.87
$MAG,26878.805,-0.141,-0.531,-0.531,27.6
$IMU,26878.806,1.953,-0.244,-0.183,0.01611,1.00732,0.15429,28.87
$IMU,26878.808,2.014,-0.122,-0.122,0.01660,1.00927,0.15234,28.87
$IMU,26878.811,2.075,-0.061,-0.061,0.01660,1.01123,0.14941,28.87
$IMU,26878.813,2.075,-0.122,0.000,0.01562,1.01269,0.14794,28.87
$MAG,26878.816,-0.136,-0.523,-0.534,27.7
$IMU,26878.816,2.136,-0.244,0.000,0.01708,1.01318,0.14453,28.87
$IMU,26878.818,1.953,-0.183,0.061,0.01513,1.01416,0.14404,28.87
$IMU,26878.820,1.831,-0.183,-0.061,0.01757,1.01074,0.14404,28.87
$IMU,26878.823,1.586,0.000,0.000,0.01953,1.01171,0.14160,28.87
$IMU,26878.825,1.220,-0.061,0.000,0.01953,1.01220,0.14013,28.87
$MAG,26878.826,-0.145,-0.526,-0.534,27.6
$IMU,26878.827,0.915,-0.183,0.000,0.01855,1.01123,0.13623,28.87
$IMU,26878.830,0.427,-0.061,0.000,0.01806,1.00927,0.13867,28.87
$IMU,26878.832,0.000,-0.122,0.000,0.01855,1.00927,0.13818,28.87
$IMU,26878.834,-0.488,-0.183,0.000,0.02490,1.00683,0.14062,28.87
$MAG,26878.836,-0.159,-0.523,-0.529,27.6
$IMU,26878.837,-0.854,-0.122,0.000,0.02246,1.00781,0.13867,28.87
$IMU,26878.839,-1.281,-0.061,0.061,0.01953,1.00439,0.13623,28.87
$IMU,26878.841,-1.770,0.061,0.000,0.02246,1.00195,0.13867,28.87
$IMU,26878.844,-1.953,-0.122,-0.122,0.02099,1.00292,0.14160,28.87
$MAG,26878.846,-0.148,-0.516,-0.528,27.7
$IMU,26878.846,-2.197,-0.183,-0.183,0.02294,1.00000,0.14160,28.87
$IMU,26878.848,-2.380,-0.122,-0.244,0.02246,0.99804,0.14501,28.87
$IMU,26878.851,-2.502,-0.061,-0.305,0.02246,0.99804,0.14697,28.87
$IMU,26878.853,-2.624,-0.061,-0.305,0.02294,1.00048,0.14843,28.83
$IMU,26878.855,-2.502,0.122,-0.244,0.01904,1.00000,0.14941,28.83
$MAG,26878.856,-0.144,-0.520,-0.540,27.6
$IMU,26878.858,-2.319,-0.122,-0.244,0.01953,0.99755,0.15283,28.83
$IMU,26878.860,-2.075,-0.122,-0.366,0.02197,1.00000,0.15478,28.83
$IMU,26878.862,-1.892,0.000,-0.488,0.02001,1.00048,0.15527,28.83
$IMU,26878.865,-1.647,-0.122,-0.427,0.01855,1.00000,0.15478,28.83
$MAG,26878.866,-0.141,-0.520,-0.534,27.6
$IMU,26878.867,-1.281,0.000,-0.366,0.01611,0.99951,0.15722,28.83
$IMU,26878.869,-0.793,0.000,-0.427,0.02001,1.00244,0.15771,28.83
$IMU,26878.872,-0.305,-0.183,-0.366,0.01562,1.00244,0.15917,28.85
$IMU,26878.874,0.061,-0.183,-0.366,0.01464,1.00292,0.15966,28.85
$MAG,26878.876,-0.147,-0.520,-0.529,27.7
$IMU,26878.877,0.488,-0.061,-0.366,0.01513,1.00781,0.15820,28.85
$IMU,26878.879,0.793,-0.061,-0.427,0.01562,1.00585,0.15869,28.85
$IMU,26878.881,1.037,-0.183,-0.366,0.01513,1.00439,0.15527,28.85
$IMU,26878.884,1.159,-0.061,-0.305,0.01269,1.00537,0.15380,28.85
$MAG,26878.886,-0.136,-0.529,-0.526,27.6
$IMU,26878.886,1.403,-0.183,-0.244,0.01318,1.00732,0.15087,28.85
$IMU,26878.888,1.525,-0.122,-0.244,0.01708,1.00439,0.14941,28.85
$IMU,26878.891,1.464,0.000,-0.122,0.01464,1.00683,0.15039,28.86
$IMU,26878.893,1.464,-0.122,-0.122,0.01464,1.00830,0.14746,28.86
$IMU,26878.895,1.342,-0.061,-0.122,0.01464,1.00634,0.14794,28.86
$MAG,26878.896,-0.147,-0.523,-0.534,27.7
$IMU,26878.898,1.159,-0.122,-0.061,0.01464,1.00439,0.14697,28.86
$IMU,26878.900,0.854,-0.061,0.000,0.01464,1.00537,0.14404,28.86
$IMU,26878.902,0.549,-0.061,0.000,0.01660,1.00195,0.14453,28.86
$BARO,26878.904,86865.18,28.71
$IMU,26878.905,0.244,-0.061,0.061,0.01757,1.00244,0.14453,28.86
$MAG,26878.906,-0.138,-0.523,-0.529,27.7
$IMU,26878.907,-0.122,-0.061,0.122,0.01806,1.00341,0.14501,28.86
$IMU,26878.909,-0.305,-0.061,0.122,0.02148,1.00195,0.14550,28.82
$IMU,26878.912,-0.610,-0.122,0.122,0.02099,1.00244,0.14697,28.82
$IMU,26878.914,-0.915,0.000,0.061,0.01806,0.99902,0.14746,28.82
$MAG,26878.916,-0.142,-0.522,-0.531,27.6
$IMU,26878.916,-1.159,-0.061,0.122,0.02148,1.00732,0.14794,28.82
$IMU,26878.919,-1.342,-0.183,0.122,0.02148,1.00390,0.15039,28.82
$IMU,26878.921,-1.525,-0.122,0.061,0.02246,1.00292,0.15136,28.82
$IMU,26878.923,-1.525,-0.183,0.061,0.02050,1.00195,0.14941,28.82
$MAG,26878.926,-0.144,-0.517,-0.531,27.7
$IMU,26878.926,-1.647,-0.061,0.061,0.02197,1.00488,0.15136,28.82
$IMU,26878.928,-1.586,0.122,-0.061,0.02392,1.00439,0.15234,28.84
$IMU,26878.930,-1.464,0.000,-0.122,0.02246,1.00683,0.15185,28.84
$IMU,26878.933,-1.220,-0.122,-0.183,0.02197,1.00439,0.15283,28.84
$IMU,26878.935,-1.037,-0.122,-0.244,0.02050,1.00781,0.15429,28.84
$MAG,26878.937,-0.142,-0.520,-0.532,27.7
$IMU,26878.938,-0.854,-0.061,-0.183,0.02001,1.00537,0.15527,28.84
$IMU,26878.940,-0.610,-0.061,-0.122,0.02099,1.00683,0.15673,28.84
$IMU,26878.942,-0.427,0.061,-0.244,0.01757,1.00488,0.15429,28.84
$IMU,26878.945,-0.122,0.000,-0.305,0.01611,1.00634,0.15380,28.84
$MAG,26878.947,-0.150,-0.519,-0.523,27.7
$IMU,26878.947,0.244,-0.122,-0.427,0.02148,1.00439,0.15478,28.87
$IMU,26878.949,0.427,-0.244,-0.427,0.01757,1.00585,0.14941,28.87
$IMU,26878.952,0.549,-0.122,-0.427,0.01464,1.00292,0.15332,28.87
$IMU,26878.954,0.671,-0.122,-0.427,0.01562,1.00585,0.15039,28.87
$IMU,26878.956,0.732,-0.122,-0.366,0.01660,1.00341,0.14941,28.87
$MAG,26878.957,-0.147,-0.523,-0.531,27.7
$IMU,26878.959,0.793,-0.061,-0.305,0.01708,1.00146,0.14990,28.87
$IMU,26878.961,0.915,-0.183,-0.366,0.01464,1.00341,0.14697,28.87
$IMU,26878.963,0.854,-0.183,-0.427,0.01269,1.00244,0.14746,28.87
$IMU,26878.966,0.732,-0.122,-0.366,0.01416,1.00585,0.14648,28.87
$MAG,26878.967,-0.145,-0.520,-0.528,27.7
$IMU,26878.968,0.427,0.122,-0.305,0.01660,1.00537,0.14550,28.87
$IMU,26878.970,0.244,0.000,-0.244,0.01416,1.00390,0.14599,28.87
$IMU,26878.973,0.122,0.000,-0.183,0.01660,1.00683,0.14746,28.87
$IMU,26878.975,-0.061,-0.122,-0.183,0.01611,1.00244,0.14550,28.87
$MAG,26878.977,-0.142,-0.525,-0.535,27.7
$IMU,26878.977,-0.366,0.000,-0.122,0.01611,1.00341,0.14501,28.87
$IMU,26878.980,-0.549,0.000,-0.061,0.01757,1.00097,0.14501,28.87
$IMU,26878.982,-0.854,0.122,-0.061,0.01562,1.00341,0.14550,28.87
$IMU,26878.984,-1.037,0.122,-0.061,0.01904,1.00292,0.14550,28.87
$MAG,26878.987,-0.142,-0.520,-0.532,27.6
$IMU,26878.987,-0.976,-0.305,0.000,0.01855,1.00488,0.14892,28.87
$IMU,26878.989,-1.098,-0.183,0.061,0.01904,1.00634,0.14794,28.87
$IMU,26878.991,-1.281,0.061,0.061,0.01611,1.00683,0.14794,28.87
$IMU,26878.994,-1.220,-0.122,0.122,0.01855,1.00195,0.15136,28.87
$IMU,26878.996,-1.220,-0.183,0.000,0.01953,1.00634,0.14990,28.87
$MAG,26878.997,-0.147,-0.525,-0.537,27.6
$IMU,26878.999,-1.159,-0.061,0.000,0.02001,1.00488,0.15087,28.87
$IMU,26879.001,-1.098,-0.122,0.061,0.02001,1.00537,0.15332,28.87
$IMU,26879.003,-0.915,-0.183,-0.061,0.01953,1.00195,0.15332,28.89
$BARO,26879.005,86868.35,28.71
$IMU,26879.006,-0.793,0.000,-0.061,0.01855,1.00634,0.15332,28.89
$MAG,26879.007,-0.147,-0.523,-0.526,27.6
$IMU,26879.008,-0.732,0.061,-0.061,0.02099,1.00537,0.15332,28.89
$IMU,26879.010,-0.488,-0.122,-0.061,0.02148,1.00683,0.15478,28.89
$IMU,26879.013,-0.183,-0.183,-0.122,0.02246,1.00341,0.15136,28.89
$IMU,26879.015,0.000,-0.122,-0.244,0.02294,1.00537,0.15380,28.89
$MAG,26879.017,-0.145,-0.513,-0.523,27.6
$IMU,26879.017,0.122,-0.061,-0.305,0.02001,1.00488,0.15478,28.89
$IMU,26879.020,0.183,0.000,-0.244,0.02099,1.00390,0.15332,28.89
$IMU,26879.022,0.305,0.122,-0.183,0.02148,1.00000,0.15234,28.85
$IMU,26879.024,0.549,0.000,-0.244,0.01904,1.00000,0.15039,28.85
$MAG,26879.027,-0.147,-0.517,-0.532,27.6
$IMU,26879.027,0.671,-0.244,-0.244,0.01904,1.00488,0.14941,28.85
$IMU,26879.029,0.671,-0.183,-0.183,0.01855,1.00390,0.14794,28.85
$IMU,26879.031,0.549,-0.122,-0.305,0.01416,1.00439,0.15136,28.85
$IMU,26879.034,0.549,-0.122,-0.366,0.01708,1.00390,0.14746,28.85
$IMU,26879.036,0.427,-0.183,-0.244,0.01953,1.00390,0.14746,28.85
$MAG,26879.037,-0.144,-0.525,-0.528,27.7
$IMU,26879.038,0.305,-0.183,-0.305,0.01660,1.00195,0.14550,28.85
$IMU,26879.041,0.305,-0.122,-0.244,0.01855,1.00585,0.14794,28.87
$IMU,26879.043,0.122,-0.244,-0.244,0.01904,1.00439,0.14843,28.87
$IMU,26879.045,-0.183,-0.122,-0.183,0.01660,1.00195,0.14599,28.87
$MAG,26879.048,-0.147,-0.528,-0.525,27.6
$IMU,26879.048,-0.427,0.000,-0.244,0.02050,1.00341,0.14599,28.87
$IMU,26879.050,-0.549,-0.183,-0.244,0.01855,1.00732,0.14794,28.87
$IMU,26879.052,-0.671,-0.183,-0.183,0.01660,1.00341,0.14843,28.87
$IMU,26879.055,-0.793,-0.122,-0.244,0.01611,1.00537,0.14697,28.87
$IMU,26879.057,-0.976,0.061,-0.183,0.01806,1.00244,0.14843,28.87
$MAG,26879.058,-0.141,-0.525,-0.531,27.7
$IMU,26879.059,-1.159,0.061,-0.122,0.01708,1.00390,0.14990,28.88
$IMU,26879.062,-0.976,-0.183,-0.061,0.02148,1.00537,0.14990,28.88
$IMU,26879.064,-1.098,0.000,-0.061,0.02246,1.00244,0.15087,28.88
$IMU,26879.067,-1.159,-0.122,-0.122,0.01904,1.00341,0.15039,28.88
$MAG,26879.068,-0.147,-0.525,-0.532,27.6
$IMU,26879.069,-1.037,0.000,-0.122,0.02099,1.00439,0.15283,28.88
$IMU,26879.071,-0.915,0.061,-0.183,0.01904,1.00292,0.15625,28.88
$IMU,26879.074,-0.793,-0.183,-0.122,0.01513,1.00341,0.15283,28.88
$IMU,26879.076,-0.610,-0.183,-0.061,0.01660,1.00341,0.15283,28.88
$MAG,26879.078,-0.142,-0.520,-0.535,27.7
$IMU,26879.078,-0.366,-0.061,-0.122,0.01660,0.99853,0.15283,28.86
$IMU,26879.081,-0.305,-0.122,-0.183,0.01660,1.00292,0.15283,28.86
$IMU,26879.083,-0.122,-0.061,-0.183,0.01855,1.00341,0.15478,28.86
$IMU,26879.085,-0.061,0.000,-0.122,0.01953,1.00244,0.15185,28.86
$MAG,26879.088,-0.139,-0.520,-0.526,27.6
$IMU,26879.088,0.183,-0.244,-0.122,0.02197,1.00341,0.15429,28.86
$IMU,26879.090,0.305,-0.122,-0.183,0.01757,1.00146,0.15234,28.86
$IMU,26879.092,0.305,0.061,-0.183,0.01757,1.00146,0.15185,28.86
$IMU,26879.095,0.427,0.000,-0.244,0.02001,1.00146,0.15283,28.86
$IMU,26879.097,0.488,0.000,-0.305,0.01660,1.00390,0.15185,28.87
$MAG,26879.098,-0.151,-0.528,-0.531,27.7
$IMU,26879.099,0.488,-0.061,-0.183,0.01806,1.00097,0.15039,28.87
$IMU,26879.102,0.488,-0.183,-0.305,0.01757,1.00732,0.14843,28.87
$IMU,26879.104,0.549,-0.122,-0.244,0.01708,1.00195,0.14648,28.87
$IMU,26879.106,0.305,0.122,-0.183,0.01757,1.00341,0.14550,28.87
$BARO,26879.107,86868.35,28.71
$MAG,26879.108,-0.139,-0.529,-0.529,27.6
$IMU,26879.109,0.244,0.000,-0.183,0.02001,1.00292,0.14794,28.87
$IMU,26879.111,0.122,-0.061,-0.183,0.02099,1.00292,0.14648,28.87
$IMU,26879.113,0.061,-0.061,-0.183,0.01806,1.00683,0.14794,28.87
$IMU,26879.116,-0.122,-0.122,-0.244,0.01855,1.00390,0.14746,28.89
$MAG,26879.118,-0.144,-0.516,-0.529,28.0
$IMU,26879.118,-0.244,-0.061,-0.305,0.01806,1.00634,0.14941,28.89
$IMU,26879.120,-0.488,0.000,-0.122,0.01562,1.00439,0.14892,28.89
$IMU,26879.123,-0.610,-0.061,-0.183,0.01464,1.00781,0.14355,28.89
$IMU,26879.125,-0.671,-0.061,-0.183,0.01757,1.00439,0.14404,28.89
$MAG,26879.128,-0.148,-0.523,-0.529,27.7
$IMU,26879.128,-0.671,-0.061,-0.061,0.01708,1.00292,0.14697,28.89
$IMU,26879.130,-0.793,-0.061,-0.122,0.01611,1.00341,0.14746,28.89
$IMU,26879.132,-0.915,0.000,-0.122,0.02001,1.00390,0.14794,28.89
$IMU,26879.135,-0.976,0.061,-0.122,0.01904,1.00537,0.14843,28.87
$IMU,26879.137,-0.976,-0.122,-0.183,0.01611,1.00488,0.14990,28.87
$MAG,26879.138,-0.138,-0.523,-0.534,27.7
$IMU,26879.139,-0.976,-0.244,-0.061,0.01806,1.00195,0.15136,28.87
$IMU,26879.142,-0.976,-0.122,-0.122,0.01708,1.00390,0.15234,28.87
$IMU,26879.144,-0.915,-0.061,-0.061,0.01953,1.00488,0.15185,28.87
$IMU,26879.146,-0.793,0.000,-0.122,0.02050,1.00000,0.15136,28.87
$MAG,26879.148,-0.144,-0.526,-0.529,27.7
$IMU,26879.149,-0.610,0.000,-0.183,0.01855,0.99951,0.15039,28.87
$IMU,26879.151,-0.366,-0.122,-0.183,0.01953,1.00244,0.15283,28.87
$IMU,26879.153,-0.305,-0.122,-0.183,0.02001,1.00292,0.15429,28.85
$IMU,26879.156,-0.244,-0.122,-0.122,0.01855,1.00341,0.15283,28.85
$IMU,26879.158,-0.122,0.000,-0.183,0.01904,0.99755,0.15576,28.85
$MAG,26879.159,-0.142,-0.519,-0.535,27.7
$IMU,26879.160,0.000,0.000,-0.244,0.01513,1.00146,0.15185,28.85
$IMU,26879.163,0.183,-0.061,-0.305,0.01757,1.00195,0.15039,28.85
$IMU,26879.165,0.244,-0.061,-0.183,0.01757,1.00292,0.15039,28.85
$IMU,26879.167,0.305,-0.122,-0.244,0.01806,1.00097,0.15283,28.85
$MAG,26879.169,-0.144,-0.514,-0.532,27.7
$IMU,26879.170,0.305,-0.061,-0.305,0.01855,1.00097,0.15234,28.85
$IMU,26879.172,0.244,-0.061,-0.244,0.01708,1.00683,0.15185,28.87
$IMU,26879.174,0.305,-0.122,-0.183,0.01318,1.00048,0.14941,28.87
$IMU,26879.177,0.244,-0.183,-0.183,0.01757,1.00537,0.14941,28.87
$MAG,26879.179,-0.144,-0.522,-0.537,27.8
$IMU,26879.179,0.183,-0.183,-0.183,0.01855,1.00341,0.14843,28.87
$IMU,26879.181,0.122,-0.122,-0.244,0.01806,1.00488,0.14843,28.87
$IMU,26879.184,-0.061,0.000,-0.122,0.01660,1.00341,0.14697,28.87
$IMU,26879.186,-0.183,-0.122,-0.183,0.01562,1.00439,0.14892,28.87
$MAG,26879.189,-0.150,-0.514,-0.531,27.8
$IMU,26879.189,-0.183,-0.122,-0.183,0.01611,1.00537,0.14794,28.87
$IMU,26879.191,-0.366,-0.061,-0.183,0.01708,1.00341,0.14697,28.85
$IMU,26879.193,-0.488,-0.122,-0.122,0.01855,1.00439,0.14843,28.85
$IMU,26879.196,-0.549,0.000,-0.183,0.01904,1.00390,0.14990,28.85
$IMU,26879.198,-0.610,-0.122,-0.244,0.01513,1.00537,0.15087,28.85
$MAG,26879.199,-0.145,-0.516,-0.534,27.6
$IMU,26879.200,-0.671,0.000,-0.122,0.01660,1.00781,0.14843,28.85
$IMU,26879.203,-0.671,-0.122,-0.061,0.02001,1.00390,0.15087,28.85
$IMU,26879.205,-0.732,-0.183,-0.183,0.01855,1.00341,0.14892,28.85
$IMU,26879.207,-0.732,-0.122,-0.183,0.01806,1.00146,0.15136,28.85
$BARO,26879.208,86865.72,28.71
$MAG,26879.209,-0.145,-0.519,-0.528,27.6
$IMU,26879.210,-0.671,0.000,-0.061,0.02050,1.00537,0.15087,28.91
$IMU,26879.212,-0.549,-0.183,-0.122,0.01660,1.00585,0.15039,28.91
$IMU,26879.214,-0.549,-0.183,-0.122,0.01806,1.00195,0.14941,28.91
$IMU,26879.217,-0.427,-0.061,-0.244,0.01708,1.00488,0.15039,28.91
$MAG,26879.219,-0.142,-0.519,-0.535,27.6
$IMU,26879.219,-0.427,0.061,-0.183,0.02001,1.00292,0.15234,28.91
$IMU,26879.221,-0.244,-0.122,-0.183,0.01757,1.00341,0.15039,28.91
$IMU,26879.224,-0.183,-0.122,-0.122,0.01562,1.00781,0.15039,28.91
$IMU,26879.226,-0.122,-0.122,-0.183,0.01855,1.00537,0.14941,28.91
$IMU,26879.228,0.000,-0.122,-0.122,0.01855,1.00439,0.15185,28.85
$MAG,26879.229,-0.150,-0.508,-0.529,27.7
$IMU,26879.231,-0.061,-0.061,-0.122,0.01904,1.00195,0.14843,28.85
$IMU,26879.233,0.000,-0.061,-0.244,0.01806,1.00439,0.14794,28.85
$IMU,26879.235,0.061,-0.061,-0.183,0.01757,1.00341,0.15185,28.85
$IMU,26879.238,-0.061,0.061,-0.244,0.01806,1.00195,0.14990,28.85
$MAG,26879.239,-0.144,-0.520,-0.534,27.6
$IMU,26879.240,0.000,-0.122,-0.244,0.01855,1.00000,0.15039,28.85
$IMU,26879.242,-0.122,-0.122,-0.244,0.01611,1.00195,0.14746,28.85
$IMU,26879.245,-0.061,-0.183,-0.183,0.01806,1.00000,0.14843,28.85
$IMU,26879.247,-0.183,-0.061,-0.183,0.01904,1.00048,0.14892,28.89
$MAG,26879.249,-0.144,-0.516,-0.540,27.6
$TIME,26879.249,510787.000,2399
$IMU,26879.250,-0.122,-0.183,-0.244,0.01806,1.00585,0.14843,28.89
$IMU,26879.252,-0.305,-0.122,-0.244,0.01660,1.00000,0.15039,28.89
$IMU,26879.254,-0.427,-0.061,-0.244,0.01660,1.00048,0.14843,28.89
$IMU,26879.257,-0.488,-0.061,-0.244,0.01660,1.00292,0.14892,28.89
$MAG,26879.259,-0.145,-0.526,-0.526,27.6
$IMU,26879.259,-0.549,-0.183,-0.122,0.01416,1.00292,0.14941,28.89
$IMU,26879.261,-0.671,-0.122,-0.183,0.01757,1.00244,0.14990,28.89
$VBAT,26879.263,4.108
$IMU,26879.264,-0.732,0.000,-0.183,0.01708,1.00341,0.14892,28.89
$IMU,26879.266,-0.671,-0.244,-0.183,0.01562,1.00048,0.14990,28.85
$IMU,26879.268,-0.732,-0.061,-0.122,0.01611,0.99951,0.15087,28.85
$MAG,26879.270,-0.148,-0.529,-0.543,27.6
$IMU,26879.271,-0.671,0.000,-0.183,0.01904,0.99853,0.15332,28.85
$IMU,26879.273,-0.732,-0.061,-0.183,0.01806,0.99951,0.14892,28.85
$IMU,26879.275,-0.610,-0.061,-0.122,0.01562,0.99853,0.15332,28.85
$IMU,26879.278,-0.549,-0.061,-0.122,0.01708,1.00244,0.15332,28.85
$MAG,26879.280,-0.138,-0.516,-0.531,27.8
$IMU,26879.280,-0.488,-0.061,-0.122,0.01953,1.00341,0.15185,28.85
$IMU,26879.282,-0.427,-0.122,-0.183,0.01855,1.00585,0.15185,28.85
$IMU,26879.285,-0.244,-0.061,-0.183,0.01708,1.00439,0.15234,28.85
$IMU,26879.287,-0.183,0.000,-0.244,0.01806,1.00390,0.15625,28.85
$IMU,26879.289,0.000,0.000,-0.183,0.01855,1.00341,0.15380,28.85
$MAG,26879.290,-0.144,-0.516,-0.528,27.6
$IMU,26879.292,0.122,-0.061,-0.122,0.01855,1.00195,0.15478,28.85
$IMU,26879.294,0.183,0.061,-0.183,0.02050,1.00390,0.15380,28.85
$IMU,26879.296,0.366,-0.122,-0.183,0.02197,1.00048,0.15136,28.85
$IMU,26879.299,0.488,-0.061,-0.183,0.02392,1.00244,0.14892,28.85
$MAG,26879.300,-0.141,-0.525,-0.529,27.7
$IMU,26879.301,0.549,0.061,-0.183,0.01806,1.00488,0.15136,28.85
$IMU,26879.303,0.671,-0.122,-0.183,0.01660,1.00634,0.14990,28.87
$IMU,26879.306,0.671,-0.122,-0.183,0.01806,1.00830,0.15185,28.87
$IMU,26879.308,0.671,-0.122,-0.183,0.01953,1.00439,0.15087,28.87
$BARO,26879.310,86865.06,28.72
$MAG,26879.310,-0.141,-0.519,-0.531,27.7
$IMU,26879.311,0.671,-0.061,-0.122,0.02099,1.00390,0.14746,28.87
$IMU,26879.313,0.610,-0.122,-0.183,0.01757,1.00634,0.14746,28.87
$IMU,26879.315,0.549,-0.122,-0.122,0.01708,1.00732,0.14892,28.87
$IMU,26879.318,0.488,-0.183,-0.183,0.01611,1.00244,0.14599,28.87
$MAG,26879.320,-0.153,-0.528,-0.535,27.7
$IMU,26879.320,0.244,-0.061,-0.244,0.01660,1.00537,0.14892,28.87
$IMU,26879.322,0.061,0.000,-0.244,0.01855,1.00390,0.14941,28.84
$IMU,26879.325,-0.061,-0.122,-0.244,0.01708,1.00830,0.14599,28.84
$IMU,26879.327,-0.244,-0.122,-0.244,0.01855,1.00341,0.14599,28.84
$IMU,26879.329,-0.427,-0.122,-0.183,0.01904,1.00341,0.14697,28.84
$MAG,26879.330,-0.145,-0.522,-0.528,28.0
$IMU,26879.332,-0.549,-0.061,-0.122,0.01708,1.00048,0.14697,28.84
$IMU,26879.334,-0.671,-0.244,-0.244,0.01806,1.00439,0.14892,28.84
$IMU,26879.336,-0.793,-0.122,-0.244,0.01367,1.00341,0.14746,28.84
$IMU,26879.339,-0.976,-0.061,-0.244,0.01367,1.00390,0.14843,28.84
$MAG,26879.340,-0.139,-0.514,-0.538,27.7
$IMU,26879.341,-0.976,-0.061,-0.183,0.01953,0.99902,0.15087,28.91
$IMU,26879.343,-0.915,-0.122,-0.122,0.01660,1.00244,0.15136,28.91
$IMU,26879.346,-0.915,0.000,-0.122,0.02001,1.00146,0.15087,28.91
$IMU,26879.348,-0.854,-0.122,-0.183,0.02001,1.00292,0.15039,28.91
$MAG,26879.350,-0.145,-0.525,-0.529,27.8
$IMU,26879.350,-0.732,-0.061,-0.244,0.01904,1.00341,0.15380,28.91
$IMU,26879.353,-0.732,-0.061,-0.244,0.01708,1.00146,0.15283,28.91
$IMU,26879.355,-0.488,-0.183,-0.244,0.01757,1.00146,0.15429,28.91
$IMU,26879.357,-0.305,-0.061,-0.244,0.01855,1.00195,0.15283,28.91
$MAG,26879.360,-0.147,-0.516,-0.535,27.7
$IMU,26879.360,-0.183,0.000,-0.183,0.01562,1.00439,0.15234,28.85
$IMU,26879.362,-0.061,0.000,-0.122,0.01708,1.00341,0.15234,28.85
$IMU,26879.364,0.122,0.000,-0.122,0.01708,1.00439,0.15234,28.85
$IMU,26879.367,0.366,-0.061,-0.244,0.01855,1.00537,0.15576,28.85
$IMU,26879.369,0.488,-0.183,-0.183,0.01855,1.00585,0.15283,28.85
$MAG,26879.370,-0.141,-0.526,-0.532,27.7
$IMU,26879.372,0.610,-0.122,-0.183,0.01855,1.00439,0.15283,28.85
$IMU,26879.374,0.610,-0.061,-0.183,0.01855,1.00634,0.14892,28.85
$IMU,26879.376,0.671,-0.061,-0.183,0.01708,1.00292,0.14843,28.85
$IMU,26879.379,0.732,-0.122,-0.122,0.01904,1.00537,0.14941,28.87
$MAG,26879.381,-0.139,-0.517,-0.529,27.7
$IMU,26879.381,0.793,-0.122,-0.122,0.01806,1.00537,0.14990,28.87
$IMU,26879.383,0.610,-0.061,-0.122,0.02050,1.00439,0.14746,28.87
$IMU,26879.386,0.427,0.122,-0.122,0.01855,1.00195,0.14648,28.87
$IMU,26879.388,0.366,0.000,-0.183,0.01953,1.00439,0.14453,28.87
$IMU,26879.390,0.244,0.000,-0.122,0.01953,1.00439,0.14257,28.87
$MAG,26879.391,-0.156,-0.520,-0.520,27.7
$IMU,26879.393,0.061,-0.183,-0.061,0.01757,1.00341,0.14599,28.87
$IMU,26879.395,-0.061,-0.244,-0.061,0.01757,1.00341,0.14404,28.87
$IMU,26879.397,-0.305,-0.061,-0.061,0.01660,1.00439,0.14453,28.89
$IMU,26879.400,-0.488,-0.061,-0.061,0.01953,1.00439,0.14453,28.89
$MAG,26879.401,-0.138,-0.520,-0.534,27.7
$IMU,26879.402,-0.732,0.061,-0.183,0.02099,1.00146,0.14501,28.89
$IMU,26879.404,-0.915,0.000,-0.183,0.02001,1.00439,0.14453,28.89
$IMU,26879.407,-1.037,-0.122,-0.122,0.01953,1.00341,0.14648,28.89
$IMU,26879.409,-1.159,0.061,-0.122,0.01855,1.00000,0.14697,28.89
$BARO,26879.411,86880.64,28.71
$MAG,26879.411,-0.139,-0.522,-0.531,27.7
$IMU,26879.411,-1.220,0.000,-0.183,0.01855,1.00439,0.14843,28.89
$IMU,26879.414,-1.220,-0.305,-0.183,0.01513,1.00390,0.15185,28.89
$IMU,26879.416,-1.220,-0.122,-0.244,0.01416,1.00390,0.15234,28.85
$IMU,26879.418,-1.220,-0.061,-0.244,0.01806,1.00732,0.14990,28.85
$MAG,26879.421,-0.142,-0.516,-0.531,27.7
$IMU,26879.421,-1.098,-0.183,-0.244,0.01562,1.00439,0.14990,28.85
$IMU,26879.423,-0.915,-0.122,-0.244,0.01513,1.00634,0.15478,28.85
$IMU,26879.425,-0.854,-0.183,-0.244,0.01708,1.00537,0.15332,28.85
$IMU,26879.428,-0.732,-0.061,-0.244,0.01708,1.00537,0.15429,28.85
$IMU,26879.430,-0.427,-0.244,-0.244,0.01513,1.00390,0.15283,28.85
$MAG,26879.431,-0.144,-0.517,-0.537,27.6
$IMU,26879.433,-0.305,0.000,-0.244,0.01611,1.00390,0.15283,28.85
$IMU,26879.435,-0.305,0.122,-0.305,0.01611,1.00341,0.15576,28.87
$IMU,26879.437,0.000,-0.122,-0.244,0.01904,1.00292,0.15576,28.87
$IMU,26879.440,0.061,-0.061,-0.305,0.01513,1.00292,0.15625,28.87
$MAG,26879.441,-0.141,-0.519,-0.528,27.6
$IMU,26879.442,0.183,-0.061,-0.244,0.01562,1.00146,0.15380,28.87
$IMU,26879.444,0.244,0.000,-0.244,0.01464,1.00390,0.15380,28.87
$IMU,26879.447,0.244,0.061,-0.122,0.01611,1.00292,0.15136,28.87
$IMU,26879.449,0.366,0.000,-0.122,0.01611,0.99951,0.15283,28.87
$MAG,26879.451,-0.141,-0.523,-0.531,27.7
$IMU,26879.451,0.549,-0.183,-0.122,0.01562,1.00292,0.15136,28.87
$IMU,26879.454,0.488,-0.122,-0.122,0.01904,1.00439,0.15087,28.89
$IMU,26879.456,0.427,-0.183,-0.122,0.01953,1.00244,0.14892,28.89
$IMU,26879.458,0.366,-0.122,-0.122,0.01806,1.00195,0.14746,28.89
$MAG,26879.461,-0.145,-0.520,-0.528,27.6
$IMU,26879.461,0.305,-0.061,-0.122,0.01855,1.00488,0.14648,28.89
$IMU,26879.463,0.244,-0.183,-0.061,0.01660,1.00244,0.14746,28.89
$IMU,26879.465,0.061,-0.122,0.000,0.02099,1.00000,0.14306,28.89
$IMU,26879.468,0.061,0.000,-0.061,0.01806,1.00146,0.14697,28.89
$IMU,26879.470,-0.122,-0.122,0.061,0.02001,0.99951,0.15283,28.89
$MAG,26879.471,-0.145,-0.525,-0.534,27.7
$IMU,26879.472,-0.244,-0.122,0.000,0.02050,1.00292,0.14941,28.89
$IMU,26879.475,-0.366,-0.061,0.000,0.02001,1.00341,0.14941,28.89
$IMU,26879.477,-0.488,-0.061,-0.122,0.02050,1.00683,0.15087,28.89
$IMU,26879.479,-0.549,-0.183,0.000,0.01806,1.00439,0.14746,28.89
$MAG,26879.481,-0.145,-0.526,-0.541,27.7
$IMU,26879.482,-0.549,0.000,0.000,0.01855,1.00488,0.14843,28.89
$IMU,26879.484,-0.549,-0.244,-0.122,0.01904,1.00537,0.14843,28.89
$IMU,26879.486,-0.549,-0.061,-0.122,0.01904,1.00830,0.15087,28.89
$IMU,26879.489,-0.610,-0.122,-0.183,0.01855,1.00634,0.15087,28.89
$IMU,26879.491,-0.549,-0.244,-0.183,0.01855,1.00732,0.15136,28.84
$MAG,26879.492,-0.144,-0.520,-0.529,27.7
$IMU,26879.493,-0.488,-0.122,-0.183,0.01757,1.00292,0.14941,28.84
$IMU,26879.496,-0.488,-0.061,-0.183,0.01806,1.00634,0.15039,28.84
$IMU,26879.498,-0.549,-0.061,-0.244,0.01708,1.00634,0.15234,28.84
$IMU,26879.501,-0.427,-0.061,-0.183,0.01904,1.00439,0.15039,28.84
$MAG,26879.502,-0.142,-0.520,-0.532,27.7
$IMU,26879.503,-0.305,0.000,-0.183,0.02050,1.00585,0.15039,28.84
$IMU,26879.505,-0.183,-0.183,-0.305,0.01953,1.00732,0.15087,28.84
$IMU,26879.508,-0.183,-0.061,-0.305,0.02001,1.00292,0.15087,28.84
$IMU,26879.510,-0.244,0.000,-0.305,0.01757,1.00488,0.15332,28.85
$MAG,26879.512,-0.141,-0.522,-0.522,27.7
$IMU,26879.512,-0.183,0.061,-0.305,0.01953,1.00048,0.15234,28.85
$BARO,26879.513,86864.87,28.72
$IMU,26879.515,-0.061,-0.061,-0.366,0.01708,1.00097,0.15136,28.85
$IMU,26879.517,-0.061,0.000,-0.305,0.01953,1.00292,0.15087,28.85
$IMU,26879.519,-0.061,-0.183,-0.244,0.01953,1.00195,0.14990,28.85
$MAG,26879.522,-0.144,-0.517,-0.535,27.6
$IMU,26879.522,0.061,-0.122,-0.244,0.01708,1.00000,0.14843,28.85
$IMU,26879.524,0.000,-0.061,-0.305,0.01855,1.00390,0.14990,28.85
$IMU,26879.526,-0.061,0.000,-0.244,0.01708,1.00585,0.14892,28.85
$IMU,26879.529,-0.061,-0.183,-0.183,0.01660,1.00146,0.14843,28.87
$IMU,26879.531,-0.061,-0.122,-0.122,0.02246,1.00292,0.15087,28.87
$MAG,26879.532,-0.139,-0.526,-0.528,27.6
$IMU,26879.533,-0.122,-0.061,-0.122,0.01757,1.00439,0.14746,28.87
$IMU,26879.536,-0.122,-0.244,-0.122,0.01611,1.00878,0.14746,28.87
$IMU,26879.538,-0.122,-0.183,-0.122,0.01904,1.00341,0.14843,28.87
$IMU,26879.540,-0.244,0.000,-0.122,0.01513,1.00195,0.14843,28.87
$MAG,26879.542,-0.142,-0.516,-0.529,27.6
$IMU,26879.543,-0.305,0.000,-0.122,0.01855,1.00097,0.14843,28.87
$IMU,26879.545,-0.305,-0.183,-0.061,0.02001,1.00488,0.14892,28.87
$IMU,26879.547,-0.366,-0.061,0.000,0.01855,1.00195,0.14794,28.89
$IMU,26879.550,-0.305,-0.183,0.061,0.01904,1.00732,0.14941,28.89
$MAG,26879.552,-0.138,-0.525,-0.529,27.7
$IMU,26879.552,-0.427,-0.183,0.061,0.02197,1.00390,0.14990,28.89
$IMU,26879.554,-0.427,-0.122,0.000,0.02001,1.00537,0.15234,28.89
$IMU,26879.557,-0.366,-0.122,-0.122,0.02001,1.00781,0.14990,28.89
$IMU,26879.559,-0.366,-0.244,-0.122,0.02050,1.00195,0.15087,28.89
$MAG,26879.562,-0.159,-0.508,-0.535,27.8
$IMU,26879.562,-0.488,0.000,-0.122,0.01904,1.00488,0.15332,28.89
$IMU,26879.564,-0.366,-0.122,-0.061,0.02050,1.00537,0.15136,28.89
$IMU,26879.566,-0.366,-0.183,-0.061,0.01611,1.00048,0.15136,28.88
$IMU,26879.569,-0.305,-0.244,-0.061,0.02050,1.00341,0.15185,28.88
$IMU,26879.571,-0.366,-0.183,-0.061,0.01855,1.00390,0.15234,28.88
$MAG,26879.572,-0.148,-0.520,-0.535,27.6
$IMU,26879.573,-0.366,-0.061,-0.183,0.02001,1.00292,0.14892,28.88
$IMU,26879.576,-0.305,-0.122,-0.244,0.02099,1.00097,0.15185,28.88
$IMU,26879.578,-0.305,0.061,-0.244,0.01953,1.00341,0.15234,28.88
$IMU,26879.580,-0.244,0.000,-0.244,0.01708,1.00390,0.14990,28.88
$MAG,26879.582,-0.133,-0.526,-0.523,27.7
$IMU,26879.583,-0.183,-0.183,-0.305,0.01904,1.00390,0.15039,28.88
$IMU,26879.585,-0.183,-0.122,-0.305,0.02294,1.00195,0.15087,28.88
$IMU,26879.587,-0.183,-0.061,-0.244,0.01806,1.00341,0.14990,28.88
$IMU,26879.590,-0.183,-0.061,-0.305,0.01855,1.00390,0.15283,28.88
$MAG,26879.592,-0.141,-0.528,-0.534,27.7
$IMU,26879.592,-0.244,-0.122,-0.305,0.01513,1.00439,0.14697,28.88
$IMU,26879.594,-0.183,-0.183,-0.305,0.01367,1.00292,0.15136,28.88
$IMU,26879.597,-0.183,-0.061,-0.305,0.01318,1.00390,0.15087,28.88
$IMU,26879.599,-0.244,-0.061,-0.305,0.01513,1.00537,0.15087,28.88
$IMU,26879.601,-0.244,-0.183,-0.244,0.01269,1.00634,0.14990,28.88
$MAG,26879.603,-0.145,-0.522,-0.531,27.7
$IMU,26879.604,-0.366,0.000,-0.244,0.01367,1.00341,0.15234,28.87
$IMU,26879.606,-0.366,-0.061,-0.305,0.01318,1.00439,0.15039,28.87
$IMU,26879.608,-0.488,0.000,-0.244,0.01269,1.00341,0.15234,28.87
$IMU,26879.611,-0.488,-0.061,-0.244,0.01416,1.00439,0.14941,28.87
$MAG,26879.613,-0.142,-0.519,-0.528,27.7
$IMU,26879.613,-0.366,-0.122,-0.183,0.01611,1.00195,0.15039,28.87
$BARO,26879.614,86865.21,28.72
$IMU,26879.615,-0.488,-0.122,-0.122,0.01904,1.00146,0.14990,28.87
$IMU,26879.618,-0.427,0.000,-0.122,0.01708,1.00439,0.15234,28.87
$IMU,26879.620,-0.366,-0.183,-0.183,0.01660,1.00244,0.15185,28.87
$MAG,26879.623,-0.147,-0.520,-0.529,27.7
$IMU,26879.623,-0.305,-0.244,-0.122,0.01611,1.00244,0.15136,28.87
$IMU,26879.625,-0.305,-0.183,-0.061,0.01611,1.00244,0.15039,28.87
$IMU,26879.627,-0.305,-0.061,-0.061,0.01660,1.00292,0.15185,28.87
$IMU,26879.630,-0.366,0.000,0.000,0.01513,1.00000,0.15136,28.87
$IMU,26879.632,-0.122,0.000,-0.061,0.01757,0.99902,0.15087,28.87
$MAG,26879.633,-0.135,-0.520,-0.534,27.7
$IMU,26879.634,-0.122,-0.122,0.000,0.02099,1.00000,0.15136,28.87
$IMU,26879.637,-0.122,-0.122,-0.061,0.01855,1.00244,0.15185,28.87
$IMU,26879.639,-0.122,0.000,-0.061,0.02099,1.00146,0.15087,28.87
$IMU,26879.641,-0.122,-0.061,0.000,0.01904,1.00292,0.15185,28.87
$MAG,26879.643,-0.144,-0.519,-0.531,27.6
$IMU,26879.644,-0.122,-0.061,-0.122,0.01806,1.00146,0.15039,28.87
$IMU,26879.646,0.000,-0.122,0.000,0.02148,1.00244,0.14941,28.87
$IMU,26879.648,-0.061,0.000,0.000,0.02001,1.00341,0.14794,28.87
$IMU,26879.651,-0.061,-0.122,-0.122,0.02099,1.00292,0.14697,28.87
$MAG,26879.653,-0.150,-0.511,-0.522,27.6
$IMU,26879.653,0.122,-0.183,-0.061,0.02197,1.00341,0.14794,28.87
$IMU,26879.655,0.000,-0.061,-0.183,0.01855,1.00341,0.14843,28.87
$IMU,26879.658,-0.061,0.000,-0.122,0.01904,1.00244,0.14794,28.87
$IMU,26879.660,-0.061,-0.061,-0.122,0.02050,1.00537,0.14697,28.87
$IMU,26879.662,-0.122,-0.061,-0.183,0.01904,1.00390,0.14892,28.87
$MAG,26879.663,-0.147,-0.525,-0.529,27.7
$IMU,26879.665,-0.122,-0.061,-0.244,0.01904,1.00585,0.14794,28.87
$IMU,26879.667,-0.183,0.000,-0.183,0.01904,1.00732,0.14892,28.87
$IMU,26879.669,-0.244,0.000,-0.244,0.01806,1.00732,0.14843,28.87
$IMU,26879.672,-0.305,-0.061,-0.183,0.02001,1.00732,0.14550,28.87
$MAG,26879.673,-0.147,-0.519,-0.529,28.0
$IMU,26879.674,-0.305,-0.061,-0.305,0.01757,1.00634,0.14355,28.87
$IMU,26879.676,-0.427,-0.061,-0.244,0.01757,1.00390,0.14453,28.87
$IMU,26879.679,-0.610,-0.122,-0.183,0.01757,1.00439,0.14697,28.87
$IMU,26879.681,-0.793,0.183,-0.183,0.01757,1.00683,0.14843,28.87
$MAG,26879.683,-0.148,-0.516,-0.528,27.7
$IMU,26879.684,-0.793,0.061,-0.183,0.01855,1.00097,0.14746,28.87
$IMU,26879.686,-0.793,-0.122,-0.183,0.01806,1.00537,0.14794,28.87
$IMU,26879.688,-0.793,-0.183,-0.244,0.01464,1.00488,0.15136,28.87
$IMU,26879.691,-0.915,-0.061,-0.244,0.01953,1.00488,0.14843,28.87
$MAG,26879.693,-0.147,-0.523,-0.534,27.7
$IMU,26879.693,-0.976,-0.061,-0.305,0.01855,1.00585,0.14892,28.87
$IMU,26879.695,-0.976,0.061,-0.305,0.01806,1.00341,0.15185,28.87
$IMU,26879.698,-0.854,-0.122,-0.305,0.01757,1.00341,0.15087,28.92
$IMU,26879.700,-0.854,-0.183,-0.183,0.01806,1.00488,0.15087,28.92
$IMU,26879.702,-0.732,-0.183,-0.183,0.01708,1.00146,0.15234,28.92
$MAG,26879.703,-0.141,-0.531,-0.532,27.8
$IMU,26879.705,-0.732,0.000,-0.183,0.01611,0.99902,0.15234,28.92
$IMU,26879.707,-0.610,-0.183,-0.244,0.01904,1.00097,0.15478,28.92
$IMU,26879.709,-0.488,-0.183,-0.244,0.01757,1.00048,0.15332,28.92
$IMU,26879.712,-0.427,-0.122,-0.244,0.01708,1.00048,0.15234,28.92
$MAG,26879.714,-0.144,-0.528,-0.529,27.6
$IMU,26879.714,-0.305,-0.061,-0.183,0.01757,0.99902,0.15380,28.92
$BARO,26879.716,86855.99,28.72
$IMU,26879.716,-0.183,-0.122,-0.122,0.01562,1.00146,0.15380,28.87
$IMU,26879.719,-0.061,-0.061,-0.061,0.02050,1.00048,0.15185,28.87
$IMU,26879.721,0.122,-0.183,-0.061,0.02099,1.00048,0.15576,28.87
$IMU,26879.723,0.183,-0.183,-0.122,0.01953,1.00195,0.15380,28.87
$MAG,26879.724,-0.142,-0.526,-0.528,27.8
$IMU,26879.726,0.244,-0.183,-0.122,0.02001,0.99902,0.15527,28.87
$IMU,26879.728,0.366,-0.122,-0.183,0.01660,0.99804,0.15478,28.87
$IMU,26879.730,0.366,0.061,-0.183,0.02001,1.00000,0.15087,28.87
$IMU,26879.733,0.488,-0.061,-0.122,0.01708,1.00146,0.15478,28.87
$MAG,26879.734,-0.147,-0.525,-0.535,27.7
$IMU,26879.735,0.610,-0.244,-0.061,0.01464,1.00390,0.15087,28.90
$IMU,26879.737,0.610,-0.061,-0.061,0.01806,1.00292,0.14843,28.90
$IMU,26879.740,0.610,-0.122,-0.061,0.02148,1.00292,0.14794,28.90
$IMU,26879.742,0.610,0.061,-0.061,0.02050,1.00537,0.14990,28.90
$MAG,26879.744,-0.142,-0.519,-0.531,27.7
$IMU,26879.745,0.488,0.000,-0.061,0.01855,1.00634,0.14794,28.90
$IMU,26879.747,0.549,0.000,-0.061,0.02050,1.00537,0.14843,28.90
$IMU,26879.749,0.488,-0.061,-0.061,0.02197,1.00488,0.14843,28.90
$IMU,26879.752,0.366,-0.061,-0.061,0.02099,1.00585,0.14648,28.90
$MAG,26879.754,-0.142,-0.528,-0.529,27.7
$IMU,26879.754,0.183,-0.061,-0.061,0.01660,1.00634,0.14843,28.89
$IMU,26879.756,0.122,0.000,-0.122,0.01708,1.00830,0.14550,28.89
$IMU,26879.759,-0.061,0.000,-0.183,0.02050,1.00488,0.14550,28.89
$IMU,26879.761,-0.183,-0.061,-0.183,0.02246,1.00537,0.14550,28.89
$IMU,26879.763,-0.305,-0.183,-0.183,0.01708,1.00244,0.14501,28.89
$MAG,26879.764,-0.144,-0.523,-0.537,27.8
$IMU,26879.766,-0.488,-0.122,-0.183,0.01855,1.00732,0.14648,28.89
$IMU,26879.768,-0.671,-0.061,-0.122,0.01806,1.01220,0.14648,28.89
$IMU,26879.770,-0.732,0.000,-0.183,0.01855,1.00488,0.14599,28.89
$IMU,26879.773,-0.793,-0.183,-0.244,0.02001,1.00488,0.14697,28.88
$MAG,26879.774,-0.147,-0.522,-0.532,27.7
$IMU,26879.775,-0.854,-0.183,-0.244,0.01708,1.00195,0.14550,28.88
$IMU,26879.777,-0.915,-0.061,-0.244,0.01513,1.00390,0.14453,28.88
$IMU,26879.780,-0.976,-0.061,-0.244,0.01708,1.00244,0.14746,28.88
$IMU,26879.782,-1.037,0.061,-0.305,0.01611,1.00097,0.14941,28.88
$MAG,26879.784,-0.148,-0.519,-0.535,27.7
$IMU,26879.784,-1.037,0.000,-0.244,0.01416,1.00195,0.14941,28.88
$HUM,26879.786,34.3,29.2
$IMU,26879.787,-0.915,-0.122,-0.305,0.01904,0.99951,0.14892,28.88
$IMU,26879.789,-0.854,-0.061,-0.305,0.01806,1.00244,0.15136,28.88
$IMU,26879.791,-0.793,0.000,-0.244,0.01757,1.00146,0.15185,28.88
$MAG,26879.794,-0.139,-0.517,-0.537,27.7
$IMU,26879.794,-0.671,-0.122,-0.305,0.01806,1.00341,0.15527,28.88
$IMU,26879.796,-0.610,-0.122,-0.305,0.02050,1.00048,0.15332,28.88
$IMU,26879.798,-0.488,-0.061,-0.305,0.01660,1.00000,0.15087,28.88
$IMU,26879.801,-0.427,-0.122,-0.183,0.01953,1.00097,0.15234,28.88
$IMU,26879.803,-0.366,-0.122,-0.244,0.01513,0.99755,0.15380,28.88
$MAG,26879.804,-0.148,-0.520,-0.523,27.6
$IMU,26879.806,-0.244,-0.122,-0.183,0.01464,1.00000,0.15429,28.88
$IMU,26879.808,-0.122,-0.061,-0.183,0.01513,1.00341,0.15527,28.88
$IMU,26879.810,0.061,-0.122,-0.244,0.01660,1.00439,0.15283,28.89
$IMU,26879.813,0.122,-0.122,-0.244,0.01611,1.00244,0.15332,28.89
$MAG,26879.814,-0.145,-0.516,-0.526,27.8
$IMU,26879.815,0.183,-0.061,-0.183,0.01757,1.00683,0.15478,28.89
$BARO,26879.817,86863.40,28.72
$IMU,26879.817,0.366,-0.183,-0.183,0.01611,1.00292,0.15380,28.89
$IMU,26879.820,0.366,-0.183,-0.122,0.01562,1.00439,0.15234,28.89
$IMU,26879.822,0.366,-0.183,0.000,0.01464,1.00537,0.15039,28.89
$MAG,26879.824,-0.142,-0.517,-0.538,27.8
$IMU,26879.824,0.366,-0.122,-0.061,0.01708,1.00390,0.15136,28.89
$IMU,26879.827,0.366,-0.122,-0.061,0.01757,1.00585,0.14794,28.89
$IMU,26879.829,0.366,-0.183,-0.122,0.01953,1.00488,0.14941,28.83
$IMU,26879.831,0.183,0.000,-0.122,0.02001,1.00634,0.14746,28.83
$IMU,26879.834,0.244,-0.061,-0.061,0.01708,1.00683,0.14697,28.83
$MAG,26879.835,-0.144,-0.526,-0.532,27.7
$IMU,26879.836,0.122,-0.061,0.000,0.01757,1.00683,0.15039,28.83
$IMU,26879.838,0.000,-0.061,0.061,0.01855,1.00732,0.14794,28.83
$IMU,26879.841,0.000,-0.122,0.000,0.02001,1.00488,0.14843,28.83
$IMU,26879.843,-0.122,-0.122,-0.061,0.02246,1.00390,0.14746,28.83
$MAG,26879.845,-0.142,-0.520,-0.525,27.6
$IMU,26879.845,-0.244,0.000,-0.061,0.02148,1.00292,0.14843,28.83
$IMU,26879.848,-0.305,-0.061,-0.122,0.02099,1.00488,0.14941,28.88
$IMU,26879.850,-0.366,-0.122,-0.061,0.02099,1.00195,0.14843,28.88
$IMU,26879.852,-0.488,-0.122,-0.061,0.02148,1.00341,0.14794,28.88
$MAG,26879.855,-0.141,-0.519,-0.531,27.7
$IMU,26879.855,-0.610,0.000,-0.061,0.01757,1.00146,0.14746,28.88
$IMU,26879.857,-0.671,0.000,-0.061,0.01953,1.00830,0.14990,28.88
$IMU,26879.859,-0.671,0.000,-0.122,0.02294,1.00390,0.15039,28.88
$IMU,26879.862,-0.610,-0.122,-0.122,0.02343,1.00439,0.15136,28.88
$IMU,26879.864,-0.549,-0.061,-0.183,0.01855,1.00537,0.14599,28.88
$MAG,26879.865,-0.148,-0.519,-0.537,27.8
$IMU,26879.867,-0.610,-0.122,-0.244,0.02050,1.00292,0.14941,28.89
$IMU,26879.869,-0.549,-0.244,-0.244,0.02001,1.00390,0.14892,28.89
$IMU,26879.871,-0.549,0.061,-0.244,0.02099,1.00488,0.14892,28.89
$IMU,26879.874,-0.488,-0.061,-0.305,0.01806,1.00341,0.15234,28.89
$MAG,26879.875,-0.151,-0.525,-0.531,28.0
$IMU,26879.876,-0.366,-0.122,-0.305,0.02099,1.00097,0.15136,28.89
$IMU,26879.878,-0.305,-0.183,-0.244,0.02050,1.00439,0.14990,28.89
$IMU,26879.881,-0.244,-0.061,-0.305,0.01660,1.00488,0.15087,28.89
$IMU,26879.883,-0.305,-0.183,-0.305,0.01806,1.00683,0.15234,28.89
$MAG,26879.885,-0.148,-0.526,-0.528,28.1
$IMU,26879.885,-0.305,0.000,-0.244,0.01708,1.00292,0.14794,28.88
$IMU,26879.888,-0.183,0.000,-0.305,0.01953,1.00488,0.14941,28.88
$IMU,26879.890,-0.061,-0.183,-0.244,0.01464,1.00341,0.15185,28.88
$IMU,26879.892,-0.122,-0.183,-0.244,0.01953,1.00195,0.14892,28.88
$MAG,26879.895,-0.153,-0.517,-0.522,27.7
$IMU,26879.895,-0.122,0.000,-0.244,0.01855,1.00439,0.15136,28.88
$IMU,26879.897,-0.122,-0.122,-0.183,0.01855,1.00195,0.14990,28.88
$IMU,26879.899,-0.122,0.061,-0.183,0.01855,1.00781,0.14746,28.88
$IMU,26879.902,-0.122,-0.122,-0.122,0.01806,1.00488,0.14892,28.88
$IMU,26879.904,0.000,-0.305,-0.244,0.01660,1.00146,0.15087,28.87
$MAG,26879.905,-0.150,-0.511,-0.532,27.8
$IMU,26879.906,-0.183,-0.061,-0.122,0.01660,1.00244,0.14843,28.87
$IMU,26879.909,-0.183,0.000,-0.122,0.01953,1.00244,0.14941,28.87
$IMU,26879.911,-0.183,-0.061,-0.183,0.01660,1.00048,0.15234,28.87
$IMU,26879.913,-0.305,-0.061,-0.183,0.01708,1.00292,0.14892,28.87
$IMU,26879.916,-0.244,-0.122,-0.122,0.01660,1.00244,0.14794,28.87
$MAG,26879.915,-0.142,-0.520,-0.537,27.7
$IMU,26879.918,-0.183,-0.183,-0.061,0.01855,1.00585,0.14648,28.87
$BARO,26879.919,86863.60,28.72
$IMU,26879.920,-0.244,-0.061,-0.061,0.01562,1.00488,0.14941,28.87
$IMU,26879.923,-0.305,-0.061,-0.122,0.02050,1.00390,0.15039,28.87
$MAG,26879.925,-0.154,-0.519,-0.528,27.7
$IMU,26879.925,-0.244,-0.244,-0.122,0.01708,1.00585,0.14990,28.87
$IMU,26879.927,-0.305,-0.183,-0.122,0.01953,1.00390,0.15234,28.87
$IMU,26879.930,-0.488,-0.061,-0.122,0.01855,1.00683,0.15332,28.87
$IMU,26879.932,-0.488,0.061,-0.183,0.01611,1.00341,0.15185,28.87
$MAG,26879.935,-0.141,-0.520,-0.532,27.6
$IMU,26879.935,-0.366,-0.061,-0.183,0.01660,1.00195,0.15283,28.87
$IMU,26879.937,-0.366,-0.061,-0.061,0.01757,1.00390,0.15039,28.87
$IMU,26879.939,-0.305,-0.061,-0.122,0.01904,1.00244,0.14892,28.87
$IMU,26879.942,-0.122,-0.183,-0.183,0.01660,1.00390,0.14843,28.85
$IMU,26879.944,-0.122,-0.183,-0.122,0.01904,1.00195,0.15039,28.85
$MAG,26879.946,-0.145,-0.526,-0.532,27.6
$IMU,26879.946,-0.061,-0.183,-0.183,0.01904,1.00732,0.15039,28.85
$IMU,26879.949,-0.183,0.000,-0.122,0.01611,1.00537,0.15087,28.85
$IMU,26879.951,0.061,-0.183,-0.244,0.02050,1.00439,0.15332,28.85
$IMU,26879.953,0.122,-0.183,-0.244,0.02001,1.00634,0.15234,28.85
$MAG,26879.956,-0.144,-0.520,-0.523,27.7
$IMU,26879.956,0.122,-0.183,-0.183,0.01806,1.00439,0.14990,28.85
$IMU,26879.958,0.122,0.000,-0.122,0.01562,1.00585,0.15039,28.85
$IMU,26879.960,0.122,0.061,-0.244,0.01757,1.00390,0.14892,28.89
$IMU,26879.963,0.061,0.061,-0.244,0.01953,1.00439,0.14892,28.89
$IMU,26879.965,0.061,-0.061,-0.183,0.01464,1.00439,0.15039,28.89
$MAG,26879.966,-0.147,-0.522,-0.529,27.7
$IMU,26879.967,0.061,-0.244,-0.244,0.01660,1.00683,0.14794,28.89
$IMU,26879.970,0.000,-0.122,-0.244,0.01513,1.00439,0.14794,28.89
$IMU,26879.972,-0.122,0.000,-0.183,0.02001,1.00390,0.14746,28.89
$IMU,26879.974,-0.183,-0.122,-0.122,0.01953,1.00341,0.14453,28.89
$MAG,26879.976,-0.145,-0.520,-0.534,27.7
$IMU,26879.977,-0.305,0.000,-0.183,0.01806,1.00195,0.14892,28.89
$IMU,26879.979,-0.305,-0.122,-0.183,0.02050,1.00439,0.14843,28.86
$IMU,26879.981,-0.427,0.000,-0.244,0.01806,1.00585,0.14843,28.86
$IMU,26879.984,-0.549,0.061,-0.244,0.01562,1.00390,0.15039,28.86
$MAG,26879.986,-0.148,-0.520,-0.531,27.7
$IMU,26879.986,-0.610,0.000,-0.122,0.01611,1.00488,0.15039,28.86
$IMU,26879.988,-0.671,-0.122,-0.122,0.01904,1.00341,0.14941,28.86
$IMU,26879.991,-0.610,-0.061,-0.122,0.01855,1.00244,0.14746,28.86
$IMU,26879.993,-0.610,-0.122,-0.122,0.01855,1.00000,0.14892,28.86
$MAG,26879.996,-0.141,-0.517,-0.528,27.7
$IMU,26879.996,-0.671,-0.061,-0.183,0.01660,1.00341,0.14990,28.86
$IMU,26879.998,-0.671,0.000,-0.122,0.01953,1.00146,0.14941,28.89
$IMU,26880.000,-0.732,0.061,-0.183,0.01855,1.00439,0.15087,28.89
$IMU,26880.003,-0.610,-0.183,-0.183,0.01855,1.00244,0.15332,28.89
$IMU,26880.005,-0.488,-0.244,-0.183,0.02148,1.00000,0.15283,28.89
$MAG,26880.006,-0.132,-0.523,-0.531,27.7
$IMU,26880.007,-0.427,-0.061,-0.183,0.02246,1.00097,0.15527,28.89
$IMU,26880.010,-0.366,-0.061,-0.183,0.01660,1.00097,0.15283,28.89
$IMU,26880.012,-0.305,0.061,-0.122,0.02099,1.00292,0.15185,28.89
$IMU,26880.014,-0.244,0.122,-0.244,0.01757,1.00732,0.15283,28.89
$MAG,26880.016,-0.142,-0.519,-0.532,27.6
$IMU,26880.017,-0.061,-0.122,-0.183,0.01708,1.00244,0.15332,28.89
$IMU,26880.019,0.061,-0.183,-0.122,0.01757,1.00537,0.15332,28.89
$BARO,26880.020,86869.38,28.73
$IMU,26880.021,0.061,-0.183,-0.122,0.01855,1.00634,0.15380,28.89
$IMU,26880.024,0.122,0.000,-0.122,0.01757,1.00341,0.15087,28.89
$MAG,26880.026,-0.142,-0.520,-0.531,27.6
$IMU,26880.026,0.183,-0.061,-0.183,0.01855,1.00439,0.15087,28.89
$IMU,26880.028,0.244,-0.061,-0.122,0.02050,1.00537,0.14892,28.89
$IMU,26880.031,0.427,-0.122,-0.183,0.01660,1.00683,0.14990,28.89
$IMU,26880.033,0.305,-0.061,-0.305,0.01611,1.00830,0.15136,28.89
$IMU,26880.035,0.122,0.061,-0.244,0.01611,1.00488,0.15039,28.84
$MAG,26880.036,-0.136,-0.535,-0.535,27.7
$IMU,26880.038,0.122,-0.061,-0.183,0.01660,1.00683,0.14843,28.84
$IMU,26880.040,0.061,-0.122,-0.183,0.01660,1.00341,0.14941,28.84
$IMU,26880.042,0.061,-0.122,-0.122,0.01757,1.00488,0.14746,28.84
$IMU,26880.045,-0.122,-0.244,-0.122,0.01806,1.00146,0.14794,28.84
$MAG,26880.046,-0.141,-0.514,-0.523,27.6
$IMU,26880.047,-0.183,0.000,-0.183,0.01513,1.00244,0.14697,28.84
$IMU,26880.049,-0.305,-0.061,-0.183,0.01953,1.00292,0.14648,28.84
$IMU,26880.052,-0.366,0.000,-0.244,0.01806,1.00439,0.14892,28.84
$IMU,26880.054,-0.427,-0.061,-0.122,0.01708,1.00195,0.14794,28.90
$MAG,26880.057,-0.144,-0.523,-0.531,27.6
$IMU,26880.057,-0.549,-0.061,-0.122,0.01806,0.99951,0.14843,28.90
$IMU,26880.059,-0.488,-0.305,-0.122,0.01660,1.00195,0.14941,28.90
$IMU,26880.061,-0.610,-0.122,-0.122,0.01757,1.00537,0.14746,28.90
$IMU,26880.064,-0.671,-0.061,-0.122,0.01806,1.00439,0.14746,28.90
$IMU,26880.066,-0.671,-0.244,-0.183,0.01708,1.00097,0.14794,28.90
$MAG,26880.067,-0.150,-0.516,-0.526,27.7
$IMU,26880.068,-0.671,0.000,-0.244,0.01757,1.00244,0.14794,28.90
$IMU,26880.071,-0.671,0.000,-0.183,0.01660,1.00488,0.15136,28.90
$IMU,26880.073,-0.610,-0.183,-0.061,0.01855,1.00439,0.15087,28.85
$IMU,26880.075,-0.549,-0.061,-0.122,0.02001,1.00195,0.15429,28.85
$MAG,26880.077,-0.144,-0.517,-0.528,27.6
$IMU,26880.078,-0.488,0.000,-0.183,0.02001,1.00683,0.15283,28.85
$IMU,26880.080,-0.488,-0.122,-0.183,0.01611,1.00390,0.15185,28.85
$IMU,26880.082,-0.305,0.000,-0.183,0.01708,0.99951,0.15039,28.85
$IMU,26880.085,-0.244,0.061,-0.244,0.01953,0.99951,0.15332,28.85
$MAG,26880.087,-0.147,-0.522,-0.531,27.6
$IMU,26880.087,-0.183,-0.183,-0.244,0.01855,1.00048,0.15283,28.85
$IMU,26880.089,-0.061,-0.122,-0.122,0.01757,1.00146,0.14941,28.85
$IMU,26880.092,-0.061,0.000,-0.183,0.01757,1.00341,0.15039,28.89
$IMU,26880.094,0.122,-0.244,-0.183,0.02099,1.00244,0.15234,28.89
$IMU,26880.096,0.183,-0.061,-0.183,0.02001,1.00195,0.15283,28.89
$MAG,26880.097,-0.148,-0.520,-0.534,27.7
$IMU,26880.099,0.122,0.000,-0.244,0.01806,1.00439,0.14648,28.89
$IMU,26880.101,0.061,-0.244,-0.305,0.01611,1.00683,0.14794,28.89
$IMU,26880.103,0.000,-0.061,-0.244,0.01513,1.00439,0.14697,28.89
$IMU,26880.106,0.000,0.000,-0.183,0.01806,1.00244,0.14550,28.89
$MAG,26880.107,-0.142,-0.519,-0.525,27.7
$IMU,26880.108,0.000,-0.122,-0.183,0.01757,1.00341,0.14941,28.89
$IMU,26880.110,-0.122,-0.061,-0.061,0.01660,1.00097,0.14599,28.87
$IMU,26880.113,-0.061,-0.061,-0.122,0.01855,1.00634,0.14648,28.87
$IMU,26880.115,-0.061,-0.244,-0.305,0.01708,1.00390,0.14746,28.87
$MAG,26880.117,-0.139,-0.520,-0.534,27.7
$IMU,26880.118,-0.244,-0.122,-0.183,0.01513,1.00244,0.14990,28.87
$IMU,26880.120,-0.244,0.000,-0.061,0.01318,1.00244,0.14550,28.87
$BARO,26880.121,86855.75,28.72
$IMU,26880.122,-0.305,-0.122,-0.122,0.01757,1.00390,0.14843,28.87
$IMU,26880.125,-0.427,-0.061,-0.122,0.01757,1.00390,0.15087,28.87
$MAG,26880.127,-0.150,-0.519,-0.529,27.6
$IMU,26880.127,-0.366,-0.244,-0.122,0.01708,1.00341,0.14746,28.87
$IMU,26880.129,-0.488,-0.183,-0.122,0.01953,1.00390,0.15136,28.89
$IMU,26880.132,-0.488,-0.183,-0.244,0.01562,1.00488,0.15234,28.89
$IMU,26880.134,-0.549,0.000,-0.122,0.01708,1.00439,0.14990,28.89
$IMU,26880.136,-0.427,-0.122,-0.183,0.01757,1.00341,0.14794,28.89
$MAG,26880.137,-0.138,-0.517,-0.529,27.7
$IMU,26880.139,-0.488,-0.061,-0.183,0.01708,1.00439,0.14843,28.89
$IMU,26880.141,-0.488,0.000,-0.061,0.01953,0.99951,0.15087,28.89
$IMU,26880.143,-0.305,-0.122,-0.061,0.01757,1.00439,0.15234,28.89
$IMU,26880.146,-0.244,-0.183,-0.061,0.01513,1.00439,0.15039,28.89
$MAG,26880.147,-0.157,-0.516,-0.532,27.7
$IMU,26880.148,-0.244,-0.244,-0.061,0.01855,1.00683,0.15136,28.91
$IMU,26880.150,-0.244,-0.122,-0.122,0.02099,1.00439,0.15136,28.91
$IMU,26880.153,-0.244,0.061,-0.183,0.01708,1.00292,0.15087,28.91
$IMU,26880.155,-0.061,-0.183,-0.244,0.01953,1.00341,0.14794,28.91
$IMU,26880.157,-0.122,-0.244,-0.183,0.01904,1.00585,0.14990,28.91
$MAG,26880.158,-0.145,-0.531,-0.531,27.6
$IMU,26880.160,-0.061,-0.244,-0.122,0.01757,1.00830,0.14892,28.91
$IMU,26880.162,-0.061,-0.122,-0.122,0.01708,1.00390,0.15039,28.91
$IMU,26880.164,-0.122,0.000,-0.183,0.01562,1.00439,0.14746,28.91
$IMU,26880.167,-0.122,0.000,-0.122,0.01855,1.00146,0.14990,28.91
$MAG,26880.168,-0.147,-0.528,-0.526,27.7
$IMU,26880.169,-0.122,-0.122,-0.244,0.01904,1.00244,0.14794,28.91
$IMU,26880.171,-0.061,-0.244,-0.183,0.01855,0.99951,0.14990,28.91
$IMU,26880.174,-0.122,-0.122,-0.183,0.02099,0.99853,0.14892,28.91
$IMU,26880.176,-0.183,-0.122,-0.183,0.02001,1.00048,0.14843,28.91
$MAG,26880.178,-0.142,-0.522,-0.534,27.6
$IMU,26880.179,-0.305,0.000,-0.183,0.02099,1.00488,0.14941,28.91
$IMU,26880.181,-0.305,-0.061,-0.122,0.01708,1.00341,0.15039,28.91
$IMU,26880.183,-0.366,-0.122,-0.244,0.01757,1.00781,0.14843,28.91
$IMU,26880.186,-0.427,-0.122,-0.305,0.01806,1.00537,0.14843,28.87
$MAG,26880.188,-0.139,-0.523,-0.529,27.6
$IMU,26880.188,-0.366,-0.061,-0.244,0.01904,1.00341,0.14794,28.87
$IMU,26880.190,-0.427,-0.061,-0.183,0.02099,1.00488,0.14941,28.87
$IMU,26880.193,-0.427,-0.122,-0.183,0.01855,1.00341,0.15136,28.87
$IMU,26880.195,-0.366,-0.183,-0.183,0.01806,1.00146,0.15039,28.87
$IMU,26880.197,-0.366,-0.183,-0.122,0.01611,1.00146,0.15136,28.87
$MAG,26880.198,-0.148,-0.522,-0.529,27.7
$IMU,26880.200,-0.366,-0.183,-0.122,0.01513,1.00439,0.15136,28.87
$IMU,26880.202,-0.427,-0.061,-0.183,0.01464,1.00537,0.15380,28.87
$IMU,26880.204,-0.427,0.061,-0.183,0.01660,1.00146,0.14941,28.89
$IMU,26880.207,-0.305,-0.122,-0.122,0.01757,1.00683,0.15039,28.89
$MAG,26880.208,-0.147,-0.523,-0.534,27.7
$IMU,26880.209,-0.183,-0.183,-0.061,0.01855,1.00732,0.15136,28.89
$IMU,26880.211,-0.183,-0.122,-0.122,0.01708,1.00585,0.15234,28.89
$IMU,26880.214,-0.305,0.000,-0.183,0.02001,1.00341,0.15087,28.89
$IMU,26880.216,-0.244,-0.061,-0.183,0.01660,1.00195,0.15234,28.89
$MAG,26880.218,-0.151,-0.519,-0.534,27.6
$IMU,26880.218,-0.244,-0.061,-0.183,0.01757,1.00341,0.14941,28.89
$IMU,26880.221,-0.183,-0.122,-0.183,0.01904,1.00195,0.15185,28.89
$BARO,26880.223,86864.13,28.73
$IMU,26880.223,-0.122,-0.183,-0.183,0.01757,1.00390,0.15087,28.89
$IMU,26880.225,-0.061,-0.244,-0.122,0.01611,1.00439,0.15136,28.89
$MAG,26880.228,-0.144,-0.522,-0.535,27.6
$IMU,26880.228,-0.122,-0.061,-0.183,0.01806,1.00195,0.14892,28.89
$IMU,26880.230,-0.183,-0.061,-0.061,0.01855,1.00781,0.14990,28.89
$IMU,26880.232,-0.122,-0.122,-0.122,0.02001,1.00048,0.14990,28.89
$IMU,26880.235,-0.122,-0.183,-0.244,0.01806,1.00341,0.14746,28.89
$IMU,26880.237,-0.122,-0.122,-0.244,0.01953,1.00097,0.15185,28.89
$MAG,26880.238,-0.136,-0.520,-0.532,27.7
$IMU,26880.240,-0.122,-0.061,-0.183,0.01806,1.00292,0.14794,28.89
$IMU,26880.242,-0.244,0.000,-0.061,0.01464,1.00146,0.14843,28.91
$IMU,26880.244,-0.244,0.000,-0.122,0.01708,1.00439,0.15087,28.91
$IMU,26880.247,-0.244,-0.061,-0.183,0.01660,1.00439,0.15039,28.91
$MAG,26880.248,-0.148,-0.520,-0.534,27.6
$TIME,26880.249,510788.000,2399
$IMU,26880.249,-0.244,-0.183,-0.244,0.01855,1.00439,0.14941,28.91
$IMU,26880.251,-0.305,-0.183,-0.183,0.02050,1.00048,0.15039,28.91
$IMU,26880.254,-0.305,-0.122,-0.122,0.01855,1.00537,0.14990,28.91
$IMU,26880.256,-0.305,0.061,-0.122,0.01708,1.00048,0.14892,28.91
$MAG,26880.258,-0.151,-0.516,-0.535,27.7
$IMU,26880.258,-0.366,-0.061,-0.122,0.02050,1.00048,0.15087,28.91
$IMU,26880.261,-0.366,0.000,-0.061,0.01562,1.00000,0.14892,28.89
$IMU,26880.263,-0.366,-0.061,-0.122,0.01757,1.00341,0.15185,28.89
$IMU,26880.265,-0.366,-0.183,-0.183,0.02001,1.00390,0.14990,28.89
$IMU,26880.268,-0.366,-0.122,-0.122,0.01757,1.00439,0.14941,28.89
$MAG,26880.269,-0.141,-0.525,-0.531,27.6
$IMU,26880.270,-0.366,0.061,-0.122,0.01904,1.00537,0.15039,28.89
$IMU,26880.272,-0.305,-0.183,-0.244,0.01806,1.00537,0.15087,28.89
$IMU,26880.275,-0.305,-0.061,-0.183,0.01855,1.00292,0.14990,28.89
$IMU,26880.277,-0.305,0.000,-0.122,0.01953,1.00292,0.15234,28.89
$MAG,26880.279,-0.151,-0.516,-0.534,27.7
$IMU,26880.279,-0.305,-0.122,-0.183,0.02050,1.00390,0.14843,28.88
$VBAT,26880.281,4.134
$IMU,26880.282,-0.183,-0.061,-0.122,0.01904,1.00146,0.14648,28.88
$IMU,26880.284,-0.061,0.000,-0.183,0.01855,1.00341,0.14941,28.88
$IMU,26880.286,-0.061,-0.244,-0.183,0.01757,1.00634,0.14697,28.88
$MAG,26880.289,-0.145,-0.529,-0.532,27.7
$IMU,26880.289,-0.061,-0.122,-0.122,0.01806,1.00537,0.14843,28.88
$IMU,26880.291,-0.183,-0.122,-0.122,0.02001,1.00488,0.14892,28.88
$IMU,26880.293,-0.122,-0.122,-0.183,0.01904,1.00488,0.15136,28.88
$IMU,26880.296,-0.183,-0.061,-0.183,0.01904,1.00537,0.14843,28.88
$IMU,26880.298,-0.122,-0.061,-0.183,0.01757,1.00244,0.14892,28.91
$MAG,26880.299,-0.136,-0.516,-0.538,27.6
$IMU,26880.301,-0.061,-0.366,-0.183,0.01611,1.00341,0.15136,28.91
$IMU,26880.303,-0.183,-0.122,-0.244,0.02001,1.00048,0.15136,28.91
$IMU,26880.305,-0.366,0.183,-0.183,0.01806,1.00488,0.15185,28.91
$IMU,26880.308,-0.366,-0.061,-0.183,0.01611,1.00341,0.15087,28.91
$MAG,26880.309,-0.151,-0.520,-0.531,27.6
$IMU,26880.310,-0.549,0.183,-0.183,0.01708,1.00390,0.14794,28.91
$IMU,26880.312,-0.427,0.000,-0.183,0.01806,1.00634,0.14794,28.91
$IMU,26880.315,-0.305,-0.183,-0.183,0.01904,1.00000,0.15039,28.91
$IMU,26880.317,-0.366,0.061,-0.244,0.02099,1.00048,0.14990,28.88
$MAG,26880.319,-0.145,-0.526,-0.528,27.7
$IMU,26880.319,-0.427,-0.122,-0.305,0.01855,1.00097,0.15039,28.88
$IMU,26880.322,-0.427,-0.305,-0.244,0.02001,1.00341,0.14990,28.88
$BARO,26880.324,86867.38,28.73
$IMU,26880.324,-0.366,-0.183,-0.183,0.01806,1.00244,0.15087,28.88
$IMU,26880.326,-0.427,-0.061,-0.244,0.01660,1.00244,0.14990,28.88
$MAG,26880.329,-0.144,-0.516,-0.529,27.7
$IMU,26880.329,-0.366,-0.122,-0.183,0.01464,1.00146,0.14892,28.88
$IMU,26880.331,-0.305,-0.061,-0.122,0.01757,1.00537,0.15283,28.88
$IMU,26880.333,-0.244,0.000,-0.183,0.02050,1.00341,0.15234,28.88
$IMU,26880.336,-0.122,-0.183,-0.305,0.01806,1.00390,0.15234,28.90
$IMU,26880.338,-0.183,-0.122,-0.244,0.01611,1.00537,0.15087,28.90
$MAG,26880.339,-0.147,-0.522,-0.543,27.7
$IMU,26880.340,-0.183,-0.122,-0.183,0.01757,1.00097,0.15283,28.90
$IMU,26880.343,-0.244,0.000,-0.122,0.01611,1.00097,0.14892,28.90
$IMU,26880.345,-0.183,-0.122,-0.183,0.01953,1.00048,0.14941,28.90
$IMU,26880.347,-0.122,-0.122,-0.061,0.01757,1.00244,0.14990,28.90
$MAG,26880.349,-0.145,-0.517,-0.540,27.6
$IMU,26880.350,-0.061,-0.122,-0.122,0.01904,1.00488,0.15136,28.90
$IMU,26880.352,0.000,-0.183,-0.183,0.01806,1.00244,0.15087,28.90
$IMU,26880.354,-0.061,0.061,-0.183,0.01806,1.00292,0.15087,28.91
$IMU,26880.357,0.000,-0.061,-0.244,0.01806,1.00292,0.15234,28.91
$MAG,26880.359,-0.142,-0.517,-0.532,27.7
$IMU,26880.359,0.061,-0.122,-0.183,0.01611,1.00292,0.15087,28.91
$IMU,26880.361,0.000,-0.122,-0.122,0.01904,1.00390,0.15332,28.91
$IMU,26880.364,-0.061,-0.122,-0.061,0.01904,1.00195,0.15136,28.91
$IMU,26880.366,0.061,-0.183,-0.122,0.02099,1.00292,0.15234,28.91
$MAG,26880.369,-0.142,-0.523,-0.534,27.6
$IMU,26880.369,0.000,-0.061,-0.122,0.01953,1.00585,0.14892,28.91
$IMU,26880.371,0.000,-0.122,-0.244,0.02148,1.00097,0.15087,28.91
$IMU,26880.373,-0.061,-0.061,-0.183,0.01806,1.00048,0.15136,28.90
$IMU,26880.376,0.000,-0.183,-0.183,0.01660,1.00390,0.14843,28.90
$IMU,26880.378,-0.061,-0.183,-0.061,0.01708,1.00634,0.14599,28.90
$MAG,26880.380,-0.141,-0.522,-0.531,27.8
$IMU,26880.380,-0.122,-0.122,-0.122,0.01904,1.00683,0.14501,28.90
$IMU,26880.383,-0.183,-0.061,-0.122,0.02001,1.00390,0.14697,28.90
$IMU,26880.385,-0.183,-0.061,-0.122,0.02099,1.00683,0.14941,28.90
$IMU,26880.387,-0.244,-0.122,-0.305,0.02001,1.00634,0.14941,28.90
$MAG,26880.390,-0.141,-0.522,-0.532,27.7
$IMU,26880.390,-0.244,-0.061,-0.183,0.01806,1.00683,0.15136,28.90
$IMU,26880.392,-0.305,-0.122,-0.183,0.01904,1.00634,0.14892,28.87
$IMU,26880.394,-0.427,-0.061,-0.061,0.01708,1.00244,0.14892,28.87
$IMU,26880.397,-0.366,0.000,-0.122,0.01660,1.00292,0.15234,28.87
$IMU,26880.399,-0.427,-0.183,-0.122,0.01904,1.00341,0.14990,28.87
$MAG,26880.400,-0.142,-0.514,-0.529,27.7
$IMU,26880.401,-0.488,-0.122,-0.122,0.02148,1.00341,0.14501,28.87
$IMU,26880.404,-0.427,-0.122,-0.244,0.01855,1.00390,0.14794,28.87
$IMU,26880.406,-0.427,-0.183,-0.244,0.01757,1.00439,0.14941,28.87
$IMU,26880.408,-0.610,0.061,-0.244,0.01757,1.00439,0.14941,28.87
$MAG,26880.410,-0.142,-0.519,-0.532,27.7
$IMU,26880.411,-0.488,-0.061,-0.122,0.02050,1.00000,0.15136,28.92
$IMU,26880.413,-0.427,-0.183,-0.122,0.01953,1.00244,0.14990,28.92
$IMU,26880.415,-0.488,-0.244,-0.122,0.02001,0.99804,0.14941,28.92
$IMU,26880.418,-0.549,-0.061,-0.122,0.02050,1.00195,0.14990,28.92
$MAG,26880.420,-0.139,-0.519,-0.535,27.7
$IMU,26880.420,-0.549,-0.061,-0.183,0.01513,1.00048,0.15185,28.92
$IMU,26880.422,-0.488,0.000,-0.183,0.01855,1.00292,0.15087,28.92
$IMU,26880.425,-0.427,-0.122,-0.244,0.01855,1.00488,0.15234,28.92
$BARO,26880.426,86864.74,28.73
$IMU,26880.427,-0.244,-0.183,-0.244,0.01904,1.00292,0.15185,28.92
$MAG,26880.430,-0.136,-0.535,-0.532,27.6
$IMU,26880.430,-0.305,-0.122,-0.122,0.01806,1.00537,0.15429,28.88
$IMU,26880.432,-0.366,0.000,-0.183,0.01757,1.00488,0.15478,28.88
$IMU,26880.434,-0.305,0.061,-0.183,0.01953,1.00244,0.15429,28.88
$IMU,26880.437,-0.183,-0.183,-0.183,0.01757,1.00439,0.15234,28.88
$IMU,26880.439,-0.183,0.000,-0.244,0.01757,1.00000,0.15185,28.88
$MAG,26880.440,-0.144,-0.513,-0.535,27.8
$IMU,26880.441,-0.122,-0.061,-0.183,0.01367,0.99951,0.15234,28.88
$IMU,26880.444,0.000,-0.183,-0.183,0.01367,1.00537,0.15136,28.88
$IMU,26880.446,0.000,0.000,-0.122,0.01757,1.00634,0.15136,28.88
$IMU,26880.448,0.061,-0.061,-0.183,0.01855,1.00488,0.15136,28.91
$MAG,26880.450,-0.148,-0.517,-0.535,27.6
$IMU,26880.451,0.061,-0.183,-0.244,0.01513,1.00634,0.14941,28.91
$IMU,26880.453,0.122,-0.244,-0.183,0.01806,1.00634,0.14892,28.91
$IMU,26880.455,0.061,-0.122,-0.183,0.01513,1.00439,0.14843,28.91
$IMU,26880.458,0.061,-0.122,-0.122,0.01855,1.00537,0.15087,28.91
$MAG,26880.460,-0.145,-0.513,-0.522,27.7
$IMU,26880.460,0.000,0.061,-0.122,0.01806,1.00390,0.14941,28.91
$IMU,26880.462,0.000,-0.061,-0.061,0.01855,1.00537,0.14990,28.91
$IMU,26880.465,-0.061,-0.122,-0.061,0.01757,1.00146,0.14794,28.91
$IMU,26880.467,0.000,-0.122,-0.122,0.01904,1.00927,0.14941,28.91
$IMU,26880.469,-0.061,-0.122,-0.122,0.01562,1.00634,0.14941,28.91
$MAG,26880.470,-0.144,-0.520,-0.531,27.6
$IMU,26880.472,-0.244,0.000,-0.244,0.01757,1.00781,0.14990,28.91
$IMU,26880.474,-0.305,-0.061,-0.183,0.01757,1.00878,0.14990,28.91
$IMU,26880.476,-0.305,-0.183,-0.061,0.01953,1.00292,0.14941,28.91
$IMU,26880.479,-0.366,-0.122,0.000,0.01806,1.00781,0.14892,28.91
$MAG,26880.480,-0.138,-0.523,-0.525,27.6
$IMU,26880.481,-0.305,-0.122,0.061,0.02050,1.00439,0.15039,28.91
$IMU,26880.483,-0.427,0.000,-0.061,0.02099,1.00195,0.14941,28.91
$IMU,26880.486,-0.427,-0.122,-0.122,0.02148,1.00439,0.14990,28.93
$IMU,26880.488,-0.427,-0.061,-0.183,0.01953,1.00537,0.14843,28.93
$MAG,26880.491,-0.144,-0.522,-0.534,27.6
$IMU,26880.491,-0.427,-0.122,-0.183,0.01953,1.00292,0.14941,28.93
$IMU,26880.493,-0.366,-0.183,-0.183,0.01708,1.00292,0.15039,28.93
$IMU,26880.495,-0.488,0.122,-0.122,0.02001,1.00390,0.14941,28.93
$IMU,26880.498,-0.427,-0.183,-0.122,0.01904,1.00097,0.15039,28.93
$IMU,26880.500,-0.549,-0.061,-0.183,0.02001,1.00390,0.14941,28.93
$MAG,26880.501,-0.142,-0.517,-0.528,27.7
$IMU,26880.502,-0.427,0.000,-0.183,0.02050,1.00390,0.15185,28.93
$IMU,26880.505,-0.366,-0.244,-0.183,0.01611,1.00390,0.14843,28.90
$IMU,26880.507,-0.488,0.000,-0.244,0.01757,1.00048,0.14599,28.90
$IMU,26880.509,-0.366,-0.122,-0.305,0.02099,1.00292,0.14892,28.90
$MAG,26880.511,-0.142,-0.520,-0.528,27.6
$IMU,26880.512,-0.366,-0.061,-0.183,0.02050,1.00000,0.15136,28.90
$IMU,26880.514,-0.305,-0.244,-0.244,0.01953,1.00097,0.14941,28.90
$IMU,26880.516,-0.183,-0.183,-0.183,0.01904,1.00048,0.14990,28.90
$IMU,26880.519,-0.305,0.000,-0.183,0.01757,1.00292,0.14990,28.90
$MAG,26880.521,-0.147,-0.519,-0.532,27.6
$IMU,26880.521,-0.244,-0.244,-0.244,0.01806,1.00048,0.14843,28.90
$IMU,26880.523,-0.244,0.000,-0.244,0.01855,1.00585,0.15185,28.90
$IMU,26880.526,-0.244,-0.061,-0.244,0.01806,1.00244,0.15039,28.90
$BARO,26880.527,86858.70,28.73
$IMU,26880.528,-0.183,-0.244,-0.244,0.01562,1.00195,0.15234,28.90
$IMU,26880.530,-0.244,-0.061,-0.122,0.01806,1.00390,0.15332,28.90
$MAG,26880.531,-0.145,-0.523,-0.525,27.7
$IMU,26880.533,-0.183,-0.183,-0.122,0.01855,1.00000,0.15039,28.90
$IMU,26880.535,-0.183,0.061,-0.244,0.01953,1.00488,0.15283,28.90
$IMU,26880.537,-0.183,-0.122,-0.183,0.01660,1.00390,0.15234,28.90
$IMU,26880.540,-0.061,-0.122,-0.183,0.01513,1.00341,0.15185,28.90
$MAG,26880.541,-0.148,-0.532,-0.534,27.8
$IMU,26880.542,-0.122,-0.061,-0.183,0.01953,1.00488,0.14794,28.93
$IMU,26880.544,-0.122,-0.183,-0.183,0.01855,1.00976,0.14990,28.93
$IMU,26880.547,-0.183,0.000,-0.122,0.01757,1.00537,0.15087,28.93
$IMU,26880.549,-0.244,-0.122,-0.122,0.01562,1.00390,0.15039,28.93
$MAG,26880.551,-0.136,-0.522,-0.535,27.7
$IMU,26880.552,-0.061,-0.183,-0.061,0.01953,1.00292,0.15136,28.93
$IMU,26880.554,-0.061,-0.183,-0.122,0.01806,1.00634,0.15039,28.93
$IMU,26880.556,-0.183,-0.122,-0.122,0.01904,1.00390,0.14550,28.93
$IMU,26880.559,-0.183,-0.122,-0.122,0.01513,1.00292,0.14990,28.93
$MAG,26880.561,-0.139,-0.523,-0.522,27.7
$IMU,26880.561,-0.183,-0.061,-0.122,0.01757,0.99951,0.14990,28.93
$IMU,26880.563,-0.305,0.000,-0.061,0.01660,1.00048,0.14794,28.93
$IMU,26880.566,-0.244,-0.122,-0.122,0.01611,1.00244,0.15185,28.93
$IMU,26880.568,-0.183,-0.244,-0.061,0.01757,1.00341,0.14794,28.93
$IMU,26880.570,-0.244,-0.061,-0.061,0.02294,1.00244,0.14941,28.93
$MAG,26880.571,-0.144,-0.525,-0.522,27.7
$IMU,26880.573,-0.305,0.000,-0.183,0.01855,1.00341,0.14990,28.93
$IMU,26880.575,-0.305,-0.183,-0.122,0.02099,1.00244,0.14892,28.93
$IMU,26880.577,-0.366,-0.061,-0.122,0.02001,1.00097,0.14794,28.93
$IMU,26880.580,-0.305,-0.122,-0.183,0.01953,1.00292,0.14746,28.91
$MAG,26880.581,-0.142,-0.525,-0.534,27.7
$IMU,26880.582,-0.305,-0.244,-0.183,0.01855,1.00244,0.14990,28.91
$IMU,26880.584,-0.244,-0.122,-0.122,0.01660,1.00585,0.15087,28.91
$IMU,26880.587,-0.305,0.000,-0.122,0.02050,1.00781,0.14941,28.91
$IMU,26880.589,-0.305,-0.061,-0.183,0.01855,1.00390,0.15136,28.91
$IMU,26880.591,-0.244,-0.183,-0.183,0.02050,1.00341,0.14990,28.91
$MAG,26880.592,-0.145,-0.523,-0.529,27.6
$IMU,26880.594,-0.122,-0.183,-0.244,0.01953,1.00439,0.15039,28.91
$IMU,26880.596,-0.244,-0.183,-0.244,0.01464,1.00439,0.15136,28.91
$IMU,26880.598,-0.244,-0.061,-0.122,0.01708,1.00683,0.15039,28.89
$IMU,26880.601,-0.244,0.000,-0.183,0.01708,1.00585,0.14990,28.89
$MAG,26880.602,-0.147,-0.523,-0.528,27.5
$IMU,26880.603,-0.183,-0.122,-0.122,0.01904,1.00634,0.14794,28.89
$IMU,26880.605,-0.183,-0.061,-0.244,0.01904,1.00537,0.14843,28.89
$IMU,26880.608,-0.122,-0.183,-0.244,0.01416,1.00292,0.14941,28.89
$IMU,26880.610,-0.305,-0.061,-0.183,0.01855,1.00244,0.14990,28.89
$MAG,26880.612,-0.156,-0.522,-0.535,27.7
$IMU,26880.613,-0.366,0.122,-0.183,0.01855,1.00244,0.15039,28.89
$IMU,26880.615,-0.305,-0.061,-0.183,0.01855,1.00341,0.15039,28.89
$IMU,26880.617,-0.305,-0.122,-0.122,0.01464,1.00341,0.14990,28.91
$IMU,26880.620,-0.305,-0.183,-0.122,0.01855,1.00390,0.14990,28.91
$MAG,26880.622,-0.145,-0.520,-0.529,27.7
$IMU,26880.622,-0.305,-0.061,-0.183,0.01855,1.00341,0.14941,28.91
$IMU,26880.624,-0.305,-0.061,-0.122,0.02050,1.00244,0.14892,28.91
$IMU,26880.627,-0.183,-0.183,-0.244,0.01855,1.00244,0.14794,28.91
$BARO,26880.629,86858.38,28.74
$IMU,26880.629,-0.183,-0.244,-0.183,0.01953,1.00195,0.14941,28.91
$IMU,26880.631,-0.305,-0.061,-0.183,0.01562,1.00244,0.14990,28.91
$MAG,26880.632,-0.142,-0.523,-0.538,27.7
$IMU,26880.634,-0.366,0.000,-0.183,0.01660,1.00341,0.14990,28.91
$IMU,26880.636,-0.244,0.000,-0.183,0.01855,1.00195,0.15087,28.87
$IMU,26880.638,-0.183,0.000,-0.183,0.01611,1.00195,0.14697,28.87
$IMU,26880.641,-0.061,-0.183,-0.122,0.01708,1.00195,0.15234,28.87
$MAG,26880.642,-0.144,-0.517,-0.526,27.7
$IMU,26880.643,-0.061,-0.122,-0.122,0.01562,1.00292,0.15087,28.87
$IMU,26880.645,0.061,-0.061,-0.183,0.01660,1.00488,0.14941,28.87
$IMU,26880.648,0.061,-0.061,-0.183,0.01562,1.00585,0.14892,28.87
$IMU,26880.650,0.061,-0.061,-0.122,0.01562,1.00781,0.14990,28.87
$MAG,26880.652,-0.138,-0.520,-0.528,27.8
$IMU,26880.652,0.000,0.061,-0.183,0.01757,1.00537,0.14941,28.87
$IMU,26880.655,0.000,-0.061,-0.183,0.01757,1.00488,0.14941,28.91
$IMU,26880.657,0.000,-0.061,-0.183,0.02050,1.00390,0.14990,28.91
$IMU,26880.659,-0.061,0.000,-0.183,0.01855,1.00488,0.14599,28.91
$MAG,26880.662,-0.141,-0.520,-0.531,27.6
$IMU,26880.662,-0.183,0.000,-0.183,0.01806,1.00390,0.14746,28.91
$IMU,26880.664,-0.244,-0.061,-0.122,0.01367,1.00537,0.14843,28.91
$IMU,26880.666,-0.305,-0.061,-0.183,0.01416,1.00439,0.14843,28.91
$IMU,26880.669,-0.366,-0.183,-0.122,0.01708,1.00195,0.14941,28.91
$IMU,26880.671,-0.549,-0.122,-0.122,0.01757,1.00390,0.14746,28.91
$MAG,26880.672,-0.142,-0.522,-0.538,27.6
$IMU,26880.674,-0.610,-0.183,-0.244,0.01562,1.00292,0.14599,28.91
$IMU,26880.676,-0.732,-0.061,-0.122,0.01757,1.00000,0.14697,28.91
$IMU,26880.678,-0.793,0.000,-0.244,0.01611,0.99707,0.15185,28.91
$IMU,26880.681,-0.793,-0.061,-0.244,0.01660,0.99902,0.14990,28.91
$MAG,26880.682,-0.145,-0.519,-0.520,27.7
$IMU,26880.683,-0.915,-0.122,-0.122,0.01562,0.99951,0.15185,28.91
$IMU,26880.685,-0.915,-0.122,-0.122,0.01708,1.00000,0.15087,28.91
$IMU,26880.688,-0.854,-0.122,-0.244,0.01953,1.00195,0.15039,28.91
$IMU,26880.690,-0.793,-0.122,-0.183,0.01757,1.00244,0.15185,28.91
$MAG,26880.692,-0.150,-0.510,-0.540,27.6
$IMU,26880.692,-0.610,-0.183,-0.183,0.01708,1.00000,0.15380,28.87
$IMU,26880.695,-0.549,-0.122,-0.244,0.01953,0.99853,0.15332,28.87
$IMU,26880.697,-0.488,-0.061,-0.305,0.01855,1.00097,0.15332,28.87
$IMU,26880.699,-0.366,-0.061,-0.244,0.01757,1.00244,0.15527,28.87
$MAG,26880.702,-0.142,-0.520,-0.534,27.7
$IMU,26880.702,-0.244,-0.122,-0.183,0.01562,1.00048,0.15136,28.87
$IMU,26880.704,-0.061,0.000,-0.122,0.01806,1.00000,0.15380,28.87
$IMU,26880.706,0.183,-0.244,-0.183,0.02099,1.00292,0.15234,28.87
$IMU,26880.709,0.366,-0.366,-0.122,0.01708,1.00000,0.15039,28.87
$IMU,26880.711,0.427,-0.061,-0.122,0.01611,1.00585,0.14843,28.92
$MAG,26880.713,-0.144,-0.523,-0.534,27.7
$IMU,26880.713,0.366,0.122,-0.122,0.01806,1.00683,0.15185,28.92
$IMU,26880.716,0.610,-0.061,-0.122,0.01904,1.00830,0.15039,28.92
$IMU,26880.718,0.610,-0.183,-0.183,0.01611,1.00878,0.15087,28.92
$IMU,26880.720,0.671,-0.244,-0.183,0.01660,1.00732,0.14941,28.92
$MAG,26880.723,-0.148,-0.520,-0.532,27.6
$IMU,26880.723,0.610,-0.122,-0.183,0.02050,1.00683,0.15234,28.92
$IMU,26880.725,0.488,-0.122,-0.122,0.01904,1.00683,0.14746,28.92
$IMU,26880.727,0.366,0.000,-0.061,0.01611,1.00439,0.14599,28.92
$BARO,26880.730,86867.45,28.73
$IMU,26880.730,0.305,-0.183,-0.183,0.01953,1.00683,0.14843,28.87
$IMU,26880.732,0.183,-0.183,-0.122,0.01757,1.00585,0.14941,28.87
$MAG,26880.733,-0.144,-0.519,-0.531,27.5
$IMU,26880.735,0.000,-0.183,-0.122,0.01757,1.00439,0.14599,28.87
$IMU,26880.737,-0.183,-0.061,-0.122,0.01855,1.00439,0.14794,28.87
$IMU,26880.739,-0.427,-0.122,-0.122,0.01953,1.00195,0.14746,28.87
$IMU,26880.742,-0.549,-0.122,-0.122,0.01855,1.00000,0.14501,28.87
$MAG,26880.743,-0.144,-0.525,-0.538,27.6
$IMU,26880.744,-0.610,-0.183,-0.122,0.02050,0.99951,0.14208,28.87
$IMU,26880.746,-0.793,-0.183,-0.122,0.01953,0.99951,0.14794,28.87
$IMU,26880.749,-0.915,-0.061,-0.183,0.02001,0.99951,0.14648,28.92
$IMU,26880.751,-1.037,0.061,-0.183,0.02148,0.99804,0.14843,28.92
$MAG,26880.753,-0.142,-0.525,-0.532,28.0
$IMU,26880.753,-1.098,-0.061,-0.183,0.01806,1.00244,0.15087,28.92
$IMU,26880.756,-1.037,-0.122,-0.305,0.01611,1.00244,0.15332,28.92
$IMU,26880.758,-1.037,-0.122,-0.244,0.01708,1.00585,0.15380,28.92
$IMU,26880.760,-0.915,-0.183,-0.244,0.01562,1.00390,0.15234,28.92
$MAG,26880.763,-0.136,-0.528,-0.528,27.6
$IMU,26880.763,-0.915,0.061,-0.183,0.01708,1.00244,0.15087,28.92
$IMU,26880.765,-0.732,-0.061,-0.122,0.01953,1.00488,0.15332,28.92
$IMU,26880.767,-0.610,-0.183,-0.183,0.02148,1.00585,0.15478,28.92
$IMU,26880.770,-0.488,-0.061,-0.183,0.01806,1.00488,0.15283,28.92
$IMU,26880.772,-0.366,0.061,-0.183,0.01708,1.00439,0.15039,28.92
$MAG,26880.773,-0.151,-0.516,-0.528,27.7
$IMU,26880.774,-0.244,0.061,-0.183,0.01611,1.00488,0.15234,28.92
$IMU,26880.777,-0.061,-0.061,-0.244,0.01806,1.00390,0.15087,28.92
$IMU,26880.779,-0.061,0.000,-0.244,0.01660,1.00781,0.14990,28.92
$IMU,26880.781,0.122,-0.183,-0.183,0.01953,1.00732,0.15039,28.92
$MAG,26880.783,-0.154,-0.513,-0.534,27.6
$IMU,26880.784,0.244,-0.122,-0.244,0.01464,1.00439,0.15087,28.92
$IMU,26880.786,0.305,-0.183,-0.183,0.01464,1.00537,0.14941,28.92
$IMU,26880.788,0.305,-0.122,-0.183,0.01660,1.00146,0.15039,28.92
$IMU,26880.791,0.305,0.000,-0.183,0.01660,1.00146,0.15039,28.92
$MAG,26880.793,-0.145,-0.514,-0.532,27.6
$IMU,26880.793,0.305,0.000,-0.122,0.01611,1.00244,0.14941,28.92
$IMU,26880.796,0.366,-0.183,-0.244,0.01708,1.00195,0.14843,28.92
$IMU,26880.798,0.183,-0.061,-0.122,0.01953,1.00195,0.14941,28.92
$IMU,26880.800,0.061,0.000,-0.122,0.01513,1.00195,0.14648,28.92
$HUM,26880.802,34.4,29.1
$MAG,26880.803,-0.142,-0.517,-0.529,27.6
$IMU,26880.803,0.000,-0.061,-0.061,0.01611,1.00341,0.14697,28.92
$IMU,26880.805,-0.061,0.000,-0.061,0.01855,1.00000,0.14746,28.89
$IMU,26880.807,-0.122,-0.183,-0.061,0.01708,1.00146,0.14550,28.89
$IMU,26880.810,-0.244,-0.244,-0.061,0.02001,1.00390,0.14990,28.89
$IMU,26880.812,-0.305,-0.183,-0.122,0.02001,1.00195,0.14794,28.89
$MAG,26880.814,-0.136,-0.526,-0.531,27.6
$IMU,26880.814,-0.549,0.000,-0.122,0.01708,1.00488,0.14794,28.89
$IMU,26880.817,-0.549,-0.122,-0.183,0.01757,1.00292,0.14697,28.89
$IMU,26880.819,-0.549,-0.122,-0.061,0.01953,1.00341,0.15087,28.89
$IMU,26880.821,-0.549,-0.183,-0.061,0.01855,1.00390,0.15185,28.89
$MAG,26880.824,-0.145,-0.517,-0.528,27.6
$IMU,26880.824,-0.610,-0.244,-0.122,0.01611,1.00390,0.15087,28.86
$IMU,26880.826,-0.671,0.061,-0.122,0.02099,1.00439,0.15039,28.86
$IMU,26880.828,-0.671,0.061,-0.183,0.01757,1.00488,0.14892,28.86
$IMU,26880.831,-0.671,-0.183,-0.183,0.01757,1.00781,0.15087,28.86
$BARO,26880.832,86867.25,28.73
$IMU,26880.833,-0.671,-0.061,-0.244,0.01904,1.00585,0.14843,28.86
$MAG,26880.834,-0.141,-0.523,-0.532,27.7
$IMU,26880.835,-0.488,-0.183,-0.183,0.01806,1.00244,0.14990,28.86
$IMU,26880.838,-0.427,-0.061,-0.122,0.01757,1.00390,0.15136,28.86
$IMU,26880.840,-0.305,-0.061,-0.183,0.02001,1.00244,0.15234,28.86
$IMU,26880.842,-0.244,0.000,-0.183,0.01708,1.00244,0.14941,28.91
$MAG,26880.844,-0.145,-0.526,-0.528,27.7
$IMU,26880.845,-0.183,-0.061,-0.305,0.01757,1.00146,0.15332,28.91
$IMU,26880.847,0.000,-0.244,-0.305,0.02001,1.00097,0.15087,28.91
$IMU,26880.849,0.000,-0.183,-0.183,0.01757,1.00195,0.15039,28.91
$IMU,26880.852,0.000,0.000,-0.244,0.01660,1.00390,0.15185,28.91
$MAG,26880.854,-0.136,-0.528,-0.532,27.7
$IMU,26880.854,0.061,-0.061,-0.244,0.01660,1.00244,0.14990,28.91
$IMU,26880.856,0.061,0.061,-0.244,0.01611,1.00292,0.15234,28.91
$IMU,26880.859,0.244,-0.183,-0.183,0.01953,1.00097,0.14843,28.91
$IMU,26880.861,0.183,-0.122,-0.244,0.01904,1.00390,0.14892,28.88
$MAG,26880.864,-0.145,-0.523,-0.529,27.8
$IMU,26880.864,0.061,-0.122,-0.244,0.01611,1.00781,0.14941,28.88
$IMU,26880.866,-0.061,0.000,-0.244,0.01318,1.00195,0.14990,28.88
$IMU,26880.868,-0.122,-0.122,-0.244,0.01562,1.00195,0.14550,28.88
$IMU,26880.871,-0.122,-0.183,-0.122,0.01855,1.00048,0.14892,28.88
$IMU,26880.873,-0.183,-0.122,-0.061,0.01708,1.00292,0.15039,28.88
$MAG,26880.874,-0.150,-0.516,-0.534,27.7
$IMU,26880.875,-0.122,-0.244,-0.122,0.01611,1.00048,0.14892,28.88
$IMU,26880.878,-0.244,-0.061,-0.183,0.01757,1.00244,0.14892,28.88
$IMU,26880.880,-0.366,0.000,-0.183,0.01660,1.00195,0.14941,28.91
$IMU,26880.882,-0.366,-0.061,-0.122,0.01806,1.00439,0.14990,28.91
$MAG,26880.884,-0.147,-0.528,-0.526,27.6
$IMU,26880.885,-0.427,-0.183,-0.122,0.01855,1.00537,0.14941,28.91
$IMU,26880.887,-0.427,-0.183,-0.122,0.01562,1.00244,0.14892,28.91
$IMU,26880.889,-0.488,-0.122,-0.061,0.01611,1.00341,0.14990,28.91
$IMU,26880.892,-0.488,0.000,-0.061,0.01513,1.00439,0.14990,28.91
$MAG,26880.894,-0.141,-0.520,-0.529,27.7
$IMU,26880.894,-0.366,-0.183,-0.122,0.02197,1.00634,0.14941,28.91
$IMU,26880.896,-0.366,-0.122,-0.122,0.02148,1.00781,0.14843,28.91
$IMU,26880.899,-0.427,0.000,-0.183,0.01904,1.00683,0.14746,28.91
$IMU,26880.901,-0.305,-0.244,-0.122,0.01757,1.00781,0.15039,28.91
$IMU,26880.903,-0.305,0.000,-0.061,0.01953,1.00390,0.15087,28.91
$MAG,26880.904,-0.145,-0.519,-0.525,27.7
$IMU,26880.906,-0.244,-0.183,-0.061,0.01757,1.00439,0.14794,28.91
$IMU,26880.908,-0.305,-0.183,-0.122,0.01757,1.00341,0.14941,28.91
$IMU,26880.910,-0.122,-0.183,-0.122,0.01513,1.00390,0.14990,28.91
$IMU,26880.913,-0.122,-0.183,-0.244,0.01904,1.00292,0.15185,28.91
$MAG,26880.914,-0.132,-0.520,-0.531,27.7
$IMU,26880.915,-0.183,0.000,-0.183,0.01806,1.00292,0.15283,28.91
$IMU,26880.917,-0.122,0.000,-0.122,0.01855,1.00390,0.15087,28.89
$IMU,26880.920,-0.122,0.000,-0.122,0.01660,1.00292,0.15136,28.89
$IMU,26880.922,-0.122,-0.122,-0.244,0.01562,1.00390,0.15039,28.89
$MAG,26880.925,-0.139,-0.519,-0.520,27.7
$IMU,26880.925,-0.061,-0.244,-0.122,0.01855,1.00146,0.15136,28.89
$IMU,26880.927,0.000,-0.183,-0.244,0.02001,1.00292,0.14794,28.89
$IMU,26880.929,-0.061,-0.061,-0.305,0.01757,1.00097,0.15087,28.89
$IMU,26880.932,-0.183,0.000,-0.244,0.01708,1.00244,0.14794,28.89
$BARO,26880.933,86857.63,28.73
$IMU,26880.934,-0.122,-0.061,-0.244,0.01757,1.00292,0.15039,28.89
$MAG,26880.935,-0.145,-0.514,-0.534,27.7
$IMU,26880.936,-0.183,-0.122,-0.244,0.01757,1.00244,0.15136,28.91
$IMU,26880.939,-0.244,-0.183,-0.122,0.01660,1.00146,0.15185,28.91
$IMU,26880.941,-0.305,-0.183,-0.122,0.01806,1.00390,0.15185,28.91
$IMU,26880.943,-0.366,0.000,-0.183,0.01757,1.00195,0.14941,28.91
$MAG,26880.945,-0.142,-0.520,-0.535,27.8
$IMU,26880.946,-0.366,-0.061,-0.244,0.01708,1.00244,0.15185,28.91
$IMU,26880.948,-0.305,-0.183,-0.183,0.01757,1.00341,0.15087,28.91
$IMU,26880.950,-0.366,-0.061,-0.244,0.01855,1.00585,0.15185,28.91
$IMU,26880.953,-0.305,-0.183,-0.183,0.01513,1.00390,0.15185,28.91
$MAG,26880.955,-0.138,-0.525,-0.526,27.7
$IMU,26880.955,-0.366,0.061,-0.061,0.01806,1.00683,0.15039,28.89
$IMU,26880.957,-0.366,-0.061,-0.122,0.01660,1.00781,0.15185,28.89
$IMU,26880.960,-0.244,-0.183,-0.122,0.01855,1.00976,0.14941,28.89
$IMU,26880.962,-0.305,-0.061,-0.122,0.01757,1.00634,0.14843,28.89
$IMU,26880.964,-0.122,-0.183,-0.183,0.01708,1.00488,0.14843,28.89
$MAG,26880.965,-0.150,-0.528,-0.532,27.7
$IMU,26880.967,-0.244,0.000,-0.122,0.01904,1.00146,0.15136,28.89
$IMU,26880.969,-0.183,0.061,-0.122,0.01806,1.00097,0.14892,28.89
$IMU,26880.971,-0.122,-0.183,-0.122,0.01904,1.00244,0.15039,28.89
$IMU,26880.974,-0.122,-0.244,-0.122,0.01708,1.00537,0.14990,28.91
$MAG,26880.975,-0.144,-0.531,-0.531,27.6
$IMU,26880.976,-0.122,-0.122,-0.183,0.01806,1.00341,0.15136,28.91
$IMU,26880.978,-0.122,-0.183,-0.183,0.01611,1.00195,0.14843,28.91
$IMU,26880.981,-0.122,-0.061,-0.183,0.01757,1.00292,0.14794,28.91
$IMU,26880.983,-0.122,-0.061,-0.183,0.01660,1.00390,0.14990,28.91
$MAG,26880.985,-0.145,-0.517,-0.532,27.7
$IMU,26880.986,-0.061,0.000,-0.183,0.01562,1.00048,0.14892,28.91
$IMU,26880.988,-0.061,-0.061,-0.122,0.01757,1.00341,0.15087,28.91
$IMU,26880.990,-0.122,-0.122,-0.122,0.01708,1.00146,0.15087,28.91
$IMU,26880.993,-0.244,0.061,-0.183,0.01855,1.00292,0.14941,28.87
$MAG,26880.995,-0.142,-0.525,-0.538,27.7
$IMU,26880.995,-0.183,-0.061,-0.183,0.02099,1.00244,0.14697,28.87
$IMU,26880.997,-0.244,0.000,-0.183,0.01757,1.00244,0.14697,28.87
$IMU,26881.000,-0.244,-0.122,-0.244,0.01708,1.00390,0.14892,28.87
$IMU,26881.002,-0.305,-0.122,-0.183,0.01806,1.00097,0.15039,28.87
$IMU,26881.004,-0.366,-0.061,-0.183,0.02148,1.00390,0.15185,28.87
$MAG,26881.005,-0.142,-0.520,-0.529,27.7
$IMU,26881.007,-0.427,-0.061,-0.183,0.01806,1.00146,0.15136,28.87
$IMU,26881.009,-0.549,0.122,-0.244,0.01708,1.00292,0.14941,28.87
$IMU,26881.011,-0.427,-0.122,-0.122,0.01708,1.00195,0.14746,28.91
$IMU,26881.014,-0.366,-0.244,-0.183,0.01708,1.00439,0.15039,28.91
$MAG,26881.015,-0.147,-0.519,-0.523,27.6
$IMU,26881.016,-0.427,-0.122,-0.305,0.01757,1.00439,0.15283,28.91
$IMU,26881.018,-0.488,0.000,-0.183,0.01660,1.00488,0.14990,28.91
$IMU,26881.021,-0.549,0.061,-0.183,0.01855,1.00488,0.14990,28.91
$IMU,26881.023,-0.366,-0.061,-0.122,0.01757,1.00390,0.15234,28.91
$MAG,26881.025,-0.136,-0.520,-0.525,27.7
$IMU,26881.025,-0.366,-0.061,-0.122,0.01953,1.00634,0.15234,28.91
$IMU,26881.028,-0.366,-0.183,-0.061,0.02099,1.00292,0.14892,28.91
$IMU,26881.030,-0.427,-0.061,-0.183,0.01757,1.00244,0.14794,28.91
$IMU,26881.032,-0.366,0.061,-0.305,0.01953,1.00292,0.14990,28.91
$BARO,26881.034,86868.25,28.74
$MAG,26881.035,-0.145,-0.522,-0.534,27.7
$IMU,26881.035,-0.244,-0.061,-0.183,0.01904,1.00244,0.14941,28.91
$IMU,26881.037,-0.244,-0.122,-0.122,0.01708,1.00439,0.15039,28.91
$IMU,26881.039,-0.122,-0.122,-0.122,0.01855,1.00341,0.15136,28.91
$IMU,26881.042,-0.122,-0.122,-0.122,0.01855,1.00097,0.15234,28.91
$IMU,26881.044,-0.122,-0.061,-0.122,0.01904,1.00390,0.15332,28.91
$MAG,26881.046,-0.144,-0.522,-0.534,27.6
$IMU,26881.047,-0.061,-0.122,-0.183,0.01708,1.00244,0.14941,28.91
$IMU,26881.049,-0.061,-0.122,-0.183,0.01806,1.00244,0.14990,28.90
$IMU,26881.051,0.000,-0.244,-0.061,0.01953,1.00341,0.14892,28.90
$IMU,26881.054,0.061,-0.305,-0.122,0.01904,1.00488,0.15136,28.90
$MAG,26881.056,-0.136,-0.517,-0.531,27.7
$IMU,26881.056,-0.061,-0.122,-0.244,0.01806,1.00585,0.14941,28.90
$IMU,26881.058,-0.061,-0.061,-0.061,0.01806,1.00781,0.15136,28.90
$IMU,26881.061,0.000,-0.122,-0.122,0.01855,1.00341,0.15087,28.90
$IMU,26881.063,-0.061,-0.122,-0.122,0.01953,1.00537,0.14843,28.90
$IMU,26881.065,-0.061,0.000,-0.122,0.01708,1.00341,0.15039,28.90
$MAG,26881.066,-0.150,-0.514,-0.528,27.7
$IMU,26881.068,-0.122,0.000,-0.244,0.01855,1.00390,0.14941,28.86
$IMU,26881.070,-0.122,-0.061,-0.122,0.01562,1.00488,0.14941,28.86
$IMU,26881.072,-0.122,0.000,-0.122,0.01708,1.00390,0.14648,28.86
$IMU,26881.075,-0.122,-0.061,-0.122,0.01953,1.00634,0.14892,28.86
$MAG,26881.076,-0.145,-0.517,-0.534,27.7
$IMU,26881.077,-0.122,-0.244,-0.183,0.02001,1.00439,0.14843,28.86
$IMU,26881.079,-0.244,0.061,-0.183,0.02294,1.00732,0.14648,28.86
$IMU,26881.082,-0.244,0.000,-0.183,0.01806,1.00585,0.14746,28.86
$IMU,26881.084,-0.427,0.122,-0.305,0.01855,1.00537,0.15039,28.86
$MAG,26881.086,-0.139,-0.523,-0.525,27.7
$IMU,26881.086,-0.305,-0.122,-0.244,0.01757,1.00781,0.14892,28.88
$IMU,26881.089,-0.366,-0.122,-0.122,0.01806,1.00488,0.14892,28.88
$IMU,26881.091,-0.366,-0.122,-0.122,0.02099,1.00000,0.14892,28.88
$IMU,26881.093,-0.427,-0.183,-0.183,0.01904,1.00439,0.14648,28.88
$MAG,26881.096,-0.145,-0.511,-0.534,27.7
$IMU,26881.096,-0.488,0.000,-0.122,0.01953,1.00244,0.14648,28.88
$IMU,26881.098,-0.610,0.000,-0.183,0.01953,1.00292,0.14892,28.88
$IMU,26881.100,-0.549,-0.183,-0.305,0.02001,1.00390,0.14990,28.88
$IMU,26881.103,-0.488,-0.122,-0.183,0.01611,1.00390,0.15087,28.88
$IMU,26881.105,-0.488,-0.183,-0.183,0.01855,0.99951,0.14892,28.92
$MAG,26881.106,-0.147,-0.519,-0.538,27.8
$IMU,26881.108,-0.549,-0.122,-0.183,0.01611,1.00634,0.14892,28.92
$IMU,26881.110,-0.610,-0.061,-0.122,0.01806,1.00244,0.15185,28.92
$IMU,26881.112,-0.549,-0.122,-0.122,0.02050,1.00537,0.15185,28.92
$IMU,26881.115,-0.549,-0.183,-0.183,0.01904,1.00390,0.14990,28.92
$MAG,26881.116,-0.141,-0.513,-0.538,27.7
$IMU,26881.117,-0.427,-0.122,-0.183,0.01708,1.00341,0.15136,28.92
$IMU,26881.119,-0.488,-0.122,-0.244,0.01611,1.00341,0.15087,28.92
$IMU,26881.122,-0.488,-0.061,-0.183,0.01611,1.00341,0.15234,28.92
$IMU,26881.124,-0.427,0.061,-0.183,0.01953,1.00195,0.14941,28.91
$MAG,26881.126,-0.139,-0.517,-0.535,27.7
$IMU,26881.126,-0.244,-0.122,-0.122,0.01611,1.00439,0.15185,28.91
$IMU,26881.129,-0.122,-0.244,-0.061,0.01660,1.00292,0.14990,28.91
$IMU,26881.131,-0.122,-0.061,-0.183,0.01806,1.00488,0.14990,28.91
$IMU,26881.133,-0.061,-0.183,-0.183,0.01660,1.00000,0.15234,28.91
$BARO,26881.136,86860.21,28.74
$MAG,26881.136,-0.147,-0.523,-0.540,27.6
$IMU,26881.136,-0.061,0.000,-0.183,0.01367,1.00195,0.15087,28.91
$IMU,26881.138,-0.061,-0.061,-0.183,0.01416,1.00244,0.15039,28.91
$IMU,26881.140,-0.061,-0.244,-0.122,0.01806,1.00341,0.14941,28.91
$IMU,26881.143,-0.061,-0.061,-0.061,0.01904,1.00244,0.14941,28.86
$IMU,26881.145,0.000,0.000,-0.061,0.01513,1.00390,0.14697,28.86
$MAG,26881.146,-0.145,-0.523,-0.538,27.8
$IMU,26881.147,0.000,-0.061,-0.061,0.01953,1.00732,0.14843,28.86
$IMU,26881.150,-0.061,-0.061,-0.183,0.01806,1.00683,0.15136,28.86
$IMU,26881.152,0.000,-0.183,-0.244,0.01855,1.00341,0.15039,28.86
$IMU,26881.154,-0.061,-0.122,-0.122,0.01806,1.00634,0.14892,28.86
$MAG,26881.157,-0.139,-0.526,-0.544,28.1
$IMU,26881.157,-0.183,-0.183,-0.061,0.01660,1.00341,0.14941,28.86
$IMU,26881.159,-0.244,-0.183,-0.061,0.01757,0.99951,0.14941,28.86
$IMU,26881.161,-0.366,0.061,-0.061,0.01953,0.99902,0.14648,28.89
$IMU,26881.164,-0.366,-0.122,-0.061,0.02099,1.00537,0.14843,28.89
$IMU,26881.166,-0.366,-0.061,-0.122,0.02343,1.00585,0.14892,28.89
$MAG,26881.167,-0.144,-0.516,-0.537,27.7
$IMU,26881.169,-0.366,-0.122,-0.183,0.02246,1.00439,0.14941,28.89
$IMU,26881.171,-0.610,0.000,-0.183,0.02050,1.00585,0.14990,28.89
$IMU,26881.173,-0.549,-0.122,-0.122,0.01904,1.00439,0.14746,28.89
$IMU,26881.176,-0.610,-0.122,-0.122,0.02050,1.00341,0.15087,28.89
$MAG,26881.177,-0.136,-0.514,-0.531,27.7
$IMU,26881.178,-0.610,-0.183,0.000,0.01855,0.99951,0.15136,28.89
$IMU,26881.180,-0.549,-0.244,-0.061,0.02050,1.00341,0.14794,28.89
$IMU,26881.183,-0.610,-0.122,-0.122,0.01806,1.00585,0.15087,28.89
$IMU,26881.185,-0.610,-0.061,-0.183,0.01708,0.99902,0.15136,28.89
$MAG,26881.187,-0.142,-0.516,-0.535,27.8
$IMU,26881.187,-0.732,-0.061,-0.244,0.02001,1.00146,0.14990,28.89
$IMU,26881.190,-0.610,0.061,-0.183,0.01953,1.00683,0.14941,28.89
$IMU,26881.192,-0.549,-0.122,-0.122,0.01708,1.00830,0.15087,28.89
$IMU,26881.194,-0.549,-0.122,-0.122,0.01464,1.00537,0.15039,28.89
$MAG,26881.197,-0.159,-0.517,-0.522,27.7
$IMU,26881.197,-0.427,-0.061,-0.122,0.01757,1.00341,0.15039,28.89
$IMU,26881.199,-0.366,-0.061,-0.183,0.02001,1.00195,0.15039,28.91
$IMU,26881.201,-0.305,-0.122,-0.244,0.01806,1.00585,0.15185,28.91
$IMU,26881.204,-0.183,-0.244,-0.244,0.01904,1.00390,0.15185,28.91
$IMU,26881.206,-0.244,-0.061,-0.244,0.01806,1.00488,0.14794,28.91
$MAG,26881.207,-0.144,-0.517,-0.532,27.6
$IMU,26881.208,-0.244,-0.061,-0.122,0.01806,1.00439,0.14990,28.91
$IMU,26881.211,-0.183,-0.122,-0.061,0.01904,1.00585,0.15087,28.91
$IMU,26881.213,-0.183,-0.061,-0.061,0.01757,1.00683,0.14746,28.91
$IMU,26881.215,-0.061,-0.244,-0.183,0.01757,1.00683,0.14550,28.91
$MAG,26881.217,-0.145,-0.526,-0.541,27.7
$IMU,26881.218,-0.122,-0.122,-0.244,0.01953,1.00292,0.14843,28.92
$IMU,26881.220,-0.122,-0.061,-0.183,0.01757,1.00341,0.15039,28.92
$IMU,26881.222,-0.244,0.061,-0.183,0.01367,1.00341,0.14941,28.92
$IMU,26881.225,-0.305,0.061,-0.183,0.01953,0.99853,0.15039,28.92
$MAG,26881.227,-0.147,-0.516,-0.528,27.6
$IMU,26881.227,-0.305,-0.183,-0.061,0.01855,1.00390,0.14794,28.92
$IMU,26881.230,-0.305,-0.183,-0.061,0.01806,1.00488,0.14794,28.92
$IMU,26881.232,-0.427,0.000,-0.122,0.01806,1.00292,0.14746,28.92
$IMU,26881.234,-0.610,0.000,-0.183,0.02001,1.00292,0.14843,28.92
$BARO,26881.237,86858.94,28.74
$MAG,26881.237,-0.139,-0.522,-0.541,27.7
$IMU,26881.237,-0.671,0.061,-0.244,0.01806,1.00195,0.14843,28.90
$IMU,26881.239,-0.793,0.000,-0.122,0.01953,0.99853,0.15234,28.90
$IMU,26881.241,-0.671,-0.122,-0.122,0.01562,1.00244,0.14843,28.90
$IMU,26881.244,-0.732,-0.183,-0.061,0.02246,1.00341,0.15039,28.90
$IMU,26881.246,-0.793,-0.061,0.000,0.01904,1.00537,0.15039,28.90
$MAG,26881.247,-0.144,-0.516,-0.535,27.6
$IMU,26881.248,-0.854,0.000,-0.061,0.02343,1.00537,0.15234,28.90
$TIME,26881.249,510789.000,2399
$IMU,26881.251,-0.793,-0.122,-0.183,0.01806,1.00537,0.15380,28.90
$IMU,26881.253,-0.793,-0.122,-0.183,0.01757,1.00537,0.15185,28.90
$IMU,26881.255,-0.732,-0.061,-0.244,0.01562,1.00488,0.15283,28.91
$MAG,26881.257,-0.142,-0.525,-0.543,27.6
$IMU,26881.258,-0.610,-0.061,-0.305,0.01562,1.00439,0.15332,28.91
$IMU,26881.260,-0.549,-0.122,-0.183,0.01513,1.00585,0.15087,28.91
$IMU,26881.262,-0.488,0.000,-0.122,0.01708,1.00488,0.14941,28.91
$IMU,26881.265,-0.305,0.000,-0.183,0.01660,1.00976,0.15087,28.91
$IMU,26881.267,-0.122,-0.061,-0.122,0.01660,1.00537,0.15087,28.91
$MAG,26881.268,-0.147,-0.516,-0.538,27.7
$IMU,26881.269,0.000,0.000,-0.183,0.01855,1.01025,0.15039,28.91
$IMU,26881.272,0.122,-0.061,-0.305,0.02050,1.00927,0.15087,28.91
$IMU,26881.274,0.244,-0.061,-0.183,0.01464,1.00585,0.14843,28.89
$IMU,26881.276,0.305,-0.183,-0.122,0.01855,1.00634,0.14892,28.89
$MAG,26881.278,-0.141,-0.519,-0.531,27.7
$IMU,26881.279,0.366,-0.122,-0.061,0.02099,1.00781,0.14892,28.89
$IMU,26881.281,0.366,-0.122,-0.183,0.01708,1.00537,0.14648,28.89
$IMU,26881.283,0.305,-0.061,-0.183,0.01513,1.00781,0.14599,28.89
$VBAT,26881.283,4.130
$IMU,26881.286,0.122,0.061,-0.183,0.01708,1.01025,0.14257,28.89
$MAG,26881.288,-0.142,-0.526,-0.537,27.8
$IMU,26881.288,0.183,0.000,-0.305,0.01611,1.00537,0.14648,28.89
$IMU,26881.290,0.061,-0.061,-0.183,0.01464,1.00634,0.14111,28.89
$IMU,26881.293,-0.061,-0.244,-0.122,0.01806,1.00537,0.14501,28.93
$IMU,26881.295,-0.305,-0.183,-0.061,0.01757,1.00683,0.14550,28.93
$MAG,26881.298,-0.147,-0.520,-0.531,27.7
$IMU,26881.298,-0.488,0.000,-0.061,0.01611,1.00732,0.14257,28.93
$IMU,26881.300,-0.732,-0.061,-0.061,0.01757,1.00488,0.14306,28.93
$IMU,26881.302,-0.915,-0.061,-0.122,0.01904,1.00537,0.14160,28.93
$IMU,26881.305,-1.098,0.000,-0.183,0.01708,1.00634,0.14453,28.93
$IMU,26881.307,-1.220,-0.244,-0.122,0.01562,1.00244,0.14355,28.93
$MAG,26881.308,-0.148,-0.526,-0.537,27.6
$IMU,26881.309,-1.342,0.000,-0.061,0.01855,1.00292,0.14257,28.93
$IMU,26881.312,-1.525,0.061,-0.061,0.01904,1.00244,0.14306,28.91
$IMU,26881.314,-1.525,-0.061,-0.061,0.01855,1.00048,0.14501,28.91
$IMU,26881.316,-1.464,-0.122,-0.061,0.01953,1.00292,0.14501,28.91
$MAG,26881.318,-0.150,-0.529,-0.534,27.8
$IMU,26881.319,-1.464,-0.061,-0.061,0.01855,1.00097,0.14794,28.91
$IMU,26881.321,-1.525,-0.061,-0.061,0.02050,1.00097,0.14843,28.91
$IMU,26881.323,-1.464,0.061,-0.122,0.01757,0.99853,0.14990,28.91
$IMU,26881.326,-1.403,0.122,-0.122,0.01318,0.99853,0.14990,28.91
$MAG,26881.328,-0.139,-0.517,-0.529,27.7
$IMU,26881.328,-1.281,-0.122,-0.183,0.01660,0.99951,0.15136,28.91
$IMU,26881.330,-1.098,-0.244,-0.122,0.01806,1.00195,0.14941,28.89
$IMU,26881.333,-0.976,-0.122,-0.122,0.02050,1.00390,0.15136,28.89
$IMU,26881.335,-0.976,0.000,-0.183,0.02099,1.00000,0.15039,28.89
$IMU,26881.337,-0.915,0.061,-0.183,0.01708,0.99951,0.15136,28.89
$MAG,26881.338,-0.139,-0.516,-0.538,27.7
$BARO,26881.339,86875.05,28.74
$IMU,26881.340,-0.732,-0.061,-0.244,0.01708,1.00292,0.15380,28.89
$IMU,26881.342,-0.549,-0.183,-0.183,0.02099,1.00439,0.15478,28.89
$IMU,26881.344,-0.427,-0.122,-0.183,0.02001,1.00488,0.15283,28.89
$IMU,26881.347,-0.366,0.000,-0.183,0.01806,1.00244,0.15283,28.89
$MAG,26881.348,-0.136,-0.528,-0.535,27.6
$IMU,26881.349,-0.244,-0.061,-0.244,0.01708,1.00195,0.15185,28.89
$IMU,26881.351,-0.183,-0.061,-0.183,0.01562,1.00048,0.15234,28.89
$IMU,26881.354,-0.122,0.000,-0.183,0.01513,1.00000,0.15039,28.89
$IMU,26881.356,0.061,-0.122,-0.183,0.01513,1.00341,0.15039,28.89
$MAG,26881.358,-0.139,-0.517,-0.535,27.7
$IMU,26881.359,0.122,-0.122,-0.183,0.01562,1.00781,0.14892,28.89
$IMU,26881.361,0.183,-0.061,-0.122,0.01904,1.00439,0.15136,28.89
$IMU,26881.363,0.122,0.000,-0.061,0.01757,1.00195,0.15185,28.89
$IMU,26881.366,0.061,0.000,-0.122,0.01757,1.00244,0.15234,28.89
$MAG,26881.368,-0.142,-0.517,-0.534,27.7
$IMU,26881.368,0.000,-0.122,-0.183,0.01806,1.00341,0.15087,28.92
$IMU,26881.370,-0.183,-0.183,-0.122,0.01708,1.00244,0.15185,28.92
$IMU,26881.373,-0.366,-0.122,-0.122,0.01660,1.00488,0.14892,28.92
$IMU,26881.375,-0.610,-0.061,-0.122,0.01806,1.00341,0.14892,28.92
$IMU,26881.377,-0.732,-0.122,-0.061,0.01513,1.00634,0.14892,28.92
$MAG,26881.379,-0.147,-0.523,-0.531,27.7
$IMU,26881.380,-0.854,-0.061,0.000,0.02099,1.00390,0.15283,28.92
$IMU,26881.382,-0.976,-0.183,0.061,0.01708,1.00488,0.15283,28.92
$IMU,26881.384,-1.037,0.000,0.000,0.02099,1.00488,0.15234,28.92
$IMU,26881.387,-1.159,0.000,0.000,0.02001,1.00537,0.15087,28.93
$MAG,26881.389,-0.144,-0.517,-0.532,28.0
$IMU,26881.389,-1.342,0.061,0.000,0.01660,1.00341,0.15429,28.93
$IMU,26881.391,-1.342,-0.122,-0.061,0.01806,1.00488,0.15185,28.93
$IMU,26881.394,-1.342,-0.183,0.061,0.01806,1.00537,0.15429,28.93
$IMU,26881.396,-1.342,-0.122,0.000,0.02099,1.00488,0.15380,28.93
$IMU,26881.398,-1.342,-0.122,-0.061,0.01855,1.00537,0.15771,28.93
$MAG,26881.399,-0.144,-0.514,-0.531,28.0
$IMU,26881.401,-1.342,-0.122,-0.061,0.02197,1.00292,0.15869,28.93
$IMU,26881.403,-1.342,-0.122,-0.122,0.02294,1.00097,0.15771,28.93
$IMU,26881.405,-1.281,0.000,-0.183,0.02246,1.00000,0.15869,28.98
$IMU,26881.408,-1.098,-0.244,-0.183,0.01660,1.00146,0.15771,28.98
$MAG,26881.409,-0.144,-0.529,-0.532,27.6
$IMU,26881.410,-0.976,-0.061,-0.183,0.01806,0.99902,0.16015,28.98
$IMU,26881.412,-0.854,0.000,-0.183,0.02050,1.00000,0.16015,28.98
$IMU,26881.415,-0.732,-0.061,-0.061,0.02050,1.00048,0.16064,28.98
$IMU,26881.417,-0.488,-0.183,-0.122,0.01806,1.00097,0.15771,28.98
$MAG,26881.419,-0.138,-0.508,-0.532,27.7
$IMU,26881.420,-0.244,-0.122,-0.183,0.02001,1.00146,0.15771,28.98
$IMU,26881.422,-0.061,-0.122,-0.244,0.02343,0.99951,0.16064,28.98
$IMU,26881.424,0.000,-0.183,-0.244,0.01806,1.00048,0.15917,28.93
$IMU,26881.427,0.061,0.000,-0.305,0.02197,1.00048,0.15869,28.93
$MAG,26881.429,-0.144,-0.516,-0.525,27.6
$IMU,26881.429,0.244,-0.061,-0.244,0.02246,1.00097,0.15527,28.93
$IMU,26881.431,0.305,-0.183,-0.183,0.02246,1.00097,0.15576,28.93
$IMU,26881.434,0.366,-0.183,-0.183,0.01953,0.99902,0.15869,28.93
$IMU,26881.436,0.305,0.000,-0.244,0.01953,0.99951,0.15771,28.93
$IMU,26881.438,0.244,0.061,-0.244,0.01904,1.00341,0.15478,28.93
$MAG,26881.439,-0.147,-0.508,-0.531,27.7
$BARO,26881.440,86868.21,28.74
$IMU,26881.441,0.244,-0.061,-0.244,0.02197,1.00195,0.15332,28.93
$IMU,26881.443,0.122,-0.061,-0.244,0.01953,1.00146,0.15576,28.86
$IMU,26881.445,-0.061,-0.122,-0.305,0.01660,1.00146,0.15820,28.86
$IMU,26881.448,-0.061,-0.183,-0.183,0.01904,1.00097,0.15429,28.86
$MAG,26881.449,-0.144,-0.522,-0.540,27.7
$IMU,26881.450,-0.183,-0.061,-0.122,0.02001,0.99804,0.15478,28.86
$IMU,26881.452,-0.305,-0.061,-0.244,0.02099,1.00244,0.15185,28.86
$IMU,26881.455,-0.305,0.000,-0.183,0.02148,1.00195,0.15234,28.86
$IMU,26881.457,-0.366,-0.061,-0.122,0.01611,1.00244,0.15087,28.86
$MAG,26881.459,-0.136,-0.523,-0.546,27.7
$IMU,26881.459,-0.427,0.000,-0.244,0.01660,1.00292,0.15283,28.86
$IMU,26881.462,-0.366,-0.183,-0.183,0.02001,1.00488,0.14990,28.89
$IMU,26881.464,-0.366,-0.061,-0.122,0.01806,1.00439,0.15087,28.89
$IMU,26881.466,-0.244,-0.305,-0.061,0.01757,1.00488,0.15332,28.89
$MAG,26881.469,-0.144,-0.528,-0.531,27.8
$IMU,26881.469,-0.244,-0.183,-0.061,0.01953,1.00585,0.15234,28.89
$IMU,26881.471,-0.122,-0.244,-0.061,0.01562,1.00195,0.15185,28.89
$IMU,26881.473,-0.061,-0.183,-0.122,0.01611,1.00341,0.14990,28.89
$IMU,26881.476,-0.061,-0.122,-0.183,0.01611,1.00439,0.15185,28.89
$IMU,26881.478,-0.061,-0.061,-0.122,0.01757,1.00244,0.14941,28.89
$MAG,26881.479,-0.145,-0.519,-0.532,27.8
$IMU,26881.481,-0.061,-0.122,-0.122,0.01464,1.00683,0.14843,28.88
$IMU,26881.483,-0.061,-0.061,-0.183,0.01513,1.00976,0.14843,28.88
$IMU,26881.485,0.000,-0.061,-0.122,0.01660,1.00341,0.14794,28.88
$IMU,26881.488,0.061,-0.061,-0.122,0.01416,1.00439,0.15039,28.88
$MAG,26881.490,-0.144,-0.520,-0.537,27.7
$IMU,26881.490,0.061,0.000,-0.122,0.01660,1.00341,0.14794,28.88
$IMU,26881.492,-0.122,0.000,-0.183,0.02148,1.00585,0.14843,28.88
$IMU,26881.495,-0.061,-0.244,-0.122,0.02197,1.00732,0.14746,28.88
$IMU,26881.497,-0.366,-0.061,-0.061,0.01904,1.00781,0.14941,28.88
$IMU,26881.499,-0.610,-0.183,-0.122,0.02148,1.00585,0.14794,28.92
$MAG,26881.500,-0.144,-0.517,-0.532,27.7
$IMU,26881.502,-0.854,-0.061,-0.183,0.01904,1.00732,0.14990,28.92
$IMU,26881.504,-1.098,-0.061,-0.061,0.02148,1.00341,0.14892,28.92
$IMU,26881.506,-1.281,-0.183,-0.183,0.01953,1.00097,0.14843,28.92
$IMU,26881.509,-1.464,-0.183,-0.183,0.01611,0.99755,0.15283,28.92
$MAG,26881.510,-0.142,-0.516,-0.529,27.7
$IMU,26881.511,-1.647,-0.122,-0.183,0.01904,0.99951,0.15332,28.92
$IMU,26881.513,-1.892,-0.061,-0.122,0.01904,1.00097,0.15283,28.92
$IMU,26881.516,-1.892,-0.061,-0.122,0.01904,0.99707,0.15380,28.92
$IMU,26881.518,-1.892,0.000,-0.122,0.01757,0.99560,0.15527,28.87
$MAG,26881.520,-0.151,-0.525,-0.538,27.7
$IMU,26881.520,-1.708,-0.122,-0.061,0.01904,0.99853,0.15478,28.87
$IMU,26881.523,-1.525,-0.122,-0.183,0.02099,0.99853,0.15625,28.87
$IMU,26881.525,-1.342,-0.061,-0.244,0.02148,1.00341,0.15527,28.87
$IMU,26881.527,-1.220,0.122,-0.244,0.02050,0.99951,0.15869,28.87
$MAG,26881.530,-0.139,-0.525,-0.535,27.7
$IMU,26881.530,-0.915,0.061,-0.244,0.01806,0.99658,0.15869,28.87
$IMU,26881.532,-0.610,-0.061,-0.244,0.01953,0.99804,0.15820,28.87
$IMU,26881.534,-0.244,-0.122,-0.183,0.02099,1.00195,0.15771,28.87
$IMU,26881.537,0.000,-0.122,-0.244,0.01757,0.99951,0.15722,28.87
$IMU,26881.539,0.366,0.000,-0.244,0.02099,1.00341,0.15820,28.87
$MAG,26881.540,-0.154,-0.517,-0.529,27.7
$BARO,26881.542,86859.33,28.74
$IMU,26881.542,0.610,-0.061,-0.305,0.01855,1.00146,0.15722,28.87
$IMU,26881.544,0.915,-0.183,-0.366,0.01708,1.00048,0.15576,28.87
$IMU,26881.546,1.159,-0.244,-0.305,0.01464,1.00537,0.15527,28.87
$IMU,26881.549,1.342,-0.183,-0.244,0.01513,1.00537,0.15234,28.87
$MAG,26881.550,-0.139,-0.508,-0.526,27.7
$IMU,26881.551,1.281,-0.122,-0.183,0.01806,1.00439,0.14990,28.87
$IMU,26881.553,1.281,0.061,-0.183,0.01611,1.00585,0.14843,28.87
$IMU,26881.556,1.342,-0.061,-0.122,0.01562,1.00683,0.14599,28.92
$IMU,26881.558,1.342,-0.244,-0.183,0.01757,1.00341,0.14794,28.92
$MAG,26881.560,-0.144,-0.525,-0.528,27.8
$IMU,26881.560,1.159,-0.122,-0.183,0.01562,1.00683,0.14648,28.92
$IMU,26881.563,0.976,-0.122,-0.183,0.01708,1.00390,0.14453,28.92
$IMU,26881.565,0.610,-0.183,-0.183,0.01513,1.00244,0.14257,28.92
$IMU,26881.567,0.244,0.061,-0.122,0.01269,1.00292,0.14257,28.92
$MAG,26881.570,-0.132,-0.517,-0.531,27.7
$IMU,26881.570,0.122,-0.061,-0.122,0.01708,0.99755,0.14453,28.92
$IMU,26881.572,-0.305,-0.061,-0.061,0.01464,1.00146,0.14257,28.92
$IMU,26881.574,-0.610,-0.183,-0.061,0.01953,0.99902,0.14355,28.89
$IMU,26881.577,-0.915,-0.122,-0.061,0.02050,1.00146,0.14160,28.89
$IMU,26881.579,-1.220,0.061,-0.061,0.01953,1.00000,0.14404,28.89
$MAG,26881.580,-0.150,-0.525,-0.540,27.6
$IMU,26881.581,-1.464,0.000,-0.061,0.02050,0.99804,0.14599,28.89
$IMU,26881.584,-1.586,-0.122,0.000,0.01855,1.00000,0.14794,28.89
$IMU,26881.586,-1.708,0.000,-0.061,0.01855,1.00048,0.14599,28.89
$IMU,26881.588,-1.647,-0.122,-0.061,0.01416,1.00341,0.14843,28.89
$MAG,26881.590,-0.142,-0.522,-0.525,27.6
$IMU,26881.591,-1.708,0.000,-0.061,0.02050,1.00732,0.14892,28.89
$IMU,26881.593,-1.586,0.061,-0.061,0.01953,1.00244,0.15136,28.88
$IMU,26881.595,-1.281,-0.122,-0.244,0.01904,1.00292,0.15185,28.88
$IMU,26881.598,-1.037,-0.183,-0.244,0.01562,1.00585,0.15136,28.88
$MAG,26881.600,-0.144,-0.516,-0.526,27.8
$IMU,26881.600,-0.793,-0.122,-0.244,0.01513,1.00390,0.15625,28.88
$IMU,26881.603,-0.610,-0.061,-0.244,0.01171,1.00585,0.15625,28.88
$IMU,26881.605,-0.366,-0.061,-0.244,0.01416,1.00732,0.15576,28.88
$IMU,26881.607,0.000,-0.061,-0.244,0.01708,1.00732,0.15576,28.88
$IMU,26881.610,0.122,-0.122,-0.183,0.02001,1.01074,0.15429,28.88
$MAG,26881.611,-0.136,-0.525,-0.529,28.0
$IMU,26881.612,0.427,-0.305,-0.244,0.01464,1.00732,0.15380,28.91
$IMU,26881.614,0.488,-0.122,-0.305,0.01611,1.00634,0.15527,28.91
$IMU,26881.617,0.549,-0.061,-0.305,0.01318,1.00585,0.15234,28.91
$IMU,26881.619,0.549,-0.061,-0.183,0.01611,1.00781,0.15136,28.91
$MAG,26881.621,-0.141,-0.517,-0.535,27.7
$IMU,26881.621,0.549,0.061,-0.244,0.01464,1.00439,0.15185,28.91
$IMU,26881.624,0.549,-0.183,-0.183,0.01513,1.00097,0.15185,28.91
$IMU,26881.626,0.427,-0.122,-0.183,0.01806,1.00292,0.14892,28.91
$IMU,26881.628,0.183,0.061,-0.244,0.01562,1.00195,0.14648,28.91
$MAG,26881.631,-0.147,-0.519,-0.534,27.8
$IMU,26881.631,0.122,-0.061,-0.305,0.01953,0.99511,0.15136,28.89
$IMU,26881.633,-0.122,0.061,-0.183,0.01953,0.99902,0.14794,28.89
$IMU,26881.635,-0.244,-0.183,-0.122,0.01708,0.99609,0.14892,28.89
$IMU,26881.638,-0.488,-0.122,-0.122,0.01953,0.99755,0.14843,28.89
$IMU,26881.640,-0.671,-0.183,-0.061,0.01904,0.99609,0.14843,28.89
$MAG,26881.641,-0.141,-0.522,-0.537,28.1
$IMU,26881.642,-0.976,-0.122,-0.122,0.02001,0.99951,0.15136,28.89
$BARO,26881.643,86862.31,28.75
$IMU,26881.645,-1.281,0.183,-0.061,0.02246,0.99804,0.14843,28.89
$IMU,26881.647,-1.220,-0.061,-0.061,0.02099,0.99951,0.14794,28.89
$IMU,26881.649,-1.342,-0.183,-0.061,0.01855,1.00146,0.15332,28.91
$MAG,26881.651,-0.147,-0.517,-0.535,28.0
$IMU,26881.652,-1.281,-0.244,-0.122,0.02001,1.00195,0.15283,28.91
$IMU,26881.654,-1.281,-0.305,-0.122,0.01904,1.00097,0.15478,28.91
$IMU,26881.656,-1.342,-0.061,-0.061,0.01953,1.00634,0.15771,28.91
$IMU,26881.659,-1.281,-0.122,-0.061,0.02148,1.00781,0.15576,28.91
$MAG,26881.661,-0.141,-0.525,-0.537,28.0
$IMU,26881.661,-1.159,0.000,-0.061,0.01660,1.00439,0.15771,28.91
$IMU,26881.664,-0.854,-0.122,-0.061,0.01513,1.00634,0.15771,28.91
$IMU,26881.666,-0.671,-0.183,-0.061,0.01855,1.00488,0.15722,28.91
$IMU,26881.668,-0.488,0.061,-0.122,0.02099,1.00585,0.15722,28.89
$MAG,26881.671,-0.141,-0.520,-0.540,27.7
$IMU,26881.671,-0.183,-0.061,-0.183,0.02099,1.00634,0.15820,28.89
$IMU,26881.673,0.183,-0.183,-0.183,0.01757,1.00390,0.15722,28.89
$IMU,26881.675,0.305,0.122,-0.122,0.01953,1.00244,0.15917,28.89
$IMU,26881.678,0.488,-0.122,-0.244,0.02001,1.00634,0.15576,28.89
$IMU,26881.680,0.610,0.000,-0.183,0.02050,1.00488,0.15283,28.89
$MAG,26881.681,-0.145,-0.520,-0.535,27.8
$IMU,26881.682,0.732,0.000,-0.183,0.02050,1.00292,0.15332,28.89
$IMU,26881.685,0.793,-0.122,-0.244,0.02099,1.00439,0.15087,28.89
$IMU,26881.687,0.976,-0.183,-0.244,0.01757,0.99951,0.15332,28.94
$IMU,26881.689,0.915,-0.122,-0.122,0.01464,1.00292,0.15087,28.94
$MAG,26881.691,-0.142,-0.526,-0.534,27.7
$IMU,26881.692,0.732,0.122,-0.183,0.01855,1.00048,0.15380,28.94
$IMU,26881.694,0.732,-0.122,-0.183,0.01953,0.99951,0.14990,28.94
$IMU,26881.696,0.549,-0.061,-0.122,0.01708,0.99853,0.14941,28.94
$IMU,26881.699,0.366,-0.061,-0.183,0.01757,1.00000,0.14794,28.94
$MAG,26881.701,-0.133,-0.517,-0.538,27.7
$IMU,26881.701,0.305,-0.305,-0.244,0.01660,1.00000,0.14550,28.94
$IMU,26881.703,0.000,-0.122,-0.183,0.01855,1.00341,0.14404,28.94
$IMU,26881.706,-0.183,-0.061,-0.122,0.01611,1.00341,0.14501,28.89
$IMU,26881.708,-0.366,-0.122,-0.183,0.01513,1.00244,0.14599,28.89
$IMU,26881.710,-0.366,-0.122,-0.122,0.01562,1.00244,0.14404,28.89
$MAG,26881.711,-0.150,-0.517,-0.532,28.1
$IMU,26881.713,-0.549,-0.183,-0.122,0.01708,1.00634,0.14794,28.89
$IMU,26881.715,-0.793,-0.305,-0.183,0.01904,1.00488,0.14550,28.89
$IMU,26881.717,-0.915,-0.061,-0.183,0.01660,1.00781,0.14648,28.89
$IMU,26881.720,-1.098,0.122,-0.061,0.01562,1.00390,0.14941,28.89
$MAG,26881.722,-0.145,-0.525,-0.540,27.7
$IMU,26881.722,-1.098,-0.122,-0.122,0.02001,1.00341,0.14990,28.89
$IMU,26881.724,-0.976,-0.061,-0.061,0.01953,1.00830,0.15136,28.94
$IMU,26881.727,-0.976,-0.061,-0.122,0.01806,1.00830,0.15087,28.94
$IMU,26881.729,-0.854,-0.366,-0.122,0.01757,1.00634,0.15283,28.94
$MAG,26881.732,-0.144,-0.522,-0.531,27.7
$IMU,26881.732,-0.915,0.000,-0.122,0.01904,1.00683,0.15429,28.94
$IMU,26881.734,-0.793,-0.061,-0.244,0.01513,1.00341,0.15283,28.94
$IMU,26881.736,-0.671,-0.122,-0.244,0.01513,1.00390,0.15136,28.94
$IMU,26881.739,-0.488,0.000,-0.244,0.01855,1.00488,0.15185,28.94
$IMU,26881.741,-0.305,-0.244,-0.183,0.02197,1.00390,0.15234,28.94
$MAG,26881.742,-0.145,-0.528,-0.526,27.6
$IMU,26881.743,-0.305,0.000,-0.183,0.01708,1.00341,0.15332,28.94
$BARO,26881.744,86869.86,28.76
$IMU,26881.746,-0.183,0.000,-0.183,0.01806,1.00146,0.15478,28.94
$IMU,26881.748,0.000,-0.183,-0.183,0.01660,1.00390,0.15234,28.94
$IMU,26881.750,0.000,-0.122,-0.183,0.01660,1.00341,0.15332,28.94
$MAG,26881.752,-0.148,-0.517,-0.535,27.7
$IMU,26881.753,0.061,-0.122,-0.305,0.01806,1.00244,0.15234,28.94
$IMU,26881.755,0.000,-0.061,-0.244,0.01904,1.00097,0.15136,28.94
$IMU,26881.757,0.122,-0.122,-0.183,0.01660,1.00195,0.14990,28.94
$IMU,26881.760,0.122,-0.061,-0.183,0.01855,0.99902,0.14941,28.94
$MAG,26881.762,-0.151,-0.516,-0.531,27.6
$IMU,26881.762,0.061,0.000,-0.244,0.01611,1.00146,0.15087,28.87
$IMU,26881.764,0.061,-0.244,-0.244,0.01904,1.00000,0.15185,28.87
$IMU,26881.767,-0.061,-0.061,-0.183,0.01611,1.00244,0.15234,28.87
$IMU,26881.769,-0.122,-0.122,-0.183,0.01708,0.99951,0.15185,28.87
$IMU,26881.771,-0.366,0.061,-0.183,0.01660,1.00390,0.14941,28.87
$MAG,26881.772,-0.142,-0.525,-0.532,27.7
$IMU,26881.774,-0.305,0.000,-0.183,0.01513,1.00341,0.15136,28.87
$IMU,26881.776,-0.366,-0.183,-0.122,0.01562,1.00146,0.15283,28.87
$IMU,26881.778,-0.488,-0.122,-0.183,0.01806,1.00146,0.14990,28.87
$IMU,26881.781,-0.549,-0.183,-0.122,0.01855,1.00341,0.14941,28.91
$MAG,26881.782,-0.145,-0.514,-0.528,28.0
$IMU,26881.783,-0.549,-0.061,-0.061,0.02050,1.00341,0.15136,28.91
$IMU,26881.785,-0.610,-0.122,-0.122,0.01855,1.00292,0.15087,28.91
$IMU,26881.788,-0.549,-0.244,-0.122,0.01904,1.00195,0.15527,28.91
$IMU,26881.790,-0.610,-0.183,-0.122,0.01953,1.00292,0.15185,28.91
$MAG,26881.792,-0.145,-0.525,-0.534,27.7
$IMU,26881.793,-0.671,0.000,-0.122,0.01611,1.00341,0.15185,28.91
$IMU,26881.795,-0.488,-0.183,-0.183,0.01953,1.00488,0.15478,28.91
$IMU,26881.797,-0.488,-0.122,-0.122,0.02050,1.00390,0.15429,28.91
$IMU,26881.800,-0.366,-0.061,-0.183,0.02099,1.00390,0.15722,28.89
$MAG,26881.802,-0.139,-0.516,-0.532,27.7
$IMU,26881.802,-0.427,-0.122,-0.061,0.01855,1.00341,0.15380,28.89
$IMU,26881.804,-0.244,-0.183,-0.122,0.01855,1.00097,0.15332,28.89
$IMU,26881.807,-0.244,0.061,-0.122,0.01806,1.00390,0.15527,28.89
$IMU,26881.809,-0.305,0.000,-0.183,0.01904,1.00439,0.15527,28.89
$IMU,26881.811,-0.061,-0.244,-0.183,0.01904,1.00390,0.15576,28.89
$MAG,26881.812,-0.138,-0.519,-0.531,27.8
$IMU,26881.814,0.122,-0.122,-0.183,0.01806,1.00341,0.15380,28.89
$IMU,26881.816,0.183,-0.183,-0.244,0.01855,1.00146,0.15283,28.89
$HUM,26881.818,34.2,29.2
$IMU,26881.818,0.244,0.000,-0.183,0.01708,1.00390,0.15234,28.91
$IMU,26881.821,0.183,0.000,-0.122,0.02099,1.00341,0.15380,28.91
$MAG,26881.822,-0.142,-0.520,-0.529,27.7
$IMU,26881.823,0.183,-0.061,-0.183,0.02246,1.00439,0.15136,28.91
$IMU,26881.825,0.183,0.061,-0.183,0.01757,1.00195,0.15283,28.91
$IMU,26881.828,0.244,-0.122,-0.183,0.01855,1.00439,0.15332,28.91
$IMU,26881.830,0.244,-0.183,-0.244,0.02001,1.00097,0.14697,28.91
$MAG,26881.832,-0.144,-0.520,-0.538,27.7
$IMU,26881.832,0.183,-0.061,-0.244,0.01855,1.00048,0.14746,28.91
$IMU,26881.835,0.061,0.061,-0.244,0.01464,1.00097,0.14941,28.91
$IMU,26881.837,0.000,0.000,-0.183,0.01855,1.00244,0.14843,28.93
$IMU,26881.839,-0.061,-0.122,-0.183,0.01708,1.00341,0.15087,28.93
$IMU,26881.842,-0.183,-0.183,-0.183,0.01806,1.00341,0.14941,28.93
$MAG,26881.843,-0.139,-0.529,-0.532,27.7
$IMU,26881.844,-0.183,-0.244,-0.183,0.01806,1.00488,0.14941,28.93
$BARO,26881.846,86866.89,28.75
$IMU,26881.846,-0.427,0.000,-0.122,0.01806,1.00537,0.15039,28.93
$IMU,26881.849,-0.549,0.061,-0.183,0.01757,1.00732,0.14941,28.93
$IMU,26881.851,-0.488,-0.183,-0.122,0.01904,1.00585,0.14843,28.93
$MAG,26881.853,-0.142,-0.516,-0.528,27.6
$IMU,26881.854,-0.671,-0.122,-0.122,0.01757,1.00341,0.15087,28.93
$IMU,26881.856,-0.732,-0.122,-0.122,0.01806,1.00537,0.15234,28.92
$IMU,26881.858,-0.793,-0.122,-0.061,0.01855,1.00195,0.15087,28.92
$IMU,26881.861,-0.793,0.000,-0.122,0.02099,1.00390,0.15234,28.92
$MAG,26881.863,-0.142,-0.522,-0.537,28.0
$IMU,26881.863,-0.671,-0.061,-0.244,0.02001,1.00146,0.15332,28.92
$IMU,26881.865,-0.732,-0.061,-0.122,0.01708,1.00292,0.15039,28.92
$IMU,26881.868,-0.610,-0.122,-0.183,0.01562,1.00537,0.15136,28.92
$IMU,26881.870,-0.549,-0.061,-0.061,0.01611,1.00244,0.15185,28.92
$IMU,26881.872,-0.549,-0.061,-0.122,0.01953,1.00390,0.15283,28.92
$MAG,26881.873,-0.145,-0.519,-0.526,27.7
$IMU,26881.875,-0.427,-0.061,-0.122,0.01513,0.99755,0.15332,28.94
$IMU,26881.877,-0.366,-0.122,-0.183,0.01660,1.00000,0.15576,28.94
$IMU,26881.879,-0.427,-0.061,-0.183,0.01806,0.99902,0.15478,28.94
$IMU,26881.882,-0.244,0.000,-0.183,0.01660,1.00048,0.15185,28.94
$MAG,26881.883,-0.138,-0.526,-0.531,27.8
$IMU,26881.884,-0.305,0.122,-0.183,0.01562,1.00488,0.15380,28.94
$IMU,26881.886,-0.122,-0.061,-0.183,0.01660,1.00390,0.15039,28.94
$IMU,26881.889,-0.061,-0.061,-0.122,0.01953,1.00195,0.15234,28.94
$IMU,26881.891,0.000,-0.183,-0.183,0.01806,1.00341,0.15283,28.94
$MAG,26881.893,-0.144,-0.522,-0.541,27.7
$IMU,26881.893,0.061,-0.244,-0.183,0.01660,1.00439,0.15429,28.87
$IMU,26881.896,-0.061,-0.061,-0.183,0.01708,1.00537,0.15234,28.87
$IMU,26881.898,0.061,-0.061,-0.183,0.02050,1.00000,0.15332,28.87
$IMU,26881.900,0.061,0.000,-0.183,0.01611,1.00244,0.15136,28.87
$MAG,26881.903,-0.145,-0.522,-0.525,27.8
$IMU,26881.903,0.000,-0.122,-0.183,0.01464,1.00341,0.15039,28.87
$IMU,26881.905,0.122,-0.244,-0.183,0.01953,1.00585,0.15136,28.87
$IMU,26881.907,0.000,0.000,-0.183,0.01708,1.00439,0.15234,28.87
$IMU,26881.910,-0.061,-0.061,-0.183,0.01757,1.00341,0.15087,28.87
$IMU,26881.912,-0.183,0.122,-0.244,0.01806,1.00439,0.14794,28.91
$MAG,26881.913,-0.144,-0.522,-0.529,27.7
$IMU,26881.915,-0.122,-0.061,-0.244,0.01855,1.00878,0.15136,28.91
$IMU,26881.917,-0.244,-0.061,-0.183,0.02001,1.00439,0.15185,28.91
$IMU,26881.919,-0.183,-0.183,-0.122,0.02001,1.00000,0.15087,28.91
$IMU,26881.922,-0.305,0.061,-0.122,0.01660,1.00488,0.15087,28.91
$MAG,26881.923,-0.142,-0.523,-0.531,27.8
$IMU,26881.924,-0.305,0.061,-0.183,0.01513,1.00439,0.15136,28.91
$IMU,26881.926,-0.366,-0.061,-0.244,0.01757,1.00488,0.14990,28.91
$IMU,26881.929,-0.366,-0.183,-0.183,0.01757,1.00244,0.15087,28.91
$IMU,26881.931,-0.488,0.000,-0.183,0.02099,1.00292,0.15185,28.93
$MAG,26881.933,-0.144,-0.523,-0.535,27.7
$IMU,26881.933,-0.427,-0.061,-0.183,0.01660,1.00048,0.15234,28.93
$IMU,26881.936,-0.488,-0.122,-0.122,0.01953,1.00585,0.15185,28.93
$IMU,26881.938,-0.488,-0.061,-0.183,0.01611,1.00146,0.15283,28.93
$IMU,26881.940,-0.427,-0.061,-0.244,0.01953,1.00195,0.14794,28.93
$MAG,26881.943,-0.145,-0.511,-0.529,27.7
$IMU,26881.943,-0.427,-0.061,-0.183,0.02197,1.00341,0.15039,28.93
$IMU,26881.945,-0.427,-0.061,-0.183,0.01757,1.00439,0.15234,28.93
$BARO,26881.947,86861.65,28.75
$IMU,26881.947,-0.366,0.000,-0.244,0.01904,1.00488,0.15283,28.93
$IMU,26881.950,-0.427,0.061,-0.183,0.01757,1.00146,0.15380,28.91
$IMU,26881.952,-0.244,-0.183,-0.122,0.01855,1.00146,0.15332,28.91
$MAG,26881.954,-0.145,-0.525,-0.525,28.0
$IMU,26881.954,-0.183,-0.183,-0.122,0.01953,1.00097,0.15136,28.91
$IMU,26881.957,-0.122,0.000,-0.183,0.01953,1.00292,0.15185,28.91
$IMU,26881.959,-0.061,-0.183,-0.183,0.01513,1.00146,0.15283,28.91
$IMU,26881.961,-0.061,-0.061,-0.183,0.01708,1.00292,0.15283,28.91
$MAG,26881.964,-0.147,-0.525,-0.532,27.6
$IMU,26881.964,0.000,-0.061,-0.183,0.02050,1.00292,0.15332,28.91
$IMU,26881.966,0.061,-0.061,-0.122,0.01708,1.00244,0.15429,28.91
$IMU,26881.968,0.061,-0.122,-0.122,0.01708,1.00390,0.15380,28.90
$IMU,26881.971,0.122,-0.183,-0.183,0.01660,1.00439,0.15039,28.90
$IMU,26881.973,0.061,-0.061,-0.183,0.01513,1.00146,0.14892,28.90
$MAG,26881.974,-0.145,-0.522,-0.538,27.7
$IMU,26881.976,0.122,0.000,-0.183,0.01660,1.00390,0.14843,28.90
$IMU,26881.978,0.122,-0.061,-0.122,0.01855,1.00097,0.15039,28.90
$IMU,26881.980,0.122,-0.122,-0.183,0.01513,1.00488,0.14892,28.90
$IMU,26881.983,0.000,0.000,-0.244,0.01611,1.00390,0.14843,28.90
$MAG,26881.984,-0.151,-0.522,-0.537,27.6
$IMU,26881.985,-0.183,0.000,-0.244,0.02001,1.00439,0.15039,28.90
$IMU,26881.987,-0.183,-0.183,-0.183,0.01953,1.00292,0.14990,28.91
$IMU,26881.990,-0.305,0.000,-0.183,0.02001,1.00195,0.14990,28.91
$IMU,26881.992,-0.244,-0.183,-0.122,0.01904,1.00195,0.15136,28.91
$MAG,26881.994,-0.150,-0.520,-0.525,27.7
$IMU,26881.994,-0.305,-0.305,-0.122,0.01562,1.00341,0.14941,28.91
$IMU,26881.997,-0.427,-0.183,-0.122,0.01806,1.00390,0.15136,28.91
$IMU,26881.999,-0.488,-0.183,-0.183,0.01806,1.00146,0.15087,28.91
$IMU,26882.001,-0.610,0.000,-0.122,0.01757,1.00195,0.14990,28.91
$MAG,26882.004,-0.136,-0.522,-0.532,27.7
$IMU,26882.004,-0.610,-0.183,-0.122,0.01757,1.00292,0.14892,28.91
$IMU,26882.006,-0.671,0.000,-0.122,0.02001,1.00000,0.14941,28.90
$IMU,26882.008,-0.549,-0.122,-0.122,0.01757,0.99951,0.14990,28.90
$IMU,26882.011,-0.488,-0.183,-0.122,0.01562,1.00390,0.15332,28.90
$IMU,26882.013,-0.671,0.122,-0.183,0.01562,1.00097,0.15136,28.90
$MAG,26882.014,-0.145,-0.519,-0.529,27.7
$IMU,26882.015,-0.549,-0.061,-0.183,0.01806,1.00292,0.15478,28.90
$IMU,26882.018,-0.488,-0.122,-0.122,0.01904,1.00244,0.15478,28.90
$IMU,26882.020,-0.427,-0.122,-0.183,0.01855,1.00634,0.15136,28.90
$IMU,26882.022,-0.366,-0.183,-0.183,0.01757,1.00244,0.15332,28.90
$MAG,26882.024,-0.150,-0.523,-0.528,27.8
$IMU,26882.025,-0.305,0.000,-0.122,0.01757,1.00341,0.15185,28.92
$IMU,26882.027,-0.244,-0.061,-0.183,0.01953,1.00439,0.15234,28.92
$IMU,26882.029,-0.122,-0.061,-0.183,0.01904,1.00195,0.15332,28.92
$IMU,26882.032,0.061,-0.244,-0.244,0.02099,1.00585,0.15283,28.92
$MAG,26882.034,-0.142,-0.523,-0.534,27.7
$IMU,26882.034,0.061,-0.183,-0.244,0.01953,1.00537,0.15234,28.92
$IMU,26882.037,-0.061,0.061,-0.183,0.01953,1.00097,0.15429,28.92
$IMU,26882.039,0.000,-0.061,-0.183,0.01904,1.00439,0.15283,28.92
$IMU,26882.041,0.000,0.000,-0.183,0.01660,1.00488,0.15087,28.92
$MAG,26882.044,-0.145,-0.510,-0.534,27.7
$IMU,26882.044,0.122,-0.122,-0.183,0.01513,1.00292,0.15234,28.92
$IMU,26882.046,0.122,-0.061,-0.244,0.01757,1.00195,0.15332,28.92
$IMU,26882.048,0.000,-0.122,-0.305,0.01611,1.00244,0.15283,28.92
$BARO,26882.049,86866.47,28.75
$IMU,26882.051,0.061,-0.122,-0.244,0.01416,1.00292,0.15380,28.92
$IMU,26882.053,-0.122,0.061,-0.122,0.01855,1.00195,0.15039,28.92
$MAG,26882.054,-0.141,-0.528,-0.537,27.7
$IMU,26882.055,-0.061,-0.061,-0.061,0.01855,0.99902,0.15234,28.92
$IMU,26882.058,-0.122,-0.122,-0.122,0.02001,1.00195,0.15087,28.92
$IMU,26882.060,-0.122,-0.183,-0.183,0.02050,1.00488,0.15527,28.92
$IMU,26882.062,-0.183,-0.183,-0.183,0.01757,1.00390,0.14892,28.89
$MAG,26882.065,-0.136,-0.522,-0.528,27.8
$IMU,26882.065,-0.244,-0.061,-0.183,0.01269,1.00097,0.15039,28.89
$IMU,26882.067,-0.366,-0.122,-0.244,0.01708,1.00390,0.15087,28.89
$IMU,26882.069,-0.366,-0.183,-0.122,0.01611,1.00390,0.15136,28.89
$IMU,26882.072,-0.488,-0.122,-0.122,0.01904,1.00341,0.15136,28.89
$IMU,26882.074,-0.427,-0.244,-0.122,0.02050,1.00390,0.15380,28.89
$MAG,26882.075,-0.145,-0.525,-0.541,27.7
$IMU,26882.076,-0.427,-0.122,-0.183,0.01953,1.00439,0.15234,28.89
$IMU,26882.079,-0.427,-0.183,-0.244,0.01757,1.00537,0.15234,28.89
$IMU,26882.081,-0.305,-0.183,-0.244,0.01757,1.00439,0.15234,28.90
$IMU,26882.083,-0.427,0.061,-0.183,0.01318,1.00439,0.15087,28.90
$MAG,26882.085,-0.142,-0.507,-0.537,27.7
$IMU,26882.086,-0.305,-0.183,-0.244,0.01757,1.00390,0.15039,28.90
$IMU,26882.088,-0.244,-0.061,-0.122,0.01708,1.00146,0.15136,28.90
$IMU,26882.090,-0.305,-0.061,-0.122,0.01708,1.00488,0.15087,28.90
$IMU,26882.093,-0.183,-0.244,-0.122,0.01757,1.00488,0.15625,28.90
$MAG,26882.095,-0.150,-0.516,-0.529,28.1
$IMU,26882.095,-0.183,-0.183,-0.183,0.01660,1.00341,0.15185,28.90
$IMU,26882.098,-0.061,-0.183,-0.305,0.01660,1.00537,0.15234,28.90
$IMU,26882.100,-0.061,0.000,-0.183,0.01660,1.00000,0.15185,28.91
$IMU,26882.102,0.000,-0.061,-0.244,0.01708,0.99902,0.15234,28.91
$MAG,26882.105,-0.142,-0.517,-0.528,27.7
$IMU,26882.105,-0.061,-0.122,-0.122,0.01513,1.00292,0.15136,28.91
$IMU,26882.107,-0.061,-0.122,-0.122,0.01757,1.00146,0.15234,28.91
$IMU,26882.109,0.000,-0.244,-0.122,0.01757,1.00292,0.15283,28.91
$IMU,26882.112,-0.061,0.000,-0.122,0.02001,1.00488,0.15332,28.91
$IMU,26882.114,-0.122,0.000,-0.244,0.02099,1.00439,0.15087,28.91
$MAG,26882.115,-0.144,-0.522,-0.534,27.8
$IMU,26882.116,-0.122,-0.122,-0.305,0.02001,1.00244,0.15087,28.91
$IMU,26882.119,-0.122,-0.061,-0.244,0.02197,1.00341,0.14892,28.91
$IMU,26882.121,0.000,-0.244,-0.244,0.01806,1.00146,0.15185,28.91
$IMU,26882.123,-0.122,-0.061,-0.183,0.02099,1.00195,0.15283,28.91
$MAG,26882.125,-0.147,-0.517,-0.537,27.8
$IMU,26882.126,-0.244,0.000,-0.122,0.02099,1.00292,0.15380,28.91
$IMU,26882.128,-0.305,-0.061,-0.122,0.01513,1.00683,0.14941,28.91
$IMU,26882.130,-0.305,-0.122,-0.122,0.01806,1.00683,0.14892,28.91
$IMU,26882.133,-0.244,-0.122,-0.122,0.01953,1.00585,0.14892,28.91
$MAG,26882.135,-0.154,-0.520,-0.535,27.8
$IMU,26882.135,-0.305,-0.183,-0.183,0.01708,1.00244,0.15332,28.91
$IMU,26882.137,-0.366,-0.061,-0.122,0.01757,1.00097,0.14941,28.92
$IMU,26882.140,-0.488,0.000,-0.122,0.01757,1.00000,0.14941,28.92
$IMU,26882.142,-0.427,-0.122,-0.122,0.01757,1.00146,0.15136,28.92
$IMU,26882.144,-0.366,-0.183,-0.122,0.01708,1.00439,0.15380,28.92
$MAG,26882.145,-0.142,-0.516,-0.537,28.0
$IMU,26882.147,-0.427,-0.061,-0.183,0.01611,1.00878,0.15283,28.92
$IMU,26882.149,-0.427,-0.061,-0.183,0.02001,1.00488,0.15283,28.92
$BARO,26882.150,86868.91,28.75
$IMU,26882.151,-0.427,-0.061,-0.244,0.01757,1.00390,0.15234,28.92
$IMU,26882.154,-0.488,0.061,-0.183,0.02050,1.00488,0.15283,28.92
$MAG,26882.155,-0.145,-0.525,-0.529,27.7
$IMU,26882.156,-0.427,-0.061,-0.183,0.01904,1.00341,0.15380,28.95
$IMU,26882.158,-0.305,-0.122,-0.122,0.02148,1.00341,0.15283,28.95
$IMU,26882.161,-0.183,-0.122,-0.183,0.01904,1.00341,0.15185,28.95
$IMU,26882.163,-0.244,-0.183,-0.183,0.01611,1.00048,0.15234,28.95
$MAG,26882.165,-0.139,-0.520,-0.541,28.0
$IMU,26882.166,-0.244,-0.122,-0.305,0.01464,1.00537,0.15283,28.95
$IMU,26882.168,-0.183,-0.061,-0.183,0.01660,1.00292,0.15234,28.95
$IMU,26882.170,-0.183,0.000,-0.183,0.01562,1.00244,0.14990,28.95
$IMU,26882.173,-0.122,0.000,-0.122,0.01708,1.00195,0.15039,28.95
$MAG,26882.175,-0.147,-0.519,-0.529,27.6
$IMU,26882.175,-0.183,0.122,-0.244,0.01660,1.00000,0.15039,28.91
$IMU,26882.177,-0.183,0.000,-0.122,0.01806,1.00048,0.15332,28.91
$IMU,26882.180,-0.122,-0.061,-0.244,0.01953,1.00537,0.15087,28.91
$IMU,26882.182,-0.122,-0.061,-0.244,0.02099,1.00341,0.15087,28.91
$IMU,26882.184,-0.122,-0.183,-0.244,0.02001,1.00146,0.15332,28.91
$MAG,26882.186,-0.139,-0.517,-0.541,27.7
$IMU,26882.187,-0.183,-0.122,-0.244,0.01708,0.99951,0.14892,28.91
$IMU,26882.189,-0.183,-0.061,-0.183,0.01806,1.00341,0.15234,28.91
$IMU,26882.191,-0.305,0.000,-0.122,0.01953,1.00244,0.15283,28.91
$IMU,26882.194,-0.366,0.061,-0.061,0.02099,1.00195,0.15283,28.92
$MAG,26882.196,-0.145,-0.519,-0.547,27.7
$IMU,26882.196,-0.183,-0.183,-0.183,0.01904,0.99902,0.15136,28.92
$IMU,26882.198,-0.366,0.000,-0.305,0.01708,1.00195,0.15283,28.92
$IMU,26882.201,-0.305,-0.061,-0.244,0.01806,1.00732,0.15136,28.92
$IMU,26882.203,-0.305,-0.061,-0.244,0.01611,1.00537,0.15380,28.92
$IMU,26882.205,-0.244,-0.061,-0.244,0.01953,1.00341,0.15332,28.92
$MAG,26882.206,-0.142,-0.522,-0.537,27.7
$IMU,26882.208,-0.183,-0.183,-0.122,0.01464,1.00585,0.15185,28.92
$IMU,26882.210,-0.183,-0.061,-0.183,0.01562,1.00732,0.15332,28.92
$IMU,26882.212,-0.122,-0.061,-0.122,0.01660,1.00537,0.15283,28.97
$IMU,26882.215,-0.122,0.061,-0.122,0.01464,1.00097,0.15283,28.97
$MAG,26882.216,-0.145,-0.514,-0.541,27.6
$IMU,26882.217,-0.122,-0.061,-0.244,0.01416,1.00390,0.14941,28.97
$IMU,26882.219,-0.183,-0.122,-0.244,0.01708,1.00341,0.15185,28.97
$IMU,26882.222,-0.122,-0.183,-0.183,0.02050,1.00341,0.15087,28.97
$IMU,26882.224,-0.183,-0.183,-0.183,0.01855,1.00488,0.14843,28.97
$MAG,26882.226,-0.142,-0.520,-0.534,27.7
$IMU,26882.227,-0.183,-0.183,-0.122,0.02001,1.00341,0.15283,28.97
$IMU,26882.229,-0.305,0.061,-0.061,0.02099,1.00488,0.14941,28.97
$IMU,26882.231,-0.244,-0.122,-0.122,0.02001,1.00488,0.15332,28.88
$IMU,26882.234,-0.366,0.000,-0.244,0.01953,1.00292,0.14892,28.88
$MAG,26882.236,-0.136,-0.520,-0.532,27.7
$IMU,26882.236,-0.366,-0.122,-0.244,0.01806,1.00341,0.14892,28.88
$IMU,26882.238,-0.366,-0.061,-0.183,0.01904,1.00341,0.15136,28.88
$IMU,26882.241,-0.366,-0.183,-0.183,0.01806,1.00634,0.15087,28.88
$IMU,26882.243,-0.366,0.000,-0.122,0.01708,1.00488,0.15087,28.88
$IMU,26882.245,-0.305,-0.061,-0.061,0.01513,1.00146,0.15185,28.88
$MAG,26882.246,-0.145,-0.516,-0.529,27.8
$IMU,26882.248,-0.366,0.000,-0.183,0.02099,1.00195,0.14990,28.88
$TIME,26882.249,510790.000,2399
$IMU,26882.250,-0.305,-0.122,-0.244,0.01953,1.00878,0.15283,28.91
$BARO,26882.252,86868.03,28.76
$IMU,26882.252,-0.366,-0.061,-0.305,0.01416,1.00292,0.15429,28.91
$IMU,26882.255,-0.366,-0.061,-0.183,0.01562,1.00537,0.15283,28.91
$MAG,26882.256,-0.145,-0.519,-0.532,27.7
$IMU,26882.257,-0.305,-0.061,-0.183,0.01757,1.00146,0.15380,28.91
$IMU,26882.259,-0.305,-0.122,-0.122,0.01660,1.00341,0.15185,28.91
$IMU,26882.262,-0.244,-0.122,-0.122,0.02001,0.99951,0.15087,28.91
$IMU,26882.264,-0.244,-0.061,-0.183,0.01904,1.00390,0.15234,28.91
$MAG,26882.266,-0.139,-0.514,-0.534,27.7
$IMU,26882.266,-0.244,-0.061,-0.244,0.02001,1.00488,0.15380,28.91
$IMU,26882.269,-0.244,-0.122,-0.305,0.02050,1.00244,0.15234,28.93
$IMU,26882.271,-0.244,-0.183,-0.305,0.01708,1.00390,0.15185,28.93
$IMU,26882.273,-0.183,-0.183,-0.122,0.01953,1.00390,0.15136,28.93
$MAG,26882.276,-0.145,-0.522,-0.538,27.8
$IMU,26882.276,-0.244,-0.122,-0.183,0.01708,0.99707,0.15136,28.93
$IMU,26882.278,-0.183,-0.122,-0.183,0.01562,1.00244,0.15087,28.93
$IMU,26882.280,-0.244,-0.183,-0.061,0.01513,1.00439,0.15185,28.93
$IMU,26882.283,-0.122,-0.183,-0.183,0.01904,1.00537,0.15087,28.93
$IMU,26882.285,-0.244,-0.122,-0.244,0.01953,1.00341,0.15332,28.93
$MAG,26882.286,-0.139,-0.525,-0.526,27.7
$IMU,26882.288,-0.305,0.061,-0.244,0.01757,0.99951,0.15429,28.92
$IMU,26882.290,-0.427,0.183,-0.244,0.01562,1.00146,0.15380,28.92
$IMU,26882.292,-0.305,-0.122,-0.122,0.02050,1.00488,0.15380,28.92
$VBAT,26882.292,4.121
$IMU,26882.295,-0.244,-0.061,-0.122,0.01757,1.00488,0.15283,28.92
$MAG,26882.297,-0.136,-0.517,-0.532,27.7
$IMU,26882.297,-0.183,-0.244,-0.061,0.02050,1.00146,0.15332,28.92
$IMU,26882.299,-0.122,-0.183,-0.122,0.01660,1.00244,0.14941,28.92
$IMU,26882.302,-0.244,0.000,-0.183,0.01757,1.00341,0.15185,28.92
$IMU,26882.304,-0.305,-0.061,-0.183,0.01757,1.00146,0.15087,28.92
$IMU,26882.306,-0.305,0.061,-0.183,0.01611,1.00488,0.15185,28.91
$MAG,26882.307,-0.147,-0.517,-0.534,27.8
$IMU,26882.309,-0.244,-0.244,-0.183,0.01708,1.00439,0.15380,28.91
$IMU,26882.311,-0.244,-0.122,-0.122,0.01611,1.00341,0.15185,28.91
$IMU,26882.313,-0.244,-0.122,-0.122,0.02001,1.00439,0.15087,28.91
$IMU,26882.316,-0.244,-0.122,-0.122,0.02148,1.00439,0.15185,28.91
$MAG,26882.317,-0.141,-0.529,-0.531,27.7
$IMU,26882.318,-0.305,-0.122,-0.122,0.01904,1.00000,0.15087,28.91
$IMU,26882.320,-0.244,-0.061,-0.244,0.02001,1.00000,0.14990,28.91
$IMU,26882.323,-0.183,-0.244,-0.244,0.01757,1.00244,0.15087,28.91
$IMU,26882.325,-0.122,-0.305,-0.122,0.02050,1.00292,0.15234,28.90
$MAG,26882.327,-0.145,-0.523,-0.529,28.0
$IMU,26882.327,-0.244,-0.061,-0.183,0.01708,1.00488,0.15185,28.90
$IMU,26882.330,-0.244,0.000,-0.183,0.01855,1.00488,0.15087,28.90
$IMU,26882.332,-0.122,-0.305,-0.244,0.01855,1.00390,0.15185,28.90
$IMU,26882.334,-0.183,-0.122,-0.183,0.01611,1.00488,0.14941,28.90
$MAG,26882.337,-0.144,-0.522,-0.537,27.8
$IMU,26882.337,-0.061,-0.122,-0.244,0.01611,1.00292,0.15087,28.90
$IMU,26882.339,-0.183,-0.122,-0.183,0.02001,1.00146,0.15332,28.90
$IMU,26882.341,-0.244,0.000,-0.122,0.01757,1.00195,0.14990,28.90
$IMU,26882.344,-0.244,0.061,-0.122,0.01855,1.00585,0.14794,28.92
$IMU,26882.346,-0.183,-0.183,-0.122,0.01904,1.00585,0.15283,28.92
$MAG,26882.347,-0.145,-0.519,-0.534,27.6
$IMU,26882.349,-0.244,-0.183,-0.061,0.01953,1.00585,0.15039,28.92
$IMU,26882.351,-0.183,-0.122,-0.183,0.02148,1.00195,0.15087,28.92
$BARO,26882.353,86864.26,28.75
$IMU,26882.353,-0.244,-0.061,-0.305,0.01611,1.00292,0.15136,28.92
$IMU,26882.356,-0.305,-0.061,-0.244,0.01513,1.00390,0.15283,28.92
$MAG,26882.357,-0.141,-0.519,-0.531,27.7
$IMU,26882.358,-0.244,-0.061,-0.183,0.01562,1.00488,0.15234,28.92
$IMU,26882.360,-0.366,-0.122,-0.183,0.01904,1.00341,0.15136,28.92
$IMU,26882.363,-0.244,-0.244,-0.183,0.01660,1.00244,0.15136,28.92
$IMU,26882.365,-0.305,-0.305,-0.061,0.02197,1.00244,0.15136,28.92
$MAG,26882.367,-0.142,-0.519,-0.529,27.7
$IMU,26882.367,-0.366,-0.122,-0.183,0.02001,1.00341,0.15234,28.92
$IMU,26882.370,-0.427,-0.061,-0.183,0.01904,1.00634,0.15332,28.92
$IMU,26882.372,-0.427,-0.061,-0.183,0.01953,1.00341,0.15234,28.92
$IMU,26882.374,-0.305,-0.122,-0.122,0.01806,1.00439,0.15234,28.92
$MAG,26882.377,-0.139,-0.520,-0.532,27.7
$IMU,26882.377,-0.366,0.000,-0.183,0.01855,1.00048,0.15185,28.92
$IMU,26882.379,-0.427,0.000,-0.122,0.02050,1.00634,0.15234,28.92
$IMU,26882.381,-0.488,0.122,-0.122,0.02050,1.00488,0.15087,28.89
$IMU,26882.384,-0.366,0.061,-0.244,0.01953,1.00244,0.15380,28.89
$IMU,26882.386,-0.244,-0.061,-0.122,0.01904,0.99853,0.15136,28.89
$MAG,26882.387,-0.138,-0.525,-0.525,27.7
$IMU,26882.388,-0.183,-0.183,-0.061,0.01660,1.00439,0.15136,28.89
$IMU,26882.391,-0.122,-0.122,-0.183,0.01708,1.00488,0.15185,28.89
$IMU,26882.393,-0.122,-0.122,-0.183,0.01513,1.00390,0.15380,28.89
$IMU,26882.395,-0.183,-0.061,-0.122,0.01855,1.00732,0.15380,28.89
$MAG,26882.397,-0.144,-0.526,-0.531,27.7
$IMU,26882.398,-0.061,-0.061,-0.244,0.01855,1.00390,0.15380,28.89
$IMU,26882.400,-0.061,-0.244,-0.244,0.01757,1.00341,0.15234,28.93
$IMU,26882.402,0.000,-0.183,-0.183,0.02050,1.00292,0.14990,28.93
$IMU,26882.405,-0.061,-0.122,-0.183,0.01855,1.00146,0.15283,28.93
$IMU,26882.407,-0.061,-0.122,-0.122,0.01806,0.99951,0.15380,28.93
$MAG,26882.408,-0.136,-0.526,-0.534,27.6
$IMU,26882.410,-0.122,-0.122,-0.183,0.01611,1.00146,0.15185,28.93
$IMU,26882.412,-0.061,-0.183,-0.183,0.02050,1.00146,0.15185,28.93
$IMU,26882.414,-0.061,-0.183,-0.122,0.01904,1.00390,0.15380,28.93
$IMU,26882.417,-0.122,-0.061,-0.183,0.02099,1.00341,0.14990,28.93
$MAG,26882.418,-0.144,-0.522,-0.535,27.6
$IMU,26882.419,-0.183,-0.061,-0.183,0.01757,1.00439,0.14843,28.92
$IMU,26882.421,-0.305,-0.061,-0.244,0.01855,1.00244,0.15136,28.92
$IMU,26882.424,-0.183,-0.061,-0.305,0.02001,1.00195,0.14941,28.92
$IMU,26882.426,-0.305,-0.122,-0.244,0.01806,1.00439,0.15136,28.92
$MAG,26882.428,-0.154,-0.514,-0.531,27.7
$IMU,26882.428,-0.427,0.061,-0.244,0.01806,1.00292,0.15039,28.92
$IMU,26882.431,-0.488,0.122,-0.183,0.01806,1.00292,0.14794,28.92
$IMU,26882.433,-0.488,0.061,-0.061,0.01464,1.00390,0.15087,28.92
$IMU,26882.435,-0.366,-0.244,-0.122,0.01757,1.00146,0.15185,28.92
$MAG,26882.438,-0.147,-0.522,-0.528,27.7
$IMU,26882.438,-0.427,-0.061,-0.244,0.01562,1.00244,0.15136,28.96
$IMU,26882.440,-0.305,-0.122,-0.244,0.01904,1.00244,0.14794,28.96
$IMU,26882.442,-0.366,-0.244,-0.183,0.01757,1.00097,0.15087,28.96
$IMU,26882.445,-0.488,-0.061,-0.244,0.01708,1.00488,0.15039,28.96
$IMU,26882.447,-0.488,-0.122,-0.183,0.01855,1.00439,0.15234,28.96
$MAG,26882.448,-0.150,-0.523,-0.534,27.7
$IMU,26882.449,-0.427,-0.061,-0.122,0.01562,1.00341,0.15380,28.96
$IMU,26882.452,-0.305,-0.244,-0.122,0.01660,1.00390,0.15527,28.96
$BARO,26882.454,86861.65,28.75
$IMU,26882.454,-0.244,-0.122,-0.122,0.01562,1.00537,0.15283,28.96
$IMU,26882.456,-0.244,-0.183,-0.122,0.01806,1.00537,0.15429,28.92
$MAG,26882.458,-0.145,-0.519,-0.535,27.6
$IMU,26882.459,-0.183,-0.061,-0.183,0.01660,1.00146,0.15429,28.92
$IMU,26882.461,0.061,0.122,-0.244,0.02246,0.98095,0.18359,28.92
$IMU,26882.463,3.601,-0.427,-0.732,0.03955,0.91601,0.30664,28.92
$IMU,26882.466,16.113,0.244,-2.136,0.08007,0.78320,0.57861,28.92
$MAG,26882.468,-0.145,-0.514,-0.523,27.7
$IMU,26882.468,43.090,-0.793,-6.042,0.13476,0.73242,0.80078,28.92
$IMU,26882.471,78.369,-0.732,-11.779,0.11474,0.80761,0.75488,28.92
$IMU,26882.473,107.910,-0.427,-16.113,0.06445,0.91796,0.56005,28.92
$IMU,26882.475,127.258,0.366,-17.272,0.01904,0.99707,0.40869,28.92
$MAG,26882.478,-0.141,-0.516,-0.520,27.7
$IMU,26882.478,139.587,-0.549,-17.211,-0.00537,1.03857,0.33642,28.92
$IMU,26882.480,149.963,-0.793,-16.540,-0.01025,1.05517,0.33154,28.92
$IMU,26882.482,160.400,-0.671,-15.380,-0.02490,1.04443,0.30468,28.92
$IMU,26882.485,168.701,-1.892,-13.061,-0.06689,1.08642,0.14843,28.92
$IMU,26882.487,170.166,-4.150,-9.033,-0.05419,1.12500,-0.05859,28.92
$MAG,26882.488,-0.139,-0.526,-0.513,27.6
$IMU,26882.489,164.733,-10.559,-6.164,0.02148,1.07470,-0.23339,28.92
$IMU,26882.492,155.029,-22.949,-6.652,0.10009,1.02783,-0.40527,28.92
$IMU,26882.494,141.052,-40.893,-10.681,0.13964,1.00292,-0.56250,28.96
$IMU,26882.496,124.816,-65.368,-15.258,0.10839,1.00292,-0.66064,28.96
$MAG,26882.498,-0.133,-0.525,-0.496,27.6
$IMU,26882.499,108.642,-94.726,-17.272,0.05566,1.04931,-0.65136,28.96
$IMU,26882.501,95.275,-125.061,-14.038,-0.00634,1.10839,-0.57031,28.96
$IMU,26882.503,85.632,-152.648,-6.713,-0.05175,1.14990,-0.43798,28.96
$IMU,26882.506,79.650,-176.269,1.281,-0.07031,1.14892,-0.32470,28.96
$MAG,26882.508,-0.135,-0.525,-0.501,27.7
$IMU,26882.508,77.514,-194.824,8.972,-0.05908,1.15380,-0.21630,28.96
$IMU,26882.510,74.462,-205.444,12.084,0.00146,1.21435,-0.08447,28.96
$IMU,26882.513,68.725,-205.932,7.202,0.00683,1.15332,-0.07617,28.94
$IMU,26882.515,65.612,-203.918,1.525,-0.03417,1.09912,-0.07373,28.94
$IMU,26882.517,65.185,-202.758,-1.403,-0.05810,1.08740,-0.03515,28.94
$MAG,26882.519,-0.144,-0.522,-0.501,27.6
$IMU,26882.520,65.368,-200.866,0.305,-0.05517,1.07470,0.05566,28.94
$IMU,26882.522,63.842,-194.091,3.845,-0.04443,1.11914,0.18261,28.94
$IMU,26882.524,60.119,-179.260,3.906,0.04003,1.11962,0.28369,28.94
$IMU,26882.527,55.969,-153.869,1.586,0.11279,1.10400,0.37597,28.94
$MAG,26882.529,-0.144,-0.523,-0.504,27.7
$IMU,26882.529,50.170,-121.520,-1.647,0.15283,1.04199,0.30664,28.94
$IMU,26882.532,46.020,-88.439,-2.929,0.16552,1.01220,0.23095,28.92
$IMU,26882.534,43.090,-55.969,-4.150,0.14257,1.01318,0.19531,28.92
$IMU,26882.536,39.489,-25.512,-5.065,0.13378,0.98486,0.09619,28.92
$MAG,26882.539,-0.141,-0.525,-0.496,27.6
$IMU,26882.539,39.550,-0.122,-4.516,0.10253,1.00097,0.04980,28.92
$IMU,26882.541,41.992,20.812,-5.371,0.08203,1.00781,0.02978,28.92
$IMU,26882.543,43.334,35.522,-6.652,0.06054,1.02343,0.04394,28.92
$IMU,26882.546,43.090,42.663,-5.249,0.00488,1.04150,0.03222,28.92
$IMU,26882.548,41.687,44.738,-5.798,-0.04882,1.04687,0.03759,28.92
$MAG,26882.549,-0.144,-0.532,-0.495,27.7
$IMU,26882.550,39.855,42.053,-6.164,-0.05859,1.04003,0.01904,28.92
$IMU,26882.553,39.428,36.254,-4.455,-0.07031,1.04736,0.01416,28.92
$IMU,26882.555,39.611,28.381,-2.258,-0.08300,1.11816,0.03222,28.92
$BARO,26882.556,86856.51,28.76
$IMU,26882.557,38.391,19.653,-0.549,-0.07226,1.18798,0.05224,28.92
$MAG,26882.559,-0.144,-0.532,-0.487,28.1
$IMU,26882.560,35.583,10.925,0.061,-0.04052,1.24804,0.07470,28.92
$IMU,26882.562,31.311,3.112,-0.244,0.00390,1.28173,0.09179,28.92
$IMU,26882.564,25.878,-2.990,-1.098,0.05664,1.29589,0.10986,28.92
$IMU,26882.567,19.653,-6.225,-2.258,0.09570,1.29785,0.14257,28.92
$MAG,26882.569,-0.151,-0.526,-0.484,27.6
$IMU,26882.569,12.573,-6.652,-3.234,0.12890,1.30273,0.17724,28.92
$IMU,26882.571,4.760,-3.906,-4.028,0.14892,1.30029,0.21533,28.92
$IMU,26882.574,-3.662,1.281,-4.699,0.17333,1.30273,0.25781,28.92
$IMU,26882.576,-12.268,8.178,-5.187,0.19482,1.30957,0.29541,28.92
$IMU,26882.578,-21.118,16.662,-5.249,0.22412,1.32275,0.33105,28.92
$MAG,26882.579,-0.150,-0.529,-0.492,28.1
$IMU,26882.581,-30.151,26.245,-5.126,0.25683,1.34179,0.35742,28.92
$IMU,26882.583,-39.062,36.376,-4.638,0.28125,1.36083,0.38427,28.92
$IMU,26882.585,-48.095,46.569,-4.150,0.30810,1.38085,0.40283,28.92
$IMU,26882.588,-57.189,56.823,-3.356,0.32666,1.39746,0.41113,28.93
$MAG,26882.589,-0.145,-0.522,-0.490,27.8
$IMU,26882.590,-65.979,66.528,-2.380,0.32812,1.39892,0.41308,28.93
$IMU,26882.592,-74.523,74.829,-1.159,0.31738,1.40625,0.40771,28.93
$IMU,26882.595,-82.702,81.298,0.061,0.29394,1.40478,0.39501,28.93
$IMU,26882.597,-90.515,86.059,1.220,0.26220,1.39550,0.37988,28.93
$MAG,26882.599,-0.147,-0.520,-0.495,27.7
$IMU,26882.600,-97.290,88.378,2.136,0.23291,1.37500,0.35449,28.93
$IMU,26882.602,-103.210,88.745,2.746,0.20068,1.35937,0.32275,28.93
$IMU,26882.604,-107.543,87.280,3.295,0.17236,1.35498,0.29638,28.93
$IMU,26882.607,-109.191,84.228,3.784,0.15039,1.34228,0.25927,28.92
$MAG,26882.609,-0.132,-0.532,-0.498,27.8
$IMU,26882.609,-107.727,79.467,4.089,0.12792,1.32617,0.21923,28.92
$IMU,26882.611,-103.088,73.791,4.211,0.09863,1.30957,0.17968,28.92
$IMU,26882.614,-95.275,66.650,4.333,0.07080,1.30322,0.15527,28.92
$IMU,26882.616,-85.266,58.105,4.516,0.05029,1.29785,0.13916,28.92
$IMU,26882.618,-73.486,48.034,4.943,0.03710,1.30419,0.13134,28.92
$MAG,26882.619,-0.144,-0.525,-0.502,27.8
$IMU,26882.621,-60.363,36.926,5.432,0.02978,1.30126,0.12939,28.92
$IMU,26882.623,-46.569,24.780,6.103,0.02441,1.29931,0.12451,28.92
$IMU,26882.625,-32.775,12.084,7.019,0.02294,1.30517,0.12744,28.92
$IMU,26882.628,-19.531,-0.671,8.178,0.03271,1.31005,0.14257,28.92
$MAG,26882.630,-0.147,-0.517,-0.502,27.7
$IMU,26882.630,-7.141,-12.573,9.216,0.05126,1.31738,0.16162,28.92
$IMU,26882.632,4.516,-22.766,10.009,0.06835,1.32421,0.17773,28.92
$IMU,26882.635,15.075,-30.944,10.803,0.08984,1.33300,0.19970,28.92
$IMU,26882.637,24.719,-37.353,11.230,0.10693,1.34375,0.22460,28.92
$IMU,26882.639,33.203,-42.175,11.474,0.12548,1.35644,0.25195,28.92
$MAG,26882.640,-0.141,-0.528,-0.501,27.7
$IMU,26882.642,40.222,-45.837,11.596,0.14843,1.36865,0.28320,28.92
$IMU,26882.644,45.532,-48.339,11.840,0.16943,1.37988,0.30712,28.94
$IMU,26882.646,49.377,-50.231,12.207,0.18505,1.39013,0.32519,28.94
$IMU,26882.649,52.124,-51.696,12.634,0.18603,1.39550,0.33496,28.94
$MAG,26882.650,-0.144,-0.525,-0.501,27.7
$IMU,26882.651,53.894,-52.795,13.366,0.19091,1.39648,0.34765,28.94
$IMU,26882.653,54.748,-53.466,14.221,0.19433,1.39746,0.36181,28.94
$IMU,26882.656,54.626,-54.016,15.441,0.19726,1.39257,0.37353,28.94
$BARO,26882.657,86865.21,28.76
$IMU,26882.658,53.405,-54.260,16.906,0.20019,1.37988,0.38378,28.94
$MAG,26882.660,-0.141,-0.523,-0.504,27.6
$IMU,26882.661,51.696,-54.809,18.432,0.20117,1.36279,0.38964,28.94
$IMU,26882.663,49.621,-55.053,19.897,0.20556,1.34570,0.40087,28.91
$IMU,26882.665,47.607,-55.175,21.362,0.21630,1.33007,0.41308,28.91
$IMU,26882.668,45.959,-55.114,22.521,0.23291,1.31298,0.42578,28.91
$MAG,26882.670,-0.153,-0.531,-0.501,27.6
$IMU,26882.670,44.738,-54.565,23.437,0.24511,1.29345,0.43359,28.91
$IMU,26882.672,43.762,-53.466,24.230,0.25537,1.27685,0.44287,28.91
$IMU,26882.675,42.907,-52.429,24.963,0.26074,1.25488,0.45751,28.91
$IMU,26882.677,42.114,-51.452,25.634,0.26611,1.23193,0.46630,28.91
$IMU,26882.679,41.198,-51.086,26.245,0.27685,1.20605,0.48535,28.91
$MAG,26882.680,-0.147,-0.529,-0.496,27.6
$IMU,26882.682,39.794,-50.842,26.672,0.27929,1.18017,0.51757,28.94
$IMU,26882.684,37.353,-50.109,26.611,0.28710,1.15673,0.55810,28.94
$IMU,26882.686,33.264,-48.461,26.000,0.28564,1.13964,0.59570,28.94
$IMU,26882.689,27.648,-45.349,24.780,0.28222,1.12646,0.63818,28.94
$MAG,26882.690,-0.156,-0.532,-0.492,27.7
$IMU,26882.691,20.629,-40.344,22.827,0.28222,1.11914,0.67578,28.94
$IMU,26882.693,12.512,-33.935,20.263,0.28906,1.11376,0.70556,28.94
$IMU,26882.696,3.723,-26.733,17.395,0.29248,1.11669,0.72265,28.94
$IMU,26882.698,-5.554,-19.226,14.709,0.31152,1.12548,0.71972,28.94
$MAG,26882.700,-0.159,-0.522,-0.496,27.6
$IMU,26882.700,-14.953,-11.840,12.451,0.32421,1.13525,0.70898,28.96
$IMU,26882.703,-24.597,-4.760,10.986,0.33593,1.14306,0.69335,28.96
$IMU,26882.705,-34.301,1.770,10.253,0.35058,1.14746,0.67871,28.96
$IMU,26882.707,-44.067,8.239,10.009,0.35009,1.14843,0.67089,28.96
$MAG,26882.710,-0.163,-0.526,-0.504,27.7
$IMU,26882.710,-53.833,15.075,10.009,0.34423,1.14404,0.65917,28.96
$IMU,26882.712,-63.171,22.460,10.131,0.32666,1.13769,0.65185,28.96
$IMU,26882.714,-72.265,30.334,10.070,0.30224,1.12695,0.63818,28.96
$IMU,26882.717,-80.993,38.330,9.582,0.27246,1.11865,0.61865,28.96
$IMU,26882.719,-89.538,46.325,8.789,0.25537,1.10693,0.59716,28.94
$MAG,26882.720,-0.163,-0.532,-0.505,27.6
$IMU,26882.722,-97.656,54.260,7.751,0.23632,1.09960,0.57861,28.94
$IMU,26882.724,-105.285,61.950,6.286,0.22167,1.09326,0.56103,28.94
$IMU,26882.726,-112.548,69.458,4.943,0.20703,1.09375,0.54003,28.94
$IMU,26882.729,-119.384,76.538,3.723,0.18847,1.08740,0.50634,28.94
$MAG,26882.731,-0.160,-0.526,-0.516,27.7
$IMU,26882.731,-126.220,83.190,2.990,0.16162,1.06982,0.47412,28.94
$IMU,26882.733,-135.803,89.294,3.112,0.12109,1.08007,0.46240,28.94
$IMU,26882.736,-147.949,94.787,5.126,0.11718,1.09863,0.45019,28.94
$IMU,26882.738,-158.630,98.449,8.422,0.14941,1.10205,0.42480,28.94
$IMU,26882.740,-163.269,100.830,11.657,0.17919,1.07666,0.38183,28.94
$MAG,26882.741,-0.162,-0.531,-0.523,27.7
$IMU,26882.743,-162.841,101.318,14.282,0.18505,1.03417,0.34960,28.94
$IMU,26882.745,-161.804,99.609,15.869,0.17871,0.99462,0.35644,28.94
$IMU,26882.747,-161.315,95.642,16.479,0.19042,0.94873,0.37841,28.94
$IMU,26882.750,-158.569,90.515,16.296,0.20117,0.88916,0.37548,28.94
$MAG,26882.751,-0.157,-0.522,-0.538,27.7
$IMU,26882.752,-152.099,84.838,15.197,0.20703,0.82519,0.34814,28.94
$IMU,26882.754,-141.357,78.125,13.916,0.21728,0.76611,0.32128,28.94
$IMU,26882.757,-127.258,69.641,13.061,0.22705,0.70605,0.28955,28.92
$BARO,26882.759,86872.23,28.76
$IMU,26882.759,-112.060,59.387,13.061,0.20361,0.66406,0.28710,28.92
$MAG,26882.761,-0.160,-0.520,-0.541,27.7
$IMU,26882.761,-97.106,47.119,13.610,0.16650,0.63281,0.30175,28.92
$IMU,26882.764,-80.566,33.508,14.221,0.12353,0.58984,0.30566,28.92
$IMU,26882.766,-63.049,19.714,13.916,0.08105,0.55322,0.32861,28.92
$IMU,26882.768,-46.081,6.225,12.329,0.04296,0.51806,0.35791,28.92
$IMU,26882.771,-31.555,-6.347,9.521,0.02001,0.48583,0.39160,28.92
$MAG,26882.771,-0.163,-0.522,-0.549,27.7
$IMU,26882.773,-20.996,-17.211,5.676,0.01416,0.46777,0.44189,28.92
$IMU,26882.775,-12.939,-25.756,0.854,0.03173,0.45800,0.49804,28.92
$IMU,26882.778,-4.638,-31.799,-5.187,0.04785,0.44433,0.53613,28.92
$IMU,26882.780,3.356,-36.132,-12.145,0.05322,0.42919,0.55566,28.92
$MAG,26882.781,-0.159,-0.531,-0.550,27.7
$IMU,26882.783,8.239,-40.039,-19.470,0.06201,0.42382,0.58300,28.92
$IMU,26882.785,9.582,-43.518,-26.733,0.07470,0.42626,0.60742,28.92
$IMU,26882.787,9.643,-46.203,-33.691,0.08984,0.43115,0.62011,28.92
$IMU,26882.790,9.826,-47.485,-40.405,0.10107,0.43994,0.62060,28.92
$MAG,26882.791,-0.162,-0.535,-0.550,28.0
$IMU,26882.792,10.437,-47.729,-46.691,0.09960,0.45117,0.61376,28.92
$IMU,26882.794,11.413,-47.424,-52.551,0.08789,0.47998,0.59179,28.90
$IMU,26882.797,13.244,-46.569,-57.739,0.06884,0.52050,0.57128,28.90
$IMU,26882.799,16.357,-46.325,-62.438,0.05566,0.57958,0.53710,28.90
$MAG,26882.801,-0.153,-0.519,-0.553,27.7
$IMU,26882.801,20.935,-46.997,-66.406,0.04882,0.65283,0.50585,28.90
$IMU,26882.804,26.245,-48.889,-69.396,0.04638,0.73339,0.47265,28.90
$IMU,26882.806,31.738,-51.696,-71.044,0.05957,0.82861,0.45605,28.90
$IMU,26882.808,36.560,-54.626,-71.411,0.07812,0.92187,0.45214,28.90
$MAG,26882.811,-0.145,-0.510,-0.544,27.7
$IMU,26882.811,39.733,-56.884,-70.068,0.09667,1.01367,0.45312,28.90
$IMU,26882.813,40.893,-57.983,-67.443,0.11669,1.09960,0.45654,28.94
$IMU,26882.815,39.733,-57.495,-63.537,0.13671,1.18017,0.46582,28.94
$IMU,26882.818,36.254,-55.419,-58.593,0.15332,1.24365,0.47705,28.94
$IMU,26882.820,30.273,-51.635,-52.673,0.16113,1.30175,0.48291,28.94
$MAG,26882.821,-0.148,-0.519,-0.547,27.7
$IMU,26882.822,22.399,-46.875,-46.203,0.18164,1.35693,0.50097,28.94
$IMU,26882.825,13.244,-40.710,-38.940,0.20849,1.43408,0.52392,28.94
$IMU,26882.827,4.455,-34.545,-30.517,0.18310,1.50732,0.53173,28.94
$IMU,26882.829,-4.638,-31.860,-21.911,0.13964,1.51855,0.54638,28.94
$MAG,26882.831,-0.136,-0.522,-0.540,27.7
$IMU,26882.832,-15.075,-33.386,-13.977,0.13623,1.48339,0.54296,28.94
$HUM,26882.834,34.4,29.2
$IMU,26882.834,-25.146,-35.400,-5.920,0.13330,1.43945,0.53515,28.94
$IMU,26882.836,-33.447,-35.156,3.173,0.10791,1.40185,0.52001,28.94
$IMU,26882.839,-41.015,-32.470,13.244,0.06250,1.39257,0.49560,28.94
$MAG,26882.841,-0.147,-0.523,-0.555,27.7
$IMU,26882.841,-49.255,-28.808,23.132,0.00683,1.41357,0.46875,28.94
$IMU,26882.844,-59.082,-25.512,31.921,-0.03710,1.44482,0.43457,28.94
$IMU,26882.846,-70.434,-23.681,39.367,-0.05908,1.47119,0.39746,28.94
$IMU,26882.848,-83.312,-22.583,45.410,-0.06054,1.48046,0.36523,28.94
$IMU,26882.851,-97.534,-21.728,49.926,-0.05664,1.46630,0.31884,28.96
$MAG,26882.852,-0.138,-0.513,-0.559,27.7
$IMU,26882.853,-111.389,-21.240,53.405,-0.05957,1.41845,0.27099,28.96
$IMU,26882.855,-122.985,-21.240,55.603,-0.07421,1.34570,0.23388,28.96
$IMU,26882.858,-132.934,-21.789,57.373,-0.13916,1.15771,0.11572,28.96
$BARO,26882.860,86863.35,28.76
$IMU,26882.860,-159.362,-20.385,63.598,-0.18164,1.08984,0.28662,28.96
$MAG,26882.862,-0.160,-0.513,-0.568,27.7
$IMU,26882.862,-196.899,-14.526,69.824,-0.05957,1.11572,0.36767,28.96
$IMU,26882.865,-203.552,1.586,68.603,-0.07666,1.02441,0.29248,28.96
$IMU,26882.867,-189.086,18.005,62.133,-0.12158,0.91796,0.18603,28.96
$IMU,26882.869,-176.696,20.751,55.358,-0.18945,0.77441,0.08642,28.91
$MAG,26882.872,-0.160,-0.517,-0.594,27.8
$IMU,26882.872,-176.940,12.573,49.377,-0.17919,0.67431,0.06787,28.91
$IMU,26882.874,-177.917,3.540,42.968,-0.12402,0.59326,0.05615,28.91
$IMU,26882.876,-169.555,-2.014,35.278,-0.08984,0.52734,0.05712,28.91
$IMU,26882.879,-153.503,-4.882,26.855,-0.09228,0.47509,0.06347,28.91
$IMU,26882.881,-134.460,-7.812,18.371,-0.09130,0.43603,0.05468,28.91
$MAG,26882.882,-0.157,-0.504,-0.604,27.7
$IMU,26882.883,-114.440,-12.878,10.253,-0.08691,0.38671,0.03759,28.91
$IMU,26882.886,-97.290,-19.042,2.258,-0.05566,0.36914,0.04785,28.91
$IMU,26882.888,-79.895,-24.902,-6.164,-0.02978,0.35351,0.03564,28.92
$IMU,26882.890,-62.255,-29.296,-14.465,0.00537,0.36132,0.04052,28.92
$MAG,26882.892,-0.163,-0.502,-0.606,27.7
$IMU,26882.893,-44.311,-32.897,-22.094,0.02343,0.37597,0.04785,28.92
$IMU,26882.895,-26.916,-35.888,-28.991,0.01464,0.41943,0.05664,28.92
$IMU,26882.897,-10.986,-39.184,-34.423,0.00244,0.47363,0.05859,28.92
$IMU,26882.900,4.455,-42.846,-38.513,-0.02099,0.52880,0.05810,28.92
$MAG,26882.902,-0.162,-0.507,-0.615,28.0
$IMU,26882.902,17.456,-47.180,-41.320,-0.03759,0.58056,0.04736,28.92
$IMU,26882.905,26.916,-51.452,-42.907,-0.04638,0.65429,0.07373,28.92
$IMU,26882.907,32.897,-53.955,-43.640,-0.03027,0.73828,0.12207,28.94
$IMU,26882.909,37.292,-54.077,-43.640,-0.01562,0.79687,0.12402,28.94
$MAG,26882.912,-0.148,-0.501,-0.613,27.7
$IMU,26882.912,41.748,-53.833,-42.907,-0.03222,0.87060,0.13867,28.94
$IMU,26882.914,44.372,-53.955,-42.419,-0.05273,0.94091,0.13037,28.94
$IMU,26882.916,46.142,-54.687,-41.870,-0.06787,0.99072,0.12158,28.94
$IMU,26882.919,46.630,-56.091,-40.893,-0.07226,1.02441,0.11328,28.94
$IMU,26882.921,46.936,-57.189,-39.001,-0.07617,1.04150,0.10449,28.94
$MAG,26882.922,-0.159,-0.504,-0.610,27.6
$IMU,26882.923,46.447,-57.739,-36.010,-0.08203,1.06445,0.10302,28.94
$IMU,26882.926,44.799,-57.556,-32.043,-0.08935,1.08154,0.09863,28.95
$IMU,26882.928,43.395,-57.312,-27.343,-0.09619,1.09667,0.07714,28.95
$IMU,26882.930,42.053,-57.922,-22.155,-0.10791,1.12353,0.08154,28.95
$MAG,26882.932,-0.154,-0.498,-0.619,27.7
$IMU,26882.933,40.100,-58.837,-17.089,-0.10742,1.13671,0.07080,28.95
$IMU,26882.935,38.574,-59.570,-12.329,-0.10986,1.14746,0.05419,28.95
$IMU,26882.937,37.536,-59.753,-7.995,-0.11328,1.15917,0.05517,28.95
$IMU,26882.940,34.423,-58.837,-4.455,-0.10595,1.20214,0.11132,28.95
$MAG,26882.942,-0.150,-0.502,-0.607,27.6
$IMU,26882.942,27.404,-55.480,-1.586,-0.08447,1.24267,0.15234,28.95
$IMU,26882.944,18.188,-49.194,0.732,-0.07470,1.26757,0.18408,28.94
$IMU,26882.947,6.652,-41.198,2.380,-0.07080,1.27294,0.21582,28.94
$IMU,26882.949,-6.591,-33.386,3.295,-0.06933,1.26757,0.22412,28.94
$IMU,26882.951,-19.531,-26.733,3.601,-0.07031,1.23535,0.22314,28.94
$MAG,26882.952,-0.159,-0.507,-0.610,27.6
$IMU,26882.954,-31.066,-21.484,3.540,-0.07763,1.17871,0.19726,28.94
$IMU,26882.956,-39.916,-18.188,3.051,-0.10302,1.11132,0.14941,28.94
$IMU,26882.958,-45.959,-17.028,2.380,-0.12646,1.04150,0.09912,28.94
$IMU,26882.961,-49.377,-17.700,2.014,-0.14843,0.98437,0.04687,28.94
$BARO,26882.962,86868.33,28.77
$MAG,26882.963,-0.162,-0.502,-0.613,27.8
$IMU,26882.963,-50.048,-19.531,1.831,-0.15966,0.93701,0.01513,28.93
$IMU,26882.966,-49.194,-21.545,1.770,-0.15820,0.91113,-0.00341,28.93
$IMU,26882.968,-47.180,-23.193,1.586,-0.13916,0.90429,-0.02197,28.93
$IMU,26882.970,-44.006,-24.230,1.281,-0.11425,0.89697,-0.02050,28.93
$MAG,26882.973,-0.154,-0.498,-0.621,27.7
$IMU,26882.973,-41.442,-24.353,0.549,-0.09472,0.89892,0.00048,28.93
$IMU,26882.975,-39.916,-23.315,-0.793,-0.07421,0.90966,0.02050,28.93
$IMU,26882.977,-38.696,-21.484,-2.929,-0.06005,0.92089,0.03955,28.93
$IMU,26882.980,-38.330,-19.104,-5.676,-0.04638,0.92285,0.04833,28.93
$IMU,26882.982,-38.146,-16.479,-8.728,-0.03759,0.91503,0.04003,28.96
$MAG,26882.983,-0.160,-0.496,-0.625,27.6
$IMU,26882.984,-37.963,-14.038,-11.657,-0.03417,0.89208,0.03710,28.96
$IMU,26882.987,-37.353,-12.084,-14.099,-0.04736,0.88378,0.03564,28.96
$IMU,26882.989,-35.583,-10.925,-15.808,-0.06982,0.86914,0.02685,28.96
$IMU,26882.991,-36.437,-10.498,-15.930,-0.13378,0.79003,-0.04492,28.96
$MAG,26882.993,-0.165,-0.502,-0.633,27.6
$IMU,26882.994,-62.377,-5.920,-10.681,-0.10986,0.85058,0.17529,28.96
$IMU,26882.996,-89.355,8.911,-7.019,-0.00927,0.98876,0.27001,28.96
$IMU,26882.998,-76.416,29.113,-10.192,-0.03271,1.05224,0.13964,28.96
$IMU,26883.001,-50.048,31.799,-16.357,-0.10888,1.03808,-0.04638,28.95
$MAG,26883.003,-0.153,-0.493,-0.630,27.6
$IMU,26883.003,-35.278,11.779,-23.132,-0.15771,1.00585,-0.10156,28.95
$IMU,26883.005,-29.052,-13.122,-27.160,-0.14160,0.98974,-0.05175,28.95
$IMU,26883.008,-18.798,-27.465,-26.000,-0.10253,0.97949,0.03417,28.95
$IMU,26883.010,-6.835,-30.334,-20.874,-0.09130,0.99414,0.08837,28.95
$IMU,26883.012,0.732,-29.785,-14.770,-0.11035,1.02783,0.08984,28.95
$MAG,26883.013,-0.165,-0.493,-0.634,27.7
$IMU,26883.015,3.723,-29.724,-10.681,-0.13037,1.06884,0.06152,28.95
$IMU,26883.017,4.150,-30.212,-9.399,-0.14013,1.10205,0.04150,28.95
$IMU,26883.019,2.380,-29.724,-9.582,-0.14990,1.11376,0.03662,28.92
$IMU,26883.022,-0.915,-27.648,-9.887,-0.16259,1.10644,0.03906,28.92
$MAG,26883.023,-0.163,-0.493,-0.639,28.0
$IMU,26883.024,-3.356,-25.207,-7.812,-0.25488,1.29882,0.05029,28.92
$IMU,26883.026,-7.141,-26.245,-0.427,-0.24218,1.29199,0.06103,28.92
$IMU,26883.029,-15.014,-31.188,3.906,-0.12207,1.17529,0.03076,28.92
$IMU,26883.031,-15.808,-29.602,5.371,-0.09277,1.08398,0.06884,28.92
$MAG,26883.033,-0.156,-0.490,-0.648,27.7
$IMU,26883.034,-13.977,-24.780,5.737,-0.14160,1.03271,0.10595,28.92
$IMU,26883.036,-15.930,-22.644,5.676,-0.21142,1.01660,0.11230,28.92
$IMU,26883.038,-18.859,-22.827,6.286,-0.25439,1.04882,0.10839,28.90
$IMU,26883.041,-21.667,-24.780,8.422,-0.24072,1.07958,0.09912,28.90
$MAG,26883.043,-0.163,-0.487,-0.643,27.8
$IMU,26883.043,-24.841,-25.573,9.582,-0.26562,1.11621,0.10351,28.90
$IMU,26883.045,-27.404,-22.827,4.577,-0.34033,1.19775,0.11425,28.90
$IMU,26883.048,-26.245,-15.869,-6.347,-0.25439,1.19238,-0.05761,28.90
$IMU,26883.050,-19.348,-11.718,-13.061,-0.21923,1.17724,-0.04394,28.90
$IMU,26883.052,-23.010,-9.399,-15.502,-0.19970,1.17236,-0.03466,28.90
$MAG,26883.053,-0.165,-0.495,-0.645,27.7
$IMU,26883.055,-31.860,-0.732,-14.404,-0.27783,1.08886,-0.07031,28.90
$IMU,26883.057,-61.462,17.272,-10.009,-0.29443,1.14062,0.04345,28.98
$IMU,26883.059,-84.106,42.419,-8.483,-0.22460,1.18603,0.10107,28.98
$IMU,26883.062,-78.247,62.805,-9.277,-0.19238,1.16064,-0.01660,28.98
$BARO,26883.063,86864.35,28.77
$MAG,26883.063,-0.154,-0.496,-0.645,27.7
$IMU,26883.064,-69.763,60.180,-7.568,-0.21630,1.09814,-0.11230,28.98
$IMU,26883.066,-67.504,42.297,-5.371,-0.20703,1.00048,-0.09570,28.98
$IMU,26883.069,-68.115,27.893,-1.464,-0.11914,0.92578,0.03173,28.98
$IMU,26883.071,-64.025,24.841,4.455,-0.08837,0.91601,0.16552,28.98
$IMU,26883.073,-53.527,27.099,8.422,-0.11083,0.94824,0.22949,28.98
$MAG,26883.074,-0.160,-0.484,-0.657,27.8
$IMU,26883.076,-45.410,24.597,8.605,-0.12158,0.92480,0.23144,28.91
$IMU,26883.078,-40.466,17.517,5.065,-0.10058,0.91601,0.18603,28.91
$IMU,26883.080,-34.606,8.911,0.976,-0.08154,0.89599,0.17382,28.91
$IMU,26883.083,-25.268,1.037,-1.647,-0.03955,0.83837,0.09326,28.91
$MAG,26883.084,-0.160,-0.477,-0.655,27.7
$IMU,26883.085,-14.343,-6.408,-0.305,-0.01562,0.84130,0.23193,28.91
$IMU,26883.087,-18.432,-10.314,4.699,0.00390,0.87011,0.31884,28.91
$IMU,26883.090,-28.564,-0.427,13.549,-0.00439,0.91308,0.31396,28.91
$IMU,26883.092,-35.827,11.291,19.165,-0.01074,0.94287,0.21972,28.91
$MAG,26883.094,-0.157,-0.486,-0.655,28.0
$IMU,26883.095,-38.024,11.779,17.944,-0.01806,0.94970,0.15332,28.93
$IMU,26883.097,-36.193,4.089,12.145,0.00244,0.93359,0.14306,28.93
$IMU,26883.099,-31.372,-3.723,6.347,0.00878,0.90673,0.16650,28.93
$IMU,26883.102,-25.024,-8.117,2.868,0.01318,0.87988,0.17236,28.93
$MAG,26883.104,-0.156,-0.486,-0.657,27.6
$IMU,26883.104,-18.554,-9.765,2.380,0.01806,0.85791,0.15527,28.93
$IMU,26883.106,-12.695,-11.901,3.479,0.00927,0.83642,0.13134,28.93
$IMU,26883.109,-7.690,-15.380,3.967,0.01708,0.82714,0.11376,28.93
$IMU,26883.111,-3.601,-18.798,3.417,0.03369,0.81347,0.11865,28.93
$IMU,26883.113,-0.854,-20.080,2.929,0.04882,0.81054,0.13525,28.95
$MAG,26883.114,-0.162,-0.481,-0.660,27.6
$IMU,26883.116,1.098,-19.592,2.380,0.04980,0.80664,0.14697,28.95
$IMU,26883.118,3.112,-19.592,1.464,0.04736,0.79736,0.14843,28.95
$IMU,26883.120,5.187,-20.324,-0.122,0.03564,0.78027,0.14453,28.95
$IMU,26883.123,3.051,-20.263,-2.136,-0.02441,0.67871,0.10351,28.95
$MAG,26883.124,-0.163,-0.486,-0.660,27.7
$IMU,26883.125,-20.690,-13.977,-2.014,0.01318,0.66162,0.21191,28.95
$IMU,26883.127,-28.808,0.732,-4.516,0.10791,0.76660,0.30126,28.95
$IMU,26883.130,-8.728,10.009,-10.192,0.08398,0.79345,0.17919,28.95
$IMU,26883.132,-0.061,-0.610,-15.014,0.03857,0.77880,0.03710,28.93
$MAG,26883.134,-0.153,-0.486,-0.666,27.8
$IMU,26883.134,1.831,-15.808,-19.104,0.02929,0.77392,0.02978,28.93
$IMU,26883.137,10.620,-21.667,-21.301,0.04541,0.79589,0.07812,28.93
$IMU,26883.139,19.653,-22.399,-20.080,0.05517,0.81933,0.13134,28.93
$IMU,26883.141,22.766,-22.766,-17.639,0.05859,0.85742,0.18603,28.93
$MAG,26883.144,-0.160,-0.480,-0.655,27.7
$IMU,26883.144,22.949,-23.376,-16.296,0.06250,0.92919,0.21777,28.93
$IMU,26883.146,22.583,-23.254,-15.502,0.06201,0.98388,0.27587,28.93
$IMU,26883.148,19.958,-21.179,-15.197,0.06640,1.02539,0.32421,28.93
$IMU,26883.151,15.319,-18.127,-14.770,0.06542,1.05712,0.35986,28.94
$IMU,26883.153,10.620,-16.174,-14.038,0.05371,1.07519,0.38134,28.94
$MAG,26883.154,-0.157,-0.480,-0.654,27.7
$IMU,26883.156,7.263,-15.747,-13.366,0.05664,1.07568,0.39550,28.94
$IMU,26883.158,4.943,-16.601,-12.084,0.05371,1.06982,0.39892,28.94
$IMU,26883.160,3.784,-18.615,-10.803,0.04589,1.04931,0.39794,28.94
$IMU,26883.163,4.272,-22.521,-9.399,0.04394,1.03173,0.39355,28.94
$BARO,26883.164,86870.01,28.77
$MAG,26883.164,-0.156,-0.490,-0.669,27.6
$IMU,26883.165,5.249,-26.977,-7.690,0.04882,1.01464,0.39941,28.94
$IMU,26883.167,5.981,-30.273,-5.920,0.04687,1.00292,0.40234,28.94
$IMU,26883.170,6.164,-32.165,-4.211,0.05908,0.99072,0.40332,28.95
$IMU,26883.172,5.920,-33.630,-2.929,0.05517,0.98095,0.40332,28.95
$MAG,26883.174,-0.165,-0.480,-0.663,27.8
$IMU,26883.174,5.310,-34.729,-2.319,0.05419,0.97314,0.40722,28.95
$IMU,26883.177,4.516,-35.278,-2.502,0.05566,0.96630,0.41650,28.95
$IMU,26883.179,3.479,-34.851,-3.112,0.06005,0.96435,0.42041,28.95
$IMU,26883.181,2.807,-34.362,-3.662,0.06005,0.97070,0.41992,28.95
$IMU,26883.184,2.380,-33.447,-3.845,0.07617,1.02441,0.40332,28.95
$MAG,26883.185,-0.160,-0.487,-0.670,27.7
$IMU,26883.186,2.624,-29.907,0.915,0.07568,1.11669,0.37695,28.95
$IMU,26883.188,1.525,-26.306,7.873,0.03320,1.19482,0.29882,28.92
$IMU,26883.191,1.403,-25.390,12.390,-0.00634,1.18652,0.24218,28.92
$IMU,26883.193,0.427,-28.320,12.634,-0.01416,1.15429,0.22363,28.92
$MAG,26883.195,-0.163,-0.483,-0.664,28.0
$IMU,26883.195,2.502,-28.015,12.207,-0.02490,1.12060,0.19433,28.92
$IMU,26883.198,4.150,-24.780,14.099,-0.03955,1.07519,0.21875,28.92
$IMU,26883.200,2.197,-25.756,14.770,-0.07470,1.04833,0.17382,28.92
$IMU,26883.202,2.502,-24.780,13.305,-0.06005,1.00976,0.19140,28.92
$MAG,26883.205,-0.165,-0.475,-0.667,27.7
$IMU,26883.205,1.892,-22.827,11.413,-0.05126,0.99267,0.16650,28.92
$IMU,26883.207,2.990,-18.920,9.338,-0.05029,0.97167,0.14599,28.93
$IMU,26883.209,4.455,-15.563,7.629,-0.04541,0.97998,0.11962,28.93
$IMU,26883.212,8.239,-12.878,7.080,-0.07080,1.01269,0.09130,28.93
$IMU,26883.214,8.361,-12.756,8.056,-0.05664,1.00732,0.12451,28.93
$MAG,26883.215,-0.156,-0.489,-0.666,27.7
$IMU,26883.217,9.033,-16.113,7.141,-0.06152,0.99707,0.10839,28.93
$IMU,26883.219,15.625,-11.413,6.042,-0.02246,0.99218,0.12695,28.93
$IMU,26883.221,17.700,-9.887,7.202,-0.03369,1.00537,0.10107,28.93
$IMU,26883.224,22.460,-9.399,7.995,-0.05078,1.00878,0.10351,28.93
$MAG,26883.225,-0.168,-0.492,-0.666,27.7
$IMU,26883.226,27.282,-7.751,7.690,-0.09130,1.02539,0.04248,28.97
$IMU,26883.228,39.794,-4.821,6.286,-0.10937,1.05566,-0.01416,28.97
$IMU,26883.231,38.757,-8.972,7.202,-0.01708,1.01660,0.16455,28.97
$IMU,26883.233,28.991,-8.361,8.972,-0.00976,1.01757,0.21044,28.97
$MAG,26883.235,-0.168,-0.486,-0.664,27.7
$IMU,26883.235,26.550,-3.356,7.690,-0.04296,0.99511,0.18554,28.97
$IMU,26883.238,28.015,-0.488,5.310,-0.05078,1.02001,0.15332,28.97
$IMU,26883.240,27.954,-1.281,6.347,-0.04199,1.03173,0.17089,28.97
$IMU,26883.242,26.367,-4.150,9.155,-0.03222,1.04785,0.21923,28.97
$MAG,26883.245,-0.163,-0.486,-0.657,27.7
$IMU,26883.245,24.780,-5.554,11.291,-0.00244,1.06933,0.27929,28.92
$IMU,26883.247,22.155,-5.981,13.000,0.01904,1.07519,0.32275,28.92
$TIME,26883.249,510791.000,2399
$IMU,26883.249,18.920,-6.958,15.014,0.02929,1.06494,0.36035,28.92
$IMU,26883.252,15.869,-8.361,16.479,0.02832,1.04785,0.38818,28.92
$IMU,26883.254,13.732,-9.460,17.028,0.03515,1.02978,0.39697,28.92
$MAG,26883.255,-0.166,-0.493,-0.655,27.7
$IMU,26883.256,12.207,-10.742,17.456,0.03222,1.00244,0.38916,28.92
$IMU,26883.259,10.925,-12.939,17.639,0.03222,0.97900,0.37841,28.92
$IMU,26883.261,9.826,-14.404,17.639,0.02636,0.94873,0.36181,28.92
$IMU,26883.263,8.728,-15.808,17.639,0.01660,0.93505,0.33642,28.96
$MAG,26883.265,-0.174,-0.490,-0.660,27.7
$BARO,26883.266,86855.09,28.77
$IMU,26883.266,7.507,-16.723,17.578,0.00927,0.92333,0.31835,28.96
$IMU,26883.268,5.859,-17.456,17.395,0.00439,0.91943,0.30322,28.96
$IMU,26883.270,4.577,-17.517,17.089,0.00488,0.93652,0.29443,28.96
$IMU,26883.273,3.784,-17.150,16.906,0.01708,0.95019,0.28906,28.96
$MAG,26883.275,-0.175,-0.496,-0.654,27.7
$IMU,26883.275,2.868,-16.967,16.601,0.01416,0.96777,0.29199,28.96
$IMU,26883.278,2.502,-16.540,16.174,0.01953,0.98242,0.29248,28.96
$IMU,26883.280,2.319,-16.174,15.991,0.02929,0.98828,0.28906,28.96
$IMU,26883.282,2.197,-16.235,15.625,0.03662,0.99365,0.28662,28.95
$MAG,26883.285,-0.183,-0.498,-0.661,27.6
$IMU,26883.285,1.342,-15.747,15.502,0.04589,0.98339,0.29394,28.95
$IMU,26883.287,0.000,-14.221,15.258,0.05322,0.97216,0.29394,28.95
$IMU,26883.289,-1.037,-12.634,14.770,0.05957,0.95214,0.27929,28.95
$IMU,26883.292,-1.770,-11.169,13.854,0.06054,0.93359,0.26367,28.95
$IMU,26883.294,-2.258,-9.643,13.122,0.05371,0.92333,0.24755,28.95
$VBAT,26883.294,4.126
$MAG,26883.296,-0.175,-0.492,-0.661,27.7
$IMU,26883.296,-2.441,-8.361,12.939,0.04882,0.91357,0.23828,28.95
$IMU,26883.299,-1.647,-7.629,11.840,0.04248,0.88427,0.23779,28.95
$IMU,26883.301,-2.929,-6.591,10.925,0.01904,0.81640,0.22216,28.94
$IMU,26883.303,-12.207,-1.220,12.634,0.02880,0.81103,0.23876,28.94
$MAG,26883.306,-0.180,-0.496,-0.655,27.8
$IMU,26883.306,-12.756,4.638,13.244,0.07763,0.83300,0.32666,28.94
$IMU,26883.308,-1.708,2.746,7.080,0.05175,0.83203,0.27294,28.94
$IMU,26883.310,2.624,-1.037,0.976,0.03808,0.81591,0.24462,28.94
$IMU,26883.313,5.065,-1.525,-2.075,0.02587,0.80712,0.26269,28.94
$IMU,26883.315,7.690,-1.098,-3.356,0.02148,0.83203,0.27343,28.94
$MAG,26883.316,-0.178,-0.499,-0.657,27.7
$IMU,26883.317,10.253,-1.525,-4.150,0.04150,0.85742,0.28955,28.94
$IMU,26883.320,11.108,-0.732,-5.187,0.04833,0.90283,0.30859,28.92
$IMU,26883.322,9.765,1.831,-6.347,0.04736,0.92578,0.32714,28.92
$IMU,26883.324,6.347,3.845,-7.446,0.03906,0.95263,0.32958,28.92
$MAG,26883.326,-0.172,-0.496,-0.658,27.8
$IMU,26883.327,2.807,5.065,-8.422,0.02636,0.96679,0.32324,28.92
$IMU,26883.329,-0.671,5.920,-9.094,0.04345,0.94433,0.33544,28.92
$IMU,26883.331,-4.394,6.530,-9.582,0.03564,0.93896,0.33349,28.92
$IMU,26883.334,-7.751,7.202,-9.948,0.04736,0.90478,0.34179,28.92
$MAG,26883.336,-0.172,-0.492,-0.646,27.7
$IMU,26883.336,-10.681,7.568,-10.253,0.01806,0.92773,0.31542,28.92
$IMU,26883.339,-12.939,7.385,-9.826,0.02148,0.92919,0.29052,28.96
$IMU,26883.341,-16.174,5.249,-8.972,0.03613,0.91894,0.29199,28.96
$IMU,26883.343,-18.615,4.150,-9.094,0.01318,0.90527,0.29394,28.96
$MAG,26883.346,-0.181,-0.496,-0.649,27.7
$IMU,26883.346,-20.080,4.150,-10.192,0.01611,0.89843,0.28710,28.96
$IMU,26883.348,-21.972,3.173,-10.070,0.00048,0.90478,0.28808,28.96
$IMU,26883.350,-23.376,1.464,-11.169,-0.00292,0.92041,0.30712,28.96
$IMU,26883.353,-25.329,-0.305,-12.207,0.02978,0.93212,0.33105,28.96
$IMU,26883.355,-27.221,-2.258,-12.451,0.05615,0.93994,0.34814,28.96
$MAG,26883.356,-0.175,-0.495,-0.663,27.6
$IMU,26883.357,-28.503,-4.089,-12.756,0.04785,0.95605,0.36962,28.95
$IMU,26883.360,-29.541,-4.699,-14.038,0.08789,0.96533,0.38232,28.95
$IMU,26883.362,-31.860,-7.080,-15.319,0.09667,0.95996,0.38134,28.95
$IMU,26883.364,-32.897,-8.544,-16.784,0.06298,0.93945,0.38818,28.95
$MAG,26883.366,-0.171,-0.480,-0.660,27.6
$BARO,26883.367,86870.08,28.77
$IMU,26883.367,-34.179,-7.080,-14.465,0.05322,0.94042,0.35839,28.95
$IMU,26883.369,-38.085,-9.155,-7.080,0.04443,0.93164,0.32519,28.95
$IMU,26883.371,-39.184,-12.390,-2.685,0.00195,0.94335,0.29248,28.95
$IMU,26883.374,-36.071,-12.451,-1.892,0.03027,0.99511,0.24462,28.95
$MAG,26883.376,-0.183,-0.484,-0.663,28.0
$IMU,26883.376,-33.691,-13.488,1.586,0.03857,1.04785,0.21533,28.92
$IMU,26883.378,-32.470,-17.822,5.554,0.00439,1.07177,0.19775,28.92
$IMU,26883.381,-30.090,-20.141,7.995,0.05322,1.03857,0.22265,28.92
$IMU,26883.383,-28.320,-22.277,9.033,0.01611,1.03564,0.22363,28.92
$IMU,26883.385,-23.498,-21.911,7.934,0.04150,1.03515,0.23388,28.92
$MAG,26883.386,-0.175,-0.490,-0.669,27.8
$IMU,26883.388,-19.165,-20.507,9.521,0.03955,1.03857,0.23535,28.92
$IMU,26883.390,-15.930,-20.446,12.329,0.03027,1.04101,0.24169,28.92
$IMU,26883.392,-13.183,-20.874,14.831,0.00537,1.07910,0.26562,28.92
$IMU,26883.395,-11.535,-20.751,16.784,-0.00439,1.04882,0.28613,28.92
$MAG,26883.396,-0.181,-0.487,-0.670,27.7
$IMU,26883.397,-9.643,-20.690,17.517,-0.00634,1.01806,0.29638,28.92
$IMU,26883.400,-6.286,-20.324,17.883,0.01025,0.96484,0.30859,28.92
$IMU,26883.402,-3.234,-21.423,18.615,0.02441,0.90478,0.32958,28.92
$IMU,26883.404,-0.366,-22.338,18.859,0.02783,0.86181,0.34765,28.92
$IMU,26883.407,2.929,-21.606,18.371,0.01757,0.86962,0.34521,28.92
$MAG,26883.407,-0.183,-0.486,-0.666,27.8
$IMU,26883.409,5.432,-20.996,17.517,0.01220,0.88623,0.33447,28.92
$IMU,26883.411,6.713,-21.606,15.441,0.02929,0.84326,0.34423,28.92
$IMU,26883.414,8.056,-21.667,12.878,0.03173,0.85253,0.35449,28.96
$IMU,26883.416,10.925,-19.592,11.474,0.02490,0.89843,0.33642,28.96
$MAG,26883.417,-0.186,-0.483,-0.667,27.8
$IMU,26883.418,12.329,-18.005,10.803,0.02099,0.94580,0.32031,28.96
$IMU,26883.421,12.451,-18.005,9.277,0.03369,0.95654,0.32275,28.96
$IMU,26883.423,12.817,-16.113,7.934,0.03662,0.97558,0.32812,28.96
$IMU,26883.425,12.023,-14.038,7.263,0.03076,0.99511,0.32568,28.96
$MAG,26883.427,-0.199,-0.492,-0.667,27.7
$IMU,26883.428,10.192,-12.451,6.530,0.03125,1.00781,0.31640,28.96
$IMU,26883.430,8.544,-9.765,5.493,0.03173,0.99951,0.31933,28.96
$IMU,26883.432,6.042,-7.446,3.723,0.04589,0.97558,0.32373,28.96
$IMU,26883.435,4.150,-6.469,2.075,0.04687,0.94091,0.32324,28.96
$MAG,26883.437,-0.189,-0.490,-0.675,27.7
$IMU,26883.437,3.173,-5.798,0.732,0.05078,0.92089,0.31591,28.96
$IMU,26883.439,4.821,-2.807,0.305,0.05712,0.93896,0.29345,28.96
$IMU,26883.442,5.676,-1.098,-0.061,0.04931,0.93212,0.26806,28.96
$IMU,26883.444,6.774,-0.549,-1.281,0.05419,0.94238,0.26074,28.96
$IMU,26883.446,8.728,1.281,-1.892,0.04199,0.93896,0.25878,28.96
$MAG,26883.447,-0.189,-0.493,-0.666,27.7
$IMU,26883.449,8.911,0.976,-3.723,0.04443,0.93359,0.26123,28.96
$IMU,26883.451,10.986,2.685,-5.554,0.04492,0.93066,0.26269,28.93
$IMU,26883.453,12.268,3.967,-6.835,0.03173,0.93945,0.26123,28.93
$IMU,26883.456,11.779,3.540,-9.216,0.05371,0.92333,0.30029,28.93
$MAG,26883.457,-0.190,-0.489,-0.672,27.7
$IMU,26883.458,11.108,4.394,-11.352,0.07910,0.92431,0.30322,28.93
$IMU,26883.461,12.329,7.019,-11.901,0.07568,0.92431,0.29345,28.93
$IMU,26883.463,11.352,7.446,-12.573,0.07470,0.90576,0.29882,28.93
$IMU,26883.465,11.169,7.446,-13.488,0.07177,0.89306,0.30664,28.93
$MAG,26883.467,-0.181,-0.496,-0.675,27.7
$IMU,26883.468,12.084,7.568,-13.366,0.05859,0.90820,0.30126,28.93
$BARO,26883.469,86857.75,28.78
$IMU,26883.470,11.718,6.225,-13.183,0.05859,0.91992,0.31542,28.94
$IMU,26883.472,10.559,5.554,-14.282,0.08300,0.90966,0.32324,28.94
$IMU,26883.475,10.314,6.225,-14.709,0.09912,0.89208,0.32031,28.94
$MAG,26883.477,-0.180,-0.484,-0.670,27.6
$IMU,26883.477,8.666,6.530,-14.465,0.10253,0.87646,0.34130,28.94
$IMU,26883.479,6.774,7.995,-14.587,0.09814,0.86376,0.34863,28.94
$IMU,26883.482,5.737,9.704,-14.831,0.09179,0.85205,0.33740,28.94
$IMU,26883.484,4.821,10.009,-14.404,0.08593,0.85107,0.32226,28.94
$IMU,26883.486,3.356,9.643,-13.793,0.09570,0.83154,0.31591,28.94
$MAG,26883.487,-0.175,-0.487,-0.664,27.8
$IMU,26883.489,2.624,9.704,-12.512,0.08935,0.85351,0.30468,28.96
$IMU,26883.491,2.380,10.009,-10.131,0.06787,0.88671,0.27978,28.96
$IMU,26883.493,1.464,9.460,-7.873,0.07324,0.86621,0.27539,28.96
$IMU,26883.496,1.220,9.216,-6.042,0.06835,0.87451,0.27294,28.96
$MAG,26883.497,-0.180,-0.483,-0.657,27.8
$IMU,26883.498,2.807,8.972,-4.028,0.04833,0.89892,0.26123,28.96
$IMU,26883.500,3.845,8.789,-3.051,0.05371,0.92773,0.25097,28.96
$IMU,26883.503,5.249,9.033,-2.441,0.06054,0.94775,0.24267,28.96
$IMU,26883.505,6.164,8.300,-1.525,0.03906,0.92626,0.24804,28.96
$MAG,26883.507,-0.175,-0.496,-0.663,27.8
$IMU,26883.507,6.958,7.202,-0.122,0.02783,0.90966,0.25146,28.96
$IMU,26883.510,9.033,7.263,1.831,0.02490,0.92333,0.24267,28.96
$IMU,26883.512,10.253,6.042,3.601,0.03173,0.93457,0.23974,28.96
$IMU,26883.514,11.169,5.310,4.516,0.02343,0.98046,0.24414,28.96
$IMU,26883.517,11.413,5.554,6.042,0.01660,1.01123,0.25927,28.96
$MAG,26883.518,-0.177,-0.484,-0.658,27.6
$IMU,26883.519,9.826,4.150,7.019,0.01611,1.02099,0.27880,28.96
$IMU,26883.521,9.338,3.784,7.507,0.03320,1.01953,0.29199,28.96
$IMU,26883.524,8.850,4.333,7.385,0.04052,1.00244,0.29492,28.96
$IMU,26883.526,8.728,4.272,6.652,0.05224,0.97119,0.31201,28.95
$MAG,26883.528,-0.181,-0.487,-0.657,27.6
$IMU,26883.529,9.826,3.662,5.615,0.05566,0.96093,0.32080,28.95
$IMU,26883.531,11.047,2.868,4.882,0.04980,0.95214,0.33154,28.95
$IMU,26883.533,11.901,2.563,4.760,0.05029,0.95800,0.32666,28.95
$IMU,26883.536,11.535,1.953,5.554,0.05371,0.95214,0.32324,28.95
$MAG,26883.538,-0.183,-0.490,-0.663,27.8
$IMU,26883.538,10.986,1.525,6.835,0.07031,0.96435,0.31787,28.95
$IMU,26883.540,10.986,0.793,8.605,0.07714,0.97070,0.32421,28.95
$IMU,26883.543,9.887,0.793,10.437,0.04150,0.96777,0.33447,28.95
$IMU,26883.545,9.582,1.953,10.864,0.05029,0.93750,0.31982,28.96
$IMU,26883.547,8.728,1.159,9.521,0.03808,0.90478,0.30664,28.96
$MAG,26883.548,-0.186,-0.486,-0.660,27.8
$IMU,26883.550,9.521,0.488,8.728,0.06347,0.89746,0.29150,28.96
$IMU,26883.552,11.962,0.000,8.056,0.06347,0.90039,0.28710,28.96
$IMU,26883.554,14.526,-0.244,7.385,0.05566,0.91503,0.28662,28.96
$IMU,26883.557,16.784,-0.244,6.530,0.03466,0.93798,0.28222,28.96
$MAG,26883.558,-0.177,-0.501,-0.649,27.8
$IMU,26883.559,18.859,0.000,6.652,0.00048,0.96777,0.30029,28.96
$IMU,26883.561,19.470,0.488,7.263,-0.04833,0.94433,0.29199,28.96
$IMU,26883.564,18.920,0.305,10.131,-0.01025,0.89013,0.32910,28.94
$IMU,26883.566,20.629,0.061,6.286,0.08447,0.94726,0.30810,28.94
$MAG,26883.568,-0.181,-0.499,-0.657,27.7
$IMU,26883.568,21.911,-0.671,-0.976,0.10009,1.02539,0.31640,28.94
$BARO,26883.570,86859.82,28.77
$IMU,26883.571,21.301,-1.098,-7.751,0.08837,1.02539,0.34033,28.94
$IMU,26883.573,20.812,0.549,-12.268,0.04931,0.97802,0.33740,28.94
$IMU,26883.575,21.179,1.892,-14.099,0.02294,0.92822,0.31152,28.94
$IMU,26883.578,22.155,1.953,-14.160,0.02246,0.89599,0.29638,28.94
$MAG,26883.578,-0.175,-0.495,-0.657,27.7
$IMU,26883.580,22.888,1.770,-13.427,0.03906,0.88378,0.28759,28.94
$IMU,26883.582,23.193,1.708,-12.878,0.06054,0.90380,0.27636,28.92
$IMU,26883.585,22.949,2.319,-13.244,0.06103,0.92285,0.27197,28.92
$IMU,26883.587,21.606,2.807,-13.793,0.06103,0.92431,0.27636,28.92
$MAG,26883.588,-0.171,-0.489,-0.643,27.6
$IMU,26883.590,19.836,3.234,-14.160,0.04638,0.90429,0.28906,28.92
$IMU,26883.592,17.761,4.089,-14.709,0.04492,0.91992,0.28857,28.92
$IMU,26883.594,15.930,4.272,-14.770,0.05712,0.93652,0.29443,28.92
$IMU,26883.597,15.197,4.577,-14.953,0.05175,0.95849,0.29785,28.92
$MAG,26883.598,-0.180,-0.492,-0.657,27.7
$IMU,26883.599,13.610,4.394,-15.075,0.08105,0.92480,0.29394,28.92
$IMU,26883.601,13.854,4.882,-12.634,0.06103,0.95068,0.27050,28.93
$IMU,26883.604,13.549,3.417,-10.742,0.05908,0.96142,0.25244,28.93
$IMU,26883.606,13.244,2.624,-9.643,0.05322,0.97119,0.25292,28.93
$MAG,26883.608,-0.181,-0.496,-0.655,27.7
$IMU,26883.608,12.512,2.258,-9.826,0.06494,0.97656,0.26025,28.93
$IMU,26883.611,11.474,3.112,-10.375,0.06005,0.94970,0.27392,28.93
$IMU,26883.613,9.521,4.638,-11.291,0.03662,0.93261,0.26660,28.93
$IMU,26883.615,8.056,4.455,-11.962,0.04980,0.95312,0.24414,28.93
$MAG,26883.618,-0.168,-0.492,-0.651,27.8
$IMU,26883.618,8.972,3.234,-11.718,0.06250,0.95751,0.25488,28.93
$IMU,26883.620,9.948,1.525,-11.901,0.06298,0.95263,0.28076,28.94
$IMU,26883.622,10.437,-0.122,-12.390,0.07958,0.95166,0.30712,28.94
$IMU,26883.625,11.474,-0.061,-12.268,0.06787,0.95166,0.30175,28.94
$IMU,26883.627,11.901,-1.220,-11.901,0.06347,0.93994,0.29736,28.94
$MAG,26883.629,-0.177,-0.489,-0.651,27.7
$IMU,26883.629,11.901,-3.051,-11.779,0.05664,0.92871,0.30419,28.94
$IMU,26883.632,12.634,-4.821,-10.864,0.07763,0.93896,0.29394,28.94
$IMU,26883.634,13.244,-5.432,-9.277,0.08349,0.96093,0.27880,28.94
$IMU,26883.636,12.817,-7.019,-8.666,0.08642,0.97460,0.28076,28.94
$MAG,26883.639,-0.165,-0.487,-0.655,27.7
$IMU,26883.639,13.732,-7.446,-8.178,0.06787,0.98388,0.28613,28.95
$IMU,26883.641,13.854,-7.934,-8.117,0.04833,0.97900,0.28320,28.95
$IMU,26883.643,15.380,-8.483,-8.117,0.03369,0.98437,0.28173,28.95
$IMU,26883.646,16.662,-8.789,-8.178,0.02441,0.97802,0.28125,28.95
$IMU,26883.648,17.700,-8.972,-8.789,0.03857,0.95068,0.26513,28.95
$MAG,26883.649,-0.168,-0.498,-0.649,27.7
$IMU,26883.651,20.324,-8.056,-8.605,0.02441,0.96923,0.23974,28.95
$IMU,26883.653,21.606,-8.483,-9.582,0.03173,0.96582,0.23193,28.95
$IMU,26883.655,23.193,-7.568,-10.314,0.04052,0.95751,0.22216,28.95
$IMU,26883.658,24.780,-6.347,-11.230,0.02490,0.93750,0.21337,28.97
$MAG,26883.659,-0.181,-0.499,-0.649,27.8
$IMU,26883.660,26.611,-5.126,-11.535,0.01757,0.91503,0.20654,28.97
$IMU,26883.662,28.747,-4.333,-11.352,0.01318,0.92382,0.18945,28.97
$IMU,26883.665,30.456,-4.272,-11.779,0.02539,0.91406,0.19824,28.97
$IMU,26883.667,32.348,-3.479,-11.901,0.04785,0.91357,0.20263,28.97
$MAG,26883.669,-0.177,-0.487,-0.645,27.7
$IMU,26883.669,34.301,-2.441,-11.840,0.03271,0.93164,0.20214,28.97
$BARO,26883.672,86865.06,28.77
$IMU,26883.672,34.912,-2.197,-12.634,0.03906,0.93603,0.21142,28.97
$IMU,26883.674,34.851,1.220,-13.244,0.03076,0.92773,0.22216,28.97
$IMU,26883.676,34.851,1.708,-14.465,0.05468,0.93750,0.23632,28.92
$MAG,26883.679,-0.178,-0.498,-0.636,27.6
$IMU,26883.679,33.752,2.380,-15.075,0.04541,0.94238,0.23730,28.92
$IMU,26883.681,33.325,1.586,-15.930,0.03906,0.95166,0.23437,28.92
$IMU,26883.683,33.325,2.319,-16.235,0.05468,0.94531,0.22509,28.92
$IMU,26883.686,33.508,4.211,-15.930,0.05078,0.95214,0.22314,28.92
$IMU,26883.688,33.874,3.662,-15.441,0.04589,0.96435,0.20898,28.92
$MAG,26883.689,-0.168,-0.501,-0.640,27.8
$IMU,26883.690,34.667,3.967,-14.343,0.04248,0.95556,0.20605,28.92
$IMU,26883.693,36.499,4.699,-13.183,0.04345,0.96142,0.19433,28.92
$IMU,26883.695,36.621,3.601,-13.000,0.04541,0.96484,0.20068,28.98
$IMU,26883.697,35.522,4.150,-13.183,0.04492,0.97363,0.21826,28.98
$MAG,26883.699,-0.171,-0.496,-0.640,27.7
$IMU,26883.700,34.118,5.676,-14.099,0.03173,0.97900,0.22363,28.98
$IMU,26883.702,32.226,6.591,-15.136,0.01855,0.98291,0.22167,28.98
$IMU,26883.704,30.456,7.324,-15.686,0.00439,0.97656,0.21484,28.98
$IMU,26883.707,29.174,8.361,-16.052,0.02294,0.96484,0.20947,28.98
$MAG,26883.709,-0.165,-0.495,-0.633,27.7
$IMU,26883.709,28.625,8.605,-15.991,0.00537,0.98291,0.20507,28.98
$IMU,26883.712,26.977,8.972,-15.319,0.01708,1.00146,0.19677,28.98
$IMU,26883.714,26.184,9.338,-14.465,0.03320,0.99462,0.18896,28.98
$IMU,26883.716,26.794,9.277,-13.671,0.03076,0.97900,0.19873,28.98
$MAG,26883.719,-0.163,-0.499,-0.627,27.7
$IMU,26883.719,26.611,9.155,-13.732,0.01562,0.95703,0.21923,28.98
$IMU,26883.721,24.963,9.582,-14.282,0.01269,0.93652,0.20507,28.98
$IMU,26883.723,23.193,8.605,-14.648,0.02783,0.96484,0.18701,28.98
$IMU,26883.726,22.521,6.652,-14.892,0.02880,0.98339,0.20117,28.98
$IMU,26883.728,21.484,5.187,-15.441,0.03320,0.97900,0.21582,28.98
$MAG,26883.729,-0.163,-0.501,-0.624,27.6
$IMU,26883.730,20.141,3.845,-15.869,0.03564,0.96972,0.23339,28.98
$IMU,26883.733,18.554,2.258,-15.930,0.03662,0.97119,0.24121,28.95
$IMU,26883.735,16.540,1.159,-15.441,0.03808,0.98535,0.24414,28.95
$IMU,26883.737,14.099,0.061,-14.953,0.04296,1.00195,0.24023,28.95
$MAG,26883.740,-0.159,-0.502,-0.628,27.6
$IMU,26883.740,12.023,-1.220,-14.465,0.05664,1.00927,0.22949,28.95
$IMU,26883.742,10.192,-2.319,-13.916,0.05126,0.99267,0.22265,28.95
$IMU,26883.744,8.300,-3.173,-13.671,0.04833,0.98437,0.20947,28.95
$IMU,26883.747,6.164,-3.662,-13.366,0.04589,0.96142,0.19140,28.95
$IMU,26883.749,3.723,-4.089,-12.939,0.05224,0.95410,0.15527,28.95
$MAG,26883.750,-0.153,-0.499,-0.630,27.8
$IMU,26883.751,1.525,-5.310,-12.329,0.04199,0.95605,0.14501,28.95
$IMU,26883.754,-0.183,-6.713,-11.779,0.04785,0.95703,0.14355,28.95
$IMU,26883.756,-1.403,-7.629,-10.803,0.04150,0.95947,0.14257,28.95
$IMU,26883.758,-2.441,-8.483,-10.314,0.03955,0.95458,0.14501,28.95
$MAG,26883.760,-0.162,-0.496,-0.621,27.7
$IMU,26883.761,-3.723,-9.155,-10.009,0.03808,0.94580,0.15136,28.95
$IMU,26883.763,-4.882,-9.643,-10.009,0.04394,0.94140,0.15966,28.95
$IMU,26883.765,-6.225,-10.070,-9.765,0.04785,0.93212,0.16503,28.95
$IMU,26883.768,-7.629,-10.375,-9.399,0.04589,0.92578,0.17480,28.95
$MAG,26883.770,-0.160,-0.502,-0.636,28.1
$IMU,26883.770,-9.338,-10.498,-9.094,0.03759,0.92187,0.19042,28.96
$BARO,26883.773,86861.77,28.78
$IMU,26883.773,-11.047,-10.375,-8.911,0.04638,0.93554,0.19042,28.96
$IMU,26883.775,-12.145,-10.498,-8.239,0.05029,0.94726,0.18359,28.96
$IMU,26883.777,-12.939,-10.620,-7.995,0.05224,0.95458,0.18457,28.96
$MAG,26883.780,-0.153,-0.496,-0.630,27.7
$IMU,26883.780,-13.610,-10.681,-8.239,0.04736,0.95361,0.18603,28.96
$IMU,26883.782,-14.465,-10.192,-8.666,0.04882,0.94970,0.17187,28.96
$IMU,26883.784,-15.197,-9.948,-9.155,0.05175,0.94042,0.16943,28.96
$IMU,26883.787,-15.197,-9.582,-9.277,0.04345,0.92089,0.16943,28.96
$IMU,26883.789,-14.831,-8.850,-9.094,0.04101,0.91943,0.16503,28.94
$MAG,26883.790,-0.162,-0.493,-0.624,27.8
$IMU,26883.791,-14.343,-8.178,-9.338,0.03466,0.92724,0.16552,28.94
$IMU,26883.794,-13.793,-7.934,-9.582,0.03369,0.93457,0.17089,28.94
$IMU,26883.796,-13.549,-7.446,-9.948,0.03369,0.94238,0.17333,28.94
$IMU,26883.798,-13.488,-6.958,-10.314,0.03173,0.93994,0.17919,28.94
$MAG,26883.800,-0.157,-0.490,-0.634,27.7
$IMU,26883.801,-13.244,-6.713,-10.375,0.02929,0.93847,0.18066,28.94
$IMU,26883.803,-13.061,-6.347,-10.375,0.02392,0.94140,0.18457,28.94
$IMU,26883.805,-12.634,-6.225,-10.681,0.02685,0.94873,0.18603,28.94
$IMU,26883.808,-12.573,-6.042,-11.352,0.02880,0.95166,0.18994,28.95
$MAG,26883.810,-0.159,-0.490,-0.630,27.7
$IMU,26883.810,-12.573,-5.798,-11.901,0.02636,0.95019,0.19677,28.95
$IMU,26883.812,-12.817,-5.493,-12.329,0.02148,0.94482,0.19873,28.95
$IMU,26883.815,-13.244,-4.516,-12.451,0.02441,0.95019,0.20019,28.95
$IMU,26883.817,-13.488,-3.540,-12.573,0.02050,0.95556,0.19628,28.95
$IMU,26883.819,-13.244,-2.746,-12.634,0.02050,0.96191,0.18701,28.95
$MAG,26883.820,-0.159,-0.490,-0.636,28.1
$IMU,26883.822,-12.512,-2.319,-12.878,0.01611,0.96630,0.18652,28.95
$IMU,26883.824,-11.291,-1.892,-13.244,0.01269,0.96386,0.18310,28.95
$IMU,26883.826,-9.948,-1.281,-13.732,0.01123,0.95410,0.18066,28.94
$IMU,26883.829,-8.361,-0.488,-14.099,0.00830,0.94531,0.17041,28.94
$MAG,26883.830,-0.151,-0.490,-0.628,27.6
$IMU,26883.831,-5.981,0.305,-14.526,0.00244,0.94677,0.14550,28.94
$IMU,26883.834,-1.464,0.976,-15.563,0.00683,0.95849,0.18652,28.94
$IMU,26883.836,-2.807,3.906,-15.686,0.02783,0.92529,0.20507,28.94
$IMU,26883.838,-3.173,2.563,-15.502,-0.03076,0.92382,0.12451,28.94
$MAG,26883.840,-0.150,-0.501,-0.639,27.7
$IMU,26883.841,-0.732,0.549,-14.709,-0.02148,0.91894,0.14453,28.94
$IMU,26883.843,1.281,0.305,-14.099,-0.01269,0.93945,0.17236,28.94
$IMU,26883.845,2.563,0.427,-14.282,-0.00341,0.93945,0.19189,28.94
$IMU,26883.848,3.112,1.281,-13.793,-0.01074,0.94580,0.19921,28.94
$HUM,26883.849,34.3,29.2
$IMU,26883.850,2.990,1.708,-13.366,-0.02636,0.97119,0.20214,28.94
$MAG,26883.851,-0.142,-0.498,-0.634,27.7
$IMU,26883.852,2.014,1.403,-13.549,-0.02490,0.97119,0.21337,28.94
$IMU,26883.855,1.647,1.403,-13.549,-0.01806,0.97265,0.21972,28.94
$IMU,26883.857,0.854,1.647,-13.549,-0.01562,0.98339,0.22070,28.94
$IMU,26883.859,0.000,1.464,-13.488,-0.00537,0.98974,0.21386,28.94
$MAG,26883.861,-0.156,-0.496,-0.628,27.8
$IMU,26883.862,-0.732,1.342,-13.305,-0.00781,0.97949,0.20605,28.94
$IMU,26883.864,-1.281,1.220,-13.061,-0.00585,0.97363,0.20166,28.91
$IMU,26883.866,-1.892,0.793,-12.634,-0.00781,0.96386,0.19482,28.91
$IMU,26883.869,-2.441,0.488,-12.084,-0.01367,0.95556,0.18652,28.91
$MAG,26883.871,-0.150,-0.499,-0.633,27.6
$IMU,26883.871,-2.868,0.061,-11.535,-0.01855,0.94580,0.18701,28.91
$IMU,26883.873,-3.417,-0.244,-11.230,-0.02587,0.94628,0.18603,28.91
$BARO,26883.875,86867.40,28.78
$IMU,26883.876,-4.150,-0.488,-10.803,-0.03369,0.95068,0.18652,28.91
$IMU,26883.878,-4.638,-0.915,-10.131,-0.02636,0.95410,0.19042,28.91
$IMU,26883.880,-4.943,-1.159,-9.521,-0.02246,0.96533,0.19189,28.91
$MAG,26883.881,-0.138,-0.489,-0.631,27.6
$IMU,26883.883,-5.126,-1.403,-9.338,-0.02294,0.97607,0.19482,28.92
$IMU,26883.885,-5.249,-1.464,-9.277,-0.02246,0.98193,0.19287,28.92
$IMU,26883.887,-5.249,-1.403,-9.338,-0.02099,0.98876,0.18994,28.92
$IMU,26883.890,-5.249,-1.220,-9.277,-0.01953,0.97851,0.18505,28.92
$MAG,26883.891,-0.144,-0.495,-0.634,27.6
$IMU,26883.892,-5.310,-1.220,-9.155,-0.01464,0.96972,0.18408,28.92
$IMU,26883.895,-5.432,-1.281,-8.789,-0.00585,0.96435,0.19531,28.92
$IMU,26883.897,-5.126,-1.098,-8.300,-0.00097,0.96679,0.20117,28.92
$IMU,26883.899,-4.943,-1.098,-7.812,-0.00537,0.96923,0.20800,28.92
$MAG,26883.901,-0.145,-0.484,-0.630,27.7
$IMU,26883.902,-4.760,-1.159,-7.385,-0.01025,0.97656,0.21289,28.95
$IMU,26883.904,-4.882,-0.915,-7.019,-0.01171,0.97851,0.21533,28.95
$IMU,26883.906,-5.065,-1.159,-6.774,-0.00927,0.97851,0.21484,28.95
$IMU,26883.909,-5.126,-1.159,-6.591,-0.01367,0.97705,0.21533,28.95
$MAG,26883.911,-0.144,-0.486,-0.642,27.7
$IMU,26883.911,-4.943,-1.342,-6.408,-0.02050,0.97607,0.21777,28.95
$IMU,26883.913,-4.455,-1.770,-6.225,-0.02490,0.96826,0.22021,28.95
$IMU,26883.916,-3.356,-2.258,-5.737,-0.02148,0.96972,0.22021,28.95
$IMU,26883.918,-1.770,-2.685,-4.882,-0.01464,0.97119,0.22265,28.95
$IMU,26883.920,0.122,-3.051,-4.211,-0.01171,0.97460,0.23681,28.99
$MAG,26883.921,-0.154,-0.489,-0.633,27.6
$IMU,26883.923,1.220,-2.807,-4.089,-0.03222,0.94726,0.24902,28.99
$IMU,26883.925,0.366,-1.831,-4.516,-0.04052,0.94824,0.23632,28.99
$IMU,26883.927,-0.610,-2.197,-3.967,-0.01660,0.99511,0.21777,28.99
$IMU,26883.930,-0.061,-3.662,-3.173,-0.01757,1.01123,0.23144,28.99
$MAG,26883.931,-0.153,-0.490,-0.630,27.6
$IMU,26883.932,0.366,-4.211,-3.662,-0.01904,1.01220,0.24316,28.99
$IMU,26883.934,0.915,-4.516,-4.333,-0.02978,0.98974,0.24755,28.99
$IMU,26883.937,1.403,-4.882,-4.760,-0.03808,0.97460,0.24853,28.99
$IMU,26883.939,1.403,-5.004,-4.943,-0.03857,0.96826,0.25146,28.95
$MAG,26883.941,-0.157,-0.493,-0.636,27.7
$IMU,26883.941,1.220,-4.821,-5.187,-0.03759,0.97119,0.25195,28.95
$IMU,26883.944,0.915,-4.577,-5.554,-0.03662,0.97656,0.25244,28.95
$IMU,26883.946,0.732,-4.333,-5.554,-0.03369,0.98046,0.24853,28.95
$IMU,26883.948,1.037,-4.211,-5.249,-0.03906,0.98681,0.24072,28.95
$MAG,26883.951,-0.141,-0.484,-0.643,27.7
$IMU,26883.951,1.342,-4.333,-5.065,-0.04394,0.98828,0.23583,28.95
$IMU,26883.953,1.464,-4.272,-5.065,-0.04443,0.98291,0.22949,28.95
$IMU,26883.955,1.403,-3.906,-5.126,-0.04882,0.97900,0.22705,28.95
$IMU,26883.958,1.159,-3.479,-5.126,-0.04785,0.97265,0.22265,28.94
$IMU,26883.960,0.915,-2.929,-4.943,-0.05224,0.97509,0.22021,28.94
$MAG,26883.962,-0.150,-0.481,-0.631,27.7
$IMU,26883.963,0.793,-2.746,-4.760,-0.04785,0.97070,0.22021,28.94
$IMU,26883.965,0.915,-2.685,-4.577,-0.03466,0.97802,0.21191,28.94
$IMU,26883.967,1.953,-3.112,-4.028,-0.05517,0.98046,0.22851,28.94
$IMU,26883.970,1.525,-2.380,-4.821,-0.05664,0.97167,0.24609,28.94
$MAG,26883.972,-0.150,-0.492,-0.642,27.7
$IMU,26883.972,0.000,-0.915,-5.493,-0.05322,0.97412,0.24072,28.94
$IMU,26883.974,-2.014,0.366,-5.615,-0.06884,0.98242,0.23583,28.94
$BARO,26883.976,86858.94,28.78
$IMU,26883.977,-3.112,0.854,-5.310,-0.04150,1.00390,0.23291,28.91
$IMU,26883.979,-3.356,-0.122,-5.493,-0.03222,1.02734,0.24414,28.91
$IMU,26883.981,-3.906,-0.305,-6.225,-0.01562,1.02587,0.26074,28.91
$MAG,26883.982,-0.141,-0.481,-0.643,27.7
$IMU,26883.984,-4.028,0.000,-6.652,-0.01953,1.01025,0.26708,28.91
$IMU,26883.986,-3.967,0.061,-6.408,-0.02685,0.99316,0.26708,28.91
$IMU,26883.988,-3.906,-0.061,-5.981,-0.03320,0.98535,0.26562,28.91
$IMU,26883.991,-3.845,-0.061,-5.432,-0.02685,0.98486,0.26025,28.91
$MAG,26883.992,-0.145,-0.487,-0.637,27.7
$IMU,26883.993,-3.967,0.122,-5.004,-0.02636,0.99072,0.25781,28.91
$IMU,26883.995,-4.211,0.122,-4.699,-0.03320,1.00000,0.25146,28.92
$IMU,26883.998,-4.455,0.122,-4.272,-0.03271,1.00146,0.25048,28.92
$IMU,26884.000,-4.516,-0.061,-3.845,-0.03369,1.00830,0.24902,28.92
$MAG,26884.002,-0.144,-0.492,-0.637,27.7
$IMU,26884.002,-4.333,-0.427,-3.540,-0.03417,1.00830,0.24804,28.92
$IMU,26884.005,-4.028,-0.610,-3.356,-0.04052,1.00292,0.24609,28.92
$IMU,26884.007,-3.479,-0.915,-3.051,-0.04199,0.99023,0.24951,28.92
$IMU,26884.009,-2.685,-1.464,-2.929,-0.04101,0.98583,0.24707,28.92
$MAG,26884.012,-0.142,-0.477,-0.648,27.7
$IMU,26884.012,-1.647,-1.953,-2.746,-0.04248,0.97607,0.23925,28.92
$IMU,26884.014,-0.488,-2.563,-2.441,-0.04443,0.97021,0.23828,28.93
$IMU,26884.016,0.610,-3.417,-2.319,-0.04833,0.97216,0.24121,28.93
$IMU,26884.019,1.708,-3.662,-2.441,-0.04785,0.97509,0.24267,28.93
$IMU,26884.021,2.563,-3.601,-2.380,-0.04638,0.97998,0.24609,28.93
$MAG,26884.022,-0.148,-0.484,-0.637,27.7
$IMU,26884.024,3.356,-3.356,-2.319,-0.04443,0.98730,0.25097,28.93
$IMU,26884.026,4.028,-3.295,-2.258,-0.04101,0.98974,0.25341,28.93
$IMU,26884.028,4.455,-3.112,-2.319,-0.04150,0.99169,0.25781,28.93
$IMU,26884.031,4.638,-2.929,-2.319,-0.04003,0.98730,0.26562,28.93
$MAG,26884.032,-0.144,-0.480,-0.636,27.7
$IMU,26884.033,4.516,-2.502,-2.136,-0.03271,0.97851,0.26953,28.97
$IMU,26884.035,4.882,-2.380,-1.586,-0.02294,0.97900,0.27294,28.97
$IMU,26884.038,5.249,-2.685,-1.342,-0.04589,0.97265,0.28710,28.97
$IMU,26884.040,4.516,-2.624,-1.770,-0.02978,0.98046,0.28613,28.97
$MAG,26884.042,-0.145,-0.484,-0.642,27.7
$IMU,26884.042,4.150,-2.624,-1.342,-0.02880,0.99169,0.27734,28.97
$IMU,26884.045,3.906,-2.624,-0.854,-0.02832,0.99267,0.26855,28.97
$IMU,26884.047,3.723,-2.807,-0.671,-0.02783,0.99755,0.26513,28.97
$IMU,26884.049,3.234,-2.868,-0.549,-0.02734,1.00634,0.25830,28.97
$MAG,26884.052,-0.144,-0.492,-0.639,27.6
$IMU,26884.052,2.502,-2.990,-0.244,-0.02832,1.01171,0.25341,28.93
$IMU,26884.054,1.647,-3.234,-0.061,-0.02880,1.02050,0.25976,28.93
$IMU,26884.056,0.732,-3.173,0.122,-0.02929,1.01855,0.26757,28.93
$IMU,26884.059,-0.366,-2.746,0.183,-0.03076,1.01562,0.27490,28.93
$IMU,26884.061,-1.464,-2.624,0.183,-0.03173,1.00830,0.27294,28.93
$MAG,26884.063,-0.136,-0.492,-0.637,27.7
$IMU,26884.063,-2.258,-2.990,0.183,-0.02685,1.00830,0.27734,28.93
$IMU,26884.066,-3.051,-3.051,0.305,-0.02246,1.00830,0.27880,28.93
$IMU,26884.068,-3.601,-2.990,0.549,-0.02099,1.01171,0.27783,28.93
$IMU,26884.070,-3.967,-3.601,0.671,-0.01953,1.01562,0.27392,28.90
$MAG,26884.073,-0.145,-0.478,-0.643,27.7
$IMU,26884.073,-4.272,-3.723,1.037,-0.01855,1.01904,0.27441,28.90
$IMU,26884.075,-4.455,-3.723,0.976,-0.02441,1.02148,0.27392,28.90
$IMU,26884.077,-4.455,-3.906,0.671,-0.03613,1.01513,0.27685,28.90
$BARO,26884.077,86864.60,28.78
$IMU,26884.080,-4.272,-3.967,0.366,-0.03759,1.01123,0.27539,28.90
$IMU,26884.082,-3.540,-4.028,0.305,-0.03515,1.01220,0.27587,28.90
$MAG,26884.083,-0.145,-0.484,-0.646,27.7
$IMU,26884.085,-2.990,-4.150,0.000,-0.03662,1.00927,0.26855,28.90
$IMU,26884.087,-2.502,-3.967,-0.366,-0.02978,1.01025,0.26464,28.90
$IMU,26884.089,-2.014,-3.784,-0.915,-0.03759,1.00244,0.25537,28.89
$IMU,26884.092,-1.586,-3.723,-1.586,-0.04003,0.99462,0.24804,28.89
$MAG,26884.093,-0.148,-0.481,-0.640,27.7
$IMU,26884.094,-1.159,-3.417,-2.136,-0.03906,0.99267,0.24316,28.89
$IMU,26884.096,-0.793,-3.112,-2.502,-0.04248,0.98828,0.24023,28.89
$IMU,26884.099,-0.732,-2.685,-2.868,-0.04345,0.97753,0.23828,28.89
$IMU,26884.101,-0.366,-2.563,-3.173,-0.04199,0.97851,0.23730,28.89
$MAG,26884.103,-0.144,-0.486,-0.645,27.8
$IMU,26884.103,0.427,-2.685,-3.173,-0.03906,0.97607,0.23583,28.89
$IMU,26884.106,1.403,-2.746,-3.051,-0.03857,0.98046,0.23535,28.89
$IMU,26884.108,2.258,-2.746,-3.112,-0.03369,0.98779,0.23974,28.99
$IMU,26884.110,2.929,-2.441,-3.112,-0.03271,0.99121,0.24414,28.99
$MAG,26884.113,-0.150,-0.486,-0.639,27.7
$IMU,26884.113,3.601,-2.075,-3.112,-0.02929,0.98974,0.23974,28.99
$IMU,26884.115,4.272,-1.708,-2.990,-0.03466,0.99023,0.22949,28.99
$IMU,26884.117,4.943,-1.159,-3.051,-0.03564,0.98583,0.22412,28.99
$IMU,26884.120,5.310,-0.610,-3.051,-0.03417,0.98095,0.21875,28.99
$IMU,26884.122,5.493,-0.061,-2.990,-0.03515,0.98242,0.21679,28.99
$MAG,26884.123,-0.138,-0.481,-0.637,27.7
$IMU,26884.124,5.615,0.488,-3.051,-0.03710,0.98291,0.22119,28.99
$IMU,26884.127,5.920,0.732,-3.051,-0.03417,0.97949,0.23242,28.95
$IMU,26884.129,5.981,1.159,-3.234,-0.02734,0.98291,0.23779,28.95
$IMU,26884.131,6.225,1.586,-3.234,-0.02197,0.98339,0.24023,28.95
$MAG,26884.133,-0.139,-0.487,-0.648,27.7
$IMU,26884.134,6.408,2.075,-3.295,-0.01757,0.98632,0.23730,28.95
$IMU,26884.136,6.591,2.624,-3.479,-0.02148,0.97949,0.22998,28.95
$IMU,26884.138,6.591,3.051,-3.540,-0.03320,0.98144,0.23144,28.95
$IMU,26884.141,6.469,3.112,-3.479,-0.03662,0.98828,0.22900,28.95
$MAG,26884.143,-0.145,-0.486,-0.634,27.7
$IMU,26884.143,6.103,2.868,-3.173,-0.03759,0.98583,0.23291,28.95
$IMU,26884.146,5.554,2.868,-2.807,-0.03173,0.98876,0.23388,28.94
$IMU,26884.148,4.882,3.356,-2.624,-0.03417,0.99267,0.24169,28.94
$IMU,26884.150,4.150,3.601,-2.685,-0.03857,0.99121,0.24462,28.94
$MAG,26884.153,-0.142,-0.493,-0.633,28.0
$IMU,26884.153,3.601,3.723,-2.746,-0.03759,0.98144,0.24267,28.94
$IMU,26884.155,2.929,3.784,-2.502,-0.03955,0.98193,0.24316,28.94
$IMU,26884.157,2.441,3.601,-2.380,-0.04638,0.98583,0.23828,28.94
$IMU,26884.160,2.075,3.662,-2.319,-0.04980,0.97802,0.23730,28.94
$IMU,26884.162,1.770,3.417,-2.258,-0.05273,0.97412,0.23876,28.94
$MAG,26884.163,-0.150,-0.489,-0.642,27.6
$IMU,26884.164,1.708,3.051,-2.197,-0.05273,0.97412,0.23876,28.95
$IMU,26884.167,1.953,2.624,-2.075,-0.05517,0.97412,0.24121,28.95
$IMU,26884.169,2.075,2.502,-2.075,-0.05078,0.97705,0.23535,28.95
$IMU,26884.171,2.014,2.502,-2.136,-0.04931,0.98095,0.23339,28.95
$IMU,26884.174,2.075,2.624,-2.258,-0.04492,0.97558,0.23388,28.95
$MAG,26884.174,-0.145,-0.483,-0.630,27.7
$IMU,26884.176,2.136,2.807,-2.441,-0.04492,0.96923,0.23242,28.95
$IMU,26884.178,2.258,3.051,-2.441,-0.04736,0.96435,0.23193,28.95
$BARO,26884.179,86869.23,28.78
$IMU,26884.181,2.258,3.234,-2.441,-0.04833,0.96386,0.22119,28.95
$IMU,26884.183,1.953,3.540,-2.441,-0.04785,0.96923,0.21875,28.95
$MAG,26884.184,-0.139,-0.483,-0.640,27.7
$IMU,26884.185,1.464,3.845,-2.380,-0.04492,0.97998,0.22119,28.95
$IMU,26884.188,0.854,4.028,-2.319,-0.04296,0.98876,0.22558,28.95
$IMU,26884.190,-0.061,4.272,-2.319,-0.03955,0.99169,0.23193,28.95
$IMU,26884.192,-0.976,4.394,-2.075,-0.03320,0.98876,0.23876,28.95
$MAG,26884.194,-0.147,-0.486,-0.643,27.7
$IMU,26884.195,-1.831,4.516,-2.075,-0.02832,0.98925,0.23144,28.95
$IMU,26884.197,-2.563,4.455,-2.075,-0.02441,0.98925,0.23291,28.95
$IMU,26884.199,-2.563,4.333,-1.953,-0.02685,0.98144,0.23193,28.95
$IMU,26884.202,-2.258,4.028,-1.831,-0.03320,0.97705,0.22607,28.94
$MAG,26884.204,-0.142,-0.483,-0.640,27.6
$IMU,26884.204,-1.831,3.723,-1.647,-0.03662,0.97656,0.21679,28.94
$IMU,26884.207,-1.647,3.723,-1.403,-0.03710,0.97802,0.21728,28.94
$IMU,26884.209,-1.464,3.845,-1.281,-0.03613,0.98291,0.22021,28.94
$IMU,26884.211,-0.732,3.845,-0.854,-0.02099,0.98779,0.20605,28.94
$MAG,26884.214,-0.138,-0.484,-0.639,28.1
$IMU,26884.214,0.915,3.173,0.183,-0.02539,0.98095,0.22070,28.94
$IMU,26884.216,1.525,2.990,0.122,-0.02685,0.97363,0.24414,28.94
$IMU,26884.218,1.281,4.455,-0.061,-0.02880,0.96533,0.24609,28.94
$IMU,26884.221,0.549,5.798,-0.122,-0.08154,0.95458,0.26269,28.92
$IMU,26884.223,-0.793,8.117,0.000,-0.06201,0.95898,0.24658,28.92
$MAG,26884.224,-0.141,-0.483,-0.634,28.0
$IMU,26884.225,-0.671,7.568,1.647,-0.01416,0.98486,0.20996,28.92
$IMU,26884.228,-0.671,4.882,0.549,-0.00585,1.03613,0.22119,28.92
$IMU,26884.230,-1.037,4.455,-1.342,-0.00781,1.03222,0.25341,28.92
$IMU,26884.232,-1.159,4.943,-2.319,-0.02148,1.00976,0.24951,28.92
$MAG,26884.234,-0.145,-0.484,-0.637,27.8
$IMU,26884.235,-1.525,5.187,-2.441,-0.03125,0.98144,0.24072,28.92
$IMU,26884.237,-1.525,5.493,-2.075,-0.03466,0.96191,0.23193,28.92
$IMU,26884.239,-0.976,5.737,-1.831,-0.02978,0.95849,0.23535,28.92
$IMU,26884.242,-0.244,5.859,-1.953,-0.02441,0.96435,0.23535,28.92
$MAG,26884.244,-0.142,-0.484,-0.634,27.7
$IMU,26884.244,0.427,6.103,-2.258,-0.02978,0.97363,0.23828,28.92
$IMU,26884.246,1.037,6.347,-2.746,-0.02880,0.97607,0.23486,28.92
$TIME,26884.249,510792.000,2399
$IMU,26884.249,1.525,6.835,-3.051,-0.02685,0.98193,0.23779,28.92
$IMU,26884.251,2.075,7.141,-3.173,-0.03271,0.98291,0.24072,28.92
$IMU,26884.253,2.685,7.141,-3.112,-0.03271,0.97314,0.24609,28.92
$MAG,26884.254,-0.142,-0.478,-0.637,27.7
$IMU,26884.256,3.112,7.202,-3.295,-0.03222,0.97509,0.25488,28.92
$IMU,26884.258,3.112,7.080,-3.662,-0.03271,0.97705,0.26757,28.93
$IMU,26884.260,2.868,7.263,-4.089,-0.02880,0.98095,0.27685,28.93
$IMU,26884.263,2.685,7.385,-4.333,-0.01855,0.98291,0.27734,28.93
$MAG,26884.264,-0.144,-0.496,-0.640,27.7
$IMU,26884.265,2.441,7.507,-4.638,-0.02148,0.98095,0.27246,28.93
$IMU,26884.268,2.563,7.385,-4.882,-0.03027,0.97412,0.27392,28.93
$IMU,26884.270,2.868,6.835,-4.943,-0.03271,0.96826,0.27294,28.93
$IMU,26884.272,3.479,6.164,-4.760,-0.03320,0.96679,0.27734,28.93
$MAG,26884.274,-0.145,-0.489,-0.645,27.6
$IMU,26884.275,3.723,5.798,-4.638,-0.03076,0.97070,0.27880,28.93
$IMU,26884.277,3.845,5.310,-4.760,-0.02929,0.98242,0.27539,28.92
$IMU,26884.279,3.906,5.126,-4.943,-0.02685,0.98486,0.28173,28.92
$BARO,26884.280,86866.55,28.78
$IMU,26884.282,3.784,5.065,-5.187,-0.02148,0.98242,0.28271,28.92
$IMU,26884.284,3.662,4.943,-5.371,-0.02587,0.97216,0.28173,28.92
$MAG,26884.285,-0.141,-0.483,-0.639,27.7
$IMU,26884.286,3.601,4.943,-5.371,-0.03222,0.97021,0.28710,28.92
$IMU,26884.289,3.234,4.943,-5.249,-0.02783,0.96972,0.27929,28.92
$IMU,26884.291,2.868,4.821,-5.004,-0.02343,0.96826,0.27636,28.92
$IMU,26884.293,2.502,4.943,-4.821,-0.02392,0.96972,0.27392,28.92
$MAG,26884.295,-0.139,-0.487,-0.631,27.7
$IMU,26884.296,2.075,4.943,-4.577,-0.03173,0.97460,0.26855,28.94
$IMU,26884.298,1.525,5.126,-4.516,-0.03417,0.97851,0.26708,28.94
$IMU,26884.300,1.098,5.004,-4.455,-0.03466,0.97753,0.26513,28.94
$VBAT,26884.301,4.119
$IMU,26884.303,0.610,4.821,-4.211,-0.03320,0.98388,0.26611,28.94
$MAG,26884.305,-0.138,-0.484,-0.634,27.8
$IMU,26884.305,0.366,4.699,-3.967,-0.02734,0.98632,0.26806,28.94
$IMU,26884.307,0.488,4.516,-3.845,-0.02392,0.98779,0.26660,28.94
$IMU,26884.310,0.671,4.272,-3.601,-0.02246,0.99121,0.26464,28.94
$IMU,26884.312,0.732,3.845,-3.356,-0.01953,0.99609,0.26953,28.94
$IMU,26884.314,0.793,3.417,-3.112,-0.02539,0.99121,0.27148,28.96
$MAG,26884.315,-0.139,-0.483,-0.631,27.6
$IMU,26884.317,0.488,3.173,-3.112,-0.02685,0.99121,0.28027,28.96
$IMU,26884.319,-0.183,2.990,-3.112,-0.02246,0.99072,0.29003,28.96
$IMU,26884.321,-0.854,2.807,-3.112,-0.02490,0.99023,0.30126,28.96
$IMU,26884.324,-1.464,2.807,-3.051,-0.03076,0.99072,0.29833,28.96
$MAG,26884.325,-0.142,-0.487,-0.636,27.7
$IMU,26884.326,-2.014,2.563,-3.051,-0.02832,0.98828,0.29638,28.96
$IMU,26884.329,-2.441,2.258,-2.929,-0.02587,0.98779,0.28955,28.96
$IMU,26884.331,-2.746,2.075,-2.807,-0.02636,0.99365,0.28515,28.96
$IMU,26884.333,-2.746,1.586,-2.746,-0.02783,0.98925,0.27832,28.94
$MAG,26884.335,-0.136,-0.487,-0.628,27.7
$IMU,26884.336,-2.380,1.159,-2.746,-0.03515,0.97558,0.27148,28.94
$IMU,26884.338,-1.831,0.793,-2.807,-0.03906,0.96679,0.26953,28.94
$IMU,26884.340,-1.098,0.610,-3.112,-0.04492,0.96582,0.26464,28.94
$IMU,26884.343,-0.610,0.488,-3.356,-0.04394,0.96630,0.25781,28.94
$MAG,26884.345,-0.139,-0.484,-0.627,27.6
$IMU,26884.345,-0.305,0.793,-3.295,-0.03710,0.97216,0.25048,28.94
$IMU,26884.347,0.061,1.098,-3.051,-0.03857,0.98144,0.24658,28.94
$IMU,26884.350,0.549,1.464,-2.685,-0.04541,0.98681,0.24218,28.94
$IMU,26884.352,1.281,1.403,-2.624,-0.04589,0.98925,0.24365,28.94
$IMU,26884.354,1.770,1.586,-2.563,-0.04199,0.99462,0.24853,28.94
$MAG,26884.355,-0.135,-0.483,-0.639,27.7
$IMU,26884.357,2.014,1.708,-2.624,-0.04101,0.99365,0.25537,28.94
$IMU,26884.359,2.258,1.647,-2.685,-0.03808,0.99365,0.26025,28.94
$IMU,26884.361,2.624,1.647,-2.685,-0.04150,0.99072,0.25683,28.94
$IMU,26884.364,3.173,1.342,-2.807,-0.04003,0.98486,0.25585,28.94
$MAG,26884.365,-0.121,-0.484,-0.633,27.7
$IMU,26884.366,3.784,0.854,-2.929,-0.03710,0.98339,0.25292,28.94
$IMU,26884.368,4.211,0.488,-2.990,-0.03857,0.98242,0.25195,28.94
$IMU,26884.371,4.394,0.549,-3.051,-0.04003,0.98876,0.25341,28.95
$IMU,26884.373,4.760,0.305,-3.051,-0.04003,0.99462,0.25683,28.95
$MAG,26884.375,-0.138,-0.487,-0.628,27.7
$IMU,26884.375,4.882,0.305,-3.173,-0.04101,0.99511,0.25585,28.95
$IMU,26884.378,5.004,0.244,-3.295,-0.04248,0.98925,0.25488,28.95
$IMU,26884.380,4.943,0.427,-3.417,-0.04101,0.98583,0.25195,28.95
$BARO,26884.382,86862.06,28.78
$IMU,26884.382,4.699,0.549,-3.723,-0.04296,0.98583,0.25488,28.95
$MAG,26884.385,-0.139,-0.483,-0.640,27.7
$IMU,26884.385,4.028,1.037,-3.906,-0.04150,0.98583,0.25781,28.95
$IMU,26884.387,3.540,1.403,-4.150,-0.04150,0.98779,0.26171,28.95
$IMU,26884.389,3.173,1.586,-4.333,-0.04101,0.99511,0.26025,28.90
$IMU,26884.392,3.112,1.464,-4.394,-0.03662,0.99365,0.26025,28.90
$IMU,26884.394,3.234,1.037,-4.333,-0.03759,0.99121,0.25927,28.90
$MAG,26884.396,-0.133,-0.486,-0.631,27.7
$IMU,26884.397,3.356,0.854,-4.150,-0.03759,0.98779,0.25634,28.90
$IMU,26884.399,3.417,0.610,-4.089,-0.03906,0.98632,0.25341,28.90
$IMU,26884.401,3.540,0.427,-3.906,-0.04052,0.98388,0.24609,28.90
$IMU,26884.404,3.662,0.549,-3.601,-0.04638,0.98242,0.23144,28.90
$MAG,26884.406,-0.138,-0.487,-0.631,27.6
$IMU,26884.406,3.723,0.549,-3.356,-0.04882,0.97998,0.22363,28.90
$IMU,26884.408,3.845,0.366,-3.051,-0.04833,0.98144,0.22265,28.97
$IMU,26884.411,3.906,0.488,-2.868,-0.05078,0.98144,0.21972,28.97
$IMU,26884.413,4.089,0.427,-2.807,-0.05224,0.97753,0.21972,28.97
$IMU,26884.415,4.028,0.732,-2.685,-0.05078,0.97753,0.21875,28.97
$MAG,26884.416,-0.133,-0.480,-0.634,27.7
$IMU,26884.418,4.028,0.671,-2.746,-0.04687,0.98095,0.22070,28.97
$IMU,26884.420,3.967,0.671,-2.807,-0.04882,0.98291,0.21533,28.97
$IMU,26884.422,3.967,0.610,-2.807,-0.04248,0.98144,0.21533,28.97
$IMU,26884.425,3.967,0.488,-2.685,-0.04101,0.98583,0.21435,28.97
$MAG,26884.426,-0.133,-0.483,-0.631,27.8
$IMU,26884.427,4.028,0.244,-2.441,-0.04345,0.98291,0.21777,28.93
$IMU,26884.429,4.272,-0.183,-2.136,-0.04150,0.97949,0.21875,28.93
$IMU,26884.432,4.394,-0.366,-1.892,-0.03710,0.97949,0.22021,28.93
$IMU,26884.434,4.455,-0.488,-1.586,-0.03515,0.99023,0.21923,28.93
$MAG,26884.436,-0.130,-0.486,-0.628,28.0
$IMU,26884.436,4.333,-0.610,-1.403,-0.03417,0.99023,0.22265,28.93
$IMU,26884.439,3.906,-0.671,-1.220,-0.03222,0.98632,0.22656,28.93
$IMU,26884.441,3.356,-0.610,-1.098,-0.03515,0.98730,0.23437,28.93
$IMU,26884.443,2.685,-0.793,-1.281,-0.03857,0.98242,0.24121,28.93
$MAG,26884.446,-0.132,-0.487,-0.627,27.8
$IMU,26884.446,1.892,-0.732,-1.464,-0.04101,0.97802,0.24707,28.95
$IMU,26884.448,0.976,-0.549,-1.586,-0.03857,0.97851,0.25097,28.95
$IMU,26884.450,0.183,-0.366,-1.647,-0.03613,0.97802,0.24511,28.95
$IMU,26884.453,-0.366,-0.366,-1.586,-0.03906,0.98291,0.24169,28.95
$IMU,26884.455,-0.915,-0.305,-1.647,-0.03808,0.97656,0.24121,28.95
$MAG,26884.456,-0.129,-0.492,-0.631,27.7
$IMU,26884.458,-1.342,0.000,-1.708,-0.04052,0.97802,0.23925,28.95
$IMU,26884.460,-1.892,0.183,-1.708,-0.04345,0.98681,0.23535,28.95
$IMU,26884.462,-2.258,0.366,-1.708,-0.03417,0.99365,0.23193,28.95
$IMU,26884.465,-2.441,0.671,-1.525,-0.02929,0.99267,0.23388,28.93
$MAG,26884.466,-0.135,-0.480,-0.625,27.8
$IMU,26884.467,-2.502,0.732,-1.403,-0.03515,0.99072,0.23583,28.93
$IMU,26884.469,-2.197,0.610,-1.159,-0.03808,0.98828,0.23632,28.93
$IMU,26884.472,-2.136,0.732,-0.915,-0.03857,0.98925,0.23730,28.93
$IMU,26884.474,-2.014,0.671,-0.854,-0.03906,0.99365,0.23828,28.93
$MAG,26884.476,-0.130,-0.486,-0.628,27.7
$IMU,26884.476,-2.136,0.549,-0.915,-0.03906,0.99511,0.23974,28.93
$IMU,26884.479,-2.197,0.610,-0.854,-0.04443,0.99267,0.24072,28.93
$IMU,26884.481,-2.197,0.610,-0.976,-0.04687,0.99072,0.23925,28.93
$BARO,26884.483,86863.06,28.78
$IMU,26884.483,-2.197,0.732,-0.915,-0.04931,0.98730,0.23388,28.93
$MAG,26884.486,-0.129,-0.481,-0.624,27.7
$IMU,26884.486,-2.075,0.549,-0.854,-0.04736,0.98046,0.22900,28.93
$IMU,26884.488,-1.770,0.366,-0.915,-0.04589,0.97998,0.22314,28.93
$IMU,26884.490,-1.342,0.305,-1.220,-0.04687,0.97363,0.21630,28.93
$IMU,26884.493,-0.976,0.305,-1.647,-0.04492,0.96875,0.21484,28.93
$IMU,26884.495,-0.854,0.732,-1.953,-0.05468,0.96289,0.20800,28.93
$MAG,26884.496,-0.133,-0.489,-0.625,27.7
$IMU,26884.497,-0.549,1.159,-2.197,-0.06054,0.96582,0.20947,28.93
$IMU,26884.500,-0.061,1.281,-2.258,-0.05029,0.97412,0.20507,28.93
$IMU,26884.502,0.488,1.220,-2.136,-0.04785,0.98291,0.20703,28.97
$IMU,26884.504,0.976,1.586,-2.319,-0.04785,0.98974,0.21386,28.97
$MAG,26884.507,-0.145,-0.483,-0.636,27.7
$IMU,26884.507,0.976,1.770,-2.441,-0.04931,0.99121,0.22070,28.97
$IMU,26884.509,0.610,1.953,-2.563,-0.04687,0.99218,0.23437,28.97
$IMU,26884.511,0.183,1.770,-2.746,-0.04833,0.98388,0.24169,28.97
$IMU,26884.514,-0.183,1.708,-2.807,-0.04882,0.98095,0.24414,28.97
$IMU,26884.516,-0.305,1.403,-2.685,-0.04687,0.97998,0.24365,28.97
$MAG,26884.517,-0.132,-0.486,-0.634,27.6
$IMU,26884.519,-0.305,1.037,-2.624,-0.04882,0.97753,0.24121,28.97
$IMU,26884.521,-0.183,0.610,-2.563,-0.04736,0.97705,0.23632,28.97
$IMU,26884.523,0.000,0.183,-2.441,-0.04248,0.98046,0.23242,28.97
$IMU,26884.526,-0.061,-0.122,-2.441,-0.03662,0.97460,0.23291,28.97
$MAG,26884.527,-0.129,-0.493,-0.631,27.7
$IMU,26884.528,-0.061,-0.183,-2.319,-0.04492,0.97509,0.23486,28.97
$IMU,26884.530,0.061,-0.122,-2.441,-0.04443,0.98388,0.23486,28.97
$IMU,26884.533,0.183,-0.183,-2.563,-0.04589,0.98046,0.23388,28.97
$IMU,26884.535,0.061,0.000,-2.563,-0.04638,0.97900,0.22998,28.97
$MAG,26884.537,-0.127,-0.493,-0.624,27.7
$IMU,26884.537,0.183,-0.244,-2.197,-0.04736,0.98828,0.23632,28.97
$IMU,26884.540,-0.061,-0.122,-1.770,-0.04687,1.00048,0.24658,28.95
$IMU,26884.542,-0.488,0.122,-1.464,-0.04443,1.00976,0.24707,28.95
$IMU,26884.544,-0.854,0.610,-1.464,-0.04541,1.00683,0.24414,28.95
$MAG,26884.547,-0.126,-0.483,-0.624,27.7
$IMU,26884.547,-0.793,0.732,-1.525,-0.04882,0.99609,0.23535,28.95
$IMU,26884.549,-0.366,0.671,-1.281,-0.05175,0.98681,0.23095,28.95
$IMU,26884.551,0.061,0.488,-1.037,-0.05712,0.98291,0.22753,28.95
$IMU,26884.554,0.610,0.244,-0.854,-0.05615,0.97607,0.22753,28.95
$IMU,26884.556,0.976,0.183,-0.854,-0.05224,0.98242,0.22802,28.95
$MAG,26884.557,-0.129,-0.480,-0.624,28.0
$IMU,26884.558,1.037,0.305,-0.976,-0.05322,0.98242,0.22949,28.96
$IMU,26884.561,1.098,0.427,-1.098,-0.05029,0.98144,0.22998,28.96
$IMU,26884.563,1.159,0.793,-1.342,-0.05371,0.97851,0.23095,28.96
$IMU,26884.565,1.159,0.854,-1.403,-0.05664,0.98095,0.22753,28.96
$MAG,26884.567,-0.133,-0.486,-0.624,27.7
$IMU,26884.568,0.854,1.220,-1.403,-0.05371,0.98583,0.22705,28.96
$IMU,26884.570,0.488,1.342,-1.464,-0.05126,0.98876,0.22705,28.96
$IMU,26884.572,-0.061,1.464,-1.525,-0.04687,0.99658,0.23242,28.96
$IMU,26884.575,-0.549,1.770,-1.770,-0.04687,0.99169,0.24072,28.96
$MAG,26884.577,-0.130,-0.480,-0.624,27.6
$IMU,26884.577,-0.976,1.892,-1.770,-0.04980,0.98632,0.24609,28.93
$IMU,26884.580,-1.098,2.075,-1.953,-0.05273,0.99316,0.24804,28.93
$IMU,26884.582,-1.037,1.892,-2.075,-0.05468,0.99365,0.24365,28.93
$IMU,26884.584,-0.854,1.403,-2.258,-0.05517,0.98681,0.24316,28.93
$BARO,26884.585,86862.72,28.78
$MAG,26884.587,-0.133,-0.487,-0.630,27.8
$IMU,26884.587,-0.732,1.098,-2.319,-0.05615,0.98388,0.24316,28.93
$IMU,26884.589,-0.732,1.037,-2.502,-0.05615,0.98828,0.24023,28.93
$IMU,26884.591,-0.671,1.037,-2.563,-0.05810,0.98828,0.23388,28.93
$IMU,26884.594,-0.610,0.854,-2.624,-0.05810,0.97998,0.23095,28.93
$IMU,26884.596,-0.488,0.915,-2.746,-0.06103,0.98437,0.22802,28.96
$MAG,26884.597,-0.129,-0.487,-0.625,27.7
$IMU,26884.598,-0.488,0.793,-2.624,-0.06103,0.98632,0.22656,28.96
$IMU,26884.601,-0.427,0.793,-2.441,-0.05712,0.98925,0.22607,28.96
$IMU,26884.603,-0.549,0.915,-2.136,-0.06054,0.99267,0.22900,28.96
$IMU,26884.605,-0.610,0.915,-1.953,-0.05517,1.00000,0.22802,28.96
$MAG,26884.607,-0.130,-0.486,-0.630,27.7
$IMU,26884.608,-0.854,0.976,-1.831,-0.05273,0.99951,0.23388,28.96
$IMU,26884.610,-0.915,0.671,-1.708,-0.05126,0.99560,0.23535,28.96
$IMU,26884.612,-0.122,0.366,-1.037,-0.04101,0.98779,0.22851,28.96
$IMU,26884.615,0.366,0.061,-0.976,-0.07617,0.97460,0.24267,28.93
$IMU,26884.617,-1.220,0.671,-1.831,-0.05322,0.97998,0.23437,28.93
$MAG,26884.618,-0.133,-0.483,-0.631,27.8
$IMU,26884.619,-1.770,1.098,-1.586,-0.05419,0.98925,0.22998,28.93
$IMU,26884.622,-1.525,0.915,-1.098,-0.05566,0.99804,0.23242,28.93
$IMU,26884.624,-1.281,0.366,-0.793,-0.04980,0.99365,0.23779,28.93
$IMU,26884.626,-0.915,0.305,-0.549,-0.04687,0.98779,0.24218,28.93
$MAG,26884.628,-0.126,-0.486,-0.624,27.8
$IMU,26884.629,-0.793,0.305,-0.183,-0.04785,0.98193,0.24511,28.93
$IMU,26884.631,-0.915,0.488,0.305,-0.04882,0.98632,0.24755,28.93
$IMU,26884.633,-0.854,0.488,0.732,-0.04687,0.98535,0.25048,28.92
$IMU,26884.636,-0.732,0.732,0.915,-0.04785,0.98486,0.24804,28.92
$MAG,26884.638,-0.129,-0.487,-0.630,28.0
$IMU,26884.638,-0.549,0.915,1.159,-0.05078,0.98583,0.24804,28.92
$IMU,26884.641,-0.549,1.098,1.342,-0.05078,0.99316,0.25048,28.92
$IMU,26884.643,-0.610,0.976,1.586,-0.04785,0.99658,0.25488,28.92
$IMU,26884.645,-1.037,1.159,1.770,-0.04394,0.99560,0.25927,28.92
$MAG,26884.648,-0.130,-0.483,-0.631,27.6
$IMU,26884.648,-1.342,1.098,1.708,-0.04150,0.99414,0.27001,28.92
$IMU,26884.650,-1.464,0.976,1.708,-0.04541,0.99462,0.27197,28.92
$IMU,26884.652,-1.342,0.854,1.770,-0.04638,0.99365,0.27490,28.99
$IMU,26884.655,-1.159,0.671,1.770,-0.04736,0.99951,0.27099,28.99
$IMU,26884.657,-1.220,0.671,1.831,-0.05126,0.99902,0.26562,28.99
$MAG,26884.658,-0.123,-0.484,-0.627,27.8
$IMU,26884.659,-1.281,0.732,1.953,-0.05224,0.99951,0.25830,28.99
$IMU,26884.662,-1.220,0.671,1.953,-0.05224,1.00048,0.25439,28.99
$IMU,26884.664,-1.098,0.732,1.770,-0.04980,0.99316,0.25244,28.99
$IMU,26884.666,-0.793,1.159,1.464,-0.05419,0.99023,0.25048,28.99
$MAG,26884.668,-0.129,-0.489,-0.636,27.7
$IMU,26884.669,-0.549,1.647,0.915,-0.05761,0.98828,0.25244,28.99
$IMU,26884.671,-0.427,2.014,0.366,-0.05468,0.98486,0.25146,28.98
$IMU,26884.673,-0.366,2.502,-0.061,-0.06005,0.98095,0.25048,28.98
