$FLYS,1
$VAR,FIRMWARE_VER,v2024.12.30
$VAR,DEVICE_ID,0017003b3253501720373657
$VAR,SESSION_ID,5dbc5c019ed5ae142cc9e287
$COL,BARO,time,pressure,temperature
$UNIT,BARO,s,Pa,deg C
$COL,HUM,time,humidity,temperature
$UNIT,HUM,s,percent,deg C
$COL,MAG,time,x,y,z,temperature
$UNIT,MAG,s,gauss,gauss,gauss,deg C
$COL,IMU,time,wx,wy,wz,ax,ay,az,temperature
$UNIT,IMU,s,deg/s,deg/s,deg/s,g,g,g,deg C
$COL,TIME,time,tow,week
$UNIT,TIME,s,s,
$COL,VBAT,time,voltage
$UNIT,VBAT,s,volt
$DATA
$IMU,26885.645,7.385,-23.681,-30.395,0.69238,0.36767,-0.12841,27.95
$IMU,26885.647,-10.192,-9.521,-13.916,0.82031,0.50000,-0.11279,27.95
$IMU,26885.650,-3.723,-0.610,2.868,0.79199,0.58300,-0.05419,27.95
$IMU,26885.652,3.417,-0.427,-4.394,0.72851,0.64794,-0.02099,27.95
$IMU,26885.655,10.070,1.220,-20.996,0.63916,0.65136,-0.01025,27.95
$IMU,26885.657,13.854,15.014,-29.907,0.55566,0.63378,-0.02050,27.95
$IMU,26885.659,14.770,31.921,-32.958,0.54736,0.66552,-0.00341,27.95
$IMU,26885.662,15.563,48.828,-33.935,0.47998,0.67919,-0.04736,28.54
$IMU,26885.664,28.625,43.457,-65.002,0.44091,0.70019,-0.09228,28.54
$IMU,26885.666,41.076,36.071,-90.454,0.42041,0.72363,-0.15722,28.54
$IMU,26885.669,44.982,38.391,-94.360,0.45312,0.76660,-0.17919,28.54
$IMU,26885.671,48.034,37.841,-94.787,0.49755,0.83789,-0.21044,28.54
$IMU,26885.673,49.133,34.484,-91.857,0.53808,0.90185,-0.27197,28.54
$IMU,26885.676,47.790,27.282,-87.036,0.59375,0.96191,-0.34814,28.54
$IMU,26885.678,44.494,18.005,-79.772,0.64843,1.02148,-0.40380,28.54
$IMU,26885.680,39.978,7.385,-71.960,0.70214,1.03515,-0.44677,28.58
$IMU,26885.683,35.705,-5.187,-62.011,0.76220,1.02441,-0.48437,28.58
$IMU,26885.685,29.418,-16.418,-43.518,0.82763,1.02294,-0.49853,28.58
$IMU,26885.687,31.799,-30.090,-34.606,0.75878,0.94775,-0.55224,28.58
$IMU,26885.690,42.419,-47.485,-30.944,0.64013,0.83447,-0.56103,28.58
$IMU,26885.692,57.922,-63.964,-29.418,0.52734,0.83593,-0.49462,28.58
$IMU,26885.694,69.824,-77.697,-28.930,0.46093,0.88964,-0.43115,28.58
$IMU,26885.697,73.669,-87.890,-27.770,0.42724,0.92138,-0.38720,28.58
$IMU,26885.699,70.922,-93.933,-24.475,0.41943,0.94335,-0.34521,28.58
$IMU,26885.702,65.856,-97.351,-19.836,0.40332,0.95556,-0.29296,28.58
$IMU,26885.704,60.607,-98.510,-15.930,0.37207,0.98632,-0.24462,28.58
$IMU,26885.706,56.274,-98.022,-13.061,0.34423,1.01220,-0.19873,28.58
$IMU,26885.709,53.222,-96.191,-10.437,0.31787,1.02783,-0.16992,28.58
$IMU,26885.711,51.330,-93.994,-8.056,0.29492,1.04687,-0.15429,28.58
$IMU,26885.713,49.865,-90.881,-6.103,0.27636,1.06542,-0.16210,28.58
$IMU,26885.716,49.072,-87.585,-3.845,0.25341,1.07275,-0.17480,28.58
$IMU,26885.718,49.133,-84.045,-1.708,0.23437,1.07275,-0.19091,28.61
$IMU,26885.720,50.170,-79.589,-0.061,0.21142,1.06494,-0.20312,28.61
$IMU,26885.723,52.062,-74.707,0.915,0.18896,1.05712,-0.21044,28.61
$IMU,26885.725,53.833,-69.396,1.159,0.17285,1.04882,-0.21484,28.61
$IMU,26885.727,55.236,-64.208,0.305,0.16113,1.03857,-0.22607,28.61
$IMU,26885.730,56.396,-59.570,-1.464,0.14355,1.03710,-0.23095,28.61
$IMU,26885.732,56.884,-55.480,-3.662,0.13134,1.04199,-0.22216,28.61
$IMU,26885.734,55.908,-50.598,-5.981,0.12646,1.03320,-0.21044,28.61
$IMU,26885.737,53.771,-44.372,-7.995,0.12451,1.02392,-0.20605,28.62
$IMU,26885.739,51.635,-37.231,-9.216,0.12109,1.01513,-0.20605,28.62
$IMU,26885.741,50.231,-29.235,-10.375,0.12304,1.01660,-0.21093,28.62
$IMU,26885.744,49.926,-20.568,-11.657,0.11767,1.02734,-0.22167,28.62
$IMU,26885.746,51.208,-12.634,-12.573,0.09667,1.04199,-0.24169,28.62
$IMU,26885.748,54.016,-6.713,-13.305,0.06054,1.08105,-0.23632,28.62
$IMU,26885.751,56.884,-2.197,-14.526,0.01611,1.12353,-0.20312,28.62
$IMU,26885.753,59.448,-0.122,-15.747,-0.04394,1.15673,-0.18603,28.62
$IMU,26885.755,61.706,-1.831,-16.479,-0.10644,1.19726,-0.15625,28.59
$IMU,26885.758,62.072,-5.004,-17.333,-0.15039,1.22607,-0.08447,28.59
$IMU,26885.760,59.875,-8.850,-17.578,-0.18457,1.23388,-0.07763,28.59
$IMU,26885.763,56.030,-14.221,-17.089,-0.19677,1.24072,-0.01953,28.59
$IMU,26885.765,49.804,-19.226,-15.991,-0.20703,1.21044,-0.04736,28.59
$IMU,26885.767,44.006,-26.123,-14.831,-0.20410,1.18798,-0.03320,28.59
$IMU,26885.770,37.292,-29.968,-14.160,-0.16943,1.15625,-0.03955,28.59
$IMU,26885.772,30.517,-32.043,-13.427,-0.13964,1.12353,-0.09326,28.59
$IMU,26885.774,25.146,-33.020,-13.366,-0.11621,1.08740,-0.13232,28.64
$BARO,26885.777,86864.33,28.75
$IMU,26885.777,21.057,-30.822,-14.221,-0.07128,1.06347,-0.15478,28.64
$IMU,26885.779,18.554,-25.817,-14.953,-0.03808,1.03173,-0.21289,28.64
$IMU,26885.781,18.981,-20.263,-15.197,-0.01318,1.02050,-0.25634,28.64
$MAG,26885.784,-0.559,-0.523,-0.471,26.0
$IMU,26885.784,21.972,-14.282,-15.441,-0.00439,1.01123,-0.28125,28.64
$IMU,26885.786,27.099,-8.789,-15.441,0.00390,1.00341,-0.30224,28.64
$IMU,26885.788,33.569,-4.272,-15.136,-0.00097,0.99804,-0.32031,28.64
$IMU,26885.791,40.527,-1.770,-14.526,-0.01074,0.99560,-0.33251,28.64
$IMU,26885.793,47.546,-1.281,-13.610,-0.03027,0.99707,-0.33789,28.63
$MAG,26885.794,-0.558,-0.528,-0.477,27.3
$IMU,26885.795,54.016,-2.807,-12.512,-0.05078,1.00244,-0.33447,28.63
$IMU,26885.798,60.058,-5.798,-11.535,-0.07080,1.00878,-0.33105,28.63
$IMU,26885.800,65.734,-9.765,-10.925,-0.09521,1.02050,-0.31689,28.63
$IMU,26885.802,71.166,-13.854,-10.437,-0.12011,1.02294,-0.30078,28.63
$MAG,26885.804,-0.558,-0.528,-0.477,27.3
$IMU,26885.805,76.049,-16.418,-10.620,-0.13720,1.03027,-0.27880,28.63
$IMU,26885.807,80.749,-15.991,-11.596,-0.16943,1.02685,-0.27148,28.63
$IMU,26885.809,87.036,-17.028,-12.329,-0.51464,0.86523,-0.34228,28.63
$IMU,26885.812,98.327,-26.672,-12.390,-0.58496,0.85791,-0.32031,28.68
$MAG,26885.814,-0.555,-0.519,-0.468,27.3
$IMU,26885.814,108.947,-34.179,-16.418,-0.58251,1.01025,-0.24072,28.68
$IMU,26885.816,113.830,-38.696,-21.667,-0.54687,1.12646,-0.25048,28.68
$IMU,26885.819,112.121,-40.893,-26.794,-0.44921,1.20898,-0.24902,28.68
$IMU,26885.821,106.933,-42.663,-30.761,-0.36962,1.21533,-0.23388,28.68
$HUM,26885.822,34.6,29.2
$IMU,26885.823,102.416,-46.325,-33.142,-0.28564,1.20117,-0.21728,28.68
$MAG,26885.824,-0.549,-0.523,-0.441,27.6
$IMU,26885.826,99.365,-51.025,-34.423,-0.21142,1.20507,-0.19775,28.68
$IMU,26885.828,96.923,-56.152,-34.362,-0.13964,1.20263,-0.18359,28.68
$IMU,26885.831,93.872,-58.837,-33.935,-0.04443,1.20507,-0.16943,28.62
$IMU,26885.833,90.209,-58.288,-33.386,0.01025,1.18212,-0.16650,28.62
$MAG,26885.834,-0.552,-0.528,-0.448,27.6
$IMU,26885.835,86.425,-54.321,-33.020,0.11767,1.18994,-0.14794,28.62
$IMU,26885.838,81.787,-44.799,-33.630,0.15136,1.17871,-0.14306,28.62
$IMU,26885.840,78.002,-33.752,-33.325,0.11914,1.11914,-0.16845,28.62
$IMU,26885.842,76.477,-22.583,-32.470,0.09082,1.10986,-0.15625,28.62
$MAG,26885.844,-0.543,-0.529,-0.438,27.5
$IMU,26885.845,76.171,-11.901,-32.043,0.07861,1.17382,-0.12646,28.62
$IMU,26885.847,74.707,-2.197,-31.921,0.08007,1.24267,-0.10742,28.62
$IMU,26885.849,70.922,5.737,-25.573,0.57031,1.97998,-0.01611,28.64
$IMU,26885.852,46.081,-11.535,78.063,0.46972,2.96679,0.26513,28.64
$MAG,26885.854,-0.550,-0.531,-0.427,27.5
$IMU,26885.854,24.963,-39.550,178.100,-0.31884,2.66845,0.04687,28.64
$IMU,26885.856,51.940,-54.565,217.651,-0.15527,1.79248,0.10449,28.64
$IMU,26885.859,72.570,-64.575,238.952,-0.10546,2.00781,0.26123,28.64
$IMU,26885.861,71.411,-63.903,233.581,0.14062,1.34423,0.23144,28.64
$IMU,26885.863,69.458,-52.734,197.204,0.39648,1.37597,0.38476,28.64
$MAG,26885.864,-0.574,-0.516,-0.418,27.6
$IMU,26885.866,55.603,-15.625,121.826,1.14550,2.70654,0.03564,28.64
$IMU,26885.868,50.598,2.075,7.995,0.89111,2.55468,-0.07421,28.63
$IMU,26885.870,42.297,2.685,-81.481,0.47070,1.18994,0.00439,28.63
$IMU,26885.873,38.330,-0.671,-82.092,0.61816,0.50292,-0.04345,28.63
$MAG,26885.874,-0.576,-0.514,-0.417,27.5
$IMU,26885.875,48.217,2.807,-19.409,0.21826,1.09326,-0.11865,28.63
$IMU,26885.877,44.738,4.394,10.192,0.09082,1.47802,-0.13818,28.63
$BARO,26885.879,86868.30,28.75
$IMU,26885.880,34.118,3.662,11.901,0.13183,1.58740,-0.20166,28.63
$IMU,26885.882,20.385,1.464,0.793,0.12890,1.70214,-0.19580,28.63
$IMU,26885.884,9.643,-0.976,-1.281,0.11523,1.49755,-0.14550,28.63
$MAG,26885.885,-0.561,-0.520,-0.412,27.5
$IMU,26885.887,0.244,-2.258,3.295,0.10351,1.58349,-0.03564,28.65
$IMU,26885.889,-5.981,-2.380,0.671,-0.00585,1.37304,-0.07519,28.65
$IMU,26885.892,-4.272,-2.441,-0.427,0.01513,1.33105,-0.08447,28.65
$IMU,26885.894,-1.586,-2.319,-3.662,0.06738,1.27099,-0.08544,28.65
$MAG,26885.895,-0.565,-0.523,-0.423,27.6
$IMU,26885.896,-1.525,-1.098,-4.394,0.00390,1.21777,-0.09960,28.65
$IMU,26885.899,-4.028,-0.244,-0.305,-0.00097,1.17285,-0.09326,28.65
$IMU,26885.901,-9.582,-0.366,3.479,-0.06298,1.13378,-0.09667,28.65
$IMU,26885.903,-15.808,-0.732,4.821,-0.06738,1.10742,-0.09423,28.65
$MAG,26885.905,-0.570,-0.511,-0.417,27.5
$IMU,26885.906,-22.827,-0.915,5.676,-0.04736,1.14111,-0.09326,28.67
$IMU,26885.908,-29.296,-0.976,4.577,-0.04882,1.07910,-0.09912,28.67
$IMU,26885.910,-34.423,-0.793,4.577,-0.03027,1.07812,-0.10205,28.67
$IMU,26885.913,-37.597,-0.732,6.896,-0.00585,1.04785,-0.11230,28.67
$MAG,26885.915,-0.565,-0.519,-0.424,27.5
$IMU,26885.915,-38.574,-0.671,9.460,0.00390,0.99365,-0.10546,28.67
$IMU,26885.917,-39.611,-0.610,10.375,-0.00439,0.97607,-0.09863,28.67
$IMU,26885.920,-40.527,-0.610,9.765,-0.01318,0.91894,-0.11132,28.67
$IMU,26885.922,-41.198,-0.488,10.009,-0.02441,0.87158,-0.11767,28.67
$IMU,26885.924,-38.513,0.000,13.671,0.04980,0.78466,-0.28417,28.69
$MAG,26885.925,-0.570,-0.513,-0.426,27.5
$IMU,26885.927,-24.597,-3.295,22.216,0.07714,0.85107,-0.35400,28.69
$IMU,26885.929,-9.460,-4.943,26.550,0.09765,0.93994,-0.36914,28.69
$IMU,26885.931,4.028,-4.577,26.000,0.09863,0.88671,-0.37451,28.69
$IMU,26885.934,16.540,-3.540,23.254,0.10351,0.85302,-0.31347,28.69
$MAG,26885.935,-0.576,-0.511,-0.417,27.6
$IMU,26885.936,25.024,-0.610,20.507,0.14208,0.73828,-0.35253,28.69
$IMU,26885.938,35.644,0.671,20.202,0.14355,0.74462,-0.30664,28.69
$IMU,26885.941,44.006,2.197,19.287,0.13281,0.76416,-0.31103,28.69
$IMU,26885.943,49.621,3.173,16.052,0.10595,0.80810,-0.29199,28.66
$MAG,26885.945,-0.577,-0.508,-0.417,27.5
$IMU,26885.945,53.283,2.563,11.901,0.07324,0.84619,-0.27734,28.66
$IMU,26885.948,54.748,1.464,7.263,0.05175,0.81884,-0.21044,28.66
$IMU,26885.950,54.016,0.305,4.882,0.02392,0.79785,-0.15039,28.66
$IMU,26885.953,51.208,-0.488,2.990,0.00048,0.81982,-0.07177,28.66
$MAG,26885.955,-0.567,-0.519,-0.409,27.5
$IMU,26885.955,45.593,0.122,-0.305,-0.04101,0.85009,-0.03906,28.66
$IMU,26885.957,39.916,0.366,-5.310,-0.07031,0.87500,-0.02880,28.66
$IMU,26885.960,33.081,1.159,-11.901,-0.08740,0.95166,0.02880,28.66
$IMU,26885.962,24.658,3.845,-22.827,-0.06445,0.94628,-0.00683,28.65
$IMU,26885.964,20.751,6.652,-32.775,-0.06494,0.95166,-0.01562,28.65
$MAG,26885.965,-0.576,-0.517,-0.409,27.5
$IMU,26885.967,18.371,10.559,-39.306,-0.05957,0.95507,-0.07128,28.65
$IMU,26885.969,15.441,10.437,-36.499,-0.01513,1.02001,-0.06347,28.65
$IMU,26885.971,7.568,-0.915,-10.864,0.01416,1.02441,-0.05615,28.65
$IMU,26885.974,-1.403,-11.108,13.427,-0.03955,1.01660,-0.01806,28.65
$MAG,26885.975,-0.571,-0.519,-0.403,27.5
$IMU,26885.976,-3.051,-11.291,17.456,-0.06103,1.08984,0.05664,28.65
$IMU,26885.978,-6.103,-4.394,9.277,-0.05615,1.07910,0.05029,28.65
$BARO,26885.981,86864.72,28.75
$IMU,26885.981,-4.150,-0.793,-0.366,-0.06689,0.94726,-0.17285,28.66
$IMU,26885.983,7.324,-4.516,-4.394,-0.08642,0.99414,-0.24023,28.66
$MAG,26885.985,-0.576,-0.514,-0.412,27.3
$IMU,26885.985,11.596,-12.023,-4.638,-0.04394,1.11767,-0.19580,28.66
$IMU,26885.988,3.417,-17.333,-6.286,-0.03125,1.13867,-0.17187,28.66
$IMU,26885.990,-6.042,-19.897,-7.751,-0.01074,0.99511,-0.24169,28.66
$IMU,26885.992,-11.474,-19.165,-7.202,-0.00292,0.92041,-0.24755,28.66
$MAG,26885.995,-0.571,-0.514,-0.408,27.3
$IMU,26885.995,-19.104,-13.854,-5.065,0.04589,1.02880,-0.08300,28.66
$IMU,26885.997,-35.522,-4.638,-3.112,0.08642,1.03369,-0.07226,28.66
$IMU,26885.999,-49.438,4.394,-2.746,0.08007,1.04687,-0.04296,28.62
$IMU,26886.002,-60.180,13.671,-5.065,0.11230,1.01464,-0.07373,28.62
$IMU,26886.004,-65.612,19.226,-5.004,0.11621,0.96142,-0.13916,28.62
$MAG,26886.006,-0.565,-0.517,-0.417,27.6
$IMU,26886.006,-65.856,23.864,-6.225,0.12451,1.00878,-0.05908,28.62
$IMU,26886.009,-67.321,25.573,-7.385,0.13818,0.99218,-0.14990,28.62
$IMU,26886.011,-64.514,22.521,-4.028,0.11035,1.02441,-0.14257,28.62
$IMU,26886.014,-63.110,14.892,-1.647,0.07324,1.00146,-0.19531,28.62
$MAG,26886.016,-0.568,-0.519,-0.424,27.5
$IMU,26886.016,-53.710,4.821,-0.671,0.07128,0.97216,-0.22558,28.62
$IMU,26886.018,-39.245,-2.868,-2.258,0.08935,0.99707,-0.19726,28.70
$IMU,26886.021,-25.024,-6.469,-6.713,0.08740,1.04003,-0.16650,28.70
$IMU,26886.023,-13.977,-10.742,-12.512,0.08447,1.02050,-0.10791,28.70
$IMU,26886.025,-11.352,-17.761,-13.854,0.07861,1.06591,-0.04882,28.70
$MAG,26886.026,-0.576,-0.513,-0.424,27.5
$IMU,26886.028,-14.160,-28.930,-10.009,0.06103,1.12988,-0.00634,28.70
$IMU,26886.030,-22.644,-37.963,-6.713,0.05810,1.14160,0.02197,28.70
$IMU,26886.032,-33.935,-43.273,-6.347,0.01953,1.15576,0.12158,28.70
$IMU,26886.035,-53.527,-48.461,-5.432,0.00683,1.12500,0.16552,28.70
$MAG,26886.036,-0.567,-0.519,-0.430,27.6
$IMU,26886.037,-73.852,-57.861,0.183,0.01953,1.02392,0.06445,28.66
$IMU,26886.039,-81.115,-64.453,8.056,0.03710,0.99169,-0.01562,28.66
$IMU,26886.042,-77.331,-62.866,9.033,0.04541,1.03906,0.07617,28.66
$IMU,26886.044,-78.369,-56.518,3.540,0.07226,1.07421,0.18115,28.66
$MAG,26886.046,-0.573,-0.517,-0.432,27.6
$IMU,26886.046,-87.219,-49.743,-2.380,0.04736,1.07812,0.21777,28.66
$IMU,26886.049,-94.299,-43.273,-7.995,0.03466,1.03125,0.10693,28.66
$IMU,26886.051,-92.224,-41.870,-8.239,0.07275,0.95751,-0.01562,28.66
$IMU,26886.053,-77.087,-42.297,-0.549,0.06201,0.95068,-0.07812,28.66
$MAG,26886.056,-0.573,-0.522,-0.438,27.5
$IMU,26886.056,-53.649,-39.428,5.310,0.09277,1.06347,0.00244,28.73
$IMU,26886.058,-39.916,-31.921,2.014,0.05419,1.12695,0.06201,28.73
$IMU,26886.060,-31.799,-24.658,-4.394,0.05224,1.11767,0.03027,28.73
$IMU,26886.063,-22.888,-17.150,-10.070,0.12304,1.07910,-0.08691,28.73
$IMU,26886.065,-9.216,-19.287,-7.324,0.13183,1.03417,-0.08154,28.73
$MAG,26886.066,-0.573,-0.513,-0.432,27.6
$IMU,26886.067,-2.746,-27.221,-0.244,0.10839,1.05322,-0.04492,28.73
$IMU,26886.070,-0.061,-30.639,4.272,0.12060,1.14208,0.05126,28.73
$IMU,26886.072,-2.197,-23.498,0.427,0.12402,1.17724,0.03271,28.73
$IMU,26886.075,-0.183,-20.324,-4.882,0.05712,1.13476,-0.08544,28.69
$MAG,26886.076,-0.570,-0.523,-0.442,27.6
$IMU,26886.077,9.826,-22.094,-6.835,0.00439,0.99462,-0.16503,28.69
$IMU,26886.079,28.869,-27.038,-2.197,-0.00341,0.91357,-0.18945,28.69
$BARO,26886.082,86865.13,28.75
$IMU,26886.082,56.457,-31.555,6.713,-0.00732,0.85009,-0.20556,28.69
$IMU,26886.084,83.007,-28.625,8.117,-0.15722,1.02441,0.07568,28.69
$MAG,26886.086,-0.568,-0.525,-0.432,27.6
$IMU,26886.086,89.477,-19.287,-6.958,-0.14794,0.93994,0.21972,28.69
$IMU,26886.089,84.960,-20.996,-13.732,-0.11035,0.87597,0.35644,28.69
$IMU,26886.091,67.871,-32.165,-9.765,-0.08691,0.93359,0.53076,28.69
$IMU,26886.093,45.593,-47.668,-1.342,-0.07373,0.92529,0.43945,28.70
$MAG,26886.096,-0.580,-0.516,-0.417,27.6
$IMU,26886.096,36.010,-58.044,5.554,-0.05371,0.84863,0.27392,28.70
$IMU,26886.098,41.381,-60.546,7.568,-0.05566,0.90869,0.21533,28.70
$IMU,26886.100,49.743,-55.297,4.333,-0.02734,1.00000,0.18115,28.70
$IMU,26886.103,56.640,-46.386,-2.746,0.00292,1.01025,0.12841,28.70
$IMU,26886.105,62.011,-37.048,-7.507,-0.02539,1.01953,0.12792,28.70
$MAG,26886.106,-0.565,-0.520,-0.412,27.6
$IMU,26886.107,62.683,-30.822,-8.911,-0.03613,1.00878,0.13232,28.70
$IMU,26886.110,62.500,-29.724,-3.479,-0.04687,0.95312,0.11425,28.70
$IMU,26886.112,60.302,-30.822,4.394,-0.06396,1.03027,0.18164,28.70
$IMU,26886.114,51.757,-31.066,7.385,-0.04345,0.99951,0.19482,28.70
$MAG,26886.117,-0.565,-0.519,-0.402,27.6
$IMU,26886.117,45.227,-29.174,6.286,-0.02392,0.95068,0.18505,28.70
$IMU,26886.119,31.005,-30.578,6.896,-0.00830,0.99462,0.34521,28.70
$IMU,26886.121,9.826,-33.569,10.681,-0.04345,1.02197,0.33154,28.70
$IMU,26886.124,-13.366,-31.799,10.131,-0.02880,1.04394,0.40332,28.70
$IMU,26886.126,-35.400,-27.770,8.178,0.03613,0.99951,0.34375,28.70
$MAG,26886.127,-0.565,-0.517,-0.405,27.5
$IMU,26886.128,-50.048,-18.676,7.568,0.06396,1.00048,0.35937,28.70
$IMU,26886.131,-62.561,-5.554,7.263,0.06835,0.97314,0.29492,28.69
$IMU,26886.133,-65.979,3.662,6.713,0.04296,0.93310,0.09960,28.69
$IMU,26886.136,-60.119,7.751,4.821,0.04248,0.96728,0.07910,28.69
$MAG,26886.137,-0.570,-0.520,-0.417,27.6
$IMU,26886.138,-55.114,9.399,3.051,0.04150,0.97460,0.08593,28.69
$IMU,26886.140,-50.720,9.826,2.014,0.03515,0.98144,0.08642,28.69
$IMU,26886.143,-47.607,8.605,2.014,0.03759,1.00683,0.08544,28.69
$IMU,26886.145,-45.227,7.324,2.197,0.05468,1.02685,0.08105,28.69
$MAG,26886.147,-0.565,-0.516,-0.420,27.7
$IMU,26886.147,-42.968,6.164,2.075,0.06005,1.03173,0.07568,28.69
$IMU,26886.150,-41.503,3.845,1.159,0.09472,1.10888,0.06591,28.74
$IMU,26886.152,-40.039,1.037,-2.563,0.20263,1.36718,0.03710,28.74
$IMU,26886.154,-39.550,0.061,-8.544,0.15673,1.29443,-0.03710,28.74
$MAG,26886.157,-0.570,-0.516,-0.421,27.6
$IMU,26886.157,-42.663,-0.366,-9.399,0.07373,1.19140,-0.07568,28.74
$IMU,26886.159,-47.607,-1.708,-4.943,-0.00976,1.13916,-0.08789,28.74
$IMU,26886.161,-50.842,-7.446,1.708,-0.03857,1.19775,-0.08251,28.74
$IMU,26886.164,-54.382,-10.131,3.723,0.02490,1.46826,0.06982,28.74
$IMU,26886.166,-57.373,-2.197,0.488,0.01220,1.30957,0.00781,28.74
$MAG,26886.167,-0.573,-0.522,-0.432,27.7
$IMU,26886.168,-54.809,-2.441,-2.563,-0.04443,1.06494,-0.12207,28.69
$IMU,26886.171,-45.898,-9.887,-3.601,-0.01416,0.93798,-0.15869,28.69
$IMU,26886.173,-35.522,-16.967,-2.685,0.01123,0.85742,-0.20166,28.69
$IMU,26886.175,-23.986,-25.939,-1.342,0.02929,0.85546,-0.17871,28.69
$MAG,26886.177,-0.558,-0.522,-0.438,27.6
$IMU,26886.178,-16.601,-34.851,-2.441,0.05468,0.86132,-0.15722,28.69
$IMU,26886.180,-19.104,-44.494,-1.770,0.05566,0.93457,-0.02734,28.69
$IMU,26886.182,-27.954,-49.621,-0.732,0.07275,0.90673,-0.02734,28.69
$BARO,26886.184,86864.87,28.75
$IMU,26886.185,-34.301,-53.466,-0.427,0.02294,0.90576,-0.06982,28.69
$MAG,26886.187,-0.562,-0.528,-0.429,27.7
$IMU,26886.187,-38.940,-59.387,-2.136,0.00341,0.92333,0.02587,28.69
$IMU,26886.189,-46.203,-64.147,-3.051,-0.02001,0.92041,-0.08251,28.69
$IMU,26886.192,-47.058,-68.786,-1.708,-0.00439,0.92578,-0.07373,28.69
$IMU,26886.194,-41.625,-71.472,-1.037,0.06103,0.94287,-0.12353,28.69
$MAG,26886.197,-0.570,-0.520,-0.427,27.6
$IMU,26886.197,-35.034,-74.768,-0.976,0.07910,0.97558,-0.11230,28.69
$IMU,26886.199,-31.188,-77.026,-3.234,0.07763,0.98388,-0.11328,28.69
$IMU,26886.201,-29.968,-80.383,-6.225,0.04394,0.97705,-0.13867,28.69
$IMU,26886.204,-28.564,-85.754,-8.483,0.05468,0.98388,-0.08837,28.69
$IMU,26886.206,-28.381,-90.759,-6.835,0.08496,0.98144,-0.05957,28.72
$MAG,26886.207,-0.559,-0.516,-0.433,27.6
$IMU,26886.208,-27.526,-93.505,-3.173,0.05761,0.99707,0.00439,28.72
$IMU,26886.211,-26.611,-95.092,-3.784,0.09765,0.97265,0.05908,28.72
$IMU,26886.213,-25.512,-93.627,-5.493,0.10400,1.01416,0.17968,28.72
$IMU,26886.215,-27.404,-88.317,-9.460,0.02880,1.04492,0.18798,28.72
$MAG,26886.217,-0.568,-0.513,-0.412,27.7
$IMU,26886.218,-27.648,-89.050,-12.390,0.06396,0.94677,0.08056,28.72
$IMU,26886.220,-12.512,-89.416,-8.056,0.05712,0.87744,0.10058,28.72
$IMU,26886.222,4.089,-87.402,-3.479,0.08300,0.88916,0.18017,28.72
$IMU,26886.225,13.610,-85.083,-1.586,0.10400,0.90771,0.28173,28.73
$IMU,26886.227,17.333,-78.002,-2.502,0.08300,0.92187,0.30371,28.73
$MAG,26886.228,-0.571,-0.519,-0.426,27.6
$IMU,26886.229,18.981,-67.993,-6.958,-0.02783,1.03173,0.43261,28.73
$IMU,26886.232,14.282,-62.805,-9.643,-0.02001,0.95996,0.32031,28.73
$IMU,26886.234,14.465,-56.091,-6.286,-0.03173,1.00927,0.41406,28.73
$IMU,26886.236,12.329,-44.921,-4.028,-0.06250,1.06445,0.35058,28.73
$MAG,26886.238,-0.562,-0.522,-0.417,27.7
$IMU,26886.239,7.873,-37.963,-3.417,-0.08105,1.07470,0.33593,28.73
$IMU,26886.241,4.638,-31.188,-3.601,-0.08447,1.10351,0.31250,28.73
$IMU,26886.243,0.793,-24.536,-4.638,-0.07666,1.08105,0.31103,28.67
$IMU,26886.246,-0.427,-18.310,-3.295,-0.06298,1.03808,0.24365,28.67
$MAG,26886.248,-0.562,-0.513,-0.420,27.6
$IMU,26886.248,2.685,-13.671,-0.854,-0.03759,1.05029,0.23339,28.67
$IMU,26886.250,4.943,-8.728,-0.183,-0.01318,1.05810,0.23535,28.67
$IMU,26886.253,6.103,-4.089,-0.488,-0.00292,1.04150,0.21435,28.67
$IMU,26886.255,8.544,-0.793,-0.488,-0.01269,1.04248,0.16845,28.67
$IMU,26886.257,11.840,-0.366,-0.427,-0.00683,1.04882,0.14892,28.67
$MAG,26886.258,-0.561,-0.517,-0.418,27.6
$IMU,26886.260,14.892,-0.305,-0.488,-0.00830,1.03955,0.13378,28.67
$IMU,26886.262,17.700,-0.244,-0.610,-0.01513,1.01318,0.12158,28.69
$IMU,26886.265,20.141,-0.549,-0.244,-0.01855,1.02490,0.11279,28.69
$IMU,26886.267,22.094,-0.427,-0.061,-0.01953,1.04492,0.10058,28.69
$MAG,26886.268,-0.552,-0.525,-0.408,27.5
$IMU,26886.269,23.376,-0.366,-0.122,-0.02539,1.03320,0.08886,28.69
$IMU,26886.272,24.353,-0.244,0.122,-0.03808,1.00585,0.08154,28.69
$IMU,26886.274,25.085,-0.244,0.976,-0.04248,0.96972,0.06640,28.69
$IMU,26886.276,25.268,-0.366,2.197,-0.04199,0.96728,0.05810,28.69
$MAG,26886.278,-0.562,-0.516,-0.405,27.6
$IMU,26886.279,24.902,-0.366,2.868,-0.03027,0.96972,0.05468,28.69
$IMU,26886.281,24.291,-0.366,3.112,-0.01708,0.99414,0.04101,28.70
$IMU,26886.283,23.132,-0.366,2.563,-0.01416,1.02490,0.03369,28.70
$BARO,26886.285,86871.18,28.75
$IMU,26886.286,21.667,-0.061,2.197,-0.02001,1.01318,0.02392,28.70
$MAG,26886.288,-0.562,-0.513,-0.403,27.6
$IMU,26886.288,20.202,-0.122,2.868,-0.02587,0.99462,0.00878,28.70
$IMU,26886.290,18.432,-0.244,4.211,-0.01953,1.00146,-0.00292,28.70
$IMU,26886.293,16.418,-0.244,5.432,-0.00781,1.01074,-0.00781,28.70
$IMU,26886.295,14.465,-0.122,6.164,0.01220,1.02636,-0.01416,28.70
$IMU,26886.297,12.451,-0.122,6.164,0.02685,1.01660,-0.01611,28.70
$MAG,26886.298,-0.568,-0.516,-0.406,27.7
$IMU,26886.300,10.742,0.000,5.920,0.03906,1.02001,-0.00976,28.71
$IMU,26886.302,9.216,0.122,5.554,0.04589,1.02880,0.00195,28.71
$IMU,26886.304,7.995,0.122,5.126,0.04980,1.02490,0.00781,28.71
$IMU,26886.307,7.324,-0.122,5.187,0.05371,1.01953,0.01855,28.71
$MAG,26886.308,-0.565,-0.525,-0.420,27.6
$IMU,26886.309,7.019,-0.061,5.310,0.06103,1.03710,0.01806,28.71
$IMU,26886.311,6.530,-0.061,5.187,0.06445,1.04833,0.01220,28.71
$IMU,26886.314,5.859,-0.122,5.676,0.04248,0.86572,-0.00488,28.71
$IMU,26886.316,5.859,-0.244,7.263,0.04638,0.82617,-0.00146,28.71
$MAG,26886.318,-0.565,-0.511,-0.412,27.6
$IMU,26886.318,5.798,-0.305,7.202,0.08789,0.94921,0.00830,28.71
$IMU,26886.321,5.126,-0.244,4.028,0.10498,1.03173,0.00927,28.71
$IMU,26886.323,4.272,0.000,-0.061,0.09130,1.05712,0.00878,28.71
$IMU,26886.326,3.234,0.122,-2.502,0.05908,1.04492,0.01318,28.71
$MAG,26886.328,-0.570,-0.522,-0.412,27.7
$IMU,26886.328,2.197,0.305,-1.770,0.02294,0.97070,0.00830,28.71
$IMU,26886.330,1.586,0.122,0.732,0.02978,0.95117,0.00878,28.71
$IMU,26886.333,0.732,-0.061,2.685,0.05615,0.97998,0.01171,28.71
$IMU,26886.335,-0.366,-0.183,2.624,0.08496,1.01318,0.01367,28.71
$IMU,26886.337,-1.647,-0.122,0.000,0.09423,1.04589,0.00537,28.72
$MAG,26886.339,-0.567,-0.516,-0.408,27.7
$IMU,26886.340,-3.173,-0.061,-3.051,0.07226,1.04589,0.00781,28.72
$IMU,26886.342,-4.272,0.122,-4.516,0.04052,1.02685,0.00976,28.72
$IMU,26886.344,-5.187,0.000,-3.784,0.01416,1.02246,0.01660,28.72
$IMU,26886.347,-6.286,0.000,-1.770,0.00292,1.03466,0.00976,28.72
$MAG,26886.349,-0.570,-0.520,-0.405,27.6
$IMU,26886.349,-7.690,0.000,-0.061,-0.00048,1.04052,0.01611,28.72
$IMU,26886.351,-8.850,-0.244,0.549,0.01123,1.04394,0.02490,28.72
$IMU,26886.354,-9.643,0.000,-0.122,0.01855,1.04833,0.02783,28.72
$IMU,26886.356,-10.314,0.061,-1.342,0.01513,1.04150,0.02441,28.70
$IMU,26886.358,-10.681,0.000,-2.014,0.01318,1.03515,0.03808,28.70
$MAG,26886.359,-0.559,-0.519,-0.405,27.6
$IMU,26886.361,-10.192,0.122,-1.586,0.00585,1.03222,0.06054,28.70
$IMU,26886.363,-8.850,0.061,-0.671,0.00878,1.04443,0.07373,28.70
$IMU,26886.365,-7.202,-0.183,-0.244,0.01806,1.06884,0.07568,28.70
$IMU,26886.368,-5.615,-0.061,-0.305,0.02001,1.08984,0.07714,28.70
$MAG,26886.369,-0.567,-0.522,-0.405,27.6
$IMU,26886.370,-4.272,-0.061,-0.915,0.02050,1.10595,0.07812,28.70
$IMU,26886.372,-3.173,-0.183,-1.403,0.00976,1.10058,0.07421,28.70
$IMU,26886.375,-2.075,-0.061,-1.220,-0.00488,1.08642,0.07617,28.71
$IMU,26886.377,-0.671,-0.061,-0.549,-0.00878,1.07080,0.07177,28.71
$MAG,26886.379,-0.565,-0.517,-0.406,27.6
$IMU,26886.379,0.610,-0.122,0.122,-0.00732,1.05810,0.06689,28.71
$IMU,26886.382,1.464,-0.061,0.549,-0.00830,1.04492,0.06347,28.71
$IMU,26886.384,2.319,-0.305,0.854,-0.00683,1.03027,0.06591,28.71
$BARO,26886.386,86864.26,28.75
$IMU,26886.387,2.929,-0.305,0.976,-0.00195,1.00097,0.06103,28.71
$MAG,26886.389,-0.562,-0.523,-0.412,27.6
$IMU,26886.389,3.662,-0.122,1.342,0.00439,1.00878,0.05859,28.71
$IMU,26886.391,3.967,-0.183,1.464,0.01562,1.01220,0.04833,28.71
$IMU,26886.394,3.967,-0.244,1.586,0.01464,0.98730,0.03808,28.73
$IMU,26886.396,3.967,-0.244,2.014,0.01025,0.96972,0.03417,28.73
$IMU,26886.398,3.845,-0.183,2.441,0.01318,0.95947,0.02392,28.73
$MAG,26886.399,-0.565,-0.516,-0.415,27.6
$IMU,26886.401,3.540,-0.305,2.807,0.02001,0.95166,0.01953,28.73
$IMU,26886.403,2.868,-0.244,2.868,0.02880,0.94140,0.00976,28.73
$IMU,26886.405,1.953,-0.305,2.563,0.03515,0.93652,0.00537,28.73
$IMU,26886.408,0.854,-0.305,2.136,0.02978,0.94677,0.00683,28.73
$MAG,26886.409,-0.565,-0.517,-0.405,27.6
$IMU,26886.410,-0.122,-0.305,1.708,0.02050,0.95166,0.00195,28.73
$IMU,26886.412,-1.281,-0.244,1.647,0.01220,0.94726,0.00292,28.74
$IMU,26886.415,-2.319,-0.305,1.892,0.01123,0.95654,0.00585,28.74
$IMU,26886.417,-2.990,-0.183,2.441,0.01855,0.97070,0.00927,28.74
$MAG,26886.419,-0.571,-0.519,-0.399,27.6
$IMU,26886.419,-3.601,0.000,2.624,0.03222,0.99072,0.01074,28.74
$IMU,26886.422,-4.028,-0.122,2.258,0.04687,0.99560,0.01269,28.74
$IMU,26886.424,-4.699,-0.122,1.464,0.05712,1.00000,0.01123,28.74
$IMU,26886.426,-5.676,0.061,0.488,0.06689,1.00439,0.01806,28.74
$MAG,26886.429,-0.565,-0.516,-0.414,27.6
$IMU,26886.429,-6.164,0.122,-0.244,0.07031,1.00439,0.03027,28.74
$IMU,26886.431,-6.225,0.061,-0.793,0.06982,1.00732,0.03710,28.69
$IMU,26886.433,-5.981,0.061,-1.220,0.06494,1.01220,0.04443,28.69
$IMU,26886.436,-5.615,0.000,-1.708,0.05908,1.01367,0.04833,28.69
$IMU,26886.438,-5.004,0.061,-2.319,0.05566,1.00830,0.05517,28.69
$MAG,26886.439,-0.564,-0.522,-0.418,27.6
$IMU,26886.440,-4.089,-0.061,-2.929,0.04541,1.00585,0.06250,28.69
$IMU,26886.443,-2.746,0.000,-3.479,0.03808,0.99755,0.06933,28.69
$IMU,26886.445,-1.159,0.000,-3.967,0.03125,0.99853,0.07470,28.69
$IMU,26886.448,0.671,0.122,-4.455,0.02392,0.99365,0.06933,28.69
$MAG,26886.450,-0.574,-0.514,-0.412,27.6
$IMU,26886.450,2.197,0.061,-4.760,0.01953,0.99462,0.06201,28.72
$IMU,26886.452,3.356,0.122,-4.882,0.01904,1.00390,0.05273,28.72
$IMU,26886.455,3.723,0.122,-4.821,0.01708,1.02490,0.03759,28.72
$IMU,26886.457,3.112,0.000,-4.272,0.00341,1.02246,0.02392,28.72
$IMU,26886.459,2.014,-0.061,-3.479,0.00292,1.01416,0.01416,28.72
$MAG,26886.460,-0.559,-0.522,-0.418,27.7
$IMU,26886.462,0.427,0.000,-3.051,0.00244,0.99853,0.01464,28.72
$IMU,26886.464,-0.915,-0.183,-2.807,0.00244,1.00341,0.02294,28.72
$IMU,26886.466,-2.014,0.061,-2.685,-0.00195,1.00634,0.03466,28.72
$IMU,26886.469,-2.380,0.061,-2.380,-0.00927,1.01025,0.04345,28.71
$MAG,26886.470,-0.556,-0.517,-0.417,27.7
$IMU,26886.471,-2.380,-0.122,-1.770,-0.01416,1.01367,0.04492,28.71
$IMU,26886.473,-2.319,-0.061,-1.220,-0.00585,1.03076,0.04296,28.71
$IMU,26886.476,-2.197,0.061,-0.915,0.00195,1.04296,0.04345,28.71
$IMU,26886.478,-2.319,-0.183,-0.976,0.00878,1.04345,0.04492,28.71
$MAG,26886.480,-0.564,-0.514,-0.418,27.5
$IMU,26886.480,-2.563,0.061,-0.854,0.01171,1.04052,0.04443,28.71
$IMU,26886.483,-2.563,0.061,-0.549,0.01171,1.04443,0.04785,28.71
$IMU,26886.485,-2.380,-0.305,-0.366,0.00976,1.05078,0.05664,28.71
$IMU,26886.487,-1.953,-0.244,-0.183,0.01367,1.04833,0.05712,28.69
$BARO,26886.488,86873.32,28.75
$MAG,26886.490,-0.561,-0.523,-0.408,27.7
$IMU,26886.490,-1.525,-0.061,-0.183,0.01611,1.04443,0.05957,28.69
$IMU,26886.492,-0.671,-0.244,-0.366,0.01660,1.04101,0.06005,28.69
$IMU,26886.494,0.122,-0.122,-0.549,0.01904,1.03564,0.05712,28.69
$IMU,26886.497,0.671,0.061,-0.671,0.02148,1.03613,0.04785,28.69
$IMU,26886.499,0.915,-0.183,-0.671,0.02832,1.03955,0.03906,28.69
$MAG,26886.500,-0.565,-0.525,-0.417,27.7
$IMU,26886.501,0.488,-0.122,-0.488,0.03320,1.04394,0.02685,28.69
$IMU,26886.504,-0.366,0.000,-0.549,0.03759,1.03808,0.01855,28.69
$IMU,26886.506,-1.586,-0.061,-0.793,0.04589,1.03417,0.01416,28.72
$IMU,26886.509,-2.868,-0.061,-1.037,0.04736,1.03027,0.01074,28.72
$MAG,26886.510,-0.564,-0.519,-0.420,27.6
$IMU,26886.511,-4.211,-0.061,-1.281,0.04345,1.02099,0.01123,28.72
$IMU,26886.513,-5.371,-0.122,-1.342,0.03906,1.01562,0.01611,28.72
$IMU,26886.516,-6.408,-0.183,-1.281,0.03222,1.00878,0.01904,28.72
$IMU,26886.518,-7.263,-0.061,-1.464,0.03320,1.01220,0.02685,28.72
$MAG,26886.520,-0.564,-0.517,-0.412,27.6
$IMU,26886.520,-7.934,-0.244,-1.464,0.02832,1.01562,0.02734,28.72
$IMU,26886.523,-8.605,-0.244,-1.647,0.03173,1.01123,0.02783,28.72
$IMU,26886.525,-9.277,0.000,-1.892,0.03271,1.00683,0.02587,28.73
$IMU,26886.527,-9.887,-0.061,-2.136,0.02832,1.00292,0.02490,28.73
$MAG,26886.530,-0.571,-0.523,-0.415,27.6
$IMU,26886.530,-10.192,-0.061,-2.319,0.02783,0.99609,0.03076,28.73
$IMU,26886.532,-10.559,0.061,-2.319,0.02050,0.99707,0.03271,28.73
$IMU,26886.534,-10.498,0.000,-2.258,0.01953,0.99560,0.03662,28.73
$IMU,26886.537,-10.314,0.183,-2.014,0.01318,0.99755,0.03906,28.73
$IMU,26886.539,-10.070,0.244,-2.014,0.01416,0.99414,0.04492,28.73
$MAG,26886.540,-0.562,-0.513,-0.414,27.6
$IMU,26886.541,-9.826,0.244,-2.014,0.01416,0.99658,0.05029,28.73
$IMU,26886.544,-9.399,0.305,-1.953,0.00732,0.99072,0.05126,28.74
$IMU,26886.546,-8.972,0.488,-1.892,0.00585,0.99365,0.05468,28.74
$IMU,26886.548,-8.300,0.610,-1.708,0.00585,0.99169,0.05810,28.74
$MAG,26886.550,-0.561,-0.526,-0.414,27.6
$IMU,26886.551,-7.446,2.136,-1.464,0.01464,0.98486,0.06201,28.74
$IMU,26886.553,-5.554,4.943,-1.220,0.04150,0.97900,0.06298,28.74
$IMU,26886.555,-2.624,10.742,0.122,0.07714,0.97363,0.06347,28.74
$IMU,26886.558,1.708,19.470,2.136,0.08496,0.97412,0.06347,28.74
$IMU,26886.560,5.310,28.747,2.441,0.06933,0.98730,0.05566,28.74
$MAG,26886.561,-0.564,-0.526,-0.412,27.6
$IMU,26886.562,9.033,39.367,0.427,0.09375,0.96923,0.03857,28.73
$IMU,26886.565,12.207,48.889,0.000,0.05859,0.97900,0.02929,28.73
$IMU,26886.567,12.512,52.978,-0.915,0.00537,0.99218,0.01367,28.73
$IMU,26886.570,10.559,52.001,-1.464,-0.00195,0.97851,0.00390,28.73
$MAG,26886.571,-0.567,-0.519,-0.421,27.6
$IMU,26886.572,7.995,49.499,-0.183,-0.03320,0.98730,0.00439,28.73
$IMU,26886.574,4.943,44.921,1.403,-0.02246,0.98437,-0.02050,28.73
$IMU,26886.577,6.225,44.616,3.662,0.01318,0.98095,-0.01074,28.73
$IMU,26886.579,8.605,48.217,5.004,-0.01171,1.01757,0.03613,28.73
$MAG,26886.581,-0.561,-0.522,-0.412,27.6
$IMU,26886.581,5.859,47.729,2.807,-0.04882,1.03222,0.03173,28.73
$IMU,26886.584,1.037,39.184,1.464,-0.04931,1.01806,0.01171,28.73
$IMU,26886.586,-2.319,29.663,2.563,-0.04443,1.01025,0.01562,28.73
$IMU,26886.588,-4.028,21.728,4.577,-0.03417,1.02050,0.02441,28.73
$BARO,26886.589,86864.94,28.75
$MAG,26886.591,-0.562,-0.514,-0.421,27.7
$IMU,26886.591,-4.333,16.296,6.286,-0.02294,1.04101,0.03808,28.73
$IMU,26886.593,-4.516,11.840,6.347,-0.01269,1.05957,0.04980,28.73
$IMU,26886.595,-5.432,8.728,4.882,-0.00048,1.06835,0.05371,28.73
$IMU,26886.598,-6.896,6.835,3.479,-0.00195,1.06689,0.06689,28.73
$IMU,26886.600,-8.911,4.455,2.624,0.01220,1.04736,0.03613,28.72
$MAG,26886.601,-0.573,-0.525,-0.421,27.6
$IMU,26886.602,-6.958,1.647,3.417,0.03027,1.02978,0.01660,28.72
$IMU,26886.605,-3.967,0.427,4.516,0.01708,1.03808,0.08642,28.72
$IMU,26886.607,-5.249,0.549,3.845,0.03515,1.02392,0.07812,28.72
$IMU,26886.609,-3.601,0.976,3.601,0.04394,1.02685,0.04638,28.72
$MAG,26886.611,-0.561,-0.520,-0.421,27.5
$IMU,26886.612,-1.220,0.976,3.234,0.04736,1.03564,0.06005,28.72
$IMU,26886.614,1.525,1.708,2.441,0.05664,1.03857,0.05810,28.72
$IMU,26886.616,3.295,2.502,1.647,0.04394,1.02734,0.04150,28.72
$IMU,26886.619,4.943,1.708,1.220,0.02587,1.02001,0.05322,28.69
$MAG,26886.621,-0.570,-0.520,-0.418,27.6
$IMU,26886.621,4.150,1.037,0.976,0.02929,1.02392,0.05761,28.69
$IMU,26886.623,3.784,1.403,1.403,0.04345,1.01562,0.02050,28.69
$IMU,26886.626,5.859,1.159,2.563,0.04638,1.02832,0.02490,28.69
$IMU,26886.628,5.615,3.601,2.075,0.02539,1.04052,0.07324,28.69
$MAG,26886.631,-0.564,-0.514,-0.421,27.6
$IMU,26886.631,3.051,6.408,-0.305,0.01611,1.01269,0.02050,28.69
$IMU,26886.633,3.723,4.821,-0.671,0.01806,0.99462,0.00048,28.69
$IMU,26886.635,6.713,4.943,0.183,0.02001,0.98535,-0.03076,28.69
$IMU,26886.638,11.901,5.310,0.732,0.01708,0.99414,-0.02490,28.70
$IMU,26886.640,13.000,6.469,0.183,0.01513,1.01855,0.07910,28.70
$MAG,26886.641,-0.568,-0.516,-0.414,27.7
$IMU,26886.642,9.826,12.512,-1.525,0.01806,0.98876,0.04296,28.70
$VBAT,26886.643,4.119
$IMU,26886.645,10.559,16.601,-2.136,0.01611,0.96826,-0.00244,28.70
$IMU,26886.647,12.573,19.287,-1.647,0.00878,0.97558,0.06494,28.70
$IMU,26886.649,10.681,22.094,-0.976,0.01318,0.97167,0.02734,28.70
$MAG,26886.651,-0.568,-0.517,-0.420,27.7
$IMU,26886.652,11.169,24.658,0.000,0.00878,0.98583,0.02539,28.70
$IMU,26886.654,10.498,27.648,0.183,0.01708,0.99121,0.03222,28.70
$IMU,26886.656,10.498,30.029,-0.122,0.03125,0.99804,0.01904,28.73
$IMU,26886.659,10.437,32.470,-0.854,0.01904,1.01806,0.08007,28.73
$MAG,26886.661,-0.568,-0.522,-0.424,27.7
$IMU,26886.661,7.629,34.667,-2.319,0.01513,1.01220,0.05712,28.73
$IMU,26886.663,8.483,35.095,-2.136,0.02246,1.01220,0.00976,28.73
$IMU,26886.666,11.352,32.958,-0.427,0.01513,1.02734,0.00195,28.73
$IMU,26886.668,11.413,31.066,1.403,0.00390,1.02978,0.05175,28.73
$IMU,26886.670,7.629,27.099,2.441,0.00634,1.00683,-0.00146,28.73
$MAG,26886.672,-0.561,-0.519,-0.414,27.7
$IMU,26886.673,5.004,22.216,2.136,-0.00439,1.00927,0.02978,28.73
$IMU,26886.675,0.427,17.761,0.549,0.00976,0.99169,0.02392,28.75
$IMU,26886.677,-2.136,12.268,-0.549,0.00781,0.98876,0.02099,28.75
$IMU,26886.680,-4.272,5.554,-1.037,0.01611,0.99560,0.03564,28.75
$MAG,26886.682,-0.567,-0.516,-0.423,27.6
$IMU,26886.682,-4.943,-1.647,-1.403,0.02148,1.00244,-0.00634,28.75
$IMU,26886.684,-1.770,-9.582,-2.014,0.03564,1.00292,-0.04541,28.75
$IMU,26886.687,3.112,-17.150,-2.258,0.04150,1.00878,-0.00732,28.75
$IMU,26886.689,1.647,-21.484,-1.953,0.04541,1.01562,0.08544,28.75
$BARO,26886.691,86867.55,28.75
$IMU,26886.691,-2.990,-21.240,-2.319,0.03857,0.99511,0.04931,28.75
$MAG,26886.692,-0.559,-0.511,-0.421,27.7
$IMU,26886.694,-3.723,-21.301,-2.563,0.05419,0.98291,0.03320,28.74
$IMU,26886.696,-3.234,-20.263,-2.380,0.04785,0.99414,0.02832,28.74
$IMU,26886.699,-2.563,-19.653,-2.929,0.04394,1.00048,0.02343,28.74
$IMU,26886.701,-2.014,-19.287,-2.441,0.04443,0.99609,0.00000,28.74
$MAG,26886.702,-0.561,-0.526,-0.424,27.7
$IMU,26886.703,-0.305,-19.531,-1.586,0.03613,1.00634,0.02832,28.74
$IMU,26886.706,-3.662,-17.211,-2.136,0.02587,1.00195,0.10351,28.74
$IMU,26886.708,-7.263,-13.671,-2.929,0.03222,0.97802,0.00634,28.74
$IMU,26886.710,-3.906,-11.108,-2.319,0.05371,0.99951,0.04443,28.74
$MAG,26886.712,-0.565,-0.517,-0.409,27.6
$IMU,26886.713,-2.685,-5.310,-2.624,0.03955,1.00439,0.06298,28.71
$IMU,26886.715,0.183,-1.037,-3.601,0.05126,0.99218,-0.01025,28.71
$IMU,26886.717,4.333,0.183,-3.356,0.03710,1.00830,0.05224,28.71
$IMU,26886.720,3.112,-0.427,-3.540,0.03027,0.99365,0.00976,28.71
$MAG,26886.722,-0.567,-0.522,-0.418,27.7
$IMU,26886.722,5.493,0.122,-3.234,0.02929,0.99707,-0.00439,28.71
$IMU,26886.724,7.141,2.746,-3.112,0.01220,1.01123,0.07031,28.71
$IMU,26886.727,5.249,6.164,-3.112,0.02246,1.00390,0.04003,28.71
$IMU,26886.729,6.896,7.202,-1.586,0.03808,1.01123,-0.01660,28.71
$IMU,26886.731,9.399,6.225,-0.122,0.00488,1.04150,0.02832,28.77
$MAG,26886.732,-0.567,-0.514,-0.423,27.7
$IMU,26886.734,6.347,4.333,-0.976,-0.01953,1.05859,0.08789,28.77
$IMU,26886.736,0.488,3.845,-2.319,-0.03710,1.05126,0.11425,28.77
$IMU,26886.738,-5.432,0.732,-1.953,-0.03955,1.04687,0.04687,28.77
$IMU,26886.741,-6.774,-4.821,-0.305,-0.03857,1.05224,0.06689,28.77
$MAG,26886.742,-0.559,-0.514,-0.418,27.7
$IMU,26886.743,-7.019,-7.751,0.854,-0.01562,1.04882,0.06347,28.77
$IMU,26886.745,-5.615,-9.460,1.220,0.00830,1.05078,0.03857,28.77
$IMU,26886.748,-1.037,-11.108,1.037,0.03613,1.03564,0.02050,28.77
$IMU,26886.750,3.051,-11.596,0.427,0.03759,1.03662,0.05517,28.71
$MAG,26886.752,-0.561,-0.514,-0.420,27.6
$IMU,26886.752,4.272,-10.803,-0.427,0.03906,1.03564,0.05371,28.71
$IMU,26886.755,3.295,-10.864,-0.854,-0.00537,1.03613,0.07910,28.71
$IMU,26886.757,-0.793,-13.366,-1.647,0.00390,1.02539,0.04541,28.71
$IMU,26886.760,-1.953,-13.854,-0.976,0.01806,1.02636,0.01953,28.71
$MAG,26886.762,-0.558,-0.523,-0.423,27.7
$IMU,26886.762,0.366,-14.099,1.159,0.03271,1.02050,-0.02490,28.71
$IMU,26886.764,3.723,-14.343,2.990,0.04736,1.04296,0.02832,28.71
$IMU,26886.767,4.638,-10.986,2.014,0.05957,1.05517,0.02636,28.71
$IMU,26886.769,4.028,-8.422,-0.732,0.05224,1.04443,0.04931,28.73
$IMU,26886.771,-1.647,-6.652,-3.234,-0.00195,1.02050,0.05224,28.73
$MAG,26886.772,-0.556,-0.520,-0.415,27.7
$IMU,26886.774,-10.009,-10.131,-3.723,-0.04687,1.00634,-0.00048,28.73
$IMU,26886.776,-12.329,-16.845,-0.610,-0.02099,0.98388,-0.07275,28.73
$IMU,26886.778,-9.277,-23.193,4.455,-0.00976,1.02441,0.00195,28.73
$IMU,26886.781,-12.207,-25.634,4.638,-0.02832,1.03662,0.05126,28.73
$MAG,26886.783,-0.567,-0.529,-0.417,27.7
$IMU,26886.783,-15.319,-26.916,1.892,-0.00488,0.98828,0.01269,28.73
$IMU,26886.785,-15.930,-27.770,1.525,0.00634,1.00000,0.02246,28.73
$IMU,26886.788,-14.587,-28.503,2.319,0.03271,0.99951,0.00390,28.76
$IMU,26886.790,-13.183,-29.357,3.417,0.04394,1.00195,-0.00976,28.76
$BARO,26886.792,86869.57,28.75
$IMU,26886.792,-11.413,-32.043,2.685,0.03564,1.01708,0.04150,28.76
$MAG,26886.793,-0.562,-0.516,-0.417,27.7
$IMU,26886.795,-13.305,-33.691,-0.305,0.04296,0.98242,-0.00097,28.76
$IMU,26886.797,-8.544,-36.315,-0.366,0.05029,0.96240,0.00634,28.76
$IMU,26886.799,-7.019,-36.743,1.098,0.03662,1.00830,0.16650,28.76
$IMU,26886.802,-9.277,-29.602,0.366,0.05957,0.98437,0.08398,28.76
$MAG,26886.803,-0.570,-0.511,-0.415,27.6
$IMU,26886.804,-4.089,-24.719,0.488,0.06298,1.00146,0.06054,28.76
$IMU,26886.806,1.098,-21.362,-0.671,0.06591,1.00976,0.10058,28.73
$IMU,26886.809,3.112,-16.601,-2.685,0.05761,1.01562,0.12695,28.73
$IMU,26886.811,3.967,-10.620,-4.150,0.01220,1.00927,0.11328,28.73
$MAG,26886.813,-0.553,-0.522,-0.414,27.6
$IMU,26886.813,3.845,-6.774,-5.065,-0.00927,1.01708,0.10839,28.73
$IMU,26886.816,3.906,-4.882,-4.211,-0.00048,1.01660,0.07617,28.73
$IMU,26886.818,5.493,-2.868,-2.441,0.01367,1.00830,0.07080,28.73
$IMU,26886.821,7.751,0.549,-1.037,0.03515,1.00585,0.05957,28.73
$MAG,26886.823,-0.559,-0.523,-0.412,27.6
$IMU,26886.823,8.239,4.516,-1.037,0.01318,1.03320,0.11865,28.73
$IMU,26886.825,3.601,6.408,-3.051,-0.00390,1.02246,0.11230,28.77
$IMU,26886.828,1.037,6.713,-4.394,0.01757,1.00488,0.03808,28.77
$IMU,26886.830,4.455,6.469,-3.234,0.03955,1.00439,0.00000,28.77
$IMU,26886.832,9.216,6.835,-2.136,0.03564,1.01171,0.04687,28.77
$MAG,26886.833,-0.568,-0.516,-0.402,27.6
$IMU,26886.835,9.094,8.178,-2.990,0.02343,1.00244,0.09960,28.77
$IMU,26886.837,5.310,8.666,-4.089,0.01757,0.99414,0.07128,28.77
$HUM,26886.838,34.8,29.1
$IMU,26886.839,1.586,5.981,-4.211,-0.00048,1.00195,0.07373,28.77
$IMU,26886.842,-0.793,3.356,-3.723,0.00781,1.00488,0.03076,28.77
$MAG,26886.843,-0.556,-0.525,-0.418,27.7
$IMU,26886.844,1.220,0.061,-2.075,0.02880,1.00146,0.00732,28.73
$IMU,26886.846,4.211,-2.014,-0.793,0.02099,1.01025,0.06103,28.73
$IMU,26886.849,3.662,-2.624,-1.342,0.02587,0.99511,0.05957,28.73
$IMU,26886.851,3.112,-2.807,-2.258,-0.01269,1.01904,0.08447,28.73
$MAG,26886.853,-0.556,-0.519,-0.420,27.7
$IMU,26886.853,0.000,-3.234,-3.845,0.00244,1.00634,0.04736,28.73
$IMU,26886.856,1.281,-3.906,-2.868,0.01367,0.99267,0.03906,28.73
$IMU,26886.858,2.441,-3.540,-1.586,0.00341,1.01708,0.07617,28.73
$IMU,26886.860,1.647,-2.807,-1.464,-0.00341,1.00195,0.06201,28.73
$MAG,26886.863,-0.559,-0.508,-0.412,27.6
$IMU,26886.863,1.586,-2.197,-1.281,0.00683,0.99218,0.05566,28.73
$IMU,26886.865,2.502,-1.464,-0.488,0.00341,1.00585,0.06201,28.73
$IMU,26886.867,3.051,-0.183,0.122,0.00244,1.01757,0.07324,28.73
$IMU,26886.870,2.685,1.037,0.000,-0.01171,1.02099,0.08593,28.73
$IMU,26886.872,1.037,1.403,-0.976,-0.03564,1.02685,0.09765,28.73
$MAG,26886.873,-0.564,-0.517,-0.414,27.6
$IMU,26886.874,-0.549,0.305,-2.014,-0.03173,1.01953,0.07080,28.73
$IMU,26886.877,-0.244,-0.427,-1.525,-0.02001,1.01464,0.06542,28.73
$IMU,26886.879,0.366,0.061,-0.061,-0.02148,1.01562,0.05957,28.73
$IMU,26886.882,1.159,-0.122,1.098,-0.01611,1.01660,0.05224,28.73
$MAG,26886.883,-0.559,-0.531,-0.415,27.7
$IMU,26886.884,1.586,-0.122,1.586,-0.00781,1.01708,0.04687,28.73
$IMU,26886.886,1.464,0.061,1.708,0.00000,1.01464,0.04199,28.73
$IMU,26886.889,1.159,-0.061,1.464,0.01074,1.00927,0.03564,28.73
$IMU,26886.891,0.854,-0.244,1.281,0.01171,1.01074,0.03369,28.73
$IMU,26886.893,0.427,-0.122,1.342,0.00927,1.00781,0.03320,28.73
$BARO,26886.894,86870.16,28.75
$MAG,26886.894,-0.565,-0.520,-0.409,27.7
$IMU,26886.896,0.000,-0.061,1.586,0.00585,1.00585,0.03173,28.73
$IMU,26886.898,-0.183,-0.305,2.258,0.00830,1.00439,0.03222,28.73
$IMU,26886.900,-0.549,-0.427,3.051,0.00000,1.00537,0.03369,28.73
$IMU,26886.903,-0.976,-0.366,3.906,0.00683,1.01269,0.03515,28.73
$MAG,26886.904,-0.561,-0.522,-0.409,27.6
$IMU,26886.905,-1.464,-0.366,4.272,0.01318,1.01806,0.03222,28.73
$IMU,26886.907,-2.075,-0.183,3.967,0.02685,1.01953,0.03466,28.73
$IMU,26886.910,-2.258,-0.122,3.295,0.02734,1.01757,0.04052,28.73
$IMU,26886.912,-1.892,-0.183,2.746,0.02539,1.00585,0.05224,28.73
$MAG,26886.914,-0.553,-0.522,-0.415,27.7
$IMU,26886.914,-0.915,-0.122,2.685,0.02636,1.01269,0.05517,28.73
$IMU,26886.917,0.183,-0.122,2.929,0.02783,1.04785,0.05566,28.73
$IMU,26886.919,1.525,-0.183,2.685,0.04492,1.11083,0.05664,28.72
$IMU,26886.921,3.051,-0.183,1.342,0.05224,1.12207,0.05419,28.72
$MAG,26886.924,-0.558,-0.510,-0.417,27.7
$IMU,26886.924,4.150,-0.183,-0.427,0.05859,1.09960,0.04687,28.72
$IMU,26886.926,4.760,0.000,-1.770,0.04931,1.05859,0.04980,28.72
$IMU,26886.928,5.371,-0.122,-2.380,0.04101,1.00830,0.06005,28.72
$IMU,26886.931,6.164,-0.183,-2.075,0.03125,0.99169,0.05908,28.72
$IMU,26886.933,7.263,-0.122,-1.281,0.02783,0.98583,0.05468,28.72
$MAG,26886.934,-0.565,-0.514,-0.408,27.7
$IMU,26886.935,8.789,-0.366,-0.854,0.01025,0.91699,0.04931,28.72
$IMU,26886.938,10.192,-0.122,-1.159,-0.00146,0.89355,0.04931,28.75
$IMU,26886.940,11.291,-0.061,-1.220,0.00732,0.94921,0.05175,28.75
$IMU,26886.943,11.718,0.000,-1.525,0.00830,1.03955,0.02929,28.75
$MAG,26886.944,-0.559,-0.519,-0.408,27.7
$IMU,26886.945,10.681,-0.305,-2.807,0.02050,1.03466,0.01269,28.75
$IMU,26886.947,8.911,-0.061,-3.112,0.02685,0.97265,0.00000,28.75
$IMU,26886.950,7.263,0.000,-2.502,0.01367,0.95361,-0.00146,28.75
$IMU,26886.952,5.859,-0.183,-1.220,0.00390,0.94775,0.00146,28.75
$MAG,26886.954,-0.565,-0.534,-0.414,27.7
$IMU,26886.954,4.760,-0.061,0.915,-0.00195,0.96923,-0.00195,28.75
$IMU,26886.957,3.784,-0.061,2.380,0.00878,0.99511,0.00244,28.77
$IMU,26886.959,2.990,-0.305,2.258,0.01513,1.02343,0.01123,28.77
$IMU,26886.961,1.953,-0.305,1.403,0.01953,1.03369,0.01953,28.77
$MAG,26886.964,-0.559,-0.517,-0.408,27.7
$IMU,26886.964,0.915,-0.061,0.122,0.01953,1.02978,0.02832,28.77
$IMU,26886.966,0.427,-0.244,-0.854,0.01611,1.02294,0.03369,28.77
$IMU,26886.968,0.000,0.000,-0.793,0.01025,1.01953,0.04150,28.77
$IMU,26886.971,0.244,-0.061,-0.244,0.00878,1.01220,0.04296,28.77
$IMU,26886.973,0.854,-0.244,0.732,0.01025,1.00878,0.04199,28.77
$MAG,26886.974,-0.565,-0.519,-0.403,27.7
$IMU,26886.975,1.708,-0.183,1.647,0.01562,1.01025,0.04296,28.75
$IMU,26886.978,2.502,0.000,1.892,0.02294,1.02099,0.03808,28.75
$IMU,26886.980,3.112,0.122,1.708,0.03076,1.02099,0.03955,28.75
$IMU,26886.982,3.723,0.000,0.915,0.03515,1.01513,0.04150,28.75
$MAG,26886.984,-0.561,-0.520,-0.406,27.6
$IMU,26886.985,4.089,0.000,-0.244,0.03515,1.00390,0.04296,28.75
$IMU,26886.987,4.699,-0.183,-1.281,0.03466,0.99609,0.04541,28.75
$IMU,26886.989,5.432,-0.244,-1.892,0.02978,0.99755,0.04736,28.75
$IMU,26886.992,6.164,-0.305,-1.770,0.02343,0.99267,0.04785,28.75
$MAG,26886.994,-0.567,-0.520,-0.406,27.7
$IMU,26886.994,6.896,-0.427,-1.342,0.02050,0.99414,0.04541,28.76
$BARO,26886.995,86862.31,28.75
$IMU,26886.996,7.446,-0.122,-0.976,0.01806,0.99853,0.03662,28.76
$IMU,26886.999,7.995,-0.183,-0.915,0.01904,0.99951,0.02929,28.76
$IMU,26887.001,8.239,-0.122,-1.159,0.01855,1.00048,0.02050,28.76
$MAG,26887.004,-0.565,-0.529,-0.412,27.7
$IMU,26887.004,8.178,-0.061,-1.647,0.02392,1.01123,0.01660,28.76
$IMU,26887.006,7.690,0.122,-2.197,0.02001,1.02050,0.01318,28.76
$IMU,26887.008,7.263,-0.061,-2.380,0.01562,1.02246,0.01318,28.76
$IMU,26887.011,6.591,-0.183,-2.197,0.01416,1.02783,0.01269,28.76
$IMU,26887.013,5.920,0.000,-1.770,0.01562,1.02978,0.01562,28.71
$MAG,26887.015,-0.559,-0.526,-0.412,27.6
$IMU,26887.015,5.249,-0.122,-1.342,0.01611,1.02490,0.01464,28.71
$IMU,26887.018,4.577,-0.183,-0.976,0.01953,1.01757,0.01416,28.71
$IMU,26887.020,3.845,0.000,-0.854,0.01660,1.01220,0.01904,28.71
$IMU,26887.022,3.234,0.061,-0.976,0.02294,1.01269,0.02099,28.71
$MAG,26887.025,-0.564,-0.526,-0.408,27.7
$IMU,26887.025,2.685,0.000,-1.220,0.02148,1.02197,0.02539,28.71
$IMU,26887.027,2.502,-0.122,-1.464,0.02099,1.02832,0.02929,28.71
$IMU,26887.029,2.624,-0.183,-1.586,0.01904,1.03125,0.03857,28.71
$IMU,26887.032,3.173,-0.305,-1.647,0.02001,1.02734,0.04101,28.74
$IMU,26887.034,3.845,0.000,-1.525,0.01611,1.02441,0.04345,28.74
$MAG,26887.035,-0.559,-0.520,-0.406,27.7
$IMU,26887.036,5.004,-0.061,-1.342,0.00732,1.01953,0.04150,28.74
$IMU,26887.039,5.920,-0.183,-0.854,0.00537,1.02246,0.04199,28.74
$IMU,26887.041,6.835,-0.122,-0.305,0.00781,1.02490,0.03906,28.74
$IMU,26887.043,7.202,-0.061,0.000,0.01123,1.02832,0.03564,28.74
$MAG,26887.045,-0.567,-0.519,-0.414,27.6
$IMU,26887.046,7.751,-0.061,-0.061,0.02050,1.02685,0.03662,28.74
$IMU,26887.048,8.300,-0.183,-0.610,0.02343,1.02734,0.03369,28.74
$IMU,26887.050,8.911,-0.122,-1.220,0.02246,1.02978,0.03466,28.75
$IMU,26887.053,9.521,-0.183,-1.525,0.02001,1.02734,0.03515,28.75
$MAG,26887.055,-0.559,-0.525,-0.408,27.6
$IMU,26887.055,10.070,-0.244,-1.464,0.01708,1.02343,0.03271,28.75
$IMU,26887.057,10.375,-0.183,-1.098,0.01123,1.02148,0.02929,28.75
$IMU,26887.060,10.681,-0.122,-0.732,0.01220,1.02001,0.02685,28.75
$IMU,26887.062,10.803,-0.244,-0.244,0.00683,1.00097,0.01953,28.75
$MAG,26887.065,-0.558,-0.513,-0.414,27.7
$IMU,26887.065,10.559,-0.183,0.366,0.00439,1.00781,0.00878,28.75
$IMU,26887.067,9.948,-0.366,0.793,0.00781,1.00488,0.00683,28.75
$IMU,26887.069,9.155,-0.366,0.854,0.01171,1.00292,0.00585,28.76
$IMU,26887.072,8.422,-0.183,0.793,0.01416,0.99804,-0.00195,28.76
$IMU,26887.074,7.385,-0.122,0.793,0.01171,1.00195,-0.00390,28.76
$MAG,26887.075,-0.567,-0.519,-0.405,27.7
$IMU,26887.076,6.408,-0.183,0.610,0.01708,0.99511,-0.00634,28.76
$IMU,26887.079,5.249,-0.183,0.427,0.01611,0.99951,-0.01123,28.76
$IMU,26887.081,3.845,-0.061,0.488,0.01855,1.00244,-0.01318,28.76
$IMU,26887.083,2.380,-0.122,0.305,0.01367,1.00390,-0.01318,28.76
$MAG,26887.085,-0.561,-0.523,-0.408,27.7
$IMU,26887.086,0.793,-0.122,0.244,0.01904,1.00830,-0.01513,28.76
$IMU,26887.088,-0.854,-0.061,0.305,0.02099,1.00878,-0.01318,28.75
$IMU,26887.090,-2.563,-0.122,0.122,0.02099,1.01806,-0.01318,28.75
$IMU,26887.093,-4.211,0.000,0.122,0.01269,1.02001,-0.01318,28.75
$MAG,26887.095,-0.558,-0.517,-0.414,27.6
$IMU,26887.095,-5.859,0.000,0.183,0.01074,1.02001,-0.00781,28.75
$BARO,26887.097,86866.55,28.75
$IMU,26887.097,-7.385,0.000,0.366,0.00927,1.01708,-0.00683,28.75
$IMU,26887.100,-8.666,-0.183,0.549,0.01123,1.02050,-0.00097,28.75
$IMU,26887.102,-10.070,-0.122,0.732,0.01416,1.02539,-0.00195,28.75
$IMU,26887.104,-11.352,-0.061,0.854,0.01660,1.02490,0.00292,28.75
$MAG,26887.105,-0.564,-0.523,-0.397,27.6
$IMU,26887.107,-12.451,0.061,0.793,0.01806,1.02246,0.00537,28.73
$IMU,26887.109,-13.305,-0.122,0.732,0.02099,1.02001,0.01269,28.73
$IMU,26887.111,-13.916,0.061,0.732,0.01855,1.01123,0.01953,28.73
$IMU,26887.114,-14.160,0.122,0.976,0.01904,1.01708,0.02392,28.73
$MAG,26887.115,-0.567,-0.519,-0.408,27.7
$IMU,26887.116,-13.793,-0.122,1.159,0.01757,1.02246,0.02880,28.73
$IMU,26887.118,-13.366,0.000,1.403,0.01757,1.02294,0.03417,28.73
$IMU,26887.121,-12.878,0.183,1.525,0.01611,1.02148,0.03857,28.73
$IMU,26887.123,-12.084,0.122,1.708,0.01757,1.02392,0.04443,28.73
$IMU,26887.125,-11.108,0.000,1.770,0.01611,1.02685,0.04199,28.77
$MAG,26887.126,-0.565,-0.522,-0.403,27.6
$IMU,26887.128,-10.192,0.000,1.647,0.01562,1.02050,0.04394,28.77
$IMU,26887.130,-9.277,-0.061,1.525,0.01757,1.01611,0.04589,28.77
$IMU,26887.133,-8.300,-0.183,1.342,0.01806,1.00537,0.04541,28.77
$IMU,26887.135,-7.385,-0.061,1.281,0.01708,0.99902,0.04248,28.77
$MAG,26887.136,-0.559,-0.519,-0.402,27.7
$IMU,26887.137,-6.469,0.061,1.098,0.02490,1.01025,0.04345,28.77
$IMU,26887.140,-5.249,-0.183,0.854,0.02392,1.00732,0.04785,28.77
$IMU,26887.142,-4.333,-0.305,0.732,0.02734,1.01367,0.04638,28.77
$IMU,26887.144,-3.601,-0.122,0.488,0.02636,1.01074,0.04492,28.74
$MAG,26887.146,-0.568,-0.523,-0.412,27.7
$IMU,26887.147,-2.685,-0.183,0.305,0.02539,1.01464,0.04101,28.74
$IMU,26887.149,-1.770,0.000,0.122,0.02490,1.00976,0.04443,28.74
$IMU,26887.151,-1.037,-0.061,0.000,0.02099,1.01074,0.04345,28.74
$IMU,26887.154,-0.305,-0.061,-0.122,0.01757,1.00732,0.04394,28.74
$MAG,26887.156,-0.567,-0.519,-0.417,27.7
$IMU,26887.156,0.427,-0.244,-0.122,0.01855,1.00195,0.03906,28.74
$IMU,26887.158,1.037,0.000,-0.122,0.01562,1.00390,0.04101,28.74
$IMU,26887.161,1.586,0.244,-0.122,0.01513,1.00585,0.03857,28.74
$IMU,26887.163,2.380,0.061,-0.183,0.01611,1.01025,0.03857,28.79
$IMU,26887.165,2.990,0.061,-0.183,0.01806,1.01123,0.03759,28.79
$MAG,26887.166,-0.571,-0.519,-0.406,27.7
$IMU,26887.168,3.601,-0.122,-0.122,0.01953,1.00488,0.03955,28.79
$IMU,26887.170,3.967,-0.122,-0.244,0.01806,1.01025,0.03808,28.79
$IMU,26887.172,4.516,0.000,-0.366,0.02246,1.02099,0.03564,28.79
$IMU,26887.175,5.004,-0.122,-0.488,0.02294,1.01562,0.04101,28.79
$MAG,26887.176,-0.565,-0.522,-0.408,27.6
$IMU,26887.177,5.615,-0.122,-0.732,0.02246,1.01513,0.03710,28.79
$IMU,26887.179,6.225,-0.244,-0.793,0.02246,1.00927,0.03710,28.79
$IMU,26887.182,6.713,-0.366,-0.854,0.02294,1.00878,0.03515,28.75
$IMU,26887.184,7.141,-0.183,-0.854,0.02050,1.00976,0.03515,28.75
$MAG,26887.186,-0.564,-0.525,-0.408,27.7
$IMU,26887.186,7.812,-0.122,-0.976,0.02050,1.01123,0.03564,28.75
$IMU,26887.189,8.300,-0.061,-0.976,0.01757,1.00781,0.03759,28.75
$IMU,26887.191,8.789,-0.183,-0.976,0.01904,1.01220,0.03466,28.75
$IMU,26887.194,9.338,-0.183,-0.976,0.01708,1.01464,0.03271,28.75
$MAG,26887.196,-0.556,-0.514,-0.406,27.7
$IMU,26887.196,9.521,-0.183,-0.915,0.01806,1.01269,0.02929,28.75
$BARO,26887.198,86868.81,28.74
$IMU,26887.198,9.704,0.000,-0.793,0.01806,1.00976,0.02539,28.75
$IMU,26887.201,9.765,-0.183,-0.732,0.01660,1.01513,0.02148,28.72
$IMU,26887.203,9.643,-0.122,-0.732,0.01611,1.01611,0.01660,28.72
$IMU,26887.205,9.399,-0.061,-0.610,0.01611,1.01416,0.01171,28.72
$MAG,26887.206,-0.555,-0.511,-0.396,27.7
$IMU,26887.208,8.850,-0.061,-0.427,0.02001,1.01611,0.01171,28.72
$IMU,26887.210,8.178,-0.122,-0.305,0.01953,1.01855,0.00683,28.72
$IMU,26887.212,7.324,0.000,-0.183,0.01904,1.01855,0.00244,28.72
$IMU,26887.215,6.408,-0.244,0.000,0.02099,1.01220,0.00048,28.72
$MAG,26887.216,-0.571,-0.516,-0.403,27.8
$IMU,26887.217,5.432,-0.122,0.122,0.02099,1.01367,-0.00048,28.72
$IMU,26887.219,4.333,-0.183,0.122,0.02294,1.00683,0.00000,28.74
$IMU,26887.222,3.173,-0.122,0.122,0.01806,1.00585,-0.00292,28.74
$IMU,26887.224,2.014,-0.061,0.061,0.01904,1.00585,-0.00390,28.74
$MAG,26887.226,-0.559,-0.517,-0.403,27.7
$IMU,26887.226,0.915,-0.061,0.000,0.01757,1.00537,-0.00585,28.74
$IMU,26887.229,-0.183,-0.061,-0.122,0.01904,1.00390,-0.00634,28.74
$IMU,26887.231,-1.281,0.000,-0.122,0.01806,1.00781,-0.00390,28.74
$IMU,26887.233,-2.380,0.061,-0.183,0.01611,1.00830,-0.00195,28.74
$IMU,26887.236,-3.479,0.000,-0.183,0.01416,1.00732,-0.00146,28.74
$MAG,26887.237,-0.556,-0.517,-0.412,27.6
$IMU,26887.238,-4.333,-0.122,-0.061,0.01220,1.00292,0.00097,28.74
$IMU,26887.240,-5.371,-0.061,0.244,0.01708,1.00195,0.00390,28.74
$IMU,26887.243,-6.164,0.000,0.427,0.01562,1.00195,0.00732,28.74
$IMU,26887.245,-6.835,-0.122,0.549,0.01806,1.00195,0.00927,28.74
$MAG,26887.247,-0.565,-0.511,-0.412,27.7
$IMU,26887.247,-7.324,0.061,0.549,0.02001,1.00488,0.01025,28.74
$IMU,26887.250,-7.629,-0.183,0.488,0.02050,1.00830,0.01611,28.74
$IMU,26887.252,-7.873,-0.061,0.305,0.01806,1.00976,0.01806,28.74
$IMU,26887.255,-7.995,0.000,0.183,0.01953,1.01220,0.02343,28.74
$IMU,26887.257,-7.934,-0.061,0.244,0.02441,1.01757,0.02539,28.77
$MAG,26887.257,-0.565,-0.517,-0.406,27.7
$IMU,26887.259,-7.812,-0.061,0.183,0.02197,1.02148,0.02587,28.77
$IMU,26887.262,-7.568,0.000,0.305,0.01953,1.01416,0.02832,28.77
$IMU,26887.264,-7.202,-0.061,0.427,0.02197,1.01806,0.03271,28.77
$IMU,26887.266,-6.774,-0.061,0.488,0.02001,1.02050,0.03369,28.77
$MAG,26887.267,-0.568,-0.522,-0.396,27.7
$IMU,26887.269,-6.164,0.000,0.427,0.02197,1.02099,0.03759,28.77
$IMU,26887.271,-5.676,-0.122,0.305,0.01855,1.01904,0.03662,28.77
$IMU,26887.273,-5.065,-0.183,0.305,0.01953,1.01171,0.04003,28.77
$IMU,26887.276,-4.516,-0.061,0.244,0.01660,1.00439,0.03759,28.75
$MAG,26887.277,-0.570,-0.519,-0.408,27.8
$IMU,26887.278,-3.967,-0.122,0.305,0.01855,1.00097,0.03808,28.75
$IMU,26887.280,-3.356,-0.061,0.366,0.01464,0.99658,0.03759,28.75
$IMU,26887.283,-2.624,-0.122,0.427,0.01904,0.99609,0.03564,28.75
$IMU,26887.285,-1.892,-0.183,0.427,0.01953,0.99853,0.03515,28.75
$MAG,26887.287,-0.573,-0.516,-0.406,27.7
$IMU,26887.287,-1.220,-0.183,0.244,0.02148,1.00097,0.03369,28.75
$IMU,26887.290,-0.488,-0.122,0.000,0.02343,1.00000,0.03417,28.75
$IMU,26887.292,0.122,-0.061,-0.122,0.02099,1.00292,0.03369,28.75
$IMU,26887.294,0.732,-0.122,-0.488,0.01611,0.99902,0.03662,28.74
$MAG,26887.297,-0.559,-0.525,-0.408,27.7
$IMU,26887.297,1.220,-0.061,-0.732,0.01806,0.99462,0.03466,28.74
$BARO,26887.299,86858.14,28.74
$IMU,26887.299,1.708,0.122,-0.854,0.01806,0.99414,0.03857,28.74
$IMU,26887.301,2.319,0.122,-1.037,0.01757,1.00048,0.03710,28.74
$IMU,26887.304,2.990,-0.061,-1.037,0.01953,1.00000,0.03564,28.74
$IMU,26887.306,3.662,0.061,-0.793,0.01953,1.00488,0.03515,28.74
$MAG,26887.307,-0.565,-0.513,-0.409,27.6
$IMU,26887.308,4.394,-0.122,-0.732,0.02343,1.01562,0.03466,28.74
$IMU,26887.311,5.004,-0.183,-0.793,0.01953,1.02539,0.03613,28.74
$IMU,26887.313,5.493,-0.183,-0.976,0.02197,1.02685,0.03369,28.73
$IMU,26887.316,5.798,-0.122,-1.220,0.02490,1.02490,0.03125,28.73
$MAG,26887.317,-0.568,-0.516,-0.409,27.7
$IMU,26887.318,6.103,-0.244,-1.464,0.02294,1.02734,0.02929,28.73
$IMU,26887.320,6.225,-0.244,-1.586,0.01806,1.02587,0.02880,28.73
$IMU,26887.323,6.164,0.000,-1.647,0.02148,1.02392,0.02246,28.73
$IMU,26887.325,6.042,0.000,-1.342,0.01806,1.02929,0.02392,28.73
$MAG,26887.327,-0.565,-0.514,-0.402,27.6
$IMU,26887.327,5.920,-0.122,-1.098,0.01806,1.03125,0.01953,28.73
$IMU,26887.330,5.676,0.000,-0.793,0.01904,1.03369,0.01513,28.73
$IMU,26887.332,5.249,-0.183,-0.549,0.02050,1.03320,0.01318,28.72
$IMU,26887.334,4.760,-0.183,-0.366,0.01708,1.03515,0.01318,28.72
$MAG,26887.337,-0.556,-0.514,-0.406,27.8
$IMU,26887.337,4.028,-0.183,-0.610,0.01318,1.03222,0.01416,28.72
$IMU,26887.339,3.173,-0.061,-0.915,0.01367,1.02539,0.01269,28.72
$IMU,26887.341,2.258,0.000,-1.037,0.01367,1.01660,0.00878,28.72
$IMU,26887.344,1.647,-0.305,-0.732,0.01025,1.01806,0.00585,28.72
$IMU,26887.346,0.793,-0.183,-0.366,0.01318,1.02197,0.00585,28.72
$MAG,26887.348,-0.570,-0.510,-0.408,27.7
$IMU,26887.348,0.122,-0.183,0.122,0.01123,1.01757,0.00634,28.72
$IMU,26887.351,-0.610,-0.122,0.427,0.01513,1.02050,0.00634,28.76
$IMU,26887.353,-1.342,-0.122,0.366,0.01416,1.01855,0.00732,28.76
$IMU,26887.355,-2.075,-0.183,0.305,0.01367,1.01367,0.00878,28.76
$MAG,26887.358,-0.558,-0.513,-0.405,27.7
$IMU,26887.358,-2.868,-0.061,0.183,0.01416,1.01025,0.01025,28.76
$IMU,26887.360,-3.479,0.000,0.061,0.01562,1.00634,0.01220,28.76
$IMU,26887.362,-4.028,-0.061,0.122,0.01416,1.00878,0.01220,28.76
$IMU,26887.365,-4.333,-0.122,0.183,0.01318,1.00244,0.01464,28.76
$IMU,26887.367,-4.638,-0.122,0.305,0.01806,0.99658,0.01953,28.76
$MAG,26887.368,-0.561,-0.522,-0.408,27.7
$IMU,26887.369,-4.882,0.000,0.671,0.01416,0.99462,0.01904,28.73
$IMU,26887.372,-4.821,-0.061,0.793,0.01123,0.99707,0.02050,28.73
$IMU,26887.374,-4.821,-0.122,0.976,0.01757,0.99804,0.02587,28.73
$IMU,26887.377,-4.821,-0.122,0.915,0.01660,0.99755,0.02587,28.73
$MAG,26887.378,-0.564,-0.517,-0.400,27.6
$IMU,26887.379,-4.577,0.000,0.854,0.01611,1.00341,0.02587,28.73
$IMU,26887.381,-4.394,0.000,0.671,0.02099,1.00683,0.02880,28.73
$IMU,26887.384,-4.089,-0.061,0.549,0.02001,1.00927,0.03027,28.73
$IMU,26887.386,-3.845,-0.061,0.427,0.01806,1.01269,0.02929,28.73
$MAG,26887.388,-0.562,-0.517,-0.406,27.6
$IMU,26887.388,-3.417,-0.183,0.305,0.02148,1.00976,0.03466,28.78
$IMU,26887.391,-2.990,-0.183,0.305,0.02539,1.01074,0.03125,28.78
$IMU,26887.393,-2.563,-0.061,0.488,0.02490,1.00927,0.03222,28.78
$IMU,26887.395,-2.075,0.000,0.427,0.02539,1.01464,0.03173,28.78
$MAG,26887.398,-0.562,-0.526,-0.417,27.8
$IMU,26887.398,-1.403,-0.122,0.244,0.02441,1.02490,0.02978,28.78
$IMU,26887.400,-0.915,-0.122,-0.061,0.02392,1.02978,0.03662,28.78
$BARO,26887.401,86871.42,28.74
$IMU,26887.402,-0.366,-0.122,-0.427,0.01855,1.03125,0.03759,28.78
$IMU,26887.405,-0.061,0.061,-0.671,0.02099,1.02783,0.03564,28.78
$IMU,26887.407,0.427,-0.061,-0.671,0.02099,1.03076,0.03759,28.75
$MAG,26887.408,-0.573,-0.517,-0.406,27.8
$IMU,26887.409,0.976,-0.061,-0.610,0.02001,1.02343,0.03320,28.75
$IMU,26887.412,1.464,-0.183,-0.427,0.02050,1.01708,0.03369,28.75
$IMU,26887.414,1.953,-0.122,-0.244,0.01708,1.01757,0.03515,28.75
$IMU,26887.416,2.441,-0.061,-0.183,0.02001,1.01757,0.03369,28.75
$MAG,26887.418,-0.565,-0.510,-0.403,27.6
$IMU,26887.419,2.807,0.000,-0.122,0.02001,1.01318,0.03125,28.75
$IMU,26887.421,3.112,-0.061,-0.244,0.01953,1.01123,0.03125,28.75
$IMU,26887.423,3.417,-0.061,-0.488,0.01660,1.00976,0.02929,28.75
$IMU,26887.426,3.662,-0.183,-0.549,0.01562,1.00976,0.02685,28.79
$MAG,26887.428,-0.568,-0.523,-0.412,27.8
$IMU,26887.428,3.906,-0.244,-0.671,0.01464,1.00927,0.02734,28.79
$IMU,26887.430,3.906,-0.061,-0.549,0.01171,1.00830,0.02636,28.79
$IMU,26887.433,3.906,0.000,-0.427,0.01171,1.00927,0.02099,28.79
$IMU,26887.435,3.906,-0.061,-0.183,0.01318,1.00585,0.01904,28.79
$MAG,26887.438,-0.571,-0.522,-0.402,27.7
$IMU,26887.438,3.845,-0.061,-0.061,0.01513,1.00585,0.02148,28.79
$IMU,26887.440,3.784,-0.122,0.061,0.01416,1.01025,0.01855,28.79
$IMU,26887.442,3.662,-0.122,0.244,0.01757,1.00976,0.02099,28.79
$IMU,26887.445,3.417,-0.183,0.244,0.01562,1.01220,0.01660,28.76
$IMU,26887.447,2.990,0.000,0.244,0.01855,1.01367,0.01562,28.76
$MAG,26887.448,-0.562,-0.525,-0.408,27.8
$IMU,26887.449,2.624,-0.061,0.305,0.01953,1.01025,0.01806,28.76
$IMU,26887.452,2.197,-0.122,0.366,0.01953,1.01220,0.01220,28.76
$IMU,26887.454,1.708,-0.183,0.427,0.01904,1.01367,0.01416,28.76
$IMU,26887.456,1.281,-0.122,0.427,0.01953,1.01660,0.01074,28.76
$MAG,26887.458,-0.556,-0.517,-0.412,27.7
$IMU,26887.459,0.793,-0.061,0.427,0.01611,1.02099,0.01269,28.76
$IMU,26887.461,0.366,-0.061,0.488,0.02148,1.02343,0.01171,28.76
$IMU,26887.463,0.000,-0.183,0.427,0.01904,1.02490,0.01318,28.77
$IMU,26887.466,-0.366,-0.244,0.366,0.01953,1.02343,0.01416,28.77
$IMU,26887.468,-0.854,0.061,0.305,0.01953,1.01562,0.01416,28.77
$MAG,26887.469,-0.562,-0.519,-0.403,27.7
$IMU,26887.470,-1.220,0.000,0.305,0.02099,1.01611,0.01562,28.77
$IMU,26887.473,-1.464,-0.061,0.488,0.02050,1.01269,0.01513,28.77
$IMU,26887.475,-1.647,-0.061,0.671,0.01904,1.00781,0.01464,28.77
$IMU,26887.477,-1.831,-0.183,0.793,0.02099,1.00390,0.01660,28.77
$MAG,26887.479,-0.570,-0.516,-0.409,28.0
$IMU,26887.480,-2.014,-0.061,0.915,0.01806,1.00439,0.01660,28.77
$IMU,26887.482,-2.197,-0.061,0.793,0.02099,1.00292,0.01904,28.76
$IMU,26887.484,-2.258,-0.244,0.671,0.02099,1.00341,0.01953,28.76
$IMU,26887.487,-2.197,-0.122,0.427,0.02441,1.00683,0.01904,28.76
$MAG,26887.489,-0.561,-0.511,-0.417,27.8
$IMU,26887.489,-2.136,-0.122,0.183,0.02197,1.00048,0.02050,28.76
$IMU,26887.491,-1.953,-0.122,0.061,0.01757,0.99902,0.02001,28.76
$IMU,26887.494,-1.770,-0.122,0.000,0.01953,1.00000,0.02197,28.76
$IMU,26887.496,-1.647,0.000,0.061,0.02099,0.99902,0.02246,28.76
$IMU,26887.498,-1.525,-0.061,0.122,0.02001,1.00000,0.02636,28.76
$MAG,26887.499,-0.555,-0.517,-0.409,27.7
$IMU,26887.501,-1.342,0.000,0.183,0.02050,1.00292,0.02783,28.73
$BARO,26887.502,86880.10,28.74
$IMU,26887.503,-1.037,-0.122,0.183,0.01904,1.00634,0.02490,28.73
$IMU,26887.506,-0.915,-0.183,0.061,0.02001,1.00292,0.02734,28.73
$IMU,26887.508,-0.732,-0.122,-0.061,0.02197,1.00634,0.02441,28.73
$MAG,26887.509,-0.562,-0.514,-0.406,27.7
$IMU,26887.510,-0.488,-0.061,-0.183,0.02539,1.00585,0.02587,28.73
$IMU,26887.513,-0.366,0.000,-0.305,0.02392,1.01367,0.02441,28.73
$IMU,26887.515,-0.122,-0.061,-0.366,0.02539,1.01367,0.02685,28.73
$IMU,26887.517,0.061,-0.061,-0.488,0.02148,1.01318,0.02539,28.73
$MAG,26887.519,-0.561,-0.523,-0.405,27.6
$IMU,26887.520,0.183,-0.061,-0.488,0.02392,1.01220,0.02636,28.76
$IMU,26887.522,0.366,0.000,-0.549,0.02343,1.01367,0.02490,28.76
$IMU,26887.524,0.549,0.000,-0.671,0.02197,1.01660,0.02343,28.76
$IMU,26887.527,0.610,-0.061,-0.671,0.02148,1.02099,0.02636,28.76
$MAG,26887.529,-0.559,-0.514,-0.411,27.8
$IMU,26887.529,0.671,0.000,-0.732,0.01611,1.02343,0.02441,28.76
$IMU,26887.531,0.610,0.061,-0.671,0.01660,1.02539,0.02490,28.76
$IMU,26887.534,0.549,-0.061,-0.732,0.01855,1.02636,0.02539,28.76
$IMU,26887.536,0.549,0.061,-0.549,0.01904,1.02636,0.02441,28.76
$IMU,26887.538,0.488,-0.061,-0.366,0.01660,1.02783,0.02441,28.75
$MAG,26887.539,-0.565,-0.519,-0.399,27.7
$IMU,26887.541,0.427,-0.183,-0.244,0.01953,1.02539,0.02294,28.75
$IMU,26887.543,0.305,-0.061,-0.183,0.01660,1.02148,0.02246,28.75
$IMU,26887.545,0.244,-0.183,-0.061,0.01757,1.02050,0.02343,28.75
$IMU,26887.548,0.183,-0.061,-0.122,0.01757,1.01757,0.02197,28.75
$MAG,26887.549,-0.567,-0.517,-0.403,27.7
$IMU,26887.550,0.244,-0.122,-0.061,0.01757,1.01171,0.02001,28.75
$IMU,26887.552,0.244,-0.305,-0.122,0.01464,1.01269,0.02050,28.75
$IMU,26887.555,0.122,-0.122,-0.183,0.01708,1.00927,0.02246,28.75
$IMU,26887.557,0.183,-0.183,-0.061,0.01171,1.00830,0.02343,28.75
$MAG,26887.559,-0.561,-0.522,-0.408,27.7
$IMU,26887.559,0.183,-0.122,0.000,0.01416,1.00097,0.02294,28.75
$IMU,26887.562,0.244,-0.122,0.183,0.01464,0.99902,0.02148,28.75
$IMU,26887.564,0.244,-0.183,0.366,0.01269,0.99707,0.02246,28.75
$IMU,26887.567,0.183,-0.122,0.427,0.01757,0.99804,0.02197,28.75
$MAG,26887.569,-0.561,-0.514,-0.403,27.6
$IMU,26887.569,0.305,-0.183,0.427,0.01806,0.99755,0.02197,28.75
$IMU,26887.571,0.183,-0.061,0.427,0.01953,1.00341,0.01953,28.75
$IMU,26887.574,0.061,-0.061,0.305,0.02294,1.00244,0.01855,28.75
$IMU,26887.576,0.122,-0.183,0.183,0.02294,1.00341,0.01953,28.76
$IMU,26887.578,0.122,-0.183,0.061,0.02490,1.01220,0.02050,28.76
$MAG,26887.580,-0.564,-0.516,-0.402,27.7
$IMU,26887.581,0.061,-0.122,-0.061,0.02246,1.00830,0.02246,28.76
$IMU,26887.583,-0.061,-0.061,-0.061,0.02001,1.00732,0.01855,28.76
$IMU,26887.585,-0.183,0.061,-0.122,0.02343,1.01367,0.01953,28.76
$IMU,26887.588,-0.183,-0.061,-0.244,0.02343,1.01562,0.01904,28.76
$MAG,26887.590,-0.565,-0.519,-0.405,27.6
$IMU,26887.590,-0.244,-0.061,-0.122,0.02441,1.01708,0.01806,28.76
$IMU,26887.592,-0.366,-0.183,-0.122,0.02197,1.01904,0.02001,28.76
$IMU,26887.595,-0.366,-0.122,-0.183,0.02148,1.02099,0.01708,28.79
$IMU,26887.597,-0.488,0.000,-0.244,0.01953,1.02148,0.02050,28.79
$IMU,26887.599,-0.549,-0.061,-0.244,0.02197,1.02148,0.01953,28.79
$MAG,26887.600,-0.558,-0.523,-0.408,27.7
$IMU,26887.602,-0.610,-0.183,-0.366,0.01855,1.01757,0.01953,28.79
$BARO,26887.604,86869.81,28.74
$IMU,26887.604,-0.671,-0.061,-0.305,0.02197,1.01855,0.02099,28.79
$IMU,26887.606,-0.854,0.000,-0.366,0.02099,1.01806,0.02197,28.79
$IMU,26887.609,-0.976,0.000,-0.305,0.01855,1.01562,0.02001,28.79
$MAG,26887.610,-0.568,-0.522,-0.408,27.7
$IMU,26887.611,-1.037,-0.122,-0.305,0.01806,1.01562,0.02099,28.79
$IMU,26887.613,-1.098,-0.122,-0.366,0.01904,1.01757,0.02539,28.80
$IMU,26887.616,-1.098,0.061,-0.366,0.01611,1.01562,0.01953,28.80
$IMU,26887.618,-1.098,0.061,-0.427,0.01464,1.01123,0.02099,28.80
$MAG,26887.620,-0.567,-0.514,-0.409,27.8
$IMU,26887.620,-1.037,0.000,-0.366,0.01708,1.01318,0.02148,28.80
$IMU,26887.623,-1.037,0.000,-0.366,0.01220,1.01318,0.02294,28.80
$IMU,26887.625,-0.976,0.061,-0.305,0.01318,1.00634,0.02294,28.80
$IMU,26887.628,-1.037,0.000,-0.183,0.01269,1.00830,0.02490,28.80
$MAG,26887.630,-0.567,-0.514,-0.409,27.7
$IMU,26887.630,-0.793,-0.183,-0.061,0.01318,1.00439,0.02441,28.80
$IMU,26887.632,-0.671,-0.183,-0.061,0.01123,1.00585,0.02246,28.77
$IMU,26887.635,-0.549,-0.061,0.000,0.01513,1.00830,0.02441,28.77
$IMU,26887.637,-0.488,-0.061,0.000,0.01757,1.00927,0.02392,28.77
$IMU,26887.639,-0.366,-0.061,0.061,0.01953,1.00976,0.02392,28.77
$MAG,26887.640,-0.567,-0.514,-0.400,27.7
$IMU,26887.642,-0.244,-0.061,0.000,0.02001,1.01025,0.02343,28.77
$IMU,26887.644,-0.122,-0.122,0.000,0.01904,1.01123,0.02197,28.77
$IMU,26887.646,0.000,-0.183,0.000,0.01904,1.01171,0.02197,28.77
$IMU,26887.649,0.183,-0.305,0.000,0.01757,1.01220,0.02392,28.77
$VBAT,26887.649,4.130
$MAG,26887.650,-0.573,-0.507,-0.415,27.7
$IMU,26887.651,0.244,-0.305,0.061,0.01806,1.01318,0.02148,28.80
$IMU,26887.653,0.183,0.000,0.122,0.01953,1.01367,0.02148,28.80
$IMU,26887.656,0.366,-0.183,0.061,0.02001,1.01416,0.02343,28.80
$IMU,26887.658,0.366,0.000,-0.061,0.01660,1.01562,0.02636,28.80
$MAG,26887.660,-0.564,-0.519,-0.412,27.6
$IMU,26887.660,0.366,0.000,-0.122,0.02197,1.01757,0.02539,28.80
$IMU,26887.663,0.427,-0.122,-0.122,0.02099,1.01855,0.02343,28.80
$IMU,26887.665,0.488,-0.122,-0.122,0.01953,1.02148,0.02246,28.80
$IMU,26887.667,0.610,-0.183,-0.183,0.02148,1.02099,0.01953,28.80
$MAG,26887.670,-0.570,-0.520,-0.408,27.7
$IMU,26887.670,0.549,-0.061,-0.244,0.02099,1.01904,0.02050,28.76
$IMU,26887.672,0.610,-0.183,-0.244,0.02148,1.01806,0.02197,28.76
$IMU,26887.674,0.549,-0.122,-0.305,0.02197,1.01855,0.01806,28.76
$IMU,26887.677,0.488,-0.122,-0.366,0.02343,1.01318,0.02050,28.76
$IMU,26887.679,0.427,-0.122,-0.305,0.01953,1.01416,0.01953,28.76
$MAG,26887.680,-0.561,-0.517,-0.403,27.7
$IMU,26887.681,0.305,-0.122,-0.305,0.02050,1.01074,0.01904,28.76
$IMU,26887.684,0.244,-0.061,-0.305,0.02001,1.00830,0.02294,28.76
$IMU,26887.686,0.305,-0.244,-0.366,0.01855,1.00927,0.02197,28.76
$IMU,26887.689,0.061,-0.061,-0.305,0.02099,1.00976,0.02197,28.78
$MAG,26887.691,-0.571,-0.516,-0.406,27.6
$IMU,26887.691,0.000,0.000,-0.366,0.02099,1.00683,0.01953,28.78
$IMU,26887.693,-0.061,-0.183,-0.366,0.01660,1.00781,0.01953,28.78
$IMU,26887.696,-0.183,-0.183,-0.244,0.01757,1.00781,0.01855,28.78
$IMU,26887.698,-0.305,-0.122,-0.244,0.01708,1.00976,0.01953,28.78
$IMU,26887.700,-0.427,-0.061,-0.244,0.01757,1.01025,0.01855,28.78
$MAG,26887.701,-0.567,-0.519,-0.408,27.7
$IMU,26887.703,-0.488,-0.061,-0.183,0.01611,1.00976,0.01806,28.78
$BARO,26887.705,86852.09,28.74
$IMU,26887.705,-0.488,-0.244,-0.122,0.01464,1.01269,0.02050,28.78
$IMU,26887.707,-0.549,-0.244,-0.122,0.01708,1.00878,0.01953,28.76
$IMU,26887.710,-0.610,-0.122,-0.122,0.01708,1.01171,0.02050,28.76
$MAG,26887.711,-0.568,-0.523,-0.406,27.7
$IMU,26887.712,-0.854,-0.061,-0.061,0.01855,1.01757,0.02099,28.76
$IMU,26887.714,-0.915,-0.061,-0.061,0.01660,1.01269,0.02099,28.76
$IMU,26887.717,-1.037,-0.061,-0.061,0.01806,1.01611,0.02099,28.76
$IMU,26887.719,-1.098,0.000,0.000,0.02197,1.01269,0.02050,28.76
$MAG,26887.721,-0.567,-0.520,-0.406,27.8
$IMU,26887.721,-1.159,-0.122,-0.061,0.02148,1.01562,0.02539,28.76
$IMU,26887.724,-1.220,-0.122,-0.061,0.02001,1.01757,0.02294,28.76
$IMU,26887.726,-1.281,0.061,0.061,0.01757,1.01953,0.02539,28.77
$IMU,26887.728,-1.220,-0.183,-0.061,0.01806,1.01660,0.02148,28.77
$MAG,26887.731,-0.562,-0.516,-0.406,27.7
$IMU,26887.731,-1.159,-0.244,0.000,0.02099,1.01953,0.02294,28.77
$IMU,26887.733,-1.159,-0.122,0.061,0.02148,1.01611,0.02587,28.77
$IMU,26887.735,-1.037,-0.183,-0.061,0.02050,1.01757,0.02343,28.77
$IMU,26887.738,-1.037,0.061,-0.122,0.01904,1.01806,0.02392,28.77
$IMU,26887.740,-0.915,0.061,-0.122,0.01806,1.01416,0.02832,28.77
$MAG,26887.741,-0.570,-0.525,-0.414,27.7
$IMU,26887.742,-0.732,-0.122,-0.183,0.01806,1.01074,0.02343,28.77
$IMU,26887.745,-0.671,-0.122,-0.122,0.01953,1.01074,0.02490,28.77
$IMU,26887.747,-0.549,0.000,-0.183,0.01855,1.00976,0.02783,28.77
$IMU,26887.750,-0.427,-0.061,-0.183,0.02343,1.01220,0.02441,28.77
$MAG,26887.751,-0.568,-0.517,-0.403,27.7
$IMU,26887.752,-0.183,-0.122,-0.122,0.01953,1.01025,0.02490,28.77
$IMU,26887.754,0.000,-0.061,-0.122,0.01953,1.00878,0.02343,28.77
$IMU,26887.757,0.183,-0.183,-0.183,0.01855,1.00683,0.02636,28.77
$IMU,26887.759,0.305,-0.183,-0.183,0.02050,1.01025,0.02490,28.77
$IMU,26887.761,0.427,-0.122,-0.244,0.02001,1.00781,0.02294,28.77
$MAG,26887.761,-0.565,-0.523,-0.408,27.7
$IMU,26887.764,0.427,0.061,-0.244,0.02197,1.00976,0.02587,28.79
$IMU,26887.766,0.488,0.061,-0.244,0.02001,1.00927,0.02441,28.79
$IMU,26887.768,0.671,-0.061,-0.244,0.02001,1.01171,0.02099,28.79
$MAG,26887.771,-0.567,-0.520,-0.409,27.7
$IMU,26887.771,0.793,-0.183,-0.183,0.01708,1.01464,0.02197,28.79
$IMU,26887.773,0.854,-0.122,-0.244,0.01904,1.01171,0.02246,28.79
$IMU,26887.775,0.793,-0.183,-0.244,0.01953,1.01513,0.02001,28.79
$IMU,26887.778,0.732,0.000,-0.244,0.02099,1.01220,0.02148,28.79
$IMU,26887.780,0.671,-0.061,-0.366,0.01708,1.01513,0.02197,28.79
$MAG,26887.781,-0.556,-0.520,-0.411,27.7
$IMU,26887.782,0.610,-0.183,-0.244,0.01757,1.01611,0.01855,28.77
$IMU,26887.785,0.488,-0.061,-0.183,0.01806,1.01562,0.01904,28.77
$IMU,26887.787,0.366,0.000,-0.244,0.01806,1.01806,0.01757,28.77
$IMU,26887.789,0.183,-0.061,-0.183,0.01953,1.01855,0.01611,28.77
$MAG,26887.791,-0.565,-0.513,-0.408,27.6
$IMU,26887.792,0.183,-0.122,-0.122,0.01806,1.01806,0.02050,28.77
$IMU,26887.794,0.061,-0.061,-0.122,0.02148,1.01660,0.01806,28.77
$IMU,26887.796,-0.122,-0.183,-0.061,0.02050,1.01562,0.01806,28.77
$IMU,26887.799,-0.244,-0.183,-0.122,0.02148,1.01708,0.01904,28.77
$IMU,26887.801,-0.366,-0.183,-0.183,0.02099,1.01416,0.01904,28.78
$MAG,26887.802,-0.570,-0.522,-0.412,27.7
$IMU,26887.803,-0.610,0.122,-0.183,0.01757,1.01318,0.01953,28.78
$IMU,26887.806,-0.732,0.122,-0.061,0.01953,1.01171,0.01757,28.78
$BARO,26887.807,86876.42,28.75
$IMU,26887.808,-0.793,-0.061,-0.061,0.01660,1.01318,0.01953,28.78
$IMU,26887.811,-0.854,-0.122,-0.122,0.02001,1.01171,0.02001,28.78
$MAG,26887.812,-0.559,-0.516,-0.408,27.6
$IMU,26887.813,-1.037,-0.183,-0.122,0.01660,1.01269,0.02197,28.78
$IMU,26887.815,-1.037,-0.183,-0.122,0.02099,1.00830,0.01855,28.78
$IMU,26887.818,-1.159,-0.183,-0.061,0.01757,1.01025,0.02148,28.78
$IMU,26887.820,-1.098,-0.122,0.000,0.01855,1.01123,0.02294,28.78
$MAG,26887.822,-0.568,-0.523,-0.409,27.7
$IMU,26887.822,-1.159,-0.122,0.000,0.01855,1.01123,0.01953,28.78
$IMU,26887.825,-1.098,-0.183,0.061,0.01806,1.00830,0.02099,28.78
$IMU,26887.827,-1.037,-0.061,-0.061,0.02246,1.01416,0.02441,28.78
$IMU,26887.829,-1.037,-0.061,0.000,0.01953,1.00781,0.02197,28.78
$MAG,26887.832,-0.556,-0.519,-0.405,27.6
$IMU,26887.832,-0.976,-0.183,0.061,0.01855,1.01074,0.02099,28.78
$IMU,26887.834,-1.037,-0.122,0.000,0.02050,1.01269,0.02587,28.78
$IMU,26887.836,-0.976,-0.122,0.000,0.01855,1.01074,0.02587,28.78
$IMU,26887.839,-0.732,-0.183,-0.061,0.02050,1.01171,0.02490,28.80
$IMU,26887.841,-0.793,-0.183,-0.122,0.02001,1.01416,0.02441,28.80
$MAG,26887.842,-0.567,-0.517,-0.412,27.6
$IMU,26887.843,-0.854,-0.122,-0.061,0.01855,1.01367,0.02490,28.80
$IMU,26887.846,-0.732,-0.061,-0.122,0.02001,1.01367,0.02490,28.80
$IMU,26887.848,-0.610,-0.183,-0.183,0.02148,1.01367,0.02246,28.80
$IMU,26887.850,-0.549,-0.122,-0.122,0.02050,1.01660,0.02148,28.80
$MAG,26887.852,-0.561,-0.511,-0.397,27.7
$IMU,26887.853,-0.488,-0.061,-0.122,0.01806,1.01074,0.02587,28.80
$HUM,26887.854,34.9,29.1
$IMU,26887.855,-0.427,-0.061,-0.122,0.02246,1.01611,0.02343,28.80
$IMU,26887.857,-0.244,-0.244,-0.122,0.02148,1.02001,0.02587,28.82
$IMU,26887.860,-0.122,-0.244,-0.122,0.01904,1.01757,0.02294,28.82
$IMU,26887.862,-0.061,-0.183,-0.183,0.02099,1.01562,0.02490,28.82
$MAG,26887.862,-0.565,-0.519,-0.417,27.8
$IMU,26887.864,-0.061,-0.122,-0.183,0.02197,1.01416,0.02441,28.82
$IMU,26887.867,0.122,-0.061,-0.183,0.01708,1.01660,0.02392,28.82
$IMU,26887.869,0.183,-0.122,-0.183,0.01708,1.01367,0.02392,28.82
$MAG,26887.872,-0.559,-0.519,-0.409,27.7
$IMU,26887.872,0.244,-0.183,-0.244,0.02050,1.01123,0.02343,28.82
$IMU,26887.874,0.366,-0.305,-0.305,0.02001,1.01367,0.02294,28.82
$IMU,26887.876,0.305,-0.183,-0.244,0.01904,1.01367,0.02392,28.76
$IMU,26887.879,0.183,0.000,-0.244,0.02001,1.01025,0.02539,28.76
$IMU,26887.881,0.183,0.000,-0.244,0.02050,1.00781,0.02539,28.76
$MAG,26887.882,-0.558,-0.525,-0.406,27.6
$IMU,26887.883,0.244,-0.122,-0.183,0.01953,1.00830,0.02392,28.76
$IMU,26887.886,0.305,-0.183,-0.061,0.01708,1.00976,0.01855,28.76
$IMU,26887.888,0.305,0.000,-0.061,0.01953,1.00976,0.02392,28.76
$IMU,26887.890,0.305,-0.061,-0.122,0.01708,1.01025,0.02294,28.76
$MAG,26887.892,-0.564,-0.517,-0.400,27.7
$IMU,26887.893,0.244,-0.061,-0.122,0.01953,1.01074,0.02099,28.76
$IMU,26887.895,0.183,-0.061,-0.183,0.01806,1.00683,0.02197,28.77
$IMU,26887.897,0.244,-0.122,-0.183,0.02050,1.00781,0.01953,28.77
$IMU,26887.900,0.183,-0.183,-0.183,0.01757,1.00976,0.02050,28.77
$MAG,26887.902,-0.565,-0.522,-0.412,27.6
$IMU,26887.902,0.000,-0.061,-0.122,0.02050,1.01123,0.01855,28.77
$IMU,26887.904,-0.061,0.061,-0.122,0.01855,1.00927,0.01757,28.77
$IMU,26887.907,-0.061,-0.244,-0.122,0.01855,1.01367,0.01953,28.77
$BARO,26887.908,86869.67,28.74
$IMU,26887.909,-0.122,-0.183,-0.061,0.01660,1.01464,0.02001,28.77
$IMU,26887.911,-0.244,-0.183,-0.122,0.01855,1.01513,0.01757,28.77
$MAG,26887.913,-0.564,-0.519,-0.406,27.7
$IMU,26887.914,-0.305,-0.122,-0.183,0.01904,1.01660,0.02001,28.80
$IMU,26887.916,-0.549,0.000,-0.122,0.01904,1.01318,0.01708,28.80
$IMU,26887.918,-0.671,0.000,-0.122,0.02050,1.01416,0.02050,28.80
$IMU,26887.921,-0.793,0.000,-0.061,0.02001,1.01464,0.01757,28.80
$MAG,26887.923,-0.565,-0.514,-0.403,27.6
$IMU,26887.923,-0.793,-0.061,-0.061,0.01806,1.01367,0.01757,28.80
$IMU,26887.925,-0.976,0.000,-0.061,0.01953,1.01806,0.01660,28.80
$IMU,26887.928,-1.098,-0.061,-0.122,0.01953,1.01708,0.02099,28.80
$IMU,26887.930,-1.159,-0.061,-0.061,0.02050,1.01562,0.02197,28.80
$IMU,26887.932,-1.342,0.000,-0.061,0.02001,1.01855,0.02490,28.76
$MAG,26887.933,-0.562,-0.525,-0.408,27.8
$IMU,26887.935,-1.342,-0.183,-0.122,0.02001,1.01562,0.02246,28.76
$IMU,26887.937,-1.342,-0.183,-0.061,0.01611,1.01660,0.02050,28.76
$IMU,26887.940,-1.403,0.000,-0.183,0.01806,1.01171,0.02001,28.76
$IMU,26887.942,-1.403,-0.183,-0.122,0.02099,1.00976,0.02587,28.76
$MAG,26887.943,-0.561,-0.520,-0.411,27.7
$IMU,26887.944,-1.464,0.061,-0.061,0.01757,1.01318,0.02392,28.76
$IMU,26887.947,-1.281,-0.122,-0.061,0.01513,1.01220,0.02490,28.76
$IMU,26887.949,-1.281,-0.183,-0.122,0.01513,1.01513,0.02246,28.76
$IMU,26887.951,-1.220,-0.122,-0.061,0.01660,1.01269,0.02343,28.77
$MAG,26887.953,-0.559,-0.523,-0.411,27.7
$IMU,26887.954,-1.220,-0.061,-0.061,0.01562,1.01123,0.02441,28.77
$IMU,26887.956,-1.037,0.000,-0.122,0.01660,1.01269,0.02490,28.77
$IMU,26887.958,-0.915,0.000,-0.122,0.01757,1.01220,0.02734,28.77
$IMU,26887.961,-0.732,-0.061,-0.061,0.01757,1.01171,0.02539,28.77
$MAG,26887.963,-0.565,-0.517,-0.397,27.7
$IMU,26887.963,-0.488,-0.244,-0.061,0.02148,1.00878,0.02832,28.77
$IMU,26887.965,-0.366,-0.183,-0.183,0.02099,1.01367,0.02490,28.77
$IMU,26887.968,-0.366,0.061,-0.061,0.02197,1.01367,0.02392,28.77
$IMU,26887.970,-0.183,-0.122,-0.122,0.01953,1.01220,0.02490,28.79
$IMU,26887.972,0.000,-0.183,-0.183,0.01806,1.01269,0.02392,28.79
$MAG,26887.973,-0.574,-0.513,-0.399,27.7
$IMU,26887.975,0.122,-0.122,-0.183,0.01904,1.01416,0.02490,28.79
$IMU,26887.977,0.305,0.000,-0.122,0.01757,1.01416,0.02392,28.79
$IMU,26887.979,0.366,0.000,-0.183,0.01806,1.01708,0.02539,28.79
$IMU,26887.982,0.549,0.000,-0.122,0.02050,1.01562,0.02441,28.79
$MAG,26887.983,-0.567,-0.519,-0.403,27.6
$IMU,26887.984,0.793,-0.122,-0.122,0.01855,1.01464,0.02392,28.79
$IMU,26887.986,0.854,-0.244,-0.122,0.02050,1.01220,0.02246,28.79
$IMU,26887.989,0.854,-0.122,-0.122,0.02050,1.01220,0.02099,28.76
$IMU,26887.991,0.854,-0.061,-0.122,0.01904,1.01562,0.02148,28.76
$MAG,26887.993,-0.562,-0.520,-0.409,27.7
$IMU,26887.993,0.976,-0.061,-0.244,0.02246,1.01513,0.01953,28.76
$IMU,26887.996,0.976,-0.122,-0.305,0.02148,1.01660,0.02490,28.76
$IMU,26887.998,1.037,-0.183,-0.305,0.01708,1.01416,0.02246,28.76
$IMU,26888.001,1.037,-0.183,-0.244,0.01708,1.01367,0.01855,28.76
$MAG,26888.003,-0.564,-0.525,-0.408,27.6
$IMU,26888.003,1.037,-0.061,-0.183,0.01757,1.00830,0.01757,28.76
$IMU,26888.005,0.976,-0.183,-0.305,0.02001,1.01416,0.01855,28.76
$IMU,26888.008,0.793,-0.061,-0.183,0.02001,1.01367,0.01855,28.78
$BARO,26888.010,86871.69,28.74
$IMU,26888.010,0.732,-0.122,-0.244,0.01904,1.01367,0.01660,28.78
$IMU,26888.012,0.610,-0.183,-0.244,0.01806,1.01025,0.01904,28.78
$MAG,26888.013,-0.567,-0.526,-0.408,27.7
$IMU,26888.015,0.488,-0.122,-0.183,0.01806,1.00976,0.01611,28.78
$IMU,26888.017,0.244,-0.061,-0.183,0.02001,1.01318,0.01660,28.78
$IMU,26888.019,0.122,-0.122,-0.122,0.02246,1.00927,0.01611,28.78
$IMU,26888.022,0.000,-0.122,-0.061,0.02343,1.00878,0.01904,28.78
$MAG,26888.024,-0.562,-0.514,-0.405,27.6
$IMU,26888.024,-0.183,-0.122,-0.061,0.02148,1.01171,0.01806,28.78
$IMU,26888.026,-0.427,-0.061,-0.122,0.02001,1.01123,0.01708,28.73
$IMU,26888.029,-0.549,-0.061,-0.122,0.01806,1.01367,0.01611,28.73
$IMU,26888.031,-0.671,-0.061,-0.122,0.01855,1.01367,0.01611,28.73
$IMU,26888.033,-0.793,-0.122,-0.183,0.02099,1.01367,0.01660,28.73
$MAG,26888.034,-0.565,-0.513,-0.406,27.7
$IMU,26888.036,-0.976,-0.244,-0.183,0.01855,1.01171,0.01660,28.73
$IMU,26888.038,-1.220,-0.122,-0.183,0.01904,1.01416,0.01611,28.73
$IMU,26888.040,-1.342,-0.122,-0.061,0.02001,1.01171,0.01904,28.73
$IMU,26888.043,-1.464,-0.122,-0.061,0.01953,1.01220,0.02197,28.73
$MAG,26888.044,-0.558,-0.525,-0.406,27.7
$IMU,26888.045,-1.525,-0.061,0.000,0.02343,1.01269,0.01757,28.74
$IMU,26888.047,-1.586,-0.122,0.000,0.01855,1.01269,0.02050,28.74
$IMU,26888.050,-1.647,-0.122,0.000,0.02148,1.01318,0.02246,28.74
$IMU,26888.052,-1.708,0.000,0.061,0.02050,1.01220,0.02246,28.74
$MAG,26888.054,-0.565,-0.513,-0.397,27.7
$IMU,26888.054,-1.831,-0.122,-0.061,0.01855,1.01220,0.02197,28.74
$IMU,26888.057,-1.770,0.000,0.000,0.02148,1.01318,0.02343,28.74
$IMU,26888.059,-1.831,0.061,-0.061,0.01708,1.01464,0.02343,28.74
$IMU,26888.062,-1.708,-0.122,-0.061,0.01757,1.01464,0.02490,28.74
$MAG,26888.064,-0.561,-0.526,-0.408,28.1
$IMU,26888.064,-1.586,-0.122,-0.061,0.01660,1.01171,0.02392,28.76
$IMU,26888.066,-1.586,-0.061,-0.061,0.01953,1.01464,0.02832,28.76
$IMU,26888.069,-1.403,-0.122,-0.061,0.01904,1.01513,0.02587,28.76
$IMU,26888.071,-1.281,-0.061,-0.061,0.01757,1.01367,0.02880,28.76
$IMU,26888.073,-1.159,0.000,0.000,0.01904,1.01220,0.02539,28.76
$MAG,26888.074,-0.555,-0.519,-0.409,27.7
$IMU,26888.076,-1.037,-0.183,-0.061,0.01953,1.00830,0.02880,28.76
$IMU,26888.078,-0.854,-0.183,-0.061,0.01904,1.01025,0.02880,28.76
$IMU,26888.080,-0.610,-0.061,-0.122,0.02099,1.01074,0.02880,28.76
$IMU,26888.083,-0.366,-0.244,-0.183,0.01904,1.01025,0.02734,28.81
$MAG,26888.084,-0.570,-0.517,-0.403,27.7
$IMU,26888.085,-0.305,-0.061,-0.183,0.01708,1.00976,0.02587,28.81
$IMU,26888.087,-0.061,-0.122,-0.122,0.01904,1.01123,0.02685,28.81
$IMU,26888.090,0.244,-0.183,-0.183,0.02294,1.00732,0.02685,28.81
$IMU,26888.092,0.366,-0.183,-0.183,0.01660,1.00927,0.02783,28.81
$MAG,26888.094,-0.570,-0.513,-0.411,27.6
$IMU,26888.094,0.488,-0.122,-0.244,0.02148,1.01367,0.02832,28.81
$IMU,26888.097,0.488,0.000,-0.183,0.01757,1.01269,0.02490,28.81
$IMU,26888.099,0.671,-0.122,-0.183,0.02050,1.01220,0.02343,28.81
$IMU,26888.101,0.793,-0.061,-0.183,0.02050,1.00976,0.02685,28.78
$MAG,26888.104,-0.568,-0.525,-0.405,27.7
$IMU,26888.104,0.915,-0.244,-0.183,0.02148,1.01220,0.02441,28.78
$IMU,26888.106,0.854,0.000,-0.244,0.01953,1.01220,0.02294,28.78
$IMU,26888.108,0.976,0.000,-0.183,0.01953,1.01123,0.02392,28.78
$BARO,26888.111,86867.60,28.74
$IMU,26888.111,0.915,-0.122,-0.183,0.01904,1.01074,0.02246,28.78
$IMU,26888.113,0.976,-0.183,-0.183,0.01757,1.01025,0.02246,28.78
$MAG,26888.114,-0.562,-0.519,-0.408,27.8
$IMU,26888.115,0.854,-0.183,-0.244,0.01904,1.01269,0.02294,28.78
$IMU,26888.118,0.671,0.000,-0.244,0.02099,1.01367,0.02343,28.78
$IMU,26888.120,0.610,-0.061,-0.244,0.02001,1.01220,0.02099,28.75
$IMU,26888.123,0.549,-0.122,-0.183,0.01806,1.01025,0.01806,28.75
$MAG,26888.124,-0.562,-0.519,-0.399,27.6
$IMU,26888.125,0.488,-0.183,-0.122,0.02099,1.01025,0.01953,28.75
$IMU,26888.127,0.305,-0.122,-0.183,0.02148,1.00976,0.02148,28.75
$IMU,26888.130,0.122,-0.061,-0.183,0.01953,1.01269,0.02099,28.75
$IMU,26888.132,0.000,-0.061,-0.183,0.02197,1.01367,0.02050,28.75
$IMU,26888.134,-0.305,0.061,-0.183,0.02050,1.01611,0.01806,28.75
$MAG,26888.135,-0.559,-0.514,-0.408,28.1
$IMU,26888.137,-0.427,-0.061,-0.122,0.01855,1.01123,0.01806,28.75
$IMU,26888.139,-0.488,-0.183,-0.122,0.01757,1.00878,0.01855,28.80
$IMU,26888.141,-0.671,-0.061,-0.061,0.01904,1.01611,0.02099,28.80
$IMU,26888.144,-0.793,-0.061,-0.061,0.01708,1.01269,0.02050,28.80
$MAG,26888.145,-0.559,-0.525,-0.411,27.7
$IMU,26888.146,-1.037,0.000,-0.122,0.01953,1.01025,0.02001,28.80
$IMU,26888.148,-1.098,-0.122,0.000,0.02099,1.01269,0.02001,28.80
$IMU,26888.151,-1.159,-0.122,0.000,0.01757,1.01269,0.02001,28.80
$IMU,26888.153,-1.159,-0.305,-0.061,0.02148,1.01123,0.01953,28.80
$MAG,26888.155,-0.559,-0.522,-0.406,27.7
$IMU,26888.155,-1.220,-0.122,-0.061,0.02050,1.01074,0.02050,28.80
$IMU,26888.158,-1.342,0.000,-0.061,0.01904,1.01269,0.02099,28.83
$IMU,26888.160,-1.281,-0.122,0.000,0.02001,1.01025,0.02343,28.83
$IMU,26888.162,-1.220,-0.122,-0.061,0.01708,1.01074,0.02099,28.83
$MAG,26888.165,-0.558,-0.522,-0.411,27.8
$IMU,26888.165,-1.220,-0.122,-0.061,0.02001,1.00830,0.02392,28.83
$IMU,26888.167,-1.159,-0.061,-0.122,0.01562,1.00976,0.02343,28.83
$IMU,26888.169,-1.098,-0.122,-0.061,0.01660,1.00976,0.02392,28.83
$IMU,26888.172,-1.098,0.061,-0.061,0.01562,1.01269,0.02148,28.83
$IMU,26888.174,-0.915,0.061,-0.061,0.02001,1.01171,0.02490,28.83
$MAG,26888.175,-0.564,-0.519,-0.412,28.0
$IMU,26888.176,-0.732,-0.122,-0.061,0.01660,1.01123,0.02246,28.76
$IMU,26888.179,-0.671,-0.244,-0.061,0.01660,1.01269,0.02783,28.76
$IMU,26888.181,-0.610,-0.183,-0.183,0.02148,1.01318,0.02685,28.76
$IMU,26888.184,-0.549,-0.122,-0.183,0.02001,1.01464,0.02587,28.76
$MAG,26888.185,-0.562,-0.508,-0.408,28.1
$IMU,26888.186,-0.610,0.000,-0.122,0.02197,1.01562,0.02246,28.76
$IMU,26888.188,-0.427,-0.122,-0.122,0.02050,1.01611,0.02685,28.76
$IMU,26888.191,-0.305,0.000,-0.122,0.02099,1.01562,0.02441,28.76
$IMU,26888.193,-0.244,-0.122,-0.183,0.01855,1.01416,0.02490,28.76
$MAG,26888.195,-0.564,-0.523,-0.414,27.8
$IMU,26888.195,-0.061,-0.183,-0.244,0.02001,1.01464,0.02539,28.76
$IMU,26888.198,-0.122,0.061,-0.244,0.02050,1.01318,0.02441,28.76
$IMU,26888.200,-0.061,0.000,-0.244,0.02050,1.01562,0.02441,28.76
$IMU,26888.202,0.061,-0.122,-0.183,0.02197,1.01367,0.02441,28.76
$MAG,26888.205,-0.567,-0.519,-0.415,27.8
$IMU,26888.205,0.122,-0.244,-0.183,0.02099,1.01953,0.02197,28.76
$IMU,26888.207,0.183,-0.183,-0.244,0.01904,1.01562,0.02099,28.76
$IMU,26888.209,0.183,-0.183,-0.183,0.01904,1.01367,0.02343,28.76
$IMU,26888.212,0.244,-0.061,-0.183,0.01904,1.01220,0.02392,28.76
$BARO,26888.213,86871.42,28.74
$IMU,26888.214,0.183,-0.061,-0.183,0.01855,1.01220,0.02197,28.78
$MAG,26888.215,-0.564,-0.519,-0.411,28.0
$IMU,26888.216,0.244,-0.244,-0.122,0.01855,1.01367,0.02343,28.78
$IMU,26888.219,0.305,-0.183,-0.183,0.01611,1.01220,0.02148,28.78
$IMU,26888.221,0.244,-0.183,-0.183,0.01855,1.01074,0.02294,28.78
$IMU,26888.223,0.061,0.000,-0.183,0.01757,1.01220,0.02294,28.78
$MAG,26888.225,-0.562,-0.517,-0.414,27.8
$IMU,26888.226,0.183,-0.061,-0.122,0.01953,1.01757,0.02001,28.78
$IMU,26888.228,0.122,-0.061,-0.122,0.01904,1.00976,0.02392,28.78
$IMU,26888.230,0.122,-0.183,-0.122,0.02001,1.01074,0.02490,28.78
$IMU,26888.233,0.061,-0.244,-0.122,0.02197,1.01171,0.02148,28.76
$MAG,26888.235,-0.571,-0.519,-0.406,27.6
$IMU,26888.235,0.061,-0.305,-0.061,0.01904,1.01269,0.02148,28.76
$IMU,26888.237,-0.122,-0.122,-0.061,0.01757,1.01269,0.02294,28.76
$IMU,26888.240,-0.244,0.061,-0.061,0.02001,1.01220,0.02343,28.76
$IMU,26888.242,-0.183,-0.183,-0.122,0.01953,1.01171,0.02246,28.76
$IMU,26888.245,-0.244,-0.122,-0.122,0.02148,1.01269,0.02050,28.76
$MAG,26888.246,-0.567,-0.514,-0.414,27.7
$IMU,26888.247,-0.366,0.061,-0.122,0.02001,1.01220,0.02050,28.76
$IMU,26888.249,-0.427,-0.122,-0.122,0.01708,1.01220,0.01953,28.76
$IMU,26888.252,-0.427,0.000,-0.122,0.02001,1.01367,0.02050,28.79
$IMU,26888.254,-0.427,-0.122,-0.122,0.01855,1.01318,0.02539,28.79
$MAG,26888.256,-0.570,-0.525,-0.409,27.7
$IMU,26888.256,-0.610,0.000,-0.061,0.01660,1.01513,0.02392,28.79
$IMU,26888.259,-0.610,-0.183,-0.061,0.02099,1.01171,0.02050,28.79
$IMU,26888.261,-0.488,-0.244,-0.122,0.02050,1.01611,0.02050,28.79
$IMU,26888.263,-0.793,0.244,-0.061,0.02197,1.01513,0.02392,28.79
$MAG,26888.266,-0.562,-0.514,-0.406,28.0
$IMU,26888.266,-0.732,0.061,-0.061,0.01953,1.01318,0.02099,28.79
$IMU,26888.268,-0.610,-0.061,-0.183,0.01953,1.01171,0.02246,28.79
$IMU,26888.270,-0.610,-0.122,-0.244,0.01611,1.01171,0.02197,28.79
$IMU,26888.273,-0.671,0.000,-0.305,0.01806,1.01513,0.02099,28.79
$IMU,26888.275,-0.671,-0.061,-0.244,0.02050,1.01269,0.02148,28.79
$MAG,26888.276,-0.561,-0.523,-0.402,27.6
$IMU,26888.277,-0.671,-0.061,-0.183,0.01757,1.01367,0.02490,28.79
$IMU,26888.280,-0.488,-0.183,-0.122,0.02148,1.01220,0.02343,28.79
$IMU,26888.282,-0.427,-0.183,-0.122,0.02099,1.01318,0.02539,28.79
$IMU,26888.284,-0.427,-0.183,-0.122,0.01757,1.01220,0.02392,28.79
$MAG,26888.286,-0.562,-0.513,-0.397,27.7
$IMU,26888.287,-0.488,0.000,-0.122,0.01611,1.01220,0.02685,28.79
$IMU,26888.289,-0.549,0.061,-0.244,0.01611,1.01220,0.02636,28.76
$IMU,26888.291,-0.427,-0.122,-0.183,0.02001,1.01171,0.02294,28.76
$IMU,26888.294,-0.488,0.061,-0.183,0.01708,1.01171,0.02392,28.76
$MAG,26888.296,-0.571,-0.514,-0.412,27.7
$IMU,26888.296,-0.427,0.061,-0.244,0.01660,1.01367,0.02343,28.76
$IMU,26888.298,-0.244,-0.061,-0.244,0.01757,1.01367,0.02343,28.76
$IMU,26888.301,-0.183,0.000,-0.183,0.01757,1.01123,0.02197,28.76
$IMU,26888.303,-0.183,0.000,-0.061,0.01806,1.01269,0.02343,28.76
$MAG,26888.306,-0.561,-0.510,-0.402,27.7
$IMU,26888.306,-0.061,-0.183,-0.122,0.01806,1.01416,0.02490,28.76
$IMU,26888.308,-0.061,-0.122,-0.122,0.01757,1.01074,0.02441,28.77
$IMU,26888.310,0.000,-0.122,-0.061,0.02099,1.01367,0.02148,28.77
$IMU,26888.313,0.000,-0.061,-0.183,0.01953,1.01708,0.02246,28.77
$BARO,26888.314,86863.57,28.74
$IMU,26888.315,-0.061,-0.183,-0.122,0.01806,1.01367,0.02246,28.77
$MAG,26888.316,-0.565,-0.513,-0.405,27.6
$IMU,26888.317,0.000,-0.122,-0.122,0.01660,1.01318,0.02099,28.77
$IMU,26888.320,0.061,-0.122,-0.183,0.01757,1.01367,0.02392,28.77
$IMU,26888.322,0.061,-0.183,-0.122,0.01660,1.01220,0.02343,28.77
$IMU,26888.324,-0.061,0.000,-0.183,0.02343,1.00976,0.02392,28.77
$MAG,26888.326,-0.564,-0.520,-0.412,27.7
$IMU,26888.327,0.000,0.000,-0.183,0.02099,1.01123,0.02246,28.80
$IMU,26888.329,0.000,0.000,-0.183,0.02246,1.01318,0.02148,28.80
$IMU,26888.331,0.061,-0.061,-0.122,0.01708,1.01171,0.02001,28.80
$IMU,26888.334,0.122,-0.183,-0.183,0.01855,1.01562,0.02294,28.80
$MAG,26888.336,-0.565,-0.511,-0.400,27.7
$IMU,26888.336,0.061,-0.122,-0.122,0.02001,1.01123,0.02197,28.80
$IMU,26888.338,-0.061,0.061,0.061,0.02099,1.01220,0.02148,28.80
$IMU,26888.341,-0.122,-0.061,-0.061,0.02001,1.01074,0.02294,28.80
$IMU,26888.343,-0.122,-0.122,-0.122,0.01855,1.01171,0.02294,28.80
$IMU,26888.345,-0.183,-0.122,-0.183,0.02099,1.01025,0.02392,28.76
$MAG,26888.346,-0.558,-0.517,-0.405,27.7
$IMU,26888.348,-0.244,-0.061,-0.122,0.01953,1.01416,0.02539,28.76
$IMU,26888.350,-0.305,-0.122,-0.244,0.02050,1.01367,0.02294,28.76
$IMU,26888.352,-0.244,-0.244,-0.244,0.01855,1.01025,0.02246,28.76
$IMU,26888.355,-0.366,-0.122,-0.183,0.02050,1.01318,0.02099,28.76
$MAG,26888.357,-0.567,-0.516,-0.412,27.8
$IMU,26888.357,-0.427,-0.122,-0.061,0.02001,1.01025,0.01953,28.76
$IMU,26888.359,-0.366,-0.183,0.000,0.02099,1.01464,0.02246,28.76
$IMU,26888.362,-0.549,-0.061,0.061,0.01953,1.01464,0.02246,28.76
$IMU,26888.364,-0.549,-0.122,0.000,0.02001,1.01367,0.01953,28.80
$IMU,26888.366,-0.610,0.000,-0.061,0.02148,1.01171,0.02148,28.80
$MAG,26888.367,-0.573,-0.522,-0.414,27.7
$IMU,26888.369,-0.671,0.061,-0.122,0.02148,1.01464,0.02099,28.80
$IMU,26888.371,-0.732,0.122,-0.183,0.02099,1.01074,0.02246,28.80
$IMU,26888.374,-0.793,0.000,-0.183,0.02050,1.01367,0.02441,28.80
$IMU,26888.376,-0.793,-0.061,-0.122,0.02050,1.01220,0.02490,28.80
$MAG,26888.377,-0.559,-0.516,-0.405,27.7
$IMU,26888.378,-0.793,0.000,-0.122,0.01953,1.00976,0.02392,28.80
$IMU,26888.381,-0.671,-0.183,-0.061,0.01855,1.01318,0.02099,28.80
$IMU,26888.383,-0.671,-0.305,-0.122,0.01855,1.01513,0.02001,28.81
$IMU,26888.385,-0.732,-0.061,-0.061,0.01757,1.01171,0.02050,28.81
$MAG,26888.387,-0.567,-0.519,-0.403,27.6
$IMU,26888.388,-0.793,0.000,-0.122,0.01757,1.01367,0.02197,28.81
$IMU,26888.390,-0.854,0.000,-0.061,0.01708,1.01367,0.02294,28.81
$IMU,26888.392,-0.793,-0.061,-0.061,0.01562,1.01123,0.02392,28.81
$IMU,26888.395,-0.793,-0.122,-0.061,0.01806,1.00976,0.02539,28.81
$MAG,26888.397,-0.556,-0.519,-0.411,27.8
$IMU,26888.397,-0.732,-0.122,-0.061,0.02246,1.01367,0.02441,28.81
$IMU,26888.399,-0.732,-0.061,0.000,0.01953,1.01123,0.02490,28.81
$IMU,26888.402,-0.793,-0.061,0.000,0.01757,1.01318,0.02783,28.76
$IMU,26888.404,-0.732,-0.061,-0.061,0.01855,1.01220,0.02685,28.76
$IMU,26888.406,-0.610,-0.183,-0.122,0.01855,1.01074,0.02294,28.76
$MAG,26888.407,-0.570,-0.513,-0.412,27.7
$IMU,26888.409,-0.549,-0.244,-0.183,0.01806,1.01123,0.02636,28.76
$IMU,26888.411,-0.427,-0.244,-0.244,0.02099,1.01171,0.02490,28.76
$IMU,26888.413,-0.305,-0.183,-0.122,0.01855,1.01074,0.02587,28.76
$BARO,26888.415,86863.82,28.74
$IMU,26888.416,-0.427,0.061,-0.122,0.02294,1.01318,0.02539,28.76
$MAG,26888.417,-0.565,-0.522,-0.400,28.1
$IMU,26888.418,-0.305,-0.183,-0.061,0.02490,1.00976,0.02294,28.76
$IMU,26888.420,-0.244,-0.183,0.061,0.02343,1.01611,0.02246,28.84
$IMU,26888.423,-0.244,0.000,0.061,0.02148,1.01269,0.02539,28.84
$IMU,26888.425,-0.244,-0.122,0.000,0.01953,1.01416,0.02490,28.84
$MAG,26888.427,-0.562,-0.517,-0.406,27.7
$IMU,26888.427,-0.183,0.000,0.000,0.02246,1.01074,0.02636,28.84
$IMU,26888.430,-0.122,0.000,-0.122,0.02099,1.01220,0.02392,28.84
$IMU,26888.432,0.000,-0.061,-0.183,0.02001,1.01074,0.02392,28.84
$IMU,26888.435,0.061,-0.305,-0.183,0.02343,1.01318,0.02294,28.84
$MAG,26888.437,-0.556,-0.513,-0.405,27.8
$IMU,26888.437,0.122,-0.122,-0.244,0.02050,1.00976,0.02392,28.84
$IMU,26888.439,0.061,-0.244,-0.244,0.01904,1.01269,0.02441,28.78
$IMU,26888.442,0.000,-0.122,-0.183,0.01953,1.01123,0.02197,28.78
$IMU,26888.444,0.000,-0.061,0.000,0.02001,1.00927,0.02441,28.78
$IMU,26888.446,0.061,-0.061,-0.122,0.02001,1.01269,0.02099,28.78
$MAG,26888.447,-0.570,-0.514,-0.397,27.7
$IMU,26888.449,0.061,-0.122,-0.122,0.01953,1.01416,0.02050,28.78
$IMU,26888.451,0.000,-0.122,-0.183,0.02050,1.01367,0.02148,28.78
$IMU,26888.453,-0.122,-0.183,-0.183,0.01855,1.01318,0.02294,28.78
$IMU,26888.456,-0.061,-0.305,-0.244,0.02099,1.00927,0.02294,28.78
$MAG,26888.457,-0.574,-0.520,-0.417,27.8
$IMU,26888.458,-0.244,0.000,-0.244,0.02148,1.01513,0.02197,28.79
$IMU,26888.460,-0.305,-0.122,-0.183,0.01904,1.01220,0.02343,28.79
$IMU,26888.463,-0.366,-0.061,-0.122,0.01904,1.01562,0.02099,28.79
$IMU,26888.465,-0.366,-0.122,0.000,0.02001,1.01123,0.02099,28.79
$IMU,26888.467,-0.427,-0.305,-0.061,0.02148,1.01708,0.02246,28.79
$MAG,26888.468,-0.562,-0.523,-0.403,27.7
$IMU,26888.470,-0.549,-0.061,-0.122,0.01904,1.01806,0.02490,28.79
$IMU,26888.472,-0.549,-0.061,-0.183,0.01708,1.01708,0.02343,28.79
$IMU,26888.474,-0.671,-0.122,-0.244,0.01757,1.01904,0.02490,28.79
$IMU,26888.477,-0.793,0.000,-0.244,0.02050,1.01513,0.02441,28.76
$MAG,26888.478,-0.558,-0.517,-0.405,27.7
$IMU,26888.479,-0.854,-0.122,-0.244,0.01904,1.01464,0.02539,28.76
$IMU,26888.481,-0.854,-0.244,-0.183,0.02001,1.01562,0.02441,28.76
$IMU,26888.484,-0.854,-0.183,-0.122,0.02001,1.01269,0.02246,28.76
$IMU,26888.486,-0.793,-0.183,-0.061,0.01904,1.00976,0.02148,28.76
$MAG,26888.488,-0.568,-0.519,-0.406,27.7
$IMU,26888.488,-0.976,-0.183,0.000,0.01953,1.01269,0.02246,28.76
$IMU,26888.491,-0.976,-0.061,0.061,0.01806,1.01464,0.02490,28.76
$IMU,26888.493,-0.854,-0.061,0.000,0.02099,1.01416,0.02246,28.76
$IMU,26888.496,-0.854,-0.122,-0.061,0.01953,1.01269,0.02343,28.76
$MAG,26888.498,-0.561,-0.519,-0.406,27.6
$IMU,26888.498,-0.854,-0.061,-0.061,0.02001,1.01416,0.02441,28.76
$IMU,26888.500,-0.671,-0.061,-0.244,0.01953,1.01171,0.02539,28.76
$IMU,26888.503,-0.610,-0.122,-0.183,0.01904,1.01123,0.02587,28.76
$IMU,26888.505,-0.549,-0.061,-0.122,0.01855,1.01025,0.02636,28.76
$IMU,26888.507,-0.366,-0.061,-0.183,0.01806,1.01464,0.02734,28.76
$MAG,26888.508,-0.567,-0.514,-0.403,27.6
$IMU,26888.510,-0.305,-0.183,-0.183,0.01660,1.01074,0.02539,28.76
$IMU,26888.512,-0.183,-0.183,-0.122,0.01806,1.01269,0.02587,28.76
$IMU,26888.514,-0.122,-0.061,-0.061,0.01660,1.01123,0.02246,28.77
$BARO,26888.517,86861.01,28.74
$IMU,26888.517,0.000,0.061,-0.122,0.02099,1.01708,0.02539,28.77
$MAG,26888.518,-0.565,-0.523,-0.417,27.7
$IMU,26888.519,0.061,-0.061,-0.122,0.02001,1.01074,0.02294,28.77
$IMU,26888.521,0.183,-0.183,-0.183,0.02050,1.01318,0.02490,28.77
$IMU,26888.524,0.305,-0.183,-0.244,0.02050,1.01367,0.02343,28.77
$IMU,26888.526,0.244,-0.061,-0.305,0.02197,1.01318,0.02734,28.77
$MAG,26888.528,-0.561,-0.526,-0.412,27.7
$IMU,26888.528,0.366,-0.061,-0.244,0.01904,1.01318,0.02441,28.77
$IMU,26888.531,0.305,0.000,-0.244,0.01806,1.01269,0.02539,28.77
$IMU,26888.533,0.366,-0.061,-0.305,0.01757,1.01513,0.02539,28.80
$IMU,26888.535,0.366,-0.122,-0.244,0.01757,1.01171,0.02490,28.80
$MAG,26888.538,-0.568,-0.522,-0.403,27.7
$IMU,26888.538,0.427,-0.122,-0.305,0.01708,1.01562,0.02343,28.80
$IMU,26888.540,0.427,-0.061,-0.366,0.01855,1.01708,0.02197,28.80
$IMU,26888.542,0.366,0.061,-0.305,0.01757,1.01562,0.02343,28.80
$IMU,26888.545,0.305,0.000,-0.244,0.01855,1.01611,0.02343,28.80
$IMU,26888.547,0.366,-0.061,-0.183,0.02001,1.01416,0.02197,28.80
$MAG,26888.548,-0.564,-0.517,-0.397,27.7
$IMU,26888.549,0.305,-0.122,-0.183,0.01855,1.01171,0.02197,28.80
$IMU,26888.552,0.305,-0.122,-0.061,0.01904,1.01367,0.02197,28.79
$IMU,26888.554,0.183,-0.061,-0.061,0.02099,1.00976,0.02294,28.79
$IMU,26888.557,0.183,-0.122,-0.183,0.02099,1.01611,0.02099,28.79
$MAG,26888.558,-0.561,-0.519,-0.411,27.7
$IMU,26888.559,0.183,0.000,-0.244,0.01904,1.01367,0.02246,28.79
$IMU,26888.561,0.122,-0.183,-0.183,0.01708,1.01464,0.02001,28.79
$IMU,26888.564,0.061,-0.122,-0.305,0.01904,1.01562,0.02197,28.79
$IMU,26888.566,0.000,0.000,-0.305,0.02001,1.01416,0.02099,28.79
$MAG,26888.568,-0.556,-0.516,-0.402,27.6
$IMU,26888.568,0.061,-0.061,-0.183,0.01953,1.01611,0.02490,28.79
$IMU,26888.571,0.122,0.000,-0.244,0.02197,1.01123,0.02246,28.77
$IMU,26888.573,0.061,-0.061,-0.183,0.01855,1.01562,0.02197,28.77
$IMU,26888.575,0.122,-0.183,-0.061,0.01806,1.01416,0.02197,28.77
$IMU,26888.578,0.061,0.000,-0.061,0.02246,1.01269,0.02197,28.77
$MAG,26888.579,-0.571,-0.513,-0.402,27.7
$IMU,26888.580,0.000,0.000,-0.183,0.02050,1.00976,0.02246,28.77
$IMU,26888.582,-0.061,0.061,-0.122,0.02197,1.01464,0.02294,28.77
$IMU,26888.585,-0.061,-0.061,-0.122,0.02001,1.01220,0.02001,28.77
$IMU,26888.587,0.000,-0.061,-0.305,0.02099,1.01513,0.01953,28.77
$MAG,26888.589,-0.553,-0.517,-0.412,27.7
$IMU,26888.589,0.000,-0.061,-0.305,0.02099,1.01318,0.02099,28.82
$IMU,26888.592,-0.061,-0.061,-0.183,0.02294,1.01220,0.01904,28.82
$IMU,26888.594,0.000,-0.061,-0.244,0.02099,1.01660,0.02539,28.82
$IMU,26888.596,0.000,-0.122,-0.244,0.01953,1.01416,0.02050,28.82
$MAG,26888.599,-0.565,-0.514,-0.402,27.7
$IMU,26888.599,0.000,-0.122,-0.244,0.01806,1.01660,0.02246,28.82
$IMU,26888.601,-0.061,-0.061,-0.244,0.01806,1.01562,0.02197,28.82
$IMU,26888.603,-0.183,-0.061,-0.305,0.01953,1.01757,0.01953,28.82
$IMU,26888.606,-0.122,0.000,-0.366,0.01757,1.01806,0.02050,28.82
$IMU,26888.608,-0.183,0.000,-0.366,0.01611,1.01269,0.02246,28.76
$MAG,26888.609,-0.570,-0.517,-0.409,27.7
$IMU,26888.610,-0.061,-0.122,-0.305,0.01953,1.01123,0.02246,28.76
$IMU,26888.613,-0.061,-0.122,-0.183,0.02050,1.01171,0.02490,28.76
$IMU,26888.615,-0.122,-0.061,-0.183,0.01855,1.01220,0.02587,28.76
$BARO,26888.618,86870.47,28.74
$IMU,26888.618,-0.183,-0.061,-0.183,0.02148,1.01660,0.02490,28.76
$MAG,26888.619,-0.562,-0.511,-0.405,27.8
$IMU,26888.620,-0.183,-0.061,-0.244,0.01904,1.01513,0.02490,28.76
$IMU,26888.622,-0.122,-0.183,-0.244,0.02246,1.01025,0.02246,28.76
$IMU,26888.625,-0.244,-0.061,-0.305,0.01904,1.00976,0.02441,28.76
$IMU,26888.627,-0.183,-0.122,-0.366,0.01904,1.01171,0.02441,28.79
$MAG,26888.629,-0.567,-0.528,-0.406,27.7
$IMU,26888.629,-0.183,-0.061,-0.305,0.01953,1.01123,0.02246,28.79
$IMU,26888.632,-0.183,0.000,-0.244,0.01660,1.01464,0.02441,28.79
$IMU,26888.634,-0.244,0.000,-0.183,0.01855,1.01513,0.02490,28.79
$IMU,26888.636,-0.122,-0.061,-0.183,0.01953,1.01464,0.02539,28.79
$MAG,26888.639,-0.564,-0.519,-0.405,27.7
$IMU,26888.639,-0.183,-0.122,-0.183,0.01611,1.01367,0.02539,28.79
$IMU,26888.641,-0.183,0.000,-0.183,0.01806,1.01269,0.02685,28.79
$IMU,26888.643,-0.122,-0.183,-0.183,0.01904,1.01318,0.02587,28.79
$IMU,26888.646,-0.122,-0.061,-0.183,0.02099,1.01464,0.02343,28.82
$IMU,26888.648,-0.061,0.000,-0.183,0.02099,1.01513,0.02343,28.82
$MAG,26888.649,-0.556,-0.519,-0.411,27.7
$VBAT,26888.649,4.124
$IMU,26888.650,-0.122,0.061,-0.183,0.02197,1.01513,0.02734,28.82
$IMU,26888.653,0.000,-0.061,-0.183,0.01904,1.01708,0.02734,28.82
$IMU,26888.655,0.000,0.061,-0.244,0.02099,1.01806,0.02783,28.82
$IMU,26888.657,0.061,0.061,-0.305,0.02294,1.01269,0.02685,28.82
$MAG,26888.659,-0.567,-0.513,-0.412,27.7
$IMU,26888.660,0.000,-0.122,-0.305,0.02099,1.01611,0.02783,28.82
$IMU,26888.662,0.122,0.000,-0.183,0.02246,1.01220,0.02636,28.82
$IMU,26888.664,0.183,-0.122,-0.244,0.02099,1.01708,0.02441,28.76
$IMU,26888.667,0.244,-0.061,-0.183,0.02197,1.01611,0.02636,28.76
$MAG,26888.669,-0.561,-0.514,-0.405,27.8
$IMU,26888.669,0.305,0.122,-0.183,0.01904,1.01513,0.02685,28.76
$IMU,26888.671,0.305,0.061,-0.305,0.02197,1.01611,0.02636,28.76
$IMU,26888.674,0.488,-0.122,-0.366,0.02148,1.01513,0.02685,28.76
$IMU,26888.676,0.549,-0.061,-0.305,0.02246,1.01562,0.02197,28.76
$MAG,26888.679,-0.565,-0.517,-0.414,27.6
$IMU,26888.679,0.549,-0.061,-0.366,0.02148,1.01416,0.02246,28.76
$IMU,26888.681,0.610,-0.061,-0.488,0.01953,1.00976,0.02685,28.76
$IMU,26888.683,0.732,0.122,-0.427,0.01904,1.01220,0.02734,28.78
$IMU,26888.686,0.915,0.000,-0.427,0.02148,1.01269,0.02490,28.78
$IMU,26888.688,1.037,-0.183,-0.427,0.01855,1.01123,0.02490,28.78
$MAG,26888.690,-0.558,-0.523,-0.409,27.7
$IMU,26888.690,1.037,0.000,-0.305,0.02197,1.01220,0.02539,28.78
$IMU,26888.693,1.159,-0.122,-0.244,0.01904,1.01220,0.02197,28.78
$IMU,26888.695,1.159,-0.061,-0.366,0.02001,1.01318,0.02392,28.78
$IMU,26888.697,1.220,0.122,-0.366,0.02246,1.01269,0.02539,28.78
$MAG,26888.700,-0.564,-0.511,-0.408,28.0
$IMU,26888.700,1.281,0.000,-0.366,0.02148,1.01025,0.02246,28.78
$IMU,26888.702,1.342,-0.122,-0.427,0.01806,1.01074,0.02294,28.83
$IMU,26888.704,1.525,-0.122,-0.488,0.02197,1.01171,0.02050,28.83
$IMU,26888.707,1.403,-0.061,-0.427,0.01806,1.01123,0.02246,28.83
$IMU,26888.709,1.342,0.000,-0.366,0.01953,1.00976,0.02148,28.83
$MAG,26888.710,-0.558,-0.522,-0.406,27.8
$IMU,26888.711,1.342,-0.122,-0.427,0.01708,1.01171,0.01855,28.83
$IMU,26888.714,1.281,-0.061,-0.305,0.01806,1.01171,0.02001,28.83
$IMU,26888.716,1.159,0.000,-0.366,0.02099,1.01660,0.01904,28.83
$IMU,26888.718,1.098,0.061,-0.305,0.01904,1.01806,0.02148,28.83
$BARO,26888.720,86865.38,28.74
$MAG,26888.720,-0.562,-0.519,-0.409,27.6
$IMU,26888.721,1.037,0.000,-0.366,0.01562,1.01367,0.01855,28.76
$IMU,26888.723,0.793,0.061,-0.366,0.02246,1.01416,0.01757,28.76
$IMU,26888.725,0.732,-0.061,-0.305,0.02099,1.01855,0.01904,28.76
$IMU,26888.728,0.549,-0.061,-0.366,0.01806,1.02050,0.01953,28.76
$MAG,26888.730,-0.555,-0.511,-0.403,27.7
$IMU,26888.730,0.488,0.000,-0.366,0.01904,1.01855,0.01611,28.76
$IMU,26888.732,0.366,0.061,-0.427,0.02148,1.02148,0.01416,28.76
$IMU,26888.735,0.305,0.000,-0.427,0.02050,1.01953,0.01855,28.76
$IMU,26888.737,0.366,-0.061,-0.366,0.01904,1.01904,0.01904,28.76
$MAG,26888.740,-0.559,-0.516,-0.399,27.7
$IMU,26888.740,0.427,-0.122,-0.366,0.02001,1.01660,0.01806,28.80
$IMU,26888.742,0.305,-0.183,-0.366,0.01611,1.02001,0.02050,28.80
$IMU,26888.744,0.305,-0.061,-0.366,0.01757,1.02001,0.01904,28.80
$IMU,26888.747,0.244,0.061,-0.427,0.01953,1.01904,0.01904,28.80
$IMU,26888.749,0.366,-0.122,-0.366,0.01904,1.02001,0.02050,28.80
$MAG,26888.750,-0.571,-0.516,-0.400,27.7
$IMU,26888.751,0.427,-0.122,-0.366,0.02001,1.01708,0.02099,28.80
$IMU,26888.754,0.427,-0.183,-0.305,0.01904,1.01367,0.02050,28.80
$IMU,26888.756,0.427,-0.122,-0.305,0.01708,1.01416,0.02246,28.80
$IMU,26888.758,0.427,0.000,-0.366,0.02197,1.01562,0.02050,28.83
$MAG,26888.760,-0.561,-0.522,-0.403,27.7
$IMU,26888.761,0.427,-0.061,-0.305,0.01757,1.01074,0.02197,28.83
$IMU,26888.763,0.488,-0.183,-0.427,0.01757,1.01025,0.02050,28.83
$IMU,26888.765,0.488,-0.183,-0.488,0.01269,1.01513,0.02246,28.83
$IMU,26888.768,0.488,0.000,-0.427,0.01611,1.01269,0.02392,28.83
$MAG,26888.770,-0.561,-0.517,-0.408,27.7
$IMU,26888.770,0.549,0.000,-0.427,0.01464,1.01171,0.02294,28.83
$IMU,26888.772,0.549,0.061,-0.366,0.01757,1.01123,0.02343,28.83
$IMU,26888.775,0.610,0.061,-0.305,0.01660,1.01123,0.02294,28.83
$IMU,26888.777,0.732,-0.122,-0.305,0.01367,1.01025,0.02343,28.80
$IMU,26888.779,0.793,-0.183,-0.305,0.01464,1.01611,0.02490,28.80
$MAG,26888.780,-0.567,-0.511,-0.405,27.7
$IMU,26888.782,0.732,0.061,-0.305,0.01416,1.01416,0.02197,28.80
$IMU,26888.784,0.793,0.061,-0.305,0.01806,1.01025,0.02246,28.80
$IMU,26888.786,0.915,-0.061,-0.427,0.01708,1.01611,0.02099,28.80
$IMU,26888.789,1.037,-0.122,-0.366,0.01904,1.01806,0.02539,28.80
$MAG,26888.790,-0.570,-0.514,-0.399,27.7
$IMU,26888.791,1.159,-0.061,-0.427,0.01757,1.01660,0.02197,28.80
$IMU,26888.793,1.159,-0.061,-0.488,0.01611,1.01611,0.02343,28.80
$IMU,26888.796,1.098,0.061,-0.366,0.01611,1.01660,0.02441,28.79
$IMU,26888.798,1.098,0.061,-0.366,0.01757,1.01708,0.02392,28.79
$IMU,26888.800,1.281,-0.122,-0.366,0.01806,1.01660,0.02441,28.79
$MAG,26888.801,-0.558,-0.526,-0.403,27.7
$IMU,26888.803,1.281,-0.122,-0.305,0.01611,1.01611,0.02246,28.79
$IMU,26888.805,1.342,-0.122,-0.305,0.01757,1.02001,0.02343,28.79
$IMU,26888.808,1.220,-0.061,-0.305,0.01660,1.01611,0.02294,28.79
$IMU,26888.810,1.220,0.000,-0.366,0.01806,1.01464,0.02197,28.79
$MAG,26888.811,-0.559,-0.517,-0.402,27.7
$IMU,26888.812,1.281,0.000,-0.305,0.01660,1.01513,0.02001,28.79
$IMU,26888.815,1.159,0.000,-0.366,0.01953,1.01611,0.01953,28.79
$IMU,26888.817,1.159,-0.061,-0.366,0.01708,1.01611,0.02343,28.79
$IMU,26888.819,1.159,-0.122,-0.244,0.02099,1.01513,0.02197,28.79
$BARO,26888.821,86863.23,28.74
$MAG,26888.821,-0.562,-0.517,-0.394,27.7
$IMU,26888.822,1.037,0.122,-0.366,0.01904,1.01562,0.02099,28.79
$IMU,26888.824,0.976,0.183,-0.366,0.02246,1.01367,0.02197,28.79
$IMU,26888.826,1.098,0.061,-0.366,0.01953,1.01464,0.02050,28.79
$IMU,26888.829,1.220,-0.061,-0.366,0.01806,1.01660,0.02197,28.79
$MAG,26888.831,-0.559,-0.516,-0.400,27.8
$IMU,26888.831,1.342,-0.183,-0.305,0.01855,1.01757,0.02050,28.79
$IMU,26888.833,1.403,0.000,-0.366,0.01855,1.01757,0.02001,28.77
$IMU,26888.836,1.525,0.183,-0.305,0.02246,1.01513,0.01855,28.77
$IMU,26888.838,1.647,-0.061,-0.305,0.01855,1.01220,0.02001,28.77
$IMU,26888.840,1.770,0.061,-0.305,0.02343,1.01318,0.02001,28.77
$MAG,26888.841,-0.573,-0.523,-0.402,28.1
$IMU,26888.843,1.953,0.061,-0.366,0.02050,1.01660,0.01855,28.77
$IMU,26888.845,2.075,-0.122,-0.366,0.01855,1.01513,0.01757,28.77
$IMU,26888.847,2.136,0.061,-0.427,0.02099,1.01416,0.01611,28.77
$IMU,26888.850,2.197,0.061,-0.549,0.01953,1.01562,0.01611,28.77
$MAG,26888.851,-0.571,-0.519,-0.409,27.7
$IMU,26888.852,2.258,-0.061,-0.488,0.02197,1.01464,0.01660,28.78
$IMU,26888.854,2.319,-0.122,-0.488,0.01855,1.01611,0.01806,28.78
$IMU,26888.857,2.319,-0.122,-0.549,0.01806,1.01611,0.01416,28.78
$IMU,26888.859,2.380,-0.183,-0.549,0.01562,1.01123,0.01855,28.78
$MAG,26888.861,-0.571,-0.517,-0.400,27.7
$IMU,26888.861,2.380,0.000,-0.488,0.01757,1.01513,0.01269,28.78
$IMU,26888.864,2.441,-0.122,-0.366,0.01953,1.01367,0.01562,28.78
$IMU,26888.866,2.258,-0.183,-0.305,0.01904,1.01123,0.01416,28.78
$IMU,26888.869,2.197,-0.061,-0.305,0.01953,1.01367,0.01220,28.78
$HUM,26888.870,35.1,29.2
$MAG,26888.871,-0.564,-0.517,-0.397,27.6
$IMU,26888.871,2.136,-0.061,-0.427,0.01660,1.01318,0.01269,28.81
$IMU,26888.873,2.075,-0.061,-0.488,0.01806,1.01464,0.01367,28.81
$IMU,26888.876,1.831,0.122,-0.549,0.01757,1.01318,0.01416,28.81
$IMU,26888.878,1.770,0.000,-0.488,0.01806,1.01269,0.01367,28.81
$IMU,26888.880,1.708,-0.061,-0.549,0.01904,1.01123,0.00927,28.81
$MAG,26888.881,-0.561,-0.522,-0.409,27.7
$IMU,26888.883,1.647,-0.122,-0.427,0.02001,1.01318,0.00976,28.81
$IMU,26888.885,1.281,0.061,-0.305,0.01855,1.01269,0.01318,28.81
$IMU,26888.887,1.159,0.061,-0.305,0.01660,1.01269,0.00976,28.81
$IMU,26888.890,0.915,-0.061,-0.305,0.01660,1.01318,0.00976,28.81
$MAG,26888.891,-0.565,-0.511,-0.408,27.7
$IMU,26888.892,0.793,-0.061,-0.305,0.01904,1.01611,0.01269,28.81
$IMU,26888.894,0.732,-0.122,-0.305,0.02001,1.01318,0.01513,28.81
$IMU,26888.897,0.427,0.122,-0.366,0.01757,1.01416,0.01611,28.81
$IMU,26888.899,0.366,0.061,-0.427,0.01855,1.01269,0.01269,28.81
$MAG,26888.901,-0.570,-0.513,-0.403,27.7
$IMU,26888.901,0.122,0.000,-0.366,0.02148,1.00976,0.01220,28.81
$IMU,26888.904,0.061,-0.061,-0.427,0.01708,1.01074,0.01464,28.81
$IMU,26888.906,0.000,-0.061,-0.305,0.01757,1.01025,0.01513,28.81
$IMU,26888.908,-0.061,0.061,-0.244,0.02001,1.01171,0.01513,28.78
$IMU,26888.911,-0.183,-0.061,-0.244,0.01708,1.00781,0.01464,28.78
$MAG,26888.912,-0.562,-0.514,-0.405,27.8
$IMU,26888.913,-0.183,0.000,-0.183,0.01660,1.01074,0.01416,28.78
$IMU,26888.915,-0.183,-0.122,-0.183,0.01464,1.01074,0.01513,28.78
$IMU,26888.918,-0.183,-0.122,-0.305,0.01806,1.01416,0.01757,28.78
$IMU,26888.920,-0.122,0.000,-0.244,0.02099,1.01171,0.02050,28.78
$MAG,26888.922,-0.558,-0.520,-0.400,27.6
$IMU,26888.922,-0.122,-0.122,-0.305,0.02197,1.01416,0.01806,28.78
$BARO,26888.923,86864.70,28.73
$IMU,26888.925,-0.122,-0.061,-0.244,0.01757,1.01464,0.01904,28.78
$IMU,26888.927,0.000,-0.061,-0.244,0.01806,1.01220,0.01855,28.79
$IMU,26888.930,0.122,-0.061,-0.244,0.01806,1.01611,0.02001,28.79
$MAG,26888.932,-0.561,-0.513,-0.406,27.7
$IMU,26888.932,0.244,-0.122,-0.244,0.01806,1.01611,0.02246,28.79
$IMU,26888.934,0.427,-0.061,-0.305,0.01904,1.01562,0.01904,28.79
$IMU,26888.937,0.549,0.061,-0.305,0.02148,1.01806,0.01806,28.79
$IMU,26888.939,0.610,-0.061,-0.305,0.02246,1.01855,0.01904,28.79
$IMU,26888.941,0.732,-0.122,-0.366,0.01904,1.01220,0.02148,28.79
$MAG,26888.942,-0.564,-0.531,-0.402,27.7
$IMU,26888.944,0.793,0.000,-0.366,0.01855,1.01220,0.01904,28.79
$IMU,26888.946,0.976,-0.183,-0.305,0.02001,1.01318,0.01855,28.79
$IMU,26888.948,1.037,0.061,-0.305,0.02050,1.01171,0.01904,28.79
$IMU,26888.951,1.220,0.061,-0.305,0.02392,1.00927,0.01708,28.79
$MAG,26888.952,-0.559,-0.517,-0.403,27.6
$IMU,26888.953,1.525,-0.183,-0.305,0.02197,1.00634,0.01660,28.79
$IMU,26888.955,1.647,-0.122,-0.427,0.01757,1.00390,0.01708,28.79
$IMU,26888.958,1.770,-0.061,-0.427,0.02050,1.00488,0.01611,28.79
$IMU,26888.960,1.953,-0.061,-0.427,0.01806,1.00488,0.01562,28.79
$MAG,26888.962,-0.561,-0.516,-0.402,27.6
$IMU,26888.962,2.075,0.061,-0.488,0.01269,1.00390,0.01806,28.79
$IMU,26888.965,2.258,-0.061,-0.366,0.01708,1.00195,0.01318,28.80
$IMU,26888.967,2.502,-0.122,-0.366,0.01562,1.00439,0.01416,28.80
$IMU,26888.969,2.563,-0.122,-0.244,0.01855,1.00146,0.01269,28.80
$MAG,26888.972,-0.558,-0.525,-0.399,27.7
$IMU,26888.972,2.502,-0.122,-0.183,0.01513,1.00146,0.01367,28.80
$IMU,26888.974,2.502,-0.183,0.000,0.01660,1.00097,0.01074,28.80
$IMU,26888.976,2.319,-0.061,-0.122,0.01708,1.00585,0.01025,28.80
$IMU,26888.979,2.136,-0.061,-0.061,0.02197,1.00732,0.01171,28.80
$IMU,26888.981,1.953,-0.122,-0.122,0.02099,1.00683,0.00927,28.80
$MAG,26888.982,-0.561,-0.517,-0.402,27.8
$IMU,26888.983,1.647,-0.183,-0.061,0.01953,1.00683,0.00878,28.81
$IMU,26888.986,1.220,-0.061,-0.122,0.01513,1.01123,0.00830,28.81
$IMU,26888.988,0.732,-0.061,-0.061,0.01953,1.01611,0.00976,28.81
$IMU,26888.991,0.244,-0.061,-0.122,0.02246,1.01611,0.00830,28.81
$MAG,26888.992,-0.564,-0.526,-0.405,27.7
$IMU,26888.993,-0.366,0.061,-0.122,0.02294,1.01708,0.00830,28.81
$IMU,26888.995,-0.915,0.000,-0.122,0.02392,1.01660,0.00732,28.81
$IMU,26888.998,-1.342,0.000,-0.061,0.02587,1.02050,0.00976,28.81
$IMU,26889.000,-1.770,0.000,-0.061,0.02343,1.02294,0.01123,28.81
$MAG,26889.002,-0.567,-0.516,-0.399,27.8
$IMU,26889.002,-2.136,0.061,-0.122,0.02001,1.01855,0.01171,28.78
$IMU,26889.005,-2.441,0.000,-0.183,0.02343,1.01855,0.01318,28.78
$IMU,26889.007,-2.563,-0.183,-0.122,0.02050,1.01660,0.01367,28.78
$IMU,26889.009,-2.563,-0.061,-0.244,0.02294,1.01757,0.01562,28.78
$IMU,26889.012,-2.563,-0.061,-0.183,0.02050,1.01513,0.01708,28.78
$MAG,26889.013,-0.562,-0.511,-0.402,27.8
$IMU,26889.014,-2.502,-0.061,-0.183,0.01562,1.01318,0.01757,28.78
$IMU,26889.016,-2.441,0.000,-0.183,0.02001,1.01123,0.02001,28.78
$IMU,26889.019,-2.258,-0.061,-0.061,0.01904,1.00830,0.02148,28.78
$IMU,26889.021,-1.831,-0.183,-0.061,0.01855,1.00585,0.02148,28.77
$MAG,26889.023,-0.559,-0.522,-0.403,27.8
$IMU,26889.023,-1.464,-0.244,-0.122,0.01953,1.00488,0.02050,28.77
$BARO,26889.024,86867.86,28.74
$IMU,26889.026,-1.159,-0.122,-0.122,0.01904,1.00341,0.02099,28.77
$IMU,26889.028,-0.732,-0.183,-0.183,0.01806,1.00146,0.01904,28.77
$IMU,26889.030,-0.366,-0.183,-0.244,0.01611,1.00195,0.02246,28.77
$MAG,26889.033,-0.565,-0.520,-0.408,27.6
$IMU,26889.033,0.000,0.000,-0.183,0.01660,1.00146,0.02441,28.77
$IMU,26889.035,0.427,-0.122,-0.183,0.01855,1.00292,0.02197,28.77
$IMU,26889.037,0.793,-0.122,-0.122,0.01660,1.00048,0.02001,28.77
$IMU,26889.040,1.159,0.000,-0.183,0.01562,1.00195,0.02099,28.78
$IMU,26889.042,1.647,-0.183,-0.305,0.01562,1.00537,0.01855,28.78
$MAG,26889.043,-0.562,-0.523,-0.399,27.8
$IMU,26889.044,2.075,-0.061,-0.366,0.01855,1.00488,0.01660,28.78
$IMU,26889.047,2.319,0.000,-0.427,0.01904,1.00537,0.01904,28.78
$IMU,26889.049,2.502,-0.122,-0.427,0.01953,1.00781,0.01660,28.78
$IMU,26889.052,2.746,-0.183,-0.366,0.01953,1.01025,0.01708,28.78
$MAG,26889.053,-0.567,-0.523,-0.402,27.8
$IMU,26889.054,2.990,-0.183,-0.366,0.01660,1.01318,0.01562,28.78
$IMU,26889.056,3.112,-0.183,-0.305,0.01708,1.01367,0.01416,28.78
$IMU,26889.059,3.051,0.122,-0.366,0.01806,1.01513,0.01318,28.80
$IMU,26889.061,2.990,0.122,-0.305,0.02050,1.01757,0.01025,28.80
$MAG,26889.063,-0.559,-0.525,-0.397,27.7
$IMU,26889.063,3.051,-0.244,-0.366,0.02197,1.01806,0.01025,28.80
$IMU,26889.066,2.990,-0.244,-0.305,0.01904,1.01904,0.00878,28.80
$IMU,26889.068,2.685,-0.122,-0.366,0.02050,1.01904,0.00683,28.80
$IMU,26889.070,2.319,-0.061,-0.305,0.02001,1.02050,0.00146,28.80
$MAG,26889.073,-0.561,-0.522,-0.402,27.6
$IMU,26889.073,1.953,-0.061,-0.366,0.01904,1.02197,0.00341,28.80
$IMU,26889.075,1.647,-0.183,-0.244,0.02099,1.01904,0.00195,28.80
$IMU,26889.077,1.098,0.000,-0.183,0.01855,1.01757,0.00244,28.81
$IMU,26889.080,0.610,-0.122,-0.244,0.01855,1.01953,0.00292,28.81
$IMU,26889.082,0.122,-0.061,-0.244,0.01708,1.01220,0.00146,28.81
$MAG,26889.083,-0.565,-0.514,-0.400,27.7
$IMU,26889.084,-0.427,-0.061,-0.183,0.01904,1.01171,0.00585,28.81
$IMU,26889.087,-0.854,-0.183,-0.183,0.01708,1.01074,0.00439,28.81
$IMU,26889.089,-1.159,-0.061,-0.244,0.01611,1.00488,0.00683,28.81
$IMU,26889.091,-1.586,-0.061,-0.244,0.01660,1.00439,0.00488,28.81
$MAG,26889.093,-0.561,-0.522,-0.400,27.7
$IMU,26889.094,-2.014,-0.061,-0.244,0.01757,1.00390,0.00683,28.81
$IMU,26889.096,-2.136,-0.183,-0.122,0.01513,1.00488,0.00927,28.81
$IMU,26889.098,-2.380,0.000,0.000,0.01611,1.00634,0.00927,28.81
$IMU,26889.101,-2.624,0.000,0.000,0.01757,1.00390,0.01171,28.81
$MAG,26889.103,-0.565,-0.519,-0.403,27.7
$IMU,26889.103,-2.807,0.061,0.061,0.01757,1.00537,0.01318,28.81
$IMU,26889.105,-2.807,0.061,0.122,0.01513,1.00683,0.01416,28.81
$IMU,26889.108,-2.807,-0.061,0.122,0.01708,1.00537,0.01562,28.81
$IMU,26889.110,-2.746,0.061,0.122,0.02001,1.00683,0.01660,28.81
$IMU,26889.113,-2.624,0.000,0.061,0.01904,1.00488,0.01562,28.81
$MAG,26889.113,-0.565,-0.522,-0.400,27.6
$IMU,26889.115,-2.441,-0.061,0.061,0.01806,1.00878,0.01562,28.85
$IMU,26889.117,-2.197,-0.244,0.061,0.02001,1.00927,0.01855,28.85
$IMU,26889.120,-2.014,0.000,0.061,0.01806,1.01074,0.01904,28.85
$IMU,26889.122,-1.708,-0.122,0.061,0.02099,1.01123,0.02050,28.85
$MAG,26889.124,-0.565,-0.520,-0.403,27.8
$IMU,26889.124,-1.403,-0.183,-0.061,0.02294,1.01416,0.02099,28.85
$BARO,26889.126,86861.45,28.73
$IMU,26889.127,-1.342,0.122,-0.061,0.02050,1.01367,0.02148,28.85
$IMU,26889.129,-0.915,-0.061,-0.122,0.02148,1.01660,0.02148,28.85
$IMU,26889.131,-0.610,-0.061,-0.244,0.02148,1.01513,0.02197,28.85
$MAG,26889.134,-0.558,-0.519,-0.396,27.7
$IMU,26889.134,-0.244,-0.061,-0.244,0.02148,1.01513,0.01904,28.75
$IMU,26889.136,0.061,-0.061,-0.244,0.01953,1.01220,0.01806,28.75
$IMU,26889.138,0.366,-0.122,-0.305,0.01904,1.01513,0.02294,28.75
$IMU,26889.141,0.610,0.000,-0.366,0.02099,1.01464,0.02148,28.75
$IMU,26889.143,0.854,0.122,-0.427,0.01904,1.01562,0.02148,28.75
$MAG,26889.144,-0.561,-0.526,-0.400,27.7
$IMU,26889.145,1.159,-0.183,-0.427,0.01757,1.01611,0.02050,28.75
$IMU,26889.148,1.464,-0.244,-0.427,0.02001,1.01220,0.01806,28.75
$IMU,26889.150,1.586,-0.061,-0.366,0.01806,1.00781,0.01806,28.75
$IMU,26889.152,1.770,-0.061,-0.427,0.01660,1.01416,0.01660,28.83
$MAG,26889.154,-0.568,-0.522,-0.405,27.7
$IMU,26889.155,1.831,0.000,-0.305,0.02001,1.00976,0.01660,28.83
$IMU,26889.157,1.953,0.000,-0.366,0.02148,1.00976,0.01757,28.83
$IMU,26889.159,2.075,-0.061,-0.305,0.01708,1.00976,0.01464,28.83
$IMU,26889.162,2.136,-0.183,-0.305,0.01464,1.00927,0.01171,28.83
$MAG,26889.164,-0.564,-0.519,-0.403,27.7
$IMU,26889.164,2.075,-0.122,-0.366,0.01757,1.01123,0.01220,28.83
$IMU,26889.166,1.953,0.000,-0.366,0.01904,1.00585,0.01074,28.83
$IMU,26889.169,1.831,-0.122,-0.305,0.01611,1.00683,0.01318,28.83
$IMU,26889.171,1.647,0.000,-0.244,0.01611,1.01171,0.00830,28.82
$MAG,26889.174,-0.562,-0.522,-0.408,28.1
$IMU,26889.174,1.525,-0.122,-0.183,0.01562,1.00781,0.00585,28.82
$IMU,26889.176,1.220,-0.183,-0.122,0.01660,1.00927,0.00781,28.82
$IMU,26889.178,0.915,-0.122,-0.061,0.01953,1.00927,0.00830,28.82
$IMU,26889.181,0.610,-0.061,0.000,0.01708,1.00830,0.00683,28.82
$IMU,26889.183,0.305,-0.122,-0.061,0.01757,1.01220,0.00634,28.82
$MAG,26889.184,-0.568,-0.519,-0.411,27.8
$IMU,26889.185,0.061,-0.122,-0.183,0.02099,1.00976,0.00537,28.82
$IMU,26889.188,-0.305,-0.122,-0.122,0.01660,1.01416,0.00341,28.82
$IMU,26889.190,-0.671,0.000,-0.122,0.01953,1.01220,0.00683,28.81
$IMU,26889.192,-0.976,0.061,-0.122,0.02099,1.01220,0.00781,28.81
$MAG,26889.194,-0.570,-0.513,-0.400,27.7
$IMU,26889.195,-1.220,-0.061,0.000,0.01708,1.01367,0.00585,28.81
$IMU,26889.197,-1.342,-0.183,0.000,0.01611,1.01367,0.01025,28.81
$IMU,26889.199,-1.586,-0.122,0.000,0.02001,1.01611,0.01025,28.81
$IMU,26889.202,-1.831,0.061,-0.061,0.01904,1.01611,0.00976,28.81
$MAG,26889.204,-0.559,-0.516,-0.397,28.0
$IMU,26889.204,-1.953,0.000,-0.061,0.02050,1.01611,0.01123,28.81
$IMU,26889.206,-2.075,0.061,-0.061,0.01855,1.01708,0.01220,28.81
$IMU,26889.209,-2.014,-0.122,-0.122,0.02001,1.01562,0.01171,28.82
$IMU,26889.211,-1.953,-0.122,-0.183,0.02001,1.01416,0.01416,28.82
$IMU,26889.213,-1.892,-0.061,-0.183,0.02099,1.01464,0.01318,28.82
$MAG,26889.214,-0.565,-0.520,-0.406,27.7
$IMU,26889.216,-1.953,-0.061,-0.122,0.01562,1.01367,0.01660,28.82
$IMU,26889.218,-1.892,0.061,-0.061,0.02001,1.01367,0.01708,28.82
$IMU,26889.220,-1.770,0.000,-0.122,0.01855,1.01074,0.01708,28.82
$IMU,26889.223,-1.586,-0.122,-0.122,0.01806,1.00683,0.01855,28.82
$MAG,26889.224,-0.568,-0.520,-0.411,28.0
$IMU,26889.225,-1.342,-0.244,-0.122,0.01708,1.01318,0.01904,28.82
$BARO,26889.227,86865.89,28.73
$IMU,26889.227,-1.220,-0.061,-0.122,0.01855,1.00781,0.01855,28.83
$IMU,26889.230,-1.037,0.000,-0.183,0.01562,1.01074,0.01708,28.83
$IMU,26889.232,-0.854,0.122,-0.244,0.01904,1.01123,0.01562,28.83
$IMU,26889.234,-0.549,-0.061,-0.305,0.01660,1.01074,0.01806,28.83
$MAG,26889.235,-0.568,-0.513,-0.393,27.7
$IMU,26889.237,-0.244,-0.122,-0.244,0.01757,1.00927,0.01806,28.83
$IMU,26889.239,0.000,-0.122,-0.183,0.01513,1.00781,0.02001,28.83
$IMU,26889.242,0.244,0.000,-0.244,0.01708,1.00976,0.01660,28.83
$IMU,26889.244,0.427,-0.061,-0.244,0.01757,1.00976,0.01464,28.83
$MAG,26889.245,-0.568,-0.523,-0.399,27.7
$IMU,26889.246,0.610,0.000,-0.183,0.01513,1.01074,0.01660,28.80
$IMU,26889.249,0.854,-0.122,-0.183,0.01904,1.01123,0.01708,28.80
$IMU,26889.251,0.915,-0.061,-0.183,0.01806,1.01074,0.02050,28.80
$IMU,26889.253,1.037,-0.061,-0.244,0.01660,1.01318,0.01416,28.80
$MAG,26889.255,-0.559,-0.525,-0.405,27.7
$IMU,26889.256,1.159,-0.122,-0.305,0.01953,1.01171,0.01611,28.80
$IMU,26889.258,1.342,-0.061,-0.366,0.01660,1.01660,0.01318,28.80
$IMU,26889.260,1.342,0.000,-0.305,0.01757,1.01464,0.01562,28.80
$IMU,26889.263,1.403,-0.122,-0.305,0.02099,1.01708,0.01416,28.80
$MAG,26889.265,-0.568,-0.513,-0.397,27.7
$IMU,26889.265,1.342,-0.122,-0.244,0.01953,1.02001,0.01269,28.79
$IMU,26889.267,1.281,-0.122,-0.183,0.01904,1.01757,0.01416,28.79
$IMU,26889.270,1.159,0.000,-0.183,0.01953,1.01513,0.01123,28.79
$IMU,26889.272,0.976,-0.122,-0.183,0.02001,1.01806,0.01025,28.79
$IMU,26889.274,0.915,-0.122,-0.183,0.02099,1.01562,0.01074,28.79
$MAG,26889.275,-0.568,-0.516,-0.394,27.7
$IMU,26889.277,0.732,-0.183,-0.122,0.02001,1.01806,0.00927,28.79
$IMU,26889.279,0.488,-0.366,-0.183,0.01855,1.01513,0.00830,28.79
$IMU,26889.281,0.244,-0.244,-0.244,0.01953,1.01562,0.00927,28.79
$IMU,26889.284,0.000,-0.061,-0.183,0.02050,1.01367,0.00781,28.77
$MAG,26889.285,-0.561,-0.511,-0.403,27.8
$IMU,26889.286,-0.427,0.061,-0.244,0.01953,1.01220,0.00927,28.77
$IMU,26889.288,-0.610,0.244,-0.122,0.01855,1.01123,0.00927,28.77
$IMU,26889.291,-0.671,-0.061,-0.183,0.01904,1.01416,0.00878,28.77
$IMU,26889.293,-0.915,-0.061,-0.122,0.01562,1.01367,0.01220,28.77
$MAG,26889.295,-0.564,-0.513,-0.394,27.6
$IMU,26889.295,-1.037,0.000,-0.122,0.01757,1.01318,0.01269,28.77
$IMU,26889.298,-1.037,-0.061,-0.122,0.01660,1.00830,0.01074,28.77
$IMU,26889.300,-1.159,-0.122,-0.122,0.01562,1.01269,0.01123,28.77
$IMU,26889.303,-1.220,0.000,-0.183,0.01708,1.01025,0.01220,28.82
$MAG,26889.305,-0.559,-0.520,-0.402,27.6
$IMU,26889.305,-1.342,0.000,-0.122,0.01806,1.00781,0.01220,28.82
$IMU,26889.307,-1.342,0.000,0.000,0.01757,1.00976,0.01464,28.82
$IMU,26889.310,-1.220,-0.122,0.000,0.01708,1.01025,0.01123,28.82
$IMU,26889.312,-1.220,0.000,-0.061,0.01855,1.00927,0.01855,28.82
$IMU,26889.314,-1.098,0.000,-0.122,0.01757,1.01074,0.01464,28.82
$MAG,26889.315,-0.564,-0.514,-0.405,27.6
$IMU,26889.317,-1.098,-0.061,-0.183,0.01904,1.01318,0.01269,28.82
$IMU,26889.319,-0.976,0.061,-0.183,0.02050,1.01123,0.01562,28.82
$IMU,26889.321,-0.854,0.061,-0.183,0.01806,1.01269,0.01318,28.79
$IMU,26889.324,-0.732,-0.183,-0.244,0.01660,1.01416,0.01611,28.79
$MAG,26889.325,-0.567,-0.520,-0.405,27.6
$IMU,26889.326,-0.732,0.000,-0.244,0.01757,1.01123,0.01660,28.79
$BARO,26889.328,86865.50,28.73
$IMU,26889.328,-0.610,-0.061,-0.183,0.01660,1.01513,0.01513,28.79
$IMU,26889.331,-0.427,-0.061,-0.183,0.01953,1.01562,0.01660,28.79
$IMU,26889.333,-0.183,-0.061,-0.122,0.01708,1.01464,0.01611,28.79
$MAG,26889.335,-0.565,-0.517,-0.402,27.8
$IMU,26889.335,-0.244,0.061,-0.244,0.01953,1.01367,0.01855,28.79
$IMU,26889.338,-0.244,-0.061,-0.244,0.01953,1.01123,0.01708,28.79
$IMU,26889.340,-0.061,-0.183,-0.305,0.02099,1.01611,0.01318,28.80
$IMU,26889.342,0.000,-0.061,-0.305,0.01806,1.01708,0.01708,28.80
$IMU,26889.345,0.183,-0.183,-0.305,0.01904,1.01513,0.01464,28.80
$MAG,26889.346,-0.561,-0.519,-0.406,27.8
$IMU,26889.347,0.244,0.000,-0.244,0.01611,1.01367,0.01513,28.80
$IMU,26889.349,0.549,-0.366,-0.183,0.01757,1.01904,0.01513,28.80
$IMU,26889.352,0.366,0.000,-0.244,0.01855,1.01269,0.01269,28.80
$IMU,26889.354,0.488,-0.061,-0.244,0.01757,1.01562,0.01416,28.80
$MAG,26889.356,-0.562,-0.520,-0.405,27.7
$IMU,26889.356,0.549,-0.122,-0.183,0.01562,1.01123,0.01464,28.80
$IMU,26889.359,0.549,-0.122,-0.244,0.01708,1.01416,0.01562,28.81
$IMU,26889.361,0.671,-0.305,-0.305,0.01855,1.01074,0.01660,28.81
$IMU,26889.364,0.488,0.061,-0.244,0.01660,1.01269,0.01123,28.81
$MAG,26889.366,-0.567,-0.519,-0.402,27.7
$IMU,26889.366,0.549,-0.122,-0.183,0.01611,1.01123,0.01074,28.81
$IMU,26889.368,0.610,-0.183,-0.122,0.01660,1.01025,0.01074,28.81
$IMU,26889.371,0.671,-0.244,-0.122,0.01904,1.01171,0.01269,28.81
$IMU,26889.373,0.549,-0.366,-0.061,0.01513,1.01074,0.01220,28.81
$IMU,26889.375,0.427,-0.244,0.061,0.01708,1.00878,0.01171,28.81
$MAG,26889.376,-0.559,-0.520,-0.405,27.7
$IMU,26889.378,0.427,-0.244,-0.061,0.02148,1.00927,0.01171,28.75
$IMU,26889.380,0.122,0.000,-0.122,0.01855,1.01464,0.00976,28.75
$IMU,26889.382,0.122,-0.244,-0.183,0.01708,1.01367,0.00976,28.75
$IMU,26889.385,0.000,0.000,-0.183,0.01367,1.01367,0.01318,28.75
$MAG,26889.386,-0.565,-0.517,-0.406,27.7
$IMU,26889.387,-0.122,-0.061,-0.183,0.01855,1.01367,0.00976,28.75
$IMU,26889.389,-0.305,-0.122,-0.122,0.02050,1.01660,0.00976,28.75
$IMU,26889.392,-0.610,0.183,-0.122,0.02099,1.01464,0.01513,28.75
$IMU,26889.394,-0.610,0.122,-0.122,0.01806,1.01806,0.01269,28.75
$MAG,26889.396,-0.567,-0.519,-0.403,27.7
$IMU,26889.396,-0.732,-0.061,-0.122,0.01806,1.01464,0.01123,28.81
$IMU,26889.399,-0.732,-0.183,-0.061,0.02148,1.01855,0.01220,28.81
$IMU,26889.401,-0.793,-0.122,-0.183,0.01953,1.01562,0.01123,28.81
$IMU,26889.403,-0.915,-0.122,-0.183,0.01904,1.01416,0.01269,28.81
$MAG,26889.406,-0.568,-0.517,-0.402,27.7
$IMU,26889.406,-0.976,-0.061,-0.183,0.01953,1.01416,0.01025,28.81
$IMU,26889.408,-1.037,-0.061,-0.061,0.02197,1.01367,0.01416,28.81
$IMU,26889.410,-1.098,-0.122,-0.122,0.01904,1.01269,0.01367,28.81
$IMU,26889.413,-1.037,0.000,-0.183,0.02197,1.01562,0.01318,28.81
$IMU,26889.415,-0.915,-0.122,-0.183,0.01611,1.01367,0.01660,28.83
$MAG,26889.416,-0.561,-0.514,-0.409,27.6
$IMU,26889.417,-0.915,-0.183,-0.183,0.01855,1.01562,0.01464,28.83
$IMU,26889.420,-0.976,0.061,-0.183,0.01953,1.01074,0.01562,28.83
$IMU,26889.422,-0.915,0.000,-0.244,0.01708,1.01025,0.01660,28.83
$IMU,26889.425,-0.732,-0.122,-0.244,0.02050,1.01123,0.01318,28.83
$MAG,26889.426,-0.567,-0.523,-0.408,28.0
$IMU,26889.427,-0.610,-0.183,-0.183,0.01757,1.00976,0.01708,28.83
$IMU,26889.429,-0.366,-0.122,-0.183,0.01611,1.01025,0.01806,28.83
$BARO,26889.430,86862.43,28.74
$IMU,26889.432,-0.366,-0.122,-0.122,0.01562,1.00878,0.01708,28.83
$IMU,26889.434,-0.244,-0.061,-0.061,0.01708,1.01025,0.01513,28.79
$MAG,26889.436,-0.574,-0.516,-0.408,27.8
$IMU,26889.436,-0.183,-0.061,-0.122,0.01660,1.01025,0.01464,28.79
$IMU,26889.439,-0.122,0.000,-0.183,0.01904,1.01220,0.01562,28.79
$IMU,26889.441,0.122,-0.061,-0.183,0.01953,1.00927,0.01611,28.79
$IMU,26889.443,0.122,0.061,-0.244,0.01904,1.01220,0.01416,28.79
$IMU,26889.446,0.244,-0.061,-0.183,0.01513,1.01220,0.01318,28.79
$MAG,26889.447,-0.556,-0.517,-0.406,27.7
$IMU,26889.448,0.427,-0.122,-0.183,0.01708,1.01220,0.01318,28.79
$IMU,26889.450,0.427,-0.122,-0.183,0.01757,1.01464,0.01757,28.79
$IMU,26889.453,0.549,-0.244,-0.122,0.02099,1.01416,0.01416,28.81
$IMU,26889.455,0.488,-0.122,-0.061,0.02001,1.01611,0.01464,28.81
$MAG,26889.457,-0.561,-0.516,-0.402,27.7
$IMU,26889.457,0.488,-0.183,-0.183,0.01708,1.01464,0.01611,28.81
$IMU,26889.460,0.305,-0.061,-0.122,0.01855,1.01464,0.01513,28.81
$IMU,26889.462,0.366,0.061,-0.244,0.01855,1.01416,0.01123,28.81
$IMU,26889.464,0.244,0.061,-0.183,0.01660,1.01464,0.00976,28.81
$MAG,26889.467,-0.562,-0.517,-0.403,27.7
$IMU,26889.467,0.122,-0.122,-0.244,0.01708,1.01562,0.01171,28.81
$IMU,26889.469,0.122,-0.061,-0.183,0.01611,1.01513,0.01123,28.81
$IMU,26889.471,0.061,0.000,-0.183,0.01611,1.01708,0.01123,28.78
$IMU,26889.474,-0.061,0.000,-0.244,0.01611,1.01904,0.01123,28.78
$IMU,26889.476,-0.122,0.061,-0.244,0.01806,1.01123,0.01367,28.78
$MAG,26889.477,-0.565,-0.520,-0.409,27.7
$IMU,26889.478,-0.122,-0.122,-0.244,0.01806,1.01220,0.01171,28.78
$IMU,26889.481,-0.244,-0.183,-0.244,0.01855,1.01416,0.01318,28.78
$IMU,26889.483,-0.244,-0.183,-0.122,0.01708,1.01220,0.01171,28.78
$IMU,26889.486,-0.427,-0.061,-0.061,0.01660,1.01220,0.01123,28.78
$MAG,26889.487,-0.564,-0.516,-0.399,27.6
$IMU,26889.488,-0.366,-0.061,-0.122,0.01464,1.01171,0.01416,28.78
$IMU,26889.490,-0.305,-0.183,-0.122,0.01806,1.01171,0.01123,28.81
$IMU,26889.493,-0.305,-0.122,-0.122,0.01611,1.01171,0.01318,28.81
$IMU,26889.495,-0.366,-0.061,-0.061,0.01708,1.00927,0.01269,28.81
$MAG,26889.497,-0.559,-0.517,-0.400,27.8
$IMU,26889.497,-0.488,0.000,-0.061,0.01855,1.00830,0.01269,28.81
$IMU,26889.500,-0.427,-0.061,-0.061,0.01904,1.00976,0.01220,28.81
$IMU,26889.502,-0.427,-0.061,-0.122,0.01660,1.01171,0.01318,28.81
$IMU,26889.504,-0.488,-0.061,-0.122,0.01660,1.01025,0.01269,28.81
$MAG,26889.507,-0.559,-0.516,-0.400,27.6
$IMU,26889.507,-0.366,-0.244,-0.122,0.01855,1.01123,0.01269,28.81
$IMU,26889.509,-0.427,-0.122,-0.122,0.01855,1.01171,0.01416,28.79
$IMU,26889.511,-0.427,-0.061,-0.122,0.01855,1.01513,0.01416,28.79
$IMU,26889.514,-0.488,-0.122,-0.122,0.02050,1.01562,0.01269,28.79
$IMU,26889.516,-0.427,-0.183,-0.122,0.02343,1.01318,0.01660,28.79
$MAG,26889.517,-0.568,-0.513,-0.403,27.7
$IMU,26889.518,-0.366,-0.305,-0.061,0.02099,1.01367,0.01464,28.79
$IMU,26889.521,-0.549,0.000,-0.122,0.01953,1.01611,0.01269,28.79
$IMU,26889.523,-0.488,-0.061,-0.183,0.02148,1.01367,0.01318,28.79
$IMU,26889.525,-0.427,-0.061,-0.122,0.02148,1.01513,0.01464,28.79
$MAG,26889.527,-0.558,-0.525,-0.405,27.7
$IMU,26889.528,-0.366,-0.061,-0.122,0.02001,1.01708,0.01416,28.82
$IMU,26889.530,-0.366,0.000,-0.183,0.01855,1.01562,0.01464,28.82
$BARO,26889.531,86865.04,28.74
$IMU,26889.532,-0.244,-0.061,-0.244,0.02246,1.01416,0.01464,28.82
$IMU,26889.535,-0.183,-0.122,-0.244,0.01806,1.01611,0.01757,28.82
$MAG,26889.537,-0.568,-0.522,-0.406,27.7
$IMU,26889.537,-0.183,-0.061,-0.305,0.02001,1.01562,0.01367,28.82
$IMU,26889.539,-0.244,-0.122,-0.183,0.01904,1.01318,0.01562,28.82
$IMU,26889.542,-0.122,-0.122,-0.244,0.01904,1.00830,0.01464,28.82
$IMU,26889.544,-0.061,-0.122,-0.122,0.01904,1.01367,0.01367,28.82
$MAG,26889.547,-0.559,-0.514,-0.399,27.7
$IMU,26889.547,-0.122,0.000,-0.061,0.01806,1.01074,0.01513,28.84
$IMU,26889.549,-0.061,0.000,-0.122,0.01953,1.01123,0.01513,28.84
$IMU,26889.551,0.061,-0.061,-0.122,0.01757,1.01123,0.01708,28.84
$IMU,26889.554,0.061,-0.122,-0.305,0.01904,1.00927,0.01806,28.84
$IMU,26889.556,0.061,-0.122,-0.244,0.01904,1.01025,0.01513,28.84
$MAG,26889.558,-0.559,-0.514,-0.402,27.7
$IMU,26889.558,0.122,-0.244,-0.244,0.01757,1.01074,0.01367,28.84
$IMU,26889.561,0.000,-0.061,-0.122,0.01757,1.00976,0.01318,28.84
$IMU,26889.563,0.061,0.000,-0.183,0.01611,1.00830,0.01171,28.84
$IMU,26889.565,0.061,0.000,-0.183,0.01855,1.01074,0.01171,28.80
$MAG,26889.568,-0.573,-0.520,-0.397,27.6
$IMU,26889.568,0.061,-0.061,-0.183,0.02001,1.01123,0.01269,28.80
$IMU,26889.570,0.061,0.000,-0.244,0.01953,1.01318,0.01367,28.80
$IMU,26889.572,0.000,0.061,-0.183,0.02099,1.01464,0.01318,28.80
$IMU,26889.575,-0.061,-0.061,-0.183,0.01855,1.01220,0.01123,28.80
$IMU,26889.577,-0.122,0.061,-0.183,0.02099,1.01025,0.01171,28.80
$MAG,26889.578,-0.567,-0.516,-0.402,27.7
$IMU,26889.579,-0.122,-0.061,-0.183,0.01757,1.01123,0.01025,28.80
$IMU,26889.582,-0.122,-0.244,-0.183,0.02099,1.01367,0.01464,28.80
$IMU,26889.584,-0.183,-0.183,-0.122,0.02099,1.01416,0.01562,28.82
$IMU,26889.586,-0.366,0.061,-0.122,0.01904,1.01367,0.01269,28.82
$MAG,26889.588,-0.558,-0.519,-0.403,27.7
$IMU,26889.589,-0.427,-0.061,-0.122,0.01953,1.01513,0.01513,28.82
$IMU,26889.591,-0.427,-0.244,-0.122,0.01708,1.01464,0.01416,28.82
$IMU,26889.593,-0.427,-0.244,-0.183,0.01904,1.01562,0.01025,28.82
$IMU,26889.596,-0.549,-0.183,-0.244,0.02099,1.01562,0.01318,28.82
$MAG,26889.598,-0.562,-0.516,-0.403,27.6
$IMU,26889.598,-0.610,-0.122,-0.244,0.01611,1.01416,0.01269,28.82
$IMU,26889.600,-0.610,-0.061,-0.183,0.01464,1.01464,0.00976,28.82
$IMU,26889.603,-0.610,-0.122,-0.244,0.01757,1.01269,0.01318,28.82
$IMU,26889.605,-0.732,-0.061,-0.183,0.01855,1.01513,0.01367,28.82
$MAG,26889.608,-0.562,-0.516,-0.396,27.7
$IMU,26889.608,-0.732,-0.183,-0.122,0.01708,1.01464,0.01367,28.82
$IMU,26889.610,-0.671,0.000,-0.122,0.01611,1.01171,0.01269,28.82
$IMU,26889.612,-0.549,0.061,-0.122,0.01708,1.01464,0.01416,28.82
$IMU,26889.615,-0.488,-0.122,-0.183,0.02148,1.00878,0.01416,28.82
$IMU,26889.617,-0.305,-0.244,-0.183,0.01904,1.01074,0.01611,28.82
$MAG,26889.618,-0.565,-0.514,-0.403,27.7
$IMU,26889.619,-0.305,-0.122,-0.244,0.02050,1.00683,0.01562,28.82
$IMU,26889.622,-0.244,-0.183,-0.122,0.01757,1.00927,0.01611,28.78
$IMU,26889.624,-0.122,-0.244,-0.244,0.01855,1.00830,0.01269,28.78
$IMU,26889.626,-0.122,-0.122,-0.183,0.01855,1.00976,0.01367,28.78
$MAG,26889.628,-0.559,-0.517,-0.400,27.7
$IMU,26889.629,-0.061,0.061,-0.122,0.02001,1.01171,0.01171,28.78
$IMU,26889.631,0.122,-0.061,-0.183,0.02050,1.00976,0.01367,28.78
$BARO,26889.633,86858.19,28.74
$IMU,26889.633,0.244,-0.183,-0.183,0.01757,1.01220,0.01269,28.78
$IMU,26889.636,0.305,-0.122,-0.183,0.01953,1.01562,0.01416,28.78
$MAG,26889.638,-0.562,-0.526,-0.406,27.7
$IMU,26889.638,0.244,-0.122,-0.122,0.01708,1.01269,0.01611,28.78
$IMU,26889.640,0.305,-0.122,-0.122,0.01757,1.01171,0.01611,28.83
$IMU,26889.643,0.244,0.000,-0.122,0.01904,1.01562,0.01318,28.83
$IMU,26889.645,0.244,-0.244,-0.122,0.01611,1.01562,0.01367,28.83
$IMU,26889.647,0.183,-0.061,-0.122,0.02197,1.01123,0.01269,28.83
$MAG,26889.648,-0.562,-0.516,-0.402,27.8
$IMU,26889.650,0.183,0.000,-0.183,0.01904,1.01318,0.01220,28.83
$IMU,26889.652,0.183,-0.061,-0.122,0.02343,1.01904,0.01416,28.83
$IMU,26889.654,0.000,0.061,-0.183,0.02294,1.01708,0.01220,28.83
$VBAT,26889.656,4.134
$IMU,26889.657,0.061,-0.122,-0.183,0.01855,1.01367,0.00878,28.83
$MAG,26889.659,-0.565,-0.517,-0.399,27.7
$IMU,26889.659,0.000,-0.122,-0.244,0.01904,1.01416,0.01123,28.82
$IMU,26889.661,-0.122,-0.122,-0.244,0.02148,1.01416,0.01171,28.82
$IMU,26889.664,-0.244,0.000,-0.244,0.02099,1.01318,0.01123,28.82
$IMU,26889.666,-0.183,-0.122,-0.183,0.01855,1.01660,0.01318,28.82
$IMU,26889.668,-0.244,-0.061,-0.183,0.01757,1.01074,0.01367,28.82
$MAG,26889.669,-0.565,-0.516,-0.399,27.7
$IMU,26889.671,-0.244,-0.122,-0.183,0.01855,1.01074,0.01269,28.82
$IMU,26889.673,-0.305,-0.122,-0.122,0.02050,1.01416,0.01269,28.82
$IMU,26889.676,-0.427,0.000,-0.244,0.02050,1.01171,0.01025,28.82
$IMU,26889.678,-0.549,-0.061,-0.244,0.01757,1.01123,0.01074,28.82
$MAG,26889.679,-0.562,-0.511,-0.396,27.6
$IMU,26889.680,-0.610,-0.122,-0.183,0.02050,1.01220,0.01464,28.82
$IMU,26889.683,-0.488,-0.244,-0.183,0.02246,1.00878,0.01367,28.82
$IMU,26889.685,-0.549,-0.122,-0.183,0.01953,1.00878,0.01220,28.82
$IMU,26889.687,-0.610,0.061,-0.122,0.02050,1.01025,0.01123,28.82
$MAG,26889.689,-0.562,-0.513,-0.403,27.7
$IMU,26889.690,-0.549,-0.061,-0.122,0.01708,1.00781,0.01220,28.82
$IMU,26889.692,-0.610,-0.122,-0.122,0.01708,1.01123,0.01367,28.82
$IMU,26889.694,-0.549,-0.183,-0.183,0.01855,1.01220,0.01318,28.82
$IMU,26889.697,-0.610,-0.122,-0.122,0.01806,1.01123,0.01513,28.82
$MAG,26889.699,-0.562,-0.522,-0.403,27.7
$IMU,26889.699,-0.610,-0.061,-0.183,0.01757,1.01318,0.01269,28.82
$IMU,26889.701,-0.610,0.122,-0.244,0.01660,1.01464,0.01416,28.82
$IMU,26889.704,-0.549,-0.061,-0.244,0.01660,1.01318,0.01464,28.82
$IMU,26889.706,-0.427,-0.122,-0.183,0.01611,1.01171,0.01220,28.82
$IMU,26889.708,-0.488,-0.122,-0.122,0.02001,1.01416,0.01171,28.82
$MAG,26889.709,-0.571,-0.517,-0.411,27.7
$IMU,26889.711,-0.366,-0.122,-0.122,0.02001,1.01074,0.01416,28.82
$IMU,26889.713,-0.305,-0.122,-0.061,0.01904,1.01464,0.01367,28.82
$IMU,26889.715,-0.244,-0.183,-0.122,0.01708,1.01464,0.01367,28.76
$IMU,26889.718,-0.244,0.000,-0.122,0.01855,1.01416,0.01562,28.76
$MAG,26889.719,-0.561,-0.519,-0.402,27.7
$IMU,26889.720,-0.122,-0.122,-0.183,0.01806,1.01367,0.01464,28.76
$IMU,26889.722,-0.183,-0.061,-0.244,0.01806,1.01269,0.01220,28.76
$IMU,26889.725,-0.122,0.000,-0.305,0.01904,1.01464,0.01611,28.76
$IMU,26889.727,0.000,-0.061,-0.305,0.01806,1.01562,0.01416,28.76
$MAG,26889.729,-0.568,-0.517,-0.403,28.0
$IMU,26889.729,0.122,-0.122,-0.183,0.01806,1.01367,0.01220,28.76
$IMU,26889.732,0.244,-0.122,-0.183,0.01757,1.01464,0.01318,28.76
$BARO,26889.734,86867.67,28.74
$IMU,26889.734,0.244,-0.183,-0.183,0.01562,1.01708,0.01513,28.83
$IMU,26889.737,0.183,-0.061,-0.122,0.01611,1.01269,0.01269,28.83
$MAG,26889.739,-0.564,-0.513,-0.409,27.8
$IMU,26889.739,0.122,-0.061,-0.122,0.01904,1.01123,0.01074,28.83
$IMU,26889.741,0.122,-0.061,-0.183,0.01708,1.01464,0.01269,28.83
$IMU,26889.744,0.183,-0.061,-0.183,0.01806,1.01464,0.01513,28.83
$IMU,26889.746,0.122,0.000,-0.183,0.01806,1.01318,0.01416,28.83
$IMU,26889.748,0.183,-0.244,-0.183,0.01806,1.00976,0.01416,28.83
$MAG,26889.749,-0.561,-0.523,-0.405,27.7
$IMU,26889.751,0.122,-0.122,-0.183,0.01611,1.01171,0.01367,28.83
$IMU,26889.753,0.000,0.000,-0.183,0.01708,1.01171,0.01269,28.82
$IMU,26889.755,-0.061,-0.122,-0.305,0.01953,1.01269,0.01025,28.82
$IMU,26889.758,0.000,-0.183,-0.183,0.01464,1.01318,0.01074,28.82
$MAG,26889.759,-0.555,-0.514,-0.403,27.7
$IMU,26889.760,0.000,-0.183,-0.183,0.01708,1.01074,0.01171,28.82
$IMU,26889.762,-0.061,-0.122,-0.183,0.01660,1.00830,0.01074,28.82
$IMU,26889.765,-0.122,0.000,-0.122,0.01904,1.01123,0.01269,28.82
$IMU,26889.767,-0.122,0.000,0.000,0.01904,1.01269,0.01269,28.82
$IMU,26889.769,-0.122,-0.183,0.000,0.02001,1.01123,0.01123,28.82
$MAG,26889.770,-0.568,-0.514,-0.411,27.7
$IMU,26889.772,-0.183,-0.183,-0.061,0.01708,1.01220,0.01367,28.83
$IMU,26889.774,-0.183,-0.061,-0.061,0.01660,1.01171,0.01171,28.83
$IMU,26889.776,-0.244,-0.122,-0.122,0.02099,1.01318,0.01269,28.83
$IMU,26889.779,-0.305,-0.122,-0.183,0.01660,1.01367,0.01367,28.83
$MAG,26889.780,-0.561,-0.516,-0.405,27.6
$IMU,26889.781,-0.305,-0.061,-0.244,0.01904,1.01416,0.01220,28.83
$IMU,26889.783,-0.305,-0.244,-0.183,0.02246,1.01318,0.01123,28.83
$IMU,26889.786,-0.366,-0.061,-0.122,0.02050,1.01269,0.01025,28.83
$IMU,26889.788,-0.488,0.061,-0.122,0.02001,1.01562,0.01464,28.83
$MAG,26889.790,-0.562,-0.520,-0.402,27.8
$IMU,26889.790,-0.549,0.000,-0.183,0.01953,1.01318,0.01269,28.81
$IMU,26889.793,-0.488,-0.122,-0.183,0.01953,1.01220,0.01269,28.81
$IMU,26889.795,-0.549,-0.183,-0.183,0.01953,1.01464,0.01416,28.81
$IMU,26889.798,-0.610,0.061,-0.244,0.01904,1.01220,0.01220,28.81
$MAG,26889.800,-0.567,-0.525,-0.393,27.7
$IMU,26889.800,-0.610,-0.122,-0.183,0.01708,1.01025,0.01367,28.81
$IMU,26889.802,-0.488,-0.183,-0.183,0.01806,1.01660,0.01318,28.81
$IMU,26889.805,-0.488,-0.061,-0.244,0.02001,1.00927,0.01611,28.81
$IMU,26889.807,-0.488,-0.061,-0.244,0.02197,1.01025,0.01318,28.81
$IMU,26889.809,-0.610,-0.183,-0.244,0.02001,1.01220,0.01318,28.83
$MAG,26889.810,-0.568,-0.523,-0.402,27.7
$IMU,26889.812,-0.488,-0.122,-0.183,0.02050,1.01708,0.01562,28.83
$IMU,26889.814,-0.549,-0.061,-0.244,0.01953,1.01367,0.01513,28.83
$IMU,26889.816,-0.488,-0.061,-0.183,0.01953,1.01074,0.01708,28.83
$IMU,26889.819,-0.366,-0.061,-0.244,0.01806,1.01220,0.01367,28.83
$MAG,26889.820,-0.562,-0.513,-0.411,27.8
$IMU,26889.821,-0.244,-0.122,-0.244,0.01660,1.01171,0.01367,28.83
$IMU,26889.823,-0.244,-0.122,-0.183,0.01464,1.01171,0.01416,28.83
$IMU,26889.826,-0.244,0.000,-0.122,0.01757,1.01220,0.01464,28.83
$IMU,26889.828,-0.244,0.000,-0.183,0.01416,1.01220,0.01660,28.80
$MAG,26889.830,-0.565,-0.519,-0.409,27.8
$IMU,26889.830,-0.183,0.000,-0.183,0.01708,1.01269,0.01660,28.80
$IMU,26889.833,-0.183,-0.061,-0.183,0.01806,1.00927,0.01806,28.80
$IMU,26889.835,0.000,-0.122,-0.183,0.01708,1.01708,0.01464,28.80
$BARO,26889.836,86870.01,28.74
$IMU,26889.837,0.061,-0.122,-0.183,0.01806,1.01416,0.01513,28.80
$MAG,26889.840,-0.561,-0.514,-0.402,27.6
$IMU,26889.840,0.183,-0.244,-0.061,0.01660,1.01416,0.01513,28.80
$IMU,26889.842,0.183,-0.061,-0.183,0.01953,1.01318,0.01562,28.80
$IMU,26889.844,0.122,0.000,-0.183,0.01806,1.00927,0.01318,28.80
$IMU,26889.847,0.122,-0.122,-0.244,0.01708,1.01171,0.01220,28.83
$IMU,26889.849,0.244,-0.061,-0.183,0.01660,1.01464,0.01171,28.83
$MAG,26889.850,-0.570,-0.526,-0.400,27.7
$IMU,26889.851,0.183,-0.061,-0.183,0.01757,1.01708,0.01123,28.83
$IMU,26889.854,0.244,-0.061,-0.244,0.01904,1.01660,0.01416,28.83
$IMU,26889.856,0.183,0.000,-0.183,0.01708,1.01660,0.01464,28.83
$IMU,26889.859,0.183,-0.061,-0.122,0.01806,1.01562,0.01269,28.83
$MAG,26889.860,-0.568,-0.520,-0.405,27.6
$IMU,26889.861,0.183,-0.122,-0.122,0.01953,1.01464,0.01269,28.83
$IMU,26889.863,0.122,-0.122,-0.183,0.01904,1.01367,0.01318,28.83
$IMU,26889.866,0.122,-0.244,-0.183,0.01806,1.01562,0.01123,28.83
$IMU,26889.868,0.061,0.000,-0.183,0.01953,1.01367,0.01074,28.83
$MAG,26889.870,-0.564,-0.523,-0.400,27.7
$IMU,26889.870,0.061,0.000,-0.244,0.01953,1.01367,0.01025,28.83
$IMU,26889.873,0.122,-0.122,-0.183,0.02246,1.00927,0.01171,28.83
$IMU,26889.875,-0.061,0.000,-0.183,0.02099,1.01416,0.01074,28.83
$IMU,26889.877,-0.183,0.000,-0.244,0.01611,1.01074,0.01318,28.83
$IMU,26889.880,-0.244,0.000,-0.244,0.01855,1.01123,0.01123,28.83
$MAG,26889.881,-0.559,-0.511,-0.399,27.8
$IMU,26889.882,-0.244,-0.061,-0.183,0.01904,1.01269,0.01220,28.83
$IMU,26889.884,-0.427,0.000,-0.122,0.01757,1.00976,0.01074,28.81
$HUM,26889.886,35.1,29.2
$IMU,26889.887,-0.488,0.061,-0.122,0.01757,1.01269,0.01220,28.81
$IMU,26889.889,-0.488,0.061,-0.122,0.01708,1.01318,0.01025,28.81
$MAG,26889.891,-0.562,-0.519,-0.405,28.0
$IMU,26889.891,-0.488,0.061,-0.183,0.01660,1.01611,0.01220,28.81
$IMU,26889.894,-0.549,-0.061,-0.122,0.01611,1.01269,0.01269,28.81
$IMU,26889.896,-0.671,0.061,-0.122,0.01513,1.01318,0.01464,28.81
$IMU,26889.898,-0.671,-0.122,-0.183,0.01806,1.01464,0.01562,28.81
$MAG,26889.901,-0.552,-0.516,-0.400,27.6
$IMU,26889.901,-0.671,-0.183,-0.183,0.02050,1.01318,0.01171,28.81
$IMU,26889.903,-0.671,-0.122,-0.183,0.02197,1.01025,0.01464,28.82
$IMU,26889.905,-0.671,-0.122,-0.183,0.02050,1.01171,0.00976,28.82
$IMU,26889.908,-0.488,0.000,-0.061,0.01562,1.00781,0.01171,28.82
$IMU,26889.910,-0.244,-0.061,-0.122,0.01757,1.00830,0.01318,28.82
$MAG,26889.911,-0.558,-0.517,-0.397,27.8
$IMU,26889.912,-0.061,-0.244,-0.122,0.01660,1.00927,0.01269,28.82
$IMU,26889.915,0.122,-0.183,-0.122,0.01708,1.01269,0.01513,28.82
$IMU,26889.917,0.061,-0.061,-0.122,0.01855,1.01074,0.01171,28.82
$IMU,26889.920,0.122,-0.061,-0.122,0.01855,1.01269,0.01220,28.82
$MAG,26889.921,-0.571,-0.519,-0.394,27.7
$IMU,26889.922,0.244,-0.244,-0.061,0.01904,1.01220,0.01318,28.84
$IMU,26889.924,0.183,-0.183,-0.122,0.01855,1.01171,0.01367,28.84
$IMU,26889.927,0.183,-0.122,-0.122,0.01953,1.01513,0.01416,28.84
$IMU,26889.929,0.183,-0.122,-0.122,0.02050,1.01806,0.01367,28.84
$MAG,26889.931,-0.574,-0.514,-0.402,28.0
$IMU,26889.931,0.061,-0.061,-0.122,0.01855,1.01611,0.01269,28.84
$IMU,26889.934,-0.122,0.000,-0.244,0.01953,1.01562,0.01416,28.84
$IMU,26889.936,-0.061,-0.061,-0.122,0.02001,1.01367,0.01123,28.84
$BARO,26889.937,86873.10,28.74
$IMU,26889.938,-0.183,-0.122,-0.122,0.01806,1.01562,0.01025,28.84
$MAG,26889.941,-0.562,-0.519,-0.408,27.7
$IMU,26889.941,-0.183,-0.122,-0.122,0.02001,1.01464,0.00878,28.83
$IMU,26889.943,-0.366,0.000,-0.122,0.02197,1.01855,0.01123,28.83
$IMU,26889.945,-0.366,0.000,-0.122,0.01855,1.01416,0.01611,28.83
$IMU,26889.948,-0.427,-0.183,-0.122,0.01611,1.01708,0.01123,28.83
$IMU,26889.950,-0.366,-0.244,-0.122,0.02001,1.01562,0.01318,28.83
$MAG,26889.951,-0.559,-0.520,-0.405,27.7
$IMU,26889.952,-0.488,-0.061,-0.183,0.01757,1.01367,0.01269,28.83
$IMU,26889.955,-0.610,0.000,-0.244,0.01953,1.01318,0.01220,28.83
$IMU,26889.957,-0.549,-0.061,-0.122,0.02050,1.01123,0.01269,28.83
$IMU,26889.959,-0.549,-0.061,-0.183,0.01855,1.01416,0.01171,28.86
$MAG,26889.961,-0.559,-0.516,-0.400,27.7
$IMU,26889.962,-0.549,-0.183,-0.183,0.01562,1.01074,0.01269,28.86
$IMU,26889.964,-0.549,-0.183,-0.122,0.01855,1.01171,0.01318,28.86
$IMU,26889.966,-0.671,0.000,-0.122,0.02246,1.01025,0.01269,28.86
$IMU,26889.969,-0.671,0.000,-0.183,0.01611,1.01123,0.01367,28.86
$MAG,26889.971,-0.564,-0.525,-0.402,27.6
$IMU,26889.971,-0.732,0.000,-0.183,0.01318,1.01220,0.01416,28.86
$IMU,26889.973,-0.671,-0.122,-0.244,0.01708,1.01025,0.01464,28.86
$IMU,26889.976,-0.671,-0.061,-0.122,0.02001,1.01074,0.01416,28.86
$IMU,26889.978,-0.610,-0.061,-0.244,0.01708,1.00927,0.01464,28.84
$MAG,26889.981,-0.573,-0.519,-0.397,27.7
$IMU,26889.981,-0.549,-0.122,-0.183,0.01953,1.01074,0.01464,28.84
$IMU,26889.983,-0.488,-0.061,-0.061,0.01855,1.01025,0.01611,28.84
$IMU,26889.985,-0.488,-0.061,-0.122,0.01611,1.01367,0.01611,28.84
$IMU,26889.988,-0.305,-0.183,-0.122,0.02099,1.01123,0.01318,28.84
$IMU,26889.990,-0.366,-0.061,-0.122,0.02148,1.01123,0.01562,28.84
$MAG,26889.992,-0.559,-0.513,-0.405,27.7
$IMU,26889.992,-0.366,-0.061,-0.183,0.01904,1.01806,0.01367,28.84
$IMU,26889.995,-0.244,-0.122,-0.244,0.01855,1.01464,0.01611,28.84
$IMU,26889.997,-0.061,-0.183,-0.244,0.02148,1.01513,0.01318,28.80
$IMU,26889.999,0.000,-0.183,-0.244,0.02001,1.01757,0.01464,28.80
$MAG,26890.002,-0.571,-0.511,-0.403,27.8
$IMU,26890.002,0.183,-0.183,-0.183,0.02001,1.01513,0.01416,28.80
$IMU,26890.004,0.183,-0.183,-0.183,0.01855,1.01562,0.01464,28.80
$IMU,26890.006,0.183,-0.122,-0.183,0.01953,1.01513,0.01367,28.80
$IMU,26890.009,0.244,-0.122,-0.061,0.01904,1.01318,0.01464,28.80
$IMU,26890.011,0.366,-0.122,-0.183,0.01611,1.01220,0.01660,28.80
$MAG,26890.012,-0.568,-0.519,-0.400,28.0
$IMU,26890.013,0.427,-0.183,-0.244,0.01708,1.01171,0.01464,28.80
$IMU,26890.016,0.488,-0.244,-0.244,0.02099,1.01171,0.01367,28.81
$IMU,26890.018,0.488,-0.183,-0.244,0.01660,1.01171,0.01562,28.81
$IMU,26890.020,0.427,0.000,-0.183,0.01855,1.01464,0.01220,28.81
$MAG,26890.022,-0.565,-0.516,-0.402,27.8
$IMU,26890.023,0.488,0.000,-0.183,0.01855,1.01269,0.01074,28.81
$IMU,26890.025,0.488,-0.122,-0.183,0.01904,1.01171,0.01318,28.81
$IMU,26890.027,0.488,-0.183,-0.244,0.01708,1.01025,0.01220,28.81
$IMU,26890.030,0.366,0.000,-0.183,0.01660,1.01025,0.00878,28.81
$MAG,26890.032,-0.559,-0.525,-0.400,27.6
$IMU,26890.032,0.305,-0.061,-0.244,0.01611,1.00878,0.00781,28.81
$IMU,26890.034,0.244,-0.061,-0.244,0.01757,1.01025,0.01171,28.85
$IMU,26890.037,0.183,-0.061,-0.183,0.01757,1.01269,0.00732,28.85
$BARO,26890.038,86861.40,28.74
$IMU,26890.039,0.122,0.000,-0.244,0.01953,1.01367,0.00927,28.85
$MAG,26890.042,-0.570,-0.511,-0.406,27.7
$IMU,26890.042,0.000,-0.122,-0.122,0.02001,1.01220,0.01074,28.85
$IMU,26890.044,-0.183,-0.122,-0.122,0.01953,1.01171,0.00927,28.85
$IMU,26890.046,-0.305,0.000,-0.122,0.01708,1.01513,0.01123,28.85
$IMU,26890.049,-0.488,-0.122,-0.183,0.02197,1.01220,0.00927,28.85
$IMU,26890.051,-0.671,-0.061,-0.183,0.01904,1.01318,0.01074,28.85
$MAG,26890.052,-0.565,-0.519,-0.396,27.7
$IMU,26890.053,-0.732,-0.183,-0.183,0.01757,1.01611,0.01171,28.83
$IMU,26890.056,-0.793,-0.061,-0.244,0.01708,1.01367,0.01123,28.83
$IMU,26890.058,-0.976,0.000,-0.183,0.01708,1.01220,0.00976,28.83
$IMU,26890.060,-1.037,0.000,-0.183,0.02050,1.01464,0.01220,28.83
$MAG,26890.062,-0.562,-0.514,-0.405,27.7
$IMU,26890.063,-0.976,-0.183,-0.244,0.01757,1.01269,0.01464,28.83
$IMU,26890.065,-1.037,-0.183,-0.122,0.01464,1.01513,0.01416,28.83
$IMU,26890.067,-1.037,-0.183,-0.122,0.01513,1.01611,0.01367,28.83
$IMU,26890.070,-1.037,0.000,-0.061,0.01660,1.01220,0.01318,28.83
$MAG,26890.072,-0.571,-0.517,-0.402,27.7
$IMU,26890.072,-1.037,-0.122,-0.122,0.01660,1.01318,0.01269,28.84
$IMU,26890.074,-0.976,-0.061,-0.122,0.01953,1.01464,0.01318,28.84
$IMU,26890.077,-0.854,-0.122,-0.061,0.01611,1.01318,0.01708,28.84
$IMU,26890.079,-0.732,-0.305,-0.122,0.01806,1.01171,0.01611,28.84
$IMU,26890.081,-0.793,0.000,-0.122,0.01953,1.00976,0.01513,28.84
$MAG,26890.082,-0.570,-0.517,-0.397,27.6
$IMU,26890.084,-0.732,0.061,-0.183,0.01904,1.00683,0.01611,28.84
$IMU,26890.086,-0.610,0.061,-0.183,0.02099,1.01025,0.01513,28.84
$IMU,26890.088,-0.427,-0.305,-0.183,0.01806,1.00927,0.01611,28.84
$IMU,26890.091,-0.305,-0.122,-0.122,0.01806,1.01074,0.01757,28.81
$MAG,26890.092,-0.565,-0.516,-0.405,27.6
$IMU,26890.093,-0.244,-0.061,-0.061,0.02001,1.01464,0.01562,28.81
$IMU,26890.095,-0.122,-0.122,-0.122,0.02050,1.01123,0.01367,28.81
$IMU,26890.098,-0.061,0.061,-0.122,0.01806,1.01123,0.01660,28.81
$IMU,26890.100,0.061,0.000,-0.122,0.01953,1.00781,0.01513,28.81
$IMU,26890.102,0.122,-0.061,-0.122,0.02001,1.01074,0.01562,28.81
$MAG,26890.103,-0.565,-0.519,-0.405,27.8
$IMU,26890.105,0.244,-0.122,-0.122,0.02050,1.01562,0.01220,28.81
$IMU,26890.107,0.305,-0.061,-0.122,0.02050,1.01269,0.01318,28.81
$IMU,26890.110,0.366,-0.061,-0.122,0.01806,1.01464,0.01660,28.81
$IMU,26890.112,0.488,-0.183,-0.183,0.01806,1.01855,0.01464,28.81
$MAG,26890.113,-0.558,-0.507,-0.402,27.7
$IMU,26890.114,0.427,-0.061,-0.122,0.01806,1.01367,0.01367,28.81
$IMU,26890.117,0.488,-0.061,-0.183,0.02050,1.01416,0.01367,28.81
$IMU,26890.119,0.427,0.000,-0.122,0.02197,1.01318,0.01171,28.81
$IMU,26890.121,0.427,0.122,-0.183,0.02001,1.01220,0.01513,28.81
$MAG,26890.123,-0.567,-0.517,-0.396,27.7
$IMU,26890.124,0.427,-0.061,-0.122,0.02148,1.01220,0.01220,28.81
$IMU,26890.126,0.427,-0.122,-0.122,0.02294,1.01269,0.01220,28.81
$IMU,26890.128,0.305,-0.183,-0.122,0.02099,1.01318,0.01171,28.83
$IMU,26890.131,0.244,-0.122,-0.244,0.01904,1.01269,0.01025,28.83
$MAG,26890.133,-0.565,-0.522,-0.402,27.6
$IMU,26890.133,0.061,0.000,-0.305,0.01904,1.00976,0.00976,28.83
$IMU,26890.135,-0.122,-0.122,-0.244,0.01708,1.01171,0.00976,28.83
$IMU,26890.138,-0.061,-0.244,-0.305,0.01904,1.01123,0.01123,28.83
$BARO,26890.140,86857.99,28.74
$IMU,26890.140,-0.122,-0.244,-0.244,0.01611,1.00927,0.00927,28.83
$IMU,26890.142,-0.183,-0.305,-0.244,0.01855,1.01220,0.01025,28.83
$MAG,26890.143,-0.562,-0.516,-0.405,27.7
$IMU,26890.145,-0.305,-0.122,-0.122,0.01611,1.01171,0.01025,28.83
$IMU,26890.147,-0.427,0.000,-0.122,0.01562,1.01220,0.01074,28.80
$IMU,26890.149,-0.488,-0.061,-0.061,0.01855,1.01025,0.01025,28.80
$IMU,26890.152,-0.488,0.000,-0.244,0.01660,1.00634,0.01367,28.80
$MAG,26890.153,-0.565,-0.519,-0.400,27.7
$IMU,26890.154,-0.610,-0.061,-0.183,0.01757,1.00781,0.01074,28.80
$IMU,26890.156,-0.610,0.000,-0.244,0.01904,1.01367,0.01025,28.80
$IMU,26890.159,-0.610,-0.183,-0.183,0.01611,1.01123,0.01269,28.80
$IMU,26890.161,-0.671,-0.122,-0.122,0.01855,1.01318,0.01318,28.80
$MAG,26890.163,-0.556,-0.514,-0.394,27.7
$IMU,26890.163,-0.732,-0.061,-0.122,0.02099,1.01220,0.01171,28.80
$IMU,26890.166,-0.732,-0.061,-0.122,0.01855,1.01220,0.01660,28.83
$IMU,26890.168,-0.854,-0.122,-0.061,0.01660,1.01318,0.01171,28.83
$IMU,26890.171,-0.854,0.000,-0.061,0.01953,1.01318,0.01367,28.83
$IMU,26890.173,-0.854,0.000,-0.061,0.01757,1.01513,0.01513,28.83
$MAG,26890.173,-0.561,-0.522,-0.400,27.7
$IMU,26890.175,-0.915,0.000,-0.183,0.01953,1.01611,0.01513,28.83
$IMU,26890.178,-0.793,-0.183,-0.244,0.02001,1.01220,0.01318,28.83
$IMU,26890.180,-0.732,-0.183,-0.244,0.02099,1.01562,0.01562,28.83
$IMU,26890.182,-0.732,0.061,-0.183,0.02099,1.01464,0.01562,28.83
$MAG,26890.183,-0.565,-0.528,-0.397,27.7
$IMU,26890.185,-0.610,-0.061,-0.183,0.01660,1.01416,0.01416,28.84
$IMU,26890.187,-0.610,0.000,-0.061,0.01806,1.01220,0.01611,28.84
$IMU,26890.189,-0.488,-0.122,-0.122,0.01757,1.01123,0.01611,28.84
$IMU,26890.192,-0.305,-0.183,-0.061,0.01660,1.01464,0.01367,28.84
$MAG,26890.193,-0.561,-0.517,-0.397,27.7
$IMU,26890.194,-0.122,-0.122,-0.061,0.02099,1.01562,0.01757,28.84
$IMU,26890.196,-0.122,-0.061,-0.122,0.01660,1.01269,0.01416,28.84
$IMU,26890.199,0.061,-0.061,-0.183,0.01953,1.00927,0.01513,28.84
$IMU,26890.201,0.183,-0.122,-0.244,0.01855,1.01269,0.01562,28.84
$MAG,26890.203,-0.559,-0.514,-0.402,27.7
$IMU,26890.203,0.366,-0.183,-0.244,0.01757,1.01220,0.01464,28.85
$IMU,26890.206,0.427,-0.061,-0.244,0.01611,1.01220,0.01269,28.85
$IMU,26890.208,0.488,-0.122,-0.122,0.01855,1.00830,0.01171,28.85
$IMU,26890.210,0.549,-0.061,-0.122,0.01953,1.01025,0.01416,28.85
$IMU,26890.213,0.549,-0.061,-0.122,0.01708,1.01025,0.01220,28.85
$MAG,26890.214,-0.567,-0.511,-0.405,27.6
$IMU,26890.215,0.488,0.061,-0.183,0.02001,1.01025,0.01171,28.85
$IMU,26890.217,0.549,-0.244,-0.183,0.02001,1.01220,0.01513,28.85
$IMU,26890.220,0.427,-0.122,-0.244,0.01953,1.01318,0.01171,28.85
$IMU,26890.222,0.305,0.061,-0.305,0.02050,1.01269,0.01171,28.86
$MAG,26890.224,-0.567,-0.510,-0.397,27.7
$IMU,26890.224,0.244,0.000,-0.244,0.01513,1.01123,0.00976,28.86
$IMU,26890.227,0.305,-0.244,-0.183,0.01708,1.01123,0.01269,28.86
$IMU,26890.229,0.183,-0.122,-0.122,0.01562,1.01464,0.01171,28.86
$TIME,26890.231,510805.000,2399
$IMU,26890.232,0.061,-0.183,-0.183,0.01708,1.01416,0.01025,28.86
$MAG,26890.234,-0.561,-0.511,-0.400,27.7
$IMU,26890.234,-0.061,-0.122,-0.061,0.02050,1.01367,0.00976,28.86
$IMU,26890.236,-0.122,-0.061,0.000,0.01953,1.01416,0.00878,28.86
$IMU,26890.239,-0.305,0.000,-0.122,0.01855,1.01611,0.01318,28.86
$BARO,26890.241,86866.65,28.74
$IMU,26890.241,-0.488,-0.183,-0.183,0.02001,1.01660,0.01123,28.85
$IMU,26890.243,-0.610,-0.122,-0.122,0.01953,1.01513,0.01123,28.85
$MAG,26890.244,-0.556,-0.522,-0.403,27.7
$IMU,26890.246,-0.610,-0.122,-0.244,0.02001,1.01269,0.00732,28.85
$IMU,26890.248,-0.671,-0.244,-0.244,0.02197,1.01416,0.00830,28.85
$IMU,26890.250,-0.793,-0.061,-0.122,0.01904,1.01123,0.01171,28.85
$IMU,26890.253,-0.854,0.061,-0.122,0.01904,1.01220,0.01269,28.85
$MAG,26890.254,-0.564,-0.513,-0.402,27.6
$IMU,26890.255,-0.915,-0.061,-0.122,0.01757,1.00976,0.01123,28.85
$IMU,26890.257,-0.854,-0.061,-0.061,0.01904,1.01074,0.01416,28.85
$IMU,26890.260,-0.854,-0.183,0.000,0.01855,1.01416,0.01171,28.84
$IMU,26890.262,-0.854,0.000,-0.122,0.01660,1.01220,0.01367,28.84
$MAG,26890.264,-0.568,-0.510,-0.402,27.8
$IMU,26890.264,-0.854,0.000,-0.183,0.01562,1.00927,0.01562,28.84
$IMU,26890.267,-0.793,0.000,-0.183,0.01611,1.01074,0.01464,28.84
$IMU,26890.269,-0.793,0.061,-0.244,0.01904,1.01025,0.01416,28.84
$IMU,26890.271,-0.671,0.000,-0.183,0.02001,1.01123,0.01416,28.84
$MAG,26890.274,-0.565,-0.520,-0.396,27.6
$IMU,26890.274,-0.549,-0.122,-0.183,0.01708,1.01025,0.01562,28.84
$IMU,26890.276,-0.488,0.000,-0.122,0.01611,1.01464,0.01513,28.84
$IMU,26890.278,-0.244,-0.183,-0.122,0.02001,1.01464,0.01757,28.83
$IMU,26890.281,-0.183,-0.183,-0.061,0.02197,1.01074,0.01074,28.83
$IMU,26890.283,-0.183,-0.183,-0.183,0.01806,1.01123,0.01513,28.83
$MAG,26890.284,-0.561,-0.516,-0.403,27.6
$IMU,26890.285,-0.183,0.000,-0.244,0.01660,1.01513,0.01416,28.83
$IMU,26890.288,-0.061,-0.183,-0.183,0.02099,1.01562,0.01660,28.83
$IMU,26890.290,0.000,-0.183,-0.183,0.02001,1.01806,0.01367,28.83
$IMU,26890.293,0.000,-0.122,-0.244,0.01757,1.01269,0.01416,28.83
$MAG,26890.294,-0.564,-0.514,-0.399,27.7
$IMU,26890.295,0.000,-0.061,-0.244,0.01757,1.01513,0.01660,28.83
$IMU,26890.297,0.061,-0.061,-0.244,0.02050,1.01562,0.01367,28.85
$IMU,26890.300,0.000,-0.122,-0.244,0.01708,1.01416,0.01464,28.85
$IMU,26890.302,0.000,0.000,-0.183,0.01513,1.01464,0.01562,28.85
$MAG,26890.304,-0.565,-0.510,-0.400,27.7
$IMU,26890.304,0.061,-0.061,-0.183,0.01562,1.01220,0.01464,28.85
$IMU,26890.307,0.061,-0.244,-0.244,0.01855,1.01513,0.01513,28.85
$IMU,26890.309,0.183,-0.183,-0.183,0.01611,1.01318,0.01562,28.85
$IMU,26890.311,0.061,-0.061,-0.122,0.01757,1.00976,0.01220,28.85
$IMU,26890.314,0.122,-0.061,-0.183,0.01953,1.01123,0.01220,28.85
$MAG,26890.315,-0.564,-0.517,-0.402,27.6
$IMU,26890.316,0.122,-0.061,-0.183,0.01855,1.00927,0.01367,28.79
$IMU,26890.318,0.122,0.000,-0.061,0.01757,1.00976,0.01123,28.79
$IMU,26890.321,0.183,-0.122,-0.122,0.01855,1.01220,0.01074,28.79
$IMU,26890.323,0.122,-0.183,-0.122,0.01708,1.01318,0.01220,28.79
$MAG,26890.325,-0.562,-0.525,-0.402,27.6
$IMU,26890.325,0.061,-0.061,-0.122,0.01708,1.01074,0.01367,28.79
$IMU,26890.328,0.000,-0.244,-0.122,0.01953,1.00781,0.01269,28.79
$IMU,26890.330,-0.122,-0.061,-0.183,0.01806,1.01171,0.01171,28.79
$IMU,26890.332,-0.183,-0.061,-0.183,0.01708,1.01367,0.01269,28.79
$MAG,26890.335,-0.568,-0.513,-0.399,28.0
$IMU,26890.335,-0.183,-0.183,-0.183,0.01708,1.01025,0.01367,28.86
$IMU,26890.337,-0.244,-0.244,-0.183,0.01660,1.01025,0.01074,28.86
$IMU,26890.339,-0.366,-0.061,-0.183,0.01757,1.00683,0.01123,28.86
$IMU,26890.342,-0.549,0.122,-0.122,0.01806,1.01074,0.01123,28.86
$BARO,26890.343,86861.36,28.74
$IMU,26890.344,-0.427,-0.122,-0.122,0.02050,1.01416,0.01123,28.86
$MAG,26890.345,-0.567,-0.517,-0.408,27.7
$IMU,26890.346,-0.427,-0.122,-0.061,0.01806,1.01513,0.01367,28.86
$IMU,26890.349,-0.427,-0.061,-0.061,0.01806,1.01464,0.01269,28.86
$IMU,26890.351,-0.488,-0.183,-0.122,0.02148,1.01513,0.01269,28.86
$IMU,26890.354,-0.549,-0.122,-0.122,0.02050,1.01416,0.01220,28.84
$MAG,26890.355,-0.565,-0.519,-0.406,27.7
$IMU,26890.356,-0.610,-0.061,-0.061,0.02050,1.01660,0.01220,28.84
$IMU,26890.358,-0.549,-0.061,-0.122,0.02148,1.01660,0.01025,28.84
$IMU,26890.361,-0.549,-0.061,-0.244,0.01806,1.01904,0.01123,28.84
$IMU,26890.363,-0.610,-0.122,-0.244,0.02197,1.01220,0.00927,28.84
$IMU,26890.365,-0.671,-0.183,-0.183,0.01855,1.01367,0.01025,28.84
$MAG,26890.365,-0.561,-0.516,-0.403,27.7
$IMU,26890.368,-0.671,-0.061,-0.183,0.01757,1.01660,0.01318,28.84
$IMU,26890.370,-0.671,-0.061,-0.183,0.01806,1.01367,0.01123,28.84
$IMU,26890.372,-0.610,-0.183,-0.183,0.01855,1.01660,0.01562,28.82
$MAG,26890.375,-0.562,-0.513,-0.390,27.7
$IMU,26890.375,-0.610,-0.061,-0.244,0.01953,1.01464,0.01416,28.82
$IMU,26890.377,-0.549,-0.122,-0.183,0.02001,1.01025,0.01171,28.82
$IMU,26890.379,-0.549,0.000,-0.183,0.01757,1.01123,0.01220,28.82
$IMU,26890.382,-0.366,-0.122,-0.061,0.02050,1.01171,0.01171,28.82
$IMU,26890.384,-0.305,-0.061,-0.061,0.02050,1.00976,0.01464,28.82
$MAG,26890.385,-0.561,-0.513,-0.409,27.7
$IMU,26890.386,-0.183,-0.122,-0.061,0.01757,1.01171,0.01318,28.82
$IMU,26890.389,-0.061,-0.183,-0.122,0.01953,1.01025,0.01464,28.82
$IMU,26890.391,-0.122,0.000,-0.122,0.02099,1.01318,0.01611,28.80
$IMU,26890.393,-0.061,0.000,-0.244,0.02099,1.01025,0.01562,28.80
$MAG,26890.395,-0.561,-0.522,-0.405,27.7
$IMU,26890.396,0.122,0.000,-0.244,0.02050,1.01220,0.01318,28.80
$IMU,26890.398,0.244,-0.183,-0.244,0.01757,1.00830,0.01367,28.80
$IMU,26890.400,0.244,-0.122,-0.244,0.01464,1.01074,0.01367,28.80
$IMU,26890.403,0.122,0.000,-0.244,0.01806,1.00927,0.01269,28.80
$MAG,26890.405,-0.559,-0.525,-0.402,27.6
$IMU,26890.405,0.305,-0.244,-0.183,0.01953,1.00830,0.01416,28.80
$IMU,26890.407,0.244,0.000,-0.122,0.01806,1.00927,0.01513,28.80
$IMU,26890.410,0.183,-0.122,-0.122,0.02099,1.01464,0.01464,28.83
$IMU,26890.412,0.305,-0.244,-0.061,0.02246,1.01464,0.01269,28.83
$MAG,26890.415,-0.564,-0.516,-0.399,27.7
$IMU,26890.415,0.305,-0.305,-0.122,0.01904,1.01318,0.01025,28.83
$IMU,26890.417,0.183,-0.183,-0.183,0.01855,1.01171,0.01074,28.83
$IMU,26890.419,0.061,-0.061,-0.244,0.02099,1.01074,0.01318,28.83
$IMU,26890.422,-0.061,0.000,-0.305,0.01757,1.01269,0.01171,28.83
$IMU,26890.424,-0.183,-0.061,-0.366,0.02099,1.01220,0.01074,28.83
$MAG,26890.426,-0.564,-0.514,-0.388,27.8
$IMU,26890.426,-0.183,-0.122,-0.366,0.01904,1.01220,0.01123,28.83
$IMU,26890.429,-0.183,0.000,-0.305,0.01855,1.01123,0.00927,28.85
$IMU,26890.431,-0.244,0.061,-0.183,0.01757,1.01513,0.01269,28.85
$IMU,26890.433,-0.244,0.061,-0.122,0.01806,1.01611,0.01025,28.85
$MAG,26890.436,-0.567,-0.519,-0.406,27.7
$IMU,26890.436,-0.244,-0.122,-0.122,0.01660,1.01220,0.01220,28.85
$IMU,26890.438,-0.244,-0.183,-0.122,0.01660,1.01416,0.01171,28.85
$IMU,26890.440,-0.488,-0.061,-0.122,0.01855,1.01269,0.00976,28.85
$IMU,26890.443,-0.488,-0.061,-0.122,0.02099,1.01611,0.01269,28.85
$BARO,26890.444,86857.72,28.74
$IMU,26890.445,-0.549,-0.061,-0.122,0.02001,1.01611,0.01123,28.85
$MAG,26890.446,-0.564,-0.517,-0.405,27.8
$IMU,26890.447,-0.488,-0.122,-0.183,0.02197,1.01318,0.01220,28.86
$IMU,26890.450,-0.610,-0.061,-0.122,0.01953,1.01171,0.01074,28.86
$IMU,26890.452,-0.488,-0.244,-0.122,0.01855,1.01318,0.01171,28.86
$IMU,26890.454,-0.610,0.000,-0.183,0.02099,1.01269,0.01171,28.86
$MAG,26890.456,-0.562,-0.510,-0.397,27.6
$IMU,26890.457,-0.671,0.061,-0.244,0.02246,1.01269,0.01367,28.86
$IMU,26890.459,-0.549,-0.122,-0.244,0.01708,1.01220,0.01074,28.86
$IMU,26890.461,-0.488,-0.122,-0.305,0.01611,1.01464,0.01416,28.86
$IMU,26890.464,-0.427,-0.122,-0.183,0.01757,1.00976,0.01513,28.86
$MAG,26890.466,-0.565,-0.511,-0.399,27.7
$IMU,26890.466,-0.366,-0.061,-0.183,0.01513,1.01367,0.01513,28.84
$IMU,26890.468,-0.366,-0.122,-0.122,0.01953,1.01220,0.01318,28.84
$IMU,26890.471,-0.244,-0.122,-0.061,0.01855,1.01123,0.01464,28.84
$IMU,26890.473,-0.183,-0.122,-0.061,0.01708,1.01464,0.01318,28.84
$MAG,26890.476,-0.556,-0.517,-0.400,27.7
$IMU,26890.476,-0.122,-0.244,0.000,0.02099,1.01123,0.01464,28.84
$IMU,26890.478,-0.061,-0.183,-0.122,0.02001,1.01171,0.01220,28.84
$IMU,26890.480,-0.122,-0.183,-0.183,0.02001,1.01318,0.01123,28.84
$IMU,26890.483,0.000,-0.183,-0.183,0.01855,1.01025,0.01367,28.84
$IMU,26890.485,-0.122,0.000,-0.305,0.02294,1.00927,0.01269,28.81
$MAG,26890.486,-0.567,-0.510,-0.408,27.6
$IMU,26890.487,-0.122,-0.061,-0.305,0.01855,1.01269,0.01513,28.81
$IMU,26890.490,0.061,-0.183,-0.244,0.01904,1.01416,0.01220,28.81
$IMU,26890.492,0.061,-0.183,-0.244,0.01806,1.01367,0.01416,28.81
$IMU,26890.494,0.000,0.000,-0.305,0.01562,1.01171,0.01171,28.81
$MAG,26890.496,-0.571,-0.514,-0.400,27.7
$IMU,26890.497,0.000,0.000,-0.244,0.01855,1.01123,0.01269,28.81
$IMU,26890.499,0.061,-0.122,-0.122,0.01855,1.01464,0.00976,28.81
$IMU,26890.501,0.061,-0.122,-0.183,0.01806,1.01123,0.01074,28.81
$IMU,26890.504,0.183,-0.122,-0.061,0.02050,1.01171,0.01269,28.79
$MAG,26890.506,-0.552,-0.522,-0.406,27.8
$IMU,26890.506,0.061,-0.061,-0.122,0.01611,1.01318,0.01269,28.79
$IMU,26890.508,0.061,0.000,-0.183,0.01904,1.01318,0.01171,28.79
$IMU,26890.511,0.061,-0.061,-0.122,0.01904,1.01025,0.01220,28.79
$IMU,26890.513,0.000,0.000,-0.183,0.01660,1.01269,0.01123,28.79
$IMU,26890.515,-0.061,-0.183,-0.183,0.02050,1.01171,0.01025,28.79
$MAG,26890.516,-0.564,-0.522,-0.396,27.8
$IMU,26890.518,-0.061,0.000,-0.244,0.02099,1.01171,0.01171,28.79
$IMU,26890.520,-0.183,0.000,-0.183,0.01757,1.01416,0.01074,28.79
$IMU,26890.522,-0.183,-0.183,-0.183,0.02148,1.01464,0.01025,28.87
$IMU,26890.525,-0.366,-0.122,-0.244,0.01855,1.01367,0.00878,28.87
$MAG,26890.526,-0.568,-0.523,-0.400,27.7
$IMU,26890.527,-0.427,-0.183,-0.183,0.01708,1.01269,0.01513,28.87
$IMU,26890.529,-0.671,-0.061,-0.061,0.01855,1.01318,0.01318,28.87
$IMU,26890.532,-0.732,0.061,-0.061,0.01953,1.01074,0.01220,28.87
$IMU,26890.534,-0.732,-0.061,0.000,0.02001,1.01171,0.01220,28.87
$IMU,26890.536,-0.732,-0.061,0.000,0.01904,1.01220,0.01269,28.87
$MAG,26890.537,-0.558,-0.514,-0.403,27.7
$IMU,26890.539,-0.610,-0.244,-0.061,0.01806,1.01220,0.01269,28.87
$IMU,26890.541,-0.549,-0.366,-0.122,0.01855,1.01171,0.01416,28.84
$IMU,26890.544,-0.610,-0.244,-0.122,0.02099,1.01123,0.01367,28.84
$BARO,26890.545,86865.18,28.74
$IMU,26890.546,-0.732,0.000,-0.183,0.01806,1.01220,0.01269,28.84
$MAG,26890.547,-0.567,-0.516,-0.405,27.7
$IMU,26890.548,-0.610,-0.122,-0.244,0.02001,1.01318,0.01318,28.84
$IMU,26890.551,-0.488,-0.244,-0.183,0.01904,1.00878,0.01464,28.84
$IMU,26890.553,-0.366,-0.183,-0.183,0.01611,1.01025,0.01367,28.84
$IMU,26890.555,-0.366,0.000,-0.183,0.01708,1.01220,0.01513,28.84
$MAG,26890.557,-0.565,-0.516,-0.396,27.7
$IMU,26890.558,-0.366,-0.061,-0.061,0.01904,1.01171,0.01367,28.84
$IMU,26890.560,-0.244,-0.061,-0.122,0.01757,1.01074,0.01269,28.83
$IMU,26890.562,-0.183,-0.122,-0.122,0.01806,1.01025,0.01367,28.83
$IMU,26890.565,-0.183,-0.183,-0.183,0.02148,1.01416,0.01464,28.83
$MAG,26890.567,-0.562,-0.514,-0.403,27.7
$IMU,26890.567,-0.122,-0.122,-0.122,0.01708,1.00927,0.01416,28.83
$IMU,26890.569,-0.122,0.061,-0.183,0.02050,1.01025,0.01464,28.83
$IMU,26890.572,0.000,-0.244,-0.183,0.02001,1.01367,0.01513,28.83
$IMU,26890.574,0.061,-0.122,-0.183,0.01953,1.01513,0.01416,28.83
$IMU,26890.576,0.061,-0.122,-0.183,0.01953,1.01464,0.01416,28.83
$MAG,26890.577,-0.568,-0.523,-0.403,27.7
$IMU,26890.579,0.061,-0.122,-0.244,0.01953,1.01464,0.01025,28.83
$IMU,26890.581,0.061,-0.061,-0.183,0.01708,1.01367,0.01074,28.83
$IMU,26890.583,0.122,-0.122,-0.183,0.02099,1.01318,0.01123,28.83
$IMU,26890.586,0.183,-0.122,-0.244,0.01757,1.01171,0.01416,28.83
$MAG,26890.587,-0.561,-0.511,-0.403,28.1
$IMU,26890.588,0.122,-0.183,-0.183,0.01416,1.01513,0.01367,28.83
$IMU,26890.590,0.061,0.000,-0.122,0.01660,1.01562,0.01269,28.83
$IMU,26890.593,0.000,0.000,-0.183,0.01660,1.01513,0.01074,28.83
$IMU,26890.595,0.061,0.000,-0.122,0.01660,1.01318,0.01562,28.83
$MAG,26890.597,-0.562,-0.519,-0.402,27.7
$IMU,26890.597,0.122,-0.183,-0.061,0.01855,1.01513,0.01464,28.85
$IMU,26890.600,0.061,-0.183,-0.061,0.01757,1.01171,0.01269,28.85
$IMU,26890.602,0.000,-0.122,-0.061,0.01611,1.01562,0.01074,28.85
$IMU,26890.605,-0.183,0.061,-0.061,0.01757,1.01513,0.00976,28.85
$MAG,26890.607,-0.565,-0.514,-0.409,27.7
$IMU,26890.607,-0.305,0.061,-0.122,0.02001,1.01513,0.01123,28.85
$IMU,26890.609,-0.244,0.061,-0.122,0.01708,1.01416,0.01123,28.85
$IMU,26890.612,-0.244,-0.183,-0.183,0.02050,1.01220,0.00878,28.85
$IMU,26890.614,-0.366,-0.183,-0.183,0.01855,1.01074,0.01074,28.85
$IMU,26890.616,-0.366,-0.183,-0.183,0.01611,1.01123,0.01367,28.82
$MAG,26890.617,-0.561,-0.526,-0.388,27.8
$IMU,26890.619,-0.488,0.183,-0.183,0.01953,1.01416,0.01220,28.82
$IMU,26890.621,-0.427,-0.122,-0.122,0.01806,1.01318,0.01123,28.82
$IMU,26890.623,-0.488,-0.061,-0.061,0.01806,1.01074,0.01562,28.82
$IMU,26890.626,-0.427,-0.122,-0.122,0.01855,1.01123,0.01171,28.82
$MAG,26890.627,-0.567,-0.520,-0.403,27.8
$IMU,26890.628,-0.488,-0.183,-0.061,0.02050,1.01416,0.01025,28.82
$IMU,26890.630,-0.549,0.183,-0.122,0.01757,1.00976,0.01367,28.82
$IMU,26890.633,-0.549,0.061,-0.183,0.01660,1.01123,0.01171,28.82
$IMU,26890.635,-0.427,-0.061,-0.183,0.01904,1.01318,0.01171,28.84
$MAG,26890.637,-0.564,-0.519,-0.402,27.8
$IMU,26890.637,-0.366,-0.122,-0.244,0.01953,1.01171,0.01318,28.84
$IMU,26890.640,-0.427,0.000,-0.183,0.01757,1.00927,0.01416,28.84
$IMU,26890.642,-0.427,-0.061,-0.183,0.02099,1.00976,0.01464,28.84
$IMU,26890.644,-0.366,-0.183,-0.183,0.02148,1.01318,0.01318,28.84
$BARO,26890.647,86864.57,28.74
$MAG,26890.647,-0.571,-0.520,-0.405,27.7
$IMU,26890.647,-0.427,-0.061,-0.122,0.02099,1.01220,0.01171,28.84
$IMU,26890.649,-0.366,-0.122,-0.244,0.01708,1.01171,0.01513,28.84
$IMU,26890.651,-0.244,-0.061,-0.244,0.01660,1.01220,0.01464,28.84
$IMU,26890.654,-0.305,-0.183,-0.244,0.01660,1.01464,0.01464,28.84
$IMU,26890.656,-0.244,-0.244,-0.183,0.01757,1.01269,0.01269,28.84
$MAG,26890.658,-0.561,-0.513,-0.405,28.0
$IMU,26890.658,-0.305,0.000,-0.244,0.01660,1.01123,0.01562,28.84
$IMU,26890.661,-0.244,-0.183,-0.183,0.01757,1.01220,0.01367,28.84
$IMU,26890.663,-0.244,-0.061,-0.183,0.01806,1.01074,0.01220,28.84
$IMU,26890.666,-0.183,0.061,-0.122,0.02001,1.01318,0.01171,28.84
$VBAT,26890.666,4.116
$MAG,26890.668,-0.574,-0.514,-0.396,27.7
$IMU,26890.668,0.000,-0.183,-0.122,0.01806,1.01318,0.01025,28.84
$IMU,26890.670,0.000,-0.183,-0.183,0.01757,1.01269,0.01464,28.84
$IMU,26890.673,-0.122,0.122,-0.183,0.02099,1.01416,0.01416,28.83
$IMU,26890.675,-0.061,0.122,-0.183,0.01806,1.01269,0.01123,28.83
$IMU,26890.677,0.000,-0.183,-0.183,0.01904,1.01025,0.01269,28.83
$MAG,26890.678,-0.564,-0.528,-0.400,27.7
$IMU,26890.680,-0.061,-0.061,-0.183,0.01855,1.01367,0.01464,28.83
$IMU,26890.682,-0.061,0.000,-0.244,0.01855,1.01123,0.01220,28.83
$IMU,26890.684,0.061,-0.183,-0.244,0.01367,1.01367,0.01269,28.83
$IMU,26890.687,-0.061,-0.061,-0.183,0.01953,1.01171,0.01269,28.83
$MAG,26890.688,-0.561,-0.517,-0.403,27.8
$IMU,26890.689,-0.061,0.061,-0.183,0.01757,1.01318,0.01123,28.83
$IMU,26890.691,0.000,-0.183,-0.122,0.01757,1.01269,0.01171,28.85
$IMU,26890.694,-0.061,-0.244,-0.122,0.01611,1.01562,0.01171,28.85
$IMU,26890.696,-0.244,-0.061,-0.122,0.02050,1.01513,0.01367,28.85
$MAG,26890.698,-0.561,-0.514,-0.402,27.7
$IMU,26890.698,-0.244,-0.061,-0.122,0.01757,1.01269,0.01416,28.85
$IMU,26890.701,-0.244,-0.061,-0.122,0.02099,1.01562,0.01025,28.85
$IMU,26890.703,-0.183,-0.183,-0.183,0.01953,1.01416,0.01123,28.85
$IMU,26890.705,-0.244,-0.183,-0.122,0.02050,1.01220,0.01074,28.85
$MAG,26890.708,-0.568,-0.520,-0.402,27.6
$IMU,26890.708,-0.244,-0.244,-0.183,0.01855,1.01171,0.01562,28.85
$IMU,26890.710,-0.305,-0.061,-0.183,0.02001,1.01464,0.01367,28.85
$IMU,26890.712,-0.488,0.000,-0.183,0.01953,1.01416,0.01318,28.85
$IMU,26890.715,-0.305,-0.122,-0.122,0.01855,1.01367,0.01074,28.85
$IMU,26890.717,-0.366,-0.183,-0.061,0.01757,1.01318,0.00878,28.85
$MAG,26890.718,-0.562,-0.520,-0.399,27.7
$IMU,26890.719,-0.305,-0.122,-0.122,0.01904,1.01269,0.01171,28.85
$IMU,26890.722,-0.244,-0.122,-0.122,0.01806,1.01367,0.01416,28.85
$IMU,26890.724,-0.366,0.000,-0.122,0.02001,1.01416,0.01464,28.85
$IMU,26890.727,-0.366,-0.061,-0.122,0.01904,1.01025,0.01611,28.85
$MAG,26890.728,-0.565,-0.516,-0.400,27.7
$IMU,26890.729,-0.427,-0.061,-0.183,0.01904,1.00976,0.01464,28.83
$IMU,26890.731,-0.366,-0.061,-0.183,0.01708,1.01367,0.01220,28.83
$IMU,26890.734,-0.427,0.000,-0.244,0.01708,1.01220,0.01074,28.83
$IMU,26890.736,-0.427,0.122,-0.183,0.01757,1.01171,0.01318,28.83
$MAG,26890.738,-0.556,-0.523,-0.402,27.8
$IMU,26890.738,-0.305,0.000,-0.183,0.01953,1.00927,0.01464,28.83
$IMU,26890.741,-0.305,-0.061,-0.183,0.01660,1.00878,0.01464,28.83
$IMU,26890.743,-0.122,-0.244,-0.183,0.01757,1.01464,0.01318,28.83
$IMU,26890.745,-0.183,-0.183,-0.244,0.01806,1.01513,0.01269,28.83
$BARO,26890.748,86861.36,28.74
$MAG,26890.748,-0.567,-0.514,-0.399,27.7
$IMU,26890.748,-0.183,-0.061,-0.183,0.01708,1.01123,0.01269,28.90
$IMU,26890.750,-0.122,-0.122,-0.122,0.01708,1.01220,0.01464,28.90
$IMU,26890.752,-0.061,-0.122,-0.183,0.01708,1.01123,0.01416,28.90
$IMU,26890.755,-0.122,0.000,-0.122,0.01562,1.00927,0.01171,28.90
$IMU,26890.757,-0.122,0.061,-0.183,0.01757,1.01416,0.01220,28.90
$MAG,26890.759,-0.568,-0.520,-0.405,27.6
$IMU,26890.759,-0.183,-0.122,-0.244,0.01708,1.01464,0.01220,28.90
$IMU,26890.762,0.000,-0.061,-0.183,0.02001,1.01367,0.01367,28.90
$IMU,26890.764,-0.122,-0.183,-0.183,0.01757,1.01025,0.01318,28.90
$IMU,26890.766,-0.183,-0.183,-0.183,0.01855,1.01123,0.01220,28.87
$MAG,26890.769,-0.559,-0.516,-0.408,27.7
$IMU,26890.769,-0.061,-0.122,-0.183,0.02001,1.01025,0.01513,28.87
$IMU,26890.771,-0.183,-0.061,-0.183,0.01708,1.01318,0.00976,28.87
$IMU,26890.773,-0.183,-0.122,-0.122,0.01904,1.01269,0.01318,28.87
$IMU,26890.776,-0.183,-0.183,-0.122,0.01806,1.01464,0.01464,28.87
$IMU,26890.778,-0.183,-0.183,-0.122,0.01708,1.01318,0.00976,28.87
$MAG,26890.779,-0.561,-0.522,-0.400,27.6
$IMU,26890.780,-0.366,-0.061,-0.122,0.01953,1.01123,0.01318,28.87
$IMU,26890.783,-0.305,-0.061,-0.061,0.01660,1.01318,0.01269,28.87
$IMU,26890.785,-0.183,-0.244,-0.122,0.02001,1.01220,0.01074,28.84
$IMU,26890.788,-0.305,-0.122,-0.183,0.01708,1.01074,0.00878,28.84
$MAG,26890.789,-0.567,-0.525,-0.400,27.6
$IMU,26890.790,-0.427,0.183,-0.061,0.01855,1.01416,0.01123,28.84
$IMU,26890.792,-0.305,-0.183,-0.183,0.01953,1.01464,0.01416,28.84
$IMU,26890.795,-0.366,-0.122,-0.183,0.02050,1.01562,0.01171,28.84
$IMU,26890.797,-0.305,-0.122,-0.183,0.01806,1.01611,0.01269,28.84
$MAG,26890.799,-0.565,-0.511,-0.400,27.8
$IMU,26890.799,-0.305,-0.183,-0.122,0.01806,1.01269,0.01220,28.84
$IMU,26890.802,-0.366,-0.122,-0.183,0.01660,1.01416,0.01318,28.84
$IMU,26890.804,-0.305,-0.183,-0.122,0.01416,1.00878,0.01171,28.85
$IMU,26890.806,-0.305,-0.061,-0.183,0.01708,1.01269,0.01171,28.85
$MAG,26890.809,-0.553,-0.516,-0.411,27.7
$IMU,26890.809,-0.366,-0.122,-0.061,0.02197,1.01513,0.01367,28.85
$IMU,26890.811,-0.305,-0.122,-0.122,0.01806,1.01220,0.01416,28.85
$IMU,26890.813,-0.366,0.000,-0.122,0.01855,1.01660,0.01416,28.85
$IMU,26890.816,-0.488,-0.122,-0.061,0.02001,1.01660,0.01464,28.85
$IMU,26890.818,-0.549,0.000,-0.122,0.01904,1.01464,0.01562,28.85
$MAG,26890.819,-0.564,-0.511,-0.399,27.6
$IMU,26890.820,-0.427,-0.183,-0.244,0.01855,1.01562,0.01318,28.85
$IMU,26890.823,-0.488,-0.183,-0.183,0.01660,1.01562,0.01464,28.84
$IMU,26890.825,-0.488,-0.122,-0.183,0.02050,1.01416,0.01513,28.84
$IMU,26890.827,-0.488,-0.061,-0.183,0.01757,1.01660,0.01367,28.84
$MAG,26890.829,-0.562,-0.514,-0.397,27.7
$IMU,26890.830,-0.488,-0.122,-0.122,0.02001,1.01416,0.01464,28.84
$IMU,26890.832,-0.427,0.000,-0.183,0.01806,1.01269,0.01416,28.84
$IMU,26890.834,-0.366,-0.122,-0.183,0.01904,1.01171,0.01611,28.84
$IMU,26890.837,-0.305,-0.061,-0.061,0.01855,1.01074,0.01562,28.84
$MAG,26890.839,-0.565,-0.514,-0.406,27.6
$IMU,26890.839,-0.305,-0.061,-0.122,0.01708,1.01025,0.01367,28.84
$IMU,26890.841,-0.244,-0.183,-0.122,0.01855,1.01025,0.01660,28.86
$IMU,26890.844,-0.183,-0.061,-0.183,0.01806,1.00927,0.01416,28.86
$IMU,26890.846,-0.122,-0.061,-0.122,0.01611,1.00878,0.01318,28.86
$MAG,26890.849,-0.565,-0.522,-0.405,27.8
$IMU,26890.849,0.000,-0.244,-0.122,0.02050,1.00976,0.01220,28.86
$BARO,26890.850,86865.18,28.74
$IMU,26890.851,0.122,-0.122,-0.183,0.02001,1.00878,0.01513,28.86
$IMU,26890.853,0.122,-0.061,-0.122,0.01855,1.00732,0.01318,28.86
$IMU,26890.856,0.122,-0.061,-0.183,0.02050,1.01269,0.01269,28.86
$IMU,26890.858,0.244,0.000,-0.122,0.01513,1.01171,0.01025,28.86
$MAG,26890.859,-0.565,-0.517,-0.399,27.7
$IMU,26890.860,0.244,0.061,-0.122,0.01416,1.00976,0.01171,28.83
$IMU,26890.863,0.366,-0.061,-0.122,0.01562,1.01220,0.01367,28.83
$IMU,26890.865,0.366,-0.122,-0.122,0.01806,1.00976,0.01220,28.83
$IMU,26890.867,0.427,-0.183,-0.122,0.01855,1.01123,0.01220,28.83
$MAG,26890.870,-0.567,-0.519,-0.394,27.6
$IMU,26890.870,0.427,-0.122,-0.183,0.02099,1.01367,0.01269,28.83
$IMU,26890.872,0.366,-0.061,-0.183,0.01855,1.01367,0.01171,28.83
$IMU,26890.874,0.244,-0.122,-0.183,0.02001,1.01464,0.01171,28.83
$IMU,26890.877,0.183,0.061,-0.244,0.01757,1.01464,0.01171,28.83
$IMU,26890.879,0.183,-0.244,-0.305,0.01660,1.01464,0.01220,28.84
$MAG,26890.880,-0.573,-0.513,-0.396,27.7
$IMU,26890.881,0.061,-0.183,-0.305,0.01904,1.01904,0.00976,28.84
$IMU,26890.884,-0.061,-0.061,-0.366,0.01904,1.01611,0.00830,28.84
$IMU,26890.886,-0.183,0.061,-0.366,0.01953,1.01513,0.00976,28.84
$IMU,26890.888,-0.366,0.000,-0.244,0.01611,1.01464,0.00927,28.84
$MAG,26890.890,-0.562,-0.520,-0.409,27.6
$IMU,26890.891,-0.305,-0.122,-0.183,0.01757,1.01464,0.01025,28.84
$IMU,26890.893,-0.488,-0.061,-0.244,0.01660,1.01318,0.01025,28.84
$IMU,26890.895,-0.610,-0.061,-0.183,0.02148,1.01367,0.01074,28.84
$IMU,26890.898,-0.732,0.000,-0.061,0.01660,1.01562,0.01123,28.87
$MAG,26890.900,-0.556,-0.525,-0.402,27.6
$IMU,26890.900,-0.732,-0.061,-0.122,0.01660,1.01464,0.01220,28.87
$HUM,26890.902,35.0,29.2
$IMU,26890.902,-0.793,-0.122,-0.122,0.01904,1.01513,0.00976,28.87
$IMU,26890.905,-0.854,-0.122,-0.061,0.01660,1.01318,0.01269,28.87
$IMU,26890.907,-0.915,0.061,-0.122,0.01855,1.01074,0.01171,28.87
$MAG,26890.910,-0.565,-0.520,-0.399,27.7
$IMU,26890.910,-0.915,-0.122,-0.183,0.02099,1.01171,0.01318,28.87
$IMU,26890.912,-0.976,-0.061,-0.183,0.01855,1.01220,0.01367,28.87
$IMU,26890.914,-0.976,-0.061,-0.061,0.01416,1.01269,0.01220,28.87
$IMU,26890.917,-0.854,-0.061,-0.061,0.01562,1.01123,0.01171,28.85
$IMU,26890.919,-0.793,-0.122,-0.061,0.01416,1.01367,0.01562,28.85
$MAG,26890.920,-0.565,-0.516,-0.403,27.8
$IMU,26890.921,-0.671,-0.061,0.000,0.01757,1.01025,0.01123,28.85
$IMU,26890.924,-0.549,0.000,0.000,0.02001,1.01074,0.01611,28.85
$IMU,26890.926,-0.488,-0.183,0.000,0.01855,1.01464,0.01367,28.85
$IMU,26890.928,-0.488,-0.061,0.061,0.01953,1.01367,0.01318,28.85
$MAG,26890.930,-0.573,-0.517,-0.403,27.7
$IMU,26890.931,-0.305,0.000,-0.061,0.01855,1.01269,0.01123,28.85
$IMU,26890.933,-0.183,-0.122,-0.183,0.02099,1.01513,0.01367,28.85
$IMU,26890.935,-0.122,-0.183,-0.122,0.02001,1.01708,0.01318,28.84
$IMU,26890.938,-0.061,0.061,-0.122,0.01953,1.01513,0.01416,28.84
$MAG,26890.940,-0.564,-0.519,-0.402,27.7
$IMU,26890.940,0.000,-0.061,-0.122,0.02001,1.01416,0.01367,28.84
$IMU,26890.942,0.122,-0.122,-0.244,0.01855,1.01806,0.01708,28.84
$IMU,26890.945,0.183,0.000,-0.183,0.02099,1.01708,0.01269,28.84
$IMU,26890.947,0.305,-0.122,-0.122,0.02148,1.01464,0.01318,28.84
$IMU,26890.949,0.305,-0.061,-0.183,0.01855,1.01611,0.01513,28.84
$MAG,26890.950,-0.568,-0.516,-0.399,27.8
$BARO,26890.951,86857.33,28.74
$IMU,26890.952,0.366,-0.244,-0.244,0.02050,1.01318,0.01318,28.84
$IMU,26890.954,0.366,-0.183,-0.183,0.02148,1.01464,0.01416,28.85
$IMU,26890.956,0.244,-0.122,-0.183,0.02148,1.01660,0.01318,28.85
$IMU,26890.959,0.183,-0.061,-0.244,0.02099,1.01757,0.01171,28.85
$MAG,26890.960,-0.561,-0.519,-0.406,27.6
$IMU,26890.961,0.244,-0.122,-0.244,0.01953,1.01562,0.01123,28.85
$IMU,26890.963,0.183,-0.183,-0.305,0.01806,1.01464,0.00976,28.85
$IMU,26890.966,0.122,-0.183,-0.244,0.01806,1.01318,0.00976,28.85
$IMU,26890.968,0.000,-0.122,-0.305,0.01806,1.01416,0.01074,28.85
$MAG,26890.970,-0.562,-0.514,-0.400,27.7
$IMU,26890.971,0.000,-0.122,-0.305,0.01904,1.01611,0.01416,28.85
$IMU,26890.973,-0.061,-0.122,-0.305,0.01513,1.01171,0.01074,28.80
$IMU,26890.975,-0.244,-0.122,-0.183,0.01660,1.01611,0.01318,28.80
$IMU,26890.978,-0.305,-0.061,-0.183,0.01611,1.01757,0.01074,28.80
$IMU,26890.980,-0.366,0.000,-0.183,0.01708,1.01123,0.01220,28.80
$MAG,26890.981,-0.571,-0.513,-0.402,27.7
$IMU,26890.982,-0.366,-0.061,-0.183,0.01757,1.01171,0.01269,28.80
$IMU,26890.985,-0.488,-0.183,-0.244,0.01513,1.01171,0.01269,28.80
$IMU,26890.987,-0.549,-0.061,-0.183,0.01855,1.01171,0.01220,28.80
$IMU,26890.989,-0.549,-0.061,-0.122,0.02246,1.00683,0.01318,28.80
$MAG,26890.991,-0.561,-0.514,-0.394,27.7
$IMU,26890.992,-0.610,-0.061,-0.183,0.01855,1.01074,0.01318,28.87
$IMU,26890.994,-0.671,-0.122,-0.122,0.01464,1.01269,0.01123,28.87
$IMU,26890.996,-0.549,-0.122,-0.061,0.01611,1.01269,0.01318,28.87
$IMU,26890.999,-0.549,-0.183,0.000,0.01708,1.01269,0.01416,28.87
$MAG,26891.001,-0.565,-0.516,-0.402,27.8
$IMU,26891.001,-0.671,-0.122,0.000,0.02197,1.01269,0.01464,28.87
$IMU,26891.003,-0.610,-0.061,-0.061,0.01708,1.01611,0.01269,28.87
$IMU,26891.006,-0.732,0.000,-0.122,0.01660,1.01562,0.01367,28.87
$IMU,26891.008,-0.549,0.000,-0.122,0.02148,1.01660,0.01269,28.87
$IMU,26891.010,-0.488,-0.183,-0.061,0.01904,1.01269,0.01416,28.88
$MAG,26891.011,-0.559,-0.516,-0.399,27.7
$IMU,26891.013,-0.427,-0.122,-0.183,0.01904,1.01318,0.01416,28.88
$IMU,26891.015,-0.366,-0.122,-0.183,0.01757,1.01464,0.01269,28.88
$IMU,26891.017,-0.366,-0.061,-0.183,0.01953,1.01464,0.01416,28.88
$IMU,26891.020,-0.183,-0.122,-0.244,0.01757,1.01464,0.01513,28.88
$MAG,26891.021,-0.565,-0.519,-0.399,27.6
$IMU,26891.022,-0.061,-0.122,-0.122,0.01708,1.01367,0.01367,28.88
$IMU,26891.024,0.000,-0.183,-0.061,0.02001,1.01513,0.01416,28.88
$IMU,26891.027,-0.061,0.000,-0.122,0.01757,1.01318,0.01513,28.88
$IMU,26891.029,0.061,-0.061,-0.244,0.01757,1.01269,0.01269,28.90
$MAG,26891.031,-0.556,-0.519,-0.406,27.7
$IMU,26891.031,0.244,-0.183,-0.366,0.01611,1.01367,0.01220,28.90
$IMU,26891.034,0.305,-0.183,-0.366,0.01562,1.01123,0.01318,28.90
$IMU,26891.036,0.305,-0.122,-0.427,0.01757,1.01074,0.01318,28.90
$IMU,26891.039,0.305,-0.061,-0.366,0.01562,1.01025,0.01074,28.90
$MAG,26891.041,-0.565,-0.520,-0.399,27.7
$IMU,26891.041,0.244,0.000,-0.244,0.01953,1.01123,0.01074,28.90
$IMU,26891.043,0.244,-0.122,-0.244,0.01562,1.01025,0.01123,28.90
$IMU,26891.046,0.183,-0.122,-0.183,0.01318,1.01269,0.01171,28.90
$IMU,26891.048,0.183,-0.183,-0.183,0.01855,1.01318,0.01123,28.88
$IMU,26891.050,0.122,-0.244,-0.183,0.01855,1.01367,0.01269,28.88
$MAG,26891.051,-0.565,-0.519,-0.397,27.7
$BARO,26891.053,86865.99,28.74
$IMU,26891.053,0.061,-0.183,-0.183,0.02001,1.01513,0.01269,28.88
$IMU,26891.055,-0.122,-0.122,-0.183,0.01855,1.01269,0.01171,28.88
$IMU,26891.057,-0.122,-0.122,-0.305,0.02001,1.01269,0.00878,28.88
$IMU,26891.060,-0.183,-0.122,-0.244,0.01806,1.01318,0.01220,28.88
$MAG,26891.061,-0.565,-0.516,-0.400,27.6
$IMU,26891.062,-0.366,-0.061,-0.122,0.02148,1.01074,0.01074,28.88
$IMU,26891.064,-0.549,0.061,-0.061,0.02050,1.01562,0.01025,28.88
$IMU,26891.067,-0.610,0.061,-0.183,0.01660,1.01318,0.01171,28.87
$IMU,26891.069,-0.610,-0.061,-0.183,0.01513,1.01562,0.01464,28.87
$MAG,26891.071,-0.556,-0.516,-0.406,27.6
$IMU,26891.071,-0.671,-0.061,-0.244,0.01611,1.01660,0.01025,28.87
$IMU,26891.074,-0.732,-0.061,-0.244,0.01464,1.01318,0.01220,28.87
$IMU,26891.076,-0.610,-0.122,-0.122,0.01367,1.01269,0.01269,28.87
$IMU,26891.078,-0.488,-0.183,0.061,0.01757,1.01074,0.01074,28.87
$IMU,26891.081,-0.549,0.000,0.122,0.01953,1.01220,0.01416,28.87
$MAG,26891.082,-0.561,-0.520,-0.397,27.8
$IMU,26891.083,-0.549,-0.061,0.061,0.02099,1.01269,0.01464,28.87
$IMU,26891.085,-0.549,-0.122,0.061,0.02343,1.01025,0.01171,28.87
$IMU,26891.088,-0.610,-0.244,-0.061,0.02197,1.01416,0.01220,28.87
$IMU,26891.090,-0.610,-0.061,-0.183,0.02050,1.01220,0.01611,28.87
$MAG,26891.092,-0.558,-0.519,-0.403,27.6
$IMU,26891.092,-0.610,0.000,-0.305,0.02001,1.01416,0.01416,28.87
$IMU,26891.095,-0.549,0.000,-0.366,0.01855,1.01318,0.00976,28.87
$IMU,26891.097,-0.427,0.000,-0.305,0.01806,1.01171,0.01318,28.87
$IMU,26891.100,-0.366,-0.183,-0.244,0.01855,1.01464,0.01123,28.87
$MAG,26891.102,-0.570,-0.513,-0.400,27.6
$IMU,26891.102,-0.366,-0.061,-0.061,0.01904,1.01367,0.01318,28.87
$IMU,26891.104,-0.305,0.061,0.061,0.01757,1.00976,0.01123,28.89
$IMU,26891.107,-0.183,0.000,0.000,0.01757,1.01025,0.01513,28.89
$IMU,26891.109,-0.061,-0.244,0.061,0.01904,1.01318,0.01464,28.89
$IMU,26891.111,0.061,-0.183,-0.061,0.02001,1.01269,0.01464,28.89
$MAG,26891.112,-0.561,-0.519,-0.402,27.7
$IMU,26891.114,0.061,-0.183,-0.183,0.02441,1.01416,0.01513,28.89
$IMU,26891.116,0.061,-0.061,-0.244,0.02050,1.01611,0.01464,28.89
$IMU,26891.118,0.000,0.000,-0.305,0.02392,1.01123,0.01416,28.89
$IMU,26891.121,0.122,-0.122,-0.305,0.02441,1.01269,0.01269,28.89
$MAG,26891.122,-0.562,-0.522,-0.409,27.7
$IMU,26891.123,0.122,-0.183,-0.244,0.01953,1.01171,0.01269,28.84
$IMU,26891.125,0.000,0.000,-0.244,0.01757,1.01269,0.01416,28.84
$IMU,26891.128,0.061,-0.183,-0.183,0.01757,1.01416,0.01171,28.84
$IMU,26891.130,0.000,0.000,-0.244,0.01806,1.01806,0.01074,28.84
$MAG,26891.132,-0.561,-0.511,-0.399,27.7
$IMU,26891.132,0.061,-0.122,-0.183,0.01757,1.01562,0.01367,28.84
$IMU,26891.135,0.000,-0.122,-0.244,0.01806,1.01562,0.01367,28.84
$IMU,26891.137,-0.061,-0.122,-0.183,0.02099,1.01513,0.01220,28.84
$IMU,26891.139,-0.061,-0.061,-0.122,0.01562,1.01025,0.01367,28.84
$MAG,26891.142,-0.565,-0.514,-0.399,27.7
$IMU,26891.142,-0.122,-0.122,-0.122,0.01806,1.00976,0.01269,28.90
$IMU,26891.144,-0.122,-0.061,-0.061,0.02001,1.00830,0.01367,28.90
$IMU,26891.146,-0.122,-0.183,-0.061,0.01806,1.01123,0.01123,28.90
$IMU,26891.149,-0.183,-0.122,-0.183,0.02001,1.01074,0.01025,28.90
$IMU,26891.151,-0.305,-0.122,-0.244,0.02050,1.01123,0.00927,28.90
$MAG,26891.152,-0.565,-0.510,-0.403,27.8
$IMU,26891.153,-0.366,-0.061,-0.305,0.02050,1.01220,0.00927,28.90
$BARO,26891.154,86862.21,28.74
$IMU,26891.156,-0.427,-0.122,-0.305,0.01757,1.01269,0.01220,28.90
$IMU,26891.158,-0.488,-0.061,-0.244,0.01562,1.00927,0.01123,28.90
$IMU,26891.161,-0.549,-0.183,-0.183,0.01855,1.01220,0.01220,28.85
$MAG,26891.162,-0.565,-0.513,-0.406,27.7
$IMU,26891.163,-0.488,-0.305,-0.061,0.01806,1.01171,0.01171,28.85
$IMU,26891.165,-0.488,-0.122,0.000,0.01904,1.01025,0.01318,28.85
$IMU,26891.168,-0.549,-0.183,0.000,0.01708,1.01416,0.01123,28.85
$IMU,26891.170,-0.610,0.061,-0.061,0.02148,1.01318,0.01367,28.85
$MAG,26891.172,-0.571,-0.519,-0.400,27.8
$IMU,26891.172,-0.488,-0.183,-0.122,0.02050,1.01513,0.01562,28.85
$IMU,26891.175,-0.488,-0.183,-0.122,0.01611,1.01367,0.01220,28.85
$IMU,26891.177,-0.488,-0.183,-0.244,0.01855,1.01367,0.01464,28.85
$IMU,26891.179,-0.488,-0.061,-0.305,0.02197,1.01220,0.01464,28.89
$MAG,26891.182,-0.562,-0.519,-0.409,27.7
$IMU,26891.182,-0.427,-0.122,-0.244,0.01855,1.01123,0.01318,28.89
$IMU,26891.184,-0.427,0.000,-0.244,0.01855,1.01171,0.01220,28.89
$IMU,26891.186,-0.305,-0.122,-0.244,0.01855,1.01611,0.01171,28.89
$IMU,26891.189,-0.183,-0.122,-0.183,0.02001,1.01416,0.01611,28.89
$IMU,26891.191,-0.244,-0.061,-0.122,0.01562,1.01367,0.01416,28.89
$MAG,26891.193,-0.561,-0.522,-0.409,28.0
$IMU,26891.193,-0.183,0.000,-0.183,0.01708,1.01513,0.01611,28.89
$IMU,26891.196,-0.122,-0.061,-0.183,0.02148,1.01171,0.01464,28.89
$IMU,26891.198,-0.122,-0.061,-0.183,0.01660,1.01171,0.01611,28.84
$IMU,26891.200,-0.061,-0.122,-0.122,0.01953,1.01318,0.01367,28.84
$MAG,26891.203,-0.565,-0.517,-0.399,27.7
$IMU,26891.203,-0.061,-0.122,-0.244,0.02099,1.01074,0.01171,28.84
$IMU,26891.205,-0.061,-0.061,-0.244,0.02050,1.01269,0.01171,28.84
$IMU,26891.207,-0.061,-0.122,-0.183,0.02050,1.01464,0.01220,28.84
$IMU,26891.210,-0.122,-0.122,-0.244,0.02050,1.01416,0.01171,28.84
$IMU,26891.212,-0.122,-0.122,-0.183,0.01855,1.01123,0.01318,28.84
$MAG,26891.213,-0.565,-0.517,-0.412,27.6
$IMU,26891.214,-0.061,-0.122,-0.122,0.01855,1.01318,0.01367,28.84
$IMU,26891.217,-0.183,-0.183,-0.183,0.01855,1.01416,0.01123,28.88
$IMU,26891.219,-0.122,0.000,-0.183,0.01806,1.01416,0.01269,28.88
$IMU,26891.222,-0.183,0.000,-0.122,0.01660,1.01025,0.01171,28.88
$MAG,26891.223,-0.564,-0.514,-0.402,27.6
$IMU,26891.224,-0.183,0.000,-0.183,0.01806,1.01074,0.01269,28.88
$IMU,26891.226,-0.122,-0.183,-0.122,0.01806,1.01220,0.01123,28.88
$IMU,26891.229,-0.183,-0.122,-0.061,0.01660,1.01318,0.01123,28.88
$TIME,26891.231,510806.000,2399
$IMU,26891.231,-0.244,-0.061,-0.061,0.01904,1.01171,0.01123,28.88
$MAG,26891.233,-0.559,-0.511,-0.397,27.8
$IMU,26891.233,-0.244,-0.122,-0.122,0.02050,1.01269,0.01611,28.88
$IMU,26891.236,-0.183,-0.183,-0.122,0.01855,1.01171,0.01171,28.88
$IMU,26891.238,-0.244,0.000,-0.122,0.02001,1.01562,0.01074,28.88
$IMU,26891.240,-0.244,-0.183,-0.122,0.01855,1.01367,0.01123,28.88
$MAG,26891.243,-0.558,-0.519,-0.400,27.6
$IMU,26891.243,-0.244,-0.061,-0.122,0.02099,1.01513,0.01123,28.88
$IMU,26891.245,-0.244,0.000,-0.061,0.01708,1.01513,0.01318,28.88
$IMU,26891.247,-0.366,-0.122,-0.122,0.01953,1.01269,0.00976,28.88
$IMU,26891.250,-0.244,-0.122,-0.061,0.01953,1.01367,0.01318,28.88
$IMU,26891.252,-0.305,0.061,-0.061,0.02001,1.01074,0.01318,28.88
$MAG,26891.253,-0.568,-0.510,-0.405,27.7
$IMU,26891.254,-0.366,-0.183,-0.122,0.01660,1.01367,0.01123,28.83
$BARO,26891.256,86869.62,28.74
$IMU,26891.257,-0.366,-0.122,-0.122,0.01855,1.01660,0.01074,28.83
$IMU,26891.259,-0.427,0.061,-0.122,0.02148,1.01367,0.01660,28.83
$IMU,26891.261,-0.366,-0.183,-0.183,0.02001,1.01855,0.01416,28.83
$IMU,26891.264,-0.366,-0.183,-0.183,0.02197,1.01611,0.01513,28.83
$MAG,26891.263,-0.565,-0.519,-0.402,27.7
$IMU,26891.266,-0.366,-0.061,-0.183,0.02197,1.01123,0.01269,28.83
$IMU,26891.268,-0.427,-0.061,-0.183,0.01904,1.01464,0.01269,28.83
$IMU,26891.271,-0.488,-0.061,-0.183,0.01708,1.01660,0.01416,28.83
$MAG,26891.273,-0.561,-0.523,-0.399,27.6
$IMU,26891.273,-0.427,-0.122,-0.183,0.02148,1.01562,0.01464,28.86
$IMU,26891.275,-0.366,-0.061,-0.244,0.02343,1.01123,0.01611,28.86
$IMU,26891.278,-0.305,-0.244,-0.244,0.02050,1.01269,0.01269,28.86
$IMU,26891.280,-0.305,-0.122,-0.244,0.01708,1.01562,0.01416,28.86
$MAG,26891.283,-0.568,-0.528,-0.408,27.6
$IMU,26891.283,-0.305,-0.061,-0.244,0.01660,1.01562,0.01513,28.86
$IMU,26891.285,-0.305,-0.183,-0.244,0.01806,1.01318,0.01464,28.86
$IMU,26891.287,-0.366,0.000,-0.122,0.02050,1.01220,0.01074,28.86
$IMU,26891.290,-0.427,0.122,-0.183,0.01513,1.01074,0.01269,28.86
$IMU,26891.292,-0.305,-0.122,-0.305,0.01562,1.01367,0.01416,28.83
$MAG,26891.293,-0.562,-0.514,-0.405,27.6
$IMU,26891.294,-0.366,-0.061,-0.244,0.01855,1.01416,0.01171,28.83
$IMU,26891.297,-0.305,-0.061,-0.244,0.01562,1.01269,0.01416,28.83
$IMU,26891.299,-0.244,-0.183,-0.305,0.01708,1.01513,0.01464,28.83
$IMU,26891.301,-0.183,-0.183,-0.305,0.01562,1.01123,0.01367,28.83
$MAG,26891.304,-0.564,-0.508,-0.397,27.7
$IMU,26891.304,-0.305,0.000,-0.244,0.01562,1.01269,0.01318,28.83
$IMU,26891.306,-0.305,0.000,-0.244,0.01757,1.01025,0.01220,28.83
$IMU,26891.308,-0.061,-0.244,-0.183,0.01660,1.01123,0.01269,28.83
$IMU,26891.311,-0.061,-0.244,-0.183,0.01416,1.01464,0.01367,28.87
$IMU,26891.313,-0.061,-0.183,-0.061,0.01757,1.01318,0.01416,28.87
$MAG,26891.314,-0.565,-0.514,-0.399,27.6
$IMU,26891.315,-0.061,-0.122,-0.061,0.01855,1.01171,0.01562,28.87
$IMU,26891.318,0.000,-0.183,-0.122,0.01611,1.01611,0.01123,28.87
$IMU,26891.320,-0.061,-0.122,-0.244,0.01562,1.01611,0.01318,28.87
$IMU,26891.322,0.000,0.061,-0.244,0.01367,1.01074,0.01318,28.87
$MAG,26891.324,-0.565,-0.516,-0.411,27.7
$IMU,26891.325,0.061,-0.244,-0.244,0.01855,1.01074,0.01269,28.87
$IMU,26891.327,0.000,-0.061,-0.183,0.01757,1.01025,0.01123,28.87
$IMU,26891.329,0.000,0.000,-0.122,0.01806,1.01464,0.01416,28.83
$IMU,26891.332,0.000,-0.183,-0.122,0.01708,1.01367,0.01269,28.83
$MAG,26891.334,-0.565,-0.514,-0.396,27.7
$IMU,26891.334,-0.061,-0.183,-0.122,0.01806,1.01464,0.01318,28.83
$IMU,26891.336,-0.061,-0.122,-0.122,0.02050,1.01269,0.01464,28.83
$IMU,26891.339,-0.244,-0.061,-0.122,0.01904,1.01269,0.01464,28.83
$IMU,26891.341,-0.183,-0.061,-0.183,0.02001,1.01513,0.01269,28.83
$MAG,26891.344,-0.564,-0.525,-0.403,27.7
$IMU,26891.344,-0.244,-0.061,-0.183,0.01708,1.01171,0.01123,28.83
$IMU,26891.346,-0.366,0.061,-0.366,0.01562,1.01562,0.00976,28.83
$IMU,26891.348,-0.366,-0.061,-0.305,0.01660,1.00927,0.01464,28.88
$IMU,26891.351,-0.244,-0.183,-0.305,0.01318,1.01171,0.01269,28.88
$IMU,26891.353,-0.305,-0.122,-0.305,0.01416,1.01269,0.01464,28.88
$MAG,26891.354,-0.564,-0.513,-0.414,27.8
$IMU,26891.355,-0.366,-0.061,-0.183,0.01220,1.01074,0.01367,28.88
$BARO,26891.357,86863.96,28.74
$IMU,26891.358,-0.244,-0.061,-0.183,0.01513,1.01074,0.01318,28.88
$IMU,26891.360,-0.122,-0.183,-0.061,0.01660,1.01123,0.01220,28.88
$IMU,26891.362,-0.122,-0.061,0.000,0.01806,1.01123,0.01171,28.88
$MAG,26891.364,-0.562,-0.523,-0.406,27.6
$IMU,26891.365,0.000,-0.244,0.122,0.01757,1.01269,0.01220,28.88
$IMU,26891.367,-0.061,-0.183,0.122,0.02001,1.01171,0.01269,28.88
$IMU,26891.369,-0.061,-0.122,0.061,0.01855,1.01269,0.01074,28.88
$IMU,26891.372,-0.122,-0.061,-0.061,0.01953,1.01171,0.01269,28.88
$MAG,26891.374,-0.567,-0.519,-0.405,27.7
$IMU,26891.374,-0.244,-0.122,-0.122,0.02148,1.01269,0.01562,28.88
$IMU,26891.376,-0.366,-0.122,-0.183,0.01953,1.01513,0.01318,28.88
$IMU,26891.379,-0.427,-0.061,-0.183,0.01757,1.01660,0.01220,28.88
$IMU,26891.381,-0.549,-0.061,-0.122,0.02197,1.01708,0.01220,28.88
$IMU,26891.383,-0.488,-0.122,-0.122,0.01806,1.01806,0.01220,28.88
$MAG,26891.384,-0.561,-0.519,-0.403,27.7
$IMU,26891.386,-0.610,0.000,-0.061,0.01708,1.01757,0.01269,28.90
$IMU,26891.388,-0.610,0.061,-0.061,0.02050,1.01562,0.01220,28.90
$IMU,26891.390,-0.488,0.000,0.061,0.02050,1.01660,0.01416,28.90
$IMU,26891.393,-0.488,-0.061,0.000,0.02099,1.01660,0.01269,28.90
$MAG,26891.394,-0.562,-0.516,-0.400,27.7
$IMU,26891.395,-0.488,0.061,0.122,0.02441,1.01464,0.01269,28.90
$IMU,26891.397,-0.305,0.061,0.061,0.02587,1.01660,0.01220,28.90
$IMU,26891.400,-0.122,-0.244,0.000,0.02099,1.01318,0.01269,28.90
$IMU,26891.402,0.000,-0.244,-0.061,0.02197,1.01318,0.01220,28.90
$MAG,26891.404,-0.562,-0.519,-0.400,27.6
$IMU,26891.404,0.061,-0.061,-0.122,0.02343,1.01464,0.01025,28.86
$IMU,26891.407,0.061,-0.061,-0.183,0.02246,1.01513,0.01318,28.86
$IMU,26891.409,0.244,-0.061,-0.305,0.02294,1.01171,0.01269,28.86
$IMU,26891.412,0.244,0.061,-0.244,0.02246,1.00976,0.01367,28.86
$IMU,26891.414,0.427,-0.122,-0.244,0.01855,1.01025,0.01318,28.86
$MAG,26891.415,-0.552,-0.511,-0.397,27.7
$IMU,26891.416,0.549,-0.122,-0.183,0.02148,1.00830,0.01367,28.86
$IMU,26891.419,0.610,-0.061,-0.122,0.01757,1.01074,0.01464,28.86
$IMU,26891.421,0.610,-0.183,-0.183,0.02050,1.00781,0.01074,28.86
$IMU,26891.423,0.671,-0.183,-0.183,0.01806,1.00781,0.00878,28.89
$MAG,26891.425,-0.564,-0.511,-0.399,27.7
$IMU,26891.426,0.671,-0.183,-0.122,0.01660,1.00439,0.00976,28.89
$IMU,26891.428,0.610,-0.122,-0.183,0.01855,1.00683,0.01074,28.89
$IMU,26891.430,0.488,-0.061,-0.305,0.01855,1.00976,0.00732,28.89
$IMU,26891.433,0.366,0.000,-0.305,0.01562,1.00830,0.00781,28.89
$MAG,26891.435,-0.564,-0.522,-0.403,27.7
$IMU,26891.435,0.183,-0.061,-0.366,0.01464,1.00683,0.00732,28.89
$IMU,26891.437,0.122,-0.183,-0.427,0.01708,1.01269,0.00927,28.89
$IMU,26891.440,-0.122,0.000,-0.366,0.01416,1.01220,0.00976,28.89
$IMU,26891.442,-0.366,0.000,-0.366,0.01171,1.01416,0.00488,28.86
$IMU,26891.444,-0.549,-0.122,-0.366,0.01269,1.01757,0.01123,28.86
$MAG,26891.445,-0.562,-0.516,-0.402,27.7
$IMU,26891.447,-0.793,0.061,-0.305,0.01611,1.01757,0.00878,28.86
$IMU,26891.449,-1.098,0.061,-0.122,0.01367,1.01611,0.00830,28.86
$IMU,26891.451,-1.342,-0.183,-0.122,0.01562,1.02197,0.01123,28.86
$IMU,26891.454,-1.464,-0.061,-0.183,0.01757,1.02148,0.01269,28.86
$MAG,26891.455,-0.568,-0.522,-0.396,27.6
$IMU,26891.456,-1.708,-0.061,-0.244,0.01513,1.02539,0.01171,28.86
$BARO,26891.458,86864.52,28.75
$IMU,26891.458,-1.831,-0.183,-0.305,0.01806,1.01855,0.01367,28.86
$IMU,26891.461,-1.892,0.000,-0.244,0.01953,1.01855,0.01220,28.86
$IMU,26891.463,-1.953,-0.061,-0.122,0.01806,1.01904,0.01318,28.86
$MAG,26891.465,-0.561,-0.517,-0.397,27.8
$IMU,26891.465,-1.953,-0.183,-0.183,0.01513,1.01660,0.01611,28.86
$IMU,26891.468,-2.014,0.061,-0.061,0.01757,1.01757,0.01416,28.86
$IMU,26891.470,-1.831,0.000,-0.061,0.01855,1.01171,0.01757,28.86
$IMU,26891.473,-1.647,-0.183,0.061,0.01708,1.01513,0.01611,28.86
$MAG,26891.475,-0.564,-0.520,-0.405,28.0
$IMU,26891.475,-1.464,-0.122,0.061,0.01660,1.00927,0.01660,28.86
$IMU,26891.477,-1.281,0.000,0.122,0.01611,1.00878,0.01757,28.86
$IMU,26891.480,-0.915,-0.183,0.000,0.01757,1.00634,0.01904,28.88
$IMU,26891.482,-0.671,-0.122,0.061,0.01855,1.00488,0.01953,28.88
$IMU,26891.484,-0.305,-0.183,0.122,0.01953,1.00390,0.01806,28.88
$MAG,26891.485,-0.567,-0.511,-0.400,27.7
$IMU,26891.487,-0.122,-0.061,0.061,0.01855,1.00341,0.01708,28.88
$IMU,26891.489,0.183,-0.061,-0.061,0.01806,1.00244,0.02001,28.88
$IMU,26891.491,0.610,-0.122,0.000,0.02001,1.00488,0.01757,28.88
$IMU,26891.494,0.793,-0.122,-0.061,0.01806,1.00634,0.01806,28.88
$MAG,26891.495,-0.568,-0.516,-0.409,27.7
$IMU,26891.496,1.159,-0.183,-0.122,0.01855,1.00439,0.01464,28.88
$IMU,26891.498,1.403,0.000,-0.122,0.02050,1.01074,0.01416,28.86
$IMU,26891.501,1.586,-0.061,-0.183,0.02099,1.01123,0.01513,28.86
$IMU,26891.503,1.708,0.000,-0.244,0.02294,1.01074,0.01367,28.86
$MAG,26891.505,-0.561,-0.523,-0.406,28.1
$IMU,26891.505,1.831,-0.061,-0.183,0.02246,1.01220,0.01269,28.86
$IMU,26891.508,1.953,-0.183,-0.183,0.02099,1.01660,0.01171,28.86
$IMU,26891.510,1.892,-0.122,-0.305,0.02197,1.01708,0.01269,28.86
$IMU,26891.512,1.770,0.000,-0.366,0.02294,1.01953,0.00976,28.86
$MAG,26891.515,-0.564,-0.514,-0.399,27.7
$IMU,26891.515,1.586,-0.183,-0.366,0.02246,1.02001,0.00927,28.86
$IMU,26891.517,1.403,-0.061,-0.305,0.02246,1.01855,0.00732,28.94
$IMU,26891.519,1.159,0.000,-0.366,0.01953,1.02148,0.00634,28.94
$IMU,26891.522,0.793,0.061,-0.488,0.01806,1.01855,0.00634,28.94
$IMU,26891.524,0.427,0.122,-0.427,0.02246,1.02392,0.00732,28.94
$MAG,26891.526,-0.564,-0.522,-0.400,27.7
$IMU,26891.526,0.183,-0.122,-0.427,0.01904,1.01953,0.00634,28.94
$IMU,26891.529,-0.061,-0.183,-0.427,0.01855,1.01464,0.00390,28.94
$IMU,26891.531,-0.427,-0.122,-0.305,0.01757,1.01562,0.00439,28.94
$IMU,26891.534,-0.671,-0.183,-0.305,0.01953,1.01611,0.00732,28.94
$MAG,26891.536,-0.558,-0.511,-0.399,27.7
$IMU,26891.536,-0.915,-0.244,-0.305,0.01855,1.01513,0.01025,28.86
$IMU,26891.538,-1.281,-0.244,-0.244,0.01513,1.01171,0.00878,28.86
$IMU,26891.541,-1.586,-0.122,-0.244,0.01660,1.01123,0.00634,28.86
$IMU,26891.543,-1.770,-0.122,-0.244,0.01806,1.01074,0.01025,28.86
$IMU,26891.545,-1.953,-0.122,-0.183,0.01562,1.01171,0.01025,28.86
$MAG,26891.546,-0.564,-0.511,-0.390,27.7
$IMU,26891.548,-2.075,-0.122,-0.061,0.01269,1.00732,0.01318,28.86
$IMU,26891.550,-2.197,0.061,0.000,0.01708,1.00830,0.01025,28.86
$IMU,26891.552,-2.197,0.000,0.000,0.01904,1.00830,0.01025,28.86
$IMU,26891.555,-2.075,0.000,0.122,0.02099,1.00781,0.01318,28.92
$MAG,26891.556,-0.561,-0.517,-0.400,27.8
$IMU,26891.557,-2.014,0.000,0.122,0.01904,1.00976,0.01562,28.92
$IMU,26891.559,-1.831,-0.061,0.122,0.01660,1.01171,0.01513,28.92
$BARO,26891.560,86861.50,28.75
$IMU,26891.562,-1.647,0.000,0.183,0.02001,1.00927,0.01562,28.92
$IMU,26891.564,-1.525,-0.061,0.244,0.01904,1.00976,0.01464,28.92
$MAG,26891.566,-0.571,-0.519,-0.402,27.7
$IMU,26891.566,-1.220,-0.122,0.061,0.01660,1.01171,0.01806,28.92
$IMU,26891.569,-1.037,-0.183,0.061,0.02197,1.00927,0.01660,28.92
$IMU,26891.571,-0.732,-0.122,0.061,0.02148,1.01318,0.01562,28.92
$IMU,26891.573,-0.488,0.000,0.000,0.01953,1.01464,0.01611,28.86
$MAG,26891.576,-0.558,-0.507,-0.405,27.7
$IMU,26891.576,-0.244,-0.122,0.000,0.02001,1.01513,0.01904,28.86
$IMU,26891.578,0.061,-0.183,-0.061,0.02001,1.01562,0.01757,28.86
$IMU,26891.580,0.305,0.000,-0.122,0.02050,1.01611,0.01806,28.86
$IMU,26891.583,0.488,0.000,-0.183,0.02099,1.01953,0.01464,28.86
$IMU,26891.585,0.793,-0.122,-0.183,0.01953,1.01953,0.01757,28.86
$MAG,26891.586,-0.561,-0.516,-0.396,27.6
$IMU,26891.587,0.915,0.000,-0.183,0.02148,1.01660,0.01611,28.86
$IMU,26891.590,1.037,0.000,-0.244,0.02246,1.01757,0.01611,28.86
$IMU,26891.592,1.220,-0.122,-0.305,0.02099,1.01220,0.01513,28.88
$IMU,26891.595,1.281,-0.122,-0.366,0.01806,1.01269,0.01416,28.88
$MAG,26891.596,-0.570,-0.516,-0.403,28.0
$IMU,26891.597,1.281,-0.061,-0.427,0.02050,1.01220,0.01367,28.88
$IMU,26891.599,1.403,-0.183,-0.549,0.01660,1.01171,0.01367,28.88
$IMU,26891.602,1.403,-0.183,-0.488,0.01562,1.01269,0.01220,28.88
$IMU,26891.604,1.342,-0.061,-0.549,0.01855,1.01123,0.01074,28.88
$MAG,26891.606,-0.558,-0.517,-0.400,27.7
$IMU,26891.606,1.098,0.183,-0.549,0.01367,1.00927,0.00976,28.88
$IMU,26891.609,1.098,0.000,-0.427,0.01562,1.00927,0.01123,28.88
$IMU,26891.611,0.915,-0.122,-0.305,0.01269,1.01171,0.00878,28.86
$IMU,26891.613,0.854,-0.183,-0.244,0.01513,1.00927,0.00781,28.86
$MAG,26891.616,-0.565,-0.514,-0.393,27.6
$IMU,26891.616,0.610,-0.244,-0.244,0.01611,1.00878,0.00878,28.86
$IMU,26891.618,0.244,-0.061,-0.183,0.01416,1.01123,0.00976,28.86
$IMU,26891.620,0.061,-0.122,-0.183,0.01318,1.01367,0.00878,28.86
$IMU,26891.623,-0.305,-0.122,-0.122,0.01953,1.01269,0.00927,28.86
$IMU,26891.625,-0.549,-0.183,-0.183,0.01660,1.01611,0.00878,28.86
$MAG,26891.626,-0.561,-0.523,-0.400,27.7
$IMU,26891.627,-0.671,-0.244,-0.122,0.01513,1.01367,0.00634,28.86
$IMU,26891.630,-1.037,-0.061,-0.061,0.01855,1.01562,0.00732,28.88
$IMU,26891.632,-1.220,-0.183,0.000,0.01855,1.01318,0.00976,28.88
$IMU,26891.634,-1.464,-0.183,0.000,0.01562,1.01562,0.00683,28.88
$MAG,26891.637,-0.562,-0.514,-0.403,27.8
$IMU,26891.637,-1.647,-0.061,0.061,0.01806,1.01806,0.00781,28.88
$IMU,26891.639,-1.708,-0.061,0.000,0.02148,1.01757,0.01123,28.88
$IMU,26891.641,-1.831,-0.061,0.122,0.02001,1.01513,0.01220,28.88
$IMU,26891.644,-1.831,-0.122,0.061,0.01904,1.01611,0.01318,28.88
$IMU,26891.646,-1.831,-0.061,0.000,0.01855,1.01611,0.01318,28.88
$MAG,26891.647,-0.564,-0.517,-0.396,27.7
$IMU,26891.648,-1.831,-0.122,0.061,0.02050,1.01513,0.01220,28.90
$IMU,26891.651,-1.708,0.000,0.061,0.02294,1.01416,0.01513,28.90
$IMU,26891.653,-1.586,-0.122,0.122,0.02099,1.01757,0.01660,28.90
$IMU,26891.656,-1.342,-0.122,0.061,0.02099,1.01123,0.01660,28.90
$MAG,26891.657,-0.570,-0.520,-0.406,28.0
$IMU,26891.658,-1.220,0.122,-0.061,0.02197,1.01513,0.01611,28.90
$IMU,26891.660,-0.915,-0.122,-0.122,0.02294,1.01367,0.01904,28.90
$BARO,26891.661,86862.92,28.75
$IMU,26891.663,-0.732,-0.061,-0.122,0.01806,1.01416,0.01660,28.90
$IMU,26891.665,-0.549,0.122,-0.122,0.02050,1.01220,0.01562,28.90
$VBAT,26891.666,4.132
$MAG,26891.667,-0.568,-0.522,-0.402,27.7
$IMU,26891.667,-0.244,-0.122,-0.183,0.02197,1.01318,0.01806,28.89
$IMU,26891.670,-0.061,-0.061,-0.183,0.01904,1.01269,0.01464,28.89
$IMU,26891.672,0.244,0.000,-0.244,0.02050,1.01123,0.01513,28.89
$IMU,26891.674,0.366,-0.061,-0.366,0.02246,1.00976,0.01953,28.89
$MAG,26891.677,-0.571,-0.519,-0.403,27.7
$IMU,26891.677,0.610,-0.244,-0.305,0.02050,1.01074,0.01855,28.89
$IMU,26891.679,0.732,-0.122,-0.305,0.01904,1.00976,0.01806,28.89
$IMU,26891.681,0.793,0.000,-0.366,0.02197,1.00830,0.01708,28.89
$IMU,26891.684,0.976,-0.183,-0.366,0.01953,1.00976,0.01513,28.89
$IMU,26891.686,1.037,-0.061,-0.305,0.01611,1.00976,0.01562,28.87
$MAG,26891.687,-0.565,-0.507,-0.393,28.1
$IMU,26891.688,1.098,-0.061,-0.366,0.01904,1.01123,0.01513,28.87
$IMU,26891.691,1.098,-0.061,-0.366,0.01513,1.01171,0.01367,28.87
$IMU,26891.693,1.098,0.000,-0.366,0.01660,1.01367,0.01220,28.87
$IMU,26891.695,1.220,-0.183,-0.366,0.01904,1.01318,0.01074,28.87
$MAG,26891.697,-0.573,-0.505,-0.399,27.8
$IMU,26891.698,1.098,-0.183,-0.366,0.01953,1.01171,0.01220,28.87
$IMU,26891.700,0.915,-0.061,-0.244,0.01513,1.01708,0.01123,28.87
$IMU,26891.702,0.793,-0.061,-0.183,0.01611,1.01269,0.00634,28.87
$IMU,26891.705,0.549,0.061,-0.183,0.02050,1.01416,0.00732,28.92
$MAG,26891.707,-0.568,-0.516,-0.394,27.7
$IMU,26891.707,0.427,-0.061,-0.122,0.01904,1.01464,0.00683,28.92
$IMU,26891.709,0.366,0.000,-0.061,0.01806,1.01513,0.00878,28.92
$IMU,26891.712,0.183,-0.244,-0.061,0.01757,1.01611,0.00781,28.92
$IMU,26891.714,0.061,-0.366,-0.061,0.01757,1.01904,0.00634,28.92
$MAG,26891.717,-0.558,-0.516,-0.393,27.7
$IMU,26891.717,-0.305,-0.061,-0.061,0.02050,1.01562,0.00634,28.92
$IMU,26891.719,-0.488,-0.183,-0.122,0.02050,1.01416,0.00732,28.92
$IMU,26891.721,-0.732,0.061,-0.061,0.01806,1.01660,0.00683,28.92
$IMU,26891.724,-0.854,-0.122,0.000,0.01660,1.01611,0.00585,28.87
$IMU,26891.726,-0.976,-0.244,0.000,0.01757,1.01611,0.00683,28.87
$MAG,26891.727,-0.562,-0.519,-0.399,27.6
$IMU,26891.728,-1.159,-0.061,-0.061,0.01904,1.01416,0.01025,28.87
$IMU,26891.731,-1.281,0.000,-0.061,0.02050,1.01464,0.01171,28.87
$IMU,26891.733,-1.525,0.122,0.000,0.02148,1.01416,0.01220,28.87
$IMU,26891.735,-1.403,-0.122,-0.061,0.01904,1.01464,0.01269,28.87
$MAG,26891.738,-0.561,-0.516,-0.396,27.7
$IMU,26891.738,-1.403,-0.244,0.000,0.02050,1.01464,0.01171,28.87
$IMU,26891.740,-1.464,-0.244,-0.061,0.01806,1.01513,0.01464,28.87
$IMU,26891.742,-1.403,-0.122,-0.122,0.01904,1.01220,0.01367,28.88
$IMU,26891.745,-1.464,-0.061,-0.122,0.02099,1.01513,0.01660,28.88
$IMU,26891.747,-1.342,-0.061,-0.122,0.01806,1.01123,0.01660,28.88
$MAG,26891.748,-0.561,-0.516,-0.403,27.8
$IMU,26891.749,-1.159,-0.122,-0.183,0.01806,1.00976,0.01611,28.88
$IMU,26891.752,-1.098,-0.061,-0.244,0.01806,1.01269,0.01562,28.88
$IMU,26891.754,-0.915,-0.183,-0.122,0.01757,1.00732,0.01513,28.88
$IMU,26891.756,-0.915,0.000,-0.122,0.02148,1.00976,0.01855,28.88
$MAG,26891.758,-0.565,-0.516,-0.399,27.7
$IMU,26891.759,-0.671,0.000,-0.183,0.01855,1.01123,0.01806,28.88
$IMU,26891.761,-0.488,-0.061,-0.244,0.01806,1.01123,0.01611,28.88
$BARO,26891.763,86869.57,28.75
$IMU,26891.763,-0.244,-0.244,-0.244,0.01757,1.01318,0.01464,28.88
$IMU,26891.766,-0.122,-0.122,-0.305,0.01855,1.00976,0.01806,28.88
$MAG,26891.768,-0.562,-0.522,-0.399,27.7
$IMU,26891.768,0.000,0.000,-0.366,0.01757,1.00927,0.01464,28.88
$IMU,26891.770,0.183,-0.061,-0.366,0.01416,1.01171,0.01757,28.88
$IMU,26891.773,0.366,0.000,-0.244,0.01806,1.00927,0.01464,28.88
$IMU,26891.775,0.549,-0.061,-0.305,0.01757,1.00878,0.01318,28.88
$MAG,26891.778,-0.568,-0.508,-0.402,27.7
$IMU,26891.778,0.671,-0.061,-0.244,0.01855,1.01220,0.01416,28.88
$IMU,26891.780,0.854,-0.061,-0.183,0.01611,1.01513,0.01660,28.87
$IMU,26891.782,0.854,-0.122,-0.244,0.01660,1.01416,0.01416,28.87
$IMU,26891.785,0.915,-0.061,-0.183,0.02001,1.01464,0.01367,28.87
$IMU,26891.787,1.037,-0.244,-0.183,0.01806,1.01269,0.01660,28.87
$MAG,26891.788,-0.556,-0.528,-0.408,27.6
$IMU,26891.789,0.976,-0.244,-0.183,0.01708,1.01855,0.01269,28.87
$IMU,26891.792,0.915,-0.061,-0.244,0.01757,1.01464,0.00927,28.87
$IMU,26891.794,0.854,-0.122,-0.244,0.01757,1.01367,0.01123,28.87
$IMU,26891.796,0.671,0.000,-0.183,0.01806,1.01562,0.01025,28.87
$MAG,26891.798,-0.565,-0.517,-0.396,27.7
$IMU,26891.799,0.488,0.000,-0.122,0.01708,1.01123,0.00683,28.89
$IMU,26891.801,0.488,-0.305,-0.183,0.01757,1.01513,0.01025,28.89
$IMU,26891.803,0.366,-0.122,-0.183,0.01953,1.01367,0.01025,28.89
$IMU,26891.806,0.183,-0.122,-0.122,0.01806,1.01757,0.00683,28.89
$MAG,26891.808,-0.565,-0.519,-0.403,27.7
$IMU,26891.808,-0.061,0.061,-0.183,0.02099,1.01269,0.00830,28.89
$IMU,26891.810,-0.122,-0.061,-0.122,0.01708,1.01367,0.01074,28.89
$IMU,26891.813,-0.244,-0.183,-0.122,0.01855,1.01562,0.01025,28.89
$IMU,26891.815,-0.366,-0.183,-0.122,0.01904,1.01416,0.00781,28.89
$IMU,26891.817,-0.549,0.000,-0.183,0.01953,1.00878,0.00732,28.89
$MAG,26891.818,-0.570,-0.514,-0.403,27.6
$IMU,26891.820,-0.732,-0.122,-0.061,0.01806,1.01269,0.00927,28.89
$IMU,26891.822,-0.854,-0.061,-0.061,0.01611,1.01025,0.00878,28.89
$IMU,26891.824,-0.915,0.000,-0.122,0.01806,1.01171,0.01074,28.89
$IMU,26891.827,-0.915,-0.183,-0.061,0.01708,1.00976,0.01025,28.89
$MAG,26891.828,-0.559,-0.520,-0.399,27.7
$IMU,26891.829,-0.915,-0.183,-0.183,0.01953,1.00976,0.01123,28.89
$IMU,26891.831,-1.098,0.061,-0.122,0.01660,1.01123,0.01318,28.89
$IMU,26891.834,-1.220,0.122,-0.122,0.02099,1.01171,0.00976,28.89
$IMU,26891.836,-1.159,0.000,-0.183,0.02148,1.01318,0.00976,28.90
$MAG,26891.838,-0.561,-0.519,-0.399,27.7
$IMU,26891.838,-1.098,0.000,-0.183,0.01806,1.00976,0.01269,28.90
$IMU,26891.841,-1.037,0.000,-0.122,0.01708,1.01220,0.01562,28.90
$IMU,26891.843,-0.976,-0.122,-0.122,0.01806,1.01171,0.01611,28.90
$IMU,26891.846,-0.915,-0.061,-0.183,0.01708,1.01367,0.01416,28.90
$IMU,26891.848,-0.854,-0.061,-0.183,0.02148,1.01318,0.01367,28.90
$MAG,26891.849,-0.571,-0.519,-0.402,27.8
$IMU,26891.850,-0.671,-0.122,-0.244,0.02050,1.01123,0.01464,28.90
$IMU,26891.853,-0.610,-0.061,-0.305,0.01904,1.01318,0.01367,28.90
$IMU,26891.855,-0.488,-0.122,-0.244,0.01904,1.01269,0.01660,28.87
$IMU,26891.857,-0.305,0.061,-0.244,0.01855,1.01123,0.01513,28.87
$MAG,26891.859,-0.567,-0.522,-0.409,27.7
$IMU,26891.860,-0.244,-0.122,-0.244,0.02050,1.01269,0.01562,28.87
$IMU,26891.862,-0.183,0.000,-0.244,0.01855,1.01318,0.01708,28.87
$BARO,26891.864,86869.50,28.75
$IMU,26891.864,0.000,-0.061,-0.244,0.01708,1.01416,0.01318,28.87
$IMU,26891.867,0.061,-0.183,-0.244,0.01855,1.01220,0.01660,28.87
$MAG,26891.869,-0.568,-0.517,-0.397,27.7
$IMU,26891.869,0.122,-0.183,-0.244,0.01708,1.01367,0.01611,28.87
$IMU,26891.871,0.183,-0.061,-0.183,0.01855,1.01611,0.01562,28.87
$IMU,26891.874,0.244,0.061,-0.244,0.01806,1.01171,0.01318,28.85
$IMU,26891.876,0.488,-0.244,-0.122,0.01708,1.01611,0.01367,28.85
$IMU,26891.878,0.488,-0.305,-0.122,0.01611,1.01562,0.01269,28.85
$MAG,26891.879,-0.573,-0.517,-0.391,27.7
$IMU,26891.881,0.488,-0.122,-0.122,0.01660,1.01416,0.01171,28.85
$IMU,26891.883,0.427,-0.061,-0.183,0.01757,1.01269,0.00976,28.85
$IMU,26891.885,0.488,-0.122,-0.122,0.01757,1.01416,0.01562,28.85
$IMU,26891.888,0.427,-0.122,-0.183,0.01806,1.00976,0.01171,28.85
$MAG,26891.889,-0.568,-0.520,-0.403,27.7
$IMU,26891.890,0.427,-0.244,-0.183,0.01660,1.00878,0.01171,28.85
$IMU,26891.892,0.427,-0.183,-0.122,0.01855,1.00927,0.01123,28.87
$IMU,26891.895,0.366,-0.061,-0.183,0.01660,1.01171,0.01367,28.87
$IMU,26891.897,0.244,-0.061,-0.122,0.01562,1.01318,0.01074,28.87
$MAG,26891.899,-0.567,-0.522,-0.409,27.7
$IMU,26891.899,0.183,-0.122,0.000,0.01757,1.01171,0.01318,28.87
$IMU,26891.902,0.183,-0.183,-0.122,0.01806,1.00732,0.01074,28.87
$IMU,26891.904,0.061,-0.183,-0.061,0.01757,1.00585,0.00927,28.87
$IMU,26891.907,0.061,-0.122,0.000,0.01611,1.00976,0.01025,28.87
$MAG,26891.909,-0.567,-0.517,-0.403,27.7
$IMU,26891.909,-0.061,-0.122,-0.061,0.01806,1.01074,0.00927,28.87
$IMU,26891.911,-0.244,-0.244,-0.122,0.01806,1.01367,0.01025,28.89
$IMU,26891.914,-0.305,-0.122,-0.061,0.02294,1.01464,0.01171,28.89
$IMU,26891.916,-0.366,-0.061,-0.122,0.02148,1.01074,0.01123,28.89
$HUM,26891.917,35.2,29.2
$IMU,26891.918,-0.488,-0.122,-0.122,0.02294,1.01416,0.01025,28.89
$MAG,26891.919,-0.561,-0.511,-0.406,27.6
$IMU,26891.921,-0.671,0.000,-0.183,0.01953,1.01171,0.00976,28.89
$IMU,26891.923,-0.671,0.000,-0.183,0.01953,1.01025,0.01220,28.89
$IMU,26891.925,-0.793,-0.122,-0.183,0.02001,1.01464,0.01318,28.89
$IMU,26891.928,-0.854,-0.061,-0.244,0.02343,1.01562,0.01171,28.89
$MAG,26891.929,-0.567,-0.511,-0.403,27.7
$IMU,26891.930,-0.915,0.061,-0.244,0.02001,1.01416,0.01123,28.89
$IMU,26891.932,-0.915,-0.061,-0.244,0.01806,1.01269,0.01074,28.89
$IMU,26891.935,-1.037,-0.122,-0.183,0.01660,1.01123,0.01367,28.89
$IMU,26891.937,-1.037,0.061,-0.122,0.01855,1.01416,0.01220,28.89
$MAG,26891.939,-0.564,-0.511,-0.405,27.7
$IMU,26891.939,-0.915,0.000,-0.183,0.01904,1.01367,0.01220,28.89
$IMU,26891.942,-0.793,-0.183,-0.244,0.01660,1.01074,0.01318,28.89
$IMU,26891.944,-0.793,-0.061,-0.122,0.02001,1.01269,0.01611,28.89
$IMU,26891.946,-0.732,0.000,-0.122,0.01757,1.01416,0.01464,28.89
$MAG,26891.949,-0.564,-0.511,-0.399,27.7
$IMU,26891.949,-0.610,-0.122,-0.244,0.01708,1.01269,0.01367,28.88
$IMU,26891.951,-0.488,-0.183,-0.244,0.01757,1.01171,0.01513,28.88
$IMU,26891.953,-0.366,-0.122,-0.122,0.01953,1.01220,0.01513,28.88
$IMU,26891.956,-0.305,-0.061,-0.183,0.01562,1.00878,0.01708,28.88
$IMU,26891.958,-0.183,-0.061,-0.244,0.01708,1.01074,0.01464,28.88
$MAG,26891.960,-0.565,-0.519,-0.402,27.8
$IMU,26891.960,-0.061,-0.122,-0.183,0.01562,1.00732,0.01416,28.88
$IMU,26891.963,0.183,-0.122,-0.244,0.01855,1.01025,0.01269,28.88
$IMU,26891.965,0.305,-0.244,-0.183,0.01660,1.01074,0.01269,28.88
$BARO,26891.966,86858.09,28.75
$IMU,26891.968,0.305,-0.183,-0.122,0.01611,1.00878,0.01318,28.92
$IMU,26891.970,0.183,0.061,-0.061,0.01757,1.00927,0.01416,28.92
$MAG,26891.970,-0.565,-0.517,-0.397,27.8
$IMU,26891.972,0.305,-0.122,-0.061,0.01611,1.01220,0.01562,28.92
$IMU,26891.975,0.366,-0.061,-0.061,0.01806,1.01171,0.01171,28.92
$IMU,26891.977,0.366,0.000,-0.061,0.01806,1.01074,0.01074,28.92
$IMU,26891.979,0.488,-0.183,-0.122,0.01660,1.01611,0.01171,28.92
$MAG,26891.980,-0.562,-0.513,-0.406,27.7
$IMU,26891.982,0.366,-0.183,-0.122,0.01806,1.01416,0.01123,28.92
$IMU,26891.984,0.305,-0.183,-0.122,0.02197,1.01318,0.01074,28.92
$IMU,26891.986,0.244,-0.244,-0.244,0.01757,1.01416,0.00927,28.86
$IMU,26891.989,0.183,-0.183,-0.244,0.01464,1.01416,0.01220,28.86
$MAG,26891.990,-0.565,-0.519,-0.394,27.6
$IMU,26891.991,0.122,-0.244,-0.244,0.01953,1.01513,0.01025,28.86
$IMU,26891.993,0.000,-0.183,-0.244,0.01806,1.01806,0.01025,28.86
$IMU,26891.996,0.000,-0.061,-0.183,0.01855,1.01611,0.01074,28.86
$IMU,26891.998,-0.122,-0.061,-0.122,0.01806,1.01757,0.01269,28.86
$MAG,26892.000,-0.570,-0.525,-0.396,27.8
$IMU,26892.000,-0.183,-0.183,-0.122,0.02001,1.01708,0.00878,28.86
$IMU,26892.003,-0.305,-0.122,-0.061,0.01855,1.01269,0.01025,28.86
$IMU,26892.005,-0.305,-0.122,-0.122,0.02001,1.01318,0.01269,28.89
$IMU,26892.007,-0.488,-0.305,-0.122,0.02001,1.01464,0.01367,28.89
$MAG,26892.010,-0.559,-0.516,-0.408,27.7
$IMU,26892.010,-0.671,0.000,-0.183,0.01708,1.01269,0.01123,28.89
$IMU,26892.012,-0.671,0.061,-0.183,0.01708,1.01269,0.01025,28.89
$IMU,26892.014,-0.671,-0.122,-0.183,0.01806,1.01416,0.01318,28.89
$IMU,26892.017,-0.854,-0.061,-0.122,0.02001,1.01171,0.01220,28.89
$IMU,26892.019,-0.793,-0.061,-0.122,0.02246,1.01220,0.01123,28.89
$MAG,26892.020,-0.562,-0.520,-0.408,27.6
$IMU,26892.021,-0.793,-0.061,-0.122,0.01855,1.01123,0.01708,28.89
$IMU,26892.024,-0.854,-0.122,-0.122,0.01660,1.01220,0.01464,28.88
$IMU,26892.026,-0.732,-0.122,-0.122,0.01611,1.00878,0.00927,28.88
$IMU,26892.029,-0.732,-0.122,-0.183,0.02099,1.00585,0.01269,28.88
$MAG,26892.030,-0.570,-0.514,-0.396,27.7
$IMU,26892.031,-0.671,-0.061,-0.183,0.02001,1.00781,0.01464,28.88
$IMU,26892.033,-0.610,-0.061,-0.183,0.01660,1.00976,0.01269,28.88
$IMU,26892.036,-0.427,-0.244,-0.122,0.01904,1.01025,0.01318,28.88
$IMU,26892.038,-0.488,-0.122,-0.183,0.01904,1.01416,0.01660,28.88
$MAG,26892.040,-0.574,-0.510,-0.400,27.8
$IMU,26892.040,-0.366,-0.122,-0.122,0.01464,1.01318,0.01464,28.88
$IMU,26892.043,-0.244,-0.122,-0.122,0.01953,1.01074,0.01611,28.88
$IMU,26892.045,-0.183,-0.122,-0.122,0.01611,1.01025,0.01562,28.88
$IMU,26892.047,-0.122,0.000,-0.061,0.01611,1.01611,0.01171,28.88
$MAG,26892.050,-0.565,-0.523,-0.396,27.7
$IMU,26892.050,0.000,-0.122,-0.122,0.01660,1.01367,0.01367,28.88
$IMU,26892.052,0.122,-0.183,-0.183,0.02050,1.01367,0.01367,28.88
$IMU,26892.054,0.183,-0.183,-0.244,0.01904,1.01123,0.01269,28.88
$IMU,26892.057,0.183,-0.244,-0.244,0.02197,1.01757,0.01171,28.88
$IMU,26892.059,0.183,-0.183,-0.244,0.01953,1.01416,0.01074,28.88
$MAG,26892.060,-0.562,-0.519,-0.396,27.6
$IMU,26892.061,0.244,-0.122,-0.244,0.02099,1.01220,0.01025,28.92
$IMU,26892.064,0.183,0.000,-0.244,0.01904,1.01220,0.01025,28.92
$IMU,26892.066,0.122,-0.061,-0.244,0.02050,1.01367,0.01318,28.92
$BARO,26892.067,86861.65,28.75
$IMU,26892.068,0.244,-0.244,-0.183,0.01953,1.01269,0.01269,28.92
$MAG,26892.071,-0.558,-0.519,-0.403,27.6
$IMU,26892.071,0.244,-0.061,-0.244,0.01611,1.01220,0.01318,28.92
$IMU,26892.073,0.061,0.000,-0.244,0.01953,1.01171,0.01416,28.92
$IMU,26892.075,0.000,-0.061,-0.183,0.01757,1.01220,0.01025,28.92
$IMU,26892.078,-0.061,-0.061,-0.244,0.01562,1.01367,0.00830,28.92
$IMU,26892.080,0.000,-0.061,-0.244,0.01611,1.01171,0.01025,28.89
$MAG,26892.081,-0.564,-0.510,-0.400,27.7
$IMU,26892.082,-0.122,-0.061,-0.183,0.01611,1.01220,0.01220,28.89
$IMU,26892.085,-0.061,-0.183,-0.244,0.01806,1.00830,0.01269,28.89
$IMU,26892.087,-0.183,-0.061,-0.183,0.01806,1.00976,0.01074,28.89
$IMU,26892.090,-0.305,-0.061,-0.122,0.01708,1.00927,0.01074,28.89
$MAG,26892.091,-0.565,-0.514,-0.400,27.6
$IMU,26892.092,-0.305,-0.122,-0.122,0.01855,1.00830,0.01123,28.89
$IMU,26892.094,-0.305,-0.244,-0.122,0.01806,1.00878,0.00976,28.89
$IMU,26892.097,-0.366,-0.122,-0.183,0.01904,1.01074,0.01318,28.89
$IMU,26892.099,-0.488,0.000,-0.183,0.01806,1.00927,0.01171,28.90
$MAG,26892.101,-0.564,-0.517,-0.402,27.7
$IMU,26892.101,-0.488,-0.122,-0.183,0.01660,1.00878,0.00878,28.90
$IMU,26892.104,-0.488,0.000,-0.183,0.01757,1.01464,0.00927,28.90
$IMU,26892.106,-0.549,0.122,-0.122,0.02099,1.01269,0.01318,28.90
$IMU,26892.108,-0.427,-0.061,-0.122,0.01806,1.01074,0.01269,28.90
$MAG,26892.111,-0.565,-0.520,-0.393,27.7
$IMU,26892.111,-0.427,-0.122,-0.061,0.01953,1.01367,0.01367,28.90
$IMU,26892.113,-0.488,0.061,-0.061,0.01953,1.01464,0.01464,28.90
$IMU,26892.115,-0.488,0.061,-0.122,0.01953,1.01611,0.01318,28.90
$IMU,26892.118,-0.549,-0.122,-0.061,0.02001,1.01367,0.01464,28.91
$IMU,26892.120,-0.610,-0.061,-0.122,0.02197,1.01708,0.01074,28.91
$MAG,26892.121,-0.568,-0.525,-0.403,28.0
$IMU,26892.122,-0.427,-0.122,-0.122,0.02050,1.01611,0.01171,28.91
$IMU,26892.125,-0.427,-0.122,-0.122,0.02050,1.01513,0.01074,28.91
$IMU,26892.127,-0.427,-0.122,-0.244,0.02050,1.01513,0.01074,28.91
$IMU,26892.129,-0.427,-0.122,-0.183,0.02001,1.01660,0.00878,28.91
$MAG,26892.131,-0.565,-0.517,-0.405,27.6
$IMU,26892.132,-0.305,-0.183,-0.305,0.02050,1.01318,0.01220,28.91
$IMU,26892.134,-0.305,-0.122,-0.244,0.01757,1.01269,0.01074,28.91
$IMU,26892.136,-0.366,0.000,-0.183,0.01953,1.00976,0.01562,28.90
$IMU,26892.139,-0.244,-0.061,-0.244,0.01953,1.01171,0.01513,28.90
$MAG,26892.141,-0.564,-0.519,-0.399,27.7
$IMU,26892.141,-0.305,0.061,-0.244,0.01855,1.01025,0.01367,28.90
$IMU,26892.143,-0.366,0.000,-0.183,0.02001,1.01220,0.01367,28.90
$IMU,26892.146,-0.366,0.000,-0.183,0.01757,1.01416,0.01416,28.90
$IMU,26892.148,-0.183,-0.122,-0.183,0.01611,1.01464,0.01806,28.90
$MAG,26892.151,-0.565,-0.517,-0.409,27.6
$IMU,26892.151,-0.305,-0.061,-0.183,0.01806,1.01220,0.01269,28.90
$IMU,26892.153,-0.366,-0.122,-0.183,0.01708,1.01660,0.01220,28.90
$IMU,26892.155,-0.366,-0.061,-0.183,0.02001,1.00781,0.01611,28.89
$IMU,26892.158,-0.427,0.000,-0.244,0.02001,1.01025,0.01318,28.89
$IMU,26892.160,-0.244,-0.061,-0.244,0.01562,1.01367,0.01074,28.89
$MAG,26892.161,-0.565,-0.526,-0.400,27.7
$IMU,26892.162,-0.305,0.061,-0.183,0.02050,1.01220,0.01464,28.89
$IMU,26892.165,-0.305,0.000,-0.183,0.01904,1.01367,0.01269,28.89
$IMU,26892.167,-0.244,-0.183,-0.122,0.01660,1.01464,0.01416,28.89
$BARO,26892.168,86860.84,28.75
$IMU,26892.169,-0.183,-0.122,-0.183,0.01708,1.01269,0.01416,28.89
$MAG,26892.171,-0.570,-0.511,-0.406,27.8
$IMU,26892.172,-0.305,-0.061,-0.061,0.01562,1.01220,0.01367,28.89
$IMU,26892.174,-0.244,-0.122,-0.122,0.01855,1.01220,0.01220,28.89
$IMU,26892.176,-0.122,-0.122,-0.122,0.01757,1.01269,0.01464,28.89
$IMU,26892.179,-0.183,-0.122,-0.183,0.01562,1.01220,0.01416,28.89
$IMU,26892.181,0.000,-0.183,-0.122,0.01660,1.01416,0.01123,28.89
$MAG,26892.182,-0.568,-0.516,-0.402,27.6
$IMU,26892.183,0.000,-0.183,-0.183,0.01953,1.01269,0.00976,28.89
$IMU,26892.186,0.000,-0.183,-0.183,0.02001,1.01318,0.01025,28.89
$IMU,26892.188,-0.061,-0.183,-0.122,0.01806,1.01513,0.01123,28.89
$IMU,26892.190,-0.122,0.061,-0.183,0.01708,1.01513,0.01318,28.89
$MAG,26892.192,-0.570,-0.513,-0.399,27.7
$IMU,26892.193,0.000,-0.122,-0.122,0.01611,1.01367,0.01220,28.88
$IMU,26892.195,0.061,-0.244,-0.183,0.02343,1.01513,0.01220,28.88
$IMU,26892.197,0.061,-0.305,-0.183,0.02294,1.01464,0.01171,28.88
$IMU,26892.200,0.061,-0.122,-0.183,0.02099,1.01513,0.01025,28.88
$MAG,26892.202,-0.570,-0.514,-0.406,27.8
$IMU,26892.202,-0.122,-0.122,-0.244,0.02001,1.01611,0.01074,28.88
$IMU,26892.204,-0.244,0.122,-0.183,0.01953,1.01367,0.01318,28.88
$IMU,26892.207,-0.122,0.000,-0.305,0.02050,1.01367,0.01464,28.88
$IMU,26892.209,-0.183,-0.183,-0.305,0.02099,1.01220,0.01220,28.88
$MAG,26892.212,-0.564,-0.525,-0.408,27.6
$IMU,26892.212,-0.183,-0.183,-0.244,0.01904,1.01269,0.01220,28.87
$IMU,26892.214,-0.305,0.000,-0.183,0.01464,1.01269,0.01123,28.87
$IMU,26892.216,-0.244,-0.061,-0.183,0.01757,1.01269,0.01220,28.87
$IMU,26892.219,-0.305,-0.061,-0.244,0.02001,1.01464,0.01123,28.87
$IMU,26892.221,-0.305,-0.122,-0.244,0.01806,1.01416,0.01074,28.87
$MAG,26892.222,-0.562,-0.519,-0.402,27.7
$IMU,26892.223,-0.305,-0.183,-0.244,0.01562,1.01025,0.01123,28.87
$IMU,26892.226,-0.427,0.000,-0.305,0.01660,1.01171,0.01318,28.87
$IMU,26892.228,-0.366,0.000,-0.183,0.01660,1.01220,0.00830,28.87
$IMU,26892.230,-0.244,-0.122,-0.244,0.01708,1.01464,0.00976,28.88
$TIME,26892.231,510807.000,2399
$MAG,26892.232,-0.565,-0.517,-0.394,27.7
$IMU,26892.233,-0.305,-0.122,-0.122,0.01757,1.01367,0.01123,28.88
$IMU,26892.235,-0.244,-0.183,-0.061,0.01660,1.01025,0.01171,28.88
$IMU,26892.237,-0.305,-0.061,-0.122,0.01611,1.00830,0.01220,28.88
$IMU,26892.240,-0.427,-0.061,-0.122,0.01953,1.01367,0.01171,28.88
$MAG,26892.242,-0.565,-0.516,-0.397,27.7
$IMU,26892.242,-0.427,-0.061,-0.122,0.01806,1.01367,0.01416,28.88
$IMU,26892.244,-0.427,0.000,-0.183,0.01855,1.01171,0.01220,28.88
$IMU,26892.247,-0.427,-0.061,-0.244,0.01855,1.01367,0.01220,28.88
$IMU,26892.249,-0.366,-0.122,-0.183,0.01757,1.00732,0.01269,28.88
$IMU,26892.251,-0.366,-0.122,-0.122,0.01904,1.01464,0.01513,28.88
$MAG,26892.252,-0.558,-0.517,-0.406,27.8
$IMU,26892.254,-0.427,-0.122,-0.183,0.01562,1.01171,0.01318,28.88
$IMU,26892.256,-0.427,-0.061,-0.122,0.01855,1.01318,0.01367,28.88
$IMU,26892.258,-0.366,-0.122,-0.122,0.01660,1.01269,0.01464,28.88
$IMU,26892.261,-0.366,-0.122,-0.122,0.01953,1.00976,0.01269,28.88
$MAG,26892.262,-0.562,-0.513,-0.403,27.7
$IMU,26892.263,-0.305,-0.061,-0.183,0.01953,1.01318,0.01123,28.88
$IMU,26892.265,-0.366,0.061,-0.122,0.02148,1.01123,0.01171,28.88
$IMU,26892.268,-0.244,-0.122,-0.183,0.01904,1.01660,0.01171,28.83
$IMU,26892.270,-0.305,-0.122,-0.183,0.01904,1.01269,0.01318,28.83
$BARO,26892.270,86872.32,28.75
$MAG,26892.272,-0.565,-0.522,-0.399,27.7
$IMU,26892.272,-0.183,-0.122,-0.183,0.02050,1.01123,0.01513,28.83
$IMU,26892.275,-0.244,-0.122,-0.183,0.01953,1.00927,0.01318,28.83
$IMU,26892.277,-0.244,-0.244,-0.183,0.01953,1.01025,0.01318,28.83
$IMU,26892.280,-0.427,0.061,-0.244,0.01806,1.01074,0.01562,28.83
$MAG,26892.282,-0.567,-0.517,-0.402,27.7
$IMU,26892.282,-0.305,-0.061,-0.244,0.01953,1.01220,0.01416,28.83
$IMU,26892.284,-0.244,-0.183,-0.244,0.01806,1.01074,0.01269,28.83
$IMU,26892.287,-0.183,-0.061,-0.244,0.01757,1.01416,0.01269,28.86
$IMU,26892.289,-0.122,-0.305,-0.305,0.01855,1.01416,0.01318,28.86
$IMU,26892.291,-0.305,0.000,-0.366,0.01855,1.01171,0.01513,28.86
$MAG,26892.293,-0.556,-0.523,-0.406,27.6
$IMU,26892.294,-0.183,0.000,-0.305,0.01806,1.00927,0.01367,28.86
$IMU,26892.296,-0.122,-0.183,-0.244,0.01318,1.00634,0.01416,28.86
$IMU,26892.298,-0.061,-0.183,-0.183,0.01513,1.01220,0.01416,28.86
$IMU,26892.301,0.000,-0.061,-0.122,0.02001,1.01562,0.01416,28.86
$MAG,26892.303,-0.567,-0.525,-0.399,27.7
$IMU,26892.303,0.183,-0.305,0.000,0.01757,1.01416,0.01123,28.86
$IMU,26892.305,0.183,0.000,-0.061,0.01953,1.01074,0.01220,28.88
$IMU,26892.308,0.183,0.000,-0.061,0.02050,1.01269,0.01025,28.88
$IMU,26892.310,0.244,-0.183,-0.122,0.01953,1.01220,0.01171,28.88
$IMU,26892.312,0.305,-0.183,-0.122,0.01953,1.01367,0.01171,28.88
$MAG,26892.313,-0.564,-0.514,-0.399,27.7
$IMU,26892.315,0.305,-0.122,-0.183,0.01757,1.01367,0.01220,28.88
$IMU,26892.317,0.244,-0.244,-0.244,0.01855,1.01269,0.01220,28.88
$IMU,26892.319,0.122,0.000,-0.183,0.01904,1.01318,0.01123,28.88
$IMU,26892.322,0.122,-0.122,-0.183,0.02148,1.01367,0.01025,28.88
$MAG,26892.323,-0.553,-0.507,-0.399,27.6
$IMU,26892.324,0.000,-0.183,-0.183,0.02001,1.01367,0.01171,28.88
$IMU,26892.326,-0.061,-0.183,-0.061,0.01757,1.01367,0.01123,28.88
$IMU,26892.329,-0.122,0.061,0.061,0.01757,1.01416,0.00976,28.88
$IMU,26892.331,-0.244,-0.122,-0.122,0.02343,1.01416,0.00976,28.88
$MAG,26892.333,-0.567,-0.514,-0.402,27.7
$IMU,26892.333,-0.305,-0.183,-0.122,0.01953,1.01318,0.01171,28.88
$IMU,26892.336,-0.366,-0.122,-0.244,0.01904,1.01708,0.00830,28.88
$IMU,26892.338,-0.427,-0.244,-0.305,0.01806,1.01367,0.01123,28.88
$IMU,26892.341,-0.610,0.000,-0.305,0.01660,1.01318,0.01171,28.88
$MAG,26892.343,-0.568,-0.519,-0.399,27.7
$IMU,26892.343,-0.671,0.000,-0.305,0.01953,1.01269,0.01220,28.87
$IMU,26892.345,-0.671,0.000,-0.244,0.01562,1.01220,0.01171,28.87
$IMU,26892.348,-0.732,-0.122,-0.183,0.01757,1.01318,0.00927,28.87
$IMU,26892.350,-0.793,0.000,-0.061,0.01708,1.01025,0.01123,28.87
$IMU,26892.352,-0.915,0.000,-0.122,0.01708,1.01416,0.01074,28.87
$MAG,26892.353,-0.558,-0.511,-0.405,27.7
$IMU,26892.355,-0.854,-0.122,-0.122,0.01708,1.01367,0.01416,28.87
$IMU,26892.357,-0.976,0.061,-0.183,0.01806,1.01416,0.01464,28.87
$IMU,26892.359,-0.915,-0.122,-0.183,0.01855,1.01318,0.01318,28.87
$IMU,26892.362,-0.793,-0.244,-0.122,0.01806,1.01074,0.01269,28.92
$MAG,26892.363,-0.561,-0.516,-0.399,27.7
$IMU,26892.364,-0.732,-0.183,0.000,0.01757,1.01269,0.01367,28.92
$IMU,26892.366,-0.854,0.000,0.000,0.01806,1.00976,0.01708,28.92
$IMU,26892.369,-0.793,-0.061,-0.122,0.01855,1.00927,0.01611,28.92
$BARO,26892.371,86870.91,28.75
$IMU,26892.371,-0.671,-0.122,-0.183,0.01904,1.01220,0.01416,28.92
$MAG,26892.373,-0.568,-0.511,-0.406,27.6
$IMU,26892.373,-0.732,-0.061,-0.061,0.01855,1.01074,0.01318,28.92
$IMU,26892.376,-0.549,-0.183,-0.183,0.01562,1.01513,0.01220,28.92
$IMU,26892.378,-0.488,-0.122,-0.183,0.01953,1.01269,0.01513,28.92
$IMU,26892.380,-0.305,0.000,-0.122,0.01855,1.01074,0.01611,28.85
$MAG,26892.383,-0.565,-0.516,-0.406,27.6
$IMU,26892.383,-0.183,0.000,-0.122,0.02001,1.01269,0.01367,28.85
$IMU,26892.385,-0.122,0.000,-0.122,0.01660,1.01220,0.01367,28.85
$IMU,26892.387,0.122,-0.305,-0.122,0.01562,1.01220,0.01318,28.85
$IMU,26892.390,0.122,-0.061,-0.122,0.02050,1.00976,0.01757,28.85
$IMU,26892.392,0.183,0.000,-0.183,0.01953,1.01464,0.01464,28.85
$MAG,26892.394,-0.562,-0.519,-0.399,27.6
$IMU,26892.394,0.366,-0.122,-0.183,0.01904,1.01416,0.01269,28.85
$IMU,26892.397,0.427,-0.122,-0.183,0.01953,1.01416,0.01367,28.85
$IMU,26892.399,0.488,-0.244,-0.305,0.01953,1.01220,0.01611,28.89
$IMU,26892.402,0.549,-0.244,-0.366,0.01855,1.00976,0.01367,28.89
$MAG,26892.404,-0.568,-0.519,-0.403,28.0
$IMU,26892.404,0.549,-0.061,-0.366,0.01660,1.01171,0.01220,28.89
$IMU,26892.406,0.488,0.061,-0.305,0.01611,1.01708,0.01171,28.89
$IMU,26892.409,0.427,-0.061,-0.305,0.02050,1.01318,0.01318,28.89
$IMU,26892.411,0.488,-0.183,-0.305,0.01757,1.01660,0.01269,28.89
$IMU,26892.413,0.366,0.000,-0.305,0.01708,1.01416,0.01269,28.89
$MAG,26892.414,-0.567,-0.516,-0.406,27.7
$IMU,26892.416,0.244,-0.061,-0.244,0.01464,1.01708,0.00976,28.89
$IMU,26892.418,0.122,-0.122,-0.183,0.01904,1.01416,0.00976,28.91
$IMU,26892.420,0.000,-0.061,-0.122,0.01953,1.01464,0.01123,28.91
$IMU,26892.423,-0.244,-0.122,-0.183,0.01904,1.01269,0.01123,28.91
$MAG,26892.424,-0.553,-0.516,-0.412,27.7
$IMU,26892.425,-0.305,-0.183,-0.183,0.01953,1.01220,0.01171,28.91
$IMU,26892.427,-0.427,-0.061,-0.183,0.02441,1.01416,0.01074,28.91
$IMU,26892.430,-0.610,0.000,-0.244,0.01855,1.01416,0.00683,28.91
$IMU,26892.432,-0.610,-0.122,-0.183,0.01806,1.01367,0.01074,28.91
$MAG,26892.434,-0.564,-0.520,-0.402,27.7
$IMU,26892.434,-0.610,-0.122,-0.122,0.01855,1.01416,0.00830,28.91
$IMU,26892.437,-0.732,-0.122,-0.122,0.01611,1.01025,0.01171,28.86
$IMU,26892.439,-0.854,-0.122,-0.061,0.01708,1.00878,0.01123,28.86
$IMU,26892.441,-0.732,-0.061,-0.061,0.02148,1.01025,0.01611,28.86
$MAG,26892.444,-0.564,-0.522,-0.402,28.1
$IMU,26892.444,-0.793,-0.061,-0.122,0.01757,1.00634,0.01367,28.86
$IMU,26892.446,-0.793,-0.122,-0.061,0.01611,1.01025,0.01220,28.86
$IMU,26892.448,-0.793,-0.061,-0.061,0.02001,1.01074,0.00976,28.86
$IMU,26892.451,-0.549,-0.122,-0.183,0.01513,1.01171,0.01025,28.86
$IMU,26892.453,-0.488,-0.183,-0.122,0.01953,1.01171,0.01171,28.86
$MAG,26892.454,-0.565,-0.522,-0.405,27.8
$IMU,26892.455,-0.488,0.061,-0.122,0.01562,1.01123,0.01318,28.84
$IMU,26892.458,-0.427,-0.061,-0.122,0.02050,1.01220,0.01367,28.84
$IMU,26892.460,-0.366,-0.061,0.000,0.02050,1.01269,0.01318,28.84
$IMU,26892.463,-0.244,0.061,-0.183,0.01757,1.01464,0.01367,28.84
$MAG,26892.464,-0.561,-0.523,-0.400,27.6
$IMU,26892.465,-0.061,-0.244,-0.183,0.02001,1.01611,0.01269,28.84
$IMU,26892.467,0.000,-0.183,-0.183,0.01611,1.01416,0.01416,28.84
$IMU,26892.470,-0.061,0.000,-0.244,0.01660,1.01806,0.01123,28.84
$IMU,26892.472,0.000,-0.122,-0.305,0.01953,1.01806,0.01513,28.84
$BARO,26892.473,86858.02,28.75
$MAG,26892.474,-0.564,-0.517,-0.400,27.7
$IMU,26892.474,0.061,0.000,-0.244,0.01757,1.01660,0.01171,28.90
$IMU,26892.477,0.061,-0.244,-0.122,0.01757,1.01318,0.01513,28.90
$IMU,26892.479,0.000,-0.244,-0.244,0.01953,1.01513,0.01464,28.90
$IMU,26892.481,-0.122,0.061,-0.244,0.01855,1.01416,0.01513,28.90
$MAG,26892.484,-0.571,-0.522,-0.400,27.6
$IMU,26892.484,0.000,-0.183,-0.183,0.01513,1.01562,0.01367,28.90
$IMU,26892.486,-0.061,-0.122,-0.305,0.01416,1.01708,0.01318,28.90
$IMU,26892.488,-0.061,-0.122,-0.244,0.01611,1.01416,0.01074,28.90
$IMU,26892.491,-0.122,-0.122,-0.244,0.01757,1.01660,0.01416,28.90
$IMU,26892.493,-0.183,-0.183,-0.305,0.01708,1.01074,0.01269,28.91
$MAG,26892.494,-0.556,-0.525,-0.400,27.7
$IMU,26892.495,-0.122,-0.122,-0.183,0.01367,1.01025,0.01220,28.91
$IMU,26892.498,-0.183,-0.183,-0.122,0.01367,1.01025,0.01220,28.91
$IMU,26892.500,-0.122,-0.061,-0.122,0.01318,1.01123,0.00927,28.91
$IMU,26892.502,-0.061,-0.061,-0.061,0.01171,1.00634,0.01074,28.91
$MAG,26892.505,-0.576,-0.522,-0.403,27.7
$IMU,26892.505,-0.061,-0.061,0.000,0.01367,1.01025,0.01074,28.91
$IMU,26892.507,-0.061,-0.122,0.000,0.01904,1.01074,0.01220,28.91
$IMU,26892.509,-0.061,-0.061,0.061,0.01806,1.01123,0.01416,28.91
$IMU,26892.512,-0.122,-0.061,0.000,0.01904,1.00976,0.01318,28.85
$IMU,26892.514,-0.122,0.061,0.061,0.01611,1.01464,0.01269,28.85
$MAG,26892.515,-0.556,-0.520,-0.397,27.7
$IMU,26892.516,-0.122,-0.122,-0.061,0.01513,1.01367,0.01123,28.85
$IMU,26892.519,-0.305,0.000,0.000,0.01513,1.00878,0.01074,28.85
$IMU,26892.521,-0.305,0.000,-0.061,0.01660,1.01269,0.01220,28.85
$IMU,26892.524,-0.305,0.000,-0.061,0.01855,1.01464,0.01464,28.85
$MAG,26892.525,-0.565,-0.514,-0.403,27.7
$IMU,26892.526,-0.366,-0.183,0.000,0.01708,1.01611,0.01025,28.85
$IMU,26892.528,-0.366,-0.122,0.061,0.02001,1.01562,0.01220,28.85
$IMU,26892.531,-0.488,0.000,0.061,0.02099,1.01611,0.01367,28.85
$IMU,26892.533,-0.549,-0.061,0.122,0.01953,1.01562,0.01269,28.85
$MAG,26892.535,-0.570,-0.514,-0.397,28.0
$IMU,26892.535,-0.549,-0.122,0.122,0.01904,1.01318,0.01416,28.85
$IMU,26892.538,-0.488,-0.183,0.122,0.01757,1.01416,0.01220,28.85
$IMU,26892.540,-0.488,-0.305,-0.061,0.02050,1.01562,0.01367,28.85
$IMU,26892.542,-0.549,-0.122,-0.061,0.02148,1.01513,0.01220,28.85
$MAG,26892.545,-0.561,-0.526,-0.406,27.7
$IMU,26892.545,-0.610,-0.061,-0.122,0.02294,1.01318,0.01220,28.85
$IMU,26892.547,-0.610,0.000,-0.061,0.01757,1.01269,0.01123,28.85
$IMU,26892.549,-0.610,-0.122,-0.061,0.02197,1.01269,0.01318,28.92
$IMU,26892.552,-0.488,-0.244,-0.061,0.01904,1.01416,0.01513,28.92
$IMU,26892.554,-0.366,-0.305,-0.061,0.02197,1.01171,0.01318,28.92
$MAG,26892.555,-0.562,-0.526,-0.406,27.7
$IMU,26892.556,-0.488,-0.061,-0.122,0.02343,1.01025,0.01367,28.92
$IMU,26892.559,-0.549,0.061,-0.183,0.02343,1.01220,0.01464,28.92
$IMU,26892.561,-0.488,-0.061,-0.183,0.02343,1.01416,0.01416,28.92
$IMU,26892.563,-0.488,-0.061,-0.183,0.02441,1.01220,0.01464,28.92
$MAG,26892.565,-0.562,-0.520,-0.396,27.7
$IMU,26892.566,-0.488,-0.061,-0.183,0.02343,1.00927,0.01464,28.92
$IMU,26892.568,-0.488,-0.122,-0.183,0.01855,1.00878,0.01464,28.90
$IMU,26892.570,-0.488,0.061,-0.183,0.02441,1.00976,0.01318,28.90
$IMU,26892.573,-0.549,0.122,-0.122,0.02294,1.00878,0.01171,28.90
$BARO,26892.574,86869.72,28.75
$MAG,26892.575,-0.562,-0.513,-0.403,28.0
$IMU,26892.575,-0.488,0.061,-0.122,0.02148,1.01074,0.01367,28.90
$IMU,26892.577,-0.366,-0.122,-0.183,0.01953,1.01074,0.01660,28.90
$IMU,26892.580,-0.427,-0.061,-0.122,0.02441,1.00878,0.01660,28.90
$IMU,26892.582,-0.427,-0.122,-0.183,0.02197,1.00634,0.01367,28.90
$MAG,26892.585,-0.562,-0.514,-0.400,27.7
$IMU,26892.585,-0.366,-0.183,-0.244,0.02197,1.01074,0.01269,28.90
$IMU,26892.587,-0.305,-0.061,-0.183,0.02197,1.01074,0.01416,28.91
$IMU,26892.589,-0.244,-0.183,-0.244,0.01757,1.01464,0.01416,28.91
$IMU,26892.592,-0.183,-0.122,-0.183,0.02148,1.01220,0.01611,28.91
$IMU,26892.594,0.000,-0.305,-0.244,0.01855,1.01318,0.01660,28.91
$MAG,26892.595,-0.562,-0.526,-0.405,27.6
$IMU,26892.596,-0.183,-0.061,-0.061,0.02148,1.01074,0.01074,28.91
$IMU,26892.599,-0.122,0.000,-0.122,0.02099,1.01318,0.01416,28.91
$IMU,26892.601,-0.061,-0.061,-0.122,0.02343,1.01416,0.01562,28.91
$IMU,26892.603,0.061,-0.122,-0.061,0.01611,1.01220,0.01171,28.91
$MAG,26892.605,-0.559,-0.511,-0.403,27.7
$IMU,26892.606,0.000,-0.061,-0.122,0.01904,1.01660,0.01220,28.90
$IMU,26892.608,0.061,-0.061,-0.122,0.01953,1.01562,0.00878,28.90
$IMU,26892.610,0.061,-0.183,-0.244,0.01611,1.01220,0.01171,28.90
$IMU,26892.613,0.000,-0.061,-0.244,0.01904,1.01123,0.01416,28.90
$MAG,26892.615,-0.567,-0.519,-0.402,27.8
$IMU,26892.615,0.000,-0.061,-0.305,0.01611,1.01171,0.01074,28.90
$IMU,26892.617,0.061,-0.122,-0.244,0.01757,1.01220,0.01171,28.90
$IMU,26892.620,0.000,0.000,-0.122,0.01806,1.01269,0.01074,28.90
$IMU,26892.622,-0.061,0.061,-0.122,0.01660,1.01171,0.01220,28.90
$IMU,26892.624,0.000,-0.183,-0.061,0.01708,1.01025,0.01171,28.86
$MAG,26892.626,-0.562,-0.510,-0.402,27.6
$IMU,26892.627,-0.061,-0.061,-0.122,0.01904,1.01220,0.01220,28.86
$IMU,26892.629,-0.122,-0.061,-0.122,0.01904,1.00976,0.01171,28.86
$IMU,26892.631,-0.061,-0.122,-0.244,0.01806,1.01025,0.00830,28.86
$IMU,26892.634,-0.061,-0.244,-0.244,0.01562,1.01220,0.01220,28.86
$MAG,26892.636,-0.570,-0.522,-0.403,27.7
$IMU,26892.636,-0.183,-0.122,-0.183,0.01660,1.01269,0.01123,28.86
$IMU,26892.638,-0.244,-0.061,-0.183,0.01904,1.00927,0.00830,28.86
$IMU,26892.641,-0.244,-0.122,-0.244,0.02197,1.00878,0.00976,28.86
$IMU,26892.643,-0.244,-0.122,-0.183,0.01904,1.00878,0.00927,28.88
$MAG,26892.646,-0.556,-0.517,-0.408,27.8
$IMU,26892.646,-0.305,-0.183,-0.183,0.01855,1.01269,0.00927,28.88
$IMU,26892.648,-0.305,-0.122,-0.183,0.01757,1.01269,0.01074,28.88
$IMU,26892.650,-0.366,-0.122,-0.183,0.01611,1.01025,0.01123,28.88
$IMU,26892.653,-0.488,-0.061,-0.244,0.01611,1.01416,0.01367,28.88
$IMU,26892.655,-0.549,-0.061,-0.244,0.01416,1.01464,0.01318,28.88
$MAG,26892.656,-0.567,-0.514,-0.406,27.8
$IMU,26892.657,-0.488,-0.183,-0.183,0.01464,1.01318,0.01367,28.88
$IMU,26892.660,-0.610,-0.061,-0.183,0.01904,1.01074,0.01171,28.88
$IMU,26892.662,-0.610,0.061,-0.244,0.01806,1.00976,0.01123,28.89
$IMU,26892.664,-0.610,0.000,-0.244,0.01611,1.01318,0.01220,28.89
$MAG,26892.666,-0.564,-0.517,-0.399,28.1
$IMU,26892.667,-0.610,-0.122,-0.061,0.02001,1.01220,0.01123,28.89
$VBAT,26892.667,4.132
$IMU,26892.669,-0.671,-0.061,-0.122,0.01708,1.01318,0.01025,28.89
$IMU,26892.671,-0.732,0.061,-0.122,0.01757,1.01318,0.01318,28.89
$IMU,26892.674,-0.793,0.000,-0.061,0.01708,1.01171,0.01220,28.89
$BARO,26892.675,86871.52,28.75
$MAG,26892.676,-0.567,-0.519,-0.408,27.7
$IMU,26892.676,-0.732,-0.183,-0.122,0.01904,1.01123,0.01220,28.89
$IMU,26892.678,-0.732,-0.183,-0.244,0.02050,1.01220,0.01025,28.89
$IMU,26892.681,-0.793,-0.122,-0.183,0.01660,1.01367,0.00976,28.87
$IMU,26892.683,-0.671,-0.183,-0.122,0.01611,1.01220,0.01171,28.87
$IMU,26892.685,-0.732,-0.183,-0.183,0.01757,1.01464,0.01513,28.87
$MAG,26892.686,-0.562,-0.514,-0.405,27.7
$IMU,26892.688,-0.793,-0.061,-0.183,0.01855,1.01708,0.01708,28.87
$IMU,26892.690,-0.671,-0.244,-0.061,0.02099,1.01904,0.01513,28.87
$IMU,26892.692,-0.732,-0.122,-0.061,0.01757,1.01806,0.01660,28.87
$IMU,26892.695,-0.671,-0.061,-0.122,0.01855,1.01269,0.01757,28.87
$MAG,26892.696,-0.568,-0.519,-0.400,27.7
$IMU,26892.697,-0.610,0.061,-0.122,0.01708,1.01171,0.01611,28.87
$IMU,26892.699,-0.610,0.061,-0.061,0.01660,1.01611,0.01513,28.87
$IMU,26892.702,-0.427,-0.122,-0.061,0.01953,1.01416,0.01416,28.87
$IMU,26892.704,-0.366,-0.122,-0.061,0.01660,1.00976,0.01367,28.87
$MAG,26892.706,-0.574,-0.514,-0.400,27.6
$IMU,26892.706,-0.366,-0.122,-0.122,0.02050,1.01074,0.01757,28.87
$IMU,26892.709,-0.305,0.000,-0.122,0.01953,1.01318,0.01708,28.87
$IMU,26892.711,-0.244,0.061,-0.061,0.01757,1.01416,0.01611,28.87
$IMU,26892.714,-0.244,0.000,-0.122,0.02148,1.01171,0.01513,28.87
$MAG,26892.716,-0.574,-0.517,-0.396,27.7
$IMU,26892.716,-0.122,-0.061,-0.244,0.01660,1.01025,0.01367,28.87
$IMU,26892.718,0.000,-0.122,-0.244,0.01757,1.01074,0.01562,28.88
$IMU,26892.721,0.000,0.061,-0.183,0.01708,1.01123,0.01611,28.88
$IMU,26892.723,0.061,0.000,-0.244,0.01708,1.01367,0.01367,28.88
$IMU,26892.725,0.122,-0.061,-0.183,0.02050,1.01171,0.01416,28.88
$MAG,26892.726,-0.567,-0.510,-0.403,28.0
$IMU,26892.728,0.061,-0.061,-0.122,0.01855,1.01220,0.01464,28.88
$IMU,26892.730,0.122,-0.122,-0.061,0.01562,1.01220,0.01513,28.88
$IMU,26892.732,0.183,-0.183,-0.122,0.01855,1.00634,0.01464,28.88
$IMU,26892.735,0.244,-0.122,-0.122,0.02050,1.01171,0.01123,28.88
$MAG,26892.737,-0.574,-0.526,-0.396,27.7
$IMU,26892.737,0.061,0.061,-0.122,0.01855,1.01416,0.01171,28.92
$IMU,26892.739,0.122,0.000,-0.244,0.01806,1.01464,0.01123,28.92
$IMU,26892.742,0.244,-0.122,-0.183,0.01806,1.01123,0.01171,28.92
$IMU,26892.744,0.183,-0.244,-0.183,0.02050,1.01025,0.01074,28.92
$IMU,26892.746,0.183,-0.183,-0.244,0.02050,1.01464,0.01171,28.92
$MAG,26892.747,-0.568,-0.519,-0.403,27.8
$IMU,26892.749,0.061,0.000,-0.183,0.01806,1.01367,0.00976,28.92
$IMU,26892.751,0.000,0.122,-0.183,0.01708,1.01513,0.01025,28.92
$IMU,26892.753,0.061,-0.244,-0.244,0.01708,1.01269,0.01074,28.92
$IMU,26892.756,-0.061,-0.061,-0.183,0.01904,1.01464,0.01171,28.92
$MAG,26892.757,-0.561,-0.508,-0.394,27.8
$IMU,26892.758,-0.122,0.000,-0.183,0.01806,1.01269,0.00927,28.92
$IMU,26892.760,-0.183,0.000,-0.244,0.01953,1.01171,0.00683,28.92
$IMU,26892.763,-0.366,0.000,-0.183,0.01806,1.01367,0.01123,28.92
$IMU,26892.765,-0.366,-0.061,-0.122,0.02148,1.01269,0.01025,28.92
$MAG,26892.767,-0.568,-0.513,-0.409,27.6
$IMU,26892.767,-0.488,-0.061,0.000,0.01953,1.01562,0.01171,28.92
$IMU,26892.770,-0.671,-0.183,-0.122,0.02099,1.01171,0.01318,28.92
$IMU,26892.772,-0.671,-0.061,-0.183,0.01855,1.01318,0.01074,28.92
$IMU,26892.775,-0.854,0.000,-0.244,0.01660,1.01318,0.01123,28.87
$BARO,26892.777,86864.62,28.75
$MAG,26892.777,-0.567,-0.520,-0.402,27.7
$IMU,26892.777,-0.854,-0.183,-0.244,0.02148,1.01269,0.01269,28.87
$IMU,26892.779,-0.915,-0.183,-0.244,0.02099,1.00976,0.01464,28.87
$IMU,26892.782,-0.976,-0.183,-0.122,0.02050,1.01025,0.01464,28.87
$IMU,26892.784,-1.037,-0.244,-0.061,0.01660,1.00878,0.01318,28.87
$IMU,26892.786,-1.037,-0.061,-0.122,0.01855,1.01171,0.01464,28.87
$MAG,26892.787,-0.564,-0.519,-0.394,27.8
$IMU,26892.789,-0.976,0.061,0.000,0.01806,1.01367,0.01513,28.87
$IMU,26892.791,-0.854,-0.122,-0.061,0.02001,1.00927,0.01513,28.87
$IMU,26892.793,-0.915,0.000,-0.061,0.01953,1.01074,0.01367,28.90
$IMU,26892.796,-0.793,-0.183,-0.061,0.01855,1.01025,0.01123,28.90
$MAG,26892.797,-0.573,-0.516,-0.399,27.6
$IMU,26892.798,-0.732,-0.122,-0.061,0.01953,1.01464,0.01513,28.90
$IMU,26892.800,-0.793,0.061,0.000,0.02197,1.01171,0.01318,28.90
$IMU,26892.803,-0.732,-0.061,-0.061,0.02197,1.00878,0.01416,28.90
$IMU,26892.805,-0.549,-0.122,-0.122,0.02148,1.01416,0.01416,28.90
$MAG,26892.807,-0.565,-0.511,-0.400,27.7
$IMU,26892.807,-0.488,-0.061,-0.122,0.01806,1.01269,0.01513,28.90
$IMU,26892.810,-0.488,-0.061,-0.122,0.01953,1.01318,0.01660,28.90
$IMU,26892.812,-0.366,-0.061,-0.183,0.01806,1.01367,0.01513,28.93
$IMU,26892.814,-0.366,0.061,-0.122,0.01806,1.01318,0.01757,28.93
$MAG,26892.817,-0.565,-0.525,-0.396,27.7
$IMU,26892.817,-0.305,-0.061,-0.183,0.01855,1.01562,0.01708,28.93
$IMU,26892.819,-0.183,-0.122,-0.183,0.01806,1.01367,0.01367,28.93
$IMU,26892.821,-0.122,-0.122,-0.183,0.01953,1.01318,0.01464,28.93
$IMU,26892.824,-0.122,-0.061,-0.244,0.01806,1.01562,0.01562,28.93
$IMU,26892.826,-0.061,-0.061,-0.183,0.01806,1.01464,0.01416,28.93
$MAG,26892.827,-0.556,-0.528,-0.405,27.7
$IMU,26892.828,0.122,-0.122,-0.244,0.02001,1.01611,0.01416,28.93
$IMU,26892.831,0.183,-0.183,-0.244,0.02001,1.01660,0.01367,28.90
$IMU,26892.833,0.244,-0.305,-0.183,0.01660,1.01074,0.01367,28.90
$IMU,26892.836,0.244,-0.122,-0.183,0.01855,1.01416,0.01367,28.90
$MAG,26892.838,-0.565,-0.522,-0.402,27.7
$IMU,26892.838,0.244,-0.122,-0.244,0.01660,1.01220,0.01318,28.90
$IMU,26892.840,0.244,-0.122,-0.244,0.01660,1.01220,0.01367,28.90
$IMU,26892.843,0.183,-0.061,-0.183,0.01855,1.01464,0.01367,28.90
$IMU,26892.845,0.244,0.000,-0.244,0.01611,1.01367,0.01367,28.90
$IMU,26892.847,0.122,-0.183,-0.183,0.01806,1.01464,0.01220,28.90
$MAG,26892.848,-0.565,-0.513,-0.396,27.6
$IMU,26892.850,0.122,-0.244,-0.183,0.01953,1.01367,0.01123,28.92
$IMU,26892.852,0.000,-0.061,-0.183,0.01904,1.00976,0.01171,28.92
$IMU,26892.854,-0.183,0.061,-0.183,0.01904,1.01025,0.01025,28.92
$IMU,26892.857,-0.183,0.000,-0.122,0.01953,1.01269,0.00878,28.92
$MAG,26892.858,-0.558,-0.508,-0.397,27.7
$IMU,26892.859,-0.183,0.061,-0.183,0.02197,1.01025,0.00976,28.92
$IMU,26892.861,-0.244,-0.061,-0.244,0.01904,1.01318,0.00927,28.92
$IMU,26892.864,-0.305,-0.061,-0.244,0.01904,1.01464,0.00976,28.92
$IMU,26892.866,-0.366,-0.061,-0.244,0.02050,1.01220,0.00878,28.92
$MAG,26892.868,-0.576,-0.514,-0.400,27.6
$IMU,26892.868,-0.488,-0.183,-0.183,0.01757,1.01464,0.01269,28.92
$IMU,26892.871,-0.488,-0.122,-0.183,0.01855,1.01123,0.01123,28.92
$IMU,26892.873,-0.732,0.061,-0.061,0.02050,1.00976,0.01123,28.92
$IMU,26892.875,-0.732,0.061,-0.122,0.01855,1.00976,0.01074,28.92
$BARO,26892.878,86854.34,28.76
$MAG,26892.878,-0.567,-0.522,-0.405,27.6
$IMU,26892.878,-0.732,-0.061,-0.122,0.01708,1.01464,0.01025,28.92
$IMU,26892.880,-0.671,-0.122,-0.183,0.01904,1.01464,0.01220,28.92
$IMU,26892.882,-0.732,-0.061,-0.244,0.02050,1.01318,0.01220,28.92
$IMU,26892.885,-0.732,-0.122,-0.183,0.02197,1.01171,0.01416,28.92
$IMU,26892.887,-0.671,-0.122,-0.122,0.01953,1.01171,0.01318,28.91
$MAG,26892.888,-0.565,-0.510,-0.411,27.7
$IMU,26892.889,-0.793,-0.061,-0.061,0.01806,1.01269,0.01464,28.91
$IMU,26892.892,-0.732,-0.244,-0.061,0.01953,1.01269,0.01367,28.91
$IMU,26892.894,-0.793,-0.305,-0.061,0.02099,1.01123,0.01416,28.91
$IMU,26892.897,-0.732,-0.122,-0.122,0.01904,1.01464,0.01513,28.91
$MAG,26892.898,-0.564,-0.523,-0.402,27.7
$IMU,26892.899,-0.793,0.000,-0.244,0.01464,1.01367,0.01416,28.91
$IMU,26892.901,-0.610,-0.183,-0.244,0.01806,1.01074,0.01318,28.91
$IMU,26892.904,-0.549,-0.061,-0.305,0.01513,1.01171,0.01416,28.91
$IMU,26892.906,-0.610,0.000,-0.244,0.01562,1.01318,0.01416,28.92
$MAG,26892.908,-0.556,-0.519,-0.402,27.7
$IMU,26892.908,-0.366,-0.183,-0.244,0.01416,1.00830,0.01318,28.92
$IMU,26892.911,-0.427,-0.061,-0.061,0.01611,1.01074,0.01562,28.92
$IMU,26892.913,-0.427,0.183,-0.122,0.01367,1.01318,0.01367,28.92
$IMU,26892.915,-0.244,-0.061,-0.122,0.01708,1.01416,0.01318,28.92
$MAG,26892.918,-0.561,-0.510,-0.403,27.7
$IMU,26892.918,-0.183,-0.122,-0.183,0.02050,1.01464,0.01416,28.92
$IMU,26892.920,-0.061,-0.061,-0.183,0.01806,1.01464,0.01464,28.92
$IMU,26892.922,-0.122,-0.061,-0.244,0.02001,1.01464,0.01367,28.92
$IMU,26892.925,-0.061,-0.061,-0.305,0.02001,1.01416,0.01416,28.89
$IMU,26892.927,0.061,-0.122,-0.305,0.01513,1.01660,0.01367,28.89
$MAG,26892.928,-0.564,-0.522,-0.406,27.7
$IMU,26892.929,0.000,-0.061,-0.244,0.01513,1.01611,0.01464,28.89
$IMU,26892.932,0.000,-0.183,-0.244,0.01562,1.01464,0.01269,28.89
$HUM,26892.933,35.0,29.2
$IMU,26892.934,0.000,-0.122,-0.122,0.01611,1.01416,0.01318,28.89
$IMU,26892.936,-0.061,-0.061,-0.244,0.01757,1.01416,0.01416,28.89
$MAG,26892.938,-0.564,-0.520,-0.399,27.7
$IMU,26892.939,-0.183,-0.061,-0.244,0.02001,1.01513,0.01367,28.89
$IMU,26892.941,-0.183,-0.122,-0.244,0.01513,1.01757,0.01416,28.89
$IMU,26892.943,-0.183,-0.122,-0.244,0.01513,1.01660,0.01367,28.91
$IMU,26892.946,-0.183,-0.183,-0.305,0.01708,1.01513,0.01220,28.91
$IMU,26892.948,-0.244,-0.183,-0.183,0.01513,1.01660,0.01318,28.91
$MAG,26892.949,-0.562,-0.513,-0.400,27.7
$IMU,26892.950,-0.244,-0.061,-0.061,0.01513,1.01416,0.01269,28.91
$IMU,26892.953,-0.366,-0.061,-0.122,0.01660,1.01074,0.01513,28.91
$IMU,26892.955,-0.366,-0.122,-0.122,0.01806,1.00781,0.01464,28.91
$IMU,26892.958,-0.366,-0.122,-0.061,0.01611,1.01220,0.01367,28.91
$MAG,26892.959,-0.559,-0.519,-0.403,27.7
$IMU,26892.960,-0.366,-0.122,-0.061,0.01660,1.01171,0.01367,28.91
$IMU,26892.962,-0.366,-0.122,-0.122,0.01708,1.00927,0.01123,28.87
$IMU,26892.965,-0.366,0.061,-0.183,0.01660,1.01171,0.01074,28.87
$IMU,26892.967,-0.366,0.000,-0.183,0.01708,1.01074,0.01269,28.87
$MAG,26892.969,-0.574,-0.510,-0.403,27.7
$IMU,26892.969,-0.366,-0.122,-0.244,0.02001,1.01171,0.01367,28.87
$IMU,26892.972,-0.305,-0.061,-0.122,0.02001,1.01171,0.01562,28.87
$IMU,26892.974,-0.366,0.000,-0.122,0.01855,1.01318,0.01318,28.87
$IMU,26892.976,-0.427,-0.061,-0.122,0.01757,1.01171,0.01269,28.87
$MAG,26892.979,-0.561,-0.520,-0.408,27.8
$IMU,26892.979,-0.427,-0.122,0.000,0.02050,1.01513,0.01318,28.87
$BARO,26892.980,86865.62,28.76
$IMU,26892.981,-0.549,0.000,0.000,0.02001,1.01562,0.01074,28.90
$IMU,26892.983,-0.488,-0.183,-0.061,0.01708,1.01464,0.01171,28.90
$IMU,26892.986,-0.488,-0.122,-0.122,0.01611,1.01367,0.01318,28.90
$IMU,26892.988,-0.549,0.000,-0.183,0.01660,1.01367,0.01123,28.90
$MAG,26892.989,-0.561,-0.507,-0.408,27.8
$IMU,26892.990,-0.732,0.061,-0.244,0.02099,1.01318,0.01269,28.90
$IMU,26892.993,-0.671,-0.061,-0.183,0.02148,1.00781,0.01318,28.90
$IMU,26892.995,-0.610,-0.061,-0.061,0.02197,1.01367,0.01220,28.90
$IMU,26892.997,-0.549,-0.061,-0.061,0.02099,1.01562,0.01464,28.90
$MAG,26892.999,-0.562,-0.513,-0.403,27.7
$IMU,26893.000,-0.488,-0.244,0.000,0.01953,1.01318,0.01269,28.90
$IMU,26893.002,-0.610,0.061,-0.122,0.02099,1.01171,0.01318,28.90
$IMU,26893.004,-0.549,0.061,-0.244,0.02001,1.01220,0.01367,28.90
$IMU,26893.007,-0.427,-0.122,-0.244,0.01806,1.01269,0.01660,28.90
$MAG,26893.009,-0.565,-0.523,-0.405,27.7
$IMU,26893.009,-0.427,-0.061,-0.305,0.01806,1.01367,0.01513,28.90
$IMU,26893.011,-0.305,-0.122,-0.244,0.02099,1.01562,0.01367,28.90
$IMU,26893.014,-0.366,-0.122,-0.122,0.01708,1.01171,0.01367,28.90
$IMU,26893.016,-0.366,0.000,-0.183,0.01611,1.01171,0.01660,28.90
$MAG,26893.019,-0.559,-0.507,-0.402,27.7
$IMU,26893.019,-0.366,0.000,-0.122,0.02001,1.01513,0.01562,28.91
$IMU,26893.021,-0.244,-0.061,-0.122,0.01953,1.01220,0.01416,28.91
$IMU,26893.023,-0.244,-0.122,-0.183,0.01855,1.01123,0.01611,28.91
$IMU,26893.026,-0.244,-0.061,-0.183,0.02050,1.01269,0.01562,28.91
$IMU,26893.028,-0.183,0.061,-0.305,0.01611,1.01074,0.01318,28.91
$MAG,26893.029,-0.564,-0.514,-0.408,27.7
$IMU,26893.030,-0.183,0.000,-0.305,0.01757,1.00927,0.01416,28.91
$IMU,26893.033,-0.122,-0.061,-0.305,0.01757,1.01025,0.01367,28.91
$IMU,26893.035,-0.183,-0.061,-0.183,0.01855,1.01025,0.01367,28.91
$IMU,26893.037,-0.183,-0.122,-0.122,0.01953,1.00830,0.01416,28.94
$MAG,26893.039,-0.558,-0.508,-0.402,27.7
$IMU,26893.040,-0.244,-0.122,0.000,0.01708,1.01269,0.01464,28.94
$IMU,26893.042,-0.183,-0.183,-0.122,0.01806,1.01220,0.01464,28.94
$IMU,26893.044,-0.244,-0.122,-0.183,0.01660,1.01464,0.01171,28.94
$IMU,26893.047,-0.305,-0.122,-0.183,0.01806,1.01220,0.01318,28.94
$MAG,26893.049,-0.559,-0.519,-0.397,27.6
$IMU,26893.049,-0.305,0.122,-0.244,0.01953,1.01708,0.01416,28.94
$IMU,26893.051,-0.305,-0.122,-0.183,0.01904,1.01513,0.01611,28.94
$IMU,26893.054,-0.305,-0.305,-0.183,0.02050,1.01513,0.01220,28.94
$IMU,26893.056,-0.366,-0.061,-0.244,0.02050,1.01464,0.01464,28.90
$IMU,26893.058,-0.488,-0.122,-0.183,0.01855,1.01318,0.01562,28.90
$MAG,26893.060,-0.556,-0.517,-0.399,27.7
$IMU,26893.061,-0.305,-0.183,-0.183,0.02001,1.01416,0.01416,28.90
$IMU,26893.063,-0.366,-0.061,-0.183,0.01367,1.01367,0.01464,28.90
$IMU,26893.065,-0.244,-0.122,-0.183,0.01416,1.01318,0.01171,28.90
$IMU,26893.068,-0.305,-0.122,-0.244,0.01416,1.01416,0.01464,28.90
$MAG,26893.070,-0.565,-0.520,-0.396,28.1
$IMU,26893.070,-0.305,-0.061,-0.183,0.02099,1.01318,0.01269,28.90
$IMU,26893.072,-0.244,-0.061,-0.122,0.01513,1.01367,0.01220,28.90
$IMU,26893.075,-0.305,-0.122,-0.122,0.01708,1.01123,0.01269,28.85
$IMU,26893.077,-0.244,0.061,0.000,0.02001,1.01025,0.01464,28.85
$MAG,26893.080,-0.574,-0.514,-0.399,27.8
$IMU,26893.080,-0.183,0.061,-0.061,0.01464,1.01318,0.01416,28.85
$BARO,26893.081,86859.33,28.76
$IMU,26893.082,-0.244,-0.122,-0.122,0.02001,1.00976,0.01269,28.85
$IMU,26893.084,-0.183,-0.122,-0.244,0.02001,1.01269,0.01416,28.85
$IMU,26893.087,-0.122,-0.183,-0.366,0.02246,1.01806,0.01367,28.85
$IMU,26893.089,-0.244,-0.183,-0.366,0.01806,1.01367,0.01416,28.85
$MAG,26893.090,-0.567,-0.514,-0.406,27.8
$IMU,26893.091,-0.244,-0.061,-0.305,0.01464,1.00830,0.01416,28.85
$IMU,26893.094,-0.305,0.061,-0.183,0.01416,1.01367,0.01318,28.92
$IMU,26893.096,-0.183,-0.183,-0.122,0.01611,1.01513,0.01269,28.92
$IMU,26893.098,-0.183,-0.244,-0.244,0.01708,1.01416,0.01513,28.92
$MAG,26893.100,-0.559,-0.511,-0.405,27.8
$IMU,26893.101,-0.305,-0.122,-0.122,0.01660,1.01513,0.01123,28.92
$IMU,26893.103,-0.366,0.000,-0.183,0.01660,1.01562,0.01123,28.92
$IMU,26893.105,-0.366,-0.122,-0.122,0.01757,1.01660,0.01220,28.92
$IMU,26893.108,-0.427,0.122,-0.061,0.01806,1.01708,0.01416,28.92
$MAG,26893.110,-0.568,-0.517,-0.400,27.7
$IMU,26893.110,-0.427,-0.122,-0.183,0.01757,1.01367,0.01318,28.92
$IMU,26893.112,-0.549,-0.122,-0.244,0.01855,1.01171,0.01562,28.93
$IMU,26893.115,-0.549,-0.122,-0.305,0.01953,1.01513,0.01220,28.93
$IMU,26893.117,-0.610,0.061,-0.305,0.01855,1.01025,0.01416,28.93
$IMU,26893.119,-0.732,0.183,-0.183,0.01953,1.01074,0.01220,28.93
$MAG,26893.120,-0.562,-0.517,-0.402,27.7
$IMU,26893.122,-0.610,-0.122,-0.061,0.01660,1.01318,0.01171,28.93
$IMU,26893.124,-0.610,-0.183,-0.061,0.01708,1.01318,0.01171,28.93
$IMU,26893.126,-0.610,-0.244,0.061,0.01904,1.01318,0.01123,28.93
$IMU,26893.129,-0.671,-0.183,0.061,0.02050,1.01123,0.01464,28.93
$MAG,26893.130,-0.559,-0.528,-0.402,28.0
$IMU,26893.131,-0.671,-0.061,0.061,0.02148,1.00830,0.01513,28.90
$IMU,26893.133,-0.671,0.000,-0.122,0.01953,1.01220,0.01318,28.90
$IMU,26893.136,-0.671,-0.122,-0.244,0.02197,1.01367,0.01513,28.90
$IMU,26893.138,-0.488,-0.183,-0.366,0.01464,1.01123,0.01513,28.90
$MAG,26893.140,-0.562,-0.514,-0.402,27.8
$IMU,26893.140,-0.488,-0.061,-0.427,0.01904,1.00732,0.01367,28.90
$IMU,26893.143,-0.488,0.061,-0.305,0.02001,1.01464,0.01416,28.90
$IMU,26893.145,-0.427,0.000,-0.183,0.01660,1.00976,0.01318,28.90
$IMU,26893.148,-0.305,-0.061,0.000,0.01708,1.01074,0.01416,28.90
$MAG,26893.150,-0.567,-0.516,-0.406,27.7
$IMU,26893.150,-0.366,-0.061,0.000,0.01953,1.00878,0.01416,28.90
$IMU,26893.152,-0.305,-0.122,-0.061,0.01904,1.01074,0.01318,28.90
$IMU,26893.155,-0.183,-0.061,-0.061,0.02197,1.01318,0.01513,28.90
$IMU,26893.157,-0.366,0.122,0.000,0.02050,1.01269,0.01660,28.90
$IMU,26893.159,-0.366,0.122,-0.183,0.02001,1.00976,0.01464,28.90
$MAG,26893.161,-0.562,-0.519,-0.408,27.7
$IMU,26893.162,-0.366,-0.183,-0.305,0.02197,1.00732,0.01367,28.90
$IMU,26893.164,-0.366,-0.122,-0.305,0.02001,1.00927,0.01562,28.90
$IMU,26893.166,-0.427,-0.061,-0.305,0.02050,1.01269,0.01367,28.90
$IMU,26893.169,-0.488,0.000,-0.305,0.01904,1.01416,0.01367,28.94
$MAG,26893.171,-0.565,-0.513,-0.406,27.7
$IMU,26893.171,-0.427,-0.061,-0.244,0.02197,1.01171,0.01416,28.94
$IMU,26893.173,-0.549,-0.122,-0.183,0.01660,1.00927,0.01220,28.94
$IMU,26893.176,-0.610,-0.122,-0.061,0.01855,1.01367,0.01562,28.94
$IMU,26893.178,-0.671,0.000,-0.061,0.01806,1.01123,0.01416,28.94
$IMU,26893.180,-0.732,0.000,-0.122,0.02246,1.01269,0.01757,28.94
$MAG,26893.181,-0.559,-0.516,-0.406,27.7
$BARO,26893.183,86862.75,28.76
$IMU,26893.183,-0.793,0.000,-0.122,0.02001,1.01220,0.01708,28.94
$IMU,26893.185,-0.671,-0.061,-0.183,0.02148,1.01318,0.01708,28.94
$IMU,26893.187,-0.732,-0.061,-0.244,0.01953,1.01269,0.01611,28.92
$IMU,26893.190,-0.671,-0.122,-0.244,0.01904,1.01074,0.01367,28.92
$MAG,26893.191,-0.565,-0.513,-0.405,27.6
$IMU,26893.192,-0.610,-0.122,-0.183,0.02148,1.01269,0.01562,28.92
$IMU,26893.194,-0.610,0.000,-0.183,0.01904,1.01318,0.01513,28.92
$IMU,26893.197,-0.610,-0.061,-0.183,0.01904,1.01513,0.01660,28.92
$IMU,26893.199,-0.610,-0.122,-0.183,0.01757,1.01416,0.01464,28.92
$MAG,26893.201,-0.564,-0.523,-0.396,27.7
$IMU,26893.201,-0.488,-0.122,-0.183,0.02001,1.01416,0.01806,28.92
$IMU,26893.204,-0.488,-0.122,-0.183,0.01953,1.01220,0.01611,28.92
$IMU,26893.206,-0.488,-0.061,-0.183,0.01708,1.01464,0.01757,28.93
$IMU,26893.209,-0.366,0.000,-0.183,0.01562,1.00976,0.01855,28.93
$MAG,26893.211,-0.558,-0.519,-0.396,27.7
$IMU,26893.211,-0.366,-0.122,-0.305,0.01562,1.01171,0.01660,28.93
$IMU,26893.213,-0.244,-0.244,-0.244,0.01611,1.01416,0.01660,28.93
$IMU,26893.216,-0.305,-0.061,-0.122,0.02001,1.01074,0.01611,28.93
$IMU,26893.218,-0.366,0.122,-0.122,0.01660,1.01123,0.01855,28.93
$IMU,26893.220,-0.366,0.061,-0.122,0.01757,1.01416,0.01562,28.93
$MAG,26893.221,-0.562,-0.522,-0.408,27.7
$IMU,26893.223,-0.305,0.122,0.000,0.02050,1.01318,0.01562,28.93
$IMU,26893.225,-0.061,-0.061,-0.122,0.02197,1.00830,0.01318,28.95
$IMU,26893.227,0.061,-0.122,-0.122,0.02294,1.01123,0.01464,28.95
$IMU,26893.230,0.061,-0.061,-0.061,0.02343,1.01318,0.01562,28.95
$MAG,26893.231,-0.565,-0.513,-0.402,27.7
$TIME,26893.231,510808.000,2399
$IMU,26893.232,0.061,0.000,-0.183,0.02099,1.01757,0.01318,28.95
$IMU,26893.234,0.122,-0.122,-0.305,0.02099,1.01562,0.01464,28.95
$IMU,26893.237,0.000,0.061,-0.366,0.01855,1.01367,0.01318,28.95
$IMU,26893.239,0.122,0.000,-0.488,0.01757,1.01367,0.01513,28.95
$MAG,26893.241,-0.562,-0.510,-0.397,27.8
$IMU,26893.241,0.244,-0.183,-0.488,0.01757,1.01220,0.01513,28.95
$IMU,26893.244,0.305,-0.122,-0.305,0.01562,1.01025,0.01513,28.87
$IMU,26893.246,0.305,-0.183,-0.122,0.01708,1.01416,0.01416,28.87
$IMU,26893.248,0.305,-0.122,-0.122,0.01562,1.01367,0.01123,28.87
$MAG,26893.251,-0.564,-0.519,-0.400,27.6
$IMU,26893.251,0.427,0.000,0.000,0.01806,1.00976,0.01269,28.87
$IMU,26893.253,0.488,-0.061,-0.061,0.01953,1.01318,0.01611,28.87
$IMU,26893.255,0.366,-0.122,-0.061,0.02001,1.01611,0.01367,28.87
$IMU,26893.258,0.244,0.122,-0.183,0.02050,1.01708,0.01171,28.87
$IMU,26893.260,0.183,0.000,-0.366,0.01904,1.01416,0.00976,28.87
$MAG,26893.261,-0.565,-0.516,-0.400,27.7
$IMU,26893.262,0.061,0.000,-0.427,0.01562,1.01464,0.00878,28.95
$IMU,26893.265,0.122,0.000,-0.427,0.01562,1.01269,0.01123,28.95
$IMU,26893.267,-0.122,0.000,-0.488,0.01318,1.00927,0.01220,28.95
$IMU,26893.270,-0.549,-0.061,-0.366,0.01464,1.00927,0.01269,28.95
$MAG,26893.272,-0.559,-0.511,-0.402,27.6
$IMU,26893.272,-0.793,0.000,-0.183,0.01171,1.00878,0.01367,28.95
$IMU,26893.274,-0.915,0.061,0.122,0.01269,1.00585,0.01123,28.95
$IMU,26893.277,-0.793,-0.244,0.366,0.02050,1.00683,0.00781,28.95
$IMU,26893.279,-0.793,-0.183,0.549,0.02246,1.01220,0.00683,28.95
$IMU,26893.281,-0.915,0.000,0.488,0.02587,1.01318,0.01171,28.90
$MAG,26893.282,-0.570,-0.513,-0.409,27.8
$BARO,26893.284,86867.18,28.76
$IMU,26893.284,-0.915,-0.061,0.305,0.02685,1.01513,0.01074,28.90
$IMU,26893.286,-0.915,-0.061,-0.061,0.02587,1.01611,0.00976,28.90
$IMU,26893.288,-0.915,0.000,-0.549,0.02490,1.01708,0.01025,28.90
$IMU,26893.291,-0.854,-0.183,-0.732,0.02343,1.01611,0.01367,28.90
$MAG,26893.292,-0.565,-0.513,-0.409,27.7
$IMU,26893.293,-0.793,-0.183,-0.732,0.02001,1.01513,0.01318,28.90
$IMU,26893.295,-0.793,0.000,-0.488,0.02001,1.01318,0.01171,28.90
$IMU,26893.298,-0.732,0.000,-0.183,0.01416,1.01513,0.01416,28.90
$IMU,26893.300,-0.610,-0.061,0.122,0.01367,1.01416,0.01367,28.94
$MAG,26893.302,-0.565,-0.514,-0.400,27.7
$IMU,26893.302,-0.488,0.000,0.183,0.01611,1.01562,0.01220,28.94
$IMU,26893.305,-0.488,-0.122,0.061,0.01904,1.01171,0.01367,28.94
$IMU,26893.307,-0.549,0.000,-0.061,0.01660,1.01416,0.01269,28.94
$IMU,26893.309,-0.488,0.000,-0.183,0.01855,1.01220,0.01416,28.94
$MAG,26893.312,-0.567,-0.517,-0.411,27.7
$IMU,26893.312,-0.366,-0.061,-0.305,0.02050,1.01074,0.01464,28.94
$IMU,26893.314,-0.366,0.000,-0.305,0.01757,1.00683,0.01074,28.94
$IMU,26893.316,-0.244,0.061,-0.244,0.02148,1.00585,0.01025,28.94
$IMU,26893.319,-0.183,-0.183,-0.183,0.02197,1.00878,0.01416,28.89
$IMU,26893.321,-0.183,-0.122,-0.122,0.02001,1.00878,0.01416,28.89
$MAG,26893.322,-0.567,-0.516,-0.399,27.7
$IMU,26893.323,-0.305,0.000,-0.122,0.02050,1.00732,0.01416,28.89
$IMU,26893.326,-0.366,-0.122,-0.183,0.02050,1.00878,0.01660,28.89
$IMU,26893.328,-0.305,-0.244,-0.305,0.01806,1.01318,0.01416,28.89
$IMU,26893.331,-0.427,-0.122,-0.366,0.01708,1.01269,0.01513,28.89
$MAG,26893.332,-0.559,-0.517,-0.403,27.8
$IMU,26893.333,-0.488,-0.122,-0.427,0.01855,1.01269,0.01513,28.89
$IMU,26893.335,-0.488,0.000,-0.305,0.01708,1.01367,0.01611,28.89
$IMU,26893.338,-0.427,-0.061,-0.244,0.01464,1.01318,0.01611,28.91
$IMU,26893.340,-0.488,-0.061,-0.122,0.01855,1.01318,0.01220,28.91
$MAG,26893.342,-0.561,-0.520,-0.408,27.8
$IMU,26893.342,-0.488,-0.061,0.000,0.02343,1.01367,0.01171,28.91
$IMU,26893.345,-0.549,-0.183,0.122,0.02148,1.01562,0.01464,28.91
$IMU,26893.347,-0.671,0.000,0.000,0.02246,1.01611,0.01318,28.91
$IMU,26893.349,-0.732,-0.122,-0.244,0.02050,1.01464,0.01562,28.91
$MAG,26893.352,-0.574,-0.516,-0.403,28.0
$IMU,26893.352,-0.793,-0.061,-0.427,0.01806,1.01416,0.01464,28.91
$IMU,26893.354,-0.732,-0.183,-0.427,0.01513,1.01367,0.01513,28.91
$IMU,26893.356,-0.732,-0.122,-0.366,0.01806,1.01171,0.01708,28.89
$IMU,26893.359,-0.793,0.000,-0.305,0.01464,1.01123,0.01757,28.89
$IMU,26893.361,-0.671,-0.061,-0.244,0.01416,1.01123,0.01562,28.89
$MAG,26893.362,-0.573,-0.513,-0.403,27.7
$IMU,26893.363,-0.549,-0.183,-0.061,0.01757,1.00732,0.01562,28.89
$IMU,26893.366,-0.549,0.000,0.061,0.01513,1.01123,0.01562,28.89
$IMU,26893.368,-0.488,-0.061,0.061,0.01611,1.01269,0.01757,28.89
$IMU,26893.370,-0.427,0.000,0.000,0.01806,1.01513,0.01611,28.89
$MAG,26893.372,-0.565,-0.511,-0.397,27.7
$IMU,26893.373,-0.427,0.000,-0.122,0.01708,1.01220,0.01757,28.89
$IMU,26893.375,-0.488,-0.122,-0.305,0.01708,1.01220,0.01806,28.92
$IMU,26893.377,-0.488,-0.061,-0.366,0.01806,1.01171,0.01660,28.92
$IMU,26893.380,-0.488,-0.061,-0.427,0.01904,1.01269,0.01464,28.92
$IMU,26893.382,-0.549,-0.061,-0.366,0.01855,1.01367,0.01708,28.92
$MAG,26893.383,-0.567,-0.514,-0.411,27.7
$IMU,26893.384,-0.549,0.061,-0.305,0.01513,1.01464,0.01708,28.92
$BARO,26893.386,86875.03,28.76
$IMU,26893.387,-0.488,-0.061,-0.061,0.01660,1.01123,0.01708,28.92
$IMU,26893.389,-0.488,-0.122,0.122,0.01953,1.00878,0.01757,28.92
$IMU,26893.392,-0.366,-0.122,0.305,0.02197,1.01269,0.01660,28.92
$MAG,26893.393,-0.565,-0.516,-0.397,27.7
$IMU,26893.394,-0.244,-0.122,0.427,0.02685,1.01660,0.01464,28.89
$IMU,26893.396,-0.244,0.000,0.305,0.02978,1.01708,0.01562,28.89
$IMU,26893.399,-0.244,-0.061,0.122,0.02587,1.01416,0.01806,28.89
$IMU,26893.401,-0.122,-0.122,-0.305,0.02441,1.01464,0.01367,28.89
$MAG,26893.403,-0.573,-0.517,-0.402,27.8
$IMU,26893.403,-0.061,-0.122,-0.610,0.02099,1.01464,0.01513,28.89
$IMU,26893.406,0.061,-0.061,-0.671,0.02148,1.01367,0.01611,28.89
$IMU,26893.408,0.061,0.061,-0.549,0.01708,1.01074,0.01562,28.89
$IMU,26893.410,0.183,0.061,-0.305,0.01855,1.01513,0.01318,28.89
$MAG,26893.413,-0.570,-0.511,-0.406,27.7
$IMU,26893.413,0.305,-0.122,-0.061,0.01416,1.01318,0.01318,28.92
$IMU,26893.415,0.427,-0.244,0.061,0.01464,1.01464,0.01464,28.92
$IMU,26893.417,0.488,-0.122,0.061,0.01513,1.01318,0.01269,28.92
$IMU,26893.420,0.549,-0.061,-0.061,0.01855,1.01123,0.01074,28.92
$IMU,26893.422,0.549,-0.061,-0.183,0.01806,1.01513,0.01220,28.92
$MAG,26893.423,-0.564,-0.519,-0.396,27.6
$IMU,26893.424,0.488,0.061,-0.305,0.01611,1.01220,0.01367,28.92
$IMU,26893.427,0.488,-0.122,-0.366,0.01904,1.00927,0.01562,28.92
$IMU,26893.429,0.549,-0.183,-0.427,0.01953,1.00927,0.01220,28.92
$IMU,26893.431,0.366,-0.122,-0.305,0.01904,1.00976,0.01171,28.92
$MAG,26893.433,-0.564,-0.516,-0.405,27.7
$IMU,26893.434,0.061,-0.122,-0.244,0.02099,1.00878,0.01367,28.92
$IMU,26893.436,-0.305,-0.061,-0.244,0.01904,1.01171,0.01171,28.92
$IMU,26893.438,-0.427,-0.061,-0.244,0.01708,1.01123,0.00830,28.92
$IMU,26893.441,-0.610,0.000,-0.427,0.01708,1.01220,0.01123,28.92
$MAG,26893.443,-0.564,-0.525,-0.399,27.7
$IMU,26893.443,-0.671,0.000,-0.427,0.01611,1.00976,0.01025,28.92
$IMU,26893.445,-0.732,-0.061,-0.366,0.01269,1.00976,0.01269,28.92
$IMU,26893.448,-0.976,-0.061,-0.183,0.01464,1.00878,0.01269,28.92
$IMU,26893.450,-1.098,-0.061,0.061,0.01513,1.00732,0.01123,28.92
$MAG,26893.453,-0.561,-0.523,-0.402,27.6
$IMU,26893.453,-1.159,-0.122,0.244,0.02099,1.00830,0.01269,28.92
$IMU,26893.455,-1.220,-0.122,0.305,0.02294,1.01367,0.01269,28.92
$IMU,26893.457,-1.220,-0.183,0.061,0.02246,1.02001,0.01220,28.92
$IMU,26893.460,-1.342,-0.061,-0.122,0.02197,1.01806,0.01513,28.92
$IMU,26893.462,-1.342,-0.122,-0.305,0.02148,1.01513,0.01318,28.92
$MAG,26893.463,-0.568,-0.514,-0.402,27.7
$IMU,26893.464,-1.281,0.061,-0.366,0.02001,1.01416,0.01416,28.92
$IMU,26893.467,-1.159,-0.183,-0.427,0.01953,1.01611,0.01562,28.92
$IMU,26893.469,-1.159,-0.244,-0.305,0.02099,1.01171,0.01660,28.91
$IMU,26893.471,-1.037,-0.061,-0.122,0.01660,1.01367,0.01708,28.91
$MAG,26893.473,-0.564,-0.511,-0.405,27.7
$IMU,26893.474,-1.037,-0.061,-0.061,0.01464,1.01513,0.01660,28.91
$IMU,26893.476,-0.915,-0.122,0.000,0.01416,1.01269,0.01611,28.91
$IMU,26893.478,-0.732,0.000,0.000,0.01708,1.01855,0.01611,28.91
$IMU,26893.481,-0.610,-0.061,-0.061,0.01513,1.01708,0.01660,28.91
$MAG,26893.483,-0.559,-0.519,-0.409,27.8
$IMU,26893.483,-0.488,-0.183,-0.061,0.01806,1.01708,0.01953,28.91
$IMU,26893.485,-0.366,-0.122,0.000,0.01806,1.01025,0.01855,28.91
$BARO,26893.487,86866.23,28.76
$IMU,26893.488,-0.366,0.061,-0.122,0.02197,1.01269,0.01806,28.89
$IMU,26893.490,-0.305,-0.061,-0.183,0.01904,1.01269,0.01708,28.89
$IMU,26893.492,-0.183,-0.061,-0.305,0.01660,1.01025,0.01660,28.89
$MAG,26893.493,-0.562,-0.520,-0.399,27.7
$IMU,26893.495,-0.122,-0.061,-0.366,0.01904,1.00830,0.01367,28.89
$IMU,26893.497,0.061,-0.244,-0.427,0.02050,1.00878,0.01904,28.89
$IMU,26893.499,0.000,-0.122,-0.366,0.01416,1.01269,0.01611,28.89
$IMU,26893.502,0.000,-0.061,-0.122,0.01562,1.01074,0.01562,28.89
$MAG,26893.504,-0.567,-0.517,-0.402,27.7
$IMU,26893.504,-0.183,0.061,-0.122,0.01611,1.01269,0.01953,28.89
$IMU,26893.506,-0.122,-0.183,-0.183,0.01660,1.00927,0.01806,28.89
$IMU,26893.509,-0.183,-0.122,-0.244,0.01757,1.01416,0.01953,28.89
$IMU,26893.511,-0.305,0.000,-0.305,0.01513,1.01318,0.01757,28.89
$MAG,26893.514,-0.568,-0.523,-0.397,27.7
$IMU,26893.514,-0.427,0.122,-0.183,0.01855,1.01220,0.01660,28.89
$IMU,26893.516,-0.427,0.000,0.000,0.02050,1.01025,0.01953,28.89
$IMU,26893.518,-0.488,-0.122,0.305,0.02636,1.01123,0.01416,28.89
$IMU,26893.521,-0.610,0.000,0.427,0.02490,1.01220,0.01464,28.89
$IMU,26893.523,-0.549,-0.122,0.366,0.02734,1.01367,0.01562,28.89
$MAG,26893.524,-0.555,-0.514,-0.415,27.8
$IMU,26893.525,-0.610,0.000,0.244,0.02392,1.01416,0.01416,28.94
$IMU,26893.528,-0.549,0.000,-0.183,0.02587,1.01611,0.01464,28.94
$IMU,26893.530,-0.610,-0.061,-0.366,0.02197,1.02099,0.01513,28.94
$IMU,26893.532,-0.549,-0.122,-0.549,0.02050,1.01123,0.01464,28.94
$MAG,26893.534,-0.559,-0.528,-0.400,27.6
$IMU,26893.535,-0.610,0.000,-0.671,0.01904,1.01660,0.01562,28.94
$IMU,26893.537,-0.610,0.061,-0.549,0.01562,1.01513,0.01513,28.94
$IMU,26893.539,-0.427,-0.061,-0.366,0.01513,1.01367,0.01855,28.94
$IMU,26893.542,-0.244,-0.122,0.000,0.01562,1.01269,0.01660,28.94
$MAG,26893.544,-0.564,-0.510,-0.394,27.6
$IMU,26893.544,-0.183,-0.061,0.183,0.01611,1.01269,0.01660,28.89
$IMU,26893.546,-0.122,-0.244,0.244,0.01904,1.01464,0.01464,28.89
$IMU,26893.549,-0.061,-0.183,0.122,0.02197,1.01513,0.01562,28.89
$IMU,26893.551,0.061,-0.061,0.000,0.02099,1.01416,0.01464,28.89
$IMU,26893.553,0.122,0.000,-0.183,0.02441,1.01464,0.01269,28.89
$MAG,26893.554,-0.571,-0.514,-0.406,28.0
$IMU,26893.556,0.122,0.000,-0.305,0.02148,1.01220,0.01513,28.89
$IMU,26893.558,0.244,-0.122,-0.610,0.02148,1.00830,0.01513,28.89
$IMU,26893.560,0.061,-0.061,-0.671,0.02148,1.00683,0.01562,28.89
$IMU,26893.563,0.061,-0.061,-0.671,0.01660,1.00976,0.01757,28.90
$MAG,26893.564,-0.556,-0.523,-0.402,27.6
$IMU,26893.565,-0.061,-0.183,-0.488,0.01562,1.00781,0.01611,28.90
$IMU,26893.567,-0.122,-0.122,-0.427,0.01611,1.01269,0.01757,28.90
$IMU,26893.570,-0.122,-0.122,-0.305,0.01220,1.01171,0.01464,28.90
$IMU,26893.572,-0.061,-0.183,-0.122,0.01318,1.00927,0.01513,28.90
$IMU,26893.575,0.061,-0.061,-0.122,0.01220,1.01123,0.01416,28.90
$MAG,26893.574,-0.562,-0.513,-0.399,27.7
$IMU,26893.577,0.000,0.061,-0.061,0.01611,1.01123,0.01464,28.90
$IMU,26893.579,-0.122,0.000,0.061,0.01855,1.01074,0.01416,28.90
$IMU,26893.582,-0.061,-0.122,0.000,0.01904,1.01025,0.01123,28.93
$MAG,26893.584,-0.570,-0.513,-0.396,27.6
$IMU,26893.584,-0.061,0.000,-0.183,0.01904,1.01269,0.01318,28.93
$IMU,26893.586,0.122,-0.305,-0.244,0.02197,1.01416,0.01074,28.93
$BARO,26893.588,86862.55,28.76
$IMU,26893.589,-0.122,0.000,-0.366,0.02001,1.01318,0.01464,28.93
$IMU,26893.591,-0.122,-0.061,-0.366,0.01757,1.01318,0.00976,28.93
$IMU,26893.593,-0.122,-0.244,-0.427,0.01464,1.01220,0.01171,28.93
$MAG,26893.594,-0.574,-0.513,-0.399,27.7
$IMU,26893.596,-0.183,-0.061,-0.366,0.01660,1.01562,0.01171,28.93
$IMU,26893.598,-0.183,-0.061,-0.366,0.01123,1.02050,0.00732,28.93
$IMU,26893.600,-0.061,-0.183,-0.244,0.01416,1.01611,0.01025,28.92
$IMU,26893.603,-0.061,0.000,-0.061,0.01562,1.01464,0.01367,28.92
$MAG,26893.605,-0.564,-0.514,-0.400,27.7
$IMU,26893.605,-0.061,-0.122,0.061,0.01416,1.01855,0.01171,28.92
$IMU,26893.607,-0.061,-0.244,0.122,0.01904,1.01806,0.00927,28.92
$IMU,26893.610,-0.122,-0.183,0.061,0.02050,1.01416,0.00732,28.92
$IMU,26893.612,-0.244,-0.122,0.000,0.01904,1.01757,0.01171,28.92
$IMU,26893.614,-0.244,-0.183,-0.122,0.01708,1.01904,0.01269,28.92
$MAG,26893.615,-0.573,-0.513,-0.403,27.7
$IMU,26893.617,-0.305,0.000,-0.183,0.02050,1.01562,0.00976,28.92
$IMU,26893.619,-0.244,-0.244,-0.244,0.01611,1.01416,0.00781,28.92
$IMU,26893.621,-0.305,-0.305,-0.244,0.01562,1.01269,0.01025,28.92
$IMU,26893.624,-0.427,-0.061,-0.305,0.02001,1.01220,0.01220,28.92
$MAG,26893.625,-0.568,-0.516,-0.400,27.8
$IMU,26893.626,-0.488,0.000,-0.244,0.01806,1.01171,0.01171,28.92
$IMU,26893.628,-0.610,-0.061,-0.244,0.01953,1.00878,0.01220,28.92
$IMU,26893.631,-0.610,-0.061,-0.061,0.01513,1.00830,0.01123,28.92
$IMU,26893.633,-0.793,-0.061,-0.122,0.01855,1.01220,0.01269,28.92
$MAG,26893.635,-0.565,-0.517,-0.409,27.7
$IMU,26893.635,-0.732,-0.305,-0.183,0.02001,1.00634,0.01464,28.92
$IMU,26893.638,-0.854,-0.122,-0.122,0.01855,1.00634,0.01513,28.94
$IMU,26893.640,-0.915,-0.061,-0.061,0.01562,1.00781,0.01269,28.94
$IMU,26893.643,-0.976,-0.183,-0.122,0.02050,1.00781,0.01513,28.94
$MAG,26893.645,-0.562,-0.516,-0.396,27.7
$IMU,26893.645,-1.037,0.061,-0.061,0.01806,1.00781,0.01562,28.94
$IMU,26893.647,-0.976,-0.061,0.000,0.02050,1.00732,0.01513,28.94
$IMU,26893.650,-1.037,0.000,0.000,0.02343,1.00976,0.01513,28.94
$IMU,26893.652,-1.037,0.061,-0.061,0.01953,1.00976,0.01611,28.94
$IMU,26893.654,-0.976,0.000,-0.122,0.01757,1.01025,0.01660,28.94
$MAG,26893.655,-0.577,-0.516,-0.399,27.7
$IMU,26893.657,-0.976,-0.061,-0.183,0.01806,1.01318,0.01562,28.94
$IMU,26893.659,-0.854,-0.122,-0.122,0.01660,1.01269,0.01757,28.94
$IMU,26893.661,-0.732,-0.183,-0.183,0.01562,1.01367,0.01708,28.94
$IMU,26893.664,-0.671,0.000,-0.122,0.01611,1.01611,0.01855,28.94
$MAG,26893.665,-0.558,-0.516,-0.403,27.7
$IMU,26893.666,-0.671,-0.061,-0.061,0.02099,1.01318,0.01904,28.94
$IMU,26893.668,-0.610,0.000,0.000,0.02148,1.01171,0.01757,28.94
$IMU,26893.671,-0.427,-0.183,0.000,0.02099,1.01513,0.01708,28.94
$IMU,26893.673,-0.427,0.000,-0.061,0.02099,1.01757,0.01660,28.94
$MAG,26893.675,-0.559,-0.517,-0.400,27.6
$IMU,26893.675,-0.305,-0.061,-0.122,0.02539,1.01660,0.01708,28.90
$VBAT,26893.677,4.119
$IMU,26893.678,-0.305,0.000,-0.183,0.02197,1.02099,0.01757,28.90
$IMU,26893.680,-0.122,-0.122,-0.305,0.02246,1.01562,0.02001,28.90
$IMU,26893.682,-0.122,-0.061,-0.244,0.01855,1.01562,0.01757,28.90
$MAG,26893.685,-0.559,-0.514,-0.400,27.7
$IMU,26893.685,-0.061,-0.061,-0.244,0.02050,1.01318,0.01953,28.90
$IMU,26893.687,0.000,-0.122,-0.244,0.01806,1.01220,0.01562,28.90
$IMU,26893.689,0.061,0.061,-0.305,0.01757,1.01367,0.01611,28.90
$BARO,26893.690,86862.70,28.77
$IMU,26893.692,0.244,-0.122,-0.244,0.01562,1.01318,0.01562,28.90
$IMU,26893.694,0.427,-0.061,-0.366,0.01513,1.01367,0.01464,28.96
$MAG,26893.695,-0.559,-0.510,-0.400,27.8
$IMU,26893.696,0.488,-0.122,-0.244,0.01513,1.01123,0.01660,28.96
$IMU,26893.699,0.549,-0.244,-0.244,0.01611,1.00830,0.01562,28.96
$IMU,26893.701,0.549,-0.122,-0.183,0.01904,1.00927,0.01562,28.96
$IMU,26893.704,0.549,0.000,-0.183,0.01855,1.01025,0.01464,28.96
$MAG,26893.705,-0.567,-0.510,-0.405,27.7
$IMU,26893.706,0.549,0.061,-0.183,0.01611,1.01025,0.01464,28.96
$IMU,26893.708,0.610,-0.122,-0.244,0.01757,1.01123,0.01171,28.96
$IMU,26893.711,0.671,-0.122,-0.244,0.01660,1.01123,0.01220,28.96
$IMU,26893.713,0.488,0.000,-0.305,0.01708,1.01220,0.00878,28.92
$IMU,26893.715,0.427,0.000,-0.244,0.01757,1.01171,0.01171,28.92
$MAG,26893.716,-0.573,-0.523,-0.403,27.7
$IMU,26893.718,0.549,-0.061,-0.244,0.01953,1.01269,0.01123,28.92
$IMU,26893.720,0.366,-0.061,-0.183,0.01855,1.01269,0.00878,28.92
$IMU,26893.722,0.244,-0.122,-0.122,0.01513,1.01367,0.00927,28.92
$IMU,26893.725,0.000,0.000,-0.061,0.01660,1.01513,0.00976,28.92
$MAG,26893.726,-0.565,-0.520,-0.414,27.7
$IMU,26893.727,-0.122,-0.061,-0.122,0.01562,1.01513,0.01025,28.92
$IMU,26893.729,-0.183,-0.122,-0.183,0.02099,1.01513,0.01025,28.92
$IMU,26893.732,-0.427,-0.061,-0.122,0.02148,1.01269,0.01269,28.93
$IMU,26893.734,-0.671,-0.061,-0.122,0.01953,1.01757,0.01269,28.93
$MAG,26893.736,-0.570,-0.516,-0.399,27.6
$IMU,26893.736,-0.854,-0.183,-0.183,0.02001,1.01367,0.00927,28.93
$IMU,26893.739,-1.159,0.000,-0.122,0.02050,1.01318,0.01269,28.93
$IMU,26893.741,-1.220,0.000,-0.183,0.02001,1.01757,0.01269,28.93
$IMU,26893.743,-1.464,0.183,-0.244,0.01855,1.01513,0.01367,28.93
$MAG,26893.746,-0.565,-0.516,-0.402,27.6
$IMU,26893.746,-1.464,-0.122,-0.244,0.01904,1.01269,0.01171,28.93
$IMU,26893.748,-1.586,-0.183,-0.183,0.01611,1.00830,0.01367,28.93
$IMU,26893.750,-1.708,0.000,0.000,0.01660,1.00878,0.01660,28.95
$IMU,26893.753,-1.708,-0.183,0.061,0.01367,1.00488,0.01464,28.95
$IMU,26893.755,-1.708,-0.122,0.122,0.01806,1.00634,0.01562,28.95
$MAG,26893.756,-0.555,-0.517,-0.402,27.6
$IMU,26893.757,-1.831,0.061,0.183,0.01904,1.01367,0.01757,28.95
$IMU,26893.760,-1.770,-0.061,0.122,0.01611,1.01025,0.01855,28.95
$IMU,26893.762,-1.586,-0.122,0.061,0.01806,1.01171,0.01757,28.95
$IMU,26893.765,-1.525,-0.183,0.061,0.02099,1.00781,0.01757,28.95
$MAG,26893.766,-0.573,-0.514,-0.408,28.0
$IMU,26893.767,-1.525,0.061,0.000,0.02392,1.01123,0.02148,28.95
$IMU,26893.769,-1.220,0.000,0.000,0.02148,1.00927,0.01855,28.91
$IMU,26893.772,-1.037,-0.122,0.000,0.01953,1.01220,0.01660,28.91
$IMU,26893.774,-0.854,-0.183,-0.061,0.02197,1.01318,0.02148,28.91
$MAG,26893.776,-0.558,-0.519,-0.409,28.1
$IMU,26893.776,-0.671,-0.183,-0.061,0.01953,1.01562,0.02050,28.91
$IMU,26893.779,-0.488,-0.183,-0.183,0.02294,1.01660,0.01806,28.91
$IMU,26893.781,-0.305,-0.183,-0.244,0.02148,1.01416,0.02001,28.91
$IMU,26893.783,-0.122,-0.183,-0.244,0.02197,1.01220,0.01953,28.91
$MAG,26893.786,-0.567,-0.510,-0.405,27.8
$IMU,26893.786,0.244,-0.122,-0.244,0.02294,1.01123,0.02050,28.91
$IMU,26893.788,0.427,-0.122,-0.244,0.02441,1.01318,0.01904,28.93
$IMU,26893.790,0.549,-0.122,-0.183,0.02490,1.01318,0.02294,28.93
$BARO,26893.791,86871.76,28.77
$IMU,26893.793,0.610,-0.122,-0.244,0.02050,1.01464,0.01953,28.93
$IMU,26893.795,0.610,0.000,-0.305,0.02050,1.01269,0.01855,28.93
$MAG,26893.796,-0.559,-0.514,-0.402,27.7
$IMU,26893.797,0.793,-0.183,-0.427,0.01953,1.01367,0.01611,28.93
$IMU,26893.800,0.915,0.000,-0.549,0.02050,1.01416,0.01708,28.93
$IMU,26893.802,0.915,0.000,-0.549,0.01904,1.01269,0.01708,28.93
$IMU,26893.804,1.037,-0.122,-0.427,0.01513,1.00927,0.01562,28.93
$MAG,26893.806,-0.570,-0.523,-0.403,27.8
$IMU,26893.807,0.976,0.000,-0.305,0.01611,1.00976,0.01660,28.92
$IMU,26893.809,1.037,-0.061,-0.183,0.01416,1.00976,0.01513,28.92
$IMU,26893.811,1.037,-0.183,-0.244,0.01416,1.00976,0.01416,28.92
$IMU,26893.814,0.976,-0.305,-0.366,0.01367,1.01074,0.01513,28.92
$MAG,26893.816,-0.571,-0.513,-0.403,27.7
$IMU,26893.816,0.793,-0.122,-0.366,0.01562,1.01123,0.01367,28.92
$IMU,26893.818,0.549,0.061,-0.366,0.01416,1.01074,0.01123,28.92
$IMU,26893.821,0.549,-0.122,-0.122,0.01660,1.00781,0.01171,28.92
$IMU,26893.823,0.549,-0.122,0.122,0.02001,1.00878,0.01025,28.92
$IMU,26893.826,0.366,-0.122,0.244,0.02246,1.01464,0.01269,28.96
$MAG,26893.827,-0.567,-0.517,-0.393,27.7
$IMU,26893.828,0.183,-0.122,0.305,0.02246,1.01318,0.01074,28.96
$IMU,26893.830,-0.122,0.122,0.244,0.02099,1.01464,0.01123,28.96
$IMU,26893.833,-0.244,0.000,0.000,0.02148,1.01464,0.01025,28.96
$IMU,26893.835,-0.427,0.061,-0.305,0.02246,1.01855,0.01171,28.96
$MAG,26893.837,-0.562,-0.516,-0.409,27.7
$IMU,26893.837,-0.488,-0.061,-0.366,0.02099,1.01416,0.01074,28.96
$IMU,26893.840,-0.549,-0.183,-0.427,0.02001,1.01660,0.00878,28.96
$IMU,26893.842,-0.610,-0.183,-0.305,0.01757,1.01416,0.01220,28.96
$IMU,26893.844,-0.671,0.000,-0.122,0.01464,1.01562,0.01171,28.91
$MAG,26893.847,-0.571,-0.517,-0.411,27.8
$IMU,26893.847,-0.793,-0.122,0.122,0.01513,1.01171,0.01416,28.91
$IMU,26893.849,-0.915,-0.061,0.244,0.01562,1.01367,0.01367,28.91
$IMU,26893.851,-0.793,0.000,0.244,0.01855,1.01513,0.01367,28.91
$IMU,26893.854,-0.793,-0.183,0.122,0.02099,1.01562,0.01074,28.91
$IMU,26893.856,-0.793,-0.122,-0.122,0.02197,1.01318,0.01220,28.91
$MAG,26893.857,-0.562,-0.507,-0.411,27.7
$IMU,26893.858,-0.793,0.061,-0.244,0.02050,1.01318,0.01416,28.91
$IMU,26893.861,-0.732,-0.061,-0.305,0.02050,1.01367,0.01513,28.91
$IMU,26893.863,-0.671,0.000,-0.366,0.01806,1.01562,0.01513,28.93
$IMU,26893.865,-0.610,-0.122,-0.244,0.01953,1.01123,0.01464,28.93
$MAG,26893.867,-0.562,-0.520,-0.403,27.8
$IMU,26893.868,-0.732,0.061,-0.183,0.01806,1.00927,0.01513,28.93
$IMU,26893.870,-0.488,-0.122,-0.183,0.02001,1.01123,0.01367,28.93
$IMU,26893.872,-0.488,-0.061,-0.244,0.01757,1.01416,0.01464,28.93
$IMU,26893.875,-0.427,-0.122,-0.244,0.01513,1.01464,0.01611,28.93
$MAG,26893.877,-0.567,-0.519,-0.406,27.7
$IMU,26893.877,-0.305,-0.305,-0.305,0.01611,1.01269,0.01464,28.93
$IMU,26893.879,-0.366,0.061,-0.305,0.01757,1.01367,0.01562,28.93
$IMU,26893.882,-0.366,0.000,-0.305,0.01562,1.01464,0.01611,28.91
$IMU,26893.884,-0.366,-0.122,-0.183,0.01708,1.01367,0.01464,28.91
$MAG,26893.887,-0.558,-0.516,-0.405,28.0
$IMU,26893.887,-0.244,-0.183,-0.244,0.01904,1.01269,0.01464,28.91
$IMU,26893.889,-0.244,-0.183,-0.122,0.01904,1.01171,0.01513,28.91
$IMU,26893.891,-0.305,-0.061,0.000,0.01855,1.01318,0.01513,28.91
$BARO,26893.893,86862.89,28.77
$IMU,26893.894,-0.305,-0.061,-0.061,0.01953,1.01318,0.01464,28.91
$IMU,26893.896,-0.427,-0.061,-0.183,0.01855,1.01562,0.01562,28.91
$MAG,26893.897,-0.571,-0.514,-0.408,27.7
$IMU,26893.898,-0.366,-0.061,-0.244,0.01318,1.01611,0.01708,28.91
$IMU,26893.901,-0.366,-0.183,-0.244,0.01855,1.01123,0.01611,28.91
$IMU,26893.903,-0.488,-0.061,-0.244,0.01757,1.01318,0.01757,28.91
$IMU,26893.905,-0.488,-0.122,-0.244,0.01660,1.01025,0.01513,28.91
$MAG,26893.907,-0.565,-0.517,-0.400,28.0
$IMU,26893.908,-0.427,0.000,-0.061,0.01611,1.01318,0.01757,28.91
$IMU,26893.910,-0.366,-0.061,0.000,0.01953,1.01269,0.01953,28.91
$IMU,26893.912,-0.427,-0.244,0.061,0.02099,1.01220,0.02001,28.91
$IMU,26893.915,-0.549,0.000,0.061,0.02392,1.01464,0.01513,28.91
$MAG,26893.917,-0.579,-0.525,-0.408,27.8
$IMU,26893.917,-0.610,0.061,0.061,0.02343,1.01611,0.01464,28.91
$IMU,26893.919,-0.549,-0.122,0.000,0.02050,1.01318,0.01367,28.93
$IMU,26893.922,-0.549,0.061,-0.122,0.02148,1.01513,0.01660,28.93
$IMU,26893.924,-0.488,0.000,-0.122,0.02001,1.01123,0.01757,28.93
$IMU,26893.926,-0.427,-0.183,-0.183,0.02441,1.01025,0.01660,28.93
$MAG,26893.927,-0.558,-0.510,-0.406,27.7
$IMU,26893.929,-0.488,0.000,-0.122,0.02099,1.01074,0.01904,28.93
$IMU,26893.931,-0.549,0.000,-0.061,0.02246,1.00927,0.01757,28.93
$IMU,26893.933,-0.488,-0.061,-0.122,0.02099,1.01269,0.01513,28.93
$IMU,26893.936,-0.488,-0.061,0.000,0.02050,1.01171,0.01904,28.93
$MAG,26893.938,-0.568,-0.517,-0.396,27.7
$IMU,26893.938,-0.366,-0.122,-0.061,0.02050,1.01318,0.01708,28.90
$IMU,26893.940,-0.305,-0.183,-0.183,0.01904,1.01660,0.01708,28.90
$IMU,26893.943,-0.244,-0.061,-0.183,0.02148,1.01269,0.01855,28.90
$IMU,26893.945,-0.244,-0.061,-0.183,0.02050,1.00927,0.01953,28.90
$MAG,26893.948,-0.570,-0.511,-0.405,27.7
$IMU,26893.948,-0.305,0.000,-0.183,0.02001,1.01074,0.01708,28.90
$HUM,26893.949,34.8,29.2
$IMU,26893.950,-0.061,-0.122,-0.244,0.02197,1.01562,0.01660,28.90
$IMU,26893.952,0.000,-0.122,-0.305,0.02148,1.01025,0.01611,28.90
$IMU,26893.955,0.061,-0.122,-0.244,0.02294,1.00585,0.01660,28.90
$IMU,26893.957,0.061,0.000,-0.244,0.02050,1.00927,0.01708,28.92
$MAG,26893.958,-0.564,-0.513,-0.396,27.7
$IMU,26893.959,0.122,-0.061,-0.305,0.02001,1.01220,0.02050,28.92
$IMU,26893.962,0.183,-0.061,-0.305,0.01708,1.01416,0.01513,28.92
$IMU,26893.964,0.366,-0.183,-0.427,0.01757,1.01318,0.01513,28.92
$IMU,26893.966,0.244,-0.183,-0.366,0.01708,1.01367,0.01757,28.92
$MAG,26893.968,-0.574,-0.523,-0.399,27.7
$IMU,26893.969,0.183,-0.122,-0.366,0.01611,1.01562,0.01367,28.92
$IMU,26893.971,0.122,-0.061,-0.366,0.01708,1.01562,0.01220,28.92
$IMU,26893.973,0.061,0.000,-0.305,0.01660,1.01074,0.01562,28.92
$IMU,26893.976,0.122,-0.183,-0.366,0.01953,1.01025,0.01269,28.91
$IMU,26893.978,0.244,-0.305,-0.183,0.01220,1.01123,0.01220,28.91
$MAG,26893.978,-0.568,-0.513,-0.399,27.7
$IMU,26893.980,-0.061,-0.122,-0.183,0.01269,1.00927,0.01367,28.91
$IMU,26893.983,-0.122,0.061,-0.244,0.01123,1.01220,0.01513,28.91
$IMU,26893.985,-0.122,-0.061,-0.061,0.01367,1.01318,0.01367,28.91
$IMU,26893.987,-0.183,0.000,-0.122,0.01611,1.01220,0.01464,28.91
$MAG,26893.988,-0.565,-0.520,-0.400,27.7
$IMU,26893.990,-0.122,-0.244,-0.061,0.01562,1.01074,0.01464,28.91
$IMU,26893.992,-0.244,-0.122,0.000,0.01611,1.00830,0.01367,28.91
$BARO,26893.994,86860.87,28.77
$IMU,26893.994,-0.366,-0.061,0.061,0.01806,1.00927,0.01416,28.92
$IMU,26893.997,-0.366,0.000,0.061,0.01757,1.01464,0.01318,28.92
$MAG,26893.998,-0.571,-0.514,-0.402,27.7
$IMU,26893.999,-0.427,-0.061,0.061,0.02001,1.01123,0.01367,28.92
$IMU,26894.001,-0.488,-0.122,0.000,0.02050,1.01513,0.01367,28.92
$IMU,26894.004,-0.366,-0.183,-0.061,0.02050,1.01513,0.01416,28.92
$IMU,26894.006,-0.488,-0.122,-0.061,0.02246,1.01464,0.01220,28.92
$MAG,26894.008,-0.558,-0.519,-0.405,27.6
$IMU,26894.009,-0.732,0.061,-0.061,0.01806,1.01416,0.01416,28.92
$IMU,26894.011,-0.671,0.000,0.000,0.01611,1.01513,0.01513,28.92
$IMU,26894.013,-0.732,0.061,-0.061,0.01953,1.01562,0.01562,28.93
$IMU,26894.016,-0.610,-0.122,-0.122,0.01904,1.01416,0.01562,28.93
$MAG,26894.018,-0.567,-0.510,-0.405,27.7
$IMU,26894.018,-0.610,-0.122,-0.061,0.02050,1.01123,0.01855,28.93
$IMU,26894.020,-0.732,0.061,0.000,0.01855,1.01171,0.01660,28.93
$IMU,26894.023,-0.671,0.061,0.000,0.02441,1.01318,0.01367,28.93
$IMU,26894.025,-0.671,-0.061,0.122,0.02441,1.01464,0.01464,28.93
$IMU,26894.027,-0.549,-0.061,0.122,0.02197,1.01269,0.01611,28.93
$MAG,26894.028,-0.562,-0.520,-0.400,28.0
$IMU,26894.030,-0.610,-0.061,-0.061,0.02148,1.01464,0.01757,28.93
$IMU,26894.032,-0.488,-0.183,-0.244,0.02148,1.01513,0.01464,28.92
$IMU,26894.034,-0.427,-0.122,-0.305,0.02197,1.01318,0.01220,28.92
$IMU,26894.037,-0.305,0.000,-0.427,0.01855,1.01123,0.01562,28.92
$MAG,26894.038,-0.562,-0.522,-0.402,27.7
$IMU,26894.039,-0.244,-0.122,-0.244,0.01904,1.01318,0.01611,28.92
$IMU,26894.041,-0.244,0.000,-0.183,0.02099,1.01123,0.01513,28.92
$IMU,26894.044,-0.183,-0.061,-0.122,0.01855,1.00732,0.01416,28.92
$IMU,26894.046,-0.122,-0.122,-0.061,0.01953,1.01269,0.01953,28.92
$IMU,26894.048,-0.183,0.061,-0.122,0.01708,1.01171,0.02050,28.92
$MAG,26894.049,-0.565,-0.516,-0.402,27.7
$IMU,26894.051,0.000,-0.183,-0.244,0.02001,1.01074,0.01513,28.92
$IMU,26894.053,0.061,-0.244,-0.366,0.01806,1.01464,0.01513,28.92
$IMU,26894.055,0.122,-0.122,-0.427,0.01953,1.01269,0.01562,28.92
$IMU,26894.058,0.122,-0.061,-0.366,0.01855,1.01123,0.01367,28.92
$MAG,26894.059,-0.567,-0.513,-0.397,27.8
$IMU,26894.060,0.183,0.000,-0.366,0.01757,1.01074,0.01220,28.92
$IMU,26894.062,0.305,0.000,-0.183,0.01855,1.00830,0.01367,28.92
$IMU,26894.065,0.244,-0.122,-0.122,0.01757,1.01220,0.01562,28.92
$IMU,26894.067,0.305,-0.122,-0.122,0.01708,1.01171,0.01318,28.92
$MAG,26894.069,-0.561,-0.520,-0.408,27.7
$IMU,26894.069,0.244,-0.061,-0.061,0.01855,1.01025,0.01269,28.93
$IMU,26894.072,0.305,-0.061,-0.122,0.01757,1.01367,0.01367,28.93
$IMU,26894.074,0.244,-0.061,-0.183,0.01806,1.01269,0.01318,28.93
$IMU,26894.077,0.183,0.000,-0.244,0.01464,1.01416,0.01318,28.93
$MAG,26894.079,-0.558,-0.519,-0.411,27.7
$IMU,26894.079,0.244,-0.122,-0.183,0.01708,1.01367,0.01171,28.93
$IMU,26894.081,0.183,-0.061,-0.122,0.01708,1.01416,0.01269,28.93
$IMU,26894.084,0.122,-0.122,-0.061,0.01611,1.01513,0.01171,28.93
$IMU,26894.086,0.000,-0.183,-0.061,0.01757,1.01220,0.01269,28.93
$IMU,26894.088,-0.122,-0.122,0.000,0.01855,1.01464,0.01074,28.93
$MAG,26894.089,-0.558,-0.520,-0.405,28.0
$IMU,26894.091,-0.244,-0.061,-0.061,0.01855,1.01464,0.01269,28.93
$IMU,26894.093,-0.183,-0.244,-0.122,0.01708,1.01708,0.01416,28.93
$BARO,26894.095,86864.77,28.77
$IMU,26894.095,-0.366,-0.122,-0.183,0.01660,1.01513,0.01269,28.93
$IMU,26894.098,-0.610,0.061,-0.183,0.01660,1.01123,0.01171,28.93
$MAG,26894.099,-0.556,-0.511,-0.400,27.7
$IMU,26894.100,-0.671,-0.122,-0.244,0.02001,1.01269,0.01318,28.93
$IMU,26894.102,-0.732,-0.061,-0.183,0.01757,1.01269,0.01318,28.93
$IMU,26894.105,-0.793,-0.244,-0.122,0.01757,1.01074,0.01513,28.93
$IMU,26894.107,-0.793,-0.244,-0.122,0.01855,1.01318,0.01562,28.96
$MAG,26894.109,-0.555,-0.513,-0.408,27.7
$IMU,26894.109,-0.854,-0.061,0.000,0.01708,1.01464,0.01611,28.96
$IMU,26894.112,-0.915,0.000,-0.061,0.01855,1.01269,0.01416,28.96
$IMU,26894.114,-0.915,0.000,0.000,0.01708,1.01611,0.01513,28.96
$IMU,26894.116,-0.793,-0.122,0.000,0.01806,1.01416,0.01562,28.96
$MAG,26894.119,-0.570,-0.508,-0.402,28.1
$IMU,26894.119,-0.793,-0.183,-0.061,0.02148,1.01318,0.01367,28.96
$IMU,26894.121,-0.854,0.000,-0.122,0.02001,1.01269,0.01464,28.96
$IMU,26894.123,-0.793,-0.122,-0.183,0.01953,1.01123,0.01660,28.96
$IMU,26894.126,-0.793,-0.183,-0.183,0.02099,1.00927,0.01660,28.96
$IMU,26894.128,-0.732,-0.061,-0.122,0.01904,1.01416,0.01464,28.96
$MAG,26894.129,-0.567,-0.517,-0.396,27.7
$IMU,26894.130,-0.610,-0.122,-0.061,0.01708,1.00976,0.01416,28.96
$IMU,26894.133,-0.488,-0.183,-0.061,0.01708,1.01464,0.01660,28.96
$IMU,26894.135,-0.427,-0.122,-0.122,0.01855,1.01220,0.01904,28.96
$IMU,26894.138,-0.549,0.061,-0.183,0.01806,1.01171,0.01757,28.96
$MAG,26894.139,-0.564,-0.529,-0.411,28.1
$IMU,26894.140,-0.366,-0.183,-0.183,0.01904,1.01171,0.01806,28.96
$IMU,26894.142,-0.183,-0.122,-0.183,0.01904,1.01269,0.01513,28.96
$IMU,26894.145,-0.122,-0.061,-0.183,0.01806,1.01220,0.01855,28.94
$IMU,26894.147,-0.061,-0.122,-0.122,0.01953,1.01611,0.01660,28.94
$MAG,26894.149,-0.565,-0.522,-0.400,28.0
$IMU,26894.149,-0.061,0.000,-0.122,0.01855,1.01367,0.01611,28.94
$IMU,26894.152,0.122,0.000,-0.061,0.02148,1.01220,0.01855,28.94
$IMU,26894.154,0.061,0.061,-0.183,0.01904,1.01367,0.01757,28.94
$IMU,26894.156,0.244,-0.183,-0.183,0.01708,1.01074,0.01757,28.94
$MAG,26894.159,-0.571,-0.516,-0.406,27.8
$IMU,26894.159,0.122,0.061,-0.183,0.01953,1.01611,0.01708,28.94
$IMU,26894.161,0.244,-0.122,-0.244,0.02099,1.01269,0.01757,28.94
$IMU,26894.163,0.366,-0.122,-0.183,0.01953,1.01269,0.01416,28.94
$IMU,26894.166,0.366,-0.061,-0.183,0.01660,1.01171,0.01611,28.94
$IMU,26894.168,0.427,-0.183,-0.183,0.01806,1.01367,0.01464,28.94
$MAG,26894.170,-0.565,-0.513,-0.399,27.6
$IMU,26894.170,0.305,-0.122,-0.183,0.01806,1.01220,0.01416,28.94
$IMU,26894.173,0.305,0.000,-0.122,0.02001,1.01318,0.01367,28.94
$IMU,26894.175,0.366,-0.122,-0.183,0.01904,1.01318,0.01318,28.94
$IMU,26894.177,0.305,-0.183,-0.183,0.01953,1.01074,0.01562,28.94
$MAG,26894.180,-0.559,-0.508,-0.403,27.7
$IMU,26894.180,0.305,-0.122,-0.122,0.01318,1.01416,0.01416,28.94
$IMU,26894.182,0.305,-0.122,-0.183,0.02148,1.01416,0.01367,28.95
$IMU,26894.184,0.305,-0.305,-0.305,0.01855,1.01269,0.01464,28.95
$IMU,26894.187,0.122,0.000,-0.244,0.01660,1.01269,0.01367,28.95
$IMU,26894.189,0.000,0.061,-0.244,0.01660,1.01074,0.01171,28.95
$MAG,26894.190,-0.564,-0.520,-0.405,27.7
$IMU,26894.191,0.000,-0.122,-0.183,0.02001,1.01269,0.01025,28.95
$IMU,26894.194,-0.061,-0.061,-0.183,0.01708,1.01367,0.01367,28.95
$IMU,26894.196,-0.122,-0.061,-0.183,0.01757,1.01220,0.01074,28.95
$BARO,26894.197,86869.79,28.76
$IMU,26894.199,-0.244,0.000,-0.244,0.01953,1.01416,0.01220,28.95
$MAG,26894.200,-0.561,-0.519,-0.402,27.8
$IMU,26894.201,-0.305,-0.122,-0.244,0.01855,1.01367,0.01025,28.94
$IMU,26894.203,-0.366,-0.122,-0.183,0.01855,1.01123,0.01416,28.94
$IMU,26894.206,-0.427,-0.244,-0.183,0.01904,1.01269,0.01220,28.94
$IMU,26894.208,-0.488,-0.305,-0.122,0.01660,1.01269,0.01171,28.94
$MAG,26894.210,-0.565,-0.519,-0.406,27.7
$IMU,26894.210,-0.610,-0.061,-0.183,0.01611,1.01074,0.01416,28.94
$IMU,26894.213,-0.671,-0.061,-0.061,0.02001,1.01318,0.01513,28.94
$IMU,26894.215,-0.671,-0.183,-0.061,0.01757,1.01171,0.01660,28.94
$IMU,26894.217,-0.610,-0.244,-0.183,0.01562,1.01416,0.01562,28.94
$MAG,26894.220,-0.561,-0.514,-0.405,27.7
$IMU,26894.220,-0.732,-0.122,-0.183,0.01855,1.01318,0.01123,28.94
$IMU,26894.222,-0.671,-0.183,-0.244,0.01953,1.01562,0.01562,28.94
$IMU,26894.224,-0.671,-0.122,-0.244,0.01806,1.01123,0.01660,28.94
$IMU,26894.227,-0.732,0.061,-0.122,0.01708,1.01611,0.01464,28.94
$IMU,26894.229,-0.610,-0.183,-0.183,0.01855,1.01123,0.01513,28.94
$MAG,26894.230,-0.567,-0.523,-0.399,27.7
$TIME,26894.231,510809.000,2399
$IMU,26894.231,-0.549,-0.183,-0.244,0.01708,1.01220,0.01464,28.94
$IMU,26894.234,-0.427,-0.122,-0.183,0.01757,1.01367,0.01513,28.94
$IMU,26894.236,-0.488,-0.122,-0.122,0.02050,1.01269,0.01660,28.94
$IMU,26894.238,-0.427,-0.183,-0.183,0.01660,1.01123,0.01367,28.93
$MAG,26894.240,-0.561,-0.517,-0.406,28.0
$IMU,26894.241,-0.488,0.061,-0.061,0.02197,1.01269,0.01318,28.93
$IMU,26894.243,-0.366,-0.122,-0.122,0.02001,1.01513,0.01855,28.93
$IMU,26894.245,-0.305,-0.122,-0.183,0.02001,1.01367,0.01562,28.93
$IMU,26894.248,-0.244,0.000,-0.122,0.01904,1.01416,0.01367,28.93
$MAG,26894.250,-0.562,-0.516,-0.400,27.8
$IMU,26894.250,-0.122,-0.122,-0.122,0.01806,1.01171,0.01660,28.93
$IMU,26894.252,-0.183,-0.122,-0.122,0.02099,1.00927,0.01953,28.93
$IMU,26894.255,-0.122,-0.122,-0.122,0.01855,1.01416,0.01904,28.93
$IMU,26894.257,-0.122,-0.183,-0.061,0.01806,1.01562,0.01660,28.92
$MAG,26894.260,-0.561,-0.522,-0.402,27.8
$IMU,26894.260,-0.122,-0.183,-0.183,0.02246,1.01464,0.01708,28.92
$IMU,26894.262,-0.061,-0.122,-0.183,0.02148,1.01416,0.01464,28.92
$IMU,26894.264,-0.122,-0.122,-0.061,0.01953,1.01269,0.01464,28.92
$IMU,26894.267,-0.122,-0.061,-0.183,0.01757,1.01025,0.01416,28.92
$IMU,26894.269,-0.183,0.000,-0.122,0.02050,1.01367,0.01660,28.92
$MAG,26894.271,-0.568,-0.517,-0.405,27.7
$IMU,26894.271,-0.122,-0.244,-0.122,0.01904,1.01367,0.01562,28.92
$IMU,26894.274,-0.061,-0.305,-0.183,0.01904,1.00976,0.01611,28.92
$IMU,26894.276,-0.244,-0.122,-0.122,0.02001,1.01171,0.01611,28.94
$IMU,26894.278,-0.305,-0.061,-0.183,0.01953,1.01562,0.01611,28.94
$MAG,26894.281,-0.565,-0.516,-0.411,27.7
$IMU,26894.281,-0.366,-0.061,-0.183,0.02148,1.01123,0.01660,28.94
$IMU,26894.283,-0.305,-0.244,-0.183,0.01562,1.01171,0.01757,28.94
$IMU,26894.285,-0.305,-0.122,-0.183,0.01708,1.01416,0.01513,28.94
$IMU,26894.288,-0.427,0.000,-0.183,0.02050,1.00976,0.01904,28.94
$IMU,26894.290,-0.488,-0.061,-0.122,0.01757,1.01269,0.01513,28.94
$MAG,26894.291,-0.567,-0.514,-0.397,27.7
$IMU,26894.292,-0.427,-0.122,-0.183,0.01904,1.01269,0.01513,28.94
$IMU,26894.295,-0.549,-0.183,-0.183,0.02050,1.01171,0.01904,28.94
$IMU,26894.297,-0.549,-0.122,-0.183,0.01611,1.01074,0.01660,28.94
$BARO,26894.298,86867.52,28.77
$IMU,26894.299,-0.610,0.000,-0.244,0.01611,1.01416,0.01708,28.94
$MAG,26894.301,-0.561,-0.528,-0.405,27.7
$IMU,26894.302,-0.671,-0.061,-0.122,0.01708,1.01171,0.01660,28.94
$IMU,26894.304,-0.610,-0.061,-0.183,0.01562,1.01123,0.01855,28.94
$IMU,26894.306,-0.549,0.000,-0.244,0.02050,1.00830,0.01611,28.94
$IMU,26894.309,-0.610,0.000,-0.183,0.01611,1.01074,0.02001,28.94
$MAG,26894.311,-0.565,-0.522,-0.400,27.7
$IMU,26894.311,-0.610,-0.061,-0.122,0.01660,1.01123,0.01708,28.94
$IMU,26894.313,-0.549,0.000,-0.183,0.01953,1.01074,0.01660,28.94
$IMU,26894.316,-0.488,0.061,-0.183,0.01855,1.01416,0.01708,28.94
$IMU,26894.318,-0.366,-0.061,-0.183,0.01904,1.01171,0.01660,28.94
$MAG,26894.321,-0.568,-0.511,-0.399,27.7
$IMU,26894.321,-0.305,-0.122,-0.122,0.01660,1.01123,0.02001,28.94
$IMU,26894.323,-0.244,-0.183,-0.183,0.01953,1.01269,0.01953,28.94
$IMU,26894.325,-0.183,-0.122,-0.183,0.01660,1.01269,0.01708,28.94
$IMU,26894.328,-0.122,0.000,-0.122,0.01708,1.01367,0.01611,28.94
$IMU,26894.330,0.000,0.061,-0.122,0.02001,1.01123,0.01660,28.94
$MAG,26894.331,-0.570,-0.519,-0.396,27.7
$IMU,26894.332,0.061,0.061,-0.183,0.01806,1.01367,0.01464,28.94
$IMU,26894.335,0.183,0.000,-0.183,0.01757,1.01464,0.01806,28.94
$IMU,26894.337,0.366,-0.061,-0.183,0.01953,1.01318,0.01660,28.94
$IMU,26894.339,0.366,-0.061,-0.183,0.01953,1.01367,0.01953,28.94
$MAG,26894.341,-0.573,-0.516,-0.399,28.1
$IMU,26894.342,0.427,-0.061,-0.244,0.01757,1.01269,0.01513,28.94
$IMU,26894.344,0.549,-0.122,-0.183,0.01757,1.01171,0.01367,28.94
$IMU,26894.346,0.671,-0.183,-0.122,0.01806,1.01464,0.01562,28.94
$IMU,26894.349,0.671,-0.061,-0.183,0.02050,1.01464,0.01367,28.94
$MAG,26894.351,-0.559,-0.526,-0.403,27.8
$IMU,26894.351,0.671,-0.122,-0.122,0.01708,1.01269,0.01660,28.95
$IMU,26894.353,0.671,0.000,-0.122,0.01757,1.01171,0.01220,28.95
$IMU,26894.356,0.671,0.000,-0.183,0.01611,1.01513,0.01171,28.95
$IMU,26894.358,0.732,-0.061,-0.183,0.01904,1.01660,0.01220,28.95
$IMU,26894.360,0.732,-0.122,-0.183,0.02050,1.01074,0.01123,28.95
$MAG,26894.361,-0.558,-0.516,-0.402,27.7
$IMU,26894.363,0.488,0.000,-0.244,0.01611,1.01171,0.01025,28.95
$IMU,26894.365,0.427,-0.122,-0.183,0.02099,1.01123,0.01220,28.95
$IMU,26894.367,0.305,-0.183,-0.183,0.01708,1.01367,0.01123,28.95
$IMU,26894.370,0.061,-0.061,-0.244,0.01660,1.01269,0.01171,28.92
$MAG,26894.371,-0.559,-0.511,-0.396,27.7
$IMU,26894.372,0.000,-0.183,-0.183,0.01611,1.01464,0.01220,28.92
$IMU,26894.375,-0.244,-0.122,-0.183,0.01611,1.01220,0.01171,28.92
$IMU,26894.377,-0.427,-0.061,-0.183,0.01708,1.01269,0.01171,28.92
$IMU,26894.379,-0.671,0.000,-0.244,0.01855,1.01416,0.00976,28.92
$MAG,26894.382,-0.571,-0.520,-0.403,27.8
$IMU,26894.382,-0.793,-0.183,-0.183,0.02001,1.01318,0.01123,28.92
$IMU,26894.384,-0.915,-0.244,-0.061,0.01562,1.01171,0.01269,28.92
$IMU,26894.386,-1.220,0.061,-0.061,0.01708,1.00781,0.01220,28.92
$IMU,26894.389,-1.403,-0.122,-0.061,0.01904,1.01806,0.01269,28.94
$IMU,26894.391,-1.464,-0.061,-0.122,0.01757,1.01318,0.01416,28.94
$MAG,26894.392,-0.567,-0.519,-0.400,27.7
$IMU,26894.393,-1.708,0.061,-0.061,0.02050,1.01171,0.01757,28.94
$IMU,26894.396,-1.770,-0.122,-0.122,0.01806,1.01025,0.01562,28.94
$IMU,26894.398,-1.708,-0.122,-0.061,0.02197,1.01171,0.01660,28.94
$BARO,26894.400,86868.94,28.77
$IMU,26894.400,-1.770,-0.122,-0.061,0.01904,1.01269,0.01660,28.94
$MAG,26894.402,-0.571,-0.513,-0.400,27.7
$IMU,26894.403,-1.892,-0.061,-0.061,0.02001,1.01367,0.01806,28.94
$IMU,26894.405,-1.892,0.000,0.000,0.02148,1.01416,0.02001,28.94
$IMU,26894.407,-1.770,-0.061,0.061,0.02197,1.01562,0.02099,28.93
$IMU,26894.410,-1.770,-0.122,0.061,0.02197,1.01123,0.02099,28.93
$MAG,26894.412,-0.567,-0.516,-0.393,27.7
$IMU,26894.412,-1.708,0.061,0.000,0.02148,1.01171,0.02001,28.93
$IMU,26894.414,-1.647,0.122,-0.061,0.02246,1.01123,0.02148,28.93
$IMU,26894.417,-1.464,-0.122,0.000,0.02197,1.01464,0.01904,28.93
$IMU,26894.419,-1.220,0.061,-0.122,0.02246,1.01318,0.02148,28.93
$IMU,26894.421,-1.037,-0.061,-0.122,0.02197,1.01074,0.02490,28.93
$MAG,26894.422,-0.559,-0.522,-0.400,27.6
$IMU,26894.424,-0.793,-0.183,-0.122,0.02050,1.00976,0.01953,28.93
$IMU,26894.426,-0.610,0.061,-0.122,0.01904,1.01025,0.02001,28.98
$IMU,26894.428,-0.244,-0.122,-0.183,0.02001,1.00830,0.02441,28.98
$IMU,26894.431,0.000,-0.183,-0.183,0.01904,1.01025,0.02294,28.98
$MAG,26894.432,-0.559,-0.517,-0.403,27.7
$IMU,26894.433,0.366,-0.061,-0.183,0.01611,1.01123,0.02246,28.98
$IMU,26894.435,0.671,-0.183,-0.183,0.01855,1.01318,0.02050,28.98
$IMU,26894.438,0.915,-0.244,-0.244,0.01953,1.00634,0.02148,28.98
$IMU,26894.440,1.159,-0.183,-0.183,0.02050,1.00927,0.01904,28.98
$MAG,26894.442,-0.562,-0.516,-0.391,27.7
$IMU,26894.443,1.281,-0.061,-0.244,0.01953,1.00976,0.02148,28.98
$IMU,26894.445,1.403,-0.061,-0.305,0.01855,1.01220,0.01953,28.93
$IMU,26894.447,1.647,-0.122,-0.305,0.02099,1.01123,0.01953,28.93
$IMU,26894.450,1.831,0.000,-0.366,0.02246,1.01269,0.01660,28.93
$MAG,26894.452,-0.570,-0.519,-0.405,28.0
$IMU,26894.452,1.953,-0.183,-0.305,0.01953,1.01269,0.01660,28.93
$IMU,26894.454,2.014,0.000,-0.366,0.02099,1.01464,0.01562,28.93
$IMU,26894.457,1.953,0.000,-0.305,0.01660,1.01513,0.01562,28.93
$IMU,26894.459,1.953,-0.183,-0.305,0.01562,1.01416,0.01367,28.93
$IMU,26894.461,1.770,-0.122,-0.244,0.01757,1.01660,0.01025,28.93
$MAG,26894.462,-0.571,-0.519,-0.408,28.0
$IMU,26894.464,1.708,-0.244,-0.183,0.01611,1.01562,0.00732,28.92
$IMU,26894.466,1.403,-0.061,-0.183,0.01660,1.01367,0.00781,28.92
$IMU,26894.468,1.159,0.122,-0.183,0.01660,1.01074,0.00585,28.92
$IMU,26894.471,0.915,0.061,-0.183,0.01953,1.00976,0.00781,28.92
$MAG,26894.472,-0.559,-0.523,-0.393,27.8
$IMU,26894.473,0.732,-0.122,-0.183,0.01562,1.01464,0.00488,28.92
$IMU,26894.475,0.366,-0.122,-0.183,0.01708,1.01464,0.00683,28.92
$IMU,26894.478,0.122,-0.122,-0.183,0.01513,1.01757,0.00537,28.92
$IMU,26894.480,-0.244,-0.061,-0.244,0.01757,1.01904,0.00634,28.92
$MAG,26894.482,-0.574,-0.513,-0.399,28.1
$IMU,26894.482,-0.549,-0.061,-0.183,0.01855,1.01416,0.00537,28.92
$IMU,26894.485,-0.915,0.000,-0.183,0.01757,1.01220,0.00634,28.92
$IMU,26894.487,-1.098,-0.183,-0.122,0.02001,1.00976,0.00488,28.92
$IMU,26894.489,-1.403,-0.061,-0.122,0.01562,1.01269,0.00634,28.92
$IMU,26894.492,-1.708,0.000,0.061,0.01953,1.01220,0.00683,28.92
$MAG,26894.493,-0.568,-0.519,-0.405,27.7
$IMU,26894.494,-1.831,-0.122,0.061,0.02246,1.01318,0.01123,28.92
$IMU,26894.496,-1.953,-0.122,0.061,0.01806,1.01220,0.00976,28.92
$IMU,26894.499,-2.075,-0.122,0.061,0.01953,1.01025,0.00976,28.92
$BARO,26894.501,86867.47,28.77
$IMU,26894.501,-2.136,-0.122,0.061,0.01904,1.01269,0.01513,28.93
$MAG,26894.503,-0.559,-0.511,-0.403,28.1
$IMU,26894.503,-2.136,-0.122,0.000,0.01806,1.00976,0.01513,28.93
$IMU,26894.506,-2.197,0.000,-0.061,0.01708,1.00976,0.01611,28.93
$IMU,26894.508,-2.136,-0.183,-0.061,0.01855,1.01220,0.01806,28.93
$IMU,26894.511,-2.075,-0.061,0.000,0.02001,1.01220,0.01953,28.93
$MAG,26894.513,-0.568,-0.513,-0.402,27.6
$IMU,26894.513,-1.953,-0.122,-0.061,0.01904,1.00781,0.01855,28.93
$IMU,26894.515,-1.953,-0.061,-0.061,0.02050,1.01318,0.01953,28.93
$IMU,26894.518,-1.831,0.000,0.000,0.01953,1.01562,0.02050,28.93
$IMU,26894.520,-1.647,-0.122,-0.061,0.02001,1.01269,0.02197,28.90
$IMU,26894.522,-1.525,-0.061,0.061,0.01855,1.01074,0.01904,28.90
$MAG,26894.523,-0.559,-0.523,-0.402,27.8
$IMU,26894.525,-1.281,0.000,0.000,0.02148,1.01416,0.02099,28.90
$IMU,26894.527,-0.976,-0.061,-0.122,0.02050,1.01464,0.02050,28.90
$IMU,26894.529,-0.793,-0.122,-0.122,0.02148,1.01269,0.02099,28.90
$IMU,26894.532,-0.549,-0.061,-0.183,0.02148,1.01318,0.02050,28.90
$MAG,26894.533,-0.574,-0.519,-0.400,27.7
$IMU,26894.534,-0.244,0.000,-0.244,0.02099,1.01660,0.02197,28.90
$IMU,26894.536,0.000,-0.244,-0.244,0.02197,1.01123,0.02197,28.90
$IMU,26894.539,0.183,-0.122,-0.305,0.02001,1.00878,0.02001,28.90
$IMU,26894.541,0.305,0.122,-0.244,0.01904,1.01318,0.02099,28.90
$MAG,26894.543,-0.565,-0.516,-0.400,27.7
$IMU,26894.543,0.549,-0.122,-0.305,0.02099,1.01220,0.02001,28.90
$IMU,26894.546,0.793,-0.183,-0.366,0.02050,1.01074,0.02001,28.90
$IMU,26894.548,0.915,-0.061,-0.244,0.02050,1.01318,0.01953,28.90
$IMU,26894.550,1.159,-0.061,-0.366,0.01806,1.01123,0.02001,28.90
$MAG,26894.553,-0.571,-0.519,-0.397,27.8
$IMU,26894.553,1.220,-0.183,-0.305,0.01757,1.01123,0.01855,28.90
$IMU,26894.555,1.281,0.000,-0.244,0.01953,1.01416,0.01806,28.90
$IMU,26894.557,1.281,0.061,-0.366,0.01611,1.01074,0.01757,28.92
$IMU,26894.560,1.525,-0.244,-0.366,0.01806,1.01416,0.01660,28.92
$IMU,26894.562,1.525,-0.122,-0.305,0.01953,1.01416,0.01513,28.92
$MAG,26894.563,-0.571,-0.514,-0.403,27.8
$IMU,26894.564,1.525,-0.061,-0.305,0.02148,1.01171,0.01513,28.92
$IMU,26894.567,1.403,-0.183,-0.305,0.02148,1.01220,0.01269,28.92
$IMU,26894.569,1.281,-0.183,-0.122,0.02050,1.00927,0.01220,28.92
$IMU,26894.572,1.037,0.061,-0.061,0.01806,1.01123,0.00781,28.92
$MAG,26894.573,-0.576,-0.514,-0.399,27.7
$IMU,26894.574,0.915,0.000,-0.122,0.02148,1.00976,0.01123,28.92
$IMU,26894.576,0.854,-0.244,-0.122,0.02050,1.01464,0.01171,28.97
$IMU,26894.579,0.671,-0.244,-0.122,0.01904,1.01318,0.00830,28.97
$IMU,26894.581,0.244,-0.122,-0.244,0.02148,1.01611,0.00830,28.97
$MAG,26894.583,-0.558,-0.525,-0.402,27.8
$IMU,26894.583,-0.061,-0.061,-0.244,0.02099,1.01660,0.01171,28.97
$IMU,26894.586,-0.183,-0.122,-0.122,0.01611,1.01367,0.01123,28.97
$IMU,26894.588,-0.427,-0.122,-0.183,0.01757,1.01416,0.00878,28.97
$IMU,26894.590,-0.671,-0.122,-0.183,0.02148,1.01171,0.00976,28.97
$MAG,26894.593,-0.568,-0.522,-0.396,27.6
$IMU,26894.593,-0.854,0.000,0.000,0.02001,1.01416,0.00976,28.97
$IMU,26894.595,-1.037,-0.061,-0.061,0.01806,1.01318,0.00976,28.91
$IMU,26894.597,-1.220,-0.122,0.000,0.01855,1.01416,0.01220,28.91
$IMU,26894.600,-1.220,-0.183,-0.122,0.02343,1.01464,0.01220,28.91
$IMU,26894.602,-1.464,-0.122,-0.122,0.02246,1.01367,0.01220,28.91
$BARO,26894.603,86866.86,28.77
$MAG,26894.604,-0.561,-0.514,-0.397,27.7
$IMU,26894.604,-1.586,0.000,-0.183,0.02246,1.01367,0.01367,28.91
$IMU,26894.607,-1.708,0.000,-0.183,0.01806,1.01416,0.01708,28.91
$IMU,26894.609,-1.708,0.000,-0.183,0.01708,1.01269,0.01611,28.91
$IMU,26894.611,-1.647,-0.061,-0.122,0.01660,1.01318,0.01513,28.91
$MAG,26894.614,-0.568,-0.517,-0.402,27.7
$IMU,26894.614,-1.586,0.061,-0.183,0.01855,1.01269,0.01367,28.91
$IMU,26894.616,-1.464,-0.183,-0.183,0.01660,1.01220,0.01611,28.91
$IMU,26894.618,-1.464,-0.183,-0.122,0.01855,1.01220,0.01611,28.91
$IMU,26894.621,-1.281,-0.061,-0.122,0.01708,1.01269,0.01660,28.91
$IMU,26894.623,-1.098,-0.061,-0.244,0.01904,1.00781,0.01855,28.91
$MAG,26894.624,-0.568,-0.514,-0.402,27.6
$IMU,26894.625,-0.915,-0.061,-0.244,0.01757,1.00683,0.01806,28.91
$IMU,26894.628,-0.732,-0.122,-0.183,0.01562,1.00781,0.01855,28.91
$IMU,26894.630,-0.610,-0.122,-0.122,0.01660,1.01025,0.02099,28.91
$IMU,26894.633,-0.366,-0.061,-0.122,0.01708,1.01416,0.01660,28.91
$MAG,26894.634,-0.570,-0.523,-0.399,27.7
$IMU,26894.635,-0.183,0.000,0.000,0.01708,1.01074,0.01855,28.91
$IMU,26894.637,0.122,-0.061,-0.183,0.01562,1.00732,0.01855,28.91
$IMU,26894.640,0.366,-0.061,-0.183,0.01806,1.01123,0.02001,28.91
$IMU,26894.642,0.549,-0.183,-0.183,0.01611,1.01171,0.01953,28.91
$MAG,26894.644,-0.550,-0.516,-0.405,27.7
$IMU,26894.644,0.671,-0.061,-0.183,0.01855,1.01171,0.01904,28.91
$IMU,26894.647,0.854,-0.122,-0.244,0.01611,1.01025,0.01513,28.91
$IMU,26894.649,1.037,-0.122,-0.244,0.01953,1.01367,0.01708,28.91
$IMU,26894.651,1.159,-0.183,-0.305,0.01708,1.01562,0.01611,28.95
$MAG,26894.654,-0.567,-0.516,-0.402,27.8
$IMU,26894.654,1.220,-0.122,-0.183,0.01806,1.01171,0.01708,28.95
$IMU,26894.656,1.281,-0.122,-0.122,0.01855,1.01464,0.01416,28.95
$IMU,26894.658,1.281,-0.061,-0.183,0.01855,1.01220,0.01562,28.95
$IMU,26894.661,1.281,-0.183,-0.122,0.01953,1.01367,0.01464,28.95
$IMU,26894.663,1.159,-0.183,-0.122,0.02099,1.01367,0.01318,28.95
$MAG,26894.664,-0.556,-0.513,-0.406,27.8
$IMU,26894.665,1.098,-0.122,-0.183,0.02001,1.01464,0.01074,28.95
$IMU,26894.668,0.854,0.000,-0.183,0.01855,1.01806,0.01171,28.95
$IMU,26894.670,0.610,0.000,-0.244,0.02294,1.01513,0.01074,28.94
$IMU,26894.672,0.488,0.000,-0.244,0.01855,1.01464,0.01220,28.94
$MAG,26894.674,-0.570,-0.511,-0.399,27.8
$IMU,26894.675,0.305,-0.122,-0.244,0.01953,1.01367,0.00976,28.94
$IMU,26894.677,0.061,-0.061,-0.244,0.01953,1.01464,0.01074,28.94
$IMU,26894.679,-0.244,-0.122,-0.183,0.01904,1.01123,0.01025,28.94
$IMU,26894.682,-0.610,-0.122,-0.122,0.01757,1.01269,0.01220,28.94
$VBAT,26894.683,4.117
$MAG,26894.684,-0.571,-0.520,-0.405,27.8
$IMU,26894.684,-0.854,-0.061,-0.122,0.01806,1.01171,0.00927,28.94
$IMU,26894.686,-1.098,-0.061,-0.122,0.01757,1.01318,0.00976,28.94
$IMU,26894.689,-1.342,-0.122,-0.122,0.01904,1.01318,0.01220,28.98
$IMU,26894.691,-1.586,-0.244,0.000,0.02050,1.01416,0.01318,28.98
$MAG,26894.694,-0.562,-0.517,-0.405,27.7
$IMU,26894.694,-1.708,-0.183,-0.122,0.01953,1.01171,0.01416,28.98
$IMU,26894.696,-1.892,-0.122,-0.122,0.01904,1.01074,0.01611,28.98
$IMU,26894.698,-2.014,-0.183,-0.183,0.02050,1.01220,0.01953,28.98
$IMU,26894.701,-2.136,0.061,-0.061,0.01855,1.01025,0.01611,28.98
$IMU,26894.703,-2.075,-0.122,-0.122,0.01660,1.01171,0.01757,28.98
$BARO,26894.704,86863.65,28.77
$MAG,26894.704,-0.567,-0.522,-0.400,27.6
$IMU,26894.705,-2.197,-0.061,-0.061,0.02099,1.00976,0.01806,28.98
$IMU,26894.708,-2.136,0.000,0.000,0.01562,1.00830,0.01806,28.98
$IMU,26894.710,-2.075,0.000,-0.061,0.01660,1.01123,0.02148,28.98
$IMU,26894.712,-2.014,-0.061,0.000,0.01806,1.01318,0.01953,28.98
$MAG,26894.715,-0.565,-0.510,-0.402,27.7
$IMU,26894.715,-1.892,-0.122,0.061,0.01562,1.00634,0.02148,28.98
$IMU,26894.717,-1.831,0.061,0.000,0.02099,1.00878,0.02441,28.98
$IMU,26894.719,-1.647,-0.061,0.000,0.01855,1.01220,0.02148,28.98
$IMU,26894.722,-1.403,0.000,0.061,0.02246,1.01025,0.02539,28.98
$IMU,26894.724,-1.159,0.122,0.061,0.02050,1.01318,0.02587,28.98
$MAG,26894.725,-0.567,-0.517,-0.402,27.8
$IMU,26894.726,-0.915,0.000,0.000,0.01855,1.01318,0.02392,28.96
$IMU,26894.729,-0.549,-0.183,0.000,0.02099,1.01171,0.02343,28.96
$IMU,26894.731,-0.366,0.000,-0.061,0.02099,1.01123,0.02294,28.96
$IMU,26894.733,0.000,-0.305,-0.183,0.02001,1.01318,0.02392,28.96
$MAG,26894.735,-0.570,-0.514,-0.408,27.7
$IMU,26894.736,0.122,-0.122,-0.244,0.02001,1.01269,0.02734,28.96
$IMU,26894.738,0.366,0.061,-0.244,0.02050,1.01708,0.02392,28.96
$IMU,26894.740,0.732,-0.061,-0.244,0.01953,1.01318,0.02246,28.96
$IMU,26894.743,1.037,-0.122,-0.305,0.01855,1.01416,0.02294,28.96
$MAG,26894.745,-0.562,-0.522,-0.397,27.8
$IMU,26894.745,1.342,-0.183,-0.305,0.01904,1.01269,0.01806,28.94
$IMU,26894.747,1.464,0.000,-0.305,0.01806,1.00976,0.02050,28.94
$IMU,26894.750,1.708,-0.122,-0.244,0.02246,1.01123,0.02099,28.94
$IMU,26894.752,1.892,-0.061,-0.244,0.02197,1.00976,0.01464,28.94
$MAG,26894.755,-0.565,-0.513,-0.399,27.6
$IMU,26894.755,2.136,-0.183,-0.305,0.02001,1.00830,0.01660,28.94
$IMU,26894.757,2.136,0.000,-0.366,0.01953,1.00976,0.01513,28.94
$IMU,26894.759,2.197,0.061,-0.366,0.02197,1.00976,0.01318,28.94
$IMU,26894.762,2.319,-0.122,-0.366,0.02197,1.01074,0.01171,28.94
$IMU,26894.764,2.258,-0.061,-0.427,0.01953,1.01123,0.01123,28.92
$MAG,26894.765,-0.562,-0.517,-0.399,27.7
$IMU,26894.766,2.258,-0.122,-0.366,0.01757,1.01123,0.01074,28.92
$IMU,26894.769,2.136,-0.183,-0.305,0.02050,1.01171,0.00927,28.92
$IMU,26894.771,1.831,-0.061,-0.305,0.01708,1.01269,0.00781,28.92
$IMU,26894.773,1.586,-0.061,-0.183,0.01904,1.01269,0.00537,28.92
$MAG,26894.775,-0.568,-0.519,-0.409,27.7
$IMU,26894.776,1.281,-0.061,-0.183,0.01806,1.01416,0.00292,28.92
$IMU,26894.778,1.037,-0.061,-0.244,0.01757,1.01367,0.00292,28.92
$IMU,26894.780,0.671,-0.244,-0.244,0.02001,1.01123,0.00341,28.92
$IMU,26894.783,0.305,-0.122,-0.244,0.01757,1.00976,0.00390,28.96
$MAG,26894.785,-0.561,-0.513,-0.406,27.8
$IMU,26894.785,-0.183,0.000,-0.183,0.01806,1.01416,0.00341,28.96
$IMU,26894.787,-0.488,-0.122,-0.183,0.01904,1.01562,0.00195,28.96
$IMU,26894.790,-0.915,-0.122,-0.183,0.01513,1.01269,0.00537,28.96
$IMU,26894.792,-1.281,-0.183,-0.183,0.01806,1.01562,0.00732,28.96
$IMU,26894.794,-1.586,-0.183,-0.183,0.01611,1.01660,0.00488,28.96
$MAG,26894.795,-0.567,-0.510,-0.412,27.8
$IMU,26894.797,-1.953,0.000,-0.122,0.01953,1.01416,0.00830,28.96
$IMU,26894.799,-2.319,0.061,-0.122,0.01806,1.01660,0.00732,28.96
$IMU,26894.801,-2.502,-0.122,0.000,0.01806,1.01708,0.01171,28.94
$IMU,26894.804,-2.624,-0.183,-0.061,0.01806,1.01318,0.01220,28.94
$MAG,26894.805,-0.570,-0.511,-0.403,28.0
$BARO,26894.806,86873.06,28.78
$IMU,26894.806,-2.807,-0.061,0.000,0.02001,1.01367,0.01416,28.94
$IMU,26894.808,-2.929,-0.061,-0.061,0.01708,1.01269,0.01367,28.94
$IMU,26894.811,-2.929,-0.061,0.000,0.01757,1.01367,0.01562,28.94
$IMU,26894.813,-2.990,0.122,0.000,0.01855,1.00976,0.01367,28.94
$MAG,26894.815,-0.559,-0.519,-0.397,27.7
$IMU,26894.816,-2.868,-0.061,0.000,0.01562,1.00976,0.01757,28.94
$IMU,26894.818,-2.685,-0.305,-0.061,0.01708,1.01025,0.02148,28.94
$IMU,26894.820,-2.624,-0.122,0.000,0.01855,1.01464,0.01904,28.91
$IMU,26894.823,-2.380,-0.122,0.000,0.01806,1.01123,0.02197,28.91
$IMU,26894.825,-2.258,0.000,0.000,0.01806,1.01269,0.02099,28.91
$MAG,26894.826,-0.565,-0.519,-0.400,27.7
$IMU,26894.827,-1.831,0.000,0.000,0.01953,1.01123,0.02001,28.91
$IMU,26894.830,-1.403,-0.183,-0.122,0.01855,1.01416,0.02148,28.91
$IMU,26894.832,-1.159,-0.122,-0.244,0.01660,1.01220,0.02441,28.91
$IMU,26894.834,-0.915,0.122,-0.244,0.01953,1.01123,0.02392,28.91
$MAG,26894.836,-0.556,-0.510,-0.399,27.7
$IMU,26894.837,-0.488,-0.122,-0.244,0.01806,1.01074,0.02539,28.91
$IMU,26894.839,-0.183,0.000,-0.305,0.01904,1.01269,0.02539,28.96
$IMU,26894.841,0.122,-0.122,-0.305,0.01953,1.01269,0.02392,28.96
$IMU,26894.844,0.488,-0.183,-0.183,0.02050,1.01171,0.02343,28.96
$MAG,26894.846,-0.561,-0.517,-0.400,27.6
$IMU,26894.846,0.793,-0.244,-0.122,0.02001,1.01269,0.02343,28.96
$IMU,26894.848,1.037,-0.122,-0.305,0.01953,1.00732,0.02148,28.96
$IMU,26894.851,1.281,-0.061,-0.244,0.01904,1.01123,0.02050,28.96
$IMU,26894.853,1.586,-0.183,-0.305,0.01611,1.01025,0.02099,28.96
$IMU,26894.855,1.770,-0.061,-0.305,0.01904,1.01269,0.02050,28.96
$MAG,26894.856,-0.565,-0.514,-0.400,27.8
$IMU,26894.858,1.953,-0.061,-0.305,0.01855,1.01464,0.01904,28.98
$IMU,26894.860,2.014,-0.122,-0.305,0.02197,1.00878,0.01660,28.98
$IMU,26894.862,2.075,0.122,-0.244,0.01757,1.00927,0.01757,28.98
$IMU,26894.865,2.136,-0.122,-0.122,0.01855,1.00976,0.01806,28.98
$MAG,26894.866,-0.562,-0.519,-0.402,27.7
$IMU,26894.867,2.136,-0.244,-0.183,0.02001,1.01074,0.01562,28.98
$IMU,26894.869,1.892,0.000,-0.122,0.02294,1.01269,0.01367,28.98
$IMU,26894.872,1.708,-0.061,-0.183,0.02050,1.01367,0.01416,28.98
$IMU,26894.874,1.281,-0.122,-0.183,0.02294,1.01220,0.01416,28.98
$IMU,26894.877,0.854,0.000,-0.061,0.02441,1.00781,0.01123,28.94
$MAG,26894.876,-0.567,-0.517,-0.406,27.7
$IMU,26894.879,0.488,-0.183,0.000,0.02783,1.01220,0.00878,28.94
$IMU,26894.881,0.122,-0.183,0.000,0.02294,1.01171,0.00830,28.94
$IMU,26894.884,0.000,0.000,0.061,0.02246,1.01513,0.00634,28.94
$MAG,26894.886,-0.567,-0.513,-0.402,27.7
$IMU,26894.886,0.122,0.000,-0.244,0.02148,1.01416,0.00488,28.94
$IMU,26894.888,0.488,-0.183,-0.671,0.01464,1.01562,0.00341,28.94
$IMU,26894.891,0.793,-0.183,-1.098,0.01318,1.01416,0.00390,28.94
$IMU,26894.893,0.732,0.000,-1.403,0.00830,1.00634,0.01171,28.94
$IMU,26894.895,0.427,0.000,-1.159,0.00390,1.00146,0.00927,28.94
$MAG,26894.896,-0.558,-0.520,-0.405,27.7
$IMU,26894.898,-0.061,0.061,-0.366,0.00390,1.00878,0.00878,28.94
$IMU,26894.900,-0.305,0.000,0.427,0.00439,1.01513,0.00683,28.94
$IMU,26894.902,-0.183,0.000,1.037,0.01074,1.02294,0.00146,28.94
$IMU,26894.905,0.000,-0.061,1.098,0.01611,1.02880,0.00195,28.94
$MAG,26894.906,-0.570,-0.519,-0.402,27.8
$BARO,26894.907,86874.47,28.78
$IMU,26894.907,-0.244,-0.061,0.732,0.02636,1.03320,0.00927,28.94
$IMU,26894.909,-1.098,-0.061,0.244,0.03271,1.03173,0.01318,28.94
$IMU,26894.912,-2.258,0.000,-0.122,0.03857,1.02490,0.01806,28.94
$IMU,26894.914,-3.356,-0.061,-0.244,0.03808,1.01708,0.01562,28.93
$MAG,26894.916,-0.562,-0.520,-0.400,27.7
$IMU,26894.916,-4.089,0.000,-0.305,0.03564,1.01806,0.01562,28.93
$IMU,26894.919,-4.394,-0.122,-0.183,0.03271,1.02197,0.01757,28.93
$IMU,26894.921,-4.577,-0.122,0.061,0.03173,1.01806,0.01806,28.93
$IMU,26894.923,-4.699,-0.122,0.061,0.02783,1.01757,0.02148,28.93
$IMU,26894.926,-4.516,-0.122,-0.122,0.02246,1.01171,0.02343,28.93
$MAG,26894.927,-0.571,-0.520,-0.405,27.7
$IMU,26894.928,-4.455,-0.061,-0.366,0.01220,1.00244,0.02197,28.93
$IMU,26894.930,-4.028,-0.305,-0.854,0.00390,0.99267,0.02392,28.93
$IMU,26894.933,-3.173,-0.183,-1.159,-0.00537,0.98828,0.02294,28.92
$IMU,26894.935,-2.075,-0.122,-1.159,-0.00683,0.98681,0.02050,28.92
$MAG,26894.937,-0.574,-0.514,-0.406,27.7
$IMU,26894.937,-0.793,0.000,-0.732,-0.01074,0.98925,0.02343,28.92
$IMU,26894.940,0.427,0.061,-0.122,-0.00244,0.98876,0.02783,28.92
$IMU,26894.942,1.525,-0.061,0.793,0.00830,0.99169,0.02685,28.92
$IMU,26894.945,2.380,-0.061,1.525,0.01513,0.99853,0.02148,28.92
$MAG,26894.947,-0.567,-0.520,-0.405,27.7
$IMU,26894.947,3.051,-0.244,1.647,0.02148,1.00634,0.01953,28.92
$IMU,26894.949,3.601,-0.244,0.915,0.02490,1.01513,0.01806,28.92
$IMU,26894.952,3.723,-0.122,-0.061,0.03320,1.02539,0.01806,28.93
$IMU,26894.954,3.662,0.000,-0.915,0.03369,1.02832,0.01953,28.93
$IMU,26894.956,3.479,0.000,-1.525,0.03662,1.02685,0.01953,28.93
$MAG,26894.957,-0.567,-0.510,-0.400,27.7
$IMU,26894.959,3.173,0.061,-1.464,0.03759,1.02343,0.02099,28.93
$IMU,26894.961,2.685,-0.061,-0.915,0.03173,1.02734,0.01611,28.93
$IMU,26894.963,2.197,-0.122,-0.244,0.02880,1.02539,0.01318,28.93
$HUM,26894.965,34.8,29.2
$IMU,26894.966,1.708,-0.122,0.122,0.02392,1.03173,0.01367,28.93
$MAG,26894.967,-0.559,-0.514,-0.400,27.7
$IMU,26894.968,1.220,-0.244,0.000,0.02001,1.03320,0.01513,28.93
$IMU,26894.970,0.671,-0.183,-0.427,0.01904,1.02734,0.00976,28.91
$IMU,26894.973,0.305,-0.183,-1.098,0.01513,1.02539,0.01171,28.91
$IMU,26894.975,-0.122,-0.061,-1.525,0.00732,1.02490,0.01171,28.91
$MAG,26894.977,-0.555,-0.516,-0.411,27.8
$IMU,26894.977,-0.427,-0.061,-1.525,0.00537,1.01367,0.01074,28.91
$IMU,26894.980,-0.488,0.000,-0.976,0.00292,1.00830,0.00781,28.91
$IMU,26894.982,-0.305,0.000,-0.122,0.00488,1.00732,0.00732,28.91
$IMU,26894.984,-0.183,-0.183,0.732,0.00732,1.00537,0.00976,28.91
$MAG,26894.987,-0.567,-0.513,-0.406,27.7
$IMU,26894.987,-0.244,-0.061,1.342,0.01318,1.00781,0.00878,28.91
$IMU,26894.989,-0.549,-0.122,1.342,0.02197,1.00878,0.01318,28.96
$IMU,26894.991,-0.976,-0.061,0.915,0.02685,1.01220,0.01025,28.96
$IMU,26894.994,-1.342,-0.061,0.305,0.02978,1.01611,0.01171,28.96
$IMU,26894.996,-1.831,-0.122,-0.305,0.02978,1.01562,0.01220,28.96
$MAG,26894.997,-0.565,-0.523,-0.400,27.6
$IMU,26894.998,-2.197,-0.061,-0.732,0.03125,1.01416,0.01367,28.96
$IMU,26895.001,-2.441,-0.061,-0.671,0.03076,1.01220,0.01660,28.96
$IMU,26895.003,-2.502,0.061,-0.488,0.02490,1.00390,0.01562,28.96
$IMU,26895.006,-2.502,-0.183,-0.061,0.01904,0.99951,0.01757,28.96
$MAG,26895.007,-0.565,-0.511,-0.400,27.6
$BARO,26895.008,86864.52,28.78
$IMU,26895.008,-2.502,-0.122,0.305,0.01757,0.99902,0.01806,28.94
$IMU,26895.010,-2.441,-0.244,0.366,0.01708,0.99755,0.02050,28.94
$IMU,26895.013,-2.319,-0.183,0.122,0.01660,1.00000,0.01904,28.94
$IMU,26895.015,-1.892,-0.061,-0.183,0.01025,1.00048,0.01513,28.94
$MAG,26895.017,-0.571,-0.520,-0.399,27.6
$IMU,26895.017,-1.342,-0.183,-0.427,0.00878,1.00195,0.01855,28.94
$IMU,26895.020,-0.732,0.000,-0.671,0.00976,1.00390,0.01953,28.94
$IMU,26895.022,-0.061,-0.061,-0.549,0.00878,1.00292,0.01953,28.94
$IMU,26895.024,0.366,-0.244,-0.061,0.01269,1.00195,0.02148,28.94
$IMU,26895.027,0.671,0.061,0.305,0.01611,1.00976,0.02197,28.98
$MAG,26895.027,-0.565,-0.522,-0.402,27.7
$IMU,26895.029,0.854,0.122,0.671,0.02050,1.01562,0.02246,28.98
$IMU,26895.031,1.037,0.000,0.549,0.02392,1.02148,0.02148,28.98
$IMU,26895.034,1.098,-0.122,0.305,0.02587,1.03027,0.02148,28.98
$IMU,26895.036,0.854,-0.122,-0.122,0.03271,1.03662,0.01904,28.98
$MAG,26895.038,-0.559,-0.519,-0.397,27.7
$IMU,26895.038,0.671,-0.183,-0.488,0.03417,1.03759,0.01953,28.98
$IMU,26895.041,0.244,-0.061,-0.854,0.03369,1.03759,0.01757,28.98
$IMU,26895.043,0.000,0.000,-0.915,0.02929,1.03369,0.01904,28.98
$IMU,26895.045,-0.244,-0.061,-0.854,0.02929,1.02734,0.01757,28.92
$MAG,26895.048,-0.573,-0.513,-0.402,27.7
$IMU,26895.048,-0.366,-0.366,-0.732,0.02343,1.02148,0.01855,28.92
$IMU,26895.050,-0.366,-0.244,-0.610,0.01904,1.01855,0.01660,28.92
$IMU,26895.052,-0.366,-0.183,-0.427,0.01708,1.01708,0.01953,28.92
$IMU,26895.055,-0.366,-0.122,-0.366,0.01367,1.01220,0.01611,28.92
$IMU,26895.057,-0.183,-0.244,-0.488,0.00927,1.01074,0.01367,28.92
$MAG,26895.058,-0.564,-0.516,-0.393,27.6
$IMU,26895.059,0.183,-0.183,-0.732,0.00976,1.00537,0.01953,28.92
$IMU,26895.062,0.427,-0.122,-0.732,0.00537,1.00048,0.01708,28.92
$IMU,26895.064,0.915,-0.244,-0.671,0.00244,0.99462,0.01464,28.91
$IMU,26895.067,1.220,0.061,-0.366,0.00146,0.99072,0.01367,28.91
$MAG,26895.068,-0.559,-0.511,-0.399,27.7
$IMU,26895.069,1.403,0.000,0.183,0.00439,0.99072,0.01562,28.91
$IMU,26895.071,1.647,-0.244,0.610,0.00976,0.99023,0.01660,28.91
$IMU,26895.074,1.525,-0.122,0.915,0.01367,1.00000,0.01318,28.91
$IMU,26895.076,1.281,-0.183,0.793,0.01757,1.00537,0.01171,28.91
$MAG,26895.078,-0.567,-0.511,-0.406,27.7
$IMU,26895.078,1.037,-0.061,0.488,0.02294,1.00878,0.01123,28.91
$IMU,26895.081,0.793,-0.061,0.000,0.02490,1.01464,0.00634,28.91
$IMU,26895.083,0.549,-0.244,-0.427,0.02587,1.01513,0.00927,28.94
$IMU,26895.085,0.244,-0.244,-0.671,0.02490,1.01562,0.00732,28.94
$MAG,26895.088,-0.565,-0.513,-0.400,27.7
$IMU,26895.088,-0.122,-0.244,-0.610,0.02294,1.01562,0.01025,28.94
$IMU,26895.090,-0.549,-0.122,-0.366,0.01953,1.01220,0.01074,28.94
$IMU,26895.092,-0.793,-0.122,-0.122,0.01855,1.01269,0.00830,28.94
$IMU,26895.095,-0.976,-0.061,0.122,0.02099,1.01708,0.00976,28.94
$IMU,26895.097,-0.976,-0.183,0.183,0.01855,1.01953,0.01171,28.94
$MAG,26895.098,-0.559,-0.508,-0.405,27.7
$IMU,26895.099,-0.915,-0.122,0.000,0.02001,1.02099,0.00927,28.94
$IMU,26895.102,-0.793,-0.061,-0.122,0.01708,1.02148,0.01171,29.00
$IMU,26895.104,-0.854,-0.061,-0.244,0.02148,1.02148,0.00976,29.00
$IMU,26895.106,-0.854,-0.122,-0.305,0.02343,1.01416,0.01367,29.00
$MAG,26895.108,-0.564,-0.516,-0.402,27.6
$IMU,26895.109,-0.915,0.000,-0.183,0.02392,1.01171,0.01220,29.00
$BARO,26895.110,86862.31,28.78
$IMU,26895.111,-0.793,-0.061,0.061,0.02392,1.01318,0.01513,29.00
$IMU,26895.113,-0.854,-0.122,0.122,0.02050,1.01660,0.01464,29.00
$IMU,26895.116,-1.037,-0.061,0.183,0.02294,1.01513,0.01220,29.00
$MAG,26895.118,-0.570,-0.528,-0.403,27.8
$IMU,26895.118,-1.159,0.000,0.000,0.02392,1.01953,0.01660,29.00
$IMU,26895.120,-1.342,-0.122,-0.183,0.02294,1.01708,0.01708,28.96
$IMU,26895.123,-1.586,-0.061,-0.366,0.02294,1.02197,0.01708,28.96
$IMU,26895.125,-1.770,-0.061,-0.549,0.02001,1.01269,0.01855,28.96
$IMU,26895.128,-1.953,-0.122,-0.549,0.02148,1.00976,0.01708,28.96
$MAG,26895.128,-0.565,-0.522,-0.402,28.0
$IMU,26895.130,-2.014,-0.061,-0.366,0.01562,1.00732,0.01855,28.96
$IMU,26895.132,-2.014,0.000,-0.183,0.01513,1.00781,0.01904,28.96
$IMU,26895.135,-1.892,-0.122,-0.122,0.01416,1.00341,0.02050,28.96
$IMU,26895.137,-1.708,-0.183,-0.061,0.01513,1.00634,0.02246,28.96
$MAG,26895.138,-0.570,-0.528,-0.409,27.7
$IMU,26895.139,-1.525,-0.244,-0.122,0.01611,1.00537,0.02050,28.94
$IMU,26895.142,-1.342,-0.061,-0.244,0.01562,1.00488,0.02148,28.94
$IMU,26895.144,-1.037,0.000,-0.305,0.01513,1.00781,0.02001,28.94
$IMU,26895.146,-0.671,0.000,-0.366,0.01708,1.00781,0.02392,28.94
$MAG,26895.149,-0.568,-0.510,-0.411,28.1
$IMU,26895.149,-0.305,-0.122,-0.366,0.01562,1.00292,0.02441,28.94
$IMU,26895.151,-0.122,-0.122,-0.244,0.01513,1.00439,0.02441,28.94
$IMU,26895.153,0.122,-0.061,-0.061,0.01660,1.01025,0.02197,28.94
$IMU,26895.156,0.305,0.000,0.183,0.01464,1.00976,0.02343,28.94
$IMU,26895.158,0.427,-0.061,0.183,0.02050,1.01416,0.02246,28.96
$MAG,26895.159,-0.565,-0.510,-0.406,27.8
$IMU,26895.160,0.610,-0.183,0.244,0.02197,1.01806,0.02246,28.96
$IMU,26895.163,0.732,-0.183,0.183,0.02539,1.02001,0.02001,28.96
$IMU,26895.165,0.671,-0.244,0.000,0.02441,1.02050,0.02343,28.96
$IMU,26895.167,0.671,0.000,-0.122,0.02294,1.02148,0.02050,28.96
$MAG,26895.169,-0.561,-0.517,-0.399,27.8
$IMU,26895.170,0.610,-0.122,-0.183,0.02539,1.01953,0.01806,28.96
$IMU,26895.172,0.610,-0.122,-0.244,0.02343,1.02197,0.01855,28.96
$IMU,26895.174,0.732,-0.183,-0.366,0.02294,1.01757,0.01806,28.96
$IMU,26895.177,0.854,-0.122,-0.366,0.02246,1.01464,0.01757,28.95
$MAG,26895.179,-0.567,-0.517,-0.412,27.7
$IMU,26895.179,0.976,-0.061,-0.366,0.01855,1.02050,0.01660,28.95
$IMU,26895.181,1.037,-0.061,-0.427,0.01757,1.01757,0.01611,28.95
$IMU,26895.184,1.159,-0.061,-0.427,0.01464,1.01171,0.01220,28.95
$IMU,26895.186,1.342,-0.122,-0.427,0.01660,1.01025,0.01562,28.95
$MAG,26895.189,-0.567,-0.514,-0.412,27.7
$IMU,26895.189,1.464,-0.244,-0.366,0.01367,1.01074,0.01220,28.95
$IMU,26895.191,1.464,0.061,-0.366,0.01611,1.00781,0.01269,28.95
$IMU,26895.193,1.525,0.000,-0.244,0.01562,1.00683,0.00781,28.95
$IMU,26895.196,1.525,-0.061,0.000,0.01611,1.00976,0.00878,28.93
$IMU,26895.198,1.403,0.000,0.061,0.02197,1.00781,0.00830,28.93
$MAG,26895.199,-0.559,-0.510,-0.405,27.6
$IMU,26895.200,1.281,-0.244,0.000,0.01855,1.00830,0.00976,28.93
$IMU,26895.203,0.976,-0.122,-0.061,0.01806,1.00781,0.00683,28.93
$IMU,26895.205,0.732,-0.183,-0.122,0.02148,1.01513,0.00634,28.93
$IMU,26895.207,0.305,-0.061,-0.366,0.02441,1.01269,0.00683,28.93
$MAG,26895.209,-0.559,-0.514,-0.406,28.1
$IMU,26895.210,0.061,-0.183,-0.488,0.02099,1.01416,0.00585,28.93
$BARO,26895.211,86870.57,28.78
$IMU,26895.212,-0.183,-0.244,-0.488,0.02148,1.01220,0.00683,28.93
$IMU,26895.214,-0.549,-0.183,-0.427,0.02050,1.01318,0.00634,28.94
$IMU,26895.217,-0.854,0.000,-0.305,0.01806,1.00976,0.00683,28.94
$MAG,26895.219,-0.562,-0.514,-0.402,27.7
$IMU,26895.219,-1.098,-0.122,-0.122,0.01660,1.01318,0.00683,28.94
$IMU,26895.221,-1.464,0.061,-0.061,0.01513,1.01367,0.00830,28.94
$IMU,26895.224,-1.647,-0.061,0.000,0.01562,1.01123,0.00976,28.94
$IMU,26895.226,-1.831,-0.122,-0.122,0.01464,1.01074,0.01123,28.94
$IMU,26895.228,-2.014,-0.061,-0.122,0.01806,1.01171,0.01416,28.94
$MAG,26895.229,-0.564,-0.513,-0.409,28.1
$TIME,26895.231,510810.000,2399
$IMU,26895.231,-2.136,0.061,-0.122,0.01855,1.01220,0.01318,28.94
$IMU,26895.233,-2.197,-0.122,-0.061,0.01904,1.01220,0.01269,28.94
$IMU,26895.235,-2.197,-0.061,0.061,0.01855,1.01318,0.01416,28.94
$IMU,26895.238,-2.258,0.000,0.122,0.01660,1.01318,0.01464,28.94
$MAG,26895.239,-0.567,-0.525,-0.400,27.7
$IMU,26895.240,-2.380,0.000,0.244,0.01806,1.01464,0.01708,28.94
$IMU,26895.242,-2.319,-0.122,0.244,0.02343,1.01416,0.01904,28.94
$IMU,26895.245,-2.258,-0.061,0.183,0.02197,1.01464,0.01660,28.94
$IMU,26895.247,-2.258,-0.122,0.061,0.01904,1.01513,0.02001,28.94
$MAG,26895.249,-0.571,-0.520,-0.400,28.0
$IMU,26895.250,-2.197,0.000,-0.122,0.02001,1.01660,0.02099,28.94
$IMU,26895.252,-2.014,-0.061,-0.183,0.02392,1.01757,0.02294,28.96
$IMU,26895.254,-1.831,-0.366,-0.244,0.02490,1.01464,0.02246,28.96
$IMU,26895.257,-1.647,-0.122,-0.122,0.01806,1.01562,0.02392,28.96
$IMU,26895.259,-1.464,0.061,-0.183,0.01904,1.01367,0.02343,28.96
$MAG,26895.260,-0.559,-0.513,-0.408,27.8
$IMU,26895.261,-1.220,-0.244,-0.122,0.01660,1.01123,0.02392,28.96
$IMU,26895.264,-0.793,0.000,-0.122,0.02001,1.01416,0.02441,28.96
$IMU,26895.266,-0.488,-0.061,-0.122,0.02001,1.01367,0.02392,28.96
$IMU,26895.268,-0.183,-0.244,-0.183,0.01953,1.01269,0.02246,28.96
$MAG,26895.270,-0.568,-0.519,-0.408,27.8
$IMU,26895.271,0.183,-0.122,-0.244,0.01660,1.01074,0.02343,28.99
$IMU,26895.273,0.427,-0.061,-0.244,0.01708,1.00878,0.02099,28.99
$IMU,26895.275,0.732,0.000,-0.305,0.01660,1.00976,0.02246,28.99
$IMU,26895.278,1.037,-0.061,-0.305,0.01757,1.00781,0.02294,28.99
$MAG,26895.280,-0.562,-0.510,-0.406,27.8
$IMU,26895.280,1.281,0.000,-0.366,0.01904,1.00683,0.02197,28.99
$IMU,26895.282,1.647,-0.183,-0.305,0.01904,1.00976,0.01757,28.99
$IMU,26895.285,1.708,0.000,-0.305,0.02050,1.00927,0.02050,28.99
$IMU,26895.287,1.892,-0.061,-0.305,0.01953,1.01220,0.01611,28.99
$IMU,26895.289,2.197,-0.305,-0.366,0.02099,1.01367,0.01562,28.92
$MAG,26895.290,-0.558,-0.520,-0.408,27.7
$IMU,26895.292,2.197,-0.183,-0.427,0.02148,1.01513,0.01513,28.92
$IMU,26895.294,2.197,-0.061,-0.366,0.01855,1.01806,0.01416,28.92
$IMU,26895.296,2.136,-0.183,-0.488,0.01757,1.01708,0.01464,28.92
$IMU,26895.299,2.075,-0.183,-0.488,0.01708,1.01562,0.01416,28.92
$MAG,26895.300,-0.571,-0.514,-0.409,27.8
$IMU,26895.301,1.892,-0.183,-0.427,0.02099,1.01562,0.01171,28.92
$IMU,26895.303,1.586,-0.122,-0.366,0.01953,1.01660,0.01318,28.92
$IMU,26895.306,1.403,-0.183,-0.305,0.01855,1.01806,0.00732,28.92
$IMU,26895.308,1.037,0.000,-0.122,0.01708,1.01611,0.00830,28.96
$MAG,26895.310,-0.567,-0.514,-0.390,27.8
$IMU,26895.311,0.671,-0.061,-0.122,0.01806,1.00976,0.01025,28.96
$BARO,26895.313,86873.59,28.78
$IMU,26895.313,0.427,-0.122,-0.122,0.01269,1.01171,0.00830,28.96
$IMU,26895.315,0.061,0.000,-0.061,0.01562,1.01074,0.00781,28.96
$IMU,26895.318,-0.244,-0.061,-0.122,0.01513,1.01123,0.00732,28.96
$MAG,26895.320,-0.565,-0.513,-0.406,27.7
$IMU,26895.320,-0.610,-0.183,-0.061,0.01611,1.00830,0.00732,28.96
$IMU,26895.322,-0.793,-0.122,-0.061,0.01757,1.00830,0.00878,28.96
$IMU,26895.325,-1.098,0.000,-0.122,0.01708,1.00976,0.01171,28.96
$IMU,26895.327,-1.342,-0.244,0.061,0.01855,1.00830,0.00830,28.98
$IMU,26895.329,-1.586,-0.122,0.122,0.01855,1.00927,0.00878,28.98
$MAG,26895.330,-0.570,-0.517,-0.408,27.7
$IMU,26895.332,-1.770,0.000,0.183,0.01757,1.00878,0.00878,28.98
$IMU,26895.334,-1.953,-0.061,0.122,0.01708,1.01123,0.00976,28.98
$IMU,26895.336,-2.014,-0.183,0.122,0.02001,1.01074,0.01220,28.98
$IMU,26895.339,-2.014,-0.244,0.000,0.02001,1.00927,0.01416,28.98
$MAG,26895.340,-0.564,-0.514,-0.406,27.7
$IMU,26895.341,-2.136,-0.061,0.000,0.02343,1.01562,0.01464,28.98
$IMU,26895.343,-2.136,-0.122,0.000,0.02294,1.01464,0.01464,28.98
$IMU,26895.346,-2.197,-0.061,-0.061,0.02197,1.01123,0.02148,28.99
$IMU,26895.348,-2.136,-0.122,-0.061,0.01806,1.01611,0.01806,28.99
$MAG,26895.350,-0.564,-0.526,-0.397,28.0
$IMU,26895.350,-1.953,-0.244,-0.122,0.01953,1.01708,0.01757,28.99
$IMU,26895.353,-1.770,-0.183,-0.061,0.02148,1.01464,0.01904,28.99
$IMU,26895.355,-1.647,-0.122,-0.183,0.02148,1.01611,0.02001,28.99
$IMU,26895.357,-1.464,-0.061,-0.244,0.01953,1.01464,0.02001,28.99
$MAG,26895.360,-0.561,-0.517,-0.408,27.8
$IMU,26895.360,-1.281,0.000,-0.244,0.02050,1.01220,0.02099,28.99
$IMU,26895.362,-1.037,-0.061,-0.244,0.01904,1.00927,0.01953,28.99
$IMU,26895.364,-0.732,-0.183,-0.244,0.01855,1.01464,0.02099,29.01
$IMU,26895.367,-0.366,-0.183,-0.244,0.01806,1.00878,0.01904,29.01
$IMU,26895.369,-0.122,-0.122,-0.183,0.01953,1.00927,0.02294,29.01
$MAG,26895.371,-0.565,-0.514,-0.403,27.8
$IMU,26895.372,0.122,-0.061,-0.244,0.02001,1.01367,0.02246,29.01
$IMU,26895.374,0.366,-0.061,-0.244,0.01953,1.01513,0.02099,29.01
$IMU,26895.376,0.671,-0.122,-0.183,0.01855,1.01562,0.02294,29.01
$IMU,26895.379,0.915,-0.122,-0.244,0.02001,1.01562,0.01855,29.01
$IMU,26895.381,0.854,0.000,-0.305,0.01806,1.01220,0.02246,29.01
$MAG,26895.381,-0.565,-0.519,-0.406,27.7
$IMU,26895.383,0.976,-0.122,-0.244,0.02001,1.01025,0.01953,28.94
$IMU,26895.386,1.037,0.000,-0.244,0.01904,1.01074,0.01806,28.94
$IMU,26895.388,1.159,-0.061,-0.244,0.01708,1.01171,0.01806,28.94
$IMU,26895.390,1.098,-0.061,-0.244,0.01953,1.01464,0.01708,28.94
$MAG,26895.391,-0.567,-0.517,-0.402,28.0
$IMU,26895.393,1.098,-0.061,-0.183,0.01953,1.01025,0.01367,28.94
$IMU,26895.395,1.037,-0.183,-0.122,0.02050,1.01171,0.01464,28.94
$IMU,26895.397,0.854,-0.061,-0.244,0.02050,1.01513,0.01513,28.94
$IMU,26895.400,0.732,0.000,-0.305,0.01660,1.01074,0.01464,28.94
$MAG,26895.401,-0.562,-0.514,-0.399,28.0
$IMU,26895.402,0.732,-0.061,-0.244,0.01757,1.01464,0.01611,29.01
$IMU,26895.404,0.671,-0.061,-0.183,0.01904,1.01367,0.01269,29.01
$IMU,26895.407,0.427,0.061,-0.183,0.02099,1.01025,0.01513,29.01
$IMU,26895.409,0.366,0.000,-0.122,0.01660,1.01367,0.01171,29.01
$MAG,26895.411,-0.564,-0.517,-0.405,27.7
$IMU,26895.411,0.305,-0.183,-0.122,0.02001,1.00976,0.01123,29.01
$BARO,26895.414,86861.26,28.79
$IMU,26895.414,0.183,-0.183,0.000,0.02050,1.01562,0.01025,29.01
$IMU,26895.416,0.000,-0.061,0.000,0.02197,1.01220,0.01074,29.01
$IMU,26895.418,-0.061,-0.122,-0.122,0.02294,1.01220,0.01025,29.01
$MAG,26895.421,-0.561,-0.513,-0.402,27.8
$IMU,26895.421,-0.244,0.061,-0.061,0.02392,1.01708,0.00878,28.95
$IMU,26895.423,-0.488,0.061,-0.061,0.01953,1.01708,0.01171,28.95
$IMU,26895.425,-0.610,0.000,-0.122,0.01953,1.01513,0.01513,28.95
$IMU,26895.428,-0.915,-0.061,-0.183,0.02099,1.01464,0.01562,28.95
$IMU,26895.430,-1.037,-0.061,-0.305,0.02001,1.01367,0.01562,28.95
$MAG,26895.431,-0.561,-0.520,-0.411,28.0
$IMU,26895.432,-1.281,-0.183,-0.244,0.01855,1.01220,0.01171,28.95
$IMU,26895.435,-1.342,-0.122,-0.244,0.01708,1.01171,0.01171,28.95
$IMU,26895.437,-1.525,-0.061,-0.244,0.01708,1.01074,0.01416,28.95
$IMU,26895.440,-1.525,-0.061,-0.244,0.01806,1.01074,0.01220,28.97
$MAG,26895.441,-0.556,-0.517,-0.406,27.6
$IMU,26895.442,-1.342,-0.183,-0.183,0.01464,1.01123,0.01513,28.97
$IMU,26895.444,-1.342,-0.122,-0.061,0.01611,1.00927,0.01562,28.97
$IMU,26895.447,-1.281,-0.183,-0.061,0.01708,1.01025,0.01806,28.97
$IMU,26895.449,-1.281,0.061,-0.061,0.01757,1.00830,0.01464,28.97
$MAG,26895.451,-0.567,-0.520,-0.396,27.7
$IMU,26895.451,-1.098,0.000,-0.122,0.01513,1.00683,0.01660,28.97
$IMU,26895.454,-0.915,-0.122,-0.061,0.01220,1.00683,0.02001,28.97
$IMU,26895.456,-0.793,-0.061,0.000,0.02050,1.00830,0.01757,28.97
$IMU,26895.458,-0.732,0.000,0.061,0.01708,1.00683,0.01708,28.98
$MAG,26895.461,-0.573,-0.511,-0.400,27.7
$IMU,26895.461,-0.610,-0.061,0.000,0.02050,1.00976,0.01855,28.98
$IMU,26895.463,-0.427,-0.061,-0.061,0.01855,1.01074,0.01757,28.98
$IMU,26895.465,-0.244,-0.183,-0.061,0.02050,1.01416,0.01953,28.98
$IMU,26895.468,-0.122,-0.183,-0.183,0.02050,1.01904,0.02050,28.98
$IMU,26895.470,-0.061,-0.122,-0.244,0.01953,1.02197,0.01855,28.98
$MAG,26895.471,-0.568,-0.513,-0.397,27.8
$IMU,26895.472,-0.061,-0.122,-0.244,0.01904,1.02050,0.01611,28.98
$IMU,26895.475,0.000,-0.122,-0.244,0.02294,1.02148,0.01708,28.98
$IMU,26895.477,-0.061,-0.061,-0.244,0.02246,1.01806,0.02001,28.97
$IMU,26895.479,0.061,-0.183,-0.244,0.01562,1.02001,0.01806,28.97
$MAG,26895.482,-0.570,-0.516,-0.400,27.7
$IMU,26895.482,0.122,-0.061,-0.183,0.01953,1.01611,0.01904,28.97
$IMU,26895.484,0.183,-0.122,-0.244,0.01904,1.01416,0.01757,28.97
$IMU,26895.486,0.183,-0.122,-0.244,0.02099,1.01513,0.01806,28.97
$IMU,26895.489,0.366,-0.122,-0.244,0.01660,1.01367,0.01806,28.97
$IMU,26895.491,0.427,-0.122,-0.305,0.01953,1.01269,0.01611,28.97
$MAG,26895.492,-0.555,-0.514,-0.409,27.7
$IMU,26895.493,0.488,0.000,-0.305,0.02001,1.01123,0.01464,28.97
$IMU,26895.496,0.610,-0.122,-0.244,0.01513,1.01074,0.01513,28.92
$IMU,26895.498,0.488,0.122,-0.244,0.01806,1.00927,0.01416,28.92
$IMU,26895.501,0.488,0.000,-0.244,0.01806,1.01318,0.01708,28.92
$MAG,26895.502,-0.573,-0.516,-0.403,28.1
$IMU,26895.503,0.671,-0.183,-0.183,0.01660,1.00976,0.01562,28.92
$IMU,26895.505,0.549,-0.061,-0.183,0.01757,1.01171,0.00976,28.92
$IMU,26895.508,0.488,-0.061,-0.122,0.01611,1.01367,0.01367,28.92
$IMU,26895.510,0.305,0.061,-0.183,0.01904,1.01318,0.01562,28.92
$MAG,26895.512,-0.570,-0.514,-0.406,28.1
$IMU,26895.512,0.183,0.000,-0.183,0.01562,1.00927,0.01269,28.92
$IMU,26895.515,0.183,-0.122,-0.244,0.01562,1.01074,0.01367,28.98
$BARO,26895.516,86856.02,28.79
$IMU,26895.517,0.000,-0.183,-0.061,0.01953,1.01269,0.01123,28.98
$IMU,26895.519,0.061,-0.183,-0.122,0.01708,1.01074,0.01123,28.98
$MAG,26895.522,-0.570,-0.525,-0.405,27.8
$IMU,26895.522,-0.183,-0.122,-0.183,0.02001,1.00976,0.01464,28.98
$IMU,26895.524,-0.244,-0.122,-0.122,0.02001,1.00927,0.01171,28.98
$IMU,26895.526,-0.366,-0.061,-0.122,0.01953,1.01416,0.01171,28.98
$IMU,26895.529,-0.427,-0.061,-0.244,0.02050,1.01269,0.01367,28.98
$IMU,26895.531,-0.488,-0.183,-0.122,0.02197,1.01123,0.01416,28.98
$MAG,26895.532,-0.568,-0.516,-0.402,28.1
$IMU,26895.533,-0.610,0.000,-0.122,0.01757,1.01220,0.01367,28.96
$IMU,26895.536,-0.610,-0.122,-0.183,0.01953,1.01513,0.01171,28.96
$IMU,26895.538,-0.793,-0.061,-0.183,0.02099,1.01318,0.01220,28.96
$IMU,26895.540,-0.915,0.061,-0.061,0.01806,1.01220,0.01513,28.96
$MAG,26895.542,-0.562,-0.513,-0.397,27.6
$IMU,26895.543,-0.976,-0.061,-0.061,0.01904,1.01416,0.01513,28.96
$IMU,26895.545,-0.976,-0.061,-0.061,0.02050,1.01123,0.01464,28.96
$IMU,26895.547,-0.976,-0.122,-0.061,0.02197,1.01708,0.01660,28.96
$IMU,26895.550,-1.098,0.000,0.000,0.02099,1.01318,0.01416,28.96
$MAG,26895.552,-0.561,-0.519,-0.412,28.0
$IMU,26895.552,-1.159,0.000,-0.122,0.01953,1.01367,0.01416,28.94
$IMU,26895.554,-1.098,-0.244,-0.122,0.02099,1.01220,0.01513,28.94
$IMU,26895.557,-1.159,-0.061,-0.122,0.01904,1.01171,0.01806,28.94
$IMU,26895.559,-1.159,0.000,-0.183,0.02001,1.01123,0.01757,28.94
$MAG,26895.562,-0.567,-0.520,-0.402,27.8
$IMU,26895.562,-1.159,0.000,-0.122,0.01855,1.01171,0.01855,28.94
$IMU,26895.564,-1.098,0.000,0.000,0.02246,1.01416,0.01904,28.94
$IMU,26895.566,-0.976,-0.122,-0.122,0.02197,1.01269,0.01855,28.94
$IMU,26895.569,-0.976,0.000,-0.183,0.01953,1.01464,0.01562,28.94
$IMU,26895.571,-0.854,0.000,-0.122,0.02148,1.01171,0.01611,28.94
$MAG,26895.572,-0.571,-0.519,-0.405,27.7
$IMU,26895.573,-0.671,-0.122,-0.244,0.02148,1.01367,0.01953,28.94
$IMU,26895.576,-0.549,0.061,-0.244,0.01953,1.01123,0.02050,28.94
$IMU,26895.578,-0.305,-0.122,-0.244,0.02050,1.01025,0.01757,28.94
$IMU,26895.580,-0.122,0.000,-0.183,0.01806,1.01171,0.02099,28.94
$MAG,26895.582,-0.562,-0.513,-0.400,27.8
$IMU,26895.583,0.122,-0.122,-0.183,0.01757,1.01220,0.01904,28.94
$IMU,26895.585,0.122,-0.061,-0.183,0.01855,1.01123,0.01904,28.94
$IMU,26895.587,0.183,0.061,-0.183,0.01757,1.01318,0.01806,28.94
$IMU,26895.590,0.366,0.061,-0.244,0.01953,1.01562,0.01953,28.98
$MAG,26895.592,-0.571,-0.520,-0.405,27.7
$IMU,26895.592,0.488,-0.061,-0.244,0.01708,1.01464,0.01464,28.98
$IMU,26895.594,0.732,-0.305,-0.183,0.02246,1.01708,0.01708,28.98
$IMU,26895.597,0.671,-0.244,-0.305,0.02197,1.01171,0.01953,28.98
$IMU,26895.599,0.610,0.061,-0.244,0.02001,1.01074,0.01855,28.98
$IMU,26895.601,0.671,0.000,-0.183,0.02148,1.01416,0.01416,28.98
$MAG,26895.603,-0.562,-0.517,-0.399,27.7
$IMU,26895.604,0.732,-0.061,-0.305,0.02197,1.01367,0.01562,28.98
$IMU,26895.606,0.854,-0.122,-0.244,0.02001,1.01367,0.01562,28.98
$IMU,26895.608,0.854,-0.183,-0.305,0.01855,1.01171,0.01171,28.96
$IMU,26895.611,0.671,0.000,-0.244,0.01904,1.01220,0.01123,28.96
$MAG,26895.613,-0.567,-0.520,-0.406,27.7
$IMU,26895.613,0.610,-0.122,-0.305,0.02148,1.01562,0.01562,28.96
$IMU,26895.615,0.549,-0.122,-0.244,0.01611,1.01562,0.01074,28.96
$BARO,26895.617,86854.60,28.78
$IMU,26895.618,0.549,-0.244,-0.244,0.01708,1.01025,0.01220,28.96
$IMU,26895.620,0.488,-0.061,-0.244,0.01757,1.01367,0.01220,28.96
$MAG,26895.623,-0.555,-0.525,-0.399,27.7
$IMU,26895.623,0.305,-0.061,-0.183,0.02148,1.01171,0.01220,28.96
$IMU,26895.625,0.183,-0.122,-0.183,0.01855,1.01123,0.01220,28.96
$IMU,26895.627,-0.061,0.000,-0.122,0.02001,1.01562,0.01220,28.93
$IMU,26895.630,-0.183,-0.061,-0.183,0.01806,1.01513,0.01171,28.93
$IMU,26895.632,-0.244,-0.122,-0.183,0.01757,1.01220,0.01220,28.93
$MAG,26895.633,-0.565,-0.516,-0.402,27.8
$IMU,26895.634,-0.305,-0.244,-0.244,0.01953,1.01025,0.01074,28.93
$IMU,26895.637,-0.671,-0.061,-0.183,0.01855,1.01367,0.01074,28.93
$IMU,26895.639,-0.793,0.000,-0.244,0.02050,1.01318,0.01367,28.93
$IMU,26895.641,-0.793,-0.061,-0.183,0.02001,1.01171,0.01220,28.93
$MAG,26895.643,-0.564,-0.519,-0.403,27.7
$IMU,26895.644,-1.037,-0.122,-0.122,0.01806,1.01074,0.01318,28.93
$IMU,26895.646,-1.098,-0.122,-0.183,0.01660,1.00878,0.01220,28.96
$IMU,26895.648,-1.159,0.000,-0.122,0.01953,1.01123,0.01269,28.96
$IMU,26895.651,-1.281,-0.122,-0.122,0.01855,1.01123,0.01562,28.96
$MAG,26895.653,-0.567,-0.511,-0.408,27.8
$IMU,26895.653,-1.220,-0.122,-0.122,0.02050,1.00927,0.01464,28.96
$IMU,26895.655,-1.098,-0.061,-0.061,0.01757,1.01513,0.01269,28.96
$IMU,26895.658,-1.159,-0.305,-0.122,0.01855,1.01171,0.01757,28.96
$IMU,26895.660,-1.098,-0.183,-0.122,0.01464,1.01269,0.01708,28.96
$IMU,26895.662,-1.098,0.061,-0.061,0.01708,1.01416,0.01367,28.96
$MAG,26895.663,-0.564,-0.511,-0.405,27.7
$IMU,26895.665,-0.976,-0.244,-0.061,0.02001,1.01220,0.01904,28.97
$IMU,26895.667,-0.976,-0.244,0.000,0.02148,1.01318,0.01513,28.97
$IMU,26895.669,-0.976,-0.061,0.000,0.01953,1.00976,0.01806,28.97
$IMU,26895.672,-0.976,-0.122,-0.061,0.02050,1.01025,0.01611,28.97
$IMU,26895.674,-0.915,-0.122,-0.061,0.02197,1.01269,0.01904,28.97
$MAG,26895.673,-0.559,-0.522,-0.402,28.0
$IMU,26895.676,-0.793,0.000,-0.061,0.02197,1.01806,0.01611,28.97
$IMU,26895.679,-0.793,-0.061,-0.122,0.01953,1.01464,0.01953,28.97
$IMU,26895.681,-0.671,-0.183,-0.183,0.02148,1.00976,0.01855,28.97
$MAG,26895.683,-0.561,-0.516,-0.408,27.8
$VBAT,26895.683,4.124
$IMU,26895.684,-0.488,-0.305,-0.122,0.02050,1.01269,0.01757,28.97
$IMU,26895.686,-0.427,-0.122,-0.122,0.02099,1.01318,0.01855,28.97
$IMU,26895.688,-0.244,-0.122,-0.183,0.01855,1.01318,0.01806,28.97
$IMU,26895.691,-0.183,-0.061,-0.061,0.01953,1.01464,0.02001,28.97
$MAG,26895.693,-0.562,-0.511,-0.406,27.7
$IMU,26895.693,-0.061,-0.183,-0.122,0.02343,1.01123,0.01855,28.97
$IMU,26895.695,0.000,-0.122,-0.244,0.02148,1.01220,0.01904,28.97
$IMU,26895.698,0.244,0.000,-0.244,0.01855,1.01318,0.02050,28.97
$IMU,26895.700,0.366,0.000,-0.244,0.02001,1.01464,0.02001,28.97
$IMU,26895.702,0.427,0.000,-0.183,0.01806,1.01660,0.01757,28.99
$MAG,26895.703,-0.565,-0.510,-0.405,27.7
$IMU,26895.705,0.549,0.000,-0.244,0.02001,1.01318,0.01611,28.99
$IMU,26895.707,0.671,-0.122,-0.244,0.02246,1.01220,0.01660,28.99
$IMU,26895.709,0.793,0.000,-0.183,0.01806,1.01074,0.01513,28.99
$IMU,26895.712,0.854,-0.061,-0.305,0.01708,1.01220,0.01660,28.99
$MAG,26895.714,-0.565,-0.516,-0.406,27.7
$IMU,26895.714,0.793,0.000,-0.366,0.01806,1.01416,0.01611,28.99
$IMU,26895.716,0.915,-0.122,-0.305,0.01904,1.01367,0.01318,28.99
$BARO,26895.718,86872.13,28.79
$IMU,26895.719,0.976,-0.122,-0.305,0.01660,1.01171,0.01416,28.99
$IMU,26895.721,0.854,-0.305,-0.366,0.02050,1.01269,0.01464,28.97
$IMU,26895.723,0.854,-0.183,-0.244,0.01611,1.01269,0.01367,28.97
$MAG,26895.724,-0.565,-0.513,-0.412,28.0
$IMU,26895.726,0.671,0.000,-0.244,0.01660,1.01464,0.01367,28.97
$IMU,26895.728,0.488,-0.061,-0.244,0.02001,1.01074,0.01025,28.97
$IMU,26895.730,0.427,-0.183,-0.183,0.01855,1.01416,0.01318,28.97
$IMU,26895.733,0.183,-0.061,-0.183,0.01660,1.01074,0.01416,28.97
$MAG,26895.734,-0.570,-0.516,-0.393,27.8
$IMU,26895.735,0.122,-0.183,-0.244,0.01708,1.01220,0.01220,28.97
$IMU,26895.737,-0.061,-0.183,-0.122,0.01757,1.01318,0.01025,28.97
$IMU,26895.740,-0.366,0.000,-0.122,0.01855,1.01220,0.01220,29.00
$IMU,26895.742,-0.488,-0.061,-0.061,0.01660,1.01318,0.01171,29.00
$MAG,26895.744,-0.570,-0.511,-0.409,27.8
$IMU,26895.745,-0.610,-0.183,-0.061,0.01757,1.01513,0.01171,29.00
$IMU,26895.747,-0.793,-0.244,-0.061,0.01855,1.01220,0.01367,29.00
$IMU,26895.749,-1.037,-0.061,-0.061,0.01806,1.01367,0.01513,29.00
$IMU,26895.752,-1.159,-0.061,-0.061,0.01855,1.01220,0.01611,29.00
$MAG,26895.754,-0.558,-0.522,-0.402,27.7
$IMU,26895.754,-1.220,-0.122,-0.061,0.01904,1.01806,0.01171,29.00
$IMU,26895.756,-1.159,-0.305,-0.061,0.01904,1.00976,0.01367,29.00
$IMU,26895.759,-1.403,-0.122,-0.061,0.02050,1.01367,0.01318,28.97
$IMU,26895.761,-1.403,-0.061,-0.061,0.02148,1.01367,0.01513,28.97
$IMU,26895.763,-1.281,-0.122,-0.122,0.01806,1.01464,0.01806,28.97
$MAG,26895.764,-0.568,-0.517,-0.394,27.6
$IMU,26895.766,-1.281,-0.061,-0.122,0.01660,1.01513,0.01562,28.97
$IMU,26895.768,-1.342,0.000,-0.122,0.02099,1.01123,0.01611,28.97
$IMU,26895.770,-1.159,-0.183,-0.122,0.02050,1.01171,0.01611,28.97
$IMU,26895.773,-1.037,-0.122,-0.122,0.02148,1.00976,0.02099,28.97
$MAG,26895.774,-0.567,-0.519,-0.405,27.8
$IMU,26895.775,-0.793,-0.183,-0.122,0.01708,1.01367,0.01660,28.97
$IMU,26895.777,-0.854,0.000,-0.244,0.01611,1.01562,0.01562,28.96
$IMU,26895.780,-0.610,0.000,-0.183,0.01708,1.01171,0.01953,28.96
$IMU,26895.782,-0.427,-0.061,-0.183,0.01757,1.01123,0.01953,28.96
$MAG,26895.784,-0.567,-0.519,-0.399,28.0
$IMU,26895.784,-0.244,-0.061,-0.183,0.01855,1.01123,0.01806,28.96
$IMU,26895.787,-0.122,-0.061,-0.183,0.01660,1.01318,0.01708,28.96
$IMU,26895.789,0.061,0.061,-0.244,0.01904,1.01025,0.01855,28.96
$IMU,26895.791,0.183,0.061,-0.183,0.01904,1.01220,0.01660,28.96
$MAG,26895.794,-0.574,-0.520,-0.402,28.0
$IMU,26895.794,0.366,-0.122,-0.183,0.01953,1.01464,0.01904,28.96
$IMU,26895.796,0.488,-0.122,-0.183,0.02197,1.01074,0.01806,28.92
$IMU,26895.798,0.488,-0.183,-0.244,0.02148,1.01220,0.01562,28.92
$IMU,26895.801,0.488,-0.183,-0.305,0.01806,1.01464,0.01611,28.92
$IMU,26895.803,0.427,0.244,-0.244,0.01904,1.01464,0.01806,28.92
$MAG,26895.804,-0.574,-0.517,-0.406,28.0
$IMU,26895.806,0.549,0.000,-0.244,0.01757,1.01367,0.01513,28.92
$IMU,26895.808,0.610,-0.122,-0.183,0.02050,1.01220,0.01660,28.92
$IMU,26895.810,0.671,-0.183,-0.244,0.02148,1.01464,0.01611,28.92
$IMU,26895.813,0.610,-0.183,-0.244,0.02001,1.01562,0.01513,28.92
$MAG,26895.814,-0.567,-0.513,-0.409,27.7
$IMU,26895.815,0.427,-0.122,-0.305,0.01904,1.01416,0.01757,28.95
$IMU,26895.817,0.366,-0.061,-0.244,0.01562,1.01318,0.01416,28.95
$BARO,26895.820,86858.24,28.79
$IMU,26895.820,0.427,-0.061,-0.305,0.01806,1.01318,0.01269,28.95
$IMU,26895.822,0.305,-0.061,-0.244,0.01855,1.01220,0.01269,28.95
$IMU,26895.824,0.244,-0.122,-0.122,0.02001,1.01269,0.01367,28.95
$MAG,26895.825,-0.570,-0.516,-0.399,27.6
$IMU,26895.827,0.183,-0.183,-0.183,0.01806,1.01367,0.01367,28.95
$IMU,26895.829,0.000,-0.183,-0.183,0.02050,1.01416,0.01318,28.95
$IMU,26895.831,-0.183,-0.183,-0.122,0.02001,1.01074,0.01367,28.95
$IMU,26895.834,-0.305,-0.061,-0.122,0.02148,1.01220,0.01220,28.96
$MAG,26895.835,-0.565,-0.519,-0.409,27.7
$IMU,26895.836,-0.488,0.000,-0.183,0.02050,1.01123,0.00830,28.96
$IMU,26895.838,-0.488,-0.061,-0.244,0.01855,1.01025,0.01220,28.96
$IMU,26895.841,-0.610,-0.122,-0.244,0.01953,1.01611,0.01269,28.96
$IMU,26895.843,-0.732,-0.183,-0.366,0.01806,1.00976,0.01464,28.96
$MAG,26895.845,-0.552,-0.519,-0.406,27.7
$IMU,26895.845,-0.976,-0.061,-0.305,0.02148,1.01220,0.01464,28.96
$IMU,26895.848,-1.037,-0.061,-0.244,0.02001,1.01367,0.01513,28.96
$IMU,26895.850,-1.098,-0.122,-0.244,0.01904,1.01562,0.01513,28.96
$IMU,26895.852,-1.098,0.000,-0.122,0.02050,1.01562,0.01611,28.98
$MAG,26895.855,-0.559,-0.517,-0.406,27.6
$IMU,26895.855,-1.220,0.000,-0.061,0.01757,1.01171,0.01660,28.98
$IMU,26895.857,-1.098,-0.061,-0.061,0.01904,1.01171,0.01513,28.98
$IMU,26895.859,-1.098,-0.061,-0.061,0.01806,1.01269,0.01757,28.98
$IMU,26895.862,-1.037,-0.122,-0.061,0.01855,1.00927,0.01806,28.98
$IMU,26895.864,-0.915,-0.061,-0.061,0.02050,1.01367,0.01562,28.98
$MAG,26895.865,-0.564,-0.517,-0.403,27.7
$IMU,26895.866,-0.854,0.000,-0.122,0.01464,1.01318,0.01708,28.98
$IMU,26895.869,-0.793,0.000,-0.122,0.01757,1.01074,0.01513,28.98
$IMU,26895.871,-0.671,-0.122,-0.061,0.01611,1.01269,0.01757,28.96
$IMU,26895.874,-0.610,-0.061,-0.122,0.01562,1.01367,0.01806,28.96
$MAG,26895.875,-0.564,-0.514,-0.403,28.1
$IMU,26895.876,-0.427,-0.122,-0.122,0.01953,1.01171,0.02001,28.96
$IMU,26895.878,-0.366,-0.061,-0.122,0.01806,1.01269,0.01806,28.96
$IMU,26895.881,-0.183,-0.061,-0.122,0.01611,1.01025,0.01757,28.96
$IMU,26895.883,-0.122,-0.122,-0.122,0.01855,1.01367,0.01806,28.96
$MAG,26895.885,-0.571,-0.516,-0.399,27.8
$IMU,26895.885,0.000,-0.122,-0.183,0.01855,1.01513,0.01953,28.96
$IMU,26895.888,0.122,-0.122,-0.244,0.01855,1.01171,0.01660,28.96
$IMU,26895.890,0.244,-0.122,-0.183,0.01855,1.01416,0.01318,28.96
$IMU,26895.892,0.244,0.000,-0.244,0.02197,1.00976,0.01513,28.96
$MAG,26895.895,-0.559,-0.508,-0.414,27.7
$IMU,26895.895,0.427,0.000,-0.183,0.01708,1.01171,0.01562,28.96
$IMU,26895.897,0.549,-0.122,-0.244,0.02001,1.01318,0.01611,28.96
$IMU,26895.899,0.610,-0.305,-0.244,0.01904,1.01171,0.01269,28.96
$IMU,26895.902,0.549,-0.061,-0.122,0.02050,1.01416,0.01318,28.96
$IMU,26895.904,0.488,-0.061,-0.244,0.01806,1.01269,0.01318,28.96
$MAG,26895.905,-0.562,-0.511,-0.405,27.8
$IMU,26895.906,0.488,-0.122,-0.183,0.01904,1.01269,0.01562,28.96
$IMU,26895.909,0.488,-0.183,-0.244,0.01904,1.01171,0.01367,29.01
$IMU,26895.911,0.427,-0.122,-0.244,0.01708,1.01220,0.01367,29.01
$IMU,26895.913,0.305,-0.183,-0.244,0.01855,1.01464,0.01171,29.01
$MAG,26895.915,-0.565,-0.519,-0.403,27.7
$IMU,26895.916,0.183,-0.183,-0.183,0.01757,1.01220,0.01220,29.01
$IMU,26895.918,-0.061,0.000,-0.244,0.02099,1.01318,0.01513,29.01
$IMU,26895.920,-0.122,-0.061,-0.244,0.01855,1.01416,0.01318,29.01
$BARO,26895.921,86866.43,28.79
$IMU,26895.923,-0.183,-0.122,-0.122,0.02050,1.01074,0.01464,29.01
$IMU,26895.925,-0.366,-0.061,-0.183,0.01708,1.00927,0.01367,29.01
$MAG,26895.925,-0.565,-0.514,-0.406,27.7
$IMU,26895.927,-0.427,-0.061,-0.061,0.02148,1.01416,0.01367,28.99
$IMU,26895.930,-0.549,-0.061,-0.122,0.02050,1.01416,0.01025,28.99
$IMU,26895.932,-0.549,-0.244,-0.122,0.02246,1.01220,0.01318,28.99
$IMU,26895.935,-0.610,-0.061,-0.183,0.02246,1.01367,0.01367,28.99
$MAG,26895.936,-0.567,-0.517,-0.405,27.8
$IMU,26895.937,-0.793,0.000,-0.183,0.02246,1.00976,0.01904,28.99
$IMU,26895.939,-0.793,-0.061,-0.122,0.02099,1.01025,0.01171,28.99
$IMU,26895.942,-0.915,0.000,-0.122,0.02050,1.01025,0.01318,28.99
$IMU,26895.944,-0.854,-0.061,-0.183,0.02099,1.01025,0.01757,28.99
$MAG,26895.946,-0.562,-0.525,-0.405,27.7
$IMU,26895.946,-0.793,-0.122,-0.122,0.01855,1.01171,0.01464,29.00
$IMU,26895.949,-0.671,-0.183,-0.183,0.01904,1.01318,0.01660,29.00
$IMU,26895.951,-0.610,-0.183,-0.061,0.02001,1.01025,0.01611,29.00
$IMU,26895.953,-0.671,0.061,-0.122,0.01708,1.01318,0.01757,29.00
$MAG,26895.956,-0.568,-0.514,-0.399,28.0
$IMU,26895.956,-0.671,0.000,-0.122,0.01904,1.01416,0.01757,29.00
$IMU,26895.958,-0.610,-0.122,-0.122,0.01953,1.01318,0.01562,29.00
$IMU,26895.960,-0.488,-0.122,-0.183,0.02050,1.01220,0.01806,29.00
$IMU,26895.963,-0.488,0.000,-0.244,0.02246,1.01367,0.01611,29.00
$IMU,26895.965,-0.366,-0.122,-0.244,0.02099,1.01220,0.01806,28.94
$MAG,26895.966,-0.570,-0.517,-0.406,27.7
$IMU,26895.967,-0.244,0.000,-0.305,0.01806,1.01464,0.01708,28.94
$IMU,26895.970,-0.122,-0.122,-0.244,0.01953,1.01367,0.01660,28.94
$IMU,26895.972,-0.122,-0.061,-0.244,0.01904,1.01513,0.01513,28.94
$IMU,26895.974,0.000,-0.122,-0.244,0.01953,1.01123,0.01562,28.94
$MAG,26895.976,-0.567,-0.522,-0.412,27.7
$IMU,26895.977,0.122,-0.122,-0.305,0.01757,1.01416,0.01855,28.94
$IMU,26895.979,0.244,-0.305,-0.305,0.01757,1.01220,0.01757,28.94
$HUM,26895.981,34.6,29.3
$IMU,26895.981,0.305,-0.122,-0.244,0.01757,1.01269,0.01464,28.94
$IMU,26895.984,0.305,-0.122,-0.305,0.01855,1.00976,0.01562,28.97
$MAG,26895.986,-0.565,-0.520,-0.408,27.8
$IMU,26895.986,0.366,-0.244,-0.244,0.01708,1.01464,0.01757,28.97
$IMU,26895.988,0.366,-0.183,-0.183,0.01757,1.01171,0.01513,28.97
$IMU,26895.991,0.305,-0.122,-0.122,0.01660,1.01074,0.01513,28.97
$IMU,26895.993,0.244,-0.122,-0.122,0.01904,1.00830,0.01611,28.97
$MAG,26895.996,-0.561,-0.519,-0.408,27.8
$IMU,26895.996,0.183,-0.122,-0.061,0.01904,1.01074,0.01513,28.97
$IMU,26895.998,0.122,0.000,-0.122,0.01611,1.01171,0.01513,28.97
$IMU,26896.000,-0.061,-0.061,-0.183,0.01562,1.01367,0.01562,28.97
$IMU,26896.003,-0.122,-0.122,-0.183,0.01611,1.01367,0.01171,28.98
$IMU,26896.005,-0.183,-0.122,-0.183,0.01953,1.01660,0.01318,28.98
$MAG,26896.006,-0.570,-0.513,-0.405,27.8
$IMU,26896.007,-0.305,-0.122,-0.183,0.01855,1.01171,0.01416,28.98
$IMU,26896.010,-0.427,-0.061,-0.244,0.01708,1.01074,0.01464,28.98
$IMU,26896.012,-0.549,0.000,-0.122,0.01708,1.01269,0.01464,28.98
$IMU,26896.014,-0.549,-0.061,-0.061,0.01611,1.01220,0.01660,28.98
$MAG,26896.016,-0.568,-0.522,-0.414,27.7
$IMU,26896.017,-0.671,-0.122,-0.122,0.01513,1.01269,0.01269,28.98
$IMU,26896.019,-0.732,-0.061,-0.122,0.01855,1.00927,0.01708,28.98
$IMU,26896.021,-0.732,-0.061,-0.061,0.02050,1.01123,0.01660,28.97
$BARO,26896.023,86870.06,28.79
$IMU,26896.024,-0.793,-0.183,-0.122,0.01855,1.01074,0.01513,28.97
$MAG,26896.026,-0.570,-0.517,-0.400,27.7
$IMU,26896.026,-0.732,-0.183,-0.061,0.01855,1.01025,0.01513,28.97
$IMU,26896.028,-0.793,-0.061,0.000,0.02050,1.01513,0.01416,28.97
$IMU,26896.031,-0.854,0.000,-0.061,0.01904,1.01416,0.01464,28.97
$IMU,26896.033,-0.793,0.000,-0.061,0.01855,1.01416,0.01562,28.97
$IMU,26896.035,-0.610,0.000,-0.061,0.01806,1.01611,0.01904,28.97
$MAG,26896.036,-0.565,-0.514,-0.405,27.7
$IMU,26896.038,-0.610,-0.183,-0.122,0.02099,1.01171,0.01464,28.97
$IMU,26896.040,-0.549,-0.122,-0.183,0.02099,1.01123,0.01367,28.94
$IMU,26896.042,-0.427,-0.061,-0.122,0.01904,1.00976,0.01855,28.94
$IMU,26896.045,-0.488,-0.061,-0.305,0.02197,1.01220,0.01806,28.94
$MAG,26896.047,-0.571,-0.511,-0.408,28.1
$IMU,26896.047,-0.366,-0.122,-0.305,0.01953,1.01660,0.01757,28.94
$IMU,26896.049,-0.305,-0.122,-0.305,0.01855,1.01708,0.01953,28.94
$IMU,26896.052,-0.183,-0.061,-0.305,0.01708,1.01220,0.01806,28.94
$IMU,26896.054,-0.061,0.061,-0.244,0.02099,1.00927,0.01708,28.94
$MAG,26896.057,-0.564,-0.517,-0.400,27.7
$IMU,26896.057,-0.061,0.000,-0.122,0.02099,1.01269,0.01611,28.94
$IMU,26896.059,0.122,-0.122,-0.183,0.01660,1.00830,0.01660,28.96
$IMU,26896.061,0.244,-0.061,-0.244,0.01562,1.01025,0.01806,28.96
$IMU,26896.064,0.366,-0.122,-0.305,0.02001,1.01367,0.01806,28.96
$IMU,26896.066,0.305,0.061,-0.366,0.01757,1.01074,0.01513,28.96
$MAG,26896.067,-0.573,-0.510,-0.400,28.1
$IMU,26896.068,0.366,0.122,-0.305,0.01660,1.01025,0.01562,28.96
$IMU,26896.071,0.427,-0.061,-0.305,0.01904,1.00878,0.01611,28.96
$IMU,26896.073,0.488,-0.061,-0.244,0.01660,1.01074,0.01464,28.96
$IMU,26896.075,0.427,0.000,-0.183,0.01855,1.01220,0.01611,28.96
$MAG,26896.077,-0.565,-0.516,-0.402,27.8
$IMU,26896.078,0.366,0.000,-0.183,0.02246,1.01171,0.01611,28.98
$IMU,26896.080,0.366,-0.061,-0.183,0.01513,1.01074,0.01416,28.98
$IMU,26896.082,0.366,0.000,-0.183,0.01757,1.01074,0.01269,28.98
$IMU,26896.085,0.366,-0.366,-0.244,0.01806,1.01123,0.01171,28.98
$MAG,26896.087,-0.562,-0.513,-0.406,28.1
$IMU,26896.087,0.244,-0.244,-0.122,0.01855,1.01123,0.01464,28.98
$IMU,26896.089,0.061,-0.122,-0.122,0.02050,1.01513,0.01269,28.98
$IMU,26896.092,-0.061,0.000,-0.183,0.02294,1.01513,0.01464,28.98
$IMU,26896.094,-0.122,-0.061,-0.122,0.02050,1.01220,0.01367,28.98
$IMU,26896.096,-0.183,-0.183,-0.122,0.02099,1.01269,0.01269,29.00
$MAG,26896.097,-0.571,-0.508,-0.399,27.7
$IMU,26896.099,-0.366,-0.183,-0.183,0.01855,1.01367,0.01220,29.00
$IMU,26896.101,-0.366,-0.183,-0.122,0.01855,1.01123,0.01367,29.00
$IMU,26896.103,-0.488,0.000,-0.061,0.02001,1.01171,0.01660,29.00
$IMU,26896.106,-0.610,0.000,-0.122,0.02099,1.01220,0.01708,29.00
$MAG,26896.107,-0.567,-0.514,-0.402,28.0
$IMU,26896.108,-0.549,-0.122,-0.061,0.01806,1.01074,0.01513,29.00
$IMU,26896.110,-0.671,-0.061,0.000,0.01757,1.00927,0.01318,29.00
$IMU,26896.113,-0.549,-0.122,-0.122,0.01855,1.00927,0.01464,29.00
$IMU,26896.115,-0.671,-0.061,-0.122,0.01904,1.01123,0.01513,28.98
$MAG,26896.117,-0.564,-0.522,-0.403,27.8
$IMU,26896.118,-0.732,0.061,-0.061,0.02050,1.01367,0.01269,28.98
$IMU,26896.120,-0.671,0.000,-0.061,0.02246,1.01367,0.01562,28.98
$IMU,26896.122,-0.671,-0.183,-0.061,0.02050,1.01318,0.01464,28.98
$BARO,26896.124,86869.86,28.79
$IMU,26896.125,-0.671,-0.183,-0.061,0.02294,1.01171,0.01513,28.98
$MAG,26896.127,-0.562,-0.511,-0.417,27.8
$IMU,26896.127,-0.671,0.000,-0.061,0.01806,1.01269,0.01562,28.98
$IMU,26896.129,-0.610,-0.122,-0.183,0.02050,1.01318,0.01660,28.98
$IMU,26896.132,-0.610,-0.061,-0.244,0.02050,1.01025,0.01513,28.98
$IMU,26896.134,-0.610,-0.061,-0.183,0.02148,1.01367,0.01757,28.98
$IMU,26896.136,-0.610,-0.061,-0.244,0.02099,1.01220,0.01855,28.98
$MAG,26896.137,-0.561,-0.517,-0.400,27.7
$IMU,26896.139,-0.610,0.000,-0.244,0.01464,1.00878,0.01708,28.98
$IMU,26896.141,-0.549,-0.122,-0.122,0.01708,1.00830,0.01806,28.98
$IMU,26896.143,-0.549,-0.061,-0.122,0.01513,1.01513,0.01757,28.98
$IMU,26896.146,-0.427,-0.244,-0.183,0.01904,1.01318,0.01562,28.98
$MAG,26896.147,-0.562,-0.517,-0.403,27.7
$IMU,26896.148,-0.366,-0.183,-0.183,0.01855,1.01367,0.01757,28.98
$IMU,26896.150,-0.488,-0.061,-0.183,0.01953,1.01416,0.01660,28.98
$IMU,26896.153,-0.427,-0.061,-0.244,0.01806,1.01416,0.01611,28.97
$IMU,26896.155,-0.488,0.061,-0.183,0.01757,1.01562,0.01708,28.97
$IMU,26896.157,-0.488,0.061,-0.122,0.02197,1.01318,0.01953,28.97
$MAG,26896.158,-0.571,-0.517,-0.405,27.8
$IMU,26896.160,-0.305,-0.061,-0.183,0.01660,1.00927,0.01660,28.97
$IMU,26896.162,-0.183,-0.183,-0.244,0.01904,1.01318,0.01953,28.97
$IMU,26896.164,-0.244,0.000,-0.183,0.01904,1.01123,0.01904,28.97
$IMU,26896.167,-0.244,0.122,-0.244,0.01904,1.01123,0.01806,28.97
$MAG,26896.168,-0.564,-0.513,-0.405,27.8
$IMU,26896.169,-0.122,-0.122,-0.183,0.01953,1.01708,0.01562,28.97
$IMU,26896.171,-0.122,-0.061,-0.122,0.01660,1.01074,0.01611,28.99
$IMU,26896.174,-0.061,0.000,-0.122,0.02148,1.01367,0.01953,28.99
$IMU,26896.176,-0.061,-0.061,-0.183,0.01953,1.01318,0.01660,28.99
$MAG,26896.178,-0.562,-0.519,-0.399,27.8
$IMU,26896.179,0.061,-0.061,-0.122,0.01953,1.01171,0.01611,28.99
$IMU,26896.181,0.061,-0.061,-0.183,0.01904,1.01123,0.01611,28.99
$IMU,26896.183,0.061,0.000,-0.183,0.01806,1.01367,0.01562,28.99
$IMU,26896.186,0.122,0.000,-0.183,0.01904,1.01464,0.01562,28.99
$MAG,26896.188,-0.562,-0.508,-0.406,27.8
$IMU,26896.188,0.122,-0.122,-0.183,0.01953,1.01123,0.01953,28.99
$IMU,26896.190,0.122,-0.061,-0.183,0.01904,1.01269,0.01562,28.95
$IMU,26896.193,0.183,-0.122,-0.122,0.02050,1.01269,0.01806,28.95
$IMU,26896.195,0.183,-0.183,-0.183,0.02197,1.01074,0.01611,28.95
$IMU,26896.197,0.122,0.061,-0.183,0.02001,1.01171,0.01318,28.95
$MAG,26896.198,-0.562,-0.511,-0.408,27.7
$IMU,26896.200,0.183,-0.061,-0.183,0.01855,1.01367,0.01416,28.95
$IMU,26896.202,0.183,-0.244,-0.122,0.01904,1.01416,0.01464,28.95
$IMU,26896.204,0.061,-0.122,-0.061,0.01904,1.01123,0.01660,28.95
$IMU,26896.207,0.061,-0.122,-0.061,0.01855,1.01367,0.01708,28.95
$MAG,26896.208,-0.562,-0.522,-0.408,28.1
$IMU,26896.209,-0.122,0.000,-0.122,0.02099,1.01367,0.01220,28.94
$IMU,26896.211,0.000,-0.061,-0.183,0.02001,1.01123,0.01416,28.94
$IMU,26896.214,-0.122,0.000,-0.183,0.02099,1.01318,0.01269,28.94
$IMU,26896.216,-0.061,-0.183,-0.183,0.01708,1.01220,0.01367,28.94
$MAG,26896.218,-0.561,-0.526,-0.403,27.7
$IMU,26896.218,-0.061,0.000,-0.122,0.01806,1.01025,0.01464,28.94
$IMU,26896.221,-0.122,-0.061,-0.183,0.02099,1.01123,0.01318,28.94
$IMU,26896.223,-0.244,-0.122,-0.244,0.01855,1.01123,0.01269,28.94
$BARO,26896.225,86860.84,28.79
$IMU,26896.225,-0.305,0.000,-0.183,0.01708,1.01220,0.01416,28.94
$MAG,26896.228,-0.567,-0.507,-0.409,28.1
$IMU,26896.228,-0.244,-0.122,-0.244,0.01708,1.01171,0.01123,29.00
$IMU,26896.230,-0.305,-0.244,-0.183,0.01904,1.01367,0.01318,29.00
$TIME,26896.231,510811.000,2399
$IMU,26896.232,-0.366,-0.183,-0.183,0.02001,1.01367,0.01367,29.00
$IMU,26896.235,-0.366,-0.122,-0.183,0.02050,1.01513,0.01708,29.00
$IMU,26896.237,-0.305,-0.244,-0.183,0.01855,1.01074,0.01660,29.00
$MAG,26896.238,-0.565,-0.517,-0.400,27.8
$IMU,26896.240,-0.366,0.000,-0.244,0.01855,1.01171,0.01855,29.00
$IMU,26896.242,-0.488,-0.183,-0.244,0.01806,1.00976,0.01269,29.00
$IMU,26896.244,-0.488,-0.122,-0.183,0.02001,1.00927,0.01367,29.00
$IMU,26896.247,-0.549,0.061,-0.183,0.01855,1.01171,0.01220,29.00
$MAG,26896.248,-0.570,-0.513,-0.406,27.8
$IMU,26896.249,-0.549,-0.122,-0.183,0.01855,1.01416,0.01367,29.00
$IMU,26896.251,-0.610,0.000,-0.122,0.01660,1.01220,0.01708,29.00
$IMU,26896.254,-0.671,0.000,-0.061,0.01757,1.01220,0.01806,29.00
$IMU,26896.256,-0.671,-0.061,-0.183,0.02246,1.01464,0.01562,29.00
$MAG,26896.258,-0.565,-0.513,-0.399,27.6
$IMU,26896.258,-0.610,-0.122,-0.122,0.01953,1.01269,0.01416,29.00
$IMU,26896.261,-0.610,-0.061,-0.122,0.01708,1.01269,0.01562,29.00
$IMU,26896.263,-0.610,-0.122,-0.183,0.01904,1.01171,0.01611,29.00
$IMU,26896.265,-0.610,-0.183,-0.122,0.02099,1.01318,0.01708,28.94
$MAG,26896.268,-0.558,-0.514,-0.405,27.7
$IMU,26896.268,-0.671,-0.061,-0.061,0.02001,1.01171,0.01464,28.94
$IMU,26896.270,-0.549,-0.122,-0.183,0.02050,1.01171,0.01513,28.94
$IMU,26896.272,-0.488,-0.244,-0.122,0.02246,1.01367,0.01806,28.94
$IMU,26896.275,-0.488,-0.122,-0.122,0.01855,1.01367,0.01708,28.94
$IMU,26896.277,-0.427,-0.122,-0.183,0.01855,1.01269,0.01611,28.94
$MAG,26896.279,-0.568,-0.525,-0.412,27.7
$IMU,26896.279,-0.427,-0.122,-0.122,0.02050,1.01171,0.01855,28.94
$IMU,26896.282,-0.366,-0.122,-0.122,0.01757,1.01171,0.02050,28.94
$IMU,26896.284,-0.366,0.000,-0.122,0.01953,1.01171,0.01611,28.98
$IMU,26896.286,-0.122,-0.244,-0.183,0.01855,1.01757,0.01318,28.98
$MAG,26896.289,-0.562,-0.514,-0.402,27.8
$IMU,26896.289,-0.183,0.000,-0.183,0.02001,1.01367,0.01367,28.98
$IMU,26896.291,-0.061,-0.061,-0.244,0.01953,1.01562,0.01708,28.98
$IMU,26896.293,-0.061,-0.061,-0.244,0.02099,1.01269,0.01855,28.98
$IMU,26896.296,0.000,-0.183,-0.122,0.02392,1.01416,0.01660,28.98
$IMU,26896.298,0.000,0.000,-0.061,0.02050,1.01416,0.01611,28.98
$MAG,26896.299,-0.559,-0.523,-0.403,27.7
$IMU,26896.300,-0.061,-0.061,-0.122,0.02001,1.01025,0.01660,28.98
$IMU,26896.303,0.122,-0.244,-0.183,0.02148,1.01123,0.01708,28.99
$IMU,26896.305,0.061,0.061,-0.244,0.02148,1.01513,0.01464,28.99
$IMU,26896.308,-0.061,0.122,-0.305,0.02148,1.01464,0.01611,28.99
$MAG,26896.309,-0.571,-0.519,-0.393,27.8
$IMU,26896.310,0.000,-0.061,-0.244,0.01660,1.01464,0.01708,28.99
$IMU,26896.312,0.122,0.000,-0.244,0.01855,1.01562,0.01513,28.99
$IMU,26896.315,0.122,-0.183,-0.183,0.02001,1.01220,0.01464,28.99
$IMU,26896.317,0.000,-0.183,-0.183,0.02099,1.01416,0.01513,28.99
$MAG,26896.319,-0.562,-0.517,-0.405,27.7
$IMU,26896.319,0.000,-0.122,-0.183,0.02001,1.01318,0.01318,28.99
$IMU,26896.322,0.000,-0.061,-0.183,0.02001,1.01123,0.01367,29.00
$IMU,26896.324,-0.061,-0.061,-0.244,0.02099,1.01562,0.01367,29.00
$IMU,26896.326,-0.061,-0.183,-0.244,0.02099,1.01611,0.01416,29.00
$BARO,26896.327,86866.04,28.79
$MAG,26896.329,-0.559,-0.517,-0.403,27.7
$IMU,26896.329,-0.122,-0.183,-0.244,0.01953,1.01269,0.01367,29.00
$IMU,26896.331,-0.122,-0.183,-0.244,0.01855,1.01025,0.01513,29.00
$IMU,26896.333,-0.244,-0.061,-0.122,0.01904,1.01318,0.01464,29.00
$IMU,26896.336,-0.366,0.000,-0.122,0.01855,1.01269,0.01708,29.00
$IMU,26896.338,-0.366,0.000,-0.122,0.02148,1.01416,0.01464,29.00
$MAG,26896.339,-0.565,-0.517,-0.402,27.7
$IMU,26896.340,-0.366,-0.061,-0.183,0.02050,1.01269,0.01464,29.01
$IMU,26896.343,-0.366,-0.122,-0.183,0.01855,1.01318,0.01220,29.01
$IMU,26896.345,-0.549,0.183,-0.183,0.01562,1.01025,0.01416,29.01
$IMU,26896.347,-0.488,0.122,-0.305,0.01708,1.01269,0.01513,29.01
$MAG,26896.349,-0.558,-0.516,-0.409,27.8
$IMU,26896.350,-0.366,-0.122,-0.244,0.01953,1.01464,0.01416,29.01
$IMU,26896.352,-0.427,-0.061,-0.183,0.01855,1.01318,0.01562,29.01
$IMU,26896.354,-0.305,-0.183,-0.183,0.01416,1.01269,0.01464,29.01
$IMU,26896.357,-0.305,-0.183,-0.183,0.01660,1.01464,0.01757,29.01
$MAG,26896.359,-0.552,-0.520,-0.403,28.1
$IMU,26896.359,-0.305,-0.122,-0.183,0.01416,1.01367,0.01464,28.99
$IMU,26896.361,-0.305,0.000,-0.122,0.01660,1.01855,0.01562,28.99
$IMU,26896.364,-0.183,-0.122,-0.122,0.01757,1.01513,0.01269,28.99
$IMU,26896.366,-0.122,-0.244,-0.061,0.02001,1.01318,0.01513,28.99
$MAG,26896.369,-0.571,-0.513,-0.399,27.7
$IMU,26896.369,-0.122,-0.061,-0.122,0.02392,1.01367,0.01513,28.99
$IMU,26896.371,-0.183,0.000,-0.183,0.02246,1.01416,0.01416,28.99
$IMU,26896.373,-0.305,-0.061,-0.183,0.01708,1.01367,0.01464,28.99
$IMU,26896.376,-0.305,0.061,-0.244,0.02050,1.01464,0.01367,28.99
$IMU,26896.378,-0.305,0.000,-0.244,0.01806,1.01416,0.01611,28.98
$MAG,26896.379,-0.568,-0.519,-0.408,27.8
$IMU,26896.380,-0.244,-0.122,-0.183,0.01757,1.01562,0.01806,28.98
$IMU,26896.383,-0.305,0.000,-0.122,0.01757,1.01318,0.01660,28.98
$IMU,26896.385,-0.244,0.000,-0.122,0.01904,1.01416,0.01757,28.98
$IMU,26896.387,-0.122,-0.183,-0.061,0.02246,1.01513,0.01562,28.98
$MAG,26896.390,-0.568,-0.516,-0.406,27.8
$IMU,26896.390,-0.244,-0.061,-0.122,0.02050,1.01367,0.01464,28.98
$IMU,26896.392,-0.244,-0.183,-0.122,0.02001,1.01074,0.01660,28.98
$IMU,26896.394,-0.244,-0.183,-0.183,0.02197,1.01367,0.01416,28.98
$IMU,26896.397,-0.305,-0.061,-0.183,0.02050,1.01123,0.01367,28.97
$IMU,26896.399,-0.366,-0.061,-0.122,0.02099,1.01416,0.01171,28.97
$MAG,26896.400,-0.561,-0.519,-0.405,28.0
$IMU,26896.401,-0.366,0.000,-0.183,0.02246,1.01367,0.01513,28.97
$IMU,26896.404,-0.305,-0.061,-0.183,0.02148,1.01562,0.01513,28.97
$IMU,26896.406,-0.366,-0.061,-0.061,0.02099,1.01416,0.01367,28.97
$IMU,26896.408,-0.305,-0.183,-0.122,0.02099,1.01367,0.01660,28.97
$MAG,26896.410,-0.559,-0.511,-0.402,28.0
$IMU,26896.411,-0.366,-0.122,-0.122,0.02001,1.01513,0.01708,28.97
$IMU,26896.413,-0.549,0.061,-0.122,0.01953,1.00976,0.01806,28.97
$IMU,26896.415,-0.427,0.061,-0.061,0.02050,1.01220,0.01708,28.98
$IMU,26896.418,-0.366,-0.122,-0.183,0.02148,1.01318,0.01611,28.98
$MAG,26896.420,-0.564,-0.513,-0.405,27.7
$IMU,26896.420,-0.305,-0.183,-0.122,0.01904,1.01123,0.01513,28.98
$IMU,26896.422,-0.305,0.061,-0.122,0.01904,1.01416,0.01513,28.98
$IMU,26896.425,-0.366,0.000,-0.122,0.02099,1.01025,0.01513,28.98
$IMU,26896.427,-0.366,0.000,-0.183,0.01904,1.01074,0.01318,28.98
$BARO,26896.428,86862.60,28.79
$MAG,26896.430,-0.559,-0.523,-0.417,27.7
$IMU,26896.430,-0.244,-0.061,-0.183,0.02001,1.01318,0.01416,28.98
$IMU,26896.432,-0.183,-0.183,-0.244,0.01757,1.01171,0.01513,28.98
$IMU,26896.434,-0.122,-0.183,-0.244,0.01757,1.01318,0.01660,28.98
$IMU,26896.437,0.000,-0.183,-0.244,0.01806,1.01123,0.01708,28.98
$IMU,26896.439,-0.061,-0.061,-0.244,0.02099,1.01562,0.01464,28.98
$MAG,26896.440,-0.565,-0.522,-0.411,27.6
$IMU,26896.441,-0.061,-0.122,-0.244,0.01806,1.01318,0.01660,28.98
$IMU,26896.444,-0.122,0.061,-0.122,0.01855,1.01269,0.01464,28.98
$IMU,26896.446,0.000,-0.122,-0.183,0.01855,1.01416,0.01611,28.98
$IMU,26896.448,0.061,-0.183,-0.244,0.01806,1.01220,0.01416,28.98
$MAG,26896.450,-0.561,-0.523,-0.399,28.1
$IMU,26896.451,-0.061,0.000,-0.183,0.01904,1.01416,0.01464,28.98
$IMU,26896.453,-0.061,0.061,-0.183,0.01855,1.01513,0.01464,29.00
$IMU,26896.455,-0.061,0.000,-0.122,0.01953,1.00976,0.01464,29.00
$IMU,26896.458,0.000,-0.244,-0.122,0.02197,1.01269,0.01562,29.00
$MAG,26896.460,-0.571,-0.517,-0.405,27.6
$IMU,26896.460,-0.061,-0.122,-0.122,0.01904,1.00976,0.01562,29.00
$IMU,26896.462,-0.244,0.122,-0.244,0.01806,1.01220,0.01367,29.00
$IMU,26896.465,-0.305,0.061,-0.305,0.01806,1.01660,0.01367,29.00
$IMU,26896.467,-0.305,0.000,-0.244,0.01953,1.01171,0.01367,29.00
$IMU,26896.469,-0.244,-0.061,-0.244,0.01757,1.01367,0.01367,29.00
$MAG,26896.470,-0.556,-0.523,-0.406,27.8
$IMU,26896.472,-0.305,-0.183,-0.122,0.01757,1.01660,0.01318,29.03
$IMU,26896.474,-0.305,-0.183,-0.122,0.01855,1.01074,0.01464,29.03
$IMU,26896.476,-0.427,0.000,-0.122,0.01806,1.01269,0.01318,29.03
$IMU,26896.479,-0.427,0.000,-0.122,0.01708,1.01464,0.01562,29.03
$MAG,26896.480,-0.559,-0.514,-0.403,27.7
$IMU,26896.481,-0.427,-0.122,-0.061,0.01611,1.01025,0.01367,29.03
$IMU,26896.483,-0.366,-0.061,-0.122,0.01611,1.01171,0.01513,29.03
$IMU,26896.486,-0.427,-0.061,-0.183,0.01855,1.01074,0.01904,29.03
$IMU,26896.488,-0.427,0.061,-0.183,0.01855,1.01220,0.01855,29.03
$MAG,26896.491,-0.567,-0.517,-0.405,27.7
$IMU,26896.491,-0.366,-0.122,-0.244,0.01904,1.01074,0.01464,28.96
$IMU,26896.493,-0.427,-0.061,-0.183,0.02050,1.00927,0.01416,28.96
$IMU,26896.495,-0.366,-0.183,-0.183,0.01855,1.00830,0.01806,28.96
$IMU,26896.498,-0.305,-0.122,-0.122,0.01562,1.01123,0.01708,28.96
$IMU,26896.500,-0.366,-0.122,-0.061,0.02050,1.01025,0.01318,28.96
$MAG,26896.501,-0.562,-0.516,-0.403,27.7
$IMU,26896.502,-0.305,0.000,-0.122,0.01708,1.01171,0.01513,28.96
$IMU,26896.505,-0.244,0.122,-0.183,0.01855,1.01123,0.01562,28.96
$IMU,26896.507,-0.183,-0.122,-0.183,0.01855,1.01269,0.01171,28.96
$IMU,26896.509,-0.122,-0.122,-0.183,0.01806,1.01611,0.01611,28.96
$MAG,26896.511,-0.568,-0.516,-0.397,27.7
$IMU,26896.512,-0.122,-0.061,-0.244,0.01806,1.01318,0.01562,28.96
$IMU,26896.514,-0.122,-0.061,-0.183,0.01660,1.01269,0.01513,28.96
$IMU,26896.516,-0.183,0.122,-0.122,0.01513,1.01171,0.01708,28.96
$IMU,26896.519,-0.183,-0.061,-0.061,0.01562,1.01269,0.01513,28.96
$MAG,26896.521,-0.561,-0.504,-0.406,27.8
$IMU,26896.521,0.000,-0.122,-0.122,0.01904,1.01367,0.01660,28.96
$IMU,26896.523,0.000,-0.122,-0.122,0.01904,1.01269,0.01513,28.96
$IMU,26896.526,-0.061,-0.122,-0.183,0.02001,1.01416,0.01611,28.96
$IMU,26896.528,-0.183,-0.061,-0.183,0.01904,1.01416,0.01708,28.97
$BARO,26896.530,86865.99,28.80
$IMU,26896.530,-0.244,0.000,-0.183,0.01904,1.01416,0.01660,28.97
$MAG,26896.531,-0.570,-0.520,-0.403,27.7
$IMU,26896.533,-0.305,-0.122,-0.183,0.01660,1.01269,0.01611,28.97
$IMU,26896.535,-0.366,-0.061,-0.244,0.02001,1.01464,0.01171,28.97
$IMU,26896.537,-0.366,-0.061,-0.183,0.02246,1.01416,0.01464,28.97
$IMU,26896.540,-0.488,-0.061,-0.183,0.01953,1.01513,0.01562,28.97
$MAG,26896.541,-0.568,-0.514,-0.406,27.7
$IMU,26896.542,-0.549,0.000,-0.122,0.01855,1.01367,0.01464,28.97
$IMU,26896.544,-0.549,0.000,-0.122,0.02197,1.01416,0.01611,28.97
$IMU,26896.547,-0.488,-0.183,-0.122,0.01806,1.01416,0.01708,29.00
$IMU,26896.549,-0.549,-0.244,-0.183,0.01757,1.01416,0.01757,29.00
$MAG,26896.551,-0.567,-0.519,-0.408,27.8
$IMU,26896.552,-0.671,-0.122,-0.183,0.01904,1.01269,0.01708,29.00
$IMU,26896.554,-0.610,0.000,-0.244,0.01660,1.01171,0.01660,29.00
$IMU,26896.556,-0.610,-0.122,-0.122,0.01708,1.01464,0.01855,29.00
$IMU,26896.559,-0.549,-0.122,-0.183,0.01904,1.01123,0.01318,29.00
$MAG,26896.561,-0.571,-0.525,-0.408,27.8
$IMU,26896.561,-0.488,-0.122,-0.122,0.02001,1.01025,0.01708,29.00
$IMU,26896.563,-0.366,-0.122,-0.183,0.01953,1.01464,0.01806,29.00
$IMU,26896.566,-0.305,-0.183,-0.183,0.01708,1.01025,0.01513,29.00
$IMU,26896.568,-0.183,-0.366,-0.122,0.02197,1.00976,0.01464,29.00
$IMU,26896.570,-0.305,-0.183,-0.244,0.02001,1.01123,0.01757,29.00
$MAG,26896.571,-0.556,-0.517,-0.409,27.8
$IMU,26896.573,-0.183,-0.183,-0.183,0.01708,1.00976,0.01513,29.00
$IMU,26896.575,-0.122,-0.183,-0.183,0.01855,1.01123,0.01757,29.00
$IMU,26896.577,-0.061,-0.061,-0.061,0.01806,1.00927,0.01953,29.00
$IMU,26896.580,-0.122,0.000,-0.061,0.01904,1.01171,0.01757,29.00
$MAG,26896.581,-0.559,-0.514,-0.406,27.7
$IMU,26896.582,-0.061,-0.122,0.061,0.02587,1.01269,0.01416,29.00
$IMU,26896.584,-0.061,0.000,0.000,0.02636,1.01660,0.01269,28.98
$IMU,26896.587,-0.183,0.305,-0.244,0.02148,1.01562,0.01513,28.98
$IMU,26896.589,-0.061,0.122,-0.305,0.02148,1.01416,0.01660,28.98
$MAG,26896.591,-0.565,-0.507,-0.408,28.1
$IMU,26896.591,0.061,0.000,-0.244,0.02001,1.01171,0.01611,28.98
$IMU,26896.594,0.122,0.000,-0.305,0.01806,1.01367,0.01708,28.98
$IMU,26896.596,0.183,0.000,-0.244,0.02148,1.01464,0.01660,28.98
$IMU,26896.598,0.122,-0.122,-0.183,0.01806,1.01367,0.01464,28.98
$IMU,26896.601,0.122,-0.061,-0.183,0.02050,1.01025,0.01464,28.98
$MAG,26896.602,-0.562,-0.519,-0.411,27.8
$IMU,26896.603,0.244,-0.122,-0.183,0.01904,1.01318,0.01708,28.98
$IMU,26896.605,0.244,-0.122,-0.183,0.01708,1.01611,0.01367,28.98
$IMU,26896.608,0.122,-0.122,-0.305,0.01806,1.01562,0.01074,28.98
$IMU,26896.610,0.000,-0.061,-0.305,0.01660,1.01513,0.01269,28.98
$MAG,26896.612,-0.562,-0.511,-0.399,27.7
$IMU,26896.613,0.183,-0.183,-0.305,0.01367,1.01708,0.01171,28.98
$IMU,26896.615,0.061,-0.244,-0.305,0.01757,1.01171,0.01464,28.98
$IMU,26896.617,0.061,-0.183,-0.366,0.01953,1.01660,0.01464,28.98
$IMU,26896.620,-0.061,0.061,-0.366,0.01806,1.01367,0.01416,28.98
$MAG,26896.622,-0.558,-0.516,-0.412,27.7
$IMU,26896.622,-0.061,-0.061,-0.366,0.01757,1.01269,0.01269,29.00
$IMU,26896.624,-0.061,-0.061,-0.244,0.01562,1.01318,0.01464,29.00
$IMU,26896.627,-0.183,-0.183,-0.183,0.01464,1.00830,0.01123,29.00
$IMU,26896.629,-0.183,-0.122,-0.183,0.01708,1.01123,0.00927,29.00
$BARO,26896.631,86871.96,28.80
$IMU,26896.631,-0.427,0.000,-0.183,0.01708,1.01367,0.01464,29.00
$MAG,26896.632,-0.562,-0.514,-0.412,27.7
$IMU,26896.634,-0.488,-0.061,-0.122,0.01660,1.01220,0.01318,29.00
$IMU,26896.636,-0.549,0.000,-0.061,0.01855,1.01367,0.01269,29.00
$IMU,26896.638,-0.610,0.000,-0.061,0.02001,1.00976,0.01464,29.00
$IMU,26896.641,-0.732,-0.122,-0.061,0.01904,1.01025,0.01171,29.01
$MAG,26896.642,-0.568,-0.511,-0.402,27.8
$IMU,26896.643,-0.732,-0.122,0.000,0.02001,1.01269,0.01367,29.01
$IMU,26896.645,-0.854,0.000,0.000,0.02001,1.01318,0.01562,29.01
$IMU,26896.648,-0.915,-0.122,0.000,0.01757,1.01464,0.01757,29.01
$IMU,26896.650,-0.915,-0.122,-0.122,0.02099,1.01367,0.01660,29.01
$MAG,26896.652,-0.562,-0.516,-0.400,27.6
$IMU,26896.652,-0.976,0.000,-0.122,0.02246,1.01171,0.01611,29.01
$IMU,26896.655,-1.037,-0.122,-0.122,0.02246,1.01318,0.01611,29.01
$IMU,26896.657,-1.037,-0.061,-0.122,0.02246,1.01269,0.01611,29.01
$IMU,26896.659,-1.037,-0.061,0.000,0.02246,1.01708,0.01611,28.98
$MAG,26896.662,-0.562,-0.514,-0.406,27.7
$IMU,26896.662,-1.037,-0.061,-0.122,0.02050,1.01464,0.01757,28.98
$IMU,26896.664,-0.976,-0.122,-0.061,0.02099,1.01269,0.01855,28.98
$IMU,26896.666,-0.915,0.000,-0.061,0.01953,1.01025,0.01855,28.98
$IMU,26896.669,-0.793,0.000,-0.061,0.02246,1.01513,0.01953,28.98
$IMU,26896.671,-0.671,-0.122,-0.122,0.02197,1.01123,0.02001,28.98
$MAG,26896.672,-0.573,-0.519,-0.403,27.8
$IMU,26896.674,-0.488,-0.183,-0.183,0.02197,1.01123,0.02050,28.98
$IMU,26896.676,-0.488,-0.061,-0.183,0.02246,1.01074,0.02001,28.98
$IMU,26896.678,-0.366,-0.183,-0.183,0.02050,1.01025,0.01855,28.98
$IMU,26896.681,-0.183,-0.061,-0.244,0.02050,1.01074,0.02050,28.98
$MAG,26896.682,-0.562,-0.522,-0.396,27.7
$IMU,26896.683,-0.122,0.061,-0.244,0.02392,1.01220,0.01708,28.98
$VBAT,26896.684,4.132
$IMU,26896.685,0.061,-0.183,-0.183,0.02246,1.01562,0.01708,28.98
$IMU,26896.688,0.061,0.061,-0.122,0.01855,1.01318,0.01611,28.98
$IMU,26896.690,0.244,-0.122,-0.183,0.01953,1.01318,0.02148,28.98
$MAG,26896.692,-0.567,-0.510,-0.405,27.7
$IMU,26896.692,0.366,-0.061,-0.244,0.01708,1.01074,0.01904,28.98
$IMU,26896.695,0.488,-0.122,-0.305,0.02197,1.00976,0.02001,28.98
$IMU,26896.697,0.610,-0.183,-0.305,0.01904,1.01318,0.01806,29.00
$IMU,26896.699,0.610,-0.183,-0.305,0.01953,1.01318,0.01757,29.00
$MAG,26896.702,-0.571,-0.516,-0.408,27.8
$IMU,26896.702,0.671,0.000,-0.305,0.02001,1.01269,0.01562,29.00
$IMU,26896.704,0.610,0.000,-0.305,0.01708,1.01562,0.01562,29.00
$IMU,26896.706,0.793,-0.244,-0.244,0.01904,1.01220,0.01318,29.00
$IMU,26896.709,0.793,-0.122,-0.244,0.01757,1.01513,0.01269,29.00
$IMU,26896.711,0.732,-0.122,-0.183,0.01660,1.01025,0.01171,29.00
$MAG,26896.713,-0.565,-0.522,-0.400,27.7
$IMU,26896.713,0.732,-0.305,-0.183,0.02050,1.01269,0.01367,29.00
$IMU,26896.716,0.610,-0.122,-0.244,0.01904,1.01562,0.01074,28.99
$IMU,26896.718,0.488,-0.061,-0.244,0.02197,1.01269,0.01074,28.99
$IMU,26896.720,0.488,-0.122,-0.305,0.01708,1.01318,0.01318,28.99
$MAG,26896.723,-0.567,-0.514,-0.402,27.8
$IMU,26896.723,0.427,-0.122,-0.244,0.01513,1.00830,0.01171,28.99
$IMU,26896.725,0.244,-0.183,-0.183,0.01953,1.01318,0.01123,28.99
$IMU,26896.727,0.122,-0.183,-0.183,0.02148,1.01171,0.01269,28.99
$IMU,26896.730,-0.061,-0.061,-0.183,0.01757,1.01464,0.00976,28.99
$IMU,26896.732,-0.305,0.061,-0.244,0.02099,1.01513,0.00976,28.99
$BARO,26896.733,86866.52,28.80
$MAG,26896.733,-0.558,-0.511,-0.409,27.7
$IMU,26896.735,-0.366,-0.183,-0.244,0.02001,1.01367,0.01123,28.98
$IMU,26896.737,-0.488,-0.183,-0.183,0.01708,1.01464,0.01123,28.98
$IMU,26896.739,-0.671,-0.122,-0.122,0.01562,1.01611,0.00878,28.98
$IMU,26896.742,-0.732,-0.061,-0.122,0.01660,1.01171,0.01171,28.98
$MAG,26896.743,-0.562,-0.505,-0.396,27.7
$IMU,26896.744,-0.793,0.000,-0.122,0.01855,1.01171,0.01025,28.98
$IMU,26896.746,-0.976,-0.061,-0.061,0.01806,1.01562,0.01367,28.98
$IMU,26896.749,-0.976,-0.122,-0.061,0.01855,1.01220,0.01123,28.98
$IMU,26896.751,-1.098,-0.061,0.000,0.01708,1.01074,0.01416,28.98
$MAG,26896.753,-0.573,-0.516,-0.405,27.7
$IMU,26896.753,-1.098,-0.061,-0.061,0.01757,1.01367,0.01171,28.99
$IMU,26896.756,-1.159,-0.122,-0.122,0.01855,1.01416,0.01660,28.99
$IMU,26896.758,-1.220,-0.061,-0.183,0.01904,1.01562,0.01513,28.99
$IMU,26896.760,-1.220,-0.183,-0.244,0.01855,1.01464,0.01464,28.99
$MAG,26896.763,-0.570,-0.517,-0.399,28.0
$IMU,26896.763,-1.159,-0.244,-0.183,0.01611,1.01220,0.01562,28.99
$IMU,26896.765,-1.098,-0.183,-0.061,0.01904,1.01123,0.01660,28.99
$IMU,26896.767,-1.159,-0.122,0.061,0.02001,1.00976,0.02050,28.99
$IMU,26896.770,-1.220,0.000,0.183,0.01953,1.01269,0.01660,28.99
$IMU,26896.772,-1.159,-0.061,0.122,0.01757,1.01123,0.01513,28.99
$MAG,26896.773,-0.573,-0.522,-0.399,27.7
$IMU,26896.774,-1.037,0.000,0.183,0.02050,1.01269,0.01904,28.99
$IMU,26896.777,-0.976,-0.122,-0.061,0.02343,1.01464,0.01708,28.99
$IMU,26896.779,-0.854,-0.183,-0.183,0.02294,1.01318,0.02050,28.99
$IMU,26896.781,-0.854,-0.061,-0.183,0.02148,1.01318,0.02050,28.99
$MAG,26896.783,-0.568,-0.511,-0.403,27.6
$IMU,26896.784,-0.793,-0.122,-0.305,0.02343,1.01220,0.01904,28.99
$IMU,26896.786,-0.671,-0.061,-0.244,0.01953,1.01464,0.01953,28.99
$IMU,26896.788,-0.610,-0.061,-0.122,0.01904,1.00976,0.02099,28.99
$IMU,26896.791,-0.366,-0.183,-0.122,0.01904,1.01074,0.01855,29.01
$MAG,26896.793,-0.562,-0.514,-0.405,27.7
$IMU,26896.793,-0.366,-0.061,-0.061,0.01708,1.01074,0.01953,29.01
$IMU,26896.795,-0.183,0.000,-0.061,0.01757,1.01318,0.02099,29.01
$IMU,26896.798,-0.061,0.000,-0.061,0.02050,1.01220,0.01806,29.01
$IMU,26896.800,0.122,0.000,-0.244,0.01855,1.01269,0.02050,29.01
$MAG,26896.803,-0.564,-0.516,-0.402,27.7
$IMU,26896.803,0.183,-0.122,-0.244,0.02001,1.01269,0.01904,29.01
$IMU,26896.805,0.366,-0.061,-0.244,0.01953,1.01123,0.01953,29.01
$IMU,26896.807,0.488,-0.061,-0.183,0.02148,1.01367,0.01562,29.01
$IMU,26896.810,0.549,-0.061,-0.183,0.02246,1.01513,0.01757,29.04
$IMU,26896.812,0.732,-0.122,-0.244,0.01953,1.01220,0.01855,29.04
$MAG,26896.813,-0.564,-0.511,-0.406,27.7
$IMU,26896.814,0.976,-0.305,-0.305,0.01904,1.01269,0.01708,29.04
$IMU,26896.817,0.915,-0.122,-0.366,0.02148,1.01416,0.01513,29.04
$IMU,26896.819,0.915,-0.122,-0.366,0.01660,1.00976,0.01855,29.04
$IMU,26896.821,0.854,0.000,-0.305,0.01611,1.01171,0.01611,29.04
$MAG,26896.824,-0.565,-0.517,-0.396,27.7
$IMU,26896.824,0.915,-0.061,-0.305,0.01611,1.01220,0.01660,29.04
$IMU,26896.826,0.976,-0.122,-0.244,0.01855,1.01367,0.01367,29.04
$IMU,26896.828,0.915,-0.061,-0.183,0.01855,1.01123,0.01025,28.98
$IMU,26896.831,0.854,-0.122,-0.122,0.01708,1.01171,0.01269,28.98
$IMU,26896.833,0.793,-0.122,-0.183,0.02099,1.01269,0.00976,28.98
$BARO,26896.834,86864.72,28.80
$MAG,26896.834,-0.568,-0.516,-0.406,27.8
$IMU,26896.835,0.671,-0.122,-0.122,0.01806,1.01269,0.01123,28.98
$IMU,26896.838,0.488,-0.183,-0.183,0.01855,1.01074,0.01123,28.98
$IMU,26896.840,0.244,-0.122,-0.244,0.02148,1.01220,0.00976,28.98
$IMU,26896.842,0.061,0.000,-0.366,0.01904,1.01660,0.00927,28.98
$MAG,26896.844,-0.549,-0.525,-0.409,27.8
$IMU,26896.845,-0.122,-0.122,-0.305,0.01904,1.01416,0.01025,28.98
$IMU,26896.847,-0.305,-0.061,-0.305,0.01611,1.01513,0.00878,29.00
$IMU,26896.849,-0.366,-0.122,-0.183,0.01513,1.01708,0.01123,29.00
$IMU,26896.852,-0.549,-0.183,-0.183,0.01757,1.01318,0.01025,29.00
$MAG,26896.854,-0.568,-0.514,-0.400,27.6
$IMU,26896.854,-0.854,0.061,-0.122,0.01367,1.01660,0.01269,29.00
$IMU,26896.856,-1.037,0.061,-0.061,0.01367,1.01513,0.01611,29.00
$IMU,26896.859,-1.159,0.000,-0.061,0.01464,1.01513,0.01318,29.00
$IMU,26896.861,-1.159,0.000,-0.061,0.02001,1.01367,0.01269,29.00
$MAG,26896.864,-0.565,-0.523,-0.406,27.7
$IMU,26896.864,-1.220,-0.183,-0.122,0.01904,1.01025,0.01416,29.00
$IMU,26896.866,-1.281,-0.183,-0.061,0.01855,1.01123,0.01367,29.01
$IMU,26896.868,-1.342,-0.061,0.000,0.01953,1.01171,0.01513,29.01
$IMU,26896.871,-1.403,0.061,-0.061,0.01855,1.01318,0.01464,29.01
$IMU,26896.873,-1.403,-0.183,-0.061,0.01806,1.01318,0.01904,29.01
$MAG,26896.874,-0.567,-0.519,-0.405,27.7
$IMU,26896.875,-1.342,-0.183,-0.061,0.01660,1.01416,0.01660,29.01
$IMU,26896.878,-1.220,-0.183,-0.183,0.01660,1.01416,0.01562,29.01
$IMU,26896.880,-1.281,-0.122,-0.122,0.01660,1.01416,0.01855,29.01
$IMU,26896.882,-1.220,0.000,-0.122,0.01464,1.00927,0.01806,29.01
$MAG,26896.884,-0.573,-0.517,-0.406,27.7
$IMU,26896.885,-1.159,-0.122,-0.122,0.01708,1.01171,0.01757,29.00
$IMU,26896.887,-1.098,-0.061,-0.183,0.01953,1.01464,0.02392,29.00
$IMU,26896.889,-0.915,-0.122,-0.061,0.01904,1.01464,0.01904,29.00
$IMU,26896.892,-0.732,-0.183,-0.061,0.01806,1.01318,0.02099,29.00
$MAG,26896.894,-0.565,-0.525,-0.405,27.6
$IMU,26896.894,-0.732,-0.061,-0.061,0.02001,1.01123,0.02001,29.00
$IMU,26896.896,-0.549,0.061,-0.061,0.01757,1.01220,0.02246,29.00
$IMU,26896.899,-0.183,-0.122,-0.183,0.02050,1.00927,0.01953,29.00
$IMU,26896.901,0.000,-0.122,-0.183,0.01953,1.01171,0.02197,29.00
$IMU,26896.903,0.122,-0.061,-0.183,0.02099,1.01367,0.02001,29.01
$MAG,26896.904,-0.561,-0.516,-0.408,27.7
$IMU,26896.906,0.244,-0.061,-0.183,0.02148,1.01123,0.02099,29.01
$IMU,26896.908,0.427,-0.183,-0.183,0.01953,1.01074,0.01855,29.01
$IMU,26896.910,0.488,0.000,-0.244,0.01904,1.01025,0.01806,29.01
$IMU,26896.913,0.671,-0.061,-0.244,0.01708,1.01318,0.01904,29.01
$MAG,26896.914,-0.570,-0.516,-0.408,27.7
$IMU,26896.915,0.854,-0.183,-0.244,0.01757,1.01318,0.01611,29.01
$IMU,26896.917,0.915,-0.122,-0.305,0.02001,1.01123,0.01611,29.01
$IMU,26896.920,0.915,-0.061,-0.244,0.02197,1.01074,0.01416,29.01
$IMU,26896.922,0.915,-0.061,-0.244,0.01855,1.01464,0.01416,28.98
$MAG,26896.925,-0.565,-0.516,-0.408,27.8
$IMU,26896.925,1.037,-0.061,-0.244,0.01708,1.01025,0.01464,28.98
$IMU,26896.927,1.037,-0.122,-0.305,0.01855,1.01269,0.01367,28.98
$IMU,26896.929,0.976,-0.183,-0.183,0.01953,1.00878,0.01318,28.98
$IMU,26896.932,0.854,-0.183,-0.183,0.02197,1.01416,0.01220,28.98
$IMU,26896.934,0.793,-0.122,-0.244,0.02246,1.01171,0.01318,28.98
$MAG,26896.935,-0.567,-0.513,-0.400,27.7
$BARO,26896.936,86863.92,28.80
$IMU,26896.936,0.488,0.000,-0.183,0.02148,1.01416,0.01123,28.98
$IMU,26896.939,0.366,0.000,-0.183,0.02001,1.01269,0.00878,28.98
$IMU,26896.941,0.244,-0.122,-0.183,0.01904,1.01464,0.01074,28.99
$IMU,26896.943,0.000,0.000,-0.183,0.02148,1.01367,0.01269,28.99
$MAG,26896.945,-0.561,-0.519,-0.406,27.7
$IMU,26896.946,-0.183,-0.122,-0.122,0.02148,1.01318,0.01318,28.99
$IMU,26896.948,-0.488,0.000,-0.183,0.02148,1.01269,0.01074,28.99
$IMU,26896.950,-0.549,0.061,-0.183,0.02148,1.01367,0.00927,28.99
$IMU,26896.953,-0.793,-0.122,-0.183,0.01855,1.01269,0.01220,28.99
$MAG,26896.955,-0.567,-0.525,-0.405,28.1
$IMU,26896.955,-0.976,0.061,-0.244,0.02099,1.01220,0.01464,28.99
$IMU,26896.957,-0.976,-0.122,-0.183,0.02148,1.01464,0.01367,28.99
$IMU,26896.960,-1.159,0.000,-0.061,0.01757,1.01123,0.01269,29.04
$IMU,26896.962,-1.220,-0.061,-0.061,0.01562,1.01171,0.01660,29.04
$IMU,26896.964,-1.281,-0.183,-0.061,0.02001,1.01220,0.01171,29.04
$MAG,26896.965,-0.562,-0.514,-0.405,27.6
$IMU,26896.967,-1.281,-0.061,-0.122,0.01660,1.01464,0.01757,29.04
$IMU,26896.969,-1.342,-0.183,-0.122,0.01806,1.00976,0.01318,29.04
$IMU,26896.971,-1.464,0.061,-0.122,0.02001,1.01074,0.01660,29.04
$IMU,26896.974,-1.403,0.061,-0.061,0.01708,1.01074,0.01660,29.04
$MAG,26896.975,-0.559,-0.520,-0.415,28.1
$IMU,26896.976,-1.220,-0.122,-0.122,0.02001,1.01269,0.01806,29.04
$IMU,26896.978,-1.037,-0.183,-0.122,0.02001,1.01318,0.01611,28.99
$IMU,26896.981,-1.037,-0.061,-0.122,0.01513,1.01367,0.01953,28.99
$IMU,26896.983,-1.098,0.000,-0.122,0.01757,1.01220,0.01953,28.99
$MAG,26896.985,-0.556,-0.522,-0.403,27.7
$IMU,26896.986,-0.976,0.000,-0.183,0.01855,1.00781,0.02099,28.99
$IMU,26896.988,-0.793,0.000,-0.183,0.01806,1.01269,0.01953,28.99
$IMU,26896.990,-0.732,-0.122,-0.183,0.01806,1.01416,0.02099,28.99
$IMU,26896.993,-0.488,-0.244,-0.183,0.01953,1.01367,0.02099,28.99
$MAG,26896.995,-0.573,-0.519,-0.415,27.7
$IMU,26896.995,-0.366,-0.122,-0.122,0.01904,1.01123,0.01953,28.99
$HUM,26896.997,34.8,29.2
$IMU,26896.997,-0.244,-0.122,-0.122,0.02050,1.00976,0.01855,29.01
$IMU,26897.000,-0.122,-0.061,-0.061,0.01904,1.01513,0.02001,29.01
$IMU,26897.002,0.061,-0.183,-0.061,0.01660,1.01367,0.02001,29.01
$IMU,26897.004,0.183,-0.244,-0.122,0.01660,1.00927,0.02099,29.01
$MAG,26897.005,-0.567,-0.520,-0.408,27.6
$IMU,26897.007,0.305,-0.122,-0.305,0.01953,1.01220,0.01757,29.01
$IMU,26897.009,0.488,0.000,-0.305,0.01904,1.01074,0.01611,29.01
$IMU,26897.011,0.610,0.000,-0.244,0.01904,1.01220,0.01562,29.01
$IMU,26897.014,0.671,-0.061,-0.183,0.02001,1.01464,0.01562,29.01
$MAG,26897.015,-0.579,-0.516,-0.405,27.7
$IMU,26897.016,0.854,-0.061,-0.183,0.01855,1.01269,0.01611,28.97
$IMU,26897.018,0.793,0.000,-0.183,0.02099,1.01318,0.01660,28.97
$IMU,26897.021,0.854,-0.122,-0.183,0.01806,1.01562,0.01757,28.97
$IMU,26897.023,0.793,-0.061,-0.183,0.02001,1.01269,0.01416,28.97
$MAG,26897.025,-0.564,-0.519,-0.405,27.8
$IMU,26897.025,0.854,-0.122,-0.122,0.02148,1.00781,0.01562,28.97
$IMU,26897.028,0.732,-0.122,-0.244,0.02050,1.01318,0.01123,28.97
$IMU,26897.030,0.793,-0.122,-0.122,0.01904,1.01513,0.01416,28.97
$IMU,26897.032,0.732,-0.061,-0.244,0.02099,1.01562,0.01171,28.97
$IMU,26897.035,0.549,0.000,-0.244,0.01757,1.01416,0.01171,29.01
$MAG,26897.036,-0.571,-0.511,-0.402,27.8
$BARO,26897.037,86857.26,28.80
$IMU,26897.037,0.427,0.000,-0.244,0.02099,1.01171,0.01074,29.01
$IMU,26897.039,0.183,-0.061,-0.244,0.01855,1.01220,0.01318,29.01
$IMU,26897.042,0.061,-0.061,-0.183,0.02099,1.01123,0.01123,29.01
$IMU,26897.044,-0.122,0.061,-0.061,0.01855,1.01123,0.01318,29.01
$MAG,26897.046,-0.565,-0.517,-0.405,27.7
$IMU,26897.047,-0.244,-0.122,-0.122,0.01806,1.01171,0.01074,29.01
$IMU,26897.049,-0.427,0.000,-0.122,0.01611,1.01171,0.01074,29.01
$IMU,26897.051,-0.671,0.122,-0.061,0.02001,1.01269,0.01171,29.01
$IMU,26897.054,-0.671,-0.122,-0.061,0.02001,1.01123,0.01220,28.98
$MAG,26897.056,-0.562,-0.523,-0.405,27.7
$IMU,26897.056,-0.793,-0.183,0.000,0.01660,1.01318,0.01171,28.98
$IMU,26897.058,-0.976,0.061,0.061,0.01757,1.01367,0.00976,28.98
$IMU,26897.061,-1.037,-0.061,-0.061,0.02050,1.01220,0.01757,28.98
$IMU,26897.063,-1.159,-0.061,-0.122,0.01953,1.01123,0.01513,28.98
$IMU,26897.065,-1.220,-0.061,-0.122,0.01855,1.01171,0.01904,28.98
$MAG,26897.066,-0.555,-0.514,-0.403,27.6
$IMU,26897.068,-1.159,-0.122,-0.061,0.02050,1.01074,0.01269,28.98
$IMU,26897.070,-1.159,-0.244,-0.122,0.01806,1.01220,0.01953,28.98
$IMU,26897.072,-1.098,-0.122,-0.122,0.01855,1.01416,0.01708,28.98
$IMU,26897.075,-1.159,-0.061,-0.122,0.01806,1.01416,0.01806,28.98
$MAG,26897.076,-0.565,-0.517,-0.405,27.8
$IMU,26897.077,-1.220,-0.061,-0.183,0.02001,1.01318,0.01611,28.98
$IMU,26897.079,-1.037,-0.061,-0.122,0.01708,1.01318,0.01708,28.98
$IMU,26897.082,-0.854,-0.122,-0.122,0.01953,1.01318,0.01953,28.98
$IMU,26897.084,-0.793,-0.122,-0.183,0.02099,1.01416,0.01513,28.98
$MAG,26897.086,-0.567,-0.513,-0.406,27.8
$IMU,26897.086,-0.671,-0.061,-0.183,0.01806,1.01269,0.01806,28.98
$IMU,26897.089,-0.610,-0.061,-0.183,0.01904,1.01611,0.01904,28.98
$IMU,26897.091,-0.427,-0.122,-0.244,0.01757,1.01220,0.01953,28.98
$IMU,26897.093,-0.183,-0.244,-0.244,0.02148,1.01318,0.02001,28.98
$MAG,26897.096,-0.564,-0.520,-0.402,27.7
$IMU,26897.096,-0.183,-0.061,-0.183,0.02050,1.01318,0.02001,28.98
$IMU,26897.098,-0.061,-0.122,-0.183,0.01904,1.01562,0.01806,28.98
$IMU,26897.100,0.061,-0.122,-0.183,0.01611,1.01562,0.01855,28.98
$IMU,26897.103,0.244,-0.122,-0.244,0.01855,1.01416,0.01708,28.98
$IMU,26897.105,0.244,-0.061,-0.244,0.01904,1.01416,0.01806,28.98
$MAG,26897.106,-0.565,-0.522,-0.402,28.1
$IMU,26897.108,0.305,0.000,-0.183,0.02001,1.01416,0.01904,28.98
$IMU,26897.110,0.366,-0.061,-0.244,0.01806,1.01269,0.01562,29.05
$IMU,26897.112,0.366,-0.061,-0.183,0.02050,1.01123,0.01611,29.05
$IMU,26897.115,0.366,-0.061,-0.183,0.01904,1.01220,0.01708,29.05
$MAG,26897.116,-0.567,-0.516,-0.400,27.6
$IMU,26897.117,0.488,-0.305,-0.061,0.01904,1.01269,0.01562,29.05
$IMU,26897.119,0.427,-0.122,-0.122,0.02001,1.01220,0.01416,29.05
$IMU,26897.122,0.366,0.000,-0.122,0.01953,1.00927,0.01416,29.05
$IMU,26897.124,0.366,-0.122,-0.122,0.02050,1.01171,0.01171,29.05
$MAG,26897.126,-0.561,-0.525,-0.408,28.0
$IMU,26897.126,0.305,-0.183,-0.122,0.01855,1.01171,0.01416,29.05
$IMU,26897.129,0.244,-0.122,-0.122,0.02001,1.01269,0.01269,28.99
$IMU,26897.131,0.244,-0.244,-0.061,0.02246,1.01220,0.01416,28.99
$IMU,26897.133,0.122,-0.183,-0.061,0.02246,1.01464,0.01269,28.99
$MAG,26897.136,-0.564,-0.507,-0.402,28.0
$IMU,26897.136,-0.061,0.000,-0.122,0.01904,1.01318,0.01220,28.99
$BARO,26897.138,86862.65,28.81
$IMU,26897.138,-0.122,0.061,-0.122,0.01953,1.01123,0.01123,28.99
$IMU,26897.140,0.000,-0.183,-0.061,0.01953,1.01269,0.01220,28.99
$IMU,26897.143,-0.183,-0.061,-0.122,0.01953,1.01220,0.01318,28.99
$IMU,26897.145,-0.244,-0.122,-0.183,0.02099,1.01220,0.01269,28.99
$MAG,26897.147,-0.567,-0.516,-0.406,27.7
$IMU,26897.147,-0.305,-0.122,-0.183,0.02246,1.01562,0.01269,28.96
$IMU,26897.150,-0.549,0.061,-0.183,0.02246,1.01708,0.01464,28.96
$IMU,26897.152,-0.610,0.000,-0.244,0.02099,1.01416,0.01367,28.96
$IMU,26897.154,-0.610,0.000,-0.122,0.02001,1.01074,0.01367,28.96
$MAG,26897.157,-0.559,-0.523,-0.412,27.8
$IMU,26897.157,-0.610,-0.061,-0.244,0.02050,1.01416,0.01464,28.96
$IMU,26897.159,-0.671,0.000,-0.244,0.01904,1.01025,0.01611,28.96
$IMU,26897.161,-0.610,-0.061,-0.183,0.01953,1.01269,0.01464,28.96
$IMU,26897.164,-0.732,0.000,-0.122,0.01855,1.01269,0.01611,28.96
$IMU,26897.166,-0.671,-0.122,-0.244,0.02099,1.01318,0.01562,29.01
$MAG,26897.167,-0.559,-0.513,-0.408,27.7
$IMU,26897.169,-0.671,-0.183,-0.244,0.02001,1.01025,0.01757,29.01
$IMU,26897.171,-0.549,-0.183,-0.244,0.02148,1.01318,0.01513,29.01
$IMU,26897.173,-0.610,-0.061,-0.244,0.01806,1.01318,0.01367,29.01
$IMU,26897.176,-0.549,-0.061,-0.305,0.01806,1.01416,0.01513,29.01
$MAG,26897.177,-0.570,-0.517,-0.400,28.1
$IMU,26897.178,-0.488,-0.183,-0.305,0.01904,1.01123,0.01562,29.01
$IMU,26897.180,-0.488,-0.183,-0.183,0.01806,1.01269,0.01562,29.01
$IMU,26897.183,-0.427,-0.183,-0.183,0.01660,1.01025,0.01757,29.01
$IMU,26897.185,-0.427,-0.122,-0.122,0.01757,1.00976,0.01806,29.00
$MAG,26897.187,-0.561,-0.516,-0.411,27.7
$IMU,26897.187,-0.305,-0.183,-0.122,0.01708,1.01269,0.01611,29.00
$IMU,26897.190,-0.366,0.000,-0.183,0.01660,1.01025,0.01464,29.00
$IMU,26897.192,-0.244,-0.061,-0.122,0.01708,1.01171,0.01904,29.00
$IMU,26897.194,-0.122,-0.244,-0.061,0.01660,1.01464,0.01806,29.00
$MAG,26897.197,-0.555,-0.522,-0.412,27.7
$IMU,26897.197,-0.183,-0.122,-0.061,0.01904,1.01269,0.01464,29.00
$IMU,26897.199,-0.183,-0.061,-0.122,0.02197,1.01171,0.01660,29.00
$IMU,26897.201,-0.183,-0.061,-0.122,0.01806,1.01269,0.01708,29.00
$IMU,26897.204,-0.061,-0.122,-0.183,0.01464,1.01318,0.01855,29.01
$IMU,26897.206,-0.061,-0.122,-0.061,0.01708,1.01416,0.01708,29.01
$MAG,26897.207,-0.562,-0.514,-0.402,28.0
$IMU,26897.208,0.000,-0.183,-0.122,0.02050,1.01269,0.01562,29.01
$IMU,26897.211,0.061,-0.061,-0.061,0.02050,1.01318,0.01562,29.01
$IMU,26897.213,0.061,-0.122,-0.061,0.01855,1.01416,0.01757,29.01
$IMU,26897.215,0.000,-0.061,-0.061,0.02246,1.01025,0.01708,29.01
$MAG,26897.217,-0.565,-0.522,-0.412,27.8
$IMU,26897.218,0.000,-0.061,-0.122,0.01806,1.01367,0.01757,29.01
$IMU,26897.220,0.122,-0.061,-0.122,0.01855,1.01123,0.01562,29.01
$IMU,26897.222,0.061,-0.061,-0.183,0.01660,1.01464,0.01660,29.01
$IMU,26897.225,0.061,-0.122,-0.183,0.02001,1.01074,0.01513,29.01
$MAG,26897.227,-0.556,-0.513,-0.408,28.0
$IMU,26897.227,0.000,-0.122,-0.122,0.01904,1.00878,0.01367,29.01
$IMU,26897.229,0.061,-0.061,-0.122,0.02099,1.01220,0.01513,29.01
$TIME,26897.231,510812.000,2399
$IMU,26897.232,0.061,-0.183,-0.122,0.01757,1.01513,0.01464,29.01
$IMU,26897.234,0.122,-0.183,-0.183,0.02099,1.01367,0.01660,29.01
$MAG,26897.237,-0.564,-0.517,-0.397,27.6
$IMU,26897.237,0.000,-0.122,-0.244,0.02148,1.01318,0.01562,29.01
$IMU,26897.239,0.000,-0.061,-0.244,0.02099,1.01464,0.01269,29.01
$BARO,26897.240,86869.30,28.81
$IMU,26897.241,-0.183,-0.122,-0.244,0.02148,1.01123,0.01416,28.98
$IMU,26897.244,-0.122,-0.122,-0.305,0.02099,1.01416,0.01513,28.98
$IMU,26897.246,-0.183,-0.061,-0.305,0.02246,1.01269,0.01171,28.98
$MAG,26897.247,-0.565,-0.513,-0.399,27.7
$IMU,26897.248,-0.183,-0.366,-0.244,0.02246,1.01025,0.01513,28.98
$IMU,26897.251,-0.427,0.000,-0.122,0.01757,1.01367,0.01513,28.98
$IMU,26897.253,-0.427,0.061,-0.061,0.01562,1.01074,0.01513,28.98
$IMU,26897.255,-0.427,-0.244,-0.122,0.01855,1.01269,0.01269,28.98
$MAG,26897.258,-0.562,-0.513,-0.403,27.7
$IMU,26897.258,-0.549,-0.061,-0.183,0.02197,1.01171,0.01464,28.98
$IMU,26897.260,-0.549,-0.061,-0.183,0.01757,1.00878,0.01562,28.99
$IMU,26897.262,-0.549,-0.183,-0.183,0.02050,1.01171,0.01367,28.99
$IMU,26897.265,-0.610,-0.061,-0.244,0.02148,1.01318,0.01660,28.99
$IMU,26897.267,-0.549,0.061,-0.244,0.01806,1.01269,0.01708,28.99
$MAG,26897.268,-0.561,-0.511,-0.393,27.7
$IMU,26897.269,-0.610,-0.183,-0.244,0.01855,1.00830,0.01562,28.99
$IMU,26897.272,-0.610,-0.122,-0.122,0.01953,1.01660,0.01611,28.99
$IMU,26897.274,-0.610,0.000,-0.122,0.01855,1.01513,0.01806,28.99
$IMU,26897.276,-0.671,-0.061,-0.122,0.02050,1.01220,0.01318,28.99
$MAG,26897.278,-0.565,-0.514,-0.403,27.7
$IMU,26897.279,-0.610,-0.183,0.000,0.01513,1.01171,0.01562,29.02
$IMU,26897.281,-0.488,0.000,-0.061,0.02050,1.01416,0.01708,29.02
$IMU,26897.283,-0.427,-0.183,-0.244,0.01806,1.01171,0.01855,29.02
$IMU,26897.286,-0.427,-0.183,-0.244,0.02001,1.01171,0.01611,29.02
$MAG,26897.288,-0.562,-0.522,-0.408,28.1
$IMU,26897.288,-0.427,0.000,-0.305,0.01953,1.01318,0.01904,29.02
$IMU,26897.290,-0.366,0.000,-0.244,0.01611,1.01123,0.01806,29.02
$IMU,26897.293,-0.244,-0.122,-0.305,0.01806,1.00976,0.01708,29.02
$IMU,26897.295,-0.122,-0.061,-0.183,0.01855,1.01464,0.01855,29.02
$MAG,26897.298,-0.570,-0.520,-0.403,27.7
$IMU,26897.298,0.000,-0.244,-0.183,0.01513,1.01318,0.01464,29.02
$IMU,26897.300,0.000,-0.122,-0.183,0.01513,1.01074,0.01464,29.02
$IMU,26897.302,0.122,-0.061,-0.122,0.01708,1.01123,0.01611,29.02
$IMU,26897.305,0.122,0.000,-0.122,0.01660,1.01220,0.01904,29.02
$IMU,26897.307,0.305,-0.122,-0.244,0.01757,1.01220,0.01904,29.02
$MAG,26897.308,-0.568,-0.517,-0.408,28.0
$IMU,26897.309,0.366,-0.122,-0.305,0.01562,1.01123,0.01855,29.02
$IMU,26897.312,0.427,-0.183,-0.244,0.01611,1.01123,0.01660,29.02
$IMU,26897.314,0.427,-0.183,-0.183,0.01806,1.01464,0.01562,29.02
$IMU,26897.316,0.427,-0.122,-0.122,0.02294,1.01025,0.01611,29.00
$MAG,26897.318,-0.568,-0.522,-0.408,27.6
$IMU,26897.319,0.427,0.000,-0.122,0.02099,1.01269,0.01269,29.00
$IMU,26897.321,0.366,-0.061,-0.122,0.01855,1.01513,0.01269,29.00
$IMU,26897.323,0.366,-0.183,-0.061,0.01953,1.01513,0.01269,29.00
$IMU,26897.326,0.244,-0.183,-0.061,0.02197,1.01757,0.01464,29.00
$MAG,26897.328,-0.564,-0.513,-0.403,27.7
$IMU,26897.328,0.000,0.000,-0.183,0.01757,1.01367,0.01806,29.00
$IMU,26897.330,-0.122,0.061,-0.183,0.01953,1.00976,0.01171,29.00
$IMU,26897.333,-0.122,-0.122,-0.122,0.02050,1.01513,0.00878,29.00
$IMU,26897.335,-0.183,-0.244,-0.061,0.02099,1.01367,0.01171,28.98
$IMU,26897.337,-0.366,-0.183,-0.061,0.02148,1.01123,0.01416,28.98
$MAG,26897.338,-0.561,-0.514,-0.405,27.7
$IMU,26897.340,-0.549,0.000,-0.061,0.01953,1.01318,0.01367,28.98
$BARO,26897.341,86864.87,28.81
$IMU,26897.342,-0.671,-0.061,0.000,0.02148,1.01660,0.01611,28.98
$IMU,26897.344,-0.732,-0.183,-0.122,0.02050,1.01416,0.01562,28.98
$IMU,26897.347,-0.793,-0.061,-0.122,0.02050,1.01318,0.01416,28.98
$MAG,26897.348,-0.565,-0.513,-0.400,27.7
$IMU,26897.349,-0.976,-0.061,-0.122,0.02148,1.00927,0.01220,28.98
$IMU,26897.351,-0.976,-0.183,-0.122,0.02001,1.01367,0.01513,28.98
$IMU,26897.354,-1.037,0.000,-0.122,0.01806,1.01025,0.01416,29.03
$IMU,26897.356,-1.037,0.000,-0.122,0.02050,1.00732,0.01660,29.03
$MAG,26897.359,-0.555,-0.519,-0.400,27.8
$IMU,26897.359,-1.037,0.000,-0.122,0.02050,1.01074,0.01367,29.03
$IMU,26897.361,-0.976,-0.122,-0.122,0.02197,1.00976,0.01708,29.03
$IMU,26897.363,-0.915,-0.183,-0.122,0.02246,1.01171,0.01562,29.03
$IMU,26897.366,-0.976,-0.061,-0.122,0.02294,1.01171,0.01806,29.03
$IMU,26897.368,-0.854,0.000,-0.183,0.02050,1.01074,0.01806,29.03
$MAG,26897.369,-0.568,-0.520,-0.406,27.7
$IMU,26897.370,-0.732,-0.061,-0.244,0.02148,1.01220,0.01855,29.03
$IMU,26897.373,-0.549,-0.244,-0.183,0.01904,1.01025,0.01855,29.04
$IMU,26897.375,-0.427,-0.122,-0.183,0.01806,1.01269,0.01855,29.04
$IMU,26897.377,-0.427,-0.122,-0.183,0.02197,1.01123,0.01855,29.04
$MAG,26897.379,-0.559,-0.514,-0.406,28.1
$IMU,26897.380,-0.366,-0.061,-0.244,0.02392,1.01562,0.01660,29.04
$IMU,26897.382,-0.244,-0.061,-0.122,0.01953,1.01269,0.01855,29.04
$IMU,26897.384,-0.061,-0.122,-0.244,0.02050,1.01464,0.01513,29.04
$IMU,26897.387,0.061,-0.122,-0.305,0.01855,1.01318,0.01660,29.04
$MAG,26897.389,-0.561,-0.519,-0.405,27.8
$IMU,26897.389,0.183,-0.061,-0.305,0.02246,1.01074,0.01806,29.04
$IMU,26897.391,0.366,-0.122,-0.305,0.01855,1.01318,0.01708,29.04
$IMU,26897.394,0.366,0.000,-0.366,0.01562,1.00976,0.01708,29.04
$IMU,26897.396,0.427,-0.061,-0.305,0.01611,1.01318,0.01562,29.04
$IMU,26897.398,0.488,0.000,-0.305,0.01416,1.01074,0.01513,29.04
$MAG,26897.399,-0.565,-0.525,-0.402,28.0
$IMU,26897.401,0.610,-0.122,-0.305,0.01708,1.01513,0.01708,29.04
$IMU,26897.403,0.610,-0.122,-0.244,0.01660,1.01367,0.01562,29.04
$IMU,26897.405,0.610,-0.061,-0.183,0.01611,1.01513,0.01416,29.04
$IMU,26897.408,0.549,-0.061,-0.183,0.01708,1.01025,0.01269,29.04
$MAG,26897.409,-0.567,-0.513,-0.403,27.7
$IMU,26897.410,0.671,-0.244,-0.183,0.01757,1.01513,0.01367,29.01
$IMU,26897.412,0.488,-0.122,-0.183,0.01660,1.01806,0.01416,29.01
$IMU,26897.415,0.488,-0.122,-0.122,0.01708,1.01171,0.01318,29.01
$IMU,26897.417,0.305,-0.183,-0.183,0.01513,1.01562,0.01123,29.01
$MAG,26897.419,-0.568,-0.511,-0.403,27.7
$IMU,26897.420,0.061,0.061,-0.122,0.01708,1.01318,0.01318,29.01
$IMU,26897.422,0.000,0.000,-0.122,0.01562,1.01367,0.01269,29.01
$IMU,26897.424,-0.122,-0.183,-0.122,0.01562,1.01562,0.01416,29.01
$IMU,26897.427,-0.305,0.000,-0.122,0.01660,1.01513,0.01416,29.01
$MAG,26897.429,-0.562,-0.516,-0.402,27.8
$IMU,26897.429,-0.427,0.061,-0.061,0.01513,1.01025,0.01220,29.00
$IMU,26897.431,-0.671,0.000,-0.061,0.01660,1.01416,0.01416,29.00
$IMU,26897.434,-0.793,-0.061,-0.122,0.01757,1.01464,0.01269,29.00
$IMU,26897.436,-0.793,-0.122,0.000,0.01904,1.01123,0.01416,29.00
$IMU,26897.438,-0.854,-0.061,0.000,0.01953,1.01123,0.01416,29.00
$MAG,26897.439,-0.570,-0.520,-0.405,27.7
$IMU,26897.441,-0.976,-0.183,0.000,0.02246,1.01269,0.01806,29.00
$BARO,26897.443,86859.21,28.81
$IMU,26897.443,-0.976,0.000,0.000,0.02099,1.01074,0.01318,29.00
$IMU,26897.445,-1.037,-0.061,-0.061,0.02001,1.01220,0.01708,29.00
$IMU,26897.448,-1.037,-0.183,-0.122,0.02050,1.01708,0.01855,29.01
$MAG,26897.449,-0.562,-0.523,-0.408,27.8
$IMU,26897.450,-1.037,-0.061,-0.122,0.02050,1.01660,0.01464,29.01
$IMU,26897.452,-1.098,-0.061,-0.183,0.01953,1.01660,0.01562,29.01
$IMU,26897.455,-1.037,-0.183,-0.183,0.01660,1.01318,0.01708,29.01
$IMU,26897.457,-1.037,0.061,-0.122,0.01513,1.01269,0.01708,29.01
$MAG,26897.459,-0.568,-0.514,-0.400,27.7
$IMU,26897.459,-0.915,-0.061,-0.122,0.01855,1.01074,0.01855,29.01
$IMU,26897.462,-0.793,-0.122,-0.122,0.01953,1.01220,0.01953,29.01
$IMU,26897.464,-0.671,0.000,-0.183,0.02001,1.01171,0.01660,29.01
$IMU,26897.466,-0.549,-0.061,-0.122,0.01757,1.01269,0.02001,29.04
$IMU,26897.469,-0.427,-0.122,-0.183,0.01855,1.01611,0.01855,29.04
$MAG,26897.470,-0.567,-0.513,-0.399,27.8
$IMU,26897.471,-0.305,0.000,-0.122,0.01855,1.01416,0.01953,29.04
$IMU,26897.473,-0.122,-0.183,-0.244,0.02050,1.01074,0.01855,29.04
$IMU,26897.476,-0.061,-0.122,-0.305,0.02099,1.01269,0.01855,29.04
$IMU,26897.478,0.061,-0.122,-0.244,0.02050,1.01318,0.01611,29.04
$MAG,26897.480,-0.567,-0.514,-0.405,27.7
$IMU,26897.481,0.122,0.000,-0.244,0.01904,1.01318,0.01904,29.04
$IMU,26897.483,0.183,-0.061,-0.305,0.02050,1.01123,0.01806,29.04
$IMU,26897.485,0.305,-0.061,-0.244,0.02001,1.01464,0.01757,29.02
$IMU,26897.488,0.366,-0.122,-0.183,0.01757,1.01513,0.01562,29.02
$MAG,26897.490,-0.567,-0.516,-0.405,27.7
$IMU,26897.490,0.488,-0.183,-0.122,0.02246,1.01074,0.01660,29.02
$IMU,26897.492,0.549,-0.183,-0.183,0.02050,1.01660,0.01513,29.02
$IMU,26897.495,0.549,0.000,-0.183,0.02148,1.01318,0.01416,29.02
$IMU,26897.497,0.488,-0.122,-0.244,0.02246,1.01318,0.01416,29.02
$IMU,26897.499,0.671,-0.244,-0.244,0.02050,1.01220,0.01708,29.02
$MAG,26897.500,-0.573,-0.514,-0.402,27.7
$IMU,26897.502,0.610,-0.122,-0.183,0.01904,1.01318,0.01562,29.02
$IMU,26897.504,0.488,-0.183,-0.244,0.01806,1.01611,0.01318,29.00
$IMU,26897.506,0.427,-0.183,-0.244,0.01953,1.01123,0.01220,29.00
$IMU,26897.509,0.366,-0.061,-0.122,0.01757,1.01220,0.00927,29.00
$MAG,26897.510,-0.556,-0.508,-0.409,27.7
$IMU,26897.511,0.305,0.000,-0.183,0.01806,1.01318,0.01171,29.00
$IMU,26897.513,0.183,-0.183,-0.244,0.02050,1.01464,0.01269,29.00
$IMU,26897.516,0.122,-0.122,-0.183,0.01904,1.01367,0.00976,29.00
$IMU,26897.518,-0.061,-0.061,-0.244,0.01953,1.01416,0.01171,29.00
$MAG,26897.520,-0.559,-0.514,-0.405,27.8
$IMU,26897.520,-0.183,-0.061,-0.183,0.02099,1.01074,0.01123,29.00
$IMU,26897.523,-0.305,-0.061,-0.122,0.02050,1.01220,0.01220,28.98
$IMU,26897.525,-0.427,-0.122,-0.244,0.01904,1.01513,0.01269,28.98
$IMU,26897.527,-0.488,-0.244,-0.244,0.02001,1.01220,0.01220,28.98
$MAG,26897.530,-0.562,-0.511,-0.405,27.7
$IMU,26897.530,-0.732,-0.122,-0.122,0.01904,1.01464,0.01367,28.98
$IMU,26897.532,-0.915,0.061,-0.183,0.01904,1.01367,0.01171,28.98
$IMU,26897.534,-0.976,-0.061,-0.183,0.01806,1.01367,0.01123,28.98
$IMU,26897.537,-0.976,-0.244,-0.122,0.02001,1.01367,0.01025,28.98
$IMU,26897.539,-1.037,-0.122,-0.061,0.01318,1.01318,0.01269,28.98
$MAG,26897.540,-0.568,-0.522,-0.408,28.0
$IMU,26897.542,-1.159,-0.122,-0.122,0.01513,1.01367,0.01562,29.01
$BARO,26897.544,86860.16,28.81
$IMU,26897.544,-1.159,-0.122,-0.183,0.01660,1.01318,0.01660,29.01
$IMU,26897.546,-1.220,-0.061,-0.061,0.02246,1.01220,0.01757,29.01
$IMU,26897.549,-1.159,-0.061,-0.122,0.01806,1.00927,0.01660,29.01
$MAG,26897.550,-0.561,-0.522,-0.409,28.0
$IMU,26897.551,-1.098,-0.061,-0.061,0.01660,1.01220,0.01708,29.01
$IMU,26897.553,-0.976,-0.183,-0.061,0.01708,1.01025,0.01855,29.01
$IMU,26897.556,-0.976,-0.122,-0.061,0.01855,1.01269,0.01708,29.01
$IMU,26897.558,-1.037,-0.061,-0.061,0.01904,1.01123,0.02099,29.01
$MAG,26897.560,-0.562,-0.517,-0.406,27.7
$IMU,26897.560,-0.915,0.000,-0.122,0.02099,1.01025,0.01855,29.02
$IMU,26897.563,-0.793,-0.122,-0.122,0.02294,1.01269,0.01708,29.02
$IMU,26897.565,-0.732,-0.183,-0.122,0.02050,1.01171,0.02050,29.02
$IMU,26897.567,-0.610,0.000,-0.122,0.01806,1.01416,0.01806,29.02
$MAG,26897.570,-0.561,-0.507,-0.400,28.0
$IMU,26897.570,-0.488,-0.061,-0.183,0.01904,1.01416,0.02050,29.02
$IMU,26897.572,-0.305,-0.061,-0.183,0.01953,1.01171,0.02294,29.02
$IMU,26897.574,-0.183,-0.061,-0.183,0.01904,1.01367,0.01757,29.02
$IMU,26897.577,-0.061,-0.183,-0.183,0.01904,1.01220,0.02246,29.02
$IMU,26897.579,0.061,-0.183,-0.183,0.01904,1.01074,0.01855,29.06
$MAG,26897.581,-0.568,-0.519,-0.409,27.7
$IMU,26897.581,0.122,0.000,-0.183,0.02001,1.01513,0.01708,29.06
$IMU,26897.584,0.305,0.000,-0.183,0.01953,1.01416,0.01708,29.06
$IMU,26897.586,0.427,-0.061,-0.183,0.01904,1.01318,0.01953,29.06
$IMU,26897.588,0.488,-0.122,-0.183,0.02294,1.00976,0.01464,29.06
$MAG,26897.591,-0.558,-0.528,-0.405,27.7
$IMU,26897.591,0.610,0.061,-0.244,0.02148,1.00927,0.01464,29.06
$IMU,26897.593,0.671,0.061,-0.244,0.02099,1.01318,0.01660,29.06
$IMU,26897.595,0.732,-0.061,-0.244,0.02050,1.01318,0.01660,29.06
$IMU,26897.598,0.732,-0.061,-0.244,0.02099,1.00976,0.01611,29.00
$IMU,26897.600,0.732,-0.061,-0.183,0.01904,1.01074,0.01513,29.00
$MAG,26897.601,-0.558,-0.520,-0.414,27.7
$IMU,26897.603,0.732,-0.061,-0.244,0.01757,1.01171,0.01708,29.00
$IMU,26897.605,0.671,-0.061,-0.305,0.01562,1.01074,0.01367,29.00
$IMU,26897.607,0.610,-0.061,-0.244,0.01416,1.01318,0.01611,29.00
$IMU,26897.610,0.610,-0.183,-0.183,0.01757,1.01562,0.01123,29.00
$MAG,26897.611,-0.568,-0.516,-0.394,27.7
$IMU,26897.612,0.549,-0.183,-0.244,0.01904,1.01513,0.01269,29.00
$IMU,26897.614,0.427,-0.061,-0.183,0.01708,1.01269,0.01367,29.00
$IMU,26897.617,0.183,-0.122,-0.183,0.01904,1.01367,0.01269,29.03
$IMU,26897.619,0.061,-0.061,-0.183,0.01660,1.01269,0.01367,29.03
$MAG,26897.621,-0.571,-0.510,-0.403,27.7
$IMU,26897.621,-0.122,-0.061,-0.183,0.01562,1.01123,0.01171,29.03
$IMU,26897.624,-0.244,-0.061,-0.183,0.01904,1.01074,0.00927,29.03
$IMU,26897.626,-0.244,-0.061,-0.183,0.02148,1.01318,0.01660,29.03
$IMU,26897.628,-0.488,-0.061,-0.183,0.02001,1.01416,0.01123,29.03
$MAG,26897.631,-0.561,-0.510,-0.415,27.8
$IMU,26897.631,-0.732,-0.122,-0.122,0.01806,1.01318,0.01171,29.03
$IMU,26897.633,-0.854,-0.061,-0.061,0.01904,1.01220,0.01025,29.03
$IMU,26897.635,-0.915,-0.061,-0.122,0.02050,1.01220,0.01269,29.01
$IMU,26897.638,-0.976,-0.183,-0.061,0.02099,1.01318,0.01464,29.01
$IMU,26897.640,-1.098,-0.061,-0.122,0.01953,1.01074,0.01318,29.01
$MAG,26897.641,-0.558,-0.525,-0.414,27.7
$IMU,26897.642,-1.159,-0.061,-0.122,0.01953,1.01318,0.01367,29.01
$IMU,26897.645,-1.098,-0.122,-0.183,0.01953,1.01513,0.01416,29.01
$BARO,26897.646,86866.82,28.81
$IMU,26897.647,-1.159,-0.061,-0.122,0.01855,1.01513,0.01611,29.01
$IMU,26897.649,-1.220,-0.061,-0.244,0.02099,1.01416,0.01855,29.01
$MAG,26897.651,-0.562,-0.523,-0.400,27.6
$IMU,26897.652,-1.159,-0.061,-0.122,0.01855,1.01171,0.01611,29.01
$IMU,26897.654,-1.098,0.000,0.000,0.01660,1.01123,0.01562,29.01
$IMU,26897.656,-1.037,-0.061,-0.122,0.02001,1.01367,0.01953,29.01
$IMU,26897.659,-0.915,-0.061,-0.122,0.01611,1.01367,0.01660,29.01
$MAG,26897.661,-0.561,-0.523,-0.411,28.1
$IMU,26897.661,-0.793,-0.122,-0.122,0.01904,1.01318,0.01806,29.01
$IMU,26897.664,-0.793,0.000,-0.122,0.01708,1.01269,0.01513,29.01
$IMU,26897.666,-0.671,-0.122,-0.183,0.02099,1.00830,0.02050,29.01
$IMU,26897.668,-0.549,0.000,-0.183,0.01757,1.00976,0.02099,29.01
$MAG,26897.671,-0.559,-0.513,-0.409,27.8
$IMU,26897.671,-0.549,0.061,-0.183,0.01855,1.01220,0.01904,29.01
$IMU,26897.673,-0.488,0.061,-0.183,0.02001,1.01416,0.01904,29.03
$IMU,26897.675,-0.244,0.000,-0.122,0.01904,1.00878,0.01757,29.03
$IMU,26897.678,-0.061,-0.183,-0.122,0.02148,1.01318,0.01708,29.03
$IMU,26897.680,0.000,-0.122,-0.061,0.02001,1.01318,0.01806,29.03
$MAG,26897.681,-0.562,-0.511,-0.408,28.1
$IMU,26897.682,0.061,-0.061,-0.183,0.02099,1.01025,0.01953,29.03
$IMU,26897.685,0.122,0.000,-0.244,0.02050,1.01074,0.01708,29.03
$VBAT,26897.686,4.129
$IMU,26897.687,0.244,-0.061,-0.305,0.02099,1.01171,0.02001,29.03
$IMU,26897.689,0.244,-0.061,-0.305,0.02148,1.01074,0.01953,29.03
$MAG,26897.691,-0.564,-0.519,-0.400,27.7
$IMU,26897.692,0.366,0.000,-0.244,0.02197,1.01025,0.01757,29.01
$IMU,26897.694,0.427,-0.061,-0.244,0.01806,1.01220,0.01806,29.01
$IMU,26897.696,0.366,0.061,-0.244,0.01855,1.01318,0.01611,29.01
$IMU,26897.699,0.549,-0.122,-0.244,0.01806,1.01269,0.01611,29.01
$IMU,26897.701,0.610,-0.244,-0.244,0.02099,1.01220,0.01562,29.01
$MAG,26897.702,-0.570,-0.519,-0.414,28.0
$IMU,26897.703,0.610,-0.122,-0.244,0.01904,1.01123,0.01513,29.01
$IMU,26897.706,0.549,-0.122,-0.244,0.01611,1.01367,0.01611,29.01
$IMU,26897.708,0.427,0.000,-0.183,0.02148,1.01171,0.01513,29.01
$IMU,26897.710,0.366,0.000,-0.244,0.01953,1.01074,0.01269,28.98
$MAG,26897.712,-0.564,-0.516,-0.405,27.8
$IMU,26897.713,0.244,0.061,-0.183,0.01953,1.01318,0.01269,28.98
$IMU,26897.715,0.244,-0.122,-0.122,0.01953,1.01123,0.01318,28.98
$IMU,26897.717,0.061,-0.061,-0.061,0.01953,1.01318,0.01464,28.98
$IMU,26897.720,0.000,-0.122,-0.122,0.01904,1.01123,0.01269,28.98
$MAG,26897.722,-0.568,-0.514,-0.408,28.1
$IMU,26897.722,-0.183,-0.061,-0.122,0.02246,1.01513,0.01464,28.98
$IMU,26897.724,-0.305,-0.061,-0.122,0.01855,1.01660,0.01318,28.98
$IMU,26897.727,-0.427,-0.122,-0.183,0.01904,1.01025,0.01513,28.98
$IMU,26897.729,-0.488,-0.244,-0.305,0.01757,1.00976,0.01171,29.03
$IMU,26897.732,-0.671,0.000,-0.305,0.01904,1.01367,0.01220,29.03
$MAG,26897.732,-0.568,-0.516,-0.399,27.7
$IMU,26897.734,-0.793,-0.061,-0.244,0.01806,1.01074,0.01269,29.03
$IMU,26897.736,-0.854,-0.061,-0.061,0.01562,1.00683,0.01367,29.03
$IMU,26897.739,-0.854,0.000,-0.061,0.01855,1.01025,0.01660,29.03
$IMU,26897.741,-0.793,0.000,-0.122,0.01855,1.00781,0.01318,29.03
$MAG,26897.742,-0.567,-0.514,-0.408,27.7
$IMU,26897.743,-0.915,0.000,-0.061,0.01953,1.00781,0.01367,29.03
$IMU,26897.746,-0.854,-0.061,-0.061,0.02099,1.01074,0.01416,29.03
$BARO,26897.747,86868.99,28.82
$IMU,26897.748,-0.793,0.000,-0.183,0.01757,1.01416,0.01611,29.02
$IMU,26897.750,-0.793,0.061,-0.183,0.02050,1.01269,0.01562,29.02
$MAG,26897.752,-0.574,-0.510,-0.411,27.7
$IMU,26897.753,-0.671,-0.061,-0.183,0.01806,1.01318,0.01513,29.02
$IMU,26897.755,-0.610,0.000,-0.183,0.01562,1.01220,0.01513,29.02
$IMU,26897.757,-0.610,0.061,-0.244,0.01611,1.01171,0.01806,29.02
$IMU,26897.760,-0.549,-0.122,-0.061,0.01904,1.00878,0.01513,29.02
$MAG,26897.762,-0.565,-0.525,-0.405,27.8
$IMU,26897.762,-0.427,-0.061,-0.122,0.01757,1.00976,0.01855,29.02
$IMU,26897.764,-0.305,-0.061,-0.061,0.02197,1.01513,0.01806,29.02
$IMU,26897.767,-0.305,-0.183,-0.122,0.01806,1.01562,0.01660,29.01
$IMU,26897.769,-0.244,-0.122,-0.183,0.02050,1.01367,0.01513,29.01
$IMU,26897.771,-0.183,-0.122,-0.244,0.02197,1.01171,0.01611,29.01
$MAG,26897.772,-0.558,-0.534,-0.411,28.1
$IMU,26897.774,-0.061,-0.122,-0.183,0.02441,1.01074,0.01464,29.01
$IMU,26897.776,0.061,-0.183,-0.122,0.01855,1.00976,0.01660,29.01
$IMU,26897.778,0.061,-0.183,-0.122,0.02148,1.01123,0.01806,29.01
$IMU,26897.781,0.122,-0.183,-0.122,0.01806,1.01025,0.01611,29.01
$MAG,26897.782,-0.564,-0.513,-0.403,28.0
$IMU,26897.783,0.122,-0.122,-0.183,0.01855,1.01074,0.01757,29.01
$IMU,26897.785,0.183,-0.122,-0.122,0.02050,1.01416,0.01611,29.04
$IMU,26897.788,0.183,-0.061,-0.122,0.01513,1.01220,0.01904,29.04
$IMU,26897.790,0.244,-0.122,-0.183,0.01855,1.01416,0.01855,29.04
$MAG,26897.792,-0.570,-0.517,-0.402,27.8
$IMU,26897.793,0.244,-0.183,-0.122,0.01708,1.01416,0.01904,29.04
$IMU,26897.795,0.122,0.000,-0.244,0.01953,1.00878,0.01757,29.04
$IMU,26897.797,0.183,-0.122,-0.244,0.02050,1.00927,0.01562,29.04
$IMU,26897.800,0.061,-0.122,-0.244,0.01660,1.00927,0.01464,29.04
$MAG,26897.802,-0.568,-0.516,-0.414,27.6
$IMU,26897.802,0.122,-0.061,-0.183,0.02001,1.01171,0.01464,29.04
$IMU,26897.804,0.061,-0.183,-0.183,0.02148,1.01367,0.01220,29.00
$IMU,26897.807,0.000,-0.122,-0.122,0.02001,1.01269,0.01416,29.00
$IMU,26897.809,-0.061,-0.122,-0.183,0.01953,1.01171,0.01464,29.00
$IMU,26897.811,-0.122,-0.061,-0.122,0.01855,1.01416,0.01318,29.00
$MAG,26897.813,-0.547,-0.516,-0.402,27.7
$IMU,26897.814,-0.183,-0.122,-0.122,0.01806,1.01220,0.01367,29.00
$IMU,26897.816,-0.244,-0.244,-0.183,0.01806,1.01367,0.01367,29.00
$IMU,26897.818,-0.427,-0.061,-0.122,0.01660,1.01269,0.01318,29.00
$IMU,26897.821,-0.488,-0.061,-0.183,0.02197,1.01464,0.01367,29.00
$IMU,26897.823,-0.549,0.000,-0.183,0.01953,1.01123,0.01464,29.06
$MAG,26897.823,-0.559,-0.514,-0.405,27.8
$IMU,26897.825,-0.488,-0.183,-0.122,0.02197,1.01269,0.01611,29.06
$IMU,26897.828,-0.488,-0.183,-0.122,0.01806,1.01269,0.01416,29.06
$IMU,26897.830,-0.610,-0.183,-0.122,0.01757,1.01269,0.01464,29.06
$IMU,26897.832,-0.732,0.000,0.000,0.01708,1.01416,0.01562,29.06
$MAG,26897.833,-0.559,-0.522,-0.412,27.8
$IMU,26897.835,-0.854,0.000,-0.122,0.02099,1.01220,0.01513,29.06
$IMU,26897.837,-0.793,-0.061,-0.183,0.02148,1.00976,0.01367,29.06
$IMU,26897.839,-0.854,-0.122,-0.244,0.01806,1.01123,0.01562,29.06
$IMU,26897.842,-0.854,0.000,-0.183,0.01806,1.01318,0.01611,28.98
$MAG,26897.843,-0.565,-0.523,-0.409,28.1
$IMU,26897.844,-0.732,0.000,-0.183,0.01855,1.01220,0.01611,28.98
$IMU,26897.846,-0.732,-0.061,-0.122,0.01806,1.01416,0.01757,28.98
$BARO,26897.848,86860.31,28.82
$IMU,26897.849,-0.610,-0.244,-0.061,0.01904,1.01269,0.01464,28.98
$IMU,26897.851,-0.610,-0.183,-0.183,0.01708,1.01123,0.01660,28.98
$MAG,26897.853,-0.564,-0.514,-0.400,28.0
$IMU,26897.854,-0.610,-0.061,-0.183,0.01904,1.01318,0.01953,28.98
$IMU,26897.856,-0.549,-0.061,-0.183,0.01806,1.01269,0.01660,28.98
$IMU,26897.858,-0.427,-0.183,-0.183,0.01953,1.01269,0.01757,28.98
$IMU,26897.861,-0.366,-0.061,-0.122,0.02050,1.01464,0.01855,29.02
$MAG,26897.863,-0.562,-0.519,-0.409,27.7
$IMU,26897.863,-0.305,-0.183,-0.122,0.01904,1.01220,0.01708,29.02
$IMU,26897.865,-0.183,-0.244,-0.183,0.01953,1.01318,0.01708,29.02
$IMU,26897.868,-0.122,-0.061,-0.183,0.01953,1.01220,0.01660,29.02
$IMU,26897.870,-0.061,-0.061,-0.244,0.01708,1.01416,0.01464,29.02
$IMU,26897.872,0.000,-0.061,-0.244,0.01904,1.01171,0.01513,29.02
$MAG,26897.873,-0.562,-0.513,-0.403,28.1
$IMU,26897.875,0.244,-0.061,-0.122,0.02148,1.01171,0.01611,29.02
$IMU,26897.877,0.244,-0.122,-0.122,0.02050,1.00976,0.01562,29.02
$IMU,26897.879,0.366,-0.305,-0.183,0.01611,1.01416,0.01611,29.02
$IMU,26897.882,0.427,-0.061,-0.122,0.01757,1.01123,0.01562,29.02
$MAG,26897.883,-0.571,-0.514,-0.405,27.7
$IMU,26897.884,0.427,0.061,-0.183,0.02050,1.01171,0.01855,29.02
$IMU,26897.886,0.427,0.061,-0.122,0.01953,1.01513,0.01708,29.02
$IMU,26897.889,0.427,-0.122,-0.183,0.01708,1.01416,0.01416,29.02
$IMU,26897.891,0.427,-0.061,-0.183,0.02050,1.00878,0.01416,29.02
$MAG,26897.893,-0.562,-0.526,-0.406,27.7
$IMU,26897.893,0.488,-0.061,-0.244,0.01757,1.01220,0.01513,29.02
$IMU,26897.896,0.427,-0.061,-0.244,0.01464,1.01318,0.01220,29.02
$IMU,26897.898,0.305,0.000,-0.183,0.01806,1.01269,0.01318,29.01
$IMU,26897.900,0.244,0.061,-0.183,0.02001,1.01220,0.01611,29.01
$MAG,26897.903,-0.558,-0.522,-0.405,27.7
$IMU,26897.903,0.244,-0.122,-0.183,0.01708,1.01562,0.01367,29.01
$IMU,26897.905,0.122,-0.183,-0.183,0.01757,1.01269,0.00927,29.01
$IMU,26897.907,0.061,-0.183,-0.183,0.01708,1.01123,0.01123,29.01
$IMU,26897.910,-0.183,-0.061,-0.183,0.01757,1.01513,0.01123,29.01
$IMU,26897.912,-0.366,0.122,-0.122,0.01611,1.01464,0.01318,29.01
$MAG,26897.913,-0.571,-0.511,-0.406,27.7
$IMU,26897.915,-0.427,-0.061,-0.183,0.01953,1.01123,0.01171,29.01
$IMU,26897.917,-0.488,-0.183,-0.122,0.01855,1.01464,0.01318,29.05
$IMU,26897.919,-0.549,-0.183,-0.061,0.02294,1.01318,0.01269,29.05
$IMU,26897.922,-0.732,-0.183,0.000,0.01953,1.01025,0.01269,29.05
$MAG,26897.924,-0.568,-0.522,-0.409,28.1
$IMU,26897.924,-1.037,0.061,-0.061,0.01953,1.01220,0.01269,29.05
$IMU,26897.926,-1.037,-0.122,-0.122,0.02050,1.01123,0.01416,29.05
$IMU,26897.929,-1.037,-0.061,-0.122,0.01904,1.01855,0.01416,29.05
$IMU,26897.931,-1.037,-0.183,-0.183,0.01855,1.01416,0.01513,29.05
$IMU,26897.933,-1.098,-0.183,-0.122,0.01953,1.00976,0.01269,29.05
$MAG,26897.934,-0.565,-0.514,-0.403,27.8
$IMU,26897.936,-1.159,0.000,-0.122,0.01855,1.01513,0.01806,29.03
$IMU,26897.938,-1.159,-0.122,-0.122,0.02099,1.01416,0.01611,29.03
$IMU,26897.940,-1.098,0.000,0.000,0.01757,1.01123,0.01318,29.03
$IMU,26897.943,-0.976,-0.183,-0.061,0.01806,1.01367,0.01611,29.03
$MAG,26897.944,-0.567,-0.519,-0.405,27.7
$IMU,26897.945,-0.915,-0.183,-0.061,0.01953,1.01367,0.01904,29.03
$IMU,26897.947,-0.854,0.000,-0.183,0.02050,1.01611,0.01806,29.03
$BARO,26897.950,86861.72,28.82
$IMU,26897.950,-0.793,0.061,-0.183,0.02050,1.01220,0.01611,29.03
$IMU,26897.952,-0.671,0.000,-0.183,0.02148,1.01074,0.02246,29.03
$MAG,26897.954,-0.568,-0.511,-0.403,27.7
$IMU,26897.954,-0.488,0.000,-0.244,0.01855,1.01269,0.02050,29.07
$IMU,26897.957,-0.305,-0.366,-0.305,0.01806,1.01416,0.01953,29.07
$IMU,26897.959,-0.183,-0.122,-0.305,0.02050,1.01367,0.01806,29.07
$IMU,26897.961,-0.061,-0.122,-0.305,0.01806,1.01318,0.01904,29.07
$MAG,26897.964,-0.559,-0.511,-0.405,27.7
$IMU,26897.964,0.061,-0.183,-0.122,0.02001,1.01318,0.01953,29.07
$IMU,26897.966,0.122,0.061,-0.122,0.01855,1.01025,0.01806,29.07
$IMU,26897.968,0.366,0.061,-0.183,0.02001,1.01269,0.01660,29.07
$IMU,26897.971,0.549,-0.183,-0.183,0.01904,1.01220,0.01855,29.07
$IMU,26897.973,0.671,-0.183,-0.183,0.01806,1.01513,0.01708,29.01
$MAG,26897.974,-0.565,-0.522,-0.405,27.7
$IMU,26897.976,0.610,-0.061,-0.244,0.01660,1.01513,0.01757,29.01
$IMU,26897.978,0.610,0.000,-0.305,0.01953,1.01123,0.01367,29.01
$IMU,26897.980,0.732,-0.122,-0.305,0.01513,1.01318,0.01367,29.01
$IMU,26897.983,0.732,-0.122,-0.244,0.01513,1.01318,0.01220,29.01
$MAG,26897.984,-0.559,-0.525,-0.399,28.0
$IMU,26897.985,0.732,-0.183,-0.183,0.02099,1.01464,0.01513,29.01
$IMU,26897.987,0.732,-0.183,-0.122,0.01757,1.01171,0.01416,29.01
$IMU,26897.990,0.671,-0.061,-0.183,0.01464,1.01708,0.01513,29.01
$IMU,26897.992,0.488,-0.122,-0.244,0.01611,1.01416,0.01416,29.01
$MAG,26897.994,-0.565,-0.517,-0.406,28.0
$IMU,26897.994,0.366,-0.183,-0.183,0.02001,1.01708,0.01123,29.01
$IMU,26897.997,0.305,-0.122,-0.122,0.01855,1.01123,0.01074,29.01
$IMU,26897.999,0.122,-0.183,-0.122,0.02050,1.01416,0.01171,29.01
$IMU,26898.001,-0.061,-0.122,-0.183,0.01904,1.01074,0.01025,29.01
$MAG,26898.004,-0.567,-0.516,-0.406,28.0
$IMU,26898.004,-0.183,-0.122,-0.122,0.01904,1.01269,0.01318,29.01
$IMU,26898.006,-0.427,0.000,-0.061,0.01806,1.01416,0.01220,29.01
$IMU,26898.008,-0.488,-0.061,-0.061,0.02197,1.01416,0.01562,29.01
$IMU,26898.011,-0.610,-0.183,-0.061,0.01953,1.01171,0.01513,29.02
$HUM,26898.013,34.7,29.3
$IMU,26898.013,-0.793,-0.183,-0.122,0.01855,1.01513,0.01367,29.02
$MAG,26898.014,-0.561,-0.510,-0.400,28.1
$IMU,26898.015,-0.915,-0.122,-0.183,0.01757,1.01513,0.01367,29.02
$IMU,26898.018,-0.976,0.061,-0.122,0.01953,1.01611,0.01416,29.02
$IMU,26898.020,-1.037,-0.122,-0.122,0.01757,1.01416,0.01367,29.02
$IMU,26898.022,-1.098,-0.122,-0.122,0.02050,1.01318,0.01562,29.02
$MAG,26898.024,-0.571,-0.522,-0.403,27.8
$IMU,26898.025,-1.098,-0.061,-0.061,0.02001,1.00878,0.01562,29.02
$IMU,26898.027,-1.159,0.000,0.000,0.01757,1.01220,0.01562,29.02
$IMU,26898.029,-1.159,0.000,0.061,0.01953,1.01220,0.01562,29.00
$IMU,26898.032,-1.159,0.000,0.000,0.02148,1.01123,0.01464,29.00
$IMU,26898.034,-0.915,-0.305,0.000,0.02099,1.01123,0.01562,29.00
$MAG,26898.035,-0.565,-0.526,-0.405,27.7
$IMU,26898.037,-0.976,-0.122,-0.122,0.02001,1.01416,0.01660,29.00
$IMU,26898.039,-0.915,-0.061,-0.122,0.01855,1.01220,0.01513,29.00
$IMU,26898.041,-0.854,-0.183,-0.244,0.01953,1.01464,0.01806,29.00
$IMU,26898.044,-0.671,-0.122,-0.183,0.01904,1.01367,0.01708,29.00
$MAG,26898.045,-0.565,-0.522,-0.408,27.7
$IMU,26898.046,-0.549,-0.061,-0.183,0.01904,1.01513,0.01660,29.00
$IMU,26898.048,-0.427,-0.122,-0.244,0.01953,1.01367,0.01708,29.03
$BARO,26898.051,86859.70,28.82
$IMU,26898.051,-0.366,-0.183,-0.244,0.01708,1.01513,0.01660,29.03
$IMU,26898.053,-0.183,-0.061,-0.244,0.01953,1.01269,0.01953,29.03
$MAG,26898.055,-0.573,-0.508,-0.414,28.0
$IMU,26898.055,-0.061,-0.061,-0.244,0.01953,1.01171,0.01660,29.03
$IMU,26898.058,0.000,0.000,-0.305,0.01904,1.01318,0.01660,29.03
$IMU,26898.060,0.183,-0.122,-0.183,0.01953,1.01611,0.01855,29.03
$IMU,26898.062,0.305,-0.122,-0.244,0.01562,1.01074,0.01904,29.03
$MAG,26898.065,-0.570,-0.519,-0.406,27.7
$IMU,26898.065,0.366,-0.122,-0.305,0.01367,1.01269,0.01904,29.03
$IMU,26898.067,0.366,0.061,-0.183,0.01708,1.01220,0.01855,29.04
$IMU,26898.069,0.427,0.000,-0.183,0.02294,1.01464,0.01855,29.04
$IMU,26898.072,0.488,-0.183,-0.244,0.01855,1.01171,0.01660,29.04
$IMU,26898.074,0.488,0.000,-0.122,0.01611,1.01269,0.01660,29.04
$MAG,26898.075,-0.562,-0.513,-0.409,27.7
$IMU,26898.076,0.427,-0.061,-0.183,0.01855,1.01171,0.01611,29.04
$IMU,26898.079,0.549,-0.244,-0.183,0.02343,1.01513,0.01660,29.04
$IMU,26898.081,0.427,0.000,-0.244,0.01855,1.01318,0.01660,29.04
$IMU,26898.083,0.305,-0.061,-0.244,0.01660,1.01562,0.01660,29.04
$MAG,26898.085,-0.562,-0.520,-0.405,27.7
$IMU,26898.086,0.244,-0.244,-0.244,0.01953,1.01416,0.01757,29.03
$IMU,26898.088,0.061,-0.061,-0.122,0.02050,1.01367,0.01318,29.03
$IMU,26898.090,0.122,-0.122,-0.122,0.01855,1.01220,0.01367,29.03
$IMU,26898.093,-0.061,-0.122,0.000,0.01904,1.01367,0.01220,29.03
$MAG,26898.095,-0.565,-0.516,-0.409,28.1
$IMU,26898.095,-0.122,-0.061,0.000,0.02099,1.01220,0.00976,29.03
$IMU,26898.098,-0.183,0.000,-0.122,0.01806,1.01123,0.01416,29.03
$IMU,26898.100,-0.244,-0.244,-0.061,0.02050,1.01464,0.01367,29.03
$IMU,26898.102,-0.366,-0.122,0.000,0.01708,1.01464,0.01269,29.03
$MAG,26898.105,-0.565,-0.520,-0.402,27.8
$IMU,26898.105,-0.488,-0.122,-0.122,0.02148,1.01416,0.01660,29.01
$IMU,26898.107,-0.610,0.000,-0.244,0.02197,1.01660,0.01611,29.01
$IMU,26898.109,-0.610,-0.061,-0.183,0.02099,1.01171,0.01611,29.01
$IMU,26898.112,-0.549,-0.122,-0.122,0.01708,1.01123,0.01611,29.01
$IMU,26898.114,-0.549,-0.244,-0.122,0.01904,1.01171,0.01757,29.01
$MAG,26898.115,-0.568,-0.514,-0.403,28.1
$IMU,26898.116,-0.610,-0.122,-0.061,0.01855,1.01269,0.01367,29.01
$IMU,26898.119,-0.549,-0.061,-0.122,0.01806,1.00927,0.01660,29.01
$IMU,26898.121,-0.549,-0.061,-0.122,0.01757,1.01123,0.01611,29.01
$IMU,26898.123,-0.488,-0.122,-0.183,0.01708,1.01171,0.01513,28.98
$MAG,26898.125,-0.558,-0.510,-0.405,28.1
$IMU,26898.126,-0.427,-0.183,-0.244,0.01757,1.01318,0.01562,28.98
$IMU,26898.128,-0.427,-0.183,-0.244,0.01757,1.01171,0.01708,28.98
$IMU,26898.130,-0.305,-0.061,-0.244,0.02099,1.01318,0.01367,28.98
$IMU,26898.133,-0.305,0.061,-0.244,0.01855,1.01318,0.01611,28.98
$MAG,26898.135,-0.570,-0.520,-0.412,27.8
$IMU,26898.135,-0.244,-0.061,-0.244,0.01904,1.01074,0.01611,28.98
$IMU,26898.137,-0.183,-0.183,-0.244,0.02050,1.01318,0.01611,28.98
$IMU,26898.140,-0.183,-0.122,-0.244,0.02099,1.01269,0.01757,28.98
$IMU,26898.142,-0.244,-0.061,-0.244,0.01953,1.01367,0.01562,29.04
$IMU,26898.144,-0.244,0.000,-0.244,0.01660,1.01708,0.01513,29.04
$MAG,26898.146,-0.567,-0.514,-0.391,28.0
$IMU,26898.147,-0.183,0.061,-0.305,0.01660,1.01318,0.01611,29.04
$IMU,26898.149,-0.061,-0.244,-0.366,0.01464,1.01367,0.01269,29.04
$IMU,26898.151,-0.122,-0.122,-0.305,0.01855,1.00927,0.01171,29.04
$BARO,26898.153,86860.72,28.81
$IMU,26898.154,-0.183,-0.061,-0.183,0.02001,1.01269,0.01513,29.04
$MAG,26898.156,-0.570,-0.516,-0.406,28.1
$IMU,26898.156,-0.183,-0.061,-0.122,0.01904,1.01269,0.01562,29.04
$IMU,26898.158,-0.305,-0.061,-0.061,0.01855,1.01171,0.01562,29.04
$IMU,26898.161,-0.244,-0.122,-0.122,0.01660,1.01123,0.01367,29.04
$IMU,26898.163,-0.244,-0.061,-0.122,0.01904,1.01123,0.01708,29.04
$MAG,26898.166,-0.565,-0.517,-0.411,27.8
$IMU,26898.166,-0.183,-0.183,-0.122,0.01806,1.01269,0.01513,29.04
$IMU,26898.168,-0.244,0.000,-0.122,0.01562,1.01464,0.01953,29.04
$IMU,26898.170,-0.305,0.000,-0.122,0.01855,1.01367,0.01708,29.04
$IMU,26898.173,-0.366,-0.061,-0.183,0.01855,1.01416,0.01660,29.04
$IMU,26898.175,-0.305,-0.061,-0.122,0.01708,1.01416,0.01660,29.04
$MAG,26898.176,-0.558,-0.517,-0.397,27.7
$IMU,26898.177,-0.244,-0.122,-0.061,0.01806,1.01416,0.01562,29.04
$IMU,26898.180,-0.305,-0.061,-0.122,0.02246,1.01171,0.01660,29.02
$IMU,26898.182,-0.244,-0.183,0.000,0.02197,1.01220,0.01611,29.02
$IMU,26898.184,-0.305,-0.183,0.000,0.02490,1.01025,0.01513,29.02
$MAG,26898.186,-0.567,-0.526,-0.412,27.7
$IMU,26898.187,-0.366,-0.061,-0.061,0.02099,1.01171,0.01660,29.02
$IMU,26898.189,-0.305,-0.183,-0.061,0.02343,1.01416,0.01708,29.02
$IMU,26898.191,-0.366,-0.244,-0.061,0.02050,1.01269,0.01660,29.02
$IMU,26898.194,-0.366,-0.122,-0.122,0.01953,1.01367,0.01562,29.02
$MAG,26898.196,-0.568,-0.523,-0.415,28.1
$IMU,26898.196,-0.305,-0.183,-0.183,0.01953,1.01513,0.01513,29.02
$IMU,26898.198,-0.244,-0.183,-0.183,0.02148,1.01367,0.01757,28.99
$IMU,26898.201,-0.244,-0.183,-0.122,0.02001,1.01416,0.01416,28.99
$IMU,26898.203,-0.244,-0.122,-0.183,0.02050,1.01318,0.01757,28.99
$IMU,26898.205,-0.183,-0.305,-0.244,0.02343,1.01416,0.01513,28.99
$MAG,26898.206,-0.555,-0.520,-0.406,27.8
$IMU,26898.208,-0.244,-0.061,-0.061,0.01904,1.01220,0.01708,28.99
$IMU,26898.210,-0.366,0.061,-0.183,0.02050,1.01269,0.02099,28.99
$IMU,26898.212,-0.366,-0.122,-0.183,0.02246,1.01318,0.01806,28.99
$IMU,26898.215,-0.305,-0.122,-0.244,0.02099,1.01220,0.01611,28.99
$MAG,26898.216,-0.565,-0.516,-0.403,28.1
$IMU,26898.217,-0.183,-0.183,-0.244,0.01953,1.01513,0.01513,29.03
$IMU,26898.219,-0.244,-0.122,-0.183,0.02001,1.01318,0.01806,29.03
$IMU,26898.222,-0.183,-0.122,-0.183,0.01904,1.01220,0.01513,29.03
$IMU,26898.224,-0.122,-0.061,-0.244,0.01953,1.01416,0.01806,29.03
$MAG,26898.226,-0.565,-0.516,-0.409,27.8
$IMU,26898.227,-0.244,0.000,-0.244,0.01855,1.01025,0.01416,29.03
$IMU,26898.229,-0.122,-0.122,-0.183,0.02392,1.01025,0.01611,29.03
$TIME,26898.231,510813.000,2399
$IMU,26898.231,-0.061,-0.061,-0.305,0.02148,1.01123,0.01611,29.03
$IMU,26898.234,-0.122,0.000,-0.305,0.01806,1.01367,0.01660,29.03
$MAG,26898.236,-0.562,-0.514,-0.403,27.8
$IMU,26898.236,-0.061,-0.183,-0.244,0.01855,1.01416,0.01513,29.05
$IMU,26898.238,0.061,-0.122,-0.244,0.01953,1.01123,0.01611,29.05
$IMU,26898.241,0.061,-0.122,-0.244,0.01611,1.01171,0.01611,29.05
$IMU,26898.243,0.000,-0.122,-0.244,0.01904,1.00976,0.01660,29.05
$IMU,26898.245,-0.122,0.000,-0.183,0.01904,1.01416,0.01464,29.05
$MAG,26898.246,-0.564,-0.514,-0.406,28.1
$IMU,26898.248,0.000,-0.122,-0.244,0.01953,1.01416,0.01611,29.05
$IMU,26898.250,0.061,-0.183,-0.244,0.01806,1.01367,0.01513,29.05
$IMU,26898.252,0.061,-0.244,-0.183,0.01611,1.01367,0.01416,29.05
$BARO,26898.254,86864.04,28.83
$IMU,26898.255,0.000,-0.244,-0.244,0.01806,1.01025,0.01464,29.05
$MAG,26898.257,-0.571,-0.525,-0.411,28.1
$IMU,26898.257,-0.183,0.000,-0.244,0.01953,1.01171,0.01269,29.05
$IMU,26898.259,0.000,-0.061,-0.183,0.02001,1.01464,0.01611,29.05
$IMU,26898.262,-0.183,0.122,-0.183,0.01953,1.01611,0.01464,29.05
$IMU,26898.264,-0.244,-0.122,-0.183,0.02197,1.01269,0.01562,29.05
$IMU,26898.266,-0.183,-0.183,-0.122,0.01855,1.01123,0.01708,29.05
$MAG,26898.267,-0.561,-0.525,-0.405,28.1
$IMU,26898.269,-0.244,-0.366,-0.061,0.01660,1.01220,0.01416,29.05
$IMU,26898.271,-0.305,-0.183,-0.122,0.01904,1.00878,0.01367,29.05
$IMU,26898.273,-0.366,0.122,-0.122,0.01953,1.01416,0.01123,29.00
$IMU,26898.276,-0.427,-0.061,-0.061,0.01855,1.01318,0.01220,29.00
$MAG,26898.277,-0.574,-0.525,-0.400,27.8
$IMU,26898.278,-0.488,0.000,0.000,0.01855,1.01269,0.01611,29.00
$IMU,26898.280,-0.549,0.061,0.000,0.02099,1.01220,0.01464,29.00
$IMU,26898.283,-0.549,-0.183,0.000,0.01904,1.01123,0.01513,29.00
$IMU,26898.285,-0.610,-0.122,0.000,0.01855,1.00781,0.01367,29.00
$MAG,26898.287,-0.571,-0.514,-0.400,27.8
$IMU,26898.288,-0.610,-0.061,-0.061,0.02001,1.01318,0.01464,29.00
$IMU,26898.290,-0.610,-0.183,-0.122,0.02001,1.01123,0.01464,29.00
$IMU,26898.292,-0.549,-0.183,-0.183,0.01757,1.01123,0.01416,29.05
$IMU,26898.295,-0.610,0.061,-0.183,0.02050,1.01513,0.01513,29.05
$MAG,26898.297,-0.567,-0.522,-0.412,28.1
$IMU,26898.297,-0.610,-0.122,-0.122,0.02294,1.01464,0.01611,29.05
$IMU,26898.299,-0.610,-0.122,-0.061,0.01855,1.01318,0.01855,29.05
$IMU,26898.302,-0.610,-0.061,-0.061,0.02246,1.01123,0.01660,29.05
$IMU,26898.304,-0.549,-0.183,-0.061,0.02246,1.01123,0.01953,29.05
$IMU,26898.306,-0.610,-0.183,-0.061,0.02197,1.01220,0.01757,29.05
$MAG,26898.307,-0.562,-0.523,-0.403,27.7
$IMU,26898.309,-0.488,0.000,-0.183,0.01953,1.01367,0.01660,29.05
$IMU,26898.311,-0.427,-0.061,-0.244,0.02099,1.01171,0.01562,29.03
$IMU,26898.313,-0.427,-0.183,-0.183,0.01660,1.01562,0.01708,29.03
$IMU,26898.316,-0.305,-0.122,-0.183,0.02099,1.01318,0.01708,29.03
$MAG,26898.317,-0.564,-0.517,-0.403,27.7
$IMU,26898.318,-0.244,-0.183,-0.183,0.01904,1.01464,0.01611,29.03
$IMU,26898.320,-0.244,-0.122,-0.183,0.01904,1.00878,0.01806,29.03
$IMU,26898.323,-0.183,0.000,-0.122,0.01660,1.01171,0.01806,29.03
$IMU,26898.325,-0.061,-0.122,-0.183,0.02001,1.01025,0.02099,29.03
$IMU,26898.327,0.061,-0.183,-0.305,0.02050,1.01220,0.01708,29.03
$MAG,26898.327,-0.567,-0.505,-0.408,27.7
$IMU,26898.330,0.122,-0.183,-0.244,0.01855,1.01074,0.01562,29.02
$IMU,26898.332,0.122,-0.061,-0.244,0.01806,1.01025,0.01660,29.02
$IMU,26898.334,0.244,-0.061,-0.244,0.01855,1.01123,0.01708,29.02
$MAG,26898.337,-0.565,-0.514,-0.412,27.7
$IMU,26898.337,0.244,-0.122,-0.183,0.01904,1.00781,0.01562,29.02
$IMU,26898.339,0.305,-0.061,-0.244,0.01806,1.01025,0.01611,29.02
$IMU,26898.341,0.305,-0.183,-0.244,0.01953,1.01513,0.01806,29.02
$IMU,26898.344,0.305,-0.122,-0.183,0.01904,1.01416,0.01562,29.02
$IMU,26898.346,0.305,-0.122,-0.244,0.01806,1.01171,0.01513,29.02
$MAG,26898.347,-0.565,-0.514,-0.403,27.7
$IMU,26898.349,0.183,0.061,-0.244,0.01904,1.01025,0.01464,29.05
$IMU,26898.351,0.305,-0.122,-0.183,0.01708,1.01074,0.01611,29.05
$IMU,26898.353,0.244,-0.244,-0.183,0.02001,1.01513,0.01416,29.05
$BARO,26898.356,86870.33,28.82
$IMU,26898.356,0.183,-0.244,-0.244,0.01904,1.01367,0.01220,29.05
$MAG,26898.357,-0.568,-0.513,-0.405,27.7
$IMU,26898.358,0.122,-0.183,-0.122,0.01904,1.01123,0.01416,29.05
$IMU,26898.360,-0.122,-0.061,-0.122,0.01708,1.01513,0.01318,29.05
$IMU,26898.363,-0.122,-0.122,-0.122,0.01806,1.01464,0.01464,29.05
$IMU,26898.365,-0.183,-0.183,-0.122,0.01904,1.01269,0.01220,29.05
$IMU,26898.367,-0.244,-0.122,-0.122,0.02001,1.01220,0.01367,29.01
$MAG,26898.368,-0.558,-0.523,-0.405,27.7
$IMU,26898.370,-0.427,-0.061,-0.122,0.02050,1.01464,0.01464,29.01
$IMU,26898.372,-0.549,0.122,-0.061,0.02246,1.01220,0.01708,29.01
$IMU,26898.374,-0.610,0.000,-0.061,0.01953,1.01611,0.01367,29.01
$IMU,26898.377,-0.610,-0.122,-0.122,0.02001,1.01269,0.01513,29.01
$MAG,26898.378,-0.561,-0.517,-0.405,27.8
$IMU,26898.379,-0.610,-0.183,-0.122,0.02050,1.01123,0.01513,29.01
$IMU,26898.381,-0.610,-0.183,-0.122,0.02050,1.01562,0.01513,29.01
$IMU,26898.384,-0.671,0.000,-0.122,0.01855,1.01220,0.01464,29.01
$IMU,26898.386,-0.732,0.122,-0.183,0.01806,1.01416,0.01464,29.01
$MAG,26898.388,-0.568,-0.511,-0.405,27.7
$IMU,26898.388,-0.671,-0.061,-0.183,0.01611,1.01220,0.01464,29.01
$IMU,26898.391,-0.549,-0.244,-0.183,0.01562,1.01318,0.01464,29.01
$IMU,26898.393,-0.610,-0.122,-0.244,0.01855,1.01171,0.01562,29.01
$IMU,26898.395,-0.610,-0.061,-0.244,0.01904,1.01025,0.01708,29.01
$MAG,26898.398,-0.561,-0.519,-0.408,27.7
$IMU,26898.398,-0.610,0.061,-0.183,0.01757,1.01318,0.01513,29.01
$IMU,26898.400,-0.427,-0.122,-0.183,0.01904,1.01123,0.01708,29.01
$IMU,26898.402,-0.366,-0.122,-0.122,0.02001,1.01123,0.01806,29.01
$IMU,26898.405,-0.305,-0.122,-0.122,0.01806,1.01269,0.01660,29.04
$IMU,26898.407,-0.183,-0.183,-0.183,0.01953,1.01025,0.01367,29.04
$MAG,26898.408,-0.568,-0.511,-0.402,28.0
$IMU,26898.410,-0.244,-0.061,-0.122,0.02001,1.01318,0.01660,29.04
$IMU,26898.412,-0.244,-0.061,-0.183,0.01855,1.01416,0.01806,29.04
$IMU,26898.414,-0.366,0.061,-0.183,0.01660,1.01464,0.01708,29.04
$IMU,26898.417,-0.061,-0.183,-0.244,0.01708,1.01220,0.01611,29.04
$MAG,26898.418,-0.573,-0.519,-0.400,27.7
$IMU,26898.419,-0.061,-0.183,-0.244,0.02294,1.01220,0.01562,29.04
$IMU,26898.421,-0.122,-0.122,-0.183,0.01757,1.01269,0.01806,29.04
$IMU,26898.424,0.000,-0.183,-0.244,0.01904,1.01171,0.01855,29.03
$IMU,26898.426,-0.122,-0.061,-0.244,0.01904,1.01123,0.01660,29.03
$MAG,26898.428,-0.567,-0.519,-0.399,27.7
$IMU,26898.428,-0.061,-0.122,-0.122,0.01904,1.01025,0.01757,29.03
$IMU,26898.431,-0.122,-0.061,-0.122,0.01611,1.01123,0.01806,29.03
$IMU,26898.433,0.000,-0.122,-0.244,0.02050,1.01074,0.01367,29.03
$IMU,26898.435,0.000,-0.244,-0.244,0.02050,1.01318,0.01416,29.03
$MAG,26898.438,-0.562,-0.514,-0.403,27.7
$IMU,26898.438,-0.061,-0.122,-0.244,0.02050,1.01171,0.01611,29.03
$IMU,26898.440,-0.061,-0.061,-0.244,0.02001,1.01123,0.01416,29.03
$IMU,26898.442,-0.061,-0.061,-0.183,0.02050,1.01171,0.01318,29.07
$IMU,26898.445,-0.061,-0.183,-0.122,0.01708,1.01220,0.01513,29.07
$IMU,26898.447,-0.183,-0.122,-0.122,0.01757,1.01464,0.01562,29.07
$MAG,26898.448,-0.562,-0.516,-0.405,28.0
$IMU,26898.449,-0.244,0.061,-0.183,0.01708,1.01318,0.01611,29.07
$IMU,26898.452,-0.244,-0.061,-0.061,0.01904,1.01367,0.01660,29.07
$IMU,26898.454,-0.183,-0.122,-0.122,0.01855,1.01416,0.01464,29.07
$IMU,26898.456,-0.122,-0.244,-0.183,0.02050,1.01416,0.01513,29.07
$BARO,26898.457,86864.23,28.83
$MAG,26898.458,-0.564,-0.520,-0.403,27.7
$IMU,26898.459,-0.183,-0.183,-0.122,0.01953,1.01269,0.01416,29.07
$IMU,26898.461,-0.244,-0.061,-0.122,0.02050,1.01171,0.01318,29.06
$IMU,26898.463,-0.244,-0.183,-0.122,0.01904,1.00976,0.01660,29.06
$IMU,26898.466,-0.366,-0.061,-0.122,0.01611,1.00927,0.01416,29.06
$MAG,26898.468,-0.568,-0.514,-0.406,28.1
$IMU,26898.468,-0.305,-0.061,-0.183,0.01953,1.01367,0.01611,29.06
$IMU,26898.471,-0.183,-0.183,-0.122,0.01611,1.01171,0.01367,29.06
$IMU,26898.473,-0.244,-0.061,-0.183,0.01757,1.01220,0.01171,29.06
$IMU,26898.475,-0.183,-0.122,-0.183,0.01904,1.01464,0.01562,29.06
$IMU,26898.478,-0.305,-0.061,-0.122,0.02197,1.01318,0.01562,29.06
$MAG,26898.479,-0.567,-0.525,-0.405,28.0
$IMU,26898.480,-0.244,-0.122,-0.122,0.01660,1.00878,0.01806,29.02
$IMU,26898.482,-0.244,-0.122,-0.183,0.01953,1.01123,0.01464,29.02
$IMU,26898.485,-0.366,0.061,-0.183,0.01953,1.00927,0.01562,29.02
$IMU,26898.487,-0.244,-0.061,-0.122,0.01708,1.01220,0.01562,29.02
$MAG,26898.489,-0.571,-0.520,-0.403,28.0
$IMU,26898.489,-0.183,-0.122,-0.183,0.01904,1.01171,0.01513,29.02
$IMU,26898.492,-0.244,-0.122,-0.122,0.02001,1.01269,0.01416,29.02
$IMU,26898.494,-0.183,-0.305,-0.183,0.02148,1.01416,0.01611,29.02
$IMU,26898.496,-0.183,-0.305,-0.183,0.01708,1.01660,0.01562,29.02
$MAG,26898.499,-0.565,-0.511,-0.405,27.8
$IMU,26898.499,-0.244,-0.244,-0.122,0.01953,1.01562,0.01562,29.02
$IMU,26898.501,-0.488,-0.061,-0.122,0.02050,1.01562,0.01611,29.02
$IMU,26898.503,-0.427,-0.061,-0.183,0.02099,1.01269,0.01904,29.02
$IMU,26898.506,-0.427,0.000,-0.244,0.02294,1.01416,0.01660,29.02
$IMU,26898.508,-0.427,-0.122,-0.244,0.01953,1.01464,0.01660,29.02
$MAG,26898.509,-0.570,-0.513,-0.394,27.8
$IMU,26898.510,-0.488,-0.061,-0.183,0.01806,1.01269,0.01611,29.02
$IMU,26898.513,-0.427,0.061,-0.183,0.01757,1.01269,0.01757,29.02
$IMU,26898.515,-0.427,0.000,-0.122,0.01855,1.01513,0.01611,29.02
$IMU,26898.517,-0.366,-0.061,-0.122,0.01904,1.01367,0.01318,29.06
$MAG,26898.519,-0.561,-0.513,-0.414,27.8
$IMU,26898.520,-0.305,-0.122,-0.061,0.01904,1.01464,0.01611,29.06
$IMU,26898.522,-0.305,0.061,-0.183,0.01806,1.01025,0.01513,29.06
$IMU,26898.524,-0.305,-0.061,-0.183,0.01904,1.01171,0.01513,29.06
$IMU,26898.527,-0.183,0.000,-0.183,0.02050,1.01123,0.01708,29.06
$MAG,26898.529,-0.568,-0.525,-0.399,27.8
$IMU,26898.529,-0.122,-0.061,-0.122,0.02099,1.01171,0.01513,29.06
$IMU,26898.532,-0.183,-0.183,-0.183,0.01904,1.01318,0.01562,29.06
$IMU,26898.534,0.000,-0.244,-0.122,0.01855,1.01171,0.01806,29.06
$IMU,26898.536,-0.122,0.000,-0.122,0.01855,1.01318,0.01367,29.03
$MAG,26898.539,-0.565,-0.523,-0.394,28.1
$IMU,26898.539,-0.183,0.061,-0.122,0.01708,1.01416,0.01367,29.03
$IMU,26898.541,0.000,-0.122,-0.183,0.02050,1.01269,0.01318,29.03
$IMU,26898.543,0.000,0.000,-0.244,0.02001,1.00976,0.01562,29.03
$IMU,26898.546,0.061,-0.244,-0.183,0.01904,1.01025,0.01708,29.03
$IMU,26898.548,0.000,-0.122,-0.061,0.01855,1.01611,0.01123,29.03
$MAG,26898.549,-0.565,-0.514,-0.396,27.7
$IMU,26898.550,-0.061,-0.061,-0.122,0.02294,1.01513,0.01708,29.03
$IMU,26898.553,-0.061,-0.061,-0.122,0.02148,1.01269,0.01611,29.03
$IMU,26898.555,-0.183,0.000,-0.061,0.02001,1.01220,0.01318,29.01
$IMU,26898.557,0.000,-0.183,-0.061,0.02099,1.01562,0.01708,29.01
$BARO,26898.559,86863.62,28.83
$MAG,26898.559,-0.559,-0.520,-0.402,27.7
$IMU,26898.560,-0.122,-0.122,-0.122,0.02294,1.01464,0.01855,29.01
$IMU,26898.562,-0.244,-0.122,-0.122,0.01904,1.01464,0.01416,29.01
$IMU,26898.564,-0.305,0.000,-0.183,0.02050,1.01660,0.01318,29.01
$IMU,26898.567,-0.305,-0.061,-0.244,0.01708,1.01367,0.01367,29.01
$MAG,26898.569,-0.562,-0.516,-0.403,27.7
$IMU,26898.569,-0.244,-0.183,-0.305,0.01708,1.01269,0.01220,29.01
$IMU,26898.571,-0.305,-0.061,-0.122,0.02050,1.01269,0.01416,29.01
$IMU,26898.574,-0.305,-0.122,-0.183,0.01757,1.01416,0.01464,29.04
$IMU,26898.576,-0.366,-0.061,-0.122,0.01904,1.01025,0.01513,29.04
$IMU,26898.578,-0.427,0.000,-0.122,0.02050,1.00976,0.01318,29.04
$MAG,26898.579,-0.562,-0.513,-0.403,27.7
$IMU,26898.581,-0.366,-0.122,-0.122,0.01855,1.01318,0.01367,29.04
$IMU,26898.583,-0.427,-0.122,-0.183,0.01806,1.01171,0.01464,29.04
$IMU,26898.585,-0.427,-0.061,-0.122,0.01953,1.01123,0.01708,29.04
$IMU,26898.588,-0.427,-0.122,-0.183,0.02197,1.00976,0.01757,29.04
$MAG,26898.590,-0.559,-0.522,-0.400,27.8
$IMU,26898.590,-0.427,0.000,-0.244,0.02294,1.01123,0.01464,29.04
$IMU,26898.592,-0.366,-0.122,-0.183,0.01611,1.01025,0.01806,29.03
$IMU,26898.595,-0.366,-0.061,-0.244,0.01806,1.01318,0.01660,29.03
$IMU,26898.597,-0.305,-0.183,-0.305,0.01855,1.01220,0.01416,29.03
$MAG,26898.600,-0.564,-0.519,-0.397,28.0
$IMU,26898.600,-0.366,-0.122,-0.244,0.01806,1.00830,0.01416,29.03
$IMU,26898.602,-0.366,-0.061,-0.244,0.01904,1.01269,0.01513,29.03
$IMU,26898.604,-0.244,-0.122,-0.183,0.01806,1.01220,0.01318,29.03
$IMU,26898.607,-0.366,-0.061,-0.244,0.01660,1.01562,0.01367,29.03
$IMU,26898.609,-0.305,-0.183,-0.122,0.01904,1.01269,0.01855,29.03
$MAG,26898.610,-0.562,-0.504,-0.408,27.6
$IMU,26898.611,-0.244,0.000,-0.122,0.01660,1.01513,0.01708,29.03
$IMU,26898.614,-0.244,0.000,-0.061,0.01855,1.01220,0.01464,29.03
$IMU,26898.616,-0.244,-0.061,-0.183,0.01855,1.01269,0.01660,29.03
$IMU,26898.618,-0.183,-0.244,-0.061,0.01513,1.01367,0.01562,29.03
$MAG,26898.620,-0.568,-0.513,-0.403,27.7
$IMU,26898.621,-0.183,-0.183,-0.061,0.01708,1.01513,0.01562,29.03
$IMU,26898.623,-0.122,-0.122,-0.122,0.01806,1.01269,0.01464,29.03
$IMU,26898.625,-0.183,0.000,-0.183,0.02001,1.01367,0.01757,29.03
$IMU,26898.628,-0.061,-0.122,-0.183,0.02099,1.01464,0.01757,29.03
$MAG,26898.630,-0.567,-0.516,-0.408,28.0
$IMU,26898.630,-0.061,0.000,-0.122,0.01904,1.01367,0.01513,29.01
$IMU,26898.632,-0.061,0.000,-0.183,0.01953,1.01220,0.01464,29.01
$IMU,26898.635,0.061,-0.122,-0.122,0.01757,1.01171,0.01416,29.01
$IMU,26898.637,0.000,-0.061,-0.061,0.01708,1.01171,0.01464,29.01
$IMU,26898.639,0.122,-0.061,-0.061,0.01953,1.00976,0.01367,29.01
$MAG,26898.640,-0.559,-0.526,-0.409,28.0
$IMU,26898.642,0.061,-0.122,0.000,0.01562,1.01660,0.01464,29.01
$IMU,26898.644,0.000,0.000,-0.061,0.02001,1.01318,0.01611,29.01
$IMU,26898.646,0.000,-0.122,-0.122,0.02050,1.01025,0.01708,29.01
$IMU,26898.649,-0.061,-0.183,-0.183,0.01953,1.01513,0.01464,29.01
$MAG,26898.650,-0.556,-0.516,-0.409,27.7
$IMU,26898.651,-0.061,-0.061,-0.183,0.02294,1.01757,0.01513,29.01
$IMU,26898.653,-0.061,0.061,-0.183,0.02197,1.01416,0.01269,29.01
$IMU,26898.656,-0.122,-0.122,-0.183,0.02050,1.01171,0.01513,29.01
$IMU,26898.658,-0.122,-0.061,-0.122,0.02392,1.00927,0.01611,29.01
$BARO,26898.660,86860.04,28.82
$MAG,26898.660,-0.558,-0.516,-0.403,27.7
$IMU,26898.661,-0.305,0.061,-0.122,0.01708,1.00976,0.01464,29.01
$IMU,26898.663,-0.305,-0.122,-0.183,0.01904,1.01025,0.01660,29.01
$IMU,26898.665,-0.427,0.000,-0.183,0.02050,1.01269,0.01660,29.01
$IMU,26898.668,-0.427,-0.061,-0.183,0.02001,1.01220,0.01757,29.04
$MAG,26898.670,-0.565,-0.520,-0.402,27.7
$IMU,26898.670,-0.427,-0.244,-0.244,0.02294,1.01513,0.01708,29.04
$IMU,26898.672,-0.488,-0.122,-0.244,0.01806,1.01171,0.01757,29.04
$IMU,26898.675,-0.488,-0.183,-0.122,0.02148,1.01074,0.01562,29.04
$IMU,26898.677,-0.671,-0.122,-0.183,0.01904,1.01025,0.01611,29.04
$IMU,26898.679,-0.732,0.000,-0.183,0.02001,1.01464,0.01806,29.04
$MAG,26898.680,-0.567,-0.514,-0.412,27.7
$IMU,26898.682,-0.610,-0.122,-0.183,0.02148,1.01513,0.01611,29.04
$IMU,26898.684,-0.732,-0.122,-0.183,0.01904,1.01562,0.01318,29.04
$IMU,26898.686,-0.671,-0.122,-0.122,0.01757,1.01171,0.01904,29.01
$VBAT,26898.686,4.127
$IMU,26898.689,-0.793,0.000,-0.183,0.01708,1.01464,0.01660,29.01
$MAG,26898.690,-0.570,-0.511,-0.409,27.8
$IMU,26898.691,-0.793,0.000,-0.183,0.01855,1.01367,0.01562,29.01
$IMU,26898.693,-0.610,-0.183,-0.244,0.02099,1.01171,0.01367,29.01
$IMU,26898.696,-0.671,-0.122,-0.122,0.02001,1.01220,0.01855,29.01
$IMU,26898.698,-0.671,-0.244,-0.122,0.01806,1.01318,0.02001,29.01
$IMU,26898.700,-0.610,-0.061,-0.122,0.01806,1.01660,0.01562,29.01
$MAG,26898.701,-0.565,-0.526,-0.406,27.7
$IMU,26898.703,-0.488,-0.061,-0.061,0.01562,1.01318,0.01855,29.01
$IMU,26898.705,-0.488,-0.061,-0.183,0.01611,1.01171,0.01904,29.02
$IMU,26898.707,-0.305,-0.122,-0.183,0.01855,1.01318,0.01757,29.02
$IMU,26898.710,-0.183,-0.183,-0.183,0.01855,1.01220,0.01708,29.02
$MAG,26898.711,-0.567,-0.513,-0.400,27.7
$IMU,26898.712,-0.183,-0.183,-0.061,0.02197,1.01171,0.01660,29.02
$IMU,26898.714,0.061,-0.183,-0.122,0.02050,1.01513,0.01367,29.02
$IMU,26898.717,0.061,-0.122,-0.122,0.01904,1.01123,0.01708,29.02
$IMU,26898.719,0.183,-0.183,-0.183,0.02050,1.01171,0.01513,29.02
$MAG,26898.721,-0.567,-0.516,-0.414,27.7
$IMU,26898.722,0.305,-0.244,-0.183,0.02148,1.01220,0.01562,29.02
$IMU,26898.724,0.305,-0.122,-0.183,0.02001,1.01269,0.01562,28.99
$IMU,26898.726,0.366,-0.122,-0.122,0.01708,1.01367,0.01757,28.99
$IMU,26898.729,0.366,0.000,-0.122,0.01953,1.01269,0.01367,28.99
$MAG,26898.731,-0.561,-0.516,-0.406,27.8
$IMU,26898.731,0.427,-0.122,-0.244,0.01757,1.00976,0.01513,28.99
$IMU,26898.733,0.366,-0.122,-0.244,0.02050,1.01416,0.01562,28.99
$IMU,26898.736,0.488,-0.061,-0.244,0.01953,1.01367,0.01660,28.99
$IMU,26898.738,0.427,-0.061,-0.244,0.01904,1.01123,0.01464,28.99
$IMU,26898.740,0.366,-0.061,-0.244,0.01806,1.01074,0.01220,28.99
$MAG,26898.741,-0.570,-0.519,-0.405,27.7
$IMU,26898.743,0.427,-0.061,-0.244,0.01806,1.01123,0.01416,29.03
$IMU,26898.745,0.427,-0.122,-0.183,0.01855,1.00927,0.01464,29.03
$IMU,26898.747,0.244,-0.061,-0.305,0.01904,1.01318,0.01220,29.03
$IMU,26898.750,0.305,-0.244,-0.244,0.02001,1.01318,0.01367,29.03
$MAG,26898.751,-0.565,-0.517,-0.409,27.8
$IMU,26898.752,0.122,-0.061,-0.244,0.01855,1.01464,0.01025,29.03
$IMU,26898.754,-0.122,0.000,-0.183,0.02148,1.01123,0.01318,29.03
$IMU,26898.757,-0.244,-0.061,-0.244,0.02148,1.01513,0.01123,29.03
$IMU,26898.759,-0.244,-0.183,-0.183,0.01855,1.01367,0.01367,29.03
$MAG,26898.761,-0.562,-0.516,-0.411,28.1
$IMU,26898.761,-0.366,-0.122,-0.183,0.01513,1.01269,0.01367,29.05
$BARO,26898.762,86869.47,28.83
$IMU,26898.764,-0.488,-0.061,-0.183,0.01855,1.01318,0.01074,29.05
$IMU,26898.766,-0.671,-0.061,-0.122,0.02099,1.01025,0.01220,29.05
$IMU,26898.768,-0.732,-0.122,-0.122,0.02001,1.01025,0.01367,29.05
$MAG,26898.771,-0.562,-0.517,-0.397,28.1
$IMU,26898.771,-0.854,-0.183,-0.122,0.02148,1.01611,0.01220,29.05
$IMU,26898.773,-0.854,-0.183,-0.122,0.02148,1.01367,0.01611,29.05
$IMU,26898.775,-0.976,-0.122,-0.122,0.01806,1.01513,0.01318,29.05
$IMU,26898.778,-0.976,0.000,-0.122,0.01953,1.01171,0.01464,29.05
$IMU,26898.780,-1.037,-0.061,-0.061,0.02148,1.01123,0.01660,29.02
$MAG,26898.781,-0.568,-0.516,-0.403,27.7
$IMU,26898.783,-1.098,-0.061,-0.061,0.02246,1.01220,0.01562,29.02
$IMU,26898.785,-1.037,-0.122,-0.061,0.01708,1.01318,0.01708,29.02
$IMU,26898.787,-1.098,0.000,-0.061,0.02050,1.00976,0.01708,29.02
$IMU,26898.790,-1.098,0.000,-0.061,0.02099,1.00927,0.01464,29.02
$MAG,26898.791,-0.570,-0.522,-0.402,27.8
$IMU,26898.792,-1.037,0.000,-0.122,0.01708,1.01562,0.01562,29.02
$IMU,26898.794,-0.854,0.000,-0.183,0.01904,1.01171,0.01806,29.02
$IMU,26898.797,-0.732,-0.244,-0.122,0.02001,1.01269,0.01757,29.02
$IMU,26898.799,-0.671,-0.061,0.000,0.01855,1.01513,0.02148,29.03
$IMU,26898.801,-0.610,0.000,-0.061,0.02001,1.01416,0.01904,29.03
$MAG,26898.802,-0.570,-0.514,-0.414,28.0
$IMU,26898.804,-0.488,-0.061,-0.122,0.01757,1.01220,0.02050,29.03
$IMU,26898.806,-0.427,0.000,-0.122,0.01757,1.00878,0.01660,29.03
$IMU,26898.808,-0.183,-0.122,-0.183,0.02197,1.01123,0.01660,29.03
$IMU,26898.811,-0.061,-0.183,-0.183,0.02099,1.01416,0.01855,29.03
$MAG,26898.812,-0.568,-0.519,-0.402,28.0
$IMU,26898.813,0.000,0.000,-0.244,0.01806,1.01025,0.02050,29.03
$IMU,26898.815,0.122,-0.183,-0.305,0.01855,1.01123,0.01757,29.03
$IMU,26898.818,0.183,0.061,-0.305,0.02001,1.01367,0.01806,29.04
$IMU,26898.820,0.366,-0.183,-0.183,0.01855,1.01220,0.02001,29.04
$MAG,26898.822,-0.564,-0.516,-0.396,27.7
$IMU,26898.822,0.427,-0.183,-0.183,0.01904,1.01562,0.01708,29.04
$IMU,26898.825,0.488,-0.061,-0.183,0.02001,1.01367,0.01611,29.04
$IMU,26898.827,0.549,-0.061,-0.183,0.02099,1.01269,0.01611,29.04
$IMU,26898.829,0.549,0.061,-0.183,0.02148,1.01269,0.01562,29.04
$MAG,26898.832,-0.564,-0.520,-0.409,28.0
$IMU,26898.832,0.671,-0.061,-0.244,0.01708,1.01171,0.01660,29.04
$IMU,26898.834,0.610,-0.061,-0.305,0.01904,1.01025,0.01513,29.04
$IMU,26898.836,0.732,-0.122,-0.305,0.02148,1.01464,0.01269,29.03
$IMU,26898.839,0.610,-0.183,-0.244,0.02050,1.01562,0.01171,29.03
$IMU,26898.841,0.488,-0.244,-0.244,0.02001,1.01074,0.01123,29.03
$MAG,26898.842,-0.564,-0.514,-0.411,27.8
$IMU,26898.844,0.366,0.000,-0.244,0.02001,1.01123,0.01171,29.03
$IMU,26898.846,0.183,-0.061,-0.244,0.01953,1.01318,0.01269,29.03
$IMU,26898.848,0.183,-0.122,-0.183,0.02001,1.01367,0.01220,29.03
$IMU,26898.851,0.122,-0.183,-0.244,0.02001,1.01220,0.01220,29.03
$MAG,26898.852,-0.567,-0.525,-0.408,27.7
$IMU,26898.853,0.061,-0.183,-0.183,0.01660,1.01318,0.01464,29.03
$IMU,26898.855,-0.244,-0.183,-0.183,0.01708,1.01123,0.01220,29.04
$IMU,26898.858,-0.427,-0.061,-0.122,0.02148,1.01416,0.01220,29.04
$IMU,26898.860,-0.488,-0.183,-0.122,0.01953,1.01171,0.01220,29.04
$MAG,26898.862,-0.571,-0.517,-0.400,27.8
$IMU,26898.862,-0.549,-0.244,-0.122,0.01660,1.00976,0.01513,29.04
$BARO,26898.863,86861.16,28.83
$IMU,26898.865,-0.671,-0.061,-0.061,0.01708,1.01464,0.01074,29.04
$IMU,26898.867,-0.732,0.000,-0.122,0.02050,1.01171,0.01269,29.04
$IMU,26898.869,-0.854,-0.122,-0.183,0.02001,1.01123,0.01269,29.04
$IMU,26898.872,-0.854,-0.122,-0.122,0.01904,1.01074,0.01611,29.04
$MAG,26898.872,-0.565,-0.525,-0.403,27.7
$IMU,26898.874,-0.915,-0.122,-0.122,0.01855,1.01269,0.01660,29.04
$IMU,26898.876,-0.976,-0.122,-0.061,0.02001,1.01367,0.01464,29.04
$IMU,26898.879,-1.037,0.000,-0.122,0.01855,1.01025,0.01660,29.04
$IMU,26898.881,-1.037,-0.061,-0.061,0.02148,1.01220,0.01513,29.04
$MAG,26898.882,-0.561,-0.519,-0.405,27.7
$IMU,26898.883,-0.976,-0.061,0.000,0.01953,1.00976,0.01708,29.04
$IMU,26898.886,-0.854,-0.122,0.000,0.02001,1.00976,0.01855,29.04
$IMU,26898.888,-0.793,0.000,-0.061,0.02197,1.01220,0.01855,29.04
$IMU,26898.890,-0.854,-0.122,0.000,0.02148,1.01220,0.01708,29.04
$MAG,26898.892,-0.565,-0.522,-0.406,28.0
$IMU,26898.893,-0.732,-0.061,-0.061,0.02441,1.01416,0.01562,29.02
$IMU,26898.895,-0.671,-0.061,-0.122,0.02197,1.01708,0.01806,29.02
$IMU,26898.897,-0.488,-0.244,-0.122,0.02246,1.01464,0.01660,29.02
$IMU,26898.900,-0.427,-0.122,-0.122,0.01806,1.01318,0.01855,29.02
$MAG,26898.902,-0.565,-0.523,-0.406,27.7
$IMU,26898.902,-0.427,-0.061,-0.244,0.02050,1.01269,0.01806,29.02
$IMU,26898.905,-0.244,-0.122,-0.305,0.01953,1.01318,0.01806,29.02
$IMU,26898.907,-0.183,-0.061,-0.244,0.02001,1.01318,0.01904,29.02
$IMU,26898.909,-0.061,-0.183,-0.183,0.01806,1.01269,0.01757,29.02
$IMU,26898.912,0.122,-0.183,-0.244,0.01855,1.01074,0.01757,29.03
$MAG,26898.913,-0.567,-0.520,-0.408,27.7
$IMU,26898.914,0.244,-0.305,-0.244,0.01953,1.01318,0.01855,29.03
$IMU,26898.916,0.305,-0.122,-0.244,0.02001,1.01171,0.01611,29.03
$IMU,26898.919,0.244,0.000,-0.244,0.02050,1.01416,0.01708,29.03
$IMU,26898.921,0.366,-0.122,-0.366,0.01611,1.01269,0.01660,29.03
$MAG,26898.923,-0.570,-0.525,-0.411,27.7
$IMU,26898.923,0.549,-0.122,-0.305,0.01464,1.00781,0.01611,29.03
$IMU,26898.926,0.549,-0.183,-0.244,0.01757,1.01123,0.01513,29.03
$IMU,26898.928,0.610,-0.122,-0.305,0.01855,1.01464,0.01318,29.03
$IMU,26898.930,0.549,0.000,-0.244,0.01708,1.00976,0.01806,29.05
$MAG,26898.933,-0.567,-0.514,-0.405,27.7
$IMU,26898.933,0.488,0.000,-0.183,0.01611,1.01074,0.01660,29.05
$IMU,26898.935,0.427,0.061,-0.122,0.02099,1.01416,0.01611,29.05
$IMU,26898.937,0.427,-0.122,-0.122,0.01855,1.01123,0.01416,29.05
$IMU,26898.940,0.305,-0.061,-0.183,0.01953,1.01171,0.01367,29.05
$IMU,26898.942,0.183,0.000,-0.183,0.02099,1.01318,0.01269,29.05
$MAG,26898.943,-0.570,-0.516,-0.406,28.0
$IMU,26898.944,0.122,-0.061,-0.183,0.02001,1.01074,0.01318,29.05
$IMU,26898.947,0.000,-0.122,-0.244,0.01855,1.01269,0.00878,29.05
$IMU,26898.949,-0.244,-0.061,-0.183,0.01757,1.01220,0.00976,29.03
$IMU,26898.951,-0.305,-0.183,-0.122,0.02148,1.01416,0.01220,29.03
$MAG,26898.953,-0.567,-0.519,-0.408,28.0
$IMU,26898.954,-0.488,-0.122,-0.122,0.02001,1.01562,0.01220,29.03
$IMU,26898.956,-0.671,0.000,-0.122,0.01708,1.01464,0.01367,29.03
$IMU,26898.958,-0.793,-0.061,-0.061,0.01953,1.00830,0.01123,29.03
$IMU,26898.961,-0.854,-0.122,-0.061,0.01855,1.01074,0.01416,29.03
$MAG,26898.963,-0.562,-0.513,-0.406,27.8
$IMU,26898.963,-0.915,-0.061,0.000,0.02099,1.01464,0.01513,29.03
$BARO,26898.964,86860.36,28.83
$IMU,26898.966,-0.976,0.061,0.000,0.01953,1.01367,0.01562,29.03
$IMU,26898.968,-0.976,-0.122,-0.061,0.02050,1.01123,0.01220,29.03
$IMU,26898.970,-1.037,-0.061,-0.061,0.02148,1.01562,0.01367,29.03
$IMU,26898.973,-0.915,-0.122,-0.122,0.01806,1.01416,0.01318,29.03
$MAG,26898.973,-0.559,-0.511,-0.405,27.7
$IMU,26898.975,-0.915,-0.122,-0.183,0.02343,1.01074,0.01464,29.03
$IMU,26898.977,-0.854,-0.244,-0.122,0.02246,1.01318,0.01660,29.03
$IMU,26898.980,-0.732,-0.061,-0.122,0.02197,1.01123,0.01611,29.03
$IMU,26898.982,-0.793,-0.061,-0.122,0.01757,1.01025,0.01708,29.03
$MAG,26898.983,-0.565,-0.516,-0.409,28.0
$IMU,26898.984,-0.732,-0.061,-0.183,0.01904,1.01220,0.01806,29.03
$IMU,26898.987,-0.549,-0.061,-0.183,0.02001,1.01318,0.02050,29.04
$IMU,26898.989,-0.427,-0.183,-0.244,0.01806,1.01269,0.01611,29.04
$IMU,26898.991,-0.305,-0.244,-0.183,0.01953,1.01318,0.01660,29.04
$MAG,26898.993,-0.567,-0.516,-0.409,27.7
$IMU,26898.994,-0.244,-0.122,-0.183,0.01855,1.01171,0.01855,29.04
$IMU,26898.996,-0.183,-0.061,-0.122,0.01855,1.01123,0.01806,29.04
$IMU,26898.998,0.061,-0.305,-0.183,0.02050,1.01123,0.01562,29.04
$IMU,26899.001,0.122,-0.183,-0.183,0.02148,1.01611,0.01708,29.04
$MAG,26899.003,-0.564,-0.516,-0.414,27.8
$IMU,26899.003,0.183,-0.244,-0.244,0.01953,1.01416,0.02001,29.04
$IMU,26899.005,0.183,-0.183,-0.305,0.02197,1.01074,0.01904,29.05
$IMU,26899.008,0.244,0.122,-0.305,0.02001,1.01513,0.01757,29.05
$IMU,26899.010,0.427,-0.122,-0.366,0.02099,1.01464,0.01611,29.05
$IMU,26899.012,0.549,-0.183,-0.305,0.01806,1.01220,0.01318,29.05
$MAG,26899.013,-0.559,-0.517,-0.405,27.8
$IMU,26899.015,0.549,-0.122,-0.244,0.01806,1.01220,0.01464,29.05
$IMU,26899.017,0.610,-0.061,-0.244,0.01660,1.00976,0.01806,29.05
$IMU,26899.019,0.549,-0.061,-0.183,0.01611,1.01367,0.01416,29.05
$IMU,26899.022,0.488,-0.122,-0.122,0.01855,1.01367,0.01757,29.05
$MAG,26899.024,-0.571,-0.516,-0.402,28.0
$IMU,26899.024,0.366,0.000,-0.183,0.01660,1.01025,0.01220,29.00
$IMU,26899.027,0.427,-0.122,-0.122,0.01757,1.01416,0.01367,29.00
$HUM,26899.029,34.6,29.2
$IMU,26899.029,0.427,-0.183,-0.122,0.01806,1.01025,0.01464,29.00
$IMU,26899.031,0.366,-0.122,-0.122,0.01855,1.01220,0.01367,29.00
$MAG,26899.034,-0.565,-0.513,-0.400,27.7
$IMU,26899.034,0.183,0.000,-0.183,0.02050,1.01074,0.01318,29.00
$IMU,26899.036,0.061,0.000,-0.183,0.02539,1.01416,0.01220,29.00
$IMU,26899.038,0.061,-0.183,-0.122,0.02197,1.01562,0.01513,29.00
$IMU,26899.041,-0.122,-0.061,-0.122,0.01904,1.01220,0.01318,29.00
$IMU,26899.043,-0.183,-0.244,-0.183,0.01660,1.01367,0.01074,29.00
$MAG,26899.044,-0.558,-0.520,-0.414,27.8
$IMU,26899.045,-0.427,-0.183,-0.183,0.01904,1.01416,0.01318,29.00
$IMU,26899.048,-0.610,-0.061,-0.122,0.01953,1.01269,0.01367,29.00
$IMU,26899.050,-0.671,-0.183,-0.122,0.01855,1.01708,0.01269,29.00
$IMU,26899.052,-0.793,-0.061,-0.122,0.01953,1.01269,0.01123,29.00
$MAG,26899.054,-0.558,-0.508,-0.405,27.7
$IMU,26899.055,-0.976,-0.122,-0.061,0.01904,1.01416,0.01318,29.00
$IMU,26899.057,-1.037,-0.183,-0.122,0.02001,1.01269,0.01269,29.00
$IMU,26899.059,-1.098,-0.122,-0.122,0.02246,1.01171,0.01660,29.00
$IMU,26899.062,-1.159,0.061,-0.183,0.02001,1.01708,0.01562,29.04
$MAG,26899.064,-0.564,-0.520,-0.402,27.8
$IMU,26899.064,-1.220,0.000,-0.183,0.02148,1.01220,0.01464,29.04
$BARO,26899.066,86860.55,28.83
$IMU,26899.066,-1.220,-0.183,-0.244,0.02148,1.01513,0.01660,29.04
$IMU,26899.069,-1.098,-0.244,-0.244,0.01904,1.01171,0.01708,29.04
$IMU,26899.071,-1.098,-0.122,-0.183,0.01806,1.01123,0.02050,29.04
$IMU,26899.073,-1.098,-0.122,-0.122,0.01806,1.00830,0.01953,29.04
$MAG,26899.074,-0.567,-0.517,-0.393,28.0
$IMU,26899.076,-0.915,-0.061,-0.061,0.01855,1.01074,0.01855,29.04
$IMU,26899.078,-0.915,-0.122,-0.061,0.01757,1.00878,0.02001,29.04
$IMU,26899.080,-0.793,-0.122,-0.061,0.02001,1.01513,0.01855,29.04
$IMU,26899.083,-0.732,0.061,-0.061,0.02148,1.01562,0.01904,29.04
$MAG,26899.084,-0.564,-0.516,-0.405,28.0
$IMU,26899.085,-0.488,-0.244,-0.183,0.02001,1.01074,0.02099,29.04
$IMU,26899.087,-0.488,-0.061,-0.244,0.01806,1.01123,0.02050,29.04
$IMU,26899.090,-0.244,-0.122,-0.183,0.01708,1.01025,0.01855,29.04
$IMU,26899.092,-0.183,-0.183,-0.244,0.01953,1.01074,0.01855,29.04
$MAG,26899.094,-0.562,-0.523,-0.414,27.8
$IMU,26899.095,-0.122,-0.061,-0.305,0.01611,1.00683,0.02099,29.04
$IMU,26899.097,0.000,-0.061,-0.244,0.01904,1.01318,0.01953,29.04
$IMU,26899.099,0.122,-0.122,-0.122,0.02050,1.01074,0.01953,29.05
$IMU,26899.102,0.244,-0.122,-0.183,0.01855,1.01318,0.01953,29.05
$MAG,26899.104,-0.562,-0.508,-0.406,27.7
$IMU,26899.104,0.366,-0.122,-0.183,0.02197,1.01416,0.02099,29.05
$IMU,26899.106,0.488,-0.183,-0.183,0.02197,1.01416,0.01806,29.05
$IMU,26899.109,0.488,-0.183,-0.183,0.01855,1.01318,0.01904,29.05
$IMU,26899.111,0.427,0.061,-0.183,0.02441,1.01416,0.01660,29.05
$IMU,26899.113,0.549,-0.061,-0.122,0.01806,1.01367,0.01562,29.05
$MAG,26899.114,-0.556,-0.514,-0.396,27.7
$IMU,26899.116,0.671,-0.122,-0.183,0.01660,1.01708,0.01660,29.05
$IMU,26899.118,0.549,-0.183,-0.305,0.01855,1.01220,0.01416,29.05
$IMU,26899.120,0.488,-0.122,-0.244,0.02001,1.01367,0.01416,29.05
$IMU,26899.123,0.488,0.061,-0.244,0.02050,1.01220,0.01562,29.05
$MAG,26899.124,-0.556,-0.514,-0.406,27.7
$IMU,26899.125,0.549,-0.122,-0.305,0.01953,1.01025,0.01660,29.05
$IMU,26899.127,0.366,-0.061,-0.244,0.01806,1.01464,0.01220,29.05
$IMU,26899.130,0.488,-0.244,-0.244,0.01757,1.01123,0.01416,29.05
$IMU,26899.132,0.366,-0.366,-0.244,0.01953,1.01708,0.01464,29.05
$IMU,26899.134,0.244,-0.061,-0.122,0.02099,1.01074,0.01220,29.05
$MAG,26899.135,-0.568,-0.523,-0.411,27.8
$IMU,26899.137,0.183,-0.122,-0.122,0.01806,1.01416,0.01269,29.08
$IMU,26899.139,0.061,-0.122,-0.183,0.02001,1.01074,0.01318,29.08
$IMU,26899.141,-0.061,-0.061,-0.122,0.01904,1.01220,0.01074,29.08
$IMU,26899.144,-0.183,-0.183,-0.244,0.01660,1.01318,0.01123,29.08
$MAG,26899.145,-0.559,-0.516,-0.400,27.7
$IMU,26899.146,-0.366,-0.183,-0.244,0.02050,1.01464,0.01269,29.08
$IMU,26899.148,-0.366,0.000,-0.244,0.02197,1.01269,0.01367,29.08
$IMU,26899.151,-0.549,0.000,-0.305,0.02001,1.01123,0.01318,29.08
$IMU,26899.153,-0.549,-0.183,-0.183,0.01757,1.00976,0.01123,29.08
$MAG,26899.155,-0.562,-0.517,-0.405,27.7
$IMU,26899.156,-0.610,-0.183,-0.122,0.02148,1.01025,0.00976,29.04
$IMU,26899.158,-0.793,0.000,-0.061,0.02050,1.00878,0.01318,29.04
$IMU,26899.160,-0.854,-0.122,-0.061,0.02001,1.01025,0.01562,29.04
$IMU,26899.163,-0.976,0.000,-0.122,0.01757,1.01171,0.01708,29.04
$MAG,26899.165,-0.559,-0.513,-0.418,27.7
$IMU,26899.165,-1.037,0.000,-0.061,0.01806,1.00976,0.01464,29.04
$BARO,26899.167,86864.52,28.84
$IMU,26899.167,-0.976,-0.183,-0.122,0.01757,1.01269,0.01708,29.04
$IMU,26899.170,-1.037,-0.122,-0.122,0.02148,1.01220,0.01513,29.04
$IMU,26899.172,-1.037,0.061,-0.122,0.01904,1.01416,0.01464,29.04
$IMU,26899.174,-1.037,0.000,-0.122,0.02148,1.01123,0.01562,29.03
$MAG,26899.175,-0.556,-0.519,-0.400,27.6
$IMU,26899.177,-0.976,-0.122,-0.183,0.01708,1.01074,0.01562,29.03
$IMU,26899.179,-0.915,0.000,-0.183,0.02050,1.00732,0.01757,29.03
$IMU,26899.181,-0.915,-0.122,-0.244,0.01806,1.01269,0.01904,29.03
$IMU,26899.184,-0.732,-0.183,-0.244,0.02001,1.01416,0.01855,29.03
$MAG,26899.185,-0.567,-0.514,-0.393,27.7
$IMU,26899.186,-0.732,-0.183,-0.183,0.01855,1.01220,0.01806,29.03
$IMU,26899.188,-0.549,-0.122,-0.183,0.01660,1.01367,0.01806,29.03
$IMU,26899.191,-0.488,-0.122,-0.183,0.01757,1.01269,0.02099,29.03
$IMU,26899.193,-0.427,-0.122,-0.122,0.01757,1.01269,0.02001,29.02
$MAG,26899.195,-0.565,-0.522,-0.411,28.0
$IMU,26899.195,-0.305,-0.061,-0.122,0.01806,1.01464,0.01806,29.02
$IMU,26899.198,-0.244,0.000,-0.122,0.02197,1.01318,0.01708,29.02
$IMU,26899.200,-0.122,-0.061,-0.122,0.02197,1.01513,0.01904,29.02
$IMU,26899.202,0.061,-0.122,-0.122,0.02050,1.00878,0.01708,29.02
$MAG,26899.205,-0.567,-0.516,-0.405,27.7
$IMU,26899.205,0.122,0.000,-0.183,0.02050,1.01367,0.01904,29.02
$IMU,26899.207,0.244,-0.183,-0.244,0.02099,1.01074,0.01757,29.02
$IMU,26899.209,0.427,-0.122,-0.305,0.01855,1.01367,0.01562,29.02
$IMU,26899.212,0.427,-0.061,-0.305,0.02050,1.01269,0.01416,29.04
$IMU,26899.214,0.549,-0.183,-0.305,0.02001,1.01416,0.01611,29.04
$MAG,26899.215,-0.568,-0.508,-0.403,28.1
$IMU,26899.217,0.610,-0.183,-0.183,0.01513,1.01171,0.01611,29.04
$IMU,26899.219,0.610,-0.183,-0.183,0.01953,1.00976,0.01464,29.04
$IMU,26899.221,0.610,-0.183,-0.183,0.01708,1.01171,0.01660,29.04
$IMU,26899.224,0.549,-0.061,-0.122,0.01611,1.00927,0.01416,29.04
$MAG,26899.225,-0.570,-0.522,-0.409,28.1
$IMU,26899.226,0.488,-0.061,-0.183,0.01904,1.01123,0.01318,29.04
$IMU,26899.228,0.488,-0.183,-0.122,0.01904,1.01220,0.01464,29.04
$TIME,26899.231,510814.000,2399
$IMU,26899.231,0.427,-0.183,-0.122,0.01904,1.01464,0.01269,29.06
$IMU,26899.233,0.305,-0.061,-0.183,0.01806,1.01269,0.01318,29.06
$MAG,26899.235,-0.574,-0.513,-0.406,27.7
$IMU,26899.235,0.305,-0.122,-0.183,0.01806,1.01074,0.01269,29.06
$IMU,26899.238,0.061,0.000,-0.183,0.01806,1.01074,0.00878,29.06
$IMU,26899.240,-0.061,0.000,-0.061,0.02001,1.00976,0.01318,29.06
$IMU,26899.242,-0.183,-0.122,-0.122,0.01757,1.01220,0.01220,29.06
$IMU,26899.245,-0.305,-0.061,-0.122,0.02050,1.01464,0.01220,29.06
$MAG,26899.246,-0.561,-0.517,-0.406,27.7
$IMU,26899.247,-0.488,0.061,-0.061,0.01855,1.01416,0.01171,29.06
$IMU,26899.249,-0.549,-0.244,-0.122,0.02148,1.01464,0.01416,29.01
$IMU,26899.252,-0.732,0.000,-0.061,0.02001,1.01220,0.01367,29.01
$IMU,26899.254,-0.793,0.061,-0.061,0.01855,1.01318,0.01074,29.01
$MAG,26899.256,-0.562,-0.513,-0.409,27.6
$IMU,26899.256,-0.915,-0.122,-0.183,0.01708,1.01171,0.01269,29.01
$IMU,26899.259,-1.037,0.122,-0.061,0.01855,1.01074,0.01367,29.01
$IMU,26899.261,-1.037,0.061,-0.122,0.02001,1.01171,0.01367,29.01
$IMU,26899.263,-1.098,-0.183,-0.183,0.02001,1.01269,0.01513,29.01
$MAG,26899.266,-0.564,-0.520,-0.409,27.7
$IMU,26899.266,-1.098,0.061,-0.183,0.02050,1.01171,0.01708,29.01
$IMU,26899.268,-1.159,0.061,-0.305,0.01953,1.01171,0.01562,29.03
$BARO,26899.269,86867.55,28.84
$IMU,26899.270,-0.976,-0.244,-0.183,0.02050,1.01318,0.01708,29.03
$IMU,26899.273,-0.915,-0.061,-0.122,0.01806,1.00878,0.01904,29.03
$IMU,26899.275,-0.915,0.000,-0.183,0.01904,1.01171,0.01464,29.03
$MAG,26899.276,-0.562,-0.513,-0.400,27.7
$IMU,26899.278,-0.854,-0.183,-0.122,0.01953,1.00927,0.01660,29.03
$IMU,26899.280,-0.732,-0.122,0.000,0.02197,1.01074,0.01513,29.03
$IMU,26899.282,-0.610,-0.122,-0.061,0.01953,1.01171,0.01660,29.03
$IMU,26899.285,-0.671,-0.122,-0.122,0.01904,1.01025,0.01757,29.03
$MAG,26899.286,-0.564,-0.522,-0.412,27.7
$IMU,26899.287,-0.427,-0.183,-0.183,0.02197,1.01416,0.01757,29.06
$IMU,26899.289,-0.366,0.000,-0.183,0.01757,1.01757,0.01855,29.06
$IMU,26899.292,-0.122,-0.305,-0.244,0.01855,1.01367,0.01953,29.06
$IMU,26899.294,-0.122,-0.183,-0.244,0.02148,1.01513,0.01660,29.06
$MAG,26899.296,-0.567,-0.519,-0.414,27.7
$IMU,26899.296,-0.061,0.000,-0.183,0.01953,1.01220,0.01757,29.06
$IMU,26899.299,0.000,0.000,-0.244,0.01806,1.01269,0.01660,29.06
$IMU,26899.301,0.183,-0.122,-0.244,0.02001,1.01464,0.01806,29.06
$IMU,26899.303,0.305,-0.122,-0.244,0.01904,1.01611,0.01953,29.06
$MAG,26899.306,-0.564,-0.514,-0.399,27.7
$IMU,26899.306,0.366,-0.244,-0.305,0.01757,1.01318,0.01562,29.07
$IMU,26899.308,0.366,-0.061,-0.244,0.01660,1.01220,0.01806,29.07
$IMU,26899.310,0.427,-0.122,-0.183,0.01855,1.00878,0.01464,29.07
$IMU,26899.313,0.427,-0.122,-0.122,0.01806,1.01269,0.01611,29.07
$IMU,26899.315,0.488,0.000,-0.122,0.01660,1.01513,0.01562,29.07
$MAG,26899.316,-0.562,-0.523,-0.415,28.0
$IMU,26899.317,0.549,-0.183,-0.061,0.01611,1.01269,0.01464,29.07
$IMU,26899.320,0.549,-0.061,-0.122,0.02001,1.01220,0.01562,29.07
$IMU,26899.322,0.427,-0.122,-0.122,0.01806,1.01269,0.01757,29.07
$IMU,26899.324,0.366,-0.183,-0.183,0.01611,1.01269,0.01367,29.05
$MAG,26899.326,-0.564,-0.511,-0.405,28.0
$IMU,26899.327,0.244,0.000,-0.183,0.01953,1.01025,0.01562,29.05
$IMU,26899.329,0.061,0.122,-0.183,0.01953,1.01220,0.01513,29.05
$IMU,26899.331,0.000,-0.244,-0.183,0.02001,1.01318,0.01464,29.05
$IMU,26899.334,-0.122,-0.061,-0.061,0.01855,1.01513,0.01416,29.05
$MAG,26899.336,-0.564,-0.516,-0.399,27.7
$IMU,26899.336,-0.305,0.061,-0.061,0.01855,1.01123,0.01416,29.05
$IMU,26899.339,-0.305,-0.061,-0.061,0.02050,1.01562,0.01367,29.05
$IMU,26899.341,-0.305,-0.183,0.000,0.01855,1.01025,0.01660,29.05
$IMU,26899.343,-0.488,-0.122,-0.061,0.02099,1.01269,0.01416,29.03
$MAG,26899.346,-0.562,-0.520,-0.397,28.0
$IMU,26899.346,-0.671,-0.122,-0.122,0.02294,1.01220,0.01611,29.03
$IMU,26899.348,-0.671,-0.183,-0.183,0.02050,1.00830,0.01660,29.03
$IMU,26899.350,-0.732,-0.061,-0.183,0.02001,1.01171,0.01611,29.03
$IMU,26899.353,-0.793,-0.061,-0.244,0.01806,1.01269,0.01562,29.03
$IMU,26899.355,-0.671,-0.183,-0.122,0.01953,1.01074,0.01513,29.03
$MAG,26899.357,-0.561,-0.523,-0.402,27.7
$IMU,26899.357,-0.610,-0.244,-0.183,0.01660,1.00927,0.01464,29.03
$IMU,26899.360,-0.732,-0.061,-0.183,0.02001,1.01269,0.01611,29.03
$IMU,26899.362,-0.732,-0.061,-0.061,0.02001,1.01074,0.01611,29.03
$IMU,26899.364,-0.671,-0.061,-0.061,0.01904,1.01074,0.01367,29.03
$MAG,26899.367,-0.558,-0.520,-0.399,28.1
$IMU,26899.367,-0.610,-0.183,-0.183,0.01855,1.01367,0.01513,29.03
$IMU,26899.369,-0.488,-0.122,-0.183,0.02050,1.01220,0.01562,29.03
$BARO,26899.370,86870.50,28.84
$IMU,26899.371,-0.427,-0.183,-0.183,0.01806,1.01220,0.01806,29.03
$IMU,26899.374,-0.366,-0.122,-0.244,0.01757,1.01367,0.01513,29.03
$IMU,26899.376,-0.427,-0.061,-0.122,0.01806,1.01220,0.01757,29.03
$MAG,26899.377,-0.555,-0.516,-0.400,27.8
$IMU,26899.378,-0.305,-0.061,-0.122,0.01855,1.01367,0.01708,29.03
$IMU,26899.381,-0.305,0.000,-0.183,0.02099,1.01025,0.01611,29.08
$IMU,26899.383,-0.122,-0.122,-0.183,0.02001,1.01220,0.01806,29.08
$IMU,26899.385,-0.183,-0.183,-0.183,0.01953,1.01367,0.01660,29.08
$MAG,26899.387,-0.559,-0.520,-0.403,27.8
$IMU,26899.388,-0.122,-0.061,-0.183,0.01513,1.01123,0.01562,29.08
$IMU,26899.390,-0.061,-0.061,-0.244,0.01855,1.01074,0.01367,29.08
$IMU,26899.392,0.061,0.000,-0.244,0.01855,1.01367,0.01757,29.08
$IMU,26899.395,0.061,0.061,-0.244,0.02099,1.01367,0.01367,29.08
$MAG,26899.397,-0.565,-0.508,-0.405,27.8
$IMU,26899.397,0.183,-0.122,-0.244,0.01660,1.01025,0.01611,29.08
$IMU,26899.400,0.183,0.000,-0.183,0.01611,1.00927,0.01611,29.02
$IMU,26899.402,0.122,0.061,-0.122,0.01855,1.00830,0.01171,29.02
$IMU,26899.404,0.183,-0.061,-0.183,0.02001,1.01220,0.01562,29.02
$MAG,26899.407,-0.564,-0.528,-0.403,28.1
$IMU,26899.407,0.366,-0.183,-0.122,0.02001,1.00927,0.01464,29.02
$IMU,26899.409,0.305,-0.244,-0.122,0.01855,1.01123,0.01269,29.02
$IMU,26899.411,0.305,-0.305,-0.183,0.02050,1.01171,0.01220,29.02
$IMU,26899.414,0.183,-0.183,-0.183,0.01904,1.01074,0.01269,29.02
$IMU,26899.416,0.183,-0.244,-0.183,0.02050,1.01367,0.01660,29.02
$MAG,26899.417,-0.567,-0.514,-0.400,28.0
$IMU,26899.418,0.061,-0.244,-0.244,0.02050,1.01367,0.01513,29.02
$IMU,26899.421,-0.061,-0.122,-0.305,0.01806,1.01367,0.01513,29.02
$IMU,26899.423,-0.183,0.000,-0.244,0.01660,1.01318,0.01464,29.02
$IMU,26899.425,-0.366,-0.183,-0.183,0.01611,1.01123,0.01318,29.02
$MAG,26899.427,-0.571,-0.507,-0.409,27.8
$IMU,26899.428,-0.427,0.000,-0.122,0.01855,1.01220,0.01416,29.02
$IMU,26899.430,-0.549,0.061,-0.122,0.01855,1.01416,0.01416,29.02
$IMU,26899.432,-0.488,-0.183,-0.122,0.01855,1.01416,0.01513,29.02
$IMU,26899.435,-0.610,-0.183,-0.183,0.01806,1.01464,0.01367,29.02
$MAG,26899.437,-0.565,-0.513,-0.405,28.0
$IMU,26899.437,-0.732,-0.061,-0.183,0.01757,1.01269,0.01660,29.06
$IMU,26899.439,-0.854,-0.183,-0.183,0.01855,1.01367,0.01513,29.06
$IMU,26899.442,-0.915,-0.122,-0.183,0.01855,1.00927,0.01757,29.06
$IMU,26899.444,-0.976,0.061,-0.122,0.02001,1.01171,0.01513,29.06
$IMU,26899.446,-0.915,-0.061,-0.122,0.01611,1.01123,0.01513,29.06
$MAG,26899.447,-0.558,-0.519,-0.403,27.7
$IMU,26899.449,-0.915,-0.244,0.000,0.01660,1.01611,0.01513,29.06
$IMU,26899.451,-0.915,-0.061,0.000,0.01953,1.01220,0.01757,29.06
$IMU,26899.453,-0.854,0.000,0.000,0.02001,1.01025,0.01904,29.06
$IMU,26899.456,-0.854,-0.183,-0.061,0.01660,1.01074,0.01464,29.05
$MAG,26899.457,-0.555,-0.519,-0.412,28.0
$IMU,26899.458,-0.793,-0.183,-0.061,0.01806,1.01269,0.01806,29.05
$IMU,26899.461,-0.854,0.000,-0.122,0.01953,1.01318,0.01953,29.05
$IMU,26899.463,-0.732,-0.122,-0.183,0.02050,1.01318,0.01904,29.05
$IMU,26899.465,-0.610,-0.122,-0.061,0.02099,1.01269,0.01708,29.05
$MAG,26899.468,-0.558,-0.519,-0.406,27.7
$IMU,26899.468,-0.549,-0.122,0.000,0.02294,1.01269,0.01757,29.05
$IMU,26899.470,-0.427,-0.122,-0.122,0.01904,1.01318,0.01904,29.05
$BARO,26899.472,86874.13,28.84
$IMU,26899.472,-0.305,-0.244,-0.061,0.01855,1.01318,0.01904,29.05
$IMU,26899.475,-0.183,-0.061,0.000,0.02099,1.01513,0.01904,29.07
$IMU,26899.477,-0.061,0.000,-0.122,0.02099,1.01220,0.01953,29.07
$MAG,26899.478,-0.568,-0.519,-0.408,27.7
$IMU,26899.479,0.061,-0.183,-0.183,0.02148,1.01757,0.01904,29.07
$IMU,26899.482,0.183,-0.061,-0.244,0.02001,1.01318,0.01708,29.07
$IMU,26899.484,0.244,0.000,-0.305,0.02099,1.01318,0.01562,29.07
$IMU,26899.486,0.305,-0.061,-0.305,0.02197,1.01269,0.01708,29.07
$MAG,26899.488,-0.562,-0.519,-0.406,27.8
$IMU,26899.489,0.427,-0.061,-0.305,0.02001,1.01318,0.01562,29.07
$IMU,26899.491,0.488,0.000,-0.305,0.01953,1.01171,0.01660,29.07
$IMU,26899.493,0.671,-0.061,-0.244,0.01953,1.00976,0.01757,29.01
$IMU,26899.496,0.793,-0.122,-0.183,0.01855,1.01220,0.01660,29.01
$MAG,26899.498,-0.570,-0.516,-0.411,28.0
$IMU,26899.498,0.915,-0.305,-0.305,0.01953,1.01318,0.01416,29.01
$IMU,26899.500,0.793,-0.122,-0.183,0.02001,1.01171,0.01660,29.01
$IMU,26899.503,0.793,-0.061,-0.183,0.02148,1.01220,0.01464,29.01
$IMU,26899.505,0.732,-0.122,-0.183,0.01806,1.01318,0.01367,29.01
$IMU,26899.507,0.671,-0.061,-0.305,0.02001,1.01416,0.01367,29.01
$MAG,26899.508,-0.565,-0.517,-0.402,28.0
$IMU,26899.510,0.610,-0.061,-0.183,0.01757,1.01367,0.01074,29.01
$IMU,26899.512,0.366,-0.122,-0.183,0.01513,1.01123,0.01074,29.08
$IMU,26899.514,0.366,-0.122,-0.122,0.02050,1.01269,0.01025,29.08
$IMU,26899.517,0.244,-0.061,-0.122,0.01904,1.01464,0.00927,29.08
$MAG,26899.518,-0.568,-0.525,-0.406,28.0
$IMU,26899.519,0.061,-0.122,-0.061,0.01757,1.01464,0.01171,29.08
$IMU,26899.521,0.061,-0.305,-0.061,0.02050,1.01220,0.01025,29.08
$IMU,26899.524,-0.183,-0.122,-0.244,0.01953,1.01513,0.01123,29.08
$IMU,26899.526,-0.427,-0.122,-0.183,0.01806,1.01464,0.01074,29.08
$MAG,26899.528,-0.559,-0.507,-0.406,28.1
$IMU,26899.529,-0.610,0.000,-0.183,0.02001,1.00976,0.01025,29.08
$IMU,26899.531,-0.671,-0.061,-0.122,0.01953,1.00976,0.01074,29.01
$IMU,26899.533,-0.793,0.000,-0.122,0.01855,1.01220,0.01123,29.01
$IMU,26899.536,-0.915,-0.061,-0.122,0.01562,1.01220,0.01318,29.01
$MAG,26899.538,-0.556,-0.516,-0.405,27.7
$IMU,26899.538,-0.976,0.061,-0.061,0.01660,1.01464,0.01171,29.01
$IMU,26899.540,-0.915,-0.061,-0.183,0.01708,1.01513,0.01416,29.01
$IMU,26899.543,-0.976,0.000,-0.122,0.01855,1.00976,0.01269,29.01
$IMU,26899.545,-1.037,-0.122,-0.183,0.01757,1.01269,0.01464,29.01
$IMU,26899.547,-1.037,-0.305,-0.244,0.01806,1.01318,0.01416,29.01
$MAG,26899.548,-0.562,-0.516,-0.403,27.7
$IMU,26899.550,-0.976,-0.122,-0.244,0.01757,1.00878,0.01367,29.04
$IMU,26899.552,-0.976,-0.122,-0.122,0.01855,1.01025,0.01464,29.04
$IMU,26899.554,-0.854,-0.244,-0.122,0.01953,1.01611,0.02050,29.04
$IMU,26899.557,-0.915,0.000,-0.061,0.02050,1.01367,0.01806,29.04
$MAG,26899.558,-0.558,-0.519,-0.405,27.7
$IMU,26899.559,-0.793,-0.183,-0.122,0.01660,1.01416,0.01757,29.04
$IMU,26899.561,-0.793,-0.122,-0.183,0.01611,1.01220,0.02001,29.04
$IMU,26899.564,-0.671,-0.183,-0.183,0.01904,1.01171,0.01562,29.04
$IMU,26899.566,-0.671,-0.183,-0.183,0.01708,1.01269,0.01757,29.04
$MAG,26899.568,-0.568,-0.513,-0.396,28.0
$IMU,26899.568,-0.671,0.000,-0.183,0.01953,1.01611,0.01806,29.06
$IMU,26899.571,-0.549,-0.061,-0.183,0.01904,1.01220,0.02001,29.06
$BARO,26899.573,86869.57,28.84
$IMU,26899.573,-0.488,-0.061,-0.244,0.01708,1.01123,0.02001,29.06
$IMU,26899.575,-0.366,-0.183,-0.183,0.01708,1.01220,0.01562,29.06
$IMU,26899.578,-0.366,-0.122,-0.122,0.01416,1.01318,0.01806,29.06
$MAG,26899.579,-0.561,-0.511,-0.403,28.0
$IMU,26899.580,-0.305,-0.122,0.000,0.01757,1.01123,0.01708,29.06
$IMU,26899.582,-0.305,-0.122,0.000,0.01708,1.00927,0.01953,29.06
$IMU,26899.585,-0.183,-0.061,-0.122,0.01855,1.01416,0.01904,29.06
$IMU,26899.587,-0.122,-0.244,-0.122,0.02148,1.01367,0.01806,29.07
$MAG,26899.589,-0.565,-0.520,-0.405,28.0
$IMU,26899.590,-0.122,-0.183,-0.183,0.02197,1.01220,0.01855,29.07
$IMU,26899.592,-0.122,0.000,-0.122,0.02001,1.01513,0.01855,29.07
$IMU,26899.594,-0.122,0.061,-0.122,0.02001,1.00830,0.01904,29.07
$IMU,26899.597,0.000,-0.183,-0.061,0.01855,1.01025,0.01953,29.07
$MAG,26899.599,-0.562,-0.516,-0.406,27.7
$IMU,26899.599,0.061,-0.244,-0.061,0.02050,1.01367,0.02050,29.07
$IMU,26899.601,0.061,-0.244,-0.061,0.02099,1.01123,0.01904,29.07
$IMU,26899.604,0.061,-0.122,-0.061,0.02001,1.01416,0.01708,29.07
$IMU,26899.606,0.183,-0.122,-0.061,0.02050,1.01318,0.01464,29.09
$IMU,26899.608,0.122,0.000,-0.183,0.02343,1.01416,0.01611,29.09
$MAG,26899.609,-0.564,-0.516,-0.411,28.0
$IMU,26899.611,0.244,-0.122,-0.122,0.02001,1.01220,0.01660,29.09
$IMU,26899.613,0.244,-0.122,-0.122,0.02197,1.01171,0.01708,29.09
$IMU,26899.615,0.183,-0.122,-0.244,0.02148,1.01269,0.01464,29.09
$IMU,26899.618,0.061,0.000,-0.244,0.02343,1.01074,0.01611,29.09
$MAG,26899.619,-0.562,-0.522,-0.403,27.8
$IMU,26899.620,0.183,0.000,-0.305,0.02246,1.01464,0.01708,29.09
$IMU,26899.622,0.305,-0.122,-0.244,0.02099,1.01416,0.01660,29.09
$IMU,26899.625,0.305,-0.122,-0.244,0.01953,1.01025,0.01416,29.03
$IMU,26899.627,0.305,-0.122,-0.244,0.02050,1.01220,0.01513,29.03
$MAG,26899.629,-0.564,-0.516,-0.408,27.7
$IMU,26899.629,0.244,-0.061,-0.244,0.02197,1.01269,0.01318,29.03
$IMU,26899.632,0.183,-0.061,-0.183,0.01806,1.01220,0.01367,29.03
$IMU,26899.634,0.183,0.000,-0.122,0.01953,1.01123,0.01464,29.03
$IMU,26899.636,0.183,-0.122,-0.183,0.02050,1.01464,0.01318,29.03
$MAG,26899.639,-0.568,-0.520,-0.406,28.1
$IMU,26899.639,0.122,-0.122,-0.183,0.02099,1.01220,0.01269,29.03
$IMU,26899.641,0.061,-0.122,-0.122,0.02099,1.01269,0.01464,29.03
$IMU,26899.643,-0.061,0.000,-0.183,0.01757,1.01171,0.01513,29.03
$IMU,26899.646,-0.061,0.000,-0.305,0.01953,1.01416,0.01171,29.03
$IMU,26899.648,-0.122,-0.122,-0.244,0.02099,1.01367,0.01269,29.03
$MAG,26899.649,-0.556,-0.517,-0.402,28.1
$IMU,26899.651,-0.183,-0.122,-0.305,0.02001,1.01123,0.01171,29.03
$IMU,26899.653,-0.244,-0.244,-0.305,0.02050,1.01269,0.01269,29.03
$IMU,26899.655,-0.366,-0.183,-0.305,0.01904,1.01269,0.01416,29.03
$IMU,26899.658,-0.427,0.061,-0.244,0.01611,1.01074,0.01220,29.03
$MAG,26899.659,-0.565,-0.516,-0.400,27.7
$IMU,26899.660,-0.427,-0.122,-0.183,0.01855,1.00927,0.01171,29.03
$IMU,26899.662,-0.427,-0.305,-0.122,0.01562,1.01220,0.01025,29.04
$IMU,26899.665,-0.427,-0.183,-0.122,0.01562,1.01367,0.01416,29.04
$IMU,26899.667,-0.610,-0.061,-0.122,0.01464,1.01269,0.01464,29.04
$IMU,26899.669,-0.732,-0.122,-0.122,0.01953,1.01416,0.01367,29.04
$MAG,26899.669,-0.562,-0.522,-0.403,28.1
$IMU,26899.672,-0.671,0.000,-0.122,0.02148,1.01611,0.01464,29.04
$IMU,26899.674,-0.732,0.061,-0.122,0.01953,1.01171,0.01611,29.04
$BARO,26899.675,86862.45,28.84
$IMU,26899.676,-0.671,-0.122,-0.122,0.01855,1.01171,0.01464,29.04
$MAG,26899.679,-0.564,-0.517,-0.405,28.1
$IMU,26899.679,-0.671,0.000,-0.183,0.01855,1.01074,0.01464,29.04
$IMU,26899.681,-0.610,-0.122,-0.183,0.01855,1.01171,0.01513,29.01
$IMU,26899.683,-0.671,-0.061,-0.183,0.01806,1.01123,0.01806,29.01
$IMU,26899.686,-0.549,-0.183,-0.061,0.02148,1.00976,0.01220,29.01
$VBAT,26899.686,4.121
$IMU,26899.688,-0.671,-0.061,-0.061,0.02099,1.01367,0.01416,29.01
$MAG,26899.690,-0.565,-0.516,-0.409,28.0
$IMU,26899.690,-0.732,-0.122,-0.061,0.01562,1.01416,0.01660,29.01
$IMU,26899.693,-0.732,-0.061,0.000,0.02148,1.01269,0.01562,29.01
$IMU,26899.695,-0.732,0.000,0.000,0.01953,1.01220,0.01611,29.01
$IMU,26899.697,-0.610,-0.183,-0.122,0.01904,1.01367,0.01611,29.01
$MAG,26899.700,-0.567,-0.519,-0.412,27.8
$IMU,26899.700,-0.549,-0.183,-0.122,0.02001,1.01708,0.01855,29.10
$IMU,26899.702,-0.549,-0.061,-0.122,0.02001,1.01464,0.01708,29.10
$IMU,26899.704,-0.610,-0.122,-0.122,0.01904,1.01464,0.01611,29.10
$IMU,26899.707,-0.488,-0.061,-0.122,0.01562,1.01562,0.01562,29.10
$IMU,26899.709,-0.427,-0.061,-0.183,0.01953,1.01171,0.01562,29.10
$MAG,26899.710,-0.567,-0.525,-0.408,27.8
$IMU,26899.712,-0.366,-0.305,-0.244,0.02148,1.01220,0.01660,29.10
$IMU,26899.714,-0.305,-0.244,-0.183,0.02001,1.01318,0.01757,29.10
$IMU,26899.716,-0.366,0.122,-0.122,0.01953,1.01220,0.01904,29.10
$IMU,26899.719,-0.305,0.061,-0.183,0.01904,1.00781,0.01757,29.06
$MAG,26899.720,-0.570,-0.517,-0.403,28.1
$IMU,26899.721,-0.244,0.061,-0.183,0.02050,1.01220,0.01953,29.06
$IMU,26899.723,-0.244,0.061,-0.183,0.02050,1.01074,0.01806,29.06
$IMU,26899.726,-0.061,-0.183,-0.061,0.01904,1.01318,0.01513,29.06
$IMU,26899.728,0.061,-0.183,-0.122,0.02050,1.01464,0.01513,29.06
$MAG,26899.730,-0.559,-0.523,-0.403,28.0
$IMU,26899.730,0.061,-0.061,-0.061,0.01953,1.00830,0.01660,29.06
$IMU,26899.733,0.122,-0.061,-0.061,0.01953,1.01025,0.01757,29.06
$IMU,26899.735,0.061,-0.061,-0.122,0.02001,1.01074,0.01611,29.06
$IMU,26899.737,0.061,0.122,-0.183,0.01806,1.01123,0.01806,29.07
$MAG,26899.740,-0.559,-0.525,-0.400,27.8
$IMU,26899.740,0.183,-0.183,-0.183,0.02050,1.01464,0.01806,29.07
$IMU,26899.742,0.183,-0.122,-0.244,0.02294,1.01318,0.01513,29.07
$IMU,26899.744,0.061,0.000,-0.244,0.02001,1.01025,0.01318,29.07
$IMU,26899.747,0.061,0.061,-0.305,0.02001,1.01318,0.01660,29.07
$IMU,26899.749,0.122,-0.122,-0.183,0.02050,1.01367,0.01513,29.07
$MAG,26899.750,-0.558,-0.519,-0.408,27.7
$IMU,26899.751,0.122,-0.183,-0.183,0.02148,1.01416,0.01562,29.07
$IMU,26899.754,0.122,-0.122,-0.122,0.02246,1.01367,0.01708,29.07
$IMU,26899.756,-0.061,0.000,-0.122,0.02099,1.01513,0.01513,29.04
$IMU,26899.758,0.000,-0.061,-0.183,0.02099,1.01416,0.01416,29.04
$MAG,26899.760,-0.565,-0.513,-0.409,27.7
$IMU,26899.761,0.000,-0.183,-0.183,0.02050,1.01416,0.01269,29.04
$IMU,26899.763,0.000,-0.183,-0.305,0.01953,1.01318,0.01318,29.04
$IMU,26899.765,-0.183,-0.061,-0.305,0.02197,1.01025,0.01611,29.04
$IMU,26899.768,-0.122,-0.183,-0.366,0.01953,1.01074,0.01464,29.04
$IMU,26899.770,-0.122,0.000,-0.305,0.01953,1.01220,0.01611,29.04
$MAG,26899.770,-0.567,-0.520,-0.403,28.0
$IMU,26899.773,-0.183,-0.061,-0.244,0.01611,1.01171,0.01416,29.04
$IMU,26899.775,-0.061,-0.183,-0.244,0.01757,1.01269,0.01464,29.05
$BARO,26899.776,86856.80,28.84
$IMU,26899.777,-0.183,0.000,-0.183,0.01904,1.01074,0.01562,29.05
$MAG,26899.780,-0.570,-0.519,-0.412,27.8
$IMU,26899.780,-0.183,0.000,-0.244,0.01806,1.01025,0.01464,29.05
$IMU,26899.782,-0.122,-0.122,-0.244,0.01367,1.01318,0.01367,29.05
$IMU,26899.784,-0.122,0.061,-0.183,0.01562,1.01318,0.01171,29.05
$IMU,26899.787,-0.122,-0.061,-0.183,0.01513,1.01171,0.01074,29.05
$IMU,26899.789,-0.122,-0.122,-0.183,0.01708,1.01025,0.00976,29.05
$MAG,26899.790,-0.568,-0.526,-0.403,27.7
$IMU,26899.791,-0.122,-0.061,-0.122,0.01757,1.01171,0.01318,29.05
$IMU,26899.794,-0.183,-0.061,-0.122,0.01855,1.01220,0.01464,29.07
$IMU,26899.796,-0.183,-0.122,-0.061,0.01953,1.01123,0.01464,29.07
$IMU,26899.798,-0.244,-0.183,-0.061,0.02050,1.01318,0.01171,29.07
$MAG,26899.801,-0.565,-0.522,-0.406,28.0
$IMU,26899.801,-0.183,-0.244,-0.122,0.02099,1.01269,0.01171,29.07
$IMU,26899.803,-0.305,-0.122,-0.122,0.01953,1.01562,0.01269,29.07
$IMU,26899.805,-0.427,-0.122,-0.244,0.01708,1.01464,0.01220,29.07
$IMU,26899.808,-0.488,0.000,-0.244,0.02001,1.01611,0.01318,29.07
$IMU,26899.810,-0.549,0.000,-0.183,0.01953,1.01367,0.01269,29.07
$MAG,26899.811,-0.555,-0.513,-0.402,27.8
$IMU,26899.812,-0.610,-0.122,-0.122,0.01660,1.01171,0.01318,29.03
$IMU,26899.815,-0.488,-0.244,-0.122,0.01806,1.01611,0.01318,29.03
$IMU,26899.817,-0.610,-0.305,-0.122,0.01953,1.01708,0.01611,29.03
$IMU,26899.819,-0.732,-0.122,-0.061,0.01806,1.01464,0.01513,29.03
$IMU,26899.822,-0.793,-0.061,-0.122,0.01953,1.01318,0.01757,29.03
$MAG,26899.821,-0.565,-0.516,-0.403,27.8
$IMU,26899.824,-0.854,0.000,-0.183,0.01855,1.01074,0.01513,29.03
$IMU,26899.826,-0.671,0.000,-0.183,0.02001,1.01123,0.01806,29.03
$IMU,26899.829,-0.671,-0.061,-0.244,0.01855,1.01074,0.01708,29.03
$MAG,26899.831,-0.568,-0.517,-0.402,28.0
$IMU,26899.831,-0.671,-0.122,-0.183,0.01708,1.01318,0.01708,29.04
$IMU,26899.834,-0.671,0.000,-0.183,0.01904,1.01416,0.01562,29.04
$IMU,26899.836,-0.671,0.061,-0.183,0.01855,1.01025,0.01611,29.04
$IMU,26899.838,-0.671,0.000,-0.183,0.02148,1.01513,0.01367,29.04
$MAG,26899.841,-0.567,-0.519,-0.405,27.8
$IMU,26899.841,-0.610,-0.061,-0.244,0.02050,1.01318,0.01757,29.04
$IMU,26899.843,-0.488,-0.122,-0.122,0.01806,1.01464,0.01806,29.04
$IMU,26899.845,-0.488,0.000,-0.183,0.01611,1.01123,0.01806,29.04
$IMU,26899.848,-0.427,-0.122,-0.183,0.01904,1.01269,0.01904,29.04
$IMU,26899.850,-0.366,-0.061,-0.122,0.01855,1.01367,0.01855,29.03
$MAG,26899.851,-0.556,-0.514,-0.400,27.7
$IMU,26899.852,-0.305,-0.061,-0.122,0.02099,1.01220,0.01513,29.03
$IMU,26899.855,-0.122,-0.122,-0.122,0.01562,1.01269,0.01757,29.03
$IMU,26899.857,-0.122,-0.122,-0.183,0.01562,1.01220,0.01757,29.03
$IMU,26899.859,-0.061,0.000,-0.183,0.02050,1.01025,0.01757,29.03
$MAG,26899.861,-0.562,-0.516,-0.408,27.8
$IMU,26899.862,0.000,-0.122,-0.183,0.01708,1.01464,0.01757,29.03
$IMU,26899.864,0.183,-0.183,-0.183,0.01904,1.01318,0.01660,29.03
$IMU,26899.866,0.183,-0.122,-0.122,0.02001,1.01367,0.01660,29.03
$IMU,26899.869,0.183,-0.122,-0.061,0.02001,1.01269,0.01611,29.08
$IMU,26899.871,0.244,0.000,-0.122,0.01757,1.01416,0.01562,29.08
$MAG,26899.871,-0.568,-0.519,-0.408,27.6
$IMU,26899.873,0.305,0.061,-0.122,0.02099,1.01367,0.01269,29.08
$IMU,26899.876,0.366,-0.183,-0.122,0.02148,1.01123,0.01416,29.08
$BARO,26899.877,86862.23,28.85
$IMU,26899.878,0.366,-0.122,-0.305,0.01806,1.01269,0.01708,29.08
$IMU,26899.880,0.427,-0.061,-0.244,0.02050,1.01806,0.01464,29.08
$MAG,26899.881,-0.559,-0.511,-0.406,27.7
$IMU,26899.883,0.427,-0.183,-0.244,0.01855,1.01220,0.01513,29.08
$IMU,26899.885,0.305,-0.061,-0.244,0.01855,1.01269,0.01708,29.08
$IMU,26899.887,0.244,-0.061,-0.244,0.01953,1.01367,0.01416,29.05
$IMU,26899.890,0.305,-0.183,-0.244,0.02050,1.01611,0.01416,29.05
$MAG,26899.891,-0.565,-0.513,-0.405,27.8
$IMU,26899.892,0.305,-0.183,-0.244,0.01904,1.01708,0.01416,29.05
$IMU,26899.895,0.244,-0.305,-0.305,0.01708,1.01220,0.01220,29.05
$IMU,26899.897,0.000,0.061,-0.305,0.01855,1.01123,0.00927,29.05
$IMU,26899.899,-0.061,0.000,-0.244,0.01904,1.01220,0.01464,29.05
$MAG,26899.901,-0.565,-0.519,-0.400,27.6
$IMU,26899.902,-0.122,-0.122,-0.305,0.01660,1.01220,0.01464,29.05
$IMU,26899.904,-0.244,0.000,-0.183,0.01660,1.00878,0.01416,29.05
$IMU,26899.906,-0.305,-0.183,-0.183,0.01660,1.01171,0.01367,29.04
$IMU,26899.909,-0.549,-0.122,-0.061,0.01904,1.01123,0.01318,29.04
$IMU,26899.911,-0.549,-0.183,-0.122,0.01806,1.01123,0.01318,29.04
$MAG,26899.912,-0.559,-0.525,-0.403,28.1
$IMU,26899.913,-0.732,-0.061,-0.183,0.01660,1.01123,0.01269,29.04
$IMU,26899.916,-0.854,0.000,-0.122,0.02001,1.01220,0.01513,29.04
$IMU,26899.918,-0.732,-0.183,-0.122,0.01806,1.01269,0.01416,29.04
$IMU,26899.920,-0.976,-0.061,-0.183,0.01904,1.01220,0.01513,29.04
$MAG,26899.922,-0.571,-0.513,-0.402,28.1
$IMU,26899.923,-1.037,-0.122,-0.122,0.02001,1.01025,0.01708,29.04
$IMU,26899.925,-1.037,-0.061,-0.183,0.01806,1.01171,0.01660,29.03
$IMU,26899.927,-1.037,-0.061,-0.122,0.01904,1.00927,0.01562,29.03
$IMU,26899.930,-0.976,-0.122,-0.061,0.02148,1.01171,0.01708,29.03
$MAG,26899.932,-0.567,-0.519,-0.406,27.8
$IMU,26899.932,-0.976,-0.061,-0.122,0.01904,1.01416,0.01660,29.03
$IMU,26899.934,-0.976,-0.061,0.000,0.01904,1.01269,0.01757,29.03
$IMU,26899.937,-0.915,0.061,-0.061,0.02050,1.01318,0.01757,29.03
$IMU,26899.939,-0.854,0.000,-0.122,0.02294,1.01171,0.01660,29.03
$IMU,26899.941,-0.732,-0.183,-0.061,0.02392,1.01367,0.01757,29.03
$MAG,26899.942,-0.565,-0.525,-0.412,28.1
$IMU,26899.944,-0.671,-0.061,-0.183,0.02197,1.01123,0.01757,29.07
$IMU,26899.946,-0.610,0.000,-0.244,0.02001,1.01464,0.01757,29.07
$IMU,26899.948,-0.427,-0.183,-0.244,0.01953,1.01513,0.01708,29.07
$IMU,26899.951,-0.305,-0.183,-0.244,0.02001,1.01269,0.01708,29.07
$MAG,26899.952,-0.570,-0.516,-0.409,27.7
$IMU,26899.953,-0.122,-0.244,-0.244,0.01904,1.01562,0.01708,29.07
$IMU,26899.956,0.000,-0.244,-0.244,0.01855,1.01513,0.01904,29.07
$IMU,26899.958,0.122,-0.244,-0.183,0.01904,1.01123,0.01757,29.07
$IMU,26899.960,0.122,0.000,-0.244,0.01904,1.01318,0.01611,29.07
$MAG,26899.962,-0.564,-0.520,-0.396,27.7
$IMU,26899.963,0.305,-0.122,-0.305,0.01953,1.01318,0.01513,29.07
$IMU,26899.965,0.366,-0.122,-0.244,0.01953,1.00976,0.01904,29.07
$IMU,26899.967,0.427,-0.061,-0.244,0.01904,1.01318,0.01513,29.07
$IMU,26899.970,0.610,-0.122,-0.183,0.02001,1.00976,0.01513,29.07
$MAG,26899.972,-0.561,-0.525,-0.403,28.1
$IMU,26899.972,0.610,-0.061,-0.122,0.02001,1.00878,0.01708,29.07
$IMU,26899.974,0.671,-0.183,-0.122,0.01855,1.01220,0.01367,29.07
$IMU,26899.977,0.732,-0.183,-0.183,0.02001,1.01025,0.01757,29.07
$BARO,26899.979,86867.62,28.85
$IMU,26899.979,0.671,-0.122,-0.244,0.02099,1.01513,0.01464,29.07
$IMU,26899.981,0.610,-0.122,-0.244,0.02197,1.00976,0.01464,29.06
$MAG,26899.982,-0.573,-0.517,-0.409,28.0
$IMU,26899.984,0.549,-0.122,-0.244,0.01757,1.01367,0.01269,29.06
$IMU,26899.986,0.488,-0.122,-0.244,0.01757,1.01318,0.01123,29.06
$IMU,26899.988,0.305,-0.122,-0.122,0.01855,1.01123,0.01171,29.06
$IMU,26899.991,0.183,0.000,-0.122,0.01708,1.01269,0.01220,29.06
$MAG,26899.992,-0.567,-0.513,-0.400,27.7
$IMU,26899.993,0.122,-0.183,-0.183,0.01806,1.01269,0.01171,29.06
$IMU,26899.995,-0.122,-0.061,-0.122,0.01660,1.01123,0.01220,29.06
$IMU,26899.998,-0.183,-0.122,-0.183,0.02099,1.01171,0.01025,29.06
$IMU,26900.000,-0.366,-0.061,-0.122,0.02441,1.01123,0.01123,29.02
$MAG,26900.002,-0.564,-0.517,-0.414,27.7
$IMU,26900.002,-0.427,-0.061,-0.122,0.01953,1.01562,0.01318,29.02
$IMU,26900.005,-0.610,-0.122,-0.122,0.02001,1.01318,0.01220,29.02
$IMU,26900.007,-0.671,-0.183,-0.061,0.01757,1.01318,0.01660,29.02
$IMU,26900.009,-0.915,-0.122,-0.061,0.02001,1.01171,0.01611,29.02
$IMU,26900.012,-1.037,-0.122,-0.122,0.01953,1.01025,0.01562,29.02
$MAG,26900.013,-0.570,-0.520,-0.403,27.8
$IMU,26900.014,-1.159,-0.122,-0.183,0.01953,1.01074,0.01269,29.02
$IMU,26900.016,-1.159,-0.061,-0.122,0.01757,1.01513,0.01611,29.02
$IMU,26900.019,-1.098,-0.183,-0.122,0.02099,1.00927,0.01367,29.05
$IMU,26900.021,-1.159,0.000,-0.122,0.02246,1.01074,0.01611,29.05
$MAG,26900.023,-0.568,-0.514,-0.400,28.0
$IMU,26900.024,-1.159,-0.061,-0.061,0.01953,1.01464,0.01806,29.05
$IMU,26900.026,-1.281,-0.061,-0.061,0.01757,1.01562,0.01660,29.05
$IMU,26900.028,-1.098,-0.061,0.061,0.01806,1.01025,0.01953,29.05
$IMU,26900.031,-1.037,-0.244,-0.061,0.02099,1.01025,0.01806,29.05
$MAG,26900.033,-0.559,-0.507,-0.400,27.7
$IMU,26900.033,-0.976,-0.122,-0.122,0.01757,1.00927,0.01953,29.05
$IMU,26900.035,-0.854,-0.183,-0.061,0.01708,1.01416,0.02148,29.05
$IMU,26900.038,-0.854,-0.061,-0.183,0.02148,1.01074,0.02099,29.04
$IMU,26900.040,-0.671,-0.122,-0.305,0.02246,1.01220,0.01855,29.04
$IMU,26900.042,-0.549,-0.061,-0.305,0.01806,1.00976,0.01562,29.04
$MAG,26900.043,-0.561,-0.516,-0.397,27.7
$HUM,26900.045,34.9,29.3
$IMU,26900.045,-0.366,-0.061,-0.244,0.01904,1.00976,0.02001,29.04
$IMU,26900.047,-0.244,-0.122,-0.183,0.01708,1.01025,0.02050,29.04
$IMU,26900.049,-0.122,-0.061,-0.183,0.01953,1.01171,0.02001,29.04
$IMU,26900.052,-0.061,-0.061,-0.122,0.01953,1.01464,0.02001,29.04
$MAG,26900.053,-0.561,-0.528,-0.409,27.8
$IMU,26900.054,0.061,0.061,-0.244,0.01806,1.01416,0.01855,29.04
$IMU,26900.056,0.305,-0.183,-0.244,0.01953,1.01123,0.01904,29.06
$IMU,26900.059,0.366,-0.061,-0.244,0.01855,1.01220,0.02099,29.06
$IMU,26900.061,0.488,0.000,-0.244,0.02099,1.01171,0.02001,29.06
$MAG,26900.063,-0.564,-0.514,-0.402,28.1
$IMU,26900.063,0.610,-0.122,-0.305,0.01904,1.01171,0.01953,29.06
$IMU,26900.066,0.549,-0.061,-0.305,0.01953,1.01025,0.01660,29.06
$IMU,26900.068,0.732,-0.061,-0.305,0.02050,1.01074,0.01660,29.06
$IMU,26900.070,0.854,-0.183,-0.244,0.01953,1.01220,0.01806,29.06
$MAG,26900.073,-0.568,-0.525,-0.402,27.7
$IMU,26900.073,0.793,-0.061,-0.244,0.01660,1.01220,0.01464,29.06
$IMU,26900.075,0.793,-0.122,-0.244,0.01757,1.01220,0.01123,29.07
$IMU,26900.077,0.732,-0.122,-0.305,0.02001,1.01464,0.01171,29.07
$BARO,26900.080,86869.30,28.85
$IMU,26900.080,0.671,-0.183,-0.183,0.01562,1.01367,0.01416,29.07
$IMU,26900.082,0.610,-0.122,-0.122,0.01953,1.01513,0.01123,29.07
$MAG,26900.083,-0.568,-0.513,-0.402,27.8
$IMU,26900.085,0.488,-0.122,-0.122,0.01708,1.01171,0.00976,29.07
$IMU,26900.087,0.366,-0.244,-0.061,0.01806,1.01074,0.01269,29.07
$IMU,26900.089,0.122,0.000,-0.122,0.02001,1.00976,0.01123,29.07
$IMU,26900.092,0.000,-0.122,-0.183,0.02001,1.01220,0.01220,29.07
$MAG,26900.093,-0.558,-0.522,-0.402,28.0
$IMU,26900.094,-0.183,-0.183,-0.183,0.02001,1.01074,0.00976,29.08
$IMU,26900.096,-0.305,-0.122,-0.244,0.01953,1.01562,0.01074,29.08
$IMU,26900.099,-0.549,0.000,-0.183,0.01904,1.01171,0.01367,29.08
$IMU,26900.101,-0.610,-0.183,-0.244,0.02099,1.01318,0.01269,29.08
$MAG,26900.103,-0.561,-0.523,-0.400,28.0
$IMU,26900.103,-0.793,-0.061,-0.122,0.01708,1.01367,0.01123,29.08
$IMU,26900.106,-0.793,-0.183,-0.061,0.01806,1.01269,0.01025,29.08
$IMU,26900.108,-0.915,-0.122,-0.061,0.02099,1.01513,0.01074,29.08
$IMU,26900.110,-1.037,0.061,-0.061,0.01904,1.01123,0.01513,29.08
$MAG,26900.113,-0.567,-0.519,-0.400,27.7
$IMU,26900.113,-1.098,0.000,-0.061,0.01904,1.01269,0.01318,29.09
$IMU,26900.115,-1.098,0.000,-0.061,0.02246,1.01171,0.01269,29.09
$IMU,26900.117,-1.037,-0.122,-0.122,0.01855,1.01220,0.01660,29.09
$IMU,26900.120,-1.037,-0.244,-0.122,0.01757,1.01367,0.01757,29.09
$IMU,26900.122,-1.098,-0.061,-0.183,0.02050,1.01123,0.01611,29.09
$MAG,26900.124,-0.559,-0.519,-0.406,27.7
$IMU,26900.124,-0.976,-0.061,-0.183,0.01855,1.00927,0.01367,29.09
$IMU,26900.127,-0.976,-0.061,-0.183,0.02001,1.01025,0.01416,29.09
$IMU,26900.129,-0.854,-0.122,-0.183,0.01660,1.01513,0.01464,29.09
$IMU,26900.131,-0.732,-0.183,-0.122,0.01708,1.01513,0.01708,29.08
$MAG,26900.134,-0.567,-0.519,-0.412,27.7
$IMU,26900.134,-0.549,-0.183,-0.122,0.01806,1.01171,0.01660,29.08
$IMU,26900.136,-0.488,-0.122,-0.122,0.01611,1.01464,0.01708,29.08
$IMU,26900.138,-0.488,-0.061,-0.244,0.01855,1.01123,0.01464,29.08
$IMU,26900.141,-0.305,-0.122,-0.244,0.01904,1.01074,0.01708,29.08
$IMU,26900.143,-0.305,-0.061,-0.183,0.02050,1.00976,0.01806,29.08
$MAG,26900.144,-0.565,-0.514,-0.412,27.7
$IMU,26900.146,-0.244,-0.183,-0.183,0.02001,1.01074,0.01611,29.08
$IMU,26900.148,-0.122,-0.122,-0.183,0.01806,1.01367,0.01660,29.08
$IMU,26900.150,0.000,-0.183,-0.183,0.02001,1.01367,0.01513,29.07
$IMU,26900.153,0.122,-0.061,-0.122,0.02148,1.01269,0.01464,29.07
$MAG,26900.154,-0.568,-0.514,-0.406,27.7
$IMU,26900.155,0.061,0.000,-0.183,0.02099,1.01220,0.01904,29.07
$IMU,26900.157,0.183,-0.183,-0.183,0.02099,1.00927,0.01660,29.07
$IMU,26900.160,0.183,-0.061,-0.183,0.02099,1.01464,0.01855,29.07
$IMU,26900.162,0.183,-0.061,-0.122,0.02099,1.01171,0.01416,29.07
$MAG,26900.164,-0.565,-0.511,-0.414,28.0
$IMU,26900.164,0.244,-0.122,-0.183,0.01708,1.01269,0.01562,29.07
$IMU,26900.167,0.183,0.000,-0.244,0.01904,1.01464,0.01708,29.07
$IMU,26900.169,0.305,-0.122,-0.244,0.01855,1.01367,0.01708,29.09
$IMU,26900.171,0.305,-0.183,-0.122,0.01757,1.01464,0.01611,29.09
$MAG,26900.174,-0.570,-0.514,-0.402,27.8
$IMU,26900.174,0.183,-0.061,-0.122,0.02099,1.01074,0.01220,29.09
$IMU,26900.176,0.244,0.000,-0.122,0.01611,1.00878,0.01611,29.09
$IMU,26900.178,0.183,-0.061,-0.122,0.01904,1.00927,0.01464,29.09
$IMU,26900.181,0.244,-0.244,-0.061,0.01904,1.01074,0.01464,29.09
$BARO,26900.182,86864.06,28.85
$IMU,26900.183,0.122,-0.122,-0.061,0.02001,1.00976,0.01562,29.09
$MAG,26900.184,-0.568,-0.511,-0.408,28.0
$IMU,26900.185,0.122,-0.122,-0.183,0.01855,1.01416,0.01562,29.09
$IMU,26900.188,0.000,-0.122,-0.183,0.01953,1.01123,0.01562,29.05
$IMU,26900.190,-0.244,0.122,-0.183,0.02490,1.01562,0.01269,29.05
$IMU,26900.192,-0.183,0.000,-0.183,0.02246,1.01269,0.01464,29.05
$MAG,26900.194,-0.565,-0.511,-0.406,28.0
$IMU,26900.195,-0.244,0.000,-0.122,0.02099,1.01220,0.01318,29.05
$IMU,26900.197,-0.305,-0.061,-0.122,0.02343,1.00976,0.01318,29.05
$IMU,26900.199,-0.427,-0.122,-0.122,0.01806,1.00927,0.01269,29.05
$IMU,26900.202,-0.427,-0.061,-0.183,0.02148,1.00927,0.01367,29.05
$MAG,26900.204,-0.565,-0.516,-0.406,28.1
$IMU,26900.204,-0.549,0.000,-0.122,0.02197,1.01269,0.01464,29.05
$IMU,26900.207,-0.610,-0.122,-0.122,0.01708,1.01025,0.01464,29.06
$IMU,26900.209,-0.610,-0.122,-0.183,0.02050,1.01269,0.01464,29.06
$IMU,26900.211,-0.671,-0.183,-0.183,0.01708,1.01367,0.01757,29.06
$MAG,26900.214,-0.574,-0.516,-0.411,27.8
$IMU,26900.214,-0.732,0.000,-0.244,0.01855,1.00976,0.01513,29.06
$IMU,26900.216,-0.732,-0.122,-0.244,0.01855,1.01367,0.01513,29.06
$IMU,26900.218,-0.671,-0.061,-0.244,0.02050,1.01318,0.01562,29.06
$IMU,26900.221,-0.549,-0.183,-0.183,0.02001,1.01367,0.01660,29.06
$IMU,26900.223,-0.549,-0.183,-0.183,0.01611,1.01464,0.01562,29.06
$MAG,26900.224,-0.565,-0.516,-0.405,27.7
$IMU,26900.225,-0.671,-0.061,-0.183,0.02001,1.01269,0.01513,29.07
$IMU,26900.228,-0.549,-0.061,-0.122,0.01855,1.01220,0.01660,29.07
$IMU,26900.230,-0.488,0.000,-0.122,0.02197,1.01318,0.01660,29.07
$TIME,26900.231,510815.000,2399
$IMU,26900.232,-0.488,-0.122,-0.183,0.02050,1.01074,0.01562,29.07
$MAG,26900.235,-0.568,-0.519,-0.405,27.8
$IMU,26900.235,-0.488,-0.122,-0.183,0.02001,1.01220,0.01562,29.07
$IMU,26900.237,-0.427,-0.122,-0.183,0.01806,1.01269,0.01708,29.07
$IMU,26900.239,-0.305,-0.061,-0.122,0.01757,1.01123,0.01562,29.07
$IMU,26900.242,-0.305,0.000,-0.183,0.01757,1.01123,0.01904,29.07
$IMU,26900.244,-0.183,-0.061,-0.183,0.01708,1.01171,0.01513,29.02
$MAG,26900.245,-0.561,-0.510,-0.403,27.8
$IMU,26900.246,-0.122,-0.061,-0.183,0.01953,1.01269,0.01708,29.02
$IMU,26900.249,-0.122,-0.183,-0.122,0.02099,1.01367,0.01660,29.02
$IMU,26900.251,0.000,-0.183,-0.122,0.02050,1.01367,0.01611,29.02
$IMU,26900.253,0.000,0.000,-0.183,0.01513,1.01513,0.01562,29.02
$MAG,26900.255,-0.562,-0.520,-0.409,28.0
$IMU,26900.256,0.061,-0.061,-0.244,0.02197,1.00976,0.01513,29.02
$IMU,26900.258,0.305,-0.305,-0.183,0.01953,1.01269,0.01855,29.02
$IMU,26900.260,0.183,-0.183,-0.244,0.01904,1.01171,0.01757,29.02
$IMU,26900.263,0.122,-0.061,-0.183,0.02099,1.01318,0.01513,29.05
$MAG,26900.265,-0.561,-0.513,-0.403,27.7
$IMU,26900.265,0.183,-0.122,-0.183,0.01708,1.01318,0.01318,29.05
$IMU,26900.268,0.183,-0.183,-0.183,0.01757,1.01416,0.01416,29.05
$IMU,26900.270,0.122,-0.061,-0.183,0.01806,1.01562,0.01464,29.05
$IMU,26900.272,0.183,0.000,-0.122,0.01855,1.00927,0.01562,29.05
$MAG,26900.275,-0.567,-0.516,-0.406,27.7
$IMU,26900.275,0.122,-0.122,-0.122,0.01708,1.01513,0.01269,29.05
$IMU,26900.277,0.122,0.000,-0.122,0.01757,1.01416,0.01220,29.05
$IMU,26900.279,0.000,0.000,-0.122,0.02001,1.01367,0.01318,29.05
$IMU,26900.282,0.000,-0.244,-0.183,0.02099,1.01367,0.01367,29.06
$BARO,26900.283,86861.53,28.85
$IMU,26900.284,-0.183,-0.061,-0.183,0.02050,1.01025,0.01416,29.06
$MAG,26900.285,-0.567,-0.516,-0.408,28.0
$IMU,26900.286,-0.244,-0.183,-0.122,0.01904,1.01513,0.01367,29.06
$IMU,26900.289,-0.244,-0.061,-0.183,0.01855,1.01171,0.01464,29.06
$IMU,26900.291,-0.488,0.000,-0.122,0.01953,1.01025,0.01416,29.06
$IMU,26900.293,-0.610,0.000,-0.244,0.02050,1.01416,0.01708,29.06
$MAG,26900.295,-0.565,-0.525,-0.415,27.6
$IMU,26900.296,-0.610,-0.183,-0.122,0.02099,1.01611,0.01513,29.06
$IMU,26900.298,-0.549,-0.244,-0.122,0.02099,1.01318,0.01611,29.06
$IMU,26900.300,-0.732,-0.061,-0.061,0.01855,1.01171,0.01513,29.05
$IMU,26900.303,-0.793,-0.061,-0.183,0.01904,1.01318,0.01562,29.05
$MAG,26900.305,-0.565,-0.519,-0.403,27.8
$IMU,26900.305,-0.793,-0.183,-0.122,0.02001,1.01367,0.01416,29.05
$IMU,26900.307,-0.793,-0.122,-0.122,0.02197,1.01123,0.01562,29.05
$IMU,26900.310,-0.793,-0.061,-0.183,0.01953,1.00878,0.01953,29.05
$IMU,26900.312,-0.671,-0.244,-0.061,0.02099,1.01025,0.01660,29.05
$IMU,26900.314,-0.610,-0.183,-0.183,0.01855,1.01171,0.01611,29.05
$MAG,26900.315,-0.573,-0.525,-0.397,27.7
$IMU,26900.317,-0.732,0.000,-0.183,0.01953,1.01464,0.01562,29.05
$IMU,26900.319,-0.610,-0.061,-0.183,0.01757,1.01171,0.01562,29.08
$IMU,26900.321,-0.488,-0.183,-0.122,0.01660,1.01318,0.01660,29.08
$IMU,26900.324,-0.427,-0.244,-0.183,0.02001,1.01220,0.01562,29.08
$MAG,26900.325,-0.567,-0.519,-0.403,27.7
$IMU,26900.326,-0.366,-0.244,-0.183,0.02099,1.01171,0.01562,29.08
$IMU,26900.329,-0.244,-0.183,-0.122,0.02148,1.01708,0.01708,29.08
$IMU,26900.331,-0.244,0.000,-0.183,0.02099,1.01318,0.01660,29.08
$IMU,26900.333,-0.244,0.061,-0.183,0.01806,1.00927,0.01562,29.08
$MAG,26900.335,-0.567,-0.517,-0.402,28.0
$IMU,26900.336,-0.061,-0.183,-0.122,0.02148,1.01367,0.02001,29.08
$IMU,26900.338,0.183,-0.305,-0.122,0.01611,1.01074,0.01904,29.08
$IMU,26900.340,0.122,-0.061,-0.183,0.01855,1.01220,0.01464,29.08
$IMU,26900.343,0.122,0.000,-0.122,0.01904,1.01318,0.01513,29.08
$IMU,26900.345,0.244,-0.061,-0.122,0.01953,1.01220,0.01611,29.08
$MAG,26900.346,-0.568,-0.522,-0.409,28.0
$IMU,26900.347,0.305,-0.122,-0.183,0.01806,1.01171,0.01660,29.08
$IMU,26900.350,0.366,-0.122,-0.244,0.01904,1.01074,0.01660,29.08
$IMU,26900.352,0.366,-0.183,-0.244,0.01904,1.01171,0.01318,29.08
$IMU,26900.354,0.427,-0.061,-0.244,0.01855,1.01220,0.01513,29.08
$MAG,26900.356,-0.558,-0.517,-0.408,27.8
$IMU,26900.357,0.305,0.000,-0.183,0.01855,1.01562,0.01416,29.10
$IMU,26900.359,0.305,-0.061,-0.244,0.01708,1.01416,0.01464,29.10
$IMU,26900.361,0.366,-0.061,-0.183,0.01904,1.01171,0.01318,29.10
$IMU,26900.364,0.366,-0.061,-0.183,0.02001,1.01220,0.01318,29.10
$MAG,26900.366,-0.571,-0.520,-0.403,27.6
$IMU,26900.366,0.305,-0.122,-0.183,0.02001,1.01269,0.01269,29.10
$IMU,26900.368,0.244,0.061,-0.122,0.02148,1.01025,0.01269,29.10
$IMU,26900.371,0.183,-0.122,-0.183,0.01757,1.01123,0.01318,29.10
$IMU,26900.373,0.061,-0.122,-0.244,0.02001,1.00976,0.01123,29.10
$IMU,26900.375,0.061,-0.183,-0.183,0.01757,1.01464,0.01123,29.10
$MAG,26900.376,-0.570,-0.513,-0.400,27.8
$IMU,26900.378,-0.061,-0.122,-0.244,0.01757,1.01416,0.00976,29.10
$IMU,26900.380,-0.305,-0.061,-0.244,0.01708,1.01318,0.01367,29.10
$IMU,26900.382,-0.488,-0.122,-0.183,0.01660,1.01464,0.01220,29.10
$BARO,26900.384,86868.99,28.85
$IMU,26900.385,-0.488,-0.244,-0.183,0.01757,1.01416,0.01220,29.10
$MAG,26900.386,-0.565,-0.517,-0.415,28.1
$IMU,26900.387,-0.549,-0.122,-0.244,0.01513,1.01171,0.01318,29.10
$IMU,26900.390,-0.671,-0.244,-0.122,0.01660,1.01367,0.01367,29.10
$IMU,26900.392,-0.793,-0.061,-0.122,0.01660,1.01269,0.01416,29.10
$IMU,26900.394,-0.976,0.061,-0.122,0.01708,1.01367,0.01562,29.10
$MAG,26900.396,-0.562,-0.517,-0.402,27.8
$IMU,26900.397,-0.976,-0.122,-0.061,0.01806,1.01513,0.01464,29.10
$IMU,26900.399,-1.037,-0.061,-0.061,0.02050,1.01367,0.01416,29.10
$IMU,26900.401,-0.976,-0.183,-0.061,0.02148,1.01074,0.01513,29.10
$IMU,26900.404,-1.037,0.000,-0.122,0.02148,1.01416,0.01416,29.10
$MAG,26900.406,-0.565,-0.523,-0.408,28.1
$IMU,26900.406,-1.098,0.061,-0.122,0.02148,1.01220,0.01611,29.10
$IMU,26900.408,-1.098,0.122,-0.122,0.01904,1.01464,0.01611,29.10
$IMU,26900.411,-0.915,-0.244,-0.061,0.01611,1.01269,0.01855,29.10
$IMU,26900.413,-0.854,-0.305,-0.061,0.02197,1.01416,0.01660,29.03
$IMU,26900.415,-0.854,-0.183,-0.061,0.02197,1.01562,0.02001,29.03
$MAG,26900.416,-0.570,-0.507,-0.403,27.7
$IMU,26900.418,-0.915,0.061,-0.061,0.01806,1.01171,0.01660,29.03
$IMU,26900.420,-0.732,-0.122,-0.122,0.01904,1.01318,0.01806,29.03
$IMU,26900.422,-0.610,-0.183,0.000,0.01806,1.01416,0.01708,29.03
$IMU,26900.425,-0.427,-0.183,-0.061,0.02050,1.01318,0.01660,29.03
$MAG,26900.426,-0.565,-0.516,-0.403,27.7
$IMU,26900.427,-0.366,-0.183,-0.122,0.02001,1.01416,0.01953,29.03
$IMU,26900.429,-0.305,-0.183,-0.061,0.02148,1.01269,0.01953,29.03
$IMU,26900.432,-0.244,-0.122,-0.183,0.02099,1.01464,0.01806,29.07
$IMU,26900.434,-0.122,0.000,-0.183,0.02050,1.01318,0.01757,29.07
$MAG,26900.436,-0.564,-0.523,-0.403,27.8
$IMU,26900.436,0.061,-0.244,-0.244,0.02148,1.01269,0.02001,29.07
$IMU,26900.439,0.122,-0.122,-0.183,0.01953,1.01318,0.01855,29.07
$IMU,26900.441,0.122,0.122,-0.183,0.02294,1.00976,0.01904,29.07
$IMU,26900.443,0.244,-0.122,-0.183,0.02050,1.01318,0.01953,29.07
$IMU,26900.446,0.244,0.000,-0.183,0.01953,1.01318,0.01757,29.07
$MAG,26900.447,-0.559,-0.514,-0.399,27.7
$IMU,26900.448,0.366,0.000,-0.305,0.02099,1.01367,0.01513,29.07
$IMU,26900.450,0.427,-0.183,-0.305,0.01806,1.01171,0.01562,29.09
$IMU,26900.453,0.488,-0.183,-0.244,0.01904,1.00878,0.01464,29.09
$IMU,26900.455,0.549,-0.061,-0.244,0.01660,1.01220,0.01220,29.09
$MAG,26900.457,-0.562,-0.523,-0.406,27.8
$IMU,26900.458,0.610,-0.122,-0.244,0.01562,1.01367,0.01416,29.09
$IMU,26900.460,0.610,-0.122,-0.244,0.01708,1.01171,0.01367,29.09
$IMU,26900.462,0.549,0.000,-0.183,0.01757,1.01269,0.01416,29.09
$IMU,26900.465,0.610,-0.244,-0.244,0.02294,1.00976,0.01269,29.09
$MAG,26900.467,-0.562,-0.517,-0.405,27.6
$IMU,26900.467,0.549,-0.244,-0.244,0.01855,1.01367,0.01464,29.09
$IMU,26900.469,0.488,-0.061,-0.244,0.01953,1.01269,0.01171,29.08
$IMU,26900.472,0.366,-0.061,-0.366,0.01855,1.01220,0.01318,29.08
$IMU,26900.474,0.366,-0.183,-0.305,0.01660,1.01513,0.00927,29.08
$IMU,26900.476,0.244,-0.122,-0.183,0.02099,1.01025,0.00830,29.08
$MAG,26900.477,-0.559,-0.508,-0.406,27.7
$IMU,26900.479,-0.061,0.000,-0.122,0.01855,1.01318,0.01123,29.08
$IMU,26900.481,-0.244,-0.061,-0.122,0.01611,1.01367,0.01074,29.08
$IMU,26900.483,-0.427,0.000,-0.122,0.01660,1.01367,0.01074,29.08
$BARO,26900.486,86872.15,28.86
$IMU,26900.486,-0.488,-0.122,-0.183,0.01953,1.01318,0.01123,29.08
$MAG,26900.487,-0.567,-0.520,-0.409,27.7
$IMU,26900.488,-0.671,-0.061,-0.183,0.02197,1.01464,0.01025,29.08
$IMU,26900.490,-0.732,-0.122,-0.183,0.01904,1.01708,0.00976,29.08
$IMU,26900.493,-0.915,-0.305,-0.122,0.02001,1.01367,0.01171,29.08
$IMU,26900.495,-1.037,0.000,-0.183,0.01708,1.01416,0.01611,29.08
$MAG,26900.497,-0.567,-0.519,-0.397,27.7
$IMU,26900.497,-1.037,-0.122,-0.183,0.01611,1.01318,0.01416,29.08
$IMU,26900.500,-1.037,-0.305,-0.122,0.02099,1.01416,0.01708,29.08
$IMU,26900.502,-1.098,-0.183,-0.061,0.01855,1.01269,0.01562,29.08
$IMU,26900.504,-1.159,0.000,-0.061,0.02099,1.01074,0.01416,29.08
$MAG,26900.507,-0.564,-0.522,-0.405,27.8
$IMU,26900.507,-1.159,-0.061,-0.122,0.01708,1.01367,0.01708,29.08
$IMU,26900.509,-1.037,-0.061,-0.122,0.01660,1.01464,0.01416,29.08
$IMU,26900.511,-0.915,-0.122,-0.061,0.02050,1.00878,0.01660,29.08
$IMU,26900.514,-0.854,-0.122,-0.061,0.02294,1.00927,0.01757,29.08
$IMU,26900.516,-0.793,-0.122,-0.183,0.02001,1.00927,0.01806,29.08
$MAG,26900.517,-0.561,-0.522,-0.405,27.6
$IMU,26900.519,-0.793,0.061,-0.122,0.02197,1.01318,0.01708,29.08
$IMU,26900.521,-0.671,-0.061,-0.122,0.02099,1.00927,0.01757,29.08
$IMU,26900.523,-0.427,0.000,-0.122,0.01806,1.00683,0.01806,29.08
$IMU,26900.526,-0.366,0.061,-0.061,0.01855,1.01513,0.01562,29.06
$MAG,26900.527,-0.568,-0.520,-0.403,28.0
$IMU,26900.528,-0.122,-0.183,-0.122,0.01855,1.01464,0.01855,29.06
$IMU,26900.530,0.000,-0.122,-0.244,0.01855,1.01171,0.01513,29.06
$IMU,26900.533,0.061,-0.061,-0.305,0.01953,1.01025,0.01806,29.06
$IMU,26900.535,0.122,-0.061,-0.305,0.01757,1.01367,0.01611,29.06
$MAG,26900.537,-0.568,-0.511,-0.400,27.8
$IMU,26900.537,0.305,-0.122,-0.366,0.01611,1.01367,0.01660,29.06
$IMU,26900.540,0.427,-0.244,-0.366,0.01708,1.01123,0.01464,29.06
$IMU,26900.542,0.488,-0.122,-0.305,0.01318,1.01171,0.01611,29.06
$IMU,26900.544,0.549,-0.244,-0.183,0.01562,1.01269,0.01513,29.06
$MAG,26900.547,-0.571,-0.514,-0.396,27.7
$IMU,26900.547,0.549,-0.061,-0.122,0.01855,1.01611,0.01806,29.06
$IMU,26900.549,0.549,-0.122,-0.183,0.01855,1.01416,0.01611,29.06
$IMU,26900.551,0.427,-0.061,-0.183,0.01904,1.01367,0.01513,29.06
$IMU,26900.554,0.366,-0.061,-0.183,0.02001,1.01611,0.01269,29.06
$IMU,26900.556,0.244,-0.061,-0.183,0.01757,1.01513,0.01318,29.06
$MAG,26900.558,-0.567,-0.525,-0.402,28.0
$IMU,26900.558,0.183,-0.061,-0.183,0.02148,1.01367,0.01269,29.06
$IMU,26900.561,-0.061,0.000,-0.244,0.01953,1.01367,0.01318,29.06
$IMU,26900.563,-0.061,-0.122,-0.122,0.02001,1.01513,0.01269,29.07
$IMU,26900.565,-0.183,-0.244,-0.122,0.01904,1.01367,0.01318,29.07
$MAG,26900.568,-0.567,-0.514,-0.396,27.8
$IMU,26900.568,-0.427,-0.061,-0.061,0.01806,1.01757,0.01464,29.07
$IMU,26900.570,-0.549,0.000,-0.122,0.01953,1.01318,0.01416,29.07
$IMU,26900.572,-0.671,-0.122,-0.122,0.02099,1.01513,0.01513,29.07
$IMU,26900.575,-0.671,-0.183,-0.061,0.02148,1.01318,0.01611,29.07
$IMU,26900.577,-0.732,-0.244,-0.122,0.02197,1.01367,0.01513,29.07
$MAG,26900.578,-0.562,-0.517,-0.399,27.8
$IMU,26900.580,-0.793,-0.122,-0.183,0.02148,1.01171,0.01416,29.07
$IMU,26900.582,-0.854,-0.122,-0.122,0.02001,1.01171,0.01416,29.03
$IMU,26900.584,-0.854,-0.183,-0.122,0.01953,1.01513,0.01513,29.03
$BARO,26900.587,86860.45,28.86
$IMU,26900.587,-0.854,0.122,-0.122,0.01806,1.01171,0.01806,29.03
$MAG,26900.588,-0.562,-0.517,-0.403,28.0
$IMU,26900.589,-0.732,-0.061,-0.061,0.01562,1.01171,0.01806,29.03
$IMU,26900.591,-0.854,-0.061,-0.122,0.01953,1.01025,0.01611,29.03
$IMU,26900.594,-0.732,0.000,-0.122,0.01855,1.01025,0.01562,29.03
$IMU,26900.596,-0.671,0.061,-0.183,0.02099,1.00830,0.01611,29.03
$MAG,26900.598,-0.565,-0.519,-0.405,28.0
$IMU,26900.598,-0.549,-0.061,-0.183,0.02050,1.00878,0.01562,29.03
$IMU,26900.601,-0.549,0.061,-0.183,0.02001,1.01123,0.01708,29.05
$IMU,26900.603,-0.305,-0.122,-0.122,0.02246,1.01074,0.01611,29.05
$IMU,26900.605,-0.244,-0.183,-0.183,0.02197,1.01123,0.01660,29.05
$MAG,26900.608,-0.573,-0.525,-0.402,27.7
$IMU,26900.608,-0.183,-0.061,-0.244,0.01953,1.01220,0.01367,29.05
$IMU,26900.610,-0.122,0.061,-0.183,0.02001,1.01074,0.01464,29.05
$IMU,26900.612,-0.061,-0.122,-0.183,0.02197,1.01269,0.01513,29.05
$IMU,26900.615,0.061,0.000,-0.305,0.02099,1.01074,0.01708,29.05
$IMU,26900.617,0.183,-0.061,-0.305,0.01904,1.01220,0.01806,29.05
$MAG,26900.618,-0.562,-0.513,-0.400,28.0
$IMU,26900.619,0.244,-0.061,-0.366,0.01953,1.01220,0.01464,29.06
$IMU,26900.622,0.244,0.000,-0.305,0.02001,1.01562,0.01074,29.06
$IMU,26900.624,0.305,0.061,-0.305,0.01708,1.01220,0.01660,29.06
$IMU,26900.626,0.427,-0.122,-0.305,0.01708,1.01269,0.01513,29.06
$MAG,26900.628,-0.558,-0.522,-0.414,27.8
$IMU,26900.629,0.488,-0.305,-0.244,0.02050,1.01416,0.01220,29.06
$IMU,26900.631,0.427,-0.061,-0.122,0.01708,1.01416,0.01464,29.06
$IMU,26900.633,0.549,-0.244,-0.183,0.01855,1.01171,0.01464,29.06
$IMU,26900.636,0.488,-0.183,-0.244,0.01904,1.01416,0.01562,29.06
$MAG,26900.638,-0.565,-0.516,-0.411,27.7
$IMU,26900.638,0.366,0.061,-0.244,0.01855,1.01562,0.01367,29.03
$IMU,26900.641,0.305,-0.061,-0.183,0.01708,1.01464,0.01318,29.03
$IMU,26900.643,0.305,-0.244,-0.183,0.01806,1.01318,0.01416,29.03
$IMU,26900.645,0.122,-0.061,-0.122,0.01757,1.01220,0.01611,29.03
$MAG,26900.648,-0.564,-0.516,-0.402,27.8
$IMU,26900.648,-0.122,0.061,-0.183,0.01855,1.01220,0.01074,29.03
$IMU,26900.650,-0.122,-0.183,-0.183,0.01904,1.01318,0.01220,29.03
$IMU,26900.652,-0.305,-0.061,-0.122,0.01806,1.01269,0.01074,29.03
$IMU,26900.655,-0.488,0.183,-0.122,0.02099,1.01269,0.01416,29.03
$IMU,26900.657,-0.549,-0.061,-0.183,0.01953,1.01074,0.01367,29.03
$MAG,26900.658,-0.568,-0.517,-0.406,28.1
$IMU,26900.659,-0.671,-0.061,-0.122,0.01806,1.01513,0.01025,29.03
$IMU,26900.662,-0.793,-0.061,0.000,0.02001,1.01318,0.01269,29.03
$IMU,26900.664,-0.976,0.000,-0.061,0.01708,1.01074,0.01318,29.03
$IMU,26900.666,-0.915,-0.122,0.000,0.01904,1.01220,0.01416,29.03
$IMU,26900.669,-0.915,-0.122,0.000,0.02148,1.01220,0.01513,29.03
$MAG,26900.669,-0.567,-0.514,-0.402,27.8
$IMU,26900.671,-1.037,-0.061,0.000,0.02343,1.01367,0.01611,29.03
$IMU,26900.673,-0.976,-0.061,0.000,0.02001,1.01220,0.01611,29.03
$IMU,26900.676,-0.976,-0.061,0.000,0.02099,1.01171,0.01855,29.07
$IMU,26900.678,-0.915,-0.305,-0.061,0.02490,1.01660,0.01513,29.07
$MAG,26900.679,-0.565,-0.513,-0.409,28.1
$IMU,26900.680,-0.915,-0.183,-0.183,0.02099,1.01464,0.01660,29.07
$IMU,26900.683,-0.976,-0.061,-0.183,0.02001,1.01220,0.01708,29.07
$IMU,26900.685,-0.854,-0.061,-0.183,0.02001,1.01416,0.01708,29.07
$IMU,26900.687,-0.793,-0.122,-0.244,0.01953,1.01318,0.01464,29.07
$VBAT,26900.687,4.121
$BARO,26900.689,86857.85,28.86
$MAG,26900.689,-0.559,-0.514,-0.411,28.0
$IMU,26900.690,-0.732,-0.061,-0.244,0.01904,1.01220,0.01757,29.07
$IMU,26900.692,-0.610,-0.061,-0.305,0.02001,1.01074,0.01806,29.07
$IMU,26900.694,-0.427,-0.122,-0.183,0.02001,1.01220,0.01611,29.08
$IMU,26900.697,-0.427,0.000,-0.244,0.02050,1.01464,0.02001,29.08
$MAG,26900.699,-0.559,-0.513,-0.406,27.8
$IMU,26900.699,-0.305,-0.183,-0.183,0.02001,1.01660,0.02099,29.08
$IMU,26900.702,-0.122,-0.183,-0.183,0.01855,1.01220,0.01806,29.08
$IMU,26900.704,-0.122,-0.122,-0.244,0.01708,1.01123,0.01708,29.08
$IMU,26900.706,0.061,-0.122,-0.244,0.01611,1.01171,0.01562,29.08
$MAG,26900.709,-0.565,-0.520,-0.414,27.7
$IMU,26900.709,0.183,-0.061,-0.244,0.02148,1.01220,0.01318,29.08
$IMU,26900.711,0.244,-0.061,-0.244,0.01806,1.01171,0.01660,29.08
$IMU,26900.713,0.366,-0.183,-0.305,0.01660,1.01367,0.01757,29.08
$IMU,26900.716,0.427,-0.183,-0.305,0.01757,1.01269,0.01708,29.08
$IMU,26900.718,0.488,0.000,-0.305,0.01806,1.01171,0.01660,29.08
$MAG,26900.719,-0.570,-0.516,-0.399,27.7
$IMU,26900.720,0.427,0.061,-0.244,0.01806,1.01318,0.01513,29.08
$IMU,26900.723,0.488,-0.061,-0.244,0.01513,1.01513,0.01513,29.08
$IMU,26900.725,0.610,-0.183,-0.122,0.01757,1.01367,0.01074,29.08
$IMU,26900.727,0.488,-0.122,-0.122,0.01708,1.01220,0.01464,29.08
$MAG,26900.729,-0.562,-0.517,-0.405,28.0
$IMU,26900.730,0.549,-0.183,-0.183,0.01757,1.01269,0.01464,29.08
$IMU,26900.732,0.427,-0.061,-0.183,0.01953,1.01367,0.01123,29.07
$IMU,26900.734,0.305,0.061,-0.122,0.01660,1.01562,0.01025,29.07
$IMU,26900.737,0.305,-0.122,-0.122,0.01806,1.01025,0.01464,29.07
$MAG,26900.739,-0.568,-0.522,-0.408,27.7
$IMU,26900.739,0.305,-0.122,-0.122,0.01416,1.01123,0.01123,29.07
$IMU,26900.741,0.122,-0.183,-0.122,0.01806,1.01269,0.01318,29.07
$IMU,26900.744,0.122,-0.183,-0.122,0.01953,1.01220,0.01171,29.07
$IMU,26900.746,-0.122,-0.061,-0.244,0.01855,1.01269,0.01123,29.07
$IMU,26900.748,-0.122,-0.061,-0.183,0.01806,1.01123,0.01171,29.07
$MAG,26900.749,-0.564,-0.516,-0.394,27.6
$IMU,26900.751,-0.183,-0.183,-0.183,0.02001,1.01318,0.01220,29.05
$IMU,26900.753,-0.305,-0.183,-0.122,0.01904,1.01220,0.01367,29.05
$IMU,26900.755,-0.427,-0.122,-0.122,0.01660,1.01074,0.01513,29.05
$IMU,26900.758,-0.549,-0.183,-0.122,0.02148,1.00927,0.01123,29.05
$MAG,26900.759,-0.573,-0.505,-0.409,27.8
$IMU,26900.760,-0.732,-0.183,-0.122,0.02148,1.01367,0.01416,29.05
$IMU,26900.763,-0.793,0.000,-0.122,0.02099,1.01269,0.01464,29.05
$IMU,26900.765,-0.854,0.000,-0.061,0.02001,1.01074,0.01367,29.05
$IMU,26900.767,-0.793,-0.183,-0.183,0.01855,1.01074,0.01318,29.05
$MAG,26900.769,-0.561,-0.522,-0.405,27.7
$IMU,26900.770,-0.854,-0.244,-0.183,0.02197,1.01025,0.01562,29.10
$IMU,26900.772,-0.976,0.000,-0.183,0.01855,1.00976,0.01416,29.10
$IMU,26900.774,-0.854,-0.122,-0.305,0.01953,1.01367,0.01464,29.10
$IMU,26900.777,-0.854,-0.122,-0.305,0.02001,1.00878,0.01464,29.10
$IMU,26900.779,-0.854,-0.122,-0.183,0.02197,1.00732,0.01806,29.10
$MAG,26900.780,-0.562,-0.522,-0.393,27.7
$IMU,26900.781,-0.732,-0.183,-0.183,0.01660,1.01171,0.01562,29.10
$IMU,26900.784,-0.732,-0.061,-0.122,0.02099,1.00781,0.01904,29.10
$IMU,26900.786,-0.671,0.000,-0.122,0.02099,1.01220,0.01855,29.10
$IMU,26900.788,-0.671,0.061,-0.122,0.02099,1.01171,0.01757,29.09
$BARO,26900.790,86870.55,28.86
$MAG,26900.790,-0.562,-0.514,-0.406,27.8
$IMU,26900.791,-0.549,-0.122,-0.122,0.01904,1.01367,0.01562,29.09
$IMU,26900.793,-0.366,-0.183,-0.183,0.01904,1.01367,0.01806,29.09
$IMU,26900.795,-0.366,-0.122,-0.244,0.01953,1.01708,0.01806,29.09
$IMU,26900.798,-0.305,0.061,-0.244,0.02197,1.01025,0.01464,29.09
$MAG,26900.800,-0.568,-0.520,-0.414,27.8
$IMU,26900.800,-0.122,-0.061,-0.305,0.02148,1.01562,0.01660,29.09
$IMU,26900.802,-0.061,-0.122,-0.183,0.01953,1.00830,0.01660,29.09
$IMU,26900.805,0.000,-0.061,-0.183,0.01953,1.01123,0.01757,29.09
$IMU,26900.807,0.000,-0.122,-0.183,0.01855,1.01367,0.01562,29.05
$IMU,26900.809,0.122,-0.183,-0.183,0.02001,1.01464,0.01708,29.05
$MAG,26900.810,-0.568,-0.516,-0.405,27.8
$IMU,26900.812,0.122,-0.061,-0.244,0.01904,1.01318,0.01611,29.05
$IMU,26900.814,0.183,0.061,-0.183,0.02099,1.01367,0.01660,29.05
$IMU,26900.816,0.244,-0.061,-0.244,0.02099,1.01464,0.01513,29.05
$IMU,26900.819,0.366,-0.061,-0.244,0.01855,1.01513,0.01562,29.05
$MAG,26900.820,-0.568,-0.516,-0.411,28.1
$IMU,26900.821,0.366,-0.122,-0.244,0.01660,1.01269,0.01660,29.05
$IMU,26900.824,0.305,-0.183,-0.183,0.01855,1.01123,0.01171,29.05
$IMU,26900.826,0.244,0.061,-0.183,0.01708,1.01171,0.01367,29.06
$IMU,26900.828,0.305,-0.122,-0.244,0.01660,1.01220,0.01171,29.06
$MAG,26900.830,-0.570,-0.517,-0.408,27.7
$IMU,26900.831,0.366,-0.122,-0.183,0.02001,1.01123,0.01513,29.06
$IMU,26900.833,0.305,-0.183,-0.244,0.01806,1.01074,0.01611,29.06
$IMU,26900.835,0.183,-0.183,-0.183,0.01611,1.01416,0.01367,29.06
$IMU,26900.838,0.061,-0.122,-0.183,0.01757,1.01513,0.01269,29.06
$MAG,26900.840,-0.561,-0.522,-0.409,27.7
$IMU,26900.840,-0.061,-0.122,-0.183,0.01806,1.01318,0.01318,29.06
$IMU,26900.842,-0.122,-0.061,0.000,0.02050,1.01318,0.01318,29.06
$IMU,26900.845,-0.183,-0.244,-0.122,0.02001,1.01269,0.01220,29.07
$IMU,26900.847,-0.305,-0.122,-0.122,0.01757,1.01171,0.01220,29.07
$IMU,26900.849,-0.427,-0.061,-0.061,0.01953,1.01171,0.01367,29.07
$MAG,26900.850,-0.565,-0.514,-0.415,27.8
$IMU,26900.852,-0.488,-0.183,-0.061,0.02099,1.01171,0.01416,29.07
$IMU,26900.854,-0.610,-0.183,-0.122,0.01953,1.01513,0.01513,29.07
$IMU,26900.856,-0.671,-0.183,-0.122,0.02246,1.01611,0.01367,29.07
$IMU,26900.859,-0.793,-0.122,-0.244,0.02246,1.01318,0.01562,29.07
$MAG,26900.860,-0.562,-0.516,-0.403,27.7
$IMU,26900.861,-0.732,-0.061,-0.244,0.01806,1.01464,0.01708,29.07
$IMU,26900.863,-0.793,-0.122,-0.183,0.01757,1.01025,0.01416,29.05
$IMU,26900.866,-0.915,0.000,-0.122,0.01904,1.01367,0.01611,29.05
$IMU,26900.868,-0.793,-0.122,-0.183,0.01953,1.01123,0.01611,29.05
$MAG,26900.870,-0.571,-0.523,-0.405,28.1
$IMU,26900.870,-0.732,-0.183,-0.122,0.01757,1.01025,0.01367,29.05
$IMU,26900.873,-0.732,-0.061,-0.122,0.02050,1.01513,0.01611,29.05
$IMU,26900.875,-0.854,0.000,-0.061,0.01806,1.01416,0.01562,29.05
$IMU,26900.877,-0.854,0.061,-0.183,0.02001,1.01123,0.01806,29.05
$MAG,26900.880,-0.562,-0.520,-0.402,27.8
$IMU,26900.880,-0.732,-0.122,-0.183,0.02001,1.01269,0.01660,29.05
$IMU,26900.882,-0.671,-0.183,-0.122,0.01904,1.01416,0.01562,29.04
$IMU,26900.885,-0.549,-0.122,-0.183,0.01855,1.01025,0.01855,29.04
$IMU,26900.887,-0.488,-0.122,-0.244,0.01855,1.01171,0.01757,29.04
$IMU,26900.889,-0.427,-0.061,-0.183,0.01806,1.00927,0.01757,29.04
$BARO,26900.891,86868.13,28.86
$MAG,26900.891,-0.559,-0.514,-0.397,28.1
$IMU,26900.892,-0.244,-0.061,-0.122,0.02001,1.01171,0.01611,29.04
$IMU,26900.894,-0.122,-0.183,-0.122,0.01806,1.01171,0.01708,29.04
$IMU,26900.896,0.000,-0.183,-0.122,0.01855,1.01171,0.01953,29.04
$IMU,26900.899,0.183,-0.244,-0.122,0.01660,1.01171,0.01806,29.04
$MAG,26900.901,-0.558,-0.519,-0.405,27.7
$IMU,26900.901,0.244,-0.305,-0.183,0.01757,1.00878,0.01708,29.09
$IMU,26900.903,0.305,-0.183,-0.183,0.02001,1.01464,0.01611,29.09
$IMU,26900.906,0.366,-0.061,-0.122,0.02099,1.01464,0.01708,29.09
$IMU,26900.908,0.427,-0.122,-0.244,0.01904,1.01416,0.01611,29.09
$IMU,26900.910,0.549,-0.122,-0.244,0.02099,1.01464,0.01367,29.09
$MAG,26900.911,-0.567,-0.517,-0.397,28.1
$IMU,26900.913,0.549,-0.122,-0.244,0.01757,1.01269,0.01416,29.09
$IMU,26900.915,0.610,-0.122,-0.244,0.02001,1.01367,0.01611,29.09
$IMU,26900.917,0.549,0.061,-0.244,0.01855,1.01269,0.01220,29.09
$IMU,26900.920,0.610,-0.061,-0.244,0.01708,1.01464,0.01367,29.05
$MAG,26900.921,-0.568,-0.513,-0.402,27.7
$IMU,26900.922,0.610,-0.122,-0.183,0.01855,1.00927,0.01708,29.05
$IMU,26900.924,0.488,-0.061,-0.183,0.01904,1.01367,0.01416,29.05
$IMU,26900.927,0.427,-0.061,-0.183,0.01757,1.01416,0.01562,29.05
$IMU,26900.929,0.305,-0.061,-0.122,0.01904,1.01318,0.01220,29.05
$MAG,26900.931,-0.562,-0.516,-0.393,27.8
$IMU,26900.931,0.183,-0.122,-0.183,0.01806,1.01220,0.01220,29.05
$IMU,26900.934,0.122,-0.244,-0.244,0.01806,1.01367,0.01123,29.05
$IMU,26900.936,-0.122,-0.061,-0.244,0.01855,1.01416,0.01367,29.05
$IMU,26900.938,-0.183,-0.061,-0.183,0.01855,1.01416,0.01123,29.03
$MAG,26900.941,-0.561,-0.516,-0.402,28.1
$IMU,26900.941,-0.366,0.000,-0.122,0.01806,1.01367,0.01074,29.03
$IMU,26900.943,-0.488,-0.061,-0.122,0.01708,1.01074,0.01513,29.03
$IMU,26900.945,-0.610,-0.122,-0.244,0.01855,1.01123,0.01269,29.03
$IMU,26900.948,-0.671,-0.122,-0.183,0.01757,1.01220,0.01220,29.03
$IMU,26900.950,-0.793,-0.061,-0.183,0.02099,1.01318,0.01464,29.03
$MAG,26900.951,-0.573,-0.525,-0.402,28.1
$IMU,26900.953,-0.915,-0.122,-0.183,0.01806,1.01269,0.01123,29.03
$IMU,26900.955,-0.976,-0.122,-0.183,0.01757,1.01367,0.01464,29.03
$IMU,26900.957,-1.037,-0.061,-0.122,0.02050,1.01025,0.01220,29.10
$IMU,26900.960,-1.037,-0.061,-0.122,0.01611,1.01318,0.01464,29.10
$MAG,26900.961,-0.568,-0.511,-0.409,28.0
$IMU,26900.962,-0.976,-0.122,-0.061,0.01611,1.01171,0.01953,29.10
$IMU,26900.964,-0.976,0.000,-0.061,0.01757,1.01269,0.01269,29.10
$IMU,26900.967,-1.037,0.000,-0.122,0.02148,1.01269,0.01611,29.10
$IMU,26900.969,-0.976,-0.122,-0.061,0.02050,1.01025,0.02001,29.10
$MAG,26900.971,-0.567,-0.526,-0.405,27.7
$IMU,26900.971,-0.915,-0.183,-0.061,0.01660,1.01025,0.01757,29.10
$IMU,26900.974,-0.793,-0.244,-0.122,0.02099,1.01171,0.01513,29.10
$IMU,26900.976,-0.915,0.000,-0.244,0.01904,1.01269,0.01562,29.08
$IMU,26900.978,-0.854,0.122,-0.244,0.01757,1.01318,0.01904,29.08
$MAG,26900.981,-0.573,-0.522,-0.408,28.0
$IMU,26900.981,-0.671,0.000,-0.183,0.01904,1.01611,0.01562,29.08
$IMU,26900.983,-0.610,-0.122,-0.061,0.01513,1.01025,0.02001,29.08
$IMU,26900.985,-0.427,-0.244,-0.122,0.01904,1.01171,0.01953,29.08
$IMU,26900.988,-0.366,-0.122,-0.183,0.02050,1.01562,0.01806,29.08
$IMU,26900.990,-0.305,-0.183,-0.122,0.01708,1.01562,0.01757,29.08
$MAG,26900.991,-0.559,-0.525,-0.414,27.7
$IMU,26900.992,-0.183,0.000,-0.183,0.02148,1.01611,0.01660,29.08
$BARO,26900.993,86860.45,28.86
$IMU,26900.995,-0.061,0.061,-0.183,0.01855,1.01416,0.01513,29.06
$IMU,26900.997,0.183,-0.305,-0.244,0.01953,1.01171,0.01708,29.06
$IMU,26900.999,0.305,-0.122,-0.244,0.01708,1.01171,0.01708,29.06
$MAG,26901.002,-0.559,-0.510,-0.402,27.8
$IMU,26901.002,0.305,-0.061,-0.244,0.01855,1.00830,0.01953,29.06
$IMU,26901.004,0.366,0.000,-0.244,0.01855,1.01318,0.01806,29.06
$IMU,26901.006,0.427,0.061,-0.244,0.02001,1.01269,0.01611,29.06
$IMU,26901.009,0.549,-0.122,-0.244,0.01757,1.01074,0.01806,29.06
$IMU,26901.011,0.610,-0.122,-0.244,0.02001,1.01367,0.01416,29.06
$MAG,26901.012,-0.564,-0.516,-0.399,28.0
$IMU,26901.014,0.671,-0.183,-0.183,0.01757,1.01123,0.01318,29.06
$IMU,26901.016,0.610,-0.061,-0.244,0.02001,1.01025,0.01269,29.06
$IMU,26901.018,0.488,0.061,-0.244,0.01953,1.00976,0.01318,29.06
$IMU,26901.021,0.610,-0.122,-0.183,0.02050,1.01123,0.01416,29.06
$MAG,26901.022,-0.564,-0.508,-0.408,27.8
$IMU,26901.023,0.488,-0.061,-0.244,0.02050,1.01269,0.01562,29.06
$IMU,26901.025,0.427,-0.183,-0.244,0.01806,1.01318,0.01171,29.06
$IMU,26901.028,0.305,-0.061,-0.244,0.01660,1.01171,0.01367,29.06
$IMU,26901.030,0.244,-0.061,-0.244,0.01660,1.01611,0.01171,29.06
$MAG,26901.032,-0.568,-0.519,-0.409,27.7
$IMU,26901.032,0.122,-0.122,-0.244,0.01708,1.01416,0.00976,29.08
$IMU,26901.035,-0.061,-0.061,-0.183,0.01953,1.01464,0.01220,29.08
$IMU,26901.037,-0.122,-0.244,-0.183,0.01708,1.01367,0.01464,29.08
$IMU,26901.039,-0.244,-0.122,-0.122,0.01904,1.00976,0.01171,29.08
$MAG,26901.042,-0.558,-0.523,-0.406,27.8
$IMU,26901.042,-0.366,-0.183,-0.122,0.01855,1.00976,0.00927,29.08
$IMU,26901.044,-0.610,-0.183,-0.183,0.01855,1.01513,0.01269,29.08
$IMU,26901.046,-0.732,-0.061,-0.122,0.01708,1.01220,0.01171,29.08
$IMU,26901.049,-0.793,-0.183,-0.183,0.01757,1.01123,0.01367,29.08
$IMU,26901.051,-0.854,-0.122,-0.122,0.01953,1.01074,0.01171,29.10
$MAG,26901.052,-0.561,-0.519,-0.403,27.7
$IMU,26901.053,-1.037,0.122,-0.122,0.01953,1.00927,0.01123,29.10
$IMU,26901.056,-1.037,-0.122,-0.122,0.01806,1.01025,0.01513,29.10
$IMU,26901.058,-1.098,-0.183,-0.122,0.02099,1.01171,0.01464,29.10
$IMU,26901.060,-1.159,-0.122,-0.122,0.01757,1.01269,0.01660,29.10
$HUM,26901.061,34.8,29.3
$MAG,26901.062,-0.561,-0.519,-0.403,28.0
$IMU,26901.063,-1.098,-0.183,-0.122,0.01806,1.01367,0.01269,29.10
$IMU,26901.065,-1.037,-0.122,-0.122,0.01855,1.01269,0.01416,29.10
$IMU,26901.067,-1.037,0.000,-0.122,0.01757,1.01123,0.01611,29.10
$IMU,26901.070,-0.915,0.000,-0.122,0.01708,1.01416,0.01660,29.05
$MAG,26901.072,-0.559,-0.514,-0.406,27.7
$IMU,26901.072,-0.793,-0.122,-0.061,0.01611,1.01416,0.01855,29.05
$IMU,26901.075,-0.671,-0.122,-0.061,0.01660,1.01220,0.01562,29.05
$IMU,26901.077,-0.671,0.000,-0.122,0.02148,1.01269,0.01953,29.05
$IMU,26901.079,-0.549,-0.061,-0.122,0.02148,1.00927,0.01953,29.05
$MAG,26901.082,-0.568,-0.513,-0.411,27.7
$IMU,26901.082,-0.366,-0.061,-0.122,0.02441,1.01220,0.02050,29.05
$IMU,26901.084,-0.244,-0.061,-0.061,0.02099,1.01269,0.01708,29.05
$IMU,26901.086,-0.061,-0.244,-0.183,0.01855,1.01220,0.01708,29.05
$IMU,26901.089,0.061,-0.183,-0.183,0.02050,1.01513,0.01562,29.10
$IMU,26901.091,0.122,-0.061,-0.183,0.02148,1.01318,0.01660,29.10
$MAG,26901.092,-0.565,-0.511,-0.402,27.7
$IMU,26901.093,0.183,-0.122,-0.305,0.02050,1.01464,0.01757,29.10
$BARO,26901.094,86867.21,28.86
$IMU,26901.096,0.183,0.000,-0.366,0.02001,1.01318,0.01464,29.10
$IMU,26901.098,0.305,-0.183,-0.305,0.01806,1.01708,0.01464,29.10
$IMU,26901.100,0.366,-0.061,-0.244,0.01855,1.01171,0.01367,29.10
$MAG,26901.103,-0.564,-0.520,-0.402,27.8
$IMU,26901.103,0.427,-0.061,-0.183,0.01904,1.01513,0.01464,29.10
$IMU,26901.105,0.488,0.061,-0.183,0.01953,1.01562,0.01464,29.10
$IMU,26901.107,0.488,-0.061,-0.183,0.01757,1.01220,0.01513,29.07
$IMU,26901.110,0.488,-0.122,-0.244,0.01708,1.01416,0.01562,29.07
$IMU,26901.112,0.427,0.000,-0.183,0.01562,1.01513,0.01367,29.07
$MAG,26901.113,-0.562,-0.513,-0.396,28.0
$IMU,26901.114,0.366,-0.061,-0.244,0.01611,1.01367,0.01367,29.07
$IMU,26901.117,0.366,-0.122,-0.305,0.01953,1.01123,0.01464,29.07
$IMU,26901.119,0.305,0.000,-0.244,0.01904,1.01318,0.01562,29.07
$IMU,26901.121,0.305,-0.122,-0.244,0.01953,1.01123,0.01513,29.07
$MAG,26901.123,-0.562,-0.525,-0.405,28.0
$IMU,26901.124,0.122,-0.122,-0.183,0.02099,1.01367,0.01318,29.07
$IMU,26901.126,0.061,-0.183,-0.122,0.01953,1.01367,0.01171,29.05
$IMU,26901.128,-0.061,-0.122,-0.061,0.02001,1.01074,0.01269,29.05
$IMU,26901.131,-0.305,0.000,-0.061,0.01806,1.01123,0.01416,29.05
$MAG,26901.133,-0.556,-0.514,-0.412,27.7
$IMU,26901.133,-0.366,0.000,-0.122,0.02001,1.01318,0.01367,29.05
$IMU,26901.136,-0.549,0.000,-0.183,0.02001,1.01464,0.01464,29.05
$IMU,26901.138,-0.610,-0.061,-0.183,0.02148,1.01367,0.01367,29.05
$IMU,26901.140,-0.732,0.122,-0.122,0.01953,1.01123,0.01171,29.05
$MAG,26901.143,-0.567,-0.513,-0.403,27.7
$IMU,26901.143,-0.854,0.000,-0.183,0.01953,1.01123,0.01611,29.05
$IMU,26901.145,-0.854,-0.061,-0.183,0.01806,1.00830,0.01562,29.07
$IMU,26901.147,-0.915,-0.061,-0.122,0.01904,1.01220,0.01562,29.07
$IMU,26901.150,-0.915,-0.183,-0.122,0.02343,1.01269,0.01367,29.07
$IMU,26901.152,-0.915,-0.183,-0.122,0.01806,1.01220,0.01611,29.07
$MAG,26901.153,-0.568,-0.520,-0.406,28.0
$IMU,26901.154,-0.854,-0.122,-0.122,0.01660,1.01074,0.01660,29.07
$IMU,26901.157,-0.854,-0.061,-0.183,0.02001,1.01220,0.01904,29.07
$IMU,26901.159,-0.793,-0.122,-0.183,0.01855,1.01318,0.01611,29.07
$IMU,26901.161,-0.732,-0.061,-0.183,0.01660,1.01318,0.01855,29.07
$MAG,26901.163,-0.567,-0.508,-0.406,28.0
$IMU,26901.164,-0.671,-0.061,-0.183,0.01904,1.01464,0.01855,29.05
$IMU,26901.166,-0.610,-0.122,-0.122,0.01904,1.01171,0.01660,29.05
$IMU,26901.168,-0.549,-0.122,-0.122,0.02099,1.01220,0.01562,29.05
$IMU,26901.171,-0.488,-0.122,-0.061,0.01904,1.01220,0.01660,29.05
$MAG,26901.173,-0.561,-0.519,-0.396,28.0
$IMU,26901.173,-0.366,-0.183,-0.122,0.02001,1.01367,0.01806,29.05
$IMU,26901.175,-0.305,-0.122,-0.183,0.01953,1.01318,0.01660,29.05
$IMU,26901.178,-0.183,-0.061,-0.183,0.02343,1.01123,0.01757,29.05
$IMU,26901.180,-0.122,0.000,-0.305,0.01904,1.01220,0.01562,29.05
$IMU,26901.182,-0.061,-0.061,-0.305,0.01855,1.01318,0.01953,29.07
$MAG,26901.183,-0.568,-0.517,-0.412,28.1
$IMU,26901.185,0.000,0.000,-0.183,0.01708,1.01464,0.01513,29.07
$IMU,26901.187,0.122,-0.061,-0.244,0.01708,1.01220,0.01416,29.07
$IMU,26901.189,0.183,-0.183,-0.183,0.02001,1.01318,0.01806,29.07
$IMU,26901.192,0.183,-0.122,-0.244,0.01855,1.01464,0.01562,29.07
$MAG,26901.193,-0.559,-0.514,-0.408,27.8
$IMU,26901.194,0.244,-0.122,-0.122,0.01953,1.01464,0.01611,29.07
$BARO,26901.196,86862.43,28.86
$IMU,26901.197,0.244,-0.183,-0.122,0.01708,1.00927,0.01660,29.07
$IMU,26901.199,0.244,-0.061,-0.183,0.01904,1.01025,0.01611,29.07
$IMU,26901.201,0.366,-0.183,-0.183,0.02050,1.01367,0.01562,29.05
$MAG,26901.203,-0.562,-0.522,-0.405,27.8
$IMU,26901.204,0.305,-0.061,-0.183,0.01904,1.01416,0.01318,29.05
$IMU,26901.206,0.305,-0.122,-0.305,0.01904,1.01220,0.01416,29.05
$IMU,26901.208,0.244,-0.061,-0.305,0.01708,1.01074,0.01367,29.05
$IMU,26901.211,0.244,-0.061,-0.183,0.01513,1.00927,0.01171,29.05
$IMU,26901.213,0.183,-0.122,-0.244,0.01806,1.01220,0.01367,29.05
$MAG,26901.214,-0.561,-0.514,-0.406,28.1
$IMU,26901.215,0.183,-0.183,-0.244,0.01757,1.01171,0.01318,29.05
$IMU,26901.218,0.000,0.000,-0.244,0.01806,1.01269,0.01513,29.05
$IMU,26901.220,0.061,-0.122,-0.122,0.01953,1.01123,0.01367,29.10
$IMU,26901.222,0.000,-0.122,-0.183,0.01806,1.01269,0.01123,29.10
$MAG,26901.224,-0.573,-0.511,-0.412,28.0
$IMU,26901.225,-0.122,-0.183,-0.183,0.01708,1.01416,0.01171,29.10
$IMU,26901.227,-0.244,0.000,-0.122,0.01708,1.01660,0.01171,29.10
$IMU,26901.229,-0.366,-0.061,-0.183,0.01806,1.01318,0.01074,29.10
$TIME,26901.231,510816.000,2399
$IMU,26901.232,-0.366,-0.061,-0.183,0.01855,1.01269,0.01171,29.10
$MAG,26901.234,-0.561,-0.516,-0.396,27.7
$IMU,26901.234,-0.488,0.000,-0.122,0.01953,1.01611,0.01464,29.10
$IMU,26901.236,-0.427,-0.183,-0.122,0.02148,1.01123,0.01318,29.10
$IMU,26901.239,-0.488,-0.122,-0.183,0.02050,1.01220,0.01269,29.07
$IMU,26901.241,-0.610,-0.122,-0.122,0.01855,1.00976,0.01318,29.07
$IMU,26901.243,-0.671,-0.244,0.000,0.01855,1.01220,0.01757,29.07
$MAG,26901.244,-0.562,-0.510,-0.409,28.0
$IMU,26901.246,-0.793,0.000,-0.122,0.02099,1.01416,0.01513,29.07
$IMU,26901.248,-0.793,-0.061,-0.122,0.01953,1.00927,0.01416,29.07
$IMU,26901.250,-0.854,-0.122,-0.122,0.02148,1.01318,0.01269,29.07
$IMU,26901.253,-0.915,-0.061,-0.183,0.02099,1.01123,0.01416,29.07
$MAG,26901.254,-0.567,-0.516,-0.405,28.1
$IMU,26901.255,-0.915,-0.061,-0.061,0.02001,1.00927,0.01611,29.07
$IMU,26901.258,-0.793,-0.305,-0.122,0.02001,1.01318,0.01416,29.09
$IMU,26901.260,-0.854,-0.244,-0.183,0.01855,1.01513,0.01611,29.09
$IMU,26901.262,-0.732,-0.305,-0.061,0.02246,1.01171,0.01660,29.09
$MAG,26901.264,-0.562,-0.511,-0.406,27.7
$IMU,26901.265,-0.793,-0.244,-0.061,0.01611,1.01220,0.01367,29.09
$IMU,26901.267,-0.854,0.000,-0.183,0.02392,1.01269,0.01708,29.09
$IMU,26901.269,-0.671,-0.122,-0.183,0.02099,1.01416,0.01757,29.09
$IMU,26901.272,-0.610,-0.183,-0.183,0.01855,1.01416,0.01757,29.09
$MAG,26901.274,-0.567,-0.516,-0.409,27.6
$IMU,26901.274,-0.549,-0.061,-0.244,0.01904,1.01171,0.01806,29.09
$IMU,26901.276,-0.427,-0.183,-0.244,0.01953,1.00878,0.01660,29.13
$IMU,26901.279,-0.366,-0.061,-0.183,0.01904,1.01171,0.01562,29.13
$IMU,26901.281,-0.183,0.000,-0.122,0.02001,1.01074,0.01806,29.13
$IMU,26901.283,-0.183,0.000,-0.122,0.02050,1.01074,0.01855,29.13
$MAG,26901.284,-0.568,-0.522,-0.408,27.7
$IMU,26901.286,0.061,-0.183,-0.183,0.01953,1.01025,0.01611,29.13
$IMU,26901.288,0.244,-0.122,-0.183,0.01806,1.01123,0.01562,29.13
$IMU,26901.290,0.305,-0.122,-0.305,0.01904,1.01416,0.01660,29.13
$IMU,26901.293,0.427,-0.244,-0.244,0.02099,1.01220,0.01708,29.13
$MAG,26901.294,-0.565,-0.513,-0.403,27.8
$IMU,26901.295,0.366,0.000,-0.244,0.02246,1.01025,0.01660,29.09
$BARO,26901.297,86872.91,28.86
$IMU,26901.297,0.488,-0.061,-0.305,0.01660,1.01367,0.01611,29.09
$IMU,26901.300,0.671,-0.122,-0.305,0.01953,1.01367,0.01562,29.09
$IMU,26901.302,0.732,-0.183,-0.183,0.02001,1.01220,0.01562,29.09
$MAG,26901.304,-0.567,-0.520,-0.406,27.8
$IMU,26901.304,0.732,-0.061,-0.244,0.01904,1.01318,0.01513,29.09
$IMU,26901.307,0.610,-0.061,-0.244,0.01904,1.01171,0.01464,29.09
$IMU,26901.309,0.671,-0.183,-0.122,0.02001,1.01318,0.01318,29.09
$IMU,26901.311,0.610,-0.183,-0.122,0.02099,1.01269,0.01464,29.09
$MAG,26901.314,-0.570,-0.516,-0.408,27.8
$IMU,26901.314,0.366,-0.061,-0.183,0.01806,1.01220,0.01416,29.09
$IMU,26901.316,0.305,-0.061,-0.183,0.01855,1.01220,0.01220,29.09
$IMU,26901.319,0.183,-0.061,-0.122,0.01708,1.01318,0.01269,29.09
$IMU,26901.321,0.061,-0.122,-0.122,0.01806,1.01562,0.01220,29.09
$IMU,26901.323,-0.122,0.061,-0.183,0.02001,1.01171,0.01025,29.09
$MAG,26901.325,-0.558,-0.514,-0.406,28.0
$IMU,26901.326,-0.244,-0.122,-0.183,0.02099,1.01220,0.01074,29.09
$IMU,26901.328,-0.305,-0.061,-0.061,0.01806,1.00878,0.01074,29.09
$IMU,26901.330,-0.488,-0.122,-0.122,0.01806,1.01367,0.01513,29.09
$IMU,26901.333,-0.671,-0.061,-0.122,0.01660,1.01171,0.01074,29.04
$MAG,26901.335,-0.565,-0.508,-0.402,27.8
$IMU,26901.335,-0.671,0.000,-0.122,0.01904,1.01318,0.01416,29.04
$IMU,26901.337,-0.854,0.000,-0.183,0.02050,1.01074,0.01464,29.04
$IMU,26901.340,-0.793,-0.183,-0.183,0.01757,1.01074,0.01318,29.04
$IMU,26901.342,-0.915,0.122,-0.183,0.01953,1.01269,0.01220,29.04
$IMU,26901.344,-0.854,-0.244,-0.122,0.01757,1.00927,0.01562,29.04
$MAG,26901.345,-0.571,-0.526,-0.399,27.8
$IMU,26901.347,-0.915,-0.183,-0.061,0.01708,1.00878,0.01562,29.04
$IMU,26901.349,-0.915,-0.061,0.000,0.01806,1.01269,0.01367,29.04
$IMU,26901.351,-0.915,-0.061,-0.122,0.01757,1.01416,0.01464,29.07
$IMU,26901.354,-0.915,0.000,-0.122,0.01611,1.01367,0.01562,29.07
$MAG,26901.355,-0.562,-0.519,-0.406,27.7
$IMU,26901.356,-0.854,0.061,-0.183,0.01806,1.01367,0.01660,29.07
$IMU,26901.358,-0.793,0.000,-0.183,0.01708,1.00976,0.01660,29.07
$IMU,26901.361,-0.732,-0.061,-0.183,0.02050,1.01220,0.01708,29.07
$IMU,26901.363,-0.610,0.000,-0.122,0.01611,1.01220,0.01708,29.07
$MAG,26901.365,-0.558,-0.520,-0.406,28.0
$IMU,26901.365,-0.610,-0.244,-0.122,0.01757,1.01171,0.01855,29.07
$IMU,26901.368,-0.549,-0.122,-0.061,0.02050,1.01269,0.01611,29.07
$IMU,26901.370,-0.549,0.061,-0.061,0.02099,1.01464,0.01806,29.08
$IMU,26901.372,-0.366,-0.183,-0.061,0.02050,1.01464,0.01708,29.08
$MAG,26901.375,-0.562,-0.517,-0.403,27.7
$IMU,26901.375,-0.366,-0.061,-0.122,0.01904,1.01611,0.01367,29.08
$IMU,26901.377,-0.244,-0.122,-0.183,0.01855,1.01220,0.01660,29.08
$IMU,26901.379,-0.183,-0.122,-0.183,0.02294,1.01367,0.01806,29.08
$IMU,26901.382,-0.183,-0.183,-0.183,0.02099,1.01171,0.01904,29.08
$IMU,26901.384,-0.122,0.061,-0.183,0.01806,1.01220,0.01806,29.08
$MAG,26901.385,-0.565,-0.508,-0.400,27.8
$IMU,26901.387,-0.061,0.122,-0.244,0.01953,1.01123,0.01708,29.08
$IMU,26901.389,0.061,-0.061,-0.244,0.01757,1.01269,0.01660,29.07
$IMU,26901.391,0.183,0.061,-0.244,0.01562,1.01367,0.01708,29.07
$IMU,26901.394,0.244,-0.183,-0.183,0.01660,1.01220,0.01464,29.07
$MAG,26901.395,-0.565,-0.523,-0.403,28.1
$IMU,26901.396,0.305,-0.183,-0.183,0.01757,1.01318,0.01464,29.07
$BARO,26901.398,86864.99,28.86
$IMU,26901.398,0.244,-0.061,-0.183,0.02148,1.01220,0.01855,29.07
$IMU,26901.401,0.305,0.000,-0.244,0.02001,1.01220,0.01464,29.07
$IMU,26901.403,0.305,-0.183,-0.244,0.01708,1.01123,0.01660,29.07
$MAG,26901.405,-0.568,-0.507,-0.402,28.1
$IMU,26901.405,0.305,0.000,-0.183,0.02001,1.01074,0.01513,29.07
$IMU,26901.408,0.244,-0.061,-0.183,0.02148,1.00927,0.01416,29.08
$IMU,26901.410,0.061,0.061,-0.183,0.02099,1.01025,0.01367,29.08
$IMU,26901.412,0.183,-0.061,-0.183,0.02001,1.01416,0.01318,29.08
$IMU,26901.415,0.122,-0.305,-0.183,0.02050,1.01660,0.01367,29.08
$MAG,26901.415,-0.565,-0.525,-0.400,28.0
$IMU,26901.417,0.000,-0.122,-0.305,0.02197,1.01513,0.01464,29.08
$IMU,26901.419,-0.061,-0.122,-0.305,0.01904,1.01025,0.01416,29.08
$IMU,26901.422,-0.183,0.122,-0.244,0.02099,1.01464,0.01074,29.08
$IMU,26901.424,-0.244,0.000,-0.122,0.02148,1.01220,0.01171,29.08
$MAG,26901.425,-0.567,-0.514,-0.409,27.7
$IMU,26901.426,-0.183,-0.183,-0.244,0.02050,1.00976,0.01123,29.03
$IMU,26901.429,-0.183,-0.122,-0.122,0.01953,1.00976,0.01367,29.03
$IMU,26901.431,-0.244,-0.061,-0.183,0.02001,1.01416,0.01269,29.03
$IMU,26901.433,-0.427,-0.061,-0.122,0.01806,1.00976,0.01367,29.03
$MAG,26901.436,-0.570,-0.522,-0.417,27.6
$IMU,26901.436,-0.488,0.000,-0.244,0.01953,1.01318,0.01562,29.03
$IMU,26901.438,-0.549,-0.122,-0.183,0.01904,1.01171,0.01318,29.03
$IMU,26901.440,-0.610,-0.122,-0.122,0.02001,1.01220,0.01269,29.03
$IMU,26901.443,-0.549,-0.122,-0.183,0.01806,1.01757,0.01562,29.03
$IMU,26901.445,-0.610,-0.122,-0.183,0.01904,1.01269,0.01562,29.08
$MAG,26901.446,-0.562,-0.516,-0.405,27.7
$IMU,26901.448,-0.732,0.061,-0.122,0.01953,1.01464,0.01513,29.08
$IMU,26901.450,-0.610,-0.061,-0.183,0.01953,1.01220,0.01562,29.08
$IMU,26901.452,-0.610,-0.122,-0.183,0.02001,1.01269,0.01660,29.08
$IMU,26901.455,-0.671,0.122,-0.122,0.01855,1.01464,0.01464,29.08
$MAG,26901.456,-0.568,-0.513,-0.397,28.1
$IMU,26901.457,-0.671,0.122,-0.183,0.02294,1.01318,0.01416,29.08
$IMU,26901.459,-0.549,-0.122,-0.183,0.02001,1.01220,0.01318,29.08
$IMU,26901.462,-0.549,0.000,-0.061,0.02246,1.01416,0.01513,29.08
$IMU,26901.464,-0.488,-0.061,-0.122,0.02148,1.01464,0.01757,29.08
$MAG,26901.466,-0.558,-0.517,-0.406,28.1
$IMU,26901.466,-0.305,-0.305,-0.183,0.01953,1.01269,0.01562,29.08
$IMU,26901.469,-0.305,-0.122,-0.183,0.01708,1.01416,0.01513,29.08
$IMU,26901.471,-0.305,0.000,-0.183,0.01953,1.01464,0.01708,29.08
$IMU,26901.473,-0.122,-0.183,-0.305,0.01708,1.01367,0.01416,29.08
$MAG,26901.476,-0.570,-0.516,-0.408,28.1
$IMU,26901.476,-0.061,0.000,-0.183,0.01660,1.01318,0.01416,29.08
$IMU,26901.478,0.061,-0.244,-0.183,0.01855,1.01171,0.01513,29.08
$IMU,26901.480,0.061,-0.183,-0.244,0.02343,1.01269,0.01562,29.08
$IMU,26901.483,0.183,-0.183,-0.183,0.01806,1.01318,0.01416,29.10
$IMU,26901.485,0.122,-0.061,-0.183,0.01904,1.01318,0.01611,29.10
$MAG,26901.486,-0.564,-0.517,-0.406,28.0
$IMU,26901.487,0.122,-0.061,-0.183,0.01904,1.01318,0.01464,29.10
$IMU,26901.490,0.244,-0.183,-0.183,0.01953,1.01025,0.01611,29.10
$IMU,26901.492,0.244,-0.122,-0.183,0.02099,1.01123,0.01855,29.10
$IMU,26901.494,0.244,-0.122,-0.244,0.02099,1.00683,0.01757,29.10
$MAG,26901.496,-0.562,-0.511,-0.406,28.1
$IMU,26901.497,0.244,-0.122,-0.183,0.01513,1.01025,0.01464,29.10
$IMU,26901.499,0.183,-0.122,-0.183,0.01757,1.01416,0.01318,29.10
$BARO,26901.500,86860.50,28.87
$IMU,26901.501,0.122,-0.122,-0.183,0.01708,1.01269,0.01220,29.05
$IMU,26901.504,0.061,-0.061,-0.183,0.01660,1.01562,0.01171,29.05
$MAG,26901.506,-0.562,-0.516,-0.406,28.0
$IMU,26901.506,0.000,-0.061,-0.122,0.01757,1.01269,0.01513,29.05
$IMU,26901.509,-0.183,0.061,-0.122,0.01757,1.01416,0.01269,29.05
$IMU,26901.511,-0.244,0.000,-0.122,0.02050,1.01269,0.01318,29.05
$IMU,26901.513,-0.305,-0.183,-0.061,0.02246,1.01074,0.01367,29.05
$MAG,26901.516,-0.564,-0.519,-0.399,27.7
$IMU,26901.516,-0.366,-0.244,-0.061,0.01757,1.01220,0.01416,29.05
$IMU,26901.518,-0.549,0.000,-0.122,0.01904,1.01318,0.01220,29.05
$IMU,26901.520,-0.671,-0.061,-0.122,0.01806,1.01025,0.01464,29.10
$IMU,26901.523,-0.671,-0.183,-0.122,0.02099,1.01171,0.01464,29.10
$IMU,26901.525,-0.793,-0.122,-0.122,0.02050,1.01562,0.01367,29.10
$MAG,26901.526,-0.568,-0.517,-0.405,28.1
$IMU,26901.527,-0.854,0.000,-0.183,0.01757,1.01171,0.01367,29.10
$IMU,26901.530,-0.854,-0.183,-0.183,0.01757,1.01025,0.01562,29.10
$IMU,26901.532,-0.915,-0.061,-0.244,0.01953,1.01367,0.01757,29.10
$IMU,26901.534,-1.098,-0.122,-0.183,0.01904,1.01025,0.01806,29.10
$MAG,26901.537,-0.567,-0.522,-0.396,27.7
$IMU,26901.537,-1.037,-0.061,-0.122,0.02148,1.00976,0.01611,29.10
$IMU,26901.539,-0.915,-0.122,-0.122,0.01904,1.00878,0.01416,29.08
$IMU,26901.541,-0.793,-0.183,-0.122,0.02148,1.01416,0.01562,29.08
$IMU,26901.544,-0.671,-0.244,-0.122,0.02050,1.01318,0.01660,29.08
$IMU,26901.546,-0.610,-0.183,-0.122,0.01904,1.01269,0.01855,29.08
$MAG,26901.547,-0.555,-0.519,-0.403,28.0
$IMU,26901.548,-0.610,-0.061,-0.183,0.01904,1.01513,0.01757,29.08
$IMU,26901.551,-0.610,0.000,-0.183,0.01904,1.01074,0.01855,29.08
$IMU,26901.553,-0.366,-0.122,-0.244,0.01953,1.01074,0.01904,29.08
$IMU,26901.555,-0.183,-0.183,-0.244,0.01855,1.01171,0.01904,29.08
$MAG,26901.557,-0.570,-0.516,-0.406,28.1
$IMU,26901.558,-0.122,-0.122,-0.244,0.01708,1.01269,0.01562,29.10
$IMU,26901.560,0.061,0.000,-0.244,0.01904,1.01171,0.01513,29.10
$IMU,26901.562,0.000,0.122,-0.244,0.02148,1.01318,0.01660,29.10
$IMU,26901.565,0.122,-0.061,-0.244,0.01904,1.01269,0.01660,29.10
$MAG,26901.567,-0.565,-0.523,-0.412,28.0
$IMU,26901.567,0.366,-0.244,-0.244,0.01953,1.01123,0.01904,29.10
$IMU,26901.570,0.366,-0.122,-0.244,0.02050,1.01220,0.01806,29.10
$IMU,26901.572,0.488,-0.122,-0.183,0.01904,1.01269,0.01367,29.10
$IMU,26901.574,0.488,0.061,-0.305,0.02197,1.01416,0.01562,29.10
$MAG,26901.577,-0.562,-0.522,-0.409,28.0
$IMU,26901.577,0.549,-0.061,-0.244,0.01855,1.01611,0.01953,29.07
$IMU,26901.579,0.610,0.000,-0.122,0.01855,1.01220,0.01416,29.07
$IMU,26901.581,0.610,-0.183,-0.122,0.01953,1.01416,0.01464,29.07
$IMU,26901.584,0.671,-0.244,-0.183,0.02001,1.01220,0.01269,29.07
$IMU,26901.586,0.549,0.000,-0.183,0.01806,1.01269,0.01367,29.07
$MAG,26901.587,-0.576,-0.516,-0.403,27.8
$IMU,26901.588,0.427,0.061,-0.122,0.01611,1.01318,0.01367,29.07
$IMU,26901.591,0.427,-0.061,-0.244,0.02050,1.01464,0.01074,29.07
$IMU,26901.593,0.305,-0.061,-0.183,0.01855,1.01171,0.00976,29.07
$IMU,26901.595,0.305,-0.122,-0.183,0.02050,1.01416,0.00927,29.06
$MAG,26901.597,-0.564,-0.520,-0.409,27.8
$IMU,26901.598,0.122,-0.122,-0.183,0.01806,1.01416,0.00976,29.06
$IMU,26901.600,-0.061,-0.122,-0.122,0.01855,1.01416,0.01318,29.06
$BARO,26901.601,86869.62,28.87
$IMU,26901.602,-0.244,-0.061,-0.122,0.01904,1.01171,0.01318,29.06
$IMU,26901.605,-0.366,-0.183,-0.183,0.02001,1.01367,0.01269,29.06
$MAG,26901.607,-0.567,-0.517,-0.414,28.0
$IMU,26901.607,-0.427,-0.122,-0.183,0.02099,1.01074,0.01220,29.06
$IMU,26901.609,-0.549,-0.122,-0.183,0.01855,1.00927,0.01269,29.06
$IMU,26901.612,-0.732,-0.122,-0.244,0.02099,1.00830,0.01025,29.06
$IMU,26901.614,-0.793,-0.244,-0.183,0.01855,1.00976,0.01513,29.06
$IMU,26901.616,-0.854,-0.122,-0.061,0.01855,1.01367,0.01318,29.06
$MAG,26901.617,-0.565,-0.522,-0.411,27.7
$IMU,26901.619,-0.976,-0.122,-0.122,0.01757,1.00488,0.01171,29.06
$IMU,26901.621,-0.976,-0.061,-0.122,0.01708,1.00878,0.01367,29.06
$IMU,26901.623,-1.037,0.000,-0.061,0.01904,1.01318,0.01367,29.06
$IMU,26901.626,-1.037,-0.122,-0.122,0.01708,1.00878,0.01513,29.06
$MAG,26901.627,-0.561,-0.520,-0.418,27.8
$IMU,26901.628,-1.037,-0.061,-0.183,0.01855,1.01269,0.01611,29.06
$IMU,26901.631,-0.915,-0.122,-0.122,0.01855,1.01318,0.01611,29.06
$IMU,26901.633,-0.915,-0.122,-0.122,0.01464,1.01171,0.01708,29.10
$IMU,26901.635,-0.976,-0.183,-0.122,0.01855,1.01269,0.01904,29.10
$MAG,26901.637,-0.567,-0.514,-0.396,28.1
$IMU,26901.638,-0.915,-0.061,-0.061,0.01855,1.00976,0.01855,29.10
$IMU,26901.640,-0.793,-0.122,-0.122,0.02148,1.01464,0.01757,29.10
$IMU,26901.642,-0.732,-0.122,-0.061,0.02050,1.01708,0.01757,29.10
$IMU,26901.645,-0.610,-0.061,-0.122,0.01904,1.01269,0.01855,29.10
$IMU,26901.647,-0.488,-0.244,-0.244,0.01757,1.01269,0.01904,29.10
$MAG,26901.648,-0.565,-0.514,-0.403,28.0
$IMU,26901.649,-0.427,-0.183,-0.305,0.01855,1.01513,0.01806,29.10
$IMU,26901.652,-0.427,-0.061,-0.244,0.01757,1.01220,0.01757,29.10
$IMU,26901.654,-0.244,-0.122,-0.183,0.01855,1.01464,0.01660,29.10
$IMU,26901.656,-0.061,-0.244,-0.183,0.02001,1.01220,0.01660,29.10
$MAG,26901.658,-0.561,-0.520,-0.412,28.1
$IMU,26901.659,-0.061,-0.122,-0.122,0.02099,1.01708,0.01660,29.10
$IMU,26901.661,0.000,-0.122,-0.122,0.02148,1.01269,0.01660,29.10
$IMU,26901.663,0.000,0.000,-0.244,0.01904,1.01367,0.01953,29.10
$IMU,26901.666,0.122,-0.061,-0.244,0.02246,1.01318,0.01953,29.10
$IMU,26901.668,0.122,-0.183,-0.183,0.01904,1.01416,0.01708,29.10
$MAG,26901.668,-0.558,-0.514,-0.409,27.8
$IMU,26901.670,0.244,-0.122,-0.305,0.01855,1.01171,0.01416,29.10
$IMU,26901.673,0.305,-0.183,-0.244,0.02050,1.01318,0.01757,29.10
$IMU,26901.675,0.244,0.000,-0.244,0.01806,1.01220,0.01562,29.10
$IMU,26901.677,0.244,-0.122,-0.244,0.01757,1.01123,0.01611,29.10
$MAG,26901.678,-0.568,-0.505,-0.409,28.0
$IMU,26901.680,0.305,-0.061,-0.183,0.01855,1.01074,0.01416,29.10
$IMU,26901.682,0.305,-0.244,-0.244,0.01757,1.01025,0.01611,29.10
$IMU,26901.684,0.366,-0.061,-0.183,0.01806,1.01123,0.01708,29.10
$IMU,26901.687,0.183,0.061,-0.183,0.01708,1.01074,0.01513,29.10
$MAG,26901.688,-0.570,-0.516,-0.408,28.0
$VBAT,26901.688,4.126
$IMU,26901.689,0.244,0.122,-0.183,0.02001,1.01220,0.01416,29.06
$IMU,26901.692,0.305,-0.122,-0.244,0.01708,1.01123,0.01464,29.06
$IMU,26901.694,0.305,-0.183,-0.183,0.01904,1.01025,0.01269,29.06
$IMU,26901.696,0.183,0.000,-0.183,0.01904,1.01708,0.01416,29.06
$MAG,26901.698,-0.567,-0.516,-0.403,28.1
$IMU,26901.699,0.183,-0.122,-0.183,0.02148,1.01318,0.01464,29.06
$IMU,26901.701,0.122,-0.061,-0.122,0.02001,1.01416,0.01464,29.06
$BARO,26901.703,86873.25,28.87
$IMU,26901.703,0.122,-0.061,-0.122,0.02099,1.01708,0.01416,29.06
$IMU,26901.706,0.000,-0.183,-0.122,0.02050,1.01171,0.01123,29.06
$MAG,26901.708,-0.558,-0.516,-0.405,27.7
$IMU,26901.708,-0.122,-0.122,-0.122,0.02050,1.01318,0.01074,29.08
$IMU,26901.710,-0.183,-0.122,-0.244,0.01757,1.01562,0.01416,29.08
$IMU,26901.713,-0.366,0.000,-0.183,0.01611,1.01074,0.01269,29.08
$IMU,26901.715,-0.488,-0.061,-0.183,0.01708,1.01025,0.01074,29.08
$IMU,26901.717,-0.488,-0.061,-0.183,0.01855,1.01416,0.01269,29.08
$MAG,26901.718,-0.565,-0.517,-0.408,27.7
$IMU,26901.720,-0.549,-0.122,-0.244,0.01708,1.01513,0.01318,29.08
$IMU,26901.722,-0.671,0.000,-0.183,0.02294,1.01123,0.01318,29.08
$IMU,26901.724,-0.671,0.061,-0.122,0.01953,1.01171,0.01367,29.08
$IMU,26901.727,-0.732,0.000,-0.122,0.01660,1.00976,0.01513,29.08
$MAG,26901.728,-0.564,-0.508,-0.409,27.8
$IMU,26901.729,-0.732,-0.061,-0.183,0.01855,1.01171,0.01220,29.08
$IMU,26901.731,-0.732,-0.183,-0.183,0.01953,1.01513,0.01171,29.08
$IMU,26901.734,-0.671,-0.183,-0.122,0.01904,1.01269,0.01660,29.08
$IMU,26901.736,-0.793,-0.183,-0.122,0.02099,1.01416,0.01513,29.08
$MAG,26901.738,-0.565,-0.516,-0.412,28.0
$IMU,26901.738,-0.793,-0.061,-0.061,0.01953,1.01318,0.01611,29.08
$IMU,26901.741,-0.793,-0.122,-0.061,0.01904,1.01416,0.01220,29.08
$IMU,26901.743,-0.732,-0.122,-0.183,0.02001,1.01123,0.01416,29.08
$IMU,26901.745,-0.671,-0.122,-0.183,0.01953,1.01269,0.01562,29.07
$MAG,26901.748,-0.568,-0.510,-0.399,27.7
$IMU,26901.748,-0.549,-0.122,-0.183,0.01611,1.01171,0.01660,29.07
$IMU,26901.750,-0.549,0.000,-0.244,0.01904,1.01318,0.01367,29.07
$IMU,26901.753,-0.488,0.000,-0.122,0.01953,1.01416,0.01562,29.07
$IMU,26901.755,-0.488,0.000,-0.183,0.01757,1.01171,0.01708,29.07
$IMU,26901.757,-0.244,-0.305,-0.183,0.01757,1.01269,0.01660,29.07
$MAG,26901.758,-0.562,-0.523,-0.409,28.0
$IMU,26901.760,-0.183,-0.183,-0.122,0.01855,1.01025,0.01708,29.07
$IMU,26901.762,-0.122,-0.061,-0.061,0.01953,1.01123,0.01513,29.07
$IMU,26901.764,-0.122,-0.061,-0.061,0.01904,1.01123,0.01611,29.10
$IMU,26901.767,0.122,-0.122,-0.061,0.02099,1.01416,0.01660,29.10
$MAG,26901.769,-0.565,-0.504,-0.403,27.7
$IMU,26901.769,0.122,-0.122,-0.122,0.02197,1.01367,0.01708,29.10
$IMU,26901.771,0.183,-0.122,-0.244,0.01708,1.01318,0.01562,29.10
$IMU,26901.774,0.183,-0.122,-0.305,0.01318,1.01171,0.01464,29.10
$IMU,26901.776,0.183,-0.061,-0.183,0.01855,1.01269,0.01513,29.10
$IMU,26901.778,0.183,-0.061,-0.122,0.01904,1.01318,0.01513,29.10
$MAG,26901.779,-0.571,-0.517,-0.408,27.7
$IMU,26901.781,0.244,-0.183,-0.183,0.01953,1.01562,0.01562,29.10
$IMU,26901.783,0.244,-0.244,-0.122,0.02197,1.01318,0.01513,29.09
$IMU,26901.785,0.000,0.000,-0.122,0.02343,1.01562,0.01660,29.09
$IMU,26901.788,0.000,-0.061,-0.305,0.01953,1.01367,0.01367,29.09
$MAG,26901.789,-0.562,-0.516,-0.405,27.8
$IMU,26901.790,-0.183,0.000,-0.305,0.02050,1.01562,0.01464,29.09
$IMU,26901.792,-0.183,-0.183,-0.244,0.02001,1.01611,0.01513,29.09
$IMU,26901.795,-0.183,-0.183,-0.244,0.01855,1.01171,0.01367,29.09
$IMU,26901.797,-0.183,-0.061,-0.183,0.01855,1.01025,0.01562,29.09
$MAG,26901.799,-0.570,-0.519,-0.405,27.6
$IMU,26901.799,-0.305,-0.061,-0.183,0.01757,1.01025,0.01367,29.09
$IMU,26901.802,-0.366,0.000,-0.122,0.01806,1.01123,0.01513,29.13
$BARO,26901.804,86868.21,28.87
$IMU,26901.804,-0.427,0.000,-0.122,0.01953,1.01367,0.01611,29.13
$IMU,26901.806,-0.366,-0.122,-0.122,0.02099,1.00927,0.01464,29.13
$MAG,26901.809,-0.564,-0.516,-0.405,27.7
$IMU,26901.809,-0.427,-0.183,-0.061,0.02099,1.01123,0.01513,29.13
$IMU,26901.811,-0.488,-0.122,-0.183,0.01806,1.01416,0.01269,29.13
$IMU,26901.814,-0.488,-0.061,-0.244,0.01904,1.00976,0.01318,29.13
$IMU,26901.816,-0.488,-0.122,-0.122,0.01757,1.01416,0.01513,29.13
$IMU,26901.818,-0.427,-0.183,-0.122,0.01953,1.01269,0.01904,29.13
$MAG,26901.819,-0.565,-0.520,-0.405,27.7
$IMU,26901.821,-0.427,-0.183,-0.122,0.01708,1.01367,0.01367,29.09
$IMU,26901.823,-0.427,-0.183,-0.061,0.01611,1.01416,0.01171,29.09
$IMU,26901.825,-0.427,-0.122,-0.061,0.02050,1.01416,0.01318,29.09
$IMU,26901.828,-0.427,0.000,-0.061,0.01806,1.01416,0.01611,29.09
$MAG,26901.829,-0.570,-0.519,-0.408,27.8
$IMU,26901.830,-0.427,-0.061,-0.183,0.01953,1.01416,0.01757,29.09
$IMU,26901.832,-0.366,-0.122,-0.305,0.02001,1.01416,0.01562,29.09
$IMU,26901.835,-0.366,-0.183,-0.305,0.02050,1.01367,0.01708,29.09
$IMU,26901.837,-0.366,-0.183,-0.305,0.01953,1.01611,0.01513,29.09
$MAG,26901.839,-0.559,-0.519,-0.406,27.8
$IMU,26901.839,-0.305,-0.122,-0.244,0.01806,1.01416,0.01708,29.12
$IMU,26901.842,-0.305,-0.122,-0.183,0.01611,1.01220,0.01660,29.12
$IMU,26901.844,-0.122,-0.122,-0.122,0.01904,1.01171,0.01367,29.12
$IMU,26901.846,-0.122,-0.183,-0.061,0.02197,1.01123,0.01611,29.12
$MAG,26901.849,-0.570,-0.514,-0.405,28.1
$IMU,26901.849,0.000,-0.122,-0.122,0.01855,1.00830,0.01513,29.12
$IMU,26901.851,0.000,-0.061,-0.061,0.02001,1.01269,0.01562,29.12
$IMU,26901.853,0.061,-0.244,-0.183,0.02050,1.01464,0.01269,29.12
$IMU,26901.856,0.061,-0.183,-0.183,0.01904,1.01367,0.01367,29.12
$IMU,26901.858,0.000,-0.061,-0.183,0.01855,1.01123,0.01464,29.08
$MAG,26901.859,-0.568,-0.519,-0.406,27.8
$IMU,26901.860,0.000,-0.122,-0.244,0.01855,1.01123,0.01171,29.08
$IMU,26901.863,0.122,-0.122,-0.183,0.01953,1.01074,0.01464,29.08
$IMU,26901.865,0.122,0.000,-0.244,0.02099,1.01367,0.01513,29.08
$IMU,26901.867,0.183,-0.183,-0.183,0.02099,1.01171,0.01318,29.08
$MAG,26901.869,-0.567,-0.517,-0.412,27.7
$IMU,26901.870,0.061,-0.183,-0.183,0.01757,1.01269,0.01367,29.08
$IMU,26901.872,0.061,-0.122,-0.183,0.01562,1.01367,0.01513,29.08
$IMU,26901.874,0.061,-0.183,-0.244,0.01611,1.01318,0.01318,29.08
$IMU,26901.877,-0.122,-0.061,-0.244,0.01855,1.01074,0.01269,29.10
$IMU,26901.879,-0.061,-0.061,-0.183,0.01708,1.01171,0.01269,29.10
$MAG,26901.880,-0.565,-0.520,-0.397,28.1
$IMU,26901.882,-0.061,-0.061,-0.122,0.01904,1.01171,0.01123,29.10
$IMU,26901.884,-0.061,-0.122,-0.122,0.01806,1.01318,0.01416,29.10
$IMU,26901.886,-0.061,-0.122,-0.061,0.02148,1.01367,0.01318,29.10
$IMU,26901.889,-0.183,-0.122,-0.183,0.01904,1.01269,0.01416,29.10
$MAG,26901.890,-0.559,-0.517,-0.405,27.7
$IMU,26901.891,-0.305,-0.061,-0.183,0.01953,1.01318,0.01660,29.10
$IMU,26901.893,-0.305,-0.122,-0.122,0.02148,1.01269,0.01220,29.10
$IMU,26901.896,-0.366,-0.122,-0.183,0.02148,1.01318,0.01318,29.10
$IMU,26901.898,-0.366,-0.183,-0.183,0.01806,1.01269,0.01269,29.10
$MAG,26901.900,-0.565,-0.510,-0.403,27.7
$IMU,26901.900,-0.488,-0.061,-0.122,0.01953,1.01025,0.01367,29.10
$IMU,26901.903,-0.488,-0.061,-0.122,0.01806,1.01171,0.01269,29.10
$BARO,26901.905,86861.58,28.87
$IMU,26901.905,-0.671,0.000,-0.122,0.02099,1.01220,0.01513,29.10
$IMU,26901.907,-0.732,-0.061,-0.061,0.01904,1.01464,0.01562,29.10
$MAG,26901.910,-0.570,-0.510,-0.406,28.0
$IMU,26901.910,-0.793,-0.122,0.000,0.02099,1.01708,0.01513,29.10
$IMU,26901.912,-0.854,-0.122,-0.061,0.01953,1.01318,0.01806,29.10
$IMU,26901.914,-0.915,0.061,-0.061,0.01855,1.01416,0.01708,29.08
$IMU,26901.917,-0.854,0.000,-0.122,0.01855,1.01318,0.01318,29.08
$IMU,26901.919,-0.793,-0.061,-0.183,0.01757,1.01074,0.01660,29.08
$MAG,26901.920,-0.559,-0.511,-0.402,27.8
$IMU,26901.921,-0.671,-0.244,-0.122,0.02050,1.01074,0.01806,29.08
$IMU,26901.924,-0.793,-0.183,-0.183,0.02148,1.01416,0.01660,29.08
$IMU,26901.926,-0.732,-0.061,-0.183,0.01904,1.01025,0.01855,29.08
$IMU,26901.928,-0.610,0.000,-0.183,0.01904,1.01025,0.01660,29.08
$MAG,26901.930,-0.568,-0.517,-0.405,28.0
$IMU,26901.931,-0.610,0.000,-0.183,0.01757,1.00927,0.01611,29.08
$IMU,26901.933,-0.488,-0.122,-0.122,0.01611,1.01416,0.01611,29.12
$IMU,26901.935,-0.366,-0.183,-0.122,0.01904,1.01171,0.01513,29.12
$IMU,26901.938,-0.305,0.000,-0.183,0.02099,1.01513,0.01855,29.12
$MAG,26901.940,-0.570,-0.519,-0.399,27.8
$IMU,26901.940,-0.122,-0.061,-0.183,0.01708,1.00878,0.02099,29.12
$IMU,26901.943,-0.061,-0.061,-0.183,0.01416,1.01367,0.01708,29.12
$IMU,26901.945,0.000,0.000,-0.244,0.01757,1.01074,0.01708,29.12
$IMU,26901.947,0.183,-0.183,-0.122,0.01806,1.01123,0.01660,29.12
$MAG,26901.950,-0.565,-0.510,-0.408,27.8
$IMU,26901.950,0.305,-0.122,-0.122,0.01660,1.01171,0.01806,29.12
$IMU,26901.952,0.305,-0.122,-0.122,0.01953,1.01025,0.01660,29.11
$IMU,26901.954,0.366,0.000,-0.122,0.02050,1.01367,0.01367,29.11
$IMU,26901.957,0.488,-0.305,-0.183,0.02001,1.01562,0.01464,29.11
$IMU,26901.959,0.366,-0.183,-0.244,0.01855,1.01269,0.01562,29.11
$MAG,26901.960,-0.558,-0.516,-0.411,28.0
$IMU,26901.961,0.427,-0.061,-0.305,0.01806,1.01806,0.01318,29.11
$IMU,26901.964,0.488,-0.061,-0.244,0.01953,1.01367,0.01416,29.11
$IMU,26901.966,0.427,-0.183,-0.244,0.01855,1.01367,0.01464,29.11
$IMU,26901.968,0.244,0.000,-0.122,0.02197,1.00683,0.01464,29.11
$MAG,26901.970,-0.568,-0.520,-0.402,28.0
$IMU,26901.971,0.305,0.000,-0.122,0.01660,1.01513,0.01123,29.10
$IMU,26901.973,0.366,-0.305,-0.061,0.01757,1.01123,0.01367,29.10
$IMU,26901.975,0.183,-0.122,-0.061,0.01953,1.01318,0.01074,29.10
$IMU,26901.978,0.000,0.061,-0.122,0.02294,1.01171,0.01171,29.10
$IMU,26901.980,-0.061,-0.061,-0.183,0.02050,1.01318,0.01318,29.10
$MAG,26901.981,-0.559,-0.516,-0.402,27.7
$IMU,26901.982,-0.061,-0.122,-0.183,0.01855,1.01171,0.01171,29.10
$IMU,26901.985,-0.122,-0.061,-0.244,0.01904,1.01123,0.01220,29.10
$IMU,26901.987,-0.244,-0.244,-0.244,0.02343,1.01025,0.01416,29.10
$IMU,26901.989,-0.366,-0.122,-0.122,0.01855,1.00976,0.01416,29.11
$MAG,26901.991,-0.565,-0.514,-0.405,28.0
$IMU,26901.992,-0.427,0.061,-0.061,0.01660,1.01367,0.01562,29.11
$IMU,26901.994,-0.610,0.061,-0.122,0.02001,1.01220,0.01513,29.11
$IMU,26901.996,-0.610,-0.183,-0.061,0.01855,1.01171,0.01318,29.11
$IMU,26901.999,-0.671,-0.122,-0.122,0.02001,1.01171,0.01513,29.11
$MAG,26902.001,-0.571,-0.520,-0.400,27.7
$IMU,26902.001,-0.793,-0.244,-0.122,0.01953,1.01220,0.01416,29.11
$IMU,26902.004,-0.915,-0.061,-0.244,0.01904,1.01269,0.01464,29.11
$IMU,26902.006,-0.976,0.061,-0.244,0.01953,1.01367,0.01513,29.11
$BARO,26902.007,86862.72,28.87
$IMU,26902.008,-1.037,0.061,-0.183,0.01757,1.01367,0.01562,29.09
$MAG,26902.011,-0.564,-0.510,-0.405,28.0
$IMU,26902.011,-0.915,-0.122,-0.244,0.01904,1.01269,0.01660,29.09
$IMU,26902.013,-0.854,-0.061,-0.183,0.01757,1.01464,0.01562,29.09
$IMU,26902.015,-0.915,0.000,-0.061,0.01757,1.01269,0.01855,29.09
$IMU,26902.018,-0.976,-0.061,-0.061,0.01708,1.01123,0.01611,29.09
$IMU,26902.020,-0.854,0.000,-0.183,0.01513,1.01171,0.01806,29.09
$MAG,26902.021,-0.562,-0.519,-0.406,28.0
$IMU,26902.022,-0.793,-0.061,-0.183,0.01464,1.01269,0.01513,29.09
$IMU,26902.025,-0.610,-0.122,-0.183,0.01806,1.01416,0.01513,29.09
$IMU,26902.027,-0.610,-0.183,-0.244,0.02001,1.01318,0.01660,29.09
$IMU,26902.029,-0.549,0.061,-0.183,0.01953,1.01025,0.01904,29.09
$MAG,26902.031,-0.567,-0.513,-0.406,28.0
$IMU,26902.032,-0.366,-0.061,-0.183,0.01806,1.00976,0.01806,29.09
$IMU,26902.034,-0.305,-0.183,-0.183,0.02050,1.01464,0.01708,29.09
$IMU,26902.036,-0.183,-0.061,-0.061,0.01806,1.01464,0.01855,29.09
$IMU,26902.039,-0.122,-0.122,-0.061,0.01757,1.01220,0.01806,29.09
$MAG,26902.041,-0.567,-0.511,-0.400,27.7
$IMU,26902.041,0.000,-0.183,-0.183,0.01708,1.01220,0.02001,29.09
$IMU,26902.043,-0.061,-0.122,-0.061,0.01855,1.01660,0.01806,29.09
$IMU,26902.046,0.061,-0.244,-0.122,0.02001,1.01513,0.01367,29.10
$IMU,26902.048,0.244,-0.183,-0.183,0.02099,1.01074,0.01757,29.10
$IMU,26902.050,0.305,-0.183,-0.183,0.02197,1.01220,0.01708,29.10
$MAG,26902.051,-0.565,-0.520,-0.409,28.1
$IMU,26902.053,0.244,-0.122,-0.183,0.01904,1.01171,0.01855,29.10
$IMU,26902.055,0.366,0.061,-0.244,0.02050,1.01318,0.02050,29.10
$IMU,26902.057,0.305,-0.061,-0.244,0.01806,1.01562,0.01464,29.10
$IMU,26902.060,0.427,-0.122,-0.244,0.01708,1.01660,0.01562,29.10
$MAG,26902.061,-0.556,-0.520,-0.406,27.7
$IMU,26902.062,0.488,-0.122,-0.244,0.01904,1.01367,0.01513,29.10
$IMU,26902.065,0.549,-0.183,-0.305,0.01708,1.01269,0.01367,29.13
$IMU,26902.067,0.488,-0.244,-0.244,0.01806,1.01123,0.01269,29.13
$IMU,26902.069,0.427,-0.061,-0.244,0.01904,1.00878,0.01269,29.13
$MAG,26902.071,-0.571,-0.520,-0.397,28.1
$IMU,26902.072,0.366,0.000,-0.244,0.01708,1.00927,0.01416,29.13
$IMU,26902.074,0.366,-0.183,-0.183,0.01904,1.01220,0.01269,29.13
$IMU,26902.076,0.427,-0.244,-0.061,0.01953,1.00878,0.01416,29.13
$HUM,26902.077,34.9,29.3
$IMU,26902.079,0.244,-0.061,-0.183,0.01953,1.01269,0.01367,29.13
$MAG,26902.081,-0.565,-0.517,-0.405,28.0
$IMU,26902.081,0.183,-0.061,-0.122,0.02001,1.01123,0.01269,29.13
$IMU,26902.083,0.061,-0.061,-0.122,0.01757,1.01708,0.01220,29.07
$IMU,26902.086,0.000,-0.122,-0.183,0.01757,1.01269,0.01123,29.07
$IMU,26902.088,-0.061,-0.122,-0.244,0.01660,1.01318,0.01220,29.07
$IMU,26902.090,-0.244,-0.122,-0.122,0.02148,1.01074,0.01367,29.07
$MAG,26902.092,-0.571,-0.519,-0.408,27.7
$IMU,26902.093,-0.366,-0.061,-0.122,0.01953,1.01220,0.01269,29.07
$IMU,26902.095,-0.549,0.000,-0.122,0.01904,1.01074,0.01123,29.07
$IMU,26902.097,-0.610,-0.122,0.000,0.02148,1.01171,0.01123,29.07
$IMU,26902.100,-0.671,-0.122,-0.061,0.02099,1.01220,0.01074,29.07
$MAG,26902.102,-0.559,-0.514,-0.408,27.8
$IMU,26902.102,-0.793,0.000,-0.244,0.01855,1.01074,0.01074,29.08
$IMU,26902.104,-0.915,-0.122,-0.122,0.01953,1.01318,0.01269,29.08
$IMU,26902.107,-0.976,0.000,-0.183,0.01806,1.01318,0.01318,29.08
$BARO,26902.108,86866.94,28.87
$IMU,26902.109,-0.915,0.000,-0.183,0.01855,1.01171,0.01220,29.08
$IMU,26902.111,-0.915,-0.183,-0.183,0.01806,1.01318,0.01367,29.08
$MAG,26902.112,-0.559,-0.511,-0.403,27.7
$IMU,26902.114,-0.854,-0.244,-0.122,0.01757,1.01074,0.01611,29.08
$IMU,26902.116,-0.793,-0.122,-0.183,0.02050,1.01025,0.01562,29.08
$IMU,26902.118,-0.793,-0.061,-0.122,0.01806,1.00781,0.01757,29.08
$IMU,26902.121,-0.732,-0.183,-0.061,0.01806,1.01123,0.01855,29.08
$MAG,26902.122,-0.571,-0.520,-0.406,28.1
$IMU,26902.123,-0.610,-0.183,-0.122,0.01904,1.01269,0.01464,29.08
$IMU,26902.126,-0.549,-0.183,-0.122,0.02050,1.01464,0.02001,29.08
$IMU,26902.128,-0.488,-0.183,-0.183,0.02001,1.01367,0.01708,29.08
$IMU,26902.130,-0.488,0.000,-0.183,0.01806,1.01367,0.01806,29.08
$MAG,26902.132,-0.567,-0.513,-0.405,27.7
$IMU,26902.133,-0.366,0.000,-0.244,0.02001,1.01171,0.01708,29.08
$IMU,26902.135,-0.244,-0.122,-0.244,0.01953,1.01220,0.01660,29.08
$IMU,26902.137,-0.061,-0.244,-0.244,0.02294,1.01318,0.01708,29.08
$IMU,26902.140,0.000,-0.122,-0.122,0.02001,1.01367,0.02050,29.12
$MAG,26902.142,-0.564,-0.516,-0.412,27.7
$IMU,26902.142,0.061,-0.122,-0.183,0.01806,1.01416,0.01806,29.12
$IMU,26902.144,0.000,-0.061,-0.183,0.02294,1.01416,0.01757,29.12
$IMU,26902.147,0.122,-0.061,-0.244,0.01806,1.01074,0.01708,29.12
$IMU,26902.149,0.183,-0.122,-0.244,0.01953,1.00927,0.01660,29.12
$IMU,26902.151,0.183,-0.183,-0.244,0.01953,1.01660,0.01464,29.12
$MAG,26902.152,-0.568,-0.520,-0.400,27.8
$IMU,26902.154,0.183,-0.061,-0.183,0.02001,1.01074,0.01318,29.12
$IMU,26902.156,0.244,0.000,-0.122,0.01904,1.01318,0.01513,29.12
$IMU,26902.158,0.183,-0.061,-0.122,0.02001,1.01464,0.01367,29.12
$IMU,26902.161,0.183,-0.122,-0.122,0.01855,1.01611,0.01562,29.12
$MAG,26902.162,-0.570,-0.516,-0.415,27.8
$IMU,26902.163,0.244,-0.244,-0.061,0.01953,1.01123,0.01513,29.12
$IMU,26902.165,0.122,-0.183,-0.122,0.02050,1.01123,0.01416,29.12
$IMU,26902.168,0.000,-0.061,-0.183,0.01855,1.01269,0.01318,29.12
$IMU,26902.170,0.000,0.000,-0.122,0.01855,1.01562,0.01464,29.12
$MAG,26902.172,-0.564,-0.519,-0.412,27.8
$IMU,26902.172,-0.061,-0.061,-0.122,0.02050,1.01269,0.01367,29.12
$IMU,26902.175,-0.122,-0.183,-0.122,0.02148,1.01660,0.01171,29.12
$IMU,26902.177,-0.183,-0.183,-0.122,0.02050,1.01660,0.01513,29.10
$IMU,26902.179,-0.366,-0.122,-0.122,0.01855,1.01416,0.01611,29.10
$MAG,26902.182,-0.568,-0.513,-0.415,27.7
$IMU,26902.182,-0.427,-0.122,-0.061,0.02001,1.01318,0.01269,29.10
$IMU,26902.184,-0.427,-0.122,-0.122,0.02148,1.01318,0.01269,29.10
$IMU,26902.187,-0.549,0.000,-0.183,0.01708,1.01220,0.01269,29.10
$IMU,26902.189,-0.488,-0.061,-0.122,0.02343,1.01513,0.01464,29.10
$IMU,26902.191,-0.488,-0.122,-0.183,0.02001,1.01220,0.01220,29.10
$MAG,26902.193,-0.565,-0.516,-0.409,28.0
$IMU,26902.194,-0.549,0.000,-0.244,0.02246,1.01318,0.01513,29.10
$IMU,26902.196,-0.488,-0.061,-0.244,0.01708,1.01269,0.01757,29.09
$IMU,26902.198,-0.549,-0.061,-0.122,0.01855,1.01220,0.01367,29.09
$IMU,26902.201,-0.488,-0.122,-0.122,0.02197,1.01123,0.01513,29.09
$MAG,26902.203,-0.571,-0.519,-0.412,28.0
$IMU,26902.203,-0.488,-0.122,-0.122,0.02246,1.01464,0.01562,29.09
$IMU,26902.205,-0.366,-0.183,-0.183,0.01806,1.00927,0.01464,29.09
$IMU,26902.208,-0.305,-0.122,-0.122,0.02050,1.01025,0.01562,29.09
$BARO,26902.210,86867.91,28.88
$IMU,26902.210,-0.305,-0.122,-0.183,0.02099,1.01074,0.01464,29.09
$IMU,26902.212,-0.305,-0.061,-0.183,0.02197,1.01318,0.01416,29.09
$MAG,26902.213,-0.561,-0.525,-0.417,27.8
$IMU,26902.215,-0.305,-0.183,-0.122,0.01660,1.01171,0.01660,29.12
$IMU,26902.217,-0.183,-0.183,-0.183,0.01855,1.00878,0.01855,29.12
$IMU,26902.219,-0.122,-0.061,-0.305,0.01806,1.01025,0.01611,29.12
$IMU,26902.222,-0.122,-0.061,-0.244,0.01904,1.01318,0.01660,29.12
$MAG,26902.223,-0.559,-0.519,-0.411,27.7
$IMU,26902.224,0.000,-0.122,-0.305,0.01904,1.01416,0.01416,29.12
$IMU,26902.226,0.000,-0.061,-0.183,0.01806,1.01269,0.01562,29.12
$IMU,26902.229,0.061,0.000,-0.305,0.01806,1.01464,0.01757,29.12
$TIME,26902.231,510817.000,2399
$IMU,26902.231,0.183,-0.061,-0.183,0.01708,1.01220,0.01611,29.12
$MAG,26902.233,-0.562,-0.516,-0.402,27.8
$IMU,26902.233,0.122,-0.122,-0.244,0.01806,1.01025,0.01318,29.10
$IMU,26902.236,0.244,-0.183,-0.244,0.01904,1.01123,0.01367,29.10
$IMU,26902.238,0.244,-0.061,-0.244,0.01611,1.01269,0.01367,29.10
$IMU,26902.240,0.244,-0.061,-0.183,0.01855,1.00976,0.01513,29.10
$MAG,26902.243,-0.564,-0.523,-0.405,28.0
$IMU,26902.243,0.244,-0.122,-0.183,0.01367,1.01220,0.01269,29.10
$IMU,26902.245,0.183,0.000,-0.122,0.01562,1.00976,0.01367,29.10
$IMU,26902.248,0.305,0.000,-0.183,0.01904,1.00927,0.01025,29.10
$IMU,26902.250,0.122,-0.183,-0.122,0.01904,1.01220,0.01123,29.10
$IMU,26902.252,0.122,-0.122,-0.183,0.01708,1.01562,0.01416,29.09
$MAG,26902.253,-0.570,-0.511,-0.403,27.8
$IMU,26902.255,0.061,-0.061,-0.183,0.01806,1.01464,0.01269,29.09
$IMU,26902.257,-0.122,-0.183,-0.183,0.01611,1.01269,0.01220,29.09
$IMU,26902.259,-0.244,-0.122,-0.183,0.01660,1.01513,0.01269,29.09
$IMU,26902.262,-0.366,0.061,-0.183,0.01904,1.01318,0.01416,29.09
$MAG,26902.263,-0.568,-0.520,-0.409,27.8
$IMU,26902.264,-0.427,-0.244,-0.122,0.01953,1.01269,0.01123,29.09
$IMU,26902.266,-0.610,-0.122,-0.061,0.02050,1.01416,0.01269,29.09
$IMU,26902.269,-0.732,-0.061,0.061,0.02294,1.01220,0.01318,29.09
$IMU,26902.271,-0.854,0.000,0.000,0.01708,1.01123,0.01611,29.07
$MAG,26902.273,-0.564,-0.513,-0.405,27.7
$IMU,26902.273,-0.854,0.000,0.000,0.02197,1.01318,0.01660,29.07
$IMU,26902.276,-1.037,0.061,-0.061,0.02246,1.01269,0.01171,29.07
$IMU,26902.278,-1.037,-0.122,-0.061,0.02294,1.01562,0.01513,29.07
$IMU,26902.280,-1.037,-0.061,-0.183,0.01953,1.01074,0.01416,29.07
$MAG,26902.283,-0.565,-0.525,-0.405,27.7
$IMU,26902.283,-1.037,0.000,-0.122,0.02148,1.01220,0.01611,29.07
$IMU,26902.285,-1.037,0.000,-0.122,0.01953,1.01074,0.01660,29.07
$IMU,26902.287,-0.915,-0.122,-0.122,0.02050,1.01171,0.01708,29.07
$IMU,26902.290,-0.732,-0.183,-0.061,0.02294,1.00976,0.01611,29.11
$IMU,26902.292,-0.732,-0.122,-0.061,0.01806,1.00830,0.01562,29.11
$MAG,26902.293,-0.562,-0.511,-0.402,28.1
$IMU,26902.294,-0.671,-0.244,0.000,0.02050,1.00927,0.01660,29.11
$IMU,26902.297,-0.610,0.061,-0.061,0.02294,1.01220,0.01660,29.11
$IMU,26902.299,-0.427,-0.122,-0.122,0.02343,1.01171,0.01708,29.11
$IMU,26902.301,-0.305,-0.305,-0.183,0.02294,1.01220,0.01855,29.11
$MAG,26902.304,-0.568,-0.513,-0.402,27.8
$IMU,26902.304,-0.305,0.000,-0.183,0.02343,1.01220,0.01708,29.11
$IMU,26902.306,-0.122,-0.183,-0.183,0.02001,1.01562,0.01708,29.11
$IMU,26902.309,0.000,-0.122,-0.305,0.02441,1.01367,0.01708,29.10
$BARO,26902.311,86868.72,28.88
$IMU,26902.311,0.061,-0.122,-0.244,0.02148,1.01074,0.01660,29.10
$IMU,26902.313,0.122,-0.122,-0.305,0.01660,1.01171,0.01904,29.10
$MAG,26902.314,-0.568,-0.511,-0.417,27.8
$IMU,26902.316,0.244,-0.244,-0.305,0.02148,1.01367,0.01708,29.10
$IMU,26902.318,0.366,-0.061,-0.305,0.01708,1.01318,0.01806,29.10
$IMU,26902.320,0.366,-0.122,-0.305,0.01757,1.01513,0.01513,29.10
$IMU,26902.323,0.610,-0.244,-0.305,0.01757,1.01367,0.01855,29.10
$MAG,26902.324,-0.561,-0.517,-0.406,27.7
$IMU,26902.325,0.549,0.061,-0.305,0.01806,1.00976,0.01220,29.10
$IMU,26902.327,0.549,0.000,-0.244,0.01464,1.01269,0.01513,29.06
$IMU,26902.330,0.671,-0.244,-0.183,0.01562,1.01611,0.01562,29.06
$IMU,26902.332,0.671,-0.122,-0.122,0.01464,1.01220,0.01367,29.06
$MAG,26902.334,-0.574,-0.514,-0.400,27.8
$IMU,26902.334,0.671,-0.305,-0.183,0.01904,1.01464,0.01464,29.06
$IMU,26902.337,0.549,-0.183,-0.122,0.01708,1.01220,0.01513,29.06
$IMU,26902.339,0.427,-0.122,-0.183,0.02099,1.01074,0.01318,29.06
$IMU,26902.341,0.305,0.000,-0.183,0.02246,1.01171,0.01562,29.06
$MAG,26902.344,-0.562,-0.522,-0.408,28.0
$IMU,26902.344,0.061,0.061,-0.183,0.02050,1.01269,0.01367,29.06
$IMU,26902.346,0.061,-0.061,-0.183,0.01953,1.01171,0.01171,29.13
$IMU,26902.348,-0.061,-0.122,-0.244,0.01904,1.01025,0.01269,29.13
$IMU,26902.351,-0.244,-0.122,-0.122,0.01757,1.01171,0.01367,29.13
$IMU,26902.353,-0.305,-0.122,-0.122,0.01855,1.01513,0.01416,29.13
$MAG,26902.354,-0.568,-0.519,-0.405,28.0
$IMU,26902.355,-0.427,-0.183,-0.122,0.01806,1.01074,0.01171,29.13
$IMU,26902.358,-0.549,-0.244,-0.122,0.01708,1.01171,0.01074,29.13
$IMU,26902.360,-0.732,0.000,-0.061,0.01904,1.01269,0.01464,29.13
$IMU,26902.362,-0.732,-0.122,-0.061,0.01708,1.00927,0.01416,29.13
$MAG,26902.364,-0.567,-0.511,-0.403,27.7
$IMU,26902.365,-0.793,-0.122,-0.122,0.01904,1.01025,0.01318,29.10
$IMU,26902.367,-0.732,-0.061,-0.122,0.01953,1.00976,0.01074,29.10
$IMU,26902.369,-0.793,-0.061,-0.183,0.02001,1.01220,0.01660,29.10
$IMU,26902.372,-0.793,-0.122,-0.122,0.01953,1.01025,0.01416,29.10
$MAG,26902.374,-0.558,-0.525,-0.408,27.7
$IMU,26902.374,-0.793,-0.183,-0.061,0.02050,1.01220,0.01611,29.10
$IMU,26902.377,-0.732,-0.122,-0.061,0.02197,1.01269,0.01367,29.10
$IMU,26902.379,-0.793,0.000,-0.122,0.02392,1.01416,0.01464,29.10
$IMU,26902.381,-0.671,-0.122,-0.183,0.02294,1.01367,0.01464,29.10
$MAG,26902.384,-0.564,-0.520,-0.412,28.1
$IMU,26902.384,-0.671,-0.122,-0.122,0.02099,1.01513,0.01562,29.06
$IMU,26902.386,-0.671,-0.122,-0.122,0.02148,1.01513,0.01562,29.06
$IMU,26902.388,-0.610,-0.122,-0.122,0.01660,1.01220,0.01708,29.06
$IMU,26902.391,-0.488,-0.061,-0.183,0.01855,1.01416,0.01708,29.06
$IMU,26902.393,-0.366,-0.183,-0.122,0.02197,1.01171,0.01757,29.06
$MAG,26902.394,-0.562,-0.510,-0.406,27.7
$IMU,26902.395,-0.366,0.000,-0.122,0.01904,1.01074,0.01757,29.06
$IMU,26902.398,-0.183,-0.061,-0.183,0.02001,1.01074,0.01513,29.06
$IMU,26902.400,-0.122,-0.061,-0.183,0.02050,1.01318,0.01513,29.06
$IMU,26902.402,0.000,-0.122,-0.244,0.01953,1.01416,0.01660,29.10
$MAG,26902.405,-0.564,-0.516,-0.414,28.1
$IMU,26902.405,0.183,-0.244,-0.244,0.02148,1.01660,0.01611,29.10
$IMU,26902.407,0.305,-0.183,-0.244,0.01757,1.00878,0.01708,29.10
$IMU,26902.409,0.366,-0.183,-0.244,0.01562,1.01220,0.01464,29.10
$BARO,26902.412,86864.67,28.88
$IMU,26902.412,0.427,-0.183,-0.244,0.01708,1.01269,0.01611,29.10
$IMU,26902.414,0.427,-0.061,-0.305,0.01757,1.01318,0.01416,29.10
$MAG,26902.415,-0.567,-0.523,-0.411,27.8
$IMU,26902.416,0.427,-0.122,-0.183,0.01757,1.01123,0.01367,29.10
$IMU,26902.419,0.366,-0.122,-0.183,0.01660,1.01123,0.01416,29.10
$IMU,26902.421,0.366,-0.183,-0.183,0.01660,1.01123,0.01513,29.06
$IMU,26902.423,0.427,-0.122,-0.122,0.01806,1.01562,0.01318,29.06
$MAG,26902.425,-0.573,-0.516,-0.402,28.1
$IMU,26902.426,0.305,0.061,-0.122,0.01806,1.01367,0.01513,29.06
$IMU,26902.428,0.305,0.000,-0.122,0.02001,1.01318,0.01367,29.06
$IMU,26902.430,0.244,-0.183,-0.122,0.01757,1.01269,0.01416,29.06
$IMU,26902.433,0.183,-0.122,-0.122,0.01562,1.01220,0.01367,29.06
$MAG,26902.435,-0.567,-0.514,-0.408,28.0
$IMU,26902.435,0.061,-0.122,-0.183,0.01855,1.01074,0.01025,29.06
$IMU,26902.438,-0.061,0.000,-0.183,0.02099,1.01220,0.01123,29.06
$IMU,26902.440,-0.061,-0.061,-0.061,0.02148,1.01464,0.01025,29.07
$IMU,26902.442,-0.061,-0.122,-0.122,0.02197,1.01367,0.01123,29.07
$MAG,26902.445,-0.559,-0.522,-0.409,27.8
$IMU,26902.445,-0.305,-0.122,-0.061,0.01855,1.01513,0.01025,29.07
$IMU,26902.447,-0.366,-0.061,-0.061,0.01757,1.01171,0.00830,29.07
$IMU,26902.449,-0.427,-0.061,-0.061,0.02001,1.01464,0.01171,29.07
$IMU,26902.452,-0.488,-0.122,-0.122,0.01953,1.01318,0.01123,29.07
$IMU,26902.454,-0.671,0.000,0.000,0.01904,1.01220,0.01367,29.07
$MAG,26902.455,-0.561,-0.517,-0.409,27.8
$IMU,26902.456,-0.671,-0.122,-0.122,0.01806,1.01269,0.01416,29.07
$IMU,26902.459,-0.610,-0.183,-0.183,0.02001,1.01123,0.01171,29.08
$IMU,26902.461,-0.732,-0.061,-0.183,0.01757,1.01269,0.01025,29.08
$IMU,26902.463,-0.793,0.000,-0.183,0.02099,1.01123,0.01367,29.08
$MAG,26902.465,-0.573,-0.514,-0.399,28.1
$IMU,26902.466,-0.671,-0.061,-0.183,0.01904,1.01171,0.01513,29.08
$IMU,26902.468,-0.671,-0.183,-0.061,0.01904,1.01269,0.01318,29.08
$IMU,26902.470,-0.671,-0.244,-0.122,0.01611,1.01025,0.01416,29.08
$IMU,26902.473,-0.732,-0.061,-0.122,0.01513,1.01318,0.01416,29.08
$MAG,26902.475,-0.567,-0.514,-0.406,27.8
$IMU,26902.475,-0.732,0.061,-0.061,0.01953,1.01074,0.01513,29.08
$IMU,26902.477,-0.610,-0.061,-0.122,0.01855,1.01220,0.01855,29.08
$IMU,26902.480,-0.549,-0.122,-0.244,0.02294,1.01123,0.02099,29.08
$IMU,26902.482,-0.427,-0.183,-0.122,0.02001,1.01318,0.01708,29.08
$IMU,26902.484,-0.427,-0.122,-0.183,0.02099,1.01416,0.01513,29.08
$MAG,26902.485,-0.567,-0.519,-0.406,27.7
$IMU,26902.487,-0.427,-0.061,-0.183,0.01757,1.01220,0.01464,29.08
$IMU,26902.489,-0.305,-0.122,-0.244,0.01904,1.00927,0.01708,29.08
$IMU,26902.491,-0.244,0.000,-0.244,0.01904,1.01220,0.01562,29.08
$IMU,26902.494,-0.183,-0.122,-0.183,0.01953,1.01123,0.01611,29.08
$MAG,26902.495,-0.561,-0.514,-0.405,28.1
$IMU,26902.496,-0.061,-0.122,-0.244,0.02294,1.01562,0.01708,29.14
$IMU,26902.499,0.061,-0.122,-0.244,0.01855,1.01318,0.01513,29.14
$IMU,26902.501,0.061,-0.122,-0.244,0.01953,1.01562,0.01757,29.14
$IMU,26902.503,0.061,-0.183,-0.122,0.02197,1.01025,0.01708,29.14
$MAG,26902.505,-0.559,-0.516,-0.402,28.1
$IMU,26902.506,0.183,-0.183,-0.061,0.01757,1.01611,0.01367,29.14
$IMU,26902.508,0.244,-0.183,-0.122,0.01757,1.01220,0.01660,29.14
$IMU,26902.510,0.244,-0.122,-0.183,0.01855,1.01171,0.01855,29.14
$IMU,26902.513,0.244,0.000,-0.122,0.01855,1.01367,0.01464,29.14
$BARO,26902.514,86863.11,28.87
$MAG,26902.515,-0.567,-0.517,-0.411,27.8
$IMU,26902.515,0.244,-0.061,-0.183,0.01757,1.01025,0.01513,29.10
$IMU,26902.517,0.305,-0.122,-0.183,0.01708,1.00830,0.01318,29.10
$IMU,26902.520,0.305,-0.122,-0.122,0.01806,1.01220,0.01171,29.10
$IMU,26902.522,0.305,-0.244,-0.122,0.01806,1.01220,0.01660,29.10
$IMU,26902.524,0.122,0.000,-0.183,0.01562,1.01562,0.01318,29.10
$MAG,26902.526,-0.568,-0.520,-0.406,28.1
$IMU,26902.527,0.061,-0.183,-0.122,0.01660,1.01171,0.01611,29.10
$IMU,26902.529,-0.061,-0.122,-0.183,0.01855,1.01269,0.01367,29.10
$IMU,26902.531,-0.061,-0.061,-0.183,0.01708,1.01660,0.01318,29.10
$IMU,26902.534,-0.061,-0.183,-0.183,0.01757,1.01269,0.01611,29.13
$MAG,26902.536,-0.568,-0.525,-0.403,28.1
$IMU,26902.536,-0.244,-0.122,-0.183,0.01904,1.01318,0.01708,29.13
$IMU,26902.538,-0.244,-0.061,-0.122,0.01953,1.00976,0.01318,29.13
$IMU,26902.541,-0.305,0.000,-0.061,0.01904,1.01074,0.01416,29.13
$IMU,26902.543,-0.305,0.000,-0.061,0.01757,1.01464,0.01416,29.13
$IMU,26902.545,-0.244,-0.122,-0.122,0.02001,1.01074,0.01367,29.13
$MAG,26902.546,-0.567,-0.520,-0.412,27.8
$IMU,26902.548,-0.244,-0.122,-0.122,0.02099,1.01074,0.01464,29.13
$IMU,26902.550,-0.305,-0.244,-0.061,0.01855,1.01171,0.01562,29.13
$IMU,26902.552,-0.244,-0.061,-0.061,0.02099,1.01367,0.01513,29.08
$IMU,26902.555,-0.305,-0.183,-0.061,0.01904,1.01025,0.01416,29.08
$MAG,26902.556,-0.571,-0.519,-0.412,27.7
$IMU,26902.557,-0.305,-0.305,-0.061,0.02197,1.01318,0.01367,29.08
$IMU,26902.560,-0.366,-0.122,0.000,0.02050,1.01220,0.01660,29.08
$IMU,26902.562,-0.427,-0.122,-0.122,0.02148,1.01171,0.01513,29.08
$IMU,26902.564,-0.488,-0.061,-0.061,0.02099,1.01269,0.01464,29.08
$MAG,26902.566,-0.561,-0.510,-0.408,27.7
$IMU,26902.567,-0.488,0.000,-0.061,0.02197,1.01220,0.01464,29.08
$IMU,26902.569,-0.366,-0.061,-0.183,0.01953,1.01513,0.01660,29.08
$IMU,26902.571,-0.488,-0.061,-0.244,0.01953,1.01513,0.01611,29.11
$IMU,26902.574,-0.488,-0.061,-0.183,0.02001,1.01660,0.01708,29.11
$MAG,26902.576,-0.570,-0.517,-0.400,28.1
$IMU,26902.576,-0.549,0.000,-0.122,0.01806,1.01367,0.01611,29.11
$IMU,26902.578,-0.488,0.122,-0.122,0.01953,1.01513,0.01318,29.11
$IMU,26902.581,-0.427,-0.183,-0.122,0.02099,1.01220,0.01513,29.11
$IMU,26902.583,-0.305,-0.183,-0.183,0.02050,1.01171,0.01513,29.11
$IMU,26902.585,-0.183,-0.183,-0.305,0.01660,1.01025,0.01416,29.11
$MAG,26902.586,-0.568,-0.516,-0.405,27.7
$IMU,26902.588,-0.305,-0.122,-0.244,0.02148,1.01269,0.01513,29.11
$IMU,26902.590,-0.183,-0.122,-0.183,0.01953,1.01367,0.01513,29.10
$IMU,26902.592,-0.183,-0.061,-0.183,0.01904,1.01464,0.01757,29.10
$IMU,26902.595,-0.183,0.000,-0.244,0.02001,1.01123,0.01367,29.10
$MAG,26902.596,-0.555,-0.523,-0.409,27.7
$IMU,26902.597,0.000,-0.244,-0.183,0.01904,1.01220,0.01660,29.10
$IMU,26902.599,0.000,-0.061,-0.183,0.02001,1.01025,0.01220,29.10
$IMU,26902.602,0.061,0.000,-0.183,0.01806,1.01416,0.01318,29.10
$IMU,26902.604,0.183,-0.061,-0.244,0.01904,1.01562,0.01416,29.10
$MAG,26902.606,-0.565,-0.523,-0.412,27.7
$IMU,26902.606,0.305,-0.061,-0.183,0.01806,1.01269,0.01660,29.10
$IMU,26902.609,0.244,-0.061,-0.244,0.01953,1.01220,0.01757,29.11
$IMU,26902.611,0.183,-0.122,-0.305,0.01953,1.01269,0.01416,29.11
$IMU,26902.613,0.305,-0.061,-0.244,0.01757,1.00830,0.01416,29.11
$BARO,26902.615,86874.49,28.88
$MAG,26902.616,-0.556,-0.516,-0.406,27.7
$IMU,26902.616,0.244,-0.061,-0.244,0.01416,1.00830,0.01562,29.11
$IMU,26902.618,0.305,-0.122,-0.244,0.01904,1.00976,0.01367,29.11
$IMU,26902.621,0.366,-0.183,-0.244,0.01660,1.01464,0.01220,29.11
$IMU,26902.623,0.305,-0.183,-0.122,0.01708,1.01074,0.01220,29.11
$IMU,26902.625,0.183,-0.061,-0.122,0.01708,1.00976,0.01318,29.11
$MAG,26902.627,-0.565,-0.513,-0.405,28.0
$IMU,26902.628,0.183,0.000,-0.122,0.01611,1.01464,0.01269,29.09
$IMU,26902.630,0.183,-0.061,-0.183,0.01953,1.01318,0.01513,29.09
$IMU,26902.632,0.061,-0.061,-0.122,0.01904,1.01513,0.01513,29.09
$IMU,26902.635,0.061,-0.244,-0.122,0.01855,1.01367,0.01318,29.09
$MAG,26902.637,-0.565,-0.519,-0.409,28.1
$IMU,26902.637,-0.061,-0.122,-0.122,0.01708,1.01171,0.01416,29.09
$IMU,26902.639,-0.183,0.000,-0.122,0.02197,1.01367,0.01123,29.09
$IMU,26902.642,-0.305,-0.122,-0.122,0.01611,1.01660,0.01171,29.09
$IMU,26902.644,-0.366,-0.122,-0.061,0.01855,1.01220,0.01220,29.09
$IMU,26902.646,-0.366,-0.183,-0.061,0.01611,1.01123,0.01025,29.10
$MAG,26902.647,-0.556,-0.523,-0.405,28.1
$IMU,26902.649,-0.488,-0.244,-0.122,0.01855,1.01269,0.01464,29.10
$IMU,26902.651,-0.488,-0.122,-0.122,0.01757,1.01220,0.01318,29.10
$IMU,26902.653,-0.610,-0.061,-0.183,0.02050,1.01318,0.01074,29.10
$IMU,26902.656,-0.488,-0.183,-0.183,0.01660,1.01318,0.01269,29.10
$MAG,26902.657,-0.561,-0.522,-0.409,27.8
$IMU,26902.658,-0.366,-0.122,-0.122,0.01806,1.01416,0.01513,29.10
$IMU,26902.660,-0.305,-0.183,-0.122,0.01757,1.01269,0.01220,29.10
$IMU,26902.663,-0.244,-0.244,-0.122,0.01708,1.01074,0.01367,29.10
$IMU,26902.665,-0.244,0.000,-0.061,0.01562,1.01074,0.01269,29.11
$MAG,26902.667,-0.567,-0.519,-0.405,28.0
$IMU,26902.667,-0.183,0.000,-0.061,0.01757,1.01318,0.01416,29.11
$IMU,26902.670,-0.183,-0.183,-0.183,0.01953,1.01074,0.01416,29.11
$IMU,26902.672,0.000,-0.244,-0.061,0.02099,1.01171,0.01611,29.11
$IMU,26902.674,0.061,-0.183,-0.122,0.02148,1.01318,0.01171,29.11
$MAG,26902.677,-0.570,-0.517,-0.409,27.8
$IMU,26902.677,0.000,-0.061,-0.183,0.01904,1.01269,0.01220,29.11
$IMU,26902.679,0.061,-0.061,-0.183,0.02148,1.01367,0.01074,29.11
$IMU,26902.682,0.183,-0.122,-0.061,0.02001,1.01123,0.01367,29.11
$IMU,26902.684,0.061,-0.122,-0.122,0.02050,1.01025,0.01220,29.12
$IMU,26902.686,0.000,-0.122,-0.122,0.02343,1.01025,0.01318,29.12
$MAG,26902.687,-0.570,-0.519,-0.414,27.8
$IMU,26902.689,0.061,-0.122,-0.122,0.02148,1.01562,0.01171,29.12
$VBAT,26902.689,4.127
$IMU,26902.691,-0.061,-0.061,-0.122,0.01806,1.01464,0.01220,29.12
$IMU,26902.693,0.000,0.000,-0.244,0.01904,1.01611,0.01318,29.12
$IMU,26902.696,0.000,-0.122,-0.122,0.02099,1.01171,0.01513,29.12
$MAG,26902.697,-0.570,-0.528,-0.400,27.8
$IMU,26902.698,-0.061,-0.122,-0.122,0.01660,1.01464,0.01220,29.12
$IMU,26902.700,-0.183,-0.061,-0.183,0.01611,1.01562,0.01220,29.12
$IMU,26902.703,-0.244,-0.122,-0.122,0.01953,1.01074,0.01318,29.08
$IMU,26902.705,-0.244,0.000,-0.122,0.02099,1.01123,0.01318,29.08
$MAG,26902.707,-0.567,-0.516,-0.399,28.0
$IMU,26902.707,-0.305,-0.122,-0.122,0.01513,1.01171,0.01269,29.08
$IMU,26902.710,-0.244,-0.244,-0.122,0.01806,1.01269,0.01025,29.08
$IMU,26902.712,-0.183,-0.183,-0.183,0.01904,1.01025,0.01416,29.08
$IMU,26902.714,-0.305,-0.122,-0.122,0.01953,1.01171,0.01611,29.08
$BARO,26902.717,86864.43,28.88
$MAG,26902.717,-0.564,-0.516,-0.405,27.8
$IMU,26902.717,-0.366,-0.061,-0.061,0.01953,1.01464,0.01367,29.08
$IMU,26902.719,-0.366,-0.122,-0.183,0.02001,1.01171,0.01367,29.08
$IMU,26902.721,-0.366,-0.122,-0.183,0.02099,1.01513,0.01367,29.14
$IMU,26902.724,-0.488,-0.183,-0.122,0.01904,1.01416,0.01611,29.14
$IMU,26902.726,-0.549,-0.061,-0.183,0.02001,1.01220,0.01562,29.14
$MAG,26902.727,-0.562,-0.517,-0.403,28.0
$IMU,26902.728,-0.610,0.122,-0.244,0.01953,1.01171,0.01464,29.14
$IMU,26902.731,-0.488,-0.061,-0.183,0.01513,1.01171,0.01367,29.14
$IMU,26902.733,-0.488,-0.183,-0.183,0.01855,1.01269,0.01416,29.14
$IMU,26902.735,-0.488,-0.122,-0.061,0.01904,1.01220,0.01660,29.14
$MAG,26902.738,-0.564,-0.516,-0.406,28.0
$IMU,26902.738,-0.549,-0.061,-0.061,0.01708,1.00878,0.01855,29.14
$IMU,26902.740,-0.427,-0.183,-0.122,0.01855,1.01318,0.01464,29.10
$IMU,26902.743,-0.549,-0.061,-0.122,0.01855,1.01025,0.01855,29.10
$IMU,26902.745,-0.427,-0.183,-0.061,0.01757,1.01318,0.01611,29.10
$IMU,26902.747,-0.427,-0.122,-0.183,0.01855,1.01562,0.01660,29.10
$MAG,26902.748,-0.565,-0.511,-0.399,28.1
$IMU,26902.750,-0.244,-0.183,-0.244,0.02001,1.01269,0.01660,29.10
$IMU,26902.752,-0.305,0.000,-0.183,0.01953,1.01074,0.01757,29.10
$IMU,26902.754,-0.244,-0.061,-0.183,0.01708,1.01611,0.01904,29.10
$IMU,26902.757,-0.305,0.000,-0.183,0.01611,1.01464,0.01757,29.10
$MAG,26902.758,-0.565,-0.519,-0.403,27.7
$IMU,26902.759,-0.183,-0.061,-0.183,0.01904,1.01171,0.01660,29.11
$IMU,26902.761,-0.061,-0.183,-0.122,0.02001,1.01123,0.01464,29.11
$IMU,26902.764,0.000,-0.183,-0.061,0.02050,1.01269,0.01660,29.11
$IMU,26902.766,0.000,-0.122,-0.122,0.02148,1.01416,0.01562,29.11
$MAG,26902.768,-0.568,-0.520,-0.399,28.0
$IMU,26902.768,0.122,-0.122,-0.183,0.02050,1.01171,0.01611,29.11
$IMU,26902.771,0.183,-0.183,-0.183,0.01757,1.01269,0.01660,29.11
$IMU,26902.773,0.122,-0.183,-0.183,0.02099,1.01123,0.01513,29.11
$IMU,26902.775,0.244,-0.305,-0.183,0.01464,1.01513,0.01513,29.11
$MAG,26902.778,-0.577,-0.514,-0.411,28.1
$IMU,26902.778,0.305,-0.305,-0.183,0.01611,1.01367,0.01708,29.11
$IMU,26902.780,0.244,-0.061,-0.183,0.01708,1.01123,0.01513,29.11
$IMU,26902.782,0.244,-0.061,-0.183,0.01904,1.01562,0.01562,29.11
$IMU,26902.785,0.366,-0.183,-0.122,0.01953,1.01464,0.01708,29.11
$IMU,26902.787,0.366,-0.183,-0.122,0.02001,1.01513,0.01513,29.11
$MAG,26902.788,-0.565,-0.522,-0.406,28.1
$IMU,26902.789,0.366,-0.183,-0.122,0.01904,1.01513,0.01367,29.11
$IMU,26902.792,0.305,-0.061,-0.061,0.01660,1.01123,0.01611,29.11
$IMU,26902.794,0.305,0.000,-0.061,0.02050,1.01123,0.01220,29.11
$IMU,26902.796,0.244,0.000,-0.122,0.01855,1.01220,0.01220,29.14
$MAG,26902.798,-0.564,-0.520,-0.412,28.0
$IMU,26902.799,0.366,-0.183,0.000,0.02148,1.01220,0.01220,29.14
$IMU,26902.801,0.427,-0.366,0.000,0.02148,1.01318,0.01318,29.14
$IMU,26902.803,0.305,-0.183,-0.061,0.02197,1.01464,0.01318,29.14
$IMU,26902.806,0.183,-0.061,-0.122,0.02441,1.01318,0.01269,29.14
$MAG,26902.808,-0.565,-0.511,-0.394,27.8
$IMU,26902.808,0.183,-0.122,-0.122,0.02392,1.01318,0.01074,29.14
$IMU,26902.811,0.061,-0.122,-0.061,0.02050,1.01611,0.01220,29.14
$IMU,26902.813,-0.061,-0.061,-0.122,0.02197,1.01171,0.01513,29.14
$IMU,26902.815,-0.061,-0.122,-0.122,0.02294,1.01464,0.01269,29.11
$BARO,26902.818,86872.28,28.88
$MAG,26902.818,-0.570,-0.519,-0.409,28.1
$IMU,26902.818,-0.061,-0.122,-0.122,0.01953,1.01464,0.01464,29.11
$IMU,26902.820,-0.183,-0.061,-0.061,0.02099,1.01318,0.01416,29.11
$IMU,26902.822,-0.183,0.000,-0.122,0.02001,1.01660,0.01171,29.11
$IMU,26902.825,-0.244,-0.122,-0.061,0.02050,1.01171,0.01367,29.11
$IMU,26902.827,-0.183,-0.244,-0.061,0.02246,1.01025,0.01171,29.11
$MAG,26902.828,-0.568,-0.505,-0.411,27.7
$IMU,26902.829,-0.183,-0.183,-0.122,0.02539,1.01123,0.01464,29.11
$IMU,26902.832,-0.305,-0.122,-0.183,0.02148,1.00878,0.01318,29.11
$IMU,26902.834,-0.305,-0.183,-0.183,0.02148,1.01074,0.01074,29.10
$IMU,26902.836,-0.244,-0.183,-0.244,0.02001,1.01074,0.01318,29.10
$MAG,26902.838,-0.561,-0.513,-0.403,27.6
$IMU,26902.839,-0.183,-0.122,-0.122,0.01660,1.00927,0.01269,29.10
$IMU,26902.841,-0.183,-0.244,-0.122,0.01757,1.01513,0.01025,29.10
$IMU,26902.843,-0.183,-0.122,-0.122,0.02197,1.01367,0.01367,29.10
$IMU,26902.846,-0.244,-0.122,-0.183,0.01953,1.01464,0.01269,29.10
$IMU,26902.848,-0.244,0.000,-0.244,0.02099,1.01074,0.01025,29.10
$MAG,26902.849,-0.570,-0.516,-0.408,28.1
$IMU,26902.850,-0.183,-0.183,-0.244,0.02001,1.01123,0.01367,29.10
$IMU,26902.853,-0.122,-0.122,-0.244,0.02148,1.01025,0.01123,29.11
$IMU,26902.855,-0.122,-0.061,-0.305,0.01953,1.01220,0.01464,29.11
$IMU,26902.857,-0.183,0.000,-0.305,0.01855,1.01171,0.01611,29.11
$MAG,26902.859,-0.565,-0.516,-0.409,28.0
$IMU,26902.860,-0.122,-0.061,-0.244,0.01806,1.01220,0.01562,29.11
$IMU,26902.862,-0.122,-0.122,-0.183,0.01855,1.01074,0.01416,29.11
$IMU,26902.864,-0.122,-0.122,-0.183,0.01660,1.01220,0.01416,29.11
$IMU,26902.867,-0.122,-0.305,-0.183,0.01806,1.01318,0.01269,29.11
$MAG,26902.869,-0.567,-0.522,-0.405,28.1
$IMU,26902.869,-0.122,-0.122,-0.244,0.01416,1.01513,0.01464,29.11
$IMU,26902.872,-0.183,-0.061,-0.244,0.01611,1.01220,0.01318,29.10
$IMU,26902.874,-0.183,-0.183,-0.183,0.01708,1.01025,0.01611,29.10
$IMU,26902.876,-0.244,-0.244,-0.244,0.01757,1.01171,0.01367,29.10
$MAG,26902.879,-0.567,-0.517,-0.406,28.1
$IMU,26902.879,-0.366,-0.061,-0.183,0.02050,1.01367,0.01611,29.10
$IMU,26902.881,-0.427,-0.061,-0.122,0.01464,1.01269,0.01660,29.10
$IMU,26902.883,-0.488,0.000,-0.122,0.02148,1.01123,0.01464,29.10
$IMU,26902.886,-0.427,-0.061,-0.183,0.02050,1.01318,0.01318,29.10
$IMU,26902.888,-0.488,-0.122,-0.061,0.01904,1.01464,0.01708,29.10
$MAG,26902.889,-0.564,-0.517,-0.405,28.0
$IMU,26902.890,-0.488,-0.122,-0.122,0.01904,1.01074,0.01513,29.08
$IMU,26902.893,-0.610,-0.061,-0.122,0.01611,1.01416,0.01708,29.08
$IMU,26902.895,-0.488,-0.061,-0.061,0.01855,1.01025,0.01464,29.08
$IMU,26902.897,-0.427,-0.183,-0.061,0.01904,1.01464,0.01367,29.08
$MAG,26902.899,-0.570,-0.507,-0.411,28.1
$IMU,26902.900,-0.427,-0.183,-0.061,0.01855,1.01367,0.01513,29.08
$IMU,26902.902,-0.305,-0.122,0.000,0.01806,1.01123,0.01562,29.08
$IMU,26902.904,-0.183,-0.305,-0.061,0.01953,1.01318,0.01611,29.08
$IMU,26902.907,-0.183,-0.061,-0.061,0.02197,1.01123,0.01611,29.08
$MAG,26902.909,-0.568,-0.517,-0.405,27.8
$IMU,26902.909,-0.122,0.000,-0.061,0.02392,1.01318,0.01269,29.14
$IMU,26902.911,0.122,-0.244,-0.061,0.02343,1.01416,0.01757,29.14
$IMU,26902.914,0.244,-0.244,-0.122,0.02050,1.01074,0.01269,29.14
$IMU,26902.916,0.427,-0.305,-0.183,0.01708,1.01464,0.01464,29.14
$IMU,26902.918,0.427,-0.122,-0.244,0.02197,1.01123,0.01562,29.14
$MAG,26902.919,-0.562,-0.516,-0.400,27.8
$BARO,26902.920,86866.38,28.89
$IMU,26902.921,0.488,-0.122,-0.183,0.01904,1.01171,0.01611,29.14
$IMU,26902.923,0.549,-0.061,-0.183,0.01855,1.00830,0.01416,29.14
$IMU,26902.925,0.549,0.000,-0.122,0.01855,1.01123,0.01367,29.14
$IMU,26902.928,0.732,-0.244,-0.183,0.01806,1.00976,0.01025,29.14
$MAG,26902.929,-0.562,-0.516,-0.403,27.7
$IMU,26902.930,0.671,-0.122,-0.122,0.01904,1.01269,0.01269,29.14
$IMU,26902.933,0.671,-0.061,-0.183,0.01953,1.01220,0.01123,29.14
$IMU,26902.935,0.549,0.000,-0.122,0.01806,1.01367,0.01220,29.14
$IMU,26902.937,0.488,0.000,-0.122,0.01708,1.01464,0.01074,29.14
$MAG,26902.939,-0.562,-0.516,-0.414,28.1
$IMU,26902.940,0.488,-0.183,-0.183,0.02050,1.01806,0.01171,29.14
$IMU,26902.942,0.305,-0.244,-0.183,0.02001,1.01611,0.01220,29.14
$IMU,26902.944,0.305,-0.244,-0.244,0.02050,1.01562,0.01269,29.14
$IMU,26902.947,0.061,-0.183,-0.122,0.02001,1.01269,0.00927,29.12
$MAG,26902.949,-0.571,-0.511,-0.406,28.1
$IMU,26902.949,-0.061,0.000,-0.122,0.01757,1.01171,0.00732,29.12
$IMU,26902.951,-0.061,-0.122,-0.061,0.02001,1.01269,0.01025,29.12
$IMU,26902.954,-0.183,-0.183,-0.122,0.02148,1.01513,0.01220,29.12
$IMU,26902.956,-0.488,-0.061,-0.061,0.02050,1.01513,0.00976,29.12
$IMU,26902.958,-0.610,-0.061,-0.061,0.02148,1.01562,0.01025,29.12
$MAG,26902.960,-0.564,-0.517,-0.406,28.0
$IMU,26902.961,-0.671,-0.061,-0.122,0.02050,1.01269,0.01220,29.12
$IMU,26902.963,-0.793,-0.061,-0.183,0.02050,1.01171,0.01318,29.12
$IMU,26902.965,-0.915,-0.122,-0.183,0.01806,1.01220,0.01318,29.11
$IMU,26902.968,-0.854,-0.183,-0.061,0.02246,1.01318,0.01220,29.11
$MAG,26902.970,-0.564,-0.528,-0.411,28.1
$IMU,26902.970,-0.915,-0.183,-0.122,0.02441,1.01464,0.01611,29.11
$IMU,26902.972,-1.037,-0.061,-0.122,0.02099,1.01367,0.01416,29.11
$IMU,26902.975,-0.976,-0.122,-0.061,0.02001,1.01464,0.01318,29.11
$IMU,26902.977,-0.915,-0.244,-0.122,0.02197,1.01171,0.01513,29.11
$IMU,26902.979,-0.915,-0.244,-0.183,0.01611,1.01416,0.01513,29.11
$MAG,26902.980,-0.561,-0.516,-0.414,28.1
$IMU,26902.982,-0.854,-0.183,-0.122,0.01757,1.01367,0.01611,29.11
$IMU,26902.984,-0.610,-0.183,-0.183,0.01953,1.01318,0.01513,29.10
$IMU,26902.986,-0.549,-0.244,-0.122,0.02050,1.01367,0.01367,29.10
$IMU,26902.989,-0.488,-0.183,-0.122,0.01806,1.01220,0.01611,29.10
$MAG,26902.990,-0.567,-0.508,-0.403,27.7
$IMU,26902.991,-0.366,-0.183,-0.183,0.01757,1.01220,0.01855,29.10
$IMU,26902.994,-0.244,-0.183,-0.244,0.01806,1.01171,0.01562,29.10
$IMU,26902.996,-0.183,-0.061,-0.183,0.01904,1.01269,0.01464,29.10
$IMU,26902.998,-0.061,-0.061,-0.244,0.01904,1.00781,0.01562,29.10
$MAG,26903.000,-0.565,-0.517,-0.400,27.7
$IMU,26903.001,0.122,-0.061,-0.305,0.01757,1.01269,0.01416,29.10
$IMU,26903.003,0.366,-0.244,-0.244,0.01464,1.01318,0.01611,29.10
$IMU,26903.005,0.488,-0.366,-0.244,0.01611,1.00976,0.01806,29.10
$IMU,26903.008,0.427,-0.061,-0.305,0.01562,1.01367,0.01416,29.10
$MAG,26903.010,-0.565,-0.513,-0.400,27.8
$IMU,26903.010,0.427,-0.061,-0.183,0.01513,1.01464,0.01562,29.10
$IMU,26903.012,0.610,0.000,-0.183,0.01562,1.01367,0.01416,29.10
$IMU,26903.015,0.732,-0.183,-0.183,0.01806,1.01464,0.01367,29.10
$IMU,26903.017,0.671,-0.244,-0.183,0.01806,1.01611,0.01660,29.10
$IMU,26903.019,0.610,-0.122,-0.183,0.01611,1.01220,0.01464,29.10
$MAG,26903.020,-0.564,-0.522,-0.400,27.7
$BARO,26903.021,86860.48,28.89
$IMU,26903.022,0.549,-0.061,-0.122,0.01855,1.01464,0.01464,29.12
$IMU,26903.024,0.427,-0.061,-0.183,0.02050,1.01269,0.01367,29.12
$IMU,26903.026,0.549,-0.183,-0.122,0.01953,1.00976,0.01562,29.12
$IMU,26903.029,0.488,-0.183,0.000,0.01708,1.01220,0.01464,29.12
$MAG,26903.030,-0.549,-0.519,-0.402,27.8
$IMU,26903.031,0.305,0.000,-0.122,0.01953,1.01220,0.01269,29.12
$IMU,26903.033,0.244,-0.061,0.000,0.02001,1.01074,0.01367,29.12
$IMU,26903.036,0.305,-0.305,0.000,0.01757,1.01562,0.01464,29.12
$IMU,26903.038,0.061,0.000,0.000,0.02246,1.01367,0.01171,29.12
$MAG,26903.040,-0.576,-0.513,-0.400,28.1
$IMU,26903.040,0.000,-0.183,-0.061,0.02148,1.01367,0.01074,29.09
$IMU,26903.043,-0.061,-0.061,-0.061,0.02001,1.01025,0.01220,29.09
$IMU,26903.045,-0.244,0.000,0.000,0.01855,1.01611,0.01269,29.09
$IMU,26903.047,-0.305,-0.061,-0.061,0.01953,1.01269,0.01269,29.09
$MAG,26903.050,-0.576,-0.514,-0.406,28.0
$IMU,26903.050,-0.305,-0.183,-0.061,0.02050,1.01123,0.01171,29.09
$IMU,26903.052,-0.366,-0.122,0.000,0.01953,1.01318,0.01220,29.09
$IMU,26903.055,-0.427,-0.122,0.000,0.02001,1.00976,0.01171,29.09
$IMU,26903.057,-0.366,-0.183,0.061,0.02294,1.01367,0.01123,29.09
$IMU,26903.059,-0.488,-0.244,0.000,0.02246,1.01464,0.01367,29.11
$MAG,26903.060,-0.568,-0.514,-0.402,27.7
$IMU,26903.062,-0.610,0.000,-0.122,0.01953,1.01123,0.01416,29.11
$IMU,26903.064,-0.488,-0.061,-0.122,0.01953,1.01367,0.01562,29.11
$IMU,26903.066,-0.488,-0.122,-0.122,0.02050,1.01318,0.01416,29.11
$IMU,26903.069,-0.427,-0.183,-0.061,0.02099,1.00878,0.01416,29.11
$MAG,26903.071,-0.574,-0.522,-0.408,27.7
$IMU,26903.071,-0.366,-0.122,-0.122,0.02148,1.00976,0.01562,29.11
$IMU,26903.073,-0.366,0.061,-0.183,0.01855,1.01123,0.01416,29.11
$IMU,26903.076,-0.183,-0.061,-0.183,0.02001,1.01318,0.01269,29.11
$IMU,26903.078,-0.122,-0.061,-0.244,0.02001,1.01074,0.01269,29.08
$IMU,26903.080,-0.061,-0.183,-0.244,0.02148,1.01318,0.01123,29.08
$MAG,26903.081,-0.565,-0.517,-0.403,27.8
$IMU,26903.083,0.000,0.000,-0.183,0.02050,1.01171,0.01464,29.08
$IMU,26903.085,0.000,-0.061,-0.244,0.01904,1.01171,0.01464,29.08
$IMU,26903.087,0.122,-0.061,-0.244,0.01757,1.00927,0.01416,29.08
$IMU,26903.090,0.183,-0.183,-0.244,0.02050,1.00878,0.01416,29.08
$MAG,26903.091,-0.555,-0.514,-0.405,27.7
$IMU,26903.092,0.305,-0.183,-0.305,0.02246,1.01269,0.01416,29.08
$HUM,26903.093,34.6,29.3
$IMU,26903.094,0.366,-0.305,-0.244,0.02148,1.01269,0.01171,29.08
$IMU,26903.097,0.244,-0.061,-0.183,0.01757,1.01074,0.01513,29.10
$IMU,26903.099,0.183,-0.061,-0.183,0.02050,1.01318,0.01416,29.10
$MAG,26903.101,-0.558,-0.510,-0.402,27.8
$IMU,26903.101,0.244,-0.183,-0.244,0.02050,1.01367,0.00927,29.10
$IMU,26903.104,0.305,-0.244,-0.183,0.02099,1.01318,0.01367,29.10
$IMU,26903.106,0.244,-0.366,-0.244,0.01708,1.01416,0.01220,29.10
$IMU,26903.108,0.061,-0.122,-0.122,0.01855,1.01367,0.01220,29.10
$MAG,26903.111,-0.561,-0.519,-0.405,27.8
$IMU,26903.111,0.000,-0.122,-0.183,0.01904,1.01318,0.01416,29.10
$IMU,26903.113,-0.122,-0.061,-0.183,0.01855,1.01269,0.01269,29.10
$IMU,26903.116,-0.183,-0.122,-0.122,0.02197,1.01416,0.01123,29.12
$IMU,26903.118,-0.244,-0.183,-0.122,0.02001,1.01416,0.01318,29.12
$IMU,26903.120,-0.366,-0.183,-0.061,0.01806,1.00976,0.01416,29.12
$MAG,26903.121,-0.565,-0.520,-0.400,27.7
$BARO,26903.122,86863.16,28.89
$IMU,26903.123,-0.427,0.000,-0.061,0.02099,1.01123,0.01220,29.12
$IMU,26903.125,-0.549,0.000,-0.061,0.02050,1.01074,0.01220,29.12
$IMU,26903.127,-0.549,-0.061,0.000,0.02001,1.01220,0.01416,29.12
$IMU,26903.130,-0.488,-0.122,0.000,0.02001,1.01367,0.01464,29.12
$MAG,26903.131,-0.562,-0.510,-0.405,27.7
$IMU,26903.132,-0.549,-0.122,-0.061,0.02148,1.01220,0.01464,29.12
$IMU,26903.134,-0.488,-0.305,-0.061,0.02050,1.01318,0.01464,29.12
$IMU,26903.137,-0.610,0.000,0.000,0.02490,1.01123,0.01367,29.12
$IMU,26903.139,-0.671,-0.061,0.061,0.02099,1.01367,0.01464,29.12
$MAG,26903.141,-0.558,-0.517,-0.412,27.7
$IMU,26903.141,-0.610,-0.183,0.061,0.02294,1.01171,0.01562,29.12
$IMU,26903.144,-0.549,0.000,-0.061,0.02050,1.01171,0.01562,29.12
$IMU,26903.146,-0.427,-0.244,-0.122,0.01904,1.00976,0.01220,29.12
$IMU,26903.148,-0.488,-0.122,0.000,0.01904,1.01171,0.01562,29.12
$MAG,26903.151,-0.570,-0.516,-0.412,27.8
$IMU,26903.151,-0.488,-0.122,-0.061,0.02246,1.00976,0.01416,29.12
$IMU,26903.153,-0.305,-0.122,0.000,0.02197,1.01367,0.01757,29.08
$IMU,26903.155,-0.244,-0.061,-0.122,0.02050,1.01464,0.01220,29.08
$IMU,26903.158,-0.122,-0.183,-0.122,0.02001,1.01123,0.01611,29.08
$IMU,26903.160,-0.122,0.000,-0.061,0.02050,1.01123,0.01464,29.08
$MAG,26903.161,-0.573,-0.514,-0.403,27.8
$IMU,26903.162,-0.061,0.000,-0.061,0.02148,1.01367,0.01464,29.08
$IMU,26903.165,0.122,-0.183,-0.183,0.02050,1.01611,0.01464,29.08
$IMU,26903.167,0.366,-0.305,-0.183,0.01904,1.01123,0.01708,29.08
$IMU,26903.169,0.305,-0.122,-0.183,0.02148,1.00927,0.01660,29.08
$MAG,26903.171,-0.565,-0.514,-0.406,28.0
$IMU,26903.172,0.305,-0.061,-0.183,0.02099,1.01123,0.01464,29.07
$IMU,26903.174,0.305,0.000,-0.183,0.02392,1.01562,0.01318,29.07
$IMU,26903.177,0.366,-0.061,-0.183,0.02246,1.01416,0.01220,29.07
$IMU,26903.179,0.488,-0.122,-0.183,0.02246,1.01416,0.01171,29.07
$IMU,26903.181,0.549,-0.183,-0.183,0.02001,1.01660,0.01269,29.07
$MAG,26903.182,-0.568,-0.519,-0.405,27.7
$IMU,26903.184,0.366,-0.061,-0.183,0.01953,1.01025,0.01220,29.07
$IMU,26903.186,0.366,-0.061,-0.244,0.01953,1.01904,0.01318,29.07
$IMU,26903.188,0.427,0.000,-0.244,0.02099,1.01416,0.01220,29.07
$IMU,26903.191,0.366,-0.061,-0.183,0.02050,1.01220,0.00878,29.12
$MAG,26903.192,-0.573,-0.517,-0.403,28.0
$IMU,26903.193,0.427,-0.305,-0.305,0.01757,1.01171,0.01416,29.12
$IMU,26903.195,0.366,-0.183,-0.244,0.01611,1.01171,0.01074,29.12
$IMU,26903.198,0.183,-0.061,-0.183,0.01806,1.01416,0.01220,29.12
$IMU,26903.200,0.122,-0.061,-0.183,0.01660,1.01025,0.01123,29.12
$MAG,26903.202,-0.568,-0.520,-0.412,28.0
$IMU,26903.202,0.122,-0.122,-0.244,0.01806,1.01318,0.01074,29.12
$IMU,26903.205,0.183,-0.183,-0.122,0.01904,1.00927,0.00927,29.12
$IMU,26903.207,0.061,-0.183,-0.122,0.01806,1.01269,0.01367,29.12
$IMU,26903.209,0.000,-0.244,-0.122,0.01757,1.01367,0.01171,29.12
$MAG,26903.212,-0.562,-0.511,-0.409,27.8
$IMU,26903.212,-0.183,-0.061,-0.122,0.01757,1.01025,0.01025,29.12
$IMU,26903.214,-0.244,0.061,-0.183,0.02050,1.01123,0.00927,29.12
$IMU,26903.216,-0.244,-0.183,-0.183,0.01708,1.01025,0.00732,29.12
$IMU,26903.219,-0.305,-0.122,-0.061,0.01953,1.01171,0.01074,29.12
$IMU,26903.221,-0.366,-0.183,-0.183,0.01953,1.01171,0.01074,29.12
$MAG,26903.222,-0.570,-0.514,-0.408,27.7
$IMU,26903.223,-0.488,0.000,-0.122,0.01806,1.01123,0.01025,29.12
$BARO,26903.224,86873.91,28.90
$IMU,26903.226,-0.549,0.000,-0.122,0.01757,1.01123,0.00976,29.12
$IMU,26903.228,-0.488,-0.244,-0.122,0.01416,1.01416,0.00781,29.10
$IMU,26903.230,-0.549,-0.183,-0.122,0.01953,1.01513,0.01025,29.10
$TIME,26903.231,510818.000,2399
$MAG,26903.232,-0.571,-0.508,-0.405,28.1
$IMU,26903.233,-0.610,0.000,-0.122,0.01953,1.00976,0.01171,29.10
$IMU,26903.235,-0.732,0.122,-0.122,0.02050,1.01367,0.01220,29.10
$IMU,26903.238,-0.610,-0.061,0.000,0.02099,1.01367,0.01318,29.10
$IMU,26903.240,-0.610,-0.183,0.000,0.01806,1.01611,0.01367,29.10
$MAG,26903.242,-0.568,-0.516,-0.403,28.1
$IMU,26903.242,-0.671,0.000,0.000,0.01806,1.01171,0.01220,29.10
$IMU,26903.245,-0.549,-0.305,-0.061,0.02197,1.01416,0.01269,29.10
$IMU,26903.247,-0.610,-0.183,0.000,0.02001,1.01269,0.01611,29.10
$IMU,26903.249,-0.488,-0.122,-0.183,0.01806,1.01464,0.01220,29.10
$MAG,26903.252,-0.565,-0.517,-0.406,28.1
$IMU,26903.252,-0.366,-0.183,-0.183,0.02197,1.01464,0.01123,29.10
$IMU,26903.254,-0.366,-0.061,-0.122,0.02001,1.01416,0.01513,29.10
$IMU,26903.256,-0.366,0.061,-0.122,0.01855,1.01318,0.01562,29.10
$IMU,26903.259,-0.122,-0.305,-0.183,0.01806,1.01318,0.01513,29.10
$IMU,26903.261,-0.122,-0.305,-0.122,0.01757,1.01318,0.01513,29.10
$MAG,26903.262,-0.555,-0.526,-0.409,27.8
$IMU,26903.263,0.000,-0.122,-0.122,0.01904,1.01123,0.01562,29.10
$IMU,26903.266,-0.061,-0.061,-0.183,0.01660,1.01660,0.01318,29.13
$IMU,26903.268,0.122,-0.183,-0.183,0.01904,1.00976,0.01464,29.13
$IMU,26903.270,0.183,-0.122,-0.122,0.02148,1.00830,0.01562,29.13
$MAG,26903.272,-0.573,-0.516,-0.400,28.1
$IMU,26903.273,0.366,-0.244,-0.183,0.02441,1.01171,0.01513,29.13
$IMU,26903.275,0.305,-0.244,-0.183,0.01806,1.01025,0.01416,29.13
$IMU,26903.277,0.244,-0.061,-0.061,0.01855,1.00976,0.01269,29.13
$IMU,26903.280,0.305,-0.183,-0.122,0.01757,1.01025,0.01269,29.13
$IMU,26903.282,0.305,-0.183,-0.061,0.01660,1.00976,0.01318,29.13
$MAG,26903.283,-0.567,-0.513,-0.406,28.0
$IMU,26903.284,0.305,-0.244,-0.122,0.01904,1.01171,0.01269,29.08
$IMU,26903.287,0.305,-0.183,-0.122,0.01855,1.01367,0.01416,29.08
$IMU,26903.289,0.244,-0.122,-0.183,0.02197,1.01513,0.01318,29.08
$IMU,26903.291,0.244,-0.183,-0.183,0.02099,1.01123,0.01416,29.08
$MAG,26903.293,-0.565,-0.520,-0.405,27.7
$IMU,26903.294,0.122,-0.122,-0.122,0.02294,1.01220,0.01367,29.08
$IMU,26903.296,0.061,-0.061,-0.061,0.02148,1.00976,0.01269,29.08
$IMU,26903.298,0.061,-0.183,-0.061,0.01953,1.01123,0.01220,29.08
$IMU,26903.301,-0.183,-0.061,-0.061,0.02197,1.01367,0.01074,29.08
$MAG,26903.303,-0.562,-0.508,-0.402,27.8
$IMU,26903.303,-0.305,-0.061,-0.122,0.02001,1.01562,0.01269,29.08
$IMU,26903.306,-0.244,-0.122,-0.122,0.01806,1.01513,0.01318,29.08
$IMU,26903.308,-0.244,-0.122,-0.061,0.02050,1.01220,0.01464,29.08
$IMU,26903.310,-0.366,-0.061,-0.122,0.02001,1.01660,0.01269,29.08
$MAG,26903.313,-0.555,-0.519,-0.405,27.8
$IMU,26903.313,-0.488,-0.061,-0.122,0.02246,1.01416,0.01660,29.08
$IMU,26903.315,-0.549,-0.061,-0.122,0.02197,1.01171,0.01269,29.08
$IMU,26903.317,-0.488,-0.183,-0.122,0.02050,1.01025,0.01367,29.08
$IMU,26903.320,-0.549,-0.183,-0.061,0.02294,1.01025,0.01416,29.08
$IMU,26903.322,-0.488,-0.366,-0.061,0.02001,1.01416,0.01464,29.10
$MAG,26903.323,-0.567,-0.517,-0.402,28.0
$IMU,26903.324,-0.610,-0.061,-0.061,0.02246,1.01367,0.01464,29.10
$BARO,26903.325,86872.18,28.89
$IMU,26903.327,-0.488,-0.183,-0.183,0.02001,1.01171,0.01416,29.10
$IMU,26903.329,-0.427,-0.122,-0.244,0.01904,1.01513,0.01513,29.10
$IMU,26903.331,-0.366,-0.061,-0.244,0.01904,1.01171,0.01464,29.10
$MAG,26903.333,-0.561,-0.508,-0.406,28.0
$IMU,26903.334,-0.305,-0.183,-0.244,0.01513,1.01318,0.01660,29.10
$IMU,26903.336,-0.305,-0.061,-0.244,0.01953,1.01123,0.01367,29.10
$IMU,26903.338,-0.183,-0.122,-0.244,0.01953,1.01416,0.01513,29.10
$IMU,26903.341,-0.183,0.000,-0.122,0.01904,1.01416,0.01806,29.11
$MAG,26903.343,-0.570,-0.522,-0.405,27.7
$IMU,26903.343,0.061,-0.061,-0.183,0.02148,1.01416,0.01464,29.11
$IMU,26903.345,0.183,-0.183,-0.183,0.02050,1.01416,0.01416,29.11
$IMU,26903.348,0.183,-0.122,-0.244,0.01855,1.01367,0.01367,29.11
$IMU,26903.350,0.305,-0.244,-0.305,0.01953,1.01220,0.01611,29.11
$IMU,26903.352,0.366,-0.061,-0.305,0.01904,1.01464,0.01123,29.11
$MAG,26903.353,-0.564,-0.517,-0.399,28.0
$IMU,26903.355,0.427,0.000,-0.244,0.01806,1.01171,0.01220,29.11
$IMU,26903.357,0.427,0.000,-0.305,0.01806,1.01562,0.01220,29.11
$IMU,26903.359,0.610,-0.183,-0.244,0.02148,1.01220,0.01464,29.11
$IMU,26903.362,0.549,-0.061,-0.183,0.02050,1.01269,0.01318,29.11
$MAG,26903.363,-0.565,-0.517,-0.408,28.0
$IMU,26903.364,0.610,-0.061,-0.244,0.02001,1.01220,0.01025,29.11
$IMU,26903.367,0.671,-0.183,-0.244,0.01660,1.01318,0.01074,29.11
$IMU,26903.369,0.671,-0.244,-0.183,0.02099,1.01367,0.01269,29.11
$IMU,26903.371,0.488,-0.183,-0.183,0.01708,1.01416,0.01123,29.11
$MAG,26903.373,-0.571,-0.520,-0.402,28.0
$IMU,26903.374,0.610,-0.244,-0.244,0.01708,1.01123,0.01074,29.11
$IMU,26903.376,0.366,-0.061,-0.183,0.02050,1.01123,0.01123,29.11
$IMU,26903.378,0.183,-0.061,-0.183,0.01806,1.01318,0.01171,29.12
$IMU,26903.381,0.244,-0.244,-0.244,0.01806,1.01367,0.01025,29.12
$MAG,26903.383,-0.565,-0.519,-0.408,27.8
$IMU,26903.383,0.183,-0.244,-0.183,0.02001,1.01318,0.00830,29.12
$IMU,26903.385,0.000,-0.183,-0.183,0.01904,1.01757,0.01123,29.12
$IMU,26903.388,-0.122,-0.122,-0.061,0.01904,1.01611,0.00976,29.12
$IMU,26903.390,-0.244,-0.122,-0.061,0.02050,1.01269,0.00781,29.12
$IMU,26903.392,-0.366,-0.183,0.000,0.02099,1.01367,0.00927,29.12
$MAG,26903.394,-0.570,-0.516,-0.399,28.0
$IMU,26903.395,-0.549,-0.061,-0.122,0.02343,1.01416,0.00732,29.12
$IMU,26903.397,-0.549,-0.183,-0.122,0.02099,1.01367,0.00927,29.12
$IMU,26903.399,-0.610,-0.183,-0.244,0.01953,1.01464,0.01074,29.12
$IMU,26903.402,-0.610,-0.061,-0.183,0.02099,1.01269,0.01171,29.12
$MAG,26903.404,-0.573,-0.514,-0.402,28.1
$IMU,26903.404,-0.671,-0.061,-0.183,0.02050,1.01416,0.01025,29.12
$IMU,26903.406,-0.732,0.000,-0.183,0.01855,1.01367,0.01220,29.12
$IMU,26903.409,-0.610,-0.122,-0.061,0.02197,1.01318,0.01367,29.12
$IMU,26903.411,-0.549,-0.305,-0.061,0.01953,1.00830,0.01416,29.12
$IMU,26903.413,-0.610,-0.061,-0.061,0.01953,1.01464,0.01269,29.12
$MAG,26903.414,-0.561,-0.520,-0.405,27.8
$IMU,26903.416,-0.427,-0.122,-0.122,0.01855,1.01171,0.01464,29.13
$IMU,26903.418,-0.488,-0.122,-0.122,0.02050,1.01367,0.01074,29.13
$IMU,26903.420,-0.366,-0.183,-0.244,0.02343,1.01171,0.01269,29.13
$IMU,26903.423,-0.244,-0.183,-0.183,0.02050,1.01416,0.01367,29.13
$MAG,26903.424,-0.568,-0.517,-0.396,28.0
$IMU,26903.425,-0.122,-0.183,-0.244,0.01708,1.01074,0.01416,29.13
$BARO,26903.427,86865.72,28.89
$IMU,26903.428,-0.122,-0.122,-0.244,0.02392,1.00781,0.01367,29.13
$IMU,26903.430,0.122,-0.183,-0.244,0.02343,1.01171,0.01318,29.13
$IMU,26903.432,0.061,-0.183,-0.244,0.01660,1.01318,0.01318,29.13
$MAG,26903.434,-0.562,-0.517,-0.400,27.7
$IMU,26903.435,0.122,-0.183,-0.244,0.01660,1.01367,0.01318,29.08
$IMU,26903.437,0.244,-0.061,-0.305,0.01562,1.01464,0.01464,29.08
$IMU,26903.439,0.305,-0.122,-0.427,0.01708,1.01513,0.01367,29.08
$IMU,26903.442,0.305,-0.061,-0.549,0.01416,1.01904,0.01123,29.08
$MAG,26903.444,-0.573,-0.511,-0.405,28.1
$IMU,26903.444,0.366,0.000,-0.671,0.01269,1.01611,0.01464,29.08
$IMU,26903.446,0.488,-0.061,-0.488,0.01806,1.01367,0.01123,29.08
$IMU,26903.449,0.610,-0.061,-0.122,0.01904,1.01220,0.01318,29.08
$IMU,26903.451,0.671,-0.183,0.244,0.02050,1.01025,0.01123,29.08
$IMU,26903.453,0.610,-0.122,0.549,0.02539,1.01123,0.01220,29.09
$MAG,26903.454,-0.571,-0.522,-0.403,28.0
$IMU,26903.456,0.671,-0.122,0.549,0.02783,1.01367,0.01123,29.09
$IMU,26903.458,0.488,-0.061,0.183,0.02294,1.01367,0.00927,29.09
$IMU,26903.460,0.305,-0.122,-0.366,0.02685,1.01757,0.01318,29.09
$IMU,26903.463,0.183,-0.061,-0.915,0.02539,1.02197,0.01171,29.09
$MAG,26903.464,-0.556,-0.513,-0.405,28.1
$IMU,26903.465,-0.061,0.000,-1.037,0.01806,1.01806,0.00976,29.09
$IMU,26903.467,-0.122,-0.061,-0.854,0.01855,1.01171,0.01123,29.09
$IMU,26903.470,-0.122,-0.122,-0.366,0.01562,1.00878,0.01074,29.09
$IMU,26903.472,-0.122,-0.183,0.183,0.01757,1.00830,0.01171,29.10
$MAG,26903.474,-0.559,-0.514,-0.405,27.8
$IMU,26903.474,-0.122,-0.183,0.549,0.01855,1.00830,0.01123,29.10
$IMU,26903.477,-0.244,0.000,0.610,0.02001,1.00781,0.00830,29.10
$IMU,26903.479,-0.305,-0.061,0.427,0.02343,1.01318,0.00976,29.10
$IMU,26903.481,-0.427,0.000,-0.061,0.02294,1.01708,0.01171,29.10
$MAG,26903.484,-0.567,-0.516,-0.406,28.1
$IMU,26903.484,-0.488,-0.061,-0.427,0.02539,1.00878,0.00830,29.10
$IMU,26903.486,-0.366,-0.244,-0.610,0.02246,1.01074,0.00976,29.10
$IMU,26903.489,-0.427,-0.122,-0.610,0.02294,1.01074,0.01123,29.10
$IMU,26903.491,-0.549,-0.061,-0.427,0.02050,1.00732,0.01123,29.10
$IMU,26903.493,-0.549,-0.061,-0.244,0.02050,1.00830,0.01416,29.10
$MAG,26903.494,-0.565,-0.523,-0.402,27.8
$IMU,26903.496,-0.549,-0.183,0.000,0.01904,1.00927,0.01416,29.10
$IMU,26903.498,-0.488,-0.122,0.122,0.01708,1.00927,0.01269,29.10
$IMU,26903.500,-0.488,-0.122,0.061,0.01953,1.01464,0.01269,29.10
$IMU,26903.503,-0.488,-0.122,-0.122,0.02050,1.01562,0.01318,29.10
$MAG,26903.505,-0.564,-0.522,-0.408,28.1
$IMU,26903.505,-0.549,0.061,-0.305,0.02246,1.01416,0.01464,29.10
$IMU,26903.507,-0.488,0.061,-0.366,0.01708,1.01269,0.01464,29.10
$IMU,26903.510,-0.366,-0.122,-0.366,0.02148,1.01367,0.01416,29.09
$IMU,26903.512,-0.305,-0.122,-0.183,0.02246,1.01171,0.01513,29.09
$IMU,26903.514,-0.305,0.000,-0.122,0.02197,1.01416,0.01464,29.09
$MAG,26903.515,-0.564,-0.516,-0.399,28.0
$IMU,26903.517,-0.244,-0.244,-0.061,0.02099,1.01025,0.01269,29.09
$IMU,26903.519,-0.244,0.000,-0.183,0.02294,1.01367,0.01708,29.09
$IMU,26903.521,-0.122,-0.122,-0.244,0.02246,1.01367,0.01513,29.09
$IMU,26903.524,-0.122,-0.122,-0.427,0.02001,1.01171,0.01416,29.09
$MAG,26903.525,-0.576,-0.523,-0.400,28.1
$IMU,26903.526,0.000,-0.061,-0.427,0.02050,1.01513,0.01318,29.09
$BARO,26903.528,86870.30,28.90
$IMU,26903.528,0.000,-0.061,-0.549,0.01806,1.01171,0.01416,29.10
$IMU,26903.531,-0.061,0.000,-0.427,0.01708,1.01074,0.01660,29.10
$IMU,26903.533,0.061,-0.122,-0.305,0.01757,1.01513,0.01562,29.10
$MAG,26903.535,-0.570,-0.514,-0.400,28.1
$IMU,26903.535,0.122,-0.061,-0.061,0.01806,1.01220,0.01660,29.10
$IMU,26903.538,0.122,-0.183,0.061,0.01757,1.01074,0.01416,29.10
$IMU,26903.540,0.061,0.000,0.000,0.02001,1.01171,0.01464,29.10
$IMU,26903.542,0.061,0.000,-0.061,0.02001,1.01416,0.01025,29.10
$MAG,26903.545,-0.565,-0.520,-0.409,28.0
$IMU,26903.545,0.183,-0.122,-0.183,0.02001,1.01464,0.01269,29.10
$IMU,26903.547,0.244,-0.122,-0.244,0.02099,1.01367,0.00878,29.13
$IMU,26903.550,0.122,-0.183,-0.366,0.01855,1.00878,0.01318,29.13
$IMU,26903.552,0.244,-0.122,-0.427,0.01904,1.00927,0.00976,29.13
$IMU,26903.554,0.183,0.000,-0.305,0.01855,1.01025,0.01123,29.13
$MAG,26903.555,-0.561,-0.516,-0.394,28.1
$IMU,26903.557,0.122,-0.061,-0.305,0.01611,1.01171,0.00830,29.13
$IMU,26903.559,0.061,-0.061,-0.183,0.01904,1.01025,0.00878,29.13
$IMU,26903.561,0.122,-0.061,-0.061,0.01855,1.01562,0.01171,29.13
$IMU,26903.564,0.061,-0.122,-0.061,0.01708,1.01611,0.01269,29.13
$MAG,26903.565,-0.564,-0.517,-0.400,28.1
$IMU,26903.566,0.061,-0.122,-0.244,0.01855,1.01464,0.01367,29.11
$IMU,26903.568,-0.122,0.000,-0.305,0.01464,1.01269,0.01074,29.11
$IMU,26903.571,-0.122,-0.061,-0.305,0.01806,1.01171,0.00976,29.11
$IMU,26903.573,-0.183,-0.122,-0.305,0.01708,1.01513,0.01025,29.11
$MAG,26903.575,-0.571,-0.520,-0.408,27.7
$IMU,26903.575,-0.122,-0.122,-0.305,0.01757,1.01416,0.01025,29.11
$IMU,26903.578,-0.183,-0.061,-0.061,0.01855,1.01025,0.00878,29.11
$IMU,26903.580,-0.122,0.000,0.122,0.01806,1.01123,0.01025,29.11
$IMU,26903.582,-0.244,0.000,0.122,0.02050,1.01367,0.01416,29.11
$MAG,26903.585,-0.562,-0.516,-0.408,28.0
$IMU,26903.585,-0.244,-0.122,0.000,0.02099,1.01562,0.01123,29.10
$IMU,26903.587,-0.305,-0.183,-0.183,0.02392,1.01367,0.01123,29.10
$IMU,26903.589,-0.305,-0.122,-0.305,0.02294,1.01708,0.01025,29.10
$IMU,26903.592,-0.244,-0.061,-0.366,0.01953,1.01318,0.01074,29.10
$IMU,26903.594,-0.183,-0.061,-0.366,0.01953,1.01220,0.01318,29.10
$MAG,26903.595,-0.564,-0.517,-0.397,28.1
$IMU,26903.596,-0.122,-0.122,-0.244,0.01953,1.01171,0.01269,29.10
$IMU,26903.599,-0.122,-0.183,0.000,0.01953,1.00878,0.01123,29.10
$IMU,26903.601,-0.122,-0.061,-0.061,0.01806,1.01220,0.01123,29.10
$IMU,26903.603,-0.122,-0.122,-0.061,0.01562,1.01123,0.01123,29.10
$MAG,26903.605,-0.565,-0.519,-0.399,28.0
$IMU,26903.606,-0.122,-0.061,-0.061,0.01855,1.01220,0.01611,29.10
$IMU,26903.608,-0.122,-0.061,-0.122,0.02001,1.01123,0.01074,29.10
$IMU,26903.611,0.061,-0.061,-0.244,0.01855,1.01269,0.01171,29.10
$IMU,26903.613,0.122,-0.122,-0.183,0.02050,1.00878,0.01025,29.10
$IMU,26903.615,0.244,-0.183,-0.122,0.01953,1.01171,0.01220,29.10
$MAG,26903.616,-0.571,-0.513,-0.409,27.8
$IMU,26903.618,0.183,0.000,-0.244,0.02197,1.01611,0.01269,29.10
$IMU,26903.620,0.305,-0.183,-0.183,0.01806,1.01074,0.00927,29.10
$IMU,26903.622,0.244,-0.183,-0.244,0.01806,1.01171,0.00976,29.10
$IMU,26903.625,0.244,-0.183,-0.305,0.02001,1.01464,0.01171,29.10
$MAG,26903.626,-0.562,-0.519,-0.405,27.8
$IMU,26903.627,0.183,-0.122,-0.427,0.01953,1.01367,0.01074,29.10
$BARO,26903.629,86867.67,28.90
$IMU,26903.629,0.122,-0.122,-0.427,0.01855,1.01416,0.01074,29.10
$IMU,26903.632,0.122,0.000,-0.366,0.01562,1.01074,0.01025,29.10
$IMU,26903.634,0.244,-0.366,-0.366,0.01562,1.01367,0.00781,29.10
$MAG,26903.636,-0.571,-0.513,-0.400,27.8
$IMU,26903.636,0.122,-0.183,-0.305,0.01464,1.00976,0.01074,29.10
$IMU,26903.639,0.000,-0.061,-0.183,0.02001,1.01220,0.00927,29.10
$IMU,26903.641,-0.122,-0.122,-0.183,0.01953,1.01367,0.00732,29.09
$IMU,26903.643,-0.122,-0.183,-0.183,0.02099,1.01269,0.01074,29.09
$MAG,26903.646,-0.565,-0.517,-0.399,27.8
$IMU,26903.646,-0.122,-0.061,-0.122,0.01757,1.01269,0.00781,29.09
$IMU,26903.648,-0.244,-0.061,-0.244,0.01904,1.01660,0.00830,29.09
$IMU,26903.650,-0.244,-0.183,-0.305,0.01757,1.01318,0.00830,29.09
$IMU,26903.653,-0.244,-0.122,-0.305,0.02050,1.01220,0.00585,29.09
$IMU,26903.655,-0.427,-0.061,-0.366,0.01953,1.01367,0.00927,29.09
$MAG,26903.656,-0.570,-0.511,-0.405,27.8
$IMU,26903.657,-0.427,-0.122,-0.305,0.01855,1.01025,0.00976,29.09
$IMU,26903.660,-0.549,-0.061,-0.305,0.01806,1.01025,0.01123,29.12
$IMU,26903.662,-0.549,-0.305,-0.183,0.01757,1.01123,0.01171,29.12
$IMU,26903.664,-0.671,-0.122,-0.122,0.01708,1.01220,0.00927,29.12
$MAG,26903.666,-0.568,-0.508,-0.400,27.6
$IMU,26903.667,-0.671,-0.183,-0.061,0.01611,1.01464,0.00927,29.12
$IMU,26903.669,-0.793,-0.061,-0.061,0.01513,1.01611,0.00976,29.12
$IMU,26903.672,-0.671,-0.061,-0.061,0.01708,1.01171,0.01074,29.12
$IMU,26903.674,-0.610,-0.061,-0.183,0.02001,1.01220,0.00976,29.12
$MAG,26903.676,-0.567,-0.516,-0.406,28.1
$IMU,26903.676,-0.549,-0.122,-0.122,0.02050,1.01269,0.01025,29.12
$IMU,26903.679,-0.610,-0.122,-0.183,0.01806,1.00878,0.01220,29.14
$IMU,26903.681,-0.610,0.000,-0.183,0.02050,1.01025,0.01171,29.14
$IMU,26903.683,-0.610,-0.183,-0.183,0.02050,1.01074,0.01123,29.14
$MAG,26903.686,-0.561,-0.516,-0.400,27.8
$IMU,26903.686,-0.488,-0.061,-0.122,0.01806,1.00878,0.01318,29.14
$IMU,26903.688,-0.427,-0.061,-0.122,0.02050,1.00878,0.01123,29.14
$IMU,26903.690,-0.366,-0.122,-0.122,0.01953,1.00976,0.01220,29.14
$IMU,26903.693,-0.366,0.061,-0.122,0.02001,1.01562,0.01464,29.14
$IMU,26903.695,-0.366,-0.061,-0.122,0.02099,1.01025,0.01611,29.14
$MAG,26903.696,-0.558,-0.523,-0.402,28.1
$VBAT,26903.696,4.126
$IMU,26903.697,-0.305,-0.183,-0.122,0.01855,1.01025,0.01318,29.14
$IMU,26903.700,-0.183,-0.183,-0.061,0.02001,1.01171,0.01318,29.14
$IMU,26903.702,-0.183,0.061,-0.122,0.02246,1.01123,0.01318,29.14
$IMU,26903.704,-0.061,-0.244,-0.061,0.01953,1.01318,0.01318,29.14
$MAG,26903.706,-0.570,-0.522,-0.403,28.0
$IMU,26903.707,-0.122,-0.122,-0.061,0.01904,1.01562,0.01318,29.14
$IMU,26903.709,-0.061,-0.122,-0.061,0.02148,1.01220,0.01367,29.14
$IMU,26903.711,-0.061,-0.122,-0.122,0.01953,1.01123,0.01416,29.14
$IMU,26903.714,-0.061,-0.244,-0.122,0.01904,1.01269,0.01416,29.14
$MAG,26903.716,-0.564,-0.514,-0.400,28.1
$IMU,26903.716,-0.122,0.000,-0.122,0.01904,1.00976,0.01074,29.12
$IMU,26903.718,-0.122,-0.061,-0.244,0.02050,1.01416,0.01318,29.12
$IMU,26903.721,-0.061,-0.122,-0.061,0.01806,1.01025,0.01464,29.12
$IMU,26903.723,-0.061,0.000,-0.183,0.02197,1.00976,0.01269,29.12
$IMU,26903.725,-0.122,-0.122,-0.183,0.02001,1.01074,0.01269,29.12
$MAG,26903.727,-0.568,-0.514,-0.406,27.8
$IMU,26903.728,-0.122,-0.244,-0.122,0.02001,1.01025,0.01367,29.12
$IMU,26903.730,-0.244,0.000,-0.061,0.01904,1.00732,0.01074,29.12
$BARO,26903.731,86873.52,28.89
$IMU,26903.733,-0.244,0.000,-0.061,0.02050,1.01171,0.01318,29.12
$IMU,26903.735,-0.305,0.061,-0.061,0.02099,1.01269,0.01416,29.11
$MAG,26903.737,-0.562,-0.517,-0.406,27.7
$IMU,26903.737,-0.244,-0.183,-0.061,0.02001,1.01464,0.01220,29.11
$IMU,26903.740,-0.244,-0.244,-0.122,0.01855,1.01220,0.01513,29.11
$IMU,26903.742,-0.305,-0.122,-0.122,0.02099,1.01367,0.01513,29.11
$IMU,26903.744,-0.305,-0.183,-0.305,0.02343,1.00976,0.01074,29.11
$MAG,26903.747,-0.562,-0.516,-0.402,28.1
$IMU,26903.747,-0.305,-0.122,-0.244,0.02246,1.01269,0.01220,29.11
$IMU,26903.749,-0.366,0.061,-0.244,0.01953,1.00927,0.01416,29.11
$IMU,26903.751,-0.305,-0.244,-0.244,0.02197,1.01123,0.01318,29.11
$IMU,26903.754,-0.244,-0.183,-0.183,0.02197,1.01025,0.01171,29.12
$IMU,26903.756,-0.183,-0.122,-0.122,0.01904,1.01513,0.01220,29.12
$MAG,26903.757,-0.562,-0.511,-0.406,28.0
$IMU,26903.758,-0.183,-0.122,-0.244,0.02050,1.01416,0.01171,29.12
$IMU,26903.761,-0.183,-0.061,-0.244,0.01806,1.01171,0.01269,29.12
$IMU,26903.763,-0.183,0.000,-0.244,0.02001,1.01416,0.01318,29.12
$IMU,26903.765,-0.061,-0.183,-0.305,0.02001,1.01562,0.01171,29.12
$MAG,26903.767,-0.558,-0.514,-0.408,27.7
$IMU,26903.768,0.000,-0.183,-0.305,0.02099,1.01269,0.01269,29.12
$IMU,26903.770,0.000,-0.061,-0.305,0.01855,1.01171,0.01171,29.12
$IMU,26903.772,0.000,-0.061,-0.305,0.02099,1.01367,0.01074,29.09
$IMU,26903.775,0.061,-0.183,-0.305,0.01757,1.01025,0.01318,29.09
$MAG,26903.777,-0.562,-0.520,-0.411,27.8
$IMU,26903.777,0.122,-0.122,-0.244,0.02099,1.01220,0.00781,29.09
$IMU,26903.779,0.122,-0.061,-0.366,0.01757,1.01318,0.01025,29.09
$IMU,26903.782,0.122,-0.122,-0.244,0.01611,1.01464,0.00927,29.09
$IMU,26903.784,0.122,-0.183,-0.305,0.01757,1.01269,0.01074,29.09
$IMU,26903.786,0.000,-0.122,-0.305,0.02099,1.01220,0.00976,29.09
$MAG,26903.787,-0.568,-0.519,-0.400,27.7
$IMU,26903.789,0.000,-0.061,-0.305,0.01904,1.01123,0.00976,29.09
$IMU,26903.791,0.061,-0.183,-0.244,0.01660,1.00878,0.00927,29.10
$IMU,26903.793,0.000,-0.122,-0.244,0.01757,1.01074,0.01171,29.10
$IMU,26903.796,0.061,-0.244,-0.183,0.01757,1.01171,0.01074,29.10
$MAG,26903.797,-0.564,-0.520,-0.411,27.8
$IMU,26903.798,0.061,-0.122,-0.122,0.01904,1.01318,0.00927,29.10
$IMU,26903.801,0.000,-0.122,-0.122,0.01806,1.01318,0.00927,29.10
$IMU,26903.803,-0.061,-0.122,-0.183,0.02001,1.01367,0.01025,29.10
$IMU,26903.805,-0.183,0.000,-0.122,0.02050,1.01611,0.01074,29.10
$MAG,26903.807,-0.565,-0.519,-0.403,27.7
$IMU,26903.808,-0.183,-0.122,-0.183,0.02099,1.01318,0.01367,29.10
$IMU,26903.810,-0.183,0.000,-0.183,0.01904,1.01171,0.00976,29.10
$IMU,26903.812,-0.183,-0.061,-0.183,0.01611,1.01416,0.00976,29.10
$IMU,26903.815,-0.244,-0.305,-0.122,0.01855,1.01464,0.00976,29.10
$MAG,26903.817,-0.565,-0.510,-0.406,27.8
$IMU,26903.817,-0.427,-0.061,-0.122,0.02197,1.01708,0.01171,29.10
$IMU,26903.819,-0.549,-0.061,-0.122,0.01904,1.01269,0.01074,29.10
$IMU,26903.822,-0.671,-0.061,-0.122,0.01953,1.01367,0.01171,29.10
$IMU,26903.824,-0.732,0.061,-0.061,0.02099,1.01416,0.00927,29.10
$IMU,26903.826,-0.793,-0.122,-0.244,0.01562,1.01318,0.01025,29.10
$MAG,26903.828,-0.561,-0.516,-0.408,28.1
$IMU,26903.829,-0.793,-0.244,-0.244,0.02246,1.01416,0.01074,29.13
$IMU,26903.831,-0.793,-0.061,-0.183,0.01855,1.01367,0.01220,29.13
$BARO,26903.832,86868.89,28.90
$IMU,26903.833,-0.854,0.000,-0.183,0.01757,1.00976,0.01562,29.13
$IMU,26903.836,-0.793,-0.122,-0.244,0.01660,1.00976,0.01464,29.13
$MAG,26903.838,-0.567,-0.523,-0.405,27.8
$IMU,26903.838,-0.854,-0.122,-0.122,0.02050,1.00927,0.01562,29.13
$IMU,26903.840,-0.732,-0.122,-0.183,0.02294,1.00927,0.01464,29.13
$IMU,26903.843,-0.671,-0.305,-0.122,0.02001,1.00976,0.01416,29.13
$IMU,26903.845,-0.488,-0.183,-0.122,0.01904,1.01025,0.01171,29.13
$IMU,26903.847,-0.488,-0.061,-0.122,0.02148,1.01025,0.01318,29.16
$MAG,26903.848,-0.573,-0.520,-0.408,27.8
$IMU,26903.850,-0.305,-0.122,-0.122,0.02197,1.01171,0.01464,29.16
$IMU,26903.852,-0.244,-0.061,-0.183,0.02343,1.01074,0.01318,29.16
$IMU,26903.854,0.000,-0.122,-0.183,0.02099,1.01171,0.01269,29.16
$IMU,26903.857,0.000,-0.122,-0.183,0.02001,1.01123,0.01220,29.16
$MAG,26903.858,-0.562,-0.520,-0.399,28.0
$IMU,26903.859,0.122,-0.244,-0.122,0.02050,1.01220,0.01269,29.16
$IMU,26903.862,0.122,0.061,-0.183,0.01855,1.01025,0.01269,29.16
$IMU,26903.864,0.122,0.122,-0.183,0.01855,1.01171,0.01416,29.16
$IMU,26903.866,0.244,-0.122,-0.244,0.01904,1.01464,0.01074,29.17
$MAG,26903.868,-0.562,-0.516,-0.402,28.0
$IMU,26903.869,0.305,-0.244,-0.244,0.02197,1.01220,0.01220,29.17
$IMU,26903.871,0.244,0.061,-0.244,0.02099,1.01171,0.00878,29.17
$IMU,26903.873,0.122,0.000,-0.244,0.01806,1.01367,0.01171,29.17
$IMU,26903.876,0.000,-0.061,-0.305,0.01708,1.01562,0.01416,29.17
$MAG,26903.878,-0.571,-0.522,-0.402,28.0
$IMU,26903.878,0.000,-0.061,-0.305,0.01953,1.01611,0.01025,29.17
$IMU,26903.880,-0.122,0.000,-0.305,0.02197,1.01464,0.01171,29.17
$IMU,26903.883,-0.244,-0.122,-0.305,0.02197,1.00878,0.01220,29.17
$IMU,26903.885,-0.244,-0.183,-0.122,0.01953,1.01171,0.00878,29.11
$IMU,26903.887,-0.366,0.061,-0.183,0.02148,1.01464,0.01074,29.11
$MAG,26903.888,-0.568,-0.516,-0.406,28.1
$IMU,26903.890,-0.427,-0.122,-0.183,0.02246,1.01269,0.01123,29.11
$IMU,26903.892,-0.427,-0.183,-0.183,0.02099,1.01660,0.01269,29.11
$IMU,26903.894,-0.549,-0.122,-0.244,0.02001,1.01660,0.01074,29.11
$IMU,26903.897,-0.610,-0.061,-0.244,0.02099,1.01464,0.01318,29.11
$MAG,26903.898,-0.568,-0.517,-0.403,27.8
$IMU,26903.899,-0.549,-0.122,-0.244,0.01904,1.01171,0.01171,29.11
$IMU,26903.901,-0.549,-0.122,-0.244,0.02050,1.01171,0.01025,29.11
$IMU,26903.904,-0.610,0.061,-0.183,0.01953,1.01318,0.01318,29.11
$IMU,26903.906,-0.488,-0.122,-0.122,0.01904,1.01220,0.01123,29.11
$MAG,26903.908,-0.561,-0.528,-0.400,27.8
$IMU,26903.908,-0.427,-0.244,-0.122,0.02050,1.01123,0.01367,29.11
$IMU,26903.911,-0.488,0.000,-0.061,0.01757,1.01171,0.01123,29.11
$IMU,26903.913,-0.366,0.000,-0.061,0.02001,1.01269,0.01367,29.11
$IMU,26903.915,-0.183,-0.122,-0.122,0.01513,1.00927,0.01123,29.11
$MAG,26903.918,-0.558,-0.510,-0.400,27.7
$IMU,26903.918,-0.183,-0.061,-0.122,0.02001,1.00732,0.01025,29.11
$IMU,26903.920,-0.122,-0.061,-0.183,0.01660,1.01025,0.01318,29.11
$IMU,26903.923,0.000,0.000,-0.122,0.02148,1.01074,0.01318,29.11
$IMU,26903.925,0.122,-0.122,-0.183,0.02001,1.01220,0.01123,29.11
$IMU,26903.927,0.122,-0.061,-0.183,0.02636,1.01416,0.01367,29.11
$MAG,26903.928,-0.562,-0.513,-0.415,28.0
$IMU,26903.930,0.183,-0.122,-0.183,0.02050,1.01318,0.01318,29.11
$IMU,26903.932,0.122,-0.122,-0.183,0.01562,1.01416,0.01123,29.11
$BARO,26903.934,86870.03,28.90
$IMU,26903.934,0.061,0.000,-0.183,0.01953,1.01367,0.01269,29.11
$IMU,26903.937,0.122,-0.122,-0.183,0.02001,1.01562,0.01025,29.11
$MAG,26903.939,-0.562,-0.519,-0.402,27.7
$IMU,26903.939,0.122,-0.061,-0.183,0.02099,1.01562,0.01025,29.11
$IMU,26903.941,0.122,-0.122,-0.183,0.01855,1.01367,0.00927,29.11
$IMU,26903.944,0.122,-0.366,-0.244,0.01806,1.01660,0.01269,29.11
$IMU,26903.946,-0.061,-0.061,-0.244,0.01855,1.01269,0.01123,29.11
$IMU,26903.948,-0.061,-0.122,-0.244,0.02148,1.01513,0.01123,29.11
$MAG,26903.949,-0.565,-0.513,-0.414,27.8
$IMU,26903.951,-0.183,-0.061,-0.244,0.02001,1.01318,0.00878,29.11
$IMU,26903.953,-0.183,-0.183,-0.122,0.02197,1.01855,0.01123,29.11
$IMU,26903.955,-0.122,-0.122,-0.122,0.01855,1.01806,0.00878,29.11
$IMU,26903.958,-0.244,-0.183,-0.122,0.02050,1.01269,0.01171,29.11
$MAG,26903.959,-0.564,-0.514,-0.406,28.1
$IMU,26903.960,-0.305,-0.122,-0.244,0.01953,1.01269,0.01074,29.09
$IMU,26903.962,-0.549,0.061,-0.183,0.02294,1.01220,0.00976,29.09
$IMU,26903.965,-0.610,-0.061,-0.183,0.02099,1.01074,0.00830,29.09
$IMU,26903.967,-0.488,-0.183,-0.183,0.01806,1.01367,0.01220,29.09
$MAG,26903.969,-0.570,-0.522,-0.406,28.0
$IMU,26903.969,-0.610,-0.122,-0.183,0.02001,1.01416,0.01220,29.09
$IMU,26903.972,-0.610,-0.122,-0.183,0.02050,1.01123,0.00439,29.09
$IMU,26903.974,-0.671,0.000,-0.183,0.01611,1.00781,0.01220,29.09
$IMU,26903.976,-0.671,-0.061,-0.183,0.01708,1.01123,0.00878,29.09
$IMU,26903.979,-0.549,-0.183,-0.122,0.01855,1.00976,0.01269,29.09
$MAG,26903.979,-0.565,-0.514,-0.411,27.7
$IMU,26903.981,-0.610,-0.183,-0.183,0.01757,1.00781,0.01123,29.09
$IMU,26903.984,-0.549,-0.061,-0.244,0.01953,1.00976,0.01171,29.09
$IMU,26903.986,-0.610,0.000,-0.183,0.01953,1.00927,0.01269,29.09
$IMU,26903.988,-0.610,0.061,-0.122,0.01953,1.01171,0.01074,29.09
$MAG,26903.989,-0.562,-0.510,-0.405,28.1
$IMU,26903.991,-0.366,-0.183,-0.122,0.01611,1.01269,0.01220,29.09
$IMU,26903.993,-0.305,-0.183,-0.122,0.01953,1.01318,0.01367,29.09
$IMU,26903.995,-0.244,-0.244,-0.183,0.01904,1.01464,0.01220,29.09
$IMU,26903.998,-0.305,0.000,-0.061,0.02148,1.01611,0.01269,29.12
$MAG,26903.999,-0.570,-0.516,-0.417,28.0
$IMU,26904.000,-0.305,-0.061,-0.061,0.02050,1.01464,0.01513,29.12
$IMU,26904.002,-0.183,-0.122,-0.122,0.01855,1.01123,0.01074,29.12
$IMU,26904.005,-0.122,-0.122,-0.183,0.02392,1.01367,0.01220,29.12
$IMU,26904.007,-0.122,-0.122,-0.244,0.01904,1.01757,0.01416,29.12
$MAG,26904.009,-0.567,-0.520,-0.402,27.8
$IMU,26904.009,-0.061,-0.183,-0.305,0.02343,1.01464,0.01220,29.12
$IMU,26904.012,-0.122,-0.122,-0.183,0.02197,1.01855,0.01074,29.12
$IMU,26904.014,0.000,-0.244,-0.183,0.02246,1.01708,0.01220,29.12
$IMU,26904.016,-0.183,-0.061,-0.244,0.02099,1.01416,0.01123,29.11
$MAG,26904.019,-0.561,-0.514,-0.406,28.1
$IMU,26904.019,-0.183,-0.122,-0.183,0.02050,1.01464,0.01025,29.11
$IMU,26904.021,-0.061,-0.183,-0.305,0.02294,1.01269,0.01220,29.11
$IMU,26904.023,-0.061,-0.183,-0.305,0.01806,1.01171,0.01220,29.11
$IMU,26904.026,-0.061,-0.122,-0.305,0.01806,1.01171,0.01171,29.11
$IMU,26904.028,-0.122,0.000,-0.305,0.01660,1.01074,0.01367,29.11
$MAG,26904.029,-0.568,-0.517,-0.405,27.8
$IMU,26904.030,0.000,-0.122,-0.305,0.01660,1.00878,0.01318,29.11
$IMU,26904.033,0.061,-0.183,-0.183,0.01806,1.00830,0.01367,29.11
$BARO,26904.035,86860.82,28.89
$IMU,26904.035,0.061,0.000,-0.122,0.01562,1.00781,0.01025,29.11
$IMU,26904.037,0.122,-0.122,-0.122,0.01757,1.01416,0.01025,29.11
$MAG,26904.039,-0.561,-0.514,-0.411,28.1
$IMU,26904.040,0.183,-0.244,-0.122,0.01953,1.01074,0.00830,29.11
$IMU,26904.042,0.122,0.000,-0.061,0.01953,1.00878,0.01171,29.11
$IMU,26904.045,0.122,-0.061,-0.122,0.02246,1.01074,0.01123,29.11
$IMU,26904.047,0.183,-0.366,-0.122,0.01855,1.00732,0.01123,29.11
$IMU,26904.049,0.183,-0.122,-0.122,0.02050,1.00830,0.00976,29.11
$MAG,26904.050,-0.567,-0.514,-0.406,28.0
$IMU,26904.052,0.000,0.000,-0.183,0.02099,1.01025,0.00927,29.11
$IMU,26904.054,0.061,-0.122,-0.122,0.02148,1.01416,0.01025,29.13
$IMU,26904.056,0.000,-0.183,0.000,0.02148,1.01464,0.01025,29.13
$IMU,26904.059,-0.183,-0.061,-0.061,0.01660,1.01318,0.01123,29.13
$MAG,26904.060,-0.567,-0.516,-0.409,28.1
$IMU,26904.061,-0.183,-0.183,-0.122,0.01611,1.01464,0.00830,29.13
$IMU,26904.063,-0.366,0.000,-0.183,0.01757,1.01757,0.01074,29.13
$IMU,26904.066,-0.488,0.000,-0.244,0.02148,1.01757,0.01171,29.13
$IMU,26904.068,-0.610,-0.061,-0.244,0.02148,1.01757,0.00830,29.13
$MAG,26904.070,-0.565,-0.525,-0.402,28.0
$IMU,26904.070,-0.610,-0.122,-0.244,0.01953,1.01611,0.00878,29.13
$IMU,26904.073,-0.732,0.061,-0.244,0.02099,1.01220,0.00976,29.14
$IMU,26904.075,-0.793,-0.061,-0.183,0.01904,1.01416,0.00927,29.14
$IMU,26904.077,-0.854,0.000,-0.183,0.02001,1.01513,0.01269,29.14
$MAG,26904.080,-0.564,-0.525,-0.405,28.0
$IMU,26904.080,-0.854,-0.061,-0.183,0.02099,1.01416,0.01562,29.14
$IMU,26904.082,-0.854,-0.122,-0.183,0.02148,1.01367,0.01171,29.14
$IMU,26904.084,-0.732,-0.183,-0.122,0.01660,1.00927,0.01074,29.14
$IMU,26904.087,-0.793,-0.061,-0.122,0.01855,1.01367,0.01220,29.14
$IMU,26904.089,-0.732,0.061,-0.183,0.01953,1.01269,0.01416,29.14
$MAG,26904.090,-0.576,-0.513,-0.402,27.7
$IMU,26904.091,-0.610,-0.122,-0.305,0.01806,1.00878,0.01611,29.12
$IMU,26904.094,-0.488,-0.244,-0.244,0.01855,1.01074,0.01220,29.12
$IMU,26904.096,-0.549,-0.244,-0.183,0.01855,1.01367,0.01269,29.12
$IMU,26904.098,-0.427,-0.061,-0.183,0.01660,1.00732,0.01367,29.12
$MAG,26904.100,-0.565,-0.516,-0.408,28.1
$IMU,26904.101,-0.244,-0.244,-0.122,0.01562,1.00878,0.01464,29.12
$IMU,26904.103,-0.244,-0.061,-0.122,0.01806,1.01367,0.01269,29.12
$IMU,26904.106,-0.122,-0.122,-0.061,0.02246,1.01123,0.01464,29.12
$IMU,26904.108,0.061,-0.061,-0.122,0.02001,1.01220,0.01416,29.12
$HUM,26904.109,34.7,29.3
$MAG,26904.110,-0.567,-0.514,-0.409,28.1
$IMU,26904.110,0.122,-0.061,-0.122,0.01757,1.00976,0.01171,29.13
$IMU,26904.113,0.122,-0.061,-0.122,0.01757,1.01318,0.01367,29.13
$IMU,26904.115,0.122,-0.061,-0.183,0.02050,1.01123,0.01123,29.13
$IMU,26904.117,0.305,-0.061,-0.183,0.02246,1.00732,0.01318,29.13
$MAG,26904.120,-0.556,-0.522,-0.406,27.8
$IMU,26904.120,0.366,-0.183,-0.183,0.01855,1.00927,0.01074,29.13
$IMU,26904.122,0.366,-0.244,-0.183,0.02099,1.01074,0.01367,29.13
$IMU,26904.124,0.427,-0.244,-0.183,0.01855,1.01464,0.01074,29.13
$IMU,26904.127,0.244,-0.061,-0.122,0.02099,1.01562,0.01318,29.13
$IMU,26904.129,0.122,0.000,-0.122,0.02148,1.01318,0.01220,29.16
$MAG,26904.130,-0.567,-0.516,-0.397,27.7
$IMU,26904.131,0.183,-0.061,-0.122,0.01904,1.01708,0.01123,29.16
$IMU,26904.134,0.122,-0.244,-0.244,0.01953,1.01318,0.00927,29.16
$IMU,26904.136,0.061,-0.183,-0.244,0.01611,1.01611,0.01123,29.16
$BARO,26904.137,86868.62,28.90
$IMU,26904.138,0.000,-0.183,-0.183,0.01757,1.01416,0.00976,29.16
$MAG,26904.140,-0.561,-0.514,-0.403,28.0
$IMU,26904.141,-0.122,-0.061,-0.183,0.01855,1.01708,0.00976,29.16
$IMU,26904.143,-0.305,-0.122,-0.183,0.02148,1.01318,0.01269,29.16
$IMU,26904.145,-0.366,-0.122,-0.183,0.01855,1.01171,0.01074,29.16
$IMU,26904.148,-0.366,-0.244,-0.061,0.01855,1.01513,0.00878,29.14
$MAG,26904.150,-0.571,-0.513,-0.400,28.1
$IMU,26904.150,-0.610,-0.183,-0.061,0.02197,1.01708,0.01416,29.14
$IMU,26904.152,-0.610,0.000,-0.183,0.01953,1.01562,0.00927,29.14
$IMU,26904.155,-0.671,-0.122,-0.183,0.01904,1.01074,0.01123,29.14
$IMU,26904.157,-0.610,-0.183,-0.305,0.02050,1.01220,0.01367,29.14
$IMU,26904.159,-0.549,-0.244,-0.305,0.01757,1.01220,0.01123,29.14
$MAG,26904.161,-0.561,-0.510,-0.411,27.8
$IMU,26904.162,-0.610,-0.122,-0.183,0.01855,1.01074,0.01123,29.14
$IMU,26904.164,-0.793,-0.061,-0.122,0.02001,1.01269,0.01220,29.14
$IMU,26904.167,-0.671,-0.183,-0.061,0.02001,1.01025,0.01367,29.11
$IMU,26904.169,-0.671,-0.122,-0.061,0.01855,1.01025,0.01220,29.11
$MAG,26904.171,-0.567,-0.523,-0.400,28.0
$IMU,26904.171,-0.549,-0.305,-0.183,0.02148,1.01123,0.01074,29.11
$IMU,26904.174,-0.427,-0.122,-0.183,0.01904,1.01025,0.00976,29.11
$IMU,26904.176,-0.488,0.061,-0.244,0.02001,1.01171,0.01269,29.11
$IMU,26904.178,-0.488,-0.122,-0.183,0.01708,1.01416,0.01513,29.11
$MAG,26904.181,-0.561,-0.516,-0.403,28.1
$IMU,26904.181,-0.366,-0.122,-0.183,0.01855,1.01025,0.01513,29.11
$IMU,26904.183,-0.183,-0.244,-0.183,0.02001,1.00976,0.01220,29.11
$IMU,26904.185,-0.122,-0.183,-0.183,0.01708,1.01123,0.01220,29.13
$IMU,26904.188,-0.244,0.000,-0.183,0.01806,1.01269,0.01269,29.13
$IMU,26904.190,-0.061,-0.061,-0.183,0.02001,1.01220,0.01123,29.13
$MAG,26904.191,-0.565,-0.520,-0.403,28.0
$IMU,26904.192,0.000,-0.061,-0.183,0.02148,1.01220,0.01025,29.13
$IMU,26904.195,0.000,-0.183,-0.122,0.02099,1.01464,0.01318,29.13
$IMU,26904.197,0.122,-0.244,-0.183,0.02148,1.01611,0.01269,29.13
$IMU,26904.199,0.061,-0.061,-0.244,0.01953,1.01562,0.01171,29.13
$MAG,26904.201,-0.561,-0.508,-0.405,28.0
$IMU,26904.202,0.061,-0.061,-0.183,0.02050,1.01513,0.01074,29.13
$IMU,26904.204,0.000,-0.122,-0.183,0.02001,1.01220,0.01269,29.11
$IMU,26904.206,0.122,-0.061,-0.183,0.02050,1.01464,0.01074,29.11
$IMU,26904.209,0.122,-0.244,-0.183,0.01953,1.01708,0.01074,29.11
$MAG,26904.211,-0.562,-0.514,-0.411,28.0
$IMU,26904.211,0.061,-0.122,-0.183,0.02441,1.01318,0.01025,29.11
$IMU,26904.213,0.061,-0.061,-0.183,0.02099,1.01513,0.01171,29.11
$IMU,26904.216,0.000,-0.061,-0.244,0.01806,1.01611,0.01220,29.11
$IMU,26904.218,-0.061,-0.183,-0.244,0.01757,1.01416,0.01269,29.11
$IMU,26904.220,-0.122,-0.061,-0.244,0.01611,1.01269,0.01220,29.11
$MAG,26904.221,-0.565,-0.513,-0.406,28.1
$IMU,26904.223,-0.183,-0.122,-0.244,0.01757,1.01269,0.01171,29.14
$IMU,26904.225,-0.183,-0.244,-0.183,0.02001,1.01074,0.01074,29.14
$IMU,26904.227,-0.305,0.061,-0.183,0.02001,1.01416,0.00927,29.14
$IMU,26904.230,-0.366,0.000,-0.061,0.01757,1.00976,0.00830,29.14
$MAG,26904.231,-0.567,-0.516,-0.406,28.0
$TIME,26904.231,510819.000,2399
$IMU,26904.232,-0.366,-0.061,-0.122,0.02099,1.00878,0.00976,29.14
$IMU,26904.235,-0.366,-0.244,-0.061,0.02148,1.00878,0.01074,29.14
$IMU,26904.237,-0.549,0.000,-0.061,0.02099,1.01367,0.00830,29.14
$BARO,26904.238,86878.71,28.90
$IMU,26904.239,-0.549,0.000,-0.122,0.01904,1.01074,0.01269,29.14
$MAG,26904.241,-0.570,-0.513,-0.408,28.0
$IMU,26904.242,-0.549,-0.061,-0.122,0.01855,1.01074,0.01123,29.11
$IMU,26904.244,-0.549,-0.183,-0.183,0.01953,1.01220,0.01220,29.11
$IMU,26904.246,-0.549,-0.061,-0.244,0.01953,1.01171,0.01025,29.11
$IMU,26904.249,-0.549,0.000,-0.122,0.02099,1.01220,0.00976,29.11
$MAG,26904.251,-0.561,-0.516,-0.405,28.1
$IMU,26904.251,-0.488,-0.183,-0.122,0.01708,1.01513,0.01367,29.11
$IMU,26904.253,-0.488,-0.061,0.000,0.01953,1.01025,0.01464,29.11
$IMU,26904.256,-0.427,-0.244,-0.061,0.02343,1.01416,0.01367,29.11
$IMU,26904.258,-0.366,-0.183,-0.061,0.02294,1.01318,0.01318,29.11
$IMU,26904.260,-0.366,-0.122,-0.183,0.02490,1.01513,0.01025,29.10
$MAG,26904.261,-0.568,-0.516,-0.414,28.0
$IMU,26904.263,-0.244,-0.183,-0.183,0.02246,1.01611,0.01123,29.10
$IMU,26904.265,-0.244,-0.122,-0.183,0.02050,1.01318,0.01171,29.10
$IMU,26904.267,-0.244,0.000,-0.183,0.02099,1.01171,0.01269,29.10
$IMU,26904.270,-0.183,-0.061,-0.183,0.02197,1.01660,0.01171,29.10
$MAG,26904.271,-0.568,-0.516,-0.412,28.1
$IMU,26904.272,-0.122,-0.183,-0.122,0.02343,1.01220,0.01171,29.10
$IMU,26904.274,-0.061,-0.122,-0.122,0.01806,1.01513,0.01123,29.10
$IMU,26904.277,-0.061,-0.122,-0.183,0.02050,1.01220,0.01171,29.10
$IMU,26904.279,-0.122,-0.122,-0.244,0.01953,1.01367,0.01123,29.11
$IMU,26904.281,-0.061,0.061,-0.305,0.01660,1.01416,0.01220,29.11
$MAG,26904.282,-0.568,-0.525,-0.397,28.1
$IMU,26904.284,-0.061,0.061,-0.305,0.02099,1.01367,0.01123,29.11
$IMU,26904.286,0.061,-0.244,-0.244,0.01855,1.01220,0.01220,29.11
$IMU,26904.288,0.061,-0.183,-0.244,0.01660,1.01074,0.01318,29.11
$IMU,26904.291,-0.061,0.061,-0.244,0.01660,1.01269,0.01367,29.11
$MAG,26904.292,-0.568,-0.520,-0.408,28.1
$IMU,26904.293,-0.061,-0.061,-0.244,0.02001,1.01171,0.00976,29.11
$IMU,26904.296,0.061,-0.183,-0.183,0.01806,1.01171,0.01123,29.11
$IMU,26904.298,0.061,-0.305,-0.122,0.01806,1.00976,0.01025,29.10
$IMU,26904.300,-0.061,-0.244,-0.122,0.01953,1.00927,0.01562,29.10
$MAG,26904.302,-0.558,-0.523,-0.409,27.8
$IMU,26904.303,-0.122,-0.183,-0.122,0.02197,1.01269,0.01220,29.10
$IMU,26904.305,-0.183,-0.061,-0.183,0.01708,1.01123,0.01074,29.10
$IMU,26904.307,-0.183,-0.183,-0.183,0.01904,1.01074,0.00830,29.10
$IMU,26904.310,-0.244,-0.061,-0.183,0.01806,1.01074,0.01025,29.10
$MAG,26904.312,-0.570,-0.514,-0.403,28.1
$IMU,26904.312,-0.244,0.000,-0.122,0.02148,1.01123,0.00976,29.10
$IMU,26904.314,-0.427,-0.183,-0.183,0.01904,1.01220,0.01025,29.10
$IMU,26904.317,-0.488,0.000,-0.183,0.01562,1.01123,0.01220,29.15
$IMU,26904.319,-0.366,0.000,-0.122,0.01806,1.01318,0.01171,29.15
$IMU,26904.321,-0.427,-0.061,-0.122,0.02099,1.01269,0.01318,29.15
$MAG,26904.322,-0.570,-0.519,-0.403,27.8
$IMU,26904.324,-0.427,-0.244,-0.122,0.02148,1.01416,0.01123,29.15
$IMU,26904.326,-0.427,-0.061,-0.061,0.01806,1.01318,0.01416,29.15
$IMU,26904.328,-0.488,-0.061,-0.122,0.01904,1.01513,0.01513,29.15
$IMU,26904.331,-0.488,-0.122,-0.183,0.02099,1.01171,0.01318,29.15
$MAG,26904.332,-0.571,-0.520,-0.409,28.0
$IMU,26904.333,-0.427,-0.061,-0.122,0.01660,1.01269,0.01074,29.15
$IMU,26904.335,-0.366,-0.244,-0.183,0.01855,1.00927,0.01074,29.12
$IMU,26904.338,-0.305,-0.305,-0.244,0.01855,1.01220,0.01025,29.12
$BARO,26904.339,86867.62,28.90
$IMU,26904.340,-0.366,-0.061,-0.122,0.02099,1.01318,0.01269,29.12
$MAG,26904.342,-0.555,-0.508,-0.400,27.8
$IMU,26904.342,-0.427,0.061,-0.183,0.02197,1.01416,0.00927,29.12
$IMU,26904.345,-0.366,-0.122,-0.244,0.01953,1.01318,0.01123,29.12
$IMU,26904.347,-0.366,-0.122,-0.183,0.01757,1.01318,0.01367,29.12
$IMU,26904.349,-0.244,-0.122,-0.244,0.01904,1.01074,0.01416,29.12
$MAG,26904.352,-0.580,-0.516,-0.402,27.8
$IMU,26904.352,-0.305,-0.061,-0.183,0.01562,1.01123,0.01269,29.12
$IMU,26904.354,-0.305,-0.122,-0.244,0.01806,1.01123,0.00976,29.14
$IMU,26904.357,-0.183,-0.061,-0.183,0.02392,1.00830,0.01318,29.14
$IMU,26904.359,-0.061,-0.122,-0.244,0.01855,1.01269,0.01269,29.14
$IMU,26904.361,0.000,-0.183,-0.244,0.01757,1.01318,0.01123,29.14
$MAG,26904.362,-0.565,-0.514,-0.408,28.1
$IMU,26904.364,-0.061,-0.122,-0.183,0.01708,1.01269,0.01367,29.14
$IMU,26904.366,-0.061,-0.183,-0.122,0.01708,1.01123,0.01416,29.14
$IMU,26904.368,-0.061,-0.183,-0.183,0.01855,1.00976,0.01269,29.14
$IMU,26904.371,0.000,-0.122,-0.061,0.01904,1.01074,0.00927,29.14
$MAG,26904.372,-0.565,-0.514,-0.400,27.8
$IMU,26904.373,0.061,-0.183,-0.183,0.01855,1.01367,0.01074,29.14
$IMU,26904.375,0.061,-0.183,-0.183,0.01953,1.01416,0.01025,29.14
$IMU,26904.378,-0.061,0.000,-0.061,0.01855,1.01318,0.01171,29.14
$IMU,26904.380,-0.061,-0.061,-0.122,0.02050,1.01025,0.01171,29.14
$MAG,26904.382,-0.562,-0.514,-0.402,28.0
$IMU,26904.382,-0.183,0.000,-0.122,0.01953,1.01025,0.00927,29.14
$IMU,26904.385,-0.122,-0.061,-0.122,0.01904,1.01171,0.01074,29.14
$IMU,26904.387,-0.122,-0.183,-0.183,0.02001,1.01220,0.01220,29.14
$IMU,26904.389,-0.183,-0.244,-0.122,0.02001,1.01269,0.01220,29.14
$IMU,26904.392,-0.366,0.061,-0.061,0.01953,1.01318,0.01220,29.12
$MAG,26904.393,-0.562,-0.513,-0.406,27.8
$IMU,26904.394,-0.427,0.000,-0.061,0.02050,1.01269,0.01025,29.12
$IMU,26904.396,-0.305,-0.122,-0.183,0.02001,1.01416,0.01074,29.12
$IMU,26904.399,-0.305,-0.122,-0.183,0.02050,1.01464,0.00781,29.12
$IMU,26904.401,-0.366,-0.122,-0.122,0.02148,1.01171,0.01269,29.12
$MAG,26904.403,-0.574,-0.519,-0.411,27.7
$IMU,26904.403,-0.427,-0.244,-0.183,0.01953,1.01171,0.01171,29.12
$IMU,26904.406,-0.549,-0.183,-0.122,0.01953,1.01416,0.01025,29.12
$IMU,26904.408,-0.549,-0.061,-0.183,0.02246,1.01513,0.01123,29.12
$IMU,26904.410,-0.427,-0.183,-0.183,0.02099,1.01708,0.01269,29.14
$MAG,26904.413,-0.564,-0.514,-0.397,28.1
$IMU,26904.413,-0.427,-0.305,-0.122,0.01855,1.01220,0.01171,29.14
$IMU,26904.415,-0.427,-0.183,-0.305,0.02050,1.01074,0.01757,29.14
$IMU,26904.418,0.061,0.000,-0.488,0.03125,1.00537,0.02685,29.14
$IMU,26904.420,1.220,0.122,-1.281,0.04052,0.99951,0.03857,29.14
$IMU,26904.422,2.990,0.000,-2.075,0.03955,0.99511,0.04541,29.14
$MAG,26904.423,-0.565,-0.520,-0.402,28.1
$IMU,26904.425,4.882,0.000,-2.624,0.03662,0.99316,0.04980,29.14
$IMU,26904.427,6.896,-0.061,-2.929,0.03076,0.99560,0.04492,29.14
$IMU,26904.429,8.728,-0.183,-2.746,0.02246,0.99755,0.03906,29.11
$IMU,26904.432,10.192,-0.122,-2.380,0.01367,1.00097,0.03271,29.11
$MAG,26904.433,-0.562,-0.516,-0.403,28.1
$IMU,26904.434,11.352,-0.244,-1.953,0.01171,1.00585,0.01953,29.11
$IMU,26904.436,12.023,-0.183,-1.586,0.01123,1.01464,0.01269,29.11
$IMU,26904.439,12.329,-0.305,-1.342,0.01074,1.01171,0.00537,29.11
$BARO,26904.441,86872.40,28.91
$IMU,26904.441,12.207,-0.488,-1.098,0.00927,1.01123,-0.00244,29.11
$MAG,26904.443,-0.562,-0.523,-0.406,28.1
$IMU,26904.443,11.718,-0.244,-1.037,0.01855,1.01660,-0.00732,29.11
$IMU,26904.446,10.986,-0.183,-1.159,0.02197,1.02099,-0.01269,29.11
$IMU,26904.448,9.948,-0.122,-1.403,0.02392,1.01953,-0.01757,29.16
$IMU,26904.450,8.728,-0.183,-1.708,0.02539,1.02539,-0.02050,29.16
$MAG,26904.453,-0.571,-0.514,-0.397,28.0
$IMU,26904.453,7.324,-0.183,-1.831,0.02392,1.02490,-0.02148,29.16
$IMU,26904.455,5.615,-0.244,-1.770,0.01904,1.02539,-0.02246,29.16
$IMU,26904.457,3.967,-0.183,-1.525,0.01074,1.02734,-0.02685,29.16
$IMU,26904.460,2.197,-0.061,-1.159,0.00683,1.03369,-0.03173,29.16
$IMU,26904.462,0.549,-0.244,-0.854,0.00634,1.03320,-0.02734,29.16
$MAG,26904.463,-0.561,-0.525,-0.402,28.0
$IMU,26904.464,-1.281,-0.183,-0.488,0.00488,1.03125,-0.02539,29.16
$IMU,26904.467,-3.051,-0.122,-0.061,0.00048,1.02734,-0.02294,29.12
$IMU,26904.469,-4.821,-0.122,0.366,0.00195,1.02734,-0.02099,29.12
$IMU,26904.471,-6.591,0.000,0.732,0.00390,1.02539,-0.01953,29.12
$MAG,26904.473,-0.568,-0.517,-0.397,28.0
$IMU,26904.474,-8.117,-0.061,1.037,0.00634,1.02783,-0.02050,29.12
$IMU,26904.476,-9.704,0.061,1.159,0.00585,1.02099,-0.01904,29.12
$IMU,26904.479,-11.169,0.061,1.464,0.00927,1.01855,-0.01562,29.12
$IMU,26904.481,-12.512,0.061,1.647,0.00830,1.01269,-0.01367,29.12
$MAG,26904.483,-0.558,-0.511,-0.408,28.0
$IMU,26904.483,-13.793,0.183,1.892,0.00976,1.01025,-0.01025,29.12
$IMU,26904.486,-14.892,0.000,1.892,0.01562,1.01074,-0.00927,29.13
$IMU,26904.488,-15.808,0.000,1.953,0.00976,1.01757,-0.00439,29.13
$IMU,26904.490,-16.479,0.000,1.892,0.00683,1.01611,0.00146,29.13
$IMU,26904.493,-16.967,-0.061,1.831,0.01025,1.01025,0.00488,29.13
$MAG,26904.494,-0.564,-0.514,-0.400,28.0
$IMU,26904.495,-16.967,-0.061,2.014,0.00878,1.01513,0.01464,29.13
$IMU,26904.497,-16.601,-0.122,2.502,0.00439,1.01025,0.02246,29.13
$IMU,26904.500,-15.991,-0.061,3.051,0.00878,0.99951,0.02636,29.13
$IMU,26904.502,-15.014,-0.244,3.601,0.01611,0.99267,0.03125,29.13
$MAG,26904.504,-0.564,-0.510,-0.408,28.1
$IMU,26904.504,-14.038,-0.244,4.028,0.02197,0.99658,0.03320,29.12
$IMU,26904.507,-13.122,-0.122,4.150,0.02783,0.99755,0.03466,29.12
$IMU,26904.509,-12.207,-0.122,3.967,0.03271,1.00000,0.03271,29.12
$IMU,26904.511,-11.352,-0.061,3.356,0.03515,1.00439,0.03173,29.12
$MAG,26904.514,-0.567,-0.517,-0.403,27.8
$IMU,26904.514,-10.314,-0.061,2.502,0.03906,1.00732,0.03125,29.12
$IMU,26904.516,-9.460,-0.122,1.647,0.04296,1.00927,0.02978,29.12
$IMU,26904.518,-8.544,-0.061,0.976,0.04101,1.01269,0.03320,29.12
$IMU,26904.521,-7.568,-0.061,0.610,0.03466,1.00781,0.03417,29.12
$IMU,26904.523,-6.652,0.000,0.488,0.03076,1.00927,0.03515,29.14
$MAG,26904.524,-0.574,-0.514,-0.406,28.1
$IMU,26904.525,-5.554,-0.122,0.610,0.02929,1.00878,0.03662,29.14
$IMU,26904.528,-4.577,0.000,0.610,0.02783,1.00976,0.03466,29.14
$IMU,26904.530,-3.479,-0.183,0.488,0.02734,1.00976,0.03320,29.14
$IMU,26904.532,-2.441,-0.183,0.183,0.03027,1.01367,0.03613,29.14
$MAG,26904.534,-0.570,-0.517,-0.409,27.7
$IMU,26904.535,-1.403,-0.061,-0.305,0.02929,1.01416,0.03466,29.14
$IMU,26904.537,-0.488,-0.122,-0.732,0.03076,1.01074,0.03466,29.14
$IMU,26904.540,0.549,-0.305,-1.159,0.02685,1.00927,0.03564,29.14
$BARO,26904.542,86855.41,28.91
$IMU,26904.542,1.464,-0.061,-1.464,0.02832,1.01025,0.03369,29.15
$MAG,26904.544,-0.553,-0.517,-0.409,28.1
$IMU,26904.544,2.502,-0.183,-1.525,0.02490,1.00878,0.03515,29.15
$IMU,26904.547,3.417,0.000,-1.586,0.02587,1.00781,0.03515,29.15
$IMU,26904.549,4.333,0.061,-1.586,0.02148,1.01025,0.03613,29.15
$IMU,26904.551,5.432,-0.122,-1.831,0.02197,1.01171,0.03466,29.15
$MAG,26904.554,-0.570,-0.517,-0.414,27.7
$IMU,26904.554,6.347,0.000,-2.075,0.01904,1.01123,0.03808,29.15
$IMU,26904.556,7.385,-0.061,-2.258,0.02197,1.01269,0.03710,29.15
$IMU,26904.558,8.239,-0.061,-2.502,0.01513,1.00878,0.03613,29.15
$IMU,26904.561,9.155,-0.122,-2.441,0.01464,1.00585,0.03857,29.12
$IMU,26904.563,10.070,0.000,-2.441,0.01660,1.00683,0.03710,29.12
$MAG,26904.564,-0.561,-0.516,-0.403,27.8
$IMU,26904.565,11.108,-0.183,-2.319,0.01074,1.00683,0.03662,29.12
$IMU,26904.568,12.145,-0.244,-2.197,0.01513,1.00585,0.03320,29.12
$IMU,26904.570,13.000,-0.122,-2.075,0.01269,1.00878,0.03076,29.12
$IMU,26904.572,13.854,-0.061,-2.014,0.01464,1.01416,0.03271,29.12
$MAG,26904.574,-0.568,-0.522,-0.408,28.1
$IMU,26904.575,14.465,-0.244,-1.892,0.01464,1.01562,0.02294,29.12
$IMU,26904.577,14.953,-0.183,-1.770,0.00976,1.01757,0.01904,29.12
$IMU,26904.579,15.014,-0.305,-1.525,0.00878,1.02246,0.01025,29.16
$IMU,26904.582,14.709,-0.122,-1.281,0.00781,1.02197,0.00537,29.16
$MAG,26904.584,-0.564,-0.522,-0.412,28.0
$IMU,26904.584,14.099,-0.122,-0.732,0.00732,1.01953,-0.00048,29.16
$IMU,26904.586,13.305,-0.244,-0.183,0.00830,1.02148,-0.00634,29.16
$IMU,26904.589,12.390,-0.183,0.305,0.00830,1.01904,-0.00830,29.16
$IMU,26904.591,11.291,-0.244,0.610,0.01123,1.02441,-0.01025,29.16
$IMU,26904.593,10.131,-0.244,0.732,0.01757,1.02343,-0.01611,29.16
$MAG,26904.594,-0.564,-0.513,-0.400,28.1
$IMU,26904.596,8.850,-0.183,0.488,0.02343,1.02099,-0.01708,29.16
$IMU,26904.598,7.568,-0.122,0.122,0.02490,1.01660,-0.01611,29.09
$IMU,26904.601,6.286,-0.244,-0.183,0.02441,1.01513,-0.01708,29.09
$IMU,26904.603,5.065,-0.244,-0.305,0.02392,1.01562,-0.01904,29.09
$MAG,26904.605,-0.565,-0.513,-0.406,27.8
$IMU,26904.605,3.845,-0.183,-0.244,0.02539,1.00927,-0.01708,29.09
$IMU,26904.608,2.563,-0.122,0.061,0.02001,1.00537,-0.02197,29.09
$IMU,26904.610,1.281,-0.122,0.305,0.01904,1.00683,-0.01953,29.09
$IMU,26904.612,0.122,-0.183,0.610,-0.01416,0.98730,-0.02392,29.09
$MAG,26904.615,-0.573,-0.517,-0.402,27.8
$IMU,26904.615,-1.464,-0.305,2.136,-0.08105,0.93212,-0.03613,29.09
$IMU,26904.617,-3.540,-0.488,5.432,-0.15039,0.83935,-0.04150,29.14
$IMU,26904.619,-5.920,-0.793,9.826,-0.18310,0.81835,-0.03906,29.14
$IMU,26904.622,-7.995,-0.732,12.756,-0.10498,0.90429,-0.00683,29.14
$IMU,26904.624,-8.422,-1.953,10.314,0.02636,1.02880,0.03271,29.14
$MAG,26904.625,-0.565,-0.522,-0.399,28.0
$IMU,26904.626,-7.934,-3.845,3.967,0.12646,1.11279,0.03759,29.14
$IMU,26904.629,-7.019,-4.577,-1.037,0.17675,1.13720,0.03515,29.14
$IMU,26904.631,-4.516,-1.281,-2.197,0.15039,1.11718,0.03320,29.14
$IMU,26904.633,-2.990,0.793,-0.244,0.10156,1.07470,0.02685,29.14
$MAG,26904.635,-0.570,-0.510,-0.403,28.1
$IMU,26904.636,-2.258,0.549,3.112,0.07861,1.03271,0.03369,29.14
$IMU,26904.638,-1.098,0.183,5.004,0.07470,1.03320,0.03759,29.14
$IMU,26904.640,0.183,-0.244,4.089,0.07519,1.05517,0.04101,29.14
$IMU,26904.643,1.464,-0.305,0.854,0.06103,1.08593,0.04833,29.14
$BARO,26904.644,86867.11,28.91
$MAG,26904.645,-0.567,-0.520,-0.402,28.0
$IMU,26904.645,3.234,-0.366,-2.563,0.03320,1.09814,0.06152,29.14
$IMU,26904.647,5.554,-0.305,-4.028,0.00781,1.08251,0.07031,29.14
$IMU,26904.650,8.483,-0.244,-2.868,-0.00292,1.05078,0.07275,29.14
$IMU,26904.652,11.718,-0.366,-0.488,0.01269,1.02343,0.06396,29.14
$IMU,26904.654,14.953,-0.549,1.037,0.04394,1.00537,0.04833,29.13
$MAG,26904.655,-0.567,-0.510,-0.411,28.1
$IMU,26904.657,17.578,-0.427,0.915,0.06933,0.99365,0.02441,29.13
$IMU,26904.659,19.287,-0.061,-0.915,0.08691,0.98828,0.00244,29.13
$IMU,26904.662,20.202,0.000,-3.601,0.08740,0.99218,-0.01367,29.13
$IMU,26904.664,20.507,-0.183,-5.859,0.07666,0.98632,-0.02783,29.13
$MAG,26904.665,-0.565,-0.528,-0.397,28.0
$IMU,26904.666,20.019,-0.061,-6.774,0.05175,0.97509,-0.03759,29.13
$IMU,26904.669,18.798,-0.061,-6.530,0.02197,0.96777,-0.03906,29.13
$IMU,26904.671,17.028,-0.061,-5.187,-0.00488,0.95800,-0.03906,29.13
$IMU,26904.673,14.770,0.061,-3.784,-0.01562,0.95703,-0.03955,29.15
$MAG,26904.675,-0.564,-0.513,-0.402,28.0
$IMU,26904.676,12.451,0.122,-2.929,-0.01806,0.96777,-0.03320,29.15
$IMU,26904.678,10.192,0.183,-2.624,-0.01660,0.98486,-0.03027,29.15
$IMU,26904.680,8.361,0.244,-2.441,-0.01708,0.99707,-0.02539,29.15
$IMU,26904.683,7.019,0.305,-2.197,-0.01416,1.00439,-0.02197,29.15
$MAG,26904.685,-0.570,-0.519,-0.400,27.8
$IMU,26904.685,6.286,0.427,-1.770,-0.00488,1.01806,-0.01757,29.15
$IMU,26904.687,5.981,0.366,-1.281,0.00048,1.02685,-0.01464,29.15
$IMU,26904.690,5.737,0.305,-0.976,0.00390,1.03564,-0.01171,29.15
$IMU,26904.692,5.432,0.366,-0.793,0.00878,1.04785,-0.01025,29.12
$IMU,26904.694,4.821,0.244,-0.488,0.00927,1.05517,-0.00585,29.12
$MAG,26904.695,-0.565,-0.513,-0.397,28.1
$IMU,26904.697,4.150,0.183,-0.122,0.01025,1.06445,-0.00439,29.12
$IMU,26904.699,3.295,0.183,0.122,0.01367,1.07080,-0.00341,29.12
$IMU,26904.701,2.319,0.183,0.305,0.01953,1.06982,-0.00146,29.12
$IMU,26904.704,1.464,0.244,0.305,0.02050,1.07910,-0.00195,29.12
$MAG,26904.705,-0.561,-0.508,-0.394,27.8
$IMU,26904.706,0.610,0.427,0.427,0.01513,1.08544,-0.00244,29.12
$VBAT,26904.706,4.126
$IMU,26904.708,-0.122,0.671,0.732,0.01074,1.09130,-0.00732,29.12
$IMU,26904.711,-0.488,1.098,1.342,0.00439,1.09326,-0.01269,29.14
$IMU,26904.713,-0.549,2.014,2.197,0.00195,1.09667,-0.01318,29.14
$IMU,26904.715,-0.183,3.601,2.868,0.00244,1.09570,-0.01367,29.14
$MAG,26904.716,-0.573,-0.516,-0.403,27.8
$IMU,26904.718,0.122,5.615,3.601,0.00244,1.09228,-0.01953,29.14
$IMU,26904.720,0.122,7.446,4.272,0.00585,1.08007,-0.02050,29.14
$IMU,26904.722,0.000,9.399,4.699,0.00537,1.06640,-0.02441,29.14
$IMU,26904.725,-0.488,11.047,5.126,0.00439,1.05810,-0.02490,29.14
$MAG,26904.726,-0.565,-0.520,-0.397,28.1
$IMU,26904.727,-1.708,11.718,5.676,0.00097,1.05029,-0.02734,29.14
$IMU,26904.730,-3.295,11.901,6.469,-0.00537,1.04931,-0.02636,29.13
$IMU,26904.732,-5.371,11.169,8.117,-0.01757,1.05371,-0.02880,29.13
$IMU,26904.734,-7.812,9.643,10.498,-0.02099,1.05224,-0.02929,29.13
$MAG,26904.736,-0.565,-0.522,-0.391,27.8
$IMU,26904.737,-10.009,7.751,13.183,-0.02099,1.05175,-0.03222,29.13
$IMU,26904.739,-12.145,6.652,15.869,-0.02246,1.05517,-0.03417,29.13
$IMU,26904.741,-14.160,5.493,18.432,-0.02587,1.06347,-0.03369,29.13
$IMU,26904.744,-16.479,4.089,20.507,-0.02734,1.06835,-0.02832,29.13
$BARO,26904.745,86860.31,28.91
$MAG,26904.746,-0.577,-0.510,-0.399,28.0
$IMU,26904.746,-18.920,2.624,22.460,-0.02539,1.07568,-0.03320,29.13
$IMU,26904.748,-21.301,1.037,24.414,-0.01953,1.09765,-0.02783,29.10
$IMU,26904.751,-23.559,-0.915,26.428,-0.01269,1.10009,-0.04394,29.10
$IMU,26904.753,-23.681,-3.967,28.747,-0.01123,1.10351,-0.09814,29.10
$IMU,26904.755,-20.385,-8.483,29.968,-0.01806,1.16259,-0.11083,29.10
$MAG,26904.756,-0.571,-0.508,-0.403,28.1
$IMU,26904.758,-17.333,-12.023,28.625,-0.02539,1.20849,-0.11181,29.10
$IMU,26904.760,-14.892,-13.732,25.939,-0.02685,1.23339,-0.10253,29.10
$IMU,26904.762,-12.817,-13.427,22.827,-0.02978,1.23486,-0.08935,29.10
$IMU,26904.765,-11.169,-11.962,19.714,-0.03710,1.23339,-0.07958,29.10
$MAG,26904.766,-0.570,-0.508,-0.399,28.0
$IMU,26904.767,-9.887,-10.131,16.784,-0.04833,1.22167,-0.07861,29.15
$IMU,26904.769,-9.643,-8.178,14.404,-0.05664,1.21093,-0.08203,29.15
$IMU,26904.772,-10.070,-6.835,12.634,-0.05712,1.21240,-0.08984,29.15
$IMU,26904.774,-10.986,-6.103,11.840,-0.05908,1.21533,-0.09472,29.15
$MAG,26904.776,-0.573,-0.511,-0.396,28.1
$IMU,26904.776,-11.901,-6.103,11.596,-0.06005,1.22607,-0.10107,29.15
$IMU,26904.779,-12.695,-6.835,11.962,-0.05175,1.23095,-0.10986,29.15
$IMU,26904.781,-13.122,-7.873,12.512,-0.04589,1.23779,-0.11425,29.15
$IMU,26904.783,-13.366,-9.094,13.122,-0.03906,1.24707,-0.11376,29.15
$MAG,26904.786,-0.574,-0.517,-0.402,27.8
$IMU,26904.786,-13.549,-10.375,13.671,-0.03759,1.25048,-0.11767,29.15
$IMU,26904.788,-13.732,-11.596,13.916,-0.03466,1.25537,-0.11865,29.15
$IMU,26904.791,-13.854,-13.000,13.793,-0.03955,1.25488,-0.12500,29.15
$IMU,26904.793,-14.160,-14.099,13.305,-0.04492,1.25048,-0.13378,29.15
$IMU,26904.795,-14.709,-14.831,12.878,-0.05175,1.24462,-0.14843,29.15
$MAG,26904.796,-0.568,-0.513,-0.402,27.8
$IMU,26904.798,-15.197,-15.258,12.817,-0.06152,1.23583,-0.16650,29.15
$IMU,26904.800,-15.747,-15.869,13.244,-0.07812,1.22558,-0.18359,29.15
$IMU,26904.802,-15.869,-16.601,13.977,-0.09375,1.21875,-0.19873,29.15
$IMU,26904.805,-15.747,-17.639,15.136,-0.10009,1.21435,-0.21337,29.13
$MAG,26904.806,-0.579,-0.513,-0.414,28.1
$IMU,26904.807,-15.563,-18.615,16.662,-0.10791,1.21972,-0.21972,29.13
$IMU,26904.809,-15.380,-19.531,18.493,-0.10742,1.23046,-0.22216,29.13
$IMU,26904.812,-15.258,-20.080,20.263,-0.10498,1.24414,-0.22021,29.13
$IMU,26904.814,-15.075,-20.568,21.789,-0.10449,1.25976,-0.21240,29.13
$IMU,26904.816,-14.831,-21.240,23.071,-0.10107,1.27734,-0.20458,29.13
$MAG,26904.817,-0.583,-0.510,-0.405,27.8
$IMU,26904.819,-14.404,-21.789,24.047,-0.09472,1.28417,-0.19775,29.13
$IMU,26904.821,-14.038,-22.460,24.597,-0.09082,1.28759,-0.18847,29.13
$IMU,26904.823,-13.977,-22.888,24.719,-0.08837,1.29150,-0.18457,29.10
$IMU,26904.826,-13.916,-23.315,24.658,-0.08544,1.29248,-0.17529,29.10
$MAG,26904.827,-0.579,-0.507,-0.399,28.0
$IMU,26904.828,-14.099,-23.315,24.353,-0.08544,1.29199,-0.17041,29.10
$IMU,26904.830,-14.343,-23.437,23.681,-0.08496,1.28613,-0.17187,29.10
$IMU,26904.833,-14.526,-23.681,23.071,-0.08154,1.27490,-0.17529,29.10
$IMU,26904.835,-14.770,-23.803,22.460,-0.08105,1.26269,-0.17968,29.10
$MAG,26904.837,-0.586,-0.510,-0.406,28.0
$IMU,26904.837,-14.831,-24.047,21.972,-0.07177,1.24707,-0.18359,29.10
$IMU,26904.840,-14.587,-24.597,21.728,-0.06787,1.22802,-0.18750,29.10
$IMU,26904.842,-14.160,-25.024,21.850,-0.06201,1.20703,-0.18554,29.14
$IMU,26904.844,-13.732,-25.573,22.094,-0.05859,1.19189,-0.19140,29.14
$BARO,26904.847,86869.72,28.91
$MAG,26904.847,-0.580,-0.510,-0.408,28.1
$IMU,26904.847,-13.549,-25.878,22.583,-0.05224,1.17431,-0.19042,29.14
$IMU,26904.849,-13.488,-26.062,23.071,-0.04687,1.16015,-0.19433,29.14
$IMU,26904.852,-13.671,-26.245,23.742,-0.03759,1.14550,-0.19482,29.14
$IMU,26904.854,-13.854,-26.611,24.414,-0.03466,1.13134,-0.20019,29.14
$IMU,26904.856,-14.221,-27.099,25.024,-0.02685,1.12304,-0.20654,29.14
$MAG,26904.857,-0.582,-0.501,-0.402,28.1
$IMU,26904.859,-14.343,-27.770,25.756,-0.03417,1.11425,-0.20849,29.14
$IMU,26904.861,-14.343,-28.320,26.367,-0.03173,1.11181,-0.21240,29.16
$IMU,26904.863,-14.343,-28.808,26.733,-0.04003,1.11328,-0.21435,29.16
$IMU,26904.866,-14.038,-29.541,27.099,-0.04638,1.11962,-0.21484,29.16
$MAG,26904.867,-0.591,-0.507,-0.408,28.0
$IMU,26904.868,-13.793,-30.090,27.343,-0.05957,1.13232,-0.21386,29.16
$IMU,26904.870,-13.793,-30.700,27.526,-0.06835,1.14892,-0.20898,29.16
$IMU,26904.873,-13.793,-31.311,27.832,-0.07470,1.16796,-0.19824,29.16
$IMU,26904.875,-13.916,-31.616,27.954,-0.08007,1.18701,-0.18164,29.16
$IMU,26904.877,-14.160,-31.921,27.770,-0.08349,1.20263,-0.16406,29.16
$MAG,26904.877,-0.589,-0.499,-0.403,28.1
$IMU,26904.880,-14.465,-32.165,26.855,-0.07958,1.22119,-0.14355,29.11
$IMU,26904.882,-15.197,-31.982,25.512,-0.07470,1.23779,-0.12500,29.11
$IMU,26904.884,-16.357,-31.799,23.437,-0.07080,1.25439,-0.11279,29.11
$MAG,26904.887,-0.591,-0.505,-0.412,28.0
$IMU,26904.887,-18.066,-31.066,20.812,-0.06884,1.26367,-0.10400,29.11
$IMU,26904.889,-19.958,-30.456,17.700,-0.06640,1.27197,-0.09960,29.11
$IMU,26904.891,-21.728,-29.602,14.282,-0.06640,1.27587,-0.10351,29.11
$IMU,26904.894,-23.437,-28.686,10.620,-0.07373,1.26757,-0.11328,29.11
$IMU,26904.896,-24.719,-28.015,7.080,-0.07910,1.25781,-0.12207,29.11
$MAG,26904.897,-0.603,-0.495,-0.406,28.1
$IMU,26904.898,-25.573,-26.916,3.784,-0.07568,1.25439,-0.13867,29.16
$IMU,26904.901,-26.489,-25.573,0.854,-0.07568,1.25244,-0.15332,29.16
$IMU,26904.903,-27.404,-24.291,-1.647,-0.08203,1.25097,-0.16455,29.16
$IMU,26904.905,-27.832,-23.498,-4.150,-0.08837,1.24316,-0.17187,29.16
$MAG,26904.907,-0.597,-0.508,-0.414,28.0
$IMU,26904.908,-27.770,-23.193,-6.408,-0.08300,1.24121,-0.17578,29.16
$IMU,26904.910,-27.587,-22.949,-8.178,-0.08154,1.24072,-0.17529,29.16
$IMU,26904.913,-27.221,-22.888,-9.399,-0.07519,1.23486,-0.17187,29.16
$IMU,26904.915,-26.977,-23.193,-10.314,-0.06738,1.23046,-0.16406,29.16
$MAG,26904.917,-0.591,-0.504,-0.406,28.1
$IMU,26904.917,-26.916,-23.803,-10.864,-0.06542,1.22558,-0.15966,29.14
$IMU,26904.920,-27.099,-24.536,-11.230,-0.05761,1.22167,-0.14990,29.14
$IMU,26904.922,-27.770,-25.146,-11.169,-0.05322,1.21582,-0.14208,29.14
$IMU,26904.924,-28.686,-26.062,-11.169,-0.05566,1.20605,-0.14062,29.14
$IMU,26904.927,-29.846,-26.794,-11.230,-0.06103,1.20263,-0.13720,29.14
$MAG,26904.928,-0.586,-0.499,-0.411,28.1
$IMU,26904.929,-30.761,-27.587,-11.291,-0.06787,1.19628,-0.13867,29.14
$IMU,26904.931,-31.677,-28.198,-11.291,-0.06787,1.18847,-0.13964,29.14
$IMU,26904.934,-32.287,-28.564,-11.291,-0.06835,1.17626,-0.14697,29.14
$IMU,26904.936,-32.470,-28.564,-11.169,-0.06738,1.16503,-0.15185,29.11
$MAG,26904.938,-0.595,-0.504,-0.408,28.1
$IMU,26904.938,-32.287,-28.381,-11.047,-0.07080,1.15332,-0.15869,29.11
$IMU,26904.941,-31.860,-28.381,-10.803,-0.07177,1.13916,-0.16601,29.11
$IMU,26904.943,-31.250,-28.259,-10.375,-0.07568,1.12939,-0.16845,29.11
$IMU,26904.945,-30.578,-28.198,-9.826,-0.07958,1.12011,-0.16503,29.11
$BARO,26904.948,86863.48,28.91
$MAG,26904.948,-0.586,-0.508,-0.412,28.1
$IMU,26904.948,-29.907,-28.137,-9.094,-0.08251,1.11376,-0.16064,29.11
$IMU,26904.950,-29.296,-28.198,-8.117,-0.08349,1.10595,-0.15429,29.11
$IMU,26904.952,-28.625,-28.686,-7.019,-0.07617,1.10156,-0.15332,29.11
$IMU,26904.955,-27.893,-29.846,-5.859,-0.07519,1.08935,-0.15039,29.10
$IMU,26904.957,-27.221,-31.616,-4.394,-0.07324,1.08056,-0.14990,29.10
$MAG,26904.958,-0.582,-0.511,-0.406,27.8
$IMU,26904.959,-26.672,-33.569,-3.112,-0.07031,1.07617,-0.14746,29.10
$IMU,26904.962,-26.245,-35.583,-1.708,-0.07763,1.06884,-0.14550,29.10
$IMU,26904.964,-25.634,-37.536,-0.183,-0.08544,1.05712,-0.14501,29.10
$IMU,26904.966,-24.841,-39.245,1.220,-0.09423,1.05175,-0.13916,29.10
$MAG,26904.968,-0.585,-0.508,-0.414,28.1
$IMU,26904.969,-24.047,-40.588,2.502,-0.10058,1.04931,-0.12841,29.10
$IMU,26904.971,-23.193,-41.381,3.295,-0.11181,1.04296,-0.12109,29.10
$IMU,26904.974,-22.705,-41.564,3.540,-0.12304,1.04052,-0.11816,29.12
$IMU,26904.976,-22.216,-41.076,3.417,-0.13574,1.03710,-0.11767,29.12
$MAG,26904.978,-0.588,-0.502,-0.411,28.0
$IMU,26904.978,-21.728,-40.527,2.929,-0.14892,1.03320,-0.11816,29.12
$IMU,26904.981,-21.118,-40.100,2.197,-0.15576,1.02978,-0.11669,29.12
$IMU,26904.983,-20.324,-39.550,1.403,-0.15917,1.02685,-0.11376,29.12
$IMU,26904.985,-19.287,-39.306,0.549,-0.15771,1.02783,-0.10693,29.12
$MAG,26904.988,-0.589,-0.505,-0.421,28.0
$IMU,26904.988,-18.371,-39.550,-0.305,-0.16210,1.02978,-0.10205,29.12
$IMU,26904.990,-17.883,-40.100,-1.586,-0.15673,1.03320,-0.09619,29.12
$IMU,26904.992,-17.639,-41.076,-3.295,-0.15332,1.03808,-0.08886,29.13
$IMU,26904.995,-17.700,-42.236,-5.187,-0.14306,1.04541,-0.07714,29.13
$IMU,26904.997,-17.822,-43.395,-7.202,-0.13281,1.04736,-0.07031,29.13
$MAG,26904.998,-0.582,-0.504,-0.417,28.1
$IMU,26904.999,-18.127,-43.762,-9.033,-0.13281,1.04589,-0.07275,29.13
$IMU,26905.002,-18.371,-43.884,-10.986,-0.13818,1.03466,-0.07812,29.13
$IMU,26905.004,-18.554,-43.823,-13.061,-0.13867,1.02246,-0.08984,29.13
$IMU,26905.006,-18.554,-43.945,-15.075,-0.14599,1.00927,-0.10546,29.13
$MAG,26905.008,-0.588,-0.511,-0.405,28.0
$IMU,26905.009,-18.066,-44.128,-17.150,-0.15722,0.99169,-0.11865,29.13
$IMU,26905.011,-17.395,-44.128,-19.409,-0.16552,0.97949,-0.12890,29.12
$IMU,26905.013,-16.418,-43.884,-21.423,-0.17480,0.96826,-0.13964,29.12
$IMU,26905.016,-14.953,-43.579,-23.437,-0.18359,0.96533,-0.14355,29.12
$MAG,26905.018,-0.589,-0.508,-0.415,28.1
$IMU,26905.018,-13.366,-43.029,-25.329,-0.18896,0.96240,-0.14355,29.12
$IMU,26905.020,-11.657,-42.663,-27.221,-0.19677,0.96142,-0.14160,29.12
$IMU,26905.023,-10.131,-41.992,-28.991,-0.19726,0.96142,-0.14013,29.12
$IMU,26905.025,-8.789,-41.687,-30.700,-0.19726,0.96044,-0.14013,29.12
$IMU,26905.027,-7.629,-41.931,-31.860,-0.19628,0.96582,-0.13037,29.12
$MAG,26905.028,-0.571,-0.505,-0.411,28.1
$IMU,26905.030,-6.530,-42.236,-32.287,-0.19384,0.96630,-0.11816,29.14
$IMU,26905.032,-5.493,-42.724,-32.531,-0.18701,0.97412,-0.09863,29.14
$IMU,26905.035,-4.516,-43.395,-32.348,-0.17968,0.98632,-0.07812,29.14
$IMU,26905.037,-3.967,-44.067,-32.104,-0.17138,0.99951,-0.05615,29.14
$MAG,26905.039,-0.579,-0.514,-0.408,28.1
$IMU,26905.039,-3.906,-44.738,-31.982,-0.15380,1.01367,-0.03613,29.14
$IMU,26905.042,-4.394,-45.410,-32.104,-0.14111,1.02636,-0.02148,29.14
$IMU,26905.044,-5.004,-45.898,-32.226,-0.12158,1.03417,-0.00585,29.14
$IMU,26905.046,-5.737,-46.081,-32.470,-0.09521,1.03955,0.00488,29.14
$BARO,26905.049,86873.15,28.91
$MAG,26905.049,-0.573,-0.516,-0.412,28.1
$IMU,26905.049,-6.164,-46.264,-32.775,-0.06884,1.04052,0.00537,29.15
$IMU,26905.051,-6.408,-46.081,-33.020,-0.04199,1.03759,0.00537,29.15
$IMU,26905.053,-6.591,-45.532,-33.264,-0.01562,1.03076,0.00146,29.15
$IMU,26905.056,-6.347,-45.043,-33.386,0.00781,1.02490,-0.00244,29.15
$IMU,26905.058,-5.920,-44.311,-33.142,0.04150,1.01269,-0.00830,29.15
$MAG,26905.059,-0.571,-0.513,-0.412,28.0
$IMU,26905.060,-5.554,-43.029,-32.409,0.06835,1.00195,-0.01660,29.15
$IMU,26905.063,-5.249,-41.564,-31.555,0.08398,0.99169,-0.02685,29.15
$IMU,26905.065,-4.760,-40.039,-30.334,0.10205,0.97998,-0.02734,29.15
$IMU,26905.067,-3.784,-38.757,-28.930,0.11425,0.96484,-0.02832,29.10
$MAG,26905.069,-0.568,-0.522,-0.406,28.1
$IMU,26905.070,-2.563,-38.146,-27.099,0.13427,0.95800,-0.02832,29.10
$IMU,26905.072,-1.220,-38.330,-25.146,0.15039,0.95068,-0.03222,29.10
$IMU,26905.074,0.122,-39.123,-23.071,0.15917,0.95263,-0.02832,29.10
$IMU,26905.077,1.159,-40.649,-20.935,0.16796,0.95214,-0.02246,29.10
$MAG,26905.079,-0.564,-0.517,-0.408,27.7
$IMU,26905.079,1.953,-42.236,-18.615,0.16894,0.95996,-0.00732,29.10
$IMU,26905.081,2.441,-43.579,-16.296,0.16162,0.97021,0.01611,29.10
$IMU,26905.084,2.563,-44.555,-14.404,0.15136,0.97949,0.04052,29.10
$IMU,26905.086,2.441,-44.860,-12.756,0.14404,0.99560,0.06542,29.13
$IMU,26905.088,1.953,-44.311,-11.535,0.13916,1.01074,0.08154,29.13
$MAG,26905.089,-0.558,-0.525,-0.403,28.1
$IMU,26905.091,1.159,-43.212,-10.620,0.13476,1.02392,0.09521,29.13
$IMU,26905.093,0.244,-41.687,-10.437,0.12646,1.03076,0.10058,29.13
$IMU,26905.096,-0.366,-40.466,-10.681,0.12207,1.03564,0.09423,29.13
$IMU,26905.098,-0.671,-39.672,-11.047,0.11816,1.03564,0.09277,29.13
$MAG,26905.099,-0.564,-0.517,-0.402,28.0
$IMU,26905.100,-0.610,-39.123,-11.535,0.10888,1.03320,0.09375,29.13
$IMU,26905.103,-0.244,-39.062,-11.901,0.09960,1.03076,0.09277,29.13
$IMU,26905.105,0.244,-39.184,-12.145,0.08837,1.03076,0.10595,29.12
$IMU,26905.107,0.427,-39.306,-12.207,0.07812,1.02978,0.11865,29.12
$MAG,26905.109,-0.552,-0.522,-0.397,27.8
$IMU,26905.110,0.427,-39.184,-12.268,0.06982,1.03125,0.13085,29.12
$IMU,26905.112,0.183,-38.269,-12.390,0.05957,1.02246,0.13818,29.12
$IMU,26905.114,-0.366,-36.804,-12.939,0.04931,1.00976,0.14355,29.12
$IMU,26905.117,-0.854,-35.034,-13.488,0.04345,1.00146,0.13916,29.12
$MAG,26905.119,-0.550,-0.517,-0.403,27.8
$IMU,26905.119,-1.037,-33.203,-13.977,0.03515,0.99023,0.13183,29.12
$IMU,26905.121,-0.732,-31.433,-14.465,0.03369,0.97802,0.11962,29.12
$IMU,26905.124,-0.183,-29.541,-15.075,0.03613,0.96142,0.10888,29.18
$HUM,26905.125,34.9,29.3
$IMU,26905.126,0.976,-27.893,-15.625,0.03369,0.95458,0.10205,29.18
$IMU,26905.128,2.319,-26.306,-15.930,0.03955,0.94775,0.10009,29.18
$MAG,26905.129,-0.558,-0.520,-0.396,28.0
$IMU,26905.131,3.784,-25.024,-16.235,0.03222,0.94238,0.10449,29.18
$IMU,26905.133,5.065,-24.230,-16.235,0.03173,0.94091,0.11718,29.18
$IMU,26905.135,5.859,-23.559,-15.747,0.02490,0.94042,0.13476,29.18
$IMU,26905.138,6.225,-23.071,-15.197,0.01757,0.94921,0.15234,29.18
$MAG,26905.139,-0.558,-0.513,-0.399,28.1
$IMU,26905.140,6.042,-22.521,-14.648,0.00585,0.96386,0.16845,29.18
$IMU,26905.142,5.371,-22.155,-14.282,0.00097,0.98779,0.18603,29.11
$IMU,26905.145,4.516,-21.789,-14.404,-0.00878,1.01269,0.20507,29.11
$IMU,26905.147,3.479,-21.362,-14.831,-0.01025,1.03173,0.22021,29.11
$IMU,26905.149,2.441,-20.690,-15.991,-0.00878,1.05029,0.23046,29.11
$MAG,26905.150,-0.556,-0.526,-0.400,28.0
$BARO,26905.151,86867.11,28.91
$IMU,26905.152,1.281,-19.592,-17.700,0.00000,1.06201,0.23779,29.11
$IMU,26905.154,0.244,-18.676,-20.019,0.01367,1.06152,0.23339,29.11
$IMU,26905.157,-0.793,-17.944,-22.888,0.02392,1.05468,0.22460,29.11
$IMU,26905.159,-1.586,-17.639,-25.939,0.03662,1.02880,0.21191,29.11
$MAG,26905.160,-0.552,-0.523,-0.393,28.1
$IMU,26905.161,-1.831,-17.700,-28.808,0.04833,1.00292,0.20605,29.13
$IMU,26905.164,-1.892,-17.456,-31.372,0.05517,0.98437,0.20166,29.13
$IMU,26905.166,-1.953,-17.333,-33.691,0.05957,0.97167,0.20410,29.13
$IMU,26905.168,-2.380,-17.150,-35.888,0.06250,0.96533,0.20458,29.13
$MAG,26905.170,-0.547,-0.523,-0.399,27.8
$IMU,26905.171,-2.929,-16.723,-37.963,0.06640,0.96533,0.21044,29.13
$IMU,26905.173,-3.540,-15.991,-39.916,0.07275,0.96826,0.21533,29.13
$IMU,26905.175,-4.150,-14.770,-41.503,0.08740,0.97412,0.21728,29.13
$IMU,26905.178,-4.455,-13.183,-42.724,0.10498,0.97851,0.21240,29.13
$MAG,26905.180,-0.537,-0.531,-0.393,27.8
$IMU,26905.180,-4.577,-11.535,-43.518,0.12548,0.97363,0.21044,29.12
$IMU,26905.182,-4.577,-10.131,-43.823,0.15136,0.97216,0.20556,29.12
$IMU,26905.185,-4.394,-8.422,-43.395,0.17675,0.96972,0.20263,29.12
$IMU,26905.187,-4.333,-6.469,-42.602,0.21240,0.96826,0.20947,29.12
$IMU,26905.189,-4.333,-4.821,-41.503,0.25292,0.96826,0.21337,29.12
$MAG,26905.190,-0.532,-0.523,-0.394,28.1
$IMU,26905.192,-4.455,-2.990,-39.916,0.29638,0.95751,0.21728,29.12
$IMU,26905.194,-4.699,-1.953,-38.146,0.33349,0.95117,0.21337,29.12
$IMU,26905.196,-5.126,-1.708,-35.888,0.35693,0.94433,0.20556,29.12
$IMU,26905.199,-5.493,-1.770,-33.447,0.37304,0.93847,0.19921,29.16
$MAG,26905.200,-0.534,-0.526,-0.396,28.1
$IMU,26905.201,-5.737,-2.380,-30.822,0.37548,0.93115,0.19189,29.16
$IMU,26905.203,-5.798,-3.479,-27.893,0.36816,0.92138,0.18505,29.16
$IMU,26905.206,-5.676,-4.821,-24.841,0.34960,0.92041,0.18652,29.16
$IMU,26905.208,-5.126,-6.347,-21.789,0.32763,0.92041,0.18896,29.16
$MAG,26905.210,-0.535,-0.534,-0.394,28.1
$IMU,26905.210,-4.638,-7.568,-18.554,0.30419,0.92089,0.18896,29.16
$IMU,26905.213,-4.089,-8.666,-15.563,0.28369,0.92480,0.18994,29.16
$IMU,26905.215,-3.540,-9.582,-12.756,0.26953,0.92919,0.19580,29.16
$IMU,26905.217,-2.929,-10.437,-10.009,0.25048,0.92578,0.21044,29.11
$MAG,26905.220,-0.535,-0.531,-0.393,28.1
$IMU,26905.220,-2.441,-11.291,-7.324,0.23779,0.93115,0.22314,29.11
$IMU,26905.222,-2.197,-11.901,-4.638,0.21972,0.92773,0.22412,29.11
$IMU,26905.225,-2.075,-12.573,-2.441,0.20703,0.92138,0.22558,29.11
$IMU,26905.227,-2.136,-13.122,-0.671,0.18945,0.91699,0.22509,29.11
$IMU,26905.229,-2.136,-13.366,0.610,0.17333,0.90576,0.22460,29.11
$MAG,26905.230,-0.534,-0.532,-0.393,28.1
$TIME,26905.231,510820.000,2399
$IMU,26905.232,-2.014,-13.183,1.403,0.15478,0.89843,0.22167,29.11
$IMU,26905.234,-1.647,-13.000,1.708,0.13476,0.88574,0.21826,29.11
$IMU,26905.236,-1.220,-12.756,1.770,0.11083,0.87646,0.20898,29.14
$IMU,26905.239,-0.732,-12.390,1.403,0.09082,0.86816,0.20703,29.14
$MAG,26905.240,-0.531,-0.526,-0.397,28.0
$IMU,26905.241,0.000,-12.023,0.854,0.06640,0.85546,0.21240,29.14
$IMU,26905.243,0.915,-11.779,0.061,0.05273,0.85205,0.21728,29.14
$IMU,26905.246,1.708,-11.230,-0.854,0.04052,0.85058,0.22460,29.14
$IMU,26905.248,2.502,-10.681,-1.770,0.03027,0.85351,0.22949,29.14
$MAG,26905.250,-0.540,-0.529,-0.388,28.1
$IMU,26905.250,2.868,-9.826,-2.929,0.03222,0.85937,0.22607,29.14
$BARO,26905.252,86861.06,28.91
$IMU,26905.253,3.173,-8.605,-4.150,0.04003,0.86083,0.22363,29.14
$IMU,26905.255,3.417,-7.568,-5.737,0.04931,0.85986,0.21728,29.14
$IMU,26905.257,3.967,-6.896,-7.446,0.06005,0.85644,0.21142,29.14
$IMU,26905.260,4.943,-6.469,-8.972,0.06689,0.84912,0.20800,29.14
$MAG,26905.261,-0.526,-0.528,-0.393,27.8
$IMU,26905.262,5.737,-6.591,-10.253,0.07031,0.84375,0.20263,29.14
$IMU,26905.264,6.469,-6.713,-11.169,0.08203,0.83740,0.19824,29.14
$IMU,26905.267,7.080,-6.652,-11.779,0.08496,0.84277,0.20166,29.14
$IMU,26905.269,7.446,-6.408,-12.329,0.08935,0.84716,0.21435,29.14
$MAG,26905.271,-0.534,-0.529,-0.388,28.0
$IMU,26905.271,7.690,-6.225,-12.878,0.09619,0.86865,0.22509,29.14
$IMU,26905.274,7.568,-5.554,-13.671,0.11035,0.89208,0.23681,29.14
$IMU,26905.276,6.835,-4.577,-14.526,0.12890,0.91894,0.24023,29.14
$IMU,26905.278,5.920,-3.662,-15.563,0.15234,0.93994,0.24316,29.14
$MAG,26905.281,-0.526,-0.531,-0.388,27.7
$IMU,26905.281,5.004,-2.197,-16.784,0.16943,0.95654,0.24121,29.14
$IMU,26905.283,4.455,-1.159,-18.249,0.19042,0.96191,0.24169,29.14
$IMU,26905.286,4.516,-0.305,-19.653,0.20849,0.96044,0.23583,29.14
$IMU,26905.288,4.638,0.732,-20.690,0.22558,0.95898,0.23242,29.14
$IMU,26905.290,4.394,2.136,-21.423,0.23242,0.95800,0.23535,29.14
$MAG,26905.291,-0.529,-0.532,-0.388,27.7
$IMU,26905.293,3.723,3.845,-21.972,0.23876,0.95458,0.24023,29.12
$IMU,26905.295,2.868,6.164,-22.521,0.24560,0.95507,0.24414,29.12
$IMU,26905.297,2.136,8.666,-23.254,0.24755,0.94873,0.23974,29.12
$IMU,26905.300,1.525,11.108,-23.864,0.25097,0.94726,0.23242,29.12
$MAG,26905.301,-0.529,-0.529,-0.391,28.0
$IMU,26905.302,1.159,13.244,-24.414,0.25390,0.94628,0.22460,29.12
$IMU,26905.304,0.976,15.014,-24.658,0.25341,0.94628,0.21533,29.12
$IMU,26905.307,0.793,16.601,-24.841,0.25683,0.94873,0.21875,29.12
$IMU,26905.309,0.671,17.944,-24.719,0.25537,0.95263,0.22314,29.12
$MAG,26905.311,-0.523,-0.534,-0.388,28.0
$IMU,26905.311,0.549,18.859,-24.230,0.25878,0.95898,0.23730,29.17
$IMU,26905.314,-0.122,20.080,-23.742,0.25683,0.96630,0.25000,29.17
$IMU,26905.316,-1.220,21.545,-23.132,0.25878,0.96728,0.25292,29.17
$IMU,26905.318,-2.380,23.437,-22.460,0.26123,0.96435,0.25244,29.17
$MAG,26905.321,-0.522,-0.531,-0.390,28.1
$IMU,26905.321,-3.723,25.329,-21.850,0.25488,0.95800,0.24414,29.17
$IMU,26905.323,-4.577,27.160,-21.423,0.25341,0.94238,0.22412,29.17
$IMU,26905.325,-4.760,28.503,-21.057,0.25048,0.92285,0.20166,29.17
$IMU,26905.328,-4.272,28.930,-20.324,0.24511,0.90673,0.17724,29.17
$IMU,26905.330,-3.662,28.991,-19.592,0.23632,0.87841,0.15087,29.13
$MAG,26905.331,-0.525,-0.538,-0.388,28.0
$IMU,26905.332,-1.831,28.503,-17.578,0.39013,0.81689,0.01171,29.13
$IMU,26905.335,10.314,21.789,-6.652,0.61572,0.70849,-0.14160,29.13
$IMU,26905.337,23.620,11.901,3.173,0.45996,0.70556,-0.06054,29.13
$IMU,26905.339,27.099,5.554,4.455,0.34521,0.74414,0.16357,29.13
$MAG,26905.341,-0.514,-0.534,-0.393,27.8
$IMU,26905.342,19.653,11.230,6.286,0.27197,0.78759,0.39550,29.13
$IMU,26905.344,5.981,21.545,9.155,0.16650,0.83593,0.39550,29.13
$IMU,26905.347,-3.784,27.099,10.559,0.14794,0.88476,0.30859,29.13
$IMU,26905.349,-6.835,27.404,11.291,0.16308,0.92626,0.23388,29.16
$MAG,26905.351,-0.517,-0.529,-0.394,27.8
$IMU,26905.351,-4.882,25.390,10.803,0.18115,0.94042,0.18505,29.16
$BARO,26905.354,86866.60,28.92
$IMU,26905.354,-0.732,22.399,10.192,0.18652,0.94482,0.17919,29.16
$IMU,26905.356,2.319,20.080,8.972,0.17724,0.93359,0.19531,29.16
$IMU,26905.358,3.601,19.104,7.263,0.16650,0.90869,0.21923,29.16
$MAG,26905.361,-0.517,-0.526,-0.382,27.8
$IMU,26905.361,2.746,19.958,5.859,0.16308,0.87548,0.23437,29.16
$IMU,26905.363,0.732,21.484,5.004,0.15527,0.84619,0.21533,29.16
$IMU,26905.365,-1.037,22.216,5.187,0.13525,0.81982,0.17431,29.16
$IMU,26905.368,-1.037,21.667,6.164,0.12451,0.79980,0.13281,29.19
$IMU,26905.370,0.366,20.324,7.629,0.11035,0.80273,0.11181,29.19
$MAG,26905.372,-0.526,-0.531,-0.393,28.0
$IMU,26905.372,2.197,18.615,8.666,0.08984,0.80761,0.11767,29.19
$IMU,26905.375,4.028,17.333,9.460,0.07666,0.91845,0.12060,29.19
$IMU,26905.377,10.986,18.127,15.258,0.05322,1.21582,0.12109,29.19
$IMU,26905.379,17.883,16.784,27.160,0.09472,1.64111,0.26123,29.19
$MAG,26905.382,-0.525,-0.528,-0.394,28.0
$IMU,26905.382,15.563,11.840,39.855,0.13085,1.59130,0.48339,29.19
$IMU,26905.384,-0.671,8.911,29.418,0.18994,1.05419,0.60839,29.19
$IMU,26905.386,-23.437,13.122,2.929,0.26464,0.77734,0.57031,29.10
$IMU,26905.389,-36.621,21.118,-12.207,0.19628,0.73925,0.33886,29.10
$IMU,26905.391,-34.606,24.475,-15.258,0.04199,0.81689,0.06835,29.10
$MAG,26905.392,-0.522,-0.537,-0.391,27.8
$IMU,26905.393,-24.902,23.925,-13.488,-0.01562,0.86767,-0.11376,29.10
$IMU,26905.396,-12.573,24.597,-8.178,-0.02929,0.87353,-0.19238,29.10
$IMU,26905.398,-0.244,26.062,-1.770,-0.02783,0.90332,-0.14892,29.10
$IMU,26905.400,9.338,26.367,3.295,-0.00585,0.95507,-0.01757,29.10
$MAG,26905.402,-0.528,-0.532,-0.402,27.7
$IMU,26905.403,14.587,26.123,5.554,0.03125,0.98681,0.13476,29.10
$IMU,26905.405,16.906,24.475,4.516,0.09521,0.97949,0.24414,29.19
$IMU,26905.408,16.296,22.644,2.136,0.14013,0.95703,0.28906,29.19
$IMU,26905.410,12.939,20.812,-0.122,0.16308,0.93994,0.30419,29.19
$MAG,26905.412,-0.525,-0.531,-0.397,28.1
$IMU,26905.412,7.507,20.019,-1.464,0.13281,0.92675,0.27441,29.19
$IMU,26905.415,1.953,19.714,-1.342,0.05566,0.92626,0.21337,29.19
$IMU,26905.417,-1.708,19.653,-0.732,-0.00830,0.92822,0.17089,29.19
$IMU,26905.419,-3.356,20.629,0.366,-0.08203,0.92285,0.11767,29.19
$MAG,26905.422,-0.528,-0.532,-0.394,27.8
$IMU,26905.422,-2.075,21.057,1.037,-0.15234,1.02246,0.02929,29.19
$IMU,26905.424,3.173,21.179,-0.427,-0.18847,1.06884,0.02343,29.14
$IMU,26905.426,7.324,21.667,-3.234,-0.12597,1.01220,0.12695,29.14
$IMU,26905.429,8.178,23.132,-4.272,-0.04833,0.95654,0.20654,29.14
$IMU,26905.431,6.408,23.010,-4.638,0.01513,0.93847,0.23486,29.14
$MAG,26905.432,-0.528,-0.541,-0.400,28.0
$IMU,26905.433,2.624,21.179,-4.272,0.06347,0.93798,0.25292,29.14
$IMU,26905.436,-2.563,19.287,-3.112,0.06982,0.93310,0.24511,29.14
$IMU,26905.438,-7.446,17.150,-1.892,0.06640,0.92578,0.21630,29.14
$IMU,26905.440,-11.474,16.174,-0.488,0.04150,0.91503,0.18457,29.14
$MAG,26905.442,-0.525,-0.535,-0.396,28.1
$IMU,26905.443,-14.160,15.502,0.244,-0.01074,0.91503,0.14648,29.17
$IMU,26905.445,-15.747,15.747,0.671,-0.02294,0.91406,0.14843,29.17
$IMU,26905.447,-17.272,17.700,1.525,-0.03222,0.92480,0.15771,29.17
$IMU,26905.450,-19.104,19.287,2.136,-0.04687,0.94873,0.16162,29.17
$MAG,26905.452,-0.516,-0.538,-0.397,28.0
$IMU,26905.452,-20.629,21.362,2.075,-0.06396,0.96337,0.17529,29.17
$IMU,26905.454,-21.362,23.620,1.220,-0.09277,0.97851,0.17187,29.17
$BARO,26905.455,86867.99,28.92
$IMU,26905.457,-21.362,25.817,-0.854,-0.09179,0.99414,0.17187,29.17
$IMU,26905.459,-21.911,28.869,-3.540,-0.08349,0.99902,0.18017,29.17
$IMU,26905.461,-23.071,31.921,-6.225,-0.06347,0.99755,0.17724,29.17
$MAG,26905.462,-0.520,-0.531,-0.414,28.1
$IMU,26905.464,-23.803,35.095,-8.728,-0.05029,1.00244,0.16845,29.17
$IMU,26905.466,-23.498,37.719,-11.535,-0.04394,1.00048,0.15869,29.17
$IMU,26905.469,-22.888,39.428,-14.099,-0.03271,1.00048,0.16601,29.17
$IMU,26905.471,-22.583,40.893,-15.991,-0.01318,1.00439,0.17822,29.17
$MAG,26905.473,-0.526,-0.537,-0.414,27.7
$IMU,26905.473,-22.888,42.602,-17.578,0.00097,1.01220,0.17822,29.17
$IMU,26905.476,-22.644,44.067,-18.920,0.01025,1.00976,0.15869,29.17
$IMU,26905.478,-21.484,45.532,-20.019,0.01855,1.00683,0.13769,29.17
$IMU,26905.480,-19.592,47.180,-21.301,0.01562,0.99023,0.11230,29.18
$MAG,26905.483,-0.526,-0.540,-0.411,27.8
$IMU,26905.483,-16.784,48.461,-22.705,0.01074,0.96826,0.08935,29.18
$IMU,26905.485,-13.000,49.011,-24.047,0.00488,0.93847,0.07666,29.18
$IMU,26905.487,-9.216,49.316,-24.963,-0.01660,0.90771,0.07031,29.18
$IMU,26905.490,-5.371,49.377,-25.756,-0.02880,0.88183,0.07177,29.18
$IMU,26905.492,-2.319,49.133,-26.306,-0.04687,0.86669,0.08593,29.18
$MAG,26905.493,-0.522,-0.535,-0.417,28.0
$IMU,26905.494,-0.488,49.011,-26.428,-0.06201,0.85498,0.10546,29.18
$IMU,26905.497,0.671,48.767,-26.428,-0.07763,0.86083,0.12353,29.18
$IMU,26905.499,1.403,47.973,-26.367,-0.08740,0.87939,0.13134,29.18
$IMU,26905.501,1.831,46.447,-26.245,-0.09082,0.90771,0.14794,29.18
$MAG,26905.503,-0.510,-0.534,-0.411,28.1
$IMU,26905.504,2.014,44.555,-26.000,-0.08886,0.95068,0.15820,29.18
$IMU,26905.506,2.441,42.907,-25.878,-0.08691,0.99365,0.16406,29.18
$IMU,26905.508,3.295,41.870,-26.245,-0.08398,1.03173,0.16601,29.18
$IMU,26905.511,3.906,41.503,-27.038,-0.08544,1.05615,0.16455,29.18
$MAG,26905.513,-0.508,-0.525,-0.408,27.8
$IMU,26905.513,5.249,41.931,-28.503,-0.08935,1.06542,0.15576,29.18
$IMU,26905.515,6.774,42.236,-30.151,-0.08789,1.05908,0.15527,29.18
$IMU,26905.518,7.324,42.724,-31.555,-0.09179,1.05419,0.15527,29.13
$IMU,26905.520,7.446,43.029,-32.287,-0.10058,1.04345,0.14746,29.13
$IMU,26905.522,7.324,42.358,-32.531,-0.11328,1.02294,0.15332,29.13
$MAG,26905.523,-0.519,-0.531,-0.417,27.7
$IMU,26905.525,7.507,41.564,-32.043,-0.12890,1.00878,0.13134,29.13
$IMU,26905.527,9.033,40.405,-30.944,-0.14257,0.98925,0.12353,29.13
$IMU,26905.530,9.521,39.306,-29.724,-0.16308,0.97705,0.11914,29.13
$IMU,26905.532,9.033,38.452,-28.442,-0.18994,0.96484,0.11523,29.13
$MAG,26905.533,-0.511,-0.544,-0.415,28.1
$IMU,26905.534,8.300,37.902,-27.038,-0.20019,0.95263,0.12988,29.13
$IMU,26905.537,6.774,37.719,-26.062,-0.20654,0.95019,0.12548,29.13
$IMU,26905.539,6.652,37.475,-25.329,-0.20849,0.95312,0.12011,29.13
$IMU,26905.541,6.347,36.437,-24.963,-0.19628,0.95214,0.11474,29.13
$MAG,26905.543,-0.502,-0.544,-0.420,28.1
$IMU,26905.544,6.408,35.156,-24.780,-0.18652,0.94238,0.11181,29.13
$IMU,26905.546,6.469,33.325,-24.414,-0.17480,0.93310,0.10253,29.13
$IMU,26905.548,6.042,30.883,-23.742,-0.15722,0.97167,0.07324,29.13
$IMU,26905.551,7.202,28.564,-23.071,-0.15722,0.98730,0.08251,29.13
$MAG,26905.553,-0.505,-0.538,-0.412,28.1
$IMU,26905.553,5.920,25.329,-23.864,-0.14062,0.91308,0.18798,29.13
$IMU,26905.555,1.037,21.667,-23.193,-0.11669,0.86083,0.18164,29.13
$BARO,26905.557,86868.21,28.92
$IMU,26905.558,0.122,19.775,-20.263,-0.14990,0.86718,0.16796,29.13
$IMU,26905.560,-1.831,17.944,-18.798,-0.15966,0.86572,0.16308,29.13
$IMU,26905.562,-5.615,16.357,-17.578,-0.15039,0.86425,0.13378,29.13
$MAG,26905.563,-0.504,-0.552,-0.421,28.0
$IMU,26905.565,-6.469,15.991,-15.502,-0.12939,0.87841,0.09667,29.13
$IMU,26905.567,-4.638,16.662,-14.343,-0.12402,0.90136,0.13183,29.13
$IMU,26905.569,-7.751,15.136,-15.258,-0.06835,0.87451,0.16503,29.13
$IMU,26905.572,-9.155,13.732,-15.258,-0.05859,0.87451,0.16210,29.13
$MAG,26905.573,-0.502,-0.543,-0.423,28.0
$IMU,26905.574,-8.422,12.939,-15.502,-0.06347,0.90380,0.18603,29.12
$IMU,26905.576,-9.826,11.413,-16.174,-0.03759,0.91357,0.12597,29.12
$IMU,26905.579,-9.216,10.620,-16.723,-0.03222,0.90039,0.13818,29.12
$IMU,26905.581,-8.605,10.070,-16.845,-0.03125,0.91259,0.09326,29.12
$IMU,26905.583,-6.469,9.033,-17.211,-0.01708,0.86962,0.07812,29.12
$MAG,26905.584,-0.507,-0.543,-0.411,28.1
$IMU,26905.586,-4.211,9.155,-17.578,-0.01123,0.85888,0.06640,29.12
$IMU,26905.588,-0.732,10.437,-16.784,-0.03515,0.88525,0.02441,29.12
$IMU,26905.591,5.004,12.695,-16.113,-0.08544,0.91943,0.06494,29.12
$IMU,26905.593,4.150,12.329,-17.089,-0.06396,0.91796,0.05566,29.13
$MAG,26905.594,-0.498,-0.543,-0.414,28.0
$IMU,26905.595,7.751,13.671,-17.028,-0.09814,0.91992,0.05371,29.13
$IMU,26905.598,10.986,15.197,-18.371,-0.11083,0.95410,0.09277,29.13
$IMU,26905.600,9.887,15.197,-20.874,-0.08789,0.96337,0.08544,29.13
$IMU,26905.602,13.793,17.395,-21.606,-0.12500,0.98876,0.09814,29.13
$MAG,26905.604,-0.492,-0.541,-0.417,28.0
$IMU,26905.605,15.136,19.226,-23.315,-0.10937,0.99462,0.11816,29.13
$IMU,26905.607,14.099,20.263,-24.719,-0.10595,0.98730,0.12548,29.13
$IMU,26905.609,12.145,20.690,-26.123,-0.09960,0.98144,0.13330,29.13
$IMU,26905.612,10.986,21.545,-26.977,-0.09375,0.98242,0.11962,29.15
$MAG,26905.614,-0.490,-0.549,-0.415,28.0
$IMU,26905.614,10.437,22.216,-27.404,-0.07275,0.98681,0.11181,29.15
$IMU,26905.616,10.681,23.254,-26.794,-0.06201,0.98144,0.08935,29.15
$IMU,26905.619,9.826,23.498,-26.123,-0.03662,0.96679,0.08496,29.15
$IMU,26905.621,8.239,23.437,-25.329,-0.03222,0.96533,0.08935,29.15
$IMU,26905.623,6.896,23.315,-24.230,-0.04101,0.97900,0.08886,29.15
$MAG,26905.624,-0.493,-0.550,-0.415,28.0
$IMU,26905.626,5.859,23.071,-23.193,-0.05712,0.99511,0.09130,29.15
$IMU,26905.628,4.089,23.010,-22.644,-0.08007,1.03320,0.11230,29.15
$IMU,26905.630,1.892,23.010,-22.277,-0.08886,1.03417,0.10546,29.11
$IMU,26905.633,0.610,23.498,-22.216,-0.10400,1.04980,0.10644,29.11
$MAG,26905.634,-0.495,-0.541,-0.418,28.0
$IMU,26905.635,-1.220,23.864,-22.705,-0.12841,1.06982,0.10644,29.11
$IMU,26905.637,-3.234,23.986,-23.010,-0.15429,1.08007,0.10595,29.11
$IMU,26905.640,-4.882,23.864,-23.132,-0.16699,1.07177,0.10302,29.11
$IMU,26905.642,-6.530,23.620,-23.071,-0.17675,1.07080,0.10498,29.11
$MAG,26905.644,-0.489,-0.544,-0.423,28.1
$IMU,26905.644,-9.033,22.949,-22.644,-0.19580,1.08300,0.10986,29.11
$IMU,26905.647,-11.596,22.338,-21.850,-0.20458,1.08837,0.12060,29.11
$IMU,26905.649,-13.549,23.071,-21.606,-0.21289,1.08398,0.12841,29.15
$IMU,26905.652,-15.380,24.353,-22.460,-0.19287,1.05761,0.11914,29.15
$MAG,26905.654,-0.498,-0.552,-0.414,28.1
$IMU,26905.654,-15.930,25.756,-23.193,-0.16943,1.02734,0.10107,29.15
$IMU,26905.656,-16.113,27.221,-23.498,-0.13867,1.02880,0.08642,29.15
$BARO,26905.658,86868.96,28.93
$IMU,26905.659,-15.686,28.381,-21.911,-0.11621,1.03466,0.07958,29.15
$IMU,26905.661,-15.625,29.296,-20.507,-0.09277,1.03320,0.07812,29.15
$IMU,26905.663,-15.380,29.968,-19.470,-0.08544,1.03271,0.07763,29.15
$MAG,26905.664,-0.487,-0.549,-0.427,28.1
$IMU,26905.666,-13.610,30.029,-17.456,-0.10253,1.04980,0.09033,29.15
$IMU,26905.668,-11.291,29.296,-15.747,-0.13183,1.06103,0.10595,29.17
$IMU,26905.670,-10.681,28.320,-15.380,-0.15771,1.05078,0.11132,29.17
$IMU,26905.673,-10.925,27.954,-16.052,-0.18652,1.02880,0.11181,29.17
$MAG,26905.674,-0.480,-0.550,-0.424,28.1
$IMU,26905.675,-11.108,28.381,-15.686,-0.15869,0.93164,0.10937,29.17
$IMU,26905.677,-11.718,28.686,-13.977,-0.17871,1.02636,0.11181,29.17
$IMU,26905.680,-12.145,28.015,-12.145,-0.23242,1.10156,0.12597,29.17
$IMU,26905.682,-11.779,29.174,-12.451,-0.19921,1.05078,0.14111,29.17
$MAG,26905.684,-0.486,-0.547,-0.426,28.0
$IMU,26905.684,-11.352,30.334,-10.498,-0.17138,1.03613,0.15478,29.17
$IMU,26905.687,-11.962,29.235,-6.591,-0.17871,1.10400,0.16845,29.13
$IMU,26905.689,-13.366,28.137,-5.554,-0.16406,1.14111,0.16894,29.13
$IMU,26905.691,-13.366,28.076,-5.249,-0.11279,1.06103,0.15380,29.13
$IMU,26905.694,-12.451,27.465,-4.028,-0.12353,1.10839,0.14746,29.13
$MAG,26905.695,-0.490,-0.549,-0.426,28.0
$IMU,26905.696,-11.840,26.977,-2.807,-0.21826,1.19287,0.15283,29.13
$IMU,26905.698,-11.779,27.038,-3.234,-0.13574,1.02441,0.15332,29.13
$IMU,26905.701,-11.962,26.000,-2.319,-0.18212,1.04443,0.16455,29.13
$IMU,26905.703,-14.038,25.939,-3.479,-0.20458,1.08056,0.18115,29.13
$MAG,26905.705,-0.484,-0.553,-0.430,28.1
$IMU,26905.705,-14.770,25.146,-2.502,-0.16259,0.98144,0.16943,29.14
$VBAT,26905.706,4.127
$IMU,26905.708,-13.793,23.315,-1.403,-0.20605,1.05761,0.19384,29.14
$IMU,26905.710,-14.526,23.071,-2.075,-0.18896,1.00292,0.16455,29.14
$IMU,26905.712,-13.793,22.644,-1.159,-0.09472,0.97900,0.11279,29.14
$MAG,26905.715,-0.481,-0.547,-0.427,28.0
$IMU,26905.715,-10.925,21.301,2.746,-0.11962,1.06005,0.12841,29.14
$IMU,26905.717,-10.314,19.897,5.249,-0.07617,1.07177,0.13037,29.14
$IMU,26905.720,-8.361,18.066,8.850,-0.04882,1.06982,0.15380,29.14
$IMU,26905.722,-7.568,15.014,11.779,-0.03076,1.07958,0.16699,29.14
$IMU,26905.724,-8.056,11.413,13.488,-0.03857,1.06298,0.17822,29.12
$MAG,26905.725,-0.477,-0.550,-0.430,28.1
$IMU,26905.727,-8.544,7.934,14.038,-0.04492,1.03271,0.18261,29.12
$IMU,26905.729,-8.728,5.065,15.075,-0.05517,1.02050,0.16308,29.12
$IMU,26905.731,-8.239,2.380,16.845,-0.06835,1.01123,0.14306,29.12
$IMU,26905.734,-7.446,0.488,18.615,-0.06787,1.00830,0.13085,29.12
$MAG,26905.735,-0.481,-0.550,-0.435,28.1
$IMU,26905.736,-7.141,-0.915,20.446,-0.08349,1.02734,0.14501,29.12
$IMU,26905.738,-7.385,-1.525,20.996,-0.10058,1.03808,0.15869,29.12
$IMU,26905.741,-6.408,-0.854,20.996,-0.06884,1.00976,0.13037,29.12
$IMU,26905.743,-3.662,0.549,21.362,-0.06201,1.05468,0.11376,29.14
$MAG,26905.745,-0.492,-0.552,-0.438,27.7
$IMU,26905.745,-2.868,1.525,21.728,-0.05664,1.08496,0.11181,29.14
$IMU,26905.748,-1.831,1.831,22.155,-0.03906,1.05566,0.12011,29.14
$IMU,26905.750,-0.549,1.953,22.827,-0.03027,1.05322,0.11523,29.14
$IMU,26905.752,0.000,2.136,23.193,-0.04736,1.06542,0.12109,29.14
$MAG,26905.755,-0.490,-0.553,-0.436,28.0
$IMU,26905.755,-0.610,2.380,22.949,-0.06054,1.05371,0.11914,29.14
$IMU,26905.757,-0.915,2.624,22.888,-0.07519,1.01855,0.11132,29.14
$IMU,26905.759,-1.464,2.868,22.644,-0.09570,1.01025,0.11962,29.14
$BARO,26905.760,86872.37,28.93
$IMU,26905.762,-3.051,2.807,22.277,-0.10791,0.99707,0.12548,29.18
$IMU,26905.764,-4.882,2.685,22.338,-0.12597,1.00585,0.12841,29.18
$MAG,26905.765,-0.477,-0.544,-0.435,28.0
$IMU,26905.766,-6.164,2.807,22.399,-0.11523,0.97412,0.10986,29.18
$IMU,26905.769,-4.821,3.723,22.827,-0.10302,0.98828,0.07226,29.18
$IMU,26905.771,-2.868,5.004,22.827,-0.10595,1.00634,0.06054,29.18
$IMU,26905.773,-1.770,6.774,22.583,-0.08984,0.98828,0.05810,29.18
$MAG,26905.775,-0.504,-0.549,-0.433,27.8
$IMU,26905.776,0.122,8.300,23.132,-0.07373,0.96923,0.04052,29.18
$IMU,26905.778,2.380,9.643,24.108,-0.07861,0.98876,0.05029,29.18
$IMU,26905.781,2.990,10.009,24.658,-0.07666,0.99169,0.07470,29.15
$IMU,26905.783,2.258,9.277,24.658,-0.09667,0.99267,0.09912,29.15
$MAG,26905.785,-0.495,-0.543,-0.441,27.8
$IMU,26905.785,1.037,8.422,23.925,-0.11083,0.97607,0.10009,29.15
$IMU,26905.788,1.159,8.178,23.132,-0.12207,0.97070,0.08544,29.15
$IMU,26905.790,2.014,7.995,22.338,-0.12500,0.95605,0.07324,29.15
$IMU,26905.792,2.441,7.690,21.423,-0.13964,0.95996,0.08447,29.15
$MAG,26905.795,-0.495,-0.538,-0.430,28.1
$IMU,26905.795,2.319,7.568,19.775,-0.14062,0.94238,0.09960,29.15
$IMU,26905.797,2.380,6.713,18.005,-0.13769,0.93017,0.11621,29.15
$IMU,26905.799,2.258,5.737,16.540,-0.14160,0.92285,0.11425,29.13
$IMU,26905.802,2.197,4.455,15.625,-0.12744,0.90136,0.09863,29.13
$IMU,26905.804,2.502,2.929,15.625,-0.11816,0.89404,0.07958,29.13
$MAG,26905.806,-0.502,-0.546,-0.438,28.1
$IMU,26905.806,3.295,1.403,16.113,-0.12060,0.89404,0.07812,29.13
$IMU,26905.809,3.601,-0.305,16.113,-0.13525,0.89111,0.09326,29.13
$IMU,26905.811,3.601,-1.892,15.380,-0.15283,0.87500,0.10595,29.13
$IMU,26905.813,3.967,-2.624,14.221,-0.16357,0.86572,0.10595,29.13
$MAG,26905.816,-0.504,-0.544,-0.438,28.1
$IMU,26905.816,4.089,-2.746,13.000,-0.17724,0.90039,0.10742,29.13
$IMU,26905.818,2.746,-2.685,10.864,-0.19433,0.91259,0.11523,29.17
$IMU,26905.820,1.281,-2.868,8.056,-0.17773,0.86035,0.12060,29.17
$IMU,26905.823,-0.366,-2.502,6.103,-0.16992,0.94628,0.09521,29.17
$IMU,26905.825,0.671,-2.685,7.324,-0.17480,0.98681,0.09667,29.17
$MAG,26905.826,-0.498,-0.549,-0.435,27.8
$IMU,26905.827,1.586,-3.295,7.019,-0.12060,0.99072,0.10351,29.17
$IMU,26905.830,2.136,-3.356,6.347,-0.10009,1.03710,0.11181,29.17
$IMU,26905.832,2.380,-2.380,4.760,-0.07519,1.04394,0.12695,29.17
$IMU,26905.834,3.051,-0.610,2.746,-0.05664,1.02050,0.10986,29.17
$MAG,26905.836,-0.514,-0.546,-0.426,28.1
$IMU,26905.837,4.150,1.159,0.366,-0.07617,1.03320,0.10742,29.14
$IMU,26905.839,4.455,3.051,-2.868,-0.09912,1.00244,0.11621,29.14
$IMU,26905.842,4.028,5.676,-5.493,-0.10449,0.98681,0.09912,29.14
$IMU,26905.844,4.150,8.422,-7.080,-0.09521,0.97851,0.08593,29.14
$MAG,26905.846,-0.507,-0.543,-0.438,28.1
$IMU,26905.846,4.943,10.253,-7.507,-0.08056,0.98144,0.08496,29.14
$IMU,26905.849,5.615,10.925,-7.934,-0.07031,0.98632,0.10009,29.14
$IMU,26905.851,4.394,10.375,-9.521,-0.10205,0.99365,0.14404,29.14
$IMU,26905.853,0.610,10.559,-12.329,-0.12500,0.98046,0.18261,29.14
$MAG,26905.856,-0.498,-0.540,-0.438,28.0
$IMU,26905.856,-2.807,10.375,-14.099,-0.10156,0.91210,0.12500,29.19
$IMU,26905.858,-2.258,10.864,-14.831,-0.09716,0.92529,0.08642,29.19
$IMU,26905.860,-1.708,10.925,-15.014,-0.11865,0.94580,0.10400,29.19
$BARO,26905.861,86861.28,28.93
$IMU,26905.863,-6.225,9.277,-16.235,-0.13671,0.95507,0.18652,29.19
$IMU,26905.865,-13.427,7.263,-16.967,-0.11865,0.91308,0.17480,29.19
$MAG,26905.866,-0.499,-0.538,-0.441,27.8
$IMU,26905.867,-11.596,7.263,-16.540,-0.12548,0.94091,0.11425,29.19
$IMU,26905.870,-15.930,5.004,-17.578,-0.12695,0.98974,0.21972,29.19
$IMU,26905.872,-18.493,5.187,-16.967,-0.08837,0.92773,0.00048,29.19
$IMU,26905.874,-7.019,7.385,-15.502,-0.08886,0.97949,0.04736,29.12
$MAG,26905.876,-0.498,-0.546,-0.439,28.1
$IMU,26905.877,-8.789,7.202,-16.113,-0.08447,0.95410,0.08984,29.12
$IMU,26905.879,-12.939,6.469,-15.563,-0.07666,0.91650,0.24169,29.12
$IMU,26905.881,-22.094,3.417,-14.831,-0.04736,0.87841,0.22167,29.12
$IMU,26905.884,-21.667,1.953,-12.207,-0.05517,0.88623,0.13037,29.12
$MAG,26905.886,-0.493,-0.552,-0.435,28.1
$IMU,26905.886,-15.991,1.708,-10.131,-0.07666,0.94921,-0.03906,29.12
$IMU,26905.888,-7.568,3.906,-8.239,-0.11474,0.94628,0.02783,29.12
$IMU,26905.891,-8.605,5.432,-8.239,-0.13134,0.89746,0.08886,29.12
$IMU,26905.893,-9.582,6.958,-7.202,-0.11230,0.81054,0.17382,29.14
$IMU,26905.895,-10.437,6.530,-5.615,-0.10107,0.85351,0.08544,29.14
$MAG,26905.896,-0.493,-0.538,-0.439,27.8
$IMU,26905.898,-2.807,7.324,-3.356,-0.10498,0.94433,0.03662,29.14
$IMU,26905.900,-0.854,7.385,-3.295,-0.08691,0.89697,0.11914,29.14
$IMU,26905.903,-3.784,7.446,-2.990,-0.08251,0.87402,0.16015,29.14
$IMU,26905.905,-4.028,7.507,-1.708,-0.07666,0.89648,0.13183,29.14
$MAG,26905.907,-0.499,-0.550,-0.438,28.0
$IMU,26905.907,-0.610,7.324,-0.854,-0.07568,0.90722,0.11132,29.14
$IMU,26905.910,-0.061,6.530,-0.305,-0.05615,0.89160,0.12304,29.14
$IMU,26905.912,-0.732,6.042,1.037,-0.04980,0.89306,0.10253,29.21
$IMU,26905.914,3.112,6.164,2.746,-0.05468,0.90087,0.10107,29.21
$MAG,26905.917,-0.498,-0.546,-0.441,28.0
$IMU,26905.917,4.150,5.310,3.356,-0.04687,0.88916,0.13525,29.21
$IMU,26905.919,3.662,4.760,4.577,-0.05175,0.89746,0.11474,29.21
$IMU,26905.921,4.821,3.662,5.859,-0.04687,0.89990,0.16894,29.21
$IMU,26905.924,2.807,2.197,6.286,-0.04345,0.90771,0.10156,29.21
$IMU,26905.926,9.094,2.990,7.568,-0.06445,0.94873,0.07666,29.21
$MAG,26905.927,-0.490,-0.544,-0.441,27.7
$IMU,26905.928,10.986,2.746,7.324,-0.06250,0.94580,0.12890,29.21
$IMU,26905.931,8.605,2.624,7.324,-0.05615,0.92041,0.14892,29.19
$IMU,26905.933,8.483,2.258,7.934,-0.06250,0.93066,0.12695,29.19
$IMU,26905.935,11.596,2.136,7.873,-0.06738,0.95849,0.07714,29.19
$MAG,26905.937,-0.504,-0.547,-0.436,28.0
$IMU,26905.938,15.136,2.319,7.324,-0.07226,0.96044,0.11816,29.19
$IMU,26905.940,11.047,1.647,6.958,-0.05078,0.92285,0.18603,29.19
$IMU,26905.942,8.117,0.549,7.934,-0.05517,0.94042,0.12011,29.19
$IMU,26905.945,11.657,-0.549,8.178,-0.06689,0.96386,0.09277,29.19
$MAG,26905.947,-0.502,-0.544,-0.441,28.1
$IMU,26905.947,14.587,-0.915,7.263,-0.08251,0.95996,0.10449,29.19
$IMU,26905.949,12.329,-1.586,6.591,-0.09277,0.93066,0.11962,29.14
$IMU,26905.952,9.704,-2.075,6.896,-0.10791,0.92578,0.10253,29.14
$IMU,26905.954,10.070,-2.197,7.019,-0.12548,0.93261,0.10302,29.14
$IMU,26905.956,9.643,-2.807,6.469,-0.14453,0.93652,0.08056,29.14
$MAG,26905.957,-0.493,-0.549,-0.436,28.0
$IMU,26905.959,12.573,-1.953,5.065,-0.18212,0.95605,0.06347,29.14
$IMU,26905.961,13.183,-1.159,2.685,-0.18505,0.91992,0.10986,29.14
$BARO,26905.962,86857.68,28.93
$IMU,26905.964,9.765,-1.586,2.075,-0.18212,0.91650,0.09667,29.14
$IMU,26905.966,9.094,-2.502,1.586,-0.19677,0.92724,0.07714,29.14
$MAG,26905.967,-0.499,-0.547,-0.433,28.1
$IMU,26905.968,10.009,-3.540,0.305,-0.20800,0.92431,0.08642,29.19
$IMU,26905.971,9.765,-4.760,-0.854,-0.20751,0.91162,0.10156,29.19
$IMU,26905.973,8.911,-5.676,-1.403,-0.22314,0.92822,0.09277,29.19
$IMU,26905.975,8.789,-6.896,-1.281,-0.22900,0.95068,0.10205,29.19
$MAG,26905.977,-0.493,-0.535,-0.433,27.7
$IMU,26905.978,8.544,-7.934,-1.464,-0.22509,0.94238,0.08398,29.19
$IMU,26905.980,8.422,-8.239,-2.685,-0.23242,0.93261,0.07421,29.19
$IMU,26905.982,8.056,-8.361,-3.662,-0.25097,0.93212,0.07080,29.19
$IMU,26905.985,7.995,-8.483,-4.150,-0.27197,0.94482,0.08154,29.19
$MAG,26905.987,-0.501,-0.549,-0.435,28.1
$IMU,26905.987,7.446,-8.850,-5.004,-0.28613,0.94140,0.09033,29.14
$IMU,26905.989,6.408,-9.155,-5.737,-0.29296,0.93603,0.09033,29.14
$IMU,26905.992,5.432,-9.521,-6.225,-0.28417,0.93212,0.08544,29.14
$IMU,26905.994,4.821,-9.948,-6.591,-0.26123,0.91406,0.07617,29.14
$IMU,26905.996,4.577,-10.498,-6.774,-0.24169,0.89794,0.06787,29.14
$MAG,26905.997,-0.498,-0.537,-0.424,27.7
$IMU,26905.999,4.272,-10.742,-6.713,-0.21826,0.87939,0.06640,29.14
$IMU,26906.001,4.211,-10.253,-6.958,-0.20898,0.87597,0.05517,29.14
$IMU,26906.003,4.333,-9.704,-7.202,-0.20947,0.89453,0.05810,29.14
$IMU,26906.006,4.089,-9.399,-7.446,-0.21337,0.92187,0.06591,29.15
$MAG,26906.007,-0.501,-0.552,-0.430,28.1
$IMU,26906.008,3.784,-9.033,-7.507,-0.21289,0.95605,0.07421,29.15
$IMU,26906.010,3.417,-8.728,-8.178,-0.20898,0.99169,0.08154,29.15
$IMU,26906.013,2.319,-8.666,-9.460,-0.19726,1.01025,0.09033,29.15
$IMU,26906.015,0.793,-8.300,-10.925,-0.17382,1.00683,0.10205,29.15
$MAG,26906.017,-0.501,-0.541,-0.427,28.0
$IMU,26906.017,-0.244,-7.934,-12.390,-0.14746,1.00097,0.09912,29.15
$IMU,26906.020,-1.342,-8.056,-13.732,-0.12500,0.99511,0.09179,29.15
$IMU,26906.022,-3.112,-8.178,-14.404,-0.10595,0.97949,0.08984,29.15
$IMU,26906.025,-5.187,-7.995,-14.526,-0.08691,0.95898,0.07763,29.17
$IMU,26906.027,-7.263,-7.690,-14.465,-0.06982,0.96484,0.08544,29.17
$MAG,26906.028,-0.496,-0.538,-0.430,28.0
$IMU,26906.029,-9.338,-7.385,-14.404,-0.05419,0.96484,0.08789,29.17
$IMU,26906.032,-10.681,-7.202,-14.282,-0.04101,0.97314,0.08544,29.17
$IMU,26906.034,-11.596,-7.019,-14.587,-0.03613,0.98828,0.08251,29.17
$IMU,26906.036,-12.207,-6.958,-14.953,-0.03955,1.00683,0.07910,29.17
$MAG,26906.038,-0.498,-0.546,-0.433,28.0
$IMU,26906.039,-12.084,-6.103,-15.686,-0.04980,1.02929,0.07470,29.17
$IMU,26906.041,-12.023,-5.798,-16.662,-0.05371,1.04589,0.08007,29.17
$IMU,26906.043,-11.596,-5.187,-17.517,-0.05761,1.06250,0.08203,29.15
$IMU,26906.046,-11.047,-4.699,-18.066,-0.06396,1.06591,0.08544,29.15
$MAG,26906.048,-0.499,-0.538,-0.435,28.1
$IMU,26906.048,-11.108,-4.638,-18.615,-0.06835,1.06494,0.09619,29.15
$IMU,26906.050,-10.986,-3.906,-18.676,-0.05615,1.04394,0.07128,29.15
$IMU,26906.053,-10.192,-2.929,-18.798,-0.05322,1.02734,0.07324,29.15
$IMU,26906.055,-10.498,-1.586,-18.981,-0.03955,0.98779,0.04541,29.15
$IMU,26906.057,-8.666,0.610,-18.859,-0.05029,0.98632,0.04736,29.15
$MAG,26906.058,-0.495,-0.541,-0.438,28.0
$IMU,26906.060,-8.422,1.586,-18.127,-0.05078,1.01367,0.07080,29.15
$IMU,26906.062,-8.483,3.051,-16.784,-0.05126,0.99755,0.05126,29.12
$BARO,26906.064,86860.28,28.93
$IMU,26906.064,-6.591,4.821,-15.563,-0.07080,1.02050,0.07812,29.12
$IMU,26906.067,-7.080,4.577,-14.099,-0.07910,1.04541,0.09375,29.12
$MAG,26906.068,-0.483,-0.541,-0.439,28.0
$IMU,26906.069,-7.324,4.455,-12.573,-0.07177,1.03027,0.09863,29.12
$IMU,26906.071,-6.896,4.455,-11.108,-0.07568,1.01464,0.09423,29.12
$IMU,26906.074,-5.798,4.150,-9.765,-0.07958,0.96875,0.06103,29.12
$IMU,26906.076,-2.868,3.662,-8.483,-0.08789,0.94726,0.04931,29.12
$IMU,26906.078,0.427,2.502,-5.615,-0.09277,0.96533,0.05712,29.12
$MAG,26906.078,-0.483,-0.553,-0.429,28.1
$IMU,26906.081,1.403,1.342,-2.746,-0.07958,0.95751,0.07177,29.14
$IMU,26906.083,0.793,-0.244,0.061,-0.06835,0.94384,0.06591,29.14
$IMU,26906.086,1.831,-1.708,2.380,-0.06787,0.94677,0.05126,29.14
$MAG,26906.088,-0.495,-0.553,-0.438,28.1
$IMU,26906.088,4.455,-3.112,4.150,-0.08251,0.95556,0.04101,29.14
$IMU,26906.090,7.324,-4.272,5.920,-0.10009,0.95507,0.03320,29.14
$IMU,26906.093,10.375,-5.187,7.751,-0.12548,0.96533,0.03662,29.14
$IMU,26906.095,12.878,-5.432,9.399,-0.14013,0.98388,0.04589,29.14
$IMU,26906.097,15.014,-5.798,10.559,-0.14208,1.00146,0.05810,29.14
$MAG,26906.098,-0.486,-0.546,-0.439,28.1
$IMU,26906.100,16.784,-5.737,11.169,-0.13671,1.01416,0.07373,29.13
$IMU,26906.102,18.066,-6.103,11.169,-0.12695,1.01562,0.08300,29.13
$IMU,26906.104,18.737,-6.652,10.925,-0.11132,1.00048,0.09179,29.13
$IMU,26906.107,19.104,-6.835,10.314,-0.10937,0.99658,0.08740,29.13
$MAG,26906.108,-0.492,-0.541,-0.438,27.8
$IMU,26906.109,19.348,-7.141,9.399,-0.10205,0.99316,0.08056,29.13
$IMU,26906.111,19.714,-6.652,8.666,-0.10449,0.97998,0.07275,29.13
$IMU,26906.114,20.080,-7.019,8.300,-0.10595,0.97314,0.06103,29.13
$IMU,26906.116,20.507,-6.896,8.056,-0.11132,0.97705,0.05908,29.13
$MAG,26906.118,-0.495,-0.543,-0.424,28.1
$IMU,26906.118,20.507,-6.530,7.690,-0.12060,0.98779,0.06347,29.14
$IMU,26906.121,19.714,-6.042,7.263,-0.13574,0.99462,0.06347,29.14
$IMU,26906.123,18.981,-5.493,6.225,-0.14892,0.99804,0.06835,29.14
$IMU,26906.125,18.554,-5.065,4.943,-0.15673,0.99316,0.05371,29.14
$MAG,26906.128,-0.493,-0.543,-0.433,27.8
$IMU,26906.128,18.798,-3.723,3.601,-0.16162,0.99316,0.06933,29.14
$IMU,26906.130,16.906,-3.173,2.624,-0.15917,0.98876,0.06250,29.14
$IMU,26906.132,15.747,-2.990,2.014,-0.14550,0.98535,0.06347,29.14
$IMU,26906.135,14.526,-3.173,1.525,-0.13232,0.98681,0.08056,29.14
$IMU,26906.137,11.962,-3.662,1.464,-0.11328,0.99316,0.08740,29.11
$MAG,26906.139,-0.498,-0.538,-0.429,27.7
$IMU,26906.139,8.666,-4.638,1.586,-0.09423,1.00439,0.11279,29.11
$HUM,26906.141,34.8,29.4
$IMU,26906.142,4.150,-5.798,1.953,-0.07128,0.99804,0.10986,29.11
$IMU,26906.144,0.915,-6.591,2.502,-0.06884,0.99365,0.11523,29.11
$IMU,26906.146,-3.601,-8.117,2.380,-0.16845,1.05761,0.17626,29.11
$MAG,26906.149,-0.490,-0.547,-0.429,28.1
$IMU,26906.149,-12.023,-13.610,0.854,-0.20947,1.02294,0.23876,29.11
$IMU,26906.151,-12.268,-13.305,2.380,-0.15039,1.00488,0.04443,29.11
$IMU,26906.154,-9.521,-12.268,2.990,-0.14843,1.05517,-0.02001,29.11
$IMU,26906.156,-11.047,-13.366,2.685,-0.10693,1.00732,0.03613,29.16
$IMU,26906.158,-9.765,-11.657,2.929,-0.06738,1.00976,0.04882,29.16
$MAG,26906.159,-0.495,-0.544,-0.429,28.0
$IMU,26906.161,-7.324,-9.887,2.380,-0.04882,1.03466,0.05078,29.16
$IMU,26906.163,-6.896,-8.789,2.624,-0.05029,1.04687,0.06787,29.16
$BARO,26906.165,86867.28,28.93
$IMU,26906.165,-7.324,-7.934,4.272,-0.02587,1.05566,0.08007,29.16
$IMU,26906.168,-6.347,-6.713,6.713,-0.00537,1.06250,0.06201,29.16
$MAG,26906.169,-0.496,-0.552,-0.423,28.0
$IMU,26906.170,-6.042,-5.310,7.629,-0.00097,1.06103,0.07080,29.16
$IMU,26906.172,-7.141,-3.845,8.117,-0.02392,1.05371,0.09375,29.16
$IMU,26906.175,-7.629,-2.929,8.789,-0.04492,1.03759,0.09228,29.16
$IMU,26906.177,-7.019,-2.502,9.704,-0.06933,1.02685,0.06982,29.16
$MAG,26906.179,-0.489,-0.546,-0.432,28.1
$IMU,26906.179,-6.591,-2.380,10.742,-0.09179,1.01660,0.06250,29.16
$IMU,26906.182,-5.737,-2.014,11.962,-0.10449,1.00683,0.05566,29.16
$IMU,26906.184,-3.295,-1.770,13.061,-0.11621,1.00781,0.05224,29.16
$IMU,26906.186,-1.708,-2.746,14.221,-0.12109,1.02343,0.06250,29.16
$MAG,26906.189,-0.487,-0.546,-0.424,28.0
$IMU,26906.189,-0.610,-4.089,15.869,-0.12207,1.02587,0.06298,29.16
$IMU,26906.191,1.037,-4.760,17.456,-0.12500,1.02587,0.07470,29.16
$IMU,26906.193,2.197,-5.371,19.042,-0.12695,1.03369,0.07861,29.16
$IMU,26906.196,2.319,-6.225,20.385,-0.12841,1.03466,0.09130,29.16
$IMU,26906.198,2.563,-6.713,21.667,-0.13769,1.04589,0.10107,29.16
$MAG,26906.199,-0.502,-0.547,-0.427,28.1
$IMU,26906.200,2.319,-6.896,22.399,-0.14648,1.05566,0.11718,29.16
$IMU,26906.203,1.281,-7.202,23.132,-0.14599,1.05175,0.13330,29.16
$IMU,26906.205,-0.305,-7.995,23.925,-0.14257,1.04101,0.14160,29.16
$IMU,26906.207,-1.892,-8.728,24.658,-0.13427,1.04492,0.15234,29.16
$MAG,26906.209,-0.499,-0.553,-0.429,28.1
$IMU,26906.210,-3.234,-9.582,25.207,-0.12207,1.04296,0.14941,29.16
$IMU,26906.212,-3.906,-10.437,25.756,-0.11767,1.04199,0.14013,29.18
$IMU,26906.215,-3.723,-10.925,26.306,-0.11914,1.04931,0.11816,29.18
$IMU,26906.217,-2.197,-10.559,26.550,-0.12500,1.06250,0.10449,29.18
$MAG,26906.219,-0.499,-0.550,-0.427,28.1
$IMU,26906.219,-0.183,-9.521,26.306,-0.12451,1.07031,0.10400,29.18
$IMU,26906.222,1.770,-7.751,25.756,-0.12255,1.09375,0.11816,29.18
$IMU,26906.224,3.601,-5.859,24.597,-0.12451,1.12792,0.13769,29.18
$IMU,26906.226,4.760,-4.333,22.949,-0.12597,1.14599,0.15673,29.18
$IMU,26906.229,5.249,-2.746,21.118,-0.12500,1.15380,0.16992,29.18
$MAG,26906.229,-0.508,-0.541,-0.436,27.8
$TIME,26906.231,510821.000,2399
$IMU,26906.231,5.187,-1.159,19.042,-0.11621,1.13964,0.17968,29.11
$IMU,26906.233,5.371,0.366,17.211,-0.10791,1.12500,0.17089,29.11
$IMU,26906.236,5.676,1.281,15.441,-0.09960,1.12402,0.16259,29.11
$IMU,26906.238,5.310,2.197,13.732,-0.08789,1.11816,0.16064,29.11
$MAG,26906.239,-0.513,-0.537,-0.417,28.1
$IMU,26906.240,5.126,3.112,12.268,-0.08544,1.11914,0.15039,29.11
$IMU,26906.243,5.249,4.028,10.375,-0.08203,1.11621,0.14892,29.11
$IMU,26906.245,5.432,5.187,8.178,-0.07568,1.12304,0.14892,29.11
$IMU,26906.247,5.798,6.286,5.676,-0.06689,1.11572,0.15673,29.11
$MAG,26906.250,-0.511,-0.541,-0.429,28.1
$IMU,26906.250,6.164,6.774,3.479,-0.06494,1.09960,0.16406,29.16
$IMU,26906.252,6.347,6.774,1.708,-0.07617,1.09082,0.15869,29.16
$IMU,26906.254,5.920,6.652,0.122,-0.08691,1.08300,0.16650,29.16
$IMU,26906.257,4.943,6.530,-0.976,-0.09863,1.07568,0.17138,29.16
$IMU,26906.259,4.272,6.591,-1.831,-0.11181,1.06933,0.16894,29.16
$MAG,26906.260,-0.501,-0.544,-0.432,28.0
$IMU,26906.261,3.723,6.347,-2.319,-0.12402,1.05859,0.15380,29.16
$IMU,26906.264,2.868,5.737,-2.807,-0.12353,1.04541,0.14599,29.16
$IMU,26906.266,2.136,4.943,-3.173,-0.12451,1.03125,0.14697,29.16
$BARO,26906.267,86867.74,28.93
$IMU,26906.268,1.770,4.577,-3.356,-0.12255,1.01171,0.13525,29.14
$MAG,26906.270,-0.514,-0.549,-0.421,28.1
$IMU,26906.271,2.380,3.784,-3.356,-0.12255,1.00390,0.12207,29.14
$IMU,26906.273,3.112,2.868,-2.990,-0.13281,1.01904,0.09570,29.14
$IMU,26906.276,3.234,1.403,-2.624,-0.11718,0.99121,0.10839,29.14
$IMU,26906.278,3.723,0.671,-1.464,-0.11572,0.98876,0.09716,29.14
$MAG,26906.280,-0.502,-0.535,-0.426,28.0
$IMU,26906.280,6.713,0.549,-0.671,-0.12255,1.02294,0.08300,29.14
$IMU,26906.283,7.446,0.000,-0.061,-0.11279,0.99267,0.09765,29.14
$IMU,26906.285,7.934,-0.305,1.098,-0.11718,0.99072,0.07910,29.14
$IMU,26906.287,9.033,-0.976,2.258,-0.10546,0.99316,0.07812,29.16
$MAG,26906.290,-0.510,-0.546,-0.417,28.0
$IMU,26906.290,9.399,-1.770,3.417,-0.10058,0.99218,0.07226,29.16
$IMU,26906.292,11.047,-1.586,4.333,-0.10009,0.99853,0.06298,29.16
$IMU,26906.294,12.695,-1.159,5.249,-0.09033,0.98925,0.05712,29.16
$IMU,26906.297,14.221,-0.732,6.164,-0.08007,0.97021,0.06103,29.16
$IMU,26906.299,15.991,-0.549,7.446,-0.06884,0.95263,0.05371,29.16
$MAG,26906.300,-0.501,-0.538,-0.417,28.1
$IMU,26906.301,17.822,-1.159,9.033,-0.06152,0.93896,0.05078,29.16
$IMU,26906.304,19.531,-1.770,10.986,-0.05859,0.93701,0.03662,29.16
$IMU,26906.306,21.545,-1.892,12.817,-0.06298,0.95068,0.03466,29.12
$IMU,26906.308,23.620,-1.647,14.404,-0.05761,0.96435,0.01904,29.12
$MAG,26906.310,-0.505,-0.543,-0.421,28.0
$IMU,26906.311,25.512,-1.281,15.686,-0.06396,0.99511,0.02246,29.12
$IMU,26906.313,26.367,-1.586,17.272,-0.05712,0.97607,0.03222,29.12
$IMU,26906.315,25.085,-3.295,19.165,-0.05615,0.96826,0.03222,29.12
$IMU,26906.318,23.925,-5.004,21.057,-0.06884,0.97802,0.02441,29.12
$MAG,26906.320,-0.514,-0.541,-0.409,27.8
$IMU,26906.320,24.108,-6.103,22.644,-0.08105,0.98583,0.01953,29.12
$IMU,26906.322,25.085,-6.286,23.681,-0.09033,0.98876,0.01953,29.12
$IMU,26906.325,27.404,-5.737,24.414,-0.08740,0.98144,0.00683,29.16
$IMU,26906.327,26.367,-6.958,25.451,-0.07080,0.97900,0.00195,29.16
$IMU,26906.329,22.521,-8.422,27.099,-0.05957,0.96777,0.03515,29.16
$MAG,26906.330,-0.505,-0.537,-0.414,28.1
$IMU,26906.332,19.714,-9.521,28.381,-0.05468,0.93847,0.04833,29.16
$IMU,26906.334,21.301,-0.244,28.137,-0.04687,0.93115,0.02685,29.16
$IMU,26906.337,20.080,-8.361,30.029,-0.04638,0.95507,0.00244,29.16
$IMU,26906.339,17.700,-11.474,30.639,-0.05029,0.95410,0.02343,29.16
$MAG,26906.340,-0.520,-0.540,-0.409,28.1
$IMU,26906.341,16.235,-11.901,31.066,-0.04687,0.95898,0.01562,29.16
$IMU,26906.344,13.061,-10.437,31.066,-0.04931,0.98242,0.01464,29.19
$IMU,26906.346,6.713,-15.869,30.883,-0.15820,1.04492,0.17773,29.19
$IMU,26906.348,1.281,-24.536,30.700,-0.10498,0.96044,0.14160,29.19
$MAG,26906.350,-0.526,-0.537,-0.412,28.1
$IMU,26906.351,4.638,-19.653,29.479,-0.06396,1.01904,-0.10107,29.19
$IMU,26906.353,5.371,-16.723,25.634,-0.00732,1.00146,-0.10449,29.19
$IMU,26906.355,5.432,-15.808,23.254,0.03076,0.96582,0.01513,29.19
$IMU,26906.358,6.774,-13.244,21.728,0.05224,0.98144,0.05322,29.19
$IMU,26906.360,6.530,-12.268,19.653,0.05419,0.98779,0.02832,29.19
$MAG,26906.361,-0.523,-0.543,-0.414,28.0
$IMU,26906.362,5.126,-11.230,18.127,0.03613,0.98291,0.01171,29.14
$IMU,26906.365,3.845,-8.728,17.272,0.01416,0.98193,0.01025,29.14
$IMU,26906.367,3.173,-7.690,15.747,-0.01074,0.98486,0.01904,29.14
$BARO,26906.368,86861.23,28.93
$IMU,26906.369,2.929,-7.568,14.282,-0.02392,0.98291,0.02685,29.14
$MAG,26906.371,-0.510,-0.529,-0.409,28.1
$IMU,26906.372,3.356,-6.774,13.427,-0.02539,0.99365,0.03906,29.14
$IMU,26906.374,4.394,-6.347,11.840,-0.02783,1.00732,0.04248,29.14
$IMU,26906.376,5.065,-6.469,10.070,-0.03515,1.00683,0.03759,29.14
$IMU,26906.379,5.676,-5.615,9.094,-0.03271,1.02148,0.04785,29.14
$MAG,26906.381,-0.519,-0.528,-0.403,27.8
$IMU,26906.381,5.859,-5.126,8.056,-0.03222,1.03222,0.06103,29.17
$IMU,26906.383,5.432,-5.676,7.019,-0.03417,1.01855,0.07324,29.17
$IMU,26906.386,4.760,-6.286,6.958,-0.03466,0.99902,0.08300,29.17
$IMU,26906.388,4.028,-6.713,6.591,-0.04785,0.98730,0.07568,29.17
$IMU,26906.390,3.601,-7.019,5.859,-0.06201,0.97363,0.06445,29.17
$MAG,26906.391,-0.526,-0.529,-0.405,28.0
$IMU,26906.393,3.723,-6.713,5.798,-0.07568,0.96435,0.05712,29.17
$IMU,26906.395,4.028,-6.530,5.981,-0.10791,0.96777,0.06054,29.17
$IMU,26906.398,2.319,-8.972,6.713,-0.13720,0.96875,0.12304,29.17
$IMU,26906.400,2.502,-9.887,7.629,-0.13427,0.96337,0.04248,29.17
$MAG,26906.401,-0.520,-0.528,-0.418,28.0
$IMU,26906.402,6.347,-5.676,7.751,-0.11962,0.98828,-0.07177,29.17
$IMU,26906.405,8.117,-1.708,6.774,-0.10498,0.96972,-0.04394,29.17
$IMU,26906.407,8.300,1.098,6.408,-0.10156,0.96630,0.02636,29.17
$IMU,26906.409,8.056,1.708,7.141,-0.10009,0.97558,0.05908,29.17
$MAG,26906.411,-0.532,-0.531,-0.400,28.1
$IMU,26906.412,7.019,0.793,8.056,-0.11230,0.98486,0.06054,29.17
$IMU,26906.414,5.249,0.244,8.789,-0.11914,0.98876,0.05078,29.17
$IMU,26906.416,3.601,0.183,9.155,-0.11962,0.99853,0.04931,29.17
$IMU,26906.419,1.892,0.244,9.216,-0.11376,1.01074,0.05908,29.16
$MAG,26906.421,-0.522,-0.541,-0.414,28.1
$IMU,26906.421,-0.183,0.671,8.666,-0.10546,1.01806,0.07031,29.16
$IMU,26906.423,-2.075,0.671,8.239,-0.09130,1.01269,0.05957,29.16
$IMU,26906.426,-3.784,1.159,7.751,-0.09277,1.03369,0.06103,29.16
$IMU,26906.428,-5.187,1.647,7.080,-0.09326,1.01513,0.05761,29.16
$IMU,26906.430,-5.432,2.136,6.164,-0.08837,1.00048,0.05517,29.16
$MAG,26906.431,-0.525,-0.540,-0.409,28.1
$IMU,26906.433,-4.638,2.746,5.432,-0.08203,1.01953,0.06103,29.16
$IMU,26906.435,-5.859,3.234,4.882,-0.07275,1.01757,0.07373,29.16
$IMU,26906.437,-7.385,3.784,4.699,-0.07177,1.01171,0.08496,29.16
$IMU,26906.440,-7.812,3.906,4.638,-0.08251,1.02490,0.07666,29.16
$MAG,26906.441,-0.529,-0.532,-0.409,28.1
$IMU,26906.442,-8.178,4.516,4.516,-0.08837,1.03125,0.09228,29.16
$IMU,26906.444,-9.094,5.493,4.333,-0.09033,1.03466,0.10058,29.16
$IMU,26906.447,-10.070,5.798,4.028,-0.09082,1.03759,0.10302,29.16
$IMU,26906.449,-11.169,5.615,3.662,-0.09326,1.03369,0.11718,29.16
$MAG,26906.451,-0.529,-0.540,-0.412,28.0
$IMU,26906.451,-12.451,5.676,3.234,-0.09619,1.02734,0.12597,29.16
$IMU,26906.454,-13.488,5.187,3.234,-0.09765,0.98828,0.11572,29.16
$IMU,26906.456,-13.549,4.455,3.601,-0.10253,1.01123,0.11669,29.13
$IMU,26906.459,-14.160,4.028,3.540,-0.10009,1.02929,0.12207,29.13
$MAG,26906.461,-0.532,-0.526,-0.414,28.1
$IMU,26906.461,-15.441,4.211,3.845,-0.09863,1.02246,0.11376,29.13
$IMU,26906.463,-15.808,3.662,4.089,-0.08203,1.02197,0.09228,29.13
$IMU,26906.466,-16.113,2.685,4.150,-0.07226,1.01513,0.10058,29.13
$IMU,26906.468,-16.784,2.014,4.516,-0.07666,1.01611,0.09814,29.13
$BARO,26906.470,86859.82,28.93
$IMU,26906.470,-16.906,1.342,5.065,-0.07373,1.02783,0.09716,29.13
$MAG,26906.472,-0.529,-0.537,-0.406,28.1
$IMU,26906.473,-17.456,0.671,5.371,-0.07275,1.04785,0.11279,29.13
$IMU,26906.475,-18.615,-0.854,5.249,-0.06884,1.02587,0.12060,29.16
$IMU,26906.477,-18.676,-2.502,6.164,-0.06884,0.98437,0.12744,29.16
$IMU,26906.480,-16.845,-3.662,6.896,-0.06005,1.02343,0.10693,29.16
$MAG,26906.482,-0.529,-0.538,-0.415,28.1
$IMU,26906.482,-16.174,-4.882,6.835,-0.03955,1.02734,0.11132,29.16
$IMU,26906.484,-15.686,-5.676,7.080,-0.03173,1.01171,0.12304,29.16
$IMU,26906.487,-14.648,-6.103,7.141,-0.02832,1.01464,0.12744,29.16
$IMU,26906.489,-13.916,-6.713,6.896,-0.01953,1.03466,0.13232,29.16
$IMU,26906.491,-12.939,-7.324,6.469,-0.01806,1.06347,0.15087,29.16
$MAG,26906.492,-0.531,-0.535,-0.421,28.1
$IMU,26906.494,-11.962,-7.446,5.554,-0.00927,1.08935,0.16699,29.17
$IMU,26906.496,-11.047,-7.141,4.333,-0.00146,1.10400,0.16992,29.17
$IMU,26906.498,-9.582,-6.774,2.563,0.00585,1.10644,0.15771,29.17
$IMU,26906.501,-8.056,-6.164,0.976,0.01171,1.09814,0.15185,29.17
$MAG,26906.502,-0.528,-0.535,-0.420,28.0
$IMU,26906.503,-6.591,-5.615,-0.427,0.02392,1.09570,0.16015,29.17
$IMU,26906.505,-5.371,-4.943,-1.586,0.03857,1.08740,0.16015,29.17
$IMU,26906.508,-3.967,-4.699,-2.441,0.04833,1.08447,0.15332,29.17
$IMU,26906.510,-2.807,-4.516,-3.112,0.05224,1.07910,0.14648,29.17
$MAG,26906.512,-0.529,-0.529,-0.423,27.7
$IMU,26906.512,-1.464,-4.394,-3.540,0.05664,1.07177,0.14648,29.12
$IMU,26906.515,0.122,-4.150,-3.601,0.05175,1.07275,0.14892,29.12
$IMU,26906.517,1.525,-3.784,-3.601,0.04443,1.06884,0.13867,29.12
$IMU,26906.520,2.624,-2.746,-3.784,0.02539,1.06103,0.12304,29.12
$MAG,26906.522,-0.532,-0.535,-0.415,28.1
$IMU,26906.522,3.662,-1.098,-4.028,0.01025,1.05419,0.11816,29.12
$IMU,26906.524,5.187,0.305,-4.211,-0.00390,1.04785,0.11669,29.12
$IMU,26906.527,5.493,0.488,-4.150,-0.00341,1.03222,0.10839,29.12
$IMU,26906.529,3.601,-0.244,-3.723,-0.01708,1.01416,0.11621,29.12
$IMU,26906.531,2.624,-0.976,-3.234,-0.02832,1.00585,0.11669,29.17
$MAG,26906.532,-0.525,-0.543,-0.415,28.1
$IMU,26906.534,2.685,-1.525,-2.746,-0.03515,0.99414,0.10253,29.17
$IMU,26906.536,2.441,-1.770,-2.502,-0.04150,0.97900,0.08642,29.17
$IMU,26906.538,2.685,-1.586,-2.197,-0.04833,0.96777,0.07714,29.17
$IMU,26906.541,4.150,-1.647,-2.014,-0.04150,0.95605,0.06103,29.17
$MAG,26906.542,-0.525,-0.538,-0.420,28.0
$IMU,26906.543,3.662,-2.441,-1.586,-0.02636,0.94677,0.06005,29.17
$IMU,26906.545,1.708,-3.234,-1.220,-0.02001,0.94042,0.08398,29.17
$IMU,26906.548,1.281,-3.906,-1.098,-0.01416,0.93847,0.07958,29.17
$IMU,26906.550,1.464,-4.638,-1.220,-0.01611,0.93505,0.06103,29.16
$MAG,26906.552,-0.525,-0.538,-0.418,27.8
$IMU,26906.552,1.403,-5.065,-1.220,-0.03027,0.94628,0.05810,29.16
$IMU,26906.555,1.708,-5.310,-1.770,-0.04882,0.96191,0.06347,29.16
$IMU,26906.557,2.258,-5.310,-2.868,-0.06396,0.98095,0.06640,29.16
$IMU,26906.559,2.868,-4.577,-4.333,-0.06689,0.99755,0.07080,29.16
$MAG,26906.562,-0.531,-0.532,-0.415,28.1
$IMU,26906.562,3.967,-3.601,-6.164,-0.06298,1.01611,0.07812,29.16
$IMU,26906.564,4.699,-3.234,-7.629,-0.05517,1.01953,0.07519,29.16
$IMU,26906.566,2.624,-3.845,-8.911,-0.04980,1.01171,0.08300,29.16
$IMU,26906.569,1.098,-3.723,-10.375,-0.05810,1.01171,0.08886,29.17
$BARO,26906.571,86869.45,28.94
$IMU,26906.571,0.854,-2.807,-11.962,-0.06250,1.01123,0.07080,29.17
$MAG,26906.573,-0.523,-0.529,-0.411,27.8
$IMU,26906.573,0.122,-1.403,-13.549,-0.05664,1.00634,0.06347,29.17
$IMU,26906.576,-0.671,-0.061,-14.404,-0.04980,1.02148,0.05761,29.17
$IMU,26906.578,-0.793,1.098,-15.136,-0.04101,1.03417,0.06445,29.17
$IMU,26906.581,-0.854,1.647,-15.625,-0.02685,1.02539,0.06738,29.17
$MAG,26906.583,-0.526,-0.531,-0.420,28.1
$IMU,26906.583,0.122,2.075,-15.930,-0.02832,1.01269,0.07275,29.17
$IMU,26906.585,1.708,2.807,-15.869,-0.04345,0.99267,0.03906,29.17
$IMU,26906.588,-1.098,2.258,-15.014,-0.05175,0.96289,0.03710,29.16
$IMU,26906.590,-4.211,1.892,-14.099,-0.06884,0.96533,0.06982,29.16
$IMU,26906.592,-4.760,1.953,-13.549,-0.07324,0.99511,0.06298,29.16
$MAG,26906.593,-0.523,-0.540,-0.414,28.1
$IMU,26906.595,-4.760,1.770,-13.916,-0.06640,0.97509,0.02197,29.16
$IMU,26906.597,-0.793,2.502,-14.831,-0.07226,1.02246,0.02148,29.16
$IMU,26906.599,-4.333,2.624,-14.038,-0.05322,0.96386,0.05517,29.16
$IMU,26906.602,-7.263,1.403,-12.512,-0.05273,0.94384,0.06250,29.16
$MAG,26906.603,-0.517,-0.529,-0.415,27.8
$IMU,26906.604,-6.103,0.732,-11.291,-0.05712,0.95019,0.04052,29.16
$IMU,26906.606,-5.310,0.122,-10.314,-0.05371,0.94042,0.01562,29.19
$IMU,26906.609,-7.812,-0.732,-7.446,0.10107,1.07617,0.02929,29.19
$IMU,26906.611,-3.234,-0.732,28.991,-0.13085,2.06445,-0.15771,29.19
$MAG,26906.613,-0.526,-0.538,-0.409,28.0
$IMU,26906.613,32.348,-4.882,35.095,-0.20068,0.74804,0.16357,29.19
$IMU,26906.616,32.165,-6.774,-4.211,-0.11816,0.46630,0.45068,29.19
$IMU,26906.618,-5.432,-7.019,-13.732,-0.04003,0.63037,-0.10986,29.19
$IMU,26906.620,-16.540,-4.272,-9.826,-0.02783,0.85839,-0.20800,29.19
$MAG,26906.623,-0.526,-0.528,-0.418,28.0
$IMU,26906.623,-3.295,1.586,-7.202,0.07373,0.95166,-0.00195,29.19
$IMU,26906.625,0.000,4.699,-7.812,0.12548,0.99609,0.11279,29.19
$IMU,26906.627,-4.577,2.197,-8.056,0.05078,0.95947,0.14404,29.19
$IMU,26906.630,-5.126,-1.464,-5.676,-0.04003,0.94384,0.07861,29.19
$IMU,26906.632,-4.089,-3.540,-2.197,-0.08007,0.96777,0.02197,29.19
$MAG,26906.633,-0.514,-0.543,-0.418,28.1
$IMU,26906.634,-3.845,-4.394,-0.122,-0.08544,1.01123,0.04199,29.19
$IMU,26906.637,-2.624,-5.065,-0.427,-0.07714,1.03906,0.08007,29.19
$IMU,26906.639,-1.098,-5.310,-1.220,-0.06005,1.04638,0.08837,29.19
$IMU,26906.641,-0.122,-5.615,-1.342,-0.04980,1.03906,0.07958,29.19
$MAG,26906.643,-0.522,-0.540,-0.408,27.7
$IMU,26906.644,0.610,-5.554,-0.793,-0.02978,1.03320,0.07861,29.14
$IMU,26906.646,1.708,-4.943,-0.305,-0.01123,1.05322,0.08203,29.14
$IMU,26906.649,2.624,-4.333,0.000,-0.00927,1.06640,0.08447,29.14
$IMU,26906.651,3.112,-3.662,0.061,-0.02783,1.06640,0.07763,29.14
$MAG,26906.653,-0.522,-0.534,-0.417,27.8
$IMU,26906.653,3.295,-2.685,0.061,-0.04638,1.06787,0.06787,29.14
$IMU,26906.656,3.540,-1.831,0.000,-0.06250,1.05957,0.07324,29.14
$IMU,26906.658,3.723,-1.159,-0.427,-0.06982,1.05175,0.08642,29.14
$IMU,26906.660,3.662,-0.915,-1.037,-0.07177,1.04687,0.08984,29.14
$MAG,26906.663,-0.513,-0.535,-0.411,28.0
$IMU,26906.663,3.234,-1.159,-1.159,-0.06933,1.03417,0.07470,29.19
$IMU,26906.665,2.624,-1.647,-0.854,-0.06298,1.01464,0.05468,29.19
$IMU,26906.667,2.258,-2.380,-0.488,-0.05078,0.99316,0.05761,29.19
$IMU,26906.670,1.770,-2.746,0.061,-0.05224,0.99169,0.06884,29.19
$IMU,26906.672,1.098,-3.479,0.366,-0.05419,0.98974,0.07226,29.19
$BARO,26906.672,86861.79,28.94
$MAG,26906.673,-0.519,-0.537,-0.408,28.1
$IMU,26906.674,0.610,-3.723,0.671,-0.05078,0.98779,0.06640,29.19
$IMU,26906.677,0.244,-3.723,0.854,-0.04980,0.98876,0.06396,29.19
$IMU,26906.679,-0.183,-4.028,0.915,-0.04394,0.99218,0.07031,29.19
$IMU,26906.681,-0.610,-4.211,1.037,-0.03759,0.99707,0.07714,29.22
$MAG,26906.684,-0.529,-0.538,-0.417,28.1
$IMU,26906.684,-1.159,-4.333,1.159,-0.03466,1.00976,0.08300,29.22
$IMU,26906.686,-2.014,-4.089,1.220,-0.03222,1.02050,0.07958,29.22
$IMU,26906.688,-2.807,-3.540,1.037,-0.03027,1.02490,0.08056,29.22
$IMU,26906.691,-3.417,-2.929,0.549,-0.02636,1.02587,0.08203,29.22
$IMU,26906.693,-3.723,-2.624,0.122,-0.01806,1.02636,0.08544,29.22
$MAG,26906.694,-0.520,-0.544,-0.414,28.1
$IMU,26906.695,-4.028,-2.258,-0.244,-0.01660,1.02929,0.07324,29.22
$IMU,26906.698,-4.333,-2.014,-0.915,-0.02441,1.03857,0.07568,29.22
$IMU,26906.700,-4.150,-1.831,-1.770,-0.04052,1.04345,0.08496,29.18
$IMU,26906.702,-4.150,-1.770,-2.563,-0.05322,1.04345,0.09423,29.18
$MAG,26906.704,-0.519,-0.537,-0.409,28.1
$IMU,26906.705,-4.211,-1.831,-3.356,-0.06787,1.03076,0.09423,29.18
$IMU,26906.707,-4.333,-2.197,-4.028,-0.06542,1.01123,0.09082,29.18
$IMU,26906.710,-4.272,-2.380,-4.333,-0.06787,0.99658,0.08544,29.18
$IMU,26906.712,-3.784,-2.502,-4.394,-0.07080,0.99316,0.08349,29.18
$MAG,26906.714,-0.528,-0.532,-0.417,28.1
$IMU,26906.714,-3.234,-2.502,-4.638,-0.08007,0.98535,0.08056,29.18
$IMU,26906.717,-2.502,-2.441,-4.882,-0.08837,0.98535,0.07177,29.18
$VBAT,26906.717,4.114
$IMU,26906.719,-1.586,-2.075,-5.004,-0.09277,0.98681,0.06494,29.19
$IMU,26906.721,-0.549,-1.770,-4.943,-0.10253,0.98876,0.06542,29.19
$MAG,26906.724,-0.522,-0.531,-0.415,28.0
$IMU,26906.724,0.305,-1.586,-4.577,-0.10595,0.98486,0.06933,29.19
$IMU,26906.726,0.732,-1.586,-3.906,-0.11181,0.98681,0.06347,29.19
$IMU,26906.728,0.915,-2.014,-3.051,-0.11132,0.97851,0.04882,29.19
$IMU,26906.731,0.976,-2.685,-1.953,-0.11083,0.97070,0.04199,29.19
$IMU,26906.733,0.854,-3.417,-0.610,-0.11572,0.96240,0.04492,29.19
$MAG,26906.734,-0.519,-0.535,-0.411,27.8
$IMU,26906.735,0.671,-4.089,0.854,-0.12060,0.95166,0.05419,29.19
$IMU,26906.738,0.305,-4.821,2.380,-0.11962,0.94287,0.05712,29.16
$IMU,26906.740,-0.244,-5.554,3.967,-0.11376,0.93896,0.05468,29.16
$IMU,26906.742,-0.793,-6.347,5.737,-0.10546,0.93994,0.04882,29.16
$MAG,26906.744,-0.517,-0.537,-0.412,28.0
$IMU,26906.745,-1.281,-7.019,7.568,-0.10156,0.95458,0.05175,29.16
$IMU,26906.747,-1.708,-7.751,9.094,-0.09472,0.96093,0.06201,29.16
$IMU,26906.749,-1.953,-8.056,10.314,-0.08642,0.96533,0.06152,29.16
$IMU,26906.752,-2.075,-8.728,11.230,-0.08300,0.97363,0.06347,29.16
$MAG,26906.754,-0.516,-0.537,-0.415,27.7
$IMU,26906.754,-2.258,-9.338,12.023,-0.07226,0.97851,0.06884,29.16
$IMU,26906.756,-2.319,-9.948,12.634,-0.07128,0.98144,0.06298,29.14
$IMU,26906.759,-2.319,-10.253,13.000,-0.07031,0.98730,0.06250,29.14
$IMU,26906.761,-2.441,-10.131,13.244,-0.06542,0.99755,0.06494,29.14
$IMU,26906.763,-2.319,-10.009,13.488,-0.06005,0.99853,0.07031,29.14
$MAG,26906.764,-0.514,-0.531,-0.409,27.8
$IMU,26906.766,-1.953,-10.192,13.488,-0.05468,1.00634,0.08154,29.14
$IMU,26906.768,-1.647,-10.192,12.939,-0.05859,1.00292,0.08789,29.14
$IMU,26906.771,-1.403,-9.887,12.145,-0.06103,1.00146,0.08837,29.14
$IMU,26906.773,-1.342,-9.460,11.291,-0.06250,1.00781,0.09228,29.14
$BARO,26906.774,86855.87,28.94
$MAG,26906.774,-0.526,-0.534,-0.408,28.1
$IMU,26906.775,-2.319,-10.498,10.559,-0.10839,1.03759,0.15966,29.19
$IMU,26906.778,-6.164,-15.075,10.437,-0.09277,0.98974,0.17773,29.19
$IMU,26906.780,-2.685,-12.817,10.314,-0.07714,1.02734,-0.02587,29.19
$IMU,26906.782,-0.305,-9.643,8.361,-0.03027,1.00488,0.01367,29.19
$MAG,26906.784,-0.519,-0.532,-0.415,27.8
$IMU,26906.785,-0.488,-7.324,6.896,-0.00439,0.97802,0.11474,29.19
$IMU,26906.787,0.854,-6.225,5.798,-0.00048,0.98486,0.10400,29.19
$IMU,26906.789,1.464,-5.554,5.249,-0.01367,0.98242,0.06347,29.19
$IMU,26906.792,1.953,-4.272,4.760,-0.02294,0.98974,0.06250,29.19
$IMU,26906.794,2.685,-2.746,4.150,-0.02587,1.01660,0.08544,29.14
$MAG,26906.795,-0.525,-0.538,-0.412,28.1
$IMU,26906.796,3.173,-1.953,3.051,-0.02636,1.03710,0.10400,29.14
$IMU,26906.799,3.295,-1.831,1.770,-0.03417,1.04931,0.10400,29.14
$IMU,26906.801,2.929,-1.647,0.183,-0.04150,1.05078,0.08984,29.14
$IMU,26906.803,2.746,-1.342,-1.525,-0.04003,1.04150,0.08496,29.14
$MAG,26906.805,-0.526,-0.532,-0.400,27.7
$IMU,26906.806,2.746,-0.732,-3.295,-0.03564,1.03662,0.08789,29.14
$IMU,26906.808,2.746,-0.122,-5.065,-0.02929,1.04052,0.08935,29.14
$IMU,26906.810,2.868,0.427,-6.591,-0.02490,1.02978,0.08935,29.14
$IMU,26906.813,2.807,0.854,-7.751,-0.02099,1.02490,0.09130,29.15
$MAG,26906.815,-0.525,-0.534,-0.405,28.0
$IMU,26906.815,2.685,0.854,-8.605,-0.02294,1.02587,0.09521,29.15
$IMU,26906.817,2.441,0.793,-9.338,-0.02929,1.03369,0.09619,29.15
$IMU,26906.820,2.319,0.793,-10.009,-0.04589,1.03320,0.09326,29.15
$IMU,26906.822,2.380,0.732,-10.681,-0.05664,1.02978,0.08789,29.15
$IMU,26906.824,2.075,0.732,-11.108,-0.05859,1.02587,0.08154,29.15
$MAG,26906.825,-0.529,-0.537,-0.417,28.1
$IMU,26906.827,2.014,0.427,-11.291,-0.06005,1.00878,0.08544,29.15
$IMU,26906.829,2.197,-0.061,-11.169,-0.06445,0.99365,0.08496,29.15
$IMU,26906.832,2.380,-0.915,-10.559,-0.07275,0.97900,0.07714,29.16
$IMU,26906.834,2.624,-1.647,-9.765,-0.07910,0.97412,0.07324,29.16
$MAG,26906.835,-0.523,-0.532,-0.414,28.0
$IMU,26906.836,2.868,-1.953,-9.094,-0.08740,0.97656,0.07568,29.16
$IMU,26906.839,3.479,-2.197,-8.361,-0.08935,0.98339,0.07714,29.16
$IMU,26906.841,4.089,-2.624,-7.324,-0.08984,0.98974,0.08056,29.16
$IMU,26906.843,4.516,-2.990,-6.408,-0.08984,0.99951,0.08544,29.16
$MAG,26906.845,-0.516,-0.529,-0.414,27.7
$IMU,26906.846,4.943,-3.417,-5.432,-0.07763,1.00488,0.08447,29.16
$IMU,26906.848,5.187,-3.967,-4.211,-0.07177,1.00732,0.08007,29.16
$IMU,26906.850,5.065,-4.455,-2.990,-0.06835,1.01806,0.08251,29.14
$IMU,26906.853,4.943,-4.455,-1.831,-0.06494,1.02441,0.08300,29.14
$MAG,26906.855,-0.523,-0.531,-0.415,27.7
$IMU,26906.855,4.882,-4.394,-1.098,-0.06054,1.03515,0.08496,29.14
$IMU,26906.857,4.760,-4.211,-0.549,-0.06054,1.03564,0.08496,29.14
$IMU,26906.860,4.516,-4.089,0.122,-0.06591,1.03369,0.07910,29.14
$IMU,26906.862,4.089,-3.906,0.732,-0.07031,1.03027,0.07812,29.14
$IMU,26906.864,3.417,-3.784,1.220,-0.06689,1.03076,0.07470,29.14
$MAG,26906.865,-0.511,-0.529,-0.405,28.0
$IMU,26906.867,2.990,-3.845,1.525,-0.06933,1.02734,0.07910,29.14
$IMU,26906.869,2.502,-3.784,1.525,-0.06542,1.02685,0.07958,29.16
$IMU,26906.871,2.014,-3.723,1.342,-0.06005,1.02832,0.07812,29.16
$IMU,26906.874,1.525,-3.601,1.159,-0.05859,1.02148,0.07714,29.16
$BARO,26906.875,86864.82,28.94
$MAG,26906.875,-0.526,-0.534,-0.414,28.1
$IMU,26906.876,0.976,-3.356,0.915,-0.05468,1.02001,0.07568,29.16
$IMU,26906.878,0.366,-2.807,0.671,-0.05126,1.02001,0.07470,29.16
$IMU,26906.881,-0.122,-2.502,0.488,-0.04199,1.02294,0.07958,29.16
$IMU,26906.883,-0.488,-2.380,0.244,-0.03564,1.01904,0.08105,29.16
$MAG,26906.885,-0.517,-0.532,-0.408,28.0
$IMU,26906.885,-0.793,-2.380,0.000,-0.02783,1.01074,0.07470,29.16
$IMU,26906.888,-1.159,-2.624,0.000,-0.02490,1.00439,0.06933,29.17
$IMU,26906.890,-1.770,-2.807,0.244,-0.02587,0.99804,0.07177,29.17
$IMU,26906.893,-2.014,-2.807,0.305,-0.03271,0.99902,0.07177,29.17
$MAG,26906.895,-0.523,-0.537,-0.405,28.0
$IMU,26906.895,-2.014,-2.807,0.488,-0.04150,0.99902,0.07177,29.17
$IMU,26906.897,-2.014,-2.685,0.732,-0.04833,0.99853,0.06640,29.17
$IMU,26906.900,-1.953,-2.624,0.976,-0.05468,0.98828,0.06689,29.17
$IMU,26906.902,-1.831,-2.563,1.464,-0.05517,0.97558,0.06787,29.17
$IMU,26906.904,-1.831,-2.380,2.197,-0.05712,0.97363,0.06591,29.17
$MAG,26906.906,-0.531,-0.532,-0.412,28.0
$IMU,26906.907,-1.403,-2.624,2.807,-0.05273,0.97607,0.07031,29.18
$IMU,26906.909,-0.671,-3.234,3.356,-0.04736,0.98242,0.08007,29.18
$IMU,26906.911,-0.122,-3.662,3.906,-0.03906,0.99072,0.08105,29.18
$IMU,26906.914,0.183,-4.272,4.333,-0.03613,0.99121,0.08056,29.18
$MAG,26906.916,-0.523,-0.535,-0.411,27.7
$IMU,26906.916,0.549,-4.394,4.882,-0.03417,0.98681,0.07519,29.18
$IMU,26906.918,0.732,-4.333,5.493,-0.03320,0.99511,0.07421,29.18
$IMU,26906.921,1.037,-4.333,5.920,-0.03662,1.00537,0.07470,29.18
$IMU,26906.923,1.281,-4.150,6.225,-0.03466,1.01464,0.07666,29.18
$IMU,26906.925,1.647,-4.089,6.530,-0.03222,1.02197,0.07812,29.18
$MAG,26906.926,-0.519,-0.538,-0.403,28.0
$IMU,26906.928,2.014,-3.967,6.347,-0.03320,1.03710,0.08203,29.18
$IMU,26906.930,2.075,-3.601,5.920,-0.03955,1.04248,0.08007,29.18
$IMU,26906.932,2.197,-3.173,5.310,-0.04052,1.03759,0.07568,29.18
$IMU,26906.935,2.624,-2.929,4.882,-0.03564,1.03613,0.07617,29.18
$MAG,26906.936,-0.528,-0.537,-0.403,27.8
$IMU,26906.937,3.051,-2.746,4.638,-0.03125,1.03369,0.07763,29.18
$IMU,26906.939,3.051,-2.624,4.394,-0.03027,1.03125,0.07714,29.18
$IMU,26906.942,2.990,-2.624,4.333,-0.03173,1.02685,0.08007,29.18
$IMU,26906.944,2.868,-2.868,4.333,-0.02880,1.01904,0.07714,29.16
$MAG,26906.946,-0.519,-0.532,-0.408,27.7
$IMU,26906.946,2.868,-3.112,4.333,-0.03320,1.02441,0.07666,29.16
$IMU,26906.949,2.685,-3.051,4.272,-0.03906,1.02636,0.07714,29.16
$IMU,26906.951,2.563,-2.868,4.089,-0.04980,1.02978,0.07763,29.16
$IMU,26906.954,2.563,-2.929,3.845,-0.05273,1.03417,0.07666,29.16
$MAG,26906.956,-0.529,-0.531,-0.409,28.0
$IMU,26906.956,2.258,-3.051,3.540,-0.05957,1.02294,0.07617,29.16
$IMU,26906.958,1.892,-3.295,3.234,-0.06787,1.02050,0.07958,29.16
$IMU,26906.961,1.647,-3.662,2.868,-0.06787,1.01660,0.07910,29.16
$IMU,26906.963,1.525,-3.784,2.502,-0.06738,1.01416,0.08300,29.15
$IMU,26906.965,1.281,-3.784,2.197,-0.06640,1.01123,0.07910,29.15
$MAG,26906.966,-0.520,-0.531,-0.408,28.0
$IMU,26906.968,0.915,-3.784,1.892,-0.06835,1.00537,0.07666,29.15
$IMU,26906.970,0.610,-3.845,1.831,-0.07031,0.99658,0.06884,29.15
$IMU,26906.972,0.183,-3.906,1.831,-0.06835,0.98730,0.06787,29.15
$IMU,26906.975,-0.122,-3.906,1.953,-0.06640,0.98437,0.06835,29.15
$MAG,26906.976,-0.526,-0.540,-0.411,28.1
$BARO,26906.977,86864.35,28.94
$IMU,26906.977,-0.305,-4.028,2.014,-0.06542,0.98535,0.07373,29.15
$IMU,26906.979,-0.610,-3.845,2.014,-0.06445,0.99023,0.08300,29.15
$IMU,26906.982,-0.915,-3.906,1.953,-0.06347,0.99902,0.08300,29.15
$IMU,26906.984,-1.159,-4.089,2.014,-0.05957,1.00634,0.08007,29.15
$MAG,26906.986,-0.520,-0.528,-0.402,28.1
$IMU,26906.986,-1.281,-4.333,1.953,-0.05859,1.01513,0.08154,29.15
$IMU,26906.989,-1.464,-4.333,1.892,-0.05566,1.01513,0.08007,29.15
$IMU,26906.991,-1.525,-4.211,1.708,-0.05468,1.01220,0.08154,29.15
$IMU,26906.993,-1.342,-4.028,1.464,-0.05322,1.01562,0.08496,29.15
$MAG,26906.996,-0.523,-0.528,-0.408,27.7
$IMU,26906.996,-1.220,-4.028,1.342,-0.05322,1.01806,0.08349,29.15
$IMU,26906.998,-0.915,-3.967,1.098,-0.05664,1.02929,0.08789,29.15
$IMU,26907.000,-0.610,-3.662,0.671,-0.05957,1.02587,0.08398,29.17
$IMU,26907.003,-0.122,-3.601,0.122,-0.05566,1.02294,0.07812,29.17
$IMU,26907.005,0.305,-3.601,-0.244,-0.05468,1.01123,0.07617,29.17
$MAG,26907.007,-0.526,-0.532,-0.400,27.8
$IMU,26907.007,0.610,-3.723,-0.244,-0.05224,1.00683,0.08251,29.17
$IMU,26907.010,0.976,-4.211,-0.305,-0.04980,1.00878,0.08544,29.17
$IMU,26907.012,1.220,-4.394,-0.244,-0.05615,1.02001,0.08349,29.17
$IMU,26907.015,1.525,-4.455,-0.244,-0.06103,1.02734,0.08105,29.17
$MAG,26907.017,-0.526,-0.540,-0.403,28.0
$IMU,26907.017,1.525,-4.211,-0.366,-0.06494,1.03173,0.07324,29.17
$IMU,26907.019,1.525,-3.662,-0.366,-0.07177,1.02587,0.07568,29.19
$IMU,26907.022,1.525,-3.417,-0.366,-0.06787,1.02197,0.07861,29.19
$IMU,26907.024,1.281,-3.112,-0.183,-0.06250,1.01562,0.08007,29.19
$IMU,26907.026,1.037,-3.051,-0.061,-0.06005,1.01074,0.08154,29.19
$MAG,26907.027,-0.523,-0.537,-0.412,28.1
$IMU,26907.029,0.732,-3.112,0.183,-0.06396,1.01123,0.07861,29.19
$IMU,26907.031,0.488,-3.234,0.427,-0.06445,1.00976,0.07714,29.19
$IMU,26907.033,0.305,-3.295,0.671,-0.06542,1.00683,0.07470,29.19
$IMU,26907.036,0.122,-3.234,0.793,-0.06494,1.00488,0.07958,29.19
$MAG,26907.037,-0.526,-0.529,-0.406,28.1
$IMU,26907.038,0.061,-3.112,0.732,-0.06103,0.99707,0.08203,29.18
$IMU,26907.040,-0.061,-2.990,0.671,-0.05517,0.99707,0.07666,29.18
$IMU,26907.043,-0.122,-2.929,0.793,-0.05566,0.99121,0.07177,29.18
$IMU,26907.045,-0.122,-2.685,0.976,-0.05273,0.99121,0.07080,29.18
$MAG,26907.047,-0.522,-0.520,-0.403,27.7
$IMU,26907.047,-0.061,-2.441,1.342,-0.05126,0.98681,0.06982,29.18
$IMU,26907.050,0.000,-2.136,1.525,-0.04687,0.99023,0.07177,29.18
$IMU,26907.052,0.000,-1.831,1.647,-0.04296,0.99072,0.07275,29.18
$IMU,26907.054,-0.244,-1.464,1.831,-0.04248,0.98925,0.06835,29.18
$MAG,26907.057,-0.526,-0.532,-0.421,27.8
$IMU,26907.057,-0.488,-1.342,2.136,-0.04052,0.99072,0.06494,29.19
$IMU,26907.059,-0.732,-1.586,2.502,-0.03710,0.98876,0.06787,29.19
$IMU,26907.061,-1.037,-1.831,2.868,-0.03466,0.98974,0.07275,29.19
$IMU,26907.064,-1.342,-1.770,3.051,-0.03564,1.00292,0.07324,29.19
$IMU,26907.066,-1.770,-1.403,3.173,-0.02978,1.00195,0.07714,29.19
$MAG,26907.067,-0.528,-0.537,-0.408,27.8
$IMU,26907.068,-1.953,-1.098,3.112,-0.01953,1.00878,0.07861,29.19
$IMU,26907.071,-1.831,-0.793,2.990,-0.01757,1.01416,0.07226,29.19
$IMU,26907.073,-1.586,-0.610,2.746,-0.01855,1.02587,0.07128,29.19
$IMU,26907.076,-1.525,-0.671,2.441,-0.02832,1.02490,0.07666,29.16
$MAG,26907.077,-0.531,-0.544,-0.402,28.1
$BARO,26907.078,86861.06,28.94
$IMU,26907.078,-1.342,-0.122,1.770,-0.04003,1.01757,0.07958,29.16
$IMU,26907.080,-0.976,0.671,1.037,-0.04882,1.01513,0.06298,29.16
$IMU,26907.083,-0.671,1.159,0.610,-0.05664,1.00439,0.06396,29.16
$IMU,26907.085,-0.244,1.342,0.488,-0.05761,0.99169,0.06494,29.16
$MAG,26907.087,-0.528,-0.532,-0.405,27.8
$IMU,26907.087,0.244,1.098,0.488,-0.05957,0.98730,0.06298,29.16
$IMU,26907.090,0.610,0.854,0.427,-0.06347,0.99072,0.06787,29.16
$IMU,26907.092,0.915,0.549,0.610,-0.07080,0.99121,0.07177,29.16
$IMU,26907.094,1.281,0.427,0.732,-0.07666,0.99853,0.06835,29.18
$MAG,26907.097,-0.520,-0.529,-0.405,28.0
$IMU,26907.097,1.586,0.427,0.732,-0.07910,1.00292,0.07373,29.18
$IMU,26907.099,2.075,0.427,0.854,-0.08056,1.00976,0.07421,29.18
$IMU,26907.101,2.380,0.244,0.976,-0.07714,1.00732,0.07275,29.18
$IMU,26907.104,2.441,0.000,1.220,-0.08007,1.00683,0.07275,29.18
$IMU,26907.106,2.380,-0.244,1.586,-0.08007,1.00146,0.07177,29.18
$MAG,26907.107,-0.526,-0.534,-0.406,28.1
$IMU,26907.108,2.319,-0.671,2.075,-0.07910,0.99902,0.07226,29.18
$IMU,26907.111,2.197,-1.159,2.624,-0.08251,1.00781,0.06884,29.18
$IMU,26907.113,2.197,-1.647,2.868,-0.09228,1.01611,0.06982,29.14
$IMU,26907.115,2.014,-1.708,3.051,-0.09863,1.02392,0.07324,29.14
$MAG,26907.118,-0.525,-0.529,-0.409,28.1
$IMU,26907.118,1.831,-1.708,2.990,-0.09863,1.02636,0.07177,29.14
$IMU,26907.120,1.647,-1.708,2.746,-0.09667,1.03076,0.07128,29.14
$IMU,26907.122,1.464,-1.708,2.502,-0.09814,1.02783,0.07080,29.14
$IMU,26907.125,1.220,-1.708,2.319,-0.09472,1.02099,0.07275,29.14
$IMU,26907.127,0.976,-1.708,2.319,-0.09277,1.02050,0.07812,29.14
$MAG,26907.128,-0.537,-0.534,-0.403,28.1
$IMU,26907.129,0.366,-1.586,2.380,-0.08642,1.01660,0.07812,29.14
$IMU,26907.132,-0.183,-1.831,2.319,-0.08007,1.01660,0.07666,29.18
$IMU,26907.134,-0.793,-2.075,2.502,-0.07177,1.01416,0.06933,29.18
$IMU,26907.136,-1.281,-2.441,2.685,-0.07031,1.01855,0.06982,29.18
$MAG,26907.138,-0.525,-0.535,-0.397,28.0
$IMU,26907.139,-1.647,-2.563,2.868,-0.06445,1.02880,0.07080,29.18
$IMU,26907.141,-1.831,-2.746,2.868,-0.06201,1.03271,0.07080,29.18
$IMU,26907.144,-2.075,-2.807,2.685,-0.05908,1.04345,0.07324,29.18
$IMU,26907.146,-2.441,-3.051,2.502,-0.05175,1.05419,0.07177,29.18
$MAG,26907.148,-0.525,-0.529,-0.411,28.1
$IMU,26907.148,-2.685,-3.295,2.441,-0.04980,1.06298,0.07812,29.18
$IMU,26907.151,-2.929,-3.662,2.258,-0.04638,1.05908,0.07958,29.18
$IMU,26907.153,-3.112,-3.967,1.953,-0.04541,1.05566,0.08105,29.18
$IMU,26907.155,-3.234,-4.150,1.892,-0.04589,1.04394,0.07617,29.18
$HUM,26907.156,34.5,29.4
$MAG,26907.158,-0.531,-0.531,-0.411,28.1
$IMU,26907.158,-3.356,-4.211,1.770,-0.04394,1.03417,0.07568,29.18
$IMU,26907.160,-3.051,-4.394,1.770,-0.03955,1.02246,0.07763,29.18
$IMU,26907.162,-2.685,-4.760,2.014,-0.04248,1.01904,0.07763,29.18
$IMU,26907.165,-2.502,-4.943,2.197,-0.04101,1.02392,0.07373,29.18
$IMU,26907.167,-2.441,-5.126,2.502,-0.04345,1.02050,0.07470,29.18
$MAG,26907.168,-0.532,-0.535,-0.405,28.0
$IMU,26907.169,-2.502,-4.577,2.868,-0.04882,1.02099,0.07763,29.15
$IMU,26907.172,-2.319,-4.333,2.990,-0.04785,1.01660,0.07470,29.15
$IMU,26907.174,-2.258,-4.333,3.112,-0.04931,1.01904,0.08056,29.15
$IMU,26907.176,-2.258,-4.638,3.479,-0.04541,1.01660,0.08105,29.15
$MAG,26907.178,-0.525,-0.528,-0.409,27.7
$IMU,26907.179,-2.136,-4.882,3.845,-0.04687,1.02001,0.07958,29.15
$BARO,26907.180,86862.14,28.94
$IMU,26907.181,-2.014,-5.004,4.272,-0.04638,1.02050,0.07275,29.15
$IMU,26907.183,-1.892,-4.760,4.577,-0.04736,1.02246,0.08007,29.15
$IMU,26907.186,-2.014,-4.699,4.821,-0.04052,1.02343,0.08154,29.15
$IMU,26907.188,-1.953,-4.455,4.943,-0.04052,1.02392,0.08203,29.17
$MAG,26907.188,-0.534,-0.531,-0.400,28.0
$IMU,26907.190,-1.892,-4.333,5.126,-0.03222,1.02539,0.08593,29.17
$IMU,26907.193,-1.708,-4.211,5.371,-0.02880,1.02587,0.08496,29.17
$IMU,26907.195,-1.708,-4.089,5.554,-0.02880,1.02978,0.08398,29.17
$IMU,26907.197,-1.647,-3.723,5.676,-0.02050,1.03613,0.08398,29.17
$MAG,26907.198,-0.526,-0.543,-0.408,28.0
$IMU,26907.200,-1.403,-3.356,5.615,-0.01660,1.03857,0.08056,29.17
$IMU,26907.202,-1.464,-3.051,5.554,-0.01855,1.03759,0.07470,29.17
$IMU,26907.205,-1.647,-2.868,5.554,-0.01416,1.02929,0.07568,29.17
$IMU,26907.207,-2.014,-2.746,5.737,-0.02050,1.02294,0.08154,29.16
$MAG,26907.208,-0.522,-0.526,-0.408,27.8
$IMU,26907.209,-2.319,-2.685,5.798,-0.02050,1.02197,0.07958,29.16
$IMU,26907.212,-2.319,-2.502,5.615,-0.02148,1.02929,0.07812,29.16
$IMU,26907.214,-2.136,-2.502,5.432,-0.03173,1.02880,0.07324,29.16
$IMU,26907.216,-1.708,-2.380,5.004,-0.04003,1.02880,0.07226,29.16
$MAG,26907.219,-0.534,-0.520,-0.402,28.0
$IMU,26907.219,-1.220,-2.014,4.455,-0.04296,1.02539,0.07421,29.16
$IMU,26907.221,-0.793,-1.953,3.967,-0.04541,1.02246,0.07324,29.16
$IMU,26907.223,-0.549,-1.953,3.540,-0.04199,1.01416,0.07373,29.16
$IMU,26907.226,-0.183,-1.953,3.295,-0.04248,1.00683,0.07177,29.19
$IMU,26907.228,0.122,-2.075,2.929,-0.04541,1.00146,0.07031,29.19
$MAG,26907.229,-0.528,-0.528,-0.418,28.0
$IMU,26907.230,0.305,-2.136,2.746,-0.05175,0.99804,0.07031,29.19
$TIME,26907.231,510822.000,2399
$IMU,26907.233,0.244,-2.075,2.563,-0.05273,0.99755,0.06640,29.19
$IMU,26907.235,0.122,-2.136,2.380,-0.05615,0.99365,0.06542,29.19
$IMU,26907.237,0.122,-2.014,2.014,-0.06103,0.99023,0.06738,29.19
$MAG,26907.239,-0.526,-0.528,-0.409,27.8
$IMU,26907.240,0.122,-2.014,1.586,-0.05957,0.98535,0.06591,29.19
$IMU,26907.242,0.183,-2.014,1.159,-0.05712,0.98095,0.06298,29.19
$IMU,26907.244,0.122,-1.953,0.671,-0.05712,0.97851,0.06201,29.17
$IMU,26907.247,-0.061,-2.136,0.183,-0.06250,0.97705,0.06445,29.17
$MAG,26907.249,-0.528,-0.531,-0.400,28.1
$IMU,26907.249,-0.183,-2.319,-0.061,-0.06250,0.98046,0.06347,29.17
$IMU,26907.251,-0.366,-2.075,-0.244,-0.06494,0.98730,0.06298,29.17
$IMU,26907.254,-0.610,-2.075,-0.610,-0.06884,0.99414,0.06201,29.17
$IMU,26907.256,-0.915,-1.953,-1.037,-0.07031,0.99316,0.05761,29.17
$IMU,26907.258,-1.159,-1.464,-1.647,-0.07275,0.98486,0.05371,29.17
$MAG,26907.259,-0.535,-0.537,-0.411,28.1
$IMU,26907.261,-1.525,-1.281,-2.075,-0.07275,0.97802,0.05175,29.17
$IMU,26907.263,-1.892,-0.915,-2.197,-0.07910,0.96630,0.04785,29.19
$IMU,26907.266,-2.258,-0.305,-2.319,-0.07958,0.96679,0.04541,29.19
$IMU,26907.268,-2.563,-0.305,-2.563,-0.08593,0.96289,0.04931,29.19
$MAG,26907.269,-0.522,-0.529,-0.409,28.1
$IMU,26907.270,-2.929,-0.610,-2.807,-0.08935,0.95849,0.04541,29.19
$IMU,26907.273,-3.417,-0.366,-2.746,-0.09521,0.95507,0.04199,29.19
$IMU,26907.275,-3.784,-0.488,-2.807,-0.10107,0.95410,0.03564,29.19
$IMU,26907.277,-3.845,-0.732,-2.868,-0.09863,0.95214,0.03808,29.19
$MAG,26907.279,-0.526,-0.532,-0.408,28.0
$IMU,26907.280,-4.089,-0.732,-3.051,-0.10156,0.95458,0.04248,29.19
$BARO,26907.281,86869.38,28.94
$IMU,26907.282,-4.516,-0.976,-3.295,-0.09619,0.94970,0.04003,29.19
$IMU,26907.284,-5.065,-1.098,-3.417,-0.09765,0.94628,0.03613,29.19
$IMU,26907.287,-5.371,-1.342,-3.479,-0.09716,0.94677,0.03906,29.19
$MAG,26907.289,-0.531,-0.534,-0.406,28.1
$IMU,26907.289,-5.493,-1.770,-3.662,-0.09375,0.95068,0.04003,29.19
$IMU,26907.291,-5.676,-2.380,-3.845,-0.09472,0.95166,0.03662,29.19
$IMU,26907.294,-5.981,-2.746,-3.784,-0.08593,0.94921,0.03271,29.19
$IMU,26907.296,-6.103,-3.356,-3.723,-0.08203,0.94482,0.02880,29.19
$IMU,26907.298,-6.042,-3.845,-3.662,-0.07568,0.93847,0.02929,29.19
$MAG,26907.299,-0.520,-0.529,-0.409,28.1
$IMU,26907.301,-5.859,-4.455,-3.601,-0.07275,0.94189,0.03027,29.21
$IMU,26907.303,-5.554,-4.882,-3.601,-0.06933,0.94775,0.03564,29.21
$IMU,26907.305,-4.943,-5.187,-3.967,-0.06787,0.95166,0.04345,29.21
$IMU,26907.308,-4.577,-5.187,-4.394,-0.06298,0.95654,0.04687,29.21
$MAG,26907.309,-0.531,-0.537,-0.403,27.8
$IMU,26907.310,-4.089,-5.493,-4.577,-0.05957,0.95605,0.04687,29.21
$IMU,26907.312,-3.723,-5.798,-4.943,-0.05908,0.96093,0.05175,29.21
$IMU,26907.315,-3.356,-6.042,-5.065,-0.05957,0.96240,0.04785,29.21
$IMU,26907.317,-2.929,-6.713,-5.065,-0.06640,0.95947,0.04296,29.21
$MAG,26907.319,-0.526,-0.525,-0.403,28.0
$IMU,26907.319,-2.502,-6.958,-5.065,-0.07324,0.95605,0.03759,29.16
$IMU,26907.322,-1.953,-6.896,-4.943,-0.07958,0.95654,0.03906,29.16
$IMU,26907.324,-0.732,-6.896,-4.760,-0.08642,0.96142,0.03466,29.16
$IMU,26907.327,0.915,-6.652,-4.333,-0.09423,0.99072,0.04394,29.16
$IMU,26907.329,2.075,-6.652,-4.272,-0.10009,1.01708,0.06298,29.16
$MAG,26907.330,-0.526,-0.525,-0.408,27.8
$IMU,26907.331,2.746,-6.713,-4.211,-0.10693,1.03662,0.07373,29.16
$IMU,26907.334,3.234,-6.774,-3.662,-0.10498,1.04638,0.06738,29.16
$IMU,26907.336,3.906,-7.080,-3.112,-0.10253,1.04589,0.06250,29.16
$IMU,26907.338,4.699,-7.385,-2.502,-0.09619,1.02880,0.06591,29.16
$MAG,26907.340,-0.531,-0.531,-0.406,28.1
$IMU,26907.341,5.310,-7.690,-1.647,-0.08837,1.01953,0.06591,29.16
$IMU,26907.343,5.615,-8.056,-0.610,-0.08154,1.01562,0.06982,29.16
$IMU,26907.345,6.042,-8.300,0.366,-0.07421,1.02832,0.07324,29.16
$IMU,26907.348,6.286,-8.483,1.342,-0.07031,1.04882,0.07910,29.16
$MAG,26907.350,-0.526,-0.534,-0.405,27.7
$IMU,26907.350,6.347,-8.728,2.136,-0.07177,1.06103,0.07666,29.16
$IMU,26907.352,6.408,-8.728,2.868,-0.07275,1.08105,0.08349,29.16
$IMU,26907.355,6.469,-8.605,3.417,-0.07714,1.09130,0.08593,29.16
$IMU,26907.357,6.225,-8.300,3.845,-0.07568,1.10058,0.08886,29.19
$IMU,26907.359,5.859,-8.117,3.967,-0.07568,1.09912,0.09277,29.19
$MAG,26907.360,-0.537,-0.531,-0.409,28.0
$IMU,26907.362,5.432,-7.690,3.906,-0.06884,1.09863,0.09326,29.19
$IMU,26907.364,5.065,-7.446,3.784,-0.06689,1.09716,0.08740,29.19
$IMU,26907.366,4.577,-7.568,3.662,-0.06738,1.09228,0.07910,29.19
$IMU,26907.369,3.967,-7.263,3.479,-0.06103,1.08593,0.06835,29.19
$MAG,26907.370,-0.526,-0.532,-0.403,28.0
$IMU,26907.371,3.479,-6.896,3.234,-0.06787,1.08300,0.06347,29.19
