$FLYS,1
$VAR,FIRMWARE_VER,v2024.12.30
$VAR,DEVICE_ID,0017003b3253501720373657
$VAR,SESSION_ID,b95240970f9bf7ee209e825c
$COL,BARO,time,pressure,temperature
$UNIT,BARO,s,Pa,deg C
$COL,HUM,time,humidity,temperature
$UNIT,HUM,s,percent,deg C
$COL,MAG,time,x,y,z,temperature
$UNIT,MAG,s,gauss,gauss,gauss,deg C
$COL,IMU,time,wx,wy,wz,ax,ay,az,temperature
$UNIT,IMU,s,deg/s,deg/s,deg/s,g,g,g,deg C
$COL,TIME,time,tow,week
$UNIT,TIME,s,s,
$COL,VBAT,time,voltage
$UNIT,VBAT,s,volt
$DATA
$IMU,26835.106,10.620,-24.536,-27.832,0.39404,0.74658,0.15283,27.76
$IMU,26835.109,-8.605,-15.502,-13.122,0.47753,0.89892,0.20312,27.76
$IMU,26835.111,-1.525,0.061,-1.342,0.44677,0.90234,0.21972,27.76
$IMU,26835.113,3.784,-3.723,-0.305,0.41601,0.92529,0.20751,27.76
$IMU,26835.116,16.479,-8.544,-12.695,0.38037,0.93310,0.21044,27.76
$IMU,26835.118,6.286,-7.812,-12.634,0.34179,0.93115,0.20361,27.76
$IMU,26835.120,0.549,-6.774,-6.103,0.30224,0.94189,0.18554,27.76
$IMU,26835.123,-6.347,-6.591,1.037,0.28271,0.95654,0.18505,28.15
$IMU,26835.125,-2.502,-28.259,-22.644,0.27783,0.95410,0.18017,28.15
$IMU,26835.128,0.244,-49.560,-42.968,0.29150,0.95312,0.16796,28.15
$IMU,26835.130,-5.065,-57.617,-43.945,0.29736,0.94433,0.14501,28.15
$IMU,26835.132,-9.948,-65.612,-43.273,0.30810,0.93798,0.13427,28.15
$IMU,26835.135,-14.892,-73.669,-41.320,0.33886,0.94677,0.11669,28.15
$IMU,26835.137,-20.446,-82.031,-40.039,0.35986,0.96435,0.10644,28.15
$IMU,26835.139,-26.489,-89.843,-38.574,0.35888,0.99218,0.10644,28.15
$IMU,26835.142,-33.203,-97.351,-37.963,0.33398,1.01269,0.11083,28.17
$IMU,26835.144,-41.931,-103.637,-37.597,0.28173,1.00732,0.13232,28.17
$IMU,26835.146,-57.617,-106.201,-32.958,0.16162,1.00146,0.14843,28.17
$IMU,26835.149,-65.673,-110.168,-39.672,0.21240,0.95263,0.07568,28.17
$IMU,26835.151,-66.101,-113.098,-44.738,0.21435,0.94970,0.09863,28.17
$IMU,26835.153,-66.040,-114.074,-48.278,0.23486,0.94873,0.09472,28.17
$IMU,26835.156,-65.368,-113.952,-50.292,0.24755,0.92724,0.06152,28.17
$IMU,26835.158,-65.063,-113.525,-53.405,0.23193,0.90917,0.08593,28.17
$IMU,26835.160,-66.223,-110.107,-58.898,0.22802,0.89941,0.08447,28.21
$IMU,26835.163,-68.237,-106.384,-64.270,0.24267,0.89208,0.09228,28.21
$IMU,26835.165,-68.176,-100.830,-69.030,0.25488,0.87890,0.07031,28.21
$IMU,26835.167,-65.612,-93.200,-72.265,0.25585,0.88769,0.08886,28.21
$IMU,26835.170,-64.147,-83.068,-75.134,0.22656,0.88085,0.07031,28.21
$IMU,26835.172,-62.133,-74.279,-78.491,0.22607,0.85205,0.04541,28.21
$IMU,26835.174,-57.495,-66.833,-80.932,0.23925,0.85693,0.05224,28.21
$IMU,26835.177,-51.757,-59.509,-82.397,0.27050,0.85302,0.02636,28.21
$IMU,26835.179,-43.701,-54.138,-83.190,0.31591,0.83886,0.00146,28.20
$IMU,26835.181,-32.348,-50.903,-83.312,0.36035,0.83251,0.00048,28.20
$IMU,26835.184,-21.545,-49.682,-82.580,0.37939,0.83544,0.00195,28.20
$IMU,26835.186,-13.061,-50.537,-82.031,0.37548,0.85302,0.02392,28.20
$IMU,26835.188,-4.150,-50.170,-82.092,0.37841,0.89404,0.04931,28.20
$IMU,26835.191,5.859,-45.532,-81.726,0.36621,0.91601,0.05371,28.20
$IMU,26835.193,15.319,-39.123,-81.237,0.31933,0.96630,0.08007,28.20
$IMU,26835.196,20.751,-34.729,-81.298,0.28613,0.98339,0.11279,28.20
$IMU,26835.198,24.841,-28.625,-81.726,0.27099,0.98779,0.13916,28.21
$IMU,26835.200,26.428,-23.071,-82.153,0.24755,0.99609,0.15771,28.21
$IMU,26835.203,28.503,-16.845,-82.519,0.27490,1.01269,0.12890,28.21
$IMU,26835.205,32.287,-12.451,-80.871,0.28027,1.02685,0.12500,28.21
$IMU,26835.207,37.597,-10.559,-77.026,0.28125,1.01855,0.12158,28.21
$IMU,26835.210,42.175,-11.108,-72.814,0.23437,1.03906,0.15771,28.21
$IMU,26835.212,43.457,-13.000,-71.533,0.18457,1.02636,0.17431,28.21
$IMU,26835.214,44.250,-14.648,-71.777,0.16162,1.01660,0.20996,28.21
$IMU,26835.217,43.090,-15.625,-71.594,0.16162,1.03466,0.20312,28.22
$IMU,26835.219,41.381,-16.540,-72.631,0.13281,1.04150,0.19580,28.22
$IMU,26835.221,40.283,-17.028,-73.730,0.13134,1.05712,0.16601,28.22
$IMU,26835.224,38.085,-21.179,-72.387,0.15380,1.07617,0.17431,28.22
$IMU,26835.226,35.217,-26.428,-72.509,0.26464,1.05957,0.17089,28.22
$IMU,26835.228,33.508,-29.479,-71.899,0.33300,1.04687,0.18750,28.22
$IMU,26835.231,30.639,-31.799,-70.495,0.33447,1.04150,0.19628,28.22
$IMU,26835.233,25.695,-32.714,-70.800,0.33544,1.03076,0.20361,28.22
$IMU,26835.235,14.221,-34.423,-76.232,0.29541,0.97363,0.22753,28.22
$IMU,26835.238,2.746,-30.883,-85.144,0.33251,0.99414,0.17138,28.22
$IMU,26835.240,-1.831,-28.198,-84.960,0.29003,0.96630,0.17333,28.22
$IMU,26835.242,-5.126,-28.869,-84.350,0.23730,0.89599,0.13085,28.22
$IMU,26835.245,-7.446,-29.357,-86.547,0.16992,0.88671,0.15087,28.22
$IMU,26835.247,-10.009,-32.348,-89.843,0.19775,0.92187,0.10644,28.22
$IMU,26835.249,-9.216,-33.142,-89.172,0.20458,0.95312,0.14160,28.22
$IMU,26835.252,-11.352,-36.560,-88.134,0.21289,0.97363,0.15429,28.22
$IMU,26835.254,-13.549,-37.597,-86.914,0.20605,1.00683,0.15380,28.22
$IMU,26835.257,-15.930,-40.222,-84.838,0.17822,1.01904,0.16796,28.22
$IMU,26835.259,-19.958,-45.166,-83.618,0.19628,1.02832,0.15673,28.22
$IMU,26835.261,-21.972,-46.752,-82.763,0.21679,1.02685,0.18310,28.22
$IMU,26835.264,-24.047,-47.058,-83.129,0.21972,1.00195,0.18994,28.22
$IMU,26835.266,-25.817,-46.386,-84.045,0.20117,1.00781,0.19726,28.22
$IMU,26835.268,-27.709,-47.119,-85.632,0.19140,1.00341,0.19287,28.22
$IMU,26835.271,-28.503,-45.227,-87.097,0.17138,0.99218,0.16650,28.22
$IMU,26835.273,-26.855,-43.579,-86.914,0.11865,0.98876,0.11279,28.25
$IMU,26835.275,-21.850,-41.015,-86.486,0.09277,0.97949,0.00048,28.25
$IMU,26835.278,-14.160,-39.062,-85.998,0.03662,1.03662,0.01806,28.25
$IMU,26835.280,-7.934,-40.527,-85.205,0.01171,1.06445,0.02490,28.25
$IMU,26835.282,0.122,-41.564,-83.801,-0.00683,1.08349,0.00927,28.25
$IMU,26835.285,7.751,-41.442,-83.251,-0.00634,1.12060,-0.00195,28.25
$IMU,26835.287,14.404,-40.161,-83.129,-0.03515,1.12695,0.01123,28.25
$IMU,26835.289,18.859,-40.161,-83.190,-0.04980,1.14208,0.02880,28.25
$IMU,26835.292,23.193,-38.757,-82.885,-0.06738,1.13183,0.03613,28.22
$IMU,26835.294,26.672,-37.170,-82.275,-0.06250,1.13330,0.04101,28.22
$IMU,26835.296,30.578,-32.165,-81.848,-0.08496,1.12451,0.08203,28.22
$IMU,26835.299,32.836,-29.052,-81.115,-0.07031,1.09082,0.10400,28.22
$IMU,26835.301,34.301,-27.526,-79.895,-0.02783,1.07958,0.14355,28.22
$IMU,26835.303,35.217,-22.521,-78.186,0.05761,1.03222,0.14892,28.22
$IMU,26835.306,35.705,-16.906,-75.073,0.03515,1.03857,0.22802,28.22
$IMU,26835.308,33.081,-14.343,-71.044,0.07324,1.03466,0.25439,28.22
$IMU,26835.310,29.418,-10.559,-67.504,0.09033,1.04687,0.28417,28.18
$IMU,26835.313,25.817,-7.446,-64.086,0.11083,1.05761,0.30419,28.18
$IMU,26835.315,23.071,-3.723,-61.462,0.11718,1.07666,0.31103,28.18
$IMU,26835.318,21.179,-2.380,-59.692,0.11328,1.10009,0.31152,28.18
$IMU,26835.320,19.775,-4.394,-58.105,0.13867,1.10253,0.29785,28.18
$IMU,26835.322,18.920,-6.469,-56.030,0.14990,1.10986,0.32275,28.18
$IMU,26835.325,18.371,-10.253,-53.161,0.14013,1.14453,0.35351,28.18
$IMU,26835.327,18.249,-14.038,-48.461,0.15087,1.16601,0.35693,28.18
$IMU,26835.329,18.615,-18.188,-42.480,0.17871,1.16113,0.32958,28.25
$IMU,26835.332,20.690,-22.033,-35.705,0.16845,1.19873,0.29833,28.25
$IMU,26835.334,23.010,-27.221,-28.320,0.14013,1.23144,0.28466,28.25
$IMU,26835.336,26.000,-32.897,-21.545,0.14843,1.25830,0.23730,28.25
$IMU,26835.339,29.479,-38.818,-14.282,0.14648,1.29199,0.20898,28.25
$IMU,26835.341,32.165,-44.067,-6.713,0.11230,1.27343,0.21728,28.25
$IMU,26835.343,32.287,-47.729,-3.662,0.05175,1.23193,0.22216,28.25
$BARO,26835.346,86870.45,28.51
$IMU,26835.346,29.418,-49.987,-6.652,0.02832,1.23291,0.18505,28.25
$IMU,26835.348,24.963,-50.964,-11.901,0.04199,1.22802,0.12548,28.27
$IMU,26835.350,19.714,-50.964,-16.662,0.04980,1.23681,0.08398,28.27
$MAG,26835.352,-0.363,-0.466,-0.621,-12.0
$IMU,26835.353,13.488,-50.659,-21.179,0.05322,1.24414,0.05273,28.27
$IMU,26835.355,6.103,-50.781,-25.634,0.06298,1.23144,0.03466,28.27
$IMU,26835.357,-0.366,-51.208,-29.418,0.07519,1.20849,0.01220,28.27
$IMU,26835.360,-5.187,-52.978,-31.799,0.08691,1.21972,-0.01855,28.27
$MAG,26835.362,-0.402,-0.510,-0.673,27.2
$IMU,26835.362,-8.728,-55.541,-33.081,0.08837,1.17480,-0.01611,28.27
$IMU,26835.364,-8.728,-59.020,-33.020,0.06347,1.12011,-0.03125,28.27
$IMU,26835.367,-5.004,-63.842,-31.616,0.10205,1.09667,-0.06152,28.25
$IMU,26835.369,4.821,-72.021,-26.062,0.22998,0.94580,-0.26269,28.25
$IMU,26835.371,29.602,-89.538,-13.610,0.23925,0.85400,-0.35839,28.25
$MAG,26835.372,-0.408,-0.507,-0.673,27.2
$IMU,26835.374,62.438,-109.436,-1.403,0.18945,0.84912,-0.29296,28.25
$IMU,26835.376,91.491,-123.962,5.432,0.03125,0.92822,-0.06542,28.25
$IMU,26835.379,106.201,-127.868,4.333,-0.07958,1.00830,0.09814,28.25
$IMU,26835.381,106.384,-122.802,0.061,0.00488,1.10644,0.14550,28.25
$MAG,26835.382,-0.415,-0.511,-0.658,27.2
$IMU,26835.383,98.754,-112.731,-1.464,0.00878,1.06054,0.08496,28.25
$IMU,26835.386,95.031,-106.018,3.112,0.04736,0.98144,-0.02783,28.28
$IMU,26835.388,98.754,-101.928,10.375,0.03906,0.94189,-0.06103,28.28
$IMU,26835.390,108.398,-99.670,17.211,0.01269,0.89355,-0.06640,28.28
$HUM,26835.391,34.0,28.9
$MAG,26835.392,-0.415,-0.526,-0.652,27.3
$IMU,26835.393,123.779,-102.111,26.306,-0.04638,0.76416,-0.12402,28.28
$IMU,26835.395,140.869,-107.055,37.048,-0.03125,0.85400,-0.01757,28.28
$IMU,26835.397,156.555,-103.393,39.428,0.02587,0.90136,0.01416,28.28
$IMU,26835.400,169.982,-97.717,39.306,0.05322,0.88769,-0.00146,28.28
$MAG,26835.402,-0.424,-0.520,-0.640,27.2
$IMU,26835.402,180.664,-91.796,39.489,0.06005,0.94726,0.01855,28.28
$IMU,26835.404,185.546,-85.510,39.672,0.03857,0.98535,0.06250,28.30
$IMU,26835.407,183.959,-78.247,40.527,0.02587,0.94580,0.13281,28.30
$IMU,26835.409,167.114,-61.340,33.569,0.13818,1.98583,0.58203,28.30
$IMU,26835.411,120.666,-33.264,5.371,0.15429,2.00488,0.24804,28.30
$MAG,26835.413,-0.430,-0.517,-0.624,27.2
$IMU,26835.414,87.707,-22.338,-13.488,-0.04248,1.28173,-0.07812,28.30
$IMU,26835.416,75.195,-22.583,-13.916,-0.04687,1.05078,-0.07910,28.30
$IMU,26835.418,70.983,-18.859,-13.061,0.06054,1.27880,0.01660,28.30
$IMU,26835.421,68.054,-12.878,-15.563,0.06689,1.16552,-0.08398,28.30
$MAG,26835.423,-0.427,-0.528,-0.613,27.2
$IMU,26835.423,68.969,-10.620,-18.066,0.04248,1.00439,-0.06250,28.29
$IMU,26835.425,72.509,-10.009,-16.235,0.03808,0.94775,-0.09033,28.29
$IMU,26835.428,76.660,-9.338,-15.319,0.08154,1.00976,-0.04687,28.29
$IMU,26835.430,77.087,-7.568,-19.409,0.14794,1.17773,-0.04589,28.29
$IMU,26835.432,73.913,-7.629,-25.878,0.17822,1.16845,-0.06982,28.29
$MAG,26835.433,-0.421,-0.538,-0.618,27.2
$IMU,26835.435,69.641,-9.521,-29.541,0.16650,1.09277,-0.07910,28.29
$IMU,26835.437,65.551,-13.122,-29.357,0.22412,1.13330,-0.04638,28.29
$IMU,26835.440,59.814,-15.136,-27.099,0.17529,1.15087,-0.02929,28.29
$IMU,26835.442,56.762,-20.019,-26.367,0.07080,1.02050,-0.08154,28.21
$MAG,26835.443,-0.438,-0.540,-0.606,27.3
$IMU,26835.444,59.692,-26.794,-23.803,0.08398,0.88183,-0.08349,28.21
$BARO,26835.447,86861.43,28.50
$IMU,26835.447,61.462,-28.869,-18.920,0.18994,0.96875,0.01171,28.21
$IMU,26835.449,59.326,-28.076,-15.563,0.12841,1.03857,-0.04443,28.21
$IMU,26835.451,57.922,-29.235,-15.441,0.10839,1.03466,0.00244,28.21
$MAG,26835.453,-0.430,-0.543,-0.600,27.5
$IMU,26835.454,55.236,-28.686,-15.502,0.09619,1.02978,-0.06738,28.21
$IMU,26835.456,56.152,-30.334,-16.967,0.10009,1.04492,-0.09570,28.21
$IMU,26835.458,56.457,-31.188,-16.784,0.14746,1.05371,-0.03125,28.21
$IMU,26835.461,53.710,-29.479,-14.404,0.16455,1.01904,-0.07128,28.27
$MAG,26835.463,-0.420,-0.532,-0.588,27.2
$IMU,26835.463,49.377,-27.893,-9.155,0.16650,1.02490,-0.02880,28.27
$IMU,26835.465,42.175,-26.123,-3.051,0.12841,1.06884,-0.06933,28.27
$IMU,26835.468,34.667,-27.465,0.915,0.07763,1.12890,-0.05712,28.27
$IMU,26835.470,26.245,-28.747,3.234,0.04296,1.11083,-0.07080,28.27
$IMU,26835.472,20.812,-31.921,4.577,0.00878,1.07470,-0.12353,28.27
$MAG,26835.473,-0.421,-0.541,-0.586,27.3
$IMU,26835.475,19.531,-35.278,4.943,0.04882,1.06689,-0.08447,28.27
$IMU,26835.477,18.249,-36.437,5.676,0.09423,1.06445,-0.08544,28.27
$IMU,26835.479,17.578,-38.208,7.141,0.09619,1.06542,-0.08496,28.27
$IMU,26835.482,16.662,-38.452,8.666,0.14404,1.06738,-0.03076,28.27
$MAG,26835.483,-0.427,-0.549,-0.586,27.2
$IMU,26835.484,14.160,-35.400,13.183,0.18505,1.09570,-0.02099,28.27
$IMU,26835.486,13.366,-31.066,17.639,0.06201,1.14599,-0.06201,28.27
$IMU,26835.489,13.366,-31.311,17.822,0.01904,1.09472,-0.05322,28.27
$IMU,26835.491,11.291,-33.691,17.028,0.04541,1.05517,-0.05615,28.27
$MAG,26835.493,-0.426,-0.541,-0.589,27.3
$IMU,26835.493,9.704,-34.362,15.808,0.02880,1.02832,-0.07324,28.27
$IMU,26835.496,9.155,-35.339,12.756,0.03125,1.00683,-0.08056,28.27
$IMU,26835.498,8.422,-34.606,10.437,0.08544,1.00000,-0.08154,28.28
$IMU,26835.501,7.995,-30.822,9.277,0.08691,0.98535,-0.08105,28.28
$MAG,26835.503,-0.424,-0.540,-0.582,27.3
$IMU,26835.503,7.263,-26.733,8.911,0.07373,0.98193,-0.10449,28.28
$IMU,26835.505,5.371,-23.498,7.568,0.08398,0.97412,-0.12695,28.28
$IMU,26835.508,4.150,-20.202,7.751,0.10058,0.98876,-0.13525,28.28
$IMU,26835.510,0.915,-16.540,7.324,0.00244,1.04736,-0.10595,28.28
$IMU,26835.512,-3.295,-14.282,2.563,-0.02587,1.01318,-0.11816,28.28
$MAG,26835.513,-0.423,-0.543,-0.571,27.2
$IMU,26835.515,-7.263,-11.962,-0.671,0.06835,1.00195,-0.09960,28.28
$IMU,26835.517,-11.840,-8.056,-2.258,0.01025,1.02001,-0.06738,28.28
$IMU,26835.519,-16.357,-5.004,-6.408,0.07128,0.98779,-0.08056,28.28
$IMU,26835.522,-18.127,-1.159,-8.361,0.05078,0.98730,-0.06298,28.28
$MAG,26835.523,-0.432,-0.541,-0.576,27.2
$IMU,26835.524,-21.423,2.380,-12.390,0.01611,1.00781,-0.06103,28.28
$IMU,26835.526,-23.986,4.028,-16.540,0.07324,0.96142,-0.12646,28.28
$IMU,26835.529,-24.597,3.540,-18.371,0.07031,0.96728,-0.12500,28.28
$IMU,26835.531,-24.475,2.807,-21.057,0.04345,0.94873,-0.14746,28.28
$IMU,26835.533,-22.338,1.953,-23.010,0.04638,0.95947,-0.12646,28.28
$MAG,26835.534,-0.433,-0.535,-0.588,27.3
$IMU,26835.536,-21.606,0.488,-25.573,0.04052,0.95312,-0.11328,28.26
$IMU,26835.538,-22.705,0.671,-28.259,0.03320,0.94726,-0.10058,28.26
$IMU,26835.540,-24.475,2.075,-30.639,0.00537,0.93017,-0.11230,28.26
$IMU,26835.543,-24.658,3.723,-28.198,0.13378,0.90234,-0.16699,28.26
$MAG,26835.544,-0.426,-0.547,-0.591,27.2
$IMU,26835.545,-21.972,6.225,-13.671,0.11132,0.96484,-0.10498,28.26
$IMU,26835.547,-23.132,8.728,-3.112,0.03173,1.01904,-0.09033,28.26
$BARO,26835.549,86866.35,28.51
$IMU,26835.550,-24.658,11.169,-1.770,-0.05126,0.99462,-0.11132,28.26
$IMU,26835.552,-26.733,11.962,-3.967,0.00781,0.96240,-0.12744,28.26
$MAG,26835.554,-0.424,-0.529,-0.582,27.3
$IMU,26835.554,-28.320,12.939,-3.967,0.05126,0.99316,-0.14013,28.29
$IMU,26835.557,-29.602,14.770,-2.624,0.01171,1.00244,-0.09521,28.29
$IMU,26835.559,-31.616,17.883,-1.770,0.09326,0.95019,-0.10058,28.29
$IMU,26835.561,-31.250,19.958,2.502,0.05712,0.98144,-0.08496,28.29
$MAG,26835.564,-0.429,-0.540,-0.598,27.5
$IMU,26835.564,-30.273,19.531,2.075,0.13134,1.01562,-0.12939,28.29
$IMU,26835.566,-28.198,15.625,1.403,0.11425,1.05175,-0.07958,28.29
$IMU,26835.569,-27.587,13.183,2.502,0.12988,1.02246,-0.11767,28.29
$IMU,26835.571,-25.207,10.009,4.577,0.11425,1.04443,-0.10449,28.29
$IMU,26835.573,-23.986,6.774,3.601,0.08007,1.07910,-0.10205,28.25
$MAG,26835.574,-0.427,-0.541,-0.597,27.5
$IMU,26835.576,-23.742,3.356,0.915,0.05517,1.03710,-0.11328,28.25
$IMU,26835.578,-23.315,0.122,0.610,0.07373,1.03125,-0.08837,28.25
$IMU,26835.580,-22.644,-1.831,2.624,0.18896,1.03173,-0.07958,28.25
$IMU,26835.583,-21.240,-2.807,5.004,0.13623,1.06542,-0.07421,28.25
$MAG,26835.584,-0.426,-0.541,-0.601,27.3
$IMU,26835.585,-20.202,-5.432,2.441,0.10546,1.05078,-0.05761,28.25
$IMU,26835.587,-18.798,-7.446,0.671,0.14160,1.04345,-0.06201,28.25
$IMU,26835.590,-17.211,-8.300,0.915,0.13037,1.04589,-0.07080,28.25
$IMU,26835.592,-15.258,-8.911,2.502,0.16113,1.01220,-0.06201,28.29
$MAG,26835.594,-0.427,-0.540,-0.597,27.5
$IMU,26835.594,-13.122,-8.850,3.662,0.10546,1.01660,-0.04394,28.29
$IMU,26835.597,-12.634,-9.704,1.159,0.03906,1.01416,-0.04638,28.29
$IMU,26835.599,-12.390,-11.047,-0.915,0.09228,0.99804,-0.06250,28.29
$IMU,26835.601,-11.474,-10.681,0.915,0.04931,1.03271,-0.05908,28.29
$MAG,26835.604,-0.433,-0.532,-0.603,27.5
$IMU,26835.604,-11.718,-10.681,0.183,0.00830,1.03320,-0.05615,28.29
$IMU,26835.606,-11.840,-10.253,0.244,0.07031,1.00048,-0.04589,28.29
$IMU,26835.608,-11.779,-8.605,0.976,0.07177,1.02587,-0.06005,28.29
$IMU,26835.611,-11.657,-7.507,0.549,0.09667,1.02441,-0.07519,28.29
$IMU,26835.613,-10.803,-7.141,0.183,0.07470,1.03125,-0.06542,28.29
$MAG,26835.614,-0.427,-0.537,-0.597,27.3
$IMU,26835.615,-9.765,-6.958,-0.610,0.08544,1.02929,-0.06347,28.29
$IMU,26835.618,-8.544,-6.103,-0.366,0.13378,1.02148,-0.06396,28.29
$IMU,26835.620,-7.324,-4.699,1.098,0.12109,1.03027,-0.06054,28.29
$IMU,26835.622,-6.164,-4.272,1.586,0.12011,1.01513,-0.06250,28.29
$MAG,26835.624,-0.426,-0.537,-0.606,27.3
$IMU,26835.625,-4.943,-3.662,2.136,0.07861,1.02978,-0.05761,28.29
$IMU,26835.627,-4.150,-4.516,-0.244,0.05029,1.03564,-0.06054,28.29
$IMU,26835.630,-3.601,-6.042,-2.014,0.05371,1.01660,-0.05908,28.28
$IMU,26835.632,-3.112,-5.859,-0.915,0.09326,1.00341,-0.05175,28.28
$MAG,26835.634,-0.427,-0.532,-0.604,27.3
$IMU,26835.634,-2.014,-4.272,0.671,0.10986,1.00878,-0.03613,28.28
$IMU,26835.637,-0.854,-2.319,0.366,0.11767,1.02539,-0.03955,28.28
$IMU,26835.639,-0.244,-0.488,-0.671,0.09619,1.07226,-0.07470,28.28
$IMU,26835.641,-1.098,-0.061,-1.342,0.06933,1.10742,-0.09375,28.28
$MAG,26835.644,-0.438,-0.534,-0.601,27.3
$IMU,26835.644,-2.929,-0.061,-1.342,0.05761,1.09619,-0.08544,28.28
$IMU,26835.646,-4.516,-0.061,-1.098,0.04833,1.07080,-0.07128,28.28
$IMU,26835.648,-5.859,-0.122,-0.915,0.04003,1.05224,-0.06933,28.30
$BARO,26835.650,86867.82,28.51
$IMU,26835.651,-6.774,-0.244,-0.610,0.03076,1.04833,-0.07763,28.30
$IMU,26835.653,-7.995,-0.061,-0.183,0.03369,1.04882,-0.07812,28.30
$MAG,26835.655,-0.421,-0.535,-0.606,27.3
$IMU,26835.655,-9.033,-0.061,0.061,0.02929,1.03955,-0.07714,28.30
$IMU,26835.658,-9.948,0.061,0.671,0.02685,1.02880,-0.07080,28.30
$IMU,26835.660,-10.864,0.061,1.159,0.04052,1.01953,-0.07470,28.30
$IMU,26835.662,-12.084,0.122,1.525,0.03662,0.99365,-0.06787,28.30
$MAG,26835.665,-0.421,-0.534,-0.606,27.2
$IMU,26835.665,-13.000,0.122,1.892,0.04003,0.97314,-0.06201,28.30
$IMU,26835.667,-13.610,0.061,2.136,0.04736,0.95849,-0.05126,28.28
$IMU,26835.669,-13.610,-0.061,2.197,0.04150,0.94091,-0.04150,28.28
$IMU,26835.672,-13.183,0.061,2.380,0.04296,0.93945,-0.03906,28.28
$IMU,26835.674,-12.268,0.061,2.319,0.04833,0.92724,-0.03271,28.28
$MAG,26835.675,-0.433,-0.531,-0.610,27.3
$IMU,26835.676,-11.047,-0.061,2.136,0.05566,0.93066,-0.03417,28.28
$IMU,26835.679,-10.070,-0.061,1.647,0.05957,0.92285,-0.03808,28.28
$IMU,26835.681,-9.216,-0.061,0.976,0.05468,0.91259,-0.04150,28.28
$IMU,26835.683,-8.605,0.061,0.671,0.04492,0.90283,-0.04541,28.28
$MAG,26835.685,-0.435,-0.535,-0.607,27.2
$IMU,26835.686,-7.995,0.122,0.610,0.03759,0.90869,-0.05566,28.27
$IMU,26835.688,-7.873,0.061,0.976,0.02587,0.93310,-0.06982,28.27
$IMU,26835.691,-8.239,0.183,1.953,0.01513,0.94628,-0.07373,28.27
$IMU,26835.693,-8.666,0.305,3.356,0.01464,0.96386,-0.07714,28.27
$MAG,26835.695,-0.429,-0.529,-0.609,27.3
$IMU,26835.695,-9.094,0.488,4.211,0.01953,0.97802,-0.07128,28.27
$IMU,26835.698,-9.094,0.610,4.699,0.02539,0.99218,-0.06787,28.27
$IMU,26835.700,-8.728,0.793,4.699,0.02734,1.00634,-0.06298,28.27
$IMU,26835.702,-8.178,0.976,4.699,0.03271,1.01806,-0.06201,28.27
$IMU,26835.705,-7.751,1.892,4.455,0.01416,1.04833,-0.05419,28.26
$MAG,26835.705,-0.436,-0.535,-0.601,27.5
$IMU,26835.707,-7.507,6.103,1.892,-0.06933,1.07617,-0.00927,28.26
$IMU,26835.709,-8.178,14.526,-2.990,-0.08447,1.05908,0.01220,28.26
$IMU,26835.712,-9.399,20.568,-2.990,-0.04003,1.04736,-0.02001,28.26
$IMU,26835.714,-11.108,22.216,0.305,-0.02880,1.07861,-0.04248,28.26
$MAG,26835.715,-0.426,-0.522,-0.606,27.2
$IMU,26835.716,-13.122,21.728,1.098,0.00292,1.06542,-0.07226,28.26
$IMU,26835.719,-14.221,19.958,1.464,0.05175,1.04345,-0.06787,28.26
$IMU,26835.721,-15.014,17.700,1.770,0.06201,1.05371,-0.06591,28.26
$IMU,26835.723,-15.319,15.014,1.708,0.11816,1.03466,-0.09179,28.28
$MAG,26835.725,-0.429,-0.538,-0.615,27.3
$IMU,26835.726,-14.526,10.986,3.601,0.10595,1.05712,-0.05664,28.28
$IMU,26835.728,-15.991,8.544,1.159,0.06005,1.07128,-0.01953,28.28
$IMU,26835.730,-17.761,8.789,-2.197,0.05810,1.04833,-0.02001,28.28
$IMU,26835.733,-19.226,9.521,-2.502,0.06591,1.03515,-0.03417,28.28
$MAG,26835.735,-0.424,-0.532,-0.612,27.3
$IMU,26835.735,-19.287,8.972,-0.244,0.10351,1.01953,-0.05761,28.28
$IMU,26835.737,-18.554,7.141,2.136,0.07861,1.02880,-0.04345,28.28
$IMU,26835.740,-18.798,6.896,-0.305,0.04736,1.03417,-0.02294,28.28
$IMU,26835.742,-18.371,7.812,-2.258,0.09814,1.00244,-0.04736,28.25
$IMU,26835.744,-16.845,7.568,-0.549,0.08837,1.01318,-0.04541,28.25
$MAG,26835.745,-0.439,-0.522,-0.618,27.6
$IMU,26835.747,-16.235,6.713,-0.122,0.07226,1.00781,-0.03808,28.25
$IMU,26835.749,-15.869,6.408,-0.610,0.05615,0.99707,-0.02978,28.25
$BARO,26835.752,86868.38,28.51
$IMU,26835.752,-15.380,6.652,-1.770,0.04833,1.00146,-0.02539,28.25
$IMU,26835.754,-14.587,6.652,-1.892,0.07763,0.99511,-0.03369,28.25
$MAG,26835.755,-0.430,-0.534,-0.618,27.6
$IMU,26835.756,-13.488,5.493,-0.366,0.08251,0.98974,-0.03710,28.25
$IMU,26835.759,-12.451,4.028,0.305,0.08789,0.98046,-0.04052,28.25
$IMU,26835.761,-11.291,2.502,0.122,0.09765,0.97949,-0.03515,28.27
$IMU,26835.763,-10.131,1.647,-0.183,0.10546,0.99072,-0.03320,28.27
$MAG,26835.766,-0.414,-0.531,-0.610,27.3
$IMU,26835.766,-8.544,0.427,-0.610,0.10400,0.99462,-0.02294,28.27
$IMU,26835.768,-6.835,-0.061,-1.586,0.08642,1.00390,-0.00390,28.27
$IMU,26835.770,-4.882,-0.122,-2.990,0.07470,0.99316,0.00390,28.27
$IMU,26835.773,-2.929,-0.183,-3.540,0.05322,0.96630,0.01367,28.27
$IMU,26835.775,-1.342,-0.183,-2.990,0.03125,0.95654,0.00781,28.27
$MAG,26835.776,-0.421,-0.534,-0.607,27.6
$IMU,26835.777,0.183,-0.122,-1.647,0.02929,0.95605,0.00000,28.27
$IMU,26835.780,1.342,0.000,-0.366,0.03759,0.97363,-0.00634,28.32
$IMU,26835.782,2.197,-0.183,0.244,0.03955,1.02832,-0.02246,28.32
$IMU,26835.784,2.685,-0.183,0.549,0.04687,1.04492,-0.02246,28.32
$MAG,26835.786,-0.418,-0.525,-0.624,27.3
$IMU,26835.787,3.051,-0.061,0.366,0.05371,1.03564,-0.02392,28.32
$IMU,26835.789,3.479,-0.183,-0.183,0.05322,1.02441,-0.02099,28.32
$IMU,26835.791,3.967,0.000,-0.549,0.04931,1.02685,-0.01660,28.32
$IMU,26835.794,4.516,0.122,-0.732,0.04638,1.03076,-0.01904,28.32
$MAG,26835.796,-0.420,-0.531,-0.622,27.3
$IMU,26835.796,5.065,-0.122,-0.732,0.04980,1.03271,-0.02392,28.32
$IMU,26835.798,5.371,-0.183,-0.793,0.05664,1.03515,-0.02490,28.28
$IMU,26835.801,5.676,-0.061,-1.281,0.06005,1.03808,-0.03027,28.28
$IMU,26835.803,5.798,-0.183,-1.647,0.05224,1.02832,-0.03466,28.28
$IMU,26835.805,5.859,-0.122,-1.586,0.04394,1.01757,-0.03564,28.28
$MAG,26835.806,-0.426,-0.526,-0.619,27.5
$IMU,26835.808,5.859,-0.244,-1.281,0.04101,1.00390,-0.03906,28.28
$IMU,26835.810,5.859,-0.244,-1.159,0.03955,1.00195,-0.03759,28.28
$IMU,26835.813,5.798,-0.305,-1.220,0.04443,1.00000,-0.03710,28.28
$IMU,26835.815,6.042,-0.305,-1.464,0.05175,1.00488,-0.03613,28.28
$MAG,26835.816,-0.424,-0.526,-0.618,27.5
$IMU,26835.817,6.164,-0.061,-1.770,0.05273,1.00927,-0.03417,28.27
$IMU,26835.820,6.591,-0.183,-1.953,0.04833,1.01269,-0.03710,28.27
$IMU,26835.822,6.896,-0.183,-2.075,0.04150,1.01123,-0.03808,28.27
$IMU,26835.824,6.835,-0.244,-1.892,0.04003,1.01123,-0.03759,28.27
$MAG,26835.826,-0.427,-0.529,-0.619,27.5
$IMU,26835.827,6.652,-0.122,-1.708,0.04150,1.00927,-0.04248,28.27
$IMU,26835.829,6.591,-0.122,-1.586,0.03906,1.00683,-0.04638,28.27
$IMU,26835.831,6.225,-0.122,-1.464,0.04443,1.00341,-0.04833,28.27
$IMU,26835.834,5.859,-0.061,-1.464,0.04345,1.00244,-0.05126,28.27
$MAG,26835.836,-0.424,-0.526,-0.613,27.5
$IMU,26835.836,5.371,-0.061,-1.403,0.04150,1.00537,-0.05517,28.30
$IMU,26835.838,4.821,-0.183,-1.220,0.04199,1.00244,-0.05273,28.30
$IMU,26835.841,4.028,-0.061,-1.037,0.04443,0.99902,-0.05566,28.30
$IMU,26835.843,3.234,-0.061,-0.854,0.04541,0.99609,-0.05615,28.30
$IMU,26835.845,2.319,-0.244,-0.732,0.04736,0.99414,-0.05664,28.30
$MAG,26835.846,-0.427,-0.514,-0.615,27.3
$IMU,26835.848,1.220,-0.122,-0.671,0.04541,0.99707,-0.05859,28.30
$IMU,26835.850,0.000,0.000,-0.732,0.04736,0.99609,-0.06054,28.30
$IMU,26835.852,-1.159,-0.183,-0.549,0.04394,0.99609,-0.06054,28.30
$BARO,26835.853,86860.77,28.51
$IMU,26835.855,-2.502,-0.061,-0.305,0.04443,0.99658,-0.05859,28.27
$MAG,26835.856,-0.424,-0.529,-0.606,27.5
$IMU,26835.857,-3.784,-0.061,0.000,0.04443,0.99902,-0.05615,28.27
$IMU,26835.859,-5.187,-0.061,0.244,0.04443,1.00195,-0.05957,28.27
$IMU,26835.862,-6.530,-0.122,0.488,0.04345,1.00781,-0.05615,28.27
$IMU,26835.864,-7.995,0.000,0.671,0.04736,1.00585,-0.05859,28.27
$MAG,26835.866,-0.421,-0.535,-0.622,27.6
$IMU,26835.866,-9.338,-0.122,0.732,0.04492,1.00830,-0.05664,28.27
$IMU,26835.869,-10.681,-0.122,0.732,0.04541,1.00537,-0.05810,28.27
$IMU,26835.871,-12.084,0.000,0.854,0.04687,1.00781,-0.05517,28.27
$IMU,26835.874,-13.305,-0.122,0.915,0.05126,1.00634,-0.05761,28.30
$MAG,26835.876,-0.415,-0.534,-0.612,27.6
$IMU,26835.876,-14.648,-0.122,1.037,0.05078,1.01074,-0.05664,28.30
$IMU,26835.878,-15.930,-0.061,1.037,0.05322,1.01904,-0.05712,28.30
$IMU,26835.881,-17.272,0.000,0.976,0.05175,1.01757,-0.05810,28.30
$IMU,26835.883,-18.615,-0.183,0.793,0.04785,1.02148,-0.05664,28.30
$IMU,26835.885,-20.324,-0.122,0.854,0.05126,1.02099,-0.05566,28.30
$MAG,26835.887,-0.427,-0.520,-0.618,27.5
$IMU,26835.888,-21.911,0.122,0.976,0.05078,1.02099,-0.05468,28.30
$IMU,26835.890,-23.498,0.000,1.037,0.04833,1.02148,-0.05273,28.30
$IMU,26835.892,-25.329,-0.061,1.220,0.05224,1.02294,-0.04980,28.29
$IMU,26835.895,-27.221,-0.122,1.281,0.05175,1.02587,-0.04248,28.29
$MAG,26835.897,-0.427,-0.528,-0.627,27.5
$IMU,26835.897,-28.808,-0.061,1.220,0.05126,1.02294,-0.02978,28.29
$IMU,26835.899,-29.663,-0.183,1.098,0.05224,1.01660,-0.01708,28.29
$IMU,26835.902,-29.968,-0.244,1.037,0.05566,1.02197,0.00000,28.29
$IMU,26835.904,-29.174,-0.427,1.037,0.04687,1.01464,0.01806,28.29
$IMU,26835.906,-27.587,-0.244,1.159,0.04736,1.01171,0.03613,28.29
$MAG,26835.907,-0.424,-0.526,-0.618,27.3
$IMU,26835.909,-24.719,-0.366,1.281,0.04638,1.00781,0.05126,28.29
$IMU,26835.911,-20.874,-0.244,1.159,0.04785,1.00878,0.06054,28.30
$IMU,26835.913,-16.235,-0.244,0.976,0.04882,1.01269,0.06347,28.30
$IMU,26835.916,-11.169,-0.366,0.732,0.05224,1.01708,0.06298,28.30
$MAG,26835.917,-0.423,-0.529,-0.622,27.3
$IMU,26835.918,-5.920,-0.427,0.305,0.05126,1.01562,0.05859,28.30
$IMU,26835.920,-0.976,-0.366,-0.061,0.05029,1.01806,0.05371,28.30
$IMU,26835.923,3.540,-0.244,-0.549,0.04980,1.01806,0.04443,28.30
$IMU,26835.925,7.812,-0.244,-0.915,0.04687,1.02001,0.03857,28.30
$MAG,26835.927,-0.429,-0.529,-0.631,27.3
$IMU,26835.927,11.779,-0.244,-1.281,0.04638,1.02099,0.03320,28.30
$IMU,26835.930,15.075,-0.366,-1.403,0.04589,1.01708,0.02880,28.33
$IMU,26835.932,17.700,-0.366,-1.464,0.04638,1.01220,0.01904,28.33
$IMU,26835.934,19.775,-0.183,-1.586,0.04199,1.00927,0.01513,28.33
$MAG,26835.937,-0.424,-0.528,-0.621,27.5
$IMU,26835.937,21.545,-0.244,-1.464,0.04052,1.00292,0.00585,28.33
$IMU,26835.939,22.827,-0.305,-1.403,0.04394,0.99755,-0.00341,28.33
$IMU,26835.942,23.620,-0.427,-1.342,0.04003,0.99169,-0.01269,28.33
$IMU,26835.944,24.047,-0.427,-1.159,0.04345,0.99072,-0.01904,28.33
$IMU,26835.946,23.925,-0.488,-0.976,0.04687,0.99072,-0.02734,28.33
$MAG,26835.947,-0.438,-0.528,-0.615,27.5
$IMU,26835.949,23.742,-0.244,-0.976,0.04833,0.99365,-0.03613,28.36
$IMU,26835.951,23.559,-0.305,-1.037,0.05029,0.99560,-0.03710,28.36
$IMU,26835.953,22.949,-0.610,-1.281,0.05175,0.99707,-0.03808,28.36
$BARO,26835.955,86870.45,28.51
$IMU,26835.956,22.155,-0.488,-1.525,0.05371,1.00048,-0.04541,28.36
$MAG,26835.957,-0.430,-0.534,-0.616,27.5
$IMU,26835.958,21.118,-0.427,-1.770,0.05078,0.99755,-0.04443,28.36
$IMU,26835.960,20.080,-0.488,-1.831,0.04785,0.99462,-0.05126,28.36
$IMU,26835.963,19.042,-0.427,-1.708,0.04248,1.00195,-0.05273,28.36
$IMU,26835.965,18.005,-0.305,-1.342,0.04101,1.00439,-0.05566,28.36
$MAG,26835.967,-0.432,-0.531,-0.624,27.3
$IMU,26835.967,16.723,-0.549,-1.037,0.04394,1.01025,-0.05517,28.32
$IMU,26835.970,15.380,-0.488,-0.976,0.04736,1.01464,-0.05761,28.32
$IMU,26835.972,13.732,-0.366,-1.098,0.05175,1.01855,-0.05859,28.32
$IMU,26835.974,12.207,-0.244,-1.281,0.04980,1.02343,-0.05859,28.32
$MAG,26835.977,-0.417,-0.525,-0.616,27.5
$IMU,26835.977,10.864,-0.183,-1.342,0.04882,1.01953,-0.06103,28.32
$IMU,26835.979,9.460,-0.305,-1.342,0.04882,1.01904,-0.05761,28.32
$IMU,26835.981,8.117,-0.366,-1.159,0.04492,1.01416,-0.05615,28.32
$IMU,26835.984,6.652,-0.244,-0.976,0.04541,1.01513,-0.05908,28.32
$IMU,26835.986,5.249,-0.183,-0.854,0.04638,1.00976,-0.06054,28.30
$MAG,26835.987,-0.427,-0.534,-0.613,27.5
$IMU,26835.988,4.089,-0.183,-0.793,0.04833,1.01220,-0.06152,28.30
$IMU,26835.991,3.234,-0.183,-0.793,0.04785,1.01660,-0.05908,28.30
$IMU,26835.993,2.197,-0.427,-0.793,0.04541,1.01464,-0.06201,28.30
$IMU,26835.995,0.976,-0.305,-0.732,0.04638,1.00927,-0.05957,28.30
$MAG,26835.998,-0.426,-0.535,-0.625,27.5
$IMU,26835.998,-0.061,-0.244,-0.610,0.04541,1.00537,-0.05859,28.30
$IMU,26836.000,-1.037,-0.244,-0.366,0.04492,1.00390,-0.06054,28.30
$IMU,26836.003,-2.136,-0.305,-0.305,0.04541,1.00537,-0.05957,28.30
$IMU,26836.005,-3.234,-0.183,-0.305,0.04492,1.00341,-0.05664,28.28
$IMU,26836.007,-4.333,-0.183,-0.244,0.04785,1.00292,-0.05615,28.28
$MAG,26836.008,-0.426,-0.534,-0.624,27.3
$IMU,26836.010,-5.310,-0.061,-0.244,0.04736,1.00537,-0.05712,28.28
$IMU,26836.012,-5.981,-0.122,-0.244,0.04589,1.00976,-0.05322,28.28
$IMU,26836.014,-6.774,-0.183,-0.122,0.04296,1.01220,-0.05371,28.28
$IMU,26836.017,-7.629,-0.244,0.183,0.04150,1.01464,-0.04980,28.28
$MAG,26836.018,-0.424,-0.523,-0.618,27.5
$IMU,26836.019,-8.483,-0.061,0.427,0.04541,1.01464,-0.04785,28.28
$IMU,26836.021,-9.521,-0.122,0.488,0.04394,1.01074,-0.04882,28.28
$IMU,26836.024,-10.498,-0.305,0.610,0.03955,1.01171,-0.05175,28.30
$IMU,26836.026,-11.291,-0.183,0.671,0.04492,1.00976,-0.05273,28.30
$MAG,26836.028,-0.432,-0.529,-0.612,27.5
$IMU,26836.028,-12.084,-0.061,0.732,0.04150,1.01806,-0.05029,28.30
$IMU,26836.031,-12.512,-0.183,0.915,0.04589,1.01855,-0.05175,28.30
$IMU,26836.033,-13.000,0.061,1.098,0.04882,1.02490,-0.04736,28.30
$IMU,26836.035,-13.305,-0.244,1.098,0.05322,1.02685,-0.04638,28.30
$MAG,26836.038,-0.426,-0.538,-0.621,27.5
$IMU,26836.038,-13.854,-0.061,0.976,0.05419,1.02197,-0.04199,28.30
$IMU,26836.040,-14.221,0.000,0.854,0.05029,1.01708,-0.03662,28.30
$IMU,26836.042,-14.709,0.000,0.610,0.04736,1.01025,-0.03515,28.27
$IMU,26836.045,-15.014,0.000,0.610,0.04833,1.00537,-0.03759,28.27
$IMU,26836.047,-15.197,-0.122,0.793,0.04980,1.00537,-0.03222,28.27
$MAG,26836.048,-0.430,-0.534,-0.618,27.6
$IMU,26836.049,-15.258,-0.061,0.976,0.04931,1.00683,-0.03320,28.27
$IMU,26836.052,-15.380,0.122,0.915,0.05273,1.00390,-0.03125,28.27
$IMU,26836.054,-15.502,0.122,0.793,0.05517,1.00292,-0.03125,28.27
$BARO,26836.056,86858.97,28.51
$IMU,26836.056,-15.686,0.183,0.427,0.05761,1.00146,-0.03027,28.27
$MAG,26836.058,-0.427,-0.529,-0.610,27.6
$IMU,26836.059,-15.930,0.061,0.000,0.05322,1.00000,-0.02832,28.27
$IMU,26836.061,-16.296,0.122,-0.244,0.04687,0.99169,-0.03125,28.37
$IMU,26836.064,-16.723,0.000,-0.183,0.04541,0.99316,-0.02832,28.37
$IMU,26836.066,-17.272,0.000,0.122,0.04052,0.99951,-0.03076,28.37
$MAG,26836.068,-0.426,-0.523,-0.624,27.3
$IMU,26836.068,-18.005,0.183,0.366,0.04296,1.00634,-0.03076,28.37
$IMU,26836.071,-18.432,-0.122,0.549,0.04394,1.00732,-0.03271,28.37
$IMU,26836.073,-19.226,0.000,0.610,0.04736,1.01074,-0.03222,28.37
$IMU,26836.075,-20.019,-0.061,0.549,0.04980,1.01611,-0.03076,28.37
$MAG,26836.078,-0.420,-0.526,-0.622,27.5
$IMU,26836.078,-20.874,-0.061,0.427,0.04687,1.01367,-0.02978,28.37
$IMU,26836.080,-21.362,0.000,0.427,0.04101,1.01171,-0.03076,28.32
$IMU,26836.082,-21.850,-0.061,0.549,0.04345,1.01660,-0.02343,28.32
$IMU,26836.085,-22.338,0.000,0.854,0.04296,1.01757,-0.02343,28.32
$IMU,26836.087,-22.705,-0.061,1.098,0.04296,1.01611,-0.02636,28.32
$MAG,26836.088,-0.424,-0.529,-0.627,27.6
$IMU,26836.089,-22.705,0.000,1.098,0.04443,1.01855,-0.02294,28.32
$IMU,26836.092,-22.399,0.061,0.915,0.04589,1.01562,-0.02294,28.32
$IMU,26836.094,-21.667,0.122,0.610,0.04687,1.01611,-0.02050,28.32
$IMU,26836.096,-20.751,0.244,0.366,0.04345,1.01806,-0.01562,28.32
$MAG,26836.098,-0.423,-0.526,-0.622,27.5
$IMU,26836.099,-19.714,0.122,0.366,0.04199,1.01660,-0.00634,28.31
$IMU,26836.101,-19.165,0.183,0.488,0.03564,1.02001,-0.00195,28.31
$IMU,26836.103,-18.737,0.061,0.671,0.03125,1.02148,0.00097,28.31
$IMU,26836.106,-18.371,0.122,1.159,0.03417,1.02636,0.00390,28.31
$VBAT,26836.107,4.130
$IMU,26836.108,-17.883,-0.061,1.586,0.03906,1.02490,0.00537,28.31
$MAG,26836.109,-0.424,-0.531,-0.627,27.3
$IMU,26836.110,-17.150,-0.122,1.708,0.04394,1.02197,0.00244,28.31
$IMU,26836.113,-16.357,0.000,1.708,0.04492,1.01855,-0.00146,28.31
$IMU,26836.115,-15.441,0.061,1.525,0.04443,1.01416,-0.00683,28.31
$IMU,26836.117,-14.526,0.061,1.281,0.04492,1.00537,-0.00292,28.35
$MAG,26836.119,-0.429,-0.525,-0.630,27.5
$IMU,26836.120,-13.977,0.122,1.281,0.04003,1.00830,-0.00097,28.35
$IMU,26836.122,-13.916,0.122,1.464,0.03564,1.01318,-0.00634,28.35
$IMU,26836.125,-14.038,0.000,1.953,0.03710,1.02099,-0.00976,28.35
$IMU,26836.127,-14.343,0.000,2.502,0.03710,1.01464,-0.01953,28.35
$MAG,26836.129,-0.441,-0.526,-0.625,27.5
$IMU,26836.129,-14.648,0.183,2.746,0.04052,1.01416,-0.02197,28.35
$IMU,26836.132,-15.258,-0.061,2.746,0.04687,1.01757,-0.02441,28.35
$IMU,26836.134,-16.296,0.122,2.746,0.05078,1.01611,-0.02978,28.35
$IMU,26836.136,-17.150,0.122,2.685,0.03955,1.01513,-0.03271,28.34
$MAG,26836.139,-0.438,-0.526,-0.630,27.6
$IMU,26836.139,-18.432,0.000,2.685,0.04003,1.01562,-0.03271,28.34
$IMU,26836.141,-19.714,0.122,2.929,0.04052,1.01318,-0.03320,28.34
$IMU,26836.143,-21.057,0.183,3.356,0.03808,1.02880,-0.03222,28.34
$IMU,26836.146,-22.766,0.122,3.662,0.03857,1.03710,-0.03076,28.34
$IMU,26836.148,-24.414,0.305,4.089,0.04199,1.04589,-0.03076,28.34
$MAG,26836.149,-0.429,-0.531,-0.642,27.3
$IMU,26836.150,-25.939,0.366,4.394,0.04345,1.04345,-0.02441,28.34
$IMU,26836.153,-27.526,0.000,4.455,0.04736,1.03613,-0.02099,28.34
$IMU,26836.155,-28.991,0.244,4.394,0.04541,1.03271,-0.01611,28.32
$IMU,26836.157,-30.151,0.305,4.516,0.04492,1.02783,-0.00634,28.32
$BARO,26836.158,86868.42,28.51
$MAG,26836.159,-0.432,-0.522,-0.640,27.3
$IMU,26836.160,-31.005,0.061,4.821,0.04443,1.02929,-0.00146,28.32
$IMU,26836.162,-31.555,0.183,5.126,0.04394,1.02832,0.00683,28.32
$IMU,26836.164,-32.043,0.244,5.187,0.04833,1.02636,0.01171,28.32
$IMU,26836.167,-32.287,0.122,5.004,0.05029,1.02050,0.01464,28.32
$MAG,26836.169,-0.427,-0.522,-0.639,27.6
$IMU,26836.169,-32.165,0.183,4.943,0.05175,1.02441,0.02197,28.32
$IMU,26836.171,-32.165,0.427,5.004,0.04980,1.02294,0.02832,28.32
$IMU,26836.174,-31.677,0.183,4.882,0.05468,1.01953,0.03173,28.25
$IMU,26836.176,-30.944,0.122,4.821,0.05712,1.01562,0.03613,28.25
$IMU,26836.178,-30.212,0.244,4.638,0.06542,1.00146,0.04150,28.25
$MAG,26836.179,-0.436,-0.528,-0.637,27.6
$IMU,26836.181,-29.357,0.244,4.272,0.06250,0.99316,0.04687,28.25
$IMU,26836.183,-28.320,0.305,3.845,0.06298,0.98828,0.05273,28.25
$IMU,26836.186,-27.282,0.305,3.417,0.06445,0.97802,0.05566,28.25
$IMU,26836.188,-26.245,0.244,2.929,0.06640,0.97460,0.05859,28.25
$MAG,26836.189,-0.420,-0.525,-0.649,27.6
$IMU,26836.190,-24.780,0.305,2.624,0.06201,0.97509,0.06689,28.25
$IMU,26836.193,-23.315,0.427,2.563,0.06250,0.98046,0.07177,28.34
$IMU,26836.195,-21.423,0.305,2.380,0.06152,0.98193,0.07617,28.34
$IMU,26836.197,-19.470,0.366,2.258,0.05566,0.98876,0.08251,28.34
$MAG,26836.199,-0.433,-0.514,-0.655,27.6
$IMU,26836.200,-17.211,0.244,1.953,0.05957,0.99169,0.08593,28.34
$IMU,26836.202,-14.831,0.122,1.647,0.06298,0.99169,0.08789,28.34
$IMU,26836.204,-12.512,0.122,1.342,0.06103,0.99169,0.08642,28.34
$IMU,26836.207,-10.253,0.183,1.037,0.06054,0.98925,0.08642,28.34
$MAG,26836.209,-0.435,-0.513,-0.646,27.5
$IMU,26836.209,-8.300,0.061,0.793,0.06347,0.98925,0.08447,28.34
$IMU,26836.211,-6.591,-0.061,0.610,0.06005,0.98681,0.07861,28.33
$IMU,26836.214,-5.249,0.061,0.488,0.05810,0.98876,0.06787,28.33
$IMU,26836.216,-4.333,-0.122,0.305,0.05859,0.98876,0.05957,28.33
$IMU,26836.218,-4.150,-0.061,0.305,0.05908,0.98925,0.05029,28.33
$MAG,26836.220,-0.436,-0.519,-0.642,27.3
$IMU,26836.221,-4.394,-0.061,0.244,0.06005,0.98974,0.03857,28.33
$IMU,26836.223,-5.004,-0.122,0.122,0.06201,0.99267,0.03173,28.33
$IMU,26836.225,-5.981,-0.122,-0.061,0.06298,0.99853,0.02392,28.33
$IMU,26836.228,-7.507,0.000,-0.244,0.06250,1.00097,0.01708,28.33
$MAG,26836.230,-0.433,-0.516,-0.652,27.5
$IMU,26836.230,-9.033,-0.122,-0.427,0.06591,1.00683,0.01171,28.32
$IMU,26836.232,-10.803,-0.183,-0.671,0.06250,1.00634,0.01171,28.32
$IMU,26836.235,-12.756,0.122,-0.854,0.06250,1.01318,0.01123,28.32
$IMU,26836.237,-14.709,0.305,-0.854,0.06005,1.01367,0.00732,28.32
$IMU,26836.239,-16.479,0.000,-0.854,0.05566,1.01855,0.01074,28.32
$MAG,26836.240,-0.426,-0.517,-0.655,27.5
$IMU,26836.242,-18.249,0.061,-0.854,0.05273,1.02148,0.01074,28.32
$IMU,26836.244,-19.897,0.183,-0.793,0.05371,1.01855,0.01562,28.32
$IMU,26836.247,-21.179,0.122,-0.671,0.05273,1.02197,0.02197,28.32
$IMU,26836.249,-22.277,0.061,-0.488,0.04882,1.02490,0.02539,28.33
$MAG,26836.250,-0.432,-0.510,-0.649,27.6
$IMU,26836.251,-23.132,0.183,-0.427,0.04931,1.02636,0.03613,28.33
$IMU,26836.254,-23.559,0.122,-0.244,0.04638,1.02929,0.04443,28.33
$IMU,26836.256,-23.498,0.122,-0.061,0.04296,1.03271,0.05078,28.33
$IMU,26836.258,-23.132,0.183,0.122,0.04589,1.03222,0.06054,28.33
$BARO,26836.259,86863.70,28.50
$MAG,26836.260,-0.430,-0.505,-0.658,27.6
$IMU,26836.261,-22.094,0.183,0.061,0.04638,1.03564,0.07031,28.33
$IMU,26836.263,-20.751,0.061,-0.122,0.05175,1.03759,0.07958,28.33
$IMU,26836.265,-19.042,0.061,-0.427,0.05273,1.03759,0.08105,28.33
$IMU,26836.268,-16.723,-0.244,-0.671,0.05175,1.02880,0.08837,28.33
$MAG,26836.270,-0.427,-0.507,-0.660,27.5
$IMU,26836.270,-14.282,-0.305,-0.732,0.04589,1.02392,0.09521,28.33
$IMU,26836.272,-12.023,0.122,-0.671,0.04101,1.01660,0.09667,28.33
$IMU,26836.275,-9.338,0.061,-0.305,0.03857,1.01269,0.09472,28.33
$IMU,26836.277,-6.713,0.183,0.244,0.03613,0.99902,0.09472,28.33
$IMU,26836.279,-3.906,-0.061,0.854,0.03759,0.99951,0.09228,28.33
$MAG,26836.280,-0.429,-0.507,-0.655,27.5
$IMU,26836.282,-1.464,-0.122,1.220,0.04248,0.99902,0.08691,28.33
$IMU,26836.284,0.793,-0.122,1.342,0.04638,0.99804,0.08154,28.33
$IMU,26836.286,2.685,-0.366,1.342,0.04980,0.99951,0.07421,28.34
$IMU,26836.289,4.028,-0.366,1.220,0.05468,0.99902,0.06689,28.34
$MAG,26836.290,-0.433,-0.510,-0.652,27.5
$IMU,26836.291,4.821,-0.061,0.976,0.05712,0.99853,0.06005,28.34
$IMU,26836.293,5.371,-0.183,0.671,0.05957,0.99755,0.05322,28.34
$IMU,26836.296,5.493,-0.366,0.305,0.05810,0.99462,0.04785,28.34
$IMU,26836.298,5.004,0.000,0.183,0.05419,0.99658,0.04150,28.34
$MAG,26836.300,-0.427,-0.511,-0.657,27.5
$IMU,26836.300,4.394,-0.061,0.061,0.05566,0.99658,0.03710,28.34
$IMU,26836.303,3.417,-0.183,-0.061,0.05517,0.99951,0.03564,28.34
$IMU,26836.305,2.258,-0.122,-0.061,0.05517,0.99902,0.02929,28.32
$IMU,26836.307,0.793,-0.061,0.000,0.05468,0.99755,0.02783,28.32
$MAG,26836.310,-0.435,-0.513,-0.657,27.5
$IMU,26836.310,-0.915,0.000,-0.061,0.05712,0.99853,0.02490,28.32
$IMU,26836.312,-2.807,-0.061,-0.122,0.05517,1.00634,0.02490,28.32
$IMU,26836.315,-5.065,0.000,-0.183,0.05810,1.01074,0.02148,28.32
$IMU,26836.317,-7.507,0.000,-0.244,0.06005,1.01562,0.01708,28.32
$IMU,26836.319,-10.009,0.122,-0.427,0.05908,1.02441,0.01708,28.32
$MAG,26836.320,-0.427,-0.513,-0.664,27.5
$IMU,26836.322,-12.817,0.305,-0.549,0.05908,1.02294,0.01660,28.32
$IMU,26836.324,-15.380,0.183,-0.732,0.06054,1.02539,0.01660,28.34
$IMU,26836.326,-18.005,0.122,-0.793,0.06005,1.02783,0.01904,28.34
$IMU,26836.329,-20.507,0.122,-0.915,0.05859,1.03222,0.02343,28.34
$MAG,26836.330,-0.423,-0.513,-0.652,27.5
$IMU,26836.331,-22.888,0.183,-1.037,0.05517,1.02832,0.02783,28.34
$IMU,26836.333,-24.963,0.244,-1.098,0.05322,1.03027,0.03662,28.34
$IMU,26836.336,-26.184,0.244,-0.549,0.03271,1.02734,0.05371,28.34
$IMU,26836.338,-25.817,0.000,0.793,0.02050,1.01660,0.08251,28.34
$IMU,26836.340,-23.620,-0.488,2.685,0.01904,1.00292,0.10058,28.34
$MAG,26836.341,-0.445,-0.501,-0.660,27.5
$IMU,26836.343,-20.690,-0.732,4.089,0.03613,1.00292,0.11865,28.32
$IMU,26836.345,-17.517,0.061,4.760,0.04443,1.01708,0.11865,28.32
$IMU,26836.347,-14.648,-0.183,4.699,0.05957,1.02392,0.11669,28.32
$IMU,26836.350,-12.329,-0.122,3.662,0.07666,1.02099,0.11425,28.32
$MAG,26836.351,-0.432,-0.510,-0.667,27.5
$IMU,26836.352,-10.253,-0.183,1.770,0.08007,1.01220,0.11279,28.32
$IMU,26836.354,-8.361,-0.427,0.366,0.07031,1.00732,0.11132,28.32
$IMU,26836.357,-5.920,-0.488,-0.244,0.05517,1.00390,0.11132,28.32
$IMU,26836.359,-3.479,-0.366,-0.183,0.04980,1.00146,0.10546,28.32
$BARO,26836.361,86877.93,28.50
$MAG,26836.361,-0.433,-0.510,-0.664,27.5
$IMU,26836.361,-1.037,-0.244,0.122,0.04736,0.99072,0.09765,28.35
$IMU,26836.364,1.525,-0.427,0.488,0.04882,0.99218,0.09228,28.35
$IMU,26836.366,3.662,-0.366,0.671,0.05468,1.00048,0.08544,28.35
$IMU,26836.368,5.310,-0.244,0.427,0.06591,1.00195,0.08056,28.35
$MAG,26836.371,-0.427,-0.508,-0.661,27.5
$IMU,26836.371,6.408,-0.122,-0.366,0.07177,0.99658,0.07763,28.35
$IMU,26836.373,7.080,-0.122,-1.281,0.06884,0.99267,0.07275,28.35
$IMU,26836.376,7.629,-0.183,-1.831,0.06347,0.99169,0.07568,28.35
$IMU,26836.378,7.934,-0.122,-2.014,0.06201,0.98876,0.07324,28.35
$IMU,26836.380,8.178,-0.305,-2.014,0.05908,0.98925,0.07031,28.33
$MAG,26836.381,-0.430,-0.502,-0.660,27.6
$IMU,26836.383,8.361,-0.244,-1.892,0.05761,0.99707,0.06787,28.33
$IMU,26836.385,8.361,0.061,-1.770,0.05810,1.00537,0.06542,28.33
$IMU,26836.387,8.239,0.061,-1.708,0.05859,1.01855,0.05957,28.33
$IMU,26836.390,7.812,0.122,-1.831,0.05761,1.02050,0.05126,28.33
$MAG,26836.391,-0.438,-0.507,-0.663,27.5
$IMU,26836.392,6.958,0.000,-1.953,0.05761,1.02246,0.04882,28.33
$IMU,26836.394,5.676,0.000,-1.831,0.05322,1.01953,0.04394,28.33
$IMU,26836.397,4.394,0.000,-1.525,0.04931,1.01660,0.04296,28.33
$IMU,26836.399,2.685,0.061,-1.220,0.04736,1.01708,0.04394,28.33
$MAG,26836.401,-0.433,-0.504,-0.661,27.5
$IMU,26836.401,0.976,0.061,-0.671,0.04345,1.01318,0.04248,28.33
$IMU,26836.404,-0.610,-0.061,-0.183,0.04394,1.01806,0.04443,28.33
$HUM,26836.406,33.8,29.0
$IMU,26836.406,-2.075,0.000,0.244,0.04687,1.02001,0.04394,28.33
$IMU,26836.408,-3.479,0.061,0.549,0.05078,1.02148,0.04443,28.33
$MAG,26836.411,-0.432,-0.508,-0.657,27.6
$IMU,26836.411,-4.272,-0.122,0.610,0.05126,1.02441,0.04882,28.33
$IMU,26836.413,-4.943,-0.122,0.488,0.05615,1.02587,0.05566,28.33
$IMU,26836.415,-5.493,-0.122,0.427,0.05468,1.02783,0.05957,28.33
$IMU,26836.418,-5.493,-0.305,0.366,0.05126,1.02197,0.05957,28.33
$IMU,26836.420,-5.493,-0.061,0.244,0.05224,1.01464,0.06738,28.33
$MAG,26836.421,-0.433,-0.516,-0.660,27.5
$IMU,26836.422,-5.187,-0.183,0.183,0.04882,1.01074,0.06787,28.33
$IMU,26836.425,-4.760,-0.305,0.183,0.04638,1.01025,0.06835,28.33
$IMU,26836.427,-4.394,-0.061,0.305,0.04687,1.00439,0.06640,28.33
$IMU,26836.429,-3.967,-0.183,0.244,0.04980,1.00439,0.06250,28.33
$MAG,26836.431,-0.433,-0.505,-0.667,27.5
$IMU,26836.432,-3.845,-0.305,0.244,0.04785,1.00488,0.05957,28.33
$IMU,26836.434,-3.784,-0.244,0.244,0.05078,1.00585,0.06005,28.33
$IMU,26836.437,-3.723,-0.244,0.244,0.05029,1.00781,0.05908,28.32
$IMU,26836.439,-3.723,-0.305,0.305,0.04931,1.01025,0.05908,28.32
$MAG,26836.441,-0.424,-0.513,-0.663,27.5
$IMU,26836.441,-3.723,-0.305,0.488,0.04541,1.00634,0.05859,28.32
$IMU,26836.444,-3.662,-0.244,0.610,0.04345,1.00732,0.06103,28.32
$IMU,26836.446,-3.540,-0.366,0.793,0.04541,1.00927,0.06347,28.32
$IMU,26836.448,-3.723,-0.244,0.915,0.05126,1.00976,0.06396,28.32
$IMU,26836.451,-3.906,-0.183,0.915,0.05419,1.00830,0.06298,28.32
$MAG,26836.452,-0.427,-0.511,-0.664,27.3
$IMU,26836.453,-4.089,-0.183,0.854,0.05371,1.00878,0.06298,28.32
$IMU,26836.455,-4.516,-0.061,0.793,0.05224,1.01318,0.06347,28.35
$IMU,26836.458,-4.699,-0.244,0.793,0.05419,1.01220,0.06445,28.35
$IMU,26836.460,-5.004,-0.366,0.732,0.05224,1.01220,0.06347,28.35
$BARO,26836.462,86860.67,28.50
$MAG,26836.462,-0.421,-0.501,-0.657,27.5
$IMU,26836.462,-5.432,-0.183,0.976,0.05615,1.01513,0.06054,28.35
$IMU,26836.465,-5.737,-0.122,1.098,0.05566,1.01318,0.06201,28.35
$IMU,26836.467,-5.920,-0.122,1.159,0.05517,1.01562,0.06445,28.35
$IMU,26836.469,-6.225,-0.183,1.220,0.05908,1.01660,0.06787,28.35
$MAG,26836.472,-0.427,-0.510,-0.661,27.6
$IMU,26836.472,-6.591,-0.183,1.159,0.05810,1.01855,0.06494,28.35
$IMU,26836.474,-6.896,-0.244,1.037,0.05859,1.01269,0.06347,28.34
$IMU,26836.476,-7.324,-0.183,0.976,0.05859,1.01562,0.06494,28.34
$IMU,26836.479,-7.751,-0.183,0.976,0.05566,1.01367,0.06542,28.34
$IMU,26836.481,-7.995,-0.366,1.098,0.05712,1.01074,0.06738,28.34
$MAG,26836.482,-0.424,-0.511,-0.672,27.6
$IMU,26836.483,-8.422,-0.305,1.220,0.05566,1.00976,0.06347,28.34
$IMU,26836.486,-8.911,-0.183,1.403,0.05468,1.00830,0.06494,28.34
$IMU,26836.488,-9.216,-0.183,1.525,0.05371,1.00634,0.06542,28.34
$IMU,26836.490,-9.521,-0.183,1.586,0.05468,1.00781,0.06738,28.34
$MAG,26836.492,-0.433,-0.504,-0.661,27.6
$IMU,26836.493,-9.887,-0.122,1.647,0.05615,1.00781,0.06591,28.33
$IMU,26836.495,-10.253,-0.122,1.647,0.05664,1.00732,0.06591,28.33
$IMU,26836.498,-10.559,-0.244,1.708,0.05419,1.00830,0.06298,28.33
$IMU,26836.500,-10.925,-0.183,1.708,0.05615,1.00341,0.06542,28.33
$MAG,26836.502,-0.436,-0.502,-0.669,27.6
$IMU,26836.502,-11.230,-0.061,1.708,0.05468,1.00439,0.06298,28.33
$IMU,26836.505,-11.413,-0.183,1.831,0.05615,1.00585,0.06542,28.33
$IMU,26836.507,-11.718,-0.183,1.892,0.05615,1.00683,0.06591,28.33
$IMU,26836.509,-11.779,-0.183,1.892,0.05712,1.00878,0.07373,28.33
$MAG,26836.512,-0.436,-0.505,-0.667,27.5
$IMU,26836.512,-11.413,-0.183,1.770,0.05810,1.01416,0.08691,28.32
$IMU,26836.514,-10.437,-0.183,1.464,0.05810,1.01025,0.09570,28.32
$IMU,26836.516,-8.911,-0.122,1.098,0.06152,1.01171,0.10546,28.32
$IMU,26836.519,-7.080,-0.061,0.793,0.05566,1.00732,0.11376,28.32
$IMU,26836.521,-4.760,-0.305,0.427,0.05859,1.00244,0.11669,28.32
$MAG,26836.522,-0.436,-0.510,-0.667,27.5
$IMU,26836.523,-2.563,-0.183,0.183,0.05859,1.00683,0.11914,28.32
$IMU,26836.526,-0.427,0.000,-0.061,0.05859,1.00781,0.11767,28.32
$IMU,26836.528,1.770,-0.061,-0.305,0.05859,1.00634,0.11914,28.32
$IMU,26836.530,4.028,-0.061,-0.549,0.05957,1.00537,0.11425,28.35
$MAG,26836.532,-0.432,-0.504,-0.673,27.6
$IMU,26836.533,6.103,-0.061,-0.854,0.05908,1.00683,0.11621,28.35
$IMU,26836.535,8.117,-0.183,-1.342,0.05908,1.00439,0.11083,28.35
$IMU,26836.537,9.948,-0.122,-1.770,0.05908,1.00244,0.10644,28.35
$IMU,26836.540,11.474,0.000,-2.014,0.05908,1.00195,0.09960,28.35
$MAG,26836.542,-0.435,-0.508,-0.669,27.6
$IMU,26836.542,12.878,0.061,-2.197,0.05712,1.00048,0.09619,28.35
$IMU,26836.544,14.038,-0.183,-2.441,0.05859,0.99951,0.08837,28.35
$IMU,26836.547,14.587,-0.244,-2.685,0.06005,0.99609,0.07910,28.35
$IMU,26836.549,14.831,-0.183,-2.868,0.05859,0.99414,0.07568,28.35
$IMU,26836.551,14.709,-0.183,-3.112,0.05957,0.99804,0.06591,28.35
$MAG,26836.552,-0.430,-0.513,-0.667,27.5
$IMU,26836.554,14.343,-0.122,-3.234,0.05664,0.99951,0.06298,28.35
$IMU,26836.556,13.916,-0.061,-3.234,0.05761,1.00048,0.06494,28.35
$IMU,26836.559,13.732,0.061,-3.234,0.05517,1.00341,0.06494,28.35
$IMU,26836.561,13.610,-0.061,-3.112,0.05371,1.00439,0.06494,28.35
$BARO,26836.563,86869.35,28.50
$MAG,26836.563,-0.430,-0.511,-0.661,27.5
$IMU,26836.563,13.366,-0.122,-2.990,0.05419,1.00878,0.06494,28.35
$IMU,26836.566,13.061,0.000,-2.929,0.05224,1.00976,0.06152,28.35
$IMU,26836.568,12.695,0.061,-2.929,0.05517,1.01464,0.06103,28.31
$IMU,26836.570,12.268,0.000,-2.990,0.05175,1.01171,0.06250,28.31
$MAG,26836.573,-0.435,-0.514,-0.660,27.6
$IMU,26836.573,11.779,-0.061,-2.990,0.05175,1.01464,0.06250,28.31
$IMU,26836.575,11.413,-0.183,-2.807,0.05078,1.01513,0.06152,28.31
$IMU,26836.577,10.803,0.000,-2.624,0.04687,1.02001,0.06005,28.31
$IMU,26836.580,10.131,-0.061,-2.380,0.04833,1.02001,0.05517,28.31
$IMU,26836.582,9.216,0.000,-2.014,0.04492,1.01953,0.05273,28.31
$MAG,26836.583,-0.435,-0.507,-0.669,27.6
$IMU,26836.584,7.934,-0.061,-1.586,0.04492,1.02490,0.04443,28.31
$IMU,26836.587,6.469,-0.244,-1.159,0.04492,1.02783,0.04248,28.34
$IMU,26836.589,4.760,-0.183,-0.793,0.04736,1.02490,0.03515,28.34
$IMU,26836.591,2.929,-0.061,-0.488,0.04785,1.02099,0.03173,28.34
$MAG,26836.593,-0.430,-0.511,-0.664,27.6
$IMU,26836.594,1.037,-0.183,-0.244,0.05126,1.02294,0.02978,28.34
$IMU,26836.596,-0.854,-0.061,0.000,0.05371,1.01806,0.02929,28.34
$IMU,26836.598,-2.441,0.000,0.183,0.05029,1.02099,0.03076,28.34
$IMU,26836.601,-3.845,-0.244,0.427,0.05273,1.01562,0.03417,28.34
$MAG,26836.603,-0.433,-0.502,-0.657,27.3
$IMU,26836.603,-5.187,-0.122,0.610,0.05029,1.01464,0.03759,28.34
$IMU,26836.605,-6.164,-0.061,0.732,0.04882,1.01220,0.04248,28.36
$IMU,26836.608,-6.958,-0.122,0.976,0.05126,1.01025,0.04833,28.36
$IMU,26836.610,-7.446,0.000,1.037,0.05078,1.00585,0.05468,28.36
$IMU,26836.612,-7.751,-0.244,1.098,0.04980,1.00195,0.06005,28.36
$MAG,26836.613,-0.429,-0.507,-0.663,27.5
$IMU,26836.615,-7.873,-0.244,1.220,0.05126,1.00537,0.05761,28.36
$IMU,26836.617,-7.995,-0.122,1.220,0.05126,0.99951,0.06054,28.36
$IMU,26836.620,-8.239,-0.122,1.342,0.04980,1.00097,0.05908,28.36
$IMU,26836.622,-8.239,-0.183,1.342,0.04980,1.00341,0.06152,28.36
$MAG,26836.623,-0.432,-0.514,-0.657,27.5
$IMU,26836.624,-8.422,-0.244,1.464,0.05029,1.00537,0.06103,28.37
$IMU,26836.627,-8.544,-0.244,1.586,0.05175,1.00732,0.06250,28.37
$IMU,26836.629,-8.666,-0.183,1.647,0.04833,1.00585,0.06201,28.37
$IMU,26836.631,-8.728,-0.183,1.708,0.05273,1.01123,0.06250,28.37
$MAG,26836.633,-0.432,-0.507,-0.660,27.6
$IMU,26836.634,-9.033,-0.183,1.708,0.05419,1.00830,0.06250,28.37
$IMU,26836.636,-9.277,-0.244,1.831,0.05664,1.01220,0.06445,28.37
$IMU,26836.638,-9.582,-0.122,1.831,0.05273,1.01416,0.06494,28.37
$IMU,26836.641,-10.009,-0.122,1.770,0.05517,1.01416,0.06591,28.37
$MAG,26836.643,-0.433,-0.510,-0.667,27.6
$IMU,26836.643,-10.437,-0.183,1.770,0.05712,1.01562,0.06591,28.38
$IMU,26836.645,-10.864,-0.122,1.953,0.05957,1.01464,0.06738,28.38
$IMU,26836.648,-11.230,-0.183,2.014,0.05712,1.01416,0.06689,28.38
$IMU,26836.650,-11.718,-0.122,2.136,0.05712,1.01513,0.06689,28.38
$IMU,26836.652,-12.207,-0.122,2.136,0.05468,1.01855,0.06591,28.38
$MAG,26836.653,-0.441,-0.508,-0.672,27.5
$IMU,26836.655,-12.695,-0.183,2.075,0.05322,1.02197,0.06884,28.38
$IMU,26836.657,-13.183,-0.122,1.953,0.05517,1.02099,0.06933,28.38
$IMU,26836.659,-13.793,0.000,2.075,0.05419,1.01855,0.06884,28.38
$IMU,26836.662,-14.160,0.000,2.258,0.05273,1.01513,0.06835,28.33
$MAG,26836.663,-0.442,-0.501,-0.673,27.6
$IMU,26836.664,-14.587,-0.183,2.319,0.05029,1.01611,0.06933,28.33
$BARO,26836.665,86860.14,28.49
$IMU,26836.666,-15.075,-0.305,2.502,0.05224,1.00976,0.06982,28.33
$IMU,26836.669,-15.625,-0.183,2.685,0.05468,1.01025,0.06884,28.33
$IMU,26836.671,-16.174,-0.122,2.868,0.05419,1.01074,0.06884,28.33
$IMU,26836.673,-16.784,-0.122,2.929,0.05322,1.00585,0.06835,28.33
$MAG,26836.674,-0.435,-0.502,-0.667,27.6
$IMU,26836.676,-17.211,-0.244,2.929,0.05224,1.00537,0.06884,28.33
$IMU,26836.678,-17.639,-0.305,2.929,0.05126,1.00732,0.06787,28.33
$IMU,26836.680,-18.066,-0.183,2.929,0.05371,1.00732,0.07031,28.35
$IMU,26836.683,-18.493,-0.122,3.173,0.05322,1.00585,0.07177,28.35
$MAG,26836.684,-0.436,-0.510,-0.672,27.5
$IMU,26836.685,-18.798,-0.122,3.234,0.05566,1.00976,0.07080,28.35
$IMU,26836.688,-18.676,0.305,2.807,0.06787,1.01416,0.08154,28.35
$IMU,26836.690,-17.639,0.122,1.708,0.07568,1.01757,0.09863,28.35
$IMU,26836.692,-15.991,0.000,0.305,0.07177,1.00976,0.10888,28.35
$MAG,26836.694,-0.435,-0.501,-0.673,27.6
$IMU,26836.695,-13.854,0.000,-0.793,0.06445,0.99755,0.11572,28.35
$IMU,26836.697,-11.352,0.000,-1.159,0.05273,0.98974,0.12402,28.35
$IMU,26836.699,-8.666,-0.061,-0.732,0.04101,0.98291,0.13330,28.34
$IMU,26836.702,-6.103,-0.183,0.122,0.03857,0.98291,0.13671,28.34
$MAG,26836.704,-0.430,-0.508,-0.672,27.6
$IMU,26836.704,-3.479,0.000,0.793,0.04687,0.98925,0.14013,28.34
$IMU,26836.706,-0.915,0.061,0.793,0.05810,0.99951,0.14208,28.34
$IMU,26836.709,1.647,-0.061,0.244,0.06103,1.00732,0.13671,28.34
$IMU,26836.711,4.028,-0.183,-0.427,0.06005,1.00634,0.13330,28.34
$IMU,26836.713,6.286,-0.122,-0.610,0.05566,1.00585,0.12841,28.34
$MAG,26836.714,-0.433,-0.502,-0.673,27.5
$IMU,26836.716,8.300,-0.305,-0.549,0.05029,1.00683,0.12353,28.34
$IMU,26836.718,9.887,-0.244,-0.244,0.04882,1.00781,0.11816,28.30
$IMU,26836.720,11.047,-0.305,0.305,0.05126,1.01171,0.10937,28.30
$IMU,26836.723,11.718,-0.244,0.549,0.06103,1.01562,0.09960,28.30
$MAG,26836.724,-0.433,-0.496,-0.667,27.7
$IMU,26836.725,11.779,-0.305,0.122,0.06689,1.02343,0.09375,28.30
$IMU,26836.727,11.291,-0.305,-0.488,0.07324,1.02636,0.08203,28.30
$IMU,26836.730,10.192,-0.122,-1.281,0.07226,1.02734,0.07080,28.30
$IMU,26836.732,9.155,-0.244,-1.953,0.07080,1.02392,0.06884,28.30
$MAG,26836.734,-0.432,-0.502,-0.660,27.6
$IMU,26836.734,8.239,-0.183,-2.380,0.06347,1.01513,0.06640,28.30
$IMU,26836.737,7.629,-0.183,-2.197,0.05664,1.00781,0.06738,28.34
$IMU,26836.739,7.141,-0.183,-1.770,0.05468,1.00292,0.06835,28.34
$IMU,26836.741,6.774,-0.244,-1.342,0.05615,1.00439,0.06640,28.34
$MAG,26836.744,-0.439,-0.505,-0.676,27.5
$IMU,26836.744,6.164,0.000,-1.037,0.05810,1.00585,0.07031,28.34
$IMU,26836.746,5.432,0.183,-1.098,0.06103,1.00292,0.06884,28.34
$IMU,26836.749,4.699,0.061,-1.464,0.06591,1.00292,0.06738,28.34
$IMU,26836.751,3.906,-0.061,-1.831,0.06201,1.00048,0.06835,28.34
$IMU,26836.753,3.295,-0.122,-2.014,0.05615,0.99658,0.06787,28.34
$MAG,26836.754,-0.436,-0.505,-0.666,27.6
$IMU,26836.756,2.685,0.000,-1.892,0.04931,0.99365,0.06640,28.35
$IMU,26836.758,2.380,-0.305,-1.464,0.04541,0.99707,0.06982,28.35
$IMU,26836.760,1.953,0.000,-0.976,0.04443,1.00341,0.06787,28.35
$IMU,26836.763,1.770,0.000,-0.671,0.04589,1.00195,0.06689,28.35
$MAG,26836.764,-0.441,-0.507,-0.664,27.6
$IMU,26836.765,1.586,-0.122,-0.549,0.05078,1.00488,0.06640,28.35
$BARO,26836.766,86871.30,28.50
$IMU,26836.767,1.220,-0.061,-0.549,0.05517,1.00927,0.06738,28.35
$IMU,26836.770,0.854,-0.122,-0.610,0.05273,1.01416,0.06787,28.35
$IMU,26836.772,0.427,-0.122,-0.671,0.05175,1.01660,0.06738,28.35
$MAG,26836.774,-0.430,-0.505,-0.672,27.6
$IMU,26836.774,0.000,-0.122,-0.610,0.05322,1.01953,0.06591,28.33
$IMU,26836.777,-0.366,-0.061,-0.244,0.04980,1.01855,0.06933,28.33
$IMU,26836.779,-0.732,-0.122,-0.061,0.05273,1.02001,0.07080,28.33
$IMU,26836.781,-1.220,-0.183,0.183,0.05517,1.02343,0.06982,28.33
$IMU,26836.784,-1.708,0.000,0.305,0.05615,1.02441,0.06884,28.33
$MAG,26836.785,-0.433,-0.508,-0.673,27.6
$IMU,26836.786,-2.258,0.122,0.305,0.05615,1.02636,0.06982,28.33
$IMU,26836.788,-2.624,-0.244,0.305,0.05566,1.02685,0.07177,28.33
$IMU,26836.791,-3.173,-0.122,0.305,0.05419,1.02636,0.06982,28.33
$IMU,26836.793,-3.601,-0.122,0.366,0.05371,1.02294,0.07177,28.39
$MAG,26836.795,-0.438,-0.510,-0.670,27.6
$IMU,26836.795,-4.150,-0.122,0.610,0.05224,1.01904,0.07324,28.39
$IMU,26836.798,-4.760,-0.061,0.854,0.04980,1.01708,0.07031,28.39
$IMU,26836.800,-5.432,-0.061,1.098,0.05126,1.01367,0.06835,28.39
$IMU,26836.802,-6.103,-0.122,1.342,0.05468,1.01367,0.07177,28.39
$MAG,26836.805,-0.430,-0.508,-0.672,27.5
$IMU,26836.805,-6.652,-0.183,1.403,0.05371,1.01123,0.07226,28.39
$IMU,26836.807,-7.324,-0.122,1.586,0.05419,1.01220,0.06933,28.39
$IMU,26836.810,-8.117,0.000,1.586,0.05664,1.01269,0.06835,28.39
$IMU,26836.812,-8.789,-0.122,1.708,0.05761,1.00634,0.06982,28.38
$IMU,26836.814,-9.521,0.000,1.770,0.05664,1.00292,0.07031,28.38
$MAG,26836.815,-0.430,-0.504,-0.669,27.6
$IMU,26836.817,-10.070,-0.183,1.892,0.05615,1.00292,0.07128,28.38
$IMU,26836.819,-10.314,-0.061,1.770,0.06298,1.00585,0.07812,28.38
$IMU,26836.821,-10.070,-0.061,1.342,0.06884,1.00732,0.08398,28.38
$IMU,26836.824,-9.338,0.061,0.610,0.06933,1.00244,0.09277,28.38
$MAG,26836.825,-0.436,-0.505,-0.667,27.5
$IMU,26836.826,-8.239,0.061,0.061,0.06591,1.00000,0.09765,28.38
$IMU,26836.828,-6.896,-0.122,-0.427,0.06201,0.99560,0.10546,28.38
$IMU,26836.831,-5.554,-0.122,-0.427,0.05078,0.98730,0.10888,28.36
$IMU,26836.833,-4.272,-0.061,-0.183,0.04882,0.98828,0.11816,28.36
$MAG,26836.835,-0.438,-0.508,-0.669,27.6
$IMU,26836.835,-2.807,0.000,0.061,0.05175,0.98681,0.11914,28.36
$IMU,26836.838,-1.464,0.061,0.000,0.05566,0.99414,0.11621,28.36
$IMU,26836.840,0.000,0.000,-0.183,0.05615,0.99658,0.11718,28.36
$IMU,26836.842,1.464,0.000,-0.488,0.05664,0.99853,0.11474,28.36
$MAG,26836.845,-0.436,-0.499,-0.663,27.5
$IMU,26836.845,3.051,-0.122,-0.793,0.05712,1.00292,0.11572,28.36
$IMU,26836.847,4.333,-0.061,-0.732,0.05371,1.00195,0.11083,28.36
$IMU,26836.849,5.371,-0.061,-0.549,0.05175,1.00537,0.10742,28.34
$IMU,26836.852,6.286,-0.122,-0.305,0.05126,1.00927,0.10351,28.34
$IMU,26836.854,6.835,-0.244,-0.061,0.05419,1.01464,0.09814,28.34
$MAG,26836.855,-0.435,-0.513,-0.676,27.6
$IMU,26836.856,7.019,-0.183,-0.183,0.05761,1.02148,0.09033,28.34
$IMU,26836.859,6.958,-0.305,-0.366,0.06347,1.02050,0.08496,28.34
$IMU,26836.861,6.286,-0.183,-0.793,0.06738,1.02148,0.07861,28.34
$IMU,26836.863,5.493,-0.183,-1.037,0.06445,1.02246,0.07226,28.34
$MAG,26836.865,-0.432,-0.510,-0.666,27.6
$IMU,26836.866,4.699,-0.122,-1.098,0.06201,1.01855,0.06933,28.34
$BARO,26836.868,86852.95,28.49
$IMU,26836.868,4.089,-0.244,-1.098,0.05908,1.01562,0.07031,28.35
$IMU,26836.871,3.479,-0.183,-1.037,0.05664,1.01660,0.06738,28.35
$IMU,26836.873,2.990,-0.061,-0.854,0.05664,1.01269,0.06835,28.35
$MAG,26836.875,-0.436,-0.499,-0.670,27.6
$IMU,26836.875,2.502,0.000,-0.793,0.05419,1.01123,0.06738,28.35
$IMU,26836.878,2.075,0.061,-0.793,0.05810,1.00878,0.06835,28.35
$IMU,26836.880,1.464,0.183,-0.793,0.05468,1.01074,0.06738,28.35
$IMU,26836.882,0.915,0.122,-0.854,0.05859,1.00585,0.06933,28.35
$MAG,26836.885,-0.429,-0.504,-0.672,27.6
$IMU,26836.885,0.427,0.061,-0.793,0.05419,1.00976,0.06933,28.35
$IMU,26836.887,-0.305,0.061,-0.793,0.04980,1.00341,0.06933,28.34
$IMU,26836.889,-0.793,0.000,-0.610,0.05078,1.00292,0.06884,28.34
$IMU,26836.892,-1.159,-0.122,-0.366,0.04882,1.00439,0.06933,28.34
$IMU,26836.894,-1.708,0.061,-0.061,0.04833,1.01025,0.06982,28.34
$MAG,26836.895,-0.435,-0.507,-0.672,27.6
$IMU,26836.896,-2.014,-0.122,0.183,0.04882,1.00927,0.06835,28.34
$IMU,26836.899,-2.380,-0.183,0.366,0.05078,1.01269,0.06933,28.34
$IMU,26836.901,-2.868,-0.183,0.488,0.05322,1.01171,0.06884,28.34
$IMU,26836.903,-3.295,-0.122,0.488,0.05566,1.01269,0.06591,28.34
$MAG,26836.906,-0.436,-0.496,-0.675,27.6
$IMU,26836.906,-3.662,-0.366,0.610,0.05273,1.01513,0.07226,28.32
$IMU,26836.908,-4.272,-0.183,0.793,0.05273,1.01708,0.07275,28.32
$IMU,26836.910,-4.699,-0.183,0.793,0.05419,1.01708,0.07421,28.32
$IMU,26836.913,-5.126,-0.061,0.732,0.05761,1.01708,0.07617,28.32
$IMU,26836.915,-5.187,0.000,0.549,0.05859,1.01855,0.08203,28.32
$MAG,26836.916,-0.430,-0.504,-0.669,27.6
$IMU,26836.917,-5.065,0.061,0.488,0.06005,1.01562,0.08496,28.32
$IMU,26836.920,-4.516,-0.061,0.305,0.05908,1.01416,0.09179,28.32
$IMU,26836.922,-3.967,-0.061,0.244,0.05761,1.01220,0.09082,28.32
$IMU,26836.924,-3.479,0.122,0.061,0.05859,1.00878,0.09667,28.38
$MAG,26836.926,-0.426,-0.505,-0.675,27.5
$IMU,26836.927,-2.929,0.244,0.122,0.05224,1.00732,0.09765,28.38
$IMU,26836.929,-2.258,0.000,0.183,0.05712,1.00781,0.09960,28.38
$IMU,26836.932,-1.647,-0.061,0.061,0.05322,1.00732,0.10107,28.38
$IMU,26836.934,-1.037,0.000,0.061,0.05517,1.00390,0.10253,28.38
$MAG,26836.936,-0.433,-0.510,-0.676,27.3
$IMU,26836.936,-0.427,-0.122,0.122,0.05810,1.00634,0.10107,28.38
$IMU,26836.939,0.244,-0.122,0.000,0.05517,1.00585,0.09863,28.38
$IMU,26836.941,0.854,-0.061,0.000,0.05566,1.00585,0.09765,28.38
$IMU,26836.943,1.342,-0.122,0.000,0.05664,1.00244,0.09716,28.33
$MAG,26836.946,-0.421,-0.499,-0.670,27.6
$IMU,26836.946,1.831,-0.366,0.000,0.05664,1.00439,0.09423,28.33
$IMU,26836.948,2.136,-0.183,-0.061,0.05908,1.00292,0.09179,28.33
$IMU,26836.950,2.258,-0.122,-0.122,0.06201,1.00341,0.08740,28.33
$IMU,26836.953,2.380,-0.183,-0.244,0.06103,1.00341,0.08789,28.33
$IMU,26836.955,2.319,-0.061,-0.305,0.06201,1.00732,0.08398,28.33
$MAG,26836.956,-0.432,-0.508,-0.673,27.6
$IMU,26836.957,2.136,-0.122,-0.366,0.05957,1.00439,0.08105,28.33
$IMU,26836.960,1.953,-0.244,-0.549,0.06152,1.00341,0.07910,28.33
$IMU,26836.962,1.586,-0.244,-0.610,0.05859,1.00732,0.07666,28.37
$IMU,26836.964,1.220,0.000,-0.610,0.05712,1.00341,0.07617,28.37
$MAG,26836.966,-0.430,-0.516,-0.667,27.6
$IMU,26836.967,0.793,0.000,-0.610,0.06005,1.00683,0.07763,28.37
$BARO,26836.969,86863.55,28.49
$IMU,26836.969,0.610,-0.244,-0.610,0.05712,1.00634,0.07373,28.37
$IMU,26836.971,0.244,-0.122,-0.610,0.05908,1.00683,0.07617,28.37
$IMU,26836.974,-0.061,0.000,-0.610,0.05664,1.00830,0.07519,28.37
$MAG,26836.976,-0.427,-0.510,-0.672,27.6
$IMU,26836.976,-0.366,-0.122,-0.610,0.05615,1.01074,0.07421,28.37
$IMU,26836.978,-0.671,0.000,-0.610,0.06005,1.01074,0.07568,28.37
$IMU,26836.981,-0.793,0.122,-0.610,0.05273,1.01123,0.07861,28.35
$IMU,26836.983,-0.854,0.000,-0.549,0.04980,1.01074,0.08007,28.35
$IMU,26836.985,-0.915,-0.122,-0.366,0.05175,1.01269,0.07910,28.35
$MAG,26836.986,-0.429,-0.504,-0.667,27.5
$IMU,26836.988,-1.098,-0.061,-0.305,0.05224,1.01074,0.08251,28.35
$IMU,26836.990,-1.098,0.061,-0.244,0.05224,1.01416,0.08398,28.35
$IMU,26836.993,-0.915,-0.061,-0.122,0.05419,1.01367,0.08154,28.35
$IMU,26836.995,-0.732,-0.061,-0.122,0.05419,1.01660,0.08398,28.35
$MAG,26836.996,-0.429,-0.496,-0.669,27.3
$IMU,26836.997,-0.488,-0.122,-0.122,0.05175,1.01904,0.08642,28.35
$IMU,26837.000,-0.244,-0.183,-0.122,0.05224,1.01562,0.08398,28.37
$IMU,26837.002,-0.061,-0.305,-0.122,0.05517,1.01562,0.08447,28.37
$IMU,26837.004,0.000,-0.122,-0.061,0.05712,1.01562,0.08300,28.37
$MAG,26837.006,-0.432,-0.504,-0.675,27.5
$IMU,26837.007,0.061,-0.122,0.061,0.05566,1.01416,0.08105,28.37
$IMU,26837.009,0.061,-0.122,0.122,0.05371,1.01416,0.08251,28.37
$IMU,26837.011,0.122,-0.183,0.122,0.06054,1.01464,0.08398,28.37
$IMU,26837.014,-0.061,-0.183,0.122,0.05761,1.01416,0.08203,28.37
$IMU,26837.016,-0.183,-0.122,0.061,0.05566,1.01318,0.08203,28.37
$MAG,26837.017,-0.438,-0.504,-0.657,27.6
$IMU,26837.018,-0.366,0.000,0.000,0.05761,1.00830,0.08203,28.39
$IMU,26837.021,-0.549,0.061,0.122,0.05664,1.00732,0.08105,28.39
$IMU,26837.023,-0.732,-0.061,0.122,0.05517,1.00781,0.08203,28.39
$IMU,26837.025,-0.915,-0.183,0.122,0.05664,1.00732,0.08203,28.39
$MAG,26837.027,-0.423,-0.507,-0.679,27.6
$IMU,26837.028,-1.159,-0.061,0.244,0.05761,1.00732,0.08203,28.39
$IMU,26837.030,-1.281,0.061,0.122,0.06005,1.00341,0.08251,28.39
$IMU,26837.032,-1.342,-0.122,0.000,0.05957,1.00585,0.08203,28.39
$IMU,26837.035,-1.403,-0.122,-0.061,0.05712,1.00439,0.08398,28.39
$MAG,26837.037,-0.441,-0.505,-0.673,27.5
$IMU,26837.037,-1.403,-0.122,-0.061,0.05908,1.00146,0.08496,28.37
$IMU,26837.039,-1.281,-0.122,-0.061,0.05810,1.00292,0.08349,28.37
$IMU,26837.042,-1.220,-0.122,-0.122,0.05908,1.00048,0.08789,28.37
$IMU,26837.044,-1.220,0.061,-0.183,0.06005,0.99902,0.08935,28.37
$IMU,26837.046,-0.976,0.061,-0.244,0.06005,1.00195,0.08984,28.37
$MAG,26837.047,-0.432,-0.502,-0.672,27.6
$IMU,26837.049,-0.793,-0.061,-0.305,0.05908,1.00341,0.08837,28.37
$IMU,26837.051,-0.549,-0.122,-0.366,0.05761,1.00439,0.09179,28.37
$IMU,26837.053,-0.305,-0.061,-0.427,0.05712,1.00634,0.08935,28.37
$IMU,26837.056,-0.061,-0.061,-0.427,0.05615,1.00390,0.08837,28.33
$MAG,26837.057,-0.427,-0.498,-0.669,27.6
$IMU,26837.058,0.244,0.000,-0.427,0.05419,1.00830,0.09033,28.33
$IMU,26837.061,0.488,0.000,-0.366,0.05517,1.00830,0.09033,28.33
$IMU,26837.063,0.610,0.061,-0.305,0.05615,1.01318,0.08496,28.33
$IMU,26837.065,0.854,-0.183,-0.366,0.05615,1.01269,0.08740,28.33
$MAG,26837.067,-0.435,-0.495,-0.669,27.5
$IMU,26837.068,0.915,-0.061,-0.427,0.05566,1.01318,0.08642,28.33
$IMU,26837.070,0.976,-0.061,-0.488,0.05712,1.01660,0.08740,28.33
$BARO,26837.071,86873.37,28.50
$IMU,26837.072,0.976,-0.061,-0.488,0.05615,1.01074,0.08300,28.33
$IMU,26837.075,0.915,-0.183,-0.427,0.05468,1.00927,0.08300,28.42
$MAG,26837.077,-0.438,-0.505,-0.675,27.6
$IMU,26837.077,0.854,-0.061,-0.305,0.05371,1.01318,0.08105,28.42
$IMU,26837.079,0.793,-0.244,-0.305,0.05175,1.01367,0.07958,28.42
$IMU,26837.082,0.610,-0.183,-0.305,0.05517,1.01074,0.08105,28.42
$IMU,26837.084,0.244,-0.122,-0.305,0.05566,1.01513,0.07812,28.42
$IMU,26837.086,0.183,-0.061,-0.244,0.05517,1.01269,0.07910,28.42
$MAG,26837.087,-0.435,-0.511,-0.667,27.6
$IMU,26837.089,0.061,-0.183,-0.244,0.05664,1.01123,0.07763,28.42
$IMU,26837.091,-0.122,-0.183,-0.183,0.05566,1.00878,0.07763,28.42
$IMU,26837.093,-0.366,-0.061,-0.122,0.05419,1.00927,0.07861,28.32
$IMU,26837.096,-0.610,0.000,-0.122,0.05664,1.00927,0.08105,28.32
$MAG,26837.097,-0.432,-0.502,-0.673,27.5
$IMU,26837.098,-0.732,0.000,-0.061,0.05468,1.00781,0.07519,28.32
$IMU,26837.100,-0.915,0.000,-0.061,0.05712,1.00878,0.07958,28.32
$IMU,26837.103,-1.037,0.000,-0.183,0.05273,1.00830,0.08056,28.32
$IMU,26837.105,-1.037,-0.061,-0.183,0.05419,1.00732,0.07861,28.32
$MAG,26837.107,-0.430,-0.508,-0.667,27.6
$IMU,26837.107,-1.037,-0.061,-0.122,0.05517,1.00830,0.08251,28.32
$VBAT,26837.107,4.135
$IMU,26837.110,-0.976,0.061,0.000,0.05517,1.00927,0.08300,28.32
$IMU,26837.112,-0.915,-0.061,0.000,0.05712,1.00830,0.07910,28.32
$IMU,26837.114,-0.854,-0.122,-0.122,0.05566,1.00683,0.08398,28.32
$MAG,26837.117,-0.429,-0.511,-0.664,27.6
$IMU,26837.117,-0.915,-0.122,0.000,0.05615,1.00488,0.08300,28.32
$IMU,26837.119,-0.793,0.000,-0.061,0.05859,1.00781,0.08496,28.32
$IMU,26837.122,-0.732,-0.183,-0.122,0.05859,1.00732,0.08642,28.32
$IMU,26837.124,-0.732,-0.183,-0.183,0.05615,1.00830,0.08642,28.32
$IMU,26837.126,-0.610,-0.061,-0.122,0.05517,1.00976,0.08398,28.32
$MAG,26837.127,-0.435,-0.507,-0.666,27.6
$IMU,26837.129,-0.549,-0.122,-0.305,0.05615,1.01074,0.08642,28.32
$IMU,26837.131,-0.427,0.000,-0.244,0.05566,1.00781,0.08691,28.37
$IMU,26837.133,-0.305,0.061,-0.183,0.05615,1.00732,0.08593,28.37
$IMU,26837.136,-0.244,-0.122,-0.244,0.05761,1.01025,0.08837,28.37
$MAG,26837.138,-0.430,-0.498,-0.673,27.6
$IMU,26837.138,-0.244,-0.061,-0.183,0.05517,1.01171,0.08593,28.37
$IMU,26837.140,-0.183,0.000,-0.122,0.05664,1.01074,0.08593,28.37
$IMU,26837.143,-0.122,-0.061,-0.183,0.06054,1.01074,0.08349,28.37
$IMU,26837.145,-0.183,0.000,-0.305,0.05859,1.01220,0.08740,28.37
$IMU,26837.147,-0.244,0.061,-0.244,0.05810,1.01025,0.08691,28.37
$MAG,26837.148,-0.430,-0.511,-0.666,27.6
$IMU,26837.150,-0.122,0.000,-0.244,0.05908,1.01025,0.08447,28.41
$IMU,26837.152,-0.183,-0.122,-0.305,0.05712,1.01025,0.08398,28.41
$IMU,26837.154,-0.183,-0.122,-0.183,0.05712,1.00976,0.08544,28.41
$IMU,26837.157,-0.122,-0.122,-0.305,0.05664,1.01171,0.08300,28.41
$MAG,26837.158,-0.432,-0.501,-0.667,27.6
$IMU,26837.159,-0.183,-0.061,-0.305,0.05859,1.01269,0.08544,28.41
$IMU,26837.161,-0.061,-0.061,-0.244,0.05908,1.01220,0.08544,28.41
$IMU,26837.164,0.061,-0.122,-0.305,0.05761,1.00927,0.08544,28.41
$IMU,26837.166,0.061,-0.122,-0.244,0.05908,1.00292,0.08154,28.41
$MAG,26837.168,-0.439,-0.502,-0.676,27.7
$IMU,26837.168,0.183,-0.183,-0.305,0.05761,1.00683,0.08300,28.38
$IMU,26837.171,0.061,-0.122,-0.305,0.05664,1.00927,0.08300,28.38
$BARO,26837.172,86862.36,28.49
$IMU,26837.173,0.000,-0.061,-0.244,0.05664,1.00732,0.07958,28.38
$IMU,26837.175,0.000,-0.061,-0.305,0.05859,1.00732,0.07958,28.38
$MAG,26837.178,-0.430,-0.508,-0.675,27.5
$IMU,26837.178,0.000,-0.061,-0.366,0.05566,1.00439,0.08105,28.38
$IMU,26837.180,0.061,-0.244,-0.427,0.05712,1.00634,0.08105,28.38
$IMU,26837.183,0.000,-0.183,-0.427,0.05761,1.00634,0.08056,28.38
$IMU,26837.185,-0.122,-0.061,-0.305,0.05371,1.00683,0.08251,28.38
$IMU,26837.187,-0.305,-0.061,-0.244,0.05175,1.00976,0.07910,28.38
$MAG,26837.188,-0.429,-0.508,-0.667,27.6
$IMU,26837.190,-0.305,-0.061,-0.183,0.05664,1.00976,0.08056,28.38
$IMU,26837.192,-0.366,-0.122,-0.183,0.05468,1.00927,0.08251,28.38
$IMU,26837.194,-0.488,-0.122,-0.244,0.05273,1.01123,0.08105,28.38
$IMU,26837.197,-0.549,-0.061,-0.305,0.05371,1.00732,0.08154,28.38
$MAG,26837.198,-0.429,-0.514,-0.663,27.5
$IMU,26837.199,-0.610,-0.122,-0.244,0.05615,1.00634,0.08203,28.38
$IMU,26837.201,-0.793,-0.061,-0.244,0.05664,1.01074,0.08349,28.38
$IMU,26837.204,-0.732,-0.122,-0.244,0.05322,1.00927,0.08203,28.38
$IMU,26837.206,-0.793,0.000,-0.122,0.05468,1.01513,0.08251,28.37
$MAG,26837.208,-0.423,-0.511,-0.664,27.6
$IMU,26837.208,-0.732,-0.122,-0.122,0.05517,1.00976,0.08496,28.37
$IMU,26837.211,-0.732,0.000,-0.183,0.05517,1.01171,0.08251,28.37
$IMU,26837.213,-0.671,0.000,-0.244,0.05761,1.01269,0.08251,28.37
$IMU,26837.215,-0.671,-0.061,-0.244,0.05517,1.01025,0.08593,28.37
$MAG,26837.218,-0.438,-0.504,-0.673,27.6
$IMU,26837.218,-0.671,0.000,-0.305,0.05468,1.00781,0.08398,28.37
$IMU,26837.220,-0.488,-0.122,-0.305,0.05664,1.01025,0.08691,28.37
$IMU,26837.222,-0.366,-0.244,-0.244,0.05273,1.00830,0.08691,28.37
$IMU,26837.225,-0.305,-0.061,-0.244,0.05224,1.00781,0.08398,28.36
$IMU,26837.227,-0.244,-0.061,-0.122,0.05175,1.01025,0.08691,28.36
$MAG,26837.228,-0.441,-0.508,-0.672,27.3
$IMU,26837.229,-0.122,0.000,-0.244,0.05468,1.01074,0.08642,28.36
$IMU,26837.232,-0.122,-0.061,-0.244,0.05566,1.01220,0.08837,28.36
$IMU,26837.234,-0.183,-0.061,-0.305,0.05566,1.01074,0.08593,28.36
$IMU,26837.236,-0.061,-0.061,-0.366,0.05322,1.00878,0.08349,28.36
$MAG,26837.238,-0.433,-0.499,-0.667,27.7
$IMU,26837.239,-0.061,-0.061,-0.366,0.05322,1.00537,0.08349,28.36
$IMU,26837.241,-0.061,0.000,-0.244,0.05224,1.00927,0.08203,28.36
$IMU,26837.244,0.000,-0.122,-0.122,0.05371,1.01123,0.08544,28.37
$IMU,26837.246,0.000,-0.244,-0.122,0.05468,1.01074,0.08349,28.37
$IMU,26837.248,-0.061,-0.122,-0.183,0.05566,1.00878,0.08154,28.37
$MAG,26837.249,-0.427,-0.505,-0.669,27.6
$IMU,26837.251,-0.183,0.061,-0.244,0.05566,1.00927,0.08300,28.37
$IMU,26837.253,-0.244,-0.061,-0.305,0.05712,1.01269,0.08349,28.37
$IMU,26837.255,-0.183,-0.122,-0.305,0.05322,1.01220,0.08300,28.37
$IMU,26837.258,-0.244,-0.122,-0.183,0.05517,1.00732,0.08349,28.37
$MAG,26837.259,-0.438,-0.504,-0.669,27.6
$IMU,26837.260,-0.366,-0.061,-0.122,0.05419,1.00634,0.08496,28.37
$IMU,26837.262,-0.366,0.000,-0.061,0.05419,1.00830,0.08349,28.34
$IMU,26837.265,-0.427,0.000,-0.122,0.05859,1.01318,0.08105,28.34
$IMU,26837.267,-0.366,-0.122,-0.183,0.05517,1.01220,0.08056,28.34
$MAG,26837.269,-0.427,-0.498,-0.667,27.6
$IMU,26837.269,-0.427,0.000,-0.305,0.05761,1.01123,0.08447,28.34
$IMU,26837.272,-0.366,0.000,-0.305,0.05224,1.00878,0.08593,28.34
$BARO,26837.274,86858.72,28.49
$IMU,26837.274,-0.366,0.000,-0.244,0.05468,1.00634,0.08544,28.34
$IMU,26837.276,-0.305,0.061,-0.183,0.05517,1.00830,0.08642,28.34
$MAG,26837.279,-0.430,-0.507,-0.666,27.6
$IMU,26837.279,-0.305,0.061,-0.061,0.05322,1.00781,0.08447,28.34
$IMU,26837.281,-0.305,-0.061,-0.122,0.06054,1.00781,0.08593,28.35
$IMU,26837.283,-0.305,-0.122,-0.183,0.05712,1.00976,0.08398,28.35
$IMU,26837.286,-0.244,-0.122,-0.183,0.05615,1.00927,0.08593,28.35
$IMU,26837.288,-0.305,-0.061,-0.305,0.05615,1.01123,0.08300,28.35
$MAG,26837.289,-0.429,-0.504,-0.672,27.6
$IMU,26837.290,-0.305,-0.122,-0.244,0.05371,1.00732,0.08544,28.35
$IMU,26837.293,-0.244,-0.061,-0.122,0.05419,1.00878,0.08300,28.35
$IMU,26837.295,-0.244,-0.244,-0.183,0.05371,1.00878,0.08154,28.35
$IMU,26837.297,-0.305,-0.122,-0.122,0.05371,1.01171,0.08300,28.35
$MAG,26837.299,-0.436,-0.507,-0.672,27.6
$IMU,26837.300,-0.305,-0.122,-0.122,0.05761,1.00976,0.08154,28.34
$IMU,26837.302,-0.427,0.061,-0.244,0.05664,1.00927,0.08154,28.34
$IMU,26837.305,-0.427,0.000,-0.244,0.05664,1.00830,0.08544,28.34
$IMU,26837.307,-0.488,-0.061,-0.305,0.05371,1.01318,0.08544,28.34
$MAG,26837.309,-0.429,-0.505,-0.675,27.6
$IMU,26837.309,-0.488,-0.122,-0.244,0.05419,1.00927,0.08544,28.34
$IMU,26837.312,-0.427,-0.061,-0.244,0.05273,1.00683,0.08447,28.34
$IMU,26837.314,-0.549,0.000,-0.183,0.05566,1.00683,0.08642,28.34
$IMU,26837.316,-0.488,0.000,-0.183,0.05126,1.01074,0.08593,28.34
$MAG,26837.319,-0.427,-0.493,-0.667,27.6
$IMU,26837.319,-0.427,0.000,-0.183,0.05322,1.01269,0.08691,28.39
$IMU,26837.321,-0.366,-0.305,-0.244,0.05468,1.00976,0.08496,28.39
$IMU,26837.323,-0.488,-0.061,-0.183,0.05810,1.00927,0.08642,28.39
$IMU,26837.326,-0.488,0.061,-0.305,0.05566,1.00830,0.08593,28.39
$IMU,26837.328,-0.488,0.000,-0.244,0.05566,1.00781,0.08447,28.39
$MAG,26837.329,-0.442,-0.501,-0.672,27.5
$IMU,26837.330,-0.549,0.000,-0.122,0.05859,1.00537,0.08642,28.39
$IMU,26837.333,-0.427,-0.122,-0.183,0.05908,1.00781,0.08642,28.39
$IMU,26837.335,-0.366,-0.183,-0.183,0.05664,1.00781,0.08496,28.39
$IMU,26837.337,-0.427,-0.061,-0.305,0.05761,1.00781,0.08642,28.41
$MAG,26837.339,-0.430,-0.507,-0.669,27.6
$IMU,26837.340,-0.366,0.000,-0.305,0.06103,1.01025,0.08642,28.41
$IMU,26837.342,-0.305,0.000,-0.244,0.05615,1.00732,0.08349,28.41
$IMU,26837.344,-0.183,-0.122,-0.305,0.05566,1.00732,0.08642,28.41
$IMU,26837.347,0.000,-0.122,-0.244,0.05664,1.00683,0.08398,28.41
$IMU,26837.349,0.061,-0.061,-0.244,0.06054,1.00830,0.08447,28.41
$MAG,26837.350,-0.429,-0.502,-0.670,27.5
$IMU,26837.351,0.122,-0.183,-0.427,0.05517,1.00732,0.08349,28.41
$IMU,26837.354,0.122,0.000,-0.366,0.05859,1.00439,0.08349,28.41
$IMU,26837.356,0.183,0.000,-0.427,0.05957,1.00683,0.08203,28.39
$IMU,26837.358,0.244,-0.183,-0.427,0.05761,1.00537,0.08251,28.39
$MAG,26837.360,-0.430,-0.505,-0.675,27.5
$IMU,26837.361,0.305,-0.305,-0.427,0.05566,1.00683,0.08300,28.39
$IMU,26837.363,0.183,-0.061,-0.427,0.05566,1.00683,0.08203,28.39
$IMU,26837.366,0.000,0.000,-0.488,0.05468,1.00976,0.08105,28.39
$IMU,26837.368,-0.122,0.000,-0.427,0.05615,1.01123,0.07958,28.39
$MAG,26837.370,-0.433,-0.517,-0.673,27.6
$IMU,26837.370,-0.122,-0.061,-0.366,0.05371,1.01025,0.08154,28.39
$IMU,26837.373,-0.183,-0.183,-0.427,0.05908,1.00976,0.07861,28.39
$BARO,26837.375,86868.60,28.49
$IMU,26837.375,-0.305,-0.061,-0.366,0.05566,1.00976,0.07958,28.38
$IMU,26837.377,-0.427,0.000,-0.366,0.05664,1.01123,0.08300,28.38
$MAG,26837.380,-0.430,-0.502,-0.672,27.6
$IMU,26837.380,-0.549,0.061,-0.305,0.05322,1.01367,0.08203,28.38
$IMU,26837.382,-0.610,0.000,-0.305,0.05273,1.01220,0.08300,28.38
$IMU,26837.384,-0.549,-0.183,-0.244,0.05810,1.01171,0.08251,28.38
$IMU,26837.387,-0.549,-0.122,-0.183,0.05664,1.01269,0.08447,28.38
$IMU,26837.389,-0.732,0.061,-0.122,0.05371,1.01123,0.08154,28.38
$MAG,26837.390,-0.429,-0.507,-0.669,27.6
$IMU,26837.391,-0.610,-0.061,-0.122,0.05566,1.00976,0.08300,28.38
$IMU,26837.394,-0.549,-0.061,-0.183,0.05712,1.00927,0.08203,28.37
$IMU,26837.396,-0.488,0.061,-0.183,0.05371,1.00830,0.08349,28.37
$IMU,26837.398,-0.366,-0.122,-0.183,0.05322,1.01025,0.08349,28.37
$MAG,26837.400,-0.426,-0.504,-0.675,27.5
$IMU,26837.401,-0.244,-0.183,-0.122,0.05566,1.01074,0.08398,28.37
$IMU,26837.403,-0.122,-0.183,-0.122,0.05273,1.01123,0.08398,28.37
$IMU,26837.405,-0.061,0.000,-0.183,0.05664,1.00732,0.08496,28.37
$IMU,26837.408,0.061,-0.061,-0.183,0.05664,1.00976,0.08544,28.37
$MAG,26837.410,-0.430,-0.508,-0.667,27.5
$IMU,26837.410,0.061,-0.122,-0.122,0.05566,1.00537,0.08398,28.37
$IMU,26837.412,0.061,-0.183,-0.122,0.05371,1.00927,0.08300,28.37
$IMU,26837.415,0.000,-0.061,-0.061,0.05664,1.01025,0.08251,28.37
$IMU,26837.417,-0.122,0.061,-0.183,0.05615,1.00878,0.08349,28.37
$IMU,26837.419,-0.244,0.061,-0.061,0.05517,1.00830,0.08349,28.37
$MAG,26837.420,-0.433,-0.505,-0.670,27.5
$HUM,26837.422,34.1,28.9
$IMU,26837.422,-0.183,-0.183,-0.122,0.05419,1.00585,0.08447,28.37
$IMU,26837.424,-0.244,-0.061,-0.061,0.05517,1.00781,0.07861,28.37
$IMU,26837.426,-0.366,-0.122,0.000,0.05371,1.00927,0.07763,28.37
$IMU,26837.429,-0.488,0.000,-0.122,0.05615,1.00634,0.08349,28.37
$MAG,26837.430,-0.436,-0.498,-0.675,27.5
$IMU,26837.431,-0.488,-0.061,-0.122,0.05761,1.00927,0.08056,28.37
$IMU,26837.434,-0.610,-0.122,-0.122,0.05517,1.00683,0.08300,28.37
$IMU,26837.436,-0.671,0.000,-0.122,0.05566,1.00927,0.08349,28.37
$IMU,26837.438,-0.732,0.000,-0.061,0.05615,1.00683,0.08447,28.37
$MAG,26837.440,-0.435,-0.513,-0.672,27.6
$IMU,26837.441,-0.732,-0.122,-0.061,0.05810,1.00927,0.08593,28.37
$IMU,26837.443,-0.793,0.000,-0.061,0.05712,1.00634,0.08642,28.37
$IMU,26837.445,-0.793,0.000,-0.061,0.05664,1.00927,0.08691,28.37
$IMU,26837.448,-0.610,-0.061,-0.122,0.05908,1.00634,0.08447,28.37
$MAG,26837.450,-0.429,-0.510,-0.669,27.5
$IMU,26837.450,-0.549,-0.122,-0.122,0.05419,1.00976,0.08544,28.34
$IMU,26837.452,-0.305,-0.061,-0.122,0.05419,1.00927,0.08642,28.34
$IMU,26837.455,-0.122,0.000,-0.183,0.05664,1.01025,0.08691,28.34
$IMU,26837.457,0.000,0.000,-0.122,0.05712,1.01025,0.08789,28.34
$IMU,26837.459,0.183,-0.122,-0.183,0.05615,1.01464,0.08789,28.34
$MAG,26837.461,-0.438,-0.499,-0.663,27.6
$IMU,26837.462,0.305,-0.244,-0.122,0.05957,1.01123,0.08642,28.34
$IMU,26837.464,0.305,-0.183,-0.183,0.05810,1.00830,0.08642,28.34
$IMU,26837.466,0.305,-0.061,-0.122,0.05761,1.01074,0.08544,28.34
$IMU,26837.469,0.183,-0.061,-0.122,0.05615,1.00976,0.08349,28.36
$MAG,26837.471,-0.427,-0.508,-0.678,27.6
$IMU,26837.471,0.244,0.000,-0.183,0.05273,1.01074,0.08544,28.36
$IMU,26837.473,0.305,-0.183,-0.122,0.05322,1.00634,0.08447,28.36
$BARO,26837.476,86874.88,28.49
$IMU,26837.476,0.305,-0.244,-0.061,0.05761,1.00634,0.08105,28.36
$IMU,26837.478,0.305,-0.305,0.000,0.05371,1.00976,0.08349,28.36
$IMU,26837.480,0.244,-0.061,0.061,0.05517,1.01123,0.08154,28.36
$MAG,26837.481,-0.430,-0.504,-0.672,27.3
$IMU,26837.483,0.244,-0.122,0.061,0.05810,1.01171,0.08105,28.36
$IMU,26837.485,0.244,-0.061,0.000,0.05566,1.01074,0.08056,28.36
$IMU,26837.487,0.122,-0.061,0.000,0.05517,1.01318,0.08154,28.35
$IMU,26837.490,-0.244,0.183,-0.061,0.05810,1.00781,0.08203,28.35
$MAG,26837.491,-0.439,-0.498,-0.667,27.6
$IMU,26837.492,-0.244,0.122,-0.061,0.05615,1.00732,0.08203,28.35
$IMU,26837.495,-0.366,0.122,0.000,0.05468,1.00878,0.08154,28.35
$IMU,26837.497,-0.366,-0.061,0.061,0.05615,1.00927,0.08056,28.35
$IMU,26837.499,-0.488,-0.122,0.061,0.05859,1.00927,0.08056,28.35
$MAG,26837.501,-0.438,-0.507,-0.672,27.5
$IMU,26837.502,-0.610,0.000,0.000,0.05810,1.00781,0.08007,28.35
$IMU,26837.504,-0.549,0.061,0.061,0.05761,1.00927,0.08154,28.35
$IMU,26837.506,-0.549,-0.061,0.000,0.05712,1.00927,0.08251,28.36
$IMU,26837.509,-0.366,-0.244,0.061,0.05908,1.01025,0.08349,28.36
$MAG,26837.511,-0.427,-0.499,-0.672,27.6
$IMU,26837.511,-0.488,-0.183,0.122,0.05957,1.00585,0.08447,28.36
$IMU,26837.513,-0.488,0.000,0.061,0.05957,1.00585,0.08154,28.36
$IMU,26837.516,-0.488,-0.061,0.122,0.05664,1.00830,0.08251,28.36
$IMU,26837.518,-0.427,0.000,0.061,0.05761,1.00683,0.08203,28.36
$IMU,26837.520,-0.366,-0.122,0.000,0.05761,1.00976,0.08447,28.36
$MAG,26837.521,-0.435,-0.505,-0.672,27.6
$IMU,26837.523,-0.305,-0.244,0.000,0.05712,1.00732,0.08447,28.36
$IMU,26837.525,-0.366,-0.122,-0.061,0.05859,1.01269,0.08300,28.33
$IMU,26837.527,-0.366,-0.183,-0.061,0.05517,1.01123,0.08154,28.33
$IMU,26837.530,-0.305,-0.122,-0.061,0.05566,1.01074,0.08496,28.33
$MAG,26837.531,-0.435,-0.505,-0.672,27.6
$IMU,26837.532,-0.366,0.061,0.000,0.05664,1.00634,0.08398,28.33
$IMU,26837.534,-0.183,-0.183,0.000,0.05859,1.01025,0.08447,28.33
$IMU,26837.537,-0.183,-0.183,-0.122,0.05615,1.01171,0.08398,28.33
$IMU,26837.539,-0.122,-0.122,-0.183,0.05468,1.01367,0.08447,28.33
$MAG,26837.541,-0.435,-0.504,-0.673,27.6
$IMU,26837.541,-0.122,0.000,-0.183,0.05566,1.01269,0.08740,28.33
$IMU,26837.544,-0.305,0.000,-0.244,0.05322,1.01171,0.08593,28.35
$IMU,26837.546,-0.183,0.000,-0.183,0.05273,1.01025,0.08544,28.35
$IMU,26837.548,-0.244,-0.061,-0.061,0.05517,1.00976,0.08544,28.35
$MAG,26837.551,-0.427,-0.507,-0.667,27.6
$IMU,26837.551,-0.244,-0.122,0.000,0.05468,1.00927,0.08398,28.35
$IMU,26837.553,-0.305,0.061,-0.061,0.05517,1.01269,0.08447,28.35
$IMU,26837.556,-0.427,0.183,-0.061,0.05371,1.01171,0.08789,28.35
$IMU,26837.558,-0.244,-0.122,-0.122,0.05078,1.01074,0.08691,28.35
$IMU,26837.560,-0.244,0.000,-0.183,0.05419,1.01269,0.08593,28.35
$MAG,26837.561,-0.438,-0.508,-0.667,27.6
$IMU,26837.563,-0.122,0.000,-0.122,0.05566,1.01367,0.08300,28.38
$IMU,26837.565,-0.122,0.000,0.000,0.05712,1.01074,0.08251,28.38
$IMU,26837.567,-0.061,0.061,0.061,0.05615,1.00976,0.08496,28.38
$IMU,26837.570,0.000,0.122,0.061,0.05419,1.00927,0.08740,28.38
$MAG,26837.572,-0.430,-0.510,-0.676,27.6
$IMU,26837.572,0.000,-0.122,0.000,0.05615,1.01074,0.08691,28.38
$IMU,26837.574,0.122,-0.305,-0.061,0.05371,1.00634,0.08642,28.38
$IMU,26837.577,0.000,-0.061,-0.122,0.05273,1.00927,0.08544,28.38
$BARO,26837.578,86862.40,28.49
$IMU,26837.579,-0.183,0.000,-0.122,0.05468,1.01123,0.08447,28.38
$IMU,26837.581,-0.122,-0.183,-0.061,0.05371,1.00781,0.08251,28.39
$MAG,26837.582,-0.426,-0.499,-0.670,27.6
$IMU,26837.584,-0.122,0.000,0.122,0.05419,1.01171,0.08544,28.39
$IMU,26837.586,-0.061,-0.122,0.183,0.05761,1.00830,0.08154,28.39
$IMU,26837.588,-0.122,-0.061,0.122,0.05712,1.00976,0.08203,28.39
$IMU,26837.591,-0.061,0.000,0.000,0.05810,1.00732,0.08056,28.39
$MAG,26837.592,-0.433,-0.502,-0.661,27.6
$IMU,26837.593,-0.122,0.000,-0.061,0.05224,1.01025,0.08496,28.39
$IMU,26837.595,-0.122,-0.061,-0.122,0.05078,1.01220,0.08349,28.39
$IMU,26837.598,0.000,-0.183,-0.061,0.05224,1.01416,0.08105,28.39
$IMU,26837.600,-0.061,-0.305,0.061,0.05322,1.01074,0.08154,28.34
$MAG,26837.602,-0.427,-0.499,-0.672,27.6
$IMU,26837.602,-0.305,0.000,0.183,0.05078,1.01074,0.08300,28.34
$IMU,26837.605,-0.366,-0.061,0.244,0.05517,1.00781,0.08544,28.34
$IMU,26837.607,-0.488,-0.061,0.122,0.05712,1.01074,0.08447,28.34
$IMU,26837.609,-0.549,-0.061,0.183,0.05761,1.01269,0.08349,28.34
$MAG,26837.612,-0.436,-0.510,-0.681,27.5
$IMU,26837.612,-0.488,-0.244,0.122,0.05761,1.00781,0.08203,28.34
$IMU,26837.614,-0.549,-0.183,0.183,0.05468,1.00878,0.08447,28.34
$IMU,26837.617,-0.427,-0.122,0.183,0.05810,1.00781,0.08349,28.34
$IMU,26837.619,-0.549,0.000,0.183,0.05712,1.00830,0.08496,28.41
$IMU,26837.621,-0.366,-0.183,0.183,0.05761,1.00878,0.08447,28.41
$MAG,26837.622,-0.433,-0.502,-0.679,27.6
$IMU,26837.624,-0.244,-0.061,0.244,0.05322,1.00732,0.08251,28.41
$IMU,26837.626,-0.183,-0.061,0.183,0.05810,1.00927,0.08496,28.41
$IMU,26837.628,-0.061,0.061,0.061,0.06054,1.00830,0.08349,28.41
$IMU,26837.631,-0.122,0.061,0.000,0.05859,1.00683,0.08398,28.41
$MAG,26837.632,-0.430,-0.502,-0.669,27.5
$IMU,26837.633,-0.061,0.000,0.000,0.05664,1.00439,0.08496,28.41
$IMU,26837.635,0.061,-0.122,0.000,0.05712,1.00439,0.08398,28.41
$IMU,26837.638,0.122,-0.061,-0.061,0.05517,1.00830,0.08203,28.38
$IMU,26837.640,0.183,-0.244,0.000,0.05664,1.00830,0.07910,28.38
$IMU,26837.642,0.244,-0.183,0.000,0.05664,1.00683,0.08154,28.38
$MAG,26837.642,-0.426,-0.502,-0.667,27.6
$IMU,26837.645,0.061,-0.061,0.000,0.06103,1.00878,0.08105,28.38
$IMU,26837.647,0.000,0.000,-0.061,0.05761,1.01123,0.07812,28.38
$IMU,26837.649,0.000,-0.061,-0.122,0.05468,1.00878,0.08105,28.38
$MAG,26837.652,-0.427,-0.505,-0.672,27.6
$IMU,26837.652,0.061,-0.122,0.000,0.05566,1.01123,0.08203,28.38
$IMU,26837.654,-0.122,0.061,0.000,0.05712,1.01123,0.08056,28.38
$IMU,26837.656,-0.244,0.061,0.061,0.05761,1.01269,0.08056,28.35
$IMU,26837.659,-0.183,-0.061,0.061,0.05664,1.00927,0.08007,28.35
$IMU,26837.661,-0.366,0.122,0.061,0.05419,1.01171,0.08105,28.35
$MAG,26837.662,-0.442,-0.504,-0.664,27.6
$IMU,26837.663,-0.305,-0.061,0.000,0.05664,1.01269,0.08251,28.35
$IMU,26837.666,-0.305,-0.061,-0.061,0.05419,1.01171,0.08544,28.35
$IMU,26837.668,-0.427,0.061,-0.061,0.05468,1.01318,0.08447,28.35
$IMU,26837.670,-0.427,0.000,0.061,0.05175,1.01318,0.08593,28.35
$MAG,26837.672,-0.430,-0.505,-0.672,27.6
$IMU,26837.673,-0.427,0.061,0.122,0.05322,1.01074,0.08251,28.35
$IMU,26837.675,-0.427,0.000,0.061,0.05419,1.01416,0.08496,28.37
$IMU,26837.678,-0.305,0.000,0.122,0.05322,1.01074,0.08251,28.37
$BARO,26837.679,86864.16,28.49
$IMU,26837.680,-0.183,-0.183,0.122,0.05224,1.01074,0.08544,28.37
$IMU,26837.682,-0.061,-0.061,0.122,0.05566,1.01074,0.08593,28.37
$MAG,26837.683,-0.439,-0.519,-0.675,27.5
$IMU,26837.685,-0.061,-0.183,0.061,0.05419,1.01123,0.08398,28.37
$IMU,26837.687,-0.122,-0.061,0.122,0.05371,1.00585,0.08349,28.37
$IMU,26837.689,0.000,-0.122,0.122,0.05126,1.00878,0.08496,28.37
$IMU,26837.692,0.061,-0.122,0.244,0.05322,1.00976,0.08496,28.37
$MAG,26837.693,-0.427,-0.502,-0.675,27.5
$IMU,26837.694,0.061,-0.061,0.183,0.05615,1.00878,0.08203,28.37
$IMU,26837.696,-0.122,0.183,0.183,0.05761,1.00878,0.08447,28.37
$IMU,26837.699,-0.061,-0.061,0.122,0.05712,1.00927,0.08300,28.37
$IMU,26837.701,0.000,-0.244,0.183,0.05664,1.00976,0.08496,28.37
$MAG,26837.703,-0.429,-0.504,-0.672,27.6
$IMU,26837.703,-0.122,0.000,0.183,0.05664,1.00830,0.08447,28.37
$IMU,26837.706,-0.244,-0.122,0.122,0.05615,1.00976,0.08398,28.37
$IMU,26837.708,-0.366,-0.122,0.122,0.05664,1.01025,0.08300,28.37
$IMU,26837.710,-0.427,-0.061,0.061,0.05810,1.00927,0.08349,28.37
$MAG,26837.713,-0.427,-0.507,-0.667,27.6
$IMU,26837.713,-0.427,-0.061,0.183,0.05761,1.00976,0.08203,28.39
$IMU,26837.715,-0.427,0.061,0.122,0.05859,1.00976,0.08447,28.39
$IMU,26837.717,-0.366,-0.122,0.122,0.06005,1.00585,0.08056,28.39
$IMU,26837.720,-0.305,-0.244,0.061,0.05810,1.00537,0.08251,28.39
$IMU,26837.722,-0.305,-0.061,0.122,0.05859,1.00585,0.08154,28.39
$MAG,26837.723,-0.429,-0.505,-0.670,27.6
$IMU,26837.724,-0.366,0.122,0.122,0.05761,1.00488,0.08349,28.39
$IMU,26837.727,-0.366,0.000,0.122,0.05712,1.00927,0.08349,28.39
$IMU,26837.729,-0.305,-0.122,0.122,0.05566,1.00830,0.08642,28.39
$IMU,26837.731,-0.183,-0.122,0.061,0.05761,1.00878,0.08398,28.40
$MAG,26837.733,-0.436,-0.501,-0.678,27.6
$IMU,26837.734,-0.244,-0.061,0.000,0.05761,1.01025,0.08593,28.40
$IMU,26837.736,-0.183,0.061,-0.061,0.05859,1.01025,0.08447,28.40
$IMU,26837.739,-0.244,0.183,0.000,0.05712,1.01074,0.08251,28.40
$IMU,26837.741,-0.183,0.061,-0.061,0.05517,1.00927,0.08349,28.40
$IMU,26837.743,-0.061,-0.061,-0.061,0.05859,1.01123,0.08203,28.40
$MAG,26837.743,-0.424,-0.507,-0.670,27.6
$IMU,26837.746,0.000,-0.122,0.000,0.05908,1.01123,0.08349,28.40
$IMU,26837.748,-0.122,0.061,0.000,0.05761,1.01074,0.08300,28.40
$IMU,26837.750,-0.061,-0.061,0.000,0.05468,1.01123,0.08251,28.30
$MAG,26837.753,-0.430,-0.505,-0.673,27.6
$IMU,26837.753,-0.061,-0.061,0.061,0.05615,1.01269,0.08642,28.30
$IMU,26837.755,0.000,-0.122,0.061,0.05859,1.01220,0.08398,28.30
$IMU,26837.757,0.000,-0.183,0.122,0.05371,1.01025,0.08544,28.30
$IMU,26837.760,-0.061,-0.183,0.061,0.05566,1.01074,0.08593,28.30
$IMU,26837.762,0.000,-0.122,0.000,0.05615,1.00976,0.08154,28.30
$MAG,26837.763,-0.430,-0.504,-0.669,27.6
$IMU,26837.764,-0.061,0.061,0.122,0.05566,1.00927,0.08398,28.30
$IMU,26837.767,0.000,-0.122,0.183,0.05566,1.01367,0.08496,28.30
$IMU,26837.769,0.061,-0.183,0.122,0.05566,1.01416,0.08300,28.35
$IMU,26837.771,0.061,-0.061,0.122,0.05664,1.01123,0.08203,28.35
$MAG,26837.773,-0.436,-0.499,-0.675,27.6
$IMU,26837.774,0.061,0.000,0.183,0.05468,1.00976,0.08154,28.35
$IMU,26837.776,0.000,0.183,0.244,0.05371,1.01123,0.08398,28.35
$IMU,26837.778,0.061,0.000,0.183,0.05664,1.00927,0.08251,28.35
$BARO,26837.781,86867.38,28.49
$IMU,26837.781,0.061,0.061,0.244,0.05517,1.00927,0.08203,28.35
$MAG,26837.783,-0.424,-0.504,-0.678,27.6
$IMU,26837.783,0.000,0.000,0.305,0.05957,1.00634,0.08544,28.35
$IMU,26837.785,0.000,0.000,0.305,0.06103,1.01123,0.08447,28.35
$IMU,26837.788,-0.122,0.061,0.305,0.05712,1.01025,0.08349,28.39
$IMU,26837.790,-0.122,0.061,0.244,0.05859,1.00781,0.08154,28.39
$IMU,26837.792,-0.061,-0.061,0.244,0.05859,1.01025,0.08251,28.39
$MAG,26837.794,-0.433,-0.505,-0.672,27.6
$IMU,26837.795,-0.061,-0.244,0.244,0.05810,1.00878,0.08154,28.39
$IMU,26837.797,-0.061,-0.122,0.244,0.05419,1.00781,0.07763,28.39
$IMU,26837.799,-0.244,-0.061,0.305,0.05761,1.00830,0.08154,28.39
$IMU,26837.802,-0.366,0.122,0.305,0.05859,1.00830,0.08056,28.39
$MAG,26837.804,-0.435,-0.510,-0.670,27.6
$IMU,26837.804,-0.183,-0.183,0.305,0.05517,1.01074,0.08007,28.39
$IMU,26837.807,-0.244,-0.183,0.305,0.05468,1.00878,0.08105,28.36
$IMU,26837.809,-0.305,0.000,0.305,0.05810,1.00976,0.08300,28.36
$IMU,26837.811,-0.366,0.000,0.183,0.05908,1.01025,0.08007,28.36
$MAG,26837.814,-0.435,-0.498,-0.667,27.6
$IMU,26837.814,-0.366,-0.122,0.183,0.05566,1.00830,0.08007,28.36
$IMU,26837.816,-0.427,0.000,0.122,0.05810,1.00976,0.08154,28.36
$IMU,26837.818,-0.427,-0.061,0.305,0.06005,1.00585,0.08398,28.36
$IMU,26837.821,-0.549,-0.061,0.305,0.06054,1.00976,0.08447,28.36
$IMU,26837.823,-0.549,0.061,0.366,0.06054,1.00537,0.08496,28.36
$MAG,26837.824,-0.433,-0.499,-0.661,27.5
$IMU,26837.825,-0.671,0.000,0.244,0.05810,1.00927,0.08447,28.37
$IMU,26837.828,-0.610,-0.122,0.183,0.06005,1.01025,0.08544,28.37
$IMU,26837.830,-0.488,-0.244,0.183,0.06103,1.00830,0.08349,28.37
$IMU,26837.832,-0.488,-0.122,0.122,0.06152,1.00683,0.08642,28.37
$MAG,26837.834,-0.436,-0.501,-0.682,27.6
$IMU,26837.835,-0.488,-0.183,0.122,0.06054,1.00683,0.08886,28.37
$IMU,26837.837,-0.366,-0.061,0.183,0.06005,1.00537,0.08691,28.37
$IMU,26837.839,-0.366,0.061,0.122,0.06396,1.00634,0.08496,28.37
$IMU,26837.842,-0.122,-0.305,0.000,0.06298,1.01074,0.08447,28.37
$MAG,26837.844,-0.436,-0.513,-0.673,27.6
$IMU,26837.844,-0.061,-0.122,0.000,0.06005,1.00683,0.08447,28.36
$IMU,26837.846,0.061,-0.122,-0.061,0.06445,1.00634,0.08447,28.36
$IMU,26837.849,0.183,-0.244,-0.122,0.05957,1.00683,0.08496,28.36
$IMU,26837.851,0.061,0.244,-0.183,0.05810,1.00830,0.08642,28.36
$IMU,26837.853,0.244,-0.061,-0.122,0.05712,1.00927,0.08447,28.36
$MAG,26837.854,-0.429,-0.510,-0.664,27.6
$IMU,26837.856,0.305,-0.183,-0.122,0.06005,1.00732,0.08447,28.36
$IMU,26837.858,0.244,-0.061,-0.061,0.05712,1.00781,0.08203,28.36
$IMU,26837.860,0.183,-0.061,-0.061,0.05468,1.01025,0.08447,28.36
$IMU,26837.863,0.000,0.000,-0.122,0.05566,1.00976,0.08105,28.40
$MAG,26837.864,-0.430,-0.505,-0.672,27.6
$IMU,26837.865,-0.183,0.061,-0.183,0.05273,1.01074,0.08105,28.40
$IMU,26837.868,-0.183,0.000,-0.122,0.05468,1.01025,0.08251,28.40
$IMU,26837.870,-0.183,-0.122,-0.122,0.05566,1.00878,0.08007,28.40
$IMU,26837.872,-0.183,-0.061,0.061,0.05371,1.01025,0.08105,28.40
$MAG,26837.874,-0.430,-0.502,-0.670,27.6
$IMU,26837.875,-0.305,0.122,0.000,0.05615,1.00976,0.08056,28.40
$IMU,26837.877,-0.366,0.061,0.061,0.05566,1.00830,0.08496,28.40
$IMU,26837.879,-0.244,-0.122,0.000,0.05517,1.01123,0.08691,28.40
$BARO,26837.882,86866.43,28.49
$IMU,26837.882,-0.305,0.000,-0.122,0.05810,1.01416,0.08251,28.39
$MAG,26837.884,-0.442,-0.507,-0.681,27.6
$IMU,26837.884,-0.183,-0.061,-0.061,0.05566,1.01269,0.08300,28.39
$IMU,26837.886,-0.183,0.000,0.000,0.05615,1.01074,0.08544,28.39
$IMU,26837.889,-0.061,0.061,0.122,0.05615,1.01269,0.08251,28.39
$IMU,26837.891,0.000,-0.183,0.122,0.05468,1.01074,0.08056,28.39
$IMU,26837.893,0.061,-0.122,0.061,0.05566,1.01123,0.08398,28.39
$MAG,26837.894,-0.433,-0.508,-0.663,27.6
$IMU,26837.896,0.183,-0.061,0.061,0.05517,1.01367,0.08496,28.39
$IMU,26837.898,0.122,0.000,0.000,0.05273,1.01269,0.08154,28.39
$IMU,26837.900,0.183,-0.122,0.000,0.05126,1.01318,0.08447,28.41
$IMU,26837.903,0.183,0.061,0.061,0.05322,1.00732,0.08398,28.41
$MAG,26837.904,-0.429,-0.510,-0.669,27.6
$IMU,26837.905,0.122,-0.122,0.061,0.05468,1.00830,0.08203,28.41
$IMU,26837.907,0.183,-0.244,0.122,0.05468,1.00927,0.08056,28.41
$IMU,26837.910,0.122,-0.122,0.183,0.05615,1.00781,0.07812,28.41
$IMU,26837.912,0.000,-0.061,0.183,0.05371,1.00830,0.07910,28.41
$IMU,26837.914,-0.183,0.000,0.122,0.05615,1.00683,0.08007,28.41
$MAG,26837.915,-0.438,-0.504,-0.673,27.5
$IMU,26837.917,-0.244,0.000,0.061,0.05517,1.00732,0.08056,28.41
$IMU,26837.919,-0.305,-0.122,0.061,0.05517,1.00341,0.08349,28.38
$IMU,26837.921,-0.549,-0.122,0.122,0.05371,1.00830,0.07958,28.38
$IMU,26837.924,-0.671,-0.061,0.183,0.05664,1.00683,0.08300,28.38
$MAG,26837.925,-0.435,-0.505,-0.664,27.6
$IMU,26837.926,-0.793,0.000,0.244,0.06005,1.00537,0.08154,28.38
$IMU,26837.929,-0.976,0.000,0.305,0.06152,1.00830,0.08203,28.38
$IMU,26837.931,-0.915,-0.061,0.244,0.06005,1.00878,0.08398,28.38
$IMU,26837.933,-0.915,-0.122,0.244,0.06054,1.01074,0.08886,28.38
$MAG,26837.935,-0.429,-0.505,-0.666,27.6
$IMU,26837.936,-0.854,-0.183,0.061,0.05566,1.01123,0.08642,28.38
$IMU,26837.938,-0.854,-0.061,0.122,0.05517,1.00732,0.08691,28.36
$IMU,26837.940,-0.732,0.061,0.122,0.05859,1.00585,0.08837,28.36
$IMU,26837.943,-0.488,-0.122,0.244,0.05957,1.00976,0.09130,28.36
$IMU,26837.945,-0.366,0.000,0.244,0.05712,1.00830,0.08789,28.36
$MAG,26837.945,-0.430,-0.504,-0.678,27.6
$IMU,26837.947,-0.244,-0.183,0.244,0.06054,1.01025,0.08642,28.36
$IMU,26837.950,-0.061,-0.122,0.122,0.06201,1.00878,0.08593,28.36
$IMU,26837.952,0.000,0.000,0.000,0.06152,1.00585,0.08544,28.36
$IMU,26837.954,0.122,-0.122,0.000,0.05957,1.00732,0.08544,28.36
$MAG,26837.955,-0.429,-0.504,-0.664,27.6
$IMU,26837.957,0.122,-0.061,0.061,0.06445,1.00830,0.08447,28.37
$IMU,26837.959,0.183,-0.061,0.061,0.06152,1.00830,0.08007,28.37
$IMU,26837.961,0.305,0.061,0.000,0.06347,1.00927,0.08154,28.37
$IMU,26837.964,0.488,0.061,0.000,0.05908,1.00683,0.08203,28.37
$MAG,26837.965,-0.433,-0.502,-0.667,27.6
$IMU,26837.966,0.488,-0.061,-0.061,0.06347,1.00781,0.08007,28.37
$IMU,26837.968,0.549,-0.122,-0.122,0.06396,1.00732,0.07812,28.37
$IMU,26837.971,0.671,-0.244,-0.122,0.06445,1.00683,0.07910,28.37
$IMU,26837.973,0.488,-0.061,-0.122,0.06201,1.00878,0.07958,28.37
$MAG,26837.975,-0.442,-0.510,-0.673,27.5
$IMU,26837.975,0.366,0.000,-0.122,0.06250,1.00781,0.07763,28.34
$IMU,26837.978,0.305,0.000,-0.122,0.06298,1.00439,0.07812,28.34
$IMU,26837.980,0.122,0.000,-0.122,0.06152,1.00537,0.07568,28.34
$IMU,26837.982,-0.061,-0.061,-0.183,0.06103,1.00976,0.07763,28.34
$BARO,26837.984,86859.99,28.49
$MAG,26837.985,-0.427,-0.501,-0.673,27.6
$IMU,26837.985,-0.122,-0.122,-0.122,0.06054,1.01171,0.07910,28.34
$IMU,26837.987,-0.366,-0.122,-0.183,0.05957,1.01269,0.07812,28.34
$IMU,26837.990,-0.488,-0.061,-0.122,0.06054,1.01025,0.07910,28.34
$IMU,26837.992,-0.549,-0.122,-0.122,0.05908,1.00927,0.07958,28.34
$IMU,26837.994,-0.610,-0.061,0.000,0.05761,1.01074,0.08056,28.39
$MAG,26837.995,-0.430,-0.513,-0.672,27.5
$IMU,26837.997,-0.549,-0.122,0.000,0.05175,1.00878,0.08105,28.39
$IMU,26837.999,-0.549,-0.061,0.061,0.05712,1.00878,0.08300,28.39
$IMU,26838.001,-0.549,-0.122,0.061,0.05957,1.01220,0.08251,28.39
$IMU,26838.004,-0.610,0.061,0.122,0.05664,1.01171,0.08544,28.39
$MAG,26838.005,-0.429,-0.496,-0.672,27.5
$IMU,26838.006,-0.488,0.000,0.122,0.05468,1.01220,0.08349,28.39
$IMU,26838.008,-0.305,0.061,0.122,0.05566,1.01220,0.08447,28.39
$IMU,26838.011,-0.183,-0.122,0.061,0.05371,1.01269,0.08349,28.39
$IMU,26838.013,-0.305,-0.061,0.122,0.05517,1.01269,0.08447,28.35
$IMU,26838.015,-0.122,-0.122,0.122,0.05664,1.01074,0.08447,28.35
$MAG,26838.016,-0.438,-0.510,-0.675,27.5
$IMU,26838.018,-0.244,0.061,0.244,0.06152,1.01318,0.08544,28.35
$IMU,26838.020,-0.122,-0.061,0.183,0.05859,1.00976,0.08496,28.35
$IMU,26838.022,-0.061,-0.061,0.183,0.05615,1.00976,0.08251,28.35
$IMU,26838.025,-0.061,-0.122,0.122,0.05712,1.00830,0.08496,28.35
$MAG,26838.026,-0.424,-0.498,-0.667,27.6
$IMU,26838.027,-0.183,0.000,0.061,0.05615,1.00732,0.08251,28.35
$IMU,26838.029,-0.305,0.061,0.061,0.05761,1.01074,0.08349,28.35
$IMU,26838.032,-0.366,0.000,0.061,0.05615,1.00830,0.08300,28.37
$IMU,26838.034,-0.610,0.061,0.122,0.05712,1.00830,0.08496,28.37
$MAG,26838.036,-0.433,-0.504,-0.664,27.6
$IMU,26838.036,-0.671,-0.122,0.061,0.05712,1.00683,0.08398,28.37
$IMU,26838.039,-0.732,-0.183,0.183,0.05810,1.00830,0.08642,28.37
$IMU,26838.041,-0.915,-0.244,0.122,0.05957,1.00439,0.08691,28.37
$IMU,26838.043,-0.976,-0.122,0.061,0.06005,1.00195,0.08642,28.37
$MAG,26838.046,-0.429,-0.501,-0.663,27.6
$IMU,26838.046,-1.037,-0.061,0.000,0.05761,1.00390,0.08691,28.37
$IMU,26838.048,-1.098,-0.122,0.000,0.05615,1.00195,0.08935,28.37
$IMU,26838.051,-0.915,0.000,-0.122,0.05517,1.00097,0.08740,28.39
$IMU,26838.053,-0.793,-0.122,-0.122,0.05419,1.00439,0.08691,28.39
$IMU,26838.055,-0.610,-0.122,-0.122,0.05517,1.00244,0.08886,28.39
$MAG,26838.056,-0.436,-0.507,-0.669,27.5
$IMU,26838.058,-0.366,-0.122,-0.061,0.05468,1.00927,0.08886,28.39
$IMU,26838.060,-0.061,-0.183,-0.244,0.05615,1.00439,0.08935,28.39
$IMU,26838.062,0.061,-0.061,-0.244,0.05712,1.00830,0.08691,28.39
$IMU,26838.065,0.122,0.061,-0.366,0.05322,1.00830,0.08740,28.39
$MAG,26838.066,-0.429,-0.502,-0.673,27.6
$IMU,26838.067,0.244,-0.061,-0.427,0.05615,1.01123,0.08984,28.39
$IMU,26838.069,0.183,0.183,-0.366,0.05371,1.00878,0.08837,28.39
$IMU,26838.072,0.427,0.061,-0.305,0.05126,1.01074,0.08642,28.39
$IMU,26838.074,0.427,-0.122,-0.244,0.05273,1.01220,0.08740,28.39
$MAG,26838.076,-0.430,-0.508,-0.672,27.6
$IMU,26838.076,0.427,-0.122,-0.244,0.05468,1.01220,0.08544,28.39
$IMU,26838.079,0.488,-0.061,-0.244,0.05615,1.01074,0.08251,28.39
$IMU,26838.081,0.488,0.061,-0.366,0.05078,1.01367,0.08447,28.39
$IMU,26838.083,0.549,-0.061,-0.366,0.05224,1.01562,0.08105,28.39
$BARO,26838.085,86862.60,28.49
$MAG,26838.086,-0.430,-0.504,-0.669,27.6
$IMU,26838.086,0.610,-0.061,-0.244,0.05029,1.01562,0.08349,28.39
$IMU,26838.088,0.549,-0.122,-0.244,0.05175,1.01611,0.08349,28.37
$IMU,26838.090,0.427,-0.061,-0.244,0.05419,1.01269,0.08056,28.37
$IMU,26838.093,0.244,0.061,-0.061,0.05322,1.01318,0.08056,28.37
$IMU,26838.095,0.122,-0.061,-0.183,0.05419,1.01464,0.08154,28.37
$MAG,26838.096,-0.430,-0.496,-0.672,27.5
$IMU,26838.097,-0.061,-0.061,-0.183,0.05566,1.01025,0.08056,28.37
$IMU,26838.100,-0.183,0.000,-0.244,0.05419,1.01025,0.07958,28.37
$IMU,26838.102,-0.244,-0.122,-0.183,0.05224,1.00732,0.07958,28.37
$IMU,26838.104,-0.366,-0.122,-0.122,0.05371,1.00585,0.08007,28.37
$MAG,26838.106,-0.435,-0.510,-0.667,27.3
$IMU,26838.107,-0.427,-0.122,-0.061,0.05566,1.00830,0.07568,28.41
$IMU,26838.109,-0.488,-0.061,0.000,0.05761,1.00781,0.07714,28.41
$IMU,26838.112,-0.488,0.000,0.061,0.05859,1.00390,0.07861,28.41
$VBAT,26838.112,4.134
$IMU,26838.114,-0.427,-0.244,0.000,0.05908,1.00488,0.07861,28.41
$MAG,26838.116,-0.435,-0.510,-0.675,27.6
$IMU,26838.116,-0.549,-0.183,-0.122,0.06054,1.00244,0.08007,28.41
$IMU,26838.119,-0.610,-0.061,-0.122,0.06103,1.00195,0.07763,28.41
$IMU,26838.121,-0.610,0.000,-0.061,0.06347,1.00439,0.08007,28.41
$IMU,26838.123,-0.610,-0.061,-0.061,0.06689,1.00439,0.08007,28.41
$IMU,26838.126,-0.671,-0.061,-0.061,0.06103,1.00537,0.08056,28.37
$MAG,26838.127,-0.435,-0.502,-0.661,27.7
$IMU,26838.128,-0.732,-0.061,0.000,0.06152,1.00439,0.07910,28.37
$IMU,26838.130,-0.793,-0.061,-0.122,0.06347,1.00732,0.08105,28.37
$IMU,26838.133,-0.854,-0.061,-0.183,0.06298,1.00244,0.08056,28.37
$IMU,26838.135,-0.854,0.000,-0.244,0.06201,1.00488,0.08251,28.37
$MAG,26838.137,-0.433,-0.507,-0.672,27.6
$IMU,26838.137,-0.793,-0.122,-0.305,0.06152,1.00830,0.08251,28.37
$IMU,26838.140,-0.671,-0.122,-0.305,0.06201,1.01025,0.08349,28.37
$IMU,26838.142,-0.732,0.000,-0.183,0.06103,1.01025,0.08251,28.37
$IMU,26838.144,-0.671,-0.061,-0.183,0.06152,1.00976,0.08398,28.37
$MAG,26838.147,-0.436,-0.502,-0.664,27.5
$IMU,26838.147,-0.732,0.061,-0.244,0.06201,1.01171,0.08496,28.37
$IMU,26838.149,-0.671,0.000,-0.305,0.06396,1.01171,0.08398,28.37
$IMU,26838.151,-0.610,-0.061,-0.305,0.06347,1.01171,0.08544,28.37
$IMU,26838.154,-0.610,0.000,-0.305,0.06347,1.01318,0.08593,28.37
$IMU,26838.156,-0.549,0.000,-0.305,0.06103,1.01269,0.08642,28.37
$MAG,26838.157,-0.427,-0.501,-0.673,27.6
$IMU,26838.158,-0.427,0.000,-0.244,0.05957,1.01269,0.08691,28.37
$IMU,26838.161,-0.427,0.122,-0.183,0.06054,1.01318,0.08496,28.37
$IMU,26838.163,-0.244,0.000,-0.122,0.05712,1.01269,0.08789,28.37
$IMU,26838.165,-0.122,-0.122,-0.183,0.05908,1.01269,0.08593,28.37
$MAG,26838.167,-0.436,-0.507,-0.670,27.6
$IMU,26838.168,0.061,-0.122,-0.305,0.05957,1.01220,0.08740,28.37
$IMU,26838.170,0.122,-0.061,-0.366,0.05908,1.01318,0.08593,28.37
$IMU,26838.172,0.183,-0.061,-0.244,0.05810,1.00732,0.08740,28.37
$IMU,26838.175,0.305,0.000,-0.366,0.05566,1.00830,0.08593,28.37
$MAG,26838.177,-0.427,-0.517,-0.675,27.6
$IMU,26838.177,0.488,-0.061,-0.305,0.05371,1.00585,0.08447,28.37
$IMU,26838.180,0.488,0.000,-0.244,0.05517,1.00927,0.08349,28.37
$IMU,26838.182,0.427,0.061,-0.244,0.05761,1.00878,0.08251,28.35
$IMU,26838.184,0.427,-0.061,-0.244,0.05761,1.00781,0.08154,28.35
$BARO,26838.187,86860.19,28.49
$MAG,26838.187,-0.427,-0.502,-0.664,27.5
$IMU,26838.187,0.427,-0.061,-0.244,0.05712,1.00585,0.08007,28.35
$IMU,26838.189,0.183,0.000,-0.244,0.05517,1.00830,0.07958,28.35
$IMU,26838.191,0.183,-0.122,-0.305,0.05419,1.00585,0.08203,28.35
$IMU,26838.194,0.061,-0.305,-0.244,0.05517,1.00781,0.08007,28.35
$IMU,26838.196,-0.183,-0.183,-0.183,0.05712,1.00732,0.08203,28.35
$MAG,26838.197,-0.439,-0.505,-0.672,27.6
$IMU,26838.198,-0.305,-0.183,-0.061,0.05761,1.01025,0.08056,28.35
$IMU,26838.201,-0.610,0.000,-0.183,0.05371,1.00878,0.08300,28.39
$IMU,26838.203,-0.671,-0.061,-0.183,0.05859,1.00976,0.08154,28.39
$IMU,26838.205,-0.854,-0.122,-0.244,0.05468,1.01074,0.08154,28.39
$MAG,26838.207,-0.429,-0.502,-0.664,27.5
$IMU,26838.208,-1.037,-0.061,-0.183,0.05517,1.00878,0.08203,28.39
$IMU,26838.210,-1.159,-0.122,-0.122,0.05566,1.01220,0.08251,28.39
$IMU,26838.212,-1.220,-0.122,-0.061,0.05615,1.01123,0.08300,28.39
$IMU,26838.215,-1.220,-0.061,-0.061,0.05615,1.00537,0.08496,28.39
$MAG,26838.217,-0.438,-0.505,-0.672,27.3
$IMU,26838.217,-1.220,-0.061,-0.061,0.05712,1.00976,0.08740,28.39
$IMU,26838.219,-1.220,-0.244,-0.122,0.05761,1.00830,0.09082,28.37
$IMU,26838.222,-1.098,-0.244,-0.183,0.05810,1.00927,0.09228,28.37
$IMU,26838.224,-1.098,-0.061,-0.122,0.05761,1.00927,0.08886,28.37
$IMU,26838.226,-0.976,0.061,-0.122,0.05517,1.00781,0.08691,28.37
$MAG,26838.227,-0.430,-0.505,-0.666,27.6
$IMU,26838.229,-0.732,-0.061,-0.183,0.05615,1.00634,0.08984,28.37
$IMU,26838.231,-0.366,-0.183,-0.122,0.05810,1.00634,0.09130,28.37
$IMU,26838.233,-0.244,-0.061,-0.122,0.05664,1.00732,0.08935,28.37
$IMU,26838.236,0.061,-0.122,-0.244,0.05908,1.00976,0.08886,28.37
$MAG,26838.238,-0.430,-0.516,-0.672,27.6
$IMU,26838.238,0.183,0.000,-0.305,0.05810,1.00781,0.09033,28.36
$IMU,26838.241,0.305,0.000,-0.305,0.06005,1.00488,0.08837,28.36
$IMU,26838.243,0.549,-0.122,-0.427,0.06054,1.00439,0.08593,28.36
$IMU,26838.245,0.610,-0.122,-0.427,0.06103,1.00683,0.08349,28.36
$MAG,26838.248,-0.423,-0.499,-0.667,27.6
$IMU,26838.248,0.610,-0.061,-0.427,0.06103,1.00244,0.08496,28.36
$IMU,26838.250,0.610,-0.061,-0.488,0.06054,1.00781,0.08105,28.36
$IMU,26838.252,0.610,-0.122,-0.366,0.05908,1.00732,0.08105,28.36
$IMU,26838.255,0.488,0.000,-0.427,0.06201,1.00927,0.08056,28.36
$IMU,26838.257,0.427,0.000,-0.366,0.06005,1.00878,0.07812,28.36
$MAG,26838.258,-0.435,-0.501,-0.666,27.6
$IMU,26838.259,0.366,-0.183,-0.488,0.05810,1.00732,0.07763,28.36
$IMU,26838.262,0.122,-0.061,-0.427,0.05908,1.00878,0.07714,28.36
$IMU,26838.264,0.000,0.000,-0.427,0.05761,1.00927,0.07763,28.36
$IMU,26838.266,-0.122,-0.122,-0.366,0.05810,1.00927,0.07568,28.36
$MAG,26838.268,-0.429,-0.499,-0.673,27.6
$IMU,26838.269,-0.366,-0.122,-0.366,0.05859,1.01171,0.07861,28.36
$IMU,26838.271,-0.488,0.000,-0.366,0.05957,1.01171,0.07666,28.36
$IMU,26838.273,-0.671,0.000,-0.427,0.05908,1.01318,0.08007,28.36
$IMU,26838.276,-0.610,-0.183,-0.427,0.05810,1.01123,0.07861,28.37
$MAG,26838.278,-0.429,-0.507,-0.664,27.5
$IMU,26838.278,-0.671,-0.061,-0.427,0.05761,1.01269,0.07910,28.37
$IMU,26838.280,-0.732,-0.061,-0.427,0.05761,1.01171,0.08349,28.37
$IMU,26838.283,-0.671,-0.061,-0.366,0.05566,1.01123,0.08105,28.37
$IMU,26838.285,-0.610,-0.122,-0.305,0.05468,1.01074,0.07910,28.37
$IMU,26838.287,-0.549,0.000,-0.305,0.05810,1.01318,0.08447,28.37
$BARO,26838.288,86868.03,28.49
$MAG,26838.288,-0.430,-0.513,-0.673,27.6
$IMU,26838.290,-0.427,-0.183,-0.244,0.05908,1.01416,0.08349,28.37
$IMU,26838.292,-0.366,-0.122,-0.183,0.05517,1.01660,0.08544,28.37
$IMU,26838.294,-0.305,-0.122,-0.183,0.05761,1.01318,0.08398,28.37
$IMU,26838.297,-0.366,-0.122,-0.305,0.05615,1.00976,0.08300,28.37
$MAG,26838.298,-0.433,-0.498,-0.672,27.3
$IMU,26838.299,-0.305,-0.061,-0.244,0.05664,1.00927,0.08300,28.37
$IMU,26838.302,-0.244,-0.122,-0.244,0.05566,1.01171,0.08349,28.37
$IMU,26838.304,-0.366,-0.122,-0.183,0.05566,1.01074,0.08154,28.37
$IMU,26838.306,-0.305,-0.122,-0.122,0.05859,1.00781,0.08349,28.37
$MAG,26838.308,-0.423,-0.510,-0.678,27.3
$IMU,26838.309,-0.305,-0.122,-0.183,0.05615,1.01074,0.08496,28.37
$IMU,26838.311,-0.366,-0.061,-0.122,0.06005,1.00927,0.08105,28.37
$IMU,26838.313,-0.427,0.000,-0.122,0.05664,1.00927,0.08203,28.38
$IMU,26838.316,-0.488,-0.061,-0.183,0.06054,1.00781,0.08105,28.38
$MAG,26838.318,-0.430,-0.504,-0.667,27.3
$IMU,26838.318,-0.549,-0.061,-0.244,0.05761,1.00732,0.08251,28.38
$IMU,26838.320,-0.610,0.000,-0.244,0.05664,1.00439,0.08154,28.38
$IMU,26838.323,-0.549,-0.183,-0.183,0.06152,1.00585,0.08349,28.38
$IMU,26838.325,-0.610,-0.061,-0.244,0.06201,1.00585,0.08447,28.38
$IMU,26838.327,-0.671,-0.122,-0.183,0.05957,1.00683,0.08789,28.38
$MAG,26838.328,-0.442,-0.505,-0.664,27.6
$IMU,26838.330,-0.671,-0.122,-0.183,0.06054,1.00537,0.08593,28.38
$IMU,26838.332,-0.793,0.000,-0.244,0.06005,1.00683,0.08251,28.35
$IMU,26838.334,-0.732,-0.061,-0.305,0.05908,1.00634,0.08544,28.35
$IMU,26838.337,-0.671,-0.061,-0.305,0.05810,1.00537,0.08544,28.35
$MAG,26838.338,-0.435,-0.505,-0.672,27.6
$IMU,26838.339,-0.671,0.000,-0.244,0.06005,1.00585,0.08496,28.35
$IMU,26838.341,-0.610,0.122,-0.244,0.05615,1.00781,0.08496,28.35
$IMU,26838.344,-0.427,0.000,-0.244,0.05859,1.00878,0.08251,28.35
$IMU,26838.346,-0.305,0.000,-0.244,0.06103,1.00927,0.08447,28.35
$IMU,26838.348,-0.183,-0.122,-0.305,0.06298,1.01123,0.08203,28.35
$MAG,26838.349,-0.427,-0.502,-0.670,27.5
$IMU,26838.351,-0.061,-0.122,-0.366,0.06005,1.00830,0.08593,28.39
$IMU,26838.353,0.061,-0.061,-0.427,0.05957,1.01025,0.08300,28.39
$IMU,26838.355,0.122,-0.122,-0.427,0.05761,1.01171,0.08398,28.39
$IMU,26838.358,0.122,0.061,-0.366,0.05810,1.01171,0.08349,28.39
$MAG,26838.359,-0.436,-0.507,-0.673,27.6
$IMU,26838.360,0.305,-0.061,-0.244,0.05859,1.01123,0.08593,28.39
$IMU,26838.363,0.366,-0.122,-0.183,0.06201,1.01269,0.08544,28.39
$IMU,26838.365,0.183,0.000,-0.122,0.06347,1.01367,0.08300,28.39
$IMU,26838.367,0.122,0.000,-0.183,0.06152,1.01855,0.08593,28.39
$MAG,26838.369,-0.429,-0.499,-0.678,27.6
$IMU,26838.370,0.122,-0.122,-0.244,0.06005,1.01611,0.08300,28.39
$IMU,26838.372,0.061,-0.122,-0.244,0.05859,1.01464,0.08154,28.39
$IMU,26838.374,-0.061,-0.061,-0.122,0.05957,1.01074,0.07958,28.39
$IMU,26838.377,-0.305,0.000,-0.061,0.05957,1.00976,0.08007,28.39
$MAG,26838.379,-0.433,-0.502,-0.667,27.6
$IMU,26838.379,-0.366,0.122,0.000,0.06152,1.01123,0.08251,28.39
$IMU,26838.381,-0.305,-0.122,0.000,0.06103,1.01025,0.08251,28.39
$IMU,26838.384,-0.366,-0.122,-0.061,0.05908,1.00878,0.07812,28.39
$IMU,26838.386,-0.305,-0.122,-0.061,0.05908,1.01025,0.08154,28.39
$IMU,26838.388,-0.366,-0.061,-0.061,0.05761,1.00976,0.08056,28.41
$MAG,26838.389,-0.430,-0.501,-0.672,27.6
$BARO,26838.390,86873.28,28.49
$IMU,26838.391,-0.305,-0.061,-0.183,0.05859,1.00781,0.08105,28.41
$IMU,26838.393,-0.244,-0.122,-0.122,0.05712,1.00537,0.07910,28.41
$IMU,26838.395,-0.183,-0.061,-0.061,0.05371,1.00439,0.07958,28.41
$IMU,26838.398,-0.122,-0.122,0.000,0.05712,1.00585,0.08203,28.41
$MAG,26838.399,-0.438,-0.513,-0.663,27.6
$IMU,26838.400,-0.061,-0.183,-0.122,0.05908,1.00390,0.08154,28.41
$IMU,26838.402,-0.183,0.000,-0.122,0.05566,1.00830,0.08203,28.41
$IMU,26838.405,-0.305,0.000,-0.183,0.05712,1.00781,0.08203,28.41
$IMU,26838.407,-0.305,0.000,-0.244,0.05664,1.00732,0.08251,28.37
$MAG,26838.409,-0.429,-0.507,-0.672,27.6
$IMU,26838.409,-0.366,0.000,-0.183,0.05322,1.00488,0.08349,28.37
$IMU,26838.412,-0.488,-0.061,-0.122,0.05224,1.00732,0.08300,28.37
$IMU,26838.414,-0.610,-0.061,-0.061,0.05517,1.00927,0.08154,28.37
$IMU,26838.416,-0.549,-0.122,0.000,0.05517,1.00927,0.08447,28.37
$MAG,26838.419,-0.435,-0.510,-0.676,27.5
$IMU,26838.419,-0.549,0.000,-0.061,0.05517,1.01318,0.08398,28.37
$IMU,26838.421,-0.610,-0.183,-0.183,0.05566,1.01220,0.08349,28.37
$IMU,26838.424,-0.671,-0.122,-0.244,0.05078,1.01367,0.08300,28.37
$IMU,26838.426,-0.610,-0.061,-0.244,0.05273,1.00878,0.08691,28.35
$IMU,26838.428,-0.549,-0.122,-0.244,0.05078,1.01074,0.08740,28.35
$MAG,26838.429,-0.441,-0.504,-0.664,27.6
$IMU,26838.431,-0.427,-0.183,-0.061,0.05322,1.01074,0.08593,28.35
$IMU,26838.433,-0.366,0.061,0.000,0.05517,1.00732,0.08496,28.35
$IMU,26838.435,-0.244,0.000,-0.183,0.05615,1.00976,0.08886,28.35
$HUM,26838.438,33.8,28.9
$IMU,26838.438,-0.122,-0.183,-0.183,0.05615,1.00878,0.08691,28.35
$MAG,26838.439,-0.426,-0.507,-0.687,27.6
$IMU,26838.440,0.000,0.000,-0.244,0.05517,1.01123,0.08496,28.35
$IMU,26838.442,0.000,-0.061,-0.305,0.05175,1.01074,0.08691,28.35
$IMU,26838.445,0.061,-0.061,-0.244,0.05371,1.00878,0.08544,28.41
$IMU,26838.447,0.122,-0.122,-0.183,0.05566,1.00878,0.08740,28.41
$MAG,26838.449,-0.435,-0.505,-0.670,27.6
$IMU,26838.449,0.061,0.000,-0.122,0.05419,1.01025,0.08056,28.41
$IMU,26838.452,0.122,-0.183,-0.061,0.05566,1.01123,0.08105,28.41
$IMU,26838.454,0.122,-0.122,-0.061,0.05517,1.00927,0.08251,28.41
$IMU,26838.456,0.061,-0.061,-0.122,0.05615,1.00878,0.08300,28.41
$IMU,26838.459,-0.061,-0.122,-0.183,0.05566,1.00927,0.08251,28.41
$MAG,26838.460,-0.441,-0.498,-0.673,27.5
$IMU,26838.461,-0.061,-0.183,-0.183,0.05712,1.00878,0.08203,28.41
$IMU,26838.463,-0.244,-0.061,-0.122,0.05468,1.00585,0.08203,28.38
$IMU,26838.466,-0.305,-0.122,-0.061,0.05908,1.00683,0.08349,28.38
$IMU,26838.468,-0.549,0.000,0.061,0.06152,1.00585,0.08398,28.38
$MAG,26838.470,-0.433,-0.501,-0.673,27.5
$IMU,26838.470,-0.549,-0.061,0.000,0.06250,1.00732,0.08300,28.38
$IMU,26838.473,-0.427,-0.183,-0.061,0.06298,1.01269,0.08203,28.38
$IMU,26838.475,-0.671,0.000,-0.122,0.06250,1.01025,0.08349,28.38
$IMU,26838.477,-0.793,-0.061,-0.122,0.06396,1.00781,0.08398,28.38
$MAG,26838.480,-0.424,-0.501,-0.669,27.6
$IMU,26838.480,-0.732,-0.122,-0.122,0.06494,1.00585,0.08544,28.38
$IMU,26838.482,-0.732,0.000,-0.122,0.06054,1.00830,0.08349,28.35
$IMU,26838.485,-0.732,0.000,-0.061,0.06250,1.00439,0.08251,28.35
$IMU,26838.487,-0.610,-0.122,-0.061,0.06298,1.00634,0.08544,28.35
$IMU,26838.489,-0.549,-0.061,-0.122,0.06494,1.00390,0.08447,28.35
$MAG,26838.490,-0.430,-0.510,-0.669,27.5
$BARO,26838.491,86865.01,28.49
$IMU,26838.492,-0.488,-0.061,-0.244,0.06201,1.00830,0.08593,28.35
$IMU,26838.494,-0.366,0.000,-0.366,0.06103,1.01220,0.08544,28.35
$IMU,26838.496,-0.183,-0.061,-0.366,0.06152,1.00634,0.08544,28.35
$IMU,26838.499,-0.122,0.000,-0.366,0.05957,1.00537,0.08398,28.35
$MAG,26838.500,-0.435,-0.505,-0.667,27.6
$IMU,26838.501,0.000,-0.183,-0.305,0.05957,1.00390,0.08349,28.36
$IMU,26838.503,0.122,-0.122,-0.305,0.06250,1.00683,0.08251,28.36
$IMU,26838.506,0.122,0.000,-0.366,0.05859,1.00781,0.08251,28.36
$IMU,26838.508,0.061,-0.061,-0.366,0.05908,1.00830,0.08251,28.36
$MAG,26838.510,-0.438,-0.501,-0.666,27.6
$IMU,26838.510,0.122,-0.061,-0.427,0.06103,1.00927,0.08398,28.36
$IMU,26838.513,0.061,-0.061,-0.549,0.05859,1.01171,0.08105,28.36
$IMU,26838.515,0.061,-0.122,-0.549,0.05517,1.00976,0.08154,28.36
$IMU,26838.517,0.000,-0.061,-0.488,0.05810,1.00634,0.08300,28.36
$MAG,26838.520,-0.423,-0.511,-0.670,27.5
$IMU,26838.520,-0.183,0.000,-0.427,0.05566,1.00732,0.08349,28.35
$IMU,26838.522,-0.183,0.000,-0.366,0.05615,1.01269,0.08398,28.35
$IMU,26838.524,-0.122,-0.061,-0.366,0.05664,1.01123,0.08398,28.35
$IMU,26838.527,-0.122,-0.183,-0.427,0.05566,1.01171,0.08154,28.35
$IMU,26838.529,-0.244,-0.122,-0.427,0.05419,1.01318,0.08398,28.35
$MAG,26838.530,-0.433,-0.508,-0.672,27.5
$IMU,26838.531,-0.305,0.000,-0.366,0.05517,1.01220,0.08300,28.35
$IMU,26838.534,-0.244,-0.122,-0.366,0.05078,1.00878,0.08056,28.35
$IMU,26838.536,-0.244,-0.122,-0.366,0.04736,1.01318,0.08300,28.35
$IMU,26838.538,-0.244,0.061,-0.305,0.05029,1.00927,0.08251,28.36
$MAG,26838.540,-0.438,-0.511,-0.672,27.6
$IMU,26838.541,-0.183,0.000,-0.244,0.05224,1.01025,0.08203,28.36
$IMU,26838.543,-0.122,-0.122,-0.244,0.05371,1.01025,0.08300,28.36
$IMU,26838.545,-0.061,0.061,-0.183,0.05126,1.01220,0.08203,28.36
$IMU,26838.548,-0.061,0.000,-0.305,0.05029,1.01123,0.08105,28.36
$MAG,26838.550,-0.435,-0.510,-0.664,27.6
$IMU,26838.550,0.000,-0.244,-0.244,0.04931,1.00976,0.08300,28.36
$IMU,26838.553,-0.061,-0.061,-0.183,0.04736,1.00976,0.08105,28.36
$IMU,26838.555,-0.122,-0.061,-0.122,0.05029,1.01025,0.08203,28.36
$IMU,26838.557,-0.244,-0.061,-0.061,0.04931,1.01025,0.08251,28.37
$IMU,26838.560,-0.244,0.000,0.061,0.05175,1.00976,0.08300,28.37
$MAG,26838.561,-0.430,-0.499,-0.667,27.6
$IMU,26838.562,-0.244,0.000,-0.061,0.05322,1.01220,0.07958,28.37
$IMU,26838.564,-0.427,-0.122,0.061,0.05566,1.00976,0.08154,28.37
$IMU,26838.567,-0.488,-0.061,0.061,0.05419,1.01025,0.08251,28.37
$IMU,26838.569,-0.671,0.000,0.061,0.05517,1.01123,0.08154,28.37
$MAG,26838.571,-0.429,-0.505,-0.672,27.6
$IMU,26838.571,-0.671,-0.061,0.061,0.05371,1.01220,0.08496,28.37
$IMU,26838.574,-0.732,-0.061,0.122,0.05566,1.01269,0.08300,28.37
$IMU,26838.576,-0.793,-0.061,0.244,0.05371,1.01269,0.08105,28.39
$IMU,26838.578,-0.854,-0.122,0.244,0.06005,1.01416,0.08789,28.39
$MAG,26838.581,-0.435,-0.501,-0.672,27.6
$IMU,26838.581,-1.037,0.000,0.244,0.06005,1.01318,0.08740,28.39
$IMU,26838.583,-1.037,-0.061,0.244,0.06005,1.00878,0.08593,28.39
$IMU,26838.585,-0.976,0.000,0.244,0.06152,1.01074,0.08886,28.39
$IMU,26838.588,-0.854,-0.061,0.122,0.05957,1.00830,0.08691,28.39
$IMU,26838.590,-0.732,-0.183,0.244,0.06298,1.00732,0.08691,28.39
$MAG,26838.591,-0.426,-0.504,-0.666,27.6
$IMU,26838.592,-0.549,-0.061,0.183,0.06298,1.00585,0.08691,28.39
$BARO,26838.593,86869.86,28.49
$IMU,26838.595,-0.427,0.000,0.122,0.05908,1.00781,0.08642,28.39
$IMU,26838.597,-0.244,-0.061,0.122,0.06494,1.00439,0.08789,28.39
$IMU,26838.599,0.061,-0.061,0.061,0.06152,1.01123,0.08642,28.39
$MAG,26838.601,-0.426,-0.508,-0.673,27.6
$IMU,26838.602,0.183,-0.122,0.000,0.06250,1.00878,0.08740,28.39
$IMU,26838.604,0.305,-0.061,-0.061,0.06005,1.00341,0.08544,28.39
$IMU,26838.606,0.427,-0.061,-0.122,0.06201,1.00537,0.08740,28.39
$IMU,26838.609,0.427,0.000,-0.122,0.06103,1.00390,0.08544,28.39
$MAG,26838.611,-0.436,-0.507,-0.663,27.6
$IMU,26838.611,0.427,-0.061,-0.183,0.06396,1.00244,0.08154,28.39
$IMU,26838.614,0.488,-0.122,-0.122,0.06103,1.00732,0.08544,28.39
$IMU,26838.616,0.427,-0.183,-0.061,0.06054,1.00683,0.08203,28.39
$IMU,26838.618,0.427,-0.061,-0.183,0.05761,1.00830,0.08251,28.39
$MAG,26838.621,-0.433,-0.510,-0.672,27.6
$IMU,26838.621,0.366,-0.061,-0.183,0.06005,1.00927,0.08105,28.39
$IMU,26838.623,0.305,-0.122,-0.244,0.06103,1.00927,0.07958,28.39
$IMU,26838.625,0.244,-0.122,-0.183,0.05859,1.01025,0.08203,28.39
$IMU,26838.628,0.183,-0.183,-0.122,0.05761,1.01074,0.08007,28.39
$IMU,26838.630,0.183,0.000,-0.183,0.05810,1.00976,0.08056,28.39
$MAG,26838.631,-0.423,-0.502,-0.667,27.6
$IMU,26838.632,0.061,-0.061,-0.122,0.05615,1.01220,0.07910,28.34
$IMU,26838.635,0.000,0.000,-0.061,0.06103,1.01318,0.07958,28.34
$IMU,26838.637,0.000,-0.122,-0.122,0.05615,1.01611,0.08105,28.34
$IMU,26838.639,-0.061,-0.061,-0.122,0.05761,1.01220,0.07910,28.34
$MAG,26838.641,-0.430,-0.499,-0.666,27.6
$IMU,26838.642,-0.183,-0.122,-0.122,0.05566,1.01171,0.08203,28.34
$IMU,26838.644,-0.244,-0.061,-0.061,0.05712,1.00927,0.08056,28.34
$IMU,26838.646,-0.305,0.061,0.000,0.05615,1.00830,0.08300,28.34
$IMU,26838.649,-0.366,0.061,0.061,0.05761,1.01171,0.07910,28.34
$MAG,26838.651,-0.433,-0.505,-0.678,27.7
$IMU,26838.651,-0.305,-0.061,0.061,0.05908,1.01269,0.08056,28.38
$IMU,26838.653,-0.244,-0.122,0.061,0.05712,1.01513,0.07958,28.38
$IMU,26838.656,-0.183,-0.061,-0.061,0.05615,1.00878,0.08105,28.38
$IMU,26838.658,-0.183,0.061,-0.061,0.05664,1.00976,0.07568,28.38
$IMU,26838.660,-0.244,0.000,0.000,0.05957,1.00830,0.08300,28.38
$MAG,26838.661,-0.430,-0.513,-0.681,27.6
$IMU,26838.663,-0.183,-0.061,0.061,0.05224,1.00683,0.07861,28.38
$IMU,26838.665,-0.305,0.000,0.122,0.05615,1.00878,0.08154,28.38
$IMU,26838.667,-0.244,-0.122,0.122,0.06054,1.00878,0.07910,28.38
$IMU,26838.670,-0.305,-0.122,0.061,0.05761,1.00781,0.08105,28.37
$MAG,26838.672,-0.420,-0.510,-0.679,27.5
$IMU,26838.672,-0.488,0.000,0.061,0.05957,1.00878,0.08154,28.37
$IMU,26838.675,-0.549,-0.061,0.122,0.05810,1.00634,0.08349,28.37
$IMU,26838.677,-0.671,-0.183,0.000,0.05371,1.00927,0.08300,28.37
$IMU,26838.679,-0.732,-0.061,-0.061,0.05712,1.00439,0.08496,28.37
$MAG,26838.682,-0.424,-0.508,-0.675,27.5
$IMU,26838.682,-0.793,0.000,0.000,0.05566,1.00634,0.08398,28.37
$IMU,26838.684,-0.732,-0.122,0.122,0.05957,1.00732,0.08544,28.37
$IMU,26838.686,-0.793,0.000,0.061,0.06152,1.00732,0.08740,28.37
$IMU,26838.689,-0.854,0.061,0.061,0.06054,1.00830,0.08496,28.37
$IMU,26838.691,-0.854,0.000,0.000,0.05957,1.00878,0.08837,28.37
$MAG,26838.692,-0.426,-0.511,-0.675,27.6
$IMU,26838.693,-0.793,-0.122,-0.183,0.05859,1.00781,0.08593,28.37
$BARO,26838.694,86869.30,28.48
$IMU,26838.696,-0.671,-0.122,-0.122,0.05761,1.00927,0.08642,28.37
$IMU,26838.698,-0.671,-0.061,-0.122,0.05761,1.00683,0.08691,28.37
$IMU,26838.700,-0.610,0.183,-0.061,0.05761,1.00976,0.08935,28.37
$MAG,26838.702,-0.430,-0.505,-0.669,27.6
$IMU,26838.703,-0.366,0.000,0.000,0.05664,1.00585,0.08886,28.37
$IMU,26838.705,-0.122,-0.122,-0.122,0.05517,1.01025,0.08935,28.37
$IMU,26838.707,-0.061,0.000,-0.122,0.05517,1.01220,0.08740,28.40
$IMU,26838.710,-0.061,0.061,-0.183,0.05517,1.01464,0.08642,28.40
$MAG,26838.712,-0.436,-0.505,-0.675,27.6
$IMU,26838.712,0.061,-0.061,-0.305,0.05859,1.00830,0.08642,28.40
$IMU,26838.714,0.244,-0.122,-0.244,0.05517,1.00976,0.08837,28.40
$IMU,26838.717,0.305,-0.061,-0.244,0.05810,1.00732,0.08496,28.40
$IMU,26838.719,0.366,-0.122,-0.122,0.05908,1.00927,0.08886,28.40
$IMU,26838.721,0.427,0.000,-0.122,0.05468,1.00830,0.08642,28.40
$MAG,26838.722,-0.430,-0.507,-0.673,27.6
$IMU,26838.724,0.366,0.122,-0.183,0.05615,1.01123,0.08300,28.40
$IMU,26838.726,0.366,-0.061,-0.183,0.05615,1.01171,0.08300,28.35
$IMU,26838.728,0.427,-0.061,-0.244,0.05908,1.01269,0.08251,28.35
$IMU,26838.731,0.366,-0.061,-0.244,0.05615,1.01367,0.08544,28.35
$MAG,26838.732,-0.433,-0.504,-0.663,27.6
$IMU,26838.733,0.305,-0.122,-0.183,0.05761,1.00732,0.08105,28.35
$IMU,26838.736,0.244,0.000,-0.061,0.05712,1.00830,0.07958,28.35
$IMU,26838.738,0.183,-0.061,-0.061,0.05859,1.00976,0.07812,28.35
$IMU,26838.740,0.000,0.000,-0.061,0.05712,1.01123,0.08007,28.35
$MAG,26838.742,-0.438,-0.505,-0.676,27.6
$IMU,26838.743,-0.061,-0.061,-0.122,0.05712,1.00976,0.07958,28.35
$IMU,26838.745,-0.183,-0.122,-0.061,0.05810,1.01123,0.08300,28.40
$IMU,26838.747,-0.244,-0.061,-0.061,0.05859,1.00878,0.08154,28.40
$IMU,26838.750,-0.366,0.000,-0.122,0.05566,1.00878,0.07910,28.40
$MAG,26838.752,-0.433,-0.504,-0.672,27.5
$IMU,26838.752,-0.488,-0.122,0.000,0.05664,1.00634,0.08007,28.40
$IMU,26838.754,-0.549,-0.122,0.000,0.06005,1.00976,0.08154,28.40
$IMU,26838.757,-0.549,-0.122,0.122,0.05810,1.01025,0.08300,28.40
$IMU,26838.759,-0.549,-0.061,0.122,0.05859,1.00927,0.08154,28.40
$IMU,26838.761,-0.488,-0.122,0.061,0.05957,1.01367,0.08105,28.40
$MAG,26838.762,-0.435,-0.502,-0.667,27.6
$IMU,26838.764,-0.610,-0.061,0.000,0.05908,1.01220,0.08349,28.41
$IMU,26838.766,-0.549,-0.061,0.061,0.05664,1.01318,0.08300,28.41
$IMU,26838.768,-0.549,-0.122,0.000,0.05712,1.00878,0.08544,28.41
$IMU,26838.771,-0.671,0.000,0.122,0.05566,1.01074,0.08300,28.41
$MAG,26838.772,-0.438,-0.514,-0.678,27.5
$IMU,26838.773,-0.610,0.000,0.122,0.05908,1.00732,0.08593,28.41
$IMU,26838.775,-0.610,-0.061,0.122,0.05957,1.00878,0.08349,28.41
$IMU,26838.778,-0.427,-0.183,0.061,0.05908,1.00683,0.08691,28.41
$IMU,26838.780,-0.366,-0.244,0.122,0.05957,1.00830,0.08740,28.41
$IMU,26838.782,-0.183,-0.122,0.000,0.06152,1.01025,0.08593,28.40
$MAG,26838.783,-0.426,-0.510,-0.672,27.6
$IMU,26838.785,-0.122,-0.244,0.000,0.06250,1.00976,0.08593,28.40
$IMU,26838.787,-0.122,0.000,0.061,0.05859,1.00781,0.08642,28.40
$IMU,26838.789,-0.061,-0.061,0.061,0.06152,1.00634,0.08496,28.40
$IMU,26838.792,-0.061,-0.183,0.122,0.06103,1.00878,0.08496,28.40
$MAG,26838.793,-0.426,-0.504,-0.672,27.6
$IMU,26838.794,0.000,-0.122,0.122,0.06494,1.00830,0.08496,28.40
$BARO,26838.796,86864.43,28.49
$IMU,26838.797,0.061,-0.122,-0.061,0.06347,1.00781,0.08447,28.40
$IMU,26838.799,-0.061,-0.122,-0.061,0.06298,1.00732,0.08349,28.40
$IMU,26838.801,0.000,-0.122,-0.122,0.06347,1.00781,0.08544,28.39
$MAG,26838.803,-0.433,-0.504,-0.670,27.6
$IMU,26838.804,-0.061,-0.122,-0.122,0.06201,1.00878,0.08154,28.39
$IMU,26838.806,-0.061,-0.183,-0.122,0.05908,1.00439,0.08203,28.39
$IMU,26838.808,-0.122,-0.122,-0.061,0.06201,1.00292,0.08300,28.39
$IMU,26838.811,-0.122,-0.061,-0.183,0.06152,1.00292,0.07910,28.39
$MAG,26838.813,-0.436,-0.504,-0.676,27.6
$IMU,26838.813,-0.183,0.000,-0.183,0.06152,1.00634,0.08105,28.39
$IMU,26838.815,-0.305,-0.061,-0.183,0.05957,1.00439,0.08349,28.39
$IMU,26838.818,-0.244,0.000,-0.244,0.05957,1.00390,0.08300,28.39
$IMU,26838.820,-0.244,0.000,-0.305,0.06152,1.00439,0.08349,28.40
$IMU,26838.822,-0.183,-0.183,-0.305,0.05957,1.00244,0.08398,28.40
$MAG,26838.823,-0.427,-0.505,-0.669,27.6
$IMU,26838.825,-0.183,0.000,-0.244,0.05712,1.00585,0.08105,28.40
$IMU,26838.827,-0.183,-0.061,-0.305,0.05908,1.01074,0.08154,28.40
$IMU,26838.829,-0.244,-0.183,-0.244,0.05908,1.00976,0.08447,28.40
$IMU,26838.832,-0.305,0.000,-0.244,0.06054,1.01074,0.08105,28.40
$MAG,26838.833,-0.429,-0.505,-0.667,27.6
$IMU,26838.834,-0.305,0.061,-0.366,0.05761,1.00830,0.08398,28.40
$IMU,26838.836,-0.427,-0.061,-0.427,0.05615,1.01074,0.08251,28.40
$IMU,26838.839,-0.427,0.000,-0.305,0.05761,1.01171,0.08691,28.41
$IMU,26838.841,-0.427,0.122,-0.244,0.05810,1.01074,0.08544,28.41
$MAG,26838.843,-0.441,-0.507,-0.672,27.5
$IMU,26838.843,-0.488,-0.061,-0.244,0.05371,1.01416,0.08496,28.41
$IMU,26838.846,-0.366,0.000,-0.244,0.05712,1.01220,0.08447,28.41
$IMU,26838.848,-0.305,-0.122,-0.244,0.05419,1.01123,0.08349,28.41
$IMU,26838.850,-0.244,-0.183,-0.244,0.05810,1.01171,0.08300,28.41
$MAG,26838.853,-0.433,-0.501,-0.673,27.6
$IMU,26838.853,-0.244,-0.122,-0.305,0.05273,1.01074,0.08447,28.41
$IMU,26838.855,-0.244,0.061,-0.305,0.05419,1.01367,0.08496,28.41
$IMU,26838.858,-0.183,-0.122,-0.366,0.05322,1.00781,0.08251,28.35
$IMU,26838.860,-0.122,-0.244,-0.305,0.05273,1.00830,0.08544,28.35
$IMU,26838.862,-0.183,-0.122,-0.244,0.05419,1.00976,0.08544,28.35
$MAG,26838.863,-0.430,-0.496,-0.664,27.6
$IMU,26838.865,-0.183,-0.122,-0.244,0.05517,1.00781,0.08496,28.35
$IMU,26838.867,-0.244,0.000,-0.244,0.05664,1.00927,0.08251,28.35
$IMU,26838.869,-0.305,0.000,-0.244,0.05664,1.01074,0.08349,28.35
$IMU,26838.872,-0.305,0.000,-0.244,0.05175,1.00927,0.08447,28.35
$MAG,26838.873,-0.436,-0.501,-0.669,27.6
$IMU,26838.874,-0.305,-0.122,-0.183,0.05468,1.00585,0.08105,28.35
$IMU,26838.876,-0.305,-0.122,-0.183,0.05566,1.00781,0.08300,28.41
$IMU,26838.879,-0.427,0.061,-0.183,0.05517,1.00830,0.08203,28.41
$IMU,26838.881,-0.427,0.061,-0.183,0.05517,1.00878,0.08300,28.41
$MAG,26838.883,-0.438,-0.507,-0.669,27.6
$IMU,26838.883,-0.366,-0.122,-0.183,0.05615,1.00781,0.08300,28.41
$IMU,26838.886,-0.366,-0.122,-0.122,0.05712,1.00634,0.08056,28.41
$IMU,26838.888,-0.305,-0.183,-0.244,0.05908,1.00830,0.08300,28.41
$IMU,26838.890,-0.427,0.000,-0.244,0.05859,1.01025,0.08593,28.41
$MAG,26838.893,-0.426,-0.505,-0.666,27.6
$IMU,26838.893,-0.427,0.000,-0.244,0.05859,1.00927,0.08544,28.41
$IMU,26838.895,-0.366,-0.122,-0.244,0.05615,1.00781,0.08203,28.38
$BARO,26838.897,86869.91,28.48
$IMU,26838.897,-0.427,0.061,-0.244,0.05517,1.01025,0.08398,28.38
$IMU,26838.900,-0.427,0.000,-0.183,0.05761,1.01171,0.08496,28.38
$IMU,26838.902,-0.427,-0.061,-0.061,0.05712,1.01123,0.08593,28.38
$MAG,26838.904,-0.441,-0.511,-0.666,27.6
$IMU,26838.904,-0.366,0.000,-0.183,0.06054,1.00781,0.08349,28.38
$IMU,26838.907,-0.427,-0.061,-0.183,0.06054,1.01074,0.08447,28.38
$IMU,26838.909,-0.488,-0.122,-0.183,0.05908,1.00781,0.08398,28.38
$IMU,26838.911,-0.427,-0.183,-0.244,0.05908,1.00878,0.08300,28.38
$MAG,26838.914,-0.439,-0.507,-0.678,27.6
$IMU,26838.914,-0.366,-0.122,-0.244,0.05957,1.00878,0.08349,28.36
$IMU,26838.916,-0.305,-0.061,-0.244,0.05859,1.00878,0.08398,28.36
$IMU,26838.918,-0.244,-0.244,-0.244,0.05566,1.00878,0.08447,28.36
$IMU,26838.921,-0.183,-0.122,-0.122,0.05957,1.01269,0.08593,28.36
$IMU,26838.923,-0.122,-0.061,-0.061,0.05615,1.00732,0.08349,28.36
$MAG,26838.924,-0.430,-0.507,-0.670,27.6
$IMU,26838.926,-0.061,-0.061,-0.122,0.05908,1.00878,0.08398,28.36
$IMU,26838.928,0.061,-0.183,-0.244,0.05761,1.01025,0.08349,28.36
$IMU,26838.930,0.000,-0.061,-0.244,0.06103,1.00781,0.08154,28.36
$IMU,26838.933,-0.122,-0.122,-0.183,0.05859,1.00683,0.08447,28.41
$MAG,26838.934,-0.438,-0.504,-0.667,27.6
$IMU,26838.935,-0.183,-0.061,-0.183,0.05908,1.00878,0.08251,28.41
$IMU,26838.937,-0.183,-0.122,-0.183,0.05566,1.00732,0.08349,28.41
$IMU,26838.940,-0.244,-0.061,-0.183,0.05712,1.01074,0.08056,28.41
$IMU,26838.942,-0.122,-0.122,-0.183,0.05810,1.00781,0.08300,28.41
$MAG,26838.944,-0.430,-0.508,-0.672,27.6
$IMU,26838.944,-0.061,-0.183,-0.244,0.06005,1.01220,0.08105,28.41
$IMU,26838.947,-0.061,-0.061,-0.244,0.05908,1.00830,0.08300,28.41
$IMU,26838.949,-0.061,0.000,-0.244,0.06054,1.00683,0.08203,28.41
$IMU,26838.951,0.061,-0.183,-0.244,0.05761,1.00732,0.08007,28.36
$MAG,26838.954,-0.444,-0.498,-0.669,27.6
$IMU,26838.954,0.061,-0.183,-0.183,0.06005,1.01123,0.08007,28.36
$IMU,26838.956,-0.122,0.061,-0.183,0.06005,1.00781,0.08154,28.36
$IMU,26838.958,-0.183,0.122,-0.122,0.06152,1.00927,0.08251,28.36
$IMU,26838.961,-0.183,-0.183,-0.244,0.06005,1.00585,0.08154,28.36
$IMU,26838.963,-0.305,-0.061,-0.305,0.05859,1.00927,0.08154,28.36
$MAG,26838.964,-0.433,-0.499,-0.669,27.6
$IMU,26838.965,-0.305,0.000,-0.366,0.05615,1.01220,0.08154,28.36
$IMU,26838.968,-0.305,-0.061,-0.366,0.05712,1.00878,0.07861,28.36
$IMU,26838.970,-0.305,0.000,-0.305,0.05664,1.00683,0.07861,28.39
$IMU,26838.972,-0.244,0.122,-0.244,0.05712,1.01123,0.08007,28.39
$MAG,26838.974,-0.426,-0.508,-0.676,27.6
$IMU,26838.975,-0.183,-0.061,-0.183,0.05810,1.00927,0.08154,28.39
$IMU,26838.977,-0.244,-0.244,-0.183,0.05810,1.01074,0.08398,28.39
$IMU,26838.979,-0.427,-0.061,-0.183,0.06152,1.01269,0.08105,28.39
$IMU,26838.982,-0.671,0.244,-0.244,0.05908,1.01025,0.08251,28.39
$MAG,26838.984,-0.426,-0.504,-0.670,27.6
$IMU,26838.984,-0.549,-0.061,-0.244,0.05664,1.01025,0.08300,28.39
$IMU,26838.987,-0.671,0.000,-0.183,0.05468,1.00927,0.08203,28.39
$IMU,26838.989,-0.671,-0.122,-0.061,0.05566,1.00878,0.08593,28.35
$IMU,26838.991,-0.610,-0.244,0.000,0.05859,1.01562,0.08154,28.35
$MAG,26838.994,-0.438,-0.499,-0.667,27.6
$IMU,26838.994,-0.549,-0.061,0.000,0.05712,1.01367,0.08300,28.35
$IMU,26838.996,-0.488,0.000,0.000,0.05712,1.01123,0.08496,28.35
$BARO,26838.998,86862.65,28.48
$IMU,26838.998,-0.427,0.000,0.000,0.05957,1.01171,0.08593,28.35
$IMU,26839.001,-0.366,-0.061,-0.061,0.05761,1.01367,0.08398,28.35
$IMU,26839.003,-0.244,-0.061,-0.122,0.06005,1.00781,0.08593,28.35
$MAG,26839.004,-0.430,-0.511,-0.667,27.5
$IMU,26839.005,-0.183,-0.122,-0.061,0.06152,1.00976,0.08349,28.35
$IMU,26839.008,-0.061,-0.122,0.000,0.05615,1.01074,0.08300,28.40
$IMU,26839.010,-0.122,0.000,0.000,0.05908,1.00878,0.08398,28.40
$IMU,26839.012,-0.122,-0.183,-0.061,0.06054,1.00927,0.08398,28.40
$MAG,26839.015,-0.435,-0.508,-0.666,27.6
$IMU,26839.015,-0.244,-0.122,-0.122,0.06103,1.01171,0.08154,28.40
$IMU,26839.017,-0.244,0.000,-0.122,0.05908,1.00488,0.08447,28.40
$IMU,26839.019,-0.122,-0.244,-0.183,0.05810,1.00732,0.08691,28.40
$IMU,26839.022,-0.244,-0.122,-0.122,0.05761,1.00634,0.08447,28.40
$IMU,26839.024,-0.244,-0.122,-0.061,0.05957,1.00830,0.08203,28.40
$MAG,26839.025,-0.442,-0.508,-0.670,27.6
$IMU,26839.026,-0.183,0.061,-0.061,0.05810,1.01025,0.08251,28.39
$IMU,26839.029,-0.122,-0.183,-0.061,0.06005,1.00781,0.08251,28.39
$IMU,26839.031,-0.183,-0.122,-0.122,0.06005,1.00976,0.08642,28.39
$IMU,26839.033,-0.244,0.061,-0.183,0.05712,1.00732,0.08300,28.39
$MAG,26839.035,-0.430,-0.499,-0.676,27.6
$IMU,26839.036,-0.061,-0.183,-0.366,0.05615,1.00878,0.08154,28.39
$IMU,26839.038,-0.061,-0.183,-0.305,0.05810,1.00585,0.08154,28.39
$IMU,26839.040,0.000,-0.122,-0.183,0.05810,1.00439,0.08154,28.39
$IMU,26839.043,-0.061,-0.183,-0.183,0.05468,1.00781,0.08251,28.39
$MAG,26839.045,-0.439,-0.507,-0.670,27.6
$IMU,26839.045,-0.061,-0.061,-0.061,0.05615,1.01025,0.08544,28.37
$IMU,26839.048,-0.183,0.122,-0.122,0.05712,1.00830,0.08154,28.37
$IMU,26839.050,-0.061,-0.122,-0.244,0.05712,1.00927,0.07910,28.37
$IMU,26839.052,0.061,-0.183,-0.244,0.05419,1.00927,0.08007,28.37
$MAG,26839.055,-0.426,-0.513,-0.667,27.6
$IMU,26839.055,0.122,0.000,-0.244,0.05419,1.00781,0.08056,28.37
$IMU,26839.057,0.061,-0.122,-0.183,0.05566,1.01074,0.08007,28.37
$IMU,26839.059,0.061,-0.244,-0.122,0.05957,1.01367,0.08007,28.37
$IMU,26839.062,0.061,0.000,-0.061,0.05615,1.01367,0.08203,28.37
$IMU,26839.064,-0.061,-0.061,-0.061,0.05908,1.01367,0.08251,28.40
$MAG,26839.065,-0.423,-0.501,-0.669,27.6
$IMU,26839.066,-0.122,-0.183,-0.183,0.05566,1.01367,0.07958,28.40
$IMU,26839.069,-0.183,0.244,-0.122,0.05712,1.01611,0.08203,28.40
$IMU,26839.071,-0.244,-0.061,-0.122,0.05468,1.01416,0.08154,28.40
$IMU,26839.073,-0.183,-0.305,-0.122,0.05419,1.01220,0.08154,28.40
$MAG,26839.075,-0.442,-0.499,-0.667,27.6
$IMU,26839.076,-0.244,0.000,0.000,0.05859,1.00878,0.08203,28.40
$IMU,26839.078,-0.427,0.061,0.061,0.05615,1.01171,0.08007,28.40
$IMU,26839.080,-0.488,-0.061,0.061,0.05810,1.01220,0.08105,28.40
$IMU,26839.083,-0.427,0.122,0.061,0.05810,1.01220,0.08154,28.39
$MAG,26839.085,-0.436,-0.501,-0.673,27.6
$IMU,26839.085,-0.427,-0.122,0.000,0.05810,1.00927,0.08251,28.39
$IMU,26839.087,-0.366,-0.244,-0.061,0.05908,1.00683,0.08300,28.39
$IMU,26839.090,-0.366,0.122,0.000,0.05664,1.00732,0.08398,28.39
$IMU,26839.092,-0.427,-0.061,0.000,0.05712,1.00634,0.08105,28.39
$IMU,26839.094,-0.427,-0.305,0.061,0.05615,1.00683,0.08349,28.39
$MAG,26839.095,-0.430,-0.507,-0.670,27.5
$IMU,26839.097,-0.427,0.000,0.122,0.05957,1.00878,0.08349,28.39
$IMU,26839.099,-0.488,-0.061,0.122,0.06152,1.00830,0.08398,28.39
$BARO,26839.100,86862.60,28.49
$IMU,26839.101,-0.488,-0.122,0.000,0.06005,1.00537,0.08105,28.40
$IMU,26839.104,-0.488,-0.061,0.000,0.05810,1.00732,0.08251,28.40
$MAG,26839.105,-0.433,-0.498,-0.669,27.6
$IMU,26839.106,-0.488,0.061,0.000,0.05957,1.00732,0.08154,28.40
$IMU,26839.109,-0.427,0.000,-0.061,0.05957,1.00683,0.08300,28.40
$IMU,26839.111,-0.305,-0.061,-0.061,0.05664,1.00683,0.08544,28.40
$IMU,26839.113,-0.305,-0.122,0.000,0.05957,1.00830,0.08544,28.40
$MAG,26839.115,-0.427,-0.504,-0.675,27.6
$IMU,26839.116,-0.244,-0.122,-0.061,0.05810,1.00585,0.08349,28.40
$IMU,26839.118,-0.244,-0.122,-0.061,0.06054,1.00878,0.08203,28.40
$IMU,26839.120,-0.244,0.122,-0.061,0.06152,1.00683,0.08398,28.40
$IMU,26839.123,-0.305,0.000,-0.122,0.06054,1.00830,0.08447,28.40
$IMU,26839.125,-0.244,0.000,-0.122,0.06005,1.00781,0.08789,28.40
$MAG,26839.126,-0.430,-0.502,-0.676,27.5
$IMU,26839.127,-0.122,-0.183,-0.122,0.05908,1.01025,0.08496,28.40
$VBAT,26839.127,4.129
$IMU,26839.130,-0.183,-0.122,-0.183,0.06005,1.01123,0.08447,28.40
$IMU,26839.132,-0.183,0.061,-0.183,0.05908,1.01025,0.08593,28.40
$IMU,26839.134,-0.122,-0.061,-0.122,0.06054,1.01074,0.08398,28.40
$MAG,26839.136,-0.442,-0.499,-0.663,27.7
$IMU,26839.137,0.000,-0.061,-0.122,0.05859,1.00976,0.08398,28.40
$IMU,26839.139,0.000,0.000,-0.244,0.05957,1.00976,0.08349,28.42
$IMU,26839.141,-0.061,0.000,-0.244,0.05761,1.01123,0.08203,28.42
$IMU,26839.144,0.061,-0.061,-0.183,0.05712,1.00878,0.08007,28.42
$MAG,26839.146,-0.438,-0.499,-0.670,27.6
$IMU,26839.146,0.000,0.000,-0.244,0.05761,1.01074,0.08154,28.42
$IMU,26839.148,0.000,-0.122,-0.305,0.05810,1.00683,0.08203,28.42
$IMU,26839.151,-0.061,-0.061,-0.244,0.05908,1.01074,0.08593,28.42
$IMU,26839.153,0.000,-0.061,-0.244,0.05859,1.01074,0.08349,28.42
$IMU,26839.155,0.000,-0.122,-0.244,0.05761,1.00927,0.08056,28.42
$MAG,26839.156,-0.424,-0.513,-0.673,27.6
$IMU,26839.158,-0.061,-0.183,-0.183,0.05712,1.01025,0.08154,28.40
$IMU,26839.160,-0.305,0.122,-0.183,0.05761,1.01318,0.08398,28.40
$IMU,26839.162,-0.244,0.061,-0.183,0.05810,1.00976,0.08105,28.40
$IMU,26839.165,-0.183,-0.061,-0.122,0.05615,1.01171,0.08105,28.40
$MAG,26839.166,-0.435,-0.504,-0.667,27.7
$IMU,26839.167,-0.183,-0.122,-0.061,0.05664,1.01220,0.08154,28.40
$IMU,26839.170,-0.366,-0.061,-0.183,0.05664,1.01123,0.08251,28.40
$IMU,26839.172,-0.366,-0.122,-0.122,0.05761,1.00878,0.08349,28.40
$IMU,26839.174,-0.366,-0.061,-0.061,0.05615,1.00878,0.08056,28.40
$MAG,26839.176,-0.439,-0.507,-0.669,27.6
$IMU,26839.177,-0.549,0.061,-0.061,0.05761,1.01123,0.08007,28.37
$IMU,26839.179,-0.427,-0.122,-0.061,0.05517,1.00781,0.08349,28.37
$IMU,26839.181,-0.427,-0.122,-0.061,0.06054,1.01025,0.08251,28.37
$IMU,26839.184,-0.549,-0.122,-0.122,0.05664,1.00878,0.08349,28.37
$MAG,26839.186,-0.433,-0.504,-0.672,27.6
$IMU,26839.186,-0.549,0.000,0.000,0.05664,1.00781,0.08251,28.37
$IMU,26839.188,-0.671,0.061,0.000,0.05566,1.00976,0.08349,28.37
$IMU,26839.191,-0.549,0.061,0.061,0.06103,1.01171,0.08349,28.37
$IMU,26839.193,-0.488,-0.122,0.000,0.05859,1.00878,0.08593,28.37
$IMU,26839.195,-0.488,-0.122,0.061,0.05468,1.00830,0.08398,28.43
$MAG,26839.196,-0.423,-0.507,-0.672,27.6
$IMU,26839.198,-0.427,-0.183,-0.061,0.06005,1.00634,0.08398,28.43
$IMU,26839.200,-0.488,0.061,-0.183,0.05957,1.00830,0.08349,28.43
$BARO,26839.201,86864.21,28.49
$IMU,26839.202,-0.305,-0.061,-0.122,0.05615,1.00781,0.08544,28.43
$IMU,26839.205,-0.305,-0.061,-0.122,0.05517,1.00683,0.08789,28.43
$MAG,26839.206,-0.438,-0.505,-0.672,27.6
$IMU,26839.207,-0.183,-0.122,0.000,0.05664,1.00634,0.08642,28.43
$IMU,26839.209,-0.122,-0.122,-0.061,0.05859,1.00585,0.08544,28.43
$IMU,26839.212,-0.061,-0.122,0.000,0.05761,1.00732,0.08300,28.43
$IMU,26839.214,-0.061,-0.061,-0.122,0.05566,1.00830,0.08593,28.39
$MAG,26839.216,-0.423,-0.513,-0.666,27.6
$IMU,26839.216,-0.061,-0.061,-0.183,0.05712,1.00732,0.08447,28.39
$IMU,26839.219,-0.061,-0.122,-0.244,0.05322,1.00341,0.08496,28.39
$IMU,26839.221,-0.122,0.000,-0.305,0.05712,1.00683,0.08300,28.39
$IMU,26839.223,-0.183,0.122,-0.183,0.05761,1.00781,0.08154,28.39
$MAG,26839.226,-0.430,-0.508,-0.676,27.6
$IMU,26839.226,-0.122,0.000,-0.122,0.05859,1.00830,0.08251,28.39
$IMU,26839.228,-0.122,-0.061,-0.122,0.05957,1.01123,0.08251,28.39
$IMU,26839.231,-0.122,-0.122,-0.183,0.05810,1.01123,0.08154,28.39
$IMU,26839.233,-0.061,-0.122,-0.183,0.05810,1.00830,0.08398,28.40
$IMU,26839.235,-0.122,0.000,-0.305,0.05761,1.00585,0.08544,28.40
$MAG,26839.237,-0.433,-0.505,-0.666,27.6
$IMU,26839.238,-0.183,0.000,-0.305,0.05957,1.00732,0.08496,28.40
$IMU,26839.240,-0.183,0.000,-0.305,0.05664,1.00634,0.08398,28.40
$IMU,26839.242,-0.183,-0.061,-0.244,0.05566,1.01318,0.08447,28.40
$IMU,26839.245,-0.183,0.000,-0.183,0.05664,1.01123,0.08056,28.40
$MAG,26839.247,-0.438,-0.505,-0.675,27.6
$IMU,26839.247,-0.061,-0.183,-0.122,0.05712,1.00976,0.08300,28.40
$IMU,26839.249,-0.244,0.061,-0.183,0.05810,1.00878,0.08203,28.40
$IMU,26839.252,-0.183,0.000,-0.244,0.05566,1.01123,0.08105,28.37
$IMU,26839.254,-0.061,-0.122,-0.305,0.05712,1.01123,0.08349,28.37
$IMU,26839.256,-0.244,-0.122,-0.183,0.05371,1.01318,0.08447,28.37
$MAG,26839.257,-0.427,-0.499,-0.669,27.6
$IMU,26839.259,-0.244,-0.061,-0.183,0.05371,1.00537,0.08349,28.37
$IMU,26839.261,-0.183,-0.061,-0.061,0.05615,1.00878,0.08203,28.37
$IMU,26839.263,-0.183,-0.244,0.000,0.05761,1.00781,0.08105,28.37
$IMU,26839.266,-0.183,-0.122,0.000,0.06005,1.01269,0.08496,28.37
$MAG,26839.267,-0.430,-0.504,-0.670,27.5
$IMU,26839.268,-0.244,-0.122,-0.061,0.05712,1.01367,0.08447,28.37
$IMU,26839.270,-0.183,-0.122,-0.183,0.05615,1.00683,0.08447,28.41
$IMU,26839.273,-0.305,-0.061,-0.122,0.05615,1.00732,0.08056,28.41
$IMU,26839.275,-0.427,0.000,-0.122,0.05517,1.00878,0.08544,28.41
$MAG,26839.277,-0.436,-0.507,-0.669,27.6
$IMU,26839.277,-0.427,-0.061,-0.061,0.05664,1.00634,0.08398,28.41
$IMU,26839.280,-0.366,-0.061,-0.061,0.05859,1.00585,0.08349,28.41
$IMU,26839.282,-0.366,0.000,-0.061,0.06103,1.00781,0.08300,28.41
$IMU,26839.284,-0.366,-0.061,-0.122,0.06005,1.00976,0.08056,28.41
$MAG,26839.287,-0.441,-0.505,-0.666,27.5
$IMU,26839.287,-0.427,0.000,-0.183,0.06103,1.00634,0.08154,28.41
$IMU,26839.289,-0.427,0.000,-0.183,0.05664,1.00878,0.08300,28.42
$IMU,26839.292,-0.488,0.061,-0.244,0.05957,1.00830,0.08154,28.42
$IMU,26839.294,-0.305,-0.183,-0.122,0.05810,1.00537,0.08203,28.42
$IMU,26839.296,-0.366,-0.061,-0.122,0.06152,1.00830,0.08398,28.42
$MAG,26839.297,-0.430,-0.498,-0.664,27.5
$IMU,26839.299,-0.366,-0.183,-0.122,0.05810,1.00976,0.08203,28.42
$IMU,26839.301,-0.366,-0.061,-0.183,0.06054,1.01025,0.08349,28.42
$BARO,26839.303,86867.64,28.49
$IMU,26839.303,-0.427,0.061,-0.244,0.05908,1.01025,0.08691,28.42
$IMU,26839.306,-0.366,0.000,-0.366,0.05810,1.00878,0.08251,28.42
$MAG,26839.307,-0.429,-0.502,-0.676,27.6
$IMU,26839.308,-0.183,-0.366,-0.305,0.05810,1.00976,0.08203,28.41
$IMU,26839.310,-0.244,-0.244,-0.305,0.05615,1.00830,0.08496,28.41
$IMU,26839.313,-0.305,0.000,-0.183,0.05468,1.00830,0.08300,28.41
$IMU,26839.315,-0.244,0.000,-0.183,0.05761,1.00878,0.08398,28.41
$MAG,26839.317,-0.435,-0.508,-0.673,27.6
$IMU,26839.317,-0.244,-0.061,-0.122,0.05810,1.01074,0.08691,28.41
$IMU,26839.320,-0.122,-0.122,-0.244,0.06054,1.01025,0.08203,28.41
$IMU,26839.322,-0.061,-0.183,-0.244,0.06103,1.01220,0.08349,28.41
$IMU,26839.324,-0.122,-0.183,-0.305,0.06005,1.01171,0.08447,28.41
$MAG,26839.327,-0.435,-0.501,-0.664,27.7
$IMU,26839.327,-0.183,-0.122,-0.244,0.05859,1.01171,0.08496,28.41
$IMU,26839.329,-0.183,0.061,-0.305,0.05761,1.01171,0.08349,28.41
$IMU,26839.331,-0.122,-0.122,-0.244,0.05957,1.01074,0.08154,28.41
$IMU,26839.334,-0.061,-0.244,-0.183,0.05908,1.00878,0.08300,28.41
$IMU,26839.336,-0.122,0.000,-0.244,0.06005,1.01074,0.08447,28.41
$MAG,26839.337,-0.430,-0.502,-0.669,27.6
$IMU,26839.338,-0.061,-0.122,-0.244,0.05566,1.00830,0.08300,28.41
$IMU,26839.341,-0.061,-0.122,-0.244,0.05859,1.00927,0.07958,28.41
$IMU,26839.343,-0.183,-0.061,-0.366,0.05761,1.00927,0.07861,28.41
$IMU,26839.345,-0.244,-0.061,-0.244,0.05468,1.00781,0.08056,28.42
$MAG,26839.348,-0.438,-0.507,-0.670,27.6
$IMU,26839.348,-0.244,0.122,-0.244,0.05712,1.00927,0.08349,28.42
$IMU,26839.350,-0.305,0.000,-0.122,0.05810,1.00537,0.08398,28.42
$IMU,26839.352,-0.305,0.000,-0.122,0.05615,1.00878,0.08447,28.42
$IMU,26839.355,-0.305,0.000,-0.183,0.05712,1.01171,0.07910,28.42
$IMU,26839.357,-0.244,-0.061,-0.244,0.05517,1.00976,0.08154,28.42
$MAG,26839.358,-0.429,-0.504,-0.663,27.6
$IMU,26839.360,-0.366,-0.183,-0.305,0.05810,1.00927,0.08251,28.42
$IMU,26839.362,-0.366,-0.061,-0.244,0.05859,1.00830,0.08349,28.42
$IMU,26839.364,-0.488,0.122,-0.183,0.06005,1.00976,0.08300,28.37
$IMU,26839.367,-0.610,0.244,-0.122,0.05859,1.00878,0.08154,28.37
$MAG,26839.368,-0.438,-0.511,-0.669,27.6
$IMU,26839.369,-0.366,-0.122,-0.061,0.05859,1.00683,0.08203,28.37
$IMU,26839.371,-0.427,-0.183,-0.122,0.05371,1.01123,0.08300,28.37
$IMU,26839.374,-0.427,-0.183,-0.183,0.06054,1.01074,0.08154,28.37
$IMU,26839.376,-0.427,-0.061,-0.305,0.06005,1.01025,0.08496,28.37
$MAG,26839.378,-0.426,-0.501,-0.673,27.5
$IMU,26839.378,-0.488,0.000,-0.305,0.05517,1.01123,0.08007,28.37
$IMU,26839.381,-0.366,0.000,-0.244,0.05712,1.00781,0.08349,28.37
$IMU,26839.383,-0.305,-0.122,-0.244,0.05419,1.00830,0.08496,28.44
$IMU,26839.385,-0.305,-0.061,-0.183,0.05615,1.00878,0.08349,28.44
$MAG,26839.388,-0.436,-0.510,-0.667,27.6
$IMU,26839.388,-0.366,0.061,-0.122,0.05615,1.01074,0.08593,28.44
$IMU,26839.390,-0.427,0.000,-0.183,0.05810,1.00732,0.08642,28.44
$IMU,26839.392,-0.366,-0.122,-0.183,0.06005,1.00878,0.08544,28.44
$IMU,26839.395,-0.366,-0.122,-0.244,0.05859,1.01318,0.08544,28.44
$IMU,26839.397,-0.244,-0.122,-0.244,0.05664,1.00878,0.08593,28.44
$MAG,26839.398,-0.429,-0.505,-0.675,27.6
$IMU,26839.399,-0.366,0.000,-0.183,0.05371,1.01025,0.08398,28.44
$IMU,26839.402,-0.366,0.061,-0.183,0.05810,1.00878,0.08691,28.38
$BARO,26839.404,86870.40,28.49
$IMU,26839.404,-0.244,0.000,-0.122,0.05908,1.00781,0.08300,28.38
$IMU,26839.406,-0.183,-0.061,-0.183,0.06298,1.00537,0.08300,28.38
$MAG,26839.408,-0.436,-0.502,-0.661,27.6
$IMU,26839.409,-0.183,-0.061,-0.183,0.06005,1.00927,0.08251,28.38
$IMU,26839.411,-0.183,-0.061,-0.183,0.06152,1.00683,0.08105,28.38
$IMU,26839.413,-0.183,-0.122,-0.244,0.05908,1.00732,0.08203,28.38
$IMU,26839.416,-0.183,0.000,-0.244,0.05810,1.00585,0.08300,28.38
$MAG,26839.418,-0.435,-0.504,-0.672,27.6
$IMU,26839.418,-0.122,-0.183,-0.183,0.06054,1.01171,0.08349,28.38
$IMU,26839.421,-0.122,-0.122,-0.244,0.05859,1.00781,0.08105,28.37
$IMU,26839.423,-0.122,-0.061,-0.183,0.05859,1.00732,0.08300,28.37
$IMU,26839.425,-0.122,-0.061,-0.122,0.06005,1.00488,0.08203,28.37
$MAG,26839.428,-0.433,-0.507,-0.675,27.5
$IMU,26839.428,-0.122,-0.122,-0.305,0.06005,1.00781,0.08398,28.37
$IMU,26839.430,-0.122,-0.061,-0.305,0.05908,1.00585,0.08056,28.37
$IMU,26839.432,-0.183,-0.061,-0.305,0.05908,1.00781,0.07958,28.37
$IMU,26839.435,-0.305,-0.122,-0.244,0.05664,1.00781,0.07958,28.37
$IMU,26839.437,-0.366,0.000,-0.305,0.05957,1.00732,0.08251,28.37
$MAG,26839.438,-0.433,-0.510,-0.673,27.6
$IMU,26839.439,-0.427,-0.122,-0.305,0.05712,1.00634,0.08056,28.41
$IMU,26839.442,-0.427,-0.122,-0.244,0.06152,1.01123,0.08154,28.41
$IMU,26839.444,-0.488,0.000,-0.244,0.05810,1.01123,0.08105,28.41
$IMU,26839.446,-0.488,-0.183,-0.305,0.05810,1.01220,0.08056,28.41
$MAG,26839.448,-0.430,-0.508,-0.672,27.6
$IMU,26839.449,-0.488,0.000,-0.305,0.05810,1.00830,0.08398,28.41
$IMU,26839.451,-0.488,-0.061,-0.244,0.05761,1.00732,0.08105,28.41
$IMU,26839.453,-0.427,-0.183,-0.305,0.05615,1.01025,0.08056,28.41
$HUM,26839.455,33.9,29.0
$IMU,26839.456,-0.366,-0.122,-0.305,0.05468,1.00878,0.08349,28.41
$IMU,26839.458,-0.366,-0.183,-0.305,0.05957,1.00927,0.08203,28.38
$MAG,26839.459,-0.430,-0.508,-0.670,27.6
$IMU,26839.460,-0.366,-0.122,-0.183,0.05908,1.01025,0.08496,28.38
$IMU,26839.463,-0.305,-0.061,-0.183,0.06005,1.01171,0.08154,28.38
$IMU,26839.465,-0.183,0.000,-0.183,0.05859,1.01074,0.08300,28.38
$IMU,26839.467,-0.122,-0.061,-0.183,0.05810,1.01220,0.08593,28.38
$MAG,26839.469,-0.426,-0.492,-0.663,27.6
$IMU,26839.470,-0.122,-0.061,-0.244,0.05517,1.00976,0.08496,28.38
$IMU,26839.472,-0.061,0.000,-0.183,0.05664,1.01074,0.08154,28.38
$IMU,26839.474,-0.122,-0.061,-0.183,0.05712,1.01318,0.08496,28.38
$IMU,26839.477,-0.122,0.000,-0.061,0.05761,1.01171,0.08105,28.40
$MAG,26839.479,-0.436,-0.498,-0.675,27.6
$IMU,26839.479,-0.061,-0.061,-0.061,0.05712,1.00878,0.08300,28.40
$IMU,26839.482,-0.061,-0.061,-0.061,0.05810,1.00585,0.08349,28.40
$IMU,26839.484,-0.122,-0.183,-0.122,0.05810,1.00830,0.08300,28.40
$IMU,26839.486,-0.122,-0.061,-0.122,0.06054,1.01171,0.08203,28.40
$MAG,26839.489,-0.430,-0.511,-0.669,27.6
$IMU,26839.489,-0.183,0.061,-0.122,0.05810,1.00927,0.07958,28.40
$IMU,26839.491,-0.183,-0.122,-0.183,0.05468,1.00683,0.08154,28.40
$IMU,26839.493,-0.183,-0.122,-0.122,0.05810,1.00878,0.08349,28.40
$IMU,26839.496,-0.244,-0.061,-0.122,0.05761,1.00634,0.07861,28.39
$IMU,26839.498,-0.427,0.000,-0.061,0.05712,1.00927,0.08056,28.39
$MAG,26839.499,-0.424,-0.508,-0.667,27.6
$IMU,26839.500,-0.488,-0.183,0.000,0.05957,1.00683,0.08349,28.39
$IMU,26839.503,-0.549,-0.061,-0.061,0.06152,1.00830,0.08300,28.39
$IMU,26839.505,-0.488,-0.061,-0.122,0.06054,1.00830,0.08154,28.39
$BARO,26839.506,86865.01,28.49
$IMU,26839.507,-0.488,-0.122,-0.183,0.05957,1.01074,0.08349,28.39
$MAG,26839.509,-0.429,-0.505,-0.673,27.6
$IMU,26839.510,-0.488,-0.061,-0.122,0.05712,1.00830,0.08447,28.39
$IMU,26839.512,-0.488,-0.061,-0.183,0.05908,1.00878,0.08349,28.39
$IMU,26839.514,-0.488,-0.122,-0.061,0.06005,1.00732,0.08251,28.40
$IMU,26839.517,-0.488,0.061,-0.061,0.05859,1.00927,0.08251,28.40
$MAG,26839.519,-0.433,-0.507,-0.679,27.5
$IMU,26839.519,-0.427,0.183,-0.061,0.05859,1.00634,0.08447,28.40
$IMU,26839.521,-0.488,0.000,-0.244,0.05810,1.01171,0.08300,28.40
$IMU,26839.524,-0.366,0.000,-0.183,0.05712,1.00732,0.08349,28.40
$IMU,26839.526,-0.305,-0.061,-0.183,0.05810,1.00830,0.08837,28.40
$IMU,26839.528,-0.244,-0.122,-0.244,0.05419,1.00878,0.08447,28.40
$MAG,26839.529,-0.436,-0.507,-0.670,27.6
$IMU,26839.531,-0.244,0.061,-0.122,0.05761,1.01074,0.08789,28.40
$IMU,26839.533,-0.122,0.061,-0.122,0.05810,1.00732,0.08593,28.42
$IMU,26839.535,0.000,-0.122,-0.183,0.05761,1.00927,0.08593,28.42
$IMU,26839.538,0.122,-0.183,-0.244,0.06201,1.00976,0.08105,28.42
$MAG,26839.539,-0.430,-0.514,-0.675,27.6
$IMU,26839.540,0.122,-0.061,-0.183,0.06005,1.00878,0.08398,28.42
$IMU,26839.543,0.122,-0.183,-0.366,0.05712,1.01074,0.08154,28.42
$IMU,26839.545,0.000,0.000,-0.305,0.05615,1.00830,0.08105,28.42
$IMU,26839.547,0.122,-0.061,-0.244,0.05517,1.00830,0.08154,28.42
$MAG,26839.549,-0.426,-0.508,-0.676,27.6
$IMU,26839.550,0.122,-0.305,-0.183,0.05712,1.00781,0.08203,28.42
$IMU,26839.552,0.061,-0.244,-0.183,0.05810,1.00976,0.08251,28.41
$IMU,26839.554,0.000,0.000,-0.183,0.05664,1.01074,0.07958,28.41
$IMU,26839.557,-0.061,-0.183,-0.244,0.05615,1.00927,0.08056,28.41
$MAG,26839.559,-0.427,-0.504,-0.673,27.6
$IMU,26839.559,-0.244,0.061,-0.305,0.05859,1.00732,0.08056,28.41
$IMU,26839.561,-0.244,0.000,-0.244,0.05371,1.00878,0.08544,28.41
$IMU,26839.564,-0.244,-0.061,-0.244,0.05419,1.01025,0.08251,28.41
$IMU,26839.566,-0.244,-0.122,-0.183,0.05664,1.00439,0.08251,28.41
$IMU,26839.568,-0.244,-0.061,-0.061,0.05859,1.00683,0.07958,28.41
$MAG,26839.570,-0.438,-0.511,-0.670,27.6
$IMU,26839.571,-0.305,-0.061,-0.061,0.06005,1.01025,0.08203,28.41
$IMU,26839.573,-0.366,-0.061,-0.122,0.05566,1.01025,0.08300,28.41
$IMU,26839.575,-0.427,-0.122,-0.183,0.05761,1.00781,0.08203,28.41
$IMU,26839.578,-0.366,-0.061,-0.183,0.05712,1.00634,0.08349,28.41
$MAG,26839.580,-0.427,-0.507,-0.672,27.6
$IMU,26839.580,-0.366,-0.183,-0.183,0.05859,1.00781,0.08398,28.41
$IMU,26839.582,-0.305,-0.305,-0.122,0.05712,1.01025,0.08349,28.41
$IMU,26839.585,-0.366,-0.061,0.000,0.05615,1.00732,0.08251,28.41
$IMU,26839.587,-0.305,-0.122,0.000,0.05810,1.00927,0.08251,28.41
$IMU,26839.589,-0.366,-0.183,-0.122,0.05712,1.00927,0.08251,28.43
$MAG,26839.590,-0.430,-0.514,-0.679,27.5
$IMU,26839.592,-0.366,-0.122,-0.183,0.05908,1.01123,0.08300,28.43
$IMU,26839.594,-0.366,-0.061,-0.244,0.05712,1.01318,0.08105,28.43
$IMU,26839.596,-0.427,0.000,-0.183,0.05810,1.00878,0.08349,28.43
$IMU,26839.599,-0.366,-0.061,-0.122,0.05712,1.01171,0.08398,28.43
$MAG,26839.600,-0.430,-0.504,-0.676,27.6
$IMU,26839.601,-0.427,0.000,0.000,0.05712,1.01074,0.08349,28.43
$IMU,26839.604,-0.488,-0.061,-0.061,0.05810,1.00878,0.08496,28.43
$IMU,26839.606,-0.488,-0.061,-0.061,0.05957,1.00488,0.08398,28.43
$BARO,26839.607,86867.57,28.49
$IMU,26839.608,-0.488,-0.061,-0.122,0.06103,1.00976,0.08496,28.43
$IMU,26839.611,-0.427,-0.244,-0.183,0.06054,1.01025,0.08642,28.43
$MAG,26839.610,-0.436,-0.511,-0.664,27.6
$IMU,26839.613,-0.427,-0.061,-0.183,0.06005,1.00634,0.08251,28.43
$IMU,26839.615,-0.366,-0.061,-0.183,0.05859,1.00634,0.08300,28.43
$IMU,26839.618,-0.366,0.000,-0.183,0.05810,1.00976,0.08544,28.43
$MAG,26839.620,-0.429,-0.507,-0.667,27.6
$IMU,26839.620,-0.305,0.000,-0.183,0.05615,1.00585,0.08496,28.43
$IMU,26839.622,-0.305,0.122,-0.061,0.05761,1.00781,0.08447,28.43
$IMU,26839.625,-0.183,0.000,-0.183,0.05957,1.00634,0.08642,28.43
$IMU,26839.627,-0.061,-0.244,-0.305,0.05957,1.00830,0.08740,28.44
$IMU,26839.629,-0.061,-0.122,-0.366,0.05957,1.00781,0.08105,28.44
$MAG,26839.630,-0.441,-0.505,-0.673,27.6
$IMU,26839.632,0.000,-0.122,-0.305,0.05517,1.00878,0.08300,28.44
$IMU,26839.634,0.061,-0.061,-0.305,0.05859,1.00634,0.08251,28.44
$IMU,26839.636,0.061,-0.122,-0.183,0.05761,1.00732,0.08496,28.44
$IMU,26839.639,0.244,-0.244,-0.183,0.05615,1.00683,0.08154,28.44
$MAG,26839.640,-0.424,-0.511,-0.669,27.6
$IMU,26839.641,0.122,0.000,-0.244,0.05859,1.00537,0.08447,28.44
$IMU,26839.643,0.183,0.000,-0.305,0.05957,1.01025,0.08642,28.44
$IMU,26839.646,0.000,0.061,-0.366,0.05957,1.00781,0.08203,28.45
$IMU,26839.648,0.122,-0.244,-0.366,0.05664,1.00781,0.08007,28.45
$MAG,26839.650,-0.429,-0.504,-0.670,27.6
$IMU,26839.650,0.061,-0.305,-0.305,0.05468,1.01025,0.08398,28.45
$IMU,26839.653,-0.061,-0.122,-0.244,0.05566,1.00683,0.08398,28.45
$IMU,26839.655,-0.244,-0.183,-0.183,0.05761,1.00634,0.08056,28.45
$IMU,26839.657,-0.305,-0.061,-0.183,0.05810,1.01220,0.08105,28.45
$IMU,26839.660,-0.427,0.000,-0.122,0.05810,1.01123,0.08056,28.45
$MAG,26839.660,-0.426,-0.505,-0.672,27.6
$IMU,26839.662,-0.488,-0.061,-0.183,0.05566,1.01074,0.08105,28.45
$IMU,26839.665,-0.549,-0.122,-0.244,0.05712,1.01220,0.08105,28.39
$IMU,26839.667,-0.488,-0.122,-0.122,0.05810,1.00878,0.08154,28.39
$IMU,26839.669,-0.488,-0.122,-0.122,0.05761,1.00830,0.08056,28.39
$MAG,26839.670,-0.435,-0.504,-0.661,27.6
$IMU,26839.672,-0.610,0.122,-0.122,0.05664,1.01269,0.08349,28.39
$IMU,26839.674,-0.549,0.000,0.000,0.05371,1.01171,0.08447,28.39
$IMU,26839.676,-0.488,-0.061,0.000,0.06152,1.00927,0.08056,28.39
$IMU,26839.679,-0.366,-0.183,-0.122,0.05810,1.00976,0.08642,28.39
$MAG,26839.681,-0.435,-0.501,-0.669,27.6
$IMU,26839.681,-0.427,-0.183,-0.122,0.05517,1.01123,0.08398,28.39
$IMU,26839.683,-0.366,-0.122,-0.183,0.05859,1.00878,0.08447,28.42
$IMU,26839.686,-0.427,0.061,-0.183,0.05810,1.00976,0.08398,28.42
$IMU,26839.688,-0.427,0.000,-0.183,0.05810,1.00634,0.08544,28.42
$IMU,26839.690,-0.427,0.122,0.000,0.05957,1.00927,0.08300,28.42
$MAG,26839.691,-0.433,-0.508,-0.667,27.6
$IMU,26839.693,-0.366,0.000,0.061,0.05712,1.00927,0.08300,28.42
$IMU,26839.695,-0.244,-0.061,-0.061,0.05810,1.00781,0.08300,28.42
$IMU,26839.697,-0.244,0.000,-0.122,0.06152,1.00830,0.08349,28.42
$IMU,26839.700,-0.183,-0.183,-0.122,0.06054,1.00683,0.08349,28.42
$MAG,26839.701,-0.433,-0.502,-0.669,27.6
$IMU,26839.702,-0.183,-0.183,-0.183,0.06298,1.00585,0.08154,28.38
$IMU,26839.704,-0.305,0.122,-0.244,0.05859,1.00683,0.08251,28.38
$IMU,26839.707,-0.183,-0.183,-0.183,0.05615,1.00781,0.08251,28.38
$BARO,26839.709,86870.59,28.49
$IMU,26839.709,-0.061,-0.183,-0.183,0.05859,1.00683,0.08203,28.38
$MAG,26839.711,-0.433,-0.513,-0.670,27.7
$IMU,26839.711,-0.122,-0.061,-0.183,0.05810,1.00732,0.08154,28.38
$IMU,26839.714,-0.183,-0.122,-0.122,0.06054,1.00683,0.08398,28.38
$IMU,26839.716,-0.183,-0.122,-0.244,0.05908,1.00781,0.08300,28.38
$IMU,26839.718,-0.183,0.000,-0.244,0.05810,1.00390,0.08203,28.38
$MAG,26839.721,-0.438,-0.510,-0.673,27.6
$IMU,26839.721,-0.244,0.061,-0.305,0.05908,1.01123,0.08251,28.42
$IMU,26839.723,-0.183,-0.122,-0.244,0.05615,1.01074,0.08447,28.42
$IMU,26839.725,-0.183,-0.122,-0.244,0.05371,1.00976,0.08349,28.42
$IMU,26839.728,-0.122,-0.122,-0.244,0.05566,1.00878,0.08349,28.42
$IMU,26839.730,-0.183,-0.183,-0.183,0.05712,1.00976,0.08398,28.42
$MAG,26839.731,-0.438,-0.504,-0.666,27.6
$IMU,26839.733,-0.183,-0.122,-0.183,0.05664,1.00878,0.08251,28.42
$IMU,26839.735,-0.183,-0.122,-0.244,0.05859,1.01074,0.08251,28.42
$IMU,26839.737,-0.244,-0.061,-0.305,0.06005,1.00683,0.08496,28.42
$IMU,26839.740,-0.244,0.000,-0.305,0.05761,1.01025,0.08740,28.38
$MAG,26839.741,-0.427,-0.508,-0.669,27.7
$IMU,26839.742,-0.305,-0.061,-0.244,0.05810,1.01269,0.08349,28.38
$IMU,26839.744,-0.122,-0.183,-0.244,0.05175,1.00830,0.08300,28.38
$IMU,26839.747,-0.061,-0.183,-0.122,0.05322,1.00976,0.08349,28.38
$IMU,26839.749,-0.244,-0.122,-0.183,0.05517,1.01220,0.08300,28.38
$MAG,26839.751,-0.435,-0.505,-0.670,27.6
$IMU,26839.751,-0.061,-0.305,-0.122,0.05712,1.01367,0.08300,28.38
$IMU,26839.754,-0.183,-0.183,-0.122,0.05664,1.01269,0.08398,28.38
$IMU,26839.756,-0.305,0.000,-0.122,0.05712,1.01123,0.08251,28.38
$IMU,26839.758,-0.305,-0.061,-0.122,0.05859,1.00976,0.08154,28.39
$IMU,26839.761,-0.183,-0.122,-0.183,0.05468,1.01416,0.08251,28.39
$MAG,26839.761,-0.438,-0.504,-0.672,27.6
$IMU,26839.763,-0.305,0.000,-0.061,0.05761,1.00830,0.08447,28.39
$IMU,26839.765,-0.366,-0.122,-0.061,0.05908,1.00927,0.08251,28.39
$IMU,26839.768,-0.366,0.000,0.000,0.05908,1.00976,0.08056,28.39
$IMU,26839.770,-0.366,-0.061,-0.061,0.05664,1.00781,0.08105,28.39
$MAG,26839.771,-0.435,-0.507,-0.672,27.6
$IMU,26839.772,-0.427,-0.061,-0.183,0.05566,1.01123,0.08251,28.39
$IMU,26839.775,-0.366,-0.061,-0.061,0.05761,1.00683,0.08251,28.39
$IMU,26839.777,-0.427,0.000,-0.061,0.05468,1.00927,0.08544,28.44
$IMU,26839.779,-0.427,-0.183,-0.183,0.05615,1.00830,0.08740,28.44
$MAG,26839.781,-0.435,-0.499,-0.658,27.6
$IMU,26839.782,-0.427,-0.183,-0.061,0.05566,1.00976,0.08398,28.44
$IMU,26839.784,-0.549,0.000,0.000,0.05615,1.00683,0.08398,28.44
$IMU,26839.786,-0.549,0.061,-0.122,0.06103,1.01025,0.08251,28.44
$IMU,26839.789,-0.488,-0.061,-0.061,0.06054,1.00781,0.08105,28.44
$IMU,26839.791,-0.488,0.000,-0.183,0.06103,1.00683,0.08544,28.44
$MAG,26839.792,-0.427,-0.505,-0.669,27.6
$IMU,26839.794,-0.427,-0.122,-0.244,0.06005,1.01025,0.08691,28.44
$IMU,26839.796,-0.427,-0.122,-0.183,0.05664,1.00830,0.08447,28.42
$IMU,26839.798,-0.244,-0.061,-0.183,0.05859,1.00537,0.08642,28.42
$IMU,26839.801,-0.061,-0.305,-0.244,0.05761,1.00634,0.08544,28.42
$MAG,26839.802,-0.433,-0.507,-0.669,27.6
$IMU,26839.803,-0.122,-0.183,-0.122,0.05908,1.01171,0.08251,28.42
$IMU,26839.805,-0.122,-0.061,-0.183,0.06054,1.01269,0.08349,28.42
$IMU,26839.808,-0.061,0.061,-0.244,0.06054,1.01074,0.08349,28.42
$BARO,26839.810,86867.38,28.49
$IMU,26839.810,0.000,-0.061,-0.366,0.05908,1.00830,0.08544,28.42
$MAG,26839.812,-0.432,-0.505,-0.670,27.7
$IMU,26839.812,0.000,-0.061,-0.305,0.06005,1.00878,0.08349,28.42
$IMU,26839.815,0.000,-0.122,-0.305,0.05761,1.00976,0.08203,28.41
$IMU,26839.817,-0.061,-0.183,-0.244,0.05468,1.01074,0.08349,28.41
$IMU,26839.819,-0.122,0.061,-0.183,0.05712,1.00927,0.08300,28.41
$MAG,26839.822,-0.430,-0.517,-0.673,27.7
$IMU,26839.822,-0.183,0.122,-0.122,0.05908,1.00878,0.08203,28.41
$IMU,26839.824,-0.244,0.122,-0.183,0.06005,1.00976,0.08154,28.41
$IMU,26839.826,-0.244,0.061,-0.183,0.05615,1.00927,0.08349,28.41
$IMU,26839.829,-0.183,-0.061,-0.183,0.05761,1.01220,0.08154,28.41
$IMU,26839.831,-0.183,-0.061,-0.305,0.05419,1.01123,0.08544,28.41
$MAG,26839.832,-0.432,-0.510,-0.675,27.6
$IMU,26839.833,-0.183,-0.183,-0.244,0.05566,1.00830,0.08251,28.44
$IMU,26839.836,-0.183,-0.244,-0.122,0.05761,1.00830,0.08251,28.44
$IMU,26839.838,-0.183,-0.122,-0.122,0.05419,1.00781,0.08154,28.44
$IMU,26839.840,-0.244,-0.061,-0.122,0.05712,1.01171,0.08251,28.44
$MAG,26839.842,-0.435,-0.504,-0.663,27.6
$IMU,26839.843,-0.122,-0.183,-0.183,0.05859,1.00878,0.08105,28.44
$IMU,26839.845,-0.244,-0.061,-0.244,0.05859,1.00732,0.08105,28.44
$IMU,26839.847,-0.366,0.000,-0.305,0.05859,1.00634,0.08251,28.44
$IMU,26839.850,-0.244,-0.061,-0.244,0.05517,1.00878,0.08154,28.44
$MAG,26839.852,-0.433,-0.496,-0.673,27.6
$IMU,26839.852,-0.061,-0.305,-0.183,0.05224,1.00683,0.08203,28.43
$IMU,26839.855,-0.244,-0.122,-0.122,0.05712,1.00878,0.08154,28.43
$IMU,26839.857,-0.244,-0.061,-0.122,0.05957,1.00976,0.08349,28.43
$IMU,26839.859,-0.244,-0.061,-0.122,0.05761,1.00927,0.08203,28.43
$MAG,26839.862,-0.433,-0.504,-0.664,27.7
$IMU,26839.862,-0.366,-0.122,-0.183,0.05566,1.01318,0.08105,28.43
$IMU,26839.864,-0.488,0.000,-0.244,0.05761,1.01025,0.08300,28.43
$IMU,26839.866,-0.488,-0.061,-0.183,0.05761,1.00927,0.08398,28.43
$IMU,26839.869,-0.488,-0.061,-0.183,0.05664,1.00781,0.08154,28.43
$IMU,26839.871,-0.610,0.000,-0.122,0.06005,1.00781,0.08300,28.43
$MAG,26839.872,-0.430,-0.505,-0.666,27.6
$IMU,26839.873,-0.732,0.305,0.000,0.05664,1.01074,0.08300,28.43
$IMU,26839.876,-0.549,-0.122,0.000,0.05957,1.01074,0.08398,28.43
$IMU,26839.878,-0.610,0.000,-0.061,0.06103,1.00878,0.08349,28.43
$IMU,26839.880,-0.549,0.061,-0.183,0.06250,1.01171,0.08447,28.43
$MAG,26839.882,-0.436,-0.511,-0.669,27.6
$IMU,26839.883,-0.488,-0.061,-0.244,0.05566,1.01269,0.08349,28.43
$IMU,26839.885,-0.488,-0.061,-0.244,0.05859,1.00781,0.08447,28.43
$IMU,26839.887,-0.244,-0.122,-0.244,0.05761,1.00927,0.08496,28.43
$IMU,26839.890,-0.244,-0.061,-0.183,0.05468,1.00976,0.08593,28.48
$MAG,26839.892,-0.438,-0.504,-0.666,27.6
$IMU,26839.892,-0.183,-0.183,-0.061,0.05712,1.01025,0.08642,28.48
$IMU,26839.894,-0.061,-0.122,-0.122,0.06005,1.00683,0.08349,28.48
$IMU,26839.897,-0.061,-0.061,-0.183,0.05810,1.00976,0.08544,28.48
$IMU,26839.899,0.000,-0.183,-0.244,0.05859,1.00976,0.08593,28.48
$IMU,26839.901,0.000,-0.183,-0.244,0.05859,1.00927,0.08544,28.48
$MAG,26839.903,-0.439,-0.499,-0.667,27.7
$IMU,26839.904,0.000,-0.061,-0.244,0.05615,1.00390,0.08251,28.48
$IMU,26839.906,-0.183,0.000,-0.183,0.05517,1.00732,0.08349,28.48
$IMU,26839.908,-0.122,0.000,-0.122,0.05664,1.00634,0.08105,28.43
$BARO,26839.911,86861.40,28.49
$IMU,26839.911,-0.122,-0.061,-0.122,0.05859,1.01123,0.08203,28.43
$MAG,26839.913,-0.429,-0.502,-0.663,27.6
$IMU,26839.913,-0.122,0.061,-0.183,0.05908,1.00781,0.08105,28.43
$IMU,26839.916,-0.122,0.000,-0.183,0.05908,1.01074,0.08056,28.43
$IMU,26839.918,-0.183,0.000,-0.305,0.05761,1.00781,0.08105,28.43
$IMU,26839.920,-0.244,-0.061,-0.244,0.05859,1.00537,0.08300,28.43
$MAG,26839.923,-0.435,-0.508,-0.667,27.6
$IMU,26839.923,-0.183,-0.122,-0.183,0.05517,1.00976,0.08056,28.43
$IMU,26839.925,-0.183,-0.183,-0.061,0.05908,1.01025,0.08398,28.43
$IMU,26839.927,-0.244,0.000,-0.122,0.05859,1.01025,0.08056,28.43
$IMU,26839.930,-0.427,0.183,-0.183,0.06054,1.01171,0.07910,28.43
$IMU,26839.932,-0.366,-0.122,-0.183,0.05859,1.01171,0.08154,28.43
$MAG,26839.933,-0.435,-0.499,-0.673,27.6
$IMU,26839.934,-0.305,-0.183,-0.244,0.05859,1.00878,0.08203,28.43
$IMU,26839.937,-0.244,-0.183,-0.183,0.05664,1.01025,0.08251,28.43
$IMU,26839.939,-0.305,-0.183,-0.183,0.05712,1.01171,0.08203,28.43
$IMU,26839.941,-0.427,-0.061,-0.183,0.05712,1.01171,0.08203,28.43
$MAG,26839.943,-0.433,-0.511,-0.670,27.7
$IMU,26839.944,-0.488,0.183,-0.061,0.05712,1.00732,0.08349,28.43
$IMU,26839.946,-0.366,0.000,-0.061,0.05566,1.01171,0.08349,28.40
$IMU,26839.948,-0.183,-0.305,0.000,0.05517,1.01269,0.08447,28.40
$IMU,26839.951,-0.244,-0.122,-0.122,0.05859,1.01074,0.08349,28.40
$MAG,26839.953,-0.429,-0.507,-0.672,27.5
$IMU,26839.953,-0.366,0.122,-0.122,0.05761,1.00830,0.08154,28.40
$IMU,26839.955,-0.305,0.000,-0.122,0.05615,1.00976,0.08496,28.40
$IMU,26839.958,-0.244,0.000,-0.183,0.05468,1.00781,0.08398,28.40
$IMU,26839.960,-0.244,-0.061,-0.122,0.05566,1.00878,0.08056,28.40
$IMU,26839.962,-0.244,-0.244,-0.061,0.05908,1.01220,0.08398,28.40
$MAG,26839.963,-0.438,-0.502,-0.666,27.6
$IMU,26839.965,-0.183,-0.183,0.000,0.05957,1.01074,0.08398,28.42
$IMU,26839.967,-0.244,-0.061,-0.061,0.05908,1.00927,0.08447,28.42
$IMU,26839.969,-0.305,0.061,-0.122,0.05859,1.00927,0.08496,28.42
$IMU,26839.972,-0.244,-0.061,-0.183,0.05566,1.01171,0.08251,28.42
$MAG,26839.973,-0.429,-0.513,-0.670,27.6
$IMU,26839.974,-0.244,-0.183,-0.061,0.05615,1.00927,0.08349,28.42
$IMU,26839.977,-0.305,-0.122,-0.061,0.05859,1.00683,0.08251,28.42
$IMU,26839.979,-0.366,0.061,-0.061,0.05664,1.00683,0.08251,28.42
$IMU,26839.981,-0.427,0.061,-0.061,0.05712,1.00732,0.08398,28.42
$MAG,26839.983,-0.429,-0.498,-0.667,27.7
$IMU,26839.984,-0.366,0.061,-0.061,0.05712,1.00634,0.08349,28.38
$IMU,26839.986,-0.305,-0.061,-0.183,0.05615,1.00683,0.08447,28.38
$IMU,26839.988,-0.183,-0.305,-0.122,0.05810,1.00683,0.08398,28.38
$IMU,26839.991,-0.244,-0.183,-0.244,0.05859,1.00634,0.08251,28.38
$MAG,26839.993,-0.427,-0.508,-0.666,27.7
$IMU,26839.993,-0.366,0.122,-0.305,0.06005,1.00830,0.08398,28.38
$IMU,26839.995,-0.305,0.000,-0.244,0.05615,1.00927,0.08398,28.38
$IMU,26839.998,-0.183,-0.061,-0.183,0.05566,1.00878,0.08349,28.38
$IMU,26840.000,-0.061,-0.183,-0.122,0.06152,1.01025,0.08154,28.38
$IMU,26840.002,-0.061,-0.061,-0.183,0.06005,1.00683,0.08349,28.39
$MAG,26840.003,-0.448,-0.514,-0.673,27.6
$IMU,26840.005,-0.122,-0.183,-0.183,0.05957,1.00878,0.08496,28.39
$IMU,26840.007,-0.122,0.122,-0.183,0.05468,1.01025,0.08398,28.39
$IMU,26840.009,-0.122,0.000,-0.244,0.05664,1.00830,0.08251,28.39
$IMU,26840.012,-0.183,-0.122,-0.305,0.05712,1.01074,0.08203,28.39
$BARO,26840.013,86861.60,28.49
$MAG,26840.014,-0.433,-0.507,-0.672,27.6
$IMU,26840.014,-0.183,0.000,-0.183,0.05566,1.01269,0.08105,28.39
$IMU,26840.016,-0.244,-0.061,-0.183,0.05761,1.00878,0.08154,28.39
$IMU,26840.019,-0.183,0.000,-0.183,0.05859,1.00976,0.08154,28.39
$IMU,26840.021,-0.183,0.122,-0.122,0.05957,1.01025,0.08154,28.42
$IMU,26840.023,-0.183,0.000,-0.244,0.05859,1.01074,0.08398,28.42
$MAG,26840.024,-0.433,-0.511,-0.663,27.6
$IMU,26840.026,-0.183,0.061,-0.244,0.06005,1.01025,0.08203,28.42
$IMU,26840.028,-0.122,-0.122,-0.183,0.05810,1.01123,0.08154,28.42
$IMU,26840.030,-0.366,0.000,-0.183,0.05664,1.01318,0.08056,28.42
$IMU,26840.033,-0.305,-0.122,-0.122,0.05712,1.01123,0.08251,28.42
$MAG,26840.034,-0.435,-0.514,-0.661,27.6
$IMU,26840.035,-0.366,-0.183,-0.061,0.05761,1.01171,0.08496,28.42
$IMU,26840.038,-0.427,-0.122,-0.061,0.05859,1.01318,0.08398,28.42
$IMU,26840.040,-0.366,0.000,-0.122,0.05761,1.01123,0.08007,28.44
$IMU,26840.042,-0.488,-0.061,0.000,0.05957,1.01025,0.08447,28.44
$MAG,26840.044,-0.435,-0.501,-0.664,27.6
$IMU,26840.045,-0.488,-0.122,-0.061,0.05761,1.01025,0.08300,28.44
$IMU,26840.047,-0.488,0.061,-0.122,0.05615,1.01123,0.08398,28.44
$IMU,26840.049,-0.305,-0.183,-0.122,0.05712,1.00732,0.08496,28.44
$IMU,26840.052,-0.305,-0.122,-0.061,0.06103,1.00732,0.08251,28.44
$MAG,26840.054,-0.432,-0.508,-0.678,27.6
$IMU,26840.054,-0.366,0.122,0.000,0.05615,1.00878,0.08203,28.44
$IMU,26840.056,-0.305,-0.061,-0.061,0.05761,1.00976,0.08593,28.44
$IMU,26840.059,-0.244,-0.061,-0.061,0.06103,1.00927,0.08300,28.44
$IMU,26840.061,-0.122,-0.183,-0.122,0.05761,1.00830,0.08251,28.44
$IMU,26840.063,-0.061,-0.183,-0.122,0.06005,1.00634,0.08056,28.44
$MAG,26840.064,-0.424,-0.504,-0.673,27.6
$IMU,26840.066,-0.183,0.000,-0.183,0.06103,1.00634,0.08251,28.44
$IMU,26840.068,-0.183,-0.061,-0.122,0.05957,1.00976,0.08349,28.44
$IMU,26840.070,-0.122,-0.244,-0.183,0.05859,1.00732,0.08447,28.44
$IMU,26840.073,-0.305,0.122,-0.122,0.05908,1.00830,0.08544,28.44
$MAG,26840.074,-0.433,-0.505,-0.678,27.6
$IMU,26840.075,-0.366,0.183,-0.061,0.05761,1.00927,0.08740,28.44
$IMU,26840.077,-0.305,-0.061,-0.183,0.05957,1.01074,0.08300,28.39
$IMU,26840.080,-0.305,-0.061,-0.244,0.05957,1.00488,0.08349,28.39
$IMU,26840.082,-0.366,-0.122,-0.183,0.05957,1.00927,0.08300,28.39
$MAG,26840.084,-0.436,-0.505,-0.666,27.5
$IMU,26840.084,-0.427,-0.061,-0.244,0.05712,1.00781,0.08544,28.39
$IMU,26840.087,-0.427,0.000,-0.183,0.05761,1.00976,0.08300,28.39
$IMU,26840.089,-0.366,-0.061,-0.122,0.05664,1.00927,0.08642,28.39
$IMU,26840.091,-0.427,-0.122,-0.122,0.05859,1.01220,0.08447,28.39
$MAG,26840.094,-0.427,-0.505,-0.669,27.5
$IMU,26840.094,-0.366,-0.183,-0.122,0.06005,1.00976,0.08496,28.39
$IMU,26840.096,-0.366,0.000,-0.122,0.06103,1.00634,0.08398,28.43
$IMU,26840.098,-0.244,-0.183,-0.244,0.05566,1.01367,0.08398,28.43
$IMU,26840.101,-0.244,0.000,-0.244,0.06201,1.00927,0.08203,28.43
$IMU,26840.103,-0.183,0.000,-0.305,0.05566,1.01025,0.08544,28.43
$MAG,26840.104,-0.427,-0.501,-0.663,27.6
$IMU,26840.106,-0.061,-0.183,-0.244,0.05517,1.00732,0.08496,28.43
$IMU,26840.108,0.000,-0.122,-0.061,0.05615,1.00634,0.08251,28.43
$IMU,26840.110,-0.061,0.000,-0.061,0.05908,1.01123,0.08007,28.43
$IMU,26840.113,0.000,0.000,-0.122,0.05615,1.00976,0.08203,28.43
$BARO,26840.114,86865.38,28.49
$MAG,26840.114,-0.429,-0.504,-0.666,27.6
$IMU,26840.115,0.061,-0.122,-0.122,0.05664,1.00878,0.08251,28.46
$IMU,26840.117,0.000,-0.061,-0.244,0.05859,1.00878,0.08398,28.46
$IMU,26840.120,-0.061,-0.061,-0.305,0.05517,1.00732,0.08349,28.46
$IMU,26840.122,-0.122,-0.122,-0.244,0.05664,1.00683,0.08154,28.46
$MAG,26840.124,-0.435,-0.513,-0.670,27.6
$IMU,26840.124,-0.183,0.000,-0.122,0.05712,1.00830,0.08105,28.46
$IMU,26840.127,-0.183,-0.122,-0.061,0.05566,1.00781,0.07910,28.46
$IMU,26840.129,-0.183,-0.183,-0.122,0.05810,1.00927,0.08056,28.46
$IMU,26840.131,-0.305,-0.061,-0.122,0.06152,1.00830,0.08251,28.46
$VBAT,26840.131,4.140
$IMU,26840.134,-0.305,-0.122,-0.183,0.06054,1.00634,0.08154,28.42
$MAG,26840.135,-0.435,-0.499,-0.666,27.6
$IMU,26840.136,-0.427,-0.061,-0.183,0.05761,1.00878,0.08398,28.42
$IMU,26840.138,-0.488,0.000,-0.183,0.05761,1.00976,0.08251,28.42
$IMU,26840.141,-0.488,-0.061,-0.061,0.05908,1.00585,0.08691,28.42
$IMU,26840.143,-0.488,-0.061,-0.122,0.05859,1.00878,0.08447,28.42
$MAG,26840.145,-0.438,-0.502,-0.663,27.6
$IMU,26840.145,-0.488,-0.061,-0.061,0.05908,1.01220,0.08398,28.42
$IMU,26840.148,-0.549,0.000,-0.122,0.06005,1.01025,0.08544,28.42
$IMU,26840.150,-0.427,-0.183,-0.183,0.05957,1.01220,0.08300,28.42
$IMU,26840.152,-0.427,-0.061,-0.244,0.05957,1.00439,0.08203,28.40
$MAG,26840.155,-0.436,-0.508,-0.672,27.6
$IMU,26840.155,-0.488,0.061,-0.244,0.06005,1.00585,0.08593,28.40
$IMU,26840.157,-0.488,0.122,-0.244,0.05908,1.00439,0.08203,28.40
$IMU,26840.159,-0.427,0.061,-0.122,0.05615,1.00830,0.08251,28.40
$IMU,26840.162,-0.366,-0.061,-0.061,0.05517,1.01171,0.08544,28.40
$IMU,26840.164,-0.305,0.000,-0.122,0.05908,1.01025,0.08691,28.40
$MAG,26840.165,-0.435,-0.505,-0.667,27.6
$IMU,26840.167,-0.244,0.000,-0.183,0.05810,1.00781,0.08398,28.40
$IMU,26840.169,-0.183,0.061,-0.183,0.06005,1.01025,0.08251,28.40
$IMU,26840.171,-0.183,-0.122,-0.244,0.05517,1.00927,0.08349,28.44
$IMU,26840.174,-0.061,-0.244,-0.244,0.05761,1.00976,0.08398,28.44
$MAG,26840.175,-0.433,-0.499,-0.667,27.6
$IMU,26840.176,0.000,-0.305,-0.183,0.05615,1.00634,0.08447,28.44
$IMU,26840.178,0.122,-0.366,-0.122,0.05957,1.00830,0.08496,28.44
$IMU,26840.181,0.000,-0.122,-0.061,0.05761,1.01074,0.08349,28.44
$IMU,26840.183,0.000,-0.122,-0.122,0.05957,1.01171,0.08251,28.44
$MAG,26840.185,-0.430,-0.507,-0.670,27.6
$IMU,26840.185,0.000,-0.122,-0.183,0.06054,1.01367,0.08349,28.44
$IMU,26840.188,0.000,-0.122,-0.244,0.06005,1.00976,0.07910,28.44
$IMU,26840.190,0.000,-0.244,-0.305,0.05957,1.00830,0.08154,28.39
$IMU,26840.192,-0.244,-0.061,-0.244,0.05615,1.00732,0.08251,28.39
$MAG,26840.195,-0.435,-0.510,-0.672,27.6
$IMU,26840.195,-0.305,0.061,-0.244,0.05468,1.01074,0.08300,28.39
$IMU,26840.197,-0.305,0.000,-0.183,0.06152,1.01025,0.08154,28.39
$IMU,26840.199,-0.366,0.061,-0.122,0.06103,1.01269,0.08300,28.39
$IMU,26840.202,-0.427,0.122,-0.183,0.05957,1.01074,0.08642,28.39
$IMU,26840.204,-0.427,-0.061,-0.183,0.05566,1.01074,0.08251,28.39
$MAG,26840.205,-0.430,-0.504,-0.666,27.7
$IMU,26840.206,-0.427,-0.061,-0.183,0.05761,1.00830,0.08447,28.39
$IMU,26840.209,-0.427,-0.061,-0.183,0.05615,1.00634,0.08349,28.41
$IMU,26840.211,-0.488,-0.061,-0.122,0.05566,1.00781,0.08105,28.41
$IMU,26840.213,-0.427,-0.061,0.000,0.05957,1.01269,0.08154,28.41
$MAG,26840.215,-0.435,-0.507,-0.664,27.7
$BARO,26840.216,86868.18,28.49
$IMU,26840.216,-0.366,-0.122,0.061,0.06103,1.00683,0.08349,28.41
$IMU,26840.218,-0.427,-0.061,0.000,0.05957,1.01123,0.08251,28.41
$IMU,26840.220,-0.366,0.000,-0.122,0.06005,1.00927,0.08544,28.41
$IMU,26840.223,-0.244,-0.122,-0.244,0.05517,1.00976,0.08349,28.41
$MAG,26840.225,-0.442,-0.495,-0.666,27.7
$IMU,26840.225,-0.305,-0.122,-0.244,0.05712,1.00683,0.08300,28.41
$IMU,26840.228,-0.244,0.000,-0.183,0.05859,1.00683,0.08349,28.43
$IMU,26840.230,-0.183,-0.061,-0.122,0.05761,1.00781,0.08447,28.43
$IMU,26840.232,-0.244,0.000,-0.122,0.05712,1.01171,0.08447,28.43
$MAG,26840.235,-0.432,-0.508,-0.675,27.6
$IMU,26840.235,-0.244,0.000,-0.122,0.05957,1.00878,0.08349,28.43
$IMU,26840.237,-0.122,-0.122,-0.183,0.06054,1.01074,0.08642,28.43
$IMU,26840.239,-0.122,-0.183,-0.183,0.05712,1.00927,0.08251,28.43
$IMU,26840.242,-0.183,-0.122,-0.183,0.05761,1.01074,0.08251,28.43
$IMU,26840.244,-0.305,-0.122,-0.244,0.05761,1.00781,0.08154,28.43
$MAG,26840.246,-0.426,-0.519,-0.672,27.6
$IMU,26840.246,-0.305,-0.122,-0.122,0.05615,1.00683,0.08496,28.45
$IMU,26840.249,-0.305,-0.122,-0.122,0.05859,1.00732,0.08398,28.45
$IMU,26840.251,-0.305,-0.122,-0.122,0.05664,1.00976,0.08251,28.45
$IMU,26840.253,-0.244,-0.122,-0.122,0.05859,1.00976,0.08300,28.45
$MAG,26840.256,-0.426,-0.502,-0.669,27.6
$IMU,26840.256,-0.305,-0.122,-0.122,0.05712,1.01269,0.08300,28.45
$IMU,26840.258,-0.366,0.061,-0.183,0.05810,1.01220,0.08203,28.45
$IMU,26840.260,-0.244,-0.122,-0.183,0.05957,1.00830,0.08544,28.45
$IMU,26840.263,-0.244,-0.061,-0.244,0.05908,1.00732,0.08544,28.45
$IMU,26840.265,-0.244,0.061,-0.244,0.05566,1.01171,0.08447,28.44
$MAG,26840.266,-0.429,-0.508,-0.670,27.6
$IMU,26840.267,-0.183,-0.122,-0.183,0.05664,1.01074,0.08398,28.44
$IMU,26840.270,-0.183,-0.061,-0.244,0.05810,1.00488,0.08496,28.44
$IMU,26840.272,-0.183,0.061,-0.183,0.05712,1.00732,0.08251,28.44
$IMU,26840.274,-0.122,0.061,-0.244,0.05761,1.00781,0.08251,28.44
$MAG,26840.276,-0.432,-0.507,-0.672,27.6
$IMU,26840.277,0.061,-0.244,-0.244,0.05761,1.00781,0.08300,28.44
$IMU,26840.279,0.061,-0.183,-0.244,0.05712,1.00927,0.08203,28.44
$IMU,26840.281,0.000,-0.122,-0.244,0.05712,1.00830,0.08203,28.44
$IMU,26840.284,0.000,-0.122,-0.183,0.05468,1.01074,0.08203,28.46
$MAG,26840.286,-0.436,-0.501,-0.670,27.7
$IMU,26840.286,-0.061,-0.122,-0.061,0.05761,1.01171,0.08056,28.46
$IMU,26840.289,-0.183,0.000,-0.122,0.05908,1.01220,0.08300,28.46
$IMU,26840.291,-0.305,0.122,-0.122,0.05810,1.01171,0.08056,28.46
$IMU,26840.293,-0.244,-0.122,-0.122,0.06103,1.00976,0.08105,28.46
$MAG,26840.296,-0.427,-0.496,-0.664,27.6
$IMU,26840.296,-0.244,-0.122,-0.183,0.06005,1.01171,0.08105,28.46
$IMU,26840.298,-0.305,-0.183,-0.183,0.05859,1.01220,0.08349,28.46
$IMU,26840.300,-0.488,0.061,-0.122,0.05810,1.01074,0.08203,28.46
$IMU,26840.303,-0.488,0.000,-0.122,0.06103,1.00683,0.08251,28.44
$IMU,26840.305,-0.488,-0.122,-0.061,0.05712,1.01220,0.08300,28.44
$MAG,26840.306,-0.429,-0.499,-0.669,27.7
$IMU,26840.307,-0.549,0.000,-0.061,0.06054,1.00976,0.08496,28.44
$IMU,26840.310,-0.427,-0.061,-0.122,0.05712,1.01025,0.08154,28.44
$IMU,26840.312,-0.549,0.061,-0.122,0.05566,1.00878,0.08447,28.44
$IMU,26840.314,-0.549,0.000,-0.122,0.05908,1.00830,0.08642,28.44
$MAG,26840.316,-0.435,-0.496,-0.664,27.6
$BARO,26840.317,86872.62,28.49
$IMU,26840.317,-0.427,0.000,-0.122,0.05761,1.00927,0.08544,28.44
$IMU,26840.319,-0.427,-0.122,-0.061,0.05712,1.00683,0.08300,28.44
$IMU,26840.321,-0.305,-0.183,-0.122,0.05664,1.00439,0.08300,28.46
$IMU,26840.324,-0.305,-0.122,-0.061,0.05957,1.00878,0.08789,28.46
$MAG,26840.326,-0.429,-0.502,-0.666,27.6
$IMU,26840.326,-0.305,-0.122,-0.122,0.06005,1.00732,0.08544,28.46
$IMU,26840.328,-0.366,0.000,-0.122,0.06201,1.00927,0.08544,28.46
$IMU,26840.331,-0.305,0.122,-0.061,0.06054,1.01074,0.08691,28.46
$IMU,26840.333,-0.183,-0.122,-0.183,0.05810,1.00732,0.08349,28.46
$IMU,26840.335,-0.122,-0.061,-0.183,0.05664,1.00683,0.08349,28.46
$MAG,26840.336,-0.427,-0.502,-0.676,27.6
$IMU,26840.338,-0.061,-0.122,-0.183,0.05810,1.00781,0.08300,28.46
$IMU,26840.340,-0.061,0.000,-0.061,0.05664,1.00634,0.08007,28.41
$IMU,26840.342,-0.061,0.000,-0.122,0.05664,1.00976,0.08398,28.41
$IMU,26840.345,-0.061,0.000,-0.183,0.05859,1.00976,0.08349,28.41
$MAG,26840.346,-0.433,-0.508,-0.666,27.6
$IMU,26840.347,0.000,-0.183,-0.244,0.05908,1.00634,0.08154,28.41
$IMU,26840.350,-0.061,-0.061,-0.244,0.05810,1.01171,0.08251,28.41
$IMU,26840.352,-0.183,0.000,-0.244,0.06103,1.00732,0.08203,28.41
$IMU,26840.354,-0.244,-0.122,-0.183,0.05664,1.01074,0.08056,28.41
$MAG,26840.357,-0.436,-0.510,-0.664,27.7
$IMU,26840.357,-0.305,0.061,-0.244,0.05957,1.01025,0.08056,28.41
$IMU,26840.359,-0.183,-0.183,-0.183,0.05957,1.00976,0.08251,28.45
$IMU,26840.361,-0.183,-0.122,-0.244,0.05859,1.00976,0.08447,28.45
$IMU,26840.364,-0.183,-0.183,-0.122,0.05761,1.00781,0.08251,28.45
$IMU,26840.366,-0.183,-0.183,-0.183,0.05810,1.00634,0.08203,28.45
$MAG,26840.367,-0.435,-0.510,-0.667,27.5
$IMU,26840.368,-0.244,-0.061,-0.244,0.05761,1.00585,0.08349,28.45
$IMU,26840.371,-0.305,-0.122,-0.244,0.05566,1.00732,0.08300,28.45
$IMU,26840.373,-0.244,-0.183,-0.244,0.05566,1.00683,0.08398,28.45
$IMU,26840.375,-0.305,-0.122,-0.305,0.05566,1.00732,0.08154,28.45
$MAG,26840.377,-0.427,-0.504,-0.666,27.6
$IMU,26840.378,-0.244,-0.122,-0.244,0.05712,1.00927,0.08105,28.45
$IMU,26840.380,-0.244,0.000,-0.122,0.06054,1.01513,0.08349,28.45
$IMU,26840.382,-0.183,0.000,-0.122,0.05664,1.01074,0.08154,28.45
$IMU,26840.385,-0.122,-0.183,-0.122,0.05859,1.01416,0.08056,28.45
$MAG,26840.387,-0.439,-0.502,-0.664,27.6
$IMU,26840.387,-0.122,-0.122,-0.122,0.05908,1.00830,0.08300,28.45
$IMU,26840.389,-0.244,-0.061,-0.244,0.05712,1.00976,0.08496,28.45
$IMU,26840.392,-0.305,0.061,-0.244,0.05761,1.00781,0.08349,28.45
$IMU,26840.394,-0.305,0.000,-0.122,0.05664,1.00878,0.08544,28.45
$IMU,26840.396,-0.366,-0.183,-0.122,0.05810,1.00830,0.08251,28.47
$MAG,26840.397,-0.421,-0.505,-0.670,27.5
$IMU,26840.399,-0.305,-0.122,-0.061,0.06054,1.00683,0.08349,28.47
$IMU,26840.401,-0.366,-0.061,-0.061,0.05908,1.01074,0.08300,28.47
$IMU,26840.403,-0.366,-0.061,-0.122,0.05908,1.00683,0.08300,28.47
$IMU,26840.406,-0.427,0.000,-0.183,0.05957,1.00634,0.08251,28.47
$MAG,26840.407,-0.436,-0.508,-0.675,27.6
$IMU,26840.408,-0.427,-0.183,-0.244,0.06103,1.00488,0.08447,28.47
$IMU,26840.411,-0.366,0.000,-0.244,0.05957,1.00634,0.08398,28.47
$IMU,26840.413,-0.244,-0.122,-0.183,0.05761,1.00683,0.08398,28.47
$IMU,26840.415,-0.244,-0.122,-0.122,0.05566,1.00439,0.08349,28.43
$MAG,26840.417,-0.438,-0.505,-0.669,27.6
$IMU,26840.418,-0.305,0.061,0.000,0.05957,1.01269,0.08300,28.43
$BARO,26840.419,86864.57,28.49
$IMU,26840.420,-0.244,-0.122,-0.122,0.05957,1.00830,0.08349,28.43
$IMU,26840.422,-0.427,0.183,-0.183,0.05908,1.01025,0.08398,28.43
$IMU,26840.425,-0.427,0.000,-0.305,0.05761,1.00927,0.08203,28.43
$MAG,26840.427,-0.430,-0.499,-0.660,27.6
$IMU,26840.427,-0.244,-0.183,-0.244,0.05712,1.00830,0.08300,28.43
$IMU,26840.429,-0.244,-0.122,-0.244,0.05566,1.00488,0.08251,28.43
$IMU,26840.432,-0.244,-0.061,-0.183,0.05859,1.00830,0.08154,28.43
$IMU,26840.434,-0.244,0.000,-0.122,0.05859,1.00927,0.08593,28.44
$IMU,26840.436,-0.183,-0.122,-0.122,0.06054,1.00878,0.08642,28.44
$MAG,26840.437,-0.435,-0.511,-0.669,27.6
$IMU,26840.439,-0.305,0.122,-0.183,0.05761,1.00878,0.08105,28.44
$IMU,26840.441,-0.183,0.000,-0.244,0.06054,1.00683,0.08544,28.44
$IMU,26840.443,-0.305,-0.122,-0.305,0.05908,1.00878,0.08154,28.44
$IMU,26840.446,-0.244,0.000,-0.366,0.05761,1.00634,0.08349,28.44
$MAG,26840.447,-0.436,-0.504,-0.661,27.6
$IMU,26840.448,-0.122,-0.061,-0.305,0.05712,1.00878,0.08593,28.44
$IMU,26840.450,-0.122,-0.183,-0.122,0.05712,1.00830,0.08544,28.44
$IMU,26840.453,-0.244,0.000,-0.183,0.05810,1.01025,0.08642,28.41
$IMU,26840.455,-0.244,0.061,-0.183,0.06298,1.00927,0.08642,28.41
$MAG,26840.457,-0.429,-0.501,-0.666,27.6
$IMU,26840.457,-0.183,-0.061,-0.305,0.06005,1.01123,0.08398,28.41
$IMU,26840.460,-0.183,-0.061,-0.366,0.05761,1.00683,0.08203,28.41
$IMU,26840.462,-0.183,-0.183,-0.305,0.05371,1.00976,0.08154,28.41
$IMU,26840.464,-0.183,-0.061,-0.244,0.05761,1.00683,0.08496,28.41
$IMU,26840.467,-0.305,0.183,-0.122,0.05664,1.00830,0.08447,28.41
$MAG,26840.468,-0.436,-0.508,-0.667,27.5
$IMU,26840.469,-0.427,0.061,-0.122,0.05908,1.00830,0.08251,28.41
$HUM,26840.471,34.1,28.9
$IMU,26840.471,-0.305,0.000,0.000,0.05859,1.00781,0.08349,28.44
$IMU,26840.474,-0.305,-0.122,-0.122,0.05761,1.01171,0.08398,28.44
$IMU,26840.476,-0.244,-0.244,-0.183,0.05859,1.01123,0.08203,28.44
$MAG,26840.478,-0.430,-0.507,-0.669,27.6
$IMU,26840.479,-0.244,0.000,-0.183,0.05712,1.01367,0.08398,28.44
$IMU,26840.481,-0.427,0.061,-0.183,0.05908,1.00927,0.08398,28.44
$IMU,26840.483,-0.305,-0.122,-0.122,0.05615,1.00830,0.08251,28.44
$IMU,26840.486,-0.427,0.122,-0.061,0.05859,1.01025,0.08154,28.44
$MAG,26840.488,-0.429,-0.513,-0.666,27.6
$IMU,26840.488,-0.183,-0.061,-0.061,0.05859,1.00781,0.08203,28.44
$IMU,26840.490,-0.244,-0.061,-0.122,0.06005,1.00683,0.07958,28.44
$IMU,26840.493,-0.305,0.000,-0.122,0.05664,1.01074,0.08007,28.44
$IMU,26840.495,-0.244,0.122,-0.183,0.06005,1.00732,0.08203,28.44
$IMU,26840.497,-0.305,0.000,-0.183,0.06005,1.00683,0.08496,28.44
$MAG,26840.498,-0.435,-0.495,-0.672,27.6
$IMU,26840.500,-0.244,-0.122,-0.122,0.05712,1.00878,0.08447,28.44
$IMU,26840.502,-0.305,-0.061,-0.122,0.05761,1.00878,0.08251,28.44
$IMU,26840.504,-0.244,-0.183,-0.122,0.05859,1.01074,0.08251,28.44
$IMU,26840.507,-0.366,-0.183,-0.061,0.05957,1.01074,0.08251,28.44
$MAG,26840.508,-0.433,-0.507,-0.669,27.6
$IMU,26840.509,-0.366,-0.122,-0.244,0.06103,1.00927,0.08105,28.44
$IMU,26840.511,-0.244,-0.244,-0.244,0.05761,1.00878,0.08496,28.44
$IMU,26840.514,-0.305,-0.122,-0.244,0.05664,1.00927,0.08642,28.44
$IMU,26840.516,-0.305,-0.122,-0.244,0.05761,1.00683,0.08740,28.44
$MAG,26840.518,-0.427,-0.504,-0.672,27.7
$IMU,26840.518,-0.305,-0.061,-0.183,0.05761,1.01074,0.08740,28.44
$BARO,26840.520,86870.59,28.49
$IMU,26840.521,-0.305,-0.061,-0.122,0.05615,1.00878,0.08349,28.44
$IMU,26840.523,-0.244,-0.122,-0.122,0.05712,1.00878,0.08300,28.44
$IMU,26840.525,-0.244,-0.122,-0.122,0.05957,1.01123,0.08398,28.44
$MAG,26840.528,-0.436,-0.510,-0.670,27.6
$IMU,26840.528,-0.244,-0.122,-0.183,0.05957,1.01074,0.08398,28.43
$IMU,26840.530,-0.183,0.061,-0.183,0.05957,1.01074,0.08496,28.43
$IMU,26840.532,-0.183,0.061,-0.183,0.05615,1.00976,0.08447,28.43
$IMU,26840.535,-0.183,-0.061,-0.183,0.05615,1.00585,0.08544,28.43
$IMU,26840.537,-0.122,-0.061,-0.183,0.05664,1.00781,0.08642,28.43
$MAG,26840.538,-0.433,-0.507,-0.673,27.6
$IMU,26840.540,0.000,-0.183,-0.183,0.05859,1.00976,0.07958,28.43
$IMU,26840.542,-0.183,0.000,-0.244,0.05468,1.00927,0.08349,28.43
$IMU,26840.544,-0.183,0.061,-0.183,0.05761,1.01123,0.08007,28.43
$IMU,26840.547,-0.244,0.000,-0.183,0.05908,1.00878,0.08300,28.44
$MAG,26840.548,-0.430,-0.507,-0.673,27.6
$IMU,26840.549,-0.061,-0.244,-0.305,0.05517,1.00732,0.08447,28.44
$IMU,26840.551,-0.122,-0.305,-0.244,0.05712,1.00927,0.08251,28.44
$IMU,26840.554,-0.305,0.000,-0.122,0.05615,1.00781,0.08154,28.44
$IMU,26840.556,-0.305,0.000,-0.122,0.05712,1.01123,0.08251,28.44
$MAG,26840.558,-0.429,-0.498,-0.666,27.6
$IMU,26840.558,-0.305,0.000,-0.122,0.05712,1.00976,0.08398,28.44
$IMU,26840.561,-0.305,0.000,-0.122,0.05859,1.00878,0.08251,28.44
$IMU,26840.563,-0.366,-0.122,-0.183,0.05810,1.00830,0.08203,28.44
$IMU,26840.565,-0.244,-0.122,-0.183,0.05712,1.01074,0.08105,28.42
$MAG,26840.568,-0.430,-0.508,-0.666,27.6
$IMU,26840.568,-0.488,0.183,-0.244,0.05712,1.01025,0.08593,28.42
$IMU,26840.570,-0.488,0.122,-0.183,0.05810,1.00732,0.08398,28.42
$IMU,26840.572,-0.244,-0.061,-0.183,0.05859,1.00732,0.08447,28.42
$IMU,26840.575,-0.305,0.122,-0.122,0.05615,1.00878,0.08496,28.42
$IMU,26840.577,-0.183,-0.061,-0.122,0.05908,1.00976,0.08105,28.42
$MAG,26840.579,-0.426,-0.510,-0.669,27.6
$IMU,26840.579,-0.183,-0.061,-0.183,0.05664,1.01074,0.08105,28.42
$IMU,26840.582,-0.305,0.061,-0.183,0.05761,1.01171,0.08398,28.42
$IMU,26840.584,-0.244,-0.122,-0.244,0.05664,1.00830,0.08349,28.45
$IMU,26840.586,-0.183,-0.183,-0.183,0.05664,1.00585,0.08203,28.45
$MAG,26840.589,-0.435,-0.502,-0.666,27.6
$IMU,26840.589,-0.122,-0.183,-0.183,0.05419,1.01025,0.08056,28.45
$IMU,26840.591,-0.305,-0.122,-0.061,0.05810,1.01123,0.08251,28.45
$IMU,26840.593,-0.305,-0.122,-0.061,0.05908,1.00732,0.08544,28.45
$IMU,26840.596,-0.244,0.000,-0.061,0.05957,1.00976,0.08154,28.45
$IMU,26840.598,-0.366,-0.061,-0.122,0.06054,1.00878,0.08251,28.45
$MAG,26840.599,-0.435,-0.496,-0.660,27.6
$IMU,26840.601,-0.244,-0.244,-0.122,0.06005,1.00976,0.08349,28.45
$IMU,26840.603,-0.244,-0.244,-0.122,0.05908,1.00830,0.08056,28.45
$IMU,26840.605,-0.305,-0.061,-0.122,0.05615,1.00830,0.08593,28.45
$IMU,26840.608,-0.305,-0.122,-0.122,0.05664,1.00927,0.08349,28.45
$MAG,26840.609,-0.429,-0.502,-0.667,27.6
$IMU,26840.610,-0.366,0.000,-0.122,0.06103,1.00732,0.08251,28.45
$IMU,26840.612,-0.305,0.000,-0.122,0.05761,1.00976,0.08300,28.45
$IMU,26840.615,-0.244,-0.061,-0.183,0.05908,1.00878,0.08349,28.45
$IMU,26840.617,-0.305,0.061,-0.183,0.05810,1.00732,0.08447,28.45
$MAG,26840.619,-0.433,-0.496,-0.667,27.7
$IMU,26840.619,-0.305,-0.061,-0.244,0.05810,1.00634,0.08203,28.45
$BARO,26840.621,86872.42,28.49
$IMU,26840.622,-0.122,-0.183,-0.244,0.06005,1.00732,0.08203,28.42
$IMU,26840.624,-0.244,0.000,-0.305,0.06054,1.00830,0.08447,28.42
$IMU,26840.626,-0.244,-0.122,-0.244,0.05908,1.00683,0.08496,28.42
$MAG,26840.629,-0.435,-0.502,-0.672,27.6
$IMU,26840.629,-0.183,-0.061,-0.183,0.05908,1.00927,0.08447,28.42
$IMU,26840.631,-0.183,-0.122,-0.244,0.05761,1.00732,0.08300,28.42
$IMU,26840.633,-0.244,-0.061,-0.183,0.05957,1.00976,0.08642,28.42
$IMU,26840.636,-0.305,0.183,-0.122,0.06005,1.00781,0.08496,28.42
$IMU,26840.638,-0.244,-0.061,-0.244,0.05908,1.01123,0.08154,28.42
$MAG,26840.639,-0.432,-0.513,-0.666,27.6
$IMU,26840.640,-0.183,-0.183,-0.305,0.05712,1.00830,0.08300,28.46
$IMU,26840.643,-0.244,0.000,-0.244,0.05761,1.01123,0.08251,28.46
$IMU,26840.645,-0.183,0.000,-0.244,0.05761,1.01025,0.08154,28.46
$IMU,26840.647,-0.183,-0.122,-0.183,0.05761,1.01123,0.08203,28.46
$MAG,26840.649,-0.429,-0.504,-0.667,27.6
$IMU,26840.650,-0.183,0.000,-0.183,0.05810,1.00878,0.08251,28.46
$IMU,26840.652,-0.061,-0.061,-0.122,0.05664,1.01025,0.08398,28.46
$IMU,26840.654,-0.122,-0.122,-0.183,0.05859,1.01025,0.08349,28.46
$IMU,26840.657,-0.122,-0.122,-0.183,0.05908,1.01025,0.08398,28.46
$MAG,26840.659,-0.432,-0.502,-0.670,27.7
$IMU,26840.659,-0.183,-0.122,-0.244,0.05664,1.01269,0.08056,28.43
$IMU,26840.662,-0.183,-0.061,-0.244,0.05566,1.00878,0.08544,28.43
$IMU,26840.664,-0.244,-0.061,-0.122,0.05712,1.00927,0.08496,28.43
$IMU,26840.666,-0.244,-0.061,-0.122,0.05810,1.01318,0.08154,28.43
$MAG,26840.669,-0.433,-0.502,-0.667,27.6
$IMU,26840.669,-0.244,-0.061,-0.183,0.05615,1.01220,0.08349,28.43
$IMU,26840.671,-0.183,-0.122,-0.183,0.06005,1.00976,0.08105,28.43
$IMU,26840.673,-0.366,0.000,-0.122,0.05908,1.01025,0.08398,28.43
$IMU,26840.676,-0.366,-0.061,-0.183,0.05712,1.01220,0.08447,28.43
$IMU,26840.678,-0.488,0.122,-0.183,0.05712,1.00976,0.08105,28.45
$MAG,26840.679,-0.432,-0.498,-0.670,27.7
$IMU,26840.680,-0.427,-0.061,-0.183,0.05517,1.00927,0.08349,28.45
$IMU,26840.683,-0.366,-0.122,-0.122,0.05712,1.00683,0.08349,28.45
$IMU,26840.685,-0.366,0.000,-0.122,0.05761,1.01074,0.08496,28.45
$IMU,26840.687,-0.305,-0.122,-0.061,0.05810,1.00976,0.08251,28.45
$MAG,26840.689,-0.427,-0.502,-0.669,27.6
$IMU,26840.690,-0.366,-0.122,-0.061,0.05908,1.01074,0.08300,28.45
$IMU,26840.692,-0.244,0.000,-0.122,0.05957,1.00927,0.08447,28.45
$IMU,26840.694,-0.244,-0.183,-0.183,0.05810,1.01220,0.08300,28.45
$IMU,26840.697,-0.366,-0.061,-0.183,0.05566,1.00781,0.08496,28.41
$IMU,26840.699,-0.305,-0.122,-0.122,0.05664,1.00878,0.08447,28.41
$MAG,26840.700,-0.427,-0.504,-0.672,27.7
$IMU,26840.701,-0.366,0.000,-0.122,0.05957,1.00683,0.08349,28.41
$IMU,26840.704,-0.366,0.000,-0.061,0.05712,1.00878,0.08300,28.41
$IMU,26840.706,-0.244,-0.122,0.000,0.05810,1.00878,0.08593,28.41
$IMU,26840.708,-0.305,-0.122,-0.061,0.06201,1.00830,0.08447,28.41
$MAG,26840.710,-0.436,-0.498,-0.673,27.7
$IMU,26840.711,-0.366,-0.061,-0.183,0.05859,1.00976,0.08496,28.41
$IMU,26840.713,-0.305,-0.122,-0.305,0.05957,1.01074,0.08447,28.41
$IMU,26840.715,-0.366,-0.061,-0.244,0.05664,1.01074,0.08203,28.48
$IMU,26840.718,-0.305,-0.122,-0.122,0.05957,1.01074,0.08203,28.48
$MAG,26840.720,-0.432,-0.508,-0.670,27.7
$IMU,26840.720,-0.305,-0.122,-0.122,0.06103,1.01367,0.08349,28.48
$BARO,26840.723,86854.56,28.49
$IMU,26840.723,-0.244,0.000,-0.122,0.06201,1.01025,0.08496,28.48
$IMU,26840.725,-0.305,-0.183,-0.061,0.06152,1.01025,0.08300,28.48
$IMU,26840.727,-0.366,-0.061,-0.183,0.06005,1.00830,0.08349,28.48
$MAG,26840.730,-0.438,-0.507,-0.676,27.6
$IMU,26840.730,-0.183,-0.122,-0.183,0.05761,1.00878,0.08251,28.48
$IMU,26840.732,-0.061,-0.244,-0.244,0.05761,1.00683,0.08496,28.48
$IMU,26840.734,-0.183,-0.122,-0.183,0.06005,1.00634,0.08593,28.42
$IMU,26840.737,-0.122,-0.183,-0.122,0.06152,1.00781,0.08251,28.42
$IMU,26840.739,-0.122,-0.061,-0.061,0.05810,1.01025,0.08496,28.42
$MAG,26840.740,-0.438,-0.502,-0.669,27.7
$IMU,26840.741,-0.122,0.061,0.000,0.06054,1.01025,0.08300,28.42
$IMU,26840.744,-0.122,0.061,-0.122,0.06494,1.01416,0.08203,28.42
$IMU,26840.746,-0.061,-0.061,-0.244,0.06054,1.01025,0.08154,28.42
$IMU,26840.748,-0.061,-0.122,-0.244,0.05761,1.00927,0.08203,28.42
$MAG,26840.750,-0.432,-0.510,-0.673,27.7
$IMU,26840.751,-0.061,-0.183,-0.244,0.05517,1.00781,0.08203,28.42
$IMU,26840.753,-0.183,0.061,-0.244,0.05712,1.00439,0.08203,28.48
$IMU,26840.755,-0.122,-0.122,-0.122,0.05664,1.00927,0.08056,28.48
$IMU,26840.758,-0.061,-0.061,0.000,0.05664,1.00927,0.08251,28.48
$MAG,26840.760,-0.429,-0.507,-0.673,27.6
$IMU,26840.760,-0.122,-0.061,-0.183,0.05957,1.01025,0.08251,28.48
$IMU,26840.762,-0.183,-0.122,-0.244,0.06005,1.00781,0.08105,28.48
$IMU,26840.765,-0.244,-0.061,-0.305,0.05957,1.00927,0.08203,28.48
$IMU,26840.767,-0.305,0.061,-0.244,0.05908,1.00830,0.08300,28.48
$IMU,26840.769,-0.305,-0.061,-0.244,0.05517,1.00830,0.08203,28.48
$MAG,26840.770,-0.429,-0.505,-0.667,27.6
$IMU,26840.772,-0.366,0.000,-0.122,0.05615,1.00830,0.07812,28.44
$IMU,26840.774,-0.427,0.122,-0.122,0.05566,1.00878,0.08203,28.44
$IMU,26840.776,-0.366,-0.122,-0.183,0.05810,1.00732,0.08105,28.44
$IMU,26840.779,-0.366,0.000,-0.183,0.06054,1.00976,0.08007,28.44
$MAG,26840.780,-0.432,-0.505,-0.669,27.7
$IMU,26840.781,-0.366,-0.061,-0.244,0.05761,1.00976,0.08105,28.44
$IMU,26840.784,-0.366,-0.122,-0.305,0.05322,1.00683,0.08349,28.44
$IMU,26840.786,-0.305,-0.122,-0.305,0.05712,1.00976,0.08056,28.44
$IMU,26840.788,-0.305,-0.122,-0.183,0.05371,1.01074,0.08300,28.44
$MAG,26840.790,-0.438,-0.508,-0.670,27.6
$IMU,26840.791,-0.427,0.000,-0.122,0.05517,1.01025,0.07958,28.42
$IMU,26840.793,-0.305,-0.061,-0.061,0.05566,1.00683,0.08349,28.42
$IMU,26840.795,-0.305,-0.122,-0.061,0.05810,1.00634,0.08398,28.42
$IMU,26840.798,-0.183,-0.183,-0.122,0.05761,1.00927,0.08447,28.42
$MAG,26840.800,-0.430,-0.504,-0.666,27.6
$IMU,26840.800,-0.305,0.000,-0.244,0.06103,1.01123,0.08300,28.42
$IMU,26840.802,-0.305,0.000,-0.244,0.05957,1.00830,0.08203,28.42
$IMU,26840.805,-0.122,-0.244,-0.122,0.05468,1.00878,0.08007,28.42
$IMU,26840.807,-0.183,-0.183,-0.122,0.05761,1.00878,0.08154,28.42
$IMU,26840.809,-0.183,0.000,-0.061,0.05615,1.00830,0.08447,28.42
$MAG,26840.811,-0.429,-0.499,-0.669,27.6
$IMU,26840.812,-0.244,0.000,-0.122,0.05712,1.00927,0.08251,28.42
$IMU,26840.814,-0.183,-0.122,-0.122,0.05664,1.00878,0.08398,28.42
$IMU,26840.816,-0.183,-0.061,-0.183,0.05957,1.00781,0.08300,28.42
$IMU,26840.819,-0.244,-0.122,-0.244,0.05810,1.00927,0.07910,28.42
$MAG,26840.821,-0.438,-0.505,-0.669,27.5
$IMU,26840.821,-0.366,0.122,-0.244,0.05810,1.00976,0.07958,28.42
$IMU,26840.823,-0.244,-0.122,-0.122,0.05810,1.00976,0.08007,28.42
$BARO,26840.824,86862.43,28.50
$IMU,26840.826,-0.183,-0.183,-0.122,0.05859,1.00732,0.08349,28.42
$IMU,26840.828,-0.305,-0.122,0.000,0.06054,1.00244,0.08203,28.42
$IMU,26840.830,-0.366,0.061,-0.122,0.06201,1.00927,0.08349,28.42
$MAG,26840.831,-0.421,-0.505,-0.666,27.6
$IMU,26840.833,-0.244,0.000,-0.122,0.06298,1.00830,0.08349,28.42
$IMU,26840.835,-0.305,-0.061,-0.183,0.05908,1.01025,0.08300,28.42
$IMU,26840.837,-0.305,-0.061,-0.183,0.05859,1.00732,0.08105,28.42
$IMU,26840.840,-0.244,-0.122,-0.122,0.05371,1.00732,0.08398,28.42
$MAG,26840.841,-0.435,-0.501,-0.667,27.6
$IMU,26840.842,-0.244,-0.122,-0.183,0.05761,1.00878,0.08496,28.42
$IMU,26840.844,-0.427,0.061,-0.122,0.05566,1.00585,0.08447,28.42
$IMU,26840.847,-0.427,0.061,-0.061,0.05761,1.00781,0.08349,28.46
$IMU,26840.849,-0.244,-0.122,-0.122,0.05859,1.01123,0.08593,28.46
$MAG,26840.851,-0.435,-0.501,-0.663,27.6
$IMU,26840.852,-0.366,0.061,-0.122,0.05761,1.00927,0.08300,28.46
$IMU,26840.854,-0.305,-0.061,-0.244,0.06005,1.00537,0.08349,28.46
$IMU,26840.856,-0.366,0.000,-0.183,0.05908,1.01025,0.08496,28.46
$IMU,26840.859,-0.183,-0.122,-0.244,0.05664,1.00878,0.08593,28.46
$MAG,26840.861,-0.436,-0.504,-0.667,27.6
$IMU,26840.861,-0.183,-0.061,-0.183,0.06103,1.01025,0.08544,28.46
$IMU,26840.863,-0.183,0.000,-0.122,0.06005,1.01123,0.08447,28.46
$IMU,26840.866,-0.122,-0.122,-0.122,0.05810,1.00927,0.08544,28.45
$IMU,26840.868,-0.061,-0.061,-0.183,0.05810,1.01025,0.08203,28.45
$IMU,26840.870,-0.061,-0.183,-0.244,0.05761,1.01123,0.08154,28.45
$MAG,26840.871,-0.430,-0.498,-0.675,27.5
$IMU,26840.873,-0.122,-0.122,-0.244,0.05908,1.01416,0.08300,28.45
$IMU,26840.875,-0.183,-0.122,-0.183,0.05712,1.01269,0.08398,28.45
$IMU,26840.877,-0.061,-0.305,-0.122,0.05517,1.00830,0.08593,28.45
$IMU,26840.880,-0.122,-0.122,-0.122,0.05712,1.00830,0.08496,28.45
$MAG,26840.881,-0.438,-0.504,-0.663,27.6
$IMU,26840.882,-0.183,-0.122,-0.122,0.05810,1.00878,0.08300,28.45
$IMU,26840.884,-0.061,-0.122,-0.122,0.05810,1.00976,0.08398,28.41
$IMU,26840.887,-0.122,-0.061,-0.183,0.05712,1.01025,0.08496,28.41
$IMU,26840.889,-0.122,-0.122,-0.183,0.05859,1.00781,0.08349,28.41
$MAG,26840.891,-0.426,-0.508,-0.667,27.6
$IMU,26840.891,-0.122,-0.122,-0.244,0.05615,1.00781,0.08105,28.41
$IMU,26840.894,-0.244,0.061,-0.183,0.05810,1.00537,0.08349,28.41
$IMU,26840.896,-0.183,0.000,-0.183,0.05957,1.00634,0.08300,28.41
$IMU,26840.898,-0.244,0.000,-0.183,0.05859,1.00781,0.08251,28.41
$MAG,26840.901,-0.427,-0.504,-0.676,27.6
$IMU,26840.901,-0.183,-0.061,-0.122,0.05468,1.00781,0.08496,28.41
$IMU,26840.903,-0.244,0.000,-0.122,0.05761,1.00781,0.08203,28.43
$IMU,26840.905,-0.305,0.000,-0.122,0.05761,1.01367,0.08203,28.43
$IMU,26840.908,-0.305,-0.122,-0.183,0.06054,1.00488,0.08056,28.43
$IMU,26840.910,-0.366,0.000,-0.183,0.05566,1.00830,0.08203,28.43
$MAG,26840.911,-0.438,-0.508,-0.667,27.6
$IMU,26840.913,-0.305,0.061,-0.183,0.05566,1.01025,0.08105,28.43
$IMU,26840.915,-0.244,0.000,-0.183,0.05615,1.00976,0.08056,28.43
$IMU,26840.917,-0.305,0.000,-0.122,0.05664,1.00683,0.08496,28.43
$IMU,26840.920,-0.244,0.000,-0.183,0.05957,1.01171,0.08447,28.43
$MAG,26840.922,-0.430,-0.505,-0.669,27.7
$IMU,26840.922,-0.244,-0.061,-0.183,0.06005,1.01269,0.07958,28.46
$IMU,26840.924,-0.244,-0.122,-0.122,0.05761,1.00927,0.08251,28.46
$BARO,26840.926,86866.77,28.49
$IMU,26840.927,-0.244,-0.122,-0.244,0.05957,1.00781,0.08105,28.46
$IMU,26840.929,-0.305,-0.061,-0.305,0.05566,1.00976,0.08349,28.46
$IMU,26840.931,-0.366,0.061,-0.244,0.05859,1.00634,0.08300,28.46
$MAG,26840.932,-0.433,-0.501,-0.670,27.6
$IMU,26840.934,-0.488,0.000,-0.183,0.05664,1.00878,0.08300,28.46
$IMU,26840.936,-0.305,0.000,-0.122,0.05761,1.00878,0.08300,28.46
$IMU,26840.938,-0.244,-0.122,-0.183,0.05957,1.00439,0.08300,28.46
$IMU,26840.941,-0.244,-0.122,-0.122,0.05859,1.00878,0.08105,28.41
$MAG,26840.942,-0.429,-0.504,-0.670,27.7
$IMU,26840.943,-0.244,-0.061,-0.122,0.06054,1.00830,0.08398,28.41
$IMU,26840.945,-0.244,0.000,-0.244,0.05908,1.00781,0.08398,28.41
$IMU,26840.948,-0.305,-0.122,-0.244,0.06005,1.00781,0.08398,28.41
$IMU,26840.950,-0.244,-0.244,-0.244,0.05859,1.00976,0.08544,28.41
$MAG,26840.952,-0.427,-0.501,-0.669,27.6
$IMU,26840.952,-0.305,-0.122,-0.244,0.05957,1.00830,0.08349,28.41
$IMU,26840.955,-0.305,-0.122,-0.183,0.05712,1.00927,0.08447,28.41
$IMU,26840.957,-0.244,0.000,-0.183,0.05810,1.00830,0.08496,28.41
$IMU,26840.959,-0.244,-0.061,-0.122,0.06201,1.01220,0.08349,28.45
$MAG,26840.962,-0.445,-0.507,-0.676,27.5
$IMU,26840.962,-0.244,-0.061,-0.183,0.05908,1.00927,0.08544,28.45
$IMU,26840.964,-0.244,-0.122,-0.244,0.05615,1.00878,0.08496,28.45
$IMU,26840.966,-0.244,-0.122,-0.244,0.05615,1.00976,0.08398,28.45
$IMU,26840.969,-0.305,0.000,-0.244,0.05908,1.00781,0.08300,28.45
$IMU,26840.971,-0.305,0.000,-0.244,0.05761,1.00878,0.08300,28.45
$MAG,26840.972,-0.427,-0.510,-0.670,27.6
$IMU,26840.974,-0.244,-0.183,-0.122,0.05664,1.00732,0.08349,28.45
$IMU,26840.976,-0.183,-0.183,-0.061,0.06152,1.00683,0.08154,28.45
$IMU,26840.978,-0.183,0.000,-0.061,0.05761,1.00830,0.08300,28.45
$IMU,26840.981,-0.244,-0.061,-0.122,0.05566,1.01025,0.08398,28.45
$MAG,26840.982,-0.426,-0.510,-0.673,27.6
$IMU,26840.983,-0.305,0.000,-0.183,0.05468,1.00927,0.08691,28.45
$IMU,26840.985,-0.244,-0.122,-0.305,0.05322,1.00781,0.08300,28.45
$IMU,26840.988,-0.183,-0.122,-0.244,0.05615,1.00927,0.08154,28.45
$IMU,26840.990,-0.122,-0.183,-0.183,0.05371,1.00585,0.08105,28.45
$MAG,26840.992,-0.430,-0.505,-0.667,27.6
$IMU,26840.992,-0.244,0.000,-0.122,0.05810,1.00732,0.08203,28.45
$IMU,26840.995,-0.183,0.000,-0.061,0.05664,1.00683,0.08496,28.45
$IMU,26840.997,-0.244,-0.122,-0.122,0.05859,1.01025,0.08300,28.44
$IMU,26840.999,-0.244,-0.122,-0.183,0.05957,1.00732,0.08251,28.44
$MAG,26841.002,-0.430,-0.505,-0.675,27.6
$IMU,26841.002,-0.244,-0.183,-0.244,0.05810,1.00976,0.08154,28.44
$IMU,26841.004,-0.305,-0.122,-0.183,0.05810,1.00830,0.08447,28.44
$IMU,26841.006,-0.427,0.000,-0.122,0.05615,1.01025,0.08300,28.44
$IMU,26841.009,-0.305,-0.061,-0.122,0.05615,1.00878,0.07861,28.44
$IMU,26841.011,-0.366,0.061,-0.122,0.05810,1.00830,0.08300,28.44
$MAG,26841.012,-0.430,-0.502,-0.672,27.7
$IMU,26841.013,-0.305,-0.122,-0.183,0.06103,1.01269,0.08398,28.44
$IMU,26841.016,-0.366,-0.122,-0.244,0.05859,1.01123,0.08789,28.46
$IMU,26841.018,-0.366,-0.061,-0.244,0.05761,1.00976,0.08349,28.46
$IMU,26841.020,-0.366,0.000,-0.305,0.06152,1.00830,0.08105,28.46
$MAG,26841.022,-0.424,-0.511,-0.679,27.6
$IMU,26841.023,-0.305,-0.183,-0.122,0.05517,1.01074,0.08398,28.46
$IMU,26841.025,-0.305,-0.061,-0.122,0.05810,1.01025,0.08740,28.46
$BARO,26841.027,86866.86,28.50
$IMU,26841.027,-0.244,-0.122,-0.122,0.05810,1.01123,0.08496,28.46
$IMU,26841.030,-0.122,-0.305,-0.061,0.05761,1.01171,0.08496,28.46
$MAG,26841.032,-0.429,-0.508,-0.672,27.6
$IMU,26841.032,-0.244,-0.061,-0.122,0.05761,1.00878,0.08398,28.46
$IMU,26841.035,-0.183,0.061,-0.305,0.05615,1.00878,0.08398,28.46
$IMU,26841.037,-0.244,-0.061,-0.305,0.05664,1.00976,0.08203,28.46
$IMU,26841.039,-0.122,-0.122,-0.183,0.05859,1.01025,0.08203,28.46
$IMU,26841.042,-0.122,-0.061,-0.244,0.05810,1.00878,0.08251,28.46
$MAG,26841.043,-0.426,-0.495,-0.675,27.6
$IMU,26841.044,-0.183,-0.061,-0.122,0.05615,1.00732,0.08251,28.46
$IMU,26841.046,-0.122,-0.061,-0.061,0.05712,1.00830,0.08593,28.46
$IMU,26841.049,-0.122,-0.061,-0.061,0.05908,1.01123,0.08105,28.46
$IMU,26841.051,-0.183,-0.061,-0.244,0.05468,1.01220,0.08203,28.46
$MAG,26841.053,-0.427,-0.513,-0.672,27.6
$IMU,26841.053,-0.122,-0.061,-0.244,0.05810,1.01025,0.08251,28.45
$IMU,26841.056,-0.183,-0.122,-0.183,0.05468,1.00683,0.07861,28.45
$IMU,26841.058,-0.183,-0.061,-0.122,0.05566,1.00634,0.08203,28.45
$IMU,26841.060,-0.244,0.061,-0.122,0.05664,1.01074,0.08154,28.45
$MAG,26841.063,-0.429,-0.510,-0.673,27.6
$IMU,26841.063,-0.244,-0.122,-0.061,0.05957,1.00927,0.08300,28.45
$IMU,26841.065,-0.183,-0.061,-0.061,0.05859,1.00830,0.08007,28.45
$IMU,26841.067,-0.244,-0.122,-0.122,0.06201,1.00927,0.08398,28.45
$IMU,26841.070,-0.305,-0.183,-0.183,0.06005,1.00781,0.08398,28.45
$IMU,26841.072,-0.305,-0.061,-0.183,0.05517,1.00634,0.08251,28.45
$MAG,26841.073,-0.430,-0.511,-0.666,27.3
$IMU,26841.074,-0.305,-0.061,-0.183,0.05761,1.00878,0.08300,28.45
$IMU,26841.077,-0.305,0.000,-0.061,0.05859,1.00830,0.08154,28.45
$IMU,26841.079,-0.305,-0.122,-0.061,0.05810,1.00683,0.08300,28.45
$IMU,26841.081,-0.366,-0.122,-0.061,0.05810,1.00927,0.08007,28.45
$MAG,26841.083,-0.436,-0.510,-0.675,27.7
$IMU,26841.084,-0.427,-0.061,-0.122,0.06152,1.00927,0.08154,28.45
$IMU,26841.086,-0.427,0.000,-0.183,0.06152,1.01074,0.08496,28.45
$IMU,26841.088,-0.366,-0.061,-0.305,0.06103,1.01123,0.08349,28.45
$IMU,26841.091,-0.305,-0.183,-0.183,0.06152,1.00927,0.08251,28.44
$MAG,26841.093,-0.432,-0.504,-0.666,27.6
$IMU,26841.093,-0.427,-0.061,-0.061,0.05957,1.01123,0.08447,28.44
$IMU,26841.096,-0.366,0.000,-0.122,0.05957,1.00878,0.08154,28.44
$IMU,26841.098,-0.427,0.000,-0.122,0.05957,1.00781,0.08496,28.44
$IMU,26841.100,-0.305,-0.122,-0.061,0.06103,1.01171,0.08398,28.44
$MAG,26841.103,-0.429,-0.504,-0.672,27.7
$IMU,26841.103,-0.366,-0.061,-0.061,0.06005,1.01416,0.08593,28.44
$IMU,26841.105,-0.244,-0.122,-0.244,0.06005,1.01074,0.08349,28.44
$IMU,26841.107,-0.305,0.000,-0.305,0.05810,1.00976,0.08056,28.44
$IMU,26841.110,-0.244,0.061,-0.244,0.05859,1.00634,0.08447,28.48
$IMU,26841.112,-0.244,0.000,-0.183,0.05615,1.00830,0.08349,28.48
$MAG,26841.113,-0.429,-0.499,-0.660,27.6
$IMU,26841.114,-0.183,-0.061,-0.122,0.06005,1.00683,0.08349,28.48
$IMU,26841.117,-0.122,-0.122,-0.122,0.05957,1.01171,0.08300,28.48
$IMU,26841.119,-0.122,-0.061,-0.183,0.05957,1.00927,0.08349,28.48
$IMU,26841.121,-0.183,0.000,-0.183,0.05810,1.00927,0.08251,28.48
$MAG,26841.123,-0.433,-0.507,-0.664,27.6
$IMU,26841.124,-0.122,0.061,-0.183,0.05810,1.01025,0.08105,28.48
$IMU,26841.126,-0.061,-0.122,-0.244,0.06054,1.01123,0.08203,28.48
$IMU,26841.128,-0.183,-0.061,-0.244,0.05712,1.01074,0.08496,28.41
$BARO,26841.129,86870.08,28.50
$IMU,26841.131,-0.183,-0.061,-0.183,0.05712,1.01123,0.08398,28.41
$MAG,26841.133,-0.436,-0.507,-0.672,27.6
$IMU,26841.133,-0.183,-0.183,-0.122,0.05810,1.00878,0.08251,28.41
$IMU,26841.135,-0.244,0.000,-0.122,0.05859,1.01171,0.08154,28.41
$IMU,26841.138,-0.366,0.122,-0.183,0.05859,1.00927,0.08154,28.41
$VBAT,26841.139,4.129
$IMU,26841.140,-0.305,0.000,-0.244,0.06005,1.01074,0.08154,28.41
$IMU,26841.142,-0.244,-0.061,-0.183,0.05859,1.00830,0.07910,28.41
$MAG,26841.143,-0.426,-0.510,-0.672,27.6
$IMU,26841.145,-0.244,0.000,-0.122,0.05761,1.00732,0.08203,28.41
$IMU,26841.147,-0.244,-0.061,-0.122,0.05908,1.00683,0.08349,28.46
$IMU,26841.149,-0.366,-0.061,-0.122,0.05810,1.00732,0.08593,28.46
$IMU,26841.152,-0.366,0.000,-0.122,0.05859,1.00732,0.08398,28.46
$MAG,26841.154,-0.427,-0.504,-0.667,27.6
$IMU,26841.154,-0.305,-0.122,-0.122,0.05761,1.00976,0.08300,28.46
$IMU,26841.157,-0.183,-0.183,-0.122,0.05859,1.01171,0.08105,28.46
$IMU,26841.159,-0.244,-0.183,-0.244,0.05664,1.00878,0.08447,28.46
$IMU,26841.161,-0.305,0.000,-0.244,0.06005,1.00781,0.08447,28.46
$MAG,26841.164,-0.441,-0.505,-0.675,27.7
$IMU,26841.164,-0.366,-0.061,-0.183,0.05810,1.00830,0.08300,28.46
$IMU,26841.166,-0.305,-0.122,-0.183,0.05859,1.00781,0.08544,28.40
$IMU,26841.168,-0.305,-0.061,-0.122,0.06054,1.00537,0.08251,28.40
$IMU,26841.171,-0.244,-0.183,-0.122,0.06005,1.01025,0.08203,28.40
$IMU,26841.173,-0.305,-0.122,-0.122,0.05761,1.01269,0.08447,28.40
$MAG,26841.174,-0.427,-0.502,-0.664,27.6
$IMU,26841.175,-0.366,0.061,-0.122,0.05859,1.01074,0.08544,28.40
$IMU,26841.178,-0.305,0.000,-0.183,0.05664,1.00976,0.08398,28.40
$IMU,26841.180,-0.244,-0.122,-0.122,0.05761,1.01025,0.08154,28.40
$IMU,26841.182,-0.305,-0.183,-0.061,0.05615,1.00927,0.08447,28.40
$MAG,26841.184,-0.429,-0.507,-0.667,27.6
$IMU,26841.185,-0.366,0.000,-0.122,0.05712,1.00830,0.08349,28.45
$IMU,26841.187,-0.366,-0.061,-0.122,0.06005,1.00927,0.08544,28.45
$IMU,26841.189,-0.305,-0.061,-0.183,0.05712,1.00781,0.08203,28.45
$IMU,26841.192,-0.122,-0.183,-0.122,0.05957,1.01220,0.08056,28.45
$MAG,26841.194,-0.432,-0.499,-0.676,27.6
$IMU,26841.194,-0.122,0.000,-0.122,0.05908,1.01025,0.08398,28.45
$IMU,26841.196,-0.122,-0.122,-0.122,0.06054,1.01025,0.08300,28.45
$IMU,26841.199,-0.122,-0.061,-0.183,0.05810,1.00634,0.08593,28.45
$IMU,26841.201,-0.122,-0.183,-0.244,0.05761,1.00537,0.08398,28.45
$IMU,26841.203,-0.183,-0.122,-0.244,0.05859,1.00878,0.08496,28.43
$MAG,26841.204,-0.429,-0.513,-0.672,27.6
$IMU,26841.206,-0.244,-0.061,-0.183,0.05566,1.00732,0.08398,28.43
$IMU,26841.208,-0.183,-0.122,-0.183,0.05273,1.00634,0.08203,28.43
$IMU,26841.210,-0.183,-0.122,-0.061,0.05712,1.01074,0.08447,28.43
$IMU,26841.213,-0.183,-0.061,-0.061,0.05908,1.00781,0.08251,28.43
$MAG,26841.214,-0.427,-0.510,-0.667,27.5
$IMU,26841.215,-0.122,0.061,-0.061,0.05810,1.00927,0.08105,28.43
$IMU,26841.218,-0.305,-0.061,-0.122,0.05761,1.00781,0.08349,28.43
$IMU,26841.220,-0.305,-0.061,-0.183,0.05810,1.00976,0.08447,28.43
$IMU,26841.222,-0.366,0.000,-0.122,0.05810,1.00732,0.08056,28.41
$MAG,26841.224,-0.430,-0.505,-0.664,27.6
$IMU,26841.225,-0.427,0.000,-0.122,0.06005,1.00537,0.08105,28.41
$IMU,26841.227,-0.366,-0.061,-0.061,0.06054,1.00927,0.08300,28.41
$IMU,26841.229,-0.366,0.000,0.000,0.06054,1.01171,0.08398,28.41
$BARO,26841.230,86860.62,28.50
$IMU,26841.232,-0.427,0.000,-0.061,0.05859,1.00976,0.08349,28.41
$MAG,26841.234,-0.429,-0.493,-0.672,27.7
$IMU,26841.234,-0.305,-0.061,-0.183,0.06005,1.01171,0.08349,28.41
$IMU,26841.236,-0.366,-0.061,-0.183,0.05810,1.00781,0.08300,28.41
$IMU,26841.239,-0.305,-0.061,-0.122,0.06054,1.00878,0.08447,28.41
$IMU,26841.241,-0.244,-0.122,-0.183,0.05761,1.00976,0.08154,28.43
$IMU,26841.243,-0.244,-0.061,-0.122,0.05957,1.00830,0.08349,28.43
$MAG,26841.244,-0.430,-0.502,-0.666,27.6
$IMU,26841.246,-0.244,0.000,-0.122,0.05908,1.00830,0.08447,28.43
$IMU,26841.248,-0.244,-0.183,-0.122,0.05859,1.01025,0.08251,28.43
$IMU,26841.250,-0.183,-0.122,-0.183,0.06005,1.01318,0.08349,28.43
$IMU,26841.253,-0.122,-0.183,-0.244,0.05712,1.01269,0.08349,28.43
$MAG,26841.254,-0.438,-0.498,-0.664,27.6
$IMU,26841.255,-0.244,0.061,-0.244,0.05712,1.00830,0.08349,28.43
$IMU,26841.257,-0.183,-0.061,-0.244,0.05761,1.00830,0.08544,28.43
$IMU,26841.260,-0.122,-0.244,-0.183,0.05859,1.00830,0.08544,28.44
$IMU,26841.262,-0.183,-0.122,-0.122,0.05859,1.00927,0.08496,28.44
$IMU,26841.264,-0.244,0.000,-0.122,0.05517,1.00488,0.08544,28.44
$MAG,26841.265,-0.436,-0.507,-0.669,27.6
$IMU,26841.267,-0.244,-0.122,-0.122,0.05908,1.00830,0.08349,28.44
$IMU,26841.269,-0.122,-0.183,-0.122,0.05712,1.01220,0.08447,28.44
$IMU,26841.271,-0.244,-0.061,-0.244,0.05664,1.00830,0.08447,28.44
$IMU,26841.274,-0.244,-0.061,-0.244,0.05468,1.00830,0.08447,28.44
$MAG,26841.275,-0.432,-0.513,-0.672,27.6
$IMU,26841.276,-0.183,-0.122,-0.183,0.05615,1.00537,0.08154,28.44
$IMU,26841.278,-0.183,-0.061,-0.183,0.05566,1.00781,0.08300,28.52
$IMU,26841.281,-0.183,-0.122,-0.061,0.05712,1.00830,0.08447,28.52
$IMU,26841.283,-0.183,-0.061,-0.122,0.05810,1.00976,0.08349,28.52
$MAG,26841.285,-0.433,-0.511,-0.672,27.6
$IMU,26841.286,-0.183,-0.122,-0.183,0.05957,1.00830,0.08251,28.52
$IMU,26841.288,-0.183,0.000,-0.183,0.05664,1.00976,0.08300,28.52
$IMU,26841.290,-0.122,-0.183,-0.305,0.05761,1.00976,0.08251,28.52
$IMU,26841.293,-0.183,-0.122,-0.305,0.05615,1.00927,0.08056,28.52
$MAG,26841.295,-0.435,-0.504,-0.672,27.6
$IMU,26841.295,-0.244,-0.061,-0.122,0.05810,1.01025,0.08300,28.52
$IMU,26841.297,-0.183,0.000,-0.061,0.05517,1.00976,0.08349,28.44
$IMU,26841.300,-0.244,-0.122,-0.061,0.05712,1.01025,0.08544,28.44
$IMU,26841.302,-0.244,-0.183,-0.183,0.05908,1.01269,0.08251,28.44
$IMU,26841.304,-0.366,-0.061,-0.183,0.06005,1.01220,0.08105,28.44
$MAG,26841.305,-0.430,-0.505,-0.675,27.7
$IMU,26841.307,-0.366,-0.122,-0.183,0.05712,1.00976,0.08251,28.44
$IMU,26841.309,-0.366,-0.183,-0.244,0.05712,1.00878,0.08300,28.44
$IMU,26841.311,-0.427,0.061,-0.183,0.05761,1.00781,0.08154,28.44
$IMU,26841.314,-0.366,-0.122,-0.061,0.06103,1.00683,0.08105,28.44
$MAG,26841.315,-0.424,-0.508,-0.678,27.8
$IMU,26841.316,-0.427,-0.061,0.000,0.05908,1.00781,0.08496,28.44
$IMU,26841.318,-0.427,0.122,-0.061,0.05664,1.01025,0.08251,28.44
$IMU,26841.321,-0.366,-0.061,-0.122,0.05810,1.00976,0.08300,28.44
$IMU,26841.323,-0.244,-0.122,-0.244,0.05761,1.00927,0.08496,28.44
$MAG,26841.325,-0.438,-0.499,-0.666,27.6
$IMU,26841.325,-0.366,-0.061,-0.244,0.05761,1.00976,0.08642,28.44
$IMU,26841.328,-0.366,-0.061,-0.183,0.05957,1.00634,0.08496,28.44
$IMU,26841.330,-0.366,0.000,-0.183,0.05810,1.00878,0.08251,28.44
$BARO,26841.332,86868.28,28.50
$IMU,26841.332,-0.305,-0.122,-0.122,0.05810,1.01074,0.08544,28.44
$MAG,26841.335,-0.432,-0.505,-0.673,27.7
$IMU,26841.335,-0.305,-0.122,-0.061,0.05810,1.00781,0.08642,28.49
$IMU,26841.337,-0.244,-0.061,-0.122,0.05859,1.01074,0.08496,28.49
$IMU,26841.339,-0.305,0.000,-0.122,0.05810,1.00976,0.08691,28.49
$IMU,26841.342,-0.305,-0.122,-0.183,0.05761,1.00781,0.08544,28.49
$IMU,26841.344,-0.244,-0.061,-0.244,0.06005,1.00878,0.08349,28.49
$MAG,26841.345,-0.427,-0.511,-0.667,27.6
$IMU,26841.347,-0.122,0.000,-0.122,0.05859,1.00878,0.08447,28.49
$IMU,26841.349,-0.061,-0.244,-0.122,0.05859,1.00488,0.08154,28.49
$IMU,26841.351,-0.061,-0.122,-0.122,0.06054,1.00439,0.08300,28.49
$IMU,26841.354,-0.122,0.000,-0.122,0.05712,1.00732,0.08251,28.44
$MAG,26841.355,-0.429,-0.502,-0.661,27.6
$IMU,26841.356,-0.061,0.000,-0.183,0.06054,1.00732,0.08154,28.44
$IMU,26841.358,-0.061,-0.122,-0.244,0.06005,1.00683,0.08349,28.44
$IMU,26841.361,-0.183,-0.061,-0.183,0.05859,1.00634,0.08300,28.44
$IMU,26841.363,-0.122,-0.061,-0.244,0.05957,1.01269,0.08349,28.44
$IMU,26841.365,-0.183,-0.061,-0.305,0.05517,1.00781,0.08593,28.44
$MAG,26841.365,-0.430,-0.514,-0.672,27.7
$IMU,26841.368,-0.244,0.000,-0.183,0.05859,1.00830,0.08203,28.44
$IMU,26841.370,-0.183,-0.122,-0.122,0.05859,1.00683,0.08105,28.44
$IMU,26841.372,-0.244,-0.122,-0.244,0.05908,1.00634,0.08251,28.48
$MAG,26841.375,-0.435,-0.499,-0.670,27.6
$IMU,26841.375,-0.305,0.000,-0.244,0.05664,1.00781,0.08447,28.48
$IMU,26841.377,-0.366,-0.122,-0.305,0.05908,1.01220,0.08349,28.48
$IMU,26841.379,-0.305,-0.244,-0.244,0.05761,1.00878,0.08203,28.48
$IMU,26841.382,-0.366,-0.122,-0.183,0.05517,1.00781,0.08251,28.48
$IMU,26841.384,-0.427,-0.061,-0.122,0.05761,1.00781,0.08154,28.48
$MAG,26841.386,-0.433,-0.507,-0.666,27.7
$IMU,26841.386,-0.366,-0.183,-0.122,0.06201,1.00830,0.08398,28.48
$IMU,26841.389,-0.427,0.000,-0.061,0.05908,1.01171,0.08642,28.48
$IMU,26841.391,-0.427,0.000,-0.122,0.05859,1.01025,0.08447,28.51
$IMU,26841.393,-0.305,-0.061,-0.183,0.05859,1.00927,0.08398,28.51
$MAG,26841.396,-0.429,-0.508,-0.670,27.6
$IMU,26841.396,-0.305,-0.183,-0.244,0.06054,1.00976,0.08349,28.51
$IMU,26841.398,-0.305,-0.061,-0.183,0.05761,1.00927,0.08349,28.51
$IMU,26841.400,-0.305,0.000,-0.122,0.05908,1.00878,0.08398,28.51
$IMU,26841.403,-0.183,-0.122,-0.122,0.05761,1.01123,0.08398,28.51
$IMU,26841.405,-0.183,0.000,-0.061,0.05859,1.00927,0.08251,28.51
$MAG,26841.406,-0.432,-0.510,-0.667,27.6
$IMU,26841.408,-0.183,-0.061,-0.122,0.05712,1.00830,0.08398,28.51
$IMU,26841.410,-0.183,0.000,-0.183,0.05859,1.01074,0.08203,28.47
$IMU,26841.412,-0.183,-0.183,-0.183,0.05859,1.00976,0.08349,28.47
$IMU,26841.415,-0.244,-0.122,-0.305,0.05761,1.00732,0.08251,28.47
$MAG,26841.416,-0.432,-0.505,-0.660,27.7
$IMU,26841.417,-0.244,0.000,-0.183,0.05371,1.00781,0.08300,28.47
$IMU,26841.419,-0.183,-0.122,-0.244,0.05566,1.00732,0.08398,28.47
$IMU,26841.422,-0.244,-0.061,-0.122,0.06005,1.00683,0.08300,28.47
$IMU,26841.424,-0.305,0.000,-0.183,0.05761,1.00878,0.08203,28.47
$MAG,26841.426,-0.430,-0.504,-0.661,27.7
$IMU,26841.426,-0.244,-0.061,-0.183,0.05810,1.00634,0.08398,28.47
$IMU,26841.429,-0.305,-0.061,-0.244,0.06005,1.00585,0.08544,28.45
$IMU,26841.431,-0.305,0.061,-0.305,0.05761,1.00732,0.08447,28.45
$BARO,26841.433,86860.82,28.50
$IMU,26841.433,-0.305,-0.122,-0.305,0.05761,1.01074,0.08203,28.45
$MAG,26841.436,-0.430,-0.507,-0.669,27.7
$IMU,26841.436,-0.305,-0.183,-0.122,0.05712,1.00830,0.08496,28.45
$IMU,26841.438,-0.244,-0.183,-0.122,0.05908,1.00830,0.08349,28.45
$IMU,26841.440,-0.305,-0.122,-0.122,0.05761,1.00781,0.08251,28.45
$IMU,26841.443,-0.305,-0.061,-0.122,0.05908,1.01025,0.08203,28.45
$IMU,26841.445,-0.305,0.000,-0.244,0.05859,1.01220,0.08398,28.45
$MAG,26841.446,-0.439,-0.499,-0.661,27.7
$IMU,26841.447,-0.244,-0.061,-0.244,0.06005,1.00927,0.08398,28.44
$IMU,26841.450,-0.183,-0.061,-0.244,0.05859,1.00878,0.08398,28.44
$IMU,26841.452,-0.122,-0.122,-0.244,0.05859,1.00732,0.08447,28.44
$IMU,26841.454,-0.122,-0.122,-0.244,0.05908,1.01123,0.08203,28.44
$MAG,26841.456,-0.430,-0.504,-0.673,27.6
$IMU,26841.457,-0.305,0.000,-0.244,0.06054,1.00976,0.08349,28.44
$IMU,26841.459,-0.244,-0.061,-0.183,0.05908,1.00927,0.08496,28.44
$IMU,26841.461,-0.244,-0.061,-0.183,0.06005,1.00585,0.08300,28.44
$IMU,26841.464,-0.244,0.000,-0.244,0.06201,1.00732,0.08154,28.44
$MAG,26841.466,-0.424,-0.502,-0.670,27.6
$IMU,26841.466,-0.366,0.000,-0.183,0.06152,1.00976,0.08496,28.48
$IMU,26841.469,-0.366,-0.122,-0.183,0.05957,1.00537,0.08496,28.48
$IMU,26841.471,-0.427,-0.061,-0.183,0.05957,1.00683,0.08251,28.48
$IMU,26841.473,-0.488,-0.061,-0.183,0.05615,1.00830,0.08398,28.48
$MAG,26841.476,-0.435,-0.507,-0.666,27.6
$IMU,26841.476,-0.488,0.000,-0.183,0.05859,1.00781,0.08544,28.48
$IMU,26841.478,-0.488,0.000,-0.183,0.05761,1.00683,0.08593,28.48
$IMU,26841.480,-0.488,-0.061,-0.183,0.05810,1.00927,0.08691,28.48
$IMU,26841.483,-0.427,-0.061,-0.244,0.05859,1.01269,0.08398,28.48
$IMU,26841.485,-0.488,-0.122,-0.244,0.05517,1.01025,0.08349,28.48
$MAG,26841.486,-0.424,-0.501,-0.667,27.7
$HUM,26841.487,34.0,28.9
$IMU,26841.487,-0.488,-0.061,-0.244,0.05859,1.00732,0.08544,28.48
$IMU,26841.490,-0.488,-0.061,-0.183,0.05664,1.00781,0.08544,28.48
$IMU,26841.492,-0.305,-0.183,-0.244,0.05712,1.00439,0.08300,28.48
$IMU,26841.494,-0.244,-0.183,-0.244,0.05566,1.00732,0.08593,28.48
$MAG,26841.496,-0.441,-0.504,-0.669,27.6
$IMU,26841.497,-0.366,0.000,-0.305,0.05908,1.00927,0.08593,28.48
$IMU,26841.499,-0.305,-0.183,-0.305,0.05859,1.00732,0.08300,28.48
$IMU,26841.501,-0.305,-0.122,-0.305,0.05908,1.00683,0.08300,28.48
$IMU,26841.504,-0.183,0.000,-0.366,0.05810,1.00634,0.08300,28.43
$IMU,26841.506,-0.122,-0.122,-0.366,0.05664,1.00439,0.08203,28.43
$MAG,26841.507,-0.435,-0.516,-0.663,27.6
$IMU,26841.508,-0.122,-0.183,-0.427,0.05664,1.00927,0.08349,28.43
$IMU,26841.511,-0.122,-0.061,-0.427,0.05566,1.00634,0.08398,28.43
$IMU,26841.513,-0.061,-0.122,-0.427,0.05566,1.00488,0.08544,28.43
$IMU,26841.515,-0.122,-0.122,-0.244,0.06005,1.01123,0.07910,28.43
$MAG,26841.517,-0.427,-0.508,-0.666,27.6
$IMU,26841.518,-0.061,-0.183,-0.305,0.05712,1.00976,0.08154,28.43
$IMU,26841.520,-0.061,-0.061,-0.427,0.05810,1.01074,0.08349,28.43
$IMU,26841.522,-0.122,-0.061,-0.427,0.05615,1.00878,0.08300,28.46
$IMU,26841.525,-0.122,-0.183,-0.427,0.05664,1.01074,0.08349,28.46
$MAG,26841.527,-0.432,-0.505,-0.669,27.7
$IMU,26841.527,-0.244,-0.122,-0.366,0.05371,1.01220,0.08300,28.46
$IMU,26841.530,-0.305,-0.061,-0.366,0.05322,1.01171,0.08154,28.46
$IMU,26841.532,-0.244,-0.061,-0.183,0.05468,1.01171,0.08398,28.46
$BARO,26841.534,86862.62,28.50
$IMU,26841.534,-0.244,-0.061,-0.244,0.05566,1.00976,0.08203,28.46
$MAG,26841.537,-0.436,-0.507,-0.673,27.6
$IMU,26841.537,-0.244,-0.122,-0.183,0.05517,1.01171,0.08154,28.46
$IMU,26841.539,-0.305,-0.061,-0.183,0.05419,1.01269,0.08496,28.46
$IMU,26841.541,-0.244,-0.122,-0.305,0.05664,1.01416,0.08300,28.49
$IMU,26841.544,-0.305,-0.061,-0.305,0.05517,1.01171,0.08154,28.49
$IMU,26841.546,-0.305,0.061,-0.244,0.05517,1.00781,0.08349,28.49
$MAG,26841.547,-0.438,-0.498,-0.667,27.7
$IMU,26841.548,-0.244,-0.061,-0.122,0.05517,1.00976,0.08593,28.49
$IMU,26841.551,-0.244,-0.061,-0.122,0.05615,1.01025,0.08251,28.49
$IMU,26841.553,-0.244,0.061,-0.122,0.05615,1.00830,0.08105,28.49
$IMU,26841.555,-0.244,-0.061,0.000,0.05957,1.00830,0.07910,28.49
$MAG,26841.557,-0.436,-0.505,-0.670,27.6
$IMU,26841.558,-0.244,-0.061,-0.122,0.06005,1.00927,0.08300,28.49
$IMU,26841.560,-0.305,0.061,-0.183,0.05957,1.00976,0.08349,28.46
$IMU,26841.562,-0.244,-0.061,-0.061,0.05664,1.00927,0.08056,28.46
$IMU,26841.565,-0.305,-0.061,0.000,0.05712,1.00830,0.08447,28.46
$MAG,26841.567,-0.430,-0.513,-0.669,27.6
$IMU,26841.567,-0.244,-0.122,-0.061,0.05908,1.01074,0.08203,28.46
$IMU,26841.569,-0.305,-0.061,0.000,0.06152,1.00488,0.08349,28.46
$IMU,26841.572,-0.366,-0.061,0.061,0.06201,1.01123,0.08398,28.46
$IMU,26841.574,-0.366,-0.183,-0.061,0.05859,1.01123,0.08203,28.46
$IMU,26841.576,-0.488,-0.061,-0.122,0.06152,1.01074,0.08251,28.46
$MAG,26841.577,-0.435,-0.501,-0.666,27.6
$IMU,26841.579,-0.488,-0.122,-0.183,0.05615,1.00683,0.08251,28.44
$IMU,26841.581,-0.366,-0.183,-0.122,0.05517,1.01220,0.08154,28.44
$IMU,26841.583,-0.549,0.061,-0.061,0.06152,1.01025,0.08251,28.44
$IMU,26841.586,-0.610,0.000,0.061,0.05859,1.00976,0.08300,28.44
$MAG,26841.587,-0.433,-0.504,-0.676,27.6
$IMU,26841.588,-0.610,-0.061,0.000,0.05761,1.01123,0.08447,28.44
$IMU,26841.591,-0.488,-0.122,-0.061,0.05712,1.01025,0.08398,28.44
$IMU,26841.593,-0.488,-0.183,-0.183,0.06103,1.00976,0.08447,28.44
$IMU,26841.595,-0.366,-0.122,-0.183,0.06005,1.01074,0.08349,28.44
$MAG,26841.597,-0.432,-0.504,-0.669,27.6
$IMU,26841.598,-0.244,-0.122,-0.244,0.05664,1.01074,0.08544,28.49
$IMU,26841.600,-0.183,-0.061,-0.183,0.05615,1.00927,0.08544,28.49
$IMU,26841.602,-0.122,-0.061,-0.061,0.06054,1.01074,0.08447,28.49
$IMU,26841.605,-0.061,-0.061,-0.061,0.06005,1.01367,0.08544,28.49
$MAG,26841.607,-0.442,-0.501,-0.673,27.6
$IMU,26841.607,0.122,-0.122,-0.061,0.06103,1.00781,0.08496,28.49
$IMU,26841.609,0.122,0.000,-0.122,0.05957,1.01123,0.08251,28.49
$IMU,26841.612,0.122,-0.061,-0.244,0.05859,1.00927,0.08447,28.49
$IMU,26841.614,0.183,-0.061,-0.305,0.05859,1.00830,0.08398,28.49
$IMU,26841.616,0.244,-0.061,-0.305,0.05859,1.00781,0.08398,28.48
$MAG,26841.618,-0.424,-0.505,-0.672,27.6
$IMU,26841.619,0.305,-0.183,-0.061,0.05761,1.01611,0.08105,28.48
$IMU,26841.621,0.183,-0.061,0.000,0.05517,1.01269,0.08251,28.48
$IMU,26841.623,0.122,-0.061,-0.061,0.05664,1.01269,0.08056,28.48
$IMU,26841.626,0.061,0.000,-0.061,0.05761,1.01025,0.08105,28.48
$MAG,26841.628,-0.432,-0.504,-0.669,27.6
$IMU,26841.628,0.122,-0.122,-0.183,0.05615,1.00732,0.08203,28.48
$IMU,26841.630,0.000,-0.122,-0.183,0.05517,1.01025,0.08056,28.48
$IMU,26841.633,-0.061,-0.061,-0.183,0.05322,1.01318,0.07910,28.48
$IMU,26841.635,-0.122,-0.061,-0.061,0.05419,1.01025,0.08154,28.43
$BARO,26841.636,86864.26,28.50
$IMU,26841.637,-0.183,-0.122,0.000,0.05615,1.01074,0.07910,28.43
$MAG,26841.638,-0.432,-0.496,-0.667,27.6
$IMU,26841.640,-0.183,-0.183,0.061,0.05761,1.00781,0.08007,28.43
$IMU,26841.642,-0.183,-0.061,0.000,0.05664,1.01025,0.08349,28.43
$IMU,26841.644,-0.244,-0.244,-0.061,0.05615,1.01074,0.08203,28.43
$IMU,26841.647,-0.427,-0.122,-0.122,0.05615,1.00781,0.08300,28.43
$MAG,26841.648,-0.436,-0.499,-0.667,27.6
$IMU,26841.649,-0.488,-0.061,-0.122,0.05517,1.00439,0.07617,28.43
$IMU,26841.651,-0.488,-0.061,0.000,0.05908,1.00683,0.08203,28.43
$IMU,26841.654,-0.488,-0.122,-0.061,0.05761,1.00830,0.08300,28.48
$IMU,26841.656,-0.427,-0.061,0.061,0.05810,1.00878,0.08447,28.48
$MAG,26841.658,-0.432,-0.501,-0.669,27.7
$IMU,26841.659,-0.427,-0.122,0.000,0.05761,1.00732,0.08349,28.48
$IMU,26841.661,-0.427,-0.061,0.000,0.05712,1.00585,0.08447,28.48
$IMU,26841.663,-0.427,0.000,0.000,0.06054,1.01025,0.08300,28.48
$IMU,26841.666,-0.488,0.000,-0.061,0.06152,1.00830,0.08251,28.48
$MAG,26841.668,-0.427,-0.505,-0.673,27.6
$IMU,26841.668,-0.366,-0.183,-0.122,0.05664,1.00878,0.08349,28.48
$IMU,26841.670,-0.366,-0.061,0.000,0.05712,1.00585,0.08251,28.48
$IMU,26841.673,-0.366,-0.061,-0.061,0.06103,1.00585,0.08349,28.49
$IMU,26841.675,-0.366,0.000,-0.061,0.06152,1.01123,0.08789,28.49
$IMU,26841.677,-0.305,-0.061,0.000,0.05859,1.00830,0.08447,28.49
$MAG,26841.678,-0.432,-0.501,-0.675,27.6
$IMU,26841.680,-0.122,-0.244,0.000,0.05859,1.01123,0.08251,28.49
$IMU,26841.682,-0.183,-0.061,-0.183,0.05810,1.00781,0.08447,28.49
$IMU,26841.684,-0.061,-0.122,-0.244,0.05615,1.00830,0.08496,28.49
$IMU,26841.687,-0.122,-0.061,-0.183,0.05908,1.01025,0.08447,28.49
$MAG,26841.688,-0.430,-0.504,-0.663,27.6
$IMU,26841.689,-0.061,-0.061,-0.183,0.06005,1.00927,0.08496,28.49
$IMU,26841.691,-0.061,-0.061,-0.061,0.06152,1.00878,0.08398,28.49
$IMU,26841.694,-0.061,-0.244,-0.122,0.05957,1.01025,0.08105,28.49
$IMU,26841.696,0.000,-0.183,-0.244,0.05761,1.00830,0.08544,28.49
$MAG,26841.698,-0.433,-0.501,-0.663,27.6
$IMU,26841.698,-0.122,0.061,-0.305,0.05761,1.00830,0.08203,28.49
$IMU,26841.701,-0.244,0.061,-0.305,0.06005,1.00927,0.08251,28.49
$IMU,26841.703,-0.183,-0.061,-0.305,0.05712,1.00634,0.08056,28.49
$IMU,26841.705,-0.122,-0.122,-0.305,0.05761,1.00634,0.08105,28.49
$MAG,26841.708,-0.429,-0.502,-0.670,27.6
$IMU,26841.708,-0.122,-0.183,-0.244,0.05761,1.00683,0.08105,28.49
$IMU,26841.710,-0.305,0.061,-0.244,0.05761,1.00830,0.08203,28.50
$IMU,26841.712,-0.244,0.000,-0.244,0.05908,1.01025,0.08056,28.50
$IMU,26841.715,-0.244,0.000,-0.305,0.05761,1.00830,0.08203,28.50
$IMU,26841.717,-0.305,-0.061,-0.244,0.05908,1.00878,0.08398,28.50
$MAG,26841.718,-0.430,-0.504,-0.669,27.6
$IMU,26841.720,-0.183,-0.122,-0.305,0.05810,1.00927,0.08300,28.50
$IMU,26841.722,-0.183,-0.244,-0.305,0.05712,1.01025,0.07958,28.50
$IMU,26841.724,-0.305,0.061,-0.244,0.05517,1.00732,0.08203,28.50
$IMU,26841.727,-0.305,0.000,-0.244,0.05908,1.00830,0.08056,28.50
$MAG,26841.729,-0.427,-0.505,-0.676,27.6
$IMU,26841.729,-0.305,-0.122,-0.183,0.05712,1.00781,0.08300,28.45
$IMU,26841.731,-0.305,-0.183,-0.183,0.05810,1.00878,0.08642,28.45
$IMU,26841.734,-0.305,-0.183,-0.244,0.05712,1.01123,0.08398,28.45
$IMU,26841.736,-0.366,-0.122,-0.366,0.05761,1.01025,0.08251,28.45
$BARO,26841.737,86874.62,28.51
$IMU,26841.738,-0.427,-0.122,-0.366,0.05810,1.01220,0.08447,28.45
$MAG,26841.739,-0.430,-0.501,-0.672,27.6
$IMU,26841.741,-0.427,-0.061,-0.305,0.05712,1.00878,0.08300,28.45
$IMU,26841.743,-0.427,-0.061,-0.244,0.05566,1.00634,0.08447,28.45
$IMU,26841.745,-0.427,-0.061,-0.183,0.05371,1.00830,0.08349,28.45
$IMU,26841.748,-0.488,-0.061,-0.183,0.05566,1.00830,0.08300,28.47
$MAG,26841.749,-0.435,-0.505,-0.666,27.6
$IMU,26841.750,-0.488,0.000,-0.244,0.05712,1.00976,0.08300,28.47
$IMU,26841.752,-0.488,0.000,-0.244,0.05957,1.00878,0.08642,28.47
$IMU,26841.755,-0.488,-0.061,-0.305,0.05712,1.01123,0.08691,28.47
$IMU,26841.757,-0.427,-0.122,-0.244,0.05615,1.01123,0.08056,28.47
$MAG,26841.759,-0.435,-0.501,-0.676,27.6
$IMU,26841.759,-0.366,-0.183,-0.244,0.05810,1.00732,0.08349,28.47
$IMU,26841.762,-0.427,-0.061,-0.244,0.05908,1.00732,0.08496,28.47
$IMU,26841.764,-0.427,0.061,-0.244,0.05712,1.01025,0.08447,28.47
$IMU,26841.766,-0.305,-0.061,-0.244,0.05664,1.00976,0.08544,28.43
$MAG,26841.769,-0.427,-0.504,-0.664,27.6
$IMU,26841.769,-0.244,-0.183,-0.122,0.05859,1.00683,0.08496,28.43
$IMU,26841.771,-0.244,-0.244,-0.183,0.05664,1.00927,0.08349,28.43
$IMU,26841.773,-0.183,-0.061,-0.183,0.05371,1.00585,0.08740,28.43
$IMU,26841.776,-0.183,-0.061,-0.305,0.05664,1.00781,0.08349,28.43
$IMU,26841.778,-0.305,0.061,-0.305,0.05712,1.00878,0.08593,28.43
$MAG,26841.779,-0.423,-0.510,-0.666,27.7
$IMU,26841.781,-0.244,-0.061,-0.366,0.05664,1.00830,0.08691,28.43
$IMU,26841.783,-0.122,-0.122,-0.244,0.05615,1.00878,0.08447,28.43
$IMU,26841.785,-0.183,-0.061,-0.244,0.05566,1.01025,0.08544,28.42
$IMU,26841.788,-0.183,0.000,-0.183,0.05761,1.01074,0.08447,28.42
$MAG,26841.789,-0.430,-0.513,-0.667,27.6
$IMU,26841.790,-0.183,0.061,-0.183,0.05712,1.01269,0.08496,28.42
$IMU,26841.792,-0.122,-0.122,-0.244,0.05664,1.00781,0.08349,28.42
$IMU,26841.795,-0.122,-0.183,-0.305,0.06103,1.01074,0.08203,28.42
$IMU,26841.797,-0.122,-0.122,-0.244,0.05859,1.00830,0.08300,28.42
$MAG,26841.799,-0.435,-0.501,-0.675,27.6
$IMU,26841.799,-0.183,0.000,-0.305,0.05517,1.00878,0.08300,28.42
$IMU,26841.802,-0.061,-0.122,-0.305,0.05566,1.00781,0.08447,28.42
$IMU,26841.804,-0.061,-0.183,-0.244,0.06005,1.00878,0.08203,28.47
$IMU,26841.806,-0.183,-0.061,-0.183,0.06005,1.01220,0.08251,28.47
$MAG,26841.809,-0.433,-0.498,-0.667,27.7
$IMU,26841.809,-0.244,0.000,-0.244,0.05908,1.00878,0.08203,28.47
$IMU,26841.811,-0.122,-0.183,-0.305,0.05615,1.00732,0.08007,28.47
$IMU,26841.813,-0.244,-0.061,-0.305,0.05810,1.00830,0.07958,28.47
$IMU,26841.816,-0.305,0.000,-0.305,0.05712,1.00830,0.08203,28.47
$IMU,26841.818,-0.244,-0.061,-0.305,0.05468,1.00683,0.08203,28.47
$MAG,26841.819,-0.424,-0.502,-0.672,27.7
$IMU,26841.820,-0.366,0.000,-0.183,0.06054,1.00927,0.08447,28.47
$IMU,26841.823,-0.183,-0.061,-0.183,0.05957,1.00830,0.08056,28.47
$IMU,26841.825,-0.244,-0.122,-0.183,0.05859,1.00781,0.08056,28.47
$IMU,26841.827,-0.305,0.000,-0.183,0.05712,1.01123,0.08105,28.47
$MAG,26841.829,-0.433,-0.511,-0.675,27.6
$IMU,26841.830,-0.244,0.061,-0.244,0.06005,1.01123,0.08203,28.47
$IMU,26841.832,-0.305,0.000,-0.244,0.06201,1.00878,0.08203,28.47
$IMU,26841.834,-0.305,-0.061,-0.244,0.05810,1.01220,0.08496,28.47
$IMU,26841.837,-0.305,-0.061,-0.183,0.05859,1.01269,0.08105,28.47
$BARO,26841.839,86869.57,28.51
$IMU,26841.839,-0.305,0.000,-0.122,0.05908,1.00683,0.08203,28.47
$MAG,26841.840,-0.439,-0.505,-0.667,27.7
$IMU,26841.842,-0.305,0.000,-0.061,0.05859,1.00927,0.08300,28.48
$IMU,26841.844,-0.305,-0.122,-0.122,0.06005,1.01123,0.08349,28.48
$IMU,26841.846,-0.305,-0.122,-0.122,0.05712,1.01025,0.08105,28.48
$IMU,26841.849,-0.244,-0.183,-0.244,0.05761,1.00732,0.08154,28.48
$MAG,26841.850,-0.432,-0.510,-0.666,27.7
$IMU,26841.851,-0.244,-0.122,-0.244,0.05615,1.01171,0.08447,28.48
$IMU,26841.853,-0.244,0.000,-0.244,0.05517,1.01074,0.08349,28.48
$IMU,26841.856,-0.244,0.061,-0.244,0.05712,1.01123,0.08496,28.48
$IMU,26841.858,-0.122,-0.061,-0.061,0.05566,1.00927,0.08251,28.48
$MAG,26841.860,-0.441,-0.504,-0.667,27.6
$IMU,26841.860,-0.122,-0.061,-0.061,0.05664,1.00830,0.08447,28.45
$IMU,26841.863,-0.122,-0.061,-0.183,0.05859,1.01025,0.08349,28.45
$IMU,26841.865,-0.183,0.061,-0.122,0.05859,1.01220,0.08398,28.45
$IMU,26841.867,-0.122,-0.061,-0.183,0.05761,1.00781,0.08251,28.45
$MAG,26841.870,-0.426,-0.502,-0.670,27.6
$IMU,26841.870,-0.183,-0.061,-0.183,0.05615,1.00585,0.08251,28.45
$IMU,26841.872,-0.183,-0.183,-0.122,0.05322,1.00781,0.08349,28.45
$IMU,26841.874,-0.122,-0.183,0.000,0.05615,1.00732,0.08007,28.45
$IMU,26841.877,-0.122,-0.183,0.061,0.06152,1.01074,0.08300,28.45
$IMU,26841.879,-0.183,0.000,0.000,0.05957,1.00927,0.08203,28.48
$MAG,26841.880,-0.439,-0.507,-0.673,27.5
$IMU,26841.881,-0.366,0.061,-0.122,0.06103,1.01123,0.08349,28.48
$IMU,26841.884,-0.366,0.122,-0.122,0.05859,1.01513,0.08154,28.48
$IMU,26841.886,-0.366,-0.122,-0.183,0.05712,1.00830,0.08203,28.48
$IMU,26841.888,-0.366,-0.061,-0.122,0.05371,1.00781,0.08203,28.48
$MAG,26841.890,-0.435,-0.501,-0.684,27.6
$IMU,26841.891,-0.488,0.061,0.000,0.05712,1.00927,0.08349,28.48
$IMU,26841.893,-0.366,0.000,0.061,0.05859,1.00732,0.08056,28.48
$IMU,26841.895,-0.366,-0.061,0.061,0.05859,1.00830,0.08544,28.48
$IMU,26841.898,-0.366,-0.122,0.000,0.05810,1.00976,0.08203,28.48
$MAG,26841.900,-0.424,-0.505,-0.672,27.6
$IMU,26841.900,-0.305,-0.183,-0.061,0.05664,1.00830,0.08349,28.48
$IMU,26841.903,-0.366,0.000,-0.183,0.05859,1.00830,0.08251,28.48
$IMU,26841.905,-0.427,0.061,-0.122,0.05957,1.00585,0.08447,28.48
$IMU,26841.907,-0.366,-0.061,-0.061,0.05761,1.00683,0.08447,28.48
$MAG,26841.910,-0.435,-0.508,-0.672,27.6
$IMU,26841.910,-0.305,0.061,0.000,0.05859,1.00585,0.08398,28.48
$IMU,26841.912,-0.244,-0.061,0.000,0.06054,1.00781,0.08837,28.48
$IMU,26841.914,-0.305,0.000,-0.061,0.05810,1.01269,0.08349,28.48
$IMU,26841.917,-0.183,-0.061,-0.122,0.06103,1.00976,0.08300,28.50
$IMU,26841.919,-0.244,-0.061,-0.061,0.05859,1.00830,0.08544,28.50
$MAG,26841.920,-0.433,-0.504,-0.675,27.6
$IMU,26841.921,-0.183,-0.061,-0.061,0.05957,1.00781,0.08544,28.50
$IMU,26841.924,-0.183,-0.122,-0.061,0.06054,1.00781,0.08496,28.50
$IMU,26841.926,-0.183,-0.122,-0.061,0.06054,1.00683,0.08740,28.50
$IMU,26841.928,-0.244,0.061,0.000,0.06054,1.00976,0.08349,28.50
$MAG,26841.930,-0.442,-0.499,-0.675,27.6
$IMU,26841.931,-0.244,0.061,-0.122,0.05908,1.00781,0.08349,28.50
$IMU,26841.933,-0.183,0.000,-0.183,0.06005,1.00781,0.08349,28.50
$IMU,26841.935,-0.183,-0.061,-0.183,0.06005,1.01074,0.08447,28.50
$IMU,26841.938,-0.061,-0.061,-0.122,0.06005,1.01074,0.08496,28.50
$BARO,26841.940,86867.57,28.51
$MAG,26841.940,-0.433,-0.502,-0.676,27.7
$IMU,26841.940,0.000,-0.061,-0.183,0.05810,1.00732,0.08349,28.50
$IMU,26841.942,-0.061,-0.122,-0.244,0.05859,1.00976,0.08349,28.50
$IMU,26841.945,-0.061,0.061,-0.122,0.06250,1.00830,0.08251,28.50
$IMU,26841.947,-0.061,-0.061,0.000,0.05908,1.00585,0.08251,28.50
$IMU,26841.949,-0.061,-0.244,-0.122,0.06054,1.00830,0.08154,28.50
$MAG,26841.951,-0.430,-0.499,-0.669,27.5
$IMU,26841.952,-0.061,-0.244,-0.183,0.05761,1.00878,0.08154,28.50
$IMU,26841.954,-0.183,-0.061,-0.183,0.05908,1.00634,0.08251,28.49
$IMU,26841.956,-0.122,-0.122,-0.244,0.06005,1.00634,0.08398,28.49
$IMU,26841.959,-0.183,0.000,-0.244,0.05859,1.00683,0.08056,28.49
$MAG,26841.961,-0.436,-0.514,-0.666,27.6
$IMU,26841.961,-0.122,-0.122,-0.122,0.05566,1.00830,0.08203,28.49
$IMU,26841.964,-0.183,-0.183,-0.061,0.05712,1.00878,0.08056,28.49
$IMU,26841.966,-0.183,-0.061,-0.061,0.05810,1.01025,0.08105,28.49
$IMU,26841.968,-0.183,0.122,-0.122,0.05712,1.01123,0.08398,28.49
$MAG,26841.971,-0.435,-0.502,-0.675,27.6
$IMU,26841.971,-0.244,0.061,-0.122,0.05615,1.00927,0.08349,28.49
$IMU,26841.973,-0.183,-0.122,-0.183,0.05761,1.01171,0.08349,28.46
$IMU,26841.975,-0.244,0.000,-0.183,0.05615,1.00878,0.08349,28.46
$IMU,26841.978,-0.366,0.061,-0.183,0.05761,1.00976,0.08300,28.46
$IMU,26841.980,-0.427,0.061,-0.183,0.05419,1.01171,0.08203,28.46
$MAG,26841.981,-0.436,-0.505,-0.667,27.7
$IMU,26841.982,-0.427,0.061,-0.061,0.05566,1.01074,0.08349,28.46
$IMU,26841.985,-0.427,0.122,-0.061,0.05517,1.01123,0.08251,28.46
$IMU,26841.987,-0.305,-0.061,-0.122,0.05810,1.00878,0.08251,28.46
$IMU,26841.989,-0.305,-0.183,-0.183,0.05468,1.00634,0.08349,28.46
$MAG,26841.991,-0.438,-0.499,-0.661,27.6
$IMU,26841.992,-0.427,0.061,-0.183,0.05712,1.00732,0.08593,28.49
$IMU,26841.994,-0.366,0.061,-0.122,0.05712,1.00878,0.08398,28.49
$IMU,26841.996,-0.366,0.000,0.000,0.05957,1.01367,0.08349,28.49
$IMU,26841.999,-0.244,-0.244,-0.122,0.05371,1.00634,0.08349,28.49
$MAG,26842.001,-0.433,-0.513,-0.669,27.6
$IMU,26842.001,-0.244,-0.122,-0.183,0.05712,1.00683,0.08251,28.49
$IMU,26842.003,-0.183,-0.122,-0.122,0.05712,1.00927,0.08251,28.49
$IMU,26842.006,-0.183,-0.061,-0.122,0.05371,1.00732,0.08154,28.49
$IMU,26842.008,-0.183,-0.061,-0.183,0.05810,1.00488,0.08251,28.49
$IMU,26842.010,-0.122,-0.305,-0.122,0.05664,1.00341,0.08203,28.50
$MAG,26842.011,-0.430,-0.510,-0.667,27.6
$IMU,26842.013,-0.183,-0.122,-0.122,0.05615,1.00732,0.08496,28.50
$IMU,26842.015,-0.122,-0.122,-0.122,0.05664,1.00683,0.08691,28.50
$IMU,26842.017,-0.122,-0.183,-0.183,0.05761,1.00634,0.08300,28.50
$IMU,26842.020,-0.305,-0.183,-0.183,0.05761,1.00927,0.08251,28.50
$MAG,26842.021,-0.432,-0.507,-0.669,27.6
$IMU,26842.022,-0.305,0.061,-0.244,0.05664,1.00830,0.08300,28.50
$IMU,26842.024,-0.366,0.061,-0.244,0.05908,1.00634,0.08398,28.50
$IMU,26842.027,-0.366,-0.061,-0.244,0.05615,1.00830,0.08496,28.50
$IMU,26842.029,-0.305,-0.061,-0.244,0.05908,1.00781,0.08007,28.50
$MAG,26842.031,-0.438,-0.505,-0.669,27.6
$IMU,26842.032,-0.366,0.000,-0.244,0.05566,1.01318,0.08349,28.50
$IMU,26842.034,-0.427,-0.061,-0.244,0.05615,1.01123,0.08544,28.50
$IMU,26842.036,-0.244,-0.061,-0.305,0.05957,1.00781,0.08496,28.50
$IMU,26842.039,-0.244,-0.061,-0.244,0.05859,1.01025,0.08544,28.50
$MAG,26842.041,-0.433,-0.504,-0.667,27.6
$IMU,26842.041,-0.305,-0.061,-0.183,0.06103,1.00830,0.08203,28.50
$BARO,26842.042,86875.47,28.51
$IMU,26842.043,-0.305,-0.061,-0.183,0.05810,1.00683,0.08203,28.50
$IMU,26842.046,-0.183,-0.061,-0.305,0.05957,1.01025,0.08300,28.50
$IMU,26842.048,-0.183,-0.122,-0.366,0.05957,1.00878,0.08398,28.51
$IMU,26842.050,-0.244,-0.061,-0.244,0.05908,1.01123,0.08544,28.51
$MAG,26842.051,-0.435,-0.514,-0.670,27.6
$IMU,26842.053,-0.122,-0.061,-0.244,0.05810,1.00878,0.08203,28.51
$IMU,26842.055,-0.122,-0.061,-0.305,0.05859,1.00927,0.08496,28.51
$IMU,26842.057,-0.183,-0.061,-0.183,0.05859,1.00927,0.08300,28.51
$IMU,26842.060,-0.183,-0.061,-0.122,0.06103,1.00976,0.08251,28.51
$MAG,26842.061,-0.433,-0.507,-0.669,27.6
$IMU,26842.062,-0.183,-0.061,-0.244,0.05810,1.01367,0.08447,28.51
$IMU,26842.064,-0.244,-0.122,-0.305,0.05664,1.00830,0.08300,28.51
$IMU,26842.067,-0.183,0.000,-0.183,0.05908,1.00830,0.08251,28.46
$IMU,26842.069,-0.244,0.000,-0.183,0.05419,1.01025,0.08251,28.46
$IMU,26842.071,-0.305,0.061,-0.244,0.05859,1.00878,0.08300,28.46
$MAG,26842.072,-0.436,-0.501,-0.681,27.6
$IMU,26842.074,-0.244,-0.061,-0.183,0.05859,1.00976,0.08056,28.46
$IMU,26842.076,-0.244,-0.061,-0.122,0.05712,1.00927,0.08154,28.46
$IMU,26842.078,-0.244,-0.122,-0.183,0.05761,1.01269,0.08251,28.46
$IMU,26842.081,-0.366,0.000,-0.183,0.06054,1.01025,0.08154,28.46
$MAG,26842.082,-0.435,-0.501,-0.663,27.7
$IMU,26842.083,-0.305,-0.122,-0.244,0.05859,1.00878,0.08056,28.46
$IMU,26842.085,-0.366,-0.061,-0.305,0.05371,1.00732,0.08300,28.51
$IMU,26842.088,-0.305,-0.061,-0.244,0.05615,1.00781,0.08154,28.51
$IMU,26842.090,-0.183,-0.122,-0.183,0.05761,1.00683,0.08203,28.51
$MAG,26842.092,-0.430,-0.496,-0.672,27.6
$IMU,26842.093,-0.183,-0.183,-0.183,0.05712,1.00830,0.08349,28.51
$IMU,26842.095,-0.183,-0.061,-0.244,0.06103,1.00830,0.08300,28.51
$IMU,26842.097,-0.244,-0.061,-0.183,0.05566,1.01269,0.08544,28.51
$IMU,26842.100,-0.305,-0.122,-0.183,0.05517,1.01269,0.08496,28.51
$MAG,26842.102,-0.433,-0.513,-0.676,27.6
$IMU,26842.102,-0.427,-0.122,-0.244,0.05859,1.01025,0.08593,28.51
$IMU,26842.104,-0.366,-0.061,-0.244,0.05957,1.00683,0.08154,28.50
$IMU,26842.107,-0.549,0.000,-0.183,0.05908,1.00585,0.08349,28.50
$IMU,26842.109,-0.488,0.000,-0.122,0.06054,1.00976,0.08544,28.50
$IMU,26842.111,-0.488,0.000,-0.122,0.05419,1.00830,0.08496,28.50
$MAG,26842.112,-0.423,-0.508,-0.672,27.6
$IMU,26842.114,-0.488,-0.061,-0.122,0.05810,1.01123,0.08349,28.50
$IMU,26842.116,-0.488,-0.061,-0.122,0.05615,1.00878,0.08398,28.50
$IMU,26842.118,-0.305,-0.122,-0.183,0.05859,1.00927,0.08447,28.50
$IMU,26842.121,-0.366,-0.061,-0.244,0.05859,1.00683,0.08642,28.50
$MAG,26842.122,-0.436,-0.505,-0.672,27.6
$IMU,26842.123,-0.366,-0.061,-0.183,0.05761,1.00781,0.08496,28.51
$IMU,26842.125,-0.427,0.000,-0.122,0.05664,1.00927,0.08300,28.51
$IMU,26842.128,-0.366,-0.122,-0.061,0.05810,1.01025,0.08544,28.51
$IMU,26842.130,-0.305,-0.122,-0.122,0.05468,1.00927,0.08642,28.51
$MAG,26842.132,-0.438,-0.505,-0.672,27.6
$IMU,26842.132,-0.244,-0.122,-0.183,0.06054,1.01074,0.08642,28.51
$IMU,26842.135,-0.244,-0.061,-0.183,0.06005,1.00878,0.08642,28.51
$IMU,26842.137,-0.122,-0.061,-0.305,0.05664,1.00976,0.08544,28.51
$IMU,26842.139,-0.061,-0.122,-0.305,0.05908,1.00976,0.08544,28.51
$VBAT,26842.139,4.134
$MAG,26842.142,-0.442,-0.502,-0.676,27.6
$IMU,26842.142,0.000,-0.183,-0.244,0.05712,1.00927,0.08496,28.49
$BARO,26842.143,86868.96,28.51
$IMU,26842.144,0.000,-0.061,-0.183,0.05566,1.00878,0.08398,28.49
$IMU,26842.146,-0.061,-0.122,-0.244,0.06054,1.00830,0.08447,28.49
$IMU,26842.149,-0.122,0.000,-0.183,0.06005,1.00781,0.08300,28.49
$IMU,26842.151,-0.122,-0.183,-0.183,0.06005,1.00830,0.08105,28.49
$MAG,26842.152,-0.432,-0.508,-0.675,27.7
$IMU,26842.154,-0.061,-0.122,-0.244,0.05761,1.00927,0.08349,28.49
$IMU,26842.156,-0.061,-0.122,-0.244,0.05859,1.00683,0.08154,28.49
$IMU,26842.158,-0.122,-0.061,-0.305,0.05810,1.00683,0.08300,28.49
$IMU,26842.161,-0.244,0.000,-0.244,0.05712,1.00341,0.08007,28.48
$IMU,26842.163,-0.183,-0.122,-0.122,0.05664,1.00830,0.08496,28.48
$MAG,26842.162,-0.436,-0.505,-0.669,27.6
$IMU,26842.165,-0.244,-0.122,-0.244,0.05566,1.00878,0.08105,28.48
$IMU,26842.168,-0.183,-0.122,-0.305,0.05664,1.00781,0.07958,28.48
$IMU,26842.170,-0.244,-0.061,-0.366,0.05664,1.00732,0.08203,28.48
$MAG,26842.172,-0.438,-0.507,-0.669,27.6
$IMU,26842.172,-0.305,0.061,-0.366,0.05468,1.00781,0.08349,28.48
$IMU,26842.175,-0.366,-0.061,-0.305,0.05517,1.00732,0.08154,28.48
$IMU,26842.177,-0.366,-0.061,-0.183,0.05419,1.00781,0.08154,28.48
$IMU,26842.179,-0.366,-0.061,-0.183,0.05664,1.01220,0.07812,28.47
$IMU,26842.182,-0.366,-0.244,-0.183,0.05566,1.00976,0.08349,28.47
$MAG,26842.183,-0.438,-0.504,-0.669,27.6
$IMU,26842.184,-0.488,0.000,-0.183,0.05908,1.01074,0.08349,28.47
$IMU,26842.186,-0.488,0.061,-0.183,0.05859,1.00878,0.08203,28.47
$IMU,26842.189,-0.427,0.061,-0.366,0.06103,1.00927,0.08203,28.47
$IMU,26842.191,-0.427,-0.122,-0.366,0.05859,1.00927,0.08398,28.47
$MAG,26842.193,-0.436,-0.499,-0.670,27.6
$IMU,26842.193,-0.305,-0.122,-0.366,0.05468,1.00830,0.08642,28.47
$IMU,26842.196,-0.244,-0.122,-0.244,0.05664,1.01074,0.08496,28.47
$IMU,26842.198,-0.305,0.000,-0.183,0.05957,1.00976,0.08300,28.50
$IMU,26842.200,-0.305,0.000,-0.183,0.05908,1.01367,0.08056,28.50
$MAG,26842.203,-0.432,-0.501,-0.663,27.6
$IMU,26842.203,-0.183,-0.183,-0.183,0.05859,1.01025,0.08496,28.50
$IMU,26842.205,-0.244,0.000,-0.305,0.05761,1.01025,0.08349,28.50
$IMU,26842.207,-0.244,0.000,-0.305,0.05859,1.00927,0.08349,28.50
$IMU,26842.210,-0.244,-0.122,-0.305,0.05810,1.00927,0.08300,28.50
$IMU,26842.212,-0.244,-0.122,-0.305,0.05810,1.00781,0.08496,28.50
$MAG,26842.213,-0.435,-0.507,-0.669,27.6
$IMU,26842.215,-0.305,-0.122,-0.183,0.06005,1.00537,0.08398,28.50
$IMU,26842.217,-0.305,-0.061,-0.183,0.05957,1.01171,0.08349,28.52
$IMU,26842.219,-0.244,-0.122,-0.183,0.05712,1.01269,0.08349,28.52
$IMU,26842.222,-0.366,-0.122,-0.305,0.05957,1.00976,0.08398,28.52
$MAG,26842.223,-0.438,-0.504,-0.666,27.6
$IMU,26842.224,-0.427,-0.122,-0.305,0.05761,1.00830,0.08203,28.52
$IMU,26842.226,-0.488,-0.061,-0.305,0.05859,1.00732,0.08251,28.52
$IMU,26842.229,-0.488,-0.122,-0.183,0.05712,1.00830,0.08544,28.52
$IMU,26842.231,-0.488,0.000,-0.183,0.05712,1.00976,0.08789,28.52
$MAG,26842.233,-0.432,-0.502,-0.675,27.6
$IMU,26842.233,-0.488,0.061,-0.183,0.06005,1.00683,0.08496,28.52
$IMU,26842.236,-0.305,-0.122,-0.183,0.06054,1.00390,0.08154,28.51
$IMU,26842.238,-0.366,0.061,-0.183,0.05859,1.00488,0.08447,28.51
$IMU,26842.240,-0.366,0.000,-0.366,0.06152,1.00878,0.08544,28.51
$MAG,26842.243,-0.435,-0.504,-0.678,27.6
$IMU,26842.243,-0.305,-0.061,-0.366,0.05517,1.00976,0.08300,28.51
$BARO,26842.245,86868.11,28.52
$IMU,26842.245,-0.183,-0.183,-0.366,0.05761,1.00830,0.08447,28.51
$IMU,26842.247,-0.183,-0.183,-0.305,0.05517,1.00732,0.08349,28.51
$IMU,26842.250,-0.122,-0.183,-0.305,0.05468,1.00878,0.08496,28.51
$IMU,26842.252,-0.122,0.061,-0.305,0.05712,1.00683,0.08496,28.51
$MAG,26842.253,-0.441,-0.505,-0.670,27.6
$IMU,26842.254,-0.122,-0.061,-0.244,0.05566,1.00781,0.08154,28.49
$IMU,26842.257,-0.061,-0.183,-0.244,0.05712,1.00927,0.08007,28.49
$IMU,26842.259,0.000,-0.183,-0.366,0.05664,1.00830,0.08496,28.49
$IMU,26842.261,-0.183,-0.061,-0.366,0.05615,1.00634,0.08251,28.49
$MAG,26842.263,-0.436,-0.507,-0.667,27.6
$IMU,26842.264,-0.244,-0.122,-0.366,0.05712,1.00830,0.08447,28.49
$IMU,26842.266,-0.366,0.000,-0.305,0.05859,1.01025,0.08544,28.49
$IMU,26842.268,-0.366,0.000,-0.183,0.06103,1.01123,0.08056,28.49
$IMU,26842.271,-0.305,-0.183,-0.244,0.05859,1.01367,0.08398,28.49
$MAG,26842.273,-0.432,-0.508,-0.673,27.6
$IMU,26842.273,-0.427,-0.122,-0.244,0.05957,1.01123,0.08154,28.50
$IMU,26842.276,-0.366,-0.061,-0.305,0.06005,1.00781,0.08398,28.50
$IMU,26842.278,-0.305,-0.061,-0.305,0.06005,1.00927,0.08349,28.50
$IMU,26842.280,-0.305,-0.061,-0.305,0.05517,1.01123,0.08203,28.50
$MAG,26842.283,-0.430,-0.501,-0.663,27.7
$IMU,26842.283,-0.244,-0.122,-0.183,0.05566,1.00878,0.08105,28.50
$IMU,26842.285,-0.183,-0.244,-0.183,0.05664,1.00488,0.08251,28.50
$IMU,26842.287,-0.183,-0.061,-0.244,0.05615,1.00830,0.08398,28.50
$IMU,26842.290,-0.244,-0.061,-0.244,0.05761,1.00585,0.08691,28.50
$IMU,26842.292,-0.244,-0.061,-0.305,0.05810,1.00732,0.08251,28.50
$MAG,26842.294,-0.429,-0.502,-0.673,27.6
$IMU,26842.294,-0.061,-0.183,-0.305,0.05517,1.01171,0.08349,28.50
$IMU,26842.297,-0.122,-0.183,-0.305,0.05517,1.00830,0.08496,28.50
$IMU,26842.299,-0.122,-0.183,-0.366,0.05810,1.01220,0.08447,28.50
$IMU,26842.301,-0.183,0.000,-0.305,0.05859,1.01074,0.08398,28.50
$MAG,26842.304,-0.432,-0.498,-0.670,27.7
$IMU,26842.304,-0.305,0.000,-0.183,0.05517,1.01074,0.08447,28.50
$IMU,26842.306,-0.244,-0.183,-0.183,0.05712,1.01123,0.08398,28.50
$IMU,26842.308,-0.244,-0.061,-0.183,0.05810,1.01025,0.08496,28.50
$IMU,26842.311,-0.244,-0.122,-0.183,0.05615,1.00878,0.08349,28.49
$IMU,26842.313,-0.427,0.061,-0.183,0.05810,1.00683,0.08251,28.49
$MAG,26842.314,-0.436,-0.501,-0.670,27.6
$IMU,26842.315,-0.366,0.000,-0.183,0.06103,1.00927,0.08496,28.49
$IMU,26842.318,-0.366,-0.122,-0.244,0.05566,1.01318,0.08251,28.49
$IMU,26842.320,-0.244,-0.244,-0.183,0.05712,1.00830,0.08447,28.49
$IMU,26842.322,-0.305,-0.183,-0.183,0.05615,1.00878,0.08398,28.49
$MAG,26842.324,-0.432,-0.504,-0.673,27.6
$IMU,26842.325,-0.366,-0.061,-0.244,0.05566,1.01123,0.08154,28.49
$IMU,26842.327,-0.305,-0.061,-0.183,0.05566,1.01025,0.08154,28.49
$IMU,26842.329,-0.305,0.061,-0.183,0.05712,1.01171,0.08544,28.53
$IMU,26842.332,-0.366,0.000,-0.183,0.05761,1.01220,0.08642,28.53
$MAG,26842.334,-0.436,-0.508,-0.661,27.6
$IMU,26842.334,-0.305,-0.183,-0.183,0.05517,1.00830,0.08251,28.53
$IMU,26842.337,-0.305,-0.122,-0.183,0.05615,1.01220,0.08349,28.53
$IMU,26842.339,-0.366,-0.122,-0.305,0.05615,1.00732,0.08251,28.53
$IMU,26842.341,-0.366,0.061,-0.244,0.05810,1.00781,0.08349,28.53
$MAG,26842.344,-0.436,-0.510,-0.666,27.6
$IMU,26842.344,-0.305,-0.122,-0.244,0.05712,1.00830,0.08398,28.53
$BARO,26842.346,86856.82,28.52
$IMU,26842.346,-0.366,0.000,-0.183,0.05664,1.01269,0.08300,28.53
$IMU,26842.348,-0.305,-0.122,-0.122,0.05566,1.01220,0.08691,28.51
$IMU,26842.351,-0.366,-0.122,-0.244,0.05566,1.01074,0.08251,28.51
$IMU,26842.353,-0.366,0.000,-0.183,0.05615,1.01025,0.08447,28.51
$MAG,26842.354,-0.427,-0.510,-0.672,27.6
$IMU,26842.355,-0.366,0.061,-0.183,0.05615,1.00781,0.08300,28.51
$IMU,26842.358,-0.305,-0.183,-0.183,0.05761,1.00732,0.08398,28.51
$IMU,26842.360,-0.183,-0.183,-0.183,0.05810,1.01171,0.08593,28.51
$IMU,26842.362,-0.244,-0.122,-0.183,0.05566,1.01025,0.08349,28.51
$MAG,26842.364,-0.423,-0.511,-0.672,27.6
$IMU,26842.365,-0.244,-0.122,-0.183,0.05957,1.00927,0.08447,28.51
$IMU,26842.367,-0.244,-0.061,-0.122,0.05566,1.00732,0.08544,28.49
$IMU,26842.369,-0.244,0.000,-0.183,0.06054,1.00976,0.08398,28.49
$IMU,26842.372,-0.122,-0.122,-0.244,0.05566,1.00585,0.08398,28.49
$MAG,26842.374,-0.442,-0.502,-0.667,27.6
$IMU,26842.374,0.000,-0.244,-0.244,0.05419,1.00634,0.08300,28.49
$IMU,26842.376,-0.122,-0.061,-0.122,0.05664,1.00830,0.08203,28.49
$IMU,26842.379,-0.183,0.000,-0.183,0.05761,1.00732,0.08056,28.49
$IMU,26842.381,-0.122,-0.061,-0.183,0.05810,1.01220,0.08203,28.49
$IMU,26842.383,-0.183,-0.061,-0.183,0.05859,1.01269,0.08154,28.49
$MAG,26842.384,-0.436,-0.510,-0.673,27.6
$IMU,26842.386,-0.122,-0.061,-0.305,0.05761,1.00878,0.08203,28.51
$IMU,26842.388,-0.183,-0.122,-0.244,0.05419,1.00976,0.08154,28.51
$IMU,26842.390,-0.183,-0.061,-0.305,0.05810,1.01123,0.08154,28.51
$IMU,26842.393,-0.244,-0.061,-0.183,0.05615,1.00781,0.08154,28.51
$MAG,26842.394,-0.427,-0.510,-0.670,27.6
$IMU,26842.395,-0.244,-0.122,-0.122,0.05468,1.00830,0.08447,28.51
$IMU,26842.398,-0.305,-0.061,-0.061,0.05664,1.00634,0.08203,28.51
$TIME,26842.399,510736.000,2399
$IMU,26842.400,-0.244,-0.244,-0.183,0.05859,1.00683,0.08154,28.51
$IMU,26842.402,-0.244,-0.061,-0.183,0.05957,1.00878,0.08300,28.51
$MAG,26842.404,-0.435,-0.501,-0.667,27.6
$IMU,26842.405,-0.305,-0.122,-0.183,0.05908,1.00830,0.08105,28.50
$IMU,26842.407,-0.305,-0.061,-0.244,0.05859,1.01025,0.08398,28.50
$IMU,26842.409,-0.305,-0.122,-0.183,0.05810,1.00732,0.08447,28.50
$IMU,26842.412,-0.305,0.000,-0.122,0.05566,1.01269,0.08544,28.50
$IMU,26842.414,-0.366,-0.061,-0.122,0.05908,1.00830,0.08349,28.50
$MAG,26842.415,-0.427,-0.505,-0.672,27.6
$IMU,26842.416,-0.366,-0.061,-0.061,0.06152,1.00927,0.08496,28.50
$IMU,26842.419,-0.244,-0.122,-0.061,0.06152,1.00927,0.08251,28.50
$IMU,26842.421,-0.305,-0.122,-0.122,0.05664,1.01171,0.07958,28.50
$IMU,26842.423,-0.366,-0.122,-0.183,0.05859,1.01220,0.08691,28.51
$MAG,26842.425,-0.438,-0.505,-0.669,27.6
$IMU,26842.426,-0.305,-0.122,-0.183,0.05957,1.00830,0.08544,28.51
$IMU,26842.428,-0.305,0.000,-0.183,0.05566,1.00830,0.08154,28.51
$IMU,26842.430,-0.183,-0.122,-0.183,0.05810,1.00927,0.08251,28.51
$IMU,26842.433,-0.305,0.000,-0.061,0.06054,1.00537,0.08447,28.51
$MAG,26842.435,-0.427,-0.499,-0.672,27.6
$IMU,26842.435,-0.244,-0.061,-0.061,0.05810,1.00830,0.08447,28.51
$IMU,26842.437,-0.244,-0.122,-0.061,0.05859,1.00732,0.08251,28.51
$IMU,26842.440,-0.305,0.000,-0.122,0.05810,1.00830,0.08544,28.51
$IMU,26842.442,-0.366,0.122,-0.122,0.05810,1.00732,0.08691,28.51
$IMU,26842.444,-0.244,-0.122,-0.183,0.05712,1.00634,0.08447,28.51
$MAG,26842.445,-0.424,-0.505,-0.673,27.6
$BARO,26842.447,86866.69,28.52
$IMU,26842.447,-0.244,-0.122,-0.183,0.05761,1.00830,0.08349,28.51
$IMU,26842.449,-0.244,-0.061,-0.122,0.05566,1.00830,0.08300,28.51
$IMU,26842.451,-0.183,-0.305,0.061,0.05810,1.00878,0.08398,28.51
$IMU,26842.454,-0.183,-0.244,0.000,0.05810,1.00927,0.08642,28.51
$MAG,26842.455,-0.433,-0.505,-0.669,27.7
$IMU,26842.456,-0.122,-0.183,-0.122,0.06152,1.01171,0.08203,28.51
$IMU,26842.458,-0.183,-0.183,-0.183,0.06054,1.00781,0.08544,28.51
$IMU,26842.461,-0.122,-0.122,-0.244,0.05908,1.01171,0.08544,28.53
$IMU,26842.463,-0.122,0.000,-0.244,0.05615,1.00878,0.08300,28.53
$IMU,26842.466,-0.244,0.000,-0.122,0.05517,1.00683,0.08496,28.53
$MAG,26842.465,-0.433,-0.501,-0.670,27.6
$IMU,26842.468,-0.244,0.122,-0.122,0.05664,1.00488,0.08007,28.53
$IMU,26842.470,-0.183,0.061,-0.122,0.05859,1.00781,0.08447,28.53
$IMU,26842.473,-0.244,0.000,-0.183,0.05859,1.00927,0.08251,28.53
$MAG,26842.475,-0.436,-0.508,-0.667,27.7
$IMU,26842.475,-0.244,-0.061,-0.244,0.05859,1.01025,0.08398,28.53
$IMU,26842.477,-0.366,0.061,-0.244,0.05419,1.00781,0.08398,28.53
$IMU,26842.480,-0.366,-0.061,-0.305,0.05712,1.00732,0.08447,28.49
$IMU,26842.482,-0.366,0.000,-0.183,0.05664,1.00878,0.08398,28.49
$IMU,26842.484,-0.305,0.000,-0.061,0.05664,1.00976,0.08398,28.49
$MAG,26842.485,-0.429,-0.502,-0.679,27.6
$IMU,26842.487,-0.366,0.000,-0.061,0.05859,1.00732,0.08593,28.49
$IMU,26842.489,-0.427,0.000,-0.122,0.05615,1.00683,0.08251,28.49
$IMU,26842.491,-0.305,-0.122,-0.183,0.05761,1.00732,0.08203,28.49
$IMU,26842.494,-0.244,-0.122,-0.183,0.05712,1.00878,0.08593,28.49
$MAG,26842.495,-0.427,-0.501,-0.669,27.6
$IMU,26842.496,-0.244,-0.122,-0.244,0.05615,1.01123,0.08593,28.49
$IMU,26842.498,-0.244,-0.122,-0.183,0.05371,1.01074,0.08447,28.48
$IMU,26842.501,-0.244,-0.061,-0.183,0.05957,1.01025,0.08496,28.48
$HUM,26842.503,33.7,29.0
$IMU,26842.503,-0.305,0.000,-0.183,0.05517,1.00683,0.08496,28.48
$MAG,26842.505,-0.426,-0.505,-0.672,27.6
$IMU,26842.505,-0.244,0.000,-0.122,0.05664,1.01269,0.08154,28.48
$IMU,26842.508,-0.122,-0.061,-0.122,0.05859,1.00927,0.08349,28.48
$IMU,26842.510,-0.183,-0.061,-0.244,0.05908,1.00976,0.08154,28.48
$IMU,26842.512,-0.183,0.000,-0.305,0.05322,1.00732,0.08251,28.48
$MAG,26842.515,-0.435,-0.499,-0.672,27.7
$IMU,26842.515,-0.183,0.000,-0.244,0.05664,1.01123,0.08593,28.48
$IMU,26842.517,-0.183,-0.061,-0.305,0.05761,1.00830,0.08398,28.51
$IMU,26842.519,-0.183,0.000,-0.183,0.05957,1.00634,0.08251,28.51
$IMU,26842.522,-0.244,0.000,-0.061,0.05664,1.00830,0.08203,28.51
$IMU,26842.524,-0.183,-0.183,-0.122,0.05859,1.00878,0.08496,28.51
$MAG,26842.526,-0.430,-0.505,-0.675,27.6
$IMU,26842.527,-0.244,0.000,-0.122,0.06005,1.00732,0.08349,28.51
$IMU,26842.529,-0.244,-0.122,-0.122,0.05761,1.00634,0.08349,28.51
$IMU,26842.531,-0.244,0.000,-0.305,0.05859,1.00976,0.08203,28.51
$IMU,26842.534,-0.244,-0.061,-0.183,0.05517,1.00732,0.08251,28.51
$MAG,26842.536,-0.430,-0.501,-0.661,27.6
$IMU,26842.536,-0.244,-0.122,-0.183,0.05615,1.00585,0.08251,28.51
$IMU,26842.538,-0.305,0.000,-0.244,0.05712,1.01074,0.08300,28.51
$IMU,26842.541,-0.244,-0.122,-0.122,0.05957,1.00830,0.08154,28.51
$IMU,26842.543,-0.305,-0.061,-0.061,0.05908,1.00878,0.08056,28.51
$IMU,26842.545,-0.366,0.000,-0.183,0.06152,1.00830,0.08544,28.51
$MAG,26842.546,-0.438,-0.510,-0.669,27.6
$IMU,26842.548,-0.305,-0.122,-0.244,0.06103,1.00781,0.08300,28.51
$BARO,26842.549,86864.28,28.52
$IMU,26842.550,-0.366,0.000,-0.183,0.05761,1.00976,0.08056,28.51
$IMU,26842.552,-0.305,-0.122,-0.183,0.05517,1.00781,0.08251,28.51
$IMU,26842.555,-0.366,0.061,-0.244,0.05664,1.00927,0.08251,28.50
$MAG,26842.556,-0.430,-0.498,-0.676,27.7
$IMU,26842.557,-0.366,0.122,-0.183,0.05712,1.00683,0.08007,28.50
$IMU,26842.559,-0.244,-0.061,-0.122,0.05419,1.00878,0.08203,28.50
$IMU,26842.562,-0.244,-0.122,-0.122,0.05810,1.00927,0.08349,28.50
$IMU,26842.564,-0.244,-0.061,-0.244,0.06005,1.00976,0.08105,28.50
$MAG,26842.566,-0.427,-0.505,-0.676,27.6
$IMU,26842.566,-0.366,0.000,-0.244,0.05908,1.00732,0.08349,28.50
$IMU,26842.569,-0.427,0.122,-0.244,0.05664,1.00537,0.08203,28.50
$IMU,26842.571,-0.366,0.061,-0.244,0.05712,1.00976,0.08251,28.50
$IMU,26842.573,-0.305,0.000,-0.183,0.05664,1.00830,0.08398,28.50
$MAG,26842.576,-0.427,-0.496,-0.673,27.6
$IMU,26842.576,-0.244,0.000,-0.061,0.05371,1.00927,0.08496,28.50
$IMU,26842.578,-0.305,0.061,-0.183,0.05908,1.01123,0.08251,28.50
$IMU,26842.580,-0.244,0.000,-0.183,0.05761,1.00878,0.08544,28.50
$IMU,26842.583,-0.183,-0.061,-0.183,0.06152,1.00927,0.08398,28.50
$IMU,26842.585,-0.244,-0.061,-0.244,0.05908,1.00781,0.08496,28.50
$MAG,26842.586,-0.432,-0.505,-0.675,27.6
$IMU,26842.588,-0.183,-0.244,-0.183,0.05859,1.00585,0.08251,28.50
$IMU,26842.590,-0.183,-0.183,-0.244,0.05810,1.01123,0.08398,28.50
$IMU,26842.592,-0.183,-0.061,-0.122,0.05712,1.00927,0.08349,28.49
$IMU,26842.595,-0.244,-0.061,-0.183,0.05908,1.00732,0.08300,28.49
$MAG,26842.596,-0.432,-0.507,-0.664,27.7
$IMU,26842.597,-0.183,-0.061,-0.183,0.05908,1.00488,0.08593,28.49
$IMU,26842.599,-0.183,-0.122,-0.244,0.05615,1.00781,0.08496,28.49
$IMU,26842.602,-0.183,-0.183,-0.183,0.05615,1.00878,0.08300,28.49
$IMU,26842.604,-0.122,-0.061,-0.244,0.05517,1.00781,0.08447,28.49
$MAG,26842.606,-0.427,-0.508,-0.675,27.6
$IMU,26842.606,-0.122,-0.183,-0.244,0.05615,1.00927,0.08447,28.49
$IMU,26842.609,-0.122,-0.183,-0.183,0.05810,1.00927,0.08300,28.49
$IMU,26842.611,-0.122,-0.122,-0.183,0.05712,1.00781,0.08203,28.53
$IMU,26842.613,-0.122,-0.183,-0.122,0.06152,1.00927,0.08251,28.53
$MAG,26842.616,-0.436,-0.511,-0.666,27.6
$IMU,26842.616,-0.244,-0.122,-0.122,0.05810,1.00878,0.08154,28.53
$IMU,26842.618,-0.244,0.000,-0.183,0.05419,1.00878,0.08300,28.53
$IMU,26842.620,-0.305,0.000,-0.122,0.05810,1.00390,0.08203,28.53
$IMU,26842.623,-0.366,-0.061,-0.244,0.06005,1.00732,0.08398,28.53
$IMU,26842.625,-0.366,0.000,-0.183,0.05859,1.00634,0.08251,28.53
$MAG,26842.626,-0.430,-0.507,-0.676,27.6
$IMU,26842.627,-0.366,-0.061,-0.183,0.05419,1.00878,0.08154,28.53
$IMU,26842.630,-0.305,-0.244,-0.122,0.05859,1.00781,0.08300,28.51
$IMU,26842.632,-0.366,0.000,-0.122,0.05761,1.01025,0.08642,28.51
$IMU,26842.634,-0.244,-0.061,-0.061,0.05712,1.00830,0.08642,28.51
$MAG,26842.637,-0.433,-0.505,-0.669,27.6
$IMU,26842.637,-0.305,0.061,-0.183,0.05957,1.00732,0.08398,28.51
$IMU,26842.639,-0.366,0.061,-0.183,0.05712,1.00683,0.08251,28.51
$IMU,26842.641,-0.305,-0.061,-0.183,0.05957,1.01025,0.08496,28.51
$IMU,26842.644,-0.305,-0.061,-0.244,0.05761,1.01025,0.08593,28.51
$IMU,26842.646,-0.244,-0.122,-0.183,0.05859,1.00878,0.08349,28.51
$MAG,26842.647,-0.433,-0.507,-0.666,27.6
$IMU,26842.649,-0.305,0.000,-0.183,0.05615,1.00585,0.08154,28.49
$BARO,26842.650,86866.84,28.52
$IMU,26842.651,-0.244,-0.061,-0.244,0.05810,1.00830,0.08056,28.49
$IMU,26842.653,-0.244,-0.122,-0.244,0.05468,1.01074,0.08300,28.49
$IMU,26842.656,-0.244,-0.061,-0.244,0.05859,1.01025,0.08300,28.49
$MAG,26842.657,-0.430,-0.513,-0.672,27.6
$IMU,26842.658,-0.183,-0.122,-0.244,0.05810,1.00781,0.08105,28.49
$IMU,26842.660,-0.244,-0.122,-0.183,0.05664,1.00781,0.08154,28.49
$IMU,26842.663,-0.244,-0.122,-0.122,0.05664,1.01074,0.08300,28.49
$IMU,26842.665,-0.305,-0.061,-0.183,0.05712,1.00683,0.08593,28.49
$MAG,26842.667,-0.445,-0.505,-0.667,27.6
$IMU,26842.667,-0.244,-0.122,-0.183,0.06201,1.00732,0.08447,28.46
$IMU,26842.670,-0.244,-0.122,-0.122,0.06201,1.00878,0.08447,28.46
$IMU,26842.672,-0.244,-0.183,-0.183,0.05664,1.01025,0.08447,28.46
$IMU,26842.674,-0.244,-0.061,-0.244,0.05712,1.00976,0.08642,28.46
$MAG,26842.677,-0.427,-0.502,-0.664,27.6
$IMU,26842.677,-0.244,-0.122,-0.244,0.05859,1.00927,0.08349,28.46
$IMU,26842.679,-0.183,-0.183,-0.244,0.05957,1.01074,0.08251,28.46
$IMU,26842.681,-0.183,-0.061,-0.183,0.05712,1.00732,0.08300,28.46
$IMU,26842.684,-0.183,-0.061,-0.183,0.05468,1.00927,0.08544,28.46
$IMU,26842.686,-0.183,-0.183,-0.183,0.05615,1.00927,0.08203,28.50
$MAG,26842.687,-0.436,-0.502,-0.673,27.6
$IMU,26842.688,-0.244,0.000,-0.183,0.05468,1.00830,0.08300,28.50
$IMU,26842.691,-0.305,0.000,-0.183,0.05908,1.00976,0.08300,28.50
$IMU,26842.693,-0.183,-0.244,-0.122,0.05859,1.00830,0.08447,28.50
$IMU,26842.695,-0.183,0.000,-0.244,0.05712,1.00878,0.08447,28.50
$MAG,26842.697,-0.424,-0.507,-0.669,27.6
$IMU,26842.698,-0.244,-0.061,-0.305,0.05712,1.00537,0.08447,28.50
$IMU,26842.700,-0.366,0.061,-0.244,0.05322,1.00585,0.08300,28.50
$IMU,26842.702,-0.305,-0.061,-0.122,0.05468,1.00927,0.08349,28.50
$IMU,26842.705,-0.305,0.000,-0.183,0.05810,1.00927,0.08056,28.55
$MAG,26842.707,-0.432,-0.513,-0.661,27.6
$IMU,26842.707,-0.244,-0.122,-0.061,0.05615,1.01123,0.08691,28.55
$IMU,26842.710,-0.305,-0.061,-0.122,0.05517,1.01025,0.08251,28.55
$IMU,26842.712,-0.305,-0.061,-0.183,0.06005,1.01025,0.08349,28.55
$IMU,26842.714,-0.305,0.061,-0.244,0.05615,1.01123,0.08251,28.55
$IMU,26842.717,-0.305,-0.122,-0.183,0.05957,1.00683,0.08203,28.55
$MAG,26842.717,-0.424,-0.501,-0.673,27.6
$IMU,26842.719,-0.244,-0.122,-0.122,0.05712,1.00683,0.08349,28.55
$IMU,26842.721,-0.244,-0.122,-0.122,0.05957,1.00927,0.08007,28.55
$IMU,26842.724,-0.305,0.000,-0.061,0.05615,1.00732,0.08203,28.54
$IMU,26842.726,-0.366,0.122,-0.061,0.05712,1.00732,0.08251,28.54
$MAG,26842.727,-0.433,-0.511,-0.669,27.6
$IMU,26842.728,-0.366,0.122,-0.122,0.05810,1.00976,0.08007,28.54
$IMU,26842.731,-0.366,-0.122,-0.244,0.05712,1.00976,0.08398,28.54
$IMU,26842.733,-0.305,-0.122,-0.244,0.05908,1.00683,0.08349,28.54
$IMU,26842.735,-0.244,-0.122,-0.122,0.05908,1.00830,0.08593,28.54
$MAG,26842.737,-0.433,-0.505,-0.666,27.6
$IMU,26842.738,-0.305,-0.061,-0.061,0.05810,1.00878,0.08544,28.54
$IMU,26842.740,-0.183,-0.244,-0.061,0.05664,1.00732,0.08496,28.54
$IMU,26842.742,-0.183,-0.122,-0.061,0.06103,1.01269,0.08349,28.51
$IMU,26842.745,-0.183,-0.061,-0.122,0.06201,1.01074,0.08203,28.51
$MAG,26842.747,-0.430,-0.504,-0.667,27.7
$IMU,26842.747,-0.244,0.000,-0.244,0.05810,1.00488,0.08203,28.51
$IMU,26842.749,-0.183,-0.061,-0.244,0.05810,1.00683,0.08349,28.51
$BARO,26842.752,86874.49,28.52
$IMU,26842.752,0.000,-0.427,-0.183,0.06054,1.00732,0.08398,28.51
$IMU,26842.754,0.000,-0.244,-0.183,0.05908,1.00781,0.08349,28.51
$IMU,26842.756,0.000,-0.183,-0.061,0.05908,1.00830,0.08007,28.51
$MAG,26842.758,-0.429,-0.507,-0.676,27.6
$IMU,26842.759,-0.122,-0.122,-0.061,0.05908,1.01074,0.08203,28.51
$IMU,26842.761,-0.244,0.183,-0.183,0.05712,1.00439,0.08447,28.51
$IMU,26842.763,-0.122,0.000,-0.122,0.05664,1.01367,0.08203,28.51
$IMU,26842.766,-0.183,-0.122,-0.305,0.05419,1.00732,0.08251,28.51
$MAG,26842.768,-0.429,-0.505,-0.664,27.7
$IMU,26842.768,-0.244,-0.122,-0.305,0.05615,1.00781,0.08447,28.51
$IMU,26842.771,-0.366,0.122,-0.244,0.05712,1.01025,0.08496,28.51
$IMU,26842.773,-0.549,0.183,-0.122,0.05468,1.00634,0.08398,28.51
$IMU,26842.775,-0.427,0.000,-0.061,0.05615,1.00927,0.08056,28.51
$MAG,26842.778,-0.430,-0.498,-0.670,27.6
$IMU,26842.778,-0.305,-0.061,-0.183,0.05517,1.01171,0.08300,28.51
$IMU,26842.780,-0.305,-0.305,-0.244,0.05859,1.01123,0.08349,28.54
$IMU,26842.782,-0.427,-0.183,-0.183,0.05664,1.01025,0.08251,28.54
$IMU,26842.785,-0.427,0.000,-0.183,0.05468,1.00683,0.08398,28.54
$IMU,26842.787,-0.305,-0.061,-0.244,0.05517,1.00976,0.08544,28.54
$MAG,26842.788,-0.435,-0.496,-0.670,27.6
$IMU,26842.789,-0.244,-0.244,-0.122,0.05566,1.01074,0.08398,28.54
$IMU,26842.792,-0.244,-0.183,0.000,0.05615,1.01171,0.08447,28.54
$IMU,26842.794,-0.305,0.061,-0.122,0.05810,1.00781,0.08349,28.54
$IMU,26842.796,-0.244,-0.122,-0.183,0.05810,1.01025,0.08105,28.54
$MAG,26842.798,-0.433,-0.501,-0.675,27.7
$IMU,26842.799,-0.183,-0.122,-0.183,0.05859,1.00830,0.08496,28.48
$IMU,26842.801,-0.183,-0.061,-0.305,0.06054,1.01123,0.08398,28.48
$IMU,26842.803,-0.183,-0.183,-0.244,0.05615,1.01074,0.08349,28.48
$IMU,26842.806,-0.183,-0.122,-0.122,0.05615,1.00830,0.08447,28.48
$MAG,26842.808,-0.432,-0.502,-0.669,27.7
$IMU,26842.808,-0.122,-0.061,-0.122,0.05761,1.00634,0.08251,28.48
$IMU,26842.810,-0.122,-0.183,-0.183,0.05664,1.00683,0.08251,28.48
$IMU,26842.813,-0.122,-0.122,0.000,0.05712,1.01220,0.08251,28.48
$IMU,26842.815,-0.183,-0.061,-0.122,0.05761,1.00683,0.08349,28.48
$IMU,26842.817,-0.183,-0.183,-0.244,0.05957,1.00927,0.08203,28.53
$MAG,26842.818,-0.435,-0.505,-0.664,27.6
$IMU,26842.820,-0.183,-0.061,-0.244,0.05859,1.00732,0.08496,28.53
$IMU,26842.822,-0.244,0.061,-0.183,0.05712,1.00927,0.08544,28.53
$IMU,26842.824,-0.305,-0.183,-0.122,0.05664,1.01025,0.08544,28.53
$IMU,26842.827,-0.305,0.000,-0.122,0.05566,1.00781,0.08496,28.53
$MAG,26842.828,-0.435,-0.504,-0.669,27.6
$IMU,26842.829,-0.244,-0.061,-0.061,0.05761,1.00878,0.08203,28.53
$IMU,26842.831,-0.244,-0.244,-0.122,0.05859,1.01220,0.08398,28.53
$IMU,26842.834,-0.305,0.061,-0.183,0.05957,1.00927,0.08447,28.53
$IMU,26842.836,-0.244,-0.122,-0.183,0.05957,1.00976,0.08349,28.50
$MAG,26842.838,-0.429,-0.513,-0.669,27.6
$IMU,26842.839,-0.305,-0.183,-0.183,0.05957,1.00878,0.08105,28.50
$IMU,26842.841,-0.183,-0.122,-0.061,0.05859,1.00927,0.08447,28.50
$IMU,26842.843,-0.244,-0.061,-0.122,0.05712,1.00830,0.08349,28.50
$IMU,26842.846,-0.305,-0.122,-0.122,0.05664,1.00830,0.08496,28.50
$MAG,26842.848,-0.433,-0.502,-0.663,27.6
$IMU,26842.848,-0.305,0.061,-0.061,0.05859,1.01123,0.08544,28.50
$IMU,26842.850,-0.244,0.061,-0.122,0.06103,1.01074,0.08496,28.50
$BARO,26842.853,86858.24,28.52
$IMU,26842.853,-0.183,-0.244,-0.183,0.05664,1.00927,0.08398,28.50
$IMU,26842.855,-0.183,-0.122,-0.183,0.05810,1.00878,0.08496,28.50
$IMU,26842.857,-0.183,0.061,-0.183,0.05859,1.00878,0.08251,28.50
$MAG,26842.858,-0.439,-0.502,-0.669,27.6
$IMU,26842.860,-0.305,0.061,-0.183,0.05859,1.00585,0.08349,28.50
$IMU,26842.862,-0.183,-0.061,-0.061,0.05859,1.00537,0.08398,28.50
$IMU,26842.864,-0.305,0.000,-0.122,0.06005,1.00585,0.08154,28.50
$IMU,26842.867,-0.244,0.000,-0.122,0.05761,1.00830,0.08203,28.50
$MAG,26842.869,-0.433,-0.510,-0.666,27.6
$IMU,26842.869,-0.305,0.000,-0.183,0.05957,1.00976,0.08349,28.50
$IMU,26842.871,-0.366,0.061,-0.122,0.05761,1.01123,0.08300,28.50
$IMU,26842.874,-0.305,0.061,-0.122,0.05615,1.00830,0.08349,28.50
$IMU,26842.876,-0.244,-0.122,-0.183,0.06005,1.00781,0.08300,28.50
$IMU,26842.878,-0.244,0.061,-0.122,0.06005,1.00732,0.08251,28.50
$MAG,26842.879,-0.433,-0.507,-0.666,27.6
$IMU,26842.881,-0.183,-0.183,-0.122,0.05664,1.00781,0.08544,28.50
$IMU,26842.883,-0.183,-0.122,-0.244,0.05566,1.00732,0.08593,28.50
$IMU,26842.885,-0.183,-0.061,-0.183,0.05957,1.01171,0.08398,28.50
$IMU,26842.888,-0.305,0.000,-0.244,0.05810,1.00830,0.08398,28.50
$MAG,26842.889,-0.436,-0.502,-0.669,27.6
$IMU,26842.890,-0.244,0.000,-0.244,0.05908,1.01025,0.08251,28.50
$IMU,26842.892,-0.366,0.061,-0.244,0.05664,1.00585,0.08349,28.52
$IMU,26842.895,-0.244,0.000,-0.244,0.05712,1.00634,0.08203,28.52
$IMU,26842.897,-0.183,-0.183,-0.183,0.05517,1.00732,0.08251,28.52
$MAG,26842.899,-0.433,-0.508,-0.672,27.6
$IMU,26842.900,-0.183,-0.183,-0.183,0.05615,1.00976,0.08007,28.52
$IMU,26842.902,-0.244,-0.061,-0.183,0.05859,1.01074,0.08398,28.52
$IMU,26842.904,-0.305,-0.061,-0.122,0.05615,1.00878,0.08593,28.52
$IMU,26842.907,-0.305,-0.061,-0.183,0.05859,1.00976,0.08398,28.52
$MAG,26842.909,-0.433,-0.505,-0.667,27.6
$IMU,26842.909,-0.183,-0.122,-0.183,0.05761,1.01171,0.08447,28.52
$IMU,26842.911,-0.183,-0.183,-0.183,0.06005,1.00683,0.08251,28.50
$IMU,26842.914,-0.122,-0.244,-0.183,0.05859,1.00927,0.08300,28.50
$IMU,26842.916,-0.183,-0.061,-0.122,0.05712,1.00878,0.08398,28.50
$IMU,26842.918,-0.244,0.000,-0.122,0.05761,1.00732,0.08203,28.50
$MAG,26842.919,-0.432,-0.501,-0.666,27.6
$IMU,26842.921,-0.122,-0.183,-0.183,0.05761,1.00878,0.08300,28.50
$IMU,26842.923,-0.122,-0.122,-0.244,0.05810,1.00830,0.08447,28.50
$IMU,26842.925,-0.183,-0.122,-0.183,0.05810,1.01220,0.08544,28.50
$IMU,26842.928,-0.183,-0.061,-0.122,0.06005,1.01025,0.08056,28.50
$MAG,26842.929,-0.426,-0.502,-0.669,27.6
$IMU,26842.930,-0.305,0.000,-0.183,0.05712,1.00781,0.08056,28.50
$IMU,26842.932,-0.305,0.061,-0.122,0.05664,1.00878,0.08056,28.50
$IMU,26842.935,-0.366,0.000,-0.183,0.05322,1.01171,0.08300,28.50
$IMU,26842.937,-0.305,-0.122,-0.122,0.05615,1.00927,0.08056,28.50
$MAG,26842.939,-0.426,-0.504,-0.670,27.7
$IMU,26842.939,-0.244,-0.183,-0.061,0.05810,1.00878,0.08447,28.50
$IMU,26842.942,-0.366,-0.061,-0.122,0.06054,1.00927,0.08398,28.50
$IMU,26842.944,-0.366,-0.061,-0.122,0.06005,1.00683,0.08447,28.50
$IMU,26842.946,-0.488,0.061,-0.122,0.06054,1.00732,0.08447,28.50
$MAG,26842.949,-0.426,-0.499,-0.670,27.6
$IMU,26842.949,-0.366,-0.183,-0.122,0.05957,1.00732,0.08251,28.52
$IMU,26842.951,-0.427,-0.061,-0.183,0.06005,1.00878,0.08203,28.52
$IMU,26842.953,-0.427,-0.061,-0.183,0.05859,1.00634,0.08349,28.52
$BARO,26842.955,86863.82,28.52
$IMU,26842.956,-0.427,-0.061,-0.122,0.05566,1.01025,0.08544,28.52
$IMU,26842.958,-0.366,0.000,-0.061,0.05761,1.01171,0.08496,28.52
$MAG,26842.959,-0.429,-0.505,-0.672,27.6
$IMU,26842.961,-0.366,0.000,-0.061,0.06005,1.00781,0.08447,28.52
$IMU,26842.963,-0.305,-0.061,-0.122,0.05664,1.01171,0.08300,28.52
$IMU,26842.965,-0.366,-0.061,-0.183,0.05908,1.00830,0.08642,28.52
$IMU,26842.968,-0.366,0.061,-0.183,0.06005,1.00537,0.08203,28.49
$MAG,26842.969,-0.433,-0.495,-0.673,27.6
$IMU,26842.970,-0.366,0.000,-0.122,0.05859,1.00488,0.08447,28.49
$IMU,26842.972,-0.244,-0.061,-0.122,0.05615,1.00781,0.08544,28.49
$IMU,26842.975,-0.305,0.061,-0.061,0.05664,1.00634,0.08593,28.49
$IMU,26842.977,-0.183,-0.122,-0.122,0.05664,1.00683,0.08642,28.49
$MAG,26842.979,-0.429,-0.502,-0.669,27.6
$IMU,26842.979,-0.183,-0.061,-0.122,0.05810,1.01074,0.08496,28.49
$IMU,26842.982,-0.183,0.000,-0.122,0.05712,1.00976,0.08496,28.49
$IMU,26842.984,-0.183,0.061,-0.305,0.05615,1.00927,0.08349,28.49
$IMU,26842.986,-0.061,-0.122,-0.244,0.05566,1.01074,0.08593,28.51
$IMU,26842.989,0.000,-0.244,-0.122,0.05712,1.01123,0.08349,28.51
$MAG,26842.990,-0.424,-0.516,-0.673,27.5
$IMU,26842.991,-0.122,-0.122,-0.122,0.05761,1.01025,0.08203,28.51
$IMU,26842.993,-0.122,-0.183,-0.122,0.05859,1.00927,0.08398,28.51
$IMU,26842.996,-0.061,-0.183,-0.122,0.05810,1.00732,0.08349,28.51
$IMU,26842.998,-0.122,-0.061,-0.122,0.05517,1.01171,0.08251,28.51
$MAG,26843.000,-0.430,-0.504,-0.666,27.6
$IMU,26843.000,-0.061,-0.183,-0.244,0.06054,1.01074,0.08398,28.51
$IMU,26843.003,-0.183,-0.122,-0.183,0.05810,1.01025,0.08349,28.51
$IMU,26843.005,-0.061,-0.183,-0.122,0.05761,1.00830,0.08300,28.54
$IMU,26843.007,-0.183,-0.122,-0.122,0.05615,1.00634,0.08154,28.54
$MAG,26843.010,-0.430,-0.510,-0.676,27.7
$IMU,26843.010,-0.183,0.000,-0.061,0.05566,1.01123,0.08496,28.54
$IMU,26843.012,-0.122,-0.244,0.000,0.05712,1.00732,0.08447,28.54
$IMU,26843.014,-0.183,-0.183,-0.061,0.06152,1.00976,0.08203,28.54
$IMU,26843.017,-0.244,-0.122,-0.122,0.05810,1.01074,0.08251,28.54
$IMU,26843.019,-0.244,-0.244,-0.183,0.05761,1.00781,0.08007,28.54
$MAG,26843.020,-0.426,-0.504,-0.667,27.6
$IMU,26843.022,-0.183,-0.122,-0.122,0.05566,1.01025,0.08203,28.54
$IMU,26843.024,-0.244,-0.122,-0.183,0.05615,1.01074,0.08300,28.47
$IMU,26843.026,-0.305,-0.061,-0.122,0.05664,1.00927,0.08300,28.47
$IMU,26843.029,-0.244,-0.061,0.000,0.05664,1.00830,0.07958,28.47
$MAG,26843.030,-0.433,-0.501,-0.666,27.6
$IMU,26843.031,-0.305,0.000,-0.122,0.05957,1.01074,0.08251,28.47
$IMU,26843.033,-0.244,-0.061,-0.122,0.05468,1.01025,0.08203,28.47
$IMU,26843.036,-0.366,-0.061,-0.122,0.05761,1.00683,0.08349,28.47
$IMU,26843.038,-0.366,-0.061,-0.244,0.05859,1.00439,0.08105,28.47
$MAG,26843.040,-0.439,-0.510,-0.678,27.6
$IMU,26843.040,-0.366,-0.122,-0.244,0.06005,1.00878,0.08251,28.47
$IMU,26843.043,-0.366,0.061,-0.122,0.05615,1.00830,0.08349,28.50
$IMU,26843.045,-0.427,0.000,-0.122,0.05908,1.00976,0.08496,28.50
$IMU,26843.047,-0.427,0.000,-0.122,0.05517,1.01220,0.08349,28.50
$MAG,26843.050,-0.424,-0.504,-0.666,27.6
$IMU,26843.050,-0.427,-0.061,-0.122,0.05761,1.01123,0.08691,28.50
$IMU,26843.052,-0.366,-0.183,-0.122,0.05859,1.01269,0.08593,28.50
$IMU,26843.054,-0.427,-0.061,-0.244,0.05761,1.00781,0.08447,28.50
$BARO,26843.056,86857.38,28.52
$IMU,26843.057,-0.427,0.061,-0.305,0.05761,1.00830,0.08398,28.50
$IMU,26843.059,-0.366,-0.122,-0.244,0.05761,1.00927,0.08593,28.50
$MAG,26843.060,-0.430,-0.508,-0.667,27.6
$IMU,26843.061,-0.305,-0.122,-0.122,0.05615,1.00732,0.08349,28.51
$IMU,26843.064,-0.244,0.000,-0.061,0.05957,1.01074,0.08544,28.51
$IMU,26843.066,-0.183,-0.061,0.000,0.05908,1.01074,0.08349,28.51
$IMU,26843.068,-0.122,-0.183,-0.122,0.05859,1.01074,0.08544,28.51
$MAG,26843.070,-0.445,-0.513,-0.661,27.6
$IMU,26843.071,-0.122,-0.061,-0.244,0.05908,1.01220,0.08105,28.51
$IMU,26843.073,-0.061,0.000,-0.305,0.05664,1.00683,0.08447,28.51
$IMU,26843.075,0.000,-0.122,-0.183,0.05810,1.00976,0.08593,28.51
$IMU,26843.078,0.000,-0.183,-0.183,0.05615,1.00878,0.08691,28.51
$MAG,26843.080,-0.427,-0.501,-0.667,27.7
$IMU,26843.080,-0.122,0.000,-0.122,0.05517,1.00976,0.08349,28.54
$IMU,26843.083,-0.183,-0.061,-0.122,0.05761,1.00683,0.08203,28.54
$IMU,26843.085,-0.244,-0.061,-0.183,0.05517,1.00927,0.08007,28.54
$IMU,26843.087,-0.122,-0.122,-0.244,0.05712,1.01074,0.08007,28.54
$MAG,26843.090,-0.435,-0.502,-0.664,27.6
$IMU,26843.090,-0.183,-0.061,-0.244,0.05810,1.00781,0.08105,28.54
$IMU,26843.092,-0.244,-0.061,-0.244,0.05371,1.00341,0.08300,28.54
$IMU,26843.094,-0.244,-0.061,-0.244,0.05468,1.00341,0.08105,28.54
$IMU,26843.097,-0.305,-0.061,-0.183,0.05615,1.00830,0.08300,28.54
$IMU,26843.099,-0.183,-0.061,0.000,0.05761,1.00830,0.08251,28.50
$MAG,26843.101,-0.430,-0.510,-0.669,27.6
$IMU,26843.101,-0.183,-0.122,-0.061,0.05908,1.00781,0.08154,28.50
$IMU,26843.104,-0.305,-0.122,-0.244,0.05712,1.00732,0.08056,28.50
$IMU,26843.106,-0.366,0.000,-0.244,0.05712,1.00976,0.08251,28.50
$IMU,26843.108,-0.366,-0.061,-0.244,0.05517,1.01025,0.08251,28.50
$MAG,26843.111,-0.423,-0.502,-0.670,27.6
$IMU,26843.111,-0.305,-0.183,-0.183,0.05957,1.00781,0.08154,28.50
$IMU,26843.113,-0.244,-0.122,-0.183,0.05566,1.00781,0.08349,28.50
$IMU,26843.115,-0.305,-0.061,-0.183,0.05712,1.00683,0.08447,28.50
$IMU,26843.118,-0.305,-0.183,-0.183,0.05859,1.00927,0.08349,28.53
$IMU,26843.120,-0.305,-0.061,-0.122,0.05957,1.00830,0.08203,28.53
$MAG,26843.121,-0.441,-0.505,-0.676,27.6
$IMU,26843.122,-0.305,0.000,-0.244,0.06054,1.00927,0.08447,28.53
$IMU,26843.125,-0.305,-0.183,-0.305,0.05859,1.01074,0.08349,28.53
$IMU,26843.127,-0.244,-0.183,-0.183,0.05957,1.00781,0.08349,28.53
$IMU,26843.129,-0.244,-0.122,-0.183,0.05566,1.00927,0.08496,28.53
$MAG,26843.131,-0.429,-0.502,-0.667,27.5
$IMU,26843.132,-0.366,0.000,-0.122,0.05664,1.01074,0.08349,28.53
$IMU,26843.134,-0.244,0.061,0.000,0.05761,1.00585,0.08496,28.53
$IMU,26843.136,-0.183,-0.061,-0.122,0.05957,1.01074,0.08105,28.53
$IMU,26843.139,-0.244,-0.122,-0.244,0.06054,1.01123,0.08300,28.53
$VBAT,26843.139,4.122
$MAG,26843.141,-0.432,-0.507,-0.670,27.7
$IMU,26843.141,-0.183,-0.122,-0.183,0.05810,1.00830,0.08496,28.53
$IMU,26843.144,-0.183,-0.061,-0.244,0.06152,1.01074,0.08349,28.53
$IMU,26843.146,-0.244,0.061,-0.244,0.05908,1.00781,0.08105,28.53
$IMU,26843.148,-0.244,-0.061,-0.183,0.06005,1.00927,0.08007,28.53
$MAG,26843.151,-0.433,-0.498,-0.678,27.6
$IMU,26843.151,-0.183,-0.183,-0.122,0.05810,1.00976,0.08398,28.53
$IMU,26843.153,-0.244,-0.061,-0.122,0.05761,1.00732,0.08398,28.53
$IMU,26843.155,-0.183,-0.122,-0.183,0.05566,1.00634,0.08251,28.53
$BARO,26843.157,86861.60,28.53
$IMU,26843.158,-0.183,-0.061,-0.244,0.05322,1.01025,0.08349,28.53
$IMU,26843.160,-0.305,0.061,-0.183,0.05712,1.00781,0.08105,28.53
$MAG,26843.161,-0.438,-0.508,-0.673,27.6
$IMU,26843.162,-0.244,0.000,-0.183,0.05810,1.00683,0.08056,28.53
$IMU,26843.165,-0.244,-0.061,-0.183,0.05859,1.00732,0.08544,28.53
$IMU,26843.167,-0.305,-0.183,-0.122,0.06152,1.00781,0.08154,28.53
$IMU,26843.169,-0.305,-0.122,-0.122,0.05664,1.00976,0.08349,28.53
$MAG,26843.171,-0.429,-0.493,-0.669,27.6
$IMU,26843.172,-0.305,0.000,-0.183,0.06054,1.01025,0.08105,28.53
$IMU,26843.174,-0.305,0.000,-0.183,0.05908,1.00976,0.08105,28.52
$IMU,26843.176,-0.244,-0.061,-0.183,0.05859,1.01025,0.08251,28.52
$IMU,26843.179,-0.183,-0.122,-0.183,0.05957,1.01025,0.08300,28.52
$MAG,26843.181,-0.436,-0.507,-0.672,27.6
$IMU,26843.181,-0.122,-0.122,-0.122,0.05908,1.00781,0.08398,28.52
$IMU,26843.183,-0.183,-0.122,-0.183,0.05664,1.01123,0.08203,28.52
$IMU,26843.186,-0.305,0.000,-0.122,0.05566,1.00585,0.08349,28.52
$IMU,26843.188,-0.305,0.000,-0.122,0.05615,1.00878,0.08251,28.52
$IMU,26843.190,-0.244,-0.305,-0.122,0.05664,1.00927,0.08056,28.52
$MAG,26843.191,-0.430,-0.501,-0.670,27.6
$IMU,26843.193,-0.183,-0.183,-0.122,0.05859,1.00976,0.08007,28.52
$IMU,26843.195,-0.366,-0.061,-0.244,0.05712,1.01269,0.08154,28.52
$IMU,26843.197,-0.366,-0.061,-0.183,0.05517,1.00976,0.08398,28.52
$IMU,26843.200,-0.305,0.000,-0.122,0.05712,1.00830,0.08398,28.52
$MAG,26843.201,-0.444,-0.511,-0.669,27.6
$IMU,26843.202,-0.366,0.000,-0.061,0.05517,1.01220,0.08349,28.52
$IMU,26843.204,-0.366,-0.061,-0.122,0.06054,1.00976,0.08349,28.52
$IMU,26843.207,-0.366,-0.061,-0.061,0.05957,1.00878,0.08203,28.52
$IMU,26843.209,-0.366,-0.122,-0.061,0.05908,1.00878,0.08447,28.52
$IMU,26843.212,-0.366,-0.061,-0.122,0.05859,1.00927,0.08544,28.51
$MAG,26843.211,-0.433,-0.511,-0.667,27.7
$IMU,26843.214,-0.366,-0.122,-0.061,0.05908,1.00781,0.08300,28.51
$IMU,26843.216,-0.305,-0.122,-0.061,0.05517,1.01171,0.08544,28.51
$IMU,26843.219,-0.366,-0.061,-0.061,0.05859,1.00634,0.08642,28.51
$IMU,26843.221,-0.305,-0.122,-0.122,0.05810,1.00537,0.08740,28.51
$MAG,26843.222,-0.430,-0.502,-0.666,27.7
$IMU,26843.223,-0.305,-0.061,-0.122,0.05810,1.00537,0.08642,28.51
$IMU,26843.226,-0.244,-0.061,-0.122,0.05712,1.00537,0.08447,28.51
$IMU,26843.228,-0.183,0.000,-0.183,0.05712,1.00781,0.08300,28.51
$IMU,26843.230,-0.122,-0.061,-0.183,0.05615,1.00781,0.08447,28.52
$MAG,26843.232,-0.435,-0.501,-0.667,27.6
$IMU,26843.233,-0.061,-0.183,-0.183,0.05664,1.01269,0.08349,28.52
$IMU,26843.235,-0.061,0.061,-0.244,0.05566,1.00927,0.08251,28.52
$IMU,26843.237,-0.122,-0.122,-0.244,0.05712,1.00830,0.08447,28.52
$IMU,26843.240,0.000,-0.183,-0.183,0.05859,1.00781,0.08496,28.52
$MAG,26843.242,-0.432,-0.510,-0.667,27.7
$IMU,26843.242,-0.122,0.000,-0.183,0.05908,1.00878,0.08105,28.52
$IMU,26843.244,-0.122,0.000,-0.122,0.05957,1.01367,0.08349,28.52
$IMU,26843.247,-0.183,-0.183,-0.061,0.06005,1.01171,0.08300,28.52
$IMU,26843.249,-0.122,-0.244,-0.122,0.06054,1.00781,0.08056,28.47
$IMU,26843.251,-0.244,-0.061,-0.122,0.05859,1.00634,0.08349,28.47
$MAG,26843.252,-0.435,-0.510,-0.666,27.6
$IMU,26843.254,-0.183,-0.122,-0.244,0.05859,1.01220,0.08447,28.47
$IMU,26843.256,-0.122,-0.122,-0.244,0.05957,1.01074,0.08642,28.47
$IMU,26843.258,-0.244,-0.061,-0.244,0.05468,1.01269,0.08251,28.47
$BARO,26843.259,86868.81,28.53
$IMU,26843.261,-0.305,-0.061,-0.183,0.05566,1.00488,0.08203,28.47
$MAG,26843.262,-0.430,-0.499,-0.666,27.3
$IMU,26843.263,-0.366,0.061,-0.061,0.05566,1.00830,0.08251,28.47
$IMU,26843.265,-0.305,0.061,-0.122,0.05908,1.00781,0.08300,28.47
$IMU,26843.268,-0.305,-0.122,-0.183,0.05957,1.00781,0.08251,28.53
$IMU,26843.270,-0.305,-0.122,-0.183,0.05908,1.00976,0.08154,28.53
$MAG,26843.272,-0.432,-0.495,-0.670,27.6
$IMU,26843.273,-0.366,0.000,-0.183,0.05761,1.01269,0.08300,28.53
$IMU,26843.275,-0.244,-0.122,-0.244,0.05615,1.00927,0.08447,28.53
$IMU,26843.277,-0.305,-0.061,-0.183,0.05712,1.00781,0.08398,28.53
$IMU,26843.280,-0.305,-0.061,-0.061,0.05957,1.00878,0.08447,28.53
$MAG,26843.282,-0.430,-0.501,-0.664,27.5
$IMU,26843.282,-0.244,-0.183,-0.061,0.05908,1.00976,0.08300,28.53
$IMU,26843.284,-0.244,0.000,-0.061,0.05615,1.01123,0.08300,28.53
$IMU,26843.287,-0.244,0.061,-0.183,0.05761,1.01025,0.08349,28.47
$IMU,26843.289,-0.183,-0.122,-0.244,0.05761,1.01171,0.08544,28.47
$IMU,26843.291,-0.183,-0.122,-0.244,0.06005,1.01171,0.08398,28.47
$MAG,26843.292,-0.441,-0.507,-0.669,27.6
$IMU,26843.294,-0.183,-0.122,-0.244,0.05517,1.00976,0.08251,28.47
$IMU,26843.296,-0.244,-0.183,-0.122,0.05419,1.00830,0.08496,28.47
$IMU,26843.298,-0.305,-0.061,-0.122,0.05908,1.01123,0.08105,28.47
$IMU,26843.301,-0.305,0.122,-0.061,0.05419,1.01025,0.08447,28.47
$MAG,26843.302,-0.441,-0.508,-0.666,27.5
$IMU,26843.303,-0.305,-0.061,-0.122,0.05566,1.01074,0.08544,28.47
$IMU,26843.305,-0.305,-0.122,-0.183,0.05712,1.00634,0.08544,28.54
$IMU,26843.308,-0.305,-0.122,-0.122,0.05664,1.00830,0.08349,28.54
$IMU,26843.310,-0.305,-0.244,-0.183,0.05712,1.01074,0.08544,28.54
$MAG,26843.312,-0.435,-0.508,-0.676,27.6
$IMU,26843.312,-0.305,-0.061,-0.122,0.05419,1.01025,0.08349,28.54
$IMU,26843.315,-0.305,-0.061,0.000,0.05761,1.00878,0.08447,28.54
$IMU,26843.317,-0.305,-0.122,-0.061,0.05908,1.00585,0.08593,28.54
$IMU,26843.319,-0.244,-0.061,-0.061,0.05908,1.00878,0.08447,28.54
$MAG,26843.322,-0.438,-0.498,-0.675,27.6
$IMU,26843.322,-0.305,0.000,-0.061,0.05566,1.00927,0.08349,28.54
$IMU,26843.324,-0.305,-0.122,-0.183,0.05419,1.00781,0.08349,28.53
$IMU,26843.326,-0.244,0.000,-0.183,0.05566,1.00585,0.08398,28.53
$IMU,26843.329,-0.244,0.000,-0.183,0.05859,1.00732,0.08496,28.53
$IMU,26843.331,-0.244,-0.061,-0.122,0.05761,1.00488,0.08398,28.53
$MAG,26843.333,-0.435,-0.496,-0.666,27.6
$IMU,26843.334,-0.183,-0.122,-0.061,0.05761,1.00927,0.08544,28.53
$IMU,26843.336,-0.183,0.000,-0.122,0.05957,1.00927,0.08789,28.53
$IMU,26843.338,-0.244,-0.061,-0.183,0.05957,1.00878,0.08447,28.53
$IMU,26843.341,-0.244,0.000,-0.122,0.05712,1.00927,0.08203,28.53
$MAG,26843.343,-0.441,-0.498,-0.676,27.6
$IMU,26843.343,-0.183,-0.061,-0.305,0.05810,1.01269,0.08300,28.49
$IMU,26843.345,-0.183,-0.122,-0.244,0.05712,1.01074,0.08349,28.49
$IMU,26843.348,-0.183,-0.122,-0.183,0.05615,1.00976,0.08251,28.49
$IMU,26843.350,-0.305,-0.061,-0.061,0.05517,1.01123,0.08349,28.49
$IMU,26843.352,-0.305,0.000,-0.061,0.06005,1.00927,0.08056,28.49
$MAG,26843.353,-0.436,-0.501,-0.682,27.6
$IMU,26843.355,-0.366,0.000,-0.061,0.05908,1.01123,0.08203,28.49
$IMU,26843.357,-0.305,-0.061,-0.183,0.05957,1.01123,0.08251,28.49
$IMU,26843.359,-0.244,-0.122,-0.305,0.05810,1.00878,0.08105,28.49
$BARO,26843.360,86866.60,28.53
$IMU,26843.362,-0.305,-0.244,-0.244,0.05957,1.00781,0.08349,28.57
$MAG,26843.363,-0.436,-0.510,-0.666,27.6
$IMU,26843.364,-0.305,-0.061,-0.244,0.05810,1.00732,0.08496,28.57
$IMU,26843.366,-0.305,-0.061,-0.122,0.05664,1.00732,0.08300,28.57
$IMU,26843.369,-0.244,-0.122,-0.122,0.06005,1.00878,0.08593,28.57
$IMU,26843.371,-0.183,-0.183,-0.061,0.06054,1.00634,0.08544,28.57
$MAG,26843.373,-0.432,-0.510,-0.669,27.6
$IMU,26843.373,-0.183,-0.122,-0.183,0.06298,1.00732,0.08105,28.57
$IMU,26843.376,-0.244,-0.183,-0.183,0.05908,1.00781,0.08203,28.57
$IMU,26843.378,-0.244,-0.061,-0.244,0.05859,1.01074,0.08349,28.57
$IMU,26843.380,-0.244,0.000,-0.244,0.05859,1.01025,0.08398,28.53
$MAG,26843.383,-0.439,-0.508,-0.675,27.7
$IMU,26843.383,-0.183,-0.061,-0.244,0.05664,1.00976,0.08447,28.53
$IMU,26843.385,-0.122,-0.122,-0.244,0.05908,1.00634,0.08300,28.53
$IMU,26843.387,-0.061,-0.061,-0.061,0.05664,1.01171,0.08398,28.53
$IMU,26843.390,-0.183,-0.061,-0.061,0.05712,1.01074,0.08349,28.53
$IMU,26843.392,-0.244,0.061,-0.183,0.05566,1.00976,0.08251,28.53
$MAG,26843.393,-0.424,-0.505,-0.678,27.6
$IMU,26843.395,-0.244,0.061,-0.183,0.05615,1.00732,0.08300,28.53
$IMU,26843.397,-0.183,0.000,-0.244,0.05810,1.00830,0.08593,28.53
$TIME,26843.399,510737.000,2399
$IMU,26843.399,-0.122,-0.061,-0.244,0.05664,1.00830,0.08398,28.56
$IMU,26843.402,-0.244,0.000,-0.122,0.05517,1.00732,0.08349,28.56
$MAG,26843.403,-0.439,-0.498,-0.667,27.6
$IMU,26843.404,-0.244,0.000,-0.122,0.05468,1.00585,0.08300,28.56
$IMU,26843.406,-0.305,-0.061,-0.061,0.05957,1.00976,0.08349,28.56
$IMU,26843.409,-0.244,-0.061,-0.122,0.05957,1.01123,0.08203,28.56
$IMU,26843.411,-0.183,-0.183,-0.183,0.05615,1.01025,0.08154,28.56
$MAG,26843.413,-0.436,-0.511,-0.664,27.6
$IMU,26843.413,-0.244,-0.061,-0.244,0.05859,1.01123,0.08300,28.56
$IMU,26843.416,-0.244,0.000,-0.183,0.05664,1.00781,0.08398,28.56
$IMU,26843.418,-0.305,0.000,-0.183,0.05517,1.01074,0.08398,28.55
$IMU,26843.420,-0.305,-0.122,-0.122,0.05761,1.01025,0.08203,28.55
$MAG,26843.423,-0.433,-0.504,-0.672,27.6
$IMU,26843.423,-0.305,-0.061,0.000,0.05761,1.01074,0.08203,28.55
$IMU,26843.425,-0.305,-0.122,-0.122,0.05908,1.00976,0.08154,28.55
$IMU,26843.427,-0.366,0.061,-0.122,0.05615,1.00878,0.08447,28.55
$IMU,26843.430,-0.427,0.000,-0.122,0.05615,1.01123,0.08398,28.55
$IMU,26843.432,-0.488,0.000,-0.183,0.05761,1.00830,0.08544,28.55
$MAG,26843.433,-0.432,-0.505,-0.666,27.6
$IMU,26843.434,-0.427,0.061,-0.183,0.05615,1.00732,0.08642,28.55
$IMU,26843.437,-0.427,0.061,-0.122,0.05859,1.00683,0.08300,28.51
$IMU,26843.439,-0.427,0.000,-0.061,0.05712,1.00488,0.08300,28.51
$IMU,26843.441,-0.305,-0.183,-0.061,0.05712,1.01171,0.08593,28.51
$MAG,26843.443,-0.432,-0.505,-0.663,27.6
$IMU,26843.444,-0.305,0.000,-0.061,0.06103,1.00830,0.08544,28.51
$IMU,26843.446,-0.305,-0.122,-0.183,0.05908,1.00976,0.08593,28.51
$IMU,26843.448,-0.244,-0.061,-0.183,0.06054,1.00781,0.08496,28.51
$IMU,26843.451,-0.244,-0.183,-0.244,0.05517,1.00634,0.08300,28.51
$IMU,26843.453,-0.305,-0.183,-0.183,0.05859,1.00585,0.08154,28.51
$MAG,26843.454,-0.433,-0.507,-0.667,27.7
$IMU,26843.456,-0.183,0.000,-0.183,0.05908,1.00878,0.08154,28.53
$IMU,26843.458,-0.244,0.122,-0.122,0.05859,1.01074,0.08544,28.53
$IMU,26843.460,-0.244,-0.061,-0.122,0.05859,1.00732,0.08398,28.53
$BARO,26843.462,86868.81,28.53
$IMU,26843.463,-0.244,-0.061,-0.122,0.05859,1.00781,0.08349,28.53
$MAG,26843.464,-0.433,-0.498,-0.666,27.7
$IMU,26843.465,-0.244,-0.061,-0.183,0.05810,1.00878,0.08300,28.53
$IMU,26843.467,-0.244,-0.122,-0.183,0.05517,1.00927,0.08593,28.53
$IMU,26843.470,-0.183,-0.122,-0.183,0.05468,1.00927,0.08398,28.53
$IMU,26843.472,-0.244,-0.061,-0.183,0.05322,1.00732,0.08251,28.53
$MAG,26843.474,-0.435,-0.505,-0.675,27.6
$IMU,26843.474,-0.244,-0.183,-0.122,0.06005,1.00634,0.08154,28.49
$IMU,26843.477,-0.244,-0.122,-0.122,0.05957,1.00634,0.08398,28.49
$IMU,26843.479,-0.244,0.000,-0.122,0.06005,1.00927,0.08251,28.49
$IMU,26843.481,-0.183,-0.122,-0.183,0.06054,1.00781,0.08154,28.49
$MAG,26843.484,-0.438,-0.505,-0.670,27.6
$IMU,26843.484,-0.122,-0.061,-0.244,0.05908,1.00732,0.08251,28.49
$IMU,26843.486,-0.183,-0.061,-0.122,0.05957,1.00683,0.08300,28.49
$IMU,26843.488,-0.183,-0.122,-0.122,0.05712,1.00830,0.08642,28.49
$IMU,26843.491,-0.122,-0.183,-0.183,0.05224,1.00878,0.08544,28.49
$IMU,26843.493,-0.122,-0.122,-0.305,0.05419,1.00878,0.08251,28.51
$MAG,26843.494,-0.435,-0.501,-0.669,27.6
$IMU,26843.495,-0.122,-0.061,-0.183,0.05761,1.00976,0.08300,28.51
$IMU,26843.498,-0.061,-0.122,-0.122,0.05810,1.00830,0.08349,28.51
$IMU,26843.500,0.000,-0.244,-0.122,0.05712,1.00830,0.08544,28.51
$IMU,26843.502,-0.061,-0.244,-0.244,0.05664,1.00927,0.08203,28.51
$MAG,26843.504,-0.432,-0.510,-0.669,27.7
$IMU,26843.505,-0.122,-0.061,-0.305,0.05908,1.01074,0.08203,28.51
$IMU,26843.507,-0.183,0.061,-0.244,0.05517,1.01123,0.08300,28.51
$IMU,26843.509,-0.244,-0.061,-0.244,0.05615,1.00683,0.08251,28.51
$IMU,26843.512,-0.183,-0.122,-0.244,0.05615,1.00537,0.08105,28.51
$MAG,26843.514,-0.433,-0.499,-0.664,27.6
$IMU,26843.514,-0.244,-0.061,-0.183,0.05615,1.01074,0.08203,28.51
$IMU,26843.517,-0.244,-0.122,-0.122,0.05468,1.00732,0.08105,28.51
$HUM,26843.519,34.1,29.0
$IMU,26843.519,-0.305,-0.122,-0.061,0.05224,1.01025,0.08154,28.51
$IMU,26843.521,-0.366,0.000,-0.122,0.05810,1.01171,0.08349,28.51
$MAG,26843.524,-0.435,-0.510,-0.670,27.6
$IMU,26843.524,-0.366,-0.183,-0.183,0.05761,1.00878,0.08203,28.51
$IMU,26843.526,-0.427,-0.122,-0.122,0.05761,1.00732,0.08251,28.51
$IMU,26843.528,-0.366,-0.061,-0.122,0.05761,1.00830,0.08544,28.51
$IMU,26843.531,-0.488,-0.061,-0.061,0.05859,1.00927,0.08740,28.53
$IMU,26843.533,-0.488,0.000,-0.122,0.05761,1.01074,0.08496,28.53
$MAG,26843.534,-0.435,-0.505,-0.672,27.5
$IMU,26843.535,-0.427,0.000,-0.122,0.05908,1.00830,0.08447,28.53
$IMU,26843.538,-0.305,-0.122,-0.122,0.06103,1.01025,0.08007,28.53
$IMU,26843.540,-0.244,-0.183,-0.122,0.06005,1.01171,0.08251,28.53
$IMU,26843.542,-0.183,-0.305,-0.183,0.05908,1.00537,0.08251,28.53
$MAG,26843.544,-0.432,-0.510,-0.673,27.6
$IMU,26843.545,-0.244,-0.122,-0.183,0.05712,1.00878,0.08496,28.53
$IMU,26843.547,-0.244,-0.061,-0.183,0.05810,1.00634,0.08447,28.53
$IMU,26843.549,-0.122,-0.183,-0.183,0.05957,1.00878,0.08398,28.55
$IMU,26843.552,-0.183,0.000,-0.122,0.05908,1.00878,0.07958,28.55
$MAG,26843.554,-0.438,-0.499,-0.666,27.6
$IMU,26843.554,-0.183,0.000,-0.061,0.05957,1.00585,0.08203,28.55
$IMU,26843.556,-0.183,0.000,-0.122,0.05712,1.00976,0.08251,28.55
$IMU,26843.559,-0.244,0.183,-0.183,0.05566,1.01464,0.08544,28.55
$IMU,26843.561,-0.305,0.183,-0.183,0.05566,1.00830,0.08642,28.55
$BARO,26843.563,86863.16,28.53
$IMU,26843.563,-0.244,-0.122,-0.183,0.05712,1.00878,0.08154,28.55
$MAG,26843.564,-0.433,-0.499,-0.672,27.6
$IMU,26843.566,-0.122,-0.122,-0.183,0.06005,1.00878,0.08105,28.55
$IMU,26843.568,-0.183,0.000,-0.061,0.05761,1.00683,0.07958,28.56
$IMU,26843.570,-0.244,0.000,-0.122,0.05957,1.00830,0.08251,28.56
$IMU,26843.573,-0.305,0.000,-0.183,0.06005,1.00585,0.08349,28.56
$MAG,26843.575,-0.433,-0.502,-0.669,27.6
$IMU,26843.575,-0.366,0.061,-0.244,0.05859,1.00732,0.08544,28.56
$IMU,26843.578,-0.305,-0.061,-0.244,0.05810,1.01025,0.08300,28.56
$IMU,26843.580,-0.244,-0.183,-0.183,0.05761,1.01123,0.08691,28.56
$IMU,26843.582,-0.366,0.000,-0.183,0.05712,1.00781,0.08544,28.56
$MAG,26843.585,-0.427,-0.505,-0.673,27.6
$IMU,26843.585,-0.427,0.122,-0.183,0.05761,1.01269,0.08496,28.56
$IMU,26843.587,-0.305,0.061,-0.061,0.05957,1.00830,0.08496,28.57
$IMU,26843.589,-0.183,-0.183,-0.122,0.05908,1.01074,0.08447,28.57
$IMU,26843.592,-0.244,-0.122,-0.183,0.05712,1.01171,0.08447,28.57
$IMU,26843.594,-0.122,-0.244,-0.244,0.05859,1.00683,0.08398,28.57
$MAG,26843.595,-0.432,-0.508,-0.669,27.6
$IMU,26843.596,-0.244,-0.183,-0.244,0.05566,1.00830,0.08300,28.57
$IMU,26843.599,-0.244,0.061,-0.244,0.05468,1.01123,0.08496,28.57
$IMU,26843.601,-0.122,-0.183,-0.244,0.05517,1.00927,0.08349,28.57
$IMU,26843.603,-0.122,-0.183,-0.122,0.05712,1.00732,0.08496,28.57
$MAG,26843.605,-0.433,-0.501,-0.678,27.6
$IMU,26843.606,-0.183,-0.061,-0.061,0.05957,1.00781,0.08203,28.54
$IMU,26843.608,-0.183,-0.244,-0.122,0.06005,1.01123,0.08300,28.54
$IMU,26843.610,-0.061,-0.122,-0.183,0.05810,1.01025,0.08251,28.54
$IMU,26843.613,-0.244,-0.061,-0.244,0.05712,1.00634,0.08105,28.54
$MAG,26843.615,-0.435,-0.504,-0.669,27.7
$IMU,26843.615,-0.244,-0.183,-0.305,0.06005,1.00976,0.08300,28.54
$IMU,26843.617,-0.244,0.000,-0.244,0.05712,1.00683,0.08496,28.54
$IMU,26843.620,-0.183,-0.061,-0.122,0.05664,1.01171,0.08447,28.54
$IMU,26843.622,-0.244,-0.183,-0.122,0.05615,1.00781,0.08251,28.54
$IMU,26843.624,-0.244,-0.061,-0.061,0.05615,1.01220,0.08251,28.52
$MAG,26843.625,-0.435,-0.502,-0.667,27.6
$IMU,26843.627,-0.244,-0.183,-0.122,0.05859,1.01074,0.08496,28.52
$IMU,26843.629,-0.305,-0.122,-0.244,0.06054,1.00830,0.08251,28.52
$IMU,26843.631,-0.366,0.000,-0.366,0.06005,1.01025,0.08251,28.52
$IMU,26843.634,-0.366,-0.061,-0.244,0.05664,1.01025,0.08251,28.52
$MAG,26843.635,-0.441,-0.507,-0.655,27.6
$IMU,26843.636,-0.366,-0.061,-0.183,0.05615,1.01123,0.08447,28.52
$IMU,26843.638,-0.427,0.183,-0.183,0.06054,1.00781,0.08349,28.52
$IMU,26843.641,-0.244,-0.183,-0.122,0.05957,1.00927,0.08203,28.52
$IMU,26843.643,-0.305,-0.122,-0.061,0.06152,1.00244,0.08203,28.51
$MAG,26843.645,-0.433,-0.511,-0.676,27.6
$IMU,26843.646,-0.305,0.061,-0.122,0.06005,1.01220,0.08349,28.51
$IMU,26843.648,-0.366,0.061,-0.183,0.06005,1.00732,0.08447,28.51
$IMU,26843.650,-0.244,-0.122,-0.244,0.05810,1.00585,0.08447,28.51
$IMU,26843.653,-0.183,-0.122,-0.244,0.05664,1.00634,0.08349,28.51
$MAG,26843.655,-0.429,-0.511,-0.675,27.6
$IMU,26843.655,-0.244,-0.061,-0.183,0.05566,1.00585,0.08203,28.51
$IMU,26843.657,-0.183,-0.122,-0.061,0.05468,1.00878,0.08251,28.51
$IMU,26843.660,0.000,-0.183,-0.061,0.05859,1.00878,0.08398,28.51
$IMU,26843.662,-0.122,0.000,-0.122,0.06005,1.00927,0.08349,28.53
$IMU,26843.664,-0.061,-0.122,-0.244,0.05859,1.00927,0.08398,28.53
$BARO,26843.665,86856.72,28.53
$MAG,26843.665,-0.429,-0.507,-0.661,27.6
$IMU,26843.667,-0.061,-0.122,-0.305,0.05859,1.00732,0.08349,28.53
$IMU,26843.669,-0.061,-0.122,-0.305,0.05517,1.01220,0.08398,28.53
$IMU,26843.671,-0.305,0.122,-0.183,0.05371,1.00781,0.08447,28.53
$IMU,26843.674,-0.244,0.061,-0.061,0.05859,1.00878,0.08203,28.53
$MAG,26843.675,-0.439,-0.502,-0.675,27.6
$IMU,26843.676,-0.183,-0.183,-0.061,0.06201,1.01074,0.08203,28.53
$IMU,26843.678,-0.366,-0.122,-0.122,0.06103,1.01367,0.08447,28.53
$IMU,26843.681,-0.366,-0.183,-0.122,0.05761,1.01074,0.08398,28.51
$IMU,26843.683,-0.488,-0.061,-0.183,0.05810,1.01123,0.08300,28.51
$MAG,26843.685,-0.420,-0.504,-0.678,27.6
$IMU,26843.685,-0.427,0.000,-0.122,0.05810,1.00732,0.08447,28.51
$IMU,26843.688,-0.488,-0.061,-0.183,0.05712,1.00781,0.08593,28.51
$IMU,26843.690,-0.366,-0.122,-0.122,0.05566,1.00683,0.08300,28.51
$IMU,26843.692,-0.305,-0.183,-0.122,0.05761,1.00927,0.08593,28.51
$IMU,26843.695,-0.305,-0.244,-0.122,0.05810,1.01025,0.08447,28.51
$MAG,26843.696,-0.435,-0.508,-0.667,27.6
$IMU,26843.697,-0.366,0.000,-0.061,0.05761,1.01269,0.08398,28.51
$IMU,26843.699,-0.305,0.000,-0.122,0.05859,1.00830,0.08398,28.56
$IMU,26843.702,-0.366,0.000,-0.183,0.05615,1.01025,0.08593,28.56
$IMU,26843.704,-0.244,-0.183,-0.183,0.05712,1.00634,0.08447,28.56
$MAG,26843.706,-0.426,-0.504,-0.673,27.6
$IMU,26843.707,-0.183,-0.061,-0.183,0.05761,1.00537,0.08349,28.56
$IMU,26843.709,-0.244,-0.061,-0.061,0.05761,1.00830,0.08300,28.56
$IMU,26843.711,-0.305,0.000,-0.061,0.05810,1.00634,0.08593,28.56
$IMU,26843.714,-0.305,0.122,-0.122,0.05859,1.00976,0.08300,28.56
$MAG,26843.716,-0.426,-0.511,-0.670,27.6
$IMU,26843.716,-0.244,0.000,-0.183,0.05908,1.01025,0.08251,28.56
$IMU,26843.718,-0.061,-0.183,-0.183,0.05615,1.00781,0.08398,28.53
$IMU,26843.721,-0.061,-0.183,-0.061,0.05615,1.00830,0.08544,28.53
$IMU,26843.723,-0.061,-0.061,-0.183,0.05712,1.01025,0.08398,28.53
$IMU,26843.725,-0.183,0.000,-0.183,0.05566,1.00781,0.08496,28.53
$MAG,26843.726,-0.433,-0.507,-0.669,27.6
$IMU,26843.728,-0.183,0.000,-0.122,0.05712,1.00585,0.08691,28.53
$IMU,26843.730,-0.061,-0.061,-0.122,0.06054,1.00878,0.08203,28.53
$IMU,26843.732,-0.183,-0.122,-0.122,0.05908,1.00927,0.08300,28.53
$IMU,26843.735,-0.122,-0.183,-0.122,0.05908,1.00927,0.08447,28.53
$MAG,26843.736,-0.426,-0.513,-0.667,27.6
$IMU,26843.737,-0.305,0.122,-0.183,0.05761,1.00732,0.08251,28.55
$IMU,26843.739,-0.366,0.061,-0.183,0.05517,1.00732,0.08349,28.55
$IMU,26843.742,-0.366,0.122,-0.183,0.05468,1.00683,0.08105,28.55
$IMU,26843.744,-0.305,-0.122,-0.183,0.05419,1.00732,0.08300,28.55
$MAG,26843.746,-0.435,-0.499,-0.676,27.7
$IMU,26843.746,-0.305,-0.122,-0.183,0.05517,1.01074,0.08007,28.55
$IMU,26843.749,-0.427,0.000,-0.122,0.05810,1.00830,0.08349,28.55
$IMU,26843.751,-0.366,0.061,-0.122,0.05664,1.00927,0.08740,28.55
$IMU,26843.753,-0.366,0.000,-0.122,0.05810,1.00927,0.08203,28.55
$MAG,26843.756,-0.436,-0.504,-0.670,27.6
$IMU,26843.756,-0.244,-0.244,-0.244,0.05761,1.01074,0.08398,28.51
$IMU,26843.758,-0.183,-0.244,-0.183,0.05712,1.00976,0.08447,28.51
$IMU,26843.760,-0.305,-0.183,-0.183,0.05761,1.00830,0.08154,28.51
$IMU,26843.763,-0.244,0.000,-0.183,0.05957,1.00878,0.08447,28.51
$IMU,26843.765,-0.244,-0.122,-0.122,0.05712,1.01074,0.08496,28.51
$BARO,26843.766,86862.50,28.53
$MAG,26843.766,-0.430,-0.510,-0.669,27.6
$IMU,26843.768,-0.244,-0.061,-0.061,0.05810,1.00878,0.08203,28.51
$IMU,26843.770,-0.244,0.000,-0.183,0.06005,1.01123,0.08496,28.51
$IMU,26843.772,-0.244,-0.122,-0.183,0.05712,1.00927,0.08398,28.51
$IMU,26843.775,-0.244,0.000,-0.122,0.05761,1.00878,0.08251,28.49
$MAG,26843.776,-0.429,-0.508,-0.670,27.6
$IMU,26843.777,-0.244,0.061,-0.122,0.05957,1.00927,0.08496,28.49
$IMU,26843.779,-0.183,-0.122,-0.183,0.05615,1.00830,0.08496,28.49
$IMU,26843.782,-0.183,-0.061,-0.122,0.05810,1.01074,0.08300,28.49
$IMU,26843.784,-0.183,-0.122,-0.122,0.05957,1.00878,0.08398,28.49
$MAG,26843.786,-0.424,-0.507,-0.661,27.6
$IMU,26843.786,-0.244,-0.061,-0.061,0.05810,1.00781,0.08251,28.49
$IMU,26843.789,-0.244,-0.183,-0.183,0.05810,1.00781,0.08544,28.49
$IMU,26843.791,-0.244,-0.061,-0.183,0.05615,1.00781,0.08398,28.49
$IMU,26843.793,-0.244,-0.061,-0.244,0.06103,1.00927,0.08203,28.53
$MAG,26843.796,-0.427,-0.513,-0.675,27.6
$IMU,26843.796,-0.366,0.000,-0.244,0.06152,1.00585,0.08398,28.53
$IMU,26843.798,-0.366,0.061,-0.183,0.05810,1.00585,0.08203,28.53
$IMU,26843.800,-0.427,0.000,-0.183,0.05615,1.01367,0.08203,28.53
$IMU,26843.803,-0.366,-0.061,-0.122,0.05761,1.00830,0.08349,28.53
$IMU,26843.805,-0.427,0.061,-0.061,0.05859,1.01123,0.08349,28.53
$MAG,26843.807,-0.438,-0.504,-0.670,27.6
$IMU,26843.807,-0.366,0.000,-0.122,0.05664,1.00976,0.08496,28.53
$IMU,26843.810,-0.366,-0.122,-0.183,0.05810,1.00732,0.08398,28.53
$IMU,26843.812,-0.305,-0.061,-0.183,0.05273,1.01123,0.08300,28.51
$IMU,26843.814,-0.244,-0.061,-0.122,0.05712,1.00878,0.08300,28.51
$MAG,26843.817,-0.433,-0.507,-0.670,27.6
$IMU,26843.817,-0.305,-0.061,-0.122,0.05664,1.01074,0.08251,28.51
$IMU,26843.819,-0.305,-0.061,-0.183,0.05859,1.01025,0.08398,28.51
$IMU,26843.821,-0.183,0.000,-0.061,0.05664,1.00585,0.08642,28.51
$IMU,26843.824,-0.122,-0.061,-0.122,0.05761,1.00683,0.08496,28.51
$IMU,26843.826,-0.122,0.000,-0.122,0.05712,1.00781,0.08544,28.51
$MAG,26843.827,-0.430,-0.502,-0.663,27.6
$IMU,26843.829,-0.122,0.061,-0.183,0.05957,1.01171,0.08496,28.51
$IMU,26843.831,-0.061,-0.183,-0.244,0.05419,1.00927,0.08496,28.56
$IMU,26843.833,-0.061,-0.183,-0.305,0.05468,1.00927,0.08251,28.56
$IMU,26843.836,-0.122,-0.061,-0.183,0.06005,1.00732,0.08251,28.56
$MAG,26843.837,-0.427,-0.502,-0.672,27.6
$IMU,26843.838,-0.061,-0.061,-0.183,0.05664,1.00976,0.08300,28.56
$IMU,26843.840,-0.183,-0.061,-0.122,0.05810,1.00683,0.08349,28.56
$IMU,26843.843,-0.305,0.061,-0.122,0.05908,1.00878,0.08447,28.56
$IMU,26843.845,-0.244,-0.122,-0.183,0.05908,1.00830,0.08349,28.56
$MAG,26843.847,-0.436,-0.498,-0.663,27.7
$IMU,26843.847,-0.183,-0.183,-0.244,0.05810,1.00976,0.08447,28.56
$IMU,26843.850,-0.305,0.000,-0.244,0.05615,1.00732,0.08203,28.51
$IMU,26843.852,-0.427,0.061,-0.244,0.05761,1.00781,0.08154,28.51
$IMU,26843.854,-0.427,0.000,-0.122,0.05322,1.01025,0.08203,28.51
$MAG,26843.857,-0.424,-0.511,-0.669,27.7
$IMU,26843.857,-0.549,0.244,-0.061,0.05761,1.00781,0.08300,28.51
$IMU,26843.859,-0.305,-0.244,-0.122,0.05761,1.01123,0.08447,28.51
$IMU,26843.861,-0.305,-0.183,-0.122,0.05810,1.00927,0.08398,28.51
$IMU,26843.864,-0.427,0.000,-0.183,0.05517,1.00830,0.08349,28.51
$IMU,26843.866,-0.427,-0.122,-0.244,0.05761,1.01025,0.08544,28.51
$BARO,26843.867,86868.74,28.53
$MAG,26843.867,-0.430,-0.507,-0.676,27.6
$IMU,26843.868,-0.244,-0.122,-0.183,0.05664,1.00634,0.08544,28.57
$IMU,26843.871,-0.305,0.000,-0.183,0.05468,1.00878,0.08593,28.57
$IMU,26843.873,-0.305,-0.061,-0.122,0.05908,1.00781,0.08544,28.57
$IMU,26843.875,-0.183,-0.061,-0.183,0.05957,1.00781,0.08496,28.57
$MAG,26843.877,-0.427,-0.505,-0.664,27.7
$IMU,26843.878,-0.183,0.061,-0.061,0.05761,1.01074,0.08300,28.57
$IMU,26843.880,-0.183,-0.061,-0.122,0.05810,1.00976,0.08300,28.57
$IMU,26843.882,-0.122,0.000,-0.244,0.05517,1.00878,0.08544,28.57
$IMU,26843.885,0.000,-0.122,-0.244,0.05761,1.00976,0.08203,28.57
$MAG,26843.887,-0.430,-0.502,-0.672,27.7
$IMU,26843.887,0.000,-0.122,-0.244,0.05761,1.00830,0.08349,28.53
$IMU,26843.890,0.000,-0.122,-0.122,0.05419,1.00927,0.08154,28.53
$IMU,26843.892,-0.061,0.061,-0.122,0.05615,1.00927,0.08007,28.53
$IMU,26843.894,-0.122,0.061,-0.061,0.05566,1.00976,0.08251,28.53
$MAG,26843.897,-0.433,-0.508,-0.669,27.5
$IMU,26843.897,-0.183,0.000,-0.061,0.05615,1.01074,0.08154,28.53
$IMU,26843.899,-0.122,-0.183,-0.183,0.05664,1.00878,0.08154,28.53
$IMU,26843.901,-0.244,-0.122,-0.244,0.05664,1.00976,0.08349,28.53
$IMU,26843.904,-0.244,-0.122,-0.244,0.05664,1.00732,0.08203,28.53
$IMU,26843.906,-0.427,0.000,-0.183,0.05566,1.00585,0.08349,28.55
$MAG,26843.907,-0.424,-0.510,-0.667,27.7
$IMU,26843.908,-0.427,-0.122,-0.061,0.05566,1.00781,0.08300,28.55
$IMU,26843.911,-0.244,-0.122,-0.061,0.05712,1.00878,0.08496,28.55
$IMU,26843.913,-0.305,0.000,-0.061,0.05957,1.00830,0.07958,28.55
$IMU,26843.915,-0.305,-0.122,-0.122,0.06005,1.00781,0.08398,28.55
$MAG,26843.917,-0.424,-0.504,-0.675,27.6
$IMU,26843.918,-0.427,0.183,-0.122,0.05761,1.01123,0.08300,28.55
$IMU,26843.920,-0.366,0.000,-0.183,0.05761,1.00683,0.08251,28.55
$IMU,26843.922,-0.305,-0.122,-0.244,0.05712,1.00292,0.08349,28.55
$IMU,26843.925,-0.305,-0.061,-0.122,0.05322,1.00488,0.08447,28.57
$IMU,26843.927,-0.305,-0.061,-0.061,0.05712,1.00976,0.08349,28.57
$MAG,26843.928,-0.432,-0.511,-0.666,27.7
$IMU,26843.929,-0.305,-0.122,-0.061,0.05957,1.01074,0.08203,28.57
$IMU,26843.932,-0.244,-0.122,-0.122,0.05957,1.00732,0.08300,28.57
$IMU,26843.934,-0.183,-0.061,-0.183,0.05664,1.01074,0.08105,28.57
$IMU,26843.936,-0.244,-0.122,-0.305,0.05664,1.00634,0.08398,28.57
$MAG,26843.938,-0.436,-0.507,-0.658,27.7
$IMU,26843.939,-0.244,-0.183,-0.305,0.05517,1.00878,0.08447,28.57
$IMU,26843.941,-0.122,-0.305,-0.183,0.05615,1.00781,0.08105,28.57
$IMU,26843.943,-0.305,-0.061,-0.183,0.05566,1.00976,0.08105,28.55
$IMU,26843.946,-0.183,-0.061,-0.061,0.05810,1.01025,0.08447,28.55
$MAG,26843.948,-0.430,-0.504,-0.672,27.5
$IMU,26843.948,-0.244,-0.183,-0.122,0.06250,1.01074,0.08300,28.55
$IMU,26843.951,-0.305,-0.061,-0.061,0.05957,1.01269,0.08398,28.55
$IMU,26843.953,-0.305,0.061,-0.183,0.05761,1.01318,0.08447,28.55
$IMU,26843.955,-0.244,-0.183,-0.305,0.05810,1.01025,0.08349,28.55
$MAG,26843.958,-0.429,-0.505,-0.672,27.6
$IMU,26843.958,-0.244,-0.122,-0.244,0.05810,1.00878,0.08544,28.55
$IMU,26843.960,-0.183,-0.183,-0.183,0.05761,1.00976,0.08203,28.55
$IMU,26843.962,-0.244,-0.183,-0.122,0.05859,1.00830,0.08398,28.51
$IMU,26843.965,-0.183,-0.122,-0.122,0.05761,1.00878,0.08593,28.51
$IMU,26843.967,-0.183,-0.061,-0.183,0.06054,1.00683,0.08300,28.51
$MAG,26843.968,-0.430,-0.502,-0.675,27.6
$BARO,26843.969,86865.72,28.53
$IMU,26843.969,-0.305,-0.061,-0.183,0.06250,1.00634,0.08398,28.51
$IMU,26843.972,-0.244,-0.122,-0.244,0.05957,1.00927,0.08300,28.51
$IMU,26843.974,-0.183,-0.061,-0.244,0.05468,1.01171,0.08496,28.51
$IMU,26843.976,-0.183,-0.183,-0.183,0.05517,1.00830,0.08447,28.51
$MAG,26843.978,-0.427,-0.501,-0.666,27.6
$IMU,26843.979,-0.305,0.000,-0.183,0.05664,1.00878,0.08642,28.51
$IMU,26843.981,-0.183,0.000,-0.061,0.05517,1.00878,0.08447,28.54
$IMU,26843.983,-0.061,-0.122,-0.122,0.05517,1.01123,0.08544,28.54
$IMU,26843.986,-0.122,-0.122,-0.244,0.05615,1.00634,0.08544,28.54
$MAG,26843.988,-0.423,-0.508,-0.667,27.7
$IMU,26843.988,-0.183,-0.122,-0.122,0.05761,1.00830,0.08496,28.54
$IMU,26843.990,-0.183,-0.061,-0.244,0.05712,1.01074,0.08300,28.54
$IMU,26843.993,-0.244,0.000,-0.244,0.05810,1.00683,0.08349,28.54
$IMU,26843.995,-0.244,0.000,-0.183,0.05664,1.00732,0.08251,28.54
$IMU,26843.997,-0.244,0.000,-0.122,0.05761,1.01269,0.08251,28.54
$MAG,26843.998,-0.439,-0.505,-0.673,27.6
$IMU,26844.000,-0.305,-0.061,-0.122,0.05419,1.00927,0.08398,28.54
$IMU,26844.002,-0.244,-0.183,-0.122,0.05859,1.00683,0.08203,28.54
$IMU,26844.004,-0.305,-0.061,-0.122,0.05761,1.00878,0.08056,28.54
$IMU,26844.007,-0.244,-0.122,-0.244,0.05664,1.01025,0.08349,28.54
$MAG,26844.008,-0.435,-0.508,-0.667,27.6
$IMU,26844.009,-0.305,-0.122,-0.244,0.05859,1.01269,0.08154,28.54
$IMU,26844.011,-0.366,0.000,-0.183,0.05712,1.00976,0.08203,28.54
$IMU,26844.014,-0.366,0.000,-0.122,0.05761,1.00878,0.08447,28.54
$IMU,26844.016,-0.366,-0.061,-0.122,0.05810,1.00732,0.08496,28.54
$MAG,26844.018,-0.435,-0.507,-0.667,27.6
$IMU,26844.019,-0.366,-0.122,-0.183,0.05908,1.00976,0.08447,28.57
$IMU,26844.021,-0.366,-0.122,-0.061,0.05908,1.01074,0.08398,28.57
$IMU,26844.023,-0.427,0.000,-0.122,0.05957,1.00732,0.08447,28.57
$IMU,26844.026,-0.366,-0.061,-0.183,0.05664,1.00781,0.08398,28.57
$MAG,26844.028,-0.438,-0.505,-0.667,27.7
$IMU,26844.028,-0.366,0.061,-0.183,0.05664,1.01367,0.08398,28.57
$IMU,26844.030,-0.366,0.000,-0.183,0.05957,1.01074,0.08203,28.57
$IMU,26844.033,-0.366,0.061,-0.183,0.05712,1.00830,0.08398,28.57
$IMU,26844.035,-0.183,-0.122,-0.061,0.05859,1.00927,0.08447,28.57
$IMU,26844.037,-0.244,-0.061,-0.061,0.05712,1.00927,0.08642,28.57
$MAG,26844.039,-0.444,-0.495,-0.663,27.7
$IMU,26844.040,-0.244,-0.061,-0.122,0.06005,1.00781,0.08496,28.57
$IMU,26844.042,-0.183,0.122,-0.061,0.05615,1.01074,0.08398,28.57
$IMU,26844.044,-0.122,-0.061,-0.183,0.05566,1.00634,0.08300,28.57
$IMU,26844.047,-0.183,-0.183,-0.183,0.05957,1.00976,0.08300,28.57
$MAG,26844.049,-0.427,-0.501,-0.666,27.6
$IMU,26844.049,-0.122,-0.061,-0.183,0.05468,1.00830,0.07861,28.57
$IMU,26844.051,0.000,-0.183,-0.183,0.05859,1.00683,0.08642,28.57
$IMU,26844.054,-0.061,-0.305,-0.183,0.05957,1.00292,0.08349,28.57
$IMU,26844.056,-0.122,0.000,-0.122,0.05957,1.00781,0.08349,28.56
$IMU,26844.058,-0.183,0.000,-0.183,0.05810,1.00732,0.08300,28.56
$MAG,26844.059,-0.426,-0.502,-0.667,27.6
$IMU,26844.061,-0.183,-0.061,-0.183,0.05859,1.00683,0.08593,28.56
$IMU,26844.063,-0.244,-0.122,-0.244,0.06152,1.00732,0.08593,28.56
$IMU,26844.065,-0.244,-0.061,-0.122,0.05761,1.00781,0.08544,28.56
$IMU,26844.068,-0.366,-0.183,-0.183,0.05908,1.01123,0.08300,28.56
$MAG,26844.069,-0.435,-0.499,-0.663,27.6
$BARO,26844.070,86862.84,28.54
$IMU,26844.070,-0.305,-0.061,-0.183,0.05468,1.00830,0.08398,28.56
$IMU,26844.072,-0.488,0.183,-0.122,0.05908,1.00732,0.08349,28.56
$IMU,26844.075,-0.549,0.061,-0.122,0.05908,1.00878,0.08349,28.50
$IMU,26844.077,-0.305,-0.061,-0.183,0.06054,1.00927,0.08642,28.50
$MAG,26844.079,-0.432,-0.507,-0.673,27.7
$IMU,26844.080,-0.366,-0.122,-0.183,0.05615,1.00537,0.08447,28.50
$IMU,26844.082,-0.488,-0.061,-0.183,0.05810,1.00830,0.08349,28.50
$IMU,26844.084,-0.366,-0.061,-0.122,0.05615,1.00927,0.08447,28.50
$IMU,26844.087,-0.244,-0.122,-0.122,0.05419,1.00878,0.08447,28.50
$MAG,26844.089,-0.426,-0.507,-0.669,27.6
$IMU,26844.089,-0.244,-0.183,-0.244,0.05761,1.00732,0.08203,28.50
$IMU,26844.091,-0.183,-0.122,-0.183,0.05566,1.00878,0.08349,28.50
$IMU,26844.094,-0.122,-0.061,-0.122,0.05908,1.00927,0.08349,28.55
$IMU,26844.096,-0.244,-0.061,-0.122,0.05615,1.00732,0.08496,28.55
$IMU,26844.098,-0.244,-0.122,-0.122,0.05615,1.00927,0.08398,28.55
$MAG,26844.099,-0.432,-0.505,-0.666,27.6
$IMU,26844.101,-0.183,-0.061,-0.183,0.05908,1.00830,0.08056,28.55
$IMU,26844.103,-0.122,-0.183,-0.183,0.05859,1.00830,0.08447,28.55
$IMU,26844.105,-0.244,-0.061,-0.183,0.05957,1.00830,0.08496,28.55
$IMU,26844.108,-0.244,-0.061,-0.183,0.05712,1.00830,0.08447,28.55
$MAG,26844.109,-0.438,-0.507,-0.673,27.7
$IMU,26844.110,-0.244,-0.122,-0.122,0.05957,1.00585,0.08349,28.55
$IMU,26844.112,-0.366,0.122,-0.122,0.05761,1.00830,0.08496,28.53
$IMU,26844.115,-0.183,-0.122,-0.061,0.05664,1.01074,0.08398,28.53
$IMU,26844.117,-0.183,-0.183,-0.122,0.05761,1.00976,0.08496,28.53
$MAG,26844.119,-0.432,-0.501,-0.673,27.6
$IMU,26844.119,-0.244,0.000,-0.183,0.05664,1.01171,0.08300,28.53
$IMU,26844.122,-0.244,-0.061,-0.183,0.05761,1.00927,0.08300,28.53
$IMU,26844.124,-0.244,-0.122,-0.183,0.05664,1.00683,0.07958,28.53
$IMU,26844.126,-0.305,0.061,-0.183,0.05615,1.01123,0.08349,28.53
$MAG,26844.129,-0.426,-0.510,-0.667,27.6
$IMU,26844.129,-0.305,-0.061,-0.122,0.05712,1.01074,0.08398,28.53
$IMU,26844.131,-0.244,-0.061,-0.061,0.05712,1.00927,0.08251,28.51
$IMU,26844.133,-0.244,0.061,-0.122,0.05957,1.00732,0.08398,28.51
$IMU,26844.136,-0.305,0.000,-0.183,0.05810,1.01074,0.08154,28.51
$IMU,26844.138,-0.244,-0.122,-0.244,0.05712,1.00683,0.08251,28.51
$MAG,26844.139,-0.429,-0.502,-0.663,27.6
$IMU,26844.141,-0.183,-0.122,-0.244,0.05419,1.01074,0.08544,28.51
$IMU,26844.143,-0.244,-0.183,-0.244,0.05517,1.00976,0.08154,28.51
$IMU,26844.145,-0.305,-0.061,-0.061,0.05761,1.01025,0.08544,28.51
$VBAT,26844.145,4.127
$IMU,26844.148,-0.244,0.000,0.000,0.05712,1.00830,0.08300,28.51
$MAG,26844.149,-0.435,-0.502,-0.664,27.6
$IMU,26844.150,-0.244,-0.061,-0.122,0.06005,1.01025,0.08447,28.53
$IMU,26844.152,-0.244,-0.183,-0.183,0.06054,1.01220,0.08789,28.53
$IMU,26844.155,-0.244,-0.061,-0.244,0.05957,1.01220,0.08203,28.53
$IMU,26844.157,-0.244,0.000,-0.183,0.05859,1.01123,0.08300,28.53
$IMU,26844.159,-0.305,-0.061,-0.244,0.05615,1.00634,0.08447,28.53
$MAG,26844.160,-0.429,-0.513,-0.667,27.7
$IMU,26844.162,-0.305,0.061,-0.122,0.05810,1.00585,0.08398,28.53
$IMU,26844.164,-0.183,-0.061,0.000,0.05761,1.00927,0.08349,28.53
$IMU,26844.166,-0.183,-0.244,-0.061,0.06152,1.01171,0.08496,28.53
$IMU,26844.169,-0.183,-0.061,-0.122,0.06152,1.01123,0.08349,28.51
$MAG,26844.170,-0.433,-0.498,-0.669,27.6
$IMU,26844.171,-0.244,0.061,-0.183,0.05957,1.01220,0.08251,28.51
$BARO,26844.172,86859.21,28.54
$IMU,26844.173,-0.305,0.000,-0.244,0.05908,1.01171,0.08056,28.51
$IMU,26844.176,-0.244,-0.061,-0.305,0.05664,1.00781,0.08251,28.51
$IMU,26844.178,-0.122,-0.122,-0.183,0.05615,1.00634,0.08300,28.51
$MAG,26844.180,-0.436,-0.501,-0.675,27.6
$IMU,26844.180,-0.122,-0.244,-0.122,0.05566,1.00683,0.08105,28.51
$IMU,26844.183,-0.183,-0.244,-0.122,0.05957,1.00927,0.08300,28.51
$IMU,26844.185,-0.366,0.000,-0.183,0.06054,1.01074,0.08398,28.51
$IMU,26844.187,-0.305,-0.061,-0.244,0.05761,1.00781,0.08154,28.55
$MAG,26844.190,-0.438,-0.510,-0.672,27.6
$IMU,26844.190,-0.366,-0.061,-0.183,0.05712,1.00927,0.08496,28.55
$IMU,26844.192,-0.305,-0.122,-0.244,0.05761,1.00732,0.08398,28.55
$IMU,26844.194,-0.366,-0.122,-0.244,0.05859,1.00781,0.08593,28.55
$IMU,26844.197,-0.366,0.061,-0.122,0.05615,1.01025,0.08496,28.55
$IMU,26844.199,-0.305,-0.122,0.000,0.05468,1.01074,0.08398,28.55
$MAG,26844.200,-0.435,-0.501,-0.667,27.6
$IMU,26844.202,-0.427,0.122,0.000,0.05615,1.00878,0.08398,28.55
$IMU,26844.204,-0.244,0.122,-0.122,0.05810,1.00878,0.08544,28.55
$IMU,26844.206,-0.183,-0.061,-0.244,0.05761,1.01025,0.08740,28.54
$IMU,26844.209,-0.183,-0.122,-0.244,0.05810,1.00878,0.08496,28.54
$MAG,26844.210,-0.438,-0.504,-0.675,27.6
$IMU,26844.211,-0.183,-0.183,-0.244,0.05761,1.01074,0.08105,28.54
$IMU,26844.213,-0.122,-0.122,-0.183,0.05664,1.01025,0.08056,28.54
$IMU,26844.216,-0.061,-0.122,-0.061,0.05615,1.01416,0.08056,28.54
$IMU,26844.218,-0.183,-0.061,-0.061,0.05468,1.01269,0.08300,28.54
$MAG,26844.220,-0.435,-0.498,-0.675,27.5
$IMU,26844.220,0.000,-0.183,-0.122,0.05664,1.01074,0.08300,28.54
$IMU,26844.223,-0.061,-0.183,-0.183,0.05810,1.01025,0.08056,28.54
$IMU,26844.225,-0.183,-0.122,-0.183,0.05615,1.00976,0.08105,28.53
$IMU,26844.227,-0.183,-0.183,-0.183,0.05371,1.00878,0.08398,28.53
$MAG,26844.230,-0.438,-0.508,-0.666,27.6
$IMU,26844.230,-0.244,-0.061,-0.122,0.05957,1.00927,0.08447,28.53
$IMU,26844.232,-0.366,0.000,-0.061,0.05615,1.00732,0.07958,28.53
$IMU,26844.234,-0.305,0.000,-0.061,0.05615,1.00927,0.08398,28.53
$IMU,26844.237,-0.305,-0.122,0.000,0.05615,1.00830,0.08447,28.53
$IMU,26844.239,-0.366,0.000,-0.061,0.06005,1.00634,0.08300,28.53
$MAG,26844.240,-0.435,-0.507,-0.670,27.7
$IMU,26844.241,-0.427,0.061,-0.122,0.05615,1.00781,0.08593,28.53
$IMU,26844.244,-0.366,-0.122,-0.183,0.05810,1.00732,0.08593,28.51
$IMU,26844.246,-0.427,-0.061,-0.122,0.05566,1.00976,0.08349,28.51
$IMU,26844.248,-0.427,-0.061,-0.122,0.05712,1.00634,0.08398,28.51
$MAG,26844.250,-0.433,-0.505,-0.667,27.6
$IMU,26844.251,-0.488,0.000,-0.122,0.05615,1.00927,0.08544,28.51
$IMU,26844.253,-0.427,0.000,-0.122,0.05810,1.00683,0.08593,28.51
$IMU,26844.255,-0.366,0.000,-0.183,0.05810,1.01025,0.08056,28.51
$IMU,26844.258,-0.305,-0.183,-0.183,0.05761,1.01123,0.08398,28.51
$MAG,26844.260,-0.427,-0.505,-0.676,27.6
$IMU,26844.260,-0.305,-0.183,-0.122,0.05761,1.00732,0.08447,28.51
$IMU,26844.263,-0.305,-0.122,-0.183,0.05810,1.00976,0.08496,28.56
$IMU,26844.265,-0.244,-0.061,-0.122,0.05517,1.00878,0.08544,28.56
$IMU,26844.267,-0.122,-0.122,-0.122,0.05761,1.00927,0.08349,28.56
$IMU,26844.270,-0.244,0.000,-0.122,0.05810,1.01074,0.08642,28.56
$MAG,26844.270,-0.435,-0.502,-0.663,27.7
$IMU,26844.272,-0.061,-0.122,-0.061,0.05810,1.00927,0.08447,28.56
$BARO,26844.273,86865.48,28.54
$IMU,26844.274,-0.061,-0.122,-0.183,0.05859,1.00732,0.08203,28.56
$IMU,26844.277,-0.183,-0.183,-0.183,0.05859,1.00537,0.08496,28.56
$IMU,26844.279,-0.244,0.122,-0.244,0.05810,1.00683,0.08349,28.56
$MAG,26844.281,-0.433,-0.502,-0.675,27.6
$IMU,26844.281,-0.122,0.000,-0.183,0.05810,1.00878,0.08496,28.53
$IMU,26844.284,-0.122,-0.122,-0.183,0.05615,1.00585,0.08496,28.53
$IMU,26844.286,-0.122,-0.061,-0.122,0.05615,1.00781,0.08447,28.53
$IMU,26844.288,-0.122,0.061,-0.122,0.05908,1.00976,0.08251,28.53
$MAG,26844.291,-0.435,-0.502,-0.670,27.6
$IMU,26844.291,-0.061,-0.061,-0.183,0.05810,1.00585,0.08349,28.53
$IMU,26844.293,-0.183,0.000,-0.122,0.05957,1.00781,0.08349,28.53
$IMU,26844.295,-0.244,0.061,-0.183,0.05810,1.00976,0.08398,28.53
$IMU,26844.298,-0.122,-0.122,-0.183,0.05761,1.00634,0.08300,28.53
$IMU,26844.300,-0.122,-0.122,-0.244,0.05810,1.00634,0.08349,28.57
$MAG,26844.301,-0.438,-0.507,-0.669,27.6
$IMU,26844.302,-0.244,0.000,-0.183,0.05566,1.00634,0.08447,28.57
$IMU,26844.305,-0.305,-0.061,-0.244,0.05615,1.00683,0.08447,28.57
$IMU,26844.307,-0.305,-0.122,-0.122,0.05810,1.00830,0.08300,28.57
$IMU,26844.309,-0.183,-0.244,-0.122,0.05957,1.00830,0.08251,28.57
$MAG,26844.311,-0.432,-0.505,-0.664,27.7
$IMU,26844.312,-0.305,0.000,-0.122,0.05664,1.00732,0.08349,28.57
$IMU,26844.314,-0.427,0.122,-0.244,0.06005,1.00683,0.08251,28.57
$IMU,26844.316,-0.366,0.000,-0.244,0.06054,1.01220,0.08203,28.57
$IMU,26844.319,-0.366,-0.061,-0.122,0.05761,1.01025,0.08154,28.56
$MAG,26844.321,-0.430,-0.510,-0.670,27.7
$IMU,26844.321,-0.244,-0.244,-0.122,0.05517,1.01074,0.08642,28.56
$IMU,26844.324,-0.305,-0.122,-0.122,0.05859,1.00732,0.08593,28.56
$IMU,26844.326,-0.366,-0.061,-0.061,0.05615,1.00781,0.08447,28.56
$IMU,26844.328,-0.366,-0.061,-0.061,0.05712,1.01074,0.08203,28.56
$MAG,26844.331,-0.429,-0.499,-0.670,27.5
$IMU,26844.331,-0.305,-0.061,-0.122,0.05810,1.01269,0.08251,28.56
$IMU,26844.333,-0.305,-0.183,-0.183,0.05761,1.00781,0.08398,28.56
$IMU,26844.335,-0.244,-0.183,-0.122,0.05908,1.00878,0.08349,28.56
$IMU,26844.338,-0.244,-0.122,-0.122,0.05810,1.00732,0.08154,28.55
$IMU,26844.340,-0.244,-0.122,-0.122,0.06005,1.00927,0.08544,28.55
$MAG,26844.341,-0.436,-0.499,-0.673,27.6
$IMU,26844.342,-0.244,-0.122,-0.061,0.05957,1.01171,0.08203,28.55
$IMU,26844.345,-0.244,0.000,-0.061,0.05810,1.00976,0.08203,28.55
$IMU,26844.347,-0.183,-0.183,-0.122,0.05761,1.00830,0.08544,28.55
$IMU,26844.349,-0.122,-0.244,-0.122,0.05859,1.00927,0.08203,28.55
$MAG,26844.351,-0.442,-0.502,-0.667,27.6
$IMU,26844.352,-0.244,0.061,-0.122,0.05761,1.00927,0.08154,28.55
$IMU,26844.354,-0.244,-0.061,-0.244,0.05957,1.00878,0.08251,28.55
$IMU,26844.356,-0.305,0.000,-0.183,0.05761,1.00781,0.08496,28.54
$IMU,26844.359,-0.244,-0.244,-0.122,0.05664,1.00781,0.08203,28.54
$MAG,26844.361,-0.432,-0.499,-0.661,27.6
$IMU,26844.361,-0.183,-0.183,-0.122,0.05566,1.00927,0.08300,28.54
$IMU,26844.363,-0.244,0.000,-0.122,0.05761,1.00830,0.08496,28.54
$IMU,26844.366,-0.244,-0.061,-0.183,0.05615,1.01025,0.08593,28.54
$IMU,26844.368,-0.244,0.000,-0.244,0.05615,1.00976,0.08251,28.54
$IMU,26844.370,-0.244,-0.122,-0.305,0.05810,1.00927,0.08349,28.54
$MAG,26844.371,-0.429,-0.504,-0.669,27.6
$IMU,26844.373,-0.122,-0.244,-0.244,0.06250,1.00781,0.08349,28.54
$BARO,26844.375,86853.58,28.54
$IMU,26844.375,-0.244,-0.061,-0.183,0.05957,1.00976,0.08203,28.55
$IMU,26844.377,-0.305,0.000,-0.183,0.05859,1.01025,0.08398,28.55
$IMU,26844.380,-0.244,-0.061,-0.122,0.05615,1.00781,0.08398,28.55
$MAG,26844.381,-0.436,-0.513,-0.669,27.7
$IMU,26844.382,-0.244,0.000,-0.183,0.05566,1.00732,0.08398,28.55
$IMU,26844.384,-0.183,0.000,-0.183,0.06005,1.01123,0.08300,28.55
$IMU,26844.387,-0.122,-0.122,-0.061,0.05859,1.01269,0.08251,28.55
$IMU,26844.389,-0.122,-0.061,-0.183,0.05566,1.01171,0.08251,28.55
$MAG,26844.392,-0.433,-0.508,-0.666,27.6
$IMU,26844.392,-0.305,0.061,-0.183,0.05761,1.00830,0.08300,28.55
$IMU,26844.394,-0.183,-0.061,-0.122,0.05712,1.01025,0.08447,28.57
$IMU,26844.396,-0.244,-0.061,-0.122,0.05664,1.00732,0.08203,28.57
$TIME,26844.399,510738.000,2399
$IMU,26844.399,-0.244,-0.122,-0.061,0.05859,1.00585,0.08447,28.57
$IMU,26844.401,-0.183,0.000,-0.061,0.06005,1.00732,0.08691,28.57
$MAG,26844.402,-0.441,-0.507,-0.672,27.6
$IMU,26844.403,-0.122,-0.122,-0.122,0.05859,1.00634,0.08544,28.57
$IMU,26844.406,-0.183,-0.122,-0.183,0.05712,1.01074,0.08398,28.57
$IMU,26844.408,-0.305,0.000,-0.122,0.05712,1.00878,0.08203,28.57
$IMU,26844.410,-0.244,0.000,-0.183,0.05957,1.01025,0.08300,28.57
$MAG,26844.412,-0.438,-0.508,-0.666,27.6
$IMU,26844.413,-0.244,-0.061,-0.122,0.05908,1.00878,0.08300,28.54
$IMU,26844.415,-0.305,-0.061,-0.061,0.05859,1.00683,0.08154,28.54
$IMU,26844.417,-0.305,0.000,0.000,0.06201,1.00683,0.08398,28.54
$IMU,26844.420,-0.305,-0.061,0.000,0.06103,1.00732,0.08300,28.54
$MAG,26844.422,-0.438,-0.505,-0.669,27.6
$IMU,26844.422,-0.366,-0.061,-0.122,0.06103,1.01074,0.08203,28.54
$IMU,26844.424,-0.366,-0.122,-0.183,0.05908,1.01025,0.08007,28.54
$IMU,26844.427,-0.305,-0.183,-0.244,0.05761,1.00976,0.08447,28.54
$IMU,26844.429,-0.305,-0.122,-0.244,0.05664,1.00781,0.08349,28.54
$IMU,26844.431,-0.488,0.061,-0.122,0.05810,1.00634,0.08349,28.58
$MAG,26844.432,-0.427,-0.499,-0.667,27.6
$IMU,26844.434,-0.366,0.061,-0.122,0.05908,1.00781,0.08398,28.58
$IMU,26844.436,-0.305,0.000,-0.061,0.06005,1.01025,0.08300,28.58
$IMU,26844.438,-0.305,-0.122,-0.122,0.06054,1.00976,0.08300,28.58
$IMU,26844.441,-0.305,-0.122,-0.244,0.05859,1.00732,0.08300,28.58
$MAG,26844.442,-0.436,-0.504,-0.664,27.6
$IMU,26844.443,-0.305,0.061,-0.244,0.05908,1.00585,0.08544,28.58
$IMU,26844.445,-0.305,0.061,-0.183,0.05908,1.00732,0.08496,28.58
$IMU,26844.448,-0.305,-0.122,-0.122,0.05615,1.00878,0.08593,28.58
$IMU,26844.450,-0.183,0.000,-0.122,0.05371,1.00781,0.08398,28.56
$MAG,26844.452,-0.433,-0.511,-0.664,27.5
$IMU,26844.453,-0.183,-0.061,-0.122,0.05859,1.00976,0.08398,28.56
$IMU,26844.455,-0.244,0.000,-0.061,0.06005,1.00634,0.08105,28.56
$IMU,26844.457,-0.122,0.061,-0.061,0.05712,1.00927,0.08349,28.56
$IMU,26844.460,-0.122,-0.061,-0.183,0.05859,1.00732,0.08496,28.56
$MAG,26844.462,-0.433,-0.505,-0.660,27.5
$IMU,26844.462,-0.122,-0.122,-0.183,0.05615,1.00683,0.08251,28.56
$IMU,26844.464,-0.122,0.000,-0.122,0.05517,1.00878,0.08251,28.56
$IMU,26844.467,-0.122,0.000,-0.183,0.05712,1.01074,0.08154,28.56
$IMU,26844.469,-0.122,-0.061,-0.122,0.05468,1.00830,0.08154,28.52
$IMU,26844.471,-0.122,-0.122,0.000,0.05810,1.00732,0.08154,28.52
$MAG,26844.472,-0.424,-0.504,-0.672,27.6
$IMU,26844.474,-0.061,-0.305,-0.061,0.05859,1.00732,0.08105,28.52
$BARO,26844.476,86870.11,28.54
$IMU,26844.476,-0.122,-0.122,-0.183,0.05908,1.01171,0.08251,28.52
$IMU,26844.478,-0.244,0.000,-0.244,0.05664,1.00878,0.08203,28.52
$IMU,26844.481,-0.305,0.000,-0.305,0.05517,1.00976,0.08349,28.52
$MAG,26844.482,-0.426,-0.508,-0.670,27.6
$IMU,26844.483,-0.244,-0.122,-0.244,0.06005,1.00439,0.08251,28.52
$IMU,26844.485,-0.244,-0.122,-0.122,0.05859,1.00927,0.08544,28.52
$IMU,26844.488,-0.244,-0.061,-0.122,0.05810,1.01074,0.08349,28.55
$IMU,26844.490,-0.305,0.000,-0.061,0.05908,1.01123,0.08300,28.55
$MAG,26844.492,-0.433,-0.504,-0.670,27.6
$IMU,26844.492,-0.244,-0.061,-0.183,0.05761,1.00927,0.08300,28.55
$IMU,26844.495,-0.244,-0.122,-0.183,0.05810,1.00830,0.08300,28.55
$IMU,26844.497,-0.244,-0.244,-0.183,0.05908,1.00488,0.08349,28.55
$IMU,26844.499,-0.427,0.061,-0.122,0.05517,1.00683,0.08398,28.55
$IMU,26844.502,-0.366,0.061,-0.122,0.05859,1.00878,0.08300,28.55
$MAG,26844.503,-0.439,-0.501,-0.666,27.6
$IMU,26844.504,-0.427,0.000,-0.061,0.05615,1.00732,0.08105,28.55
$IMU,26844.506,-0.305,-0.122,-0.122,0.06005,1.00878,0.08203,28.55
$IMU,26844.509,-0.244,-0.183,-0.122,0.05615,1.00927,0.08203,28.55
$IMU,26844.511,-0.244,-0.061,-0.183,0.05957,1.00781,0.08349,28.55
$MAG,26844.513,-0.442,-0.507,-0.672,27.6
$IMU,26844.514,-0.244,-0.122,-0.244,0.05810,1.00634,0.08251,28.55
$IMU,26844.516,-0.305,0.000,-0.183,0.05712,1.00927,0.08544,28.55
$IMU,26844.518,-0.366,-0.061,-0.183,0.05566,1.01367,0.08496,28.55
$IMU,26844.521,-0.305,-0.061,-0.122,0.05761,1.01074,0.08789,28.55
$MAG,26844.523,-0.433,-0.511,-0.673,27.6
$IMU,26844.523,-0.244,0.000,-0.122,0.05859,1.00927,0.08398,28.55
$IMU,26844.525,-0.244,-0.061,-0.122,0.05908,1.00927,0.08496,28.58
$IMU,26844.528,-0.305,0.000,-0.061,0.06250,1.00830,0.08447,28.58
$IMU,26844.530,-0.244,0.000,-0.183,0.05957,1.01025,0.08642,28.58
$IMU,26844.532,-0.244,-0.122,-0.244,0.05761,1.00878,0.08398,28.58
$MAG,26844.533,-0.423,-0.498,-0.663,27.6
$HUM,26844.534,34.2,29.0
$IMU,26844.535,-0.122,-0.122,-0.244,0.06005,1.00537,0.08398,28.58
$IMU,26844.537,-0.183,-0.183,-0.183,0.05615,1.00830,0.08398,28.58
$IMU,26844.539,-0.061,-0.244,-0.122,0.05664,1.00830,0.08496,28.58
$IMU,26844.542,-0.061,-0.061,-0.061,0.06005,1.00830,0.08398,28.58
$MAG,26844.543,-0.432,-0.498,-0.673,27.6
$IMU,26844.544,-0.122,-0.061,-0.122,0.05810,1.01220,0.08447,28.55
$IMU,26844.546,-0.183,-0.061,-0.244,0.06054,1.01220,0.08544,28.55
$IMU,26844.549,-0.122,-0.183,-0.244,0.05712,1.00781,0.08300,28.55
$IMU,26844.551,-0.061,-0.183,-0.244,0.05712,1.00585,0.08056,28.55
$MAG,26844.553,-0.435,-0.499,-0.669,27.6
$IMU,26844.553,-0.244,0.000,-0.183,0.05859,1.00732,0.08300,28.55
$IMU,26844.556,-0.183,-0.244,-0.122,0.05419,1.00732,0.08544,28.55
$IMU,26844.558,-0.305,0.122,-0.061,0.05468,1.00878,0.08349,28.55
$IMU,26844.560,-0.305,0.000,-0.122,0.06103,1.01074,0.08056,28.55
$MAG,26844.563,-0.432,-0.505,-0.667,27.6
$IMU,26844.563,-0.305,-0.122,-0.122,0.05810,1.00878,0.08300,28.57
$IMU,26844.565,-0.244,-0.122,-0.183,0.05664,1.00976,0.08203,28.57
$IMU,26844.567,-0.427,-0.061,-0.122,0.05761,1.01025,0.08398,28.57
$IMU,26844.570,-0.305,0.000,-0.122,0.05859,1.00976,0.07958,28.57
$IMU,26844.572,-0.305,-0.122,-0.122,0.05908,1.00683,0.08300,28.57
$MAG,26844.573,-0.433,-0.504,-0.670,27.7
$IMU,26844.575,-0.305,0.000,-0.183,0.05517,1.00878,0.08642,28.57
$BARO,26844.577,86869.08,28.54
$IMU,26844.577,-0.366,0.061,-0.061,0.05615,1.00830,0.08496,28.57
$IMU,26844.579,-0.305,-0.122,-0.122,0.05957,1.01025,0.08349,28.57
$IMU,26844.582,-0.366,-0.061,-0.183,0.05957,1.00927,0.08203,28.56
$MAG,26844.583,-0.432,-0.504,-0.670,27.6
$IMU,26844.584,-0.366,0.000,-0.244,0.05566,1.01269,0.08300,28.56
$IMU,26844.586,-0.244,-0.122,-0.244,0.05859,1.01025,0.08447,28.56
$IMU,26844.589,-0.244,-0.122,-0.244,0.05810,1.00683,0.08398,28.56
$IMU,26844.591,-0.244,-0.122,-0.122,0.06005,1.01025,0.08251,28.56
$MAG,26844.593,-0.430,-0.499,-0.670,27.6
$IMU,26844.593,-0.305,0.122,-0.122,0.05566,1.00390,0.08447,28.56
$IMU,26844.596,-0.244,-0.122,-0.122,0.05615,1.00927,0.08105,28.56
$IMU,26844.598,-0.305,-0.061,-0.122,0.05859,1.01074,0.08105,28.56
$IMU,26844.600,-0.122,-0.183,-0.122,0.05712,1.00732,0.08593,28.53
$MAG,26844.603,-0.432,-0.501,-0.672,27.6
$IMU,26844.603,-0.122,-0.305,-0.244,0.05517,1.00976,0.08740,28.53
$IMU,26844.605,-0.244,-0.122,-0.244,0.05712,1.01123,0.08398,28.53
$IMU,26844.607,-0.183,-0.183,-0.122,0.05664,1.00927,0.08447,28.53
$IMU,26844.610,-0.244,-0.122,-0.183,0.05761,1.01074,0.08544,28.53
$IMU,26844.612,-0.244,-0.183,-0.183,0.05566,1.00634,0.08593,28.53
$MAG,26844.614,-0.433,-0.507,-0.666,27.6
$IMU,26844.614,-0.244,-0.122,-0.122,0.05761,1.00927,0.08349,28.53
$IMU,26844.617,-0.244,-0.122,-0.183,0.06103,1.00927,0.08593,28.53
$IMU,26844.619,-0.244,-0.183,-0.122,0.06005,1.00976,0.08349,28.55
$IMU,26844.621,-0.244,-0.061,-0.122,0.05908,1.00781,0.08300,28.55
$MAG,26844.624,-0.429,-0.502,-0.670,27.6
$IMU,26844.624,-0.244,-0.061,-0.183,0.05908,1.00927,0.08398,28.55
$IMU,26844.626,-0.183,-0.183,-0.122,0.05664,1.00976,0.08496,28.55
$IMU,26844.628,-0.122,-0.183,-0.122,0.05859,1.01025,0.08496,28.55
$IMU,26844.631,-0.122,-0.061,-0.122,0.05712,1.00439,0.08398,28.55
$IMU,26844.633,-0.122,-0.122,-0.244,0.05908,1.01123,0.08251,28.55
$MAG,26844.634,-0.424,-0.502,-0.670,27.7
$IMU,26844.636,-0.183,0.061,-0.183,0.05810,1.00927,0.08251,28.55
$IMU,26844.638,-0.122,0.000,-0.183,0.05664,1.01171,0.08300,28.52
$IMU,26844.640,-0.122,-0.183,-0.183,0.05908,1.01074,0.08105,28.52
$IMU,26844.643,-0.122,-0.183,-0.244,0.05664,1.00927,0.08398,28.52
$MAG,26844.644,-0.427,-0.510,-0.673,27.6
$IMU,26844.645,-0.244,-0.122,-0.183,0.05371,1.00927,0.08251,28.52
$IMU,26844.647,-0.244,-0.183,-0.122,0.05859,1.00585,0.08154,28.52
$IMU,26844.650,-0.305,-0.122,-0.122,0.05908,1.00976,0.08251,28.52
$IMU,26844.652,-0.305,-0.183,-0.122,0.05615,1.01025,0.08398,28.52
$MAG,26844.654,-0.433,-0.492,-0.670,27.6
$IMU,26844.654,-0.244,-0.183,-0.061,0.05908,1.00781,0.08251,28.52
$IMU,26844.657,-0.366,-0.122,-0.183,0.06005,1.01123,0.08447,28.55
$IMU,26844.659,-0.427,0.061,-0.183,0.06103,1.00781,0.08398,28.55
$IMU,26844.661,-0.488,0.183,-0.183,0.05957,1.01123,0.08398,28.55
$MAG,26844.664,-0.436,-0.505,-0.667,27.6
$IMU,26844.664,-0.427,-0.061,-0.122,0.05615,1.00830,0.08447,28.55
$IMU,26844.666,-0.305,-0.183,-0.061,0.05761,1.01074,0.08300,28.55
$IMU,26844.668,-0.427,0.061,-0.122,0.06005,1.00927,0.08203,28.55
$IMU,26844.671,-0.366,0.122,-0.122,0.06005,1.01123,0.08154,28.55
$IMU,26844.673,-0.366,0.183,-0.122,0.05957,1.00830,0.08300,28.55
$MAG,26844.674,-0.424,-0.501,-0.670,27.5
$IMU,26844.675,-0.366,0.061,-0.183,0.05810,1.00976,0.08203,28.56
$IMU,26844.678,-0.183,-0.122,-0.244,0.05712,1.00927,0.08447,28.56
$BARO,26844.679,86873.06,28.54
$IMU,26844.680,-0.122,-0.305,-0.183,0.06054,1.00878,0.08544,28.56
$IMU,26844.682,-0.183,0.000,-0.183,0.05761,1.00488,0.08349,28.56
$MAG,26844.684,-0.432,-0.505,-0.669,27.6
$IMU,26844.685,-0.122,-0.061,-0.244,0.05859,1.00732,0.08203,28.56
$IMU,26844.687,-0.061,-0.061,-0.183,0.05566,1.00732,0.08203,28.56
$IMU,26844.689,-0.122,-0.061,-0.061,0.05517,1.00634,0.08300,28.56
$IMU,26844.692,-0.061,-0.183,-0.183,0.05664,1.00976,0.08300,28.56
$MAG,26844.694,-0.429,-0.501,-0.673,27.6
$IMU,26844.694,-0.122,-0.061,-0.122,0.05810,1.00927,0.08398,28.58
$IMU,26844.697,-0.122,-0.183,-0.183,0.05957,1.01171,0.08203,28.58
$IMU,26844.699,-0.244,0.000,-0.183,0.05712,1.01171,0.08154,28.58
$IMU,26844.701,-0.183,-0.183,-0.122,0.05761,1.00927,0.08154,28.58
$MAG,26844.704,-0.435,-0.501,-0.678,27.6
$IMU,26844.704,-0.244,0.000,-0.122,0.05664,1.00781,0.08154,28.58
$IMU,26844.706,-0.244,-0.061,-0.061,0.05859,1.01123,0.08349,28.58
$IMU,26844.708,-0.183,-0.122,-0.122,0.06005,1.01123,0.08203,28.58
$IMU,26844.711,-0.366,-0.061,-0.122,0.05566,1.00976,0.08056,28.58
$IMU,26844.713,-0.305,-0.061,-0.122,0.05761,1.01269,0.08349,28.52
$MAG,26844.714,-0.421,-0.501,-0.667,27.6
$IMU,26844.715,-0.366,0.061,-0.183,0.05615,1.00976,0.08154,28.52
$IMU,26844.718,-0.305,-0.183,-0.244,0.05712,1.00781,0.08154,28.52
$IMU,26844.720,-0.244,-0.244,-0.122,0.05957,1.00732,0.08691,28.52
$IMU,26844.722,-0.366,-0.061,-0.122,0.05712,1.01123,0.08447,28.52
$MAG,26844.725,-0.433,-0.508,-0.666,27.7
$IMU,26844.725,-0.305,0.000,-0.061,0.05761,1.01074,0.08251,28.52
$IMU,26844.727,-0.244,-0.122,-0.061,0.05664,1.00976,0.08642,28.52
$IMU,26844.729,-0.183,-0.183,-0.122,0.06152,1.00878,0.08398,28.52
$IMU,26844.732,-0.244,-0.122,-0.183,0.06201,1.00927,0.08398,28.54
$IMU,26844.734,-0.244,-0.061,-0.183,0.05761,1.01074,0.08300,28.54
$MAG,26844.735,-0.432,-0.507,-0.670,27.6
$IMU,26844.736,-0.183,0.000,-0.122,0.05664,1.00878,0.08203,28.54
$IMU,26844.739,-0.305,0.183,-0.061,0.05810,1.00830,0.08105,28.54
$IMU,26844.741,-0.183,-0.183,0.000,0.05566,1.00781,0.08398,28.54
$IMU,26844.743,-0.244,-0.122,-0.061,0.05761,1.01074,0.08105,28.54
$MAG,26844.745,-0.438,-0.501,-0.670,27.6
$IMU,26844.746,-0.183,-0.183,-0.122,0.05810,1.00830,0.08203,28.54
$IMU,26844.748,-0.244,-0.061,-0.305,0.05566,1.01220,0.08447,28.54
$IMU,26844.750,-0.305,0.061,-0.244,0.05761,1.01123,0.08203,28.60
$IMU,26844.753,-0.244,-0.061,-0.244,0.05761,1.00537,0.08300,28.60
$MAG,26844.755,-0.432,-0.508,-0.663,27.6
$IMU,26844.755,-0.366,0.000,-0.122,0.06005,1.00732,0.08447,28.60
$IMU,26844.758,-0.305,-0.061,-0.061,0.06005,1.00781,0.08398,28.60
$IMU,26844.760,-0.244,-0.183,-0.061,0.05810,1.01123,0.08056,28.60
$IMU,26844.762,-0.366,0.000,-0.122,0.05957,1.01025,0.08349,28.60
$MAG,26844.765,-0.432,-0.510,-0.666,27.6
$IMU,26844.765,-0.366,-0.061,-0.183,0.05615,1.00781,0.08349,28.60
$IMU,26844.767,-0.366,-0.122,-0.244,0.06005,1.01123,0.08203,28.60
$IMU,26844.769,-0.305,-0.183,-0.244,0.05810,1.00781,0.08007,28.54
$IMU,26844.772,-0.305,-0.061,-0.122,0.05664,1.00878,0.08398,28.54
$IMU,26844.774,-0.305,-0.122,-0.061,0.05761,1.00927,0.08447,28.54
$MAG,26844.775,-0.442,-0.507,-0.676,27.7
$IMU,26844.776,-0.244,-0.122,-0.061,0.05468,1.00878,0.08349,28.54
$IMU,26844.779,-0.244,-0.061,-0.122,0.05712,1.01025,0.08447,28.54
$BARO,26844.780,86870.30,28.54
$IMU,26844.781,-0.122,-0.244,-0.183,0.05859,1.00732,0.08300,28.54
$IMU,26844.783,-0.244,-0.244,-0.244,0.05957,1.00878,0.08154,28.54
$MAG,26844.785,-0.432,-0.502,-0.666,27.7
$IMU,26844.786,-0.183,-0.061,-0.244,0.05810,1.00585,0.08447,28.54
$IMU,26844.788,-0.122,-0.183,-0.244,0.05810,1.00439,0.08398,28.58
$IMU,26844.790,-0.183,0.000,-0.183,0.05566,1.00878,0.08203,28.58
$IMU,26844.793,-0.122,-0.061,-0.061,0.05712,1.01025,0.08447,28.58
$MAG,26844.795,-0.423,-0.505,-0.666,27.6
$IMU,26844.795,-0.183,-0.122,-0.122,0.05859,1.01025,0.08496,28.58
$IMU,26844.797,-0.122,-0.122,-0.122,0.06152,1.00927,0.08593,28.58
$IMU,26844.800,-0.183,0.061,-0.244,0.05908,1.00927,0.08251,28.58
$IMU,26844.802,-0.244,0.000,-0.244,0.05712,1.01220,0.08398,28.58
$IMU,26844.804,-0.305,0.000,-0.366,0.05712,1.01074,0.08154,28.58
$MAG,26844.805,-0.432,-0.516,-0.669,27.7
$IMU,26844.807,-0.305,-0.122,-0.183,0.05761,1.00830,0.08398,28.56
$IMU,26844.809,-0.244,-0.122,-0.061,0.05664,1.00927,0.08398,28.56
$IMU,26844.811,-0.244,-0.061,-0.061,0.05566,1.01171,0.08056,28.56
$IMU,26844.814,-0.305,-0.122,-0.061,0.05810,1.00830,0.07910,28.56
$MAG,26844.815,-0.433,-0.504,-0.670,27.6
$IMU,26844.816,-0.244,-0.122,-0.183,0.05859,1.01269,0.08203,28.56
$IMU,26844.818,-0.366,-0.061,-0.305,0.05712,1.00976,0.08056,28.56
$IMU,26844.821,-0.366,-0.122,-0.183,0.05664,1.00683,0.08154,28.56
$IMU,26844.823,-0.427,-0.061,-0.183,0.05957,1.00732,0.08349,28.56
$MAG,26844.825,-0.429,-0.507,-0.670,27.7
$IMU,26844.826,-0.366,0.000,-0.122,0.05712,1.00976,0.08447,28.55
$IMU,26844.828,-0.305,-0.183,-0.061,0.06005,1.01220,0.08447,28.55
$IMU,26844.830,-0.244,-0.183,-0.061,0.06054,1.00927,0.08251,28.55
$IMU,26844.833,-0.183,-0.122,-0.061,0.06152,1.01123,0.08300,28.55
$IMU,26844.835,-0.122,-0.122,-0.183,0.05761,1.00585,0.08398,28.55
$MAG,26844.836,-0.436,-0.504,-0.667,27.6
$IMU,26844.837,-0.244,0.061,-0.183,0.05957,1.00927,0.08642,28.55
$IMU,26844.840,-0.244,0.061,-0.183,0.05517,1.00781,0.08496,28.55
$IMU,26844.842,-0.183,-0.122,-0.183,0.05615,1.01025,0.08447,28.55
$IMU,26844.844,-0.122,-0.122,-0.183,0.05566,1.00683,0.08349,28.53
$MAG,26844.846,-0.426,-0.508,-0.669,27.6
$IMU,26844.847,-0.183,-0.061,-0.122,0.05859,1.00976,0.08398,28.53
$IMU,26844.849,-0.183,-0.061,-0.122,0.06152,1.00732,0.08398,28.53
$IMU,26844.851,-0.366,0.000,-0.122,0.05957,1.01416,0.08056,28.53
$IMU,26844.854,-0.244,0.000,-0.183,0.05810,1.01025,0.08251,28.53
$MAG,26844.856,-0.430,-0.510,-0.667,27.5
$IMU,26844.856,-0.366,0.061,-0.244,0.05468,1.00830,0.08593,28.53
$IMU,26844.858,-0.244,-0.183,-0.183,0.05419,1.00830,0.08349,28.53
$IMU,26844.861,-0.305,0.000,-0.122,0.05517,1.01074,0.08496,28.53
$IMU,26844.863,-0.488,0.061,-0.122,0.05419,1.00683,0.08251,28.57
$IMU,26844.865,-0.488,0.000,-0.122,0.05615,1.01171,0.08300,28.57
$MAG,26844.866,-0.430,-0.502,-0.663,27.6
$IMU,26844.868,-0.366,0.000,-0.183,0.05859,1.00732,0.08496,28.57
$IMU,26844.870,-0.305,-0.244,-0.183,0.05761,1.00927,0.08496,28.57
$IMU,26844.872,-0.244,-0.244,-0.244,0.05712,1.00781,0.08593,28.57
$IMU,26844.875,-0.366,-0.122,-0.183,0.05712,1.01269,0.08496,28.57
$MAG,26844.876,-0.433,-0.514,-0.670,27.6
$IMU,26844.877,-0.427,0.061,-0.183,0.05517,1.00732,0.08398,28.57
$IMU,26844.880,-0.366,-0.061,-0.122,0.05517,1.01025,0.08496,28.57
$BARO,26844.882,86865.21,28.54
$IMU,26844.882,-0.122,-0.183,-0.122,0.05566,1.00976,0.08154,28.58
$IMU,26844.884,-0.183,-0.183,-0.122,0.06054,1.01025,0.08496,28.58
$MAG,26844.886,-0.432,-0.511,-0.672,27.7
$IMU,26844.887,-0.183,-0.122,-0.183,0.05810,1.00683,0.08496,28.58
$IMU,26844.889,-0.122,-0.122,-0.244,0.06054,1.01074,0.08691,28.58
$IMU,26844.891,-0.183,0.061,-0.244,0.05712,1.00830,0.08886,28.58
$IMU,26844.894,-0.183,0.000,-0.183,0.05566,1.00830,0.08447,28.58
$MAG,26844.896,-0.432,-0.501,-0.670,27.6
$IMU,26844.896,-0.122,-0.061,-0.122,0.05712,1.00683,0.08154,28.58
$IMU,26844.898,-0.061,-0.061,-0.122,0.05712,1.00781,0.08349,28.58
$IMU,26844.901,-0.122,0.000,-0.122,0.05664,1.00585,0.08349,28.55
$IMU,26844.903,-0.183,0.000,-0.183,0.05761,1.00732,0.08398,28.55
$IMU,26844.905,-0.122,-0.061,-0.183,0.05712,1.00781,0.08496,28.55
$MAG,26844.906,-0.432,-0.504,-0.669,27.6
$IMU,26844.908,-0.183,-0.061,-0.183,0.05615,1.00634,0.08398,28.55
$IMU,26844.910,-0.122,-0.183,-0.244,0.05615,1.00830,0.08398,28.55
$IMU,26844.912,-0.183,-0.122,-0.244,0.05517,1.01074,0.08349,28.55
$IMU,26844.915,-0.305,-0.122,-0.244,0.05859,1.00927,0.08349,28.55
$IMU,26844.917,-0.305,-0.061,-0.122,0.05615,1.01123,0.08447,28.55
$MAG,26844.916,-0.435,-0.507,-0.672,27.5
$IMU,26844.919,-0.366,0.061,-0.183,0.05908,1.00927,0.08398,28.60
$IMU,26844.922,-0.366,-0.122,-0.183,0.05859,1.00878,0.08496,28.60
$IMU,26844.924,-0.305,-0.122,-0.122,0.05810,1.01123,0.08398,28.60
$MAG,26844.926,-0.427,-0.502,-0.666,27.6
$IMU,26844.926,-0.366,-0.183,-0.183,0.05810,1.00781,0.08300,28.60
$IMU,26844.929,-0.427,-0.061,-0.183,0.06103,1.00976,0.08447,28.60
$IMU,26844.931,-0.488,0.061,-0.183,0.05810,1.01074,0.08496,28.60
$IMU,26844.933,-0.366,-0.061,-0.122,0.05810,1.00878,0.08203,28.60
$MAG,26844.936,-0.438,-0.501,-0.658,27.6
$IMU,26844.936,-0.305,0.000,-0.122,0.06103,1.00830,0.08154,28.60
$IMU,26844.938,-0.183,-0.244,-0.183,0.06054,1.00732,0.08251,28.53
$IMU,26844.940,-0.305,-0.061,-0.183,0.05908,1.01025,0.08203,28.53
$IMU,26844.943,-0.244,-0.061,-0.122,0.06005,1.00732,0.08251,28.53
$IMU,26844.945,-0.244,-0.061,-0.122,0.05908,1.01025,0.08447,28.53
$MAG,26844.946,-0.435,-0.505,-0.669,27.6
$IMU,26844.948,-0.122,-0.244,-0.183,0.05664,1.01025,0.08447,28.53
$IMU,26844.950,-0.122,-0.183,-0.183,0.05664,1.01074,0.08349,28.53
$IMU,26844.952,-0.244,0.122,-0.122,0.05566,1.00878,0.08593,28.53
$IMU,26844.955,-0.244,0.000,-0.122,0.05615,1.00878,0.08496,28.53
$MAG,26844.957,-0.433,-0.504,-0.670,27.6
$IMU,26844.957,-0.244,-0.183,-0.183,0.05908,1.01074,0.08398,28.58
$IMU,26844.959,-0.244,-0.122,-0.122,0.05664,1.00927,0.08203,28.58
$IMU,26844.962,-0.305,0.000,-0.183,0.05859,1.00830,0.08203,28.58
$IMU,26844.964,-0.244,-0.244,-0.122,0.05468,1.00732,0.08496,28.58
$IMU,26844.966,-0.305,-0.122,-0.183,0.05419,1.00878,0.08349,28.58
$MAG,26844.967,-0.424,-0.499,-0.670,27.6
$IMU,26844.969,-0.366,0.000,-0.244,0.05615,1.00732,0.08203,28.58
$IMU,26844.971,-0.305,-0.122,-0.244,0.05566,1.00976,0.08105,28.58
$IMU,26844.973,-0.305,-0.122,-0.183,0.05761,1.00878,0.08007,28.58
$IMU,26844.976,-0.244,0.000,-0.061,0.05908,1.01220,0.08447,28.57
$MAG,26844.977,-0.433,-0.510,-0.669,27.6
$IMU,26844.978,-0.244,-0.061,-0.122,0.05712,1.01123,0.08398,28.57
$IMU,26844.980,-0.244,0.061,-0.183,0.05517,1.01074,0.08398,28.57
$BARO,26844.983,86865.57,28.54
$IMU,26844.983,-0.244,0.000,-0.122,0.05859,1.01025,0.08203,28.57
$IMU,26844.985,-0.244,-0.061,-0.244,0.05761,1.00878,0.08349,28.57
$MAG,26844.987,-0.436,-0.507,-0.672,27.5
$IMU,26844.987,-0.244,-0.061,-0.183,0.05712,1.00488,0.08300,28.57
$IMU,26844.990,-0.244,0.000,-0.183,0.05664,1.00976,0.08398,28.57
$IMU,26844.992,-0.244,0.061,-0.122,0.05761,1.00878,0.08544,28.57
$IMU,26844.994,-0.122,-0.183,-0.122,0.05712,1.00830,0.08349,28.53
$MAG,26844.997,-0.435,-0.501,-0.666,27.6
$IMU,26844.997,-0.122,-0.122,-0.183,0.05761,1.00830,0.08593,28.53
$IMU,26844.999,-0.122,-0.122,-0.183,0.05566,1.00781,0.08349,28.53
$IMU,26845.001,-0.122,-0.183,-0.244,0.05712,1.01269,0.08447,28.53
$IMU,26845.004,-0.122,-0.122,-0.244,0.05517,1.00488,0.08398,28.53
$IMU,26845.006,-0.183,-0.061,-0.183,0.05517,1.01025,0.08398,28.53
$MAG,26845.007,-0.439,-0.501,-0.675,27.5
$IMU,26845.009,-0.244,-0.122,-0.122,0.05712,1.00732,0.08496,28.53
$IMU,26845.011,-0.183,-0.122,-0.122,0.05810,1.00781,0.08349,28.53
$IMU,26845.013,-0.183,-0.061,-0.061,0.05566,1.00878,0.08203,28.56
$IMU,26845.016,-0.305,-0.122,-0.122,0.05517,1.00927,0.08251,28.56
$MAG,26845.017,-0.429,-0.508,-0.673,27.6
$IMU,26845.018,-0.427,0.122,-0.183,0.06005,1.00976,0.08447,28.56
$IMU,26845.020,-0.305,-0.061,-0.244,0.05761,1.00732,0.08300,28.56
$IMU,26845.023,-0.366,-0.122,-0.183,0.05664,1.01074,0.08593,28.56
$IMU,26845.025,-0.305,-0.061,-0.122,0.05810,1.01025,0.08544,28.56
$MAG,26845.027,-0.429,-0.499,-0.670,27.6
$IMU,26845.027,-0.305,0.000,-0.061,0.05859,1.00830,0.08203,28.56
$IMU,26845.030,-0.366,-0.061,-0.061,0.05859,1.00830,0.08154,28.56
$IMU,26845.032,-0.305,-0.122,-0.061,0.05761,1.00927,0.08496,28.53
$IMU,26845.034,-0.244,-0.305,-0.122,0.05566,1.00732,0.08349,28.53
$MAG,26845.037,-0.435,-0.510,-0.675,27.6
$IMU,26845.037,-0.244,-0.183,-0.244,0.05664,1.00976,0.08349,28.53
$IMU,26845.039,-0.244,-0.183,-0.244,0.06054,1.00976,0.08496,28.53
$IMU,26845.041,-0.305,-0.183,-0.183,0.05664,1.00732,0.08154,28.53
$IMU,26845.044,-0.366,-0.061,-0.122,0.05859,1.01074,0.08447,28.53
$IMU,26845.046,-0.244,0.000,-0.061,0.06005,1.00927,0.08398,28.53
$MAG,26845.047,-0.435,-0.501,-0.669,27.6
$IMU,26845.048,-0.122,0.061,-0.061,0.06005,1.00878,0.08300,28.53
$IMU,26845.051,-0.061,-0.244,-0.183,0.05908,1.00634,0.08544,28.60
$IMU,26845.053,-0.183,-0.244,-0.183,0.05810,1.00781,0.08398,28.60
$IMU,26845.055,-0.244,0.061,-0.244,0.05859,1.00781,0.08447,28.60
$MAG,26845.057,-0.427,-0.502,-0.664,27.6
$IMU,26845.058,-0.244,0.000,-0.244,0.05908,1.00488,0.08544,28.60
$IMU,26845.060,-0.183,-0.183,-0.183,0.05615,1.00634,0.08544,28.60
$IMU,26845.062,-0.122,-0.244,-0.122,0.05810,1.00537,0.08642,28.60
$IMU,26845.065,-0.244,-0.061,-0.122,0.05419,1.00488,0.08203,28.60
$IMU,26845.067,-0.183,0.000,-0.183,0.05566,1.00781,0.08300,28.60
$MAG,26845.068,-0.435,-0.504,-0.676,27.6
$IMU,26845.070,-0.305,0.000,-0.122,0.05810,1.01074,0.08203,28.55
$IMU,26845.072,-0.366,0.061,-0.305,0.05908,1.00976,0.08154,28.55
$IMU,26845.074,-0.244,0.061,-0.366,0.05371,1.00732,0.08349,28.55
$IMU,26845.077,-0.244,-0.061,-0.244,0.05419,1.00781,0.08349,28.55
$MAG,26845.078,-0.433,-0.511,-0.664,27.7
$IMU,26845.079,-0.305,0.061,-0.122,0.05615,1.00585,0.08251,28.55
$IMU,26845.081,-0.366,0.122,-0.061,0.05615,1.01025,0.08300,28.55
$IMU,26845.084,-0.366,0.061,-0.061,0.05761,1.00878,0.08398,28.55
$BARO,26845.085,86862.94,28.55
$IMU,26845.086,-0.305,-0.061,-0.122,0.05908,1.01025,0.08398,28.55
$MAG,26845.088,-0.430,-0.511,-0.670,27.7
$IMU,26845.088,-0.183,-0.183,-0.244,0.05957,1.00976,0.08154,28.56
$IMU,26845.091,-0.305,0.000,-0.305,0.05761,1.01318,0.08300,28.56
$IMU,26845.093,-0.366,0.061,-0.305,0.05468,1.00878,0.08349,28.56
$IMU,26845.095,-0.305,0.000,-0.183,0.05615,1.01025,0.08398,28.56
$MAG,26845.098,-0.436,-0.505,-0.664,27.6
$IMU,26845.098,-0.244,-0.061,-0.183,0.05615,1.00488,0.08349,28.56
$IMU,26845.100,-0.183,-0.183,-0.061,0.05761,1.00830,0.08203,28.56
$IMU,26845.102,-0.122,-0.183,-0.061,0.06054,1.01269,0.08447,28.56
$IMU,26845.105,-0.122,-0.244,-0.183,0.06054,1.01025,0.08203,28.56
$IMU,26845.107,-0.183,0.000,-0.305,0.05810,1.01025,0.08349,28.60
$MAG,26845.108,-0.426,-0.507,-0.672,27.6
$IMU,26845.109,-0.122,-0.183,-0.244,0.05566,1.00830,0.08349,28.60
$IMU,26845.112,-0.244,-0.122,-0.244,0.05468,1.00878,0.08496,28.60
$IMU,26845.114,-0.244,-0.183,-0.122,0.05712,1.00878,0.08447,28.60
$IMU,26845.116,-0.305,0.061,-0.122,0.05859,1.00878,0.08398,28.60
$MAG,26845.118,-0.429,-0.505,-0.672,27.6
$IMU,26845.119,-0.305,-0.061,-0.061,0.05810,1.00927,0.08593,28.60
$IMU,26845.121,-0.366,0.061,-0.122,0.05859,1.01074,0.08251,28.60
$IMU,26845.123,-0.427,-0.061,-0.183,0.05810,1.00878,0.08593,28.60
$IMU,26845.126,-0.427,-0.122,-0.305,0.05615,1.00976,0.08447,28.58
$MAG,26845.128,-0.435,-0.507,-0.660,27.6
$IMU,26845.128,-0.366,-0.183,-0.244,0.05908,1.00732,0.08300,28.58
$IMU,26845.131,-0.366,-0.122,-0.122,0.05810,1.00781,0.08935,28.58
$IMU,26845.133,-0.427,-0.122,-0.122,0.05712,1.01074,0.08544,28.58
$IMU,26845.135,-0.427,0.000,-0.061,0.05761,1.01025,0.08251,28.58
$MAG,26845.138,-0.430,-0.507,-0.670,27.6
$IMU,26845.138,-0.305,0.000,-0.061,0.06054,1.00732,0.08056,28.58
$IMU,26845.140,-0.244,-0.183,-0.061,0.06103,1.00927,0.08496,28.58
$IMU,26845.142,-0.244,-0.122,-0.183,0.06152,1.01171,0.08496,28.58
$IMU,26845.145,-0.183,-0.183,-0.244,0.05810,1.00878,0.08349,28.55
$IMU,26845.147,-0.305,-0.122,-0.183,0.06054,1.00732,0.08496,28.55
$MAG,26845.148,-0.432,-0.507,-0.673,27.6
$IMU,26845.149,-0.244,-0.061,-0.122,0.05908,1.00830,0.08496,28.55
$VBAT,26845.150,4.130
$IMU,26845.152,-0.061,-0.183,-0.122,0.05908,1.00878,0.08447,28.55
$IMU,26845.154,-0.061,-0.122,-0.122,0.05712,1.01074,0.08691,28.55
$IMU,26845.156,-0.061,0.000,-0.061,0.05810,1.00830,0.08593,28.55
$MAG,26845.158,-0.432,-0.502,-0.669,27.6
$IMU,26845.159,-0.122,0.061,-0.183,0.05859,1.00976,0.08349,28.55
$IMU,26845.161,-0.183,0.061,-0.183,0.05908,1.00732,0.08300,28.55
$IMU,26845.163,-0.122,-0.183,-0.244,0.05761,1.00781,0.08203,28.56
$IMU,26845.166,-0.122,-0.122,-0.183,0.05371,1.01318,0.08203,28.56
$IMU,26845.168,-0.183,-0.122,-0.183,0.05664,1.00732,0.07958,28.56
$MAG,26845.168,-0.427,-0.513,-0.673,27.6
$IMU,26845.170,-0.183,-0.061,-0.122,0.05712,1.00781,0.08056,28.56
$IMU,26845.173,-0.183,-0.061,-0.122,0.05566,1.01025,0.08154,28.56
$IMU,26845.175,-0.183,-0.122,-0.183,0.05810,1.00878,0.08105,28.56
$IMU,26845.177,-0.183,-0.122,-0.244,0.05664,1.00781,0.08251,28.56
$MAG,26845.179,-0.439,-0.508,-0.661,27.6
$IMU,26845.180,-0.305,0.000,-0.183,0.06103,1.00927,0.08300,28.56
$IMU,26845.182,-0.427,0.061,-0.244,0.05810,1.01464,0.08544,28.53
$IMU,26845.184,-0.366,-0.061,-0.183,0.05664,1.00683,0.08398,28.53
$BARO,26845.186,86862.33,28.54
$IMU,26845.187,-0.366,-0.061,-0.061,0.05908,1.00976,0.08496,28.53
$MAG,26845.189,-0.432,-0.504,-0.664,27.6
$IMU,26845.189,-0.366,-0.061,-0.122,0.05908,1.00585,0.08398,28.53
$IMU,26845.191,-0.244,-0.244,-0.122,0.05712,1.00927,0.08740,28.53
$IMU,26845.194,-0.305,0.000,-0.183,0.05664,1.00781,0.08203,28.53
$IMU,26845.196,-0.244,0.000,-0.122,0.05810,1.00878,0.08349,28.53
$MAG,26845.199,-0.435,-0.501,-0.664,27.6
$IMU,26845.199,-0.305,-0.061,-0.183,0.05810,1.00830,0.08251,28.53
$IMU,26845.201,-0.305,-0.122,-0.122,0.05810,1.00927,0.08398,28.59
$IMU,26845.203,-0.244,-0.183,-0.122,0.05957,1.00683,0.08447,28.59
$IMU,26845.206,-0.244,-0.122,-0.122,0.06054,1.01025,0.08496,28.59
$IMU,26845.208,-0.244,-0.122,-0.183,0.06103,1.01025,0.08398,28.59
$MAG,26845.209,-0.442,-0.505,-0.672,27.6
$IMU,26845.210,-0.244,-0.061,-0.122,0.05468,1.01025,0.08544,28.59
$IMU,26845.213,-0.244,-0.122,-0.183,0.05566,1.01171,0.08593,28.59
$IMU,26845.215,-0.244,-0.122,-0.122,0.05615,1.00830,0.08398,28.59
$IMU,26845.217,-0.244,0.000,-0.183,0.05126,1.01074,0.08349,28.59
$MAG,26845.219,-0.435,-0.507,-0.666,27.5
$IMU,26845.220,-0.183,-0.183,-0.122,0.05371,1.00927,0.07958,28.57
$IMU,26845.222,-0.305,0.000,-0.183,0.05224,1.00878,0.08349,28.57
$IMU,26845.224,-0.366,0.122,-0.183,0.05810,1.00878,0.08496,28.57
$IMU,26845.227,-0.244,0.000,-0.122,0.05468,1.00781,0.08105,28.57
$MAG,26845.229,-0.429,-0.507,-0.670,27.6
$IMU,26845.229,-0.244,-0.122,-0.061,0.05664,1.00781,0.08203,28.57
$IMU,26845.231,-0.366,0.061,-0.122,0.05712,1.00781,0.08251,28.57
$IMU,26845.234,-0.305,-0.061,-0.183,0.05957,1.01123,0.08593,28.57
$IMU,26845.236,-0.366,0.061,-0.183,0.05615,1.01074,0.08349,28.57
$IMU,26845.238,-0.305,-0.061,-0.122,0.05712,1.00927,0.08740,28.57
$MAG,26845.239,-0.435,-0.502,-0.667,27.6
$IMU,26845.241,-0.244,-0.244,-0.183,0.05517,1.00878,0.08447,28.57
$IMU,26845.243,-0.244,-0.183,-0.183,0.05664,1.00585,0.08398,28.57
$IMU,26845.245,-0.305,-0.122,-0.061,0.05664,1.01074,0.08251,28.57
$IMU,26845.248,-0.305,-0.122,-0.122,0.05615,1.00878,0.08593,28.57
$MAG,26845.249,-0.433,-0.505,-0.675,27.6
$IMU,26845.250,-0.244,-0.183,-0.183,0.05957,1.01220,0.08251,28.57
$IMU,26845.252,-0.183,-0.122,-0.244,0.05957,1.01123,0.08154,28.57
$IMU,26845.255,-0.122,-0.122,-0.244,0.05664,1.01025,0.08251,28.57
$IMU,26845.257,-0.122,-0.061,-0.244,0.05615,1.00878,0.08300,28.55
$MAG,26845.259,-0.426,-0.511,-0.664,27.6
$IMU,26845.260,-0.305,0.061,-0.244,0.05810,1.01025,0.08398,28.55
$IMU,26845.262,-0.244,0.122,-0.183,0.05615,1.00878,0.08251,28.55
$IMU,26845.264,-0.183,-0.061,-0.183,0.05957,1.00781,0.08105,28.55
$IMU,26845.267,-0.183,-0.061,-0.122,0.05908,1.00488,0.08447,28.55
$IMU,26845.269,-0.183,-0.122,-0.244,0.06054,1.00683,0.08203,28.55
$MAG,26845.269,-0.439,-0.505,-0.669,27.6
$IMU,26845.271,-0.244,0.000,-0.122,0.05957,1.00976,0.08544,28.55
$IMU,26845.274,-0.244,0.061,-0.183,0.05859,1.01074,0.08300,28.55
$IMU,26845.276,-0.244,-0.061,-0.183,0.05517,1.01025,0.08007,28.58
$IMU,26845.278,-0.183,-0.183,-0.122,0.05615,1.00634,0.08251,28.58
$MAG,26845.279,-0.433,-0.508,-0.670,27.6
$IMU,26845.281,-0.122,-0.244,-0.122,0.05517,1.01123,0.08251,28.58
$IMU,26845.283,-0.183,-0.183,-0.061,0.05957,1.00878,0.08300,28.58
$IMU,26845.285,-0.366,-0.061,-0.122,0.05908,1.00781,0.08789,28.58
$BARO,26845.287,86859.53,28.55
$IMU,26845.288,-0.305,0.000,-0.122,0.05761,1.00634,0.08496,28.58
$MAG,26845.290,-0.433,-0.510,-0.661,27.6
$IMU,26845.290,-0.305,-0.061,-0.183,0.05859,1.00927,0.08154,28.58
$IMU,26845.292,-0.305,-0.061,-0.183,0.05810,1.00878,0.08447,28.58
$IMU,26845.295,-0.366,-0.061,-0.183,0.05615,1.00781,0.08203,28.54
$IMU,26845.297,-0.366,-0.061,-0.183,0.05761,1.00683,0.08593,28.54
$IMU,26845.299,-0.366,0.122,0.000,0.05957,1.01025,0.08496,28.54
$MAG,26845.300,-0.430,-0.504,-0.660,27.6
$IMU,26845.302,-0.427,0.122,-0.061,0.05761,1.00878,0.08642,28.54
$IMU,26845.304,-0.305,-0.122,-0.183,0.05517,1.00878,0.08300,28.54
$IMU,26845.306,-0.183,-0.061,-0.183,0.05615,1.00781,0.08300,28.54
$IMU,26845.309,-0.244,-0.061,-0.244,0.05517,1.01025,0.08544,28.54
$MAG,26845.310,-0.432,-0.502,-0.673,27.6
$IMU,26845.311,-0.244,-0.183,-0.244,0.05371,1.00732,0.08593,28.54
$IMU,26845.313,-0.305,0.122,-0.183,0.05615,1.00683,0.08544,28.61
$IMU,26845.316,-0.183,-0.122,0.000,0.05957,1.01074,0.08496,28.61
$IMU,26845.318,-0.183,-0.122,-0.061,0.05810,1.01074,0.08544,28.61
$MAG,26845.320,-0.421,-0.510,-0.672,27.6
$IMU,26845.321,-0.122,-0.305,-0.122,0.06103,1.00781,0.08447,28.61
$IMU,26845.323,-0.183,-0.183,-0.244,0.06152,1.00976,0.08203,28.61
$IMU,26845.325,-0.244,-0.061,-0.244,0.05761,1.01025,0.08398,28.61
$IMU,26845.328,-0.305,-0.061,-0.183,0.05761,1.00488,0.08593,28.61
$MAG,26845.330,-0.432,-0.499,-0.670,27.6
$IMU,26845.330,-0.244,-0.183,-0.122,0.05712,1.00976,0.08251,28.61
$IMU,26845.332,-0.183,-0.244,-0.061,0.05810,1.00830,0.08251,28.57
$IMU,26845.335,-0.244,-0.183,-0.061,0.05957,1.00781,0.08154,28.57
$IMU,26845.337,-0.305,0.000,0.000,0.06103,1.01074,0.08544,28.57
$IMU,26845.339,-0.244,-0.061,-0.183,0.05761,1.01074,0.08593,28.57
$MAG,26845.340,-0.436,-0.505,-0.673,27.6
$IMU,26845.342,-0.366,0.183,-0.244,0.05664,1.00683,0.08544,28.57
$IMU,26845.344,-0.305,-0.122,-0.305,0.05566,1.01025,0.08251,28.57
$IMU,26845.346,-0.305,-0.122,-0.244,0.05859,1.00878,0.08398,28.57
$IMU,26845.349,-0.305,0.000,-0.122,0.05566,1.00781,0.08447,28.57
$MAG,26845.350,-0.430,-0.511,-0.670,27.6
$IMU,26845.351,-0.244,-0.122,-0.122,0.05664,1.00830,0.08349,28.56
$IMU,26845.353,-0.366,0.061,-0.061,0.06054,1.00732,0.08398,28.56
$IMU,26845.356,-0.244,-0.122,-0.061,0.05957,1.01074,0.08300,28.56
$IMU,26845.358,-0.244,-0.061,-0.244,0.05859,1.00976,0.08544,28.56
$MAG,26845.360,-0.435,-0.501,-0.666,27.6
$IMU,26845.360,-0.305,-0.061,-0.244,0.05908,1.01074,0.08251,28.56
$IMU,26845.363,-0.305,-0.122,-0.305,0.05712,1.00927,0.08496,28.56
$IMU,26845.365,-0.305,-0.122,-0.244,0.05664,1.01123,0.08544,28.56
$IMU,26845.367,-0.244,-0.122,-0.122,0.05908,1.01123,0.08740,28.56
$MAG,26845.370,-0.436,-0.498,-0.673,27.6
$IMU,26845.370,-0.183,-0.244,-0.061,0.05566,1.01074,0.08349,28.53
$IMU,26845.372,-0.244,-0.122,-0.122,0.05908,1.01269,0.08203,28.53
$IMU,26845.374,-0.244,0.000,-0.183,0.06005,1.00976,0.08496,28.53
$IMU,26845.377,-0.244,-0.122,-0.183,0.06005,1.00781,0.08593,28.53
$IMU,26845.379,-0.183,-0.061,-0.244,0.05761,1.00781,0.08593,28.53
$MAG,26845.380,-0.435,-0.501,-0.667,27.6
$IMU,26845.382,-0.183,0.061,-0.244,0.05712,1.01123,0.08447,28.53
$IMU,26845.384,-0.244,-0.122,-0.183,0.05566,1.00732,0.08544,28.53
$IMU,26845.386,-0.183,-0.061,-0.122,0.05761,1.00683,0.08349,28.53
$BARO,26845.389,86869.67,28.56
$IMU,26845.389,-0.183,0.000,-0.061,0.05908,1.00927,0.08251,28.58
$MAG,26845.390,-0.439,-0.505,-0.672,27.7
$IMU,26845.391,-0.244,0.061,-0.061,0.05859,1.00781,0.08398,28.58
$IMU,26845.393,-0.305,0.061,-0.183,0.05859,1.00732,0.08496,28.58
$IMU,26845.396,-0.244,-0.122,-0.244,0.05859,1.00830,0.08544,28.58
$IMU,26845.398,-0.305,-0.122,-0.305,0.05664,1.01123,0.08007,28.58
$TIME,26845.399,510739.000,2399
$MAG,26845.400,-0.423,-0.501,-0.669,27.6
$IMU,26845.400,-0.366,-0.061,-0.244,0.05273,1.00878,0.08251,28.58
$IMU,26845.403,-0.305,-0.061,-0.122,0.05859,1.00976,0.08398,28.58
$IMU,26845.405,-0.305,-0.061,-0.061,0.05468,1.01025,0.08349,28.58
$IMU,26845.407,-0.244,-0.244,-0.061,0.05957,1.00927,0.08496,28.58
$IMU,26845.410,-0.305,-0.061,-0.122,0.05712,1.01025,0.08398,28.58
$MAG,26845.411,-0.444,-0.505,-0.667,27.8
$IMU,26845.412,-0.366,-0.183,-0.183,0.05810,1.00927,0.08300,28.58
$IMU,26845.414,-0.305,-0.183,-0.244,0.06103,1.00830,0.08398,28.58
$IMU,26845.417,-0.427,0.061,-0.183,0.05517,1.00781,0.08447,28.58
$IMU,26845.419,-0.366,-0.183,-0.183,0.05517,1.00878,0.08447,28.58
$MAG,26845.421,-0.433,-0.502,-0.672,27.6
$IMU,26845.421,-0.366,-0.122,-0.122,0.05517,1.00439,0.08398,28.58
$IMU,26845.424,-0.305,0.000,0.000,0.05712,1.01025,0.08642,28.58
$IMU,26845.426,-0.305,-0.061,-0.122,0.05810,1.00732,0.08447,28.61
$IMU,26845.428,-0.183,-0.244,-0.183,0.05712,1.00830,0.08447,28.61
$MAG,26845.431,-0.433,-0.502,-0.669,27.6
$IMU,26845.431,-0.183,0.000,-0.183,0.05859,1.01074,0.08300,28.61
$IMU,26845.433,-0.244,0.000,-0.183,0.05761,1.00927,0.08593,28.61
$IMU,26845.435,-0.305,0.000,-0.183,0.05810,1.00927,0.08300,28.61
$IMU,26845.438,-0.244,0.000,-0.122,0.05859,1.01074,0.08544,28.61
$IMU,26845.440,-0.183,0.000,-0.122,0.05908,1.00830,0.08398,28.61
$MAG,26845.441,-0.436,-0.505,-0.670,27.5
$IMU,26845.443,-0.122,-0.061,-0.183,0.05615,1.00976,0.08300,28.61
$IMU,26845.445,-0.122,0.000,-0.183,0.05957,1.00927,0.08203,28.56
$IMU,26845.447,-0.061,-0.122,-0.122,0.06201,1.01025,0.08251,28.56
$IMU,26845.450,-0.183,-0.244,-0.305,0.06005,1.00585,0.08251,28.56
$MAG,26845.451,-0.432,-0.510,-0.673,27.6
$IMU,26845.452,-0.305,0.061,-0.183,0.05273,1.00830,0.08105,28.56
$IMU,26845.454,-0.305,0.000,-0.244,0.05664,1.00878,0.08251,28.56
$IMU,26845.457,-0.244,-0.122,-0.122,0.05859,1.00927,0.08496,28.56
$IMU,26845.459,-0.122,-0.305,-0.183,0.05664,1.00781,0.08447,28.56
$MAG,26845.461,-0.432,-0.504,-0.669,27.7
$IMU,26845.461,-0.244,-0.061,-0.183,0.05908,1.00732,0.08203,28.56
$IMU,26845.464,-0.366,0.000,-0.244,0.05566,1.01025,0.08496,28.53
$IMU,26845.466,-0.427,0.000,-0.244,0.05664,1.01025,0.07958,28.53
$IMU,26845.468,-0.305,-0.061,-0.183,0.05175,1.00585,0.08349,28.53
$IMU,26845.471,-0.244,-0.122,-0.183,0.05859,1.00537,0.08300,28.53
$MAG,26845.471,-0.432,-0.505,-0.667,27.7
$IMU,26845.473,-0.244,-0.183,-0.183,0.05859,1.01123,0.08349,28.53
$IMU,26845.475,-0.244,-0.122,-0.183,0.05664,1.01074,0.08349,28.53
$IMU,26845.478,-0.366,0.061,-0.183,0.05908,1.00683,0.08056,28.53
$IMU,26845.480,-0.305,0.061,-0.122,0.06054,1.01074,0.08154,28.53
$MAG,26845.481,-0.438,-0.499,-0.672,27.7
$IMU,26845.482,-0.305,-0.061,-0.122,0.05371,1.00830,0.08398,28.55
$IMU,26845.485,-0.122,-0.122,-0.122,0.05566,1.01025,0.08398,28.55
$IMU,26845.487,-0.183,-0.183,-0.183,0.05615,1.00781,0.08251,28.55
$IMU,26845.489,-0.305,0.000,-0.244,0.05810,1.01025,0.08691,28.55
$BARO,26845.490,86863.28,28.55
$MAG,26845.491,-0.433,-0.502,-0.672,27.6
$IMU,26845.492,-0.122,-0.122,-0.122,0.05566,1.00878,0.08251,28.55
$IMU,26845.494,-0.305,0.061,-0.122,0.05908,1.00878,0.08203,28.55
$IMU,26845.496,-0.183,-0.061,-0.183,0.06054,1.00878,0.08251,28.55
$IMU,26845.499,-0.061,-0.305,-0.183,0.05615,1.00927,0.08496,28.55
$MAG,26845.501,-0.430,-0.510,-0.670,27.6
$IMU,26845.501,-0.244,-0.061,-0.244,0.05712,1.00878,0.08447,28.57
$IMU,26845.504,-0.244,-0.183,-0.183,0.06005,1.00830,0.08251,28.57
$IMU,26845.506,-0.305,-0.244,-0.183,0.05908,1.00927,0.08544,28.57
$IMU,26845.508,-0.305,-0.183,-0.122,0.05859,1.00878,0.08398,28.57
$MAG,26845.511,-0.438,-0.508,-0.670,27.7
$IMU,26845.511,-0.244,-0.183,-0.183,0.05908,1.00976,0.08447,28.57
$IMU,26845.513,-0.305,-0.122,-0.122,0.05761,1.01025,0.08447,28.57
$IMU,26845.515,-0.366,0.061,-0.122,0.05712,1.00927,0.08496,28.57
$IMU,26845.518,-0.366,0.061,-0.122,0.05712,1.00830,0.08496,28.57
$IMU,26845.520,-0.366,-0.122,-0.122,0.05761,1.01025,0.08496,28.57
$MAG,26845.521,-0.435,-0.507,-0.661,27.6
$IMU,26845.522,-0.305,-0.183,-0.122,0.05810,1.00927,0.08544,28.57
$IMU,26845.525,-0.305,-0.122,-0.183,0.05810,1.00878,0.08007,28.57
$IMU,26845.527,-0.305,0.000,-0.244,0.05908,1.01123,0.08398,28.57
$IMU,26845.529,-0.305,-0.061,-0.244,0.05859,1.00732,0.08300,28.57
$MAG,26845.532,-0.439,-0.504,-0.664,27.7
$IMU,26845.532,-0.244,0.000,-0.183,0.05908,1.00390,0.08300,28.57
$IMU,26845.534,-0.122,-0.122,-0.061,0.05761,1.01464,0.08349,28.57
$IMU,26845.536,-0.061,-0.244,-0.183,0.06152,1.00781,0.08154,28.57
$IMU,26845.539,0.061,-0.183,-0.183,0.05859,1.01074,0.08154,28.60
$IMU,26845.541,-0.122,0.061,-0.244,0.06005,1.00488,0.08593,28.60
$MAG,26845.542,-0.429,-0.507,-0.666,27.6
$IMU,26845.543,-0.122,-0.061,-0.244,0.05859,1.00537,0.08203,28.60
$IMU,26845.546,-0.122,-0.061,-0.183,0.05517,1.00830,0.08300,28.60
$IMU,26845.548,-0.122,-0.122,-0.122,0.05517,1.00732,0.08300,28.60
$HUM,26845.550,34.0,29.0
$IMU,26845.550,-0.061,-0.305,-0.122,0.05517,1.00781,0.08349,28.60
$MAG,26845.552,-0.427,-0.498,-0.669,27.6
$IMU,26845.553,-0.183,-0.122,-0.122,0.05908,1.00878,0.08105,28.60
$IMU,26845.555,-0.244,-0.183,-0.122,0.05908,1.00976,0.08007,28.60
$IMU,26845.557,-0.183,-0.122,-0.244,0.05761,1.01123,0.08300,28.58
$IMU,26845.560,-0.183,-0.122,-0.244,0.05712,1.00830,0.08349,28.58
$MAG,26845.562,-0.441,-0.507,-0.672,27.6
$IMU,26845.562,-0.183,-0.183,-0.183,0.05615,1.00683,0.08203,28.58
$IMU,26845.565,-0.305,-0.122,-0.244,0.05566,1.00537,0.08447,28.58
$IMU,26845.567,-0.366,0.061,-0.122,0.05664,1.01074,0.08447,28.58
$IMU,26845.569,-0.305,0.000,-0.061,0.05761,1.00634,0.08593,28.58
$IMU,26845.572,-0.366,-0.183,-0.061,0.05712,1.01025,0.08447,28.58
$MAG,26845.572,-0.423,-0.502,-0.667,27.6
$IMU,26845.574,-0.366,-0.244,-0.122,0.05859,1.00878,0.08203,28.58
$IMU,26845.576,-0.427,-0.122,-0.183,0.05761,1.01123,0.08251,28.58
$IMU,26845.579,-0.427,0.000,-0.122,0.05810,1.00976,0.08105,28.58
$IMU,26845.581,-0.366,0.061,-0.305,0.05761,1.01025,0.08251,28.58
$MAG,26845.582,-0.429,-0.504,-0.666,27.6
$IMU,26845.583,-0.305,0.061,-0.122,0.05419,1.00830,0.08154,28.58
$IMU,26845.586,-0.305,-0.061,-0.122,0.05664,1.00976,0.08203,28.58
$IMU,26845.588,-0.305,-0.061,-0.061,0.06005,1.01025,0.08251,28.58
$IMU,26845.590,-0.244,0.000,-0.061,0.06005,1.01171,0.08398,28.58
$BARO,26845.592,86857.85,28.55
$MAG,26845.592,-0.432,-0.504,-0.672,27.7
$IMU,26845.593,-0.305,0.061,-0.122,0.05664,1.00976,0.08349,28.58
$IMU,26845.595,-0.305,0.000,-0.244,0.05761,1.00878,0.08398,28.59
$IMU,26845.597,-0.183,-0.061,-0.244,0.05566,1.00683,0.08251,28.59
$IMU,26845.600,-0.183,-0.122,-0.244,0.05761,1.00830,0.08398,28.59
$MAG,26845.602,-0.438,-0.508,-0.666,27.6
$IMU,26845.602,-0.122,-0.122,-0.183,0.05761,1.01074,0.08203,28.59
$IMU,26845.604,-0.122,-0.061,-0.122,0.05957,1.01025,0.08496,28.59
$IMU,26845.607,-0.122,0.000,-0.061,0.05957,1.00830,0.08544,28.59
$IMU,26845.609,-0.122,-0.061,-0.061,0.06005,1.00830,0.08203,28.59
$IMU,26845.611,-0.244,0.000,-0.183,0.06054,1.00976,0.08105,28.59
$MAG,26845.612,-0.432,-0.513,-0.666,27.6
$IMU,26845.614,-0.244,0.000,-0.244,0.05859,1.00976,0.08398,28.57
$IMU,26845.616,-0.305,-0.122,-0.305,0.05664,1.01025,0.08349,28.57
$IMU,26845.618,-0.305,0.000,-0.244,0.05859,1.00732,0.08544,28.57
$IMU,26845.621,-0.366,-0.122,-0.122,0.05712,1.00878,0.08251,28.57
$MAG,26845.622,-0.435,-0.504,-0.667,27.7
$IMU,26845.623,-0.305,0.000,-0.122,0.05908,1.00830,0.08496,28.57
$IMU,26845.625,-0.366,0.061,-0.061,0.05712,1.00634,0.08349,28.57
$IMU,26845.628,-0.366,0.000,-0.183,0.05664,1.00781,0.08203,28.57
$IMU,26845.630,-0.305,-0.183,-0.183,0.06103,1.00732,0.08349,28.57
$MAG,26845.632,-0.433,-0.514,-0.672,27.6
$IMU,26845.633,-0.366,-0.061,-0.244,0.06103,1.00781,0.08203,28.58
$IMU,26845.635,-0.305,-0.122,-0.305,0.05859,1.00732,0.08154,28.58
$IMU,26845.637,-0.305,-0.244,-0.305,0.05712,1.00634,0.08056,28.58
$IMU,26845.640,-0.305,-0.061,-0.122,0.05712,1.00830,0.08300,28.58
$MAG,26845.642,-0.430,-0.501,-0.666,27.6
$IMU,26845.642,-0.244,-0.183,0.000,0.05859,1.00830,0.08300,28.58
$IMU,26845.644,-0.366,0.000,-0.122,0.05761,1.00976,0.08447,28.58
$IMU,26845.647,-0.305,0.000,-0.122,0.05615,1.01074,0.08398,28.58
$IMU,26845.649,-0.183,-0.183,-0.244,0.05664,1.00830,0.08300,28.58
$IMU,26845.651,-0.244,-0.122,-0.305,0.05468,1.00927,0.08642,28.56
$MAG,26845.653,-0.432,-0.502,-0.666,27.6
$IMU,26845.654,-0.183,-0.122,-0.244,0.05859,1.00878,0.08398,28.56
$IMU,26845.656,-0.122,0.000,-0.122,0.05419,1.00781,0.08398,28.56
$IMU,26845.658,-0.244,0.000,-0.122,0.05810,1.00927,0.08105,28.56
$IMU,26845.661,-0.244,0.061,-0.183,0.05810,1.00878,0.08496,28.56
$MAG,26845.663,-0.429,-0.508,-0.669,27.7
$IMU,26845.663,-0.122,-0.061,-0.183,0.05908,1.00927,0.08398,28.56
$IMU,26845.665,-0.183,-0.061,-0.183,0.05810,1.01123,0.08544,28.56
$IMU,26845.668,-0.305,0.122,-0.244,0.05419,1.00732,0.08203,28.56
$IMU,26845.670,-0.244,0.000,-0.305,0.05566,1.01074,0.07812,28.57
$IMU,26845.672,-0.183,-0.183,-0.183,0.05712,1.00781,0.08203,28.57
$MAG,26845.673,-0.430,-0.510,-0.675,27.7
$IMU,26845.675,-0.305,0.000,-0.061,0.05761,1.01171,0.08496,28.57
$IMU,26845.677,-0.244,-0.122,0.061,0.05859,1.00976,0.08349,28.57
$IMU,26845.679,-0.305,-0.122,-0.061,0.05810,1.00781,0.08300,28.57
$IMU,26845.682,-0.244,-0.183,-0.183,0.06005,1.00976,0.08251,28.57
$MAG,26845.683,-0.432,-0.495,-0.661,27.6
$IMU,26845.684,-0.305,0.061,-0.183,0.05859,1.00830,0.08447,28.57
$IMU,26845.686,-0.305,-0.183,-0.244,0.05859,1.00683,0.08398,28.57
$IMU,26845.689,-0.305,-0.122,-0.244,0.05908,1.00585,0.08251,28.57
$IMU,26845.691,-0.427,0.122,-0.061,0.05468,1.01025,0.08398,28.57
$BARO,26845.693,86863.28,28.55
$MAG,26845.693,-0.436,-0.505,-0.666,27.6
$IMU,26845.694,-0.366,0.000,-0.061,0.05517,1.00732,0.08154,28.57
$IMU,26845.696,-0.305,-0.061,0.000,0.05712,1.00927,0.08496,28.57
$IMU,26845.698,-0.183,-0.122,-0.061,0.05761,1.00732,0.08300,28.57
$IMU,26845.701,-0.183,-0.244,-0.244,0.06005,1.01025,0.08349,28.57
$MAG,26845.703,-0.430,-0.505,-0.663,27.6
$IMU,26845.703,-0.244,-0.122,-0.305,0.05761,1.00927,0.08203,28.57
$IMU,26845.705,-0.366,-0.061,-0.244,0.05761,1.00488,0.08642,28.57
$IMU,26845.708,-0.305,-0.061,-0.183,0.05517,1.01171,0.08203,28.55
$IMU,26845.710,-0.305,0.061,-0.183,0.05761,1.00830,0.08300,28.55
$IMU,26845.712,-0.244,-0.061,-0.183,0.05712,1.00390,0.08251,28.55
$MAG,26845.713,-0.436,-0.507,-0.663,27.6
$IMU,26845.715,-0.183,-0.366,-0.122,0.05957,1.00830,0.08398,28.55
$IMU,26845.717,-0.183,-0.122,-0.122,0.05859,1.01123,0.08300,28.55
$IMU,26845.719,-0.244,0.000,-0.183,0.05761,1.01123,0.08300,28.55
$IMU,26845.722,-0.183,-0.183,-0.244,0.05908,1.00976,0.08496,28.55
$MAG,26845.723,-0.430,-0.504,-0.669,27.6
$IMU,26845.724,-0.305,-0.122,-0.244,0.05468,1.01074,0.08642,28.55
$IMU,26845.726,-0.305,-0.122,-0.183,0.05566,1.00781,0.07910,28.58
$IMU,26845.729,-0.305,-0.183,-0.061,0.05566,1.01171,0.08593,28.58
$IMU,26845.731,-0.244,-0.061,-0.061,0.06103,1.01269,0.08691,28.58
$MAG,26845.733,-0.429,-0.514,-0.672,27.6
$IMU,26845.733,-0.305,0.122,-0.122,0.05859,1.01123,0.08349,28.58
$IMU,26845.736,-0.305,0.061,-0.183,0.05908,1.00878,0.08105,28.58
$IMU,26845.738,-0.305,-0.061,-0.122,0.05957,1.01025,0.08349,28.58
$IMU,26845.740,-0.183,-0.122,-0.183,0.06103,1.00781,0.08300,28.58
$MAG,26845.743,-0.436,-0.498,-0.661,27.6
$IMU,26845.743,-0.183,-0.122,-0.183,0.05761,1.00927,0.08544,28.58
$IMU,26845.745,-0.244,-0.061,-0.183,0.05664,1.00537,0.08300,28.56
$IMU,26845.747,-0.244,0.000,-0.122,0.05419,1.00781,0.08398,28.56
$IMU,26845.750,-0.244,-0.061,-0.122,0.05517,1.00781,0.08496,28.56
$IMU,26845.752,-0.122,-0.244,-0.122,0.05566,1.00732,0.08496,28.56
$MAG,26845.753,-0.433,-0.498,-0.670,27.6
$IMU,26845.755,-0.122,-0.061,-0.244,0.05712,1.00732,0.08447,28.56
$IMU,26845.757,-0.244,0.000,-0.305,0.05566,1.00683,0.08496,28.56
$IMU,26845.759,-0.305,0.000,-0.244,0.05712,1.00830,0.08398,28.56
$IMU,26845.762,-0.244,-0.061,-0.122,0.05712,1.00976,0.08251,28.56
$MAG,26845.764,-0.435,-0.514,-0.667,27.6
$IMU,26845.764,-0.305,-0.061,-0.122,0.05859,1.01025,0.08251,28.57
$IMU,26845.766,-0.244,-0.305,-0.122,0.05712,1.00634,0.08593,28.57
$IMU,26845.769,-0.244,-0.122,-0.122,0.05957,1.00634,0.08349,28.57
$IMU,26845.771,-0.366,0.000,-0.122,0.06005,1.01123,0.08300,28.57
$IMU,26845.773,-0.366,0.000,-0.244,0.06103,1.00878,0.08496,28.57
$MAG,26845.774,-0.432,-0.504,-0.673,27.6
$IMU,26845.776,-0.366,0.000,-0.183,0.05371,1.00830,0.08300,28.57
$IMU,26845.778,-0.183,-0.183,-0.122,0.05761,1.00683,0.08203,28.57
$IMU,26845.780,-0.183,-0.122,-0.183,0.05468,1.00634,0.08593,28.57
$IMU,26845.783,-0.122,-0.122,-0.183,0.06054,1.00781,0.08349,28.57
$MAG,26845.784,-0.435,-0.507,-0.673,27.6
$IMU,26845.785,-0.244,0.000,-0.122,0.05859,1.00781,0.08300,28.57
$IMU,26845.787,-0.366,-0.061,-0.183,0.05859,1.00683,0.08203,28.57
$IMU,26845.790,-0.305,-0.061,-0.244,0.05908,1.00878,0.08447,28.57
$IMU,26845.792,-0.183,-0.244,-0.244,0.05859,1.00927,0.08447,28.57
$BARO,26845.794,86863.84,28.56
$MAG,26845.794,-0.427,-0.516,-0.664,27.7
$IMU,26845.794,-0.183,-0.183,-0.183,0.05664,1.00927,0.08496,28.57
$IMU,26845.797,-0.244,0.000,-0.122,0.05664,1.01025,0.08447,28.57
$IMU,26845.799,-0.183,-0.122,-0.122,0.05908,1.00537,0.08496,28.57
$IMU,26845.801,-0.244,-0.061,-0.122,0.05957,1.00537,0.08300,28.58
$MAG,26845.804,-0.441,-0.499,-0.666,27.6
$IMU,26845.804,-0.244,0.061,-0.122,0.05664,1.01074,0.08447,28.58
$IMU,26845.806,-0.183,-0.061,-0.183,0.05712,1.00781,0.08105,28.58
$IMU,26845.808,-0.183,-0.061,-0.122,0.05761,1.00732,0.08203,28.58
$IMU,26845.811,-0.183,-0.122,-0.183,0.06005,1.00732,0.08593,28.58
$IMU,26845.813,-0.183,0.000,-0.183,0.05712,1.00732,0.08642,28.58
$MAG,26845.814,-0.430,-0.511,-0.669,27.6
$IMU,26845.816,-0.122,-0.122,-0.183,0.05517,1.01074,0.08300,28.58
$IMU,26845.818,-0.244,0.000,-0.244,0.05859,1.00927,0.08300,28.58
$IMU,26845.820,-0.244,0.000,-0.183,0.05957,1.00976,0.08251,28.60
$IMU,26845.823,-0.122,-0.061,-0.122,0.06005,1.00732,0.08154,28.60
$MAG,26845.824,-0.436,-0.505,-0.670,27.6
$IMU,26845.825,-0.244,0.000,-0.183,0.05810,1.00585,0.08300,28.60
$IMU,26845.827,-0.244,-0.122,-0.244,0.06152,1.01171,0.08496,28.60
$IMU,26845.830,-0.366,-0.061,-0.305,0.05664,1.00732,0.08691,28.60
$IMU,26845.832,-0.305,-0.244,-0.244,0.05566,1.00927,0.08300,28.60
$MAG,26845.834,-0.433,-0.505,-0.664,27.7
$IMU,26845.834,-0.427,-0.061,-0.183,0.05517,1.00830,0.08447,28.60
$IMU,26845.837,-0.427,0.000,-0.183,0.05615,1.00683,0.08447,28.60
$IMU,26845.839,-0.427,-0.061,-0.122,0.05810,1.00976,0.08056,28.62
$IMU,26845.841,-0.366,-0.061,-0.122,0.05859,1.01367,0.08398,28.62
$MAG,26845.844,-0.429,-0.508,-0.666,27.6
$IMU,26845.844,-0.305,-0.061,-0.061,0.05810,1.00732,0.08154,28.62
$IMU,26845.846,-0.305,-0.183,-0.183,0.06005,1.00537,0.08349,28.62
$IMU,26845.848,-0.305,-0.122,-0.183,0.05615,1.00927,0.08642,28.62
$IMU,26845.851,-0.305,0.000,-0.244,0.05322,1.00683,0.08349,28.62
$IMU,26845.853,-0.244,0.000,-0.183,0.05517,1.00634,0.08349,28.62
$MAG,26845.854,-0.427,-0.504,-0.672,27.5
$IMU,26845.855,-0.183,-0.122,-0.122,0.05810,1.00781,0.08544,28.62
$IMU,26845.858,-0.061,-0.122,-0.061,0.05761,1.00683,0.08447,28.61
$IMU,26845.860,-0.122,-0.061,-0.061,0.05419,1.00927,0.08447,28.61
$IMU,26845.862,0.000,-0.122,-0.122,0.06054,1.00781,0.08496,28.61
$MAG,26845.864,-0.432,-0.501,-0.676,27.7
$IMU,26845.865,0.000,-0.122,-0.061,0.05957,1.00781,0.08544,28.61
$IMU,26845.867,-0.061,-0.122,-0.122,0.05615,1.00878,0.08154,28.61
$IMU,26845.869,-0.122,-0.061,-0.244,0.05761,1.00781,0.08007,28.61
$IMU,26845.872,-0.183,-0.122,-0.183,0.05468,1.00683,0.08300,28.61
$IMU,26845.874,-0.183,-0.122,-0.183,0.05615,1.00830,0.08251,28.61
$MAG,26845.875,-0.430,-0.510,-0.669,27.5
$IMU,26845.877,-0.244,0.061,-0.183,0.05859,1.00830,0.08251,28.59
$IMU,26845.879,-0.305,-0.122,-0.122,0.05761,1.00781,0.07910,28.59
$IMU,26845.881,-0.305,-0.061,-0.122,0.05761,1.01074,0.08203,28.59
$IMU,26845.884,-0.427,-0.061,-0.183,0.05566,1.00732,0.08203,28.59
$MAG,26845.885,-0.432,-0.504,-0.658,27.6
$IMU,26845.886,-0.427,-0.061,-0.244,0.05712,1.00634,0.08398,28.59
$IMU,26845.888,-0.488,-0.183,-0.244,0.05810,1.01171,0.08300,28.59
$IMU,26845.891,-0.427,-0.122,-0.183,0.05957,1.00585,0.08203,28.59
$IMU,26845.893,-0.366,-0.122,-0.122,0.05810,1.01025,0.08447,28.59
$MAG,26845.895,-0.432,-0.510,-0.675,27.6
$IMU,26845.895,-0.366,-0.122,-0.122,0.05566,1.00830,0.08203,28.58
$BARO,26845.896,86862.48,28.55
$IMU,26845.898,-0.366,-0.122,-0.183,0.05957,1.00732,0.08349,28.58
$IMU,26845.900,-0.427,0.000,-0.183,0.05712,1.01025,0.08496,28.58
$IMU,26845.902,-0.183,-0.122,-0.305,0.05371,1.00878,0.08496,28.58
$MAG,26845.905,-0.427,-0.505,-0.673,27.6
$IMU,26845.905,-0.183,-0.061,-0.183,0.05371,1.01171,0.08496,28.58
$IMU,26845.907,-0.122,-0.183,-0.183,0.05664,1.01025,0.08349,28.58
$IMU,26845.909,-0.183,0.000,-0.061,0.05615,1.01318,0.08496,28.58
$IMU,26845.912,-0.122,-0.183,0.000,0.05761,1.01025,0.08349,28.58
$IMU,26845.914,-0.244,0.061,-0.061,0.05761,1.00781,0.08398,28.58
$MAG,26845.915,-0.429,-0.502,-0.669,27.6
$IMU,26845.916,-0.122,-0.183,-0.122,0.05908,1.01074,0.08300,28.58
$IMU,26845.919,-0.061,-0.122,-0.122,0.05810,1.01269,0.08154,28.58
$IMU,26845.921,-0.061,-0.122,-0.244,0.05908,1.00830,0.08496,28.58
$IMU,26845.923,-0.061,-0.061,-0.244,0.05371,1.00781,0.08056,28.58
$MAG,26845.925,-0.436,-0.502,-0.669,27.7
$IMU,26845.926,-0.183,0.061,-0.183,0.05517,1.00683,0.08203,28.58
$IMU,26845.928,-0.061,-0.122,-0.122,0.05419,1.00878,0.08251,28.58
$IMU,26845.930,-0.122,-0.122,-0.122,0.05908,1.01220,0.08105,28.58
$IMU,26845.933,-0.183,-0.061,-0.122,0.06103,1.01269,0.08251,28.55
$MAG,26845.935,-0.426,-0.507,-0.672,27.6
$IMU,26845.935,-0.244,-0.061,-0.183,0.06054,1.01025,0.08398,28.55
$IMU,26845.938,-0.427,-0.061,-0.183,0.05664,1.01025,0.08251,28.55
$IMU,26845.940,-0.366,-0.122,-0.244,0.05615,1.00732,0.08154,28.55
$IMU,26845.942,-0.366,0.000,-0.183,0.05371,1.00781,0.08154,28.55
$MAG,26845.945,-0.427,-0.499,-0.669,27.7
$IMU,26845.945,-0.366,-0.122,-0.122,0.05517,1.00634,0.08203,28.55
$IMU,26845.947,-0.366,-0.183,-0.122,0.05810,1.00781,0.08251,28.55
$IMU,26845.949,-0.549,0.061,-0.061,0.05957,1.00390,0.08251,28.55
$IMU,26845.952,-0.427,-0.061,-0.183,0.05957,1.00634,0.08398,28.58
$IMU,26845.954,-0.427,-0.122,-0.183,0.05957,1.00683,0.08349,28.58
$MAG,26845.955,-0.429,-0.505,-0.672,27.6
$IMU,26845.956,-0.427,-0.122,-0.244,0.05664,1.01074,0.08251,28.58
$IMU,26845.959,-0.366,-0.244,-0.244,0.05908,1.00634,0.08447,28.58
$IMU,26845.961,-0.366,-0.122,-0.122,0.05761,1.00683,0.08251,28.58
$IMU,26845.963,-0.366,0.061,0.000,0.05664,1.01025,0.08300,28.58
$MAG,26845.965,-0.436,-0.498,-0.661,27.6
$IMU,26845.966,-0.305,-0.122,-0.122,0.06005,1.00976,0.08300,28.58
$IMU,26845.968,-0.183,-0.061,-0.183,0.05810,1.01318,0.08544,28.58
$IMU,26845.970,-0.183,-0.122,-0.244,0.06152,1.01025,0.08251,28.57
$IMU,26845.973,-0.244,0.061,-0.244,0.05957,1.00781,0.08349,28.57
$MAG,26845.975,-0.435,-0.499,-0.672,27.6
$IMU,26845.975,-0.244,0.000,-0.183,0.05810,1.00732,0.08398,28.57
$IMU,26845.977,-0.122,-0.061,-0.244,0.05761,1.01074,0.08447,28.57
$IMU,26845.980,-0.122,-0.183,-0.122,0.06103,1.00683,0.08447,28.57
$IMU,26845.982,-0.183,-0.183,-0.061,0.05615,1.00634,0.08154,28.57
$IMU,26845.984,-0.183,-0.061,-0.122,0.05566,1.00976,0.08154,28.57
$MAG,26845.985,-0.430,-0.507,-0.673,27.6
$IMU,26845.987,-0.183,-0.122,-0.183,0.05859,1.01025,0.08496,28.57
$IMU,26845.989,-0.305,-0.061,-0.183,0.05712,1.00830,0.08251,28.54
$IMU,26845.991,-0.305,0.000,-0.244,0.05712,1.00878,0.08251,28.54
$IMU,26845.994,-0.244,-0.183,-0.244,0.05566,1.00732,0.08300,28.54
$MAG,26845.996,-0.429,-0.498,-0.669,27.7
$IMU,26845.996,-0.244,-0.183,-0.122,0.05761,1.00830,0.08447,28.54
$BARO,26845.997,86856.38,28.56
$IMU,26845.998,-0.244,0.061,-0.122,0.05859,1.01269,0.08154,28.54
$IMU,26846.001,-0.366,0.000,-0.061,0.06103,1.00878,0.08496,28.54
$IMU,26846.003,-0.305,0.000,-0.183,0.06054,1.00683,0.08203,28.54
$MAG,26846.006,-0.436,-0.514,-0.670,27.6
$IMU,26846.006,-0.427,0.061,-0.244,0.05468,1.00683,0.08349,28.54
$IMU,26846.008,-0.366,-0.061,-0.244,0.05517,1.00732,0.08300,28.57
$IMU,26846.010,-0.366,-0.183,-0.305,0.05761,1.00830,0.08398,28.57
$IMU,26846.013,-0.427,-0.122,-0.183,0.05810,1.00439,0.08349,28.57
$IMU,26846.015,-0.305,0.122,-0.122,0.05664,1.00781,0.08740,28.57
$MAG,26846.016,-0.429,-0.505,-0.661,27.6
$IMU,26846.017,-0.244,-0.061,-0.122,0.05859,1.00878,0.08251,28.57
$IMU,26846.020,-0.244,-0.244,-0.122,0.05761,1.00732,0.08398,28.57
$IMU,26846.022,-0.183,-0.183,-0.122,0.05859,1.01367,0.08447,28.57
$IMU,26846.024,-0.244,-0.061,-0.244,0.06054,1.01074,0.08447,28.57
$MAG,26846.026,-0.426,-0.505,-0.667,27.7
$IMU,26846.027,-0.244,-0.183,-0.244,0.05517,1.01074,0.08349,28.57
$IMU,26846.029,-0.305,0.000,-0.305,0.05810,1.01171,0.08007,28.57
$IMU,26846.031,-0.305,-0.061,-0.183,0.05761,1.01074,0.08496,28.57
$IMU,26846.034,-0.183,-0.244,-0.122,0.05908,1.01074,0.08447,28.57
$MAG,26846.036,-0.433,-0.495,-0.666,27.6
$IMU,26846.036,-0.183,-0.061,-0.061,0.05957,1.01074,0.08203,28.57
$IMU,26846.038,-0.244,-0.061,-0.122,0.05908,1.00830,0.08203,28.57
$IMU,26846.041,-0.305,-0.061,-0.183,0.05761,1.00878,0.08447,28.57
$IMU,26846.043,-0.244,-0.061,-0.244,0.05712,1.00976,0.08447,28.57
$IMU,26846.045,-0.183,-0.122,-0.244,0.05712,1.00830,0.08251,28.60
$MAG,26846.046,-0.435,-0.510,-0.670,27.7
$IMU,26846.048,-0.183,-0.183,-0.183,0.05566,1.00878,0.08300,28.60
$IMU,26846.050,-0.244,-0.061,-0.122,0.05712,1.00927,0.08349,28.60
$IMU,26846.052,-0.366,0.061,-0.061,0.05761,1.00830,0.08447,28.60
$IMU,26846.055,-0.244,0.000,-0.061,0.05761,1.01025,0.08251,28.60
$MAG,26846.056,-0.427,-0.513,-0.675,27.6
$IMU,26846.057,-0.122,-0.122,-0.122,0.05859,1.01025,0.08496,28.60
$IMU,26846.059,-0.061,-0.244,-0.183,0.05810,1.01074,0.08300,28.60
$IMU,26846.062,-0.244,-0.122,-0.244,0.05615,1.01025,0.08203,28.60
$IMU,26846.064,-0.183,-0.183,-0.244,0.05712,1.00781,0.08251,28.56
$MAG,26846.066,-0.436,-0.504,-0.667,27.6
$IMU,26846.067,-0.244,-0.122,-0.183,0.05517,1.00732,0.08447,28.56
$IMU,26846.069,-0.244,0.000,-0.183,0.05761,1.00683,0.08398,28.56
$IMU,26846.071,-0.244,-0.183,-0.183,0.05517,1.00878,0.08056,28.56
$IMU,26846.074,-0.183,-0.183,-0.122,0.05517,1.00732,0.08300,28.56
$MAG,26846.076,-0.444,-0.498,-0.672,27.6
$IMU,26846.076,-0.183,-0.122,-0.122,0.05810,1.00830,0.08154,28.56
$IMU,26846.078,-0.244,-0.122,-0.244,0.05908,1.00976,0.08300,28.56
$IMU,26846.081,-0.305,0.000,-0.244,0.05908,1.00683,0.08691,28.56
$IMU,26846.083,-0.244,-0.061,-0.244,0.05517,1.00830,0.08154,28.55
$IMU,26846.085,-0.366,0.061,-0.122,0.05712,1.01123,0.08447,28.55
$MAG,26846.086,-0.438,-0.495,-0.673,27.6
$IMU,26846.088,-0.244,-0.183,-0.183,0.05664,1.00976,0.08398,28.55
$IMU,26846.090,-0.244,-0.122,-0.122,0.05664,1.00976,0.08203,28.55
$IMU,26846.092,-0.305,0.000,-0.122,0.06054,1.00878,0.08349,28.55
$IMU,26846.095,-0.305,0.061,-0.122,0.05712,1.01074,0.08349,28.55
$MAG,26846.096,-0.426,-0.513,-0.669,27.6
$IMU,26846.097,-0.244,-0.061,-0.122,0.05761,1.01269,0.08447,28.55
$BARO,26846.099,86863.57,28.56
$IMU,26846.099,-0.183,-0.183,-0.183,0.05615,1.01074,0.08544,28.55
$IMU,26846.102,-0.244,-0.061,-0.183,0.05810,1.00781,0.08398,28.60
$IMU,26846.104,-0.244,0.000,-0.183,0.05712,1.00781,0.08398,28.60
$MAG,26846.106,-0.433,-0.505,-0.669,27.6
$IMU,26846.106,-0.244,-0.122,-0.122,0.05566,1.01123,0.08447,28.60
$IMU,26846.109,-0.244,-0.122,-0.122,0.05615,1.01318,0.08447,28.60
$IMU,26846.111,-0.244,0.000,-0.122,0.05712,1.00830,0.08300,28.60
$IMU,26846.113,-0.122,-0.244,-0.183,0.05908,1.01123,0.08496,28.60
$IMU,26846.116,-0.183,-0.122,-0.183,0.05712,1.00781,0.08398,28.60
$MAG,26846.117,-0.429,-0.501,-0.670,27.6
$IMU,26846.118,-0.305,-0.061,-0.244,0.05664,1.00585,0.08740,28.60
$IMU,26846.120,-0.427,-0.061,-0.122,0.05810,1.01025,0.08300,28.58
$IMU,26846.123,-0.366,-0.122,-0.122,0.05566,1.01074,0.08398,28.58
$IMU,26846.125,-0.244,-0.122,-0.183,0.05566,1.00732,0.08496,28.58
$MAG,26846.127,-0.432,-0.502,-0.669,27.5
$IMU,26846.128,-0.366,-0.061,0.000,0.05664,1.00732,0.08398,28.58
$IMU,26846.130,-0.305,-0.061,-0.122,0.06005,1.01025,0.08544,28.58
$IMU,26846.132,-0.305,0.000,-0.122,0.05957,1.00830,0.08593,28.58
$IMU,26846.135,-0.183,-0.183,-0.183,0.05761,1.01025,0.08447,28.58
$MAG,26846.137,-0.432,-0.510,-0.672,27.6
$IMU,26846.137,-0.122,-0.244,-0.183,0.05908,1.01025,0.08642,28.58
$IMU,26846.139,-0.122,-0.244,-0.183,0.05712,1.00488,0.08349,28.59
$IMU,26846.142,-0.183,-0.061,-0.244,0.05761,1.00781,0.08251,28.59
$IMU,26846.144,-0.183,-0.061,-0.183,0.05859,1.00878,0.08349,28.59
$IMU,26846.146,-0.122,-0.122,-0.122,0.06152,1.00927,0.08544,28.59
$MAG,26846.147,-0.435,-0.505,-0.673,27.6
$IMU,26846.149,-0.122,-0.122,-0.183,0.06103,1.01123,0.08300,28.59
$IMU,26846.151,-0.244,-0.061,-0.122,0.05908,1.00878,0.08447,28.59
$IMU,26846.153,-0.183,-0.122,-0.244,0.05859,1.00878,0.08593,28.59
$IMU,26846.156,-0.122,-0.122,-0.244,0.05810,1.00830,0.08544,28.59
$MAG,26846.157,-0.430,-0.511,-0.675,27.7
$IMU,26846.158,-0.305,0.000,-0.183,0.05761,1.01123,0.08300,28.60
$IMU,26846.160,-0.305,0.061,-0.183,0.06103,1.00976,0.08300,28.60
$IMU,26846.163,-0.183,-0.122,-0.183,0.05761,1.00488,0.08544,28.60
$VBAT,26846.163,4.137
$IMU,26846.165,-0.183,-0.061,-0.305,0.05517,1.00732,0.08349,28.60
$MAG,26846.167,-0.430,-0.513,-0.669,27.6
$IMU,26846.167,-0.244,0.061,-0.122,0.05810,1.01025,0.08056,28.60
$IMU,26846.170,-0.244,0.000,-0.122,0.06103,1.00927,0.08398,28.60
$IMU,26846.172,-0.305,-0.061,-0.244,0.05859,1.00878,0.08251,28.60
$IMU,26846.174,-0.244,-0.183,-0.183,0.05566,1.00927,0.08398,28.60
$MAG,26846.177,-0.438,-0.508,-0.667,27.7
$IMU,26846.177,-0.305,-0.061,-0.244,0.05664,1.01123,0.08447,28.56
$IMU,26846.179,-0.305,-0.183,-0.183,0.05810,1.00683,0.08300,28.56
$IMU,26846.181,-0.244,-0.122,-0.061,0.05664,1.00634,0.08349,28.56
$IMU,26846.184,-0.183,0.000,-0.061,0.05810,1.00878,0.08398,28.56
$IMU,26846.186,-0.183,-0.122,-0.122,0.06103,1.01123,0.08447,28.56
$MAG,26846.187,-0.441,-0.504,-0.672,27.6
$IMU,26846.189,-0.122,-0.244,-0.183,0.05957,1.00585,0.08251,28.56
$IMU,26846.191,-0.122,-0.122,-0.244,0.05908,1.01025,0.08593,28.56
$IMU,26846.193,-0.244,-0.122,-0.244,0.05859,1.00683,0.08251,28.56
$IMU,26846.196,-0.366,0.061,-0.244,0.05957,1.00732,0.08300,28.57
$MAG,26846.197,-0.435,-0.504,-0.673,27.6
$IMU,26846.198,-0.305,0.061,-0.183,0.05761,1.00927,0.08349,28.57
$BARO,26846.200,86871.54,28.55
$IMU,26846.200,-0.183,-0.183,-0.061,0.05761,1.00634,0.08251,28.57
$IMU,26846.203,-0.183,-0.305,-0.061,0.06005,1.00927,0.08447,28.57
$IMU,26846.205,-0.305,-0.061,-0.061,0.06103,1.00732,0.08496,28.57
$MAG,26846.207,-0.427,-0.504,-0.664,27.6
$IMU,26846.207,-0.366,-0.122,-0.183,0.06005,1.00781,0.08203,28.57
$IMU,26846.210,-0.366,-0.183,-0.244,0.05859,1.00927,0.08154,28.57
$IMU,26846.212,-0.427,-0.061,-0.244,0.05908,1.00878,0.08593,28.57
$IMU,26846.214,-0.427,-0.122,-0.061,0.05859,1.00732,0.08203,28.56
$MAG,26846.217,-0.433,-0.510,-0.672,27.6
$IMU,26846.217,-0.427,-0.061,-0.061,0.05957,1.01123,0.08447,28.56
$IMU,26846.219,-0.427,0.061,-0.061,0.05859,1.00830,0.08740,28.56
$IMU,26846.221,-0.427,-0.061,-0.061,0.05957,1.00927,0.08740,28.56
$IMU,26846.224,-0.366,-0.183,-0.183,0.05957,1.00732,0.08544,28.56
$IMU,26846.226,-0.305,-0.061,-0.183,0.05908,1.01025,0.08740,28.56
$MAG,26846.228,-0.420,-0.504,-0.667,27.6
$IMU,26846.228,-0.244,-0.183,-0.244,0.05664,1.01171,0.08593,28.56
$IMU,26846.231,-0.244,-0.183,-0.183,0.05810,1.00878,0.08642,28.56
$IMU,26846.233,-0.305,0.000,-0.122,0.05761,1.01025,0.08300,28.60
$IMU,26846.235,-0.183,-0.061,-0.122,0.05957,1.01269,0.08447,28.60
$MAG,26846.238,-0.430,-0.501,-0.669,27.6
$IMU,26846.238,-0.061,-0.183,-0.183,0.06005,1.00976,0.08349,28.60
$IMU,26846.240,0.000,-0.183,-0.061,0.05908,1.01074,0.08447,28.60
$IMU,26846.242,0.061,-0.183,-0.183,0.05664,1.00878,0.08398,28.60
$IMU,26846.245,0.000,0.000,-0.305,0.05810,1.00927,0.08203,28.60
$IMU,26846.247,-0.122,0.000,-0.244,0.05371,1.01171,0.08251,28.60
$MAG,26846.248,-0.424,-0.502,-0.678,27.6
$IMU,26846.250,-0.061,-0.122,-0.183,0.05224,1.00927,0.08447,28.60
$IMU,26846.252,-0.061,0.061,-0.122,0.05712,1.00927,0.08300,28.59
$IMU,26846.254,0.000,-0.183,-0.122,0.05810,1.00976,0.08203,28.59
$IMU,26846.257,0.061,-0.305,-0.183,0.06005,1.01171,0.08203,28.59
$MAG,26846.258,-0.427,-0.507,-0.663,27.6
$IMU,26846.259,-0.061,-0.244,-0.305,0.06054,1.01025,0.08300,28.59
$IMU,26846.261,-0.183,-0.244,-0.183,0.05468,1.01123,0.07958,28.59
$IMU,26846.264,-0.366,-0.061,-0.244,0.05566,1.01269,0.08203,28.59
$IMU,26846.266,-0.305,-0.244,-0.244,0.05664,1.00830,0.08154,28.59
$MAG,26846.268,-0.427,-0.508,-0.664,27.6
$IMU,26846.268,-0.366,-0.244,-0.122,0.05810,1.00927,0.08251,28.59
$IMU,26846.271,-0.305,-0.305,-0.061,0.05859,1.01171,0.08447,28.57
$IMU,26846.273,-0.427,-0.061,-0.061,0.05566,1.00976,0.08154,28.57
$IMU,26846.275,-0.488,0.061,-0.183,0.05664,1.00830,0.08398,28.57
$MAG,26846.278,-0.427,-0.507,-0.670,27.7
$IMU,26846.278,-0.488,0.000,-0.183,0.06103,1.00830,0.08593,28.57
$IMU,26846.280,-0.427,-0.061,-0.183,0.05712,1.00830,0.08251,28.57
$IMU,26846.282,-0.366,-0.183,-0.183,0.05468,1.00781,0.08251,28.57
$IMU,26846.285,-0.366,-0.061,-0.122,0.05468,1.00732,0.08593,28.57
$IMU,26846.287,-0.305,-0.122,-0.122,0.05371,1.00927,0.08398,28.57
$MAG,26846.288,-0.432,-0.505,-0.661,27.6
$IMU,26846.289,-0.183,-0.122,-0.122,0.05908,1.00830,0.08349,28.62
$IMU,26846.292,-0.244,-0.061,-0.061,0.06005,1.00927,0.08642,28.62
$IMU,26846.294,-0.183,-0.122,-0.183,0.05664,1.01025,0.08593,28.62
$IMU,26846.296,-0.183,0.000,-0.183,0.05859,1.01074,0.08544,28.62
$MAG,26846.298,-0.432,-0.498,-0.669,27.6
$IMU,26846.299,-0.061,-0.122,-0.183,0.05566,1.00830,0.08447,28.62
$IMU,26846.301,-0.183,-0.061,-0.183,0.05712,1.00537,0.08496,28.62
$BARO,26846.302,86867.06,28.56
$IMU,26846.303,-0.183,-0.183,-0.061,0.05810,1.00927,0.08398,28.62
$IMU,26846.306,-0.122,-0.183,-0.122,0.05859,1.00488,0.08203,28.62
$MAG,26846.308,-0.432,-0.507,-0.672,27.7
$IMU,26846.308,-0.122,-0.183,-0.122,0.05810,1.01074,0.08251,28.59
$IMU,26846.311,-0.244,0.000,-0.061,0.05566,1.00927,0.08251,28.59
$IMU,26846.313,-0.305,0.000,-0.183,0.05810,1.00781,0.08691,28.59
$IMU,26846.315,-0.244,-0.122,-0.244,0.06054,1.00585,0.08447,28.59
$MAG,26846.318,-0.429,-0.501,-0.670,27.6
$IMU,26846.318,-0.305,-0.122,-0.183,0.05517,1.00781,0.08154,28.59
$IMU,26846.320,-0.366,0.000,-0.122,0.05859,1.00878,0.08349,28.59
$IMU,26846.322,-0.366,-0.122,-0.122,0.05712,1.00781,0.08447,28.59
$IMU,26846.325,-0.366,-0.061,-0.183,0.06005,1.01123,0.08203,28.59
$IMU,26846.327,-0.366,-0.061,-0.183,0.05712,1.01171,0.08300,28.54
$MAG,26846.328,-0.438,-0.514,-0.673,27.6
$IMU,26846.329,-0.305,-0.061,-0.122,0.05761,1.00634,0.08496,28.54
$IMU,26846.332,-0.366,0.000,-0.244,0.05810,1.00830,0.08886,28.54
$IMU,26846.334,-0.305,-0.122,-0.183,0.05419,1.00732,0.08593,28.54
$IMU,26846.336,-0.305,-0.183,-0.244,0.05761,1.00976,0.08349,28.54
$MAG,26846.339,-0.433,-0.508,-0.678,27.6
$IMU,26846.339,-0.183,-0.061,-0.244,0.05664,1.00585,0.08447,28.54
$IMU,26846.341,-0.244,-0.061,-0.183,0.05859,1.00830,0.08593,28.54
$IMU,26846.343,-0.244,-0.061,-0.183,0.05957,1.00878,0.08398,28.54
$IMU,26846.346,-0.183,0.000,-0.183,0.06005,1.00634,0.08642,28.58
$IMU,26846.348,-0.183,-0.061,-0.183,0.05859,1.00927,0.08251,28.58
$MAG,26846.349,-0.432,-0.502,-0.673,27.7
$IMU,26846.350,-0.183,-0.183,-0.183,0.05908,1.00683,0.08398,28.58
$IMU,26846.353,-0.061,-0.122,-0.183,0.05908,1.00976,0.08105,28.58
$IMU,26846.355,-0.122,-0.122,-0.183,0.05761,1.01367,0.08105,28.58
$IMU,26846.357,-0.183,-0.183,-0.183,0.05859,1.01269,0.08300,28.58
$MAG,26846.359,-0.439,-0.496,-0.666,27.6
$IMU,26846.360,-0.122,-0.122,-0.183,0.05664,1.00927,0.08154,28.58
$IMU,26846.362,-0.122,0.000,-0.122,0.05712,1.00927,0.08203,28.58
$IMU,26846.364,-0.183,-0.122,-0.183,0.06005,1.00878,0.08056,28.60
$IMU,26846.367,-0.183,-0.183,-0.122,0.05664,1.01123,0.08251,28.60
$MAG,26846.369,-0.438,-0.502,-0.673,27.6
$IMU,26846.369,-0.305,-0.122,-0.183,0.05712,1.00781,0.08496,28.60
$IMU,26846.372,-0.305,-0.061,-0.183,0.06054,1.00634,0.08154,28.60
$IMU,26846.374,-0.427,0.000,-0.122,0.05615,1.01074,0.08251,28.60
$IMU,26846.376,-0.427,-0.061,-0.183,0.05615,1.01074,0.08154,28.60
$MAG,26846.379,-0.436,-0.507,-0.678,27.6
$IMU,26846.379,-0.427,-0.122,-0.122,0.05615,1.00927,0.08398,28.60
$IMU,26846.381,-0.366,-0.183,-0.061,0.05566,1.00878,0.08398,28.60
$IMU,26846.383,-0.305,-0.122,-0.061,0.05810,1.00830,0.08349,28.60
$IMU,26846.386,-0.366,-0.061,-0.122,0.05712,1.01123,0.08593,28.60
$IMU,26846.388,-0.366,-0.122,-0.244,0.06005,1.01367,0.08642,28.60
$MAG,26846.389,-0.432,-0.504,-0.678,27.6
$IMU,26846.390,-0.244,0.000,-0.183,0.05615,1.00927,0.08447,28.60
$IMU,26846.393,-0.122,-0.183,-0.305,0.05615,1.00537,0.08349,28.60
$IMU,26846.395,-0.183,-0.122,-0.183,0.05761,1.00781,0.08056,28.60
$IMU,26846.397,-0.183,-0.061,-0.122,0.05859,1.01123,0.07861,28.60
$MAG,26846.399,-0.435,-0.504,-0.670,27.7
$TIME,26846.399,510740.000,2399
$IMU,26846.400,-0.183,0.000,-0.183,0.05908,1.00781,0.08496,28.60
$IMU,26846.402,-0.183,0.000,-0.122,0.05859,1.00878,0.08496,28.58
$BARO,26846.403,86874.06,28.56
$IMU,26846.404,-0.244,0.061,-0.122,0.05712,1.00976,0.08447,28.58
$IMU,26846.407,-0.183,0.000,-0.183,0.05761,1.00781,0.08349,28.58
$MAG,26846.409,-0.436,-0.498,-0.672,27.6
$IMU,26846.409,-0.244,0.000,-0.244,0.05615,1.00634,0.08447,28.58
$IMU,26846.411,-0.183,0.000,-0.183,0.05957,1.00830,0.08398,28.58
$IMU,26846.414,-0.244,0.000,-0.183,0.05615,1.00878,0.08398,28.58
$IMU,26846.416,-0.183,-0.061,-0.183,0.05859,1.00537,0.08154,28.58
$IMU,26846.418,-0.244,0.061,-0.122,0.05957,1.00732,0.08300,28.58
$MAG,26846.419,-0.430,-0.510,-0.675,27.6
$IMU,26846.421,-0.244,-0.061,-0.122,0.05908,1.00830,0.08349,28.63
$IMU,26846.423,-0.305,-0.122,-0.183,0.05566,1.00732,0.08398,28.63
$IMU,26846.425,-0.305,-0.122,-0.244,0.05664,1.00830,0.08300,28.63
$IMU,26846.428,-0.366,-0.122,-0.183,0.05664,1.00537,0.08447,28.63
$MAG,26846.429,-0.432,-0.510,-0.670,27.6
$IMU,26846.430,-0.366,-0.122,-0.183,0.05712,1.00634,0.08300,28.63
$IMU,26846.432,-0.366,-0.061,-0.244,0.05664,1.00878,0.08056,28.63
$IMU,26846.435,-0.305,-0.183,-0.122,0.05615,1.00878,0.08447,28.63
$IMU,26846.437,-0.366,-0.122,-0.122,0.05419,1.01171,0.08544,28.63
$MAG,26846.439,-0.426,-0.508,-0.673,27.6
$IMU,26846.440,-0.366,-0.244,-0.244,0.05957,1.01025,0.08349,28.60
$IMU,26846.442,-0.366,-0.122,-0.244,0.06005,1.00976,0.08203,28.60
$IMU,26846.444,-0.427,0.000,-0.244,0.05664,1.00830,0.08447,28.60
$IMU,26846.447,-0.305,-0.122,-0.183,0.05566,1.00683,0.08544,28.60
$MAG,26846.449,-0.427,-0.495,-0.666,27.7
$IMU,26846.449,-0.244,-0.061,-0.183,0.05517,1.00732,0.08593,28.60
$IMU,26846.451,-0.244,0.000,-0.061,0.05712,1.01025,0.08544,28.60
$IMU,26846.454,-0.305,0.000,0.000,0.05761,1.00439,0.08105,28.60
$IMU,26846.456,-0.122,-0.183,-0.061,0.05859,1.00781,0.08544,28.60
$IMU,26846.458,-0.122,-0.244,-0.122,0.05761,1.00830,0.08349,28.64
$MAG,26846.460,-0.439,-0.505,-0.667,27.7
$IMU,26846.461,-0.244,-0.061,-0.244,0.06103,1.00927,0.08447,28.64
$IMU,26846.463,-0.183,0.000,-0.305,0.05810,1.00976,0.08496,28.64
$IMU,26846.465,-0.183,-0.122,-0.183,0.05859,1.00732,0.08447,28.64
$IMU,26846.468,-0.244,-0.061,-0.061,0.05859,1.00830,0.08300,28.64
$MAG,26846.470,-0.426,-0.496,-0.672,27.6
$IMU,26846.470,-0.183,0.000,-0.122,0.05908,1.01025,0.08398,28.64
$IMU,26846.472,-0.122,-0.122,-0.122,0.05761,1.01025,0.08105,28.64
$IMU,26846.475,-0.183,-0.183,-0.183,0.05859,1.01220,0.08154,28.64
$IMU,26846.477,-0.244,0.000,-0.244,0.05615,1.00927,0.08398,28.63
$IMU,26846.479,-0.183,-0.122,-0.244,0.05322,1.00976,0.08251,28.63
$MAG,26846.480,-0.432,-0.495,-0.667,27.6
$IMU,26846.482,-0.183,-0.305,-0.183,0.05615,1.01074,0.08496,28.63
$IMU,26846.484,-0.244,-0.183,-0.122,0.06005,1.00537,0.08203,28.63
$IMU,26846.486,-0.427,0.061,-0.122,0.05712,1.00830,0.08105,28.63
$IMU,26846.489,-0.427,-0.061,-0.122,0.05859,1.01123,0.08349,28.63
$MAG,26846.490,-0.433,-0.498,-0.666,27.6
$IMU,26846.491,-0.305,-0.122,-0.183,0.05908,1.00781,0.08251,28.63
$IMU,26846.493,-0.244,-0.183,-0.244,0.05908,1.00927,0.08496,28.63
$IMU,26846.496,-0.244,-0.122,-0.305,0.05712,1.00781,0.08203,28.60
$IMU,26846.498,-0.183,-0.061,-0.183,0.05517,1.00830,0.08691,28.60
$MAG,26846.500,-0.433,-0.507,-0.670,27.6
$IMU,26846.501,-0.244,0.122,-0.244,0.05517,1.01220,0.08593,28.60
$IMU,26846.503,-0.244,0.000,-0.244,0.05761,1.00976,0.08154,28.60
$BARO,26846.504,86862.16,28.56
$IMU,26846.505,-0.183,-0.122,-0.122,0.05664,1.00830,0.08642,28.60
$IMU,26846.508,-0.122,0.000,-0.061,0.05908,1.00927,0.08349,28.60
$MAG,26846.510,-0.427,-0.495,-0.661,27.6
$IMU,26846.510,-0.122,-0.122,-0.183,0.05859,1.01025,0.08105,28.60
$IMU,26846.512,-0.183,-0.122,-0.183,0.05810,1.00830,0.08251,28.60
$IMU,26846.515,-0.122,0.000,-0.244,0.05615,1.00732,0.08349,28.62
$IMU,26846.517,-0.122,-0.122,-0.244,0.05761,1.00830,0.08203,28.62
$IMU,26846.519,-0.183,-0.061,-0.183,0.05468,1.00732,0.08203,28.62
$MAG,26846.520,-0.436,-0.511,-0.669,27.6
$IMU,26846.522,-0.122,-0.061,-0.122,0.05615,1.01269,0.08398,28.62
$IMU,26846.524,-0.183,-0.122,-0.122,0.05810,1.01074,0.08642,28.62
$IMU,26846.526,-0.244,-0.061,-0.244,0.05761,1.01318,0.08300,28.62
$IMU,26846.529,-0.366,0.000,-0.122,0.05908,1.01025,0.08056,28.62
$MAG,26846.530,-0.433,-0.504,-0.672,27.6
$IMU,26846.531,-0.427,0.000,-0.244,0.05908,1.00781,0.08007,28.62
$IMU,26846.533,-0.427,-0.122,-0.244,0.06103,1.01318,0.08398,28.58
$IMU,26846.536,-0.427,0.000,-0.183,0.05957,1.00830,0.08593,28.58
$IMU,26846.538,-0.427,-0.061,-0.122,0.05859,1.00927,0.08642,28.58
$MAG,26846.540,-0.436,-0.499,-0.666,27.6
$IMU,26846.540,-0.366,-0.244,-0.061,0.06005,1.01318,0.08740,28.58
$IMU,26846.543,-0.366,-0.061,-0.122,0.06201,1.01220,0.08593,28.58
$IMU,26846.545,-0.305,-0.183,-0.183,0.06103,1.01074,0.08251,28.58
$IMU,26846.547,-0.183,-0.244,-0.183,0.06054,1.00781,0.08398,28.58
$MAG,26846.550,-0.430,-0.510,-0.667,27.7
$IMU,26846.550,-0.244,-0.122,-0.244,0.05712,1.00732,0.08593,28.58
$IMU,26846.552,-0.305,0.061,-0.183,0.05615,1.00683,0.08349,28.59
$IMU,26846.554,-0.366,0.000,-0.183,0.05517,1.00732,0.08398,28.59
$IMU,26846.557,-0.244,-0.061,-0.122,0.05615,1.00878,0.08349,28.59
$IMU,26846.559,-0.244,-0.061,-0.061,0.05517,1.00732,0.08496,28.59
$MAG,26846.560,-0.439,-0.498,-0.673,27.7
$IMU,26846.562,-0.183,-0.122,-0.183,0.05712,1.00732,0.08300,28.59
$IMU,26846.564,-0.244,-0.061,-0.183,0.05761,1.00878,0.08203,28.59
$HUM,26846.566,34.1,29.0
$IMU,26846.566,-0.122,-0.061,-0.244,0.05859,1.00927,0.08544,28.59
$IMU,26846.569,-0.244,0.000,-0.305,0.05664,1.01074,0.08593,28.59
$MAG,26846.570,-0.432,-0.505,-0.676,27.6
$IMU,26846.571,-0.183,-0.183,-0.244,0.05517,1.00830,0.08349,28.59
$IMU,26846.573,-0.061,-0.305,-0.061,0.05517,1.00878,0.08496,28.59
$IMU,26846.576,-0.244,0.000,-0.061,0.05859,1.00878,0.08447,28.59
$IMU,26846.578,-0.244,-0.061,-0.122,0.06054,1.00976,0.08300,28.59
$IMU,26846.580,-0.244,0.061,-0.183,0.05908,1.01123,0.08447,28.59
$MAG,26846.581,-0.432,-0.505,-0.669,27.6
$IMU,26846.583,-0.244,-0.122,-0.305,0.05712,1.00927,0.08447,28.59
$IMU,26846.585,-0.244,-0.122,-0.244,0.05957,1.01074,0.08300,28.59
$IMU,26846.587,-0.244,0.000,-0.244,0.05957,1.01025,0.08447,28.59
$IMU,26846.590,-0.244,-0.122,-0.244,0.05517,1.00927,0.08349,28.61
$MAG,26846.591,-0.436,-0.507,-0.673,27.6
$IMU,26846.592,-0.427,0.122,-0.122,0.05664,1.01123,0.08447,28.61
$IMU,26846.594,-0.427,0.061,-0.122,0.05908,1.01025,0.08544,28.61
$IMU,26846.597,-0.305,-0.061,-0.061,0.05859,1.00732,0.08447,28.61
$IMU,26846.599,-0.244,-0.061,-0.122,0.05859,1.01074,0.08593,28.61
$MAG,26846.601,-0.435,-0.507,-0.666,27.6
$IMU,26846.601,-0.305,-0.122,-0.183,0.06054,1.00976,0.08496,28.61
$IMU,26846.604,-0.305,0.000,-0.183,0.05664,1.01074,0.08447,28.61
$BARO,26846.606,86858.14,28.56
$IMU,26846.606,-0.183,0.000,-0.122,0.05664,1.00683,0.08398,28.61
$IMU,26846.608,-0.244,-0.122,-0.122,0.05566,1.00830,0.08398,28.63
$MAG,26846.611,-0.432,-0.499,-0.661,27.6
$IMU,26846.611,-0.183,-0.122,-0.122,0.05664,1.00634,0.08105,28.63
$IMU,26846.613,-0.244,0.061,-0.061,0.05761,1.00878,0.08398,28.63
$IMU,26846.615,-0.244,0.000,-0.061,0.05908,1.00781,0.08447,28.63
$IMU,26846.618,-0.122,-0.183,-0.183,0.06005,1.00927,0.08154,28.63
$IMU,26846.620,-0.122,-0.061,-0.183,0.06005,1.00634,0.08349,28.63
$MAG,26846.621,-0.438,-0.505,-0.672,27.6
$IMU,26846.623,-0.183,-0.183,-0.183,0.05664,1.00585,0.08105,28.63
$IMU,26846.625,-0.183,-0.122,-0.122,0.05468,1.00878,0.08251,28.63
$IMU,26846.627,-0.122,0.061,-0.061,0.05908,1.00781,0.08251,28.62
$IMU,26846.630,-0.122,-0.183,-0.183,0.05810,1.01025,0.08300,28.62
$MAG,26846.631,-0.441,-0.507,-0.667,27.6
$IMU,26846.632,-0.305,-0.061,-0.122,0.05957,1.00537,0.08251,28.62
$IMU,26846.634,-0.305,0.061,-0.183,0.05664,1.00830,0.08251,28.62
$IMU,26846.637,-0.366,-0.183,-0.244,0.05957,1.00732,0.08447,28.62
$IMU,26846.639,-0.366,-0.122,-0.244,0.05712,1.01269,0.08251,28.62
$MAG,26846.641,-0.433,-0.499,-0.670,27.6
$IMU,26846.641,-0.488,0.000,-0.122,0.05664,1.00878,0.08398,28.62
$IMU,26846.644,-0.427,-0.122,-0.183,0.05761,1.00781,0.08398,28.62
$IMU,26846.646,-0.427,-0.244,-0.183,0.05517,1.01025,0.08447,28.63
$IMU,26846.648,-0.366,-0.061,-0.061,0.05664,1.00732,0.08447,28.63
$MAG,26846.651,-0.432,-0.505,-0.672,27.7
$IMU,26846.651,-0.305,-0.122,-0.122,0.05712,1.00830,0.08251,28.63
$IMU,26846.653,-0.305,-0.183,-0.183,0.05712,1.00683,0.08544,28.63
$IMU,26846.655,-0.244,0.061,-0.244,0.05615,1.01269,0.08203,28.63
$IMU,26846.658,-0.244,0.000,-0.244,0.05761,1.00976,0.08447,28.63
$IMU,26846.660,-0.183,-0.122,-0.183,0.05957,1.00781,0.08496,28.63
$MAG,26846.661,-0.438,-0.511,-0.673,27.6
$IMU,26846.662,-0.122,0.000,-0.183,0.05908,1.00878,0.08349,28.63
$IMU,26846.665,-0.061,0.000,-0.244,0.05712,1.00390,0.08349,28.57
$IMU,26846.667,-0.183,-0.122,-0.183,0.05664,1.00781,0.08593,28.57
$IMU,26846.669,-0.061,-0.061,-0.183,0.05810,1.00927,0.08251,28.57
$MAG,26846.671,-0.427,-0.493,-0.660,27.6
$IMU,26846.672,0.000,-0.061,-0.122,0.06054,1.01171,0.08300,28.57
$IMU,26846.674,0.061,-0.305,-0.183,0.05664,1.00732,0.08496,28.57
$IMU,26846.676,-0.061,-0.061,-0.183,0.05859,1.00732,0.08691,28.57
$IMU,26846.679,-0.061,-0.061,-0.183,0.05712,1.00781,0.08447,28.57
$IMU,26846.681,-0.122,-0.061,-0.122,0.05566,1.00927,0.08203,28.57
$MAG,26846.681,-0.435,-0.508,-0.669,27.6
$IMU,26846.684,-0.244,-0.061,-0.122,0.05761,1.00732,0.08203,28.62
$IMU,26846.686,-0.183,-0.183,-0.061,0.05615,1.01318,0.08251,28.62
$IMU,26846.688,-0.244,-0.183,-0.122,0.05761,1.00634,0.08398,28.62
$IMU,26846.691,-0.305,-0.061,-0.122,0.05712,1.00683,0.08447,28.62
$MAG,26846.692,-0.433,-0.507,-0.669,27.7
$IMU,26846.693,-0.427,0.061,-0.122,0.05761,1.00781,0.08544,28.62
$IMU,26846.695,-0.366,-0.061,-0.122,0.05712,1.00830,0.08544,28.62
$IMU,26846.698,-0.305,-0.183,-0.183,0.05761,1.00781,0.08349,28.62
$IMU,26846.700,-0.427,0.000,-0.122,0.05419,1.00732,0.08007,28.62
$MAG,26846.702,-0.435,-0.508,-0.667,27.6
$IMU,26846.702,-0.366,-0.122,-0.122,0.05712,1.00927,0.08105,28.63
$IMU,26846.705,-0.366,-0.244,-0.122,0.05468,1.00830,0.08251,28.63
$BARO,26846.707,86873.79,28.57
$IMU,26846.707,-0.366,-0.061,-0.122,0.05712,1.00976,0.08544,28.63
$IMU,26846.709,-0.305,-0.061,-0.122,0.05761,1.01025,0.08544,28.63
$MAG,26846.712,-0.439,-0.510,-0.675,27.8
$IMU,26846.712,-0.305,-0.061,-0.122,0.06005,1.01318,0.08691,28.63
$IMU,26846.714,-0.244,-0.061,-0.244,0.05566,1.00927,0.08544,28.63
$IMU,26846.716,-0.244,-0.122,-0.244,0.05664,1.00830,0.08642,28.63
$IMU,26846.719,-0.305,0.000,-0.244,0.05615,1.01074,0.08056,28.63
$IMU,26846.721,-0.183,-0.122,-0.061,0.05566,1.00781,0.08496,28.62
$MAG,26846.722,-0.433,-0.504,-0.667,27.6
$IMU,26846.723,-0.183,-0.061,-0.122,0.05615,1.01269,0.08447,28.62
$IMU,26846.726,-0.305,-0.183,-0.122,0.05859,1.00732,0.08203,28.62
$IMU,26846.728,-0.244,-0.061,-0.183,0.05761,1.00830,0.08105,28.62
$IMU,26846.730,-0.183,-0.122,-0.183,0.05615,1.00878,0.08544,28.62
$MAG,26846.732,-0.435,-0.505,-0.666,27.6
$IMU,26846.733,-0.183,-0.061,-0.244,0.05957,1.00781,0.08300,28.62
$IMU,26846.735,-0.183,-0.061,-0.183,0.05468,1.00878,0.08691,28.62
$IMU,26846.737,-0.122,-0.122,-0.122,0.05664,1.00976,0.08544,28.62
$IMU,26846.740,-0.122,-0.244,-0.183,0.05761,1.00732,0.08398,28.55
$MAG,26846.742,-0.435,-0.504,-0.678,27.6
$IMU,26846.742,-0.244,0.000,-0.183,0.06054,1.01171,0.08203,28.55
$IMU,26846.745,-0.122,-0.061,-0.183,0.05908,1.00634,0.08349,28.55
$IMU,26846.747,-0.183,0.000,-0.183,0.06005,1.00830,0.08300,28.55
$IMU,26846.749,-0.183,-0.061,-0.244,0.05810,1.00781,0.08398,28.55
$MAG,26846.752,-0.439,-0.504,-0.676,27.6
$IMU,26846.752,-0.183,0.000,-0.244,0.05664,1.00634,0.08398,28.55
$IMU,26846.754,-0.183,-0.122,-0.244,0.05664,1.01074,0.08544,28.55
$IMU,26846.756,-0.183,-0.183,-0.183,0.05566,1.01025,0.08642,28.55
$IMU,26846.759,-0.366,0.122,-0.122,0.05761,1.00781,0.08300,28.61
$IMU,26846.761,-0.183,-0.061,-0.183,0.05615,1.00878,0.08300,28.61
$MAG,26846.762,-0.429,-0.505,-0.672,27.6
$IMU,26846.763,-0.183,-0.183,-0.122,0.05908,1.00683,0.08154,28.61
$IMU,26846.766,-0.244,0.061,-0.183,0.05908,1.00781,0.08251,28.61
$IMU,26846.768,-0.305,-0.061,-0.244,0.06005,1.00781,0.08203,28.61
$IMU,26846.770,-0.305,0.000,-0.244,0.05957,1.00878,0.08154,28.61
$MAG,26846.772,-0.435,-0.510,-0.678,27.7
$IMU,26846.773,-0.427,0.122,-0.183,0.05566,1.00634,0.08398,28.61
$IMU,26846.775,-0.488,0.061,-0.122,0.05615,1.01025,0.08251,28.61
$IMU,26846.777,-0.366,-0.061,0.000,0.05664,1.00976,0.08203,28.63
$IMU,26846.780,-0.366,-0.061,0.000,0.05761,1.01171,0.08300,28.63
$MAG,26846.782,-0.429,-0.505,-0.667,27.6
$IMU,26846.782,-0.305,-0.061,-0.183,0.06005,1.01464,0.08398,28.63
$IMU,26846.784,-0.305,0.000,-0.183,0.06054,1.01220,0.08300,28.63
$IMU,26846.787,-0.244,-0.122,-0.305,0.05908,1.00927,0.08300,28.63
$IMU,26846.789,-0.183,-0.183,-0.244,0.05615,1.00976,0.08398,28.63
$IMU,26846.791,-0.305,0.000,-0.122,0.05566,1.01269,0.08349,28.63
$MAG,26846.792,-0.430,-0.504,-0.672,27.6
$IMU,26846.794,-0.183,-0.183,-0.122,0.05859,1.00927,0.08349,28.63
$IMU,26846.796,-0.244,-0.183,-0.061,0.05566,1.01220,0.08447,28.61
$IMU,26846.798,-0.183,-0.122,-0.122,0.05957,1.01171,0.08544,28.61
$IMU,26846.801,-0.305,-0.061,-0.183,0.05712,1.01220,0.08496,28.61
$MAG,26846.803,-0.438,-0.499,-0.672,27.6
$IMU,26846.803,-0.305,-0.122,-0.244,0.06250,1.00732,0.08398,28.61
$IMU,26846.805,-0.305,-0.061,-0.244,0.05810,1.00781,0.08349,28.61
$IMU,26846.808,-0.305,0.061,-0.183,0.05859,1.01074,0.08593,28.61
$BARO,26846.809,86869.01,28.56
$IMU,26846.810,-0.366,0.000,-0.061,0.05810,1.00781,0.08593,28.61
$MAG,26846.813,-0.433,-0.505,-0.673,27.6
$IMU,26846.813,-0.305,-0.122,0.000,0.05517,1.00732,0.08300,28.61
$IMU,26846.815,-0.305,0.061,-0.061,0.05908,1.00781,0.08544,28.60
$IMU,26846.817,-0.244,-0.061,-0.183,0.05859,1.00927,0.08496,28.60
$IMU,26846.820,-0.244,-0.061,-0.244,0.05810,1.00878,0.08398,28.60
$IMU,26846.822,-0.305,0.000,-0.305,0.05615,1.00927,0.08447,28.60
$MAG,26846.823,-0.429,-0.508,-0.663,27.6
$IMU,26846.824,-0.183,-0.183,-0.244,0.05664,1.00488,0.08544,28.60
$IMU,26846.827,-0.183,-0.122,-0.183,0.05712,1.00683,0.08349,28.60
$IMU,26846.829,-0.122,-0.061,0.000,0.05615,1.00878,0.08105,28.60
$IMU,26846.831,-0.244,0.061,-0.061,0.05615,1.00878,0.08203,28.60
$MAG,26846.833,-0.433,-0.504,-0.672,27.6
$IMU,26846.834,-0.244,0.061,-0.183,0.05664,1.01416,0.08349,28.57
$IMU,26846.836,-0.183,-0.061,-0.244,0.05468,1.00976,0.08349,28.57
$IMU,26846.838,-0.244,-0.183,-0.244,0.05908,1.00781,0.08300,28.57
$IMU,26846.841,-0.183,-0.183,-0.305,0.05761,1.01025,0.08691,28.57
$MAG,26846.843,-0.426,-0.502,-0.669,27.6
$IMU,26846.843,-0.183,-0.183,-0.244,0.06005,1.00878,0.08496,28.57
$IMU,26846.845,-0.122,-0.183,-0.122,0.06054,1.00781,0.08349,28.57
$IMU,26846.848,-0.183,0.000,-0.061,0.05566,1.01123,0.08447,28.57
$IMU,26846.850,-0.122,-0.183,-0.122,0.05761,1.01171,0.08300,28.57
$IMU,26846.852,0.000,-0.244,-0.183,0.06005,1.01171,0.08251,28.63
$MAG,26846.853,-0.429,-0.511,-0.667,27.6
$IMU,26846.855,-0.061,-0.244,-0.305,0.05859,1.00927,0.08447,28.63
$IMU,26846.857,-0.305,0.061,-0.183,0.05810,1.00976,0.08496,28.63
$IMU,26846.859,-0.244,0.000,-0.244,0.05468,1.00732,0.08203,28.63
$IMU,26846.862,-0.122,-0.061,-0.244,0.05468,1.00488,0.08105,28.63
$MAG,26846.863,-0.429,-0.510,-0.667,27.7
$IMU,26846.864,-0.183,-0.061,-0.061,0.05761,1.00878,0.08203,28.63
$IMU,26846.866,-0.183,-0.122,-0.122,0.05761,1.01367,0.08349,28.63
$IMU,26846.869,-0.183,0.000,-0.122,0.05859,1.00927,0.08496,28.63
$IMU,26846.871,-0.183,-0.061,-0.244,0.05859,1.00976,0.08300,28.62
$MAG,26846.873,-0.438,-0.504,-0.669,27.6
$IMU,26846.874,-0.305,0.000,-0.183,0.05957,1.01123,0.08300,28.62
$IMU,26846.876,-0.366,0.000,-0.183,0.05468,1.00830,0.08447,28.62
$IMU,26846.878,-0.305,-0.244,-0.122,0.05517,1.00878,0.08544,28.62
$IMU,26846.881,-0.244,-0.183,-0.061,0.05810,1.00927,0.08398,28.62
$MAG,26846.883,-0.430,-0.501,-0.660,27.6
$IMU,26846.883,-0.488,-0.061,0.061,0.05371,1.00927,0.08203,28.62
$IMU,26846.885,-0.366,-0.061,0.000,0.05615,1.00976,0.08203,28.62
$IMU,26846.888,-0.366,-0.061,-0.122,0.05664,1.00732,0.08398,28.62
$IMU,26846.890,-0.427,-0.122,-0.183,0.05761,1.01025,0.08593,28.58
$IMU,26846.892,-0.305,-0.183,-0.061,0.05859,1.00585,0.08593,28.58
$MAG,26846.893,-0.435,-0.510,-0.667,27.6
$IMU,26846.895,-0.244,-0.366,-0.122,0.05566,1.00683,0.08789,28.58
$IMU,26846.897,-0.366,-0.061,-0.061,0.06054,1.00634,0.08447,28.58
$IMU,26846.899,-0.366,0.000,-0.061,0.05908,1.00830,0.08544,28.58
$IMU,26846.902,-0.244,-0.122,-0.122,0.06005,1.00830,0.08544,28.58
$MAG,26846.903,-0.429,-0.507,-0.672,27.6
$IMU,26846.904,-0.183,-0.122,-0.061,0.05908,1.00732,0.08789,28.58
$IMU,26846.906,-0.244,-0.122,-0.122,0.06005,1.00781,0.08837,28.58
$IMU,26846.909,-0.305,-0.061,-0.183,0.05957,1.00732,0.08593,28.61
$BARO,26846.910,86875.81,28.57
$IMU,26846.911,-0.183,-0.122,-0.122,0.05712,1.00976,0.08447,28.61
$MAG,26846.913,-0.430,-0.504,-0.664,27.6
$IMU,26846.913,-0.305,0.061,-0.183,0.05566,1.00878,0.08398,28.61
$IMU,26846.916,-0.244,0.000,-0.061,0.05810,1.00976,0.08105,28.61
$IMU,26846.918,-0.122,-0.122,-0.122,0.05908,1.00683,0.08349,28.61
$IMU,26846.920,-0.183,-0.183,-0.122,0.06250,1.01074,0.08496,28.61
$IMU,26846.923,-0.183,-0.061,-0.244,0.06201,1.00830,0.08642,28.61
$MAG,26846.924,-0.427,-0.505,-0.675,27.7
$IMU,26846.925,-0.183,0.000,-0.183,0.05859,1.00781,0.08398,28.61
$IMU,26846.927,-0.122,-0.183,-0.244,0.05517,1.01025,0.08447,28.57
$IMU,26846.930,-0.183,-0.061,-0.244,0.05664,1.00976,0.08349,28.57
$IMU,26846.932,-0.183,-0.122,-0.244,0.05859,1.01123,0.08056,28.57
$MAG,26846.934,-0.438,-0.507,-0.666,27.7
$IMU,26846.935,-0.305,-0.061,-0.183,0.05859,1.01074,0.08154,28.57
$IMU,26846.937,-0.244,-0.061,-0.183,0.05517,1.00488,0.08251,28.57
$IMU,26846.939,-0.244,0.000,-0.122,0.05957,1.00927,0.08447,28.57
$IMU,26846.942,-0.183,-0.183,-0.183,0.05859,1.01367,0.08349,28.57
$MAG,26846.944,-0.433,-0.499,-0.669,27.7
$IMU,26846.944,-0.244,-0.122,-0.183,0.05761,1.01171,0.08447,28.57
$IMU,26846.946,-0.183,0.000,-0.183,0.05761,1.01269,0.08496,28.60
$IMU,26846.949,-0.305,-0.061,-0.122,0.05859,1.00781,0.08447,28.60
$IMU,26846.951,-0.305,0.000,-0.122,0.05664,1.00732,0.08544,28.60
$IMU,26846.953,-0.122,-0.061,-0.183,0.05566,1.00878,0.08251,28.60
$MAG,26846.954,-0.438,-0.505,-0.664,27.6
$IMU,26846.956,-0.122,-0.183,-0.061,0.05517,1.00927,0.08300,28.60
$IMU,26846.958,-0.183,-0.061,-0.122,0.05517,1.00878,0.08593,28.60
$IMU,26846.960,-0.183,-0.061,-0.183,0.05664,1.01123,0.08691,28.60
$IMU,26846.963,-0.244,-0.122,-0.183,0.05712,1.01025,0.08398,28.60
$MAG,26846.964,-0.430,-0.502,-0.666,27.7
$IMU,26846.965,-0.244,-0.122,-0.122,0.05712,1.00927,0.08007,28.57
$IMU,26846.967,-0.244,-0.061,-0.244,0.05615,1.00634,0.08007,28.57
$IMU,26846.970,-0.305,-0.122,-0.183,0.05908,1.00439,0.08300,28.57
$IMU,26846.972,-0.305,-0.061,-0.122,0.05957,1.00585,0.08544,28.57
$MAG,26846.974,-0.433,-0.505,-0.664,27.7
$IMU,26846.974,-0.366,0.061,-0.122,0.05615,1.00537,0.08398,28.57
$IMU,26846.977,-0.366,-0.061,-0.061,0.05712,1.00683,0.08300,28.57
$IMU,26846.979,-0.244,-0.061,-0.122,0.05957,1.00878,0.08544,28.57
$IMU,26846.981,-0.305,-0.122,-0.122,0.05761,1.00830,0.08398,28.57
$MAG,26846.984,-0.429,-0.507,-0.664,27.7
$IMU,26846.984,-0.366,-0.244,-0.183,0.05859,1.00781,0.08154,28.62
$IMU,26846.986,-0.366,0.000,-0.183,0.05615,1.00976,0.08203,28.62
$IMU,26846.988,-0.366,-0.061,-0.122,0.05517,1.00927,0.08251,28.62
$IMU,26846.991,-0.366,-0.122,-0.183,0.05517,1.00976,0.08251,28.62
$IMU,26846.993,-0.244,-0.122,-0.061,0.05859,1.00878,0.08105,28.62
$MAG,26846.994,-0.427,-0.508,-0.673,27.7
$IMU,26846.996,-0.183,-0.122,-0.183,0.05859,1.00976,0.08300,28.62
$IMU,26846.998,-0.366,-0.122,-0.183,0.05908,1.01220,0.08349,28.62
$IMU,26847.000,-0.427,0.061,-0.183,0.05957,1.01171,0.08447,28.62
$IMU,26847.003,-0.305,0.000,-0.122,0.05664,1.00976,0.08300,28.64
$MAG,26847.004,-0.433,-0.505,-0.664,27.7
$IMU,26847.005,-0.305,-0.061,-0.183,0.05810,1.00781,0.08740,28.64
$IMU,26847.007,-0.305,-0.122,-0.244,0.05908,1.00976,0.08642,28.64
$IMU,26847.010,-0.244,0.061,-0.183,0.05859,1.01269,0.08349,28.64
$BARO,26847.012,86862.11,28.57
$IMU,26847.012,-0.183,0.000,-0.122,0.05810,1.00878,0.08203,28.64
$MAG,26847.014,-0.427,-0.501,-0.673,27.7
$IMU,26847.014,-0.244,-0.061,-0.122,0.05322,1.00927,0.08447,28.64
$IMU,26847.017,-0.183,-0.122,-0.122,0.05517,1.01123,0.08544,28.64
$IMU,26847.019,-0.183,-0.122,-0.244,0.06054,1.01074,0.08496,28.64
$IMU,26847.021,-0.061,-0.183,-0.244,0.05957,1.00634,0.08251,28.60
$MAG,26847.024,-0.430,-0.499,-0.660,27.7
$IMU,26847.024,-0.122,-0.061,-0.183,0.05566,1.00439,0.08740,28.60
$IMU,26847.026,-0.061,-0.061,-0.183,0.05273,1.00732,0.08544,28.60
$IMU,26847.028,-0.122,-0.122,-0.122,0.05664,1.00683,0.08251,28.60
$IMU,26847.031,-0.122,-0.122,-0.061,0.06005,1.00927,0.08300,28.60
$IMU,26847.033,-0.122,-0.183,-0.183,0.05517,1.01416,0.08496,28.60
$MAG,26847.035,-0.430,-0.510,-0.675,27.6
$IMU,26847.035,-0.122,-0.305,-0.122,0.06103,1.01123,0.08398,28.60
$IMU,26847.038,-0.183,-0.122,-0.183,0.05908,1.00732,0.08447,28.60
$IMU,26847.040,-0.305,0.000,-0.244,0.05664,1.01123,0.08007,28.61
$IMU,26847.042,-0.305,-0.183,-0.122,0.05712,1.00830,0.08496,28.61
$MAG,26847.045,-0.436,-0.508,-0.670,27.6
$IMU,26847.045,-0.305,0.000,-0.122,0.05810,1.00732,0.08105,28.61
$IMU,26847.047,-0.305,-0.122,-0.122,0.05615,1.01074,0.08398,28.61
$IMU,26847.049,-0.366,-0.061,0.000,0.05664,1.00781,0.08251,28.61
$IMU,26847.052,-0.366,0.000,-0.122,0.05908,1.01025,0.08105,28.61
$IMU,26847.054,-0.488,0.061,-0.183,0.05908,1.00732,0.08203,28.61
$MAG,26847.055,-0.438,-0.504,-0.675,27.6
$IMU,26847.057,-0.366,0.000,-0.244,0.05468,1.00976,0.08691,28.61
$IMU,26847.059,-0.305,-0.183,-0.183,0.05810,1.00585,0.08496,28.61
$IMU,26847.061,-0.244,-0.244,-0.183,0.05664,1.00976,0.08300,28.61
$IMU,26847.064,-0.366,-0.122,-0.183,0.05859,1.00976,0.08398,28.61
$MAG,26847.065,-0.435,-0.495,-0.663,27.7
$IMU,26847.066,-0.366,-0.061,-0.061,0.05712,1.00683,0.08447,28.61
$IMU,26847.068,-0.244,-0.183,-0.061,0.05712,1.00781,0.08300,28.61
$IMU,26847.071,-0.305,-0.122,-0.183,0.05712,1.00927,0.08447,28.61
$IMU,26847.073,-0.244,-0.183,-0.244,0.05810,1.01123,0.08203,28.61
$MAG,26847.075,-0.433,-0.504,-0.673,27.5
$IMU,26847.075,-0.366,-0.183,-0.244,0.05761,1.01318,0.08203,28.61
$IMU,26847.078,-0.305,-0.122,-0.244,0.05761,1.01025,0.08447,28.64
$IMU,26847.080,-0.305,0.061,-0.244,0.05615,1.00878,0.08544,28.64
$IMU,26847.082,-0.244,-0.122,-0.183,0.05615,1.00830,0.08203,28.64
$MAG,26847.085,-0.433,-0.502,-0.670,27.6
$IMU,26847.085,-0.183,0.000,-0.061,0.05761,1.00830,0.08105,28.64
$IMU,26847.087,-0.122,0.061,-0.122,0.05712,1.01123,0.08203,28.64
$IMU,26847.089,-0.122,-0.061,-0.183,0.06005,1.01171,0.08447,28.64
$IMU,26847.092,-0.061,-0.122,-0.244,0.05664,1.01123,0.08105,28.64
$IMU,26847.094,-0.183,0.000,-0.305,0.05566,1.00927,0.08544,28.64
$MAG,26847.095,-0.435,-0.508,-0.673,27.6
$IMU,26847.096,-0.183,-0.122,-0.183,0.05517,1.00830,0.08251,28.58
$IMU,26847.099,0.000,-0.244,-0.122,0.05615,1.01123,0.08203,28.58
$IMU,26847.101,-0.061,-0.122,-0.061,0.05712,1.01367,0.08300,28.58
$IMU,26847.103,-0.183,0.000,-0.061,0.05712,1.00878,0.08349,28.58
$MAG,26847.105,-0.436,-0.508,-0.670,27.5
$IMU,26847.106,-0.183,-0.061,-0.122,0.05957,1.00878,0.08496,28.58
$IMU,26847.108,-0.244,0.000,-0.244,0.05908,1.00976,0.08154,28.58
$IMU,26847.110,-0.244,0.000,-0.244,0.05566,1.00976,0.08349,28.58
$BARO,26847.113,86869.16,28.57
$IMU,26847.113,-0.305,-0.061,-0.183,0.05566,1.00878,0.08349,28.58
$MAG,26847.115,-0.438,-0.505,-0.670,27.6
$IMU,26847.115,-0.244,-0.244,-0.183,0.05322,1.00634,0.08300,28.63
$IMU,26847.118,-0.305,0.000,-0.061,0.05810,1.01025,0.08056,28.63
$IMU,26847.120,-0.244,-0.061,-0.061,0.05908,1.00976,0.08203,28.63
$IMU,26847.122,-0.305,-0.122,-0.061,0.06054,1.00634,0.08154,28.63
$MAG,26847.125,-0.432,-0.504,-0.666,27.6
$IMU,26847.125,-0.244,-0.244,-0.183,0.05810,1.00878,0.08203,28.63
$IMU,26847.127,-0.305,-0.183,-0.244,0.05810,1.00927,0.08398,28.63
$IMU,26847.129,-0.244,-0.061,-0.244,0.05810,1.00976,0.08203,28.63
$IMU,26847.132,-0.305,-0.183,-0.183,0.05810,1.00732,0.08300,28.63
$IMU,26847.134,-0.366,0.000,-0.061,0.05810,1.00878,0.08300,28.62
$MAG,26847.135,-0.438,-0.514,-0.676,27.7
$IMU,26847.136,-0.305,0.061,-0.061,0.05517,1.01367,0.08105,28.62
$IMU,26847.139,-0.305,-0.061,-0.122,0.05712,1.01123,0.08447,28.62
$IMU,26847.141,-0.305,0.000,-0.183,0.05566,1.01074,0.08300,28.62
$IMU,26847.143,-0.305,-0.122,-0.305,0.06201,1.00732,0.08251,28.62
$MAG,26847.145,-0.438,-0.511,-0.667,27.6
$IMU,26847.146,-0.305,-0.183,-0.244,0.06054,1.00732,0.08447,28.62
$IMU,26847.148,-0.305,-0.061,-0.244,0.05517,1.00878,0.08447,28.62
$IMU,26847.150,-0.305,-0.061,-0.183,0.05664,1.01025,0.08398,28.62
$IMU,26847.153,-0.366,-0.061,-0.183,0.05712,1.00830,0.08496,28.60
$IMU,26847.155,-0.244,-0.061,-0.061,0.05908,1.01367,0.08398,28.60
$MAG,26847.156,-0.433,-0.513,-0.667,27.7
$IMU,26847.157,-0.244,0.000,-0.122,0.06005,1.01074,0.08349,28.60
$IMU,26847.160,-0.305,0.000,-0.183,0.06103,1.01171,0.08593,28.60
$IMU,26847.162,-0.244,-0.061,-0.244,0.05859,1.01074,0.08349,28.60
$IMU,26847.164,-0.183,-0.183,-0.183,0.05615,1.01074,0.08154,28.60
$VBAT,26847.165,4.129
$MAG,26847.166,-0.438,-0.507,-0.664,27.6
$IMU,26847.167,-0.244,0.000,-0.183,0.05664,1.00878,0.08447,28.60
$IMU,26847.169,-0.244,0.000,-0.183,0.05566,1.00927,0.08398,28.60
$IMU,26847.171,-0.305,-0.061,-0.183,0.05908,1.01220,0.08447,28.65
$IMU,26847.174,-0.122,-0.244,-0.244,0.05712,1.00781,0.08642,28.65
$MAG,26847.176,-0.427,-0.501,-0.670,27.6
$IMU,26847.176,-0.122,-0.061,-0.244,0.05908,1.00634,0.08642,28.65
$IMU,26847.179,-0.244,0.061,-0.183,0.05859,1.00683,0.08300,28.65
$IMU,26847.181,-0.244,-0.122,-0.244,0.05615,1.00976,0.08447,28.65
$IMU,26847.183,-0.244,-0.122,-0.305,0.05810,1.00781,0.08300,28.65
$MAG,26847.186,-0.432,-0.505,-0.673,27.6
$IMU,26847.186,-0.183,-0.122,-0.244,0.05566,1.00634,0.08203,28.65
$IMU,26847.188,-0.122,-0.122,-0.183,0.05615,1.00927,0.08300,28.65
$IMU,26847.190,-0.244,0.061,-0.183,0.05712,1.00585,0.08300,28.62
$IMU,26847.193,-0.244,0.000,-0.183,0.05957,1.01171,0.08203,28.62
$IMU,26847.195,-0.244,-0.061,-0.183,0.05810,1.01367,0.08447,28.62
$MAG,26847.196,-0.427,-0.507,-0.670,27.7
$IMU,26847.197,-0.183,-0.183,-0.244,0.05761,1.00878,0.08593,28.62
$IMU,26847.200,-0.244,-0.244,-0.183,0.05761,1.00927,0.08496,28.62
$IMU,26847.202,-0.244,-0.183,-0.183,0.05810,1.00878,0.08447,28.62
$IMU,26847.204,-0.244,-0.122,-0.183,0.05761,1.01025,0.08447,28.62
$MAG,26847.206,-0.432,-0.510,-0.675,27.7
$IMU,26847.207,-0.305,0.000,-0.122,0.05810,1.00976,0.08398,28.62
$IMU,26847.209,-0.305,-0.183,-0.061,0.05859,1.00781,0.08349,28.58
$IMU,26847.211,-0.244,-0.122,-0.122,0.05859,1.00927,0.08398,28.58
$BARO,26847.214,86861.70,28.57
$IMU,26847.214,-0.305,-0.061,-0.244,0.05957,1.01171,0.08056,28.58
$MAG,26847.216,-0.424,-0.495,-0.670,27.6
$IMU,26847.216,-0.427,0.000,-0.244,0.05859,1.01025,0.08349,28.58
$IMU,26847.218,-0.366,-0.061,-0.183,0.06152,1.00830,0.08105,28.58
$IMU,26847.221,-0.366,0.061,-0.183,0.05566,1.00878,0.08349,28.58
$IMU,26847.223,-0.305,-0.122,-0.061,0.05859,1.00878,0.08691,28.58
$IMU,26847.225,-0.244,-0.122,-0.061,0.05761,1.00683,0.08593,28.58
$MAG,26847.226,-0.441,-0.504,-0.669,27.6
$IMU,26847.228,-0.305,0.000,-0.122,0.05908,1.01074,0.08398,28.64
$IMU,26847.230,-0.305,0.000,-0.183,0.06103,1.01074,0.08398,28.64
$IMU,26847.232,-0.305,-0.061,-0.122,0.05957,1.01123,0.08447,28.64
$IMU,26847.235,-0.183,0.000,-0.183,0.05712,1.00585,0.08642,28.64
$MAG,26847.236,-0.432,-0.505,-0.673,27.7
$IMU,26847.237,-0.244,0.000,-0.183,0.05566,1.00732,0.08447,28.64
$IMU,26847.239,-0.244,0.000,-0.122,0.05908,1.01025,0.08154,28.64
$IMU,26847.242,-0.183,-0.122,-0.122,0.05322,1.00927,0.08398,28.64
$IMU,26847.244,-0.183,0.000,-0.183,0.05908,1.01025,0.08154,28.64
$MAG,26847.246,-0.423,-0.502,-0.664,27.5
$IMU,26847.247,-0.244,-0.122,-0.122,0.05957,1.00976,0.08154,28.62
$IMU,26847.249,-0.183,-0.183,-0.122,0.05664,1.00830,0.08349,28.62
$IMU,26847.251,-0.061,-0.183,-0.183,0.05566,1.00976,0.08398,28.62
$IMU,26847.254,-0.244,0.000,-0.183,0.05566,1.00976,0.08349,28.62
$MAG,26847.256,-0.426,-0.504,-0.669,27.6
$IMU,26847.256,-0.244,0.061,-0.183,0.05810,1.00830,0.08398,28.62
$IMU,26847.258,-0.244,0.000,-0.183,0.05664,1.00830,0.08447,28.62
$IMU,26847.261,-0.244,0.122,-0.183,0.05517,1.00781,0.08447,28.62
$IMU,26847.263,-0.305,0.000,-0.122,0.05615,1.00537,0.08398,28.62
$IMU,26847.265,-0.244,-0.122,-0.122,0.05712,1.00781,0.08349,28.64
$MAG,26847.267,-0.433,-0.508,-0.669,27.6
$IMU,26847.268,-0.305,0.061,-0.183,0.05810,1.00878,0.08300,28.64
$IMU,26847.270,-0.305,-0.061,-0.122,0.05859,1.01123,0.08447,28.64
$IMU,26847.272,-0.244,-0.122,-0.183,0.05761,1.01074,0.08007,28.64
$IMU,26847.275,-0.244,-0.183,-0.183,0.05664,1.00732,0.08300,28.64
$MAG,26847.277,-0.432,-0.502,-0.670,27.6
$IMU,26847.277,-0.366,0.000,-0.183,0.05664,1.00634,0.08349,28.64
$IMU,26847.279,-0.427,0.000,-0.244,0.05615,1.01025,0.08203,28.64
$IMU,26847.282,-0.305,0.000,-0.183,0.05468,1.01074,0.08251,28.64
$IMU,26847.284,-0.366,0.061,-0.122,0.05908,1.01171,0.08447,28.63
$IMU,26847.286,-0.305,-0.122,-0.122,0.05712,1.00683,0.08398,28.63
$MAG,26847.287,-0.429,-0.504,-0.664,27.6
$IMU,26847.289,-0.244,-0.122,-0.122,0.05810,1.00976,0.08593,28.63
$IMU,26847.291,-0.244,-0.122,-0.244,0.05615,1.01220,0.08349,28.63
$IMU,26847.293,-0.305,-0.061,-0.244,0.05615,1.00878,0.08300,28.63
$IMU,26847.296,-0.305,0.000,-0.183,0.05468,1.00634,0.08398,28.63
$MAG,26847.297,-0.432,-0.507,-0.664,27.6
$IMU,26847.298,-0.183,-0.122,-0.061,0.05957,1.00878,0.08203,28.63
$IMU,26847.300,-0.183,-0.122,0.000,0.05712,1.01074,0.08496,28.63
$IMU,26847.303,-0.244,-0.183,-0.061,0.05908,1.01025,0.07910,28.64
$IMU,26847.305,-0.244,-0.061,-0.183,0.05566,1.01074,0.08203,28.64
$MAG,26847.307,-0.429,-0.501,-0.669,27.6
$IMU,26847.308,-0.305,0.000,-0.305,0.05712,1.01123,0.08251,28.64
$IMU,26847.310,-0.244,-0.061,-0.305,0.05908,1.00927,0.08349,28.64
$IMU,26847.312,-0.244,-0.122,-0.183,0.05566,1.00927,0.08203,28.64
$IMU,26847.315,-0.244,-0.183,-0.183,0.05664,1.00732,0.08154,28.64
$BARO,26847.316,86862.72,28.57
$MAG,26847.317,-0.436,-0.505,-0.670,27.6
$IMU,26847.317,-0.244,-0.122,-0.122,0.05712,1.01269,0.08398,28.64
$IMU,26847.319,-0.244,0.000,-0.122,0.05859,1.01171,0.08154,28.64
$IMU,26847.322,-0.305,0.000,-0.122,0.05566,1.00781,0.08398,28.64
$IMU,26847.324,-0.244,-0.061,-0.183,0.05859,1.00878,0.08593,28.64
$IMU,26847.326,-0.244,-0.183,-0.244,0.05810,1.00976,0.08203,28.64
$MAG,26847.327,-0.435,-0.510,-0.672,27.6
$IMU,26847.329,-0.244,-0.183,-0.305,0.05615,1.00781,0.08398,28.64
$IMU,26847.331,-0.183,-0.183,-0.305,0.05810,1.01074,0.08593,28.64
$IMU,26847.333,-0.305,0.061,-0.183,0.05908,1.00683,0.08447,28.64
$IMU,26847.336,-0.244,0.000,-0.061,0.05517,1.00878,0.08642,28.64
$MAG,26847.337,-0.438,-0.498,-0.667,27.6
$IMU,26847.338,-0.244,-0.183,-0.122,0.05761,1.01269,0.08300,28.64
$IMU,26847.340,-0.183,-0.183,-0.183,0.05615,1.01025,0.08593,28.62
$IMU,26847.343,-0.305,-0.122,-0.244,0.05761,1.00878,0.08398,28.62
$IMU,26847.345,-0.305,-0.061,-0.244,0.05664,1.01074,0.08447,28.62
$MAG,26847.347,-0.429,-0.507,-0.673,27.6
$IMU,26847.347,-0.366,0.000,-0.244,0.05810,1.01074,0.08203,28.62
$IMU,26847.350,-0.244,-0.122,-0.183,0.05859,1.01025,0.08203,28.62
$IMU,26847.352,-0.244,-0.183,-0.061,0.05957,1.00927,0.08203,28.62
$IMU,26847.354,-0.183,-0.122,-0.061,0.06250,1.01269,0.08300,28.62
$MAG,26847.357,-0.438,-0.511,-0.673,27.6
$IMU,26847.357,-0.244,-0.061,-0.183,0.05810,1.00927,0.08300,28.62
$IMU,26847.359,-0.244,0.061,-0.183,0.05712,1.01269,0.08105,28.66
$IMU,26847.361,-0.244,-0.061,-0.244,0.05615,1.00878,0.08593,28.66
$IMU,26847.364,-0.183,-0.061,-0.244,0.05761,1.00732,0.08300,28.66
$IMU,26847.366,-0.183,-0.122,-0.183,0.05273,1.00927,0.08593,28.66
$MAG,26847.367,-0.433,-0.504,-0.675,27.6
$IMU,26847.369,-0.183,-0.122,-0.122,0.05859,1.00781,0.08349,28.66
$IMU,26847.371,-0.183,-0.122,-0.183,0.05908,1.00781,0.08300,28.66
$IMU,26847.373,-0.183,-0.061,0.000,0.05908,1.01123,0.08398,28.66
$IMU,26847.376,-0.122,-0.183,-0.183,0.05908,1.01074,0.08251,28.66
$IMU,26847.378,-0.183,-0.122,-0.244,0.05810,1.01025,0.08300,28.59
$MAG,26847.378,-0.438,-0.505,-0.679,27.6
$IMU,26847.380,-0.244,-0.183,-0.244,0.05517,1.00781,0.08300,28.59
$IMU,26847.383,-0.244,-0.122,-0.183,0.05566,1.00976,0.08251,28.59
$IMU,26847.385,-0.305,0.000,-0.183,0.05419,1.00781,0.08349,28.59
$IMU,26847.387,-0.305,-0.122,-0.061,0.05859,1.01123,0.08593,28.59
$MAG,26847.388,-0.432,-0.505,-0.669,27.6
$IMU,26847.390,-0.366,-0.122,-0.061,0.05957,1.00878,0.08349,28.59
$IMU,26847.392,-0.366,-0.061,-0.122,0.06054,1.00976,0.08251,28.59
$IMU,26847.394,-0.366,-0.122,-0.183,0.05908,1.00830,0.08300,28.59
$IMU,26847.397,-0.305,-0.183,-0.183,0.05615,1.01025,0.08398,28.64
$MAG,26847.398,-0.432,-0.499,-0.669,27.6
$TIME,26847.399,510741.000,2399
$IMU,26847.399,-0.244,-0.122,-0.183,0.05761,1.00683,0.08349,28.64
$IMU,26847.401,-0.183,-0.183,-0.122,0.05517,1.00830,0.08544,28.64
$IMU,26847.404,-0.183,-0.183,-0.061,0.05908,1.00781,0.08007,28.64
$IMU,26847.406,-0.305,-0.122,-0.061,0.05615,1.00683,0.08496,28.64
$MAG,26847.408,-0.429,-0.511,-0.669,27.6
$IMU,26847.408,-0.244,-0.122,-0.061,0.05615,1.00781,0.08349,28.64
$IMU,26847.411,-0.244,0.061,-0.183,0.05957,1.00976,0.08691,28.64
$IMU,26847.413,-0.183,-0.244,-0.305,0.05712,1.00732,0.08691,28.64
$IMU,26847.415,-0.244,-0.061,-0.244,0.05566,1.00732,0.08154,28.63
$BARO,26847.417,86872.52,28.57
$MAG,26847.418,-0.433,-0.513,-0.675,27.6
$IMU,26847.418,-0.244,-0.061,-0.183,0.05517,1.00927,0.08544,28.63
$IMU,26847.420,-0.183,-0.244,-0.122,0.05517,1.00732,0.08300,28.63
$IMU,26847.422,-0.244,-0.122,-0.122,0.05517,1.01025,0.08496,28.63
$IMU,26847.425,-0.244,0.122,0.000,0.05908,1.01269,0.08447,28.63
$IMU,26847.427,-0.305,-0.061,-0.122,0.06298,1.01171,0.08447,28.63
$MAG,26847.428,-0.433,-0.511,-0.667,27.6
$IMU,26847.430,-0.183,-0.061,-0.183,0.05761,1.01025,0.08398,28.63
$IMU,26847.432,-0.122,-0.122,-0.183,0.05712,1.01171,0.08544,28.63
$IMU,26847.434,-0.305,0.000,-0.244,0.05468,1.00830,0.08203,28.60
$IMU,26847.437,-0.305,-0.122,-0.183,0.05615,1.00634,0.08203,28.60
$MAG,26847.438,-0.436,-0.504,-0.667,27.6
$IMU,26847.439,-0.183,-0.122,-0.122,0.05615,1.00585,0.08447,28.60
$IMU,26847.441,-0.244,-0.122,-0.122,0.05859,1.00976,0.08447,28.60
$IMU,26847.444,-0.183,0.000,-0.061,0.05712,1.01074,0.08154,28.60
$IMU,26847.446,-0.244,0.000,-0.122,0.05761,1.00976,0.08105,28.60
$MAG,26847.448,-0.427,-0.502,-0.673,27.6
$IMU,26847.448,-0.244,0.000,-0.183,0.05566,1.01171,0.08300,28.60
$IMU,26847.451,-0.183,-0.061,-0.305,0.05664,1.00976,0.08496,28.60
$IMU,26847.453,-0.183,-0.122,-0.183,0.05468,1.00585,0.08398,28.66
$IMU,26847.455,-0.244,-0.061,-0.183,0.05712,1.00439,0.08105,28.66
$MAG,26847.458,-0.435,-0.502,-0.673,27.6
$IMU,26847.458,-0.244,-0.061,-0.122,0.05810,1.00439,0.08496,28.66
$IMU,26847.460,-0.244,0.061,-0.061,0.05957,1.00732,0.08349,28.66
$IMU,26847.462,-0.244,-0.061,-0.122,0.05517,1.00732,0.08447,28.66
$IMU,26847.465,-0.183,-0.061,-0.122,0.05664,1.01074,0.08447,28.66
$IMU,26847.467,-0.183,-0.122,-0.244,0.05712,1.00927,0.08398,28.66
$MAG,26847.468,-0.435,-0.504,-0.670,27.6
$IMU,26847.469,-0.183,-0.122,-0.244,0.05859,1.00537,0.08544,28.66
$IMU,26847.472,-0.244,0.000,-0.122,0.05712,1.00878,0.08447,28.62
$IMU,26847.474,-0.244,0.000,-0.122,0.05761,1.00927,0.08349,28.62
$IMU,26847.476,-0.305,-0.061,-0.122,0.05664,1.01074,0.08007,28.62
$MAG,26847.478,-0.442,-0.507,-0.669,27.6
$IMU,26847.479,-0.305,-0.061,-0.061,0.06054,1.00878,0.07958,28.62
$IMU,26847.481,-0.244,-0.244,-0.183,0.06103,1.01025,0.08300,28.62
$IMU,26847.483,-0.305,0.061,-0.244,0.05859,1.01269,0.08398,28.62
$IMU,26847.486,-0.305,-0.061,-0.244,0.05810,1.00781,0.08349,28.62
$IMU,26847.488,-0.244,-0.061,-0.244,0.05859,1.00634,0.08251,28.62
$MAG,26847.489,-0.424,-0.510,-0.667,27.6
$IMU,26847.491,-0.366,-0.061,-0.244,0.05712,1.00781,0.08300,28.58
$IMU,26847.493,-0.366,0.000,-0.183,0.05761,1.01123,0.08496,28.58
$IMU,26847.495,-0.244,-0.061,-0.061,0.06103,1.01123,0.08300,28.58
$IMU,26847.498,-0.366,0.000,-0.122,0.06054,1.01123,0.08203,28.58
$MAG,26847.499,-0.432,-0.504,-0.660,27.6
$IMU,26847.500,-0.427,0.061,-0.122,0.06005,1.00732,0.08300,28.58
$IMU,26847.502,-0.427,-0.122,-0.183,0.05761,1.00976,0.08593,28.58
$IMU,26847.505,-0.244,-0.183,-0.244,0.05712,1.00878,0.08593,28.58
$IMU,26847.507,-0.244,-0.183,-0.183,0.05664,1.00732,0.08496,28.58
$MAG,26847.509,-0.438,-0.513,-0.669,27.6
$IMU,26847.509,-0.244,-0.061,-0.183,0.05517,1.00976,0.08593,28.65
$IMU,26847.512,-0.244,0.000,-0.183,0.05761,1.00634,0.08642,28.65
$IMU,26847.514,-0.122,-0.061,-0.183,0.05859,1.01025,0.08398,28.65
$IMU,26847.516,-0.061,-0.122,-0.183,0.05810,1.00732,0.08203,28.65
$BARO,26847.519,86858.82,28.57
$MAG,26847.519,-0.429,-0.505,-0.675,27.6
$IMU,26847.519,-0.122,-0.061,-0.244,0.06054,1.00878,0.08251,28.65
$IMU,26847.521,-0.061,-0.183,-0.244,0.05859,1.00830,0.08349,28.65
$IMU,26847.523,-0.183,0.000,-0.122,0.05468,1.00683,0.08154,28.65
$IMU,26847.526,-0.183,-0.122,-0.183,0.05664,1.00732,0.08007,28.65
$IMU,26847.528,-0.061,-0.244,-0.244,0.05664,1.00585,0.08300,28.64
$MAG,26847.529,-0.439,-0.501,-0.655,27.6
$IMU,26847.530,-0.061,-0.122,-0.183,0.05810,1.00927,0.08398,28.64
$IMU,26847.533,-0.183,0.061,-0.122,0.05908,1.00732,0.08154,28.64
$IMU,26847.535,-0.122,0.000,-0.183,0.05761,1.00781,0.08105,28.64
$IMU,26847.537,-0.183,-0.122,-0.122,0.05664,1.01123,0.08251,28.64
$MAG,26847.539,-0.432,-0.498,-0.669,27.6
$IMU,26847.540,-0.244,-0.183,-0.183,0.05371,1.01025,0.08300,28.64
$IMU,26847.542,-0.305,-0.183,-0.244,0.05712,1.00878,0.08349,28.64
$IMU,26847.544,-0.427,-0.061,-0.183,0.05468,1.00878,0.08203,28.64
$IMU,26847.547,-0.366,-0.061,-0.183,0.05664,1.00830,0.08251,28.63
$MAG,26847.549,-0.436,-0.502,-0.678,27.7
$IMU,26847.549,-0.427,-0.122,-0.183,0.05712,1.00927,0.08349,28.63
$IMU,26847.552,-0.366,-0.183,-0.122,0.05908,1.00976,0.08251,28.63
$IMU,26847.554,-0.366,-0.122,-0.122,0.05712,1.01025,0.08496,28.63
$IMU,26847.556,-0.244,-0.183,-0.122,0.05712,1.01074,0.08447,28.63
$MAG,26847.559,-0.432,-0.499,-0.679,27.7
$IMU,26847.559,-0.366,-0.061,-0.183,0.05664,1.01464,0.08544,28.63
$IMU,26847.561,-0.305,-0.183,-0.183,0.05517,1.00732,0.08251,28.63
$IMU,26847.563,-0.305,-0.061,-0.122,0.05517,1.00781,0.08447,28.63
$IMU,26847.566,-0.305,-0.061,-0.183,0.05761,1.00634,0.08300,28.64
$IMU,26847.568,-0.244,-0.183,-0.061,0.05566,1.00878,0.08544,28.64
$MAG,26847.569,-0.441,-0.496,-0.669,27.6
$IMU,26847.570,-0.183,-0.122,-0.061,0.05761,1.00830,0.08251,28.64
$IMU,26847.573,-0.183,0.000,-0.061,0.05859,1.00683,0.08105,28.64
$IMU,26847.575,-0.122,-0.061,-0.061,0.05664,1.00585,0.08398,28.64
$IMU,26847.577,-0.122,-0.061,-0.183,0.05664,1.00781,0.08593,28.64
$MAG,26847.579,-0.432,-0.507,-0.670,27.6
$IMU,26847.580,-0.122,-0.183,-0.183,0.05517,1.01074,0.08056,28.64
$HUM,26847.582,33.9,29.0
$IMU,26847.582,-0.183,-0.061,-0.183,0.05517,1.00634,0.08691,28.64
$IMU,26847.584,-0.244,0.000,-0.183,0.05957,1.00927,0.08740,28.62
$IMU,26847.587,-0.244,-0.061,-0.122,0.06005,1.00585,0.08496,28.62
$MAG,26847.589,-0.423,-0.510,-0.670,27.7
$IMU,26847.589,-0.183,-0.122,-0.122,0.05810,1.00537,0.08300,28.62
$IMU,26847.591,-0.244,-0.183,-0.122,0.05908,1.01318,0.08349,28.62
$IMU,26847.594,-0.305,-0.061,-0.244,0.05761,1.00976,0.08251,28.62
$IMU,26847.596,-0.305,-0.061,-0.122,0.05810,1.00976,0.08300,28.62
$IMU,26847.598,-0.305,-0.061,-0.183,0.05957,1.01025,0.08105,28.62
$MAG,26847.600,-0.421,-0.505,-0.672,27.6
$IMU,26847.601,-0.366,0.183,-0.183,0.05566,1.00732,0.08398,28.62
$IMU,26847.603,-0.366,0.000,-0.122,0.05810,1.00732,0.08349,28.63
$IMU,26847.605,-0.244,-0.122,-0.122,0.05712,1.00585,0.08300,28.63
$IMU,26847.608,-0.244,-0.061,-0.061,0.05859,1.00878,0.08544,28.63
$MAG,26847.610,-0.429,-0.507,-0.664,27.6
$IMU,26847.610,-0.305,-0.061,-0.122,0.05615,1.01171,0.08496,28.63
$IMU,26847.612,-0.305,-0.061,-0.305,0.05859,1.00976,0.08349,28.63
$IMU,26847.615,-0.366,0.000,-0.244,0.05761,1.00830,0.08300,28.63
$IMU,26847.617,-0.244,-0.061,-0.244,0.05712,1.00830,0.08251,28.63
$BARO,26847.620,86860.04,28.57
$MAG,26847.620,-0.429,-0.501,-0.669,27.7
$IMU,26847.620,-0.183,-0.122,-0.183,0.05468,1.00927,0.08398,28.63
$IMU,26847.622,-0.061,-0.305,-0.183,0.05761,1.00732,0.08496,28.66
$IMU,26847.624,-0.122,-0.061,-0.122,0.05908,1.01171,0.08447,28.66
$IMU,26847.627,0.000,-0.061,-0.061,0.06103,1.01416,0.08398,28.66
$IMU,26847.629,0.000,-0.183,-0.061,0.06201,1.01123,0.08398,28.66
$MAG,26847.630,-0.436,-0.501,-0.676,27.6
$IMU,26847.631,0.000,-0.244,-0.122,0.05859,1.01220,0.08496,28.66
$IMU,26847.634,-0.122,-0.183,-0.183,0.05468,1.00878,0.08251,28.66
$IMU,26847.636,-0.244,-0.061,-0.244,0.05761,1.00830,0.08154,28.66
$IMU,26847.638,-0.244,-0.061,-0.122,0.05615,1.00878,0.08300,28.66
$MAG,26847.640,-0.430,-0.510,-0.676,27.6
$IMU,26847.641,-0.244,-0.122,-0.183,0.05566,1.00878,0.08349,28.62
$IMU,26847.643,-0.305,-0.061,-0.061,0.05615,1.00830,0.08251,28.62
$IMU,26847.645,-0.244,-0.061,-0.122,0.05859,1.00976,0.08251,28.62
$IMU,26847.648,-0.366,0.000,-0.183,0.06152,1.00927,0.08300,28.62
$MAG,26847.650,-0.430,-0.507,-0.664,27.6
$IMU,26847.650,-0.427,0.000,-0.183,0.06103,1.00732,0.08349,28.62
$IMU,26847.652,-0.427,-0.061,-0.244,0.05566,1.00927,0.08593,28.62
$IMU,26847.655,-0.366,-0.122,-0.183,0.05810,1.00878,0.08300,28.62
$IMU,26847.657,-0.366,-0.183,-0.183,0.05664,1.00732,0.08251,28.62
$IMU,26847.659,-0.305,-0.244,-0.061,0.05664,1.00830,0.08300,28.61
$MAG,26847.660,-0.433,-0.505,-0.667,27.7
$IMU,26847.662,-0.305,-0.061,-0.061,0.05957,1.01171,0.08544,28.61
$IMU,26847.664,-0.305,0.000,-0.061,0.05761,1.00830,0.08496,28.61
$IMU,26847.666,-0.305,-0.061,-0.183,0.05810,1.01220,0.08398,28.61
$IMU,26847.669,-0.183,-0.183,-0.244,0.05615,1.01074,0.08251,28.61
$MAG,26847.670,-0.429,-0.493,-0.673,27.6
$IMU,26847.671,-0.244,-0.061,-0.244,0.05615,1.00878,0.08398,28.61
$IMU,26847.673,-0.183,-0.122,-0.122,0.05517,1.00585,0.08349,28.61
$IMU,26847.676,-0.183,0.061,-0.061,0.05859,1.00634,0.08251,28.61
$IMU,26847.678,-0.183,-0.122,-0.061,0.05712,1.00830,0.08300,28.60
$MAG,26847.680,-0.436,-0.508,-0.672,27.5
$IMU,26847.681,-0.183,0.000,-0.122,0.06005,1.01025,0.08593,28.60
$IMU,26847.683,-0.183,0.061,-0.183,0.05810,1.00830,0.08496,28.60
$IMU,26847.685,-0.244,-0.061,-0.244,0.05859,1.00830,0.08203,28.60
$IMU,26847.688,-0.305,-0.061,-0.244,0.05566,1.00830,0.08154,28.60
$MAG,26847.690,-0.429,-0.507,-0.672,27.6
$IMU,26847.690,-0.183,-0.183,-0.183,0.05566,1.00585,0.08203,28.60
$IMU,26847.692,-0.183,-0.122,-0.122,0.05761,1.00683,0.08251,28.60
$IMU,26847.695,-0.244,-0.122,-0.061,0.05712,1.00781,0.08056,28.60
$IMU,26847.697,-0.122,-0.183,-0.122,0.05664,1.00830,0.08251,28.65
$IMU,26847.699,-0.183,-0.122,-0.183,0.05810,1.00830,0.08251,28.65
$MAG,26847.700,-0.441,-0.507,-0.675,27.6
$IMU,26847.702,-0.244,-0.122,-0.244,0.05664,1.00878,0.08105,28.65
$IMU,26847.704,-0.244,-0.122,-0.183,0.05615,1.01123,0.08496,28.65
$IMU,26847.706,-0.244,0.000,-0.183,0.05566,1.00341,0.08349,28.65
$IMU,26847.709,-0.244,-0.244,-0.183,0.05664,1.00634,0.08154,28.65
$MAG,26847.711,-0.432,-0.507,-0.675,27.7
$IMU,26847.711,-0.183,-0.305,-0.061,0.05664,1.00927,0.08300,28.65
$IMU,26847.713,-0.183,-0.183,-0.122,0.05615,1.00585,0.08398,28.65
$IMU,26847.716,-0.244,-0.061,-0.183,0.05761,1.00976,0.08496,28.63
$IMU,26847.718,-0.305,-0.061,-0.183,0.06005,1.01123,0.08251,28.63
$IMU,26847.720,-0.305,-0.183,-0.244,0.06152,1.00537,0.08398,28.63
$MAG,26847.721,-0.439,-0.505,-0.667,27.6
$BARO,26847.722,86863.67,28.57
$IMU,26847.723,-0.305,-0.122,-0.244,0.05859,1.00732,0.08349,28.63
$IMU,26847.725,-0.305,-0.061,-0.244,0.05761,1.00634,0.08447,28.63
$IMU,26847.727,-0.305,0.000,-0.122,0.05419,1.00781,0.08398,28.63
$IMU,26847.730,-0.305,-0.183,-0.122,0.05810,1.00830,0.08251,28.63
$MAG,26847.731,-0.430,-0.510,-0.672,27.6
$IMU,26847.732,-0.305,-0.183,-0.122,0.05859,1.00781,0.08544,28.63
$IMU,26847.734,-0.305,-0.061,-0.122,0.05615,1.00878,0.08251,28.60
$IMU,26847.737,-0.305,-0.122,-0.183,0.05859,1.00927,0.08349,28.60
$IMU,26847.739,-0.244,0.000,-0.244,0.05419,1.00878,0.08203,28.60
$MAG,26847.741,-0.430,-0.502,-0.666,27.6
$IMU,26847.742,-0.244,0.061,-0.183,0.05712,1.00927,0.08349,28.60
$IMU,26847.744,-0.183,-0.061,-0.122,0.05615,1.00683,0.08105,28.60
$IMU,26847.746,-0.183,-0.061,-0.061,0.05664,1.00830,0.08398,28.60
$IMU,26847.749,-0.244,-0.061,-0.061,0.05957,1.01269,0.08544,28.60
$MAG,26847.751,-0.436,-0.501,-0.673,27.6
$IMU,26847.751,-0.183,-0.122,-0.122,0.05908,1.01220,0.08544,28.60
$IMU,26847.753,-0.244,0.000,-0.244,0.05859,1.00878,0.08349,28.63
$IMU,26847.756,-0.244,0.000,-0.244,0.05859,1.00634,0.08349,28.63
$IMU,26847.758,-0.183,-0.122,-0.183,0.05517,1.00732,0.08251,28.63
$IMU,26847.760,-0.183,-0.122,-0.183,0.05615,1.00976,0.08251,28.63
$MAG,26847.761,-0.432,-0.502,-0.673,27.6
$IMU,26847.763,-0.244,0.061,-0.122,0.05761,1.00683,0.08398,28.63
$IMU,26847.765,-0.305,0.000,-0.061,0.05615,1.00781,0.08300,28.63
$IMU,26847.767,-0.305,-0.061,-0.122,0.05468,1.00585,0.08300,28.63
$IMU,26847.770,-0.305,0.000,-0.183,0.05908,1.00976,0.08154,28.63
$MAG,26847.771,-0.441,-0.501,-0.676,27.7
$IMU,26847.772,-0.244,-0.183,-0.183,0.05957,1.01123,0.08496,28.65
$IMU,26847.774,-0.183,-0.244,-0.183,0.05761,1.01171,0.08593,28.65
$IMU,26847.777,-0.305,-0.122,-0.183,0.05761,1.00927,0.08349,28.65
$IMU,26847.779,-0.244,-0.061,-0.183,0.05859,1.00781,0.08349,28.65
$MAG,26847.781,-0.435,-0.504,-0.660,27.6
$IMU,26847.781,-0.244,0.000,-0.061,0.05712,1.00976,0.08544,28.65
$IMU,26847.784,-0.183,-0.061,-0.061,0.05761,1.01220,0.08251,28.65
$IMU,26847.786,-0.183,-0.122,-0.183,0.06054,1.01074,0.08740,28.65
$IMU,26847.788,-0.183,-0.183,-0.244,0.06054,1.01171,0.08300,28.65
$MAG,26847.791,-0.432,-0.504,-0.673,27.6
$IMU,26847.791,-0.183,-0.061,-0.244,0.05908,1.01025,0.08203,28.60
$IMU,26847.793,-0.183,0.000,-0.183,0.05615,1.00781,0.08300,28.60
$IMU,26847.795,-0.183,-0.122,-0.122,0.05322,1.00634,0.08203,28.60
$IMU,26847.798,-0.183,-0.183,-0.122,0.05908,1.01025,0.08593,28.60
$IMU,26847.800,-0.122,-0.244,-0.061,0.05566,1.00976,0.08398,28.60
$MAG,26847.801,-0.435,-0.510,-0.660,27.6
$IMU,26847.803,-0.183,-0.122,-0.122,0.05468,1.00781,0.08642,28.60
$IMU,26847.805,-0.305,-0.061,-0.183,0.05712,1.00927,0.08349,28.60
$IMU,26847.807,-0.305,-0.122,-0.122,0.06201,1.01074,0.08496,28.60
$IMU,26847.810,-0.366,-0.061,-0.183,0.05664,1.00683,0.08349,28.64
$MAG,26847.811,-0.432,-0.499,-0.664,27.7
$IMU,26847.812,-0.305,-0.244,-0.183,0.05810,1.00683,0.08203,28.64
$IMU,26847.814,-0.244,-0.122,-0.183,0.05761,1.00683,0.08447,28.64
$IMU,26847.817,-0.366,-0.122,-0.122,0.05957,1.00830,0.08544,28.64
$IMU,26847.819,-0.305,-0.183,-0.061,0.05664,1.00585,0.08056,28.64
$IMU,26847.821,-0.366,0.000,-0.122,0.05810,1.00878,0.08300,28.64
$MAG,26847.822,-0.433,-0.507,-0.667,27.7
$BARO,26847.823,86861.94,28.58
$IMU,26847.824,-0.305,0.000,-0.183,0.05664,1.00927,0.08203,28.64
$IMU,26847.826,-0.305,-0.244,-0.122,0.05566,1.00878,0.08447,28.64
$IMU,26847.828,-0.244,-0.061,-0.183,0.05664,1.00830,0.08349,28.64
$IMU,26847.831,-0.244,-0.061,-0.183,0.05615,1.01171,0.08349,28.64
$MAG,26847.832,-0.427,-0.508,-0.669,27.6
$IMU,26847.833,-0.366,-0.061,-0.183,0.05664,1.00683,0.08300,28.64
$IMU,26847.835,-0.305,-0.061,-0.061,0.05419,1.00537,0.08593,28.64
$IMU,26847.838,-0.244,-0.061,-0.061,0.05859,1.01074,0.08447,28.64
$IMU,26847.840,-0.244,-0.122,-0.122,0.05615,1.00976,0.08251,28.64
$MAG,26847.842,-0.430,-0.505,-0.666,27.6
$IMU,26847.842,-0.305,-0.061,-0.183,0.05859,1.00683,0.08349,28.64
$IMU,26847.845,-0.244,-0.061,-0.122,0.05761,1.01123,0.08447,28.64
$IMU,26847.847,-0.183,-0.061,-0.122,0.06054,1.00878,0.08496,28.64
$IMU,26847.849,-0.183,-0.122,-0.183,0.05712,1.00878,0.08251,28.64
$MAG,26847.852,-0.436,-0.504,-0.672,27.5
$IMU,26847.852,-0.122,-0.244,-0.183,0.05810,1.00927,0.08496,28.64
$IMU,26847.854,-0.122,-0.122,-0.183,0.05419,1.01025,0.08447,28.64
$IMU,26847.856,-0.244,-0.061,-0.122,0.05615,1.01074,0.08544,28.64
$IMU,26847.859,-0.183,-0.183,-0.122,0.06054,1.01220,0.08398,28.64
$IMU,26847.861,-0.183,-0.122,-0.183,0.05908,1.01220,0.08398,28.64
$MAG,26847.862,-0.433,-0.501,-0.670,27.6
$IMU,26847.864,-0.122,-0.244,-0.183,0.05957,1.01171,0.08300,28.64
$IMU,26847.866,-0.183,-0.122,-0.183,0.05761,1.01025,0.08349,28.62
$IMU,26847.868,-0.183,0.000,-0.183,0.05957,1.01074,0.08544,28.62
$IMU,26847.871,-0.183,-0.061,-0.183,0.05664,1.00781,0.08007,28.62
$MAG,26847.872,-0.439,-0.504,-0.676,27.6
$IMU,26847.873,-0.183,-0.122,-0.183,0.05957,1.00781,0.07910,28.62
$IMU,26847.875,-0.244,0.000,-0.122,0.05957,1.00781,0.08056,28.62
$IMU,26847.878,-0.244,-0.122,-0.061,0.05664,1.00830,0.08105,28.62
$IMU,26847.880,-0.305,0.000,-0.122,0.06054,1.01269,0.08203,28.62
$MAG,26847.882,-0.435,-0.505,-0.669,27.7
$IMU,26847.882,-0.305,0.061,-0.122,0.05859,1.01025,0.08349,28.62
$IMU,26847.885,-0.244,-0.061,-0.244,0.05712,1.00878,0.08447,28.66
$IMU,26847.887,-0.305,-0.122,-0.244,0.05566,1.00927,0.08496,28.66
$IMU,26847.889,-0.305,-0.061,-0.122,0.05712,1.00781,0.08447,28.66
$MAG,26847.892,-0.432,-0.501,-0.666,27.6
$IMU,26847.892,-0.305,-0.122,-0.122,0.05810,1.00585,0.08496,28.66
$IMU,26847.894,-0.244,0.000,-0.061,0.05761,1.01074,0.08398,28.66
$IMU,26847.896,-0.305,0.000,0.000,0.05664,1.00830,0.08349,28.66
$IMU,26847.899,-0.244,-0.061,-0.183,0.05712,1.00878,0.08203,28.66
$IMU,26847.901,-0.305,-0.061,-0.122,0.05712,1.01123,0.08349,28.66
$MAG,26847.902,-0.429,-0.505,-0.666,27.7
$IMU,26847.903,-0.305,-0.122,-0.183,0.05566,1.00634,0.08203,28.64
$IMU,26847.906,-0.244,-0.061,-0.183,0.05664,1.00537,0.08251,28.64
$IMU,26847.908,-0.244,-0.061,-0.183,0.05615,1.00878,0.08544,28.64
$IMU,26847.910,-0.244,-0.122,-0.122,0.05419,1.00341,0.08544,28.64
$MAG,26847.912,-0.433,-0.504,-0.666,27.6
$IMU,26847.913,-0.244,-0.122,-0.122,0.05664,1.00830,0.08251,28.64
$IMU,26847.915,-0.183,-0.122,-0.122,0.05859,1.01074,0.08300,28.64
$IMU,26847.917,-0.244,-0.183,-0.183,0.06005,1.01074,0.08300,28.64
$IMU,26847.920,-0.244,-0.122,-0.183,0.05712,1.00732,0.08496,28.64
$MAG,26847.922,-0.438,-0.504,-0.672,27.6
$IMU,26847.922,-0.244,-0.061,-0.183,0.05761,1.00537,0.08349,28.64
$BARO,26847.924,86861.79,28.58
$IMU,26847.925,-0.244,-0.122,-0.244,0.05468,1.00634,0.08398,28.64
$IMU,26847.927,-0.305,-0.061,-0.122,0.05566,1.00683,0.08544,28.64
$IMU,26847.929,-0.244,-0.061,-0.122,0.05615,1.01269,0.08398,28.64
$MAG,26847.932,-0.439,-0.501,-0.672,27.8
$IMU,26847.932,-0.305,0.000,-0.183,0.06054,1.00781,0.08251,28.64
$IMU,26847.934,-0.366,-0.122,-0.183,0.06250,1.00976,0.08447,28.64
$IMU,26847.936,-0.305,0.000,-0.183,0.05908,1.00927,0.08349,28.64
$IMU,26847.939,-0.244,-0.061,-0.305,0.05810,1.00830,0.08349,28.64
$IMU,26847.941,-0.244,-0.244,-0.305,0.05468,1.00537,0.08300,28.60
$MAG,26847.943,-0.438,-0.507,-0.673,27.7
$IMU,26847.943,-0.244,0.000,-0.122,0.05761,1.00683,0.08349,28.60
$IMU,26847.946,-0.183,-0.061,-0.061,0.05712,1.00927,0.08300,28.60
$IMU,26847.948,-0.244,-0.061,-0.122,0.05712,1.00976,0.08398,28.60
$IMU,26847.950,-0.244,0.061,-0.061,0.05957,1.01123,0.08300,28.60
$MAG,26847.953,-0.439,-0.498,-0.666,27.7
$IMU,26847.953,-0.244,-0.061,-0.183,0.06054,1.01318,0.08593,28.60
$IMU,26847.955,-0.183,-0.183,-0.244,0.05712,1.00976,0.08447,28.60
$IMU,26847.957,-0.183,-0.122,-0.366,0.05761,1.00781,0.08398,28.60
$IMU,26847.960,-0.183,-0.122,-0.244,0.05664,1.00683,0.08496,28.63
$IMU,26847.962,-0.183,-0.061,-0.183,0.05859,1.00830,0.08642,28.63
$MAG,26847.963,-0.442,-0.505,-0.663,27.6
$IMU,26847.964,-0.183,0.000,-0.122,0.05908,1.00878,0.08300,28.63
$IMU,26847.967,-0.122,-0.061,-0.122,0.05859,1.01123,0.08203,28.63
$IMU,26847.969,-0.244,0.000,-0.183,0.05908,1.00976,0.08154,28.63
$IMU,26847.971,-0.305,0.000,-0.244,0.05664,1.00976,0.08300,28.63
$MAG,26847.973,-0.433,-0.507,-0.669,27.6
$IMU,26847.974,-0.244,-0.122,-0.305,0.05664,1.00976,0.08251,28.63
$IMU,26847.976,-0.183,-0.183,-0.244,0.05712,1.01123,0.08203,28.63
$IMU,26847.978,-0.183,-0.244,-0.183,0.05468,1.00927,0.08447,28.65
$IMU,26847.981,-0.366,-0.061,-0.122,0.05615,1.00830,0.08154,28.65
$MAG,26847.983,-0.435,-0.498,-0.670,27.6
$IMU,26847.983,-0.366,0.000,-0.122,0.05664,1.00830,0.08349,28.65
$IMU,26847.986,-0.427,-0.061,-0.122,0.05517,1.01171,0.08300,28.65
$IMU,26847.988,-0.366,-0.061,-0.122,0.05664,1.01171,0.08300,28.65
$IMU,26847.990,-0.244,-0.122,-0.244,0.05908,1.01123,0.08398,28.65
$MAG,26847.993,-0.423,-0.508,-0.672,27.6
$IMU,26847.993,-0.305,-0.122,-0.244,0.05664,1.00634,0.08447,28.65
$IMU,26847.995,-0.305,-0.061,-0.244,0.05566,1.00927,0.08496,28.65
$IMU,26847.997,-0.366,0.000,-0.061,0.05761,1.01025,0.08447,28.61
$IMU,26848.000,-0.366,0.000,-0.061,0.05761,1.01025,0.08544,28.61
$IMU,26848.002,-0.244,-0.122,-0.061,0.05761,1.01025,0.08349,28.61
$MAG,26848.003,-0.436,-0.508,-0.673,27.7
$IMU,26848.004,-0.305,-0.122,-0.061,0.06054,1.00976,0.08300,28.61
$IMU,26848.007,-0.244,-0.122,-0.122,0.05908,1.00585,0.08593,28.61
$IMU,26848.009,-0.366,-0.061,-0.244,0.05615,1.00878,0.08398,28.61
$IMU,26848.011,-0.366,0.061,-0.244,0.05615,1.00878,0.08447,28.61
$MAG,26848.013,-0.436,-0.502,-0.669,27.7
$IMU,26848.014,-0.244,-0.183,-0.183,0.05664,1.00927,0.08447,28.61
$IMU,26848.016,-0.183,-0.061,-0.061,0.05712,1.00634,0.08544,28.65
$IMU,26848.018,-0.122,-0.061,-0.122,0.05712,1.01074,0.08544,28.65
$IMU,26848.021,-0.183,-0.122,-0.122,0.05908,1.01025,0.08349,28.65
$MAG,26848.023,-0.436,-0.502,-0.675,27.6
$IMU,26848.023,-0.183,-0.122,-0.061,0.05810,1.00927,0.08544,28.65
$IMU,26848.025,-0.244,-0.061,-0.183,0.06103,1.00683,0.08349,28.65
$BARO,26848.026,86870.06,28.58
$IMU,26848.028,-0.244,-0.183,-0.183,0.05664,1.00537,0.08300,28.65
$IMU,26848.030,-0.305,-0.061,-0.122,0.05761,1.01074,0.08300,28.65
$IMU,26848.032,-0.244,0.061,-0.122,0.05810,1.00781,0.08593,28.65
$MAG,26848.033,-0.429,-0.499,-0.669,27.6
$IMU,26848.035,-0.122,-0.061,-0.061,0.05908,1.00781,0.08349,28.62
$IMU,26848.037,-0.244,-0.061,-0.061,0.05957,1.00683,0.08496,28.62
$IMU,26848.039,-0.183,0.000,-0.061,0.05908,1.00878,0.08593,28.62
$IMU,26848.042,-0.244,-0.061,-0.183,0.05957,1.01318,0.08398,28.62
$MAG,26848.043,-0.430,-0.505,-0.676,27.6
$IMU,26848.044,-0.244,0.000,-0.244,0.05664,1.00683,0.08203,28.62
$IMU,26848.046,-0.244,-0.061,-0.244,0.05761,1.01513,0.08203,28.62
$IMU,26848.049,-0.244,0.000,-0.183,0.05468,1.00732,0.08398,28.62
$IMU,26848.051,-0.244,-0.122,-0.122,0.05517,1.00634,0.08154,28.62
$MAG,26848.053,-0.427,-0.504,-0.669,27.6
$IMU,26848.054,-0.244,-0.122,-0.122,0.05810,1.00927,0.08300,28.59
$IMU,26848.056,-0.183,0.061,-0.122,0.06152,1.01123,0.08251,28.59
$IMU,26848.058,-0.183,-0.061,-0.183,0.05957,1.01171,0.08593,28.59
$IMU,26848.061,-0.244,-0.061,-0.244,0.05761,1.00683,0.08251,28.59
$IMU,26848.063,-0.183,0.000,-0.183,0.05761,1.00976,0.08203,28.59
$MAG,26848.064,-0.436,-0.501,-0.667,27.6
$IMU,26848.065,-0.122,-0.122,-0.183,0.05664,1.00683,0.08154,28.59
$IMU,26848.068,-0.183,-0.183,-0.061,0.05615,1.00878,0.08398,28.59
$IMU,26848.070,-0.244,-0.061,-0.122,0.06005,1.01025,0.08349,28.59
$IMU,26848.072,-0.244,0.061,-0.183,0.05810,1.00927,0.08398,28.65
$MAG,26848.074,-0.424,-0.510,-0.664,27.6
$IMU,26848.075,-0.244,0.000,-0.122,0.05957,1.01074,0.08398,28.65
$IMU,26848.077,-0.244,0.000,-0.183,0.05761,1.01269,0.08251,28.65
$IMU,26848.079,-0.183,-0.244,-0.244,0.05957,1.00830,0.08398,28.65
$IMU,26848.082,-0.122,-0.183,-0.244,0.05664,1.00976,0.08300,28.65
$MAG,26848.084,-0.436,-0.510,-0.663,27.6
$IMU,26848.084,-0.244,-0.122,-0.183,0.05957,1.00927,0.08349,28.65
$IMU,26848.086,-0.305,-0.061,-0.122,0.05859,1.01171,0.08251,28.65
$IMU,26848.089,-0.183,-0.183,-0.061,0.05908,1.00927,0.08300,28.65
$IMU,26848.091,-0.244,-0.122,-0.061,0.05810,1.00976,0.08154,28.64
$IMU,26848.093,-0.244,-0.061,-0.183,0.05712,1.00976,0.08349,28.64
$MAG,26848.094,-0.438,-0.501,-0.666,27.6
$IMU,26848.096,-0.183,-0.183,-0.183,0.05712,1.00976,0.08398,28.64
$IMU,26848.098,-0.244,-0.061,-0.122,0.05810,1.00537,0.08496,28.64
$IMU,26848.100,-0.305,0.000,-0.183,0.05566,1.00390,0.08251,28.64
$IMU,26848.103,-0.305,-0.122,-0.183,0.05712,1.00634,0.08154,28.64
$MAG,26848.104,-0.430,-0.505,-0.672,27.6
$IMU,26848.105,-0.244,-0.061,-0.183,0.05957,1.00927,0.07958,28.64
$IMU,26848.107,-0.244,-0.183,-0.061,0.05615,1.00927,0.08251,28.64
$IMU,26848.110,-0.244,0.122,-0.183,0.05908,1.00878,0.08056,28.63
$IMU,26848.112,-0.366,0.061,-0.122,0.05615,1.01123,0.08496,28.63
$MAG,26848.114,-0.432,-0.505,-0.663,27.6
$IMU,26848.115,-0.305,0.061,-0.183,0.05566,1.00976,0.08544,28.63
$IMU,26848.117,-0.244,-0.061,-0.183,0.05712,1.01123,0.08496,28.63
$IMU,26848.119,-0.183,-0.122,-0.244,0.05761,1.01123,0.08544,28.63
$IMU,26848.122,-0.244,-0.061,-0.183,0.05664,1.00878,0.08105,28.63
$MAG,26848.124,-0.432,-0.501,-0.664,27.6
$IMU,26848.124,-0.305,0.000,-0.122,0.05615,1.01074,0.08349,28.63
$IMU,26848.126,-0.305,-0.122,-0.122,0.05712,1.00732,0.08154,28.63
$BARO,26848.127,86864.35,28.58
$IMU,26848.129,-0.305,-0.183,-0.061,0.05566,1.00683,0.08496,28.61
$IMU,26848.131,-0.244,-0.061,-0.122,0.05957,1.00976,0.08349,28.61
$IMU,26848.133,-0.244,-0.122,-0.183,0.05810,1.00781,0.08007,28.61
$MAG,26848.134,-0.436,-0.505,-0.672,27.6
$IMU,26848.136,-0.305,-0.122,-0.122,0.05664,1.00781,0.08007,28.61
$IMU,26848.138,-0.366,0.000,-0.183,0.05468,1.01074,0.08496,28.61
$IMU,26848.140,-0.305,-0.122,-0.244,0.05615,1.00976,0.08496,28.61
$IMU,26848.143,-0.244,-0.061,-0.244,0.05859,1.00830,0.08544,28.61
$MAG,26848.144,-0.430,-0.507,-0.669,27.6
$IMU,26848.145,-0.244,-0.061,-0.122,0.05957,1.00927,0.08496,28.61
$IMU,26848.147,-0.305,-0.061,-0.183,0.06103,1.01025,0.08642,28.62
$IMU,26848.150,-0.305,-0.061,-0.122,0.05957,1.00830,0.08300,28.62
$IMU,26848.152,-0.244,-0.061,-0.122,0.05712,1.01220,0.08154,28.62
$MAG,26848.154,-0.429,-0.499,-0.670,27.6
$IMU,26848.154,-0.183,-0.061,-0.183,0.05810,1.01025,0.08447,28.62
$IMU,26848.157,-0.244,-0.061,-0.244,0.05468,1.00976,0.08496,28.62
$IMU,26848.159,-0.244,0.122,-0.244,0.05761,1.00878,0.08203,28.62
$IMU,26848.161,-0.183,0.061,-0.122,0.05517,1.01025,0.08447,28.62
$MAG,26848.164,-0.423,-0.499,-0.666,27.6
$IMU,26848.164,-0.183,0.000,-0.122,0.05761,1.00976,0.08105,28.62
$IMU,26848.166,-0.183,-0.061,-0.122,0.05908,1.00830,0.08251,28.61
$VBAT,26848.166,4.140
$IMU,26848.168,-0.122,-0.122,-0.122,0.06005,1.00927,0.08496,28.61
$IMU,26848.171,-0.122,0.000,-0.244,0.06005,1.00878,0.08398,28.61
$IMU,26848.173,-0.183,-0.122,-0.244,0.05761,1.01025,0.08251,28.61
$MAG,26848.175,-0.433,-0.502,-0.664,27.6
$IMU,26848.176,-0.244,-0.061,-0.183,0.05322,1.00830,0.08496,28.61
$IMU,26848.178,-0.305,-0.061,-0.183,0.05712,1.00634,0.08593,28.61
$IMU,26848.180,-0.305,-0.183,-0.122,0.05664,1.00634,0.08398,28.61
$IMU,26848.183,-0.305,-0.183,0.000,0.06005,1.01074,0.08398,28.61
$MAG,26848.185,-0.444,-0.513,-0.675,27.6
$IMU,26848.185,-0.305,-0.122,0.000,0.05712,1.00830,0.08447,28.67
$IMU,26848.187,-0.366,0.000,-0.122,0.05517,1.01171,0.08447,28.67
$IMU,26848.190,-0.366,-0.061,-0.183,0.06005,1.01171,0.08300,28.67
$IMU,26848.192,-0.366,-0.122,-0.183,0.05615,1.00537,0.08349,28.67
$IMU,26848.194,-0.244,-0.244,-0.244,0.05615,1.00927,0.08154,28.67
$MAG,26848.195,-0.427,-0.507,-0.670,27.7
$IMU,26848.197,-0.305,-0.244,-0.122,0.05712,1.00927,0.08300,28.67
$IMU,26848.199,-0.244,-0.183,-0.061,0.05810,1.00732,0.08593,28.67
$IMU,26848.201,-0.244,0.000,-0.061,0.05908,1.00732,0.08496,28.67
$IMU,26848.204,-0.305,-0.122,-0.122,0.05810,1.01074,0.08349,28.66
$MAG,26848.205,-0.427,-0.511,-0.667,27.6
$IMU,26848.206,-0.244,-0.061,-0.183,0.05908,1.01074,0.08740,28.66
$IMU,26848.208,-0.244,-0.061,-0.244,0.05712,1.00537,0.08300,28.66
$IMU,26848.211,-0.183,0.000,-0.122,0.05859,1.01171,0.08105,28.66
$IMU,26848.213,-0.183,-0.122,-0.122,0.05517,1.01025,0.08447,28.66
$MAG,26848.215,-0.426,-0.499,-0.669,27.6
$IMU,26848.215,-0.244,0.000,-0.183,0.05908,1.00830,0.08349,28.66
$IMU,26848.218,-0.183,0.000,-0.061,0.06152,1.00683,0.08349,28.66
$IMU,26848.220,-0.122,-0.122,-0.061,0.05957,1.00830,0.08349,28.66
$IMU,26848.222,-0.122,0.061,-0.183,0.05957,1.00634,0.08398,28.68
$MAG,26848.225,-0.429,-0.505,-0.676,27.7
$IMU,26848.225,-0.183,-0.061,-0.244,0.05566,1.01025,0.08349,28.68
$IMU,26848.227,-0.183,-0.061,-0.244,0.05810,1.00732,0.08447,28.68
$BARO,26848.229,86866.72,28.59
$IMU,26848.229,-0.183,-0.061,-0.183,0.06005,1.00683,0.08251,28.68
$IMU,26848.232,-0.183,-0.183,-0.183,0.05712,1.00927,0.08496,28.68
$IMU,26848.234,-0.244,-0.183,-0.183,0.05615,1.01416,0.08447,28.68
$MAG,26848.235,-0.436,-0.502,-0.664,27.6
$IMU,26848.237,-0.305,0.000,-0.122,0.05859,1.00927,0.08251,28.68
$IMU,26848.239,-0.305,-0.061,-0.122,0.05712,1.00781,0.08300,28.68
$IMU,26848.241,-0.366,-0.061,-0.244,0.05517,1.00781,0.08251,28.69
$IMU,26848.244,-0.305,-0.061,-0.244,0.05419,1.01318,0.08105,28.69
$MAG,26848.245,-0.435,-0.502,-0.672,27.7
$IMU,26848.246,-0.366,-0.061,-0.244,0.05761,1.00976,0.08105,28.69
$IMU,26848.248,-0.427,-0.061,-0.244,0.05517,1.00781,0.08300,28.69
$IMU,26848.251,-0.366,-0.122,-0.183,0.05957,1.00781,0.08447,28.69
$IMU,26848.253,-0.427,0.061,-0.061,0.05761,1.01171,0.08300,28.69
$MAG,26848.255,-0.427,-0.504,-0.670,27.6
$IMU,26848.255,-0.305,-0.061,-0.122,0.05957,1.00976,0.08203,28.69
$IMU,26848.258,-0.244,-0.122,-0.122,0.05859,1.01123,0.08349,28.69
$IMU,26848.260,-0.305,-0.061,-0.305,0.05908,1.00683,0.08593,28.62
$IMU,26848.262,-0.183,-0.183,-0.244,0.05859,1.01074,0.08300,28.62
$IMU,26848.265,-0.122,-0.122,-0.244,0.05761,1.01074,0.08398,28.62
$MAG,26848.265,-0.426,-0.502,-0.667,27.7
$IMU,26848.267,-0.122,-0.122,-0.183,0.05810,1.00878,0.08593,28.62
$IMU,26848.269,-0.122,-0.061,-0.183,0.05712,1.01074,0.08447,28.62
$IMU,26848.272,-0.061,-0.122,-0.122,0.05859,1.00781,0.08496,28.62
$IMU,26848.274,0.000,-0.183,-0.122,0.05859,1.00781,0.08447,28.62
$MAG,26848.275,-0.438,-0.502,-0.670,27.7
$IMU,26848.276,-0.122,-0.122,-0.122,0.05810,1.00830,0.08105,28.62
$IMU,26848.279,-0.122,-0.122,-0.244,0.05712,1.00830,0.08300,28.64
$IMU,26848.281,-0.183,-0.061,-0.244,0.05810,1.01220,0.08447,28.64
$IMU,26848.283,-0.244,0.000,-0.244,0.05419,1.01074,0.08251,28.64
$MAG,26848.285,-0.432,-0.507,-0.679,27.5
$IMU,26848.286,-0.183,-0.183,-0.122,0.05957,1.00878,0.08349,28.64
$IMU,26848.288,-0.244,-0.061,-0.061,0.05761,1.00878,0.08203,28.64
$IMU,26848.290,-0.305,0.000,-0.122,0.05761,1.00878,0.07958,28.64
$IMU,26848.293,-0.305,-0.122,-0.183,0.05859,1.00732,0.08251,28.64
$IMU,26848.295,-0.427,0.061,-0.183,0.06152,1.00976,0.08447,28.64
$MAG,26848.296,-0.429,-0.507,-0.669,27.7
$IMU,26848.298,-0.488,-0.061,-0.183,0.06005,1.00732,0.08203,28.66
$IMU,26848.300,-0.488,-0.061,-0.244,0.05712,1.00732,0.08154,28.66
$IMU,26848.302,-0.427,-0.183,-0.183,0.05371,1.00488,0.08300,28.66
$IMU,26848.305,-0.366,-0.183,-0.061,0.05566,1.00830,0.08251,28.66
$MAG,26848.306,-0.435,-0.505,-0.669,27.6
$IMU,26848.307,-0.427,-0.061,-0.061,0.05566,1.00927,0.08300,28.66
$IMU,26848.309,-0.305,-0.122,-0.061,0.05761,1.01074,0.08447,28.66
$IMU,26848.312,-0.305,-0.122,-0.183,0.05810,1.01123,0.08398,28.66
$IMU,26848.314,-0.305,-0.122,-0.244,0.05859,1.01318,0.08593,28.66
$MAG,26848.316,-0.421,-0.507,-0.666,27.6
$IMU,26848.316,-0.305,-0.061,-0.183,0.05664,1.01025,0.08544,28.69
$IMU,26848.319,-0.427,0.122,-0.244,0.05566,1.00634,0.08642,28.69
$IMU,26848.321,-0.305,-0.061,-0.183,0.05615,1.01074,0.08642,28.69
$IMU,26848.323,-0.305,0.000,-0.122,0.05810,1.00927,0.08447,28.69
$MAG,26848.326,-0.435,-0.499,-0.675,27.7
$IMU,26848.326,-0.183,-0.061,-0.122,0.05810,1.01025,0.08398,28.69
$IMU,26848.328,-0.183,-0.061,-0.183,0.06005,1.00927,0.08398,28.69
$BARO,26848.330,86870.16,28.59
$IMU,26848.330,-0.183,-0.061,-0.183,0.05810,1.00830,0.08349,28.69
$IMU,26848.333,-0.183,-0.122,-0.244,0.05957,1.00683,0.08544,28.69
$IMU,26848.335,-0.183,-0.061,-0.183,0.05908,1.00830,0.08642,28.67
$MAG,26848.336,-0.441,-0.507,-0.672,27.6
$IMU,26848.337,-0.183,-0.061,-0.244,0.05517,1.01025,0.08789,28.67
$IMU,26848.340,-0.244,-0.122,-0.061,0.05664,1.00732,0.08642,28.67
$IMU,26848.342,-0.305,0.000,-0.122,0.05957,1.00878,0.08593,28.67
$IMU,26848.344,-0.183,0.000,-0.061,0.06152,1.00927,0.08398,28.67
$MAG,26848.346,-0.429,-0.501,-0.670,27.6
$IMU,26848.347,-0.183,-0.061,-0.183,0.05859,1.00927,0.08300,28.67
$IMU,26848.349,-0.122,-0.122,-0.183,0.05908,1.00732,0.08447,28.67
$IMU,26848.351,-0.183,0.000,-0.305,0.05371,1.01025,0.08447,28.67
$IMU,26848.354,-0.183,-0.122,-0.244,0.05517,1.00878,0.08544,28.64
$MAG,26848.356,-0.436,-0.498,-0.676,27.6
$IMU,26848.356,-0.183,-0.183,-0.183,0.05371,1.00634,0.08203,28.64
$IMU,26848.359,-0.244,0.061,-0.183,0.05517,1.00634,0.08203,28.64
$IMU,26848.361,-0.183,0.000,-0.183,0.05615,1.01318,0.08203,28.64
$IMU,26848.363,-0.183,-0.061,-0.183,0.06054,1.01171,0.08203,28.64
$MAG,26848.366,-0.432,-0.505,-0.672,27.6
$IMU,26848.366,-0.244,-0.061,-0.244,0.05712,1.00878,0.08251,28.64
$IMU,26848.368,-0.183,0.000,-0.244,0.05664,1.00634,0.08398,28.64
$IMU,26848.370,-0.183,-0.061,-0.122,0.05712,1.00830,0.08203,28.64
$IMU,26848.373,-0.183,-0.122,-0.183,0.06054,1.00830,0.08203,28.64
$IMU,26848.375,-0.183,0.000,-0.183,0.05810,1.00781,0.08349,28.64
$MAG,26848.376,-0.426,-0.496,-0.673,27.6
$IMU,26848.377,-0.122,-0.061,-0.061,0.05712,1.01220,0.08056,28.64
$IMU,26848.380,-0.061,-0.122,-0.061,0.05566,1.01025,0.08300,28.64
$IMU,26848.382,-0.183,0.122,-0.183,0.05810,1.01074,0.08251,28.64
$IMU,26848.384,-0.061,-0.122,-0.244,0.05810,1.00878,0.08251,28.64
$MAG,26848.386,-0.433,-0.508,-0.678,27.6
$IMU,26848.387,-0.183,-0.122,-0.183,0.05419,1.00781,0.08251,28.64
$IMU,26848.389,-0.244,-0.244,-0.183,0.05468,1.00683,0.08593,28.64
$IMU,26848.391,-0.244,-0.061,-0.183,0.05712,1.01269,0.08398,28.66
$IMU,26848.394,-0.366,0.122,-0.122,0.05517,1.00878,0.08544,28.66
$MAG,26848.396,-0.436,-0.507,-0.666,27.6
$IMU,26848.396,-0.305,-0.061,-0.122,0.05517,1.01123,0.08496,28.66
$IMU,26848.398,-0.244,-0.061,-0.183,0.05468,1.01171,0.08349,28.66
$TIME,26848.399,510742.000,2399
$IMU,26848.401,-0.244,-0.244,-0.122,0.05810,1.00927,0.08105,28.66
$IMU,26848.403,-0.427,0.061,-0.183,0.06005,1.01074,0.08154,28.66
$IMU,26848.405,-0.427,-0.122,-0.122,0.05810,1.00781,0.08251,28.66
$MAG,26848.407,-0.430,-0.517,-0.673,27.6
$IMU,26848.408,-0.427,0.000,-0.183,0.05712,1.00976,0.08251,28.66
$IMU,26848.410,-0.366,-0.244,-0.122,0.05468,1.01025,0.08349,28.62
$IMU,26848.412,-0.366,-0.183,-0.244,0.06005,1.00976,0.08398,28.62
$IMU,26848.415,-0.305,-0.061,-0.183,0.05712,1.01171,0.08349,28.62
$MAG,26848.417,-0.426,-0.510,-0.670,27.6
$IMU,26848.417,-0.366,-0.122,-0.122,0.05664,1.01123,0.08105,28.62
$IMU,26848.420,-0.427,0.061,-0.122,0.05761,1.00830,0.08496,28.62
$IMU,26848.422,-0.366,0.122,-0.183,0.06005,1.00732,0.08691,28.62
$IMU,26848.424,-0.183,-0.183,-0.122,0.05859,1.00585,0.08593,28.62
$MAG,26848.427,-0.432,-0.499,-0.673,27.6
$IMU,26848.427,-0.061,-0.305,-0.183,0.05810,1.00878,0.08593,28.62
$IMU,26848.429,-0.122,-0.061,-0.244,0.05908,1.00927,0.08105,28.67
$IMU,26848.431,-0.122,-0.183,-0.244,0.06054,1.00830,0.08105,28.67
$BARO,26848.432,86862.70,28.59
$IMU,26848.434,-0.244,0.061,-0.183,0.05859,1.00830,0.08496,28.67
$IMU,26848.436,-0.061,0.000,-0.122,0.05810,1.01025,0.08251,28.67
$MAG,26848.437,-0.438,-0.501,-0.667,27.7
$IMU,26848.438,-0.061,-0.183,-0.244,0.05615,1.01123,0.08349,28.67
$IMU,26848.441,-0.183,-0.061,-0.183,0.05810,1.00830,0.08447,28.67
$IMU,26848.443,-0.244,0.183,-0.244,0.05664,1.00878,0.08447,28.67
$IMU,26848.445,-0.122,-0.244,-0.244,0.05566,1.00878,0.08300,28.67
$MAG,26848.447,-0.432,-0.507,-0.672,27.6
$IMU,26848.448,-0.183,-0.122,-0.183,0.05664,1.00927,0.08203,28.62
$IMU,26848.450,-0.244,0.000,-0.183,0.05859,1.00878,0.08447,28.62
$IMU,26848.452,-0.244,-0.183,-0.183,0.05517,1.00927,0.08300,28.62
$IMU,26848.455,-0.305,-0.061,-0.183,0.05859,1.01269,0.08349,28.62
$MAG,26848.457,-0.429,-0.511,-0.670,27.6
$IMU,26848.457,-0.366,0.122,-0.122,0.05957,1.01074,0.08154,28.62
$IMU,26848.459,-0.366,0.061,-0.244,0.06005,1.01123,0.08251,28.62
$IMU,26848.462,-0.183,-0.122,-0.244,0.05712,1.00830,0.08544,28.62
$IMU,26848.464,-0.244,0.000,-0.244,0.05664,1.00878,0.08203,28.62
$IMU,26848.466,-0.305,0.000,-0.244,0.05761,1.00732,0.08203,28.62
$MAG,26848.467,-0.426,-0.507,-0.670,27.6
$IMU,26848.469,-0.305,0.000,-0.122,0.05810,1.00976,0.08007,28.62
$IMU,26848.471,-0.366,0.000,-0.061,0.05957,1.00683,0.08251,28.62
$IMU,26848.473,-0.366,0.000,-0.061,0.06054,1.00781,0.08251,28.62
$IMU,26848.476,-0.366,-0.122,-0.183,0.05615,1.01123,0.08544,28.62
$MAG,26848.477,-0.430,-0.505,-0.672,27.7
$IMU,26848.478,-0.366,-0.122,-0.183,0.05664,1.01025,0.08300,28.62
$IMU,26848.480,-0.366,-0.122,-0.183,0.05859,1.00830,0.08398,28.62
$IMU,26848.483,-0.244,-0.122,-0.183,0.05859,1.01025,0.08593,28.62
$IMU,26848.485,-0.305,-0.061,-0.122,0.05615,1.00781,0.08496,28.64
$MAG,26848.487,-0.423,-0.501,-0.675,27.6
$IMU,26848.488,-0.305,0.061,0.000,0.05908,1.00732,0.08300,28.64
$IMU,26848.490,-0.366,-0.061,0.000,0.05908,1.00585,0.08300,28.64
$IMU,26848.492,-0.305,-0.183,-0.122,0.05908,1.00732,0.08447,28.64
$IMU,26848.495,-0.305,-0.183,-0.122,0.05810,1.01074,0.08642,28.64
$MAG,26848.497,-0.430,-0.502,-0.663,27.7
$IMU,26848.497,-0.244,-0.183,-0.183,0.06005,1.00634,0.08349,28.64
$IMU,26848.499,-0.366,0.000,-0.183,0.05957,1.00927,0.08154,28.64
$IMU,26848.502,-0.305,-0.122,-0.183,0.05957,1.00634,0.08349,28.64
$IMU,26848.504,-0.244,-0.122,-0.183,0.05761,1.00537,0.08251,28.64
$IMU,26848.506,-0.244,-0.061,-0.122,0.05908,1.01269,0.08544,28.64
$MAG,26848.507,-0.442,-0.510,-0.670,27.7
$IMU,26848.509,-0.305,0.061,-0.122,0.05810,1.01220,0.08642,28.64
$IMU,26848.511,-0.244,0.000,-0.122,0.05908,1.01123,0.08398,28.64
$IMU,26848.513,-0.183,-0.122,-0.244,0.05664,1.00830,0.08349,28.64
$IMU,26848.516,-0.183,-0.183,-0.305,0.05712,1.00927,0.08496,28.64
$MAG,26848.517,-0.441,-0.498,-0.661,27.7
$IMU,26848.518,-0.122,-0.183,-0.244,0.05615,1.00634,0.08447,28.64
$IMU,26848.520,-0.305,-0.122,-0.183,0.05517,1.00537,0.08300,28.64
$IMU,26848.523,-0.305,0.000,-0.183,0.05810,1.01074,0.08203,28.66
$IMU,26848.525,-0.305,-0.122,-0.122,0.05957,1.00976,0.08544,28.66
$IMU,26848.527,-0.244,-0.122,-0.122,0.05957,1.01123,0.08349,28.66
$MAG,26848.528,-0.430,-0.505,-0.666,27.6
$IMU,26848.530,-0.183,-0.244,-0.183,0.05810,1.00976,0.08789,28.66
$IMU,26848.532,-0.122,-0.061,-0.244,0.05615,1.00830,0.08398,28.66
$BARO,26848.533,86862.28,28.59
$IMU,26848.534,-0.244,0.000,-0.305,0.05664,1.00927,0.08496,28.66
$IMU,26848.537,-0.122,-0.183,-0.244,0.05371,1.00683,0.08251,28.66
$MAG,26848.538,-0.429,-0.501,-0.664,27.7
$IMU,26848.539,-0.183,0.061,-0.122,0.05273,1.00537,0.08203,28.66
$IMU,26848.541,-0.122,-0.122,-0.061,0.05664,1.00830,0.08007,28.68
$IMU,26848.544,-0.183,-0.122,-0.183,0.05761,1.00830,0.08251,28.68
$IMU,26848.546,-0.122,-0.183,-0.183,0.05908,1.00732,0.08398,28.68
$MAG,26848.548,-0.430,-0.501,-0.673,27.6
$IMU,26848.549,-0.122,-0.244,-0.183,0.05712,1.00927,0.08349,28.68
$IMU,26848.551,-0.183,-0.122,-0.244,0.05859,1.00732,0.08251,28.68
$IMU,26848.553,-0.244,0.000,-0.183,0.05859,1.00683,0.08056,28.68
$IMU,26848.556,-0.183,-0.183,-0.122,0.05810,1.00781,0.08251,28.68
$MAG,26848.558,-0.444,-0.510,-0.679,27.6
$IMU,26848.558,-0.305,0.000,-0.061,0.05908,1.01025,0.08349,28.68
$IMU,26848.560,-0.427,0.183,0.061,0.05908,1.00927,0.08300,28.64
$IMU,26848.563,-0.427,-0.061,0.000,0.05761,1.00976,0.08154,28.64
$IMU,26848.565,-0.488,0.061,-0.122,0.05810,1.01171,0.08447,28.64
$IMU,26848.567,-0.427,-0.122,-0.122,0.05761,1.01074,0.08251,28.64
$MAG,26848.568,-0.430,-0.507,-0.660,27.6
$IMU,26848.570,-0.427,-0.122,-0.122,0.05859,1.00781,0.08496,28.64
$IMU,26848.572,-0.488,0.061,-0.122,0.05615,1.00830,0.08740,28.64
$IMU,26848.574,-0.488,0.122,-0.122,0.05712,1.00781,0.08642,28.64
$IMU,26848.577,-0.366,-0.183,-0.061,0.05517,1.01269,0.08496,28.64
$MAG,26848.578,-0.438,-0.507,-0.672,27.6
$IMU,26848.579,-0.305,-0.183,0.000,0.05908,1.00585,0.08398,28.60
$IMU,26848.581,-0.305,-0.122,-0.061,0.05810,1.00781,0.08886,28.60
$IMU,26848.584,-0.244,-0.122,-0.183,0.05810,1.00732,0.08544,28.60
$IMU,26848.586,-0.183,-0.122,-0.244,0.06005,1.00927,0.08447,28.60
$MAG,26848.588,-0.441,-0.496,-0.669,27.6
$IMU,26848.588,-0.244,-0.061,-0.244,0.05712,1.00732,0.08496,28.60
$IMU,26848.591,-0.183,-0.122,-0.122,0.05712,1.00537,0.08496,28.60
$IMU,26848.593,0.000,-0.183,-0.183,0.05761,1.00732,0.08300,28.60
$IMU,26848.595,0.061,-0.183,-0.183,0.06152,1.00927,0.08642,28.60
$HUM,26848.598,34.0,29.1
$MAG,26848.598,-0.433,-0.493,-0.667,27.7
$IMU,26848.598,-0.122,0.000,-0.122,0.05908,1.00878,0.08496,28.67
$IMU,26848.600,-0.183,0.000,-0.122,0.05957,1.01123,0.08398,28.67
$IMU,26848.602,-0.061,-0.244,-0.183,0.05566,1.01025,0.08544,28.67
$IMU,26848.605,-0.122,-0.183,-0.305,0.06005,1.00830,0.08447,28.67
$IMU,26848.607,-0.183,-0.061,-0.244,0.05664,1.00341,0.08349,28.67
$MAG,26848.608,-0.432,-0.501,-0.675,27.5
$IMU,26848.610,-0.183,-0.244,-0.183,0.05761,1.01074,0.08154,28.67
$IMU,26848.612,-0.183,0.000,-0.183,0.05908,1.00976,0.08398,28.67
$IMU,26848.614,-0.183,0.061,-0.183,0.05859,1.01171,0.08154,28.67
$IMU,26848.617,-0.183,-0.061,-0.183,0.06054,1.01123,0.08007,28.63
$MAG,26848.618,-0.424,-0.507,-0.670,27.5
$IMU,26848.619,-0.183,-0.061,-0.183,0.06005,1.00976,0.08154,28.63
$IMU,26848.621,-0.305,0.122,-0.244,0.05761,1.01367,0.08105,28.63
$IMU,26848.624,-0.244,-0.122,-0.244,0.05664,1.00781,0.08300,28.63
$IMU,26848.626,-0.244,-0.122,-0.122,0.05957,1.00732,0.08349,28.63
$MAG,26848.628,-0.433,-0.504,-0.658,27.6
$IMU,26848.628,-0.305,-0.061,-0.122,0.05615,1.00634,0.08203,28.63
$IMU,26848.631,-0.244,-0.183,-0.183,0.05859,1.00976,0.08154,28.63
$IMU,26848.633,-0.305,-0.061,-0.061,0.05664,1.00781,0.07958,28.63
$BARO,26848.634,86859.67,28.59
$IMU,26848.635,-0.244,-0.061,-0.122,0.05761,1.01123,0.08300,28.64
$IMU,26848.638,-0.244,0.000,-0.305,0.05664,1.01269,0.08398,28.64
$MAG,26848.639,-0.430,-0.504,-0.673,27.6
$IMU,26848.640,-0.366,0.061,-0.244,0.05810,1.00830,0.08300,28.64
$IMU,26848.642,-0.244,0.000,-0.183,0.05468,1.00732,0.08349,28.64
$IMU,26848.645,-0.244,-0.122,-0.183,0.05566,1.00878,0.08203,28.64
$IMU,26848.647,-0.366,-0.061,-0.122,0.05566,1.00634,0.08203,28.64
$MAG,26848.649,-0.435,-0.508,-0.670,27.6
$IMU,26848.649,-0.305,-0.122,-0.061,0.05761,1.00830,0.08349,28.64
$IMU,26848.652,-0.244,-0.061,-0.183,0.06005,1.01220,0.08251,28.64
$IMU,26848.654,-0.366,0.000,-0.122,0.05859,1.00830,0.08496,28.68
$IMU,26848.656,-0.305,-0.061,-0.183,0.06005,1.00781,0.08691,28.68
$MAG,26848.659,-0.438,-0.502,-0.667,27.6
$IMU,26848.659,-0.183,-0.244,-0.183,0.05761,1.00878,0.08300,28.68
$IMU,26848.661,-0.183,-0.122,-0.183,0.05664,1.01123,0.08447,28.68
$IMU,26848.663,-0.305,0.000,-0.183,0.05566,1.00927,0.08398,28.68
$IMU,26848.666,-0.305,0.000,-0.183,0.05761,1.00927,0.08105,28.68
$IMU,26848.668,-0.183,-0.183,-0.183,0.05664,1.01074,0.08300,28.68
$MAG,26848.669,-0.429,-0.499,-0.672,27.6
$IMU,26848.671,-0.183,-0.244,-0.183,0.06103,1.01074,0.08251,28.68
$IMU,26848.673,-0.305,-0.061,-0.244,0.05908,1.01123,0.08349,28.66
$IMU,26848.675,-0.305,-0.061,-0.244,0.05712,1.01025,0.08105,28.66
$IMU,26848.678,-0.366,0.061,-0.183,0.05908,1.00976,0.08203,28.66
$MAG,26848.679,-0.436,-0.511,-0.673,27.6
$IMU,26848.680,-0.305,0.000,-0.183,0.05761,1.00634,0.08251,28.66
$IMU,26848.682,-0.244,-0.061,-0.183,0.05664,1.00878,0.08642,28.66
$IMU,26848.685,-0.244,-0.183,-0.183,0.05810,1.00732,0.08203,28.66
$IMU,26848.687,-0.244,-0.122,-0.183,0.05810,1.01025,0.08593,28.66
$MAG,26848.689,-0.442,-0.510,-0.675,27.6
$IMU,26848.689,-0.366,0.061,-0.183,0.05371,1.00878,0.08593,28.66
$IMU,26848.692,-0.244,0.000,-0.244,0.05761,1.00878,0.08544,28.64
$IMU,26848.694,-0.183,-0.183,-0.244,0.05957,1.01171,0.08398,28.64
$IMU,26848.696,-0.244,-0.122,-0.122,0.05615,1.01123,0.08251,28.64
$MAG,26848.699,-0.436,-0.504,-0.667,27.6
$IMU,26848.699,-0.244,-0.061,-0.122,0.05859,1.00976,0.08300,28.64
$IMU,26848.701,-0.305,0.000,-0.183,0.05664,1.00830,0.08251,28.64
$IMU,26848.703,-0.244,-0.061,-0.183,0.05859,1.00976,0.08105,28.64
$IMU,26848.706,-0.244,0.000,-0.183,0.05664,1.00683,0.08251,28.64
$IMU,26848.708,-0.122,-0.183,-0.183,0.06005,1.00732,0.08251,28.64
$MAG,26848.709,-0.439,-0.504,-0.672,27.6
$IMU,26848.710,-0.122,-0.122,-0.122,0.05712,1.01171,0.08203,28.65
$IMU,26848.713,-0.183,-0.122,-0.122,0.05712,1.00732,0.08007,28.65
$IMU,26848.715,-0.244,-0.122,-0.183,0.06054,1.00537,0.08544,28.65
$IMU,26848.717,-0.183,-0.061,-0.183,0.05664,1.00634,0.08251,28.65
$MAG,26848.719,-0.441,-0.510,-0.673,27.6
$IMU,26848.720,-0.183,-0.244,-0.122,0.05810,1.00683,0.08154,28.65
$IMU,26848.722,-0.183,-0.122,-0.183,0.06054,1.00537,0.08251,28.65
$IMU,26848.724,-0.305,-0.122,-0.183,0.06201,1.00927,0.08349,28.65
$IMU,26848.727,-0.366,0.061,-0.183,0.05810,1.00830,0.08349,28.65
$IMU,26848.729,-0.366,0.000,-0.183,0.05761,1.00927,0.08349,28.64
$MAG,26848.729,-0.424,-0.507,-0.654,27.6
$IMU,26848.732,-0.427,-0.122,-0.183,0.05957,1.01025,0.08251,28.64
$IMU,26848.734,-0.366,-0.183,-0.183,0.05615,1.00878,0.08398,28.64
$BARO,26848.736,86866.86,28.59
$IMU,26848.736,-0.366,0.000,-0.244,0.05712,1.00878,0.08544,28.64
$MAG,26848.739,-0.433,-0.510,-0.681,27.6
$IMU,26848.739,-0.488,-0.061,-0.244,0.05957,1.01269,0.08447,28.64
$IMU,26848.741,-0.427,0.122,-0.122,0.05517,1.01025,0.08447,28.64
$IMU,26848.743,-0.427,0.061,-0.122,0.06201,1.01220,0.08447,28.64
$IMU,26848.746,-0.366,-0.061,-0.122,0.05664,1.01074,0.08544,28.64
$IMU,26848.748,-0.305,0.000,-0.183,0.05957,1.01367,0.08496,28.70
$MAG,26848.750,-0.427,-0.504,-0.667,27.6
$IMU,26848.750,-0.305,0.061,-0.183,0.05810,1.01074,0.08398,28.70
$IMU,26848.753,-0.244,0.061,-0.305,0.05761,1.00830,0.08593,28.70
$IMU,26848.755,-0.122,-0.183,-0.244,0.05664,1.00878,0.08447,28.70
$IMU,26848.757,-0.122,-0.244,-0.183,0.05859,1.00878,0.08398,28.70
$MAG,26848.760,-0.433,-0.502,-0.666,27.6
$IMU,26848.760,-0.061,-0.122,-0.122,0.05761,1.01318,0.08447,28.70
$IMU,26848.762,-0.061,0.000,-0.244,0.05468,1.01025,0.08496,28.70
$IMU,26848.764,0.000,-0.061,-0.244,0.05664,1.01074,0.08300,28.70
$IMU,26848.767,-0.061,0.122,-0.183,0.05712,1.01171,0.08251,28.63
$IMU,26848.769,-0.061,-0.183,-0.305,0.05712,1.00976,0.08349,28.63
$MAG,26848.770,-0.433,-0.507,-0.670,27.6
$IMU,26848.771,0.000,-0.122,-0.305,0.05615,1.00537,0.08496,28.63
$IMU,26848.774,0.000,-0.244,-0.122,0.05468,1.00732,0.08349,28.63
$IMU,26848.776,-0.244,-0.061,-0.122,0.05371,1.01123,0.08154,28.63
$IMU,26848.778,-0.183,-0.061,-0.122,0.05664,1.00976,0.08203,28.63
$MAG,26848.780,-0.432,-0.505,-0.673,27.6
$IMU,26848.781,-0.244,-0.122,-0.122,0.05859,1.01074,0.08349,28.63
$IMU,26848.783,-0.305,0.000,-0.183,0.06005,1.00878,0.08105,28.63
$IMU,26848.785,-0.305,-0.061,-0.244,0.05566,1.01123,0.08203,28.65
$IMU,26848.788,-0.366,-0.122,-0.244,0.05761,1.00830,0.08349,28.65
$MAG,26848.790,-0.430,-0.510,-0.670,27.6
$IMU,26848.790,-0.366,0.000,-0.183,0.05712,1.01025,0.08349,28.65
$IMU,26848.793,-0.366,0.000,-0.122,0.05517,1.01171,0.08300,28.65
$IMU,26848.795,-0.305,-0.122,-0.061,0.05810,1.00976,0.08203,28.65
$IMU,26848.797,-0.244,-0.061,-0.061,0.06005,1.01025,0.08154,28.65
$MAG,26848.800,-0.432,-0.505,-0.664,27.6
$IMU,26848.800,-0.366,-0.061,-0.183,0.05664,1.00927,0.08398,28.65
$IMU,26848.802,-0.244,-0.244,-0.244,0.05615,1.00927,0.08203,28.65
$IMU,26848.804,-0.305,-0.061,-0.244,0.05615,1.00781,0.08154,28.66
$IMU,26848.807,-0.305,-0.244,-0.244,0.05419,1.00781,0.08300,28.66
$IMU,26848.809,-0.305,-0.061,-0.183,0.05566,1.00781,0.08349,28.66
$MAG,26848.810,-0.429,-0.504,-0.669,27.6
$IMU,26848.811,-0.305,-0.122,-0.122,0.05712,1.00732,0.08349,28.66
$IMU,26848.814,-0.244,-0.122,-0.122,0.05517,1.00683,0.08349,28.66
$IMU,26848.816,-0.305,0.000,-0.122,0.05761,1.00878,0.08740,28.66
$IMU,26848.818,-0.244,-0.061,-0.183,0.05810,1.01025,0.08251,28.66
$MAG,26848.820,-0.436,-0.495,-0.678,27.5
$IMU,26848.821,-0.305,0.000,-0.244,0.05664,1.00878,0.08349,28.66
$IMU,26848.823,-0.366,-0.061,-0.244,0.05468,1.00634,0.08544,28.64
$IMU,26848.825,-0.305,-0.061,-0.183,0.05566,1.00634,0.08691,28.64
$IMU,26848.828,-0.305,0.000,-0.061,0.05615,1.00781,0.08544,28.64
$MAG,26848.830,-0.429,-0.505,-0.661,27.6
$IMU,26848.830,-0.366,-0.122,-0.061,0.05859,1.01025,0.08447,28.64
$IMU,26848.832,-0.366,-0.061,0.000,0.06005,1.01123,0.08251,28.64
$IMU,26848.835,-0.305,-0.061,-0.183,0.06103,1.00878,0.08593,28.64
$BARO,26848.837,86859.82,28.59
$IMU,26848.837,-0.305,-0.122,-0.183,0.06005,1.00927,0.08544,28.64
$IMU,26848.839,-0.305,0.000,-0.183,0.05615,1.00878,0.08447,28.64
$MAG,26848.840,-0.438,-0.508,-0.673,27.6
$IMU,26848.842,-0.305,0.061,-0.183,0.05810,1.01074,0.08447,28.65
$IMU,26848.844,-0.305,-0.061,-0.122,0.06005,1.00878,0.08496,28.65
$IMU,26848.846,-0.183,-0.122,-0.061,0.05908,1.00830,0.08349,28.65
$IMU,26848.849,-0.244,0.000,-0.061,0.05664,1.01123,0.08105,28.65
$MAG,26848.850,-0.436,-0.505,-0.667,27.6
$IMU,26848.851,-0.183,-0.183,-0.122,0.05957,1.01220,0.08300,28.65
$IMU,26848.853,-0.183,-0.183,-0.244,0.05810,1.00683,0.08447,28.65
$IMU,26848.856,-0.244,0.000,-0.305,0.05517,1.01171,0.08398,28.65
$IMU,26848.858,-0.183,-0.244,-0.305,0.05810,1.00683,0.08203,28.65
$MAG,26848.861,-0.427,-0.495,-0.675,27.7
$IMU,26848.861,-0.061,-0.183,-0.122,0.05712,1.00878,0.08544,28.63
$IMU,26848.863,-0.183,-0.061,-0.061,0.05761,1.00732,0.08251,28.63
$IMU,26848.865,-0.183,-0.122,-0.061,0.05712,1.00781,0.08203,28.63
$IMU,26848.868,-0.305,0.000,-0.122,0.06054,1.01025,0.08398,28.63
$IMU,26848.870,-0.183,0.000,-0.183,0.06201,1.00683,0.08398,28.63
$MAG,26848.871,-0.435,-0.502,-0.672,27.6
$IMU,26848.872,-0.122,-0.244,-0.183,0.05859,1.01074,0.08300,28.63
$IMU,26848.875,-0.122,-0.183,-0.244,0.05859,1.00927,0.08349,28.63
$IMU,26848.877,-0.244,0.000,-0.183,0.05664,1.00781,0.08642,28.63
$IMU,26848.879,-0.305,-0.061,-0.183,0.05761,1.00634,0.08251,28.68
$IMU,26848.882,-0.244,-0.122,-0.122,0.06005,1.00732,0.08300,28.68
$MAG,26848.881,-0.427,-0.508,-0.673,27.7
$IMU,26848.884,-0.183,-0.061,-0.061,0.05859,1.01171,0.08398,28.68
$IMU,26848.886,-0.183,-0.061,-0.122,0.06152,1.00976,0.08398,28.68
$IMU,26848.889,-0.183,0.000,-0.183,0.05859,1.00976,0.08496,28.68
$MAG,26848.891,-0.436,-0.504,-0.678,27.6
$IMU,26848.891,-0.244,0.000,-0.244,0.05908,1.01025,0.08349,28.68
$IMU,26848.893,-0.305,-0.061,-0.244,0.05761,1.00634,0.08300,28.68
$IMU,26848.896,-0.305,-0.061,-0.183,0.05957,1.01074,0.08007,28.68
$IMU,26848.898,-0.244,0.000,-0.122,0.06152,1.01025,0.08105,28.63
$IMU,26848.900,-0.183,-0.183,-0.061,0.05566,1.00585,0.08056,28.63
$MAG,26848.901,-0.430,-0.513,-0.667,27.6
$IMU,26848.903,-0.244,-0.061,-0.061,0.05859,1.00830,0.08349,28.63
$IMU,26848.905,-0.305,0.000,-0.122,0.05810,1.00976,0.08300,28.63
$IMU,26848.907,-0.305,-0.122,-0.183,0.05712,1.00878,0.08642,28.63
$IMU,26848.910,-0.244,-0.183,-0.122,0.06054,1.00878,0.08398,28.63
$MAG,26848.911,-0.424,-0.507,-0.667,27.6
$IMU,26848.912,-0.244,-0.061,-0.061,0.05712,1.00927,0.08544,28.63
$IMU,26848.914,-0.244,-0.122,-0.122,0.05517,1.01025,0.08300,28.63
$IMU,26848.917,-0.305,0.000,-0.061,0.05859,1.00634,0.08300,28.64
$IMU,26848.919,-0.305,0.061,-0.122,0.06054,1.00830,0.08496,28.64
$MAG,26848.921,-0.429,-0.507,-0.663,27.6
$IMU,26848.922,-0.244,-0.183,-0.122,0.05761,1.00927,0.08447,28.64
$IMU,26848.924,-0.183,-0.122,-0.183,0.05810,1.00830,0.08300,28.64
$IMU,26848.926,-0.244,0.000,-0.244,0.05761,1.00878,0.08300,28.64
$IMU,26848.929,-0.183,-0.122,-0.244,0.05810,1.00537,0.08447,28.64
$IMU,26848.931,-0.244,-0.122,-0.122,0.05664,1.00878,0.08203,28.64
$MAG,26848.931,-0.435,-0.502,-0.670,27.6
$IMU,26848.933,-0.183,-0.061,-0.122,0.05810,1.00781,0.08398,28.64
$IMU,26848.936,-0.183,-0.244,-0.061,0.05615,1.00732,0.08349,28.66
$IMU,26848.938,-0.244,-0.244,-0.122,0.05859,1.01025,0.08398,28.66
$BARO,26848.939,86869.55,28.59
$IMU,26848.940,-0.305,-0.122,-0.122,0.05517,1.01025,0.08447,28.66
$MAG,26848.941,-0.433,-0.511,-0.661,27.6
$IMU,26848.943,-0.366,-0.122,-0.305,0.05566,1.01416,0.08740,28.66
$IMU,26848.945,-0.305,-0.061,-0.183,0.05810,1.01025,0.08447,28.66
$IMU,26848.947,-0.305,-0.183,-0.183,0.05664,1.00732,0.08496,28.66
$IMU,26848.950,-0.427,-0.183,-0.183,0.05566,1.00878,0.08447,28.66
$MAG,26848.951,-0.432,-0.507,-0.676,27.6
$IMU,26848.952,-0.366,0.000,-0.183,0.05615,1.00781,0.08398,28.66
$IMU,26848.954,-0.305,0.061,-0.122,0.06005,1.01220,0.08544,28.64
$IMU,26848.957,-0.244,-0.061,-0.122,0.05908,1.00976,0.08447,28.64
$IMU,26848.959,-0.183,-0.061,-0.183,0.05761,1.00878,0.08349,28.64
$MAG,26848.961,-0.427,-0.508,-0.666,27.6
$IMU,26848.961,-0.183,-0.061,-0.244,0.05810,1.00732,0.08203,28.64
$IMU,26848.964,-0.122,-0.244,-0.183,0.05664,1.00830,0.08740,28.64
$IMU,26848.966,-0.122,-0.122,-0.244,0.05615,1.00732,0.08544,28.64
$IMU,26848.968,-0.183,0.061,-0.244,0.05761,1.01367,0.08349,28.64
$IMU,26848.971,-0.122,-0.061,-0.183,0.05761,1.00878,0.08398,28.64
$MAG,26848.972,-0.436,-0.499,-0.673,27.6
$IMU,26848.973,-0.183,0.000,-0.244,0.05859,1.00634,0.08154,28.64
$IMU,26848.975,-0.122,-0.061,-0.244,0.05810,1.00781,0.08398,28.64
$IMU,26848.978,-0.122,-0.122,-0.183,0.05810,1.00830,0.08447,28.64
$IMU,26848.980,-0.183,-0.122,-0.244,0.05859,1.00878,0.08496,28.64
$MAG,26848.982,-0.429,-0.499,-0.672,27.6
$IMU,26848.983,-0.183,0.000,-0.244,0.05761,1.00634,0.08349,28.64
$IMU,26848.985,-0.244,0.000,-0.183,0.05664,1.00634,0.08398,28.64
$IMU,26848.987,-0.183,-0.183,-0.244,0.05566,1.00634,0.08300,28.64
$IMU,26848.990,-0.305,0.061,-0.061,0.05664,1.00976,0.08496,28.64
$MAG,26848.992,-0.433,-0.508,-0.673,27.6
$IMU,26848.992,-0.305,-0.061,-0.183,0.05712,1.00683,0.08398,28.65
$IMU,26848.994,-0.366,0.061,-0.122,0.05908,1.01025,0.08154,28.65
$IMU,26848.997,-0.305,-0.122,-0.061,0.05761,1.00976,0.08007,28.65
$IMU,26848.999,-0.244,-0.244,-0.183,0.05664,1.01025,0.08056,28.65
$IMU,26849.001,-0.305,-0.244,-0.183,0.05859,1.01025,0.08154,28.65
$MAG,26849.002,-0.430,-0.507,-0.675,27.6
$IMU,26849.004,-0.305,-0.244,-0.244,0.05810,1.00732,0.08496,28.65
$IMU,26849.006,-0.427,0.000,-0.244,0.05859,1.01074,0.08544,28.65
$IMU,26849.008,-0.366,-0.122,-0.244,0.05859,1.00439,0.08300,28.65
$IMU,26849.011,-0.305,0.000,-0.122,0.05859,1.00683,0.08007,28.65
$MAG,26849.012,-0.435,-0.510,-0.664,27.6
$IMU,26849.013,-0.305,-0.183,-0.061,0.05761,1.00439,0.08447,28.65
$IMU,26849.015,-0.427,-0.122,-0.183,0.05712,1.00732,0.08740,28.65
$IMU,26849.018,-0.366,-0.122,-0.122,0.05615,1.01367,0.08251,28.65
$IMU,26849.020,-0.366,-0.061,-0.183,0.05615,1.01123,0.08691,28.65
$MAG,26849.022,-0.430,-0.501,-0.672,27.6
$IMU,26849.022,-0.244,-0.183,-0.244,0.05615,1.00976,0.08496,28.65
$IMU,26849.025,-0.244,-0.122,-0.183,0.05712,1.00439,0.08691,28.65
$IMU,26849.027,-0.244,-0.061,-0.183,0.05664,1.00537,0.08496,28.65
$IMU,26849.029,-0.183,-0.183,-0.183,0.06054,1.01123,0.08349,28.67
$MAG,26849.032,-0.430,-0.507,-0.672,27.6
$IMU,26849.032,-0.305,0.061,-0.061,0.05810,1.01025,0.08398,28.67
$IMU,26849.034,-0.244,0.122,-0.122,0.05859,1.01025,0.08593,28.67
$IMU,26849.036,-0.122,-0.122,-0.183,0.05761,1.00781,0.08496,28.67
$IMU,26849.039,-0.122,-0.183,-0.244,0.06005,1.00585,0.08544,28.67
$BARO,26849.040,86871.11,28.59
$IMU,26849.041,-0.122,-0.061,-0.244,0.05371,1.01171,0.08203,28.67
$MAG,26849.042,-0.433,-0.502,-0.667,27.6
$IMU,26849.044,-0.244,0.000,-0.183,0.05712,1.00976,0.08154,28.67
$IMU,26849.046,-0.244,0.061,-0.122,0.05664,1.01123,0.08349,28.67
$IMU,26849.048,-0.244,0.000,-0.061,0.05810,1.00830,0.08349,28.67
$IMU,26849.051,-0.183,-0.183,-0.183,0.06298,1.01171,0.08251,28.67
$MAG,26849.052,-0.426,-0.499,-0.666,27.6
$IMU,26849.053,-0.122,-0.244,-0.183,0.06152,1.01171,0.08056,28.67
$IMU,26849.055,-0.183,0.000,-0.244,0.05761,1.00781,0.08154,28.67
$IMU,26849.058,-0.122,-0.183,-0.305,0.05664,1.00732,0.08105,28.67
$IMU,26849.060,-0.183,-0.183,-0.244,0.05712,1.01074,0.08154,28.67
$MAG,26849.062,-0.436,-0.507,-0.676,27.6
$IMU,26849.062,-0.305,0.000,-0.183,0.05761,1.00439,0.08349,28.67
$IMU,26849.065,-0.305,-0.122,-0.183,0.05712,1.00976,0.08447,28.67
$IMU,26849.067,-0.244,-0.183,-0.122,0.05712,1.01123,0.08398,28.63
$IMU,26849.069,-0.305,0.000,-0.061,0.05957,1.00683,0.08300,28.63
$MAG,26849.072,-0.429,-0.502,-0.670,27.6
$IMU,26849.072,-0.427,0.061,-0.183,0.06103,1.00732,0.08105,28.63
$IMU,26849.074,-0.305,-0.122,-0.305,0.05615,1.00927,0.08300,28.63
$IMU,26849.076,-0.305,-0.122,-0.183,0.05908,1.01025,0.08398,28.63
$IMU,26849.079,-0.244,-0.183,-0.122,0.05615,1.01123,0.08300,28.63
$IMU,26849.081,-0.244,-0.122,-0.061,0.05566,1.01025,0.08349,28.63
$IMU,26849.083,-0.305,-0.183,0.000,0.05615,1.01171,0.08251,28.63
$MAG,26849.083,-0.430,-0.501,-0.670,27.6
$IMU,26849.086,-0.305,-0.061,-0.122,0.05957,1.01074,0.08300,28.67
$IMU,26849.088,-0.305,0.000,-0.183,0.05810,1.01025,0.07958,28.67
$IMU,26849.090,-0.183,-0.122,-0.183,0.05712,1.00634,0.08496,28.67
$MAG,26849.093,-0.433,-0.502,-0.666,27.8
$IMU,26849.093,-0.122,-0.305,-0.183,0.05517,1.00878,0.08740,28.67
$IMU,26849.095,-0.305,-0.061,-0.183,0.05664,1.01123,0.08886,28.67
$IMU,26849.097,-0.305,-0.061,-0.122,0.05810,1.00683,0.08349,28.67
$IMU,26849.100,-0.244,-0.183,-0.061,0.05957,1.01025,0.08447,28.67
$IMU,26849.102,-0.244,-0.122,-0.122,0.05908,1.01123,0.08300,28.67
$MAG,26849.103,-0.424,-0.499,-0.667,27.7
$IMU,26849.105,-0.305,-0.122,-0.122,0.06054,1.00830,0.08056,28.65
$IMU,26849.107,-0.305,-0.122,-0.183,0.05957,1.00927,0.08300,28.65
$IMU,26849.109,-0.305,-0.061,-0.244,0.05712,1.00830,0.08398,28.65
$IMU,26849.112,-0.427,0.122,-0.244,0.05468,1.00878,0.08496,28.65
$MAG,26849.113,-0.438,-0.508,-0.663,27.6
$IMU,26849.114,-0.244,-0.061,-0.183,0.05761,1.00585,0.08251,28.65
$IMU,26849.116,-0.244,-0.183,-0.122,0.05712,1.00634,0.08496,28.65
$IMU,26849.119,-0.305,-0.061,-0.061,0.05908,1.00781,0.08154,28.65
$IMU,26849.121,-0.244,0.000,-0.122,0.05468,1.00830,0.08007,28.65
$MAG,26849.123,-0.433,-0.504,-0.673,27.6
$IMU,26849.123,-0.183,-0.122,-0.244,0.05859,1.00878,0.08154,28.67
$IMU,26849.126,-0.244,-0.061,-0.244,0.05615,1.00830,0.08251,28.67
$IMU,26849.128,-0.244,0.000,-0.244,0.05273,1.00976,0.08496,28.67
$IMU,26849.130,-0.183,-0.122,-0.244,0.05517,1.00830,0.08203,28.67
$MAG,26849.133,-0.435,-0.502,-0.666,27.7
$IMU,26849.133,-0.183,-0.061,-0.183,0.05859,1.00439,0.08349,28.67
$IMU,26849.135,-0.305,0.183,-0.122,0.05761,1.00878,0.08496,28.67
$IMU,26849.137,-0.305,0.061,-0.061,0.05664,1.01123,0.08447,28.67
$IMU,26849.140,-0.183,-0.122,-0.122,0.05957,1.01123,0.08251,28.67
$BARO,26849.141,86865.87,28.59
$IMU,26849.142,-0.305,-0.122,-0.244,0.06054,1.01025,0.08300,28.66
$MAG,26849.143,-0.439,-0.502,-0.663,27.7
$IMU,26849.144,-0.244,-0.061,-0.244,0.05664,1.01220,0.08398,28.66
$IMU,26849.147,-0.244,-0.061,-0.183,0.05566,1.00830,0.08251,28.66
$IMU,26849.149,-0.244,-0.122,-0.183,0.05566,1.00927,0.08447,28.66
$IMU,26849.151,-0.244,-0.061,-0.122,0.05810,1.00488,0.08398,28.66
$MAG,26849.153,-0.429,-0.501,-0.676,27.6
$IMU,26849.154,-0.122,-0.061,0.000,0.05810,1.00830,0.08544,28.66
$IMU,26849.156,-0.122,-0.183,-0.183,0.06005,1.00634,0.08251,28.66
$IMU,26849.158,-0.244,-0.183,-0.244,0.05957,1.00781,0.08203,28.66
$IMU,26849.161,-0.244,0.000,-0.244,0.05761,1.00830,0.08203,28.63
$MAG,26849.163,-0.430,-0.508,-0.681,27.6
$IMU,26849.163,-0.305,-0.061,-0.244,0.05859,1.00781,0.08398,28.63
$IMU,26849.166,-0.305,-0.183,-0.244,0.05712,1.00927,0.08544,28.63
$IMU,26849.168,-0.305,-0.183,-0.122,0.05908,1.00732,0.08593,28.63
$IMU,26849.170,-0.305,0.061,-0.061,0.05664,1.01074,0.08544,28.63
$VBAT,26849.170,4.122
$MAG,26849.173,-0.435,-0.511,-0.670,27.7
$IMU,26849.173,-0.305,0.061,-0.122,0.05615,1.00732,0.08447,28.63
$IMU,26849.175,-0.305,0.000,-0.122,0.05712,1.00878,0.08642,28.63
$IMU,26849.177,-0.244,-0.183,-0.183,0.05761,1.00927,0.08251,28.63
$IMU,26849.180,-0.244,-0.122,-0.183,0.05810,1.00585,0.08447,28.64
$IMU,26849.182,-0.244,-0.183,-0.183,0.05712,1.00830,0.08740,28.64
$MAG,26849.183,-0.435,-0.493,-0.669,27.5
$IMU,26849.184,-0.305,-0.061,-0.244,0.05615,1.00732,0.08300,28.64
$IMU,26849.187,-0.305,0.000,-0.122,0.05371,1.00634,0.08496,28.64
$IMU,26849.189,-0.244,0.000,-0.122,0.05957,1.00830,0.08349,28.64
$IMU,26849.191,-0.244,-0.244,-0.183,0.05810,1.00830,0.08300,28.64
$MAG,26849.193,-0.438,-0.505,-0.663,27.6
$IMU,26849.194,-0.183,-0.183,-0.183,0.06152,1.00585,0.08300,28.64
$IMU,26849.196,-0.183,0.061,-0.244,0.05957,1.00878,0.08349,28.64
$IMU,26849.198,-0.244,0.000,-0.305,0.05712,1.00732,0.08349,28.70
$IMU,26849.201,-0.244,-0.061,-0.244,0.05566,1.00830,0.08593,28.70
$IMU,26849.203,-0.305,0.061,-0.122,0.05664,1.00634,0.08398,28.70
$MAG,26849.204,-0.436,-0.499,-0.673,27.5
$IMU,26849.205,-0.183,-0.122,-0.183,0.05712,1.01123,0.08544,28.70
$IMU,26849.208,-0.183,-0.061,-0.122,0.05712,1.00878,0.08154,28.70
$IMU,26849.210,-0.122,-0.183,-0.122,0.06005,1.01025,0.08105,28.70
$IMU,26849.212,-0.183,-0.183,-0.183,0.05712,1.01074,0.08251,28.70
$MAG,26849.214,-0.433,-0.507,-0.666,27.6
$IMU,26849.215,-0.244,-0.061,-0.244,0.05712,1.01123,0.08251,28.70
$IMU,26849.217,-0.244,-0.061,-0.305,0.05761,1.00683,0.08203,28.68
$IMU,26849.219,-0.244,-0.183,-0.244,0.05712,1.01123,0.08007,28.68
$IMU,26849.222,-0.122,-0.244,-0.183,0.05517,1.00927,0.08203,28.68
$MAG,26849.224,-0.432,-0.501,-0.667,27.6
$IMU,26849.224,-0.183,0.000,-0.122,0.05761,1.00927,0.08300,28.68
$IMU,26849.227,-0.305,0.122,-0.061,0.05712,1.00878,0.08398,28.68
$IMU,26849.229,-0.183,-0.244,-0.183,0.06103,1.01171,0.08447,28.68
$IMU,26849.231,-0.183,-0.244,-0.122,0.05810,1.01025,0.08496,28.68
$MAG,26849.234,-0.430,-0.507,-0.666,27.6
$IMU,26849.234,-0.305,-0.122,-0.244,0.05761,1.00976,0.08203,28.68
$IMU,26849.236,-0.183,-0.122,-0.244,0.05664,1.00781,0.08154,28.64
$IMU,26849.238,-0.366,0.000,-0.122,0.05664,1.00976,0.08398,28.64
$IMU,26849.241,-0.305,-0.122,-0.183,0.05859,1.00830,0.08300,28.64
$BARO,26849.243,86859.97,28.60
$IMU,26849.243,-0.183,-0.183,-0.061,0.05908,1.00976,0.08593,28.64
$MAG,26849.244,-0.438,-0.499,-0.666,27.6
$IMU,26849.245,-0.244,-0.122,-0.061,0.05908,1.00830,0.08496,28.64
$IMU,26849.248,-0.183,-0.122,-0.122,0.05859,1.00878,0.08203,28.64
$IMU,26849.250,-0.244,0.000,-0.244,0.05859,1.00976,0.08154,28.64
$IMU,26849.252,-0.183,-0.183,-0.183,0.05761,1.00878,0.08398,28.64
$MAG,26849.254,-0.438,-0.511,-0.666,27.6
$IMU,26849.255,-0.366,0.000,-0.244,0.05908,1.00878,0.08300,28.61
$IMU,26849.257,-0.244,0.000,-0.183,0.05859,1.00683,0.08105,28.61
$IMU,26849.259,-0.183,-0.183,-0.122,0.06005,1.00781,0.08398,28.61
$IMU,26849.262,-0.244,0.061,-0.122,0.05712,1.00781,0.08496,28.61
$MAG,26849.264,-0.427,-0.505,-0.673,27.6
$IMU,26849.264,-0.366,-0.061,-0.122,0.05859,1.01025,0.08691,28.61
$IMU,26849.266,-0.305,0.000,-0.122,0.05957,1.00927,0.08398,28.61
$IMU,26849.269,-0.244,0.000,-0.183,0.05615,1.00878,0.08203,28.61
$IMU,26849.271,-0.183,-0.366,-0.183,0.05712,1.00683,0.08496,28.61
$IMU,26849.273,-0.183,-0.183,-0.183,0.05615,1.00927,0.08447,28.61
$MAG,26849.274,-0.427,-0.504,-0.675,27.6
$IMU,26849.276,-0.244,0.000,-0.122,0.05810,1.01220,0.08349,28.61
$IMU,26849.278,-0.305,0.000,-0.122,0.05810,1.00732,0.08398,28.61
$IMU,26849.280,-0.183,-0.122,-0.122,0.05908,1.00976,0.08544,28.61
$IMU,26849.283,-0.061,-0.183,-0.122,0.05761,1.01220,0.08349,28.61
$MAG,26849.284,-0.433,-0.501,-0.678,27.7
$IMU,26849.285,-0.183,-0.061,-0.122,0.06005,1.00976,0.08349,28.61
$IMU,26849.287,-0.244,-0.061,-0.183,0.05810,1.00927,0.08544,28.61
$IMU,26849.290,-0.244,0.000,-0.122,0.05908,1.01123,0.08496,28.61
$IMU,26849.292,-0.305,0.000,-0.183,0.05712,1.00927,0.08447,28.64
$MAG,26849.294,-0.424,-0.505,-0.666,27.7
$IMU,26849.295,-0.244,-0.122,-0.244,0.06054,1.00830,0.08154,28.64
$IMU,26849.297,-0.305,-0.061,-0.183,0.05664,1.00732,0.08544,28.64
$IMU,26849.299,-0.305,0.000,-0.122,0.05859,1.01025,0.08593,28.64
$IMU,26849.302,-0.244,-0.061,-0.122,0.05859,1.01318,0.08251,28.64
$MAG,26849.304,-0.433,-0.496,-0.669,27.6
$IMU,26849.304,-0.244,0.061,-0.122,0.06201,1.00976,0.08398,28.64
$IMU,26849.306,-0.244,-0.061,-0.183,0.06005,1.00830,0.08447,28.64
$IMU,26849.309,-0.244,-0.122,-0.183,0.05761,1.00683,0.08544,28.64
$IMU,26849.311,-0.244,-0.061,-0.305,0.05664,1.00878,0.08398,28.66
$IMU,26849.313,-0.244,0.061,-0.122,0.05468,1.00781,0.08496,28.66
$MAG,26849.315,-0.436,-0.505,-0.672,27.6
$IMU,26849.316,-0.244,0.061,-0.122,0.05859,1.00732,0.08105,28.66
$IMU,26849.318,-0.183,-0.061,-0.122,0.05859,1.00878,0.08300,28.66
$IMU,26849.320,-0.122,-0.305,-0.061,0.05761,1.00537,0.07958,28.66
$IMU,26849.323,-0.305,-0.183,-0.122,0.05957,1.00683,0.07958,28.66
$MAG,26849.325,-0.433,-0.499,-0.675,27.6
$IMU,26849.325,-0.244,-0.061,-0.183,0.05957,1.00927,0.08251,28.66
$IMU,26849.327,-0.427,-0.061,-0.244,0.05615,1.00830,0.08251,28.66
$IMU,26849.330,-0.427,-0.061,-0.244,0.05615,1.00927,0.08056,28.67
$IMU,26849.332,-0.305,-0.183,-0.244,0.05761,1.00878,0.08203,28.67
$IMU,26849.334,-0.244,-0.244,-0.183,0.05664,1.00732,0.08447,28.67
$MAG,26849.335,-0.436,-0.507,-0.666,27.7
$IMU,26849.337,-0.366,-0.122,-0.122,0.05615,1.00732,0.08154,28.67
$IMU,26849.339,-0.427,0.122,-0.122,0.06201,1.00732,0.08544,28.67
$IMU,26849.341,-0.427,0.122,-0.122,0.05810,1.01025,0.08740,28.67
$BARO,26849.344,86865.40,28.60
$IMU,26849.344,-0.305,-0.061,-0.244,0.05908,1.01123,0.08496,28.67
$MAG,26849.345,-0.436,-0.496,-0.672,27.7
$IMU,26849.346,-0.305,-0.061,-0.305,0.05810,1.00830,0.08349,28.67
$IMU,26849.348,-0.305,-0.183,-0.244,0.05810,1.00488,0.08349,28.64
$IMU,26849.351,-0.305,0.000,-0.122,0.05664,1.00927,0.08544,28.64
$IMU,26849.353,-0.305,0.061,-0.122,0.05566,1.00781,0.08544,28.64
$MAG,26849.355,-0.435,-0.501,-0.669,27.6
$IMU,26849.356,-0.183,-0.061,-0.061,0.05761,1.00976,0.08496,28.64
$IMU,26849.358,-0.183,-0.183,-0.244,0.05908,1.01269,0.08544,28.64
$IMU,26849.360,-0.061,-0.244,-0.244,0.05957,1.01220,0.08642,28.64
$IMU,26849.363,-0.061,-0.122,-0.305,0.05517,1.00683,0.08691,28.64
$MAG,26849.365,-0.424,-0.513,-0.673,27.6
$IMU,26849.365,-0.122,0.000,-0.305,0.05517,1.00878,0.08496,28.64
$IMU,26849.367,-0.061,0.000,-0.183,0.05615,1.00976,0.08251,28.67
$IMU,26849.370,-0.061,-0.122,-0.061,0.05615,1.00683,0.08642,28.67
$IMU,26849.372,0.000,-0.183,-0.122,0.05810,1.00781,0.08447,28.67
$IMU,26849.374,0.000,-0.183,-0.122,0.05615,1.00830,0.08544,28.67
$MAG,26849.375,-0.430,-0.502,-0.667,27.6
$IMU,26849.377,-0.183,-0.122,-0.244,0.06054,1.00927,0.08154,28.67
$IMU,26849.379,-0.244,0.000,-0.244,0.05761,1.01171,0.08007,28.67
$IMU,26849.381,-0.183,-0.061,-0.244,0.05615,1.01074,0.08154,28.67
$IMU,26849.384,-0.183,-0.183,-0.244,0.05615,1.01074,0.08300,28.67
$MAG,26849.385,-0.436,-0.508,-0.670,27.6
$IMU,26849.386,-0.244,-0.061,-0.183,0.05859,1.00878,0.08251,28.66
$IMU,26849.388,-0.305,0.000,-0.122,0.05419,1.01074,0.08105,28.66
$IMU,26849.391,-0.366,0.061,-0.061,0.05810,1.01025,0.08349,28.66
$IMU,26849.393,-0.427,0.122,-0.183,0.05908,1.01123,0.08203,28.66
$MAG,26849.395,-0.433,-0.504,-0.672,27.5
$IMU,26849.395,-0.305,-0.183,-0.183,0.05859,1.01269,0.08251,28.66
$IMU,26849.398,-0.305,-0.122,-0.305,0.05810,1.00927,0.08447,28.66
$TIME,26849.399,510743.000,2399
$IMU,26849.400,-0.366,-0.061,-0.244,0.05712,1.01025,0.08251,28.66
$IMU,26849.402,-0.366,-0.061,-0.122,0.05566,1.00488,0.08203,28.66
$MAG,26849.405,-0.435,-0.502,-0.673,27.7
$IMU,26849.405,-0.366,0.122,-0.061,0.05468,1.01025,0.08349,28.62
$IMU,26849.407,-0.183,-0.122,-0.061,0.05859,1.01220,0.08251,28.62
$IMU,26849.409,-0.366,-0.183,-0.122,0.06054,1.01171,0.08349,28.62
$IMU,26849.412,-0.244,-0.244,-0.244,0.06103,1.01025,0.08251,28.62
$IMU,26849.414,-0.244,0.000,-0.183,0.05859,1.00830,0.08300,28.62
$MAG,26849.415,-0.426,-0.498,-0.663,27.6
$IMU,26849.417,-0.183,-0.183,-0.244,0.05664,1.00976,0.08349,28.62
$IMU,26849.419,-0.244,-0.183,-0.183,0.05908,1.00830,0.08593,28.62
$IMU,26849.421,-0.244,-0.061,-0.122,0.05712,1.00634,0.08740,28.62
$IMU,26849.424,-0.244,-0.061,-0.061,0.05664,1.00927,0.08398,28.66
$MAG,26849.426,-0.435,-0.502,-0.667,27.6
$IMU,26849.426,-0.183,-0.061,-0.061,0.05566,1.00927,0.08300,28.66
$IMU,26849.428,-0.183,-0.061,-0.122,0.05908,1.00878,0.08203,28.66
$IMU,26849.431,-0.183,-0.061,-0.183,0.05761,1.00488,0.08496,28.66
$IMU,26849.433,-0.122,-0.305,-0.244,0.06054,1.00830,0.08349,28.66
$IMU,26849.435,-0.122,-0.244,-0.183,0.05566,1.01074,0.08593,28.66
$MAG,26849.436,-0.433,-0.513,-0.676,27.6
$IMU,26849.438,-0.183,-0.122,-0.183,0.05517,1.00976,0.08447,28.66
$IMU,26849.440,-0.427,0.000,-0.183,0.05517,1.00732,0.08398,28.66
$IMU,26849.442,-0.366,-0.061,-0.122,0.05810,1.01171,0.08544,28.67
$IMU,26849.445,-0.488,-0.122,-0.183,0.05615,1.01171,0.08251,28.67
$BARO,26849.446,86867.35,28.60
$MAG,26849.446,-0.426,-0.508,-0.666,27.6
$IMU,26849.447,-0.305,-0.122,-0.244,0.05761,1.01171,0.08593,28.67
$IMU,26849.449,-0.366,0.000,-0.244,0.05615,1.00634,0.08544,28.67
$IMU,26849.452,-0.366,-0.244,-0.305,0.05859,1.00878,0.08496,28.67
$IMU,26849.454,-0.366,-0.061,-0.244,0.05712,1.00878,0.08837,28.67
$MAG,26849.456,-0.433,-0.504,-0.672,27.6
$IMU,26849.456,-0.244,0.000,-0.122,0.05761,1.00781,0.08837,28.67
$IMU,26849.459,-0.244,-0.122,-0.061,0.05664,1.00585,0.08691,28.67
$IMU,26849.461,-0.183,-0.122,-0.122,0.05957,1.00732,0.08447,28.63
$IMU,26849.463,-0.183,-0.122,-0.122,0.06054,1.01123,0.08154,28.63
$MAG,26849.466,-0.433,-0.499,-0.670,27.6
$IMU,26849.466,-0.122,-0.122,-0.122,0.05761,1.00781,0.08447,28.63
$IMU,26849.468,-0.122,-0.061,-0.244,0.05810,1.00878,0.08544,28.63
$IMU,26849.470,-0.122,-0.122,-0.244,0.06005,1.00683,0.08691,28.63
$IMU,26849.473,-0.061,-0.244,-0.122,0.05957,1.00683,0.08691,28.63
$IMU,26849.475,-0.122,-0.122,-0.061,0.05859,1.01025,0.08496,28.63
$MAG,26849.476,-0.438,-0.505,-0.670,27.5
$IMU,26849.478,-0.183,0.000,-0.061,0.05859,1.01025,0.08740,28.63
$IMU,26849.480,-0.122,0.061,-0.122,0.05908,1.00976,0.08154,28.66
$IMU,26849.482,-0.183,-0.061,-0.122,0.05908,1.01171,0.08300,28.66
$IMU,26849.485,-0.122,-0.183,-0.122,0.05566,1.01025,0.08056,28.66
$MAG,26849.486,-0.435,-0.505,-0.675,27.5
$IMU,26849.487,-0.061,-0.122,-0.183,0.05517,1.00781,0.08203,28.66
$IMU,26849.489,-0.183,-0.183,-0.183,0.05664,1.00732,0.08154,28.66
$IMU,26849.492,-0.244,-0.061,-0.122,0.05664,1.00781,0.08398,28.66
$IMU,26849.494,-0.244,-0.122,-0.061,0.05664,1.01220,0.08398,28.66
$MAG,26849.496,-0.432,-0.513,-0.670,27.6
$IMU,26849.496,-0.244,-0.183,-0.183,0.05908,1.00878,0.08105,28.66
$IMU,26849.499,-0.366,0.000,-0.061,0.05664,1.00683,0.08154,28.64
$IMU,26849.501,-0.366,-0.061,-0.061,0.05761,1.00976,0.08154,28.64
$IMU,26849.503,-0.427,-0.122,-0.244,0.05615,1.00878,0.08300,28.64
$MAG,26849.506,-0.436,-0.504,-0.666,27.6
$IMU,26849.506,-0.366,-0.122,-0.183,0.05908,1.00830,0.08203,28.64
$IMU,26849.508,-0.305,-0.183,-0.122,0.05859,1.01025,0.08203,28.64
$IMU,26849.510,-0.305,-0.122,-0.122,0.05664,1.01123,0.08203,28.64
$IMU,26849.513,-0.305,-0.305,-0.061,0.05957,1.00878,0.08300,28.64
$IMU,26849.515,-0.305,-0.122,-0.061,0.05761,1.00683,0.08496,28.64
$MAG,26849.516,-0.429,-0.504,-0.666,27.6
$IMU,26849.517,-0.305,-0.122,-0.183,0.05810,1.00781,0.08300,28.67
$IMU,26849.520,-0.366,0.000,-0.244,0.05859,1.01171,0.08300,28.67
$IMU,26849.522,-0.244,-0.061,-0.183,0.05908,1.01220,0.08496,28.67
$IMU,26849.524,-0.183,-0.122,-0.183,0.05761,1.00976,0.08349,28.67
$IMU,26849.527,-0.244,0.000,-0.183,0.05664,1.00732,0.08593,28.67
$MAG,26849.526,-0.429,-0.498,-0.670,27.6
$IMU,26849.529,-0.244,0.061,-0.061,0.05468,1.00927,0.08642,28.67
$IMU,26849.531,-0.244,0.000,-0.122,0.05761,1.00927,0.08642,28.67
$IMU,26849.534,-0.183,-0.122,-0.183,0.05712,1.01074,0.08251,28.67
$MAG,26849.536,-0.430,-0.493,-0.664,27.6
$IMU,26849.536,-0.183,0.000,-0.183,0.05957,1.01025,0.08203,28.64
$IMU,26849.539,-0.122,-0.061,-0.183,0.05761,1.00878,0.08203,28.64
$IMU,26849.541,-0.183,-0.061,-0.183,0.05859,1.00927,0.08496,28.64
$IMU,26849.543,-0.183,0.000,-0.183,0.05664,1.01074,0.08398,28.64
$IMU,26849.546,-0.122,-0.183,-0.122,0.05615,1.00927,0.08447,28.64
$BARO,26849.547,86877.15,28.59
$MAG,26849.547,-0.430,-0.510,-0.670,27.6
$IMU,26849.548,-0.183,-0.122,-0.122,0.05859,1.00830,0.08251,28.64
$IMU,26849.550,-0.122,-0.122,-0.122,0.05810,1.00781,0.08154,28.64
$IMU,26849.553,-0.244,0.000,-0.122,0.05859,1.00927,0.07958,28.64
$IMU,26849.555,-0.305,-0.183,-0.122,0.05615,1.00537,0.08349,28.62
$MAG,26849.557,-0.432,-0.504,-0.675,27.7
$IMU,26849.557,-0.366,0.000,-0.183,0.05908,1.01123,0.08349,28.62
$IMU,26849.560,-0.427,0.183,-0.183,0.05810,1.01025,0.08349,28.62
$IMU,26849.562,-0.244,-0.183,-0.183,0.05957,1.00976,0.08398,28.62
$IMU,26849.564,-0.244,-0.183,-0.244,0.05615,1.01025,0.08496,28.62
$MAG,26849.567,-0.430,-0.504,-0.672,27.6
$IMU,26849.567,-0.366,-0.061,-0.244,0.05859,1.00683,0.08496,28.62
$IMU,26849.569,-0.305,-0.061,-0.183,0.05615,1.01269,0.08154,28.62
$IMU,26849.571,-0.244,-0.122,-0.183,0.05566,1.00878,0.08496,28.62
$IMU,26849.574,-0.305,-0.183,-0.183,0.05859,1.00878,0.08398,28.66
$IMU,26849.576,-0.366,-0.122,-0.183,0.05859,1.00878,0.08544,28.66
$MAG,26849.577,-0.432,-0.501,-0.670,27.6
$IMU,26849.578,-0.244,-0.183,-0.183,0.05664,1.00830,0.08496,28.66
$IMU,26849.581,-0.305,-0.061,-0.244,0.05322,1.00830,0.08593,28.66
$IMU,26849.583,-0.244,-0.061,-0.183,0.05810,1.00927,0.08398,28.66
$IMU,26849.585,-0.305,-0.122,-0.183,0.05517,1.00927,0.08496,28.66
$MAG,26849.587,-0.427,-0.507,-0.672,27.6
$IMU,26849.588,-0.183,-0.183,-0.122,0.05859,1.01025,0.08496,28.66
$IMU,26849.590,-0.244,-0.122,-0.122,0.05957,1.01025,0.08496,28.66
$IMU,26849.592,-0.244,-0.061,-0.122,0.05712,1.01074,0.08398,28.69
$IMU,26849.595,-0.183,-0.122,-0.122,0.06054,1.00830,0.08105,28.69
$MAG,26849.597,-0.430,-0.511,-0.664,27.7
$IMU,26849.597,-0.244,-0.122,-0.244,0.05664,1.00830,0.08251,28.69
$IMU,26849.600,-0.244,-0.122,-0.305,0.05664,1.00585,0.08398,28.69
$IMU,26849.602,-0.122,-0.366,-0.244,0.05664,1.00830,0.08105,28.69
$IMU,26849.604,-0.061,-0.244,-0.183,0.05761,1.00683,0.07861,28.69
$MAG,26849.607,-0.442,-0.511,-0.672,27.6
$IMU,26849.607,-0.183,-0.061,-0.183,0.05859,1.01123,0.08447,28.69
$IMU,26849.609,-0.244,0.000,-0.122,0.05761,1.00878,0.08349,28.69
$IMU,26849.611,-0.244,-0.061,-0.183,0.05908,1.01171,0.08349,28.64
$HUM,26849.614,34.2,29.1
$IMU,26849.614,-0.244,-0.061,-0.122,0.05859,1.00683,0.08203,28.64
$IMU,26849.616,-0.305,-0.061,-0.183,0.05859,1.00927,0.08154,28.64
$MAG,26849.617,-0.438,-0.507,-0.673,27.6
$IMU,26849.618,-0.366,-0.061,-0.183,0.05908,1.00732,0.08544,28.64
$IMU,26849.621,-0.305,-0.122,-0.183,0.05566,1.00390,0.08642,28.64
$IMU,26849.623,-0.366,-0.061,-0.122,0.05615,1.00488,0.08203,28.64
$IMU,26849.625,-0.427,-0.061,-0.122,0.05761,1.00976,0.08300,28.64
$IMU,26849.628,-0.305,-0.183,-0.061,0.05810,1.00878,0.08398,28.64
$MAG,26849.627,-0.438,-0.508,-0.664,27.7
$IMU,26849.630,-0.244,0.061,-0.122,0.05664,1.00634,0.08300,28.66
$IMU,26849.632,-0.244,0.000,-0.183,0.05908,1.00830,0.08300,28.66
$IMU,26849.635,-0.244,-0.061,-0.183,0.05859,1.00781,0.08349,28.66
$MAG,26849.637,-0.439,-0.510,-0.667,27.7
$IMU,26849.637,-0.183,0.000,-0.183,0.05810,1.00781,0.08447,28.66
$IMU,26849.639,-0.061,-0.305,-0.122,0.05810,1.00927,0.08496,28.66
$IMU,26849.642,-0.183,-0.183,-0.061,0.06201,1.00927,0.08105,28.66
$IMU,26849.644,-0.244,0.000,-0.061,0.05761,1.00927,0.08544,28.66
$IMU,26849.646,-0.244,0.000,-0.122,0.05712,1.00634,0.08496,28.66
$MAG,26849.647,-0.435,-0.508,-0.670,27.7
$BARO,26849.648,86864.13,28.61
$IMU,26849.649,-0.244,-0.183,-0.244,0.05859,1.00878,0.08105,28.66
$IMU,26849.651,-0.244,-0.061,-0.244,0.05908,1.01074,0.08251,28.66
$IMU,26849.653,-0.244,-0.183,-0.244,0.05761,1.00781,0.08349,28.66
$IMU,26849.656,-0.305,-0.061,-0.122,0.05664,1.00976,0.08496,28.66
$MAG,26849.658,-0.424,-0.510,-0.669,27.6
$IMU,26849.658,-0.305,0.061,-0.061,0.05761,1.00976,0.08447,28.66
$IMU,26849.661,-0.427,0.183,-0.061,0.05810,1.01074,0.08251,28.66
$IMU,26849.663,-0.305,-0.122,-0.122,0.05664,1.01025,0.08593,28.66
$IMU,26849.665,-0.305,-0.244,-0.183,0.05908,1.00781,0.08447,28.66
$MAG,26849.668,-0.427,-0.510,-0.672,27.7
$IMU,26849.668,-0.305,-0.122,-0.244,0.05810,1.00781,0.08544,28.69
$IMU,26849.670,-0.366,0.061,-0.244,0.05664,1.00830,0.08300,28.69
$IMU,26849.672,-0.366,-0.061,-0.183,0.05810,1.00341,0.08642,28.69
$IMU,26849.675,-0.244,0.061,-0.061,0.05712,1.00830,0.08398,28.69
$IMU,26849.677,-0.183,-0.061,-0.061,0.05761,1.00781,0.08447,28.69
$MAG,26849.678,-0.430,-0.499,-0.667,27.6
$IMU,26849.679,-0.061,-0.244,-0.122,0.05908,1.00781,0.08593,28.69
$IMU,26849.682,-0.183,0.000,-0.183,0.05810,1.00781,0.08447,28.69
$IMU,26849.684,-0.183,0.061,-0.244,0.05859,1.01220,0.08544,28.69
$IMU,26849.686,-0.183,-0.061,-0.305,0.05712,1.01025,0.08203,28.65
$MAG,26849.688,-0.436,-0.504,-0.672,27.6
$IMU,26849.689,-0.061,-0.183,-0.244,0.05664,1.00830,0.08349,28.65
$IMU,26849.691,-0.122,-0.061,-0.183,0.05810,1.00830,0.08251,28.65
$IMU,26849.693,0.000,-0.244,-0.183,0.05419,1.01123,0.08251,28.65
$IMU,26849.696,-0.183,-0.061,-0.061,0.05859,1.00585,0.08398,28.65
$MAG,26849.698,-0.430,-0.499,-0.669,27.6
$IMU,26849.698,-0.366,0.000,-0.061,0.05517,1.00537,0.08544,28.65
$IMU,26849.700,-0.244,0.000,-0.122,0.05957,1.01025,0.08203,28.65
$IMU,26849.703,-0.183,-0.244,-0.183,0.05761,1.00976,0.08496,28.65
$IMU,26849.705,-0.244,-0.061,-0.183,0.05859,1.00732,0.08447,28.69
$IMU,26849.707,-0.305,-0.122,-0.183,0.05810,1.01367,0.08349,28.69
$MAG,26849.708,-0.430,-0.508,-0.666,27.6
$IMU,26849.710,-0.366,-0.061,-0.122,0.05566,1.00781,0.08105,28.69
$IMU,26849.712,-0.427,0.183,-0.061,0.05810,1.00830,0.08300,28.69
$IMU,26849.714,-0.305,-0.122,-0.061,0.05712,1.00781,0.08105,28.69
$IMU,26849.717,-0.305,-0.122,-0.183,0.06103,1.00976,0.08251,28.69
$MAG,26849.718,-0.430,-0.514,-0.669,27.6
$IMU,26849.719,-0.366,0.061,-0.244,0.06054,1.00976,0.08349,28.69
$IMU,26849.721,-0.366,-0.244,-0.244,0.05712,1.00830,0.08544,28.69
$IMU,26849.724,-0.366,-0.061,-0.244,0.05761,1.00585,0.08544,28.68
$IMU,26849.726,-0.305,-0.061,-0.183,0.06005,1.00537,0.08593,28.68
$MAG,26849.728,-0.433,-0.510,-0.675,27.6
$IMU,26849.729,-0.305,-0.183,-0.122,0.05419,1.00976,0.08398,28.68
$IMU,26849.731,-0.305,-0.183,-0.122,0.05566,1.01123,0.08642,28.68
$IMU,26849.733,-0.244,-0.183,-0.061,0.05957,1.00927,0.08593,28.68
$IMU,26849.736,-0.366,0.000,-0.183,0.05859,1.01220,0.08496,28.68
$MAG,26849.738,-0.435,-0.505,-0.664,27.7
$IMU,26849.738,-0.305,-0.122,-0.183,0.05615,1.00878,0.08447,28.68
$IMU,26849.740,-0.305,-0.183,-0.183,0.05761,1.00878,0.08740,28.68
$IMU,26849.743,-0.305,-0.183,-0.122,0.05664,1.00878,0.08349,28.65
$IMU,26849.745,-0.366,-0.183,-0.122,0.05517,1.00537,0.08544,28.65
$IMU,26849.747,-0.366,-0.061,-0.122,0.05810,1.00781,0.08496,28.65
$MAG,26849.748,-0.436,-0.501,-0.676,27.6
$BARO,26849.750,86867.57,28.61
$IMU,26849.750,-0.366,-0.122,-0.122,0.05957,1.00585,0.08593,28.65
$IMU,26849.752,-0.366,0.122,-0.183,0.05761,1.00585,0.08349,28.65
$IMU,26849.754,-0.244,-0.183,-0.244,0.06103,1.00927,0.08447,28.65
$IMU,26849.757,-0.244,-0.122,-0.244,0.05664,1.00781,0.08349,28.65
$MAG,26849.758,-0.438,-0.499,-0.673,27.7
$IMU,26849.759,-0.244,-0.061,-0.183,0.05712,1.00976,0.08203,28.65
$IMU,26849.761,-0.122,-0.244,-0.244,0.05615,1.00976,0.08642,28.64
$IMU,26849.764,-0.122,-0.061,-0.183,0.05761,1.00537,0.08496,28.64
$IMU,26849.766,-0.061,-0.061,-0.122,0.05761,1.00781,0.08398,28.64
$IMU,26849.768,-0.122,-0.122,-0.122,0.05908,1.01074,0.08300,28.64
$MAG,26849.769,-0.435,-0.505,-0.666,27.6
$IMU,26849.771,-0.061,-0.244,-0.183,0.05712,1.00976,0.08398,28.64
$IMU,26849.773,-0.061,-0.122,-0.244,0.05712,1.01025,0.08349,28.64
$IMU,26849.775,-0.122,-0.122,-0.305,0.05371,1.00878,0.08056,28.64
$IMU,26849.778,-0.122,-0.122,-0.305,0.05761,1.00878,0.08007,28.64
$MAG,26849.779,-0.435,-0.511,-0.672,27.6
$IMU,26849.780,-0.122,-0.183,-0.244,0.05517,1.00976,0.08056,28.65
$IMU,26849.782,-0.183,-0.122,-0.183,0.05615,1.00732,0.08398,28.65
$IMU,26849.785,-0.244,-0.122,-0.122,0.05615,1.01074,0.08496,28.65
$IMU,26849.787,-0.244,-0.061,-0.122,0.05761,1.00634,0.08300,28.65
$MAG,26849.789,-0.429,-0.505,-0.672,27.7
$IMU,26849.790,-0.244,-0.183,-0.183,0.05664,1.00927,0.08496,28.65
$IMU,26849.792,-0.305,-0.061,-0.244,0.05566,1.00976,0.08496,28.65
$IMU,26849.794,-0.305,-0.122,-0.244,0.05859,1.01025,0.08300,28.65
$IMU,26849.797,-0.244,-0.061,-0.244,0.05615,1.01123,0.08251,28.65
$MAG,26849.799,-0.436,-0.505,-0.670,27.6
$IMU,26849.799,-0.366,0.122,-0.244,0.05810,1.01123,0.08593,28.68
$IMU,26849.801,-0.366,-0.061,0.000,0.05761,1.00781,0.08154,28.68
$IMU,26849.804,-0.183,-0.183,-0.061,0.05957,1.01171,0.08056,28.68
$IMU,26849.806,-0.305,0.061,-0.122,0.05761,1.00732,0.08300,28.68
$IMU,26849.808,-0.244,-0.244,-0.244,0.05566,1.00927,0.08593,28.68
$MAG,26849.809,-0.433,-0.499,-0.667,27.6
$IMU,26849.811,-0.305,0.061,-0.244,0.05468,1.00732,0.08251,28.68
$IMU,26849.813,-0.305,0.000,-0.244,0.05566,1.01123,0.08398,28.68
$IMU,26849.815,-0.305,-0.122,-0.244,0.05761,1.00830,0.08349,28.68
$IMU,26849.818,-0.305,0.000,-0.122,0.05371,1.00683,0.08300,28.66
$MAG,26849.819,-0.441,-0.507,-0.675,27.6
$IMU,26849.820,-0.244,-0.061,-0.122,0.05761,1.00976,0.08398,28.66
$IMU,26849.822,-0.305,0.000,-0.122,0.05859,1.00830,0.08056,28.66
$IMU,26849.825,-0.305,0.000,-0.122,0.05908,1.00927,0.08154,28.66
$IMU,26849.827,-0.305,-0.061,-0.122,0.05810,1.01074,0.08300,28.66
$MAG,26849.829,-0.430,-0.507,-0.675,27.6
$IMU,26849.829,-0.305,-0.061,-0.122,0.06054,1.01123,0.08251,28.66
$IMU,26849.832,-0.244,-0.122,-0.122,0.05859,1.00488,0.08398,28.66
$IMU,26849.834,-0.244,-0.183,-0.061,0.05859,1.00830,0.08398,28.66
$IMU,26849.836,-0.244,-0.061,-0.183,0.05761,1.00585,0.08300,28.66
$MAG,26849.839,-0.433,-0.502,-0.666,27.6
$IMU,26849.839,-0.244,-0.122,-0.183,0.05810,1.00634,0.08447,28.66
$IMU,26849.841,-0.305,0.061,-0.122,0.05957,1.00781,0.08447,28.66
$IMU,26849.843,-0.244,-0.061,-0.183,0.05859,1.01220,0.08349,28.66
$IMU,26849.846,-0.244,-0.183,-0.183,0.05810,1.01123,0.08154,28.66
$IMU,26849.848,-0.305,-0.061,-0.122,0.05908,1.00781,0.08349,28.66
$MAG,26849.849,-0.438,-0.498,-0.667,27.7
$BARO,26849.851,86873.35,28.61
$IMU,26849.851,-0.305,-0.061,-0.122,0.05664,1.00732,0.08251,28.66
$IMU,26849.853,-0.366,0.061,-0.183,0.05908,1.00781,0.08349,28.66
$IMU,26849.855,-0.244,-0.061,-0.122,0.06152,1.00634,0.08105,28.69
$IMU,26849.858,-0.183,-0.183,-0.061,0.06054,1.00927,0.08154,28.69
$MAG,26849.859,-0.432,-0.499,-0.672,27.6
$IMU,26849.860,-0.244,-0.122,-0.183,0.05761,1.00976,0.08447,28.69
$IMU,26849.862,-0.244,0.000,-0.183,0.05908,1.00781,0.08349,28.69
$IMU,26849.865,-0.244,0.000,-0.244,0.05566,1.00976,0.08349,28.69
$IMU,26849.867,-0.183,-0.122,-0.244,0.05810,1.00927,0.08447,28.69
$MAG,26849.869,-0.436,-0.505,-0.667,27.6
$IMU,26849.869,-0.183,-0.061,-0.244,0.05810,1.00390,0.08496,28.69
$IMU,26849.872,-0.244,-0.061,-0.244,0.05761,1.00830,0.08398,28.69
$IMU,26849.874,-0.366,0.061,-0.183,0.05615,1.00634,0.08349,28.66
$IMU,26849.876,-0.244,-0.061,-0.122,0.05712,1.00927,0.08203,28.66
$MAG,26849.879,-0.430,-0.499,-0.666,27.6
$IMU,26849.879,-0.305,-0.122,-0.183,0.05859,1.01123,0.08447,28.66
$IMU,26849.881,-0.244,-0.061,-0.244,0.05468,1.00878,0.08544,28.66
$IMU,26849.883,-0.244,-0.061,-0.244,0.05566,1.00781,0.08105,28.66
$IMU,26849.886,-0.305,0.000,-0.305,0.05615,1.00781,0.08251,28.66
$IMU,26849.888,-0.305,0.000,-0.244,0.05419,1.00976,0.08544,28.66
$MAG,26849.890,-0.430,-0.505,-0.675,27.6
$IMU,26849.890,-0.244,-0.122,-0.183,0.05810,1.00976,0.08496,28.66
$IMU,26849.893,-0.183,-0.244,-0.183,0.05566,1.01269,0.08203,28.68
$IMU,26849.895,-0.183,-0.122,-0.183,0.05664,1.01123,0.08398,28.68
$IMU,26849.897,-0.183,-0.061,-0.122,0.05371,1.00878,0.08496,28.68
$MAG,26849.900,-0.436,-0.513,-0.675,27.7
$IMU,26849.900,-0.244,0.000,-0.244,0.05810,1.01269,0.08691,28.68
$IMU,26849.902,-0.305,0.000,-0.244,0.05859,1.01220,0.08398,28.68
$IMU,26849.904,-0.244,-0.122,-0.244,0.05371,1.00878,0.08447,28.68
$IMU,26849.907,-0.183,-0.061,-0.122,0.05664,1.00976,0.08496,28.68
$IMU,26849.909,-0.122,-0.061,-0.122,0.05517,1.00927,0.08447,28.68
$MAG,26849.910,-0.426,-0.496,-0.667,27.7
$IMU,26849.912,-0.183,-0.061,-0.122,0.05371,1.01074,0.08642,28.66
$IMU,26849.914,-0.244,0.122,-0.061,0.05615,1.01464,0.08593,28.66
$IMU,26849.916,-0.183,0.061,-0.061,0.05859,1.00830,0.08447,28.66
$IMU,26849.919,0.000,-0.183,-0.122,0.05859,1.01123,0.08251,28.66
$MAG,26849.920,-0.436,-0.507,-0.663,27.7
$IMU,26849.921,0.000,-0.061,-0.183,0.05322,1.00878,0.08300,28.66
$IMU,26849.923,-0.122,-0.061,-0.183,0.05712,1.00537,0.08496,28.66
$IMU,26849.926,-0.122,0.000,-0.183,0.06103,1.00878,0.08349,28.66
$IMU,26849.928,-0.122,0.000,-0.061,0.05761,1.00830,0.08593,28.66
$MAG,26849.930,-0.435,-0.504,-0.673,27.7
$IMU,26849.930,-0.183,-0.061,-0.061,0.05664,1.00537,0.08300,28.70
$IMU,26849.933,-0.183,-0.122,0.000,0.05566,1.00781,0.08154,28.70
$IMU,26849.935,-0.244,-0.122,-0.061,0.05664,1.00878,0.08105,28.70
$IMU,26849.937,-0.366,-0.122,-0.122,0.05957,1.01074,0.08349,28.70
$MAG,26849.940,-0.426,-0.504,-0.676,27.7
$IMU,26849.940,-0.366,0.000,-0.122,0.05810,1.00830,0.08496,28.70
$IMU,26849.942,-0.488,0.000,-0.122,0.05957,1.00830,0.08447,28.70
$IMU,26849.944,-0.427,-0.122,-0.061,0.05468,1.00585,0.08251,28.70
$IMU,26849.947,-0.488,-0.061,-0.061,0.05810,1.00537,0.08203,28.70
$IMU,26849.949,-0.610,0.000,0.000,0.06005,1.00537,0.08593,28.69
$MAG,26849.950,-0.432,-0.502,-0.661,27.7
$IMU,26849.951,-0.610,-0.061,-0.061,0.06054,1.01123,0.08300,28.69
$BARO,26849.953,86871.18,28.60
$IMU,26849.954,-0.610,0.061,-0.183,0.06201,1.00781,0.08300,28.69
$IMU,26849.956,-0.549,0.000,-0.244,0.05908,1.00830,0.08593,28.69
$IMU,26849.958,-0.427,-0.183,-0.244,0.05859,1.00732,0.08593,28.69
$MAG,26849.960,-0.435,-0.502,-0.669,27.6
$IMU,26849.961,-0.488,-0.061,-0.244,0.05761,1.00781,0.08544,28.69
$IMU,26849.963,-0.427,-0.061,-0.122,0.05712,1.00830,0.08837,28.69
$IMU,26849.965,-0.366,0.000,-0.183,0.05615,1.00927,0.08837,28.69
$IMU,26849.968,-0.244,-0.061,-0.183,0.05908,1.01074,0.08593,28.66
$MAG,26849.970,-0.429,-0.499,-0.667,27.6
$IMU,26849.970,-0.244,-0.061,-0.305,0.05859,1.01171,0.08740,28.66
$IMU,26849.973,-0.183,-0.122,-0.366,0.05908,1.01025,0.08300,28.66
$IMU,26849.975,-0.122,-0.183,-0.366,0.05908,1.00927,0.08593,28.66
$IMU,26849.977,-0.061,-0.183,-0.366,0.05712,1.00781,0.08349,28.66
$MAG,26849.980,-0.433,-0.505,-0.667,27.6
$IMU,26849.980,-0.061,-0.122,-0.244,0.05371,1.00830,0.08740,28.66
$IMU,26849.982,-0.061,-0.122,-0.183,0.05566,1.01025,0.08593,28.66
$IMU,26849.984,-0.061,-0.244,-0.244,0.05810,1.00878,0.08496,28.66
$IMU,26849.987,0.000,-0.183,-0.183,0.05566,1.00878,0.08544,28.61
$IMU,26849.989,-0.061,0.000,-0.305,0.05957,1.01025,0.08544,28.61
$MAG,26849.990,-0.430,-0.508,-0.673,27.7
$IMU,26849.991,-0.122,0.061,-0.305,0.05761,1.01123,0.08154,28.61
$IMU,26849.994,-0.183,-0.061,-0.305,0.05615,1.01074,0.08251,28.61
$IMU,26849.996,-0.122,0.000,-0.305,0.05664,1.00878,0.08398,28.61
$IMU,26849.998,-0.061,-0.183,-0.244,0.05517,1.00927,0.08154,28.61
$MAG,26850.001,-0.427,-0.507,-0.669,27.6
$IMU,26850.001,0.000,-0.122,-0.183,0.05712,1.01123,0.08105,28.61
$IMU,26850.003,-0.122,-0.122,-0.244,0.05664,1.00683,0.08105,28.61
$IMU,26850.005,-0.244,-0.061,-0.244,0.05859,1.01123,0.08496,28.68
$IMU,26850.008,-0.183,0.000,-0.244,0.05810,1.00585,0.08203,28.68
$IMU,26850.010,-0.183,-0.061,-0.305,0.05810,1.00732,0.08349,28.68
$MAG,26850.011,-0.433,-0.502,-0.675,27.7
$IMU,26850.012,-0.183,-0.183,-0.305,0.05419,1.00732,0.08398,28.68
$IMU,26850.015,-0.366,0.000,-0.183,0.05859,1.00927,0.08251,28.68
$IMU,26850.017,-0.305,-0.061,-0.122,0.05957,1.00488,0.08251,28.68
$IMU,26850.019,-0.427,0.061,-0.122,0.05566,1.00878,0.08251,28.68
$MAG,26850.021,-0.444,-0.505,-0.661,27.5
$IMU,26850.022,-0.305,-0.183,-0.183,0.05615,1.00634,0.08105,28.68
$IMU,26850.024,-0.305,-0.183,-0.183,0.05761,1.00732,0.08251,28.62
$IMU,26850.026,-0.488,-0.061,-0.244,0.05859,1.01025,0.08349,28.62
$IMU,26850.029,-0.488,0.000,-0.305,0.05615,1.00878,0.08203,28.62
$MAG,26850.031,-0.435,-0.502,-0.673,27.6
$IMU,26850.031,-0.488,0.061,-0.244,0.05615,1.00585,0.08251,28.62
$IMU,26850.034,-0.488,-0.122,-0.122,0.05566,1.00830,0.08398,28.62
$IMU,26850.036,-0.488,-0.061,-0.061,0.05615,1.01025,0.08056,28.62
$IMU,26850.038,-0.488,-0.122,-0.061,0.05761,1.00878,0.08154,28.62
$MAG,26850.041,-0.429,-0.507,-0.676,27.6
$IMU,26850.041,-0.488,0.000,-0.122,0.05810,1.01464,0.08300,28.62
$IMU,26850.043,-0.610,0.061,-0.244,0.06152,1.01367,0.08544,28.64
$IMU,26850.045,-0.549,0.000,-0.244,0.05859,1.01416,0.08789,28.64
$IMU,26850.048,-0.549,0.000,-0.122,0.05468,1.01123,0.08349,28.64
$IMU,26850.050,-0.366,-0.122,-0.122,0.05859,1.00976,0.08544,28.64
$MAG,26850.051,-0.438,-0.507,-0.673,27.6
$IMU,26850.052,-0.366,-0.122,-0.061,0.05712,1.01074,0.08496,28.64
$BARO,26850.054,86868.06,28.61
$IMU,26850.055,-0.366,0.061,-0.061,0.05859,1.00830,0.08642,28.64
$IMU,26850.057,-0.366,-0.061,-0.122,0.05810,1.00683,0.08642,28.64
$IMU,26850.059,-0.183,-0.183,-0.183,0.05957,1.01171,0.08447,28.64
$MAG,26850.061,-0.445,-0.505,-0.673,27.7
$IMU,26850.062,-0.183,-0.061,-0.183,0.05664,1.00830,0.08447,28.66
$IMU,26850.064,-0.061,-0.244,-0.244,0.05810,1.01025,0.08691,28.66
$IMU,26850.066,-0.122,-0.061,-0.061,0.05615,1.00976,0.08691,28.66
$IMU,26850.069,-0.061,-0.061,-0.122,0.05810,1.01074,0.08496,28.66
$MAG,26850.071,-0.426,-0.507,-0.670,27.6
$IMU,26850.071,-0.061,-0.061,-0.061,0.05957,1.01123,0.08349,28.66
$IMU,26850.073,-0.061,-0.061,0.000,0.05908,1.00830,0.08154,28.66
$IMU,26850.076,0.000,-0.122,0.000,0.05957,1.01171,0.08251,28.66
$IMU,26850.078,-0.122,0.061,-0.061,0.06201,1.00878,0.08105,28.66
$IMU,26850.080,-0.244,0.000,-0.061,0.06054,1.00439,0.08203,28.65
$MAG,26850.081,-0.433,-0.501,-0.664,27.6
$IMU,26850.083,-0.122,0.000,0.000,0.05908,1.00732,0.08544,28.65
$IMU,26850.085,-0.122,-0.061,-0.122,0.05810,1.00878,0.08300,28.65
$IMU,26850.087,-0.061,-0.061,-0.122,0.05712,1.00585,0.08203,28.65
$IMU,26850.090,-0.122,-0.061,0.000,0.05859,1.00732,0.08056,28.65
$MAG,26850.091,-0.435,-0.510,-0.672,27.6
$IMU,26850.092,-0.305,0.122,0.000,0.05908,1.01025,0.08300,28.65
$IMU,26850.094,-0.244,0.000,-0.122,0.05859,1.00976,0.08349,28.65
$IMU,26850.097,-0.122,-0.183,-0.183,0.05712,1.00830,0.08007,28.65
$IMU,26850.099,-0.122,-0.244,-0.122,0.05761,1.00585,0.08349,28.68
$MAG,26850.101,-0.435,-0.513,-0.661,27.7
$IMU,26850.102,-0.122,-0.244,-0.061,0.05908,1.00830,0.08447,28.68
$IMU,26850.104,-0.305,0.000,-0.122,0.06201,1.00585,0.08105,28.68
$IMU,26850.106,-0.305,0.000,-0.061,0.05712,1.01318,0.08349,28.68
$IMU,26850.109,-0.366,0.061,-0.061,0.05712,1.01269,0.07861,28.68
$IMU,26850.111,-0.305,-0.061,-0.122,0.05810,1.01269,0.08349,28.68
$MAG,26850.112,-0.430,-0.507,-0.672,27.6
$IMU,26850.113,-0.244,-0.183,-0.122,0.06103,1.01074,0.08154,28.68
$IMU,26850.116,-0.366,0.000,-0.122,0.06005,1.00732,0.08300,28.68
$IMU,26850.118,-0.427,0.000,-0.183,0.05908,1.00634,0.08251,28.67
$IMU,26850.120,-0.427,-0.061,-0.061,0.05664,1.00488,0.08154,28.67
$MAG,26850.122,-0.432,-0.505,-0.672,27.6
$IMU,26850.123,-0.427,0.061,-0.122,0.05859,1.00927,0.08593,28.67
$IMU,26850.125,-0.366,-0.061,-0.061,0.05761,1.01123,0.08349,28.67
$IMU,26850.127,-0.244,-0.122,-0.122,0.05859,1.01025,0.08642,28.67
$IMU,26850.130,-0.305,-0.061,-0.122,0.05371,1.00732,0.08447,28.67
$IMU,26850.132,-0.244,-0.122,-0.122,0.05664,1.01171,0.08398,28.67
$MAG,26850.132,-0.436,-0.504,-0.676,27.6
$IMU,26850.134,-0.244,0.000,-0.122,0.05859,1.00927,0.08007,28.67
$IMU,26850.137,-0.061,-0.122,-0.061,0.05908,1.01123,0.08203,28.69
$IMU,26850.139,-0.061,-0.183,-0.122,0.05859,1.00976,0.08691,28.69
$IMU,26850.141,-0.183,0.000,-0.061,0.05957,1.01220,0.08593,28.69
$MAG,26850.142,-0.438,-0.508,-0.675,27.7
$IMU,26850.144,-0.183,-0.061,-0.061,0.05664,1.01171,0.08349,28.69
$IMU,26850.146,-0.244,0.000,-0.122,0.05957,1.00732,0.08349,28.69
$IMU,26850.148,-0.122,-0.061,-0.061,0.06201,1.01220,0.08349,28.69
$IMU,26850.151,-0.122,-0.122,-0.061,0.05664,1.01123,0.08593,28.69
$MAG,26850.152,-0.429,-0.505,-0.673,27.6
$IMU,26850.153,-0.183,-0.122,-0.061,0.05859,1.00927,0.08544,28.69
$IMU,26850.155,-0.244,0.000,-0.061,0.05664,1.01074,0.08251,28.68
$BARO,26850.156,86858.65,28.61
$IMU,26850.158,-0.244,0.061,-0.061,0.05859,1.01123,0.08544,28.68
$IMU,26850.160,-0.244,-0.122,-0.061,0.05761,1.01074,0.08496,28.68
$MAG,26850.162,-0.427,-0.504,-0.666,27.6
$IMU,26850.163,-0.244,0.000,-0.061,0.05957,1.00781,0.08496,28.68
$IMU,26850.165,-0.183,-0.061,0.000,0.05712,1.00537,0.08300,28.68
$IMU,26850.167,-0.244,-0.122,-0.061,0.05712,1.00878,0.08447,28.68
$IMU,26850.170,-0.244,-0.183,0.061,0.05957,1.00781,0.08300,28.68
$MAG,26850.172,-0.430,-0.505,-0.676,27.6
$IMU,26850.172,-0.305,0.122,-0.061,0.05419,1.00732,0.07958,28.68
$IMU,26850.174,-0.244,-0.122,-0.122,0.06005,1.00537,0.08447,28.65
$IMU,26850.177,-0.183,-0.244,-0.183,0.05810,1.00439,0.08251,28.65
$IMU,26850.179,-0.305,0.000,-0.183,0.05712,1.00830,0.08105,28.65
$IMU,26850.181,-0.305,-0.061,-0.183,0.05566,1.00537,0.08056,28.65
$VBAT,26850.181,4.119
$MAG,26850.182,-0.429,-0.507,-0.678,27.7
$IMU,26850.184,-0.305,-0.061,-0.122,0.06005,1.00732,0.08300,28.65
$IMU,26850.186,-0.244,-0.122,-0.122,0.06250,1.01025,0.08691,28.65
$IMU,26850.188,-0.366,-0.061,-0.061,0.05664,1.00634,0.08398,28.65
$IMU,26850.191,-0.366,-0.061,-0.244,0.05615,1.00830,0.08251,28.65
$MAG,26850.192,-0.441,-0.510,-0.669,27.6
$IMU,26850.193,-0.305,-0.183,-0.183,0.05859,1.01074,0.08496,28.70
$IMU,26850.195,-0.366,-0.061,-0.305,0.05712,1.00683,0.08447,28.70
$IMU,26850.198,-0.366,-0.122,-0.122,0.05859,1.00634,0.08203,28.70
$IMU,26850.200,-0.366,-0.122,-0.061,0.05664,1.00683,0.08300,28.70
$MAG,26850.202,-0.426,-0.508,-0.670,27.7
$IMU,26850.202,-0.305,-0.244,-0.061,0.05664,1.00927,0.08398,28.70
$IMU,26850.205,-0.305,-0.122,-0.122,0.05761,1.00830,0.08544,28.70
$IMU,26850.207,-0.183,-0.122,-0.122,0.05810,1.01220,0.08349,28.70
$IMU,26850.209,-0.122,-0.122,-0.244,0.05712,1.01025,0.08203,28.70
$MAG,26850.212,-0.432,-0.508,-0.673,27.6
$IMU,26850.212,-0.183,0.000,-0.244,0.05810,1.01171,0.08251,28.66
$IMU,26850.214,-0.061,-0.061,-0.244,0.05615,1.00732,0.08251,28.66
$IMU,26850.216,0.000,-0.183,-0.183,0.05761,1.00781,0.08349,28.66
$IMU,26850.219,-0.061,-0.061,-0.122,0.06005,1.00927,0.08349,28.66
$IMU,26850.221,-0.122,-0.061,-0.122,0.05761,1.00878,0.08398,28.66
$MAG,26850.223,-0.429,-0.508,-0.664,27.8
$IMU,26850.224,0.000,-0.061,-0.183,0.05859,1.00634,0.08593,28.66
$IMU,26850.226,-0.061,0.000,-0.244,0.05908,1.00927,0.08349,28.66
$IMU,26850.228,-0.122,-0.061,-0.305,0.05810,1.00781,0.08251,28.66
$IMU,26850.231,-0.183,-0.122,-0.366,0.05859,1.00634,0.08447,28.66
$MAG,26850.233,-0.430,-0.495,-0.675,27.7
$IMU,26850.233,-0.244,0.183,-0.244,0.05664,1.00683,0.08496,28.66
$IMU,26850.235,-0.183,-0.061,-0.122,0.05761,1.01025,0.08496,28.66
$IMU,26850.238,-0.244,-0.183,-0.183,0.05957,1.00878,0.08203,28.66
$IMU,26850.240,-0.305,-0.183,-0.122,0.06201,1.00732,0.08203,28.66
$IMU,26850.242,-0.427,0.061,-0.244,0.05859,1.01171,0.08154,28.66
$MAG,26850.243,-0.438,-0.513,-0.673,27.6
$IMU,26850.245,-0.427,-0.061,-0.244,0.05761,1.00683,0.08398,28.66
$IMU,26850.247,-0.366,-0.061,-0.244,0.05517,1.00781,0.08251,28.66
$IMU,26850.249,-0.488,-0.061,-0.183,0.05419,1.00976,0.08300,28.66
$IMU,26850.252,-0.427,-0.183,-0.122,0.05810,1.00683,0.08496,28.66
$MAG,26850.253,-0.433,-0.505,-0.670,27.6
$IMU,26850.254,-0.305,-0.183,0.000,0.05761,1.00732,0.08398,28.66
$IMU,26850.256,-0.366,0.000,0.000,0.05957,1.00830,0.08398,28.66
$BARO,26850.257,86862.28,28.61
$IMU,26850.259,-0.366,-0.061,-0.061,0.05761,1.00976,0.08398,28.66
$IMU,26850.261,-0.427,0.000,-0.122,0.05859,1.01123,0.08886,28.66
$MAG,26850.263,-0.441,-0.508,-0.669,27.6
$IMU,26850.263,-0.305,-0.061,-0.244,0.05957,1.00830,0.08544,28.66
$IMU,26850.266,-0.244,-0.122,-0.183,0.05761,1.01074,0.08447,28.66
$IMU,26850.268,-0.305,0.061,-0.183,0.05810,1.01416,0.08544,28.68
$IMU,26850.270,-0.305,0.000,-0.061,0.05517,1.01220,0.08593,28.68
$MAG,26850.273,-0.432,-0.507,-0.672,27.6
$IMU,26850.273,-0.305,0.061,0.000,0.05517,1.00927,0.08398,28.68
$IMU,26850.275,-0.305,0.122,0.000,0.05664,1.01074,0.08300,28.68
$IMU,26850.277,-0.122,-0.061,-0.183,0.06054,1.01123,0.08544,28.68
$IMU,26850.280,-0.122,-0.183,-0.183,0.05566,1.01220,0.08349,28.68
$IMU,26850.282,-0.122,-0.244,-0.183,0.05908,1.00927,0.08544,28.68
$MAG,26850.283,-0.429,-0.505,-0.669,27.6
$IMU,26850.285,-0.183,-0.061,-0.122,0.05859,1.01025,0.08593,28.68
$IMU,26850.287,-0.244,-0.122,-0.061,0.05957,1.00927,0.08496,28.67
$IMU,26850.289,-0.244,-0.061,0.000,0.05810,1.01220,0.08349,28.67
$IMU,26850.292,-0.183,-0.122,0.000,0.05957,1.00732,0.08398,28.67
$MAG,26850.293,-0.429,-0.505,-0.676,27.7
$IMU,26850.294,-0.061,-0.366,-0.061,0.06054,1.00732,0.08398,28.67
$IMU,26850.296,-0.244,-0.061,-0.183,0.05761,1.00488,0.08154,28.67
$IMU,26850.299,-0.183,-0.122,-0.183,0.06005,1.00878,0.08544,28.67
$IMU,26850.301,-0.305,0.061,-0.183,0.05761,1.00830,0.08544,28.67
$MAG,26850.303,-0.438,-0.496,-0.666,27.6
$IMU,26850.303,-0.244,0.000,-0.122,0.05664,1.00927,0.08447,28.67
$IMU,26850.306,-0.244,-0.061,0.000,0.05712,1.00732,0.08593,28.68
$IMU,26850.308,-0.183,-0.061,-0.061,0.05664,1.00878,0.08349,28.68
$IMU,26850.310,-0.122,-0.122,-0.122,0.05712,1.00927,0.08544,28.68
$MAG,26850.313,-0.430,-0.507,-0.670,27.6
$IMU,26850.313,-0.183,-0.061,-0.183,0.06054,1.00830,0.08398,28.68
$IMU,26850.315,-0.183,-0.122,-0.244,0.06396,1.00878,0.08154,28.68
$IMU,26850.317,-0.122,-0.122,-0.305,0.05908,1.00634,0.08300,28.68
$IMU,26850.320,-0.183,-0.244,-0.244,0.05810,1.00683,0.08447,28.68
$IMU,26850.322,-0.183,-0.122,-0.183,0.05566,1.00927,0.08203,28.68
$MAG,26850.323,-0.421,-0.505,-0.673,27.7
$IMU,26850.324,-0.244,-0.122,-0.122,0.05712,1.00781,0.08300,28.70
$IMU,26850.327,-0.183,-0.061,-0.122,0.06005,1.01074,0.08251,28.70
$IMU,26850.329,-0.183,-0.183,-0.244,0.06054,1.00878,0.08007,28.70
$IMU,26850.331,-0.244,-0.122,-0.305,0.05712,1.01318,0.08056,28.70
$MAG,26850.334,-0.435,-0.504,-0.661,27.7
$IMU,26850.334,-0.244,-0.122,-0.305,0.05859,1.01123,0.08203,28.70
$IMU,26850.336,-0.366,-0.183,-0.305,0.05859,1.01074,0.08203,28.70
$IMU,26850.338,-0.427,0.061,-0.244,0.05664,1.00927,0.08544,28.70
$IMU,26850.341,-0.366,-0.061,-0.183,0.05810,1.01220,0.08544,28.70
$IMU,26850.343,-0.366,0.000,-0.122,0.05810,1.01025,0.08544,28.69
$MAG,26850.344,-0.442,-0.507,-0.673,27.6
$IMU,26850.346,-0.366,0.000,-0.122,0.05664,1.00927,0.08496,28.69
$IMU,26850.348,-0.366,0.000,-0.122,0.05664,1.01171,0.08593,28.69
$IMU,26850.350,-0.305,-0.061,-0.183,0.05810,1.01171,0.08251,28.69
$IMU,26850.353,-0.244,-0.122,-0.244,0.05859,1.01220,0.08593,28.69
$MAG,26850.354,-0.427,-0.498,-0.678,27.6
$IMU,26850.355,-0.183,-0.183,-0.244,0.05712,1.00927,0.08251,28.69
$IMU,26850.357,-0.305,-0.122,-0.122,0.05664,1.01269,0.08447,28.69
$BARO,26850.358,86872.23,28.62
$IMU,26850.360,-0.244,-0.122,-0.061,0.05468,1.01025,0.08496,28.69
$IMU,26850.362,-0.305,0.000,-0.061,0.05712,1.00878,0.08349,28.67
$MAG,26850.364,-0.429,-0.507,-0.661,27.7
$IMU,26850.364,-0.183,-0.183,-0.122,0.05957,1.01416,0.08349,28.67
$IMU,26850.367,-0.183,-0.122,-0.122,0.05957,1.00878,0.08300,28.67
$IMU,26850.369,-0.122,-0.122,-0.244,0.05908,1.00830,0.08251,28.67
$IMU,26850.371,-0.122,-0.061,-0.244,0.05761,1.00683,0.08349,28.67
$MAG,26850.374,-0.427,-0.502,-0.675,27.7
$IMU,26850.374,-0.183,-0.122,-0.183,0.05761,1.00927,0.08349,28.67
$IMU,26850.376,-0.183,-0.061,-0.061,0.06005,1.00927,0.08544,28.67
$IMU,26850.378,-0.183,-0.061,-0.122,0.05712,1.00732,0.08593,28.67
$IMU,26850.381,-0.183,-0.183,-0.122,0.05810,1.00976,0.08447,28.67
$IMU,26850.383,-0.122,-0.183,-0.061,0.06005,1.00927,0.08300,28.67
$MAG,26850.384,-0.430,-0.502,-0.672,27.6
$IMU,26850.385,-0.183,0.000,-0.244,0.05810,1.00830,0.08203,28.67
$IMU,26850.388,-0.244,-0.061,-0.244,0.05517,1.00683,0.08251,28.67
$IMU,26850.390,-0.305,-0.122,-0.244,0.05371,1.00683,0.08154,28.67
$IMU,26850.392,-0.244,-0.183,-0.061,0.05712,1.00927,0.08203,28.67
$MAG,26850.394,-0.435,-0.492,-0.669,27.6
$IMU,26850.395,-0.244,-0.244,-0.122,0.05615,1.00732,0.08349,28.67
$IMU,26850.397,-0.305,-0.061,-0.122,0.05664,1.01171,0.08349,28.67
$TIME,26850.399,510744.000,2399
$IMU,26850.399,-0.305,-0.061,-0.122,0.05566,1.01171,0.08154,28.71
$IMU,26850.402,-0.427,0.000,-0.183,0.05761,1.00927,0.08203,28.71
$MAG,26850.404,-0.433,-0.502,-0.666,27.6
$IMU,26850.404,-0.488,0.061,-0.244,0.05957,1.00878,0.08300,28.71
$IMU,26850.407,-0.427,0.000,-0.183,0.05859,1.01074,0.08203,28.71
$IMU,26850.409,-0.427,-0.122,-0.183,0.05566,1.00976,0.08496,28.71
$IMU,26850.411,-0.427,-0.183,-0.183,0.05957,1.00830,0.08691,28.71
$MAG,26850.414,-0.429,-0.507,-0.667,27.6
$IMU,26850.414,-0.488,0.000,-0.122,0.05810,1.00732,0.08691,28.71
$IMU,26850.416,-0.366,-0.061,-0.122,0.05566,1.00927,0.08447,28.71
$IMU,26850.418,-0.244,-0.183,-0.122,0.05761,1.00781,0.08789,28.70
$IMU,26850.421,-0.183,-0.183,-0.183,0.05517,1.01220,0.08544,28.70
$IMU,26850.423,-0.183,-0.122,-0.122,0.05419,1.00732,0.08203,28.70
$MAG,26850.424,-0.429,-0.501,-0.675,27.7
$IMU,26850.425,-0.183,-0.122,-0.183,0.05761,1.01220,0.08447,28.70
$IMU,26850.428,-0.183,-0.061,-0.122,0.06005,1.01074,0.08642,28.70
$IMU,26850.430,-0.183,0.061,-0.122,0.05957,1.00732,0.08349,28.70
$IMU,26850.432,-0.183,-0.061,-0.183,0.05566,1.00634,0.08544,28.70
$MAG,26850.434,-0.427,-0.505,-0.670,27.6
$IMU,26850.435,-0.244,0.000,-0.183,0.05908,1.00830,0.08593,28.70
$IMU,26850.437,-0.122,-0.122,-0.183,0.05615,1.00927,0.08447,28.69
$IMU,26850.439,-0.061,-0.183,-0.122,0.05712,1.01074,0.08251,28.69
$IMU,26850.442,-0.183,0.061,-0.061,0.05859,1.00683,0.08349,28.69
$MAG,26850.444,-0.436,-0.508,-0.667,27.6
$IMU,26850.444,-0.122,-0.061,-0.122,0.05859,1.00830,0.08300,28.69
$IMU,26850.446,-0.122,-0.061,-0.122,0.05859,1.00683,0.08300,28.69
$IMU,26850.449,-0.122,-0.061,-0.183,0.06005,1.00976,0.08496,28.69
$IMU,26850.451,-0.183,0.000,-0.122,0.05859,1.00537,0.08447,28.69
$IMU,26850.453,-0.244,0.000,-0.183,0.06005,1.00927,0.08251,28.69
$MAG,26850.455,-0.438,-0.504,-0.675,27.6
$IMU,26850.456,-0.305,0.000,-0.244,0.05908,1.00634,0.08398,28.66
$IMU,26850.458,-0.244,-0.183,-0.183,0.06152,1.00341,0.08349,28.66
$BARO,26850.460,86866.65,28.61
$IMU,26850.460,-0.366,-0.244,-0.183,0.05761,1.01074,0.08105,28.66
$IMU,26850.463,-0.488,0.000,-0.244,0.05664,1.00781,0.08447,28.66
$MAG,26850.465,-0.435,-0.504,-0.670,27.6
$IMU,26850.465,-0.488,-0.061,-0.183,0.05468,1.00927,0.08398,28.66
$IMU,26850.468,-0.488,-0.183,-0.183,0.05957,1.00878,0.08398,28.66
$IMU,26850.470,-0.366,-0.061,-0.122,0.05712,1.00683,0.08642,28.66
$IMU,26850.472,-0.244,-0.183,-0.183,0.05761,1.00683,0.08544,28.66
$MAG,26850.475,-0.433,-0.511,-0.667,27.7
$IMU,26850.475,-0.244,-0.183,-0.183,0.05908,1.00781,0.08398,28.66
$IMU,26850.477,-0.366,0.000,-0.183,0.05566,1.01074,0.08251,28.66
$IMU,26850.479,-0.366,0.183,-0.244,0.05908,1.00830,0.08398,28.66
$IMU,26850.482,-0.122,-0.244,-0.305,0.05908,1.00585,0.08251,28.66
$IMU,26850.484,-0.061,-0.122,-0.244,0.05859,1.00830,0.08300,28.66
$MAG,26850.485,-0.435,-0.505,-0.672,27.5
$IMU,26850.486,-0.061,-0.061,-0.244,0.05664,1.00830,0.08544,28.66
$IMU,26850.489,-0.122,-0.061,-0.244,0.05615,1.00781,0.08447,28.66
$IMU,26850.491,-0.061,0.000,-0.183,0.05908,1.00976,0.08447,28.66
$IMU,26850.493,-0.061,-0.061,-0.183,0.05908,1.01269,0.08300,28.66
$MAG,26850.495,-0.433,-0.502,-0.658,27.6
$IMU,26850.496,0.000,0.000,-0.244,0.05712,1.01464,0.08154,28.66
$IMU,26850.498,0.122,-0.244,-0.183,0.05566,1.01367,0.08251,28.66
$IMU,26850.500,0.061,-0.183,-0.183,0.05468,1.01171,0.08300,28.66
$IMU,26850.503,0.000,-0.122,-0.183,0.05761,1.00830,0.08203,28.66
$MAG,26850.505,-0.433,-0.505,-0.675,27.6
$IMU,26850.505,-0.061,-0.061,-0.061,0.05908,1.00927,0.08154,28.66
$IMU,26850.507,-0.183,-0.061,0.000,0.05468,1.00878,0.08154,28.66
$IMU,26850.510,-0.183,-0.061,-0.122,0.05859,1.01171,0.08056,28.66
$IMU,26850.512,-0.305,-0.061,-0.122,0.05957,1.01123,0.07910,28.66
$IMU,26850.514,-0.244,-0.183,-0.122,0.05810,1.00781,0.08007,28.66
$MAG,26850.515,-0.430,-0.517,-0.672,27.6
$IMU,26850.517,-0.305,-0.122,-0.244,0.05712,1.00781,0.08251,28.66
$IMU,26850.519,-0.366,0.000,-0.244,0.05761,1.00781,0.07910,28.66
$IMU,26850.521,-0.305,-0.183,-0.061,0.05664,1.00830,0.08056,28.66
$IMU,26850.524,-0.366,-0.122,-0.061,0.05761,1.00830,0.08251,28.66
$MAG,26850.525,-0.433,-0.508,-0.667,27.7
$IMU,26850.526,-0.427,0.000,0.000,0.05859,1.00927,0.08447,28.66
$IMU,26850.528,-0.366,-0.061,-0.061,0.06103,1.01074,0.08398,28.66
$IMU,26850.531,-0.488,-0.061,-0.061,0.05566,1.00830,0.08154,28.67
$IMU,26850.533,-0.427,-0.061,-0.183,0.05566,1.00683,0.08203,28.67
$MAG,26850.535,-0.435,-0.501,-0.664,27.6
$IMU,26850.536,-0.366,-0.122,-0.122,0.05712,1.00830,0.08447,28.67
$IMU,26850.538,-0.366,-0.122,-0.122,0.05908,1.00683,0.08496,28.67
$IMU,26850.540,-0.366,-0.122,-0.061,0.05810,1.00439,0.08398,28.67
$IMU,26850.543,-0.427,-0.061,0.000,0.06103,1.00537,0.08349,28.67
$MAG,26850.545,-0.435,-0.510,-0.664,27.6
$IMU,26850.545,-0.305,-0.122,0.000,0.06152,1.00927,0.08691,28.67
$IMU,26850.547,-0.305,-0.122,-0.061,0.06103,1.00781,0.08544,28.67
$IMU,26850.550,-0.305,-0.061,-0.122,0.06005,1.00732,0.08544,28.74
$IMU,26850.552,-0.427,0.000,-0.183,0.05810,1.01171,0.08496,28.74
$IMU,26850.554,-0.305,0.000,-0.244,0.05664,1.01123,0.08496,28.74
$MAG,26850.555,-0.435,-0.504,-0.675,27.6
$IMU,26850.557,-0.183,-0.122,-0.122,0.05908,1.00830,0.08154,28.74
$IMU,26850.559,-0.122,-0.244,-0.122,0.05761,1.00341,0.08398,28.74
$BARO,26850.561,86861.60,28.61
$IMU,26850.561,-0.244,-0.183,-0.061,0.05908,1.00878,0.08593,28.74
$IMU,26850.564,-0.183,-0.122,-0.183,0.05859,1.01074,0.08496,28.74
$MAG,26850.566,-0.435,-0.499,-0.667,27.6
$IMU,26850.566,-0.183,0.000,-0.244,0.06005,1.00927,0.08056,28.74
$IMU,26850.568,-0.183,-0.183,-0.305,0.05761,1.00927,0.08251,28.69
$IMU,26850.571,-0.244,-0.122,-0.305,0.05517,1.00585,0.08300,28.69
$IMU,26850.573,-0.122,-0.183,-0.305,0.05664,1.00732,0.08251,28.69
$IMU,26850.575,-0.122,-0.305,-0.183,0.05712,1.01025,0.08154,28.69
$MAG,26850.576,-0.433,-0.507,-0.681,27.6
$IMU,26850.578,-0.244,0.000,-0.122,0.05664,1.00927,0.08349,28.69
$IMU,26850.580,-0.305,0.122,-0.183,0.05615,1.00781,0.08154,28.69
$IMU,26850.582,-0.244,-0.061,-0.244,0.05957,1.00927,0.08544,28.69
$IMU,26850.585,-0.183,-0.061,-0.305,0.05712,1.00732,0.08251,28.69
$MAG,26850.586,-0.441,-0.508,-0.670,27.6
$IMU,26850.587,-0.122,-0.183,-0.305,0.05517,1.00927,0.08300,28.64
$IMU,26850.589,-0.244,-0.122,-0.244,0.05566,1.00634,0.08398,28.64
$IMU,26850.592,-0.183,-0.122,-0.244,0.05419,1.00830,0.08251,28.64
$IMU,26850.594,-0.122,-0.122,-0.244,0.05664,1.00927,0.08203,28.64
$MAG,26850.596,-0.430,-0.502,-0.670,27.6
$IMU,26850.597,-0.061,-0.061,-0.183,0.05664,1.00976,0.08447,28.64
$IMU,26850.599,-0.061,-0.244,-0.183,0.05810,1.00683,0.08496,28.64
$IMU,26850.601,0.000,-0.183,-0.183,0.05615,1.01025,0.08398,28.64
$IMU,26850.604,-0.122,0.000,-0.305,0.05859,1.01171,0.08300,28.64
$MAG,26850.606,-0.430,-0.507,-0.670,27.7
$IMU,26850.606,-0.183,-0.061,-0.305,0.05761,1.00927,0.08154,28.68
$IMU,26850.608,-0.183,0.000,-0.244,0.05712,1.00683,0.08056,28.68
$IMU,26850.611,-0.244,-0.122,-0.122,0.05615,1.00878,0.07958,28.68
$IMU,26850.613,-0.244,-0.244,-0.122,0.05761,1.00683,0.08447,28.68
$IMU,26850.615,-0.305,-0.183,-0.183,0.06005,1.00781,0.08349,28.68
$MAG,26850.616,-0.435,-0.502,-0.672,27.6
$IMU,26850.618,-0.488,-0.061,-0.183,0.05517,1.00878,0.08398,28.68
$IMU,26850.620,-0.488,0.000,-0.244,0.05761,1.00927,0.08398,28.68
$IMU,26850.622,-0.488,0.000,-0.183,0.05566,1.01025,0.08398,28.68
$IMU,26850.625,-0.488,-0.061,-0.122,0.05664,1.00927,0.08251,28.69
$MAG,26850.626,-0.432,-0.501,-0.667,27.6
$IMU,26850.627,-0.488,-0.183,-0.122,0.05810,1.01220,0.08300,28.69
$IMU,26850.629,-0.549,-0.061,-0.061,0.05957,1.01123,0.08251,28.69
$HUM,26850.630,33.8,29.1
$IMU,26850.632,-0.610,0.000,-0.061,0.05859,1.01123,0.08349,28.69
$IMU,26850.634,-0.549,0.000,-0.122,0.05615,1.00537,0.08496,28.69
$IMU,26850.636,-0.488,-0.061,-0.183,0.05712,1.00830,0.08447,28.69
$MAG,26850.636,-0.435,-0.505,-0.667,27.6
$IMU,26850.639,-0.244,-0.305,-0.244,0.05712,1.00830,0.08691,28.69
$IMU,26850.641,-0.305,-0.122,-0.305,0.05517,1.00830,0.08349,28.69
$IMU,26850.643,-0.366,0.000,-0.244,0.05615,1.00439,0.08593,28.69
$MAG,26850.646,-0.433,-0.504,-0.667,27.7
$IMU,26850.646,-0.244,-0.061,-0.122,0.05908,1.00878,0.08642,28.69
$IMU,26850.648,-0.183,-0.061,-0.061,0.05761,1.00830,0.08691,28.69
$IMU,26850.650,-0.122,-0.061,-0.122,0.05957,1.00976,0.08447,28.69
$IMU,26850.653,-0.122,0.000,-0.061,0.05957,1.01025,0.08300,28.69
$IMU,26850.655,0.000,-0.122,-0.122,0.06005,1.01025,0.08496,28.69
$MAG,26850.656,-0.432,-0.517,-0.667,27.6
$IMU,26850.658,-0.061,0.122,-0.183,0.05908,1.00830,0.08349,28.69
$IMU,26850.660,-0.122,0.061,-0.122,0.05468,1.01220,0.08398,28.69
$IMU,26850.662,0.061,-0.183,-0.061,0.05615,1.00830,0.08593,28.70
$BARO,26850.663,86869.20,28.62
$IMU,26850.665,0.000,-0.122,-0.122,0.05517,1.01464,0.08349,28.70
$MAG,26850.666,-0.432,-0.504,-0.666,27.6
$IMU,26850.667,0.000,-0.061,-0.061,0.05810,1.01220,0.08398,28.70
$IMU,26850.669,-0.061,0.061,-0.122,0.05908,1.00781,0.08300,28.70
$IMU,26850.672,0.000,-0.122,-0.061,0.05615,1.00927,0.08300,28.70
$IMU,26850.674,0.000,-0.183,-0.061,0.05761,1.00781,0.07910,28.70
$IMU,26850.676,-0.061,-0.122,-0.183,0.06005,1.00537,0.08203,28.70
$MAG,26850.677,-0.438,-0.502,-0.676,27.6
$IMU,26850.679,-0.122,-0.244,-0.183,0.05908,1.00488,0.08300,28.70
$IMU,26850.681,-0.244,0.000,-0.061,0.05859,1.00537,0.08203,28.69
$IMU,26850.683,-0.244,0.000,-0.061,0.05859,1.00878,0.08349,28.69
$IMU,26850.686,-0.244,-0.122,-0.061,0.05761,1.00585,0.08349,28.69
$MAG,26850.687,-0.427,-0.502,-0.669,27.6
$IMU,26850.688,-0.366,-0.122,-0.061,0.05810,1.00683,0.08154,28.69
$IMU,26850.690,-0.427,-0.122,-0.122,0.05908,1.00927,0.08105,28.69
$IMU,26850.693,-0.488,0.000,-0.183,0.05810,1.00878,0.08203,28.69
$IMU,26850.695,-0.366,-0.183,-0.122,0.06054,1.00781,0.08349,28.69
$MAG,26850.697,-0.433,-0.502,-0.667,27.6
$IMU,26850.697,-0.427,-0.061,-0.183,0.06054,1.00830,0.08251,28.69
$IMU,26850.700,-0.427,-0.122,-0.244,0.05761,1.01074,0.08447,28.66
$IMU,26850.702,-0.488,-0.122,-0.183,0.05566,1.00878,0.08544,28.66
$IMU,26850.704,-0.610,-0.061,-0.122,0.05908,1.00878,0.08789,28.66
$MAG,26850.707,-0.427,-0.510,-0.664,27.7
$IMU,26850.707,-0.610,0.000,-0.244,0.05712,1.00683,0.08544,28.66
$IMU,26850.709,-0.549,0.000,-0.244,0.05908,1.01123,0.08642,28.66
$IMU,26850.711,-0.488,-0.122,-0.183,0.05859,1.00537,0.08593,28.66
$IMU,26850.714,-0.427,0.061,-0.244,0.05712,1.00830,0.08593,28.66
$IMU,26850.716,-0.366,0.000,-0.244,0.05664,1.00781,0.08691,28.66
$MAG,26850.717,-0.430,-0.505,-0.670,27.6
$IMU,26850.719,-0.305,0.000,-0.244,0.05810,1.00878,0.08593,28.66
$IMU,26850.721,-0.244,0.000,-0.244,0.05664,1.01171,0.08642,28.66
$IMU,26850.723,-0.183,-0.122,-0.244,0.06054,1.00976,0.08300,28.66
$IMU,26850.726,-0.122,-0.183,-0.244,0.05761,1.00878,0.08300,28.66
$MAG,26850.727,-0.445,-0.507,-0.664,27.7
$IMU,26850.728,-0.122,-0.183,-0.244,0.05712,1.00683,0.08447,28.66
$IMU,26850.730,-0.122,0.061,-0.305,0.05468,1.01220,0.08447,28.66
$IMU,26850.733,-0.061,-0.183,-0.305,0.05517,1.01025,0.08544,28.66
$IMU,26850.735,-0.122,0.061,-0.366,0.05517,1.00927,0.08251,28.66
$MAG,26850.737,-0.424,-0.499,-0.669,27.6
$IMU,26850.737,-0.061,-0.061,-0.244,0.05664,1.01025,0.08105,28.71
$IMU,26850.740,0.122,-0.305,-0.244,0.05712,1.01025,0.08251,28.71
$IMU,26850.742,0.000,-0.061,-0.244,0.05761,1.00830,0.08300,28.71
$IMU,26850.744,-0.061,-0.061,-0.183,0.05712,1.01025,0.08251,28.71
$MAG,26850.747,-0.430,-0.505,-0.661,27.6
$IMU,26850.747,0.000,-0.061,-0.244,0.05761,1.01123,0.08203,28.71
$IMU,26850.749,-0.061,-0.183,-0.244,0.05712,1.00976,0.08154,28.71
$IMU,26850.751,-0.122,-0.122,-0.244,0.05664,1.00878,0.08349,28.71
$IMU,26850.754,-0.122,0.000,-0.305,0.05810,1.00585,0.08203,28.71
$IMU,26850.756,-0.244,0.061,-0.244,0.05615,1.00488,0.08544,28.71
$MAG,26850.757,-0.432,-0.508,-0.666,27.7
$IMU,26850.758,-0.183,-0.061,-0.305,0.05664,1.00683,0.08251,28.71
$IMU,26850.761,-0.183,-0.122,-0.244,0.05664,1.01025,0.07910,28.71
$IMU,26850.763,-0.244,0.000,-0.183,0.05810,1.01025,0.08105,28.71
$BARO,26850.764,86855.92,28.62
$IMU,26850.765,-0.244,-0.122,-0.183,0.05761,1.01367,0.08056,28.71
$MAG,26850.767,-0.432,-0.504,-0.672,27.7
$IMU,26850.768,-0.305,0.000,-0.183,0.05712,1.01074,0.08203,28.71
$IMU,26850.770,-0.366,0.000,-0.244,0.05615,1.01025,0.08007,28.71
$IMU,26850.772,-0.549,0.000,-0.244,0.05566,1.01025,0.08251,28.71
$IMU,26850.775,-0.427,-0.122,-0.183,0.05859,1.00927,0.08349,28.67
$MAG,26850.777,-0.427,-0.498,-0.673,27.5
$IMU,26850.777,-0.488,-0.061,-0.122,0.05810,1.00976,0.08251,28.67
$IMU,26850.780,-0.488,-0.061,-0.061,0.06103,1.00732,0.08203,28.67
$IMU,26850.782,-0.610,-0.061,-0.061,0.06005,1.00976,0.08447,28.67
$IMU,26850.784,-0.610,0.061,-0.122,0.05664,1.00927,0.08251,28.67
$MAG,26850.787,-0.429,-0.504,-0.667,27.5
$IMU,26850.787,-0.488,-0.122,-0.122,0.05859,1.01025,0.08496,28.67
$IMU,26850.789,-0.488,-0.183,-0.183,0.05859,1.00781,0.08398,28.67
$IMU,26850.791,-0.366,-0.244,-0.122,0.05761,1.00732,0.08251,28.67
$IMU,26850.794,-0.305,-0.122,-0.122,0.05761,1.01025,0.08447,28.68
$IMU,26850.796,-0.427,0.000,-0.061,0.05859,1.00732,0.08447,28.68
$MAG,26850.798,-0.430,-0.507,-0.661,27.6
$IMU,26850.798,-0.244,0.000,-0.061,0.06103,1.01123,0.08642,28.68
$IMU,26850.801,-0.244,-0.183,-0.061,0.05566,1.00976,0.08496,28.68
$IMU,26850.803,-0.183,-0.183,-0.183,0.06054,1.00830,0.08398,28.68
$IMU,26850.805,-0.183,-0.122,-0.183,0.05761,1.01025,0.08251,28.68
$MAG,26850.808,-0.433,-0.513,-0.667,27.7
$IMU,26850.808,-0.122,-0.183,-0.183,0.05957,1.00927,0.08398,28.68
$IMU,26850.810,-0.183,-0.061,-0.122,0.05322,1.00927,0.08349,28.68
$IMU,26850.812,-0.122,-0.122,-0.061,0.05908,1.01074,0.08203,28.67
$IMU,26850.815,-0.061,-0.122,-0.061,0.05566,1.00878,0.08300,28.67
$IMU,26850.817,0.000,0.000,-0.061,0.05957,1.01171,0.08251,28.67
$MAG,26850.818,-0.427,-0.504,-0.669,27.7
$IMU,26850.819,-0.061,-0.122,-0.061,0.05810,1.00976,0.08349,28.67
$IMU,26850.822,-0.061,0.000,-0.122,0.05810,1.00976,0.08300,28.67
$IMU,26850.824,0.000,-0.061,-0.183,0.05468,1.00732,0.08447,28.67
$IMU,26850.826,-0.061,-0.183,-0.183,0.05664,1.00830,0.08349,28.67
$MAG,26850.828,-0.439,-0.498,-0.667,27.6
$IMU,26850.829,0.000,-0.122,-0.122,0.05419,1.00683,0.08349,28.67
$IMU,26850.831,0.061,-0.244,-0.061,0.05810,1.01025,0.08007,28.70
$IMU,26850.833,-0.122,-0.061,-0.061,0.05908,1.00830,0.08105,28.70
$IMU,26850.836,-0.122,0.000,-0.061,0.06005,1.00732,0.08251,28.70
$MAG,26850.838,-0.433,-0.501,-0.678,27.6
$IMU,26850.838,-0.122,-0.122,-0.061,0.05908,1.01025,0.08349,28.70
$IMU,26850.841,-0.122,-0.122,-0.183,0.05810,1.00341,0.08349,28.70
$IMU,26850.843,-0.183,-0.183,-0.183,0.05615,1.00683,0.08349,28.70
$IMU,26850.845,-0.244,0.061,-0.122,0.05810,1.00488,0.08300,28.70
$MAG,26850.848,-0.430,-0.507,-0.672,27.6
$IMU,26850.848,-0.305,-0.122,-0.061,0.05761,1.00683,0.07910,28.70
$IMU,26850.850,-0.366,-0.122,-0.061,0.05957,1.00830,0.08007,28.68
$IMU,26850.852,-0.427,0.000,-0.061,0.06005,1.00781,0.08251,28.68
$IMU,26850.855,-0.427,-0.122,-0.122,0.05957,1.00341,0.08251,28.68
$IMU,26850.857,-0.427,0.000,-0.183,0.05957,1.00878,0.08349,28.68
$MAG,26850.858,-0.435,-0.505,-0.672,27.7
$IMU,26850.859,-0.488,0.000,-0.244,0.05419,1.00390,0.08593,28.68
$IMU,26850.862,-0.488,-0.061,-0.183,0.05566,1.00732,0.08398,28.68
$IMU,26850.864,-0.488,0.000,-0.122,0.05859,1.00634,0.08154,28.68
$BARO,26850.866,86869.62,28.62
$IMU,26850.866,-0.488,-0.183,-0.061,0.05957,1.00732,0.08544,28.68
$MAG,26850.868,-0.424,-0.513,-0.672,27.8
$IMU,26850.869,-0.549,-0.122,-0.061,0.05712,1.00976,0.08447,28.67
$IMU,26850.871,-0.488,0.000,-0.061,0.05908,1.00781,0.08398,28.67
$IMU,26850.873,-0.488,0.061,-0.244,0.05810,1.00976,0.08496,28.67
$IMU,26850.876,-0.427,-0.122,-0.244,0.06054,1.00830,0.08544,28.67
$MAG,26850.878,-0.427,-0.502,-0.666,27.6
$IMU,26850.878,-0.427,-0.183,-0.305,0.05908,1.01123,0.08154,28.67
$IMU,26850.880,-0.305,-0.061,-0.122,0.05761,1.01123,0.08447,28.67
$IMU,26850.883,-0.244,-0.061,-0.061,0.05761,1.01220,0.08789,28.67
$IMU,26850.885,-0.244,-0.061,-0.061,0.05566,1.00976,0.08593,28.67
$IMU,26850.887,0.000,-0.061,-0.122,0.05664,1.01123,0.08496,28.71
$MAG,26850.888,-0.429,-0.499,-0.672,28.0
$IMU,26850.890,0.122,-0.183,-0.122,0.06005,1.00976,0.08496,28.71
$IMU,26850.892,0.061,-0.244,-0.183,0.05664,1.00537,0.08593,28.71
$IMU,26850.894,0.122,0.000,-0.244,0.05371,1.01025,0.08496,28.71
$IMU,26850.897,0.061,-0.061,-0.183,0.05468,1.00781,0.08496,28.71
$MAG,26850.898,-0.429,-0.511,-0.672,27.7
$IMU,26850.899,0.061,-0.061,-0.183,0.05566,1.00878,0.08349,28.71
$IMU,26850.902,0.122,-0.122,-0.122,0.05664,1.00781,0.08398,28.71
$IMU,26850.904,0.244,-0.183,-0.061,0.05712,1.00781,0.08496,28.71
$IMU,26850.906,0.244,-0.183,-0.122,0.05761,1.00976,0.08007,28.69
$MAG,26850.909,-0.430,-0.499,-0.670,27.6
$IMU,26850.909,0.122,-0.183,-0.183,0.05810,1.01269,0.08154,28.69
$IMU,26850.911,0.061,0.000,-0.305,0.05566,1.00927,0.08203,28.69
$IMU,26850.913,0.000,-0.061,-0.305,0.05566,1.00634,0.08300,28.69
$IMU,26850.916,-0.061,-0.061,-0.122,0.05566,1.00732,0.08203,28.69
$IMU,26850.918,-0.183,-0.061,-0.183,0.05664,1.00927,0.08203,28.69
$MAG,26850.919,-0.436,-0.504,-0.670,27.7
$IMU,26850.920,-0.122,-0.122,-0.183,0.05761,1.00976,0.07861,28.69
$IMU,26850.923,-0.305,-0.061,-0.183,0.05908,1.00683,0.08154,28.69
$IMU,26850.925,-0.488,0.061,-0.122,0.05664,1.00878,0.07812,28.73
$IMU,26850.927,-0.549,-0.122,-0.244,0.05908,1.00634,0.08398,28.73
$MAG,26850.929,-0.435,-0.508,-0.669,27.7
$IMU,26850.930,-0.549,-0.183,-0.244,0.05859,1.00732,0.08007,28.73
$IMU,26850.932,-0.549,-0.305,-0.122,0.05761,1.00732,0.08203,28.73
$IMU,26850.934,-0.732,-0.061,-0.122,0.05810,1.00781,0.08251,28.73
$IMU,26850.937,-0.793,-0.061,-0.122,0.05810,1.00390,0.08251,28.73
$MAG,26850.939,-0.429,-0.508,-0.666,27.7
$IMU,26850.939,-0.854,0.061,-0.183,0.06005,1.00683,0.08447,28.73
$IMU,26850.941,-0.732,-0.061,-0.122,0.05810,1.00976,0.08300,28.73
$IMU,26850.944,-0.610,-0.183,-0.122,0.05761,1.00830,0.08496,28.70
$IMU,26850.946,-0.671,0.061,-0.183,0.05712,1.00927,0.08984,28.70
$IMU,26850.948,-0.549,-0.122,-0.244,0.05908,1.01318,0.08740,28.70
$MAG,26850.949,-0.436,-0.510,-0.669,27.6
$IMU,26850.951,-0.549,0.000,-0.183,0.05859,1.01220,0.08789,28.70
$IMU,26850.953,-0.427,-0.122,-0.122,0.05517,1.00976,0.09033,28.70
$IMU,26850.955,-0.244,-0.305,-0.183,0.05566,1.00976,0.08447,28.70
$IMU,26850.958,-0.244,-0.122,-0.183,0.05664,1.01025,0.08544,28.70
$MAG,26850.959,-0.433,-0.499,-0.664,27.6
$IMU,26850.960,-0.244,0.000,-0.183,0.05859,1.00830,0.08740,28.70
$IMU,26850.962,-0.183,0.122,-0.183,0.05761,1.00732,0.08593,28.68
$IMU,26850.965,0.000,-0.061,-0.183,0.05517,1.01074,0.08691,28.68
$BARO,26850.967,86863.57,28.62
$IMU,26850.967,0.122,-0.183,-0.244,0.05810,1.01171,0.08544,28.68
$MAG,26850.969,-0.435,-0.501,-0.666,27.7
$IMU,26850.970,0.183,-0.122,-0.244,0.05859,1.00732,0.08544,28.68
$IMU,26850.972,0.000,-0.061,-0.183,0.05761,1.00732,0.08154,28.68
$IMU,26850.974,0.122,0.000,-0.183,0.05664,1.00683,0.08349,28.68
$IMU,26850.977,0.061,0.122,-0.244,0.05810,1.00488,0.08251,28.68
$MAG,26850.979,-0.430,-0.514,-0.664,27.6
$IMU,26850.979,0.061,-0.061,-0.305,0.05761,1.00537,0.08300,28.68
$IMU,26850.981,0.122,-0.244,-0.366,0.05566,1.00634,0.08203,28.71
$IMU,26850.984,0.061,-0.122,-0.305,0.05615,1.00683,0.08154,28.71
$IMU,26850.986,-0.061,0.000,-0.366,0.05566,1.00781,0.07958,28.71
$IMU,26850.988,-0.183,0.000,-0.305,0.05859,1.00830,0.08056,28.71
$MAG,26850.989,-0.424,-0.508,-0.669,27.6
$IMU,26850.991,-0.183,0.000,-0.244,0.06201,1.00781,0.08300,28.71
$IMU,26850.993,-0.183,0.000,-0.244,0.05664,1.00781,0.08154,28.71
$IMU,26850.995,-0.183,-0.122,-0.183,0.05615,1.01074,0.08007,28.71
$IMU,26850.998,-0.305,-0.122,-0.183,0.05761,1.01318,0.07958,28.71
$MAG,26850.999,-0.430,-0.496,-0.661,27.6
$IMU,26851.000,-0.366,-0.061,-0.244,0.05517,1.01074,0.08105,28.66
$IMU,26851.002,-0.427,-0.061,-0.244,0.05566,1.00927,0.07861,28.66
$IMU,26851.005,-0.488,-0.183,-0.122,0.06054,1.00976,0.08300,28.66
$IMU,26851.007,-0.488,-0.122,-0.122,0.05419,1.00976,0.08154,28.66
$IMU,26851.009,-0.488,-0.122,-0.122,0.05615,1.01074,0.08251,28.66
$MAG,26851.010,-0.427,-0.498,-0.661,27.6
$IMU,26851.012,-0.488,-0.061,-0.061,0.05810,1.01074,0.08496,28.66
$IMU,26851.014,-0.427,0.061,-0.061,0.05810,1.00878,0.08447,28.66
$IMU,26851.016,-0.427,-0.122,-0.061,0.05712,1.01123,0.08544,28.66
$IMU,26851.019,-0.366,-0.122,-0.061,0.05908,1.00976,0.08544,28.67
$MAG,26851.020,-0.432,-0.511,-0.670,27.6
$IMU,26851.021,-0.244,-0.122,-0.061,0.05810,1.00976,0.08300,28.67
$IMU,26851.023,-0.183,-0.305,-0.122,0.05712,1.01171,0.08349,28.67
$IMU,26851.026,-0.244,-0.183,-0.061,0.05957,1.01416,0.08496,28.67
$IMU,26851.028,-0.366,0.061,0.000,0.06201,1.01171,0.08203,28.67
$MAG,26851.030,-0.435,-0.507,-0.672,27.7
$IMU,26851.031,-0.305,-0.061,0.000,0.06103,1.00976,0.08251,28.67
$IMU,26851.033,-0.183,-0.183,0.000,0.06201,1.00683,0.08300,28.67
$IMU,26851.035,-0.183,-0.122,0.000,0.05810,1.00830,0.08203,28.67
$IMU,26851.038,-0.244,-0.122,-0.061,0.06005,1.00488,0.08300,28.68
$MAG,26851.040,-0.436,-0.510,-0.669,27.6
$IMU,26851.040,-0.305,0.061,-0.122,0.05810,1.00585,0.08544,28.68
$IMU,26851.042,-0.244,-0.061,-0.122,0.05517,1.00537,0.08349,28.68
$IMU,26851.045,-0.183,-0.122,-0.061,0.05712,1.00683,0.08398,28.68
$IMU,26851.047,-0.305,0.000,-0.122,0.05712,1.00683,0.08447,28.68
$IMU,26851.049,-0.244,-0.061,-0.122,0.05664,1.00634,0.08496,28.68
$MAG,26851.050,-0.435,-0.496,-0.669,27.6
$IMU,26851.052,-0.305,-0.061,-0.122,0.06005,1.00830,0.08544,28.68
$IMU,26851.054,-0.305,-0.122,-0.183,0.05957,1.00781,0.08398,28.68
$IMU,26851.056,-0.183,-0.244,-0.183,0.05761,1.00830,0.08203,28.66
$IMU,26851.059,-0.183,-0.183,-0.244,0.06005,1.00488,0.08398,28.66
$MAG,26851.060,-0.430,-0.507,-0.679,27.6
$IMU,26851.061,-0.122,-0.122,-0.305,0.05761,1.00292,0.08007,28.66
$IMU,26851.063,-0.183,0.000,-0.244,0.05566,1.00732,0.08203,28.66
$IMU,26851.066,-0.122,0.000,-0.183,0.05664,1.00830,0.08593,28.66
$BARO,26851.068,86871.11,28.62
$IMU,26851.068,-0.122,-0.183,-0.183,0.06005,1.01171,0.08154,28.66
$MAG,26851.070,-0.435,-0.504,-0.667,27.7
$IMU,26851.070,-0.061,-0.122,-0.244,0.06054,1.01123,0.08544,28.66
$IMU,26851.073,-0.122,-0.244,-0.305,0.05908,1.00976,0.08300,28.66
$IMU,26851.075,-0.183,-0.061,-0.366,0.05712,1.01074,0.08398,28.72
$IMU,26851.077,-0.183,0.061,-0.305,0.05371,1.01367,0.08642,28.72
$MAG,26851.080,-0.435,-0.507,-0.669,27.7
$IMU,26851.080,-0.122,-0.061,-0.244,0.05468,1.00976,0.08789,28.72
$IMU,26851.082,-0.122,-0.122,-0.183,0.05517,1.01025,0.08398,28.72
$IMU,26851.084,-0.061,-0.122,-0.122,0.05566,1.01123,0.08496,28.72
$IMU,26851.087,0.000,-0.061,-0.122,0.05810,1.01025,0.08398,28.72
$IMU,26851.089,0.000,-0.183,-0.183,0.05908,1.01464,0.08398,28.72
$MAG,26851.090,-0.429,-0.508,-0.675,27.6
$IMU,26851.092,-0.122,-0.061,-0.122,0.05761,1.01171,0.08300,28.72
$IMU,26851.094,-0.061,-0.061,-0.244,0.05859,1.01220,0.08251,28.69
$IMU,26851.096,-0.061,-0.122,-0.183,0.05664,1.01171,0.08300,28.69
$IMU,26851.099,-0.122,-0.061,-0.122,0.05615,1.01123,0.08349,28.69
$MAG,26851.100,-0.430,-0.504,-0.664,27.6
$IMU,26851.101,-0.305,-0.061,-0.061,0.05761,1.00976,0.08056,28.69
$IMU,26851.103,-0.244,-0.183,0.000,0.05761,1.00732,0.07861,28.69
$IMU,26851.106,-0.366,-0.122,-0.061,0.05957,1.00976,0.08203,28.69
$IMU,26851.108,-0.305,-0.061,-0.122,0.05761,1.01123,0.08203,28.69
$MAG,26851.110,-0.430,-0.502,-0.670,27.6
$IMU,26851.110,-0.305,-0.183,-0.122,0.06103,1.00878,0.08251,28.69
$IMU,26851.113,-0.427,-0.122,-0.183,0.05566,1.00683,0.08007,28.67
$IMU,26851.115,-0.488,0.000,-0.122,0.05712,1.00732,0.08300,28.67
$IMU,26851.117,-0.488,0.122,0.000,0.06054,1.00585,0.08447,28.67
$IMU,26851.120,-0.366,-0.122,0.000,0.05810,1.00732,0.08398,28.67
$MAG,26851.121,-0.433,-0.499,-0.673,27.6
$IMU,26851.122,-0.488,0.000,0.000,0.05957,1.00683,0.08300,28.67
$IMU,26851.124,-0.366,-0.122,-0.061,0.05908,1.00439,0.08593,28.67
$IMU,26851.127,-0.488,0.000,-0.183,0.05664,1.00537,0.08251,28.67
$IMU,26851.129,-0.488,0.000,-0.244,0.06005,1.00878,0.08251,28.67
$MAG,26851.131,-0.433,-0.505,-0.669,27.6
$IMU,26851.131,-0.366,-0.061,-0.183,0.05615,1.00781,0.08496,28.69
$IMU,26851.134,-0.305,-0.061,-0.122,0.05712,1.00976,0.08496,28.69
$IMU,26851.136,-0.305,-0.122,-0.061,0.05957,1.01123,0.08447,28.69
$IMU,26851.138,-0.305,-0.122,0.000,0.06103,1.00781,0.08398,28.69
$MAG,26851.141,-0.433,-0.508,-0.678,27.6
$IMU,26851.141,-0.244,-0.183,-0.122,0.05859,1.00878,0.08349,28.69
$IMU,26851.143,-0.244,-0.122,-0.244,0.06250,1.00634,0.08300,28.69
$IMU,26851.145,-0.305,-0.061,-0.183,0.05859,1.00732,0.08496,28.69
$IMU,26851.148,-0.183,-0.183,-0.305,0.05859,1.00830,0.08447,28.69
$IMU,26851.150,-0.244,-0.122,-0.183,0.05957,1.01123,0.08593,28.70
$MAG,26851.151,-0.427,-0.502,-0.675,27.5
$IMU,26851.153,-0.183,-0.122,-0.183,0.05419,1.01269,0.08544,28.70
$IMU,26851.155,-0.183,0.061,-0.122,0.05859,1.01269,0.08544,28.70
$IMU,26851.157,-0.122,-0.061,-0.122,0.05859,1.01269,0.08398,28.70
$IMU,26851.160,0.000,-0.183,-0.244,0.05810,1.01025,0.08300,28.70
$MAG,26851.161,-0.423,-0.498,-0.673,27.6
$IMU,26851.162,0.000,-0.183,-0.244,0.05859,1.01220,0.08251,28.70
$IMU,26851.164,0.000,-0.061,-0.244,0.05615,1.01025,0.08203,28.70
$IMU,26851.167,-0.061,0.000,-0.244,0.05859,1.00683,0.08300,28.70
$IMU,26851.169,-0.061,-0.061,-0.183,0.05908,1.00781,0.08349,28.73
$BARO,26851.170,86870.35,28.62
$MAG,26851.171,-0.429,-0.505,-0.663,27.6
$IMU,26851.171,0.000,-0.061,-0.122,0.06005,1.01269,0.08203,28.73
$IMU,26851.174,0.000,-0.061,-0.061,0.06201,1.00976,0.08251,28.73
$IMU,26851.176,0.000,-0.122,-0.122,0.05664,1.01171,0.08203,28.73
$IMU,26851.178,-0.183,0.000,-0.122,0.05859,1.00732,0.08300,28.73
$MAG,26851.181,-0.429,-0.510,-0.672,27.7
$IMU,26851.181,-0.122,-0.061,-0.244,0.05712,1.01074,0.08203,28.73
$IMU,26851.183,-0.183,-0.061,-0.305,0.05810,1.00732,0.08056,28.73
$IMU,26851.185,-0.244,-0.061,-0.122,0.05615,1.00781,0.08496,28.73
$VBAT,26851.185,4.129
$IMU,26851.188,-0.305,0.000,-0.122,0.05273,1.00683,0.08251,28.69
$IMU,26851.190,-0.366,0.061,-0.061,0.05664,1.00927,0.08349,28.69
$MAG,26851.191,-0.424,-0.501,-0.678,27.6
$IMU,26851.192,-0.488,0.000,-0.061,0.05810,1.00732,0.08251,28.69
$IMU,26851.195,-0.427,-0.061,-0.122,0.05859,1.00878,0.08251,28.69
$IMU,26851.197,-0.488,-0.183,-0.183,0.05566,1.00878,0.08056,28.69
$IMU,26851.199,-0.427,-0.305,-0.244,0.05664,1.00732,0.08203,28.69
$MAG,26851.201,-0.427,-0.508,-0.667,27.6
$IMU,26851.202,-0.549,-0.122,-0.183,0.05712,1.01025,0.08154,28.69
$IMU,26851.204,-0.549,0.000,-0.183,0.05664,1.00976,0.08349,28.69
$IMU,26851.206,-0.488,0.000,-0.061,0.05859,1.01171,0.08496,28.69
$IMU,26851.209,-0.549,-0.061,0.000,0.05957,1.00732,0.08398,28.69
$MAG,26851.211,-0.439,-0.514,-0.669,27.6
$IMU,26851.211,-0.366,-0.183,-0.061,0.05908,1.00830,0.08496,28.69
$IMU,26851.214,-0.305,-0.061,-0.183,0.05859,1.00732,0.08349,28.69
$IMU,26851.216,-0.366,-0.061,-0.244,0.05761,1.00683,0.08398,28.69
$IMU,26851.218,-0.305,-0.122,-0.244,0.05517,1.00976,0.08544,28.69
$MAG,26851.221,-0.423,-0.501,-0.666,27.6
$IMU,26851.221,-0.305,0.122,-0.183,0.05712,1.00878,0.08740,28.69
$IMU,26851.223,-0.183,-0.122,0.000,0.05712,1.00878,0.08398,28.69
$IMU,26851.225,-0.183,-0.122,-0.061,0.05810,1.00878,0.08447,28.68
$IMU,26851.228,-0.244,0.122,-0.183,0.05517,1.00878,0.08544,28.68
$IMU,26851.230,-0.061,-0.122,-0.183,0.05761,1.01416,0.08642,28.68
$MAG,26851.232,-0.438,-0.501,-0.669,27.6
$IMU,26851.232,-0.061,-0.122,-0.183,0.05712,1.00830,0.08300,28.68
$IMU,26851.235,-0.061,-0.122,-0.183,0.05615,1.00976,0.08447,28.68
$IMU,26851.237,0.061,-0.122,-0.244,0.05664,1.00683,0.08300,28.68
$IMU,26851.239,-0.122,-0.061,-0.122,0.05761,1.00878,0.08349,28.68
$MAG,26851.242,-0.429,-0.504,-0.667,27.7
$IMU,26851.242,0.000,-0.061,-0.122,0.06054,1.00878,0.08349,28.68
$IMU,26851.244,-0.122,0.000,-0.122,0.05908,1.00976,0.08300,28.65
$IMU,26851.246,-0.061,-0.183,-0.183,0.05908,1.00878,0.08056,28.65
$IMU,26851.249,0.000,-0.122,-0.183,0.06054,1.00732,0.08300,28.65
$IMU,26851.251,-0.061,0.000,-0.244,0.06201,1.00781,0.08398,28.65
$MAG,26851.252,-0.435,-0.504,-0.675,27.6
$IMU,26851.253,-0.122,-0.122,-0.305,0.05908,1.00927,0.08642,28.65
$IMU,26851.256,-0.244,0.061,-0.305,0.06005,1.00732,0.08105,28.65
$IMU,26851.258,-0.183,-0.122,-0.183,0.05566,1.01074,0.08056,28.65
$IMU,26851.260,-0.183,-0.061,-0.183,0.05810,1.00634,0.08300,28.65
$MAG,26851.262,-0.427,-0.517,-0.678,27.6
$IMU,26851.263,-0.244,-0.061,-0.183,0.05615,1.00976,0.08593,28.70
$IMU,26851.265,-0.305,-0.122,-0.183,0.05712,1.00878,0.08349,28.70
$IMU,26851.267,-0.427,0.061,-0.183,0.05810,1.00976,0.08056,28.70
$IMU,26851.270,-0.366,0.061,-0.183,0.05859,1.00878,0.08251,28.70
$BARO,26851.271,86864.31,28.62
$MAG,26851.272,-0.430,-0.499,-0.675,27.6
$IMU,26851.272,-0.366,-0.122,-0.122,0.05664,1.00878,0.07958,28.70
$IMU,26851.275,-0.305,-0.305,-0.183,0.05712,1.00927,0.08496,28.70
$IMU,26851.277,-0.366,-0.183,-0.122,0.05517,1.00683,0.08300,28.70
$IMU,26851.279,-0.427,0.000,-0.122,0.05664,1.00976,0.08251,28.70
$MAG,26851.282,-0.432,-0.502,-0.667,27.6
$IMU,26851.282,-0.366,-0.122,-0.122,0.05664,1.00976,0.08203,28.68
$IMU,26851.284,-0.366,0.000,-0.122,0.05761,1.01220,0.08105,28.68
$IMU,26851.286,-0.244,-0.061,-0.122,0.06005,1.00830,0.08349,28.68
$IMU,26851.289,-0.305,-0.244,-0.061,0.05664,1.00488,0.08398,28.68
$IMU,26851.291,-0.366,0.061,-0.122,0.06152,1.01123,0.08300,28.68
$MAG,26851.292,-0.426,-0.505,-0.670,27.6
$IMU,26851.293,-0.366,0.000,-0.183,0.05859,1.01025,0.08447,28.68
$IMU,26851.296,-0.366,-0.061,-0.061,0.06005,1.00976,0.08398,28.68
$IMU,26851.298,-0.244,0.000,-0.122,0.05664,1.00732,0.08544,28.68
$IMU,26851.300,-0.244,-0.061,-0.122,0.06152,1.00585,0.08349,28.72
$MAG,26851.302,-0.432,-0.510,-0.672,27.7
$IMU,26851.303,-0.305,-0.061,-0.122,0.06103,1.00732,0.08349,28.72
$IMU,26851.305,-0.366,-0.061,-0.122,0.05957,1.00830,0.08496,28.72
$IMU,26851.307,-0.366,-0.061,-0.183,0.05859,1.01025,0.08300,28.72
$IMU,26851.310,-0.305,-0.061,-0.305,0.06005,1.00927,0.08300,28.72
$MAG,26851.312,-0.432,-0.510,-0.672,27.6
$IMU,26851.312,-0.244,-0.061,-0.183,0.05712,1.01025,0.08349,28.72
$IMU,26851.314,-0.244,-0.061,-0.244,0.06152,1.00927,0.08251,28.72
$IMU,26851.317,-0.305,0.000,-0.244,0.05761,1.00683,0.08203,28.72
$IMU,26851.319,-0.366,0.061,-0.183,0.05957,1.00439,0.08349,28.66
$IMU,26851.321,-0.305,-0.061,-0.183,0.05859,1.00878,0.08398,28.66
$MAG,26851.322,-0.432,-0.501,-0.667,27.7
$IMU,26851.324,-0.183,-0.061,-0.183,0.05859,1.00683,0.08398,28.66
$IMU,26851.326,-0.122,-0.183,-0.244,0.05664,1.00830,0.08105,28.66
$IMU,26851.328,-0.061,-0.183,-0.244,0.05517,1.01074,0.08154,28.66
$IMU,26851.331,-0.061,-0.061,-0.305,0.05615,1.01220,0.08251,28.66
$MAG,26851.332,-0.429,-0.502,-0.661,27.7
$IMU,26851.333,-0.061,0.000,-0.305,0.05712,1.00878,0.08056,28.66
$IMU,26851.335,-0.183,0.000,-0.183,0.05712,1.01025,0.08447,28.66
$IMU,26851.338,-0.183,0.000,-0.183,0.05712,1.00927,0.08593,28.67
$IMU,26851.340,-0.061,-0.183,-0.183,0.05859,1.01025,0.08593,28.67
$MAG,26851.343,-0.433,-0.505,-0.673,27.6
$IMU,26851.343,-0.122,-0.122,-0.244,0.05761,1.01220,0.08251,28.67
$IMU,26851.345,-0.122,-0.122,-0.244,0.05517,1.01123,0.08105,28.67
$IMU,26851.347,-0.183,-0.122,-0.244,0.05664,1.00927,0.08398,28.67
$IMU,26851.350,-0.122,-0.122,-0.244,0.05664,1.00976,0.07958,28.67
$IMU,26851.352,-0.183,-0.061,-0.244,0.05664,1.00878,0.08251,28.67
$MAG,26851.353,-0.438,-0.505,-0.669,27.6
$IMU,26851.354,-0.122,-0.061,-0.122,0.05859,1.01025,0.08203,28.67
$IMU,26851.357,-0.183,0.000,-0.061,0.05810,1.01220,0.08154,28.69
$IMU,26851.359,-0.244,-0.061,-0.061,0.05908,1.00927,0.08496,28.69
$IMU,26851.361,-0.244,-0.183,-0.122,0.05810,1.00927,0.08398,28.69
$MAG,26851.363,-0.432,-0.501,-0.661,27.6
$IMU,26851.364,-0.305,-0.061,-0.183,0.05712,1.00878,0.08203,28.69
$IMU,26851.366,-0.427,0.000,-0.183,0.05761,1.01025,0.08496,28.69
$IMU,26851.368,-0.427,-0.061,-0.061,0.05615,1.00830,0.08447,28.69
$IMU,26851.371,-0.366,-0.061,0.000,0.05615,1.00683,0.08496,28.69
$BARO,26851.373,86872.37,28.62
$MAG,26851.373,-0.429,-0.508,-0.672,27.6
$IMU,26851.373,-0.427,-0.061,-0.061,0.05908,1.00878,0.08203,28.69
$IMU,26851.375,-0.427,-0.183,0.000,0.06201,1.01318,0.08007,28.71
$IMU,26851.378,-0.427,-0.122,0.000,0.05761,1.01074,0.08544,28.71
$IMU,26851.380,-0.427,-0.061,-0.122,0.05664,1.00732,0.08593,28.71
$IMU,26851.382,-0.427,-0.122,-0.183,0.05908,1.00537,0.08105,28.71
$MAG,26851.383,-0.433,-0.501,-0.667,27.6
$IMU,26851.385,-0.427,0.000,-0.183,0.05859,1.00634,0.08349,28.71
$IMU,26851.387,-0.366,0.000,-0.061,0.05566,1.00585,0.08496,28.71
$IMU,26851.389,-0.427,-0.183,0.000,0.05712,1.00585,0.08203,28.71
$IMU,26851.392,-0.366,-0.183,-0.061,0.06201,1.00585,0.08105,28.71
$MAG,26851.393,-0.435,-0.505,-0.669,27.7
$IMU,26851.394,-0.366,-0.061,-0.122,0.05957,1.00683,0.08398,28.71
$IMU,26851.396,-0.366,-0.061,-0.183,0.06152,1.00683,0.08349,28.71
$TIME,26851.399,510745.000,2399
$IMU,26851.399,-0.244,-0.183,-0.183,0.05908,1.00781,0.08496,28.71
$IMU,26851.401,-0.244,-0.122,-0.244,0.05664,1.01025,0.08398,28.71
$MAG,26851.403,-0.435,-0.507,-0.667,27.8
$IMU,26851.404,-0.183,-0.061,-0.183,0.05615,1.00732,0.08544,28.71
$IMU,26851.406,-0.122,-0.061,-0.122,0.06298,1.00585,0.08984,28.71
$IMU,26851.408,-0.122,-0.122,-0.061,0.06005,1.00878,0.08300,28.71
$IMU,26851.411,-0.183,-0.122,-0.122,0.05859,1.00830,0.08349,28.71
$MAG,26851.413,-0.438,-0.508,-0.672,27.6
$IMU,26851.413,-0.122,-0.061,-0.244,0.05859,1.01123,0.08642,28.71
$IMU,26851.415,-0.061,-0.183,-0.305,0.06054,1.00927,0.08544,28.71
$IMU,26851.418,0.000,-0.061,-0.366,0.05712,1.00732,0.08496,28.71
$IMU,26851.420,0.061,-0.061,-0.305,0.05761,1.00830,0.08544,28.71
$IMU,26851.422,-0.061,-0.061,-0.122,0.05761,1.01220,0.08447,28.71
$MAG,26851.423,-0.430,-0.501,-0.672,27.7
$IMU,26851.425,-0.061,0.000,-0.061,0.05859,1.01220,0.08203,28.71
$IMU,26851.427,-0.061,0.061,-0.122,0.05908,1.01123,0.08007,28.71
$IMU,26851.429,0.000,-0.122,-0.244,0.06005,1.01025,0.08251,28.71
$IMU,26851.432,-0.061,-0.122,-0.305,0.05761,1.00585,0.08154,28.70
$MAG,26851.433,-0.430,-0.498,-0.664,27.7
$IMU,26851.434,-0.122,0.122,-0.366,0.05712,1.00781,0.08398,28.70
$IMU,26851.436,-0.061,-0.122,-0.366,0.05664,1.00830,0.08642,28.70
$IMU,26851.439,-0.122,-0.122,-0.183,0.05468,1.00830,0.08300,28.70
$IMU,26851.441,-0.061,-0.122,-0.122,0.05566,1.00976,0.08105,28.70
$MAG,26851.443,-0.439,-0.501,-0.669,27.6
$IMU,26851.443,-0.183,-0.061,-0.061,0.05712,1.01269,0.08154,28.70
$IMU,26851.446,-0.244,0.000,-0.122,0.06054,1.00927,0.08056,28.70
$IMU,26851.448,-0.305,0.000,-0.183,0.05712,1.01025,0.07958,28.70
$IMU,26851.450,-0.305,0.000,-0.305,0.05517,1.01074,0.07958,28.67
$IMU,26851.453,-0.305,-0.061,-0.244,0.05615,1.00878,0.08203,28.67
$MAG,26851.454,-0.435,-0.502,-0.679,27.7
$IMU,26851.455,-0.366,-0.183,-0.122,0.05517,1.00830,0.08154,28.67
$IMU,26851.457,-0.488,-0.061,-0.061,0.05517,1.00732,0.08300,28.67
$IMU,26851.460,-0.549,0.000,-0.122,0.05712,1.01074,0.08105,28.67
$IMU,26851.462,-0.488,-0.061,-0.122,0.05712,1.00732,0.08154,28.67
$MAG,26851.464,-0.430,-0.501,-0.663,27.6
$IMU,26851.465,-0.427,-0.122,-0.183,0.05712,1.00585,0.08154,28.67
$IMU,26851.467,-0.427,-0.122,-0.244,0.05908,1.00781,0.08349,28.67
$IMU,26851.469,-0.427,-0.122,-0.244,0.05615,1.00683,0.08447,28.71
$IMU,26851.472,-0.549,0.122,-0.183,0.05712,1.01171,0.08642,28.71
$BARO,26851.474,86862.45,28.63
$MAG,26851.474,-0.430,-0.505,-0.672,27.6
$IMU,26851.474,-0.610,0.122,-0.122,0.05468,1.00878,0.08496,28.71
$IMU,26851.476,-0.488,-0.122,-0.122,0.05761,1.01074,0.08300,28.71
$IMU,26851.479,-0.366,-0.061,-0.061,0.05664,1.00927,0.08203,28.71
$IMU,26851.481,-0.305,-0.183,-0.122,0.05859,1.00976,0.08203,28.71
$IMU,26851.483,-0.366,-0.061,-0.183,0.06005,1.00976,0.08447,28.71
$MAG,26851.484,-0.432,-0.510,-0.675,27.6
$IMU,26851.486,-0.366,-0.061,-0.244,0.05859,1.00781,0.08300,28.71
$IMU,26851.488,-0.244,-0.183,-0.183,0.05615,1.00781,0.08740,28.68
$IMU,26851.490,-0.183,-0.183,-0.183,0.05566,1.00585,0.08740,28.68
$IMU,26851.493,-0.244,-0.122,-0.061,0.05761,1.00634,0.08593,28.68
$MAG,26851.494,-0.435,-0.507,-0.672,27.7
$IMU,26851.495,-0.061,-0.244,-0.183,0.05859,1.00976,0.08496,28.68
$IMU,26851.497,-0.122,-0.122,-0.183,0.05810,1.00683,0.08398,28.68
$IMU,26851.500,-0.122,0.000,-0.244,0.05908,1.00683,0.08642,28.68
$IMU,26851.502,-0.122,-0.061,-0.244,0.06103,1.00830,0.08447,28.68
$MAG,26851.504,-0.429,-0.496,-0.667,27.7
$IMU,26851.504,0.000,-0.061,-0.244,0.05517,1.01025,0.08740,28.68
$IMU,26851.507,0.000,-0.061,-0.305,0.05810,1.00976,0.08789,28.69
$IMU,26851.509,-0.183,0.061,-0.244,0.05615,1.01074,0.08349,28.69
$IMU,26851.511,-0.122,0.061,-0.244,0.05712,1.00781,0.08251,28.69
$MAG,26851.514,-0.433,-0.505,-0.675,27.6
$IMU,26851.514,-0.122,0.061,-0.244,0.05908,1.00976,0.08300,28.69
$IMU,26851.516,-0.061,-0.183,-0.244,0.05419,1.00927,0.08447,28.69
$IMU,26851.518,-0.183,0.000,-0.183,0.05908,1.01171,0.08447,28.69
$IMU,26851.521,-0.061,-0.061,-0.183,0.05615,1.00976,0.08203,28.69
$IMU,26851.523,-0.122,-0.183,-0.183,0.05712,1.00830,0.08007,28.69
$MAG,26851.524,-0.433,-0.507,-0.666,27.6
$IMU,26851.526,-0.183,-0.122,-0.183,0.05761,1.00585,0.08056,28.69
$IMU,26851.528,-0.183,-0.122,-0.244,0.05712,1.00976,0.08105,28.69
$IMU,26851.530,-0.183,-0.122,-0.244,0.05810,1.01074,0.08203,28.69
$IMU,26851.533,-0.305,-0.122,-0.244,0.05859,1.01220,0.08154,28.69
$IMU,26851.535,-0.427,0.061,-0.244,0.05810,1.01220,0.08105,28.69
$MAG,26851.534,-0.435,-0.508,-0.669,27.6
$IMU,26851.537,-0.427,0.000,-0.183,0.05712,1.00976,0.08154,28.69
$IMU,26851.540,-0.427,-0.061,-0.244,0.05908,1.01074,0.08349,28.69
$IMU,26851.542,-0.366,-0.183,-0.183,0.06152,1.01123,0.08447,28.69
$MAG,26851.544,-0.429,-0.501,-0.669,27.6
$IMU,26851.544,-0.427,-0.122,-0.183,0.05712,1.01123,0.08349,28.72
$IMU,26851.547,-0.427,-0.061,-0.183,0.05664,1.00927,0.08789,28.72
$IMU,26851.549,-0.366,0.061,-0.183,0.05517,1.01123,0.08349,28.72
$IMU,26851.551,-0.427,0.000,-0.122,0.05615,1.00878,0.08593,28.72
$MAG,26851.554,-0.429,-0.499,-0.663,27.6
$IMU,26851.554,-0.305,-0.061,-0.183,0.05615,1.00976,0.08398,28.72
$IMU,26851.556,-0.244,-0.122,-0.122,0.06250,1.00781,0.08154,28.72
$IMU,26851.558,-0.305,-0.183,-0.183,0.05957,1.00781,0.08496,28.72
$IMU,26851.561,-0.305,0.000,-0.183,0.05859,1.00732,0.08740,28.72
$IMU,26851.563,-0.244,-0.122,-0.183,0.05615,1.00488,0.08447,28.67
$MAG,26851.565,-0.435,-0.510,-0.664,27.6
$IMU,26851.565,-0.244,-0.122,-0.061,0.05419,1.00878,0.08398,28.67
$IMU,26851.568,-0.122,-0.122,-0.122,0.05664,1.00927,0.08349,28.67
$IMU,26851.570,-0.061,-0.183,-0.122,0.05712,1.00683,0.08496,28.67
$IMU,26851.572,-0.183,-0.061,-0.122,0.06005,1.00781,0.08300,28.67
$MAG,26851.575,-0.438,-0.504,-0.678,27.6
$IMU,26851.575,-0.244,0.061,-0.183,0.06152,1.00927,0.08251,28.67
$BARO,26851.576,86872.91,28.63
$IMU,26851.577,-0.183,-0.061,-0.183,0.06103,1.01025,0.08251,28.67
$IMU,26851.579,-0.183,-0.183,-0.183,0.05712,1.00830,0.08447,28.67
$IMU,26851.582,-0.305,-0.122,-0.183,0.05664,1.00683,0.08251,28.69
$IMU,26851.584,-0.305,-0.122,-0.183,0.05566,1.00830,0.08496,28.69
$MAG,26851.585,-0.430,-0.493,-0.670,27.7
$IMU,26851.587,-0.305,0.000,-0.183,0.05859,1.00878,0.08496,28.69
$IMU,26851.589,-0.427,-0.061,-0.183,0.05908,1.00830,0.08154,28.69
$IMU,26851.591,-0.366,-0.061,-0.244,0.06103,1.00830,0.08251,28.69
$IMU,26851.594,-0.244,-0.305,-0.244,0.06201,1.01074,0.08251,28.69
$MAG,26851.595,-0.430,-0.505,-0.669,27.6
$IMU,26851.596,-0.366,-0.183,-0.244,0.06054,1.00781,0.08251,28.69
$IMU,26851.598,-0.427,0.000,-0.244,0.06005,1.01123,0.08300,28.69
$IMU,26851.601,-0.366,0.061,-0.244,0.05859,1.01025,0.08056,28.69
$IMU,26851.603,-0.305,-0.122,-0.122,0.05566,1.00830,0.08251,28.69
$MAG,26851.605,-0.429,-0.501,-0.676,27.6
$IMU,26851.605,-0.366,0.000,-0.183,0.05859,1.00585,0.08203,28.69
$IMU,26851.608,-0.244,-0.061,-0.122,0.05957,1.00927,0.08544,28.69
$IMU,26851.610,-0.244,0.000,-0.244,0.05859,1.01025,0.08398,28.69
$IMU,26851.612,-0.305,-0.061,-0.183,0.05957,1.01025,0.08447,28.69
$MAG,26851.615,-0.438,-0.505,-0.664,27.7
$IMU,26851.615,-0.244,-0.061,-0.122,0.05908,1.01025,0.08447,28.69
$IMU,26851.617,-0.244,0.000,-0.122,0.05664,1.00878,0.08349,28.69
$IMU,26851.619,-0.244,0.000,-0.183,0.05517,1.00732,0.08300,28.70
$IMU,26851.622,-0.061,-0.244,-0.061,0.06005,1.01123,0.08300,28.70
$IMU,26851.624,-0.061,0.061,-0.061,0.05908,1.00976,0.08056,28.70
$MAG,26851.625,-0.430,-0.510,-0.676,27.7
$IMU,26851.626,-0.061,0.000,-0.122,0.05761,1.00830,0.08496,28.70
$IMU,26851.629,-0.061,-0.122,-0.122,0.05859,1.01318,0.08496,28.70
$IMU,26851.631,-0.061,-0.061,-0.122,0.05908,1.00732,0.07958,28.70
$IMU,26851.633,0.000,-0.244,-0.244,0.06201,1.00927,0.08203,28.70
$MAG,26851.635,-0.430,-0.510,-0.672,27.6
$IMU,26851.636,-0.183,-0.183,-0.183,0.05957,1.00683,0.08447,28.70
$IMU,26851.638,-0.305,0.122,-0.183,0.05664,1.00683,0.08203,28.71
$IMU,26851.640,-0.305,0.000,-0.061,0.05664,1.00976,0.08398,28.71
$IMU,26851.643,-0.305,-0.122,-0.061,0.05566,1.01074,0.08154,28.71
$MAG,26851.645,-0.436,-0.498,-0.672,27.6
$IMU,26851.645,-0.305,-0.061,-0.061,0.05859,1.01171,0.08349,28.71
$HUM,26851.646,34.0,29.1
$IMU,26851.648,-0.366,-0.061,-0.122,0.05859,1.01171,0.08447,28.71
$IMU,26851.650,-0.488,-0.061,-0.244,0.05810,1.00634,0.08056,28.71
$IMU,26851.652,-0.549,0.000,-0.183,0.05615,1.00878,0.08300,28.71
$MAG,26851.655,-0.436,-0.502,-0.675,27.6
$IMU,26851.655,-0.610,-0.061,-0.122,0.05712,1.00585,0.08349,28.71
$IMU,26851.657,-0.549,-0.183,-0.183,0.05761,1.00683,0.08496,28.72
$IMU,26851.659,-0.549,-0.183,-0.061,0.05468,1.00683,0.08593,28.72
$IMU,26851.662,-0.549,0.000,-0.061,0.05615,1.00781,0.08691,28.72
$IMU,26851.664,-0.488,-0.122,-0.122,0.05615,1.00634,0.08740,28.72
$MAG,26851.665,-0.430,-0.502,-0.673,27.6
$IMU,26851.666,-0.488,-0.061,-0.122,0.05908,1.00683,0.08349,28.72
$IMU,26851.669,-0.305,-0.122,-0.183,0.05957,1.01025,0.08740,28.72
$IMU,26851.671,-0.244,-0.366,-0.244,0.05859,1.00634,0.08740,28.72
$IMU,26851.673,-0.122,-0.183,-0.305,0.05273,1.00537,0.08642,28.72
$MAG,26851.676,-0.424,-0.507,-0.660,27.6
$IMU,26851.676,-0.183,-0.061,-0.244,0.05322,1.00781,0.08642,28.68
$BARO,26851.677,86865.26,28.63
$IMU,26851.678,-0.061,0.000,-0.244,0.05761,1.00683,0.08544,28.68
$IMU,26851.680,0.000,-0.122,-0.183,0.06103,1.00878,0.08203,28.68
$IMU,26851.683,0.061,-0.061,-0.244,0.05761,1.01074,0.08447,28.68
$IMU,26851.685,0.122,-0.061,-0.305,0.05566,1.01074,0.08398,28.68
$MAG,26851.686,-0.432,-0.510,-0.673,27.7
$IMU,26851.687,0.061,0.000,-0.305,0.05517,1.00830,0.08349,28.68
$IMU,26851.690,-0.061,0.000,-0.305,0.05419,1.00878,0.08251,28.68
$IMU,26851.692,-0.061,-0.122,-0.244,0.05761,1.00830,0.08349,28.68
$IMU,26851.694,-0.061,-0.061,-0.244,0.05566,1.01269,0.08154,28.67
$MAG,26851.696,-0.426,-0.505,-0.675,27.6
$IMU,26851.697,0.000,-0.122,-0.183,0.05810,1.01171,0.08300,28.67
$IMU,26851.699,0.000,-0.183,-0.183,0.05810,1.00976,0.08447,28.67
$IMU,26851.701,-0.122,0.000,-0.244,0.05566,1.00878,0.07910,28.67
$IMU,26851.704,-0.122,-0.061,-0.305,0.05957,1.01025,0.08349,28.67
$MAG,26851.706,-0.432,-0.496,-0.673,27.6
$IMU,26851.706,-0.244,-0.183,-0.305,0.05615,1.01171,0.08349,28.67
$IMU,26851.709,-0.244,-0.183,-0.305,0.05615,1.00976,0.08251,28.67
$IMU,26851.711,-0.244,-0.305,-0.244,0.05517,1.00537,0.08251,28.67
$IMU,26851.713,-0.366,-0.183,-0.244,0.05664,1.00830,0.08105,28.68
$MAG,26851.716,-0.433,-0.505,-0.666,27.6
$IMU,26851.716,-0.366,-0.061,-0.122,0.05859,1.00976,0.08154,28.68
$IMU,26851.718,-0.427,-0.061,-0.122,0.06103,1.01074,0.08349,28.68
$IMU,26851.720,-0.366,-0.061,-0.183,0.05957,1.00683,0.08203,28.68
$IMU,26851.723,-0.366,-0.061,-0.244,0.05810,1.01220,0.08056,28.68
$IMU,26851.725,-0.427,-0.122,-0.183,0.05517,1.01074,0.08300,28.68
$MAG,26851.726,-0.427,-0.510,-0.667,27.7
$IMU,26851.727,-0.427,0.122,-0.183,0.05810,1.01074,0.08496,28.68
$IMU,26851.730,-0.427,0.000,-0.122,0.05761,1.00781,0.08544,28.68
$IMU,26851.732,-0.244,-0.122,-0.183,0.05908,1.00830,0.08056,28.73
$IMU,26851.734,-0.244,-0.244,-0.122,0.05957,1.01513,0.08203,28.73
$MAG,26851.736,-0.438,-0.499,-0.664,27.6
$IMU,26851.737,-0.244,-0.183,-0.183,0.05712,1.00927,0.08544,28.73
$IMU,26851.739,-0.183,-0.122,-0.244,0.05810,1.00878,0.08496,28.73
$IMU,26851.741,-0.244,-0.122,-0.244,0.05761,1.00585,0.08447,28.73
$IMU,26851.744,-0.183,-0.061,-0.183,0.05810,1.00683,0.08349,28.73
$MAG,26851.746,-0.426,-0.507,-0.670,27.6
$IMU,26851.746,-0.183,-0.183,-0.122,0.05322,1.00976,0.08447,28.73
$IMU,26851.748,-0.244,-0.061,-0.061,0.05908,1.00537,0.08203,28.73
$IMU,26851.751,-0.427,0.061,-0.061,0.05859,1.00781,0.08593,28.67
$IMU,26851.753,-0.305,-0.061,-0.122,0.05810,1.01464,0.08740,28.67
$IMU,26851.755,-0.366,-0.183,-0.122,0.05859,1.00878,0.08203,28.67
$MAG,26851.756,-0.433,-0.508,-0.670,27.6
$IMU,26851.758,-0.427,-0.061,-0.122,0.05810,1.01123,0.08251,28.67
$IMU,26851.760,-0.427,-0.122,-0.122,0.05761,1.01074,0.08251,28.67
$IMU,26851.762,-0.488,-0.061,-0.122,0.05908,1.00781,0.08496,28.67
$IMU,26851.765,-0.488,-0.183,-0.061,0.05761,1.01171,0.08593,28.67
$MAG,26851.766,-0.430,-0.505,-0.666,27.6
$IMU,26851.767,-0.366,-0.244,-0.122,0.05664,1.00634,0.08154,28.67
$IMU,26851.769,-0.366,-0.183,-0.122,0.05908,1.00830,0.08544,28.68
$IMU,26851.772,-0.366,-0.183,-0.061,0.05810,1.01074,0.08447,28.68
$IMU,26851.774,-0.427,0.061,-0.122,0.05859,1.00927,0.08496,28.68
$MAG,26851.776,-0.432,-0.505,-0.670,27.7
$IMU,26851.777,-0.305,0.000,-0.183,0.05419,1.00732,0.08251,28.68
$BARO,26851.778,86863.65,28.63
$IMU,26851.779,-0.244,0.000,-0.183,0.05517,1.00585,0.08398,28.68
$IMU,26851.781,-0.122,-0.061,-0.183,0.05517,1.00634,0.08544,28.68
$IMU,26851.784,0.000,-0.244,-0.183,0.05810,1.00488,0.08642,28.68
$IMU,26851.786,-0.122,0.000,-0.122,0.05712,1.00781,0.08447,28.68
$MAG,26851.786,-0.432,-0.505,-0.661,27.6
$IMU,26851.788,-0.122,-0.061,-0.122,0.06054,1.01220,0.08496,28.70
$IMU,26851.791,0.061,-0.183,-0.183,0.05712,1.00927,0.08349,28.70
$IMU,26851.793,-0.061,-0.061,-0.122,0.05908,1.00878,0.08203,28.70
$IMU,26851.795,0.000,-0.122,-0.122,0.06005,1.01025,0.08203,28.70
$MAG,26851.797,-0.438,-0.505,-0.658,27.7
$IMU,26851.798,-0.061,-0.122,-0.122,0.05761,1.00732,0.08203,28.70
$IMU,26851.800,-0.061,-0.122,-0.183,0.05664,1.00781,0.08349,28.70
$IMU,26851.802,-0.061,-0.122,-0.183,0.05908,1.00781,0.08300,28.70
$IMU,26851.805,-0.122,-0.183,-0.183,0.06054,1.00732,0.08447,28.70
$MAG,26851.807,-0.436,-0.511,-0.670,27.7
$IMU,26851.807,-0.183,-0.061,-0.183,0.06054,1.00976,0.08398,28.69
$IMU,26851.809,-0.244,-0.061,-0.183,0.05908,1.00781,0.08349,28.69
$IMU,26851.812,-0.305,-0.183,-0.244,0.06103,1.01123,0.08203,28.69
$IMU,26851.814,-0.305,-0.183,-0.244,0.05957,1.00830,0.08056,28.69
$IMU,26851.816,-0.366,-0.122,-0.183,0.05712,1.00878,0.08300,28.69
$MAG,26851.817,-0.427,-0.499,-0.675,27.7
$IMU,26851.819,-0.427,-0.061,-0.122,0.05615,1.00732,0.08496,28.69
$IMU,26851.821,-0.427,-0.122,-0.183,0.05908,1.00732,0.08398,28.69
$IMU,26851.823,-0.549,-0.122,-0.122,0.05712,1.00781,0.08691,28.69
$IMU,26851.826,-0.488,0.000,-0.183,0.05810,1.00634,0.08642,28.68
$MAG,26851.827,-0.436,-0.507,-0.667,27.6
$IMU,26851.828,-0.488,-0.122,-0.183,0.05810,1.00830,0.08642,28.68
$IMU,26851.830,-0.366,-0.244,-0.183,0.05859,1.00927,0.08447,28.68
$IMU,26851.833,-0.366,-0.061,-0.122,0.05615,1.00878,0.08447,28.68
$IMU,26851.835,-0.427,0.000,-0.122,0.05712,1.00927,0.08300,28.68
$IMU,26851.838,-0.366,-0.122,-0.061,0.05712,1.01123,0.08544,28.68
$MAG,26851.837,-0.435,-0.510,-0.673,27.7
$IMU,26851.840,-0.366,0.122,-0.122,0.05859,1.00781,0.08593,28.68
$IMU,26851.842,-0.366,0.000,-0.183,0.05761,1.00976,0.08349,28.68
$IMU,26851.845,-0.183,-0.061,-0.183,0.06005,1.00878,0.08496,28.71
$MAG,26851.847,-0.436,-0.502,-0.672,27.6
$IMU,26851.847,-0.183,0.000,-0.183,0.05908,1.00976,0.08447,28.71
$IMU,26851.849,-0.061,0.000,-0.183,0.05615,1.01123,0.08496,28.71
$IMU,26851.852,-0.061,-0.122,-0.183,0.05712,1.00585,0.08593,28.71
$IMU,26851.854,0.061,-0.122,-0.122,0.05517,1.00732,0.08300,28.71
$IMU,26851.856,0.061,-0.122,-0.183,0.05517,1.01220,0.08203,28.71
$MAG,26851.857,-0.439,-0.504,-0.664,27.7
$IMU,26851.859,0.000,-0.061,-0.244,0.05761,1.01074,0.08154,28.71
$IMU,26851.861,0.000,-0.122,-0.183,0.06103,1.01123,0.08300,28.71
$IMU,26851.863,-0.061,-0.122,-0.244,0.05664,1.00927,0.08251,28.73
$IMU,26851.866,-0.061,-0.183,-0.183,0.05566,1.01123,0.08300,28.73
$MAG,26851.867,-0.432,-0.501,-0.667,27.6
$IMU,26851.868,-0.061,0.000,-0.244,0.05810,1.01074,0.08398,28.73
$IMU,26851.870,-0.122,-0.061,-0.183,0.05322,1.01025,0.08105,28.73
$IMU,26851.873,-0.244,-0.061,-0.122,0.05566,1.00927,0.08105,28.73
$IMU,26851.875,-0.244,0.061,-0.061,0.05810,1.00683,0.08105,28.73
$MAG,26851.877,-0.433,-0.496,-0.672,27.6
$IMU,26851.877,-0.244,-0.183,-0.122,0.05810,1.00781,0.08154,28.73
$BARO,26851.880,86860.82,28.63
$IMU,26851.880,-0.366,0.000,-0.122,0.05566,1.00927,0.08154,28.73
$IMU,26851.882,-0.427,-0.061,-0.122,0.05517,1.00830,0.08398,28.71
$IMU,26851.884,-0.427,-0.122,-0.122,0.05664,1.00927,0.08496,28.71
$MAG,26851.887,-0.441,-0.498,-0.669,27.6
$IMU,26851.887,-0.427,-0.122,-0.183,0.05957,1.00830,0.08447,28.71
$IMU,26851.889,-0.427,0.000,-0.183,0.06103,1.00878,0.08300,28.71
$IMU,26851.891,-0.366,0.061,-0.183,0.05859,1.00976,0.07910,28.71
$IMU,26851.894,-0.305,-0.061,-0.061,0.05957,1.00927,0.08154,28.71
$IMU,26851.896,-0.305,-0.122,-0.061,0.05566,1.01660,0.08300,28.71
$MAG,26851.897,-0.429,-0.508,-0.669,27.6
$IMU,26851.899,-0.305,0.000,-0.183,0.06005,1.00976,0.08837,28.71
$IMU,26851.901,-0.305,-0.061,-0.122,0.05712,1.00830,0.08398,28.68
$IMU,26851.903,-0.305,-0.122,-0.183,0.05664,1.00732,0.08251,28.68
$IMU,26851.906,-0.305,0.000,-0.183,0.05566,1.00927,0.08300,28.68
$MAG,26851.908,-0.432,-0.501,-0.675,27.6
$IMU,26851.908,-0.244,-0.122,-0.244,0.05419,1.01025,0.08300,28.68
$IMU,26851.910,-0.305,-0.061,-0.122,0.05712,1.00683,0.08398,28.68
$IMU,26851.913,-0.244,-0.061,-0.061,0.05908,1.00585,0.08544,28.68
$IMU,26851.915,-0.305,-0.061,-0.061,0.06005,1.00976,0.08398,28.68
$IMU,26851.917,-0.244,-0.122,-0.122,0.05957,1.01171,0.08447,28.68
$MAG,26851.918,-0.433,-0.504,-0.658,27.7
$IMU,26851.920,-0.305,-0.122,-0.122,0.06005,1.00585,0.08447,28.69
$IMU,26851.922,-0.366,-0.122,-0.183,0.05810,1.00585,0.08251,28.69
$IMU,26851.924,-0.427,-0.122,-0.183,0.05468,1.00732,0.08203,28.69
$IMU,26851.927,-0.427,-0.122,-0.122,0.05908,1.00683,0.08154,28.69
$MAG,26851.928,-0.426,-0.502,-0.669,27.6
$IMU,26851.929,-0.427,-0.122,-0.183,0.05810,1.00781,0.08154,28.69
$IMU,26851.931,-0.366,-0.122,-0.122,0.05810,1.00830,0.08593,28.69
$IMU,26851.934,-0.244,-0.244,-0.183,0.05712,1.00634,0.08447,28.69
$IMU,26851.936,-0.305,-0.061,-0.122,0.05908,1.00976,0.08496,28.69
$MAG,26851.938,-0.435,-0.508,-0.667,27.6
$IMU,26851.938,-0.305,-0.061,-0.244,0.05908,1.00781,0.08789,28.70
$IMU,26851.941,-0.244,-0.122,-0.305,0.05712,1.00976,0.08593,28.70
$IMU,26851.943,-0.244,-0.061,-0.305,0.05615,1.00683,0.08496,28.70
$IMU,26851.945,-0.244,-0.061,-0.244,0.05419,1.00585,0.08447,28.70
$MAG,26851.948,-0.439,-0.496,-0.666,27.6
$IMU,26851.948,-0.183,-0.244,-0.122,0.05615,1.00927,0.08447,28.70
$IMU,26851.950,-0.305,0.122,-0.122,0.05761,1.00927,0.08447,28.70
$IMU,26851.952,-0.183,0.000,-0.244,0.05957,1.00927,0.08447,28.70
$IMU,26851.955,-0.183,-0.061,-0.305,0.05908,1.00976,0.08349,28.70
$IMU,26851.957,-0.061,-0.183,-0.427,0.05517,1.01025,0.08447,28.72
$MAG,26851.958,-0.426,-0.496,-0.667,27.7
$IMU,26851.960,-0.061,-0.366,-0.305,0.05712,1.00781,0.08496,28.72
$IMU,26851.962,-0.061,-0.122,-0.244,0.05712,1.00585,0.08447,28.72
$IMU,26851.964,0.000,0.000,-0.183,0.05761,1.00781,0.08447,28.72
$IMU,26851.967,-0.183,0.000,-0.183,0.05761,1.01025,0.08642,28.72
$MAG,26851.968,-0.436,-0.508,-0.667,27.6
$IMU,26851.969,-0.122,0.000,-0.183,0.06054,1.01171,0.08300,28.72
$IMU,26851.971,0.000,-0.183,-0.305,0.05859,1.01123,0.08105,28.72
$IMU,26851.974,-0.061,-0.122,-0.305,0.06201,1.01171,0.08300,28.72
$IMU,26851.976,-0.183,-0.122,-0.427,0.05859,1.01025,0.08300,28.75
$MAG,26851.978,-0.433,-0.499,-0.667,27.7
$IMU,26851.978,-0.122,-0.061,-0.427,0.05859,1.00732,0.08251,28.75
$BARO,26851.981,86868.57,28.64
$IMU,26851.981,-0.122,0.000,-0.244,0.05517,1.01074,0.08251,28.75
$IMU,26851.983,-0.183,0.000,-0.122,0.05566,1.01220,0.08203,28.75
$IMU,26851.985,-0.183,-0.122,-0.061,0.05712,1.01123,0.08349,28.75
$IMU,26851.988,-0.122,-0.305,-0.122,0.06005,1.01416,0.08251,28.75
$MAG,26851.988,-0.429,-0.498,-0.676,27.6
$IMU,26851.990,-0.305,-0.122,-0.183,0.05859,1.00976,0.08300,28.75
$IMU,26851.992,-0.366,-0.061,-0.305,0.05859,1.00976,0.08300,28.75
$IMU,26851.995,-0.488,0.061,-0.305,0.06005,1.00830,0.08056,28.68
$IMU,26851.997,-0.366,-0.183,-0.183,0.05615,1.01074,0.08203,28.68
$MAG,26851.998,-0.429,-0.504,-0.664,27.7
$IMU,26851.999,-0.366,-0.122,-0.122,0.05517,1.01220,0.08251,28.68
$IMU,26852.002,-0.366,-0.122,-0.061,0.05810,1.01123,0.08154,28.68
$IMU,26852.004,-0.366,0.000,-0.061,0.06054,1.00976,0.08300,28.68
$IMU,26852.006,-0.366,-0.061,-0.061,0.05957,1.01123,0.08447,28.68
$MAG,26852.008,-0.432,-0.501,-0.667,27.7
$IMU,26852.009,-0.427,0.000,-0.244,0.05615,1.01220,0.08398,28.68
$IMU,26852.011,-0.305,-0.061,-0.183,0.05810,1.00878,0.08203,28.68
$IMU,26852.013,-0.244,0.000,-0.122,0.05712,1.00976,0.08251,28.71
$IMU,26852.016,-0.244,-0.122,-0.122,0.05566,1.01025,0.08105,28.71
$IMU,26852.018,-0.305,-0.061,-0.061,0.05761,1.01025,0.08349,28.71
$MAG,26852.019,-0.436,-0.502,-0.670,27.6
$IMU,26852.021,-0.244,-0.061,-0.061,0.06054,1.01123,0.08154,28.71
$IMU,26852.023,-0.183,-0.244,-0.122,0.05859,1.01025,0.08154,28.71
$IMU,26852.025,-0.244,-0.061,-0.183,0.05712,1.00878,0.08251,28.71
$IMU,26852.028,-0.305,-0.183,-0.244,0.05761,1.00976,0.08593,28.71
$MAG,26852.029,-0.424,-0.504,-0.667,27.6
$IMU,26852.030,-0.427,0.122,-0.244,0.05761,1.00927,0.08496,28.71
$IMU,26852.032,-0.305,0.000,-0.244,0.05859,1.00683,0.08300,28.71
$IMU,26852.035,-0.305,-0.122,-0.122,0.05566,1.00830,0.08203,28.71
$IMU,26852.037,-0.244,-0.183,-0.061,0.06103,1.01220,0.08154,28.71
$MAG,26852.039,-0.430,-0.498,-0.663,27.6
$IMU,26852.039,-0.244,-0.061,-0.061,0.05761,1.00781,0.08593,28.71
$IMU,26852.042,-0.305,-0.061,-0.061,0.05761,1.01074,0.08496,28.71
$IMU,26852.044,-0.244,-0.061,-0.244,0.05664,1.00976,0.08349,28.71
$IMU,26852.046,-0.183,-0.183,-0.305,0.05761,1.00878,0.08642,28.71
$MAG,26852.049,-0.438,-0.508,-0.676,27.7
$IMU,26852.049,-0.305,-0.122,-0.244,0.05566,1.00781,0.08447,28.71
$IMU,26852.051,-0.305,-0.061,-0.122,0.05859,1.00683,0.08349,28.71
$IMU,26852.053,-0.305,-0.122,-0.122,0.05810,1.01025,0.08300,28.71
$IMU,26852.056,-0.244,-0.122,-0.122,0.05615,1.00976,0.08154,28.71
$IMU,26852.058,-0.183,-0.061,-0.183,0.05810,1.00390,0.08593,28.71
$MAG,26852.059,-0.433,-0.499,-0.667,27.7
$IMU,26852.060,-0.244,0.000,-0.244,0.05517,1.00537,0.08544,28.71
$IMU,26852.063,-0.183,-0.122,-0.244,0.05712,1.00537,0.08544,28.71
$IMU,26852.065,-0.183,-0.061,-0.305,0.05664,1.00878,0.08496,28.71
$IMU,26852.067,-0.122,-0.244,-0.305,0.05615,1.00878,0.08300,28.71
$MAG,26852.069,-0.438,-0.505,-0.670,27.6
$IMU,26852.070,-0.122,-0.061,-0.244,0.05371,1.00830,0.08447,28.69
$IMU,26852.072,-0.244,0.061,-0.122,0.05664,1.00585,0.08349,28.69
$IMU,26852.074,-0.183,-0.183,-0.305,0.05810,1.00830,0.08544,28.69
$IMU,26852.077,-0.244,-0.183,-0.183,0.05810,1.01318,0.08154,28.69
$MAG,26852.079,-0.436,-0.517,-0.672,27.7
$IMU,26852.079,-0.244,-0.183,-0.244,0.05859,1.01171,0.08496,28.69
$IMU,26852.082,-0.305,-0.122,-0.244,0.05908,1.00781,0.08349,28.69
$BARO,26852.083,86860.58,28.63
$IMU,26852.084,-0.366,0.000,-0.183,0.05664,1.00878,0.08349,28.69
$IMU,26852.086,-0.427,0.000,-0.122,0.06005,1.00976,0.07958,28.69
$IMU,26852.089,-0.366,-0.122,-0.183,0.05810,1.00781,0.08398,28.71
$MAG,26852.089,-0.427,-0.502,-0.676,27.6
$IMU,26852.091,-0.305,-0.183,-0.122,0.05664,1.01123,0.08203,28.71
$IMU,26852.093,-0.305,-0.122,-0.061,0.05615,1.01171,0.08251,28.71
$IMU,26852.096,-0.183,-0.183,-0.183,0.05957,1.00830,0.08447,28.71
$IMU,26852.098,-0.305,0.061,-0.183,0.05664,1.01025,0.08496,28.71
$MAG,26852.099,-0.432,-0.507,-0.667,27.6
$IMU,26852.100,-0.305,-0.061,-0.305,0.05322,1.00830,0.08593,28.71
$IMU,26852.103,-0.366,-0.061,-0.244,0.05664,1.00537,0.08642,28.71
$IMU,26852.105,-0.366,-0.061,-0.244,0.05468,1.00634,0.08398,28.71
$IMU,26852.107,-0.305,-0.122,-0.122,0.05615,1.00634,0.08398,28.71
$MAG,26852.109,-0.432,-0.507,-0.673,27.6
$IMU,26852.110,-0.244,-0.061,-0.122,0.06005,1.00830,0.08447,28.71
$IMU,26852.112,-0.305,0.061,-0.244,0.05810,1.00781,0.08398,28.71
$IMU,26852.114,-0.366,0.061,-0.305,0.06005,1.00537,0.08398,28.71
$IMU,26852.117,-0.183,-0.061,-0.305,0.05810,1.01025,0.08349,28.71
$MAG,26852.119,-0.432,-0.504,-0.670,27.6
$IMU,26852.119,-0.183,-0.244,-0.305,0.05664,1.00878,0.08544,28.71
$IMU,26852.121,-0.244,-0.061,-0.305,0.05664,1.00683,0.08203,28.71
$IMU,26852.124,-0.244,0.000,-0.244,0.05859,1.00732,0.08398,28.71
$IMU,26852.126,-0.305,-0.061,-0.305,0.05468,1.01025,0.08496,28.72
$IMU,26852.128,-0.366,0.000,-0.244,0.05566,1.01074,0.08593,28.72
$MAG,26852.129,-0.432,-0.505,-0.672,27.6
$IMU,26852.131,-0.244,-0.183,-0.183,0.05664,1.00878,0.08300,28.72
$IMU,26852.133,-0.244,-0.244,-0.244,0.05615,1.00927,0.08300,28.72
$IMU,26852.135,-0.244,-0.183,-0.244,0.05908,1.00830,0.08496,28.72
$IMU,26852.138,-0.427,0.122,-0.305,0.05859,1.00732,0.08447,28.72
$MAG,26852.140,-0.432,-0.507,-0.670,27.6
$IMU,26852.140,-0.366,-0.122,-0.244,0.05712,1.00878,0.08593,28.72
$IMU,26852.143,-0.244,-0.244,-0.244,0.05761,1.00878,0.08300,28.72
$IMU,26852.145,-0.305,-0.183,-0.366,0.06005,1.00830,0.08447,28.73
$IMU,26852.147,-0.244,-0.061,-0.305,0.05859,1.00927,0.08544,28.73
$MAG,26852.150,-0.427,-0.505,-0.660,27.6
$IMU,26852.150,-0.305,-0.061,-0.244,0.05908,1.01220,0.08642,28.73
$IMU,26852.152,-0.366,0.000,-0.305,0.05859,1.00878,0.08398,28.73
$IMU,26852.154,-0.305,0.061,-0.366,0.05859,1.00585,0.08398,28.73
$IMU,26852.157,-0.305,-0.122,-0.366,0.05761,1.00830,0.08300,28.73
$IMU,26852.159,-0.122,-0.305,-0.305,0.05957,1.01074,0.08496,28.73
$MAG,26852.160,-0.438,-0.501,-0.661,27.6
$IMU,26852.161,-0.244,-0.122,-0.366,0.05712,1.01220,0.08593,28.73
$IMU,26852.164,-0.305,-0.061,-0.244,0.05810,1.01025,0.08544,28.73
$IMU,26852.166,-0.305,-0.183,-0.244,0.05566,1.00781,0.08349,28.73
$IMU,26852.168,-0.427,0.000,-0.244,0.05810,1.00683,0.08300,28.73
$MAG,26852.170,-0.429,-0.499,-0.670,27.6
$IMU,26852.171,-0.305,-0.061,-0.305,0.05810,1.01025,0.08349,28.73
$IMU,26852.173,-0.366,-0.183,-0.305,0.05810,1.00976,0.08251,28.73
$IMU,26852.175,-0.305,-0.122,-0.305,0.05419,1.00830,0.08398,28.73
$IMU,26852.178,-0.427,0.061,-0.366,0.05810,1.00878,0.08447,28.73
$MAG,26852.180,-0.439,-0.504,-0.670,27.6
$IMU,26852.180,-0.488,-0.183,-0.366,0.05566,1.00781,0.08398,28.73
$IMU,26852.182,-0.488,-0.122,-0.305,0.05810,1.00830,0.08300,28.70
$BARO,26852.184,86865.69,28.64
$IMU,26852.185,-0.488,0.000,-0.305,0.05761,1.00878,0.08544,28.70
$IMU,26852.187,-0.610,-0.122,-0.366,0.05615,1.00439,0.08105,28.70
$IMU,26852.189,-0.488,-0.122,-0.366,0.05566,1.01025,0.08251,28.70
$MAG,26852.190,-0.429,-0.507,-0.672,27.5
$VBAT,26852.191,4.117
$IMU,26852.192,-0.488,0.000,-0.366,0.05761,1.00878,0.08251,28.70
$IMU,26852.194,-0.549,0.000,-0.488,0.05664,1.00585,0.08349,28.70
$IMU,26852.196,-0.549,-0.061,-0.427,0.05664,1.00830,0.08300,28.70
$IMU,26852.199,-0.488,0.122,-0.366,0.05810,1.00585,0.08300,28.70
$MAG,26852.200,-0.436,-0.508,-0.667,27.7
$IMU,26852.201,-0.488,-0.061,-0.305,0.05615,1.00878,0.08593,28.72
$IMU,26852.203,-0.488,0.000,-0.305,0.05859,1.00976,0.08398,28.72
$IMU,26852.206,-0.305,-0.122,-0.305,0.05664,1.00781,0.08642,28.72
$IMU,26852.208,-0.305,-0.244,-0.366,0.05810,1.00976,0.08740,28.72
$MAG,26852.210,-0.427,-0.499,-0.667,27.7
$IMU,26852.211,-0.244,-0.183,-0.427,0.05468,1.01171,0.08740,28.72
$IMU,26852.213,-0.244,-0.122,-0.427,0.05664,1.01171,0.08691,28.72
$IMU,26852.215,-0.305,-0.305,-0.427,0.05419,1.01318,0.08593,28.72
$IMU,26852.218,-0.244,-0.061,-0.366,0.05712,1.01171,0.08837,28.72
$MAG,26852.220,-0.427,-0.510,-0.669,27.6
$IMU,26852.220,-0.244,-0.061,-0.305,0.05712,1.00976,0.08691,28.73
$IMU,26852.222,-0.183,-0.305,-0.183,0.06005,1.01074,0.08593,28.73
$IMU,26852.225,-0.183,-0.183,-0.366,0.05664,1.01025,0.08203,28.73
$IMU,26852.227,-0.305,0.061,-0.366,0.05419,1.01123,0.08447,28.73
$IMU,26852.229,-0.183,-0.183,-0.366,0.05615,1.00732,0.08496,28.73
$MAG,26852.230,-0.432,-0.507,-0.675,27.6
$IMU,26852.232,-0.244,-0.122,-0.366,0.05664,1.00927,0.08251,28.73
$IMU,26852.234,-0.244,-0.122,-0.366,0.05712,1.01220,0.08300,28.73
$IMU,26852.236,-0.305,-0.183,-0.244,0.05664,1.01074,0.08496,28.73
$IMU,26852.239,-0.305,0.061,-0.244,0.05712,1.00976,0.08544,28.68
$MAG,26852.240,-0.436,-0.504,-0.666,27.6
$IMU,26852.241,-0.244,0.000,-0.305,0.05664,1.00585,0.08398,28.68
$IMU,26852.243,-0.183,-0.061,-0.366,0.05761,1.00878,0.08154,28.68
$IMU,26852.246,-0.122,-0.305,-0.305,0.05761,1.01367,0.08154,28.68
$IMU,26852.248,-0.183,-0.061,-0.366,0.05664,1.00732,0.08154,28.68
$IMU,26852.250,-0.061,-0.244,-0.366,0.05859,1.00781,0.08251,28.68
$MAG,26852.251,-0.421,-0.507,-0.667,27.5
$IMU,26852.253,-0.122,-0.244,-0.305,0.05859,1.00878,0.08447,28.68
$IMU,26852.255,-0.305,0.061,-0.244,0.05908,1.00927,0.08300,28.68
$IMU,26852.257,-0.244,-0.183,-0.183,0.06054,1.00927,0.08203,28.68
$IMU,26852.260,-0.183,-0.366,-0.244,0.05761,1.01074,0.08398,28.68
$MAG,26852.261,-0.433,-0.505,-0.664,27.6
$IMU,26852.262,-0.366,-0.061,-0.305,0.05712,1.00976,0.08154,28.68
$IMU,26852.264,-0.366,-0.061,-0.427,0.05664,1.00683,0.08300,28.68
$IMU,26852.267,-0.427,0.000,-0.427,0.05810,1.01074,0.08349,28.68
$IMU,26852.269,-0.305,-0.244,-0.305,0.05908,1.00830,0.08105,28.68
$MAG,26852.271,-0.426,-0.505,-0.675,27.6
$IMU,26852.272,-0.244,-0.244,-0.305,0.05957,1.00927,0.08300,28.68
$IMU,26852.274,-0.366,-0.183,-0.244,0.06250,1.00781,0.08251,28.68
$IMU,26852.276,-0.366,-0.183,-0.183,0.05810,1.00683,0.08105,28.70
$IMU,26852.279,-0.549,0.061,-0.305,0.05664,1.00781,0.08349,28.70
$MAG,26852.281,-0.438,-0.511,-0.672,27.7
$IMU,26852.281,-0.488,-0.061,-0.366,0.05957,1.00830,0.08105,28.70
$IMU,26852.283,-0.427,-0.061,-0.244,0.05761,1.01171,0.08300,28.70
$BARO,26852.286,86866.77,28.64
$IMU,26852.286,-0.488,-0.061,-0.244,0.05664,1.01025,0.08300,28.70
$IMU,26852.288,-0.427,-0.061,-0.244,0.05712,1.01123,0.08544,28.70
$IMU,26852.290,-0.488,0.000,-0.305,0.05712,1.00976,0.08544,28.70
$MAG,26852.291,-0.426,-0.501,-0.666,27.6
$IMU,26852.293,-0.488,-0.122,-0.122,0.05712,1.01123,0.08398,28.70
$IMU,26852.295,-0.427,-0.122,-0.183,0.06005,1.00781,0.08154,28.69
$IMU,26852.297,-0.305,-0.061,-0.305,0.05810,1.01025,0.08447,28.69
$IMU,26852.300,-0.244,-0.427,-0.244,0.05810,1.00976,0.08398,28.69
$MAG,26852.301,-0.433,-0.508,-0.663,27.7
$IMU,26852.302,-0.305,-0.061,-0.366,0.05859,1.00732,0.08300,28.69
$IMU,26852.304,-0.244,-0.183,-0.366,0.05468,1.01025,0.08496,28.69
$IMU,26852.307,-0.244,-0.061,-0.305,0.05712,1.00781,0.08496,28.69
$IMU,26852.309,-0.244,-0.122,-0.244,0.05664,1.00830,0.08544,28.69
$MAG,26852.311,-0.426,-0.498,-0.664,27.6
$IMU,26852.311,-0.122,-0.183,-0.305,0.05810,1.00878,0.08251,28.69
$IMU,26852.314,-0.183,-0.061,-0.366,0.05712,1.00878,0.07910,28.72
$IMU,26852.316,-0.183,-0.183,-0.366,0.05664,1.00927,0.08251,28.72
$IMU,26852.318,-0.244,-0.122,-0.427,0.05566,1.00878,0.08398,28.72
$MAG,26852.321,-0.430,-0.504,-0.669,27.5
$IMU,26852.321,-0.122,-0.122,-0.366,0.05615,1.00683,0.08349,28.72
$IMU,26852.323,-0.122,-0.061,-0.244,0.05468,1.00683,0.08398,28.72
$IMU,26852.325,-0.183,-0.122,-0.305,0.05761,1.00927,0.08349,28.72
$IMU,26852.328,-0.305,-0.183,-0.366,0.06005,1.00781,0.08544,28.72
$IMU,26852.330,-0.366,0.000,-0.305,0.06005,1.00781,0.08349,28.72
$MAG,26852.331,-0.432,-0.511,-0.664,27.7
$IMU,26852.333,-0.366,0.000,-0.366,0.06103,1.01171,0.08496,28.73
$IMU,26852.335,-0.366,-0.122,-0.305,0.05859,1.01123,0.08544,28.73
$IMU,26852.337,-0.427,-0.061,-0.305,0.05419,1.00878,0.08447,28.73
$IMU,26852.340,-0.427,-0.061,-0.244,0.05664,1.00878,0.08642,28.73
$IMU,26852.342,-0.427,-0.122,-0.244,0.05712,1.00927,0.08789,28.73
$MAG,26852.341,-0.435,-0.504,-0.673,27.7
$IMU,26852.344,-0.427,-0.061,-0.183,0.05810,1.00927,0.08398,28.73
$IMU,26852.347,-0.488,-0.061,-0.183,0.05810,1.00878,0.08300,28.73
$IMU,26852.349,-0.488,-0.061,-0.183,0.05957,1.00878,0.08300,28.73
$MAG,26852.351,-0.430,-0.504,-0.678,27.6
$IMU,26852.351,-0.427,-0.061,-0.244,0.05566,1.01123,0.08398,28.69
$IMU,26852.354,-0.488,0.000,-0.244,0.05419,1.01025,0.08642,28.69
$IMU,26852.356,-0.488,0.000,-0.244,0.05712,1.00878,0.08691,28.69
$IMU,26852.358,-0.427,-0.061,-0.183,0.05712,1.00878,0.08691,28.69
$IMU,26852.361,-0.305,-0.183,-0.122,0.05810,1.00830,0.08642,28.69
$MAG,26852.362,-0.436,-0.498,-0.672,27.6
$IMU,26852.363,-0.305,-0.061,-0.122,0.05859,1.00830,0.08349,28.69
$IMU,26852.365,-0.244,-0.061,-0.183,0.05810,1.01220,0.08300,28.69
$IMU,26852.368,-0.305,-0.061,-0.183,0.05517,1.01269,0.08544,28.69
$IMU,26852.370,-0.183,-0.061,-0.183,0.05517,1.01171,0.08349,28.75
$MAG,26852.372,-0.426,-0.508,-0.670,27.7
$IMU,26852.372,-0.244,0.000,-0.183,0.05468,1.01025,0.08398,28.75
$IMU,26852.375,-0.244,-0.061,-0.183,0.05517,1.01074,0.08251,28.75
$IMU,26852.377,-0.305,0.000,-0.122,0.05810,1.01123,0.08544,28.75
$IMU,26852.379,-0.244,0.000,-0.061,0.05810,1.00781,0.08398,28.75
$MAG,26852.382,-0.439,-0.504,-0.670,27.6
$IMU,26852.382,-0.244,-0.122,-0.122,0.05761,1.00683,0.08447,28.75
$IMU,26852.384,-0.244,-0.183,-0.122,0.05712,1.00927,0.08251,28.75
$IMU,26852.386,-0.244,-0.183,-0.183,0.06152,1.00927,0.08300,28.75
$BARO,26852.387,86872.62,28.64
$IMU,26852.389,-0.183,-0.183,-0.305,0.05908,1.00585,0.08544,28.73
$IMU,26852.391,-0.244,-0.122,-0.244,0.05615,1.00634,0.08447,28.73
$MAG,26852.392,-0.429,-0.501,-0.678,27.6
$IMU,26852.394,-0.244,-0.122,-0.183,0.05664,1.00585,0.08398,28.73
$IMU,26852.396,-0.305,-0.061,-0.183,0.05566,1.01025,0.08398,28.73
$IMU,26852.398,-0.427,-0.122,-0.183,0.05712,1.00830,0.08398,28.73
$TIME,26852.399,510746.000,2399
$IMU,26852.401,-0.366,-0.122,-0.183,0.05859,1.00830,0.08251,28.73
$MAG,26852.402,-0.432,-0.505,-0.672,27.7
$IMU,26852.403,-0.305,-0.183,-0.244,0.05810,1.00878,0.08398,28.73
$IMU,26852.405,-0.305,-0.183,-0.305,0.05615,1.00976,0.08398,28.73
$IMU,26852.408,-0.427,0.000,-0.305,0.05566,1.00732,0.08398,28.68
$IMU,26852.410,-0.305,-0.061,-0.244,0.05566,1.00634,0.08447,28.68
$MAG,26852.412,-0.430,-0.511,-0.663,27.7
$IMU,26852.412,-0.244,-0.122,-0.305,0.05859,1.00732,0.08544,28.68
$IMU,26852.415,-0.183,-0.122,-0.244,0.05664,1.00927,0.08349,28.68
$IMU,26852.417,-0.183,-0.183,-0.305,0.05664,1.00439,0.08398,28.68
$IMU,26852.419,-0.244,-0.061,-0.244,0.05908,1.00878,0.08447,28.68
$MAG,26852.422,-0.433,-0.508,-0.666,27.7
$IMU,26852.422,-0.244,0.061,-0.244,0.05859,1.00830,0.08544,28.68
$IMU,26852.424,-0.244,-0.061,-0.305,0.05615,1.00878,0.08544,28.68
$IMU,26852.426,-0.244,0.000,-0.244,0.05566,1.00976,0.08349,28.68
$IMU,26852.429,-0.122,-0.183,-0.305,0.05566,1.01220,0.08496,28.68
$IMU,26852.431,-0.244,-0.061,-0.244,0.05468,1.00927,0.08691,28.68
$MAG,26852.432,-0.438,-0.514,-0.669,27.6
$IMU,26852.433,-0.244,-0.061,-0.244,0.05566,1.00976,0.08349,28.68
$IMU,26852.436,-0.244,0.000,-0.244,0.05810,1.00781,0.08496,28.68
$IMU,26852.438,-0.244,-0.061,-0.244,0.05664,1.00927,0.08203,28.68
$IMU,26852.440,-0.244,-0.183,-0.244,0.05664,1.01171,0.08154,28.68
$MAG,26852.442,-0.429,-0.502,-0.669,27.6
$IMU,26852.443,-0.366,-0.061,-0.244,0.05615,1.01074,0.08496,28.68
$IMU,26852.445,-0.427,0.000,-0.244,0.05615,1.00976,0.08496,28.69
$IMU,26852.447,-0.244,-0.122,-0.244,0.05517,1.01318,0.08691,28.69
$IMU,26852.450,-0.305,-0.061,-0.183,0.05566,1.00976,0.08203,28.69
$MAG,26852.452,-0.433,-0.504,-0.666,27.7
$IMU,26852.452,-0.305,-0.122,-0.244,0.05615,1.00781,0.08447,28.69
$IMU,26852.455,-0.305,-0.122,-0.244,0.05517,1.00830,0.08300,28.69
$IMU,26852.457,-0.366,0.000,-0.244,0.05517,1.01025,0.08251,28.69
$IMU,26852.459,-0.305,-0.122,-0.183,0.05712,1.00830,0.08398,28.69
$MAG,26852.462,-0.429,-0.505,-0.670,27.7
$IMU,26852.462,-0.305,-0.183,-0.183,0.05664,1.00732,0.08349,28.69
$IMU,26852.464,-0.305,-0.122,-0.305,0.05761,1.00537,0.08544,28.71
$IMU,26852.466,-0.305,-0.122,-0.244,0.05468,1.00585,0.08349,28.71
$IMU,26852.469,-0.366,-0.122,-0.244,0.05419,1.00634,0.08447,28.71
$IMU,26852.471,-0.427,0.061,-0.183,0.05664,1.00683,0.08691,28.71
$MAG,26852.472,-0.429,-0.501,-0.661,27.7
$IMU,26852.473,-0.427,0.061,-0.183,0.05712,1.00732,0.08593,28.71
$IMU,26852.476,-0.366,-0.061,-0.183,0.05615,1.00878,0.08496,28.71
$IMU,26852.478,-0.366,-0.061,-0.244,0.05517,1.00781,0.08203,28.71
$IMU,26852.480,-0.366,0.061,-0.305,0.05664,1.01123,0.08349,28.71
$MAG,26852.483,-0.441,-0.504,-0.664,27.6
$IMU,26852.483,-0.366,-0.061,-0.244,0.05615,1.00830,0.08349,28.69
$IMU,26852.485,-0.305,-0.122,-0.244,0.05615,1.01074,0.08203,28.69
$IMU,26852.487,-0.305,-0.183,-0.183,0.05761,1.01611,0.08251,28.69
$BARO,26852.488,86861.38,28.63
$IMU,26852.490,-0.427,-0.061,-0.061,0.05468,1.01318,0.08544,28.69
$IMU,26852.492,-0.305,-0.305,-0.122,0.05468,1.00878,0.08544,28.69
$MAG,26852.493,-0.430,-0.505,-0.670,27.6
$IMU,26852.494,-0.427,-0.183,-0.122,0.05957,1.01220,0.08642,28.69
$IMU,26852.497,-0.488,-0.061,-0.183,0.05859,1.01171,0.08593,28.69
$IMU,26852.499,-0.427,0.000,-0.366,0.05615,1.01269,0.08642,28.69
$IMU,26852.501,-0.305,0.000,-0.244,0.05810,1.01171,0.08789,28.70
$MAG,26852.503,-0.432,-0.507,-0.673,27.6
$IMU,26852.504,-0.244,-0.244,-0.305,0.05761,1.01074,0.08300,28.70
$IMU,26852.506,-0.244,-0.061,-0.183,0.05615,1.00634,0.08447,28.70
$IMU,26852.508,-0.244,-0.061,-0.122,0.05615,1.00585,0.08642,28.70
$IMU,26852.511,-0.183,0.000,-0.122,0.05517,1.01123,0.08447,28.70
$MAG,26852.513,-0.424,-0.505,-0.669,27.6
$IMU,26852.513,-0.183,-0.061,-0.183,0.05810,1.01123,0.08349,28.70
$IMU,26852.516,-0.061,-0.183,-0.183,0.06005,1.00976,0.08593,28.70
$IMU,26852.518,-0.122,-0.061,-0.305,0.05859,1.00830,0.08544,28.70
$IMU,26852.520,-0.122,-0.061,-0.244,0.05419,1.00732,0.08105,28.72
$MAG,26852.523,-0.432,-0.501,-0.666,27.7
$IMU,26852.523,-0.061,-0.061,-0.183,0.05615,1.00830,0.08300,28.72
$IMU,26852.525,-0.183,0.000,-0.183,0.05957,1.00830,0.08105,28.72
$IMU,26852.527,-0.122,-0.061,-0.122,0.05859,1.01123,0.08203,28.72
$IMU,26852.530,-0.122,0.000,-0.122,0.06152,1.01025,0.08251,28.72
$IMU,26852.532,-0.122,-0.122,-0.244,0.05810,1.00927,0.08056,28.72
$MAG,26852.533,-0.429,-0.505,-0.675,27.6
$IMU,26852.534,-0.244,0.000,-0.244,0.05957,1.01025,0.08496,28.72
$IMU,26852.537,-0.305,0.000,-0.305,0.05810,1.00976,0.08300,28.72
$IMU,26852.539,-0.183,-0.244,-0.305,0.05859,1.00976,0.08447,28.74
$IMU,26852.541,-0.305,-0.183,-0.244,0.05957,1.00976,0.08398,28.74
$MAG,26852.543,-0.441,-0.495,-0.670,27.6
$IMU,26852.544,-0.366,-0.122,-0.183,0.05761,1.00830,0.08056,28.74
$IMU,26852.546,-0.427,-0.061,-0.183,0.05957,1.01269,0.08105,28.74
$IMU,26852.548,-0.366,0.000,-0.244,0.05712,1.00683,0.08349,28.74
$IMU,26852.551,-0.305,-0.061,-0.305,0.05908,1.00927,0.08203,28.74
$MAG,26852.553,-0.429,-0.499,-0.666,27.6
$IMU,26852.553,-0.366,-0.122,-0.427,0.05566,1.01123,0.08398,28.74
$IMU,26852.555,-0.427,-0.122,-0.366,0.05322,1.00830,0.08349,28.74
$IMU,26852.558,-0.427,0.000,-0.305,0.05419,1.00781,0.08496,28.72
$IMU,26852.560,-0.305,0.000,-0.183,0.05664,1.00585,0.08544,28.72
$IMU,26852.562,-0.305,-0.183,-0.122,0.05517,1.01123,0.08496,28.72
$MAG,26852.563,-0.426,-0.502,-0.673,27.7
$IMU,26852.565,-0.366,-0.061,-0.122,0.05761,1.01171,0.08105,28.72
$IMU,26852.567,-0.305,-0.183,-0.244,0.05859,1.01025,0.08300,28.72
$IMU,26852.569,-0.305,-0.122,-0.305,0.05761,1.01123,0.08154,28.72
$IMU,26852.572,-0.366,0.000,-0.244,0.05322,1.01171,0.08349,28.72
$MAG,26852.573,-0.432,-0.508,-0.667,27.7
$IMU,26852.574,-0.305,0.000,-0.244,0.05517,1.01171,0.08642,28.72
$IMU,26852.576,-0.305,-0.183,-0.183,0.05371,1.01171,0.08496,28.72
$IMU,26852.579,-0.183,-0.305,-0.061,0.05517,1.01123,0.08544,28.72
$IMU,26852.581,-0.244,-0.061,-0.122,0.05908,1.01269,0.08398,28.72
$MAG,26852.584,-0.435,-0.508,-0.667,27.6
$IMU,26852.584,-0.305,0.061,-0.183,0.05908,1.00830,0.08593,28.72
$IMU,26852.586,-0.183,-0.122,-0.244,0.05810,1.01171,0.08398,28.72
$IMU,26852.588,-0.183,-0.061,-0.183,0.05517,1.00976,0.08105,28.72
$BARO,26852.590,86873.15,28.64
$IMU,26852.591,-0.122,-0.183,-0.183,0.05566,1.00927,0.08349,28.72
$IMU,26852.593,-0.061,-0.305,-0.122,0.05371,1.00585,0.08496,28.72
$MAG,26852.594,-0.426,-0.501,-0.664,27.6
$IMU,26852.595,-0.244,0.000,-0.061,0.05957,1.01025,0.08544,28.71
$IMU,26852.598,-0.244,-0.122,-0.061,0.05615,1.00927,0.08349,28.71
$IMU,26852.600,-0.244,-0.061,-0.122,0.05761,1.00927,0.08447,28.71
$IMU,26852.602,-0.244,-0.244,-0.183,0.05761,1.00732,0.08105,28.71
$MAG,26852.604,-0.426,-0.501,-0.669,27.6
$IMU,26852.605,-0.305,-0.122,-0.244,0.05761,1.00732,0.08642,28.71
$IMU,26852.607,-0.366,-0.061,-0.183,0.05517,1.00732,0.08544,28.71
$IMU,26852.609,-0.366,-0.061,-0.122,0.05712,1.00683,0.08544,28.71
$IMU,26852.612,-0.366,-0.061,-0.122,0.05566,1.01123,0.08300,28.71
$MAG,26852.614,-0.430,-0.505,-0.672,27.7
$IMU,26852.614,-0.305,-0.244,-0.122,0.05664,1.00927,0.08447,28.76
$IMU,26852.616,-0.244,-0.061,-0.061,0.05810,1.00683,0.08544,28.76
$IMU,26852.619,-0.244,0.000,-0.183,0.05664,1.00976,0.08349,28.76
$IMU,26852.621,-0.244,-0.244,-0.244,0.05664,1.00976,0.08398,28.76
$IMU,26852.623,-0.305,-0.122,-0.305,0.05664,1.00927,0.08447,28.76
$MAG,26852.624,-0.433,-0.510,-0.669,27.6
$IMU,26852.626,-0.305,0.061,-0.305,0.05419,1.01074,0.08642,28.76
$IMU,26852.628,-0.366,-0.061,-0.244,0.05517,1.00830,0.08691,28.76
$IMU,26852.630,-0.183,-0.244,-0.122,0.05419,1.00732,0.08398,28.76
$IMU,26852.633,-0.122,0.000,-0.122,0.05615,1.00927,0.08544,28.75
$MAG,26852.634,-0.424,-0.505,-0.666,27.7
$IMU,26852.635,-0.244,-0.061,-0.183,0.05224,1.01074,0.08349,28.75
$IMU,26852.637,-0.183,-0.061,-0.183,0.05615,1.00976,0.08398,28.75
$IMU,26852.640,-0.183,0.000,-0.244,0.05664,1.01171,0.08691,28.75
$IMU,26852.642,-0.244,0.000,-0.244,0.05615,1.00830,0.08398,28.75
$MAG,26852.644,-0.432,-0.508,-0.666,27.6
$IMU,26852.645,-0.122,-0.122,-0.183,0.05566,1.01171,0.08447,28.75
$IMU,26852.647,-0.122,-0.122,-0.122,0.05566,1.00781,0.08300,28.75
$IMU,26852.649,-0.122,-0.061,-0.122,0.05468,1.00830,0.08398,28.75
$IMU,26852.652,-0.183,0.000,-0.183,0.05712,1.01123,0.08349,28.67
$MAG,26852.654,-0.432,-0.505,-0.670,27.6
$IMU,26852.654,-0.061,-0.244,-0.183,0.05957,1.01171,0.08251,28.67
$IMU,26852.656,-0.122,-0.122,-0.244,0.06005,1.00830,0.08496,28.67
$IMU,26852.659,-0.183,-0.183,-0.244,0.05566,1.00878,0.08398,28.67
$IMU,26852.661,-0.305,0.000,-0.183,0.05957,1.00976,0.08300,28.67
$HUM,26852.662,34.0,29.1
$IMU,26852.663,-0.305,-0.122,-0.183,0.05810,1.00976,0.08398,28.67
$MAG,26852.664,-0.424,-0.501,-0.681,27.6
$IMU,26852.666,-0.427,0.000,-0.183,0.05957,1.01025,0.08349,28.67
$IMU,26852.668,-0.366,0.061,-0.183,0.05957,1.01074,0.08691,28.67
$IMU,26852.670,-0.366,-0.122,-0.183,0.05615,1.00537,0.08349,28.72
$IMU,26852.673,-0.427,0.000,-0.122,0.05615,1.00976,0.08251,28.72
$MAG,26852.674,-0.427,-0.505,-0.669,27.6
$IMU,26852.675,-0.366,-0.061,-0.183,0.05664,1.00976,0.08251,28.72
$IMU,26852.677,-0.427,-0.061,-0.244,0.05615,1.00878,0.08300,28.72
$IMU,26852.680,-0.427,0.000,-0.183,0.05566,1.00927,0.08203,28.72
$IMU,26852.682,-0.427,0.061,-0.183,0.05273,1.00781,0.08300,28.72
$MAG,26852.684,-0.429,-0.504,-0.672,27.7
$IMU,26852.684,-0.366,0.000,-0.183,0.05517,1.01074,0.08496,28.72
$IMU,26852.687,-0.244,-0.305,-0.183,0.05908,1.00878,0.08398,28.72
$IMU,26852.689,-0.366,0.000,-0.183,0.05761,1.00781,0.08496,28.71
$BARO,26852.691,86866.57,28.64
$IMU,26852.691,-0.427,0.000,-0.183,0.05859,1.00634,0.08105,28.71
$MAG,26852.694,-0.429,-0.501,-0.675,27.6
$IMU,26852.694,-0.305,-0.122,-0.183,0.05859,1.00927,0.08349,28.71
$IMU,26852.696,-0.305,-0.061,-0.183,0.05322,1.01025,0.08154,28.71
$IMU,26852.698,-0.305,-0.183,-0.183,0.05517,1.01123,0.08496,28.71
$IMU,26852.701,-0.183,-0.183,-0.183,0.05664,1.01123,0.08349,28.71
$IMU,26852.703,-0.122,-0.183,-0.183,0.05566,1.00830,0.08691,28.71
$MAG,26852.705,-0.439,-0.501,-0.666,27.7
$IMU,26852.706,-0.122,-0.244,-0.183,0.05419,1.00781,0.08447,28.71
$IMU,26852.708,-0.122,-0.122,-0.122,0.05615,1.00927,0.08593,28.73
$IMU,26852.710,-0.183,0.000,-0.183,0.05517,1.00878,0.08251,28.73
$IMU,26852.713,-0.305,0.061,-0.244,0.05761,1.00830,0.08251,28.73
$MAG,26852.715,-0.427,-0.507,-0.670,27.6
$IMU,26852.715,-0.244,-0.122,-0.244,0.05664,1.00927,0.08300,28.73
$IMU,26852.717,-0.183,-0.183,-0.244,0.05810,1.00878,0.08349,28.73
$IMU,26852.720,-0.244,-0.244,-0.183,0.05322,1.00683,0.08251,28.73
$IMU,26852.722,-0.244,-0.183,-0.122,0.05664,1.01269,0.08154,28.73
$IMU,26852.724,-0.244,0.061,-0.183,0.05761,1.01025,0.08447,28.73
$MAG,26852.725,-0.423,-0.504,-0.672,27.5
$IMU,26852.727,-0.183,-0.122,-0.244,0.05517,1.00830,0.08496,28.75
$IMU,26852.729,-0.244,-0.122,-0.183,0.05419,1.00830,0.08691,28.75
$IMU,26852.731,-0.244,-0.183,-0.183,0.05566,1.00634,0.08398,28.75
$IMU,26852.734,-0.244,0.061,-0.244,0.05322,1.00878,0.08349,28.75
$MAG,26852.735,-0.430,-0.508,-0.664,27.7
$IMU,26852.736,-0.244,-0.061,-0.244,0.05468,1.00683,0.08349,28.75
$IMU,26852.738,-0.244,-0.061,-0.183,0.05517,1.00781,0.08251,28.75
$IMU,26852.741,-0.244,0.000,-0.183,0.05468,1.00878,0.08447,28.75
$IMU,26852.743,-0.244,-0.122,-0.244,0.05712,1.00732,0.08496,28.75
$MAG,26852.745,-0.435,-0.510,-0.669,27.7
$IMU,26852.745,-0.183,-0.061,-0.183,0.05810,1.00683,0.08300,28.74
$IMU,26852.748,-0.305,-0.061,-0.122,0.05615,1.00976,0.08496,28.74
$IMU,26852.750,-0.366,-0.061,-0.183,0.05712,1.01171,0.08496,28.74
$IMU,26852.752,-0.488,0.061,-0.244,0.05810,1.00878,0.08251,28.74
$MAG,26852.755,-0.424,-0.508,-0.669,27.6
$IMU,26852.755,-0.427,-0.061,-0.244,0.05566,1.00830,0.08544,28.74
$IMU,26852.757,-0.305,-0.122,-0.244,0.05664,1.00683,0.08593,28.74
$IMU,26852.759,-0.305,-0.244,-0.183,0.05761,1.00878,0.08496,28.74
$IMU,26852.762,-0.244,-0.183,-0.183,0.05908,1.00634,0.08398,28.74
$IMU,26852.764,-0.305,-0.061,-0.183,0.05615,1.01025,0.08349,28.71
$MAG,26852.765,-0.441,-0.501,-0.669,27.6
$IMU,26852.767,-0.244,-0.061,-0.183,0.05712,1.01269,0.08349,28.71
$IMU,26852.769,-0.244,-0.183,-0.244,0.05664,1.01123,0.08349,28.71
$IMU,26852.771,-0.244,-0.061,-0.305,0.05908,1.00830,0.08447,28.71
$IMU,26852.774,-0.244,-0.183,-0.305,0.05566,1.00781,0.08789,28.71
$MAG,26852.775,-0.438,-0.505,-0.672,27.7
$IMU,26852.776,-0.366,-0.122,-0.244,0.05517,1.00927,0.08691,28.71
$IMU,26852.778,-0.305,-0.061,-0.122,0.05566,1.00976,0.08447,28.71
$IMU,26852.781,-0.183,-0.061,-0.183,0.05517,1.00732,0.08398,28.71
$IMU,26852.783,-0.244,-0.061,-0.183,0.05761,1.00976,0.08349,28.75
$MAG,26852.785,-0.436,-0.513,-0.673,27.8
$IMU,26852.785,-0.183,-0.183,-0.183,0.05517,1.01318,0.08398,28.75
$IMU,26852.788,-0.183,-0.061,-0.305,0.05615,1.00781,0.08935,28.75
$IMU,26852.790,-0.183,-0.061,-0.305,0.05810,1.01074,0.08789,28.75
$IMU,26852.792,-0.183,-0.122,-0.244,0.05273,1.00781,0.08544,28.75
$BARO,26852.793,86861.82,28.65
$MAG,26852.795,-0.424,-0.499,-0.663,27.6
$IMU,26852.795,-0.183,-0.122,-0.183,0.05371,1.00488,0.08593,28.75
$IMU,26852.797,-0.183,-0.183,-0.183,0.05615,1.01269,0.08300,28.75
$IMU,26852.799,-0.244,0.061,-0.183,0.05712,1.01025,0.08398,28.75
$IMU,26852.802,-0.183,0.000,-0.122,0.05810,1.01074,0.08349,28.72
$IMU,26852.804,-0.183,-0.061,-0.244,0.05859,1.00878,0.08349,28.72
$MAG,26852.805,-0.429,-0.507,-0.678,27.6
$IMU,26852.806,-0.244,-0.122,-0.183,0.05664,1.00927,0.08203,28.72
$IMU,26852.809,-0.244,-0.122,-0.244,0.05371,1.00830,0.08447,28.72
$IMU,26852.811,-0.305,0.000,-0.183,0.05273,1.00878,0.08642,28.72
$IMU,26852.813,-0.366,0.061,-0.122,0.05322,1.00878,0.08398,28.72
$MAG,26852.816,-0.433,-0.499,-0.675,27.7
$IMU,26852.816,-0.305,0.061,-0.122,0.05566,1.01074,0.08251,28.72
$IMU,26852.818,-0.244,-0.183,-0.183,0.05712,1.01171,0.08349,28.72
$IMU,26852.820,-0.305,-0.122,-0.183,0.05468,1.01269,0.08203,28.69
$IMU,26852.823,-0.305,0.000,-0.183,0.05468,1.00976,0.08154,28.69
$IMU,26852.825,-0.366,0.000,-0.244,0.05322,1.00830,0.08105,28.69
$MAG,26852.826,-0.432,-0.505,-0.667,27.6
$IMU,26852.828,-0.366,-0.122,-0.244,0.05566,1.00830,0.08349,28.69
$IMU,26852.830,-0.183,-0.061,-0.183,0.05322,1.00634,0.08447,28.69
$IMU,26852.832,-0.183,-0.244,-0.061,0.05761,1.00781,0.08593,28.69
$IMU,26852.835,-0.305,-0.183,-0.122,0.05517,1.00927,0.08691,28.69
$MAG,26852.836,-0.438,-0.496,-0.675,27.7
$IMU,26852.837,-0.366,0.000,-0.122,0.05664,1.01123,0.08544,28.69
$IMU,26852.839,-0.366,-0.061,-0.122,0.05810,1.01025,0.08593,28.71
$IMU,26852.842,-0.549,0.122,-0.244,0.05517,1.00976,0.08398,28.71
$IMU,26852.844,-0.366,-0.183,-0.244,0.05712,1.00878,0.08251,28.71
$MAG,26852.846,-0.435,-0.501,-0.669,27.7
$IMU,26852.846,-0.305,-0.122,-0.122,0.05908,1.01025,0.08447,28.71
$IMU,26852.849,-0.305,-0.122,0.000,0.05810,1.01123,0.08398,28.71
$IMU,26852.851,-0.366,0.000,0.000,0.05761,1.01074,0.08349,28.71
$IMU,26852.853,-0.427,0.061,-0.122,0.05957,1.00781,0.08398,28.71
$MAG,26852.856,-0.429,-0.501,-0.666,27.6
$IMU,26852.856,-0.244,-0.122,-0.183,0.05664,1.01269,0.08251,28.71
$IMU,26852.858,-0.244,-0.183,-0.244,0.05712,1.00878,0.08300,28.69
$IMU,26852.860,-0.183,-0.183,-0.305,0.05664,1.01025,0.08398,28.69
$IMU,26852.863,-0.183,-0.061,-0.244,0.05517,1.00732,0.08349,28.69
$IMU,26852.865,-0.244,-0.122,-0.183,0.05664,1.01025,0.08300,28.69
$MAG,26852.866,-0.426,-0.507,-0.663,27.7
$IMU,26852.867,-0.183,-0.061,-0.122,0.05761,1.01123,0.08398,28.69
$IMU,26852.870,-0.122,-0.183,-0.122,0.05664,1.00927,0.08642,28.69
$IMU,26852.872,-0.061,-0.244,-0.244,0.05957,1.01025,0.08496,28.69
$IMU,26852.874,-0.183,-0.061,-0.244,0.05615,1.01123,0.08154,28.69
$MAG,26852.876,-0.432,-0.510,-0.676,27.7
$IMU,26852.877,-0.183,-0.122,-0.305,0.05712,1.00781,0.08251,28.76
$IMU,26852.879,-0.183,-0.122,-0.244,0.05419,1.00683,0.08300,28.76
$IMU,26852.881,-0.183,-0.061,-0.244,0.05371,1.00781,0.08251,28.76
$IMU,26852.884,-0.183,-0.061,-0.122,0.05419,1.00585,0.08447,28.76
$MAG,26852.886,-0.438,-0.513,-0.673,27.7
$IMU,26852.886,-0.244,0.000,0.000,0.05664,1.00732,0.08398,28.76
$IMU,26852.889,-0.244,-0.061,-0.061,0.05712,1.01025,0.08105,28.76
$IMU,26852.891,-0.244,0.000,-0.183,0.05712,1.01074,0.08203,28.76
$IMU,26852.893,-0.366,0.122,-0.244,0.05615,1.00976,0.08398,28.76
$BARO,26852.894,86873.01,28.64
$MAG,26852.896,-0.426,-0.511,-0.666,27.6
$IMU,26852.896,-0.244,-0.183,-0.183,0.05615,1.00878,0.08154,28.73
$IMU,26852.898,-0.244,-0.183,-0.122,0.06005,1.00683,0.08349,28.73
$IMU,26852.900,-0.183,-0.183,-0.061,0.05615,1.00830,0.08398,28.73
$IMU,26852.903,-0.244,-0.244,-0.061,0.05810,1.00732,0.08447,28.73
$IMU,26852.905,-0.244,-0.183,-0.122,0.05664,1.00927,0.08349,28.73
$MAG,26852.906,-0.427,-0.507,-0.672,27.6
$IMU,26852.907,-0.244,-0.122,-0.183,0.05712,1.00830,0.08007,28.73
$IMU,26852.910,-0.244,-0.122,-0.244,0.05322,1.01171,0.08154,28.73
$IMU,26852.912,-0.183,-0.305,-0.244,0.05664,1.00585,0.08300,28.73
$IMU,26852.914,-0.305,-0.122,-0.305,0.05517,1.00830,0.08349,28.73
$MAG,26852.916,-0.429,-0.501,-0.669,27.7
$IMU,26852.917,-0.366,0.122,-0.183,0.05322,1.00683,0.08544,28.73
$IMU,26852.919,-0.366,-0.122,-0.122,0.05517,1.01074,0.08203,28.73
$IMU,26852.921,-0.366,0.000,-0.061,0.05566,1.01123,0.08349,28.73
$IMU,26852.924,-0.244,0.000,-0.122,0.05615,1.01123,0.08349,28.73
$IMU,26852.926,-0.305,-0.183,-0.183,0.05371,1.00830,0.08837,28.73
$MAG,26852.927,-0.432,-0.504,-0.672,27.7
$IMU,26852.928,-0.244,-0.122,-0.244,0.05664,1.00830,0.08398,28.73
$IMU,26852.931,-0.305,-0.061,-0.244,0.05908,1.01123,0.08300,28.73
$IMU,26852.933,-0.305,-0.061,-0.305,0.05615,1.00976,0.08349,28.72
$IMU,26852.935,-0.244,-0.183,-0.122,0.05322,1.00781,0.08691,28.72
$MAG,26852.937,-0.421,-0.504,-0.675,27.6
$IMU,26852.938,-0.244,0.000,-0.061,0.05615,1.00732,0.08496,28.72
$IMU,26852.940,-0.305,0.000,-0.183,0.05761,1.00927,0.08447,28.72
$IMU,26852.942,-0.183,-0.183,-0.244,0.05517,1.01074,0.08496,28.72
$IMU,26852.945,-0.244,-0.061,-0.183,0.05468,1.00830,0.08349,28.72
$MAG,26852.947,-0.424,-0.507,-0.676,27.7
$IMU,26852.947,-0.183,-0.183,-0.305,0.05371,1.00683,0.08251,28.72
$IMU,26852.950,-0.122,-0.244,-0.183,0.05517,1.00878,0.08496,28.72
$IMU,26852.952,-0.183,0.000,-0.183,0.05664,1.01025,0.08349,28.74
$IMU,26852.954,-0.122,-0.061,-0.183,0.05761,1.01123,0.08349,28.74
$MAG,26852.957,-0.430,-0.499,-0.663,27.6
$IMU,26852.957,-0.061,-0.061,-0.183,0.05517,1.00878,0.08300,28.74
$IMU,26852.959,-0.183,0.000,-0.122,0.05810,1.00976,0.08496,28.74
$IMU,26852.961,-0.122,0.000,-0.122,0.05957,1.00976,0.08251,28.74
$IMU,26852.964,-0.183,-0.122,-0.244,0.05322,1.00878,0.08349,28.74
$IMU,26852.966,-0.244,-0.061,-0.122,0.05517,1.00781,0.08251,28.74
$MAG,26852.967,-0.423,-0.507,-0.669,27.6
$IMU,26852.968,-0.244,-0.061,-0.183,0.05566,1.00830,0.08154,28.74
$IMU,26852.971,-0.244,-0.183,-0.183,0.05810,1.00927,0.08398,28.69
$IMU,26852.973,-0.244,-0.244,-0.183,0.05517,1.00878,0.08398,28.69
$IMU,26852.975,-0.183,-0.183,-0.122,0.05273,1.00927,0.08203,28.69
$MAG,26852.977,-0.429,-0.502,-0.670,27.6
$IMU,26852.978,-0.305,-0.183,-0.122,0.05664,1.00732,0.08251,28.69
$IMU,26852.980,-0.366,0.000,-0.122,0.05859,1.00634,0.08593,28.69
$IMU,26852.982,-0.366,-0.061,-0.122,0.05957,1.00878,0.08251,28.69
$IMU,26852.985,-0.305,-0.122,-0.061,0.05566,1.00976,0.08544,28.69
$MAG,26852.987,-0.424,-0.505,-0.670,27.7
$IMU,26852.987,-0.244,-0.122,-0.183,0.05908,1.00830,0.08496,28.69
$IMU,26852.989,-0.305,0.000,-0.122,0.05712,1.01171,0.08447,28.73
$IMU,26852.992,-0.305,-0.061,-0.122,0.05664,1.00878,0.08740,28.73
$IMU,26852.994,-0.244,-0.122,-0.183,0.05419,1.00976,0.08642,28.73
$BARO,26852.996,86862.48,28.64
$IMU,26852.996,-0.244,0.000,-0.122,0.05957,1.00683,0.08496,28.73
$MAG,26852.997,-0.439,-0.504,-0.667,27.7
$IMU,26852.999,-0.244,-0.183,-0.183,0.05712,1.00732,0.08642,28.73
$IMU,26853.001,-0.305,-0.183,-0.183,0.05419,1.00927,0.08349,28.73
$IMU,26853.003,-0.305,0.000,-0.183,0.05761,1.00830,0.08496,28.73
$IMU,26853.006,-0.305,-0.061,-0.183,0.05859,1.00976,0.08154,28.73
$MAG,26853.007,-0.429,-0.502,-0.669,27.6
$IMU,26853.008,-0.366,0.000,-0.183,0.05712,1.00878,0.08642,28.71
$IMU,26853.010,-0.244,0.000,-0.183,0.05517,1.00781,0.08593,28.71
$IMU,26853.013,-0.183,-0.183,-0.122,0.05615,1.00537,0.08349,28.71
$IMU,26853.015,-0.244,-0.122,-0.061,0.05664,1.00830,0.08593,28.71
$MAG,26853.017,-0.433,-0.502,-0.669,27.7
$IMU,26853.018,-0.305,0.000,-0.183,0.05664,1.01025,0.08496,28.71
$IMU,26853.020,-0.366,-0.122,-0.183,0.05761,1.00830,0.08398,28.71
$IMU,26853.022,-0.366,0.000,-0.244,0.05419,1.00976,0.08544,28.71
$IMU,26853.025,-0.305,0.061,-0.244,0.05566,1.00830,0.08349,28.71
$MAG,26853.027,-0.423,-0.505,-0.666,27.7
$IMU,26853.027,-0.305,-0.061,-0.183,0.05419,1.00976,0.08154,28.77
$IMU,26853.029,-0.244,-0.122,-0.122,0.05419,1.01220,0.08544,28.77
$IMU,26853.032,-0.244,0.000,-0.183,0.05664,1.01269,0.08544,28.77
$IMU,26853.034,-0.305,0.122,-0.244,0.05615,1.00976,0.08593,28.77
$IMU,26853.036,-0.122,-0.183,-0.244,0.05664,1.00976,0.08496,28.77
$MAG,26853.037,-0.436,-0.502,-0.667,27.6
$IMU,26853.039,-0.122,-0.244,-0.244,0.05371,1.01074,0.08691,28.77
$IMU,26853.041,-0.061,-0.244,-0.244,0.05615,1.01123,0.08642,28.77
$IMU,26853.043,-0.061,-0.183,-0.244,0.05517,1.01220,0.08691,28.77
$IMU,26853.046,-0.122,0.000,-0.122,0.05810,1.00781,0.08398,28.70
$MAG,26853.048,-0.427,-0.507,-0.673,27.6
$IMU,26853.048,-0.122,-0.122,-0.061,0.05468,1.00878,0.08300,28.70
$IMU,26853.050,-0.061,-0.183,-0.122,0.05419,1.01123,0.08251,28.70
$IMU,26853.053,-0.244,-0.061,-0.061,0.05908,1.01123,0.08349,28.70
$IMU,26853.055,-0.061,-0.244,-0.122,0.05859,1.01074,0.08544,28.70
$IMU,26853.057,-0.183,-0.061,-0.244,0.05468,1.01123,0.08544,28.70
$MAG,26853.058,-0.436,-0.510,-0.676,27.7
$IMU,26853.060,-0.183,-0.061,-0.122,0.05419,1.00976,0.08300,28.70
$IMU,26853.062,-0.122,-0.122,-0.122,0.05517,1.00830,0.08349,28.70
$IMU,26853.064,-0.122,-0.061,-0.122,0.05761,1.00537,0.08300,28.75
$IMU,26853.067,-0.244,-0.061,-0.122,0.05810,1.00927,0.08056,28.75
$MAG,26853.068,-0.432,-0.507,-0.669,27.6
$IMU,26853.069,-0.366,0.061,-0.122,0.05712,1.00781,0.08300,28.75
$IMU,26853.071,-0.305,-0.061,-0.183,0.05566,1.01269,0.08447,28.75
$IMU,26853.074,-0.366,-0.061,-0.122,0.05517,1.00830,0.08300,28.75
$IMU,26853.076,-0.305,-0.183,-0.183,0.05664,1.00878,0.08105,28.75
$MAG,26853.078,-0.435,-0.502,-0.666,27.7
$IMU,26853.079,-0.427,0.000,-0.183,0.05468,1.00976,0.08300,28.75
$IMU,26853.081,-0.427,-0.122,-0.122,0.05615,1.00732,0.08642,28.75
$IMU,26853.083,-0.427,-0.122,-0.122,0.05664,1.00634,0.08398,28.71
$IMU,26853.086,-0.366,-0.061,-0.122,0.05615,1.00781,0.08349,28.71
$MAG,26853.088,-0.430,-0.507,-0.673,27.6
$IMU,26853.088,-0.427,-0.122,-0.122,0.05517,1.00830,0.08349,28.71
$IMU,26853.090,-0.366,-0.122,-0.061,0.05761,1.01025,0.08496,28.71
$IMU,26853.093,-0.366,0.000,-0.183,0.05712,1.00976,0.08496,28.71
$IMU,26853.095,-0.366,-0.122,-0.244,0.05468,1.01025,0.08496,28.71
$BARO,26853.097,86868.86,28.65
$IMU,26853.097,-0.305,-0.061,-0.122,0.05712,1.00634,0.08447,28.71
$MAG,26853.098,-0.426,-0.502,-0.669,27.7
$IMU,26853.100,-0.366,0.000,-0.122,0.05517,1.01025,0.08447,28.71
$IMU,26853.102,-0.305,-0.183,-0.061,0.05664,1.00927,0.08544,28.74
$IMU,26853.104,-0.244,-0.061,-0.122,0.05761,1.00878,0.08398,28.74
$IMU,26853.107,-0.183,-0.183,-0.122,0.05810,1.00927,0.08447,28.74
$MAG,26853.108,-0.421,-0.508,-0.672,27.7
$IMU,26853.109,-0.244,0.000,-0.122,0.05664,1.00732,0.08398,28.74
$IMU,26853.111,-0.122,-0.122,-0.183,0.05517,1.00830,0.08496,28.74
$IMU,26853.114,-0.061,-0.183,-0.244,0.05517,1.00830,0.08398,28.74
$IMU,26853.116,-0.122,-0.061,-0.122,0.05712,1.00537,0.08593,28.74
$MAG,26853.118,-0.430,-0.496,-0.672,27.7
$IMU,26853.118,-0.061,-0.122,-0.122,0.05761,1.00732,0.08691,28.74
$IMU,26853.121,-0.122,0.122,-0.061,0.05810,1.00976,0.08251,28.71
$IMU,26853.123,-0.122,-0.061,-0.122,0.05615,1.00976,0.08349,28.71
$IMU,26853.125,-0.122,-0.061,-0.122,0.05957,1.00878,0.08349,28.71
$MAG,26853.128,-0.435,-0.504,-0.676,27.6
$IMU,26853.128,-0.061,-0.061,-0.244,0.05810,1.00390,0.08447,28.71
$IMU,26853.130,-0.183,-0.244,-0.305,0.05566,1.00878,0.08349,28.71
$IMU,26853.132,-0.244,0.061,-0.305,0.05615,1.00830,0.08349,28.71
$IMU,26853.135,-0.244,0.000,-0.183,0.05273,1.00927,0.08300,28.71
$IMU,26853.137,-0.183,-0.122,-0.122,0.05615,1.00781,0.08349,28.71
$MAG,26853.138,-0.423,-0.499,-0.675,27.6
$IMU,26853.140,-0.183,-0.122,-0.061,0.05566,1.01269,0.08300,28.69
$IMU,26853.142,-0.183,-0.244,-0.122,0.05712,1.01123,0.08496,28.69
$IMU,26853.144,-0.305,-0.061,-0.244,0.05859,1.00683,0.08349,28.69
$IMU,26853.147,-0.305,-0.183,-0.305,0.05517,1.00683,0.08349,28.69
$MAG,26853.148,-0.436,-0.508,-0.672,27.7
$IMU,26853.149,-0.366,-0.122,-0.305,0.05566,1.00732,0.08496,28.69
$IMU,26853.151,-0.366,-0.122,-0.183,0.05712,1.01025,0.08691,28.69
$IMU,26853.154,-0.366,-0.061,-0.061,0.05859,1.01025,0.08349,28.69
$IMU,26853.156,-0.366,-0.061,-0.061,0.05517,1.00878,0.08398,28.69
$IMU,26853.158,-0.427,-0.122,-0.122,0.05566,1.00830,0.08642,28.71
$MAG,26853.159,-0.433,-0.505,-0.676,27.7
$IMU,26853.161,-0.366,0.000,-0.122,0.05712,1.01025,0.08691,28.71
$IMU,26853.163,-0.305,-0.122,-0.183,0.05810,1.00976,0.08398,28.71
$IMU,26853.165,-0.305,-0.061,-0.244,0.05810,1.01025,0.08544,28.71
$IMU,26853.168,-0.427,0.000,-0.244,0.05566,1.00878,0.08496,28.71
$MAG,26853.169,-0.433,-0.507,-0.666,27.7
$IMU,26853.170,-0.305,-0.061,-0.122,0.05566,1.00781,0.08398,28.71
$IMU,26853.172,-0.366,0.122,-0.061,0.05615,1.00732,0.08496,28.71
$IMU,26853.175,-0.366,0.183,-0.061,0.05810,1.00732,0.08398,28.71
$IMU,26853.177,-0.244,-0.061,-0.122,0.05859,1.00927,0.08544,28.72
$MAG,26853.179,-0.430,-0.508,-0.663,27.6
$IMU,26853.179,-0.183,-0.183,-0.183,0.05664,1.01025,0.08642,28.72
$IMU,26853.182,-0.183,-0.061,-0.244,0.05615,1.01074,0.08593,28.72
$IMU,26853.184,-0.244,-0.061,-0.244,0.05664,1.00537,0.08691,28.72
$IMU,26853.186,-0.122,-0.183,-0.244,0.05615,1.00830,0.08593,28.72
$MAG,26853.189,-0.427,-0.508,-0.670,27.7
$IMU,26853.189,-0.061,-0.122,-0.183,0.05468,1.00585,0.08398,28.72
$IMU,26853.191,-0.122,-0.061,-0.183,0.05615,1.00781,0.08398,28.72
$IMU,26853.193,-0.122,-0.122,-0.183,0.05859,1.00732,0.08447,28.72
$VBAT,26853.195,4.126
$IMU,26853.196,-0.061,-0.122,-0.183,0.05664,1.00878,0.08593,28.70
$BARO,26853.198,86874.30,28.65
$IMU,26853.198,-0.061,-0.061,-0.244,0.05468,1.00878,0.08447,28.70
$MAG,26853.199,-0.433,-0.504,-0.670,27.6
$IMU,26853.201,-0.061,-0.183,-0.305,0.05517,1.01025,0.08105,28.70
$IMU,26853.203,-0.122,-0.061,-0.244,0.05761,1.00732,0.08056,28.70
$IMU,26853.205,-0.061,-0.122,-0.183,0.05468,1.00830,0.08300,28.70
$IMU,26853.208,-0.183,-0.061,-0.183,0.05810,1.00781,0.08154,28.70
$MAG,26853.209,-0.430,-0.504,-0.664,28.0
$IMU,26853.210,-0.244,-0.122,-0.183,0.05566,1.01123,0.08447,28.70
$IMU,26853.212,-0.244,-0.183,-0.183,0.05517,1.01464,0.08691,28.70
$IMU,26853.215,-0.305,-0.061,-0.244,0.05566,1.01123,0.08349,28.70
$IMU,26853.217,-0.244,-0.061,-0.305,0.05859,1.01318,0.08544,28.70
$MAG,26853.219,-0.429,-0.510,-0.661,27.7
$IMU,26853.219,-0.244,-0.183,-0.244,0.05468,1.01318,0.08203,28.70
$IMU,26853.222,-0.183,-0.183,-0.183,0.05517,1.00927,0.08447,28.70
$IMU,26853.224,-0.244,-0.061,-0.122,0.05615,1.00976,0.08349,28.70
$IMU,26853.226,-0.244,-0.122,-0.061,0.05957,1.00976,0.08349,28.70
$MAG,26853.229,-0.427,-0.507,-0.672,27.7
$IMU,26853.229,-0.244,-0.122,-0.061,0.06005,1.00976,0.08447,28.70
$IMU,26853.231,-0.244,-0.122,-0.183,0.05664,1.01123,0.08447,28.70
$IMU,26853.233,-0.305,-0.122,-0.183,0.05908,1.01025,0.08349,28.73
$IMU,26853.236,-0.305,-0.183,-0.244,0.05566,1.00927,0.08544,28.73
$IMU,26853.238,-0.305,-0.122,-0.122,0.05517,1.00732,0.08398,28.73
$MAG,26853.239,-0.432,-0.502,-0.667,27.6
$IMU,26853.240,-0.305,-0.122,-0.122,0.05322,1.00927,0.08447,28.73
$IMU,26853.243,-0.305,-0.244,-0.122,0.05566,1.01220,0.08544,28.73
$IMU,26853.245,-0.366,-0.061,-0.061,0.05908,1.01025,0.08447,28.73
$IMU,26853.247,-0.366,0.000,-0.122,0.05664,1.01171,0.08300,28.73
$MAG,26853.249,-0.433,-0.508,-0.676,27.6
$IMU,26853.250,-0.366,0.000,-0.122,0.05908,1.01171,0.08447,28.73
$IMU,26853.252,-0.366,-0.183,-0.183,0.05712,1.01025,0.08496,28.73
$IMU,26853.254,-0.305,-0.183,-0.122,0.05908,1.00488,0.08496,28.73
$IMU,26853.257,-0.366,-0.183,-0.183,0.05761,1.00341,0.08496,28.73
$MAG,26853.259,-0.430,-0.501,-0.670,27.6
$IMU,26853.259,-0.366,-0.061,-0.122,0.05761,1.00781,0.08593,28.73
$IMU,26853.262,-0.549,0.000,-0.061,0.05908,1.00927,0.08349,28.73
$IMU,26853.264,-0.427,-0.061,-0.061,0.05517,1.00830,0.08349,28.73
$IMU,26853.266,-0.305,-0.061,-0.122,0.05615,1.00488,0.08496,28.73
$MAG,26853.269,-0.435,-0.504,-0.663,27.6
$IMU,26853.269,-0.305,-0.061,-0.122,0.05908,1.00830,0.08544,28.73
$IMU,26853.271,-0.122,-0.183,-0.183,0.05908,1.00634,0.08300,28.72
$IMU,26853.273,-0.183,0.000,-0.183,0.05908,1.00537,0.08496,28.72
$IMU,26853.276,-0.183,-0.061,-0.183,0.05712,1.00683,0.08447,28.72
$IMU,26853.278,-0.061,-0.183,-0.183,0.05664,1.00683,0.08300,28.72
$MAG,26853.280,-0.429,-0.507,-0.672,27.6
$IMU,26853.280,-0.122,-0.122,-0.183,0.05615,1.00830,0.08251,28.72
$IMU,26853.283,-0.061,-0.244,-0.183,0.05810,1.00976,0.08398,28.72
$IMU,26853.285,-0.183,-0.061,-0.183,0.05615,1.00927,0.08496,28.72
$IMU,26853.287,-0.183,0.000,-0.244,0.05761,1.00976,0.08398,28.72
$MAG,26853.290,-0.424,-0.513,-0.672,27.7
$IMU,26853.290,-0.183,0.000,-0.244,0.05517,1.01025,0.08544,28.69
$IMU,26853.292,-0.122,-0.122,-0.183,0.05761,1.01269,0.08496,28.69
$IMU,26853.294,-0.244,-0.122,-0.244,0.05517,1.00927,0.08544,28.69
$IMU,26853.297,-0.244,-0.061,-0.183,0.05810,1.01220,0.08447,28.69
$IMU,26853.299,-0.244,0.122,-0.122,0.05664,1.01074,0.08593,28.69
$BARO,26853.300,86867.21,28.65
$MAG,26853.300,-0.436,-0.504,-0.667,27.6
$IMU,26853.301,-0.244,-0.061,-0.183,0.05957,1.01074,0.08447,28.69
$IMU,26853.304,-0.122,-0.122,-0.183,0.05908,1.00830,0.08447,28.69
$IMU,26853.306,-0.183,-0.122,-0.244,0.05908,1.01220,0.08398,28.69
$IMU,26853.308,-0.183,-0.183,-0.183,0.05712,1.00976,0.08300,28.72
$MAG,26853.310,-0.429,-0.501,-0.675,27.7
$IMU,26853.311,-0.183,-0.183,-0.244,0.05468,1.01220,0.08447,28.72
$IMU,26853.313,-0.244,-0.061,-0.183,0.05615,1.00927,0.08349,28.72
$IMU,26853.315,-0.244,-0.183,-0.183,0.05566,1.01025,0.08349,28.72
$IMU,26853.318,-0.183,-0.183,-0.183,0.05371,1.01025,0.08496,28.72
$MAG,26853.320,-0.432,-0.507,-0.672,27.6
$IMU,26853.320,-0.244,-0.061,-0.183,0.05517,1.01074,0.08398,28.72
$IMU,26853.323,-0.244,-0.244,-0.122,0.05517,1.00976,0.08544,28.72
$IMU,26853.325,-0.305,-0.122,-0.061,0.05615,1.01318,0.08496,28.72
$IMU,26853.327,-0.366,0.000,-0.183,0.05810,1.00781,0.08105,28.74
$MAG,26853.330,-0.432,-0.507,-0.658,27.6
$IMU,26853.330,-0.427,-0.122,-0.122,0.05468,1.00927,0.08251,28.74
$IMU,26853.332,-0.366,-0.122,-0.122,0.05517,1.00732,0.08203,28.74
$IMU,26853.334,-0.366,-0.061,-0.122,0.05664,1.00683,0.08447,28.74
$IMU,26853.337,-0.427,-0.122,-0.122,0.05957,1.00830,0.08105,28.74
$IMU,26853.339,-0.488,0.061,-0.061,0.05761,1.00732,0.08300,28.74
$MAG,26853.340,-0.430,-0.501,-0.678,27.6
$IMU,26853.341,-0.427,-0.061,-0.122,0.05761,1.01220,0.08447,28.74
$IMU,26853.344,-0.366,-0.122,-0.122,0.05322,1.01123,0.08544,28.74
$IMU,26853.346,-0.305,-0.122,-0.183,0.05859,1.01025,0.08789,28.68
$IMU,26853.348,-0.305,-0.061,-0.183,0.05371,1.00878,0.08496,28.68
$MAG,26853.350,-0.433,-0.498,-0.670,27.6
$IMU,26853.351,-0.305,0.000,-0.122,0.05566,1.00585,0.08544,28.68
$IMU,26853.353,-0.305,0.000,-0.122,0.05664,1.00683,0.08642,28.68
$IMU,26853.355,-0.183,-0.305,-0.061,0.05615,1.00927,0.08691,28.68
$IMU,26853.358,-0.244,-0.122,-0.061,0.05566,1.00683,0.08593,28.68
$MAG,26853.360,-0.439,-0.495,-0.670,27.6
$IMU,26853.360,-0.244,0.000,0.000,0.05908,1.00927,0.08789,28.68
$IMU,26853.362,-0.244,0.000,-0.183,0.05859,1.00830,0.08544,28.68
$IMU,26853.365,-0.183,-0.061,-0.183,0.06103,1.00781,0.08398,28.73
$IMU,26853.367,-0.183,0.000,-0.183,0.05566,1.00878,0.08593,28.73
$IMU,26853.369,-0.183,-0.183,-0.183,0.05615,1.00878,0.08349,28.73
$MAG,26853.370,-0.433,-0.501,-0.672,27.7
$IMU,26853.372,-0.183,-0.183,-0.122,0.05517,1.00830,0.08593,28.73
$IMU,26853.374,-0.183,-0.061,-0.122,0.05810,1.00927,0.08203,28.73
$IMU,26853.376,-0.183,-0.061,-0.061,0.05712,1.00976,0.08300,28.73
$IMU,26853.379,-0.183,-0.061,-0.122,0.05908,1.01220,0.08300,28.73
$MAG,26853.380,-0.432,-0.504,-0.666,27.7
$IMU,26853.381,-0.122,-0.122,-0.244,0.05712,1.00537,0.08447,28.73
$IMU,26853.384,-0.061,-0.122,-0.244,0.05566,1.00830,0.08398,28.67
$IMU,26853.386,-0.122,-0.122,-0.244,0.05322,1.01025,0.08593,28.67
$IMU,26853.388,-0.183,0.061,-0.122,0.05566,1.00830,0.08398,28.67
$IMU,26853.391,-0.244,0.000,-0.061,0.05712,1.00878,0.08447,28.67
$MAG,26853.391,-0.438,-0.513,-0.679,27.7
$IMU,26853.393,-0.305,0.061,-0.122,0.05810,1.00878,0.08496,28.67
$IMU,26853.395,-0.183,0.000,-0.122,0.05810,1.00634,0.08300,28.67
$IMU,26853.398,-0.183,-0.061,-0.183,0.05615,1.01025,0.08447,28.67
$TIME,26853.399,510747.000,2399
$IMU,26853.400,-0.183,-0.183,-0.244,0.05517,1.00830,0.08496,28.67
$BARO,26853.401,86872.08,28.65
$MAG,26853.401,-0.427,-0.501,-0.669,27.6
$IMU,26853.402,-0.244,0.000,-0.244,0.05371,1.00830,0.08447,28.76
$IMU,26853.405,-0.244,-0.061,-0.122,0.05664,1.00927,0.08349,28.76
$IMU,26853.407,-0.244,-0.122,-0.122,0.05664,1.01220,0.08154,28.76
$IMU,26853.409,-0.305,-0.122,0.000,0.05908,1.00927,0.08349,28.76
$MAG,26853.411,-0.429,-0.505,-0.669,27.8
$IMU,26853.412,-0.244,-0.183,-0.061,0.05712,1.01269,0.08398,28.76
$IMU,26853.414,-0.366,0.000,-0.122,0.05761,1.01171,0.08544,28.76
$IMU,26853.416,-0.366,0.000,-0.244,0.05517,1.00830,0.08447,28.76
$IMU,26853.419,-0.366,0.000,-0.122,0.05712,1.00537,0.08447,28.76
$MAG,26853.421,-0.430,-0.510,-0.664,27.7
$IMU,26853.421,-0.305,-0.122,-0.183,0.05322,1.00878,0.08642,28.73
$IMU,26853.423,-0.244,-0.061,-0.122,0.05664,1.01074,0.08691,28.73
$IMU,26853.426,-0.305,-0.183,-0.061,0.05712,1.00732,0.08691,28.73
$IMU,26853.428,-0.305,-0.061,-0.061,0.05517,1.00830,0.08398,28.73
$IMU,26853.430,-0.244,-0.061,-0.122,0.05468,1.00732,0.08593,28.73
$MAG,26853.431,-0.426,-0.499,-0.670,27.7
$IMU,26853.433,-0.183,-0.122,-0.183,0.05859,1.00878,0.08691,28.73
$IMU,26853.435,-0.183,-0.305,-0.244,0.05859,1.00585,0.08154,28.73
$IMU,26853.437,-0.122,-0.122,-0.244,0.05517,1.00683,0.08496,28.73
$IMU,26853.440,-0.122,-0.183,-0.183,0.05273,1.00488,0.08593,28.73
$MAG,26853.441,-0.429,-0.501,-0.664,27.6
$IMU,26853.442,-0.244,-0.061,-0.061,0.05419,1.00683,0.08300,28.73
$IMU,26853.444,-0.183,-0.122,-0.061,0.05566,1.00683,0.08398,28.73
$IMU,26853.447,-0.183,0.061,-0.122,0.05859,1.00683,0.08349,28.73
$IMU,26853.449,-0.244,-0.061,-0.183,0.06054,1.01074,0.08349,28.73
$MAG,26853.451,-0.433,-0.505,-0.676,27.6
$IMU,26853.452,-0.244,-0.061,-0.244,0.05810,1.01269,0.08496,28.73
$IMU,26853.454,-0.427,0.061,-0.244,0.05810,1.00927,0.08544,28.73
$IMU,26853.456,-0.366,-0.122,-0.305,0.05615,1.00878,0.08105,28.73
$IMU,26853.459,-0.366,0.122,-0.183,0.05615,1.00781,0.08593,28.71
$MAG,26853.461,-0.429,-0.505,-0.676,27.6
$IMU,26853.461,-0.305,0.000,-0.122,0.05468,1.00976,0.08398,28.71
$IMU,26853.463,-0.244,-0.061,-0.122,0.05615,1.01318,0.08203,28.71
$IMU,26853.466,-0.366,-0.061,-0.183,0.05859,1.01074,0.08154,28.71
$IMU,26853.468,-0.305,0.000,-0.183,0.05810,1.00976,0.08398,28.71
$IMU,26853.470,-0.183,-0.244,-0.305,0.05566,1.01171,0.08447,28.71
$MAG,26853.471,-0.436,-0.498,-0.675,27.7
$IMU,26853.473,-0.183,-0.122,-0.244,0.05468,1.01171,0.08642,28.71
$IMU,26853.475,-0.183,-0.183,-0.244,0.05712,1.00878,0.08300,28.71
$IMU,26853.477,-0.244,-0.061,-0.244,0.05810,1.00927,0.08349,28.72
$IMU,26853.480,-0.183,0.061,-0.122,0.05615,1.01123,0.08544,28.72
$MAG,26853.481,-0.433,-0.510,-0.673,27.6
$IMU,26853.482,-0.061,-0.183,-0.122,0.05712,1.01025,0.08691,28.72
$IMU,26853.484,-0.061,-0.183,-0.122,0.05517,1.00488,0.08496,28.72
$IMU,26853.487,0.000,-0.183,-0.183,0.05126,1.00976,0.08398,28.72
$IMU,26853.489,-0.122,0.061,-0.244,0.05761,1.01025,0.08496,28.72
$MAG,26853.491,-0.430,-0.511,-0.672,27.6
$IMU,26853.491,-0.122,-0.061,-0.183,0.05810,1.01123,0.08300,28.72
$IMU,26853.494,-0.183,-0.122,-0.183,0.05224,1.01074,0.08447,28.72
$IMU,26853.496,-0.366,0.061,-0.122,0.05419,1.01171,0.08105,28.75
$IMU,26853.498,-0.183,0.061,-0.183,0.05859,1.01123,0.08349,28.75
$IMU,26853.501,-0.183,0.000,-0.183,0.05712,1.01220,0.08300,28.75
$MAG,26853.502,-0.432,-0.498,-0.667,27.6
$BARO,26853.503,86863.18,28.65
$IMU,26853.503,-0.305,0.000,-0.183,0.05615,1.01074,0.08593,28.75
$IMU,26853.505,-0.244,-0.122,-0.183,0.05664,1.00781,0.08349,28.75
$IMU,26853.508,-0.366,-0.122,-0.183,0.05664,1.00683,0.08496,28.75
$IMU,26853.510,-0.366,-0.183,-0.183,0.05664,1.00878,0.08447,28.75
$MAG,26853.512,-0.429,-0.505,-0.681,27.6
$IMU,26853.513,-0.427,-0.183,-0.061,0.05957,1.00878,0.08300,28.75
$IMU,26853.515,-0.488,-0.122,-0.122,0.05761,1.00927,0.08593,28.71
$IMU,26853.517,-0.549,-0.061,-0.061,0.05712,1.01171,0.08398,28.71
$IMU,26853.520,-0.610,0.122,-0.061,0.05761,1.01171,0.08349,28.71
$MAG,26853.522,-0.424,-0.493,-0.669,27.7
$IMU,26853.522,-0.427,-0.122,-0.122,0.05712,1.00781,0.08496,28.71
$IMU,26853.524,-0.427,-0.122,-0.183,0.05712,1.01171,0.08544,28.71
$IMU,26853.527,-0.366,-0.122,-0.183,0.05859,1.00732,0.08789,28.71
$IMU,26853.529,-0.305,-0.122,-0.061,0.05761,1.00781,0.08544,28.71
$IMU,26853.531,-0.305,0.000,-0.122,0.05712,1.00683,0.08886,28.71
$MAG,26853.532,-0.441,-0.499,-0.670,27.6
$IMU,26853.534,-0.244,-0.061,-0.061,0.05615,1.00585,0.08691,28.75
$IMU,26853.536,-0.122,0.000,-0.183,0.05761,1.00878,0.08642,28.75
$IMU,26853.538,0.000,-0.244,-0.244,0.05566,1.00976,0.08691,28.75
$IMU,26853.541,0.000,-0.244,-0.244,0.05908,1.00732,0.08251,28.75
$MAG,26853.542,-0.432,-0.507,-0.672,27.6
$IMU,26853.543,0.000,-0.122,-0.183,0.05859,1.00683,0.08349,28.75
$IMU,26853.545,-0.061,-0.122,-0.183,0.05859,1.00976,0.08349,28.75
$IMU,26853.548,0.000,-0.061,-0.183,0.05615,1.00732,0.08496,28.75
$IMU,26853.550,-0.061,-0.061,-0.122,0.05615,1.00976,0.08447,28.75
$MAG,26853.552,-0.435,-0.507,-0.676,27.7
$IMU,26853.552,0.061,-0.061,-0.122,0.05566,1.00927,0.08203,28.73
$IMU,26853.555,0.000,-0.183,-0.183,0.05810,1.00976,0.08447,28.73
$IMU,26853.557,-0.061,-0.122,-0.244,0.05664,1.01025,0.08398,28.73
$IMU,26853.559,-0.244,0.061,-0.244,0.05761,1.01025,0.08740,28.73
$MAG,26853.562,-0.436,-0.508,-0.667,27.6
$IMU,26853.562,-0.244,-0.122,-0.183,0.05419,1.01171,0.08496,28.73
$IMU,26853.564,-0.305,-0.122,-0.183,0.05371,1.00976,0.08251,28.73
$IMU,26853.566,-0.488,-0.122,-0.183,0.06005,1.00878,0.08300,28.73
$IMU,26853.569,-0.305,-0.183,-0.183,0.05517,1.01025,0.08300,28.73
$IMU,26853.571,-0.427,0.000,-0.122,0.05761,1.01025,0.08300,28.71
$MAG,26853.572,-0.430,-0.499,-0.670,27.6
$IMU,26853.574,-0.305,-0.122,-0.183,0.05419,1.01025,0.08154,28.71
$IMU,26853.576,-0.305,-0.122,-0.244,0.05664,1.01220,0.08447,28.71
$IMU,26853.578,-0.244,-0.183,-0.305,0.05761,1.01074,0.08447,28.71
$IMU,26853.581,-0.183,-0.122,-0.183,0.05273,1.01025,0.08398,28.71
$MAG,26853.582,-0.433,-0.502,-0.667,27.6
$IMU,26853.583,-0.122,-0.061,-0.183,0.05615,1.00976,0.08496,28.71
$IMU,26853.585,-0.122,-0.061,-0.122,0.05664,1.01025,0.08496,28.71
$IMU,26853.588,-0.061,-0.122,-0.122,0.05761,1.01171,0.08496,28.71
$IMU,26853.590,-0.183,-0.122,-0.122,0.05859,1.00976,0.08398,28.78
$MAG,26853.592,-0.433,-0.504,-0.669,27.6
$IMU,26853.592,-0.183,-0.061,-0.122,0.05712,1.01025,0.08447,28.78
$IMU,26853.595,-0.244,-0.061,-0.183,0.05712,1.00878,0.08203,28.78
$IMU,26853.597,-0.183,-0.061,-0.122,0.05419,1.01123,0.08349,28.78
$IMU,26853.599,-0.244,-0.122,-0.183,0.05810,1.01074,0.08496,28.78
$MAG,26853.602,-0.429,-0.505,-0.676,27.6
$IMU,26853.602,-0.183,-0.183,-0.183,0.05761,1.00927,0.08300,28.78
$BARO,26853.604,86869.81,28.65
$IMU,26853.604,-0.122,-0.122,-0.061,0.05761,1.00976,0.08398,28.78
$IMU,26853.606,-0.122,0.000,-0.061,0.05664,1.00781,0.08349,28.78
$IMU,26853.609,-0.244,0.061,-0.061,0.05517,1.00878,0.08496,28.76
$IMU,26853.611,-0.305,-0.061,-0.122,0.05566,1.00976,0.08349,28.76
$MAG,26853.613,-0.430,-0.513,-0.669,27.6
$IMU,26853.613,-0.244,-0.122,-0.122,0.05468,1.01074,0.08593,28.76
$IMU,26853.616,-0.366,-0.122,-0.183,0.05761,1.01074,0.08398,28.76
$IMU,26853.618,-0.427,-0.122,-0.183,0.05566,1.00439,0.08154,28.76
$IMU,26853.620,-0.488,-0.061,-0.183,0.05322,1.00732,0.08300,28.76
$MAG,26853.623,-0.435,-0.504,-0.664,27.7
$IMU,26853.623,-0.488,0.061,-0.061,0.05664,1.00732,0.08105,28.76
$IMU,26853.625,-0.366,-0.183,-0.122,0.05712,1.00927,0.08642,28.76
$IMU,26853.627,-0.305,-0.183,-0.061,0.05566,1.00927,0.08496,28.73
$IMU,26853.630,-0.427,0.061,-0.122,0.05712,1.01025,0.08593,28.73
$IMU,26853.632,-0.305,-0.061,-0.183,0.05615,1.01074,0.08544,28.73
$MAG,26853.633,-0.438,-0.505,-0.666,27.7
$IMU,26853.635,-0.366,0.061,-0.183,0.05517,1.00976,0.08447,28.73
$IMU,26853.637,-0.366,-0.061,-0.183,0.05371,1.00732,0.08544,28.73
$IMU,26853.639,-0.305,-0.244,-0.183,0.05664,1.00634,0.08544,28.73
$IMU,26853.642,-0.366,-0.122,-0.122,0.05664,1.00781,0.08789,28.73
$MAG,26853.643,-0.430,-0.508,-0.667,27.7
$IMU,26853.644,-0.305,-0.061,-0.122,0.05761,1.01074,0.08789,28.73
$IMU,26853.646,-0.366,0.000,-0.122,0.05615,1.01318,0.08447,28.75
$IMU,26853.649,-0.244,0.000,-0.061,0.05664,1.00732,0.08544,28.75
$IMU,26853.651,-0.061,-0.183,-0.183,0.05761,1.00976,0.08886,28.75
$MAG,26853.653,-0.430,-0.504,-0.666,27.6
$IMU,26853.653,-0.061,-0.183,-0.122,0.05664,1.01074,0.08642,28.75
$IMU,26853.656,0.000,-0.122,-0.122,0.05224,1.00830,0.08593,28.75
$IMU,26853.658,-0.122,0.000,-0.183,0.04980,1.00488,0.08447,28.75
$IMU,26853.660,-0.061,0.000,-0.183,0.05468,1.01171,0.08398,28.75
$MAG,26853.663,-0.432,-0.502,-0.666,27.6
$IMU,26853.663,0.061,-0.061,-0.122,0.05468,1.00830,0.08496,28.75
$IMU,26853.665,0.000,-0.122,-0.183,0.05664,1.01269,0.08496,28.76
$IMU,26853.667,0.061,-0.122,-0.244,0.05810,1.01367,0.08398,28.76
$IMU,26853.670,-0.122,0.061,-0.183,0.05761,1.01220,0.08154,28.76
$IMU,26853.672,-0.122,-0.183,-0.183,0.05566,1.00585,0.08544,28.76
$MAG,26853.673,-0.436,-0.505,-0.676,27.6
$IMU,26853.674,-0.244,-0.061,-0.183,0.05761,1.00830,0.08251,28.76
$IMU,26853.677,-0.244,-0.061,-0.122,0.05615,1.01171,0.08300,28.76
$HUM,26853.678,34.0,29.1
$IMU,26853.679,-0.244,-0.061,-0.122,0.05566,1.00927,0.08154,28.76
$IMU,26853.681,-0.305,0.122,-0.183,0.05664,1.00830,0.07958,28.76
$MAG,26853.683,-0.432,-0.507,-0.667,27.6
$IMU,26853.684,-0.244,-0.183,-0.244,0.05908,1.01025,0.08105,28.72
$IMU,26853.686,-0.305,-0.244,-0.244,0.05468,1.01171,0.08593,28.72
$IMU,26853.688,-0.366,-0.122,-0.244,0.05419,1.00878,0.08203,28.72
$IMU,26853.691,-0.427,-0.122,-0.244,0.05517,1.00927,0.08447,28.72
$MAG,26853.693,-0.432,-0.499,-0.667,27.6
$IMU,26853.693,-0.488,-0.122,-0.122,0.05468,1.00732,0.08203,28.72
$IMU,26853.696,-0.549,0.000,0.000,0.05517,1.00976,0.08447,28.72
$IMU,26853.698,-0.549,-0.122,0.000,0.05468,1.00585,0.08837,28.72
$IMU,26853.700,-0.610,-0.122,-0.061,0.05664,1.00585,0.08691,28.72
$MAG,26853.703,-0.429,-0.504,-0.676,27.6
$IMU,26853.703,-0.427,-0.183,-0.122,0.05908,1.00927,0.08593,28.76
$BARO,26853.705,86859.70,28.66
$IMU,26853.705,-0.427,-0.061,-0.244,0.05712,1.00976,0.08447,28.76
$IMU,26853.707,-0.366,-0.061,-0.122,0.05810,1.00976,0.08642,28.76
$IMU,26853.710,-0.366,-0.122,-0.183,0.05419,1.00781,0.08544,28.76
$IMU,26853.712,-0.305,0.000,-0.122,0.05615,1.00976,0.08496,28.76
$MAG,26853.713,-0.438,-0.502,-0.672,27.6
$IMU,26853.714,-0.183,-0.061,-0.061,0.05859,1.00732,0.08593,28.76
$IMU,26853.717,-0.061,-0.183,0.000,0.05761,1.00683,0.08349,28.76
$IMU,26853.719,-0.183,0.061,-0.122,0.05712,1.01220,0.08496,28.76
$IMU,26853.721,-0.122,0.000,-0.244,0.05712,1.00878,0.08398,28.74
$MAG,26853.724,-0.435,-0.495,-0.666,27.6
$IMU,26853.724,-0.183,0.000,-0.244,0.05712,1.00732,0.08349,28.74
$IMU,26853.726,-0.061,-0.061,-0.244,0.05468,1.00537,0.08398,28.74
$IMU,26853.728,-0.122,-0.122,-0.244,0.05517,1.00732,0.08349,28.74
$IMU,26853.731,-0.122,-0.244,-0.183,0.05664,1.00781,0.08398,28.74
$IMU,26853.733,-0.122,-0.061,-0.061,0.05664,1.00732,0.08300,28.74
$MAG,26853.734,-0.429,-0.504,-0.667,27.6
$IMU,26853.735,-0.183,-0.061,-0.122,0.05664,1.00878,0.08447,28.74
$IMU,26853.738,-0.122,-0.122,-0.244,0.05712,1.00976,0.08349,28.74
$IMU,26853.740,-0.244,0.000,-0.244,0.05810,1.00732,0.08251,28.75
$IMU,26853.742,-0.183,0.000,-0.244,0.05810,1.00830,0.08154,28.75
$MAG,26853.744,-0.426,-0.501,-0.672,27.6
$IMU,26853.745,-0.122,-0.183,-0.244,0.05615,1.00683,0.08496,28.75
$IMU,26853.747,-0.183,-0.183,-0.183,0.05615,1.00488,0.08154,28.75
$IMU,26853.749,-0.244,-0.122,-0.061,0.05664,1.00927,0.08203,28.75
$IMU,26853.752,-0.244,0.000,-0.122,0.05908,1.00390,0.07958,28.75
$MAG,26853.754,-0.433,-0.505,-0.673,27.6
$IMU,26853.754,-0.244,-0.061,-0.183,0.05761,1.00878,0.08398,28.75
$IMU,26853.757,-0.244,-0.183,-0.183,0.05859,1.01025,0.08056,28.75
$IMU,26853.759,-0.427,0.061,-0.305,0.05712,1.00732,0.08349,28.74
$IMU,26853.761,-0.427,0.000,-0.305,0.05615,1.00976,0.08496,28.74
$MAG,26853.764,-0.436,-0.501,-0.667,27.7
$IMU,26853.764,-0.244,-0.122,-0.183,0.05419,1.01025,0.08593,28.74
$IMU,26853.766,-0.305,-0.061,-0.122,0.05566,1.01269,0.08496,28.74
$IMU,26853.768,-0.305,-0.183,-0.244,0.05810,1.00878,0.08203,28.74
$IMU,26853.771,-0.244,-0.061,-0.122,0.05664,1.01123,0.08251,28.74
$IMU,26853.773,-0.244,-0.061,-0.183,0.05810,1.01074,0.08447,28.74
$MAG,26853.774,-0.429,-0.516,-0.675,27.6
$IMU,26853.775,-0.366,-0.061,-0.305,0.05517,1.01074,0.08544,28.74
$IMU,26853.778,-0.427,0.000,-0.244,0.05761,1.00683,0.08398,28.69
$IMU,26853.780,-0.366,-0.061,-0.183,0.05712,1.01074,0.08544,28.69
$IMU,26853.782,-0.366,0.000,-0.122,0.05468,1.00927,0.08447,28.69
$MAG,26853.784,-0.429,-0.498,-0.664,27.7
$IMU,26853.785,-0.305,-0.061,-0.122,0.05615,1.00390,0.08496,28.69
$IMU,26853.787,-0.244,0.000,-0.061,0.05810,1.01123,0.08496,28.69
$IMU,26853.789,-0.244,-0.122,-0.122,0.05908,1.01123,0.08447,28.69
$IMU,26853.792,-0.305,-0.061,-0.244,0.05615,1.01025,0.08691,28.69
$IMU,26853.794,-0.366,-0.122,-0.183,0.05371,1.01416,0.08496,28.69
$MAG,26853.794,-0.432,-0.502,-0.673,27.8
$IMU,26853.796,-0.305,-0.061,-0.244,0.05615,1.00878,0.08642,28.73
$IMU,26853.799,-0.366,-0.122,-0.183,0.05419,1.00878,0.08593,28.73
$IMU,26853.801,-0.305,-0.183,-0.122,0.05419,1.00976,0.08349,28.73
$IMU,26853.803,-0.183,-0.305,-0.061,0.05761,1.00976,0.08349,28.73
$MAG,26853.804,-0.433,-0.502,-0.672,27.6
$IMU,26853.806,-0.244,-0.061,-0.061,0.05712,1.01074,0.08740,28.73
$BARO,26853.807,86878.08,28.65
$IMU,26853.808,-0.244,-0.122,-0.122,0.05761,1.00976,0.08447,28.73
$IMU,26853.810,-0.183,0.000,-0.183,0.05712,1.00830,0.08642,28.73
$IMU,26853.813,-0.183,-0.061,-0.244,0.05664,1.00927,0.08398,28.73
$MAG,26853.814,-0.436,-0.499,-0.663,27.6
$IMU,26853.815,-0.122,-0.244,-0.183,0.05566,1.00927,0.08447,28.75
$IMU,26853.818,-0.122,-0.061,-0.183,0.05371,1.00781,0.08398,28.75
$IMU,26853.820,-0.183,0.244,-0.244,0.05468,1.00683,0.08056,28.75
$IMU,26853.822,-0.122,-0.061,-0.244,0.05908,1.00781,0.08447,28.75
$MAG,26853.824,-0.427,-0.502,-0.675,27.6
$IMU,26853.825,-0.122,-0.061,-0.183,0.05566,1.00976,0.08105,28.75
$IMU,26853.827,-0.122,-0.061,-0.244,0.05615,1.00683,0.08691,28.75
$IMU,26853.829,-0.183,-0.061,-0.305,0.05566,1.00830,0.08300,28.75
$IMU,26853.832,-0.183,-0.244,-0.183,0.05322,1.00976,0.08105,28.75
$IMU,26853.834,-0.305,0.000,-0.183,0.05419,1.00781,0.08593,28.73
$MAG,26853.835,-0.432,-0.505,-0.669,27.7
$IMU,26853.836,-0.305,0.000,-0.122,0.05517,1.01025,0.08349,28.73
$IMU,26853.839,-0.366,0.061,-0.183,0.05712,1.01074,0.08398,28.73
$IMU,26853.841,-0.366,-0.122,-0.122,0.05468,1.00732,0.08740,28.73
$IMU,26853.843,-0.244,-0.183,-0.305,0.05273,1.01318,0.08251,28.73
$MAG,26853.845,-0.426,-0.511,-0.669,27.6
$IMU,26853.846,-0.305,-0.122,-0.244,0.05419,1.00927,0.08300,28.73
$IMU,26853.848,-0.427,-0.061,-0.244,0.05664,1.01123,0.08349,28.73
$IMU,26853.850,-0.366,-0.061,-0.183,0.05908,1.00927,0.08203,28.73
$IMU,26853.853,-0.366,0.061,-0.183,0.05810,1.00781,0.08300,28.76
$MAG,26853.855,-0.441,-0.499,-0.669,27.5
$IMU,26853.855,-0.366,-0.183,-0.183,0.05712,1.01025,0.08740,28.76
$IMU,26853.857,-0.366,-0.061,-0.183,0.05615,1.00732,0.08300,28.76
$IMU,26853.860,-0.366,0.000,-0.183,0.05566,1.00634,0.08593,28.76
$IMU,26853.862,-0.244,-0.122,-0.122,0.05908,1.01171,0.08447,28.76
$IMU,26853.864,-0.244,0.000,-0.061,0.05664,1.00878,0.08740,28.76
$MAG,26853.865,-0.441,-0.501,-0.669,27.6
$IMU,26853.867,-0.244,-0.061,-0.122,0.05615,1.01416,0.08691,28.76
$IMU,26853.869,-0.183,-0.061,-0.183,0.05468,1.01123,0.08691,28.76
$IMU,26853.871,-0.183,-0.061,-0.183,0.05615,1.00878,0.08691,28.71
$IMU,26853.874,-0.122,-0.061,-0.183,0.05566,1.00976,0.08544,28.71
$MAG,26853.875,-0.432,-0.505,-0.667,27.7
$IMU,26853.876,-0.183,-0.122,-0.122,0.05810,1.00732,0.08398,28.71
$IMU,26853.878,-0.183,0.000,-0.122,0.05810,1.00878,0.08300,28.71
$IMU,26853.881,-0.122,0.000,-0.183,0.05517,1.00878,0.08300,28.71
$IMU,26853.883,-0.122,-0.183,-0.244,0.05615,1.00878,0.08203,28.71
$MAG,26853.885,-0.433,-0.513,-0.670,27.7
$IMU,26853.886,-0.244,0.000,-0.183,0.05615,1.00830,0.08056,28.71
$IMU,26853.888,-0.244,0.061,-0.183,0.05615,1.01025,0.08300,28.71
$IMU,26853.890,-0.183,-0.183,-0.183,0.05810,1.00537,0.08251,28.75
$IMU,26853.893,-0.244,-0.122,-0.244,0.06005,1.01074,0.08349,28.75
$IMU,26853.895,-0.183,-0.305,-0.183,0.05761,1.01171,0.08544,28.75
$MAG,26853.895,-0.435,-0.517,-0.666,27.6
$IMU,26853.897,-0.244,-0.122,-0.183,0.05664,1.01074,0.08398,28.75
$IMU,26853.900,-0.244,-0.061,-0.122,0.05712,1.01074,0.08349,28.75
$IMU,26853.902,-0.366,0.000,-0.183,0.05517,1.00878,0.08251,28.75
$IMU,26853.904,-0.427,0.000,-0.244,0.05859,1.00683,0.08349,28.75
$MAG,26853.905,-0.426,-0.504,-0.663,27.6
$IMU,26853.907,-0.305,-0.183,-0.244,0.05615,1.00830,0.08251,28.75
$BARO,26853.908,86861.50,28.66
$IMU,26853.909,-0.366,-0.061,-0.183,0.05566,1.00781,0.08349,28.72
$IMU,26853.911,-0.427,0.000,-0.183,0.05712,1.00634,0.08154,28.72
$IMU,26853.914,-0.427,0.061,-0.244,0.05664,1.00634,0.08447,28.72
$MAG,26853.915,-0.433,-0.505,-0.673,27.6
$IMU,26853.916,-0.305,-0.061,-0.183,0.05322,1.01074,0.08251,28.72
$IMU,26853.918,-0.183,-0.183,-0.122,0.05712,1.00976,0.08544,28.72
$IMU,26853.921,-0.183,-0.061,-0.183,0.05712,1.00878,0.08203,28.72
$IMU,26853.923,-0.122,-0.061,-0.305,0.05419,1.00878,0.08300,28.72
$MAG,26853.925,-0.436,-0.507,-0.675,27.6
$IMU,26853.925,-0.183,-0.183,-0.244,0.05566,1.00878,0.08251,28.72
$IMU,26853.928,-0.183,-0.061,-0.183,0.05419,1.00781,0.08496,28.71
$IMU,26853.930,-0.122,-0.061,-0.122,0.05371,1.00927,0.08349,28.71
$IMU,26853.932,-0.061,-0.244,0.000,0.05517,1.01318,0.08349,28.71
$MAG,26853.935,-0.435,-0.498,-0.660,27.7
$IMU,26853.935,-0.122,-0.061,-0.061,0.05468,1.00634,0.08398,28.71
$IMU,26853.937,-0.122,-0.061,-0.122,0.05664,1.00781,0.08203,28.71
$IMU,26853.939,-0.183,-0.061,-0.183,0.05566,1.00976,0.08398,28.71
$IMU,26853.942,-0.183,-0.122,-0.305,0.05810,1.00927,0.08447,28.71
$IMU,26853.944,-0.183,-0.122,-0.183,0.05664,1.00878,0.08398,28.71
$MAG,26853.946,-0.426,-0.498,-0.678,27.7
$IMU,26853.947,-0.244,0.061,-0.183,0.05664,1.00781,0.08203,28.75
$IMU,26853.949,-0.244,0.000,-0.122,0.05517,1.00683,0.08300,28.75
$IMU,26853.951,-0.366,0.061,-0.122,0.05761,1.01074,0.08447,28.75
$IMU,26853.954,-0.427,0.000,-0.183,0.05859,1.00732,0.08251,28.75
$MAG,26853.956,-0.427,-0.504,-0.667,27.7
$IMU,26853.956,-0.244,-0.183,-0.183,0.05712,1.01367,0.08398,28.75
$IMU,26853.958,-0.244,-0.183,-0.244,0.05175,1.01318,0.08593,28.75
$IMU,26853.961,-0.305,-0.183,-0.305,0.05419,1.00927,0.08496,28.75
$IMU,26853.963,-0.366,-0.183,-0.244,0.05273,1.00732,0.08251,28.75
$IMU,26853.965,-0.366,0.000,-0.183,0.05419,1.00781,0.08349,28.70
$MAG,26853.966,-0.432,-0.498,-0.669,27.6
$IMU,26853.968,-0.305,-0.061,-0.061,0.05712,1.01025,0.08398,28.70
$IMU,26853.970,-0.305,-0.183,-0.061,0.05712,1.00878,0.08447,28.70
$IMU,26853.972,-0.183,-0.244,-0.122,0.05712,1.01074,0.08203,28.70
$IMU,26853.975,-0.305,-0.061,-0.183,0.05664,1.01074,0.08447,28.70
$MAG,26853.976,-0.433,-0.510,-0.675,27.7
$IMU,26853.977,-0.305,-0.122,-0.122,0.05566,1.00878,0.08398,28.70
$IMU,26853.979,-0.122,-0.061,-0.244,0.05468,1.00488,0.08398,28.70
$IMU,26853.982,-0.122,-0.061,-0.183,0.05175,1.00683,0.08496,28.70
$IMU,26853.984,-0.183,-0.122,-0.122,0.05468,1.00781,0.08496,28.73
$MAG,26853.986,-0.424,-0.511,-0.669,27.6
$IMU,26853.986,-0.183,-0.122,-0.061,0.05419,1.01318,0.08398,28.73
$IMU,26853.989,-0.183,0.000,-0.122,0.05517,1.00976,0.08349,28.73
$IMU,26853.991,-0.305,0.061,-0.183,0.05615,1.00976,0.08544,28.73
$IMU,26853.993,-0.244,-0.122,-0.244,0.05664,1.01464,0.08300,28.73
$MAG,26853.996,-0.430,-0.499,-0.669,27.7
$IMU,26853.996,-0.183,-0.183,-0.244,0.05615,1.01123,0.08496,28.73
$IMU,26853.998,-0.305,-0.061,-0.183,0.05468,1.01220,0.08251,28.73
$IMU,26854.000,-0.366,0.000,-0.061,0.05371,1.00878,0.08496,28.73
$IMU,26854.003,-0.305,-0.061,-0.061,0.05615,1.01025,0.08691,28.74
$IMU,26854.005,-0.366,0.000,0.000,0.06005,1.00976,0.08056,28.74
$MAG,26854.006,-0.427,-0.507,-0.678,27.7
$IMU,26854.008,-0.366,-0.061,-0.122,0.05957,1.00976,0.08300,28.74
$BARO,26854.010,86868.91,28.66
$IMU,26854.010,-0.305,-0.122,-0.183,0.05761,1.01171,0.08251,28.74
$IMU,26854.012,-0.305,-0.122,-0.183,0.05566,1.00781,0.08447,28.74
$IMU,26854.015,-0.305,-0.061,-0.244,0.05566,1.00634,0.08447,28.74
$MAG,26854.016,-0.432,-0.499,-0.676,27.7
$IMU,26854.017,-0.244,-0.061,-0.122,0.05615,1.00830,0.08544,28.74
$IMU,26854.019,-0.183,-0.061,-0.061,0.05761,1.00927,0.08203,28.74
$IMU,26854.022,-0.122,-0.183,-0.061,0.05712,1.00830,0.08447,28.73
$IMU,26854.024,-0.183,0.000,-0.122,0.05712,1.00634,0.08398,28.73
$MAG,26854.026,-0.436,-0.499,-0.669,27.6
$IMU,26854.026,-0.183,0.000,-0.244,0.05859,1.00732,0.08349,28.73
$IMU,26854.029,-0.183,-0.122,-0.244,0.05859,1.00683,0.08544,28.73
$IMU,26854.031,-0.122,-0.122,-0.244,0.05615,1.00634,0.08349,28.73
$IMU,26854.033,-0.244,0.000,-0.244,0.05761,1.00585,0.08349,28.73
$MAG,26854.036,-0.433,-0.514,-0.669,27.6
$IMU,26854.036,-0.122,-0.244,-0.244,0.05664,1.00634,0.08544,28.73
$IMU,26854.038,-0.183,0.000,-0.122,0.05908,1.00878,0.08251,28.73
$IMU,26854.040,-0.244,0.000,-0.122,0.05615,1.00927,0.08251,28.76
$IMU,26854.043,-0.305,-0.061,-0.183,0.05957,1.00781,0.08105,28.76
$IMU,26854.045,-0.366,-0.061,-0.183,0.05761,1.00976,0.08447,28.76
$MAG,26854.046,-0.429,-0.513,-0.673,27.7
$IMU,26854.047,-0.305,-0.122,-0.183,0.05712,1.01025,0.08593,28.76
$IMU,26854.050,-0.366,-0.061,-0.305,0.05712,1.00732,0.08593,28.76
$IMU,26854.052,-0.427,0.061,-0.183,0.05761,1.01025,0.08544,28.76
$IMU,26854.054,-0.366,0.000,-0.183,0.05908,1.00878,0.08447,28.76
$MAG,26854.056,-0.430,-0.499,-0.672,27.6
$IMU,26854.057,-0.366,-0.061,-0.061,0.05908,1.01416,0.08300,28.76
$IMU,26854.059,-0.366,0.000,-0.122,0.05371,1.01123,0.08349,28.72
$IMU,26854.061,-0.122,-0.183,-0.122,0.05566,1.01171,0.08447,28.72
$IMU,26854.064,-0.183,-0.122,-0.244,0.05712,1.00976,0.08447,28.72
$IMU,26854.066,-0.183,-0.183,-0.244,0.05712,1.01025,0.08447,28.72
$MAG,26854.067,-0.436,-0.504,-0.669,27.8
$IMU,26854.069,-0.244,0.000,-0.244,0.05615,1.01123,0.08544,28.72
$IMU,26854.071,-0.183,-0.122,-0.122,0.05566,1.00976,0.08544,28.72
$IMU,26854.073,-0.061,-0.366,-0.061,0.05371,1.00976,0.08447,28.72
$IMU,26854.076,-0.122,0.000,-0.061,0.05517,1.00976,0.08447,28.72
$MAG,26854.077,-0.436,-0.504,-0.672,27.6
$IMU,26854.078,-0.183,-0.061,-0.183,0.05517,1.00976,0.08398,28.76
$IMU,26854.080,-0.183,-0.061,-0.183,0.05761,1.00781,0.08593,28.76
$IMU,26854.083,-0.122,0.000,-0.122,0.05712,1.01025,0.08447,28.76
$IMU,26854.085,-0.122,-0.061,-0.183,0.05566,1.00683,0.08398,28.76
$MAG,26854.087,-0.429,-0.507,-0.669,27.6
$IMU,26854.087,-0.061,-0.061,-0.244,0.05371,1.00927,0.08251,28.76
$IMU,26854.090,-0.061,-0.183,-0.183,0.05371,1.01074,0.08105,28.76
$IMU,26854.092,-0.244,0.061,-0.122,0.05712,1.00781,0.08300,28.76
$IMU,26854.094,-0.305,0.000,-0.122,0.05566,1.00781,0.08496,28.76
$MAG,26854.097,-0.426,-0.505,-0.675,27.6
$IMU,26854.097,-0.244,-0.183,-0.183,0.05517,1.00830,0.08447,28.76
$IMU,26854.099,-0.305,-0.061,-0.183,0.05810,1.00830,0.08398,28.76
$IMU,26854.101,-0.305,-0.183,-0.244,0.05761,1.00927,0.08251,28.76
$IMU,26854.104,-0.427,-0.061,-0.183,0.05371,1.00927,0.08496,28.76
$IMU,26854.106,-0.366,-0.061,-0.122,0.05468,1.01025,0.08544,28.76
$MAG,26854.107,-0.433,-0.502,-0.675,27.7
$IMU,26854.108,-0.366,-0.183,-0.183,0.05566,1.01123,0.08544,28.76
$BARO,26854.111,86864.62,28.67
$IMU,26854.111,-0.488,-0.122,-0.183,0.05664,1.01074,0.08593,28.76
$IMU,26854.113,-0.366,-0.122,-0.122,0.05664,1.00927,0.08496,28.76
$IMU,26854.115,-0.427,-0.061,-0.244,0.05810,1.00781,0.08398,28.76
$MAG,26854.117,-0.438,-0.504,-0.664,27.6
$IMU,26854.118,-0.366,-0.122,-0.122,0.05224,1.00732,0.08496,28.76
$IMU,26854.120,-0.305,-0.122,-0.244,0.05517,1.00830,0.08203,28.76
$IMU,26854.122,-0.305,-0.122,-0.183,0.05615,1.00927,0.08349,28.76
$IMU,26854.125,-0.244,-0.244,-0.183,0.05810,1.01123,0.08447,28.76
$MAG,26854.127,-0.436,-0.505,-0.669,27.6
$IMU,26854.127,-0.305,0.000,-0.183,0.05712,1.01123,0.08251,28.76
$IMU,26854.130,-0.305,0.061,-0.183,0.05468,1.00878,0.08593,28.76
$IMU,26854.132,-0.183,0.000,-0.122,0.05615,1.01171,0.08593,28.76
$IMU,26854.134,-0.061,-0.061,-0.183,0.05761,1.00732,0.08398,28.72
$IMU,26854.137,0.000,-0.244,-0.244,0.05468,1.00830,0.08398,28.72
$MAG,26854.137,-0.435,-0.502,-0.667,27.7
$IMU,26854.139,-0.122,-0.061,-0.183,0.05664,1.00634,0.08496,28.72
$IMU,26854.141,0.000,-0.061,-0.183,0.05957,1.00537,0.08593,28.72
$IMU,26854.144,-0.122,-0.061,-0.183,0.05957,1.00927,0.08544,28.72
$IMU,26854.146,-0.183,-0.061,-0.183,0.05859,1.00878,0.08251,28.72
$MAG,26854.147,-0.429,-0.499,-0.675,27.6
$IMU,26854.148,-0.061,-0.061,-0.183,0.05419,1.00634,0.08593,28.72
$IMU,26854.151,-0.183,-0.122,-0.122,0.05517,1.00830,0.08642,28.72
$IMU,26854.153,-0.244,0.000,-0.244,0.05810,1.00732,0.08447,28.71
$IMU,26854.155,-0.305,0.000,-0.244,0.05859,1.00927,0.08447,28.71
$MAG,26854.157,-0.429,-0.510,-0.675,27.6
$IMU,26854.158,-0.366,0.000,-0.305,0.05517,1.01074,0.08447,28.71
$IMU,26854.160,-0.427,0.061,-0.183,0.05761,1.00830,0.08251,28.71
$IMU,26854.162,-0.366,0.000,-0.244,0.05810,1.00830,0.08251,28.71
$IMU,26854.165,-0.427,0.000,-0.183,0.05664,1.01074,0.08398,28.71
$MAG,26854.167,-0.432,-0.507,-0.669,27.6
$IMU,26854.167,-0.427,0.000,-0.244,0.05664,1.01171,0.08398,28.71
$IMU,26854.169,-0.427,0.061,-0.183,0.05615,1.01171,0.08349,28.71
$IMU,26854.172,-0.305,-0.061,-0.244,0.05761,1.00927,0.08691,28.72
$IMU,26854.174,-0.183,-0.366,-0.183,0.05712,1.00683,0.08300,28.72
$IMU,26854.176,-0.305,-0.122,-0.183,0.05371,1.00927,0.08349,28.72
$MAG,26854.178,-0.429,-0.499,-0.673,27.6
$IMU,26854.179,-0.305,0.000,-0.244,0.05322,1.00781,0.08447,28.72
$IMU,26854.181,-0.366,0.122,-0.244,0.05419,1.00781,0.08593,28.72
$IMU,26854.183,-0.305,-0.061,-0.183,0.05664,1.00976,0.08593,28.72
$IMU,26854.186,-0.183,-0.061,-0.183,0.05224,1.01074,0.08740,28.72
$MAG,26854.188,-0.426,-0.499,-0.669,27.7
$IMU,26854.188,-0.183,-0.061,-0.122,0.05664,1.00976,0.08544,28.72
$IMU,26854.191,-0.122,-0.183,-0.244,0.05810,1.00927,0.08398,28.76
$IMU,26854.193,-0.122,0.061,-0.244,0.05615,1.00927,0.08544,28.76
$IMU,26854.195,-0.061,-0.122,-0.244,0.05859,1.00830,0.08642,28.76
$VBAT,26854.195,4.122
$MAG,26854.198,-0.438,-0.507,-0.669,27.6
$IMU,26854.198,-0.122,-0.122,-0.183,0.05322,1.00683,0.08544,28.76
$IMU,26854.200,-0.061,-0.183,-0.122,0.05810,1.01123,0.08398,28.76
$IMU,26854.202,-0.061,-0.244,-0.183,0.05566,1.01025,0.08251,28.76
$IMU,26854.205,-0.244,-0.183,-0.122,0.05908,1.00830,0.08349,28.76
$IMU,26854.207,-0.244,0.000,-0.122,0.05761,1.01025,0.08203,28.76
$MAG,26854.208,-0.436,-0.502,-0.670,27.6
$IMU,26854.209,-0.244,0.000,-0.183,0.05810,1.00927,0.08251,28.75
$IMU,26854.212,-0.305,-0.183,-0.244,0.05908,1.00537,0.08154,28.75
$BARO,26854.213,86867.08,28.66
$IMU,26854.214,-0.366,-0.122,-0.183,0.05517,1.00781,0.08251,28.75
$IMU,26854.216,-0.366,-0.122,-0.183,0.05517,1.00927,0.08349,28.75
$MAG,26854.218,-0.429,-0.502,-0.673,27.6
$IMU,26854.219,-0.427,0.000,-0.183,0.05712,1.00537,0.08251,28.75
$IMU,26854.221,-0.427,0.000,-0.183,0.05712,1.00634,0.08203,28.75
$IMU,26854.223,-0.366,-0.061,-0.183,0.05712,1.00781,0.08154,28.75
$IMU,26854.226,-0.366,-0.061,-0.122,0.05566,1.01074,0.08251,28.75
$MAG,26854.228,-0.429,-0.498,-0.678,27.6
$IMU,26854.228,-0.366,0.000,-0.244,0.05810,1.01269,0.08496,28.71
$IMU,26854.230,-0.427,-0.061,-0.244,0.05517,1.00976,0.08349,28.71
$IMU,26854.233,-0.427,0.061,-0.305,0.05566,1.00976,0.08300,28.71
$IMU,26854.235,-0.305,-0.061,-0.244,0.05322,1.00927,0.08203,28.71
$IMU,26854.237,-0.305,-0.183,-0.122,0.05468,1.00878,0.08251,28.71
$MAG,26854.238,-0.430,-0.504,-0.667,27.6
$IMU,26854.240,-0.244,-0.183,-0.122,0.05761,1.01074,0.08544,28.71
$IMU,26854.242,-0.122,-0.061,-0.183,0.05761,1.01123,0.08496,28.71
$IMU,26854.244,-0.183,-0.061,-0.183,0.05712,1.01367,0.08447,28.71
$IMU,26854.247,-0.061,-0.183,-0.183,0.05468,1.00927,0.08496,28.78
$MAG,26854.248,-0.432,-0.505,-0.673,27.6
$IMU,26854.249,-0.122,-0.061,-0.244,0.05566,1.00878,0.08398,28.78
$IMU,26854.252,-0.122,-0.122,-0.183,0.05761,1.01171,0.08496,28.78
$IMU,26854.254,-0.061,-0.244,-0.122,0.05908,1.01464,0.08496,28.78
$IMU,26854.256,-0.244,0.061,-0.061,0.05712,1.01416,0.08447,28.78
$MAG,26854.258,-0.435,-0.499,-0.672,27.7
$IMU,26854.259,-0.244,-0.061,-0.183,0.05810,1.01074,0.08251,28.78
$IMU,26854.261,-0.122,-0.061,-0.183,0.05615,1.00976,0.08349,28.78
$IMU,26854.263,-0.061,-0.244,-0.183,0.05615,1.00732,0.08447,28.78
$IMU,26854.266,-0.061,-0.244,-0.244,0.05322,1.01025,0.08593,28.75
$MAG,26854.268,-0.426,-0.502,-0.664,27.6
$IMU,26854.268,-0.244,0.061,-0.183,0.05517,1.00976,0.08496,28.75
$IMU,26854.270,-0.183,-0.061,-0.061,0.05566,1.00878,0.08007,28.75
$IMU,26854.273,-0.183,-0.122,-0.061,0.05664,1.01074,0.08398,28.75
$IMU,26854.275,-0.244,-0.122,-0.061,0.05664,1.00830,0.08300,28.75
$IMU,26854.277,-0.244,-0.122,0.000,0.05371,1.01025,0.08251,28.75
$MAG,26854.278,-0.429,-0.511,-0.673,27.7
$IMU,26854.280,-0.244,0.000,-0.183,0.05957,1.01269,0.08398,28.75
$IMU,26854.282,-0.244,0.000,-0.244,0.05810,1.00537,0.08251,28.75
$IMU,26854.284,-0.305,0.000,-0.244,0.05761,1.00683,0.08251,28.74
$IMU,26854.287,-0.305,-0.183,-0.122,0.05566,1.00781,0.08203,28.74
$MAG,26854.289,-0.426,-0.505,-0.660,27.6
$IMU,26854.289,-0.244,-0.183,-0.061,0.05712,1.00732,0.08154,28.74
$IMU,26854.291,-0.305,-0.122,0.000,0.05615,1.00585,0.08349,28.74
$IMU,26854.294,-0.244,-0.183,-0.122,0.05859,1.00488,0.08349,28.74
$IMU,26854.296,-0.244,0.000,-0.122,0.05664,1.00781,0.08349,28.74
$IMU,26854.298,-0.244,-0.061,-0.183,0.05859,1.00830,0.08496,28.74
$MAG,26854.299,-0.432,-0.504,-0.663,27.6
$IMU,26854.301,-0.305,-0.061,-0.244,0.05859,1.00830,0.08496,28.74
$IMU,26854.303,-0.305,-0.061,-0.244,0.05517,1.00927,0.08398,28.71
$IMU,26854.305,-0.244,-0.122,-0.183,0.05566,1.00878,0.08300,28.71
$IMU,26854.308,-0.366,0.061,-0.122,0.05468,1.00878,0.08496,28.71
$MAG,26854.309,-0.436,-0.508,-0.675,27.6
$IMU,26854.310,-0.305,0.000,-0.061,0.05810,1.00976,0.08398,28.71
$IMU,26854.312,-0.305,-0.061,-0.183,0.05908,1.01074,0.08447,28.71
$BARO,26854.314,86862.87,28.66
$IMU,26854.315,-0.183,-0.122,-0.244,0.05468,1.01074,0.08251,28.71
$IMU,26854.317,-0.244,-0.122,-0.244,0.05712,1.01025,0.08593,28.71
$MAG,26854.319,-0.432,-0.504,-0.676,27.7
$IMU,26854.320,-0.305,-0.183,-0.244,0.05468,1.01220,0.08447,28.71
$IMU,26854.322,-0.305,0.000,-0.305,0.05615,1.00976,0.08349,28.74
$IMU,26854.324,-0.244,-0.061,-0.183,0.05908,1.01318,0.08593,28.74
$IMU,26854.327,-0.244,-0.122,-0.061,0.05517,1.00878,0.08544,28.74
$MAG,26854.329,-0.432,-0.505,-0.676,27.6
$IMU,26854.329,-0.244,0.000,-0.061,0.05664,1.01220,0.08691,28.74
$IMU,26854.331,-0.305,0.000,-0.122,0.05615,1.01025,0.08642,28.74
$IMU,26854.334,-0.244,-0.122,-0.183,0.05615,1.01123,0.08349,28.74
$IMU,26854.336,-0.183,0.000,-0.244,0.05761,1.01025,0.08544,28.74
$IMU,26854.338,-0.183,-0.183,-0.244,0.05615,1.00878,0.08349,28.74
$MAG,26854.339,-0.438,-0.501,-0.673,27.7
$IMU,26854.341,-0.183,-0.244,-0.183,0.05517,1.00683,0.08593,28.75
$IMU,26854.343,-0.183,0.000,-0.122,0.05908,1.00927,0.08496,28.75
$IMU,26854.345,-0.183,0.000,-0.122,0.05908,1.01220,0.08154,28.75
$IMU,26854.348,-0.122,-0.122,-0.183,0.05908,1.01074,0.08496,28.75
$MAG,26854.349,-0.435,-0.499,-0.672,27.6
$IMU,26854.350,-0.061,-0.122,-0.244,0.05664,1.00878,0.08544,28.75
$IMU,26854.352,-0.061,-0.122,-0.183,0.05664,1.00830,0.08300,28.75
$IMU,26854.355,0.000,-0.305,-0.244,0.05468,1.00781,0.08203,28.75
$IMU,26854.357,-0.183,-0.061,-0.244,0.05419,1.00634,0.08349,28.75
$MAG,26854.359,-0.436,-0.507,-0.675,27.7
$IMU,26854.359,-0.122,0.000,-0.122,0.05517,1.00537,0.08300,28.75
$IMU,26854.362,-0.183,-0.122,-0.183,0.05419,1.00878,0.08496,28.75
$IMU,26854.364,-0.183,-0.122,-0.183,0.05664,1.01025,0.08398,28.75
$IMU,26854.366,-0.305,-0.061,-0.183,0.05615,1.00781,0.08349,28.75
$MAG,26854.369,-0.433,-0.499,-0.675,27.6
$IMU,26854.369,-0.366,0.000,-0.244,0.05712,1.00683,0.08349,28.75
$IMU,26854.371,-0.366,0.061,-0.244,0.05322,1.00585,0.08349,28.75
$IMU,26854.373,-0.366,0.122,-0.244,0.05615,1.00830,0.08007,28.75
$IMU,26854.376,-0.366,0.061,-0.183,0.05615,1.00390,0.08105,28.75
$IMU,26854.378,-0.366,-0.061,-0.183,0.05566,1.01123,0.08300,28.77
$MAG,26854.379,-0.436,-0.510,-0.673,27.6
$IMU,26854.381,-0.366,-0.122,-0.122,0.05566,1.01025,0.08544,28.77
$IMU,26854.383,-0.488,-0.061,-0.122,0.05712,1.01074,0.08349,28.77
$IMU,26854.385,-0.427,-0.061,-0.183,0.05712,1.01318,0.08447,28.77
$IMU,26854.388,-0.488,-0.122,-0.122,0.05566,1.00683,0.08349,28.77
$IMU,26854.390,-0.366,-0.183,-0.244,0.05712,1.00781,0.08593,28.77
$MAG,26854.389,-0.435,-0.501,-0.679,27.6
$IMU,26854.392,-0.305,-0.183,-0.183,0.05566,1.00927,0.08593,28.77
$IMU,26854.395,-0.183,-0.305,-0.122,0.05322,1.00732,0.08642,28.77
$IMU,26854.397,-0.244,-0.122,-0.061,0.05371,1.00683,0.08593,28.72
$TIME,26854.399,510748.000,2399
$IMU,26854.399,-0.244,0.000,-0.122,0.05566,1.00976,0.08691,28.72
$MAG,26854.400,-0.436,-0.508,-0.672,27.6
$IMU,26854.402,-0.244,-0.122,-0.122,0.05664,1.00781,0.08447,28.72
$IMU,26854.404,-0.122,-0.122,-0.183,0.05957,1.00927,0.08203,28.72
$IMU,26854.406,-0.061,-0.183,-0.122,0.05712,1.00732,0.08398,28.72
$IMU,26854.409,-0.122,0.000,-0.183,0.05419,1.01123,0.08496,28.72
$MAG,26854.410,-0.432,-0.498,-0.663,27.6
$IMU,26854.411,-0.061,-0.183,-0.183,0.05615,1.00732,0.08251,28.72
$IMU,26854.413,-0.061,-0.061,-0.122,0.05517,1.00830,0.08154,28.72
$BARO,26854.415,86867.45,28.67
$IMU,26854.416,-0.061,-0.061,-0.183,0.05615,1.01074,0.08251,28.73
$IMU,26854.418,-0.061,-0.244,-0.244,0.05273,1.00830,0.08203,28.73
$MAG,26854.420,-0.432,-0.502,-0.676,27.7
$IMU,26854.420,-0.061,-0.183,-0.183,0.05566,1.00732,0.08593,28.73
$IMU,26854.423,-0.244,0.000,-0.183,0.05712,1.00878,0.08398,28.73
$IMU,26854.425,-0.244,-0.122,-0.183,0.05712,1.00732,0.08496,28.73
$IMU,26854.427,-0.305,-0.183,-0.244,0.05468,1.01025,0.08300,28.73
$MAG,26854.430,-0.435,-0.505,-0.673,27.7
$IMU,26854.430,-0.305,-0.122,-0.183,0.05810,1.01025,0.08349,28.73
$IMU,26854.432,-0.366,0.000,-0.244,0.05664,1.01123,0.08300,28.73
$IMU,26854.434,-0.366,-0.122,-0.122,0.05322,1.00732,0.08447,28.74
$IMU,26854.437,-0.366,-0.183,-0.061,0.05810,1.00878,0.08447,28.74
$IMU,26854.439,-0.366,-0.061,-0.183,0.05761,1.00683,0.08349,28.74
$MAG,26854.440,-0.424,-0.502,-0.672,27.7
$IMU,26854.442,-0.366,-0.183,-0.305,0.05761,1.01171,0.08398,28.74
$IMU,26854.444,-0.366,-0.122,-0.183,0.05371,1.00634,0.08593,28.74
$IMU,26854.446,-0.366,-0.061,-0.183,0.05810,1.00683,0.08544,28.74
$IMU,26854.449,-0.488,0.000,-0.244,0.05615,1.00830,0.08691,28.74
$MAG,26854.450,-0.433,-0.507,-0.667,27.6
$IMU,26854.451,-0.305,-0.122,-0.122,0.05419,1.00585,0.08544,28.74
$IMU,26854.453,-0.183,-0.183,-0.183,0.05517,1.01074,0.08398,28.75
$IMU,26854.456,-0.305,0.000,-0.183,0.05712,1.01318,0.08593,28.75
$IMU,26854.458,-0.183,-0.122,-0.122,0.05810,1.01171,0.08593,28.75
$MAG,26854.460,-0.430,-0.504,-0.667,27.6
$IMU,26854.460,-0.183,-0.183,-0.061,0.05468,1.00878,0.08398,28.75
$IMU,26854.463,-0.183,-0.122,-0.122,0.05664,1.01318,0.08496,28.75
$IMU,26854.465,-0.122,-0.122,-0.183,0.05615,1.01074,0.08251,28.75
$IMU,26854.467,-0.183,-0.061,-0.122,0.05468,1.00732,0.08300,28.75
$MAG,26854.470,-0.432,-0.504,-0.675,27.7
$IMU,26854.470,-0.183,-0.122,-0.061,0.05908,1.01074,0.08349,28.75
$IMU,26854.472,-0.244,-0.061,-0.061,0.05712,1.00976,0.08203,28.79
$IMU,26854.474,-0.122,-0.183,-0.122,0.05712,1.00976,0.08593,28.79
$IMU,26854.477,-0.122,-0.244,-0.183,0.05664,1.00830,0.08496,28.79
$IMU,26854.479,-0.244,-0.061,-0.183,0.05664,1.00830,0.08447,28.79
$MAG,26854.480,-0.432,-0.508,-0.670,27.6
$IMU,26854.481,-0.122,-0.122,-0.183,0.05859,1.01025,0.08447,28.79
$IMU,26854.484,-0.305,-0.122,-0.122,0.05517,1.00439,0.08447,28.79
$IMU,26854.486,-0.305,0.000,-0.183,0.05664,1.00878,0.08496,28.79
$IMU,26854.488,-0.366,0.061,-0.122,0.05517,1.00830,0.08544,28.79
$MAG,26854.490,-0.429,-0.504,-0.670,27.6
$IMU,26854.491,-0.244,-0.122,-0.122,0.05615,1.00781,0.08251,28.71
$IMU,26854.493,-0.305,-0.183,-0.122,0.05615,1.00634,0.08447,28.71
$IMU,26854.495,-0.244,-0.183,-0.183,0.05810,1.00781,0.07958,28.71
$IMU,26854.498,-0.305,-0.061,-0.183,0.05664,1.00634,0.08154,28.71
$MAG,26854.500,-0.433,-0.507,-0.667,27.7
$IMU,26854.500,-0.366,-0.061,-0.183,0.05566,1.01025,0.08300,28.71
$IMU,26854.503,-0.244,-0.122,-0.244,0.05712,1.01025,0.08496,28.71
$IMU,26854.505,-0.244,-0.183,-0.244,0.05908,1.00976,0.08398,28.71
$IMU,26854.507,-0.244,-0.061,-0.122,0.05664,1.01074,0.08203,28.71
$IMU,26854.510,-0.244,-0.122,-0.122,0.05517,1.01269,0.08642,28.71
$MAG,26854.511,-0.433,-0.504,-0.667,27.7
$IMU,26854.512,-0.183,0.000,-0.183,0.05615,1.00781,0.08544,28.71
$IMU,26854.514,-0.305,0.061,-0.183,0.05810,1.01025,0.08398,28.71
$BARO,26854.517,86870.47,28.67
$IMU,26854.517,-0.183,-0.122,-0.244,0.05664,1.00634,0.08544,28.71
$IMU,26854.519,-0.244,0.061,-0.244,0.05615,1.00732,0.08251,28.71
$MAG,26854.521,-0.426,-0.504,-0.667,27.6
$IMU,26854.521,-0.183,-0.122,-0.244,0.05468,1.00683,0.08496,28.71
$IMU,26854.524,-0.183,-0.061,-0.183,0.05322,1.00927,0.08447,28.71
$IMU,26854.526,-0.244,-0.122,-0.061,0.05664,1.00781,0.08251,28.71
$IMU,26854.528,-0.244,-0.183,-0.061,0.05908,1.00878,0.08544,28.74
$MAG,26854.531,-0.430,-0.508,-0.675,27.6
$IMU,26854.531,-0.244,-0.061,-0.122,0.06201,1.00830,0.08593,28.74
$IMU,26854.533,-0.305,-0.122,-0.244,0.05908,1.00732,0.08251,28.74
$IMU,26854.535,-0.244,-0.244,-0.244,0.05712,1.01074,0.08593,28.74
$IMU,26854.538,-0.305,-0.122,-0.183,0.05517,1.00830,0.08642,28.74
$IMU,26854.540,-0.305,0.000,-0.183,0.05615,1.01074,0.08496,28.74
$MAG,26854.541,-0.433,-0.507,-0.669,27.6
$IMU,26854.542,-0.366,0.000,-0.122,0.05908,1.01074,0.08496,28.74
$IMU,26854.545,-0.244,-0.061,-0.122,0.05712,1.01025,0.08593,28.74
$IMU,26854.547,-0.244,-0.061,-0.122,0.05712,1.01171,0.08544,28.75
$IMU,26854.549,-0.183,-0.061,-0.183,0.05761,1.00927,0.08398,28.75
$MAG,26854.551,-0.436,-0.505,-0.670,27.6
$IMU,26854.552,-0.244,0.000,-0.244,0.05664,1.00830,0.08447,28.75
$IMU,26854.554,-0.244,0.061,-0.244,0.05712,1.00683,0.08447,28.75
$IMU,26854.556,-0.183,0.000,-0.244,0.05224,1.01123,0.08349,28.75
$IMU,26854.559,-0.122,-0.183,-0.183,0.05468,1.00830,0.08398,28.75
$MAG,26854.561,-0.429,-0.498,-0.667,27.6
$IMU,26854.561,-0.183,-0.061,-0.122,0.05566,1.00732,0.08447,28.75
$IMU,26854.564,-0.305,-0.061,-0.061,0.05468,1.00683,0.08691,28.75
$IMU,26854.566,-0.305,-0.061,-0.122,0.05517,1.00878,0.08496,28.77
$IMU,26854.568,-0.244,-0.122,-0.061,0.05664,1.00830,0.08203,28.77
$MAG,26854.571,-0.444,-0.511,-0.666,27.7
$IMU,26854.571,-0.244,-0.122,-0.244,0.05273,1.00781,0.08056,28.77
$IMU,26854.573,-0.244,-0.244,-0.244,0.05615,1.00830,0.08056,28.77
$IMU,26854.575,-0.183,-0.183,-0.122,0.05566,1.00781,0.08544,28.77
$IMU,26854.578,-0.305,0.000,-0.061,0.05664,1.00976,0.08642,28.77
$IMU,26854.580,-0.244,-0.122,0.000,0.05615,1.00927,0.08740,28.77
$MAG,26854.581,-0.432,-0.504,-0.675,27.6
$IMU,26854.582,-0.183,-0.122,-0.122,0.05957,1.00781,0.08740,28.77
$IMU,26854.585,-0.244,-0.061,-0.183,0.05664,1.00732,0.08300,28.76
$IMU,26854.587,-0.244,-0.122,-0.244,0.05371,1.01171,0.08349,28.76
$IMU,26854.589,-0.244,0.000,-0.244,0.05664,1.00634,0.08496,28.76
$MAG,26854.591,-0.438,-0.505,-0.673,27.8
$IMU,26854.592,-0.244,-0.061,-0.244,0.05517,1.01074,0.08300,28.76
$IMU,26854.594,-0.305,-0.061,-0.244,0.05371,1.00683,0.08691,28.76
$IMU,26854.596,-0.244,0.000,-0.122,0.05371,1.00830,0.08447,28.76
$IMU,26854.599,-0.183,-0.061,-0.061,0.05664,1.01123,0.08056,28.76
$MAG,26854.601,-0.429,-0.498,-0.667,27.7
$IMU,26854.601,-0.244,0.000,-0.122,0.05810,1.01123,0.08496,28.76
$IMU,26854.603,-0.305,-0.122,-0.244,0.05859,1.01171,0.08642,28.73
$IMU,26854.606,-0.244,-0.061,-0.183,0.05761,1.00878,0.08251,28.73
$IMU,26854.608,-0.305,-0.061,-0.183,0.05712,1.00830,0.08398,28.73
$IMU,26854.610,-0.244,-0.183,-0.183,0.05566,1.01025,0.08349,28.73
$MAG,26854.611,-0.435,-0.507,-0.673,27.7
$IMU,26854.613,-0.244,-0.122,-0.122,0.05761,1.01074,0.08447,28.73
$IMU,26854.615,-0.244,-0.122,-0.061,0.05468,1.01123,0.08251,28.73
$IMU,26854.617,-0.122,-0.183,-0.061,0.05761,1.00927,0.08447,28.73
$BARO,26854.618,86866.04,28.67
$IMU,26854.620,-0.183,-0.122,-0.183,0.05615,1.00732,0.08251,28.73
$MAG,26854.622,-0.433,-0.511,-0.670,27.6
$IMU,26854.622,-0.183,-0.061,-0.244,0.05615,1.01074,0.08398,28.74
$IMU,26854.625,-0.122,-0.183,-0.244,0.05517,1.01123,0.08447,28.74
$IMU,26854.627,-0.061,-0.244,-0.183,0.05322,1.00781,0.08349,28.74
$IMU,26854.629,-0.122,0.000,-0.244,0.05712,1.01269,0.08447,28.74
$MAG,26854.632,-0.429,-0.501,-0.669,27.6
$IMU,26854.632,-0.122,-0.244,-0.122,0.05615,1.01171,0.08300,28.74
$IMU,26854.634,-0.122,-0.244,-0.061,0.05566,1.01171,0.08593,28.74
$IMU,26854.636,-0.183,0.061,-0.183,0.05810,1.00927,0.08251,28.74
$IMU,26854.639,-0.305,0.000,-0.244,0.05761,1.00976,0.08154,28.74
$IMU,26854.641,-0.305,-0.122,-0.244,0.05712,1.00683,0.08544,28.76
$MAG,26854.642,-0.436,-0.513,-0.672,27.7
$IMU,26854.643,-0.305,-0.061,-0.244,0.05908,1.00976,0.08837,28.76
$IMU,26854.646,-0.305,-0.244,-0.244,0.05224,1.01074,0.08447,28.76
$IMU,26854.648,-0.305,-0.183,-0.122,0.05615,1.00878,0.08398,28.76
$IMU,26854.650,-0.244,-0.061,-0.061,0.05664,1.00878,0.08593,28.76
$MAG,26854.652,-0.435,-0.508,-0.675,27.7
$IMU,26854.653,-0.305,-0.122,-0.122,0.05517,1.00830,0.08496,28.76
$IMU,26854.655,-0.427,-0.061,-0.183,0.05761,1.00976,0.08447,28.76
$IMU,26854.657,-0.305,0.000,-0.183,0.05712,1.00683,0.08447,28.76
$IMU,26854.660,-0.305,-0.122,-0.244,0.05615,1.00732,0.08447,28.75
$MAG,26854.662,-0.433,-0.505,-0.658,27.6
$IMU,26854.662,-0.366,-0.122,-0.183,0.05712,1.00439,0.08544,28.75
$IMU,26854.664,-0.366,0.000,-0.061,0.05761,1.01123,0.08447,28.75
$IMU,26854.667,-0.305,0.000,-0.183,0.05468,1.01025,0.08398,28.75
$IMU,26854.669,-0.183,-0.183,-0.183,0.05908,1.00732,0.08300,28.75
$IMU,26854.671,-0.183,-0.061,-0.122,0.05664,1.00634,0.08496,28.75
$MAG,26854.672,-0.424,-0.501,-0.667,27.6
$IMU,26854.674,-0.183,-0.061,-0.122,0.05615,1.00732,0.08496,28.75
$IMU,26854.676,-0.122,-0.183,-0.244,0.05810,1.01367,0.08593,28.75
$IMU,26854.678,-0.183,0.061,-0.183,0.05322,1.00732,0.08056,28.72
$IMU,26854.681,-0.183,0.000,-0.183,0.05615,1.00927,0.08300,28.72
$MAG,26854.682,-0.426,-0.496,-0.672,27.7
$IMU,26854.683,-0.183,-0.061,-0.183,0.05712,1.00878,0.08398,28.72
$IMU,26854.685,-0.244,-0.122,-0.061,0.05859,1.00634,0.08300,28.72
$IMU,26854.688,-0.244,-0.061,-0.122,0.05810,1.00781,0.08447,28.72
$IMU,26854.690,-0.244,-0.061,-0.122,0.05859,1.00683,0.08398,28.72
$MAG,26854.692,-0.432,-0.502,-0.667,27.6
$IMU,26854.693,-0.305,0.000,-0.244,0.05664,1.00976,0.08300,28.72
$HUM,26854.694,34.0,29.1
$IMU,26854.695,-0.366,0.000,-0.183,0.05615,1.01025,0.08349,28.72
$IMU,26854.697,-0.183,-0.122,-0.244,0.05664,1.01123,0.08544,28.76
$IMU,26854.700,-0.122,-0.305,-0.183,0.05517,1.00732,0.08447,28.76
$MAG,26854.702,-0.427,-0.504,-0.667,27.7
$IMU,26854.702,-0.244,-0.122,-0.183,0.05566,1.00537,0.08544,28.76
$IMU,26854.704,-0.305,-0.061,-0.061,0.05468,1.00732,0.08300,28.76
$IMU,26854.707,-0.305,0.000,-0.183,0.05566,1.00830,0.08349,28.76
$IMU,26854.709,-0.244,-0.061,-0.183,0.05664,1.01025,0.08349,28.76
$IMU,26854.711,-0.183,-0.244,-0.244,0.05761,1.01025,0.08642,28.76
$MAG,26854.712,-0.433,-0.498,-0.672,27.8
$IMU,26854.714,-0.183,-0.183,-0.183,0.05419,1.01171,0.08593,28.76
$IMU,26854.716,-0.183,-0.122,-0.244,0.05419,1.01123,0.08105,28.75
$IMU,26854.718,-0.305,0.061,-0.244,0.05566,1.01171,0.08496,28.75
$BARO,26854.720,86862.40,28.67
$IMU,26854.721,-0.183,0.061,-0.244,0.05664,1.00781,0.08544,28.75
$MAG,26854.723,-0.429,-0.501,-0.672,27.6
$IMU,26854.723,-0.122,-0.122,-0.183,0.05273,1.01123,0.08691,28.75
$IMU,26854.725,-0.183,-0.061,-0.122,0.05468,1.01123,0.08349,28.75
$IMU,26854.728,-0.183,0.000,-0.183,0.05615,1.01367,0.08349,28.75
$IMU,26854.730,-0.244,0.122,-0.183,0.05517,1.00927,0.08398,28.75
$IMU,26854.732,-0.305,0.000,-0.183,0.05566,1.01074,0.08447,28.75
$MAG,26854.733,-0.430,-0.502,-0.664,27.6
$IMU,26854.735,-0.305,-0.122,-0.244,0.05371,1.00878,0.08349,28.77
$IMU,26854.737,-0.183,-0.183,-0.244,0.05664,1.00732,0.08300,28.77
$IMU,26854.739,-0.183,-0.244,-0.183,0.05712,1.00976,0.08398,28.77
$IMU,26854.742,-0.244,-0.061,-0.122,0.05664,1.00878,0.08642,28.77
$MAG,26854.743,-0.436,-0.504,-0.675,27.6
$IMU,26854.744,-0.244,-0.061,-0.061,0.05908,1.01074,0.08496,28.77
$IMU,26854.746,-0.244,-0.122,-0.122,0.05908,1.00927,0.08447,28.77
$IMU,26854.749,-0.305,-0.061,-0.122,0.05761,1.01269,0.08593,28.77
$IMU,26854.751,-0.244,-0.183,-0.183,0.05761,1.00830,0.08447,28.77
$MAG,26854.753,-0.435,-0.511,-0.667,27.7
$IMU,26854.754,-0.244,-0.122,-0.183,0.05810,1.00732,0.08398,28.71
$IMU,26854.756,-0.244,-0.183,-0.183,0.05371,1.00927,0.08447,28.71
$IMU,26854.758,-0.427,0.061,-0.183,0.05664,1.01171,0.08447,28.71
$IMU,26854.761,-0.366,0.000,-0.183,0.05810,1.00634,0.08203,28.71
$MAG,26854.763,-0.433,-0.502,-0.670,27.7
$IMU,26854.763,-0.366,-0.122,-0.183,0.05664,1.00732,0.08251,28.71
$IMU,26854.765,-0.366,-0.061,-0.122,0.05419,1.01025,0.08544,28.71
$IMU,26854.768,-0.366,-0.061,-0.183,0.05761,1.00585,0.08007,28.71
$IMU,26854.770,-0.366,0.000,-0.183,0.05859,1.00488,0.08496,28.71
$IMU,26854.772,-0.305,-0.244,-0.183,0.05419,1.00927,0.08349,28.75
$MAG,26854.773,-0.433,-0.504,-0.669,27.6
$IMU,26854.775,-0.366,0.000,-0.183,0.05615,1.00732,0.08544,28.75
$IMU,26854.777,-0.305,-0.061,-0.122,0.05517,1.00732,0.08447,28.75
$IMU,26854.779,-0.305,0.000,-0.061,0.06054,1.00585,0.08642,28.75
$IMU,26854.782,-0.183,0.000,-0.305,0.06738,1.00927,0.09033,28.75
$MAG,26854.783,-0.429,-0.504,-0.667,27.7
$IMU,26854.784,0.122,-0.183,-0.732,0.06835,1.00878,0.09472,28.75
$IMU,26854.786,0.610,-0.061,-1.159,0.06591,1.00683,0.09570,28.75
$IMU,26854.789,1.159,-0.244,-1.342,0.06152,1.00195,0.09667,28.75
$IMU,26854.791,1.831,-0.122,-1.281,0.05468,0.99755,0.09667,28.80
$MAG,26854.793,-0.430,-0.505,-0.669,27.6
$IMU,26854.793,2.380,0.000,-1.098,0.05615,1.00244,0.09716,28.80
$IMU,26854.796,3.051,-0.061,-0.915,0.05859,1.00390,0.09570,28.80
$IMU,26854.798,3.662,-0.122,-1.220,0.06494,1.00878,0.09375,28.80
$IMU,26854.800,4.211,0.000,-1.708,0.06347,1.00634,0.09375,28.80
$MAG,26854.803,-0.435,-0.505,-0.672,27.6
$IMU,26854.803,4.821,-0.122,-2.197,0.06103,1.00781,0.09375,28.80
$IMU,26854.805,5.432,0.000,-2.441,0.05908,1.00683,0.09619,28.80
$IMU,26854.807,6.164,-0.061,-2.624,0.05517,1.00927,0.09521,28.80
$IMU,26854.810,6.835,-0.122,-2.441,0.05273,1.00390,0.09667,28.78
$IMU,26854.812,7.629,-0.122,-2.380,0.05566,1.00634,0.09765,28.78
$MAG,26854.813,-0.430,-0.499,-0.672,27.7
$IMU,26854.815,8.300,-0.122,-2.258,0.06054,1.01074,0.09667,28.78
$IMU,26854.817,8.911,-0.122,-2.502,0.06298,1.00830,0.09863,28.78
$IMU,26854.819,9.704,-0.061,-2.868,0.06005,1.00927,0.09814,28.78
$BARO,26854.821,86866.43,28.67
$IMU,26854.822,10.559,-0.061,-3.356,0.06152,1.00585,0.09521,28.78
$MAG,26854.823,-0.429,-0.501,-0.666,27.7
$IMU,26854.824,11.474,-0.122,-3.601,0.05957,1.00732,0.09716,28.78
$IMU,26854.826,12.512,-0.305,-3.784,0.05859,1.00146,0.09472,28.78
$IMU,26854.829,13.549,-0.305,-3.906,0.05712,1.00439,0.09375,28.76
$IMU,26854.831,14.465,-0.244,-4.028,0.05810,1.00585,0.08935,28.76
$MAG,26854.833,-0.429,-0.502,-0.661,27.7
$IMU,26854.833,15.258,-0.244,-4.211,0.06103,1.01025,0.08398,28.76
$IMU,26854.836,15.808,-0.366,-4.577,0.06103,1.00927,0.08398,28.76
$IMU,26854.838,16.296,-0.366,-5.004,0.06005,1.01171,0.07861,28.76
$IMU,26854.840,16.540,-0.366,-5.310,0.05957,1.01025,0.07617,28.76
$IMU,26854.843,16.601,-0.305,-5.615,0.05175,1.01074,0.07763,28.76
$MAG,26854.844,-0.433,-0.508,-0.673,27.7
$IMU,26854.845,16.784,-0.305,-5.554,0.05419,1.00830,0.07617,28.76
$IMU,26854.847,16.784,-0.305,-5.432,0.04980,1.00830,0.07275,28.75
$IMU,26854.850,16.845,-0.366,-5.187,0.04882,1.00781,0.07080,28.75
$IMU,26854.852,16.723,-0.366,-4.943,0.04736,1.00781,0.06738,28.75
$MAG,26854.854,-0.432,-0.508,-0.661,27.7
$IMU,26854.854,16.601,-0.305,-4.760,0.05078,1.00830,0.06250,28.75
$IMU,26854.857,16.174,-0.122,-4.699,0.04785,1.01318,0.06152,28.75
$IMU,26854.859,15.625,0.000,-4.638,0.04785,1.01123,0.06005,28.75
$IMU,26854.861,15.075,-0.183,-4.455,0.04785,1.01757,0.05322,28.75
$MAG,26854.864,-0.423,-0.510,-0.658,27.7
$IMU,26854.864,13.916,-0.244,-4.089,0.04296,1.01562,0.04345,28.75
$IMU,26854.866,11.962,-0.244,-3.540,0.04052,1.02099,0.02978,28.76
$IMU,26854.868,9.521,-0.427,-2.868,0.03906,1.01855,0.02050,28.76
$IMU,26854.871,6.591,-0.366,-2.075,0.03759,1.02050,0.01464,28.76
$IMU,26854.873,3.479,-0.488,-1.403,0.03906,1.02294,0.01269,28.76
$MAG,26854.874,-0.430,-0.514,-0.655,27.7
$IMU,26854.876,0.488,-0.488,-0.671,0.03955,1.02148,0.01708,28.76
$IMU,26854.878,-2.136,-0.488,-0.061,0.03906,1.02001,0.01513,28.76
$IMU,26854.880,-4.577,-0.244,0.488,0.03710,1.02197,0.02050,28.76
$IMU,26854.883,-6.408,-0.122,1.281,0.02099,1.01464,0.02832,28.76
$MAG,26854.884,-0.432,-0.510,-0.652,27.7
$IMU,26854.885,-7.812,-0.122,2.563,0.00927,1.00781,0.02929,28.75
$IMU,26854.887,-9.338,-0.183,3.967,0.01416,1.00683,0.03125,28.75
$IMU,26854.890,-10.742,-0.366,4.943,0.03125,1.01123,0.03955,28.75
$IMU,26854.892,-11.840,-0.549,5.310,0.04833,1.02441,0.05371,28.75
$MAG,26854.894,-0.423,-0.507,-0.658,27.6
$IMU,26854.894,-12.756,-0.427,5.004,0.05615,1.02880,0.06005,28.75
$IMU,26854.897,-13.427,-0.305,4.577,0.05664,1.02636,0.06494,28.75
$IMU,26854.899,-13.671,-0.366,4.272,0.05371,1.02880,0.06982,28.75
$IMU,26854.901,-13.366,-0.427,4.211,0.04394,1.02490,0.07617,28.75
$MAG,26854.904,-0.433,-0.511,-0.663,27.7
$IMU,26854.904,-12.695,-0.305,4.455,0.04443,1.02148,0.07666,28.75
$IMU,26854.906,-11.840,-0.122,4.760,0.04541,1.01806,0.07519,28.75
$IMU,26854.908,-10.864,-0.061,4.943,0.04736,1.01562,0.07714,28.75
$IMU,26854.911,-10.009,0.122,5.004,0.04931,1.01855,0.07568,28.75
$IMU,26854.913,-9.277,0.000,4.882,0.05029,1.01660,0.07617,28.75
$MAG,26854.914,-0.430,-0.511,-0.667,27.7
$IMU,26854.915,-8.728,-0.061,4.699,0.05371,1.01708,0.07568,28.75
$IMU,26854.918,-8.605,-0.061,4.455,0.05517,1.01464,0.07666,28.75
$IMU,26854.920,-8.605,0.000,4.272,0.05566,1.01171,0.07910,28.75
$IMU,26854.922,-8.544,0.000,4.272,0.05566,1.01123,0.08007,28.72
$BARO,26854.923,86860.75,28.67
$MAG,26854.924,-0.429,-0.508,-0.663,27.7
$IMU,26854.925,-8.666,0.122,4.211,0.05908,1.00781,0.07958,28.72
$IMU,26854.927,-8.544,-0.122,3.967,0.06445,1.00683,0.08154,28.72
$IMU,26854.929,-8.422,0.183,3.845,0.06591,1.00976,0.08154,28.72
$IMU,26854.932,-8.178,-0.061,3.723,0.06201,1.00634,0.08056,28.72
$MAG,26854.934,-0.430,-0.511,-0.663,27.6
$IMU,26854.934,-8.178,0.244,3.540,0.06445,1.00585,0.08203,28.72
$IMU,26854.937,-7.873,0.183,3.173,0.06591,1.00146,0.08203,28.72
$IMU,26854.939,-7.385,0.000,2.868,0.06396,0.99902,0.08642,28.72
$IMU,26854.941,-7.080,0.061,2.502,0.06445,0.99707,0.09033,28.71
$MAG,26854.944,-0.429,-0.508,-0.666,27.6
$IMU,26854.944,-6.652,0.000,2.136,0.06689,0.99707,0.09472,28.71
$IMU,26854.946,-6.042,0.000,1.892,0.06396,0.99609,0.09277,28.71
$IMU,26854.948,-5.493,-0.122,1.647,0.06542,0.99755,0.09667,28.71
$IMU,26854.951,-4.943,0.000,1.403,0.06542,1.00341,0.09326,28.71
$IMU,26854.953,-4.394,-0.061,1.220,0.06787,1.00048,0.09277,28.71
$MAG,26854.955,-0.427,-0.502,-0.664,27.6
$IMU,26854.955,-3.906,-0.244,0.976,0.06347,1.00292,0.09472,28.71
$IMU,26854.958,-3.540,-0.122,0.854,0.06445,1.00048,0.09277,28.71
$IMU,26854.960,-3.173,-0.061,0.549,0.06054,1.00195,0.09179,28.76
$IMU,26854.962,-2.563,-0.183,0.366,0.06152,1.00048,0.09130,28.76
$MAG,26854.965,-0.438,-0.516,-0.672,27.6
$IMU,26854.965,-2.075,-0.122,0.122,0.06103,0.99755,0.09082,28.76
$IMU,26854.967,-1.464,-0.244,-0.183,0.06005,0.99414,0.08886,28.76
$IMU,26854.969,-0.976,-0.244,-0.305,0.06152,0.99121,0.09082,28.76
$IMU,26854.972,-0.366,-0.244,-0.549,0.06054,0.99169,0.09082,28.76
$IMU,26854.974,0.305,-0.244,-0.793,0.06347,0.99169,0.08935,28.76
$MAG,26854.975,-0.432,-0.505,-0.670,27.6
$IMU,26854.976,0.854,-0.244,-1.037,0.06445,0.99902,0.08642,28.76
$IMU,26854.979,1.403,-0.366,-1.281,0.06250,1.00292,0.08642,28.73
$IMU,26854.981,1.770,-0.244,-1.403,0.05761,1.00537,0.08203,28.73
$IMU,26854.983,2.197,-0.122,-1.464,0.06250,1.00732,0.08105,28.73
$MAG,26854.985,-0.435,-0.502,-0.663,27.7
$IMU,26854.986,2.685,-0.244,-1.464,0.05859,1.01123,0.07763,28.73
$IMU,26854.988,2.807,-0.183,-1.403,0.05224,1.01660,0.07666,28.73
$IMU,26854.990,2.868,-0.122,-1.403,0.05224,1.01708,0.07080,28.73
$IMU,26854.993,2.685,-0.183,-1.342,0.05078,1.01953,0.06787,28.73
$MAG,26854.995,-0.438,-0.507,-0.657,27.7
$IMU,26854.995,2.136,0.000,-1.159,0.04980,1.02050,0.06689,28.73
$IMU,26854.998,1.464,-0.061,-0.976,0.04638,1.01855,0.06250,28.76
$IMU,26855.000,0.793,-0.305,-0.671,0.04833,1.02294,0.06347,28.76
$IMU,26855.002,0.061,-0.305,-0.549,0.04833,1.02490,0.06542,28.76
$MAG,26855.005,-0.433,-0.507,-0.670,27.6
$IMU,26855.005,-0.732,-0.305,-0.183,0.04638,1.02294,0.07031,28.76
$IMU,26855.007,-1.342,-0.305,0.183,0.04736,1.02734,0.06835,28.76
$IMU,26855.009,-2.075,-0.244,0.427,0.04687,1.02636,0.06298,28.76
$IMU,26855.012,-2.746,-0.183,0.732,0.04980,1.02783,0.06396,28.76
$IMU,26855.014,-3.295,-0.244,0.976,0.05078,1.02832,0.06005,28.76
$MAG,26855.015,-0.424,-0.513,-0.666,27.7
$IMU,26855.016,-3.967,-0.183,1.159,0.05175,1.02490,0.05908,28.72
$IMU,26855.019,-4.821,-0.244,1.403,0.04833,1.02441,0.05957,28.72
$IMU,26855.021,-5.676,-0.183,1.586,0.05224,1.01953,0.05957,28.72
$IMU,26855.023,-6.530,-0.183,1.892,0.04687,1.01855,0.06152,28.72
$BARO,26855.024,86863.21,28.67
$MAG,26855.025,-0.433,-0.504,-0.673,27.8
$IMU,26855.026,-7.507,-0.122,2.197,0.04931,1.01611,0.06445,28.72
$IMU,26855.028,-8.361,-0.183,2.563,0.04638,1.01318,0.06347,28.72
$IMU,26855.030,-9.216,-0.244,2.929,0.04931,1.01416,0.06347,28.72
$IMU,26855.033,-10.009,-0.366,3.173,0.04931,1.01171,0.06396,28.72
$MAG,26855.035,-0.427,-0.510,-0.661,27.7
$IMU,26855.035,-10.925,-0.061,3.479,0.05078,1.01611,0.06738,28.75
$IMU,26855.037,-11.474,-0.244,3.601,0.05468,1.01416,0.07080,28.75
$IMU,26855.040,-12.084,-0.366,3.662,0.05517,1.01660,0.07128,28.75
$IMU,26855.042,-12.512,-0.366,3.601,0.05712,1.02148,0.07714,28.75
$IMU,26855.044,-12.268,-0.305,3.173,0.05664,1.02148,0.08935,28.75
$MAG,26855.045,-0.433,-0.501,-0.666,27.6
$IMU,26855.047,-11.352,-0.610,2.563,0.04882,1.01562,0.09765,28.75
$IMU,26855.049,-9.948,-1.464,1.525,0.00830,1.02441,0.10205,28.75
$IMU,26855.051,-8.605,-3.234,-0.488,-0.03857,1.02636,0.10156,28.75
$IMU,26855.054,-7.324,-5.371,-2.014,-0.05273,1.01806,0.09472,28.73
$MAG,26855.055,-0.433,-0.513,-0.669,27.6
$IMU,26855.056,-6.225,-6.774,-1.098,0.00781,0.99462,0.08251,28.73
$IMU,26855.059,-6.591,-5.981,2.685,0.04638,0.99511,0.08203,28.73
$IMU,26855.061,-7.873,-4.333,3.906,0.00292,1.03613,0.06250,28.73
$IMU,26855.063,-9.460,-3.723,0.854,0.00048,1.04248,0.04541,28.73
$MAG,26855.065,-0.426,-0.496,-0.667,27.7
$IMU,26855.066,-10.131,-2.685,-1.342,0.01220,1.02148,0.04589,28.73
$IMU,26855.068,-10.803,-0.427,-1.281,0.06933,0.97802,0.05029,28.73
$IMU,26855.070,-11.779,0.915,1.159,0.05566,0.96875,0.04736,28.73
$IMU,26855.073,-11.718,2.014,2.075,0.03027,0.98583,0.05859,28.76
$IMU,26855.075,-10.986,3.356,1.525,0.02929,1.00537,0.07617,28.76
$MAG,26855.076,-0.445,-0.514,-0.682,27.7
$IMU,26855.077,-9.582,4.455,0.000,0.03710,1.01269,0.08105,28.76
$IMU,26855.080,-8.178,5.432,-1.892,0.01562,1.00390,0.09228,28.76
$IMU,26855.082,-7.019,5.432,-1.892,0.06201,0.96386,0.09423,28.76
$IMU,26855.084,-6.103,5.371,1.586,0.06640,0.97363,0.09179,28.76
$MAG,26855.086,-0.432,-0.504,-0.678,27.6
$IMU,26855.087,-5.615,5.554,1.831,0.04101,1.00830,0.08984,28.76
$IMU,26855.089,-4.211,6.103,-0.854,0.06152,0.99951,0.08496,28.76
$IMU,26855.091,-2.929,5.615,-1.525,0.05859,0.97802,0.06933,28.75
$IMU,26855.094,-2.441,4.028,-0.915,0.12011,0.97216,0.10449,28.75
$MAG,26855.096,-0.432,-0.499,-0.672,27.7
$IMU,26855.096,-4.699,2.258,1.953,0.13134,0.98095,0.11718,28.75
$IMU,26855.098,-6.286,1.464,2.014,0.09375,1.00683,0.11669,28.75
$IMU,26855.101,-6.286,1.098,0.244,0.09277,1.00781,0.11962,28.75
$IMU,26855.103,-5.310,1.464,-1.098,0.09228,1.00781,0.11816,28.75
$IMU,26855.105,-3.906,1.953,-2.075,0.09912,0.98925,0.12548,28.75
$MAG,26855.106,-0.438,-0.499,-0.667,27.7
$IMU,26855.108,-3.295,1.953,-0.549,0.10693,0.97314,0.13818,28.75
$IMU,26855.110,-3.173,1.953,2.075,0.10888,0.98730,0.13818,28.78
$IMU,26855.112,-2.319,2.319,2.258,0.09423,1.02246,0.13330,28.78
$IMU,26855.115,-0.793,2.807,-0.427,0.08251,1.02880,0.12597,28.78
$MAG,26855.116,-0.439,-0.499,-0.672,27.6
$IMU,26855.117,0.549,2.990,-1.525,0.12695,0.99121,0.13330,28.78
$IMU,26855.119,0.488,2.502,0.732,0.12353,0.98779,0.12451,28.78
$IMU,26855.122,0.427,2.075,1.403,0.09912,1.00048,0.12353,28.78
$IMU,26855.124,0.793,1.464,0.793,0.09179,1.00341,0.12207,28.78
$BARO,26855.125,86865.01,28.67
$MAG,26855.126,-0.433,-0.507,-0.672,27.6
$IMU,26855.127,1.647,1.159,0.366,0.08349,1.00683,0.11572,28.78
$IMU,26855.129,2.685,1.403,-0.610,0.07861,1.01416,0.11425,28.73
$IMU,26855.131,3.540,1.953,-1.525,0.06933,1.00781,0.10937,28.73
$IMU,26855.134,4.272,1.892,-1.159,0.05957,1.00390,0.10058,28.73
$IMU,26855.136,4.394,1.525,-0.366,0.06298,1.01806,0.09716,28.73
$MAG,26855.136,-0.438,-0.501,-0.673,27.7
$IMU,26855.138,4.394,1.342,-0.427,0.07324,1.02343,0.09814,28.73
$IMU,26855.141,4.516,1.403,-1.037,0.07177,1.01757,0.09130,28.73
$IMU,26855.143,4.638,1.770,-1.525,0.06787,1.00634,0.08593,28.73
$IMU,26855.145,4.577,2.258,-1.770,0.06542,1.00927,0.08642,28.73
$MAG,26855.146,-0.430,-0.510,-0.675,27.6
$IMU,26855.148,4.150,2.075,-1.953,0.05664,1.00732,0.08886,28.74
$IMU,26855.150,3.356,1.220,-1.770,0.05175,0.99902,0.08886,28.74
$IMU,26855.152,2.624,0.000,-1.525,0.05126,1.00097,0.09277,28.74
$IMU,26855.155,2.685,-0.427,-1.220,0.05371,1.01269,0.09863,28.74
$MAG,26855.156,-0.432,-0.505,-0.667,27.6
$IMU,26855.157,2.807,-0.427,-1.037,0.05468,1.01806,0.09521,28.74
$IMU,26855.159,2.929,-0.488,-0.915,0.05175,1.01757,0.09667,28.74
$IMU,26855.162,3.112,-0.427,-0.793,0.05224,1.01904,0.09570,28.74
$IMU,26855.164,3.540,-0.549,-0.671,0.05322,1.02050,0.09960,28.74
$MAG,26855.166,-0.430,-0.496,-0.667,27.6
$IMU,26855.166,3.906,-0.549,-0.610,0.05029,1.01757,0.09570,28.79
$IMU,26855.169,4.272,-0.732,-0.488,0.05419,1.01806,0.09814,28.79
$IMU,26855.171,4.455,-0.793,-0.366,0.05273,1.01757,0.09521,28.79
$IMU,26855.173,4.638,-0.732,-0.244,0.05517,1.01757,0.09570,28.79
$MAG,26855.176,-0.441,-0.504,-0.678,27.6
$IMU,26855.176,4.699,-0.671,-0.183,0.05615,1.02099,0.09375,28.79
$IMU,26855.178,4.943,-0.854,-0.122,0.05322,1.02294,0.09375,28.79
$IMU,26855.180,5.249,-0.976,0.061,0.05566,1.02197,0.08789,28.79
$IMU,26855.183,5.554,-1.159,0.122,0.05029,1.02148,0.08544,28.79
$IMU,26855.185,5.615,-1.281,0.183,0.05029,1.01562,0.08398,28.74
$MAG,26855.187,-0.435,-0.504,-0.670,27.6
$IMU,26855.188,5.371,-1.342,0.183,0.05615,1.01806,0.07470,28.74
$IMU,26855.190,4.882,-2.075,0.183,0.05664,1.01513,0.07470,28.74
$IMU,26855.192,3.906,-3.112,0.244,0.05859,1.01660,0.07861,28.74
$IMU,26855.195,3.173,-4.760,0.305,0.06152,1.01611,0.07373,28.74
$VBAT,26855.196,4.134
$MAG,26855.197,-0.435,-0.511,-0.667,27.6
$IMU,26855.197,2.563,-5.371,0.305,0.05957,1.01757,0.08056,28.74
$IMU,26855.199,2.380,-4.882,0.244,0.06152,1.01757,0.08154,28.74
$IMU,26855.202,2.441,-4.577,0.122,0.06103,1.01416,0.08251,28.74
$IMU,26855.204,2.685,-3.784,-0.061,0.05957,1.01074,0.08105,28.78
$IMU,26855.206,3.417,-2.014,0.000,0.05761,1.01269,0.08251,28.78
$MAG,26855.207,-0.432,-0.510,-0.664,27.7
$IMU,26855.209,4.089,-0.305,0.061,0.05517,1.01611,0.08154,28.78
$IMU,26855.211,4.211,0.244,0.244,0.05419,1.01855,0.08105,28.78
$IMU,26855.213,4.089,0.061,0.183,0.05908,1.01806,0.08593,28.78
$IMU,26855.216,4.028,0.183,0.122,0.06298,1.02148,0.08789,28.78
$MAG,26855.217,-0.432,-0.510,-0.667,27.7
$IMU,26855.218,4.150,0.000,-0.122,0.06542,1.02050,0.09375,28.78
$IMU,26855.220,4.333,-0.061,-0.305,0.06542,1.01953,0.09228,28.78
$IMU,26855.223,4.516,-0.244,-0.610,0.06347,1.01464,0.09472,28.79
$IMU,26855.225,4.882,-0.366,-0.610,0.06250,1.01562,0.09570,28.79
$BARO,26855.227,86865.99,28.67
$MAG,26855.227,-0.439,-0.505,-0.666,27.6
$IMU,26855.227,5.432,-0.427,-0.610,0.06005,1.01464,0.10009,28.79
$IMU,26855.230,5.981,-0.671,-0.549,0.05273,1.01416,0.09912,28.79
$IMU,26855.232,6.164,-1.281,-0.427,0.04882,1.01904,0.09277,28.79
$IMU,26855.234,5.981,-2.868,-0.305,0.04931,1.01806,0.08691,28.79
$MAG,26855.237,-0.436,-0.501,-0.664,27.6
$IMU,26855.237,5.432,-4.943,-0.061,0.04785,1.02050,0.08593,28.79
$IMU,26855.239,4.699,-6.408,0.122,0.04882,1.02294,0.08398,28.79
$IMU,26855.241,4.150,-7.995,0.244,0.05078,1.02246,0.08496,28.78
$IMU,26855.244,3.601,-8.972,0.488,0.04638,1.01562,0.08300,28.78
$IMU,26855.246,3.540,-9.399,0.854,0.04541,1.01269,0.08447,28.78
$MAG,26855.247,-0.432,-0.502,-0.670,27.6
$IMU,26855.249,3.601,-9.155,1.586,0.04589,1.01220,0.08691,28.78
$IMU,26855.251,3.906,-8.850,2.441,0.03857,1.00878,0.08398,28.78
$IMU,26855.253,4.150,-7.934,3.295,0.03759,1.00927,0.08007,28.78
$IMU,26855.256,4.211,-6.835,3.906,0.02050,1.01220,0.07958,28.78
$MAG,26855.257,-0.432,-0.499,-0.661,27.7
$IMU,26855.258,3.540,-5.310,2.868,-0.02539,1.02832,0.08642,28.78
$IMU,26855.260,2.014,-3.112,-0.732,-0.03759,1.02636,0.08496,28.79
$IMU,26855.263,0.061,0.061,-4.638,-0.01708,1.01074,0.07617,28.79
$IMU,26855.265,-2.380,3.906,-7.751,-0.01953,1.00830,0.07861,28.79
$MAG,26855.267,-0.429,-0.499,-0.678,27.6
$IMU,26855.267,-5.310,8.300,-9.948,0.01513,0.98876,0.05078,28.79
$IMU,26855.270,-6.347,10.742,-5.065,0.06396,0.95410,0.00830,28.79
$IMU,26855.272,-6.225,10.314,3.234,0.03613,0.96289,-0.00244,28.79
$IMU,26855.274,-7.446,9.216,4.882,0.02929,0.99658,0.01904,28.79
$MAG,26855.277,-0.435,-0.508,-0.669,27.7
$IMU,26855.277,-9.704,7.873,4.211,0.08056,1.01123,0.02636,28.79
$IMU,26855.279,-11.169,6.164,4.333,0.06689,1.04003,0.03710,28.75
$IMU,26855.281,-12.145,5.126,1.403,0.05419,1.04882,0.06640,28.75
$IMU,26855.284,-13.000,4.577,-2.197,0.06787,1.00097,0.07568,28.75
$IMU,26855.286,-11.840,3.356,-2.197,0.08789,0.95751,0.07373,28.75
$MAG,26855.287,-0.436,-0.499,-0.669,27.8
$IMU,26855.288,-9.338,1.342,0.610,0.09423,0.97265,0.08300,28.75
$IMU,26855.291,-7.690,-1.159,2.502,0.10009,1.01416,0.08886,28.75
$IMU,26855.293,-7.141,-3.662,1.953,0.09326,1.04003,0.09863,28.75
$IMU,26855.295,-7.080,-5.798,0.671,0.10205,1.04150,0.10546,28.75
$MAG,26855.297,-0.435,-0.504,-0.676,27.6
$IMU,26855.298,-6.713,-7.202,-0.427,0.10839,1.04248,0.10644,28.72
$IMU,26855.300,-5.798,-8.361,-1.037,0.11718,1.04248,0.10986,28.72
$IMU,26855.302,-4.150,-9.277,-0.671,0.11523,1.03222,0.10595,28.72
$IMU,26855.305,-1.586,-9.765,0.366,0.10546,1.03125,0.09667,28.72
$IMU,26855.307,1.464,-10.681,0.793,0.09033,1.04003,0.09863,28.72
$MAG,26855.308,-0.439,-0.504,-0.670,27.6
$IMU,26855.310,3.479,-11.535,0.305,0.07910,1.05712,0.10058,28.72
$IMU,26855.312,4.638,-12.023,-0.549,0.07617,1.06640,0.09912,28.72
$IMU,26855.314,6.042,-12.512,-1.220,0.07128,1.06250,0.07812,28.72
$IMU,26855.317,7.751,-13.793,-1.586,0.05371,1.06396,0.07470,28.70
$MAG,26855.318,-0.427,-0.496,-0.672,27.7
$IMU,26855.319,9.155,-16.174,-2.258,0.05419,1.05029,0.07421,28.70
$IMU,26855.321,10.803,-18.127,-3.051,0.05126,1.04345,0.08105,28.70
$IMU,26855.324,12.451,-19.958,-4.394,0.05615,1.03857,0.08447,28.70
$IMU,26855.326,14.221,-21.179,-6.591,0.03417,1.02734,0.08447,28.70
$BARO,26855.328,86861.55,28.67
$MAG,26855.328,-0.432,-0.502,-0.673,27.8
$IMU,26855.328,16.418,-22.521,-10.742,0.02880,1.04052,0.08691,28.70
$IMU,26855.331,18.554,-23.132,-15.136,0.03173,1.04589,0.09228,28.70
$IMU,26855.333,20.019,-23.132,-19.958,0.03710,1.05029,0.09716,28.70
$IMU,26855.335,20.935,-23.010,-24.902,0.05371,1.06201,0.10009,28.76
$MAG,26855.338,-0.436,-0.502,-0.673,27.7
$IMU,26855.338,21.118,-22.216,-28.808,0.06152,1.07666,0.09472,28.76
$IMU,26855.340,20.202,-20.568,-32.592,0.06738,1.08691,0.08691,28.76
$IMU,26855.342,18.737,-19.226,-35.949,0.06982,1.08837,0.07861,28.76
$IMU,26855.345,16.845,-18.127,-39.672,0.07128,1.09667,0.07324,28.76
$IMU,26855.347,14.648,-17.333,-42.419,0.07421,1.09863,0.06689,28.76
$MAG,26855.348,-0.430,-0.508,-0.670,27.7
$IMU,26855.349,12.390,-17.456,-44.555,0.08251,1.10546,0.05908,28.76
$IMU,26855.352,10.070,-17.639,-45.349,0.09912,1.10986,0.05273,28.76
$IMU,26855.354,7.934,-18.493,-45.715,0.10937,1.11035,0.04492,28.79
$IMU,26855.356,6.042,-19.653,-45.349,0.12011,1.12158,0.04101,28.79
$MAG,26855.358,-0.427,-0.505,-0.663,27.6
$IMU,26855.359,4.455,-21.118,-43.823,0.14501,1.13574,0.03466,28.79
$IMU,26855.361,3.417,-22.277,-41.870,0.15820,1.14404,0.03515,28.79
$IMU,26855.363,2.624,-22.583,-39.306,0.17089,1.15966,0.03320,28.79
$IMU,26855.366,2.319,-22.216,-35.888,0.18115,1.17773,0.02929,28.79
$MAG,26855.368,-0.421,-0.507,-0.669,27.6
$IMU,26855.368,2.258,-20.874,-31.616,0.19433,1.19970,0.02636,28.79
$IMU,26855.371,2.319,-18.920,-27.282,0.18359,1.20654,0.02978,28.79
$IMU,26855.373,2.258,-16.479,-22.460,0.20263,1.23583,0.02734,28.80
$IMU,26855.375,1.708,-12.390,-15.869,0.20849,1.25439,0.02880,28.80
$MAG,26855.378,-0.412,-0.511,-0.663,27.6
$IMU,26855.378,0.305,-8.056,-10.192,0.14550,1.23291,0.04296,28.80
$IMU,26855.380,-1.220,-5.920,-7.568,0.09423,1.20312,0.06396,28.80
$IMU,26855.382,-1.831,-5.920,-6.835,0.08544,1.19189,0.08837,28.80
$IMU,26855.385,-2.014,-6.042,-6.164,0.10058,1.19677,0.10156,28.80
$IMU,26855.387,-2.319,-5.249,-5.065,0.11914,1.20703,0.10937,28.80
$MAG,26855.388,-0.430,-0.511,-0.663,27.7
$IMU,26855.389,-3.295,-3.479,-3.967,0.13378,1.22070,0.10888,28.80
$IMU,26855.392,-4.882,-1.403,-3.234,0.13720,1.22998,0.10205,28.79
$IMU,26855.394,-6.835,0.732,-2.868,0.14404,1.24218,0.10009,28.79
$IMU,26855.396,-8.789,2.685,-2.624,0.14550,1.24853,0.09716,28.79
$MAG,26855.398,-0.426,-0.513,-0.669,27.7
$TIME,26855.399,510749.000,2399
$IMU,26855.399,-10.803,4.272,-2.441,0.15185,1.25634,0.09472,28.79
$IMU,26855.401,-12.756,5.615,-2.197,0.15332,1.26123,0.09228,28.79
$IMU,26855.403,-14.465,6.408,-1.892,0.15722,1.27001,0.09082,28.79
$IMU,26855.406,-15.869,6.225,-1.647,0.16650,1.27783,0.08740,28.79
$IMU,26855.408,-17.272,5.432,-1.647,0.17089,1.28857,0.08203,28.79
$MAG,26855.409,-0.421,-0.504,-0.670,27.6
$IMU,26855.410,-18.554,3.662,-1.770,0.18115,1.28955,0.07568,28.77
$IMU,26855.413,-19.592,0.854,-2.136,0.18359,1.30078,0.06933,28.77
$IMU,26855.415,-20.812,-2.441,-2.746,0.19189,1.29736,0.07128,28.77
$IMU,26855.417,-21.911,-6.164,-3.662,0.18164,1.29638,0.07080,28.77
$MAG,26855.419,-0.411,-0.511,-0.664,27.6
$IMU,26855.420,-23.010,-10.131,-4.821,0.16748,1.28906,0.07470,28.77
$IMU,26855.422,-24.047,-13.977,-6.408,0.15087,1.27636,0.07421,28.77
$IMU,26855.424,-25.085,-17.456,-7.873,0.13818,1.25878,0.07421,28.77
$IMU,26855.427,-26.123,-20.629,-8.850,0.11474,1.23925,0.06933,28.77
$MAG,26855.429,-0.424,-0.508,-0.673,27.7
$IMU,26855.429,-27.099,-23.803,-9.155,0.09130,1.21679,0.06347,28.78
$BARO,26855.430,86865.11,28.68
$IMU,26855.432,-27.893,-27.282,-8.850,0.06396,1.19824,0.06005,28.78
$IMU,26855.434,-28.625,-31.250,-7.629,0.04931,1.18994,0.05712,28.78
$IMU,26855.436,-29.113,-35.156,-5.859,0.03027,1.18359,0.05517,28.78
$MAG,26855.439,-0.421,-0.501,-0.670,27.7
$IMU,26855.439,-29.724,-38.635,-3.784,0.01464,1.17822,0.05664,28.78
$IMU,26855.441,-30.273,-41.748,-1.647,0.00390,1.17871,0.05761,28.78
$IMU,26855.443,-31.005,-43.457,0.488,-0.00195,1.17968,0.06152,28.78
$IMU,26855.446,-31.860,-44.189,2.319,-0.00341,1.17333,0.06835,28.78
$IMU,26855.448,-32.653,-44.799,3.723,-0.00830,1.16894,0.07373,28.73
$MAG,26855.449,-0.423,-0.498,-0.679,27.7
$IMU,26855.450,-33.447,-44.128,4.577,-0.01074,1.15917,0.08007,28.73
$IMU,26855.453,-34.118,-42.785,4.943,-0.01171,1.14550,0.08837,28.73
$IMU,26855.455,-34.484,-40.893,4.821,-0.00976,1.12451,0.09570,28.73
$IMU,26855.457,-34.606,-38.146,4.455,-0.00537,1.10693,0.09960,28.73
$MAG,26855.459,-0.435,-0.499,-0.684,27.7
$IMU,26855.460,-34.545,-34.973,3.845,0.00390,1.08398,0.10546,28.73
$IMU,26855.462,-33.935,-32.043,3.051,0.00976,1.06640,0.10644,28.73
$IMU,26855.464,-33.142,-29.174,2.258,0.01269,1.04931,0.10644,28.73
$IMU,26855.467,-32.287,-26.184,1.464,0.01611,1.03417,0.10498,28.73
$MAG,26855.469,-0.438,-0.504,-0.685,27.7
$IMU,26855.469,-31.250,-23.498,0.976,0.02343,1.02343,0.10351,28.73
$IMU,26855.471,-30.212,-20.996,0.854,0.02734,1.00878,0.09960,28.73
$IMU,26855.474,-29.052,-19.165,0.854,0.02978,1.00634,0.09863,28.73
$IMU,26855.476,-28.015,-17.883,0.915,0.03808,1.00830,0.09179,28.73
$IMU,26855.478,-27.099,-17.089,1.220,0.04589,1.01171,0.08447,28.73
$MAG,26855.479,-0.432,-0.502,-0.690,27.6
$IMU,26855.481,-26.550,-16.357,1.464,0.05712,1.02294,0.06982,28.73
$IMU,26855.483,-26.367,-16.357,1.647,0.06396,1.03955,0.05566,28.73
$IMU,26855.485,-26.184,-17.333,1.586,0.07373,1.04736,0.05126,28.78
$IMU,26855.488,-26.062,-18.798,1.586,0.07812,1.05859,0.04833,28.78
$MAG,26855.489,-0.435,-0.496,-0.679,27.7
$IMU,26855.490,-25.878,-20.324,1.892,0.07275,1.06933,0.04785,28.78
$IMU,26855.493,-25.817,-21.423,2.563,0.06445,1.07958,0.05322,28.78
$IMU,26855.495,-25.939,-21.423,4.028,0.04687,1.08642,0.05859,28.78
$IMU,26855.497,-26.550,-19.470,6.103,0.03955,1.09912,0.06640,28.78
$MAG,26855.499,-0.436,-0.490,-0.684,27.6
$IMU,26855.500,-27.282,-16.357,8.544,0.02685,1.10595,0.07324,28.78
$IMU,26855.502,-28.259,-12.145,10.803,0.01904,1.10986,0.07568,28.78
$IMU,26855.504,-29.113,-7.629,12.817,0.01757,1.11376,0.08203,28.78
$IMU,26855.507,-29.541,-3.234,14.465,0.02734,1.12500,0.09277,28.78
$MAG,26855.509,-0.429,-0.504,-0.684,27.7
$IMU,26855.509,-29.602,0.915,15.563,0.04248,1.13671,0.09667,28.78
$IMU,26855.511,-29.602,4.638,16.357,0.06494,1.14892,0.09863,28.78
$IMU,26855.514,-29.663,8.666,16.845,0.08789,1.16503,0.10009,28.78
$IMU,26855.516,-29.785,12.695,16.967,0.10595,1.17675,0.09765,28.78
$IMU,26855.518,-29.785,15.686,16.845,0.12353,1.18359,0.10009,28.78
$MAG,26855.520,-0.435,-0.501,-0.694,27.7
$IMU,26855.521,-29.418,17.517,16.601,0.14111,1.18603,0.11279,28.78
$IMU,26855.523,-28.686,18.371,16.357,0.15673,1.18994,0.13378,28.75
$IMU,26855.525,-27.770,18.432,16.540,0.16406,1.19140,0.16259,28.75
$IMU,26855.528,-26.733,18.249,17.211,0.18017,1.19775,0.19335,28.75
$MAG,26855.530,-0.435,-0.493,-0.693,27.7
$IMU,26855.530,-26.123,18.676,18.493,0.19384,1.20507,0.22021,28.75
$BARO,26855.531,86865.45,28.68
$IMU,26855.532,-26.062,19.042,20.202,0.20947,1.21093,0.23486,28.75
$IMU,26855.535,-26.489,19.165,22.460,0.22900,1.21630,0.24902,28.75
$IMU,26855.537,-27.221,19.042,24.902,0.25488,1.21728,0.25634,28.75
$IMU,26855.539,-28.564,18.920,27.038,0.27783,1.21191,0.25683,28.75
$MAG,26855.540,-0.435,-0.490,-0.696,27.7
$IMU,26855.542,-29.968,18.676,28.503,0.29882,1.20312,0.25292,28.80
$IMU,26855.544,-31.433,18.310,29.113,0.31640,1.18847,0.24511,28.80
$IMU,26855.546,-32.714,17.883,29.235,0.33203,1.16943,0.24609,28.80
$IMU,26855.549,-33.386,16.906,29.174,0.33935,1.14062,0.24755,28.80
$MAG,26855.550,-0.435,-0.490,-0.699,27.6
$IMU,26855.551,-33.691,16.418,29.418,0.34912,1.12939,0.25439,28.80
$IMU,26855.553,-33.508,15.930,30.212,0.34863,1.11767,0.26123,28.80
$IMU,26855.556,-33.203,15.686,31.311,0.34912,1.11572,0.27001,28.80
$IMU,26855.558,-32.531,16.052,32.104,0.34179,1.12597,0.27441,28.80
$MAG,26855.560,-0.444,-0.492,-0.702,27.7
$IMU,26855.561,-31.799,17.211,32.409,0.31689,1.12353,0.27978,28.78
$IMU,26855.563,-30.273,17.822,31.555,0.28808,1.11767,0.28857,28.78
$IMU,26855.565,-28.259,17.700,30.090,0.25439,1.10742,0.30029,28.78
$IMU,26855.568,-26.062,17.517,28.442,0.23193,1.10058,0.30712,28.78
$MAG,26855.570,-0.439,-0.486,-0.703,27.6
$IMU,26855.570,-24.353,17.944,26.611,0.20996,1.09814,0.30859,28.78
$IMU,26855.572,-22.949,18.371,24.780,0.19677,1.09716,0.31542,28.78
$IMU,26855.575,-22.338,18.493,23.254,0.18310,1.09619,0.31054,28.78
$IMU,26855.577,-22.644,18.920,22.155,0.17675,1.09472,0.30615,28.78
$IMU,26855.579,-23.437,19.287,21.423,0.16601,1.08105,0.30273,28.75
$MAG,26855.580,-0.442,-0.484,-0.697,27.6
$IMU,26855.582,-24.536,19.836,20.935,0.15673,1.07275,0.29785,28.75
$IMU,26855.584,-25.878,21.118,20.751,0.15087,1.05517,0.28808,28.75
$IMU,26855.586,-27.404,23.315,21.057,0.14257,1.03710,0.27636,28.75
$IMU,26855.589,-28.503,25.939,21.789,0.12988,1.02636,0.26367,28.75
$MAG,26855.590,-0.450,-0.486,-0.709,27.6
$IMU,26855.591,-29.052,28.564,22.888,0.14306,1.01416,0.25097,28.75
$IMU,26855.593,-29.968,31.555,25.085,0.17285,0.98632,0.25878,28.75
$IMU,26855.596,-32.165,33.508,28.808,0.19482,0.97265,0.25000,28.75
$IMU,26855.598,-35.095,33.386,32.592,0.20996,0.98828,0.24414,28.77
$MAG,26855.600,-0.441,-0.484,-0.712,27.7
$IMU,26855.600,-38.330,31.677,35.705,0.21630,1.00097,0.24218,28.77
$IMU,26855.603,-41.076,29.235,38.146,0.22070,1.00927,0.24169,28.77
$IMU,26855.605,-42.724,26.794,40.161,0.21337,1.00878,0.23681,28.77
$IMU,26855.607,-42.785,24.780,41.748,0.19726,1.00732,0.22314,28.77
$MAG,26855.610,-0.445,-0.474,-0.717,27.6
$IMU,26855.610,-41.137,23.559,42.602,0.17089,0.99853,0.20703,28.77
$IMU,26855.612,-37.780,23.254,43.334,0.14550,0.99804,0.18457,28.77
$IMU,26855.614,-33.386,23.498,44.128,0.12304,0.99609,0.15673,28.77
$IMU,26855.617,-28.747,24.291,45.043,0.09814,0.99804,0.13232,28.77
$IMU,26855.619,-24.719,25.207,45.837,0.06933,1.00927,0.11572,28.77
$MAG,26855.620,-0.444,-0.477,-0.715,27.6
$IMU,26855.622,-21.728,26.000,46.203,0.03466,1.02587,0.10888,28.77
$IMU,26855.624,-20.141,26.916,46.264,0.01562,1.04638,0.10791,28.77
$IMU,26855.626,-20.080,28.137,45.776,0.00244,1.06787,0.11523,28.77
$IMU,26855.629,-21.179,29.479,44.799,-0.00439,1.08789,0.11718,28.77
$MAG,26855.631,-0.448,-0.478,-0.715,27.6
$IMU,26855.631,-22.949,31.433,43.395,-0.00683,1.10058,0.11914,28.77
$BARO,26855.633,86859.72,28.67
$IMU,26855.633,-24.780,33.630,41.809,-0.01513,1.10742,0.11914,28.77
$IMU,26855.636,-26.000,35.888,40.405,-0.01416,1.10888,0.12207,28.73
$IMU,26855.638,-26.123,37.719,39.733,-0.00830,1.11425,0.13330,28.73
$IMU,26855.640,-25.085,38.818,39.489,-0.00048,1.11035,0.15820,28.73
$MAG,26855.641,-0.459,-0.471,-0.723,27.7
$IMU,26855.643,-23.071,39.062,39.672,0.01171,1.10400,0.19042,28.73
$IMU,26855.645,-20.751,38.757,40.222,0.03710,1.09814,0.22119,28.73
$IMU,26855.647,-18.676,38.330,41.320,0.07177,1.08789,0.24755,28.73
$IMU,26855.650,-17.272,37.963,43.090,0.11376,1.07763,0.26416,28.73
$MAG,26855.651,-0.451,-0.460,-0.720,27.6
$IMU,26855.652,-16.662,37.475,45.654,0.14355,1.06201,0.27099,28.73
$IMU,26855.654,-16.479,36.804,48.828,0.17041,1.03662,0.28613,28.76
$IMU,26855.657,-16.235,35.827,52.368,0.18945,1.00781,0.30859,28.76
$IMU,26855.659,-15.563,34.912,55.908,0.20263,0.97509,0.32812,28.76
$MAG,26855.661,-0.466,-0.471,-0.729,27.6
$IMU,26855.661,-14.587,34.545,59.020,0.21044,0.95654,0.34521,28.76
$IMU,26855.664,-13.244,34.912,61.828,0.20947,0.93701,0.35058,28.76
$IMU,26855.666,-11.718,35.461,63.842,0.19921,0.92431,0.35644,28.76
$IMU,26855.668,-10.314,35.827,64.880,0.18847,0.90771,0.35839,28.76
$MAG,26855.671,-0.457,-0.462,-0.732,27.6
$IMU,26855.671,-9.277,35.949,64.880,0.17675,0.90234,0.35302,28.76
$IMU,26855.673,-8.972,36.254,63.781,0.16748,0.89648,0.34472,28.76
$IMU,26855.675,-9.704,36.865,61.767,0.16455,0.89746,0.33935,28.76
$IMU,26855.678,-10.986,37.475,58.776,0.16748,0.90087,0.33154,28.76
$IMU,26855.680,-12.634,38.574,55.480,0.17871,0.91162,0.32421,28.76
$MAG,26855.681,-0.466,-0.456,-0.726,27.6
$IMU,26855.683,-14.099,39.672,52.124,0.18017,0.91503,0.31542,28.76
$IMU,26855.685,-14.587,40.466,48.706,0.18994,0.91650,0.31542,28.76
$IMU,26855.687,-13.977,41.076,45.532,0.20068,0.91699,0.31787,28.76
$IMU,26855.690,-12.756,41.992,42.663,0.20312,0.91943,0.32080,28.76
$MAG,26855.691,-0.456,-0.460,-0.730,27.7
$IMU,26855.692,-11.230,43.334,39.978,0.20458,0.91894,0.31982,28.76
$IMU,26855.694,-9.521,44.677,37.536,0.19824,0.91748,0.31152,28.76
$IMU,26855.697,-8.056,46.203,35.400,0.18652,0.91259,0.30371,28.76
$IMU,26855.699,-6.652,47.241,33.264,0.17578,0.89990,0.30468,28.76
$MAG,26855.701,-0.451,-0.451,-0.736,27.7
$IMU,26855.701,-5.187,47.363,31.433,0.16699,0.88818,0.31347,28.76
$IMU,26855.704,-3.784,46.508,29.968,0.15673,0.88134,0.33007,28.76
$IMU,26855.706,-2.685,45.104,29.174,0.14599,0.87548,0.34423,28.76
$IMU,26855.708,-2.014,43.457,29.052,0.13476,0.87597,0.35693,28.76
$HUM,26855.710,34.1,29.1
$MAG,26855.711,-0.457,-0.460,-0.730,27.6
$IMU,26855.711,-1.647,41.503,29.541,0.12304,0.88232,0.36376,28.78
$IMU,26855.713,-1.831,39.489,30.395,0.11865,0.88378,0.36376,28.78
$IMU,26855.715,-2.624,37.597,31.433,0.11718,0.88574,0.35742,28.78
$IMU,26855.718,-3.906,35.766,32.714,0.11669,0.88281,0.34472,28.78
$IMU,26855.720,-5.371,33.874,34.057,0.11474,0.87841,0.32958,28.78
$MAG,26855.721,-0.460,-0.457,-0.732,27.6
$IMU,26855.722,-6.713,31.494,35.278,0.10595,0.87304,0.31298,28.78
$IMU,26855.725,-7.324,28.564,36.560,0.10449,0.87060,0.30175,28.78
$IMU,26855.727,-7.629,25.512,38.024,0.09863,0.87695,0.28906,28.78
$IMU,26855.729,-7.812,23.071,39.489,0.09765,0.88867,0.27197,28.72
$MAG,26855.731,-0.451,-0.459,-0.736,27.7
$IMU,26855.732,-7.751,21.423,40.710,0.09228,0.90283,0.26074,28.72
$BARO,26855.734,86859.02,28.68
$IMU,26855.734,-7.385,20.019,41.442,0.07910,0.90820,0.25390,28.72
$IMU,26855.736,-7.080,19.409,41.442,0.07519,0.91308,0.25195,28.72
$IMU,26855.739,-6.774,19.409,40.710,0.07519,0.92431,0.26025,28.72
$IMU,26855.741,-6.713,20.080,39.184,0.07812,0.93359,0.26416,28.72
$MAG,26855.742,-0.469,-0.457,-0.738,27.7
$IMU,26855.744,-7.385,21.728,36.987,0.09912,0.93847,0.26611,28.72
$IMU,26855.746,-8.178,23.925,34.667,0.11865,0.93701,0.25878,28.72
$IMU,26855.748,-9.216,26.184,32.287,0.14453,0.92822,0.25292,28.78
$IMU,26855.751,-9.826,27.770,30.090,0.17089,0.91455,0.24755,28.78
$MAG,26855.752,-0.462,-0.456,-0.744,27.7
$IMU,26855.753,-10.498,29.541,28.259,0.18554,0.90332,0.24121,28.78
$IMU,26855.755,-11.230,32.043,27.099,0.19775,0.89404,0.22998,28.78
$IMU,26855.758,-11.474,34.912,26.367,0.19287,0.88867,0.22363,28.78
$IMU,26855.760,-11.413,38.513,25.817,0.17480,0.87890,0.22412,28.78
$MAG,26855.762,-0.469,-0.451,-0.747,27.7
$IMU,26855.762,-10.559,41.992,24.963,0.15039,0.87304,0.24072,28.78
$IMU,26855.765,-9.399,45.410,24.047,0.12451,0.87500,0.26416,28.78
$IMU,26855.767,-8.544,48.583,22.888,0.10351,0.88281,0.28808,28.75
$IMU,26855.769,-8.300,51.330,21.789,0.09960,0.90332,0.31884,28.75
$MAG,26855.772,-0.462,-0.447,-0.736,27.6
$IMU,26855.772,-9.033,53.588,20.751,0.10156,0.91894,0.34130,28.75
$IMU,26855.774,-10.437,54.504,19.531,0.11523,0.93310,0.35400,28.75
$IMU,26855.776,-12.451,54.382,18.493,0.12744,0.94042,0.35986,28.75
$IMU,26855.779,-14.465,52.978,17.578,0.13623,0.94775,0.35546,28.75
$IMU,26855.781,-16.113,50.842,16.906,0.14062,0.94531,0.34423,28.75
$MAG,26855.782,-0.468,-0.453,-0.745,27.7
$IMU,26855.783,-17.089,48.706,16.174,0.13671,0.92871,0.32421,28.75
$IMU,26855.786,-17.272,46.569,15.686,0.12548,0.91503,0.30566,28.78
$IMU,26855.788,-17.028,44.982,14.831,0.11474,0.90136,0.29541,28.78
$IMU,26855.790,-16.601,44.128,13.793,0.11035,0.89697,0.29199,28.78
$IMU,26855.793,-16.784,44.677,12.451,0.10546,0.89550,0.29589,28.78
$MAG,26855.792,-0.457,-0.451,-0.751,27.6
$IMU,26855.795,-17.395,45.471,11.230,0.10888,0.89746,0.29687,28.78
$IMU,26855.797,-18.371,46.569,10.192,0.11132,0.89550,0.30175,28.78
$IMU,26855.800,-19.714,47.973,9.643,0.11523,0.88525,0.30273,28.78
$MAG,26855.802,-0.453,-0.445,-0.744,27.6
$IMU,26855.802,-20.874,49.194,9.643,0.11572,0.88037,0.30029,28.78
$IMU,26855.805,-21.728,50.292,9.826,0.11718,0.87597,0.29687,28.75
$IMU,26855.807,-22.094,50.476,10.070,0.12255,0.86572,0.29394,28.75
$IMU,26855.809,-22.094,50.354,10.009,0.13134,0.85351,0.28759,28.75
$MAG,26855.812,-0.444,-0.442,-0.753,27.6
$IMU,26855.812,-21.850,49.377,9.887,0.13769,0.84521,0.27636,28.75
$IMU,26855.814,-21.545,47.668,9.826,0.13964,0.83105,0.26025,28.75
$IMU,26855.816,-20.996,45.410,9.460,0.14013,0.81542,0.23925,28.75
$IMU,26855.819,-20.568,43.579,9.033,0.13476,0.78515,0.20263,28.75
$IMU,26855.821,-20.080,41.992,9.033,0.11621,0.75732,0.16015,28.75
$MAG,26855.822,-0.462,-0.445,-0.751,27.7
$IMU,26855.823,-19.042,41.076,9.338,0.09912,0.73144,0.14355,28.76
$IMU,26855.826,-18.066,41.381,10.070,0.07958,0.70654,0.14843,28.76
$IMU,26855.828,-17.272,41.625,10.986,0.07373,0.67138,0.15429,28.76
$IMU,26855.830,-17.944,40.710,12.207,0.07617,0.65283,0.16601,28.76
$MAG,26855.832,-0.451,-0.444,-0.760,27.8
$IMU,26855.833,-18.066,39.550,12.329,0.07373,0.67919,0.19042,28.76
$IMU,26855.835,-16.784,38.391,10.986,0.06982,0.70605,0.20703,28.76
$BARO,26855.836,86860.87,28.68
$IMU,26855.837,-15.258,36.621,8.728,0.07324,0.73388,0.21826,28.76
$IMU,26855.840,-14.160,34.301,5.798,0.07177,0.75390,0.23095,28.76
$MAG,26855.842,-0.448,-0.441,-0.757,27.8
$IMU,26855.842,-13.183,31.738,2.807,0.06933,0.76074,0.23193,28.78
$IMU,26855.844,-11.779,29.296,0.183,0.06787,0.76757,0.22363,28.78
$IMU,26855.847,-9.887,26.794,-1.708,0.07226,0.77343,0.20410,28.78
$IMU,26855.849,-7.995,24.902,-2.868,0.08642,0.77734,0.18359,28.78
$IMU,26855.851,-5.920,23.376,-3.601,0.09667,0.77099,0.17187,28.78
$MAG,26855.852,-0.453,-0.444,-0.768,27.6
$IMU,26855.854,-3.601,22.216,-3.906,0.11181,0.75927,0.16943,28.78
$IMU,26855.856,-1.281,21.362,-3.845,0.12353,0.74511,0.17578,28.78
$IMU,26855.858,0.793,20.507,-3.234,0.13281,0.74023,0.19091,28.78
$IMU,26855.861,2.319,20.202,-1.831,0.13330,0.73974,0.21044,28.69
$MAG,26855.863,-0.447,-0.439,-0.762,27.8
$IMU,26855.863,3.234,20.263,0.244,0.13671,0.74658,0.23095,28.69
$IMU,26855.866,3.967,20.202,2.807,0.13623,0.75830,0.24609,28.69
$IMU,26855.868,4.089,20.446,5.798,0.13427,0.77099,0.25146,28.69
$IMU,26855.870,3.295,21.179,8.605,0.12841,0.78710,0.25000,28.69
$MAG,26855.873,-0.444,-0.448,-0.759,27.6
$IMU,26855.873,1.586,22.338,10.681,0.11865,0.80322,0.25097,28.69
$IMU,26855.875,-0.549,23.925,11.535,0.09716,0.80908,0.23974,28.69
$IMU,26855.877,-2.746,24.169,12.207,0.07666,0.79589,0.21386,28.69
$IMU,26855.880,-4.943,23.559,13.183,0.06982,0.78271,0.19384,28.73
$IMU,26855.882,-6.652,22.766,14.160,0.06103,0.77050,0.18066,28.73
$MAG,26855.883,-0.451,-0.442,-0.757,27.7
$IMU,26855.884,-7.080,22.338,14.587,0.05761,0.76562,0.16503,28.73
$IMU,26855.887,-6.103,21.972,14.221,0.05810,0.76708,0.16162,28.73
$IMU,26855.889,-3.845,21.484,13.183,0.06640,0.76513,0.16357,28.73
$IMU,26855.891,-0.854,21.301,11.413,0.07470,0.77880,0.18115,28.73
$MAG,26855.893,-0.451,-0.442,-0.768,27.6
$IMU,26855.894,2.136,21.301,9.155,0.08007,0.79541,0.19238,28.73
$IMU,26855.896,4.577,20.629,7.019,0.09082,0.81250,0.19921,28.73
$IMU,26855.898,6.347,19.531,5.554,0.09179,0.82666,0.20166,28.80
$IMU,26855.901,7.019,17.944,5.004,0.10107,0.84863,0.20263,28.80
$MAG,26855.903,-0.436,-0.447,-0.760,27.6
$IMU,26855.903,6.530,16.418,5.065,0.09033,0.86914,0.20263,28.80
$IMU,26855.905,5.065,15.441,5.798,0.09130,0.88330,0.18798,28.80
$IMU,26855.908,2.929,14.526,6.591,0.08007,0.89062,0.18017,28.80
$IMU,26855.910,1.098,13.916,7.507,0.07910,0.89013,0.17871,28.80
$IMU,26855.912,-0.549,13.000,8.422,0.08544,0.89794,0.18115,28.80
$MAG,26855.913,-0.445,-0.444,-0.759,27.6
$IMU,26855.915,-2.075,11.718,9.094,0.10058,0.89843,0.19189,28.80
$IMU,26855.917,-3.601,10.375,9.582,0.11962,0.91162,0.21142,28.75
$IMU,26855.919,-5.371,9.094,10.070,0.14697,0.91455,0.22216,28.75
$IMU,26855.922,-7.080,7.568,11.169,0.17285,0.91455,0.23046,28.75
$MAG,26855.923,-0.441,-0.436,-0.772,27.6
$IMU,26855.924,-8.911,6.530,12.756,0.20117,0.91943,0.23779,28.75
$IMU,26855.927,-10.559,6.225,13.610,0.21337,0.95312,0.24560,28.75
$IMU,26855.929,-11.657,6.408,13.244,0.21044,0.97656,0.25927,28.75
$IMU,26855.931,-13.000,6.774,12.390,0.20410,1.01806,0.27294,28.75
$MAG,26855.933,-0.447,-0.439,-0.757,27.8
$IMU,26855.934,-14.709,7.873,11.413,0.19824,1.02343,0.29248,28.75
$IMU,26855.936,-15.319,9.643,11.047,0.20605,1.03955,0.29785,28.77
$BARO,26855.937,86867.25,28.68
$IMU,26855.938,-16.113,10.681,10.009,0.20800,1.05761,0.28417,28.77
$IMU,26855.941,-17.517,10.437,8.850,0.21777,1.04101,0.27978,28.77
$MAG,26855.943,-0.441,-0.438,-0.763,27.7
$IMU,26855.943,-18.798,11.169,8.789,0.20703,1.03466,0.26757,28.77
$IMU,26855.945,-19.592,12.023,8.850,0.20751,1.02978,0.25390,28.77
$IMU,26855.948,-20.568,12.695,8.544,0.19970,1.02783,0.24511,28.77
$IMU,26855.950,-21.728,12.756,7.934,0.19726,0.99462,0.23193,28.77
$IMU,26855.952,-21.606,12.939,8.056,0.20166,0.96679,0.22998,28.77
$MAG,26855.953,-0.441,-0.435,-0.763,27.7
$IMU,26855.955,-20.141,13.549,8.728,0.19628,0.95019,0.20458,28.78
$IMU,26855.957,-18.066,13.244,8.789,0.19091,0.94824,0.19433,28.78
$IMU,26855.959,-16.235,13.305,8.483,0.18554,0.95019,0.20703,28.78
$IMU,26855.962,-14.404,13.793,7.812,0.16162,0.95068,0.20556,28.78
$MAG,26855.963,-0.453,-0.439,-0.768,27.7
$IMU,26855.964,-12.329,13.488,6.835,0.15332,0.95263,0.21093,28.78
$IMU,26855.966,-10.986,13.427,5.126,0.13623,0.94384,0.21191,28.78
$IMU,26855.969,-8.605,13.366,3.784,0.13330,0.92529,0.21289,28.78
$IMU,26855.971,-5.615,13.305,2.319,0.12890,0.91796,0.20605,28.78
$IMU,26855.973,-3.173,12.817,0.610,0.12695,0.90917,0.20458,28.78
$MAG,26855.974,-0.442,-0.441,-0.771,27.7
$IMU,26855.976,-0.854,12.390,-1.098,0.11083,0.90332,0.20458,28.78
$IMU,26855.978,1.281,11.901,-2.624,0.10009,0.89746,0.21142,28.78
$IMU,26855.980,3.723,11.840,-4.272,0.09619,0.90869,0.22167,28.78
$IMU,26855.983,5.981,12.634,-6.835,0.10937,1.02978,0.27246,28.78
$MAG,26855.984,-0.438,-0.429,-0.768,27.6
$IMU,26855.985,5.554,13.916,-10.253,0.13574,1.07421,0.31933,28.78
$IMU,26855.987,3.906,14.465,-12.084,0.15234,1.02099,0.32373,28.78
$IMU,26855.990,3.662,14.709,-11.535,0.17675,0.95947,0.31103,28.78
$IMU,26855.992,3.479,15.258,-9.460,0.18310,0.92529,0.29052,28.77
$MAG,26855.994,-0.445,-0.441,-0.775,27.7
$IMU,26855.995,3.601,16.906,-7.263,0.19873,0.93457,0.29638,28.77
$IMU,26855.997,1.770,18.981,-5.615,0.21386,0.93798,0.32324,28.77
$IMU,26855.999,-2.197,21.057,-4.028,0.21533,0.94628,0.35107,28.77
$IMU,26856.002,-6.896,22.521,-1.831,0.21337,0.94482,0.37109,28.77
$MAG,26856.004,-0.445,-0.442,-0.777,27.7
$IMU,26856.004,-10.131,23.315,0.549,0.20751,0.94189,0.37646,28.77
$IMU,26856.006,-11.474,23.132,2.441,0.20312,0.92968,0.35742,28.77
$IMU,26856.009,-11.169,22.399,4.089,0.18701,0.92187,0.34326,28.77
$IMU,26856.011,-10.253,21.972,5.737,0.17968,0.92138,0.33203,28.77
$IMU,26856.013,-9.948,21.057,7.141,0.16894,0.91503,0.33251,28.77
$MAG,26856.014,-0.441,-0.436,-0.768,27.6
$IMU,26856.016,-9.338,19.714,8.361,0.16113,0.90429,0.31250,28.77
$IMU,26856.018,-7.507,17.822,9.582,0.16015,0.89648,0.29541,28.77
$IMU,26856.020,-4.211,15.502,10.253,0.14843,0.89697,0.29248,28.77
$IMU,26856.023,-1.647,13.732,10.681,0.14648,0.90087,0.31103,28.77
$MAG,26856.024,-0.435,-0.432,-0.771,27.6
$IMU,26856.025,-0.610,12.084,11.108,0.13671,0.90527,0.30566,28.77
$IMU,26856.027,0.427,10.620,11.840,0.13281,0.90820,0.30078,28.77
$IMU,26856.030,1.342,9.643,12.939,0.12646,0.91552,0.30566,28.78
$IMU,26856.032,1.159,8.605,14.160,0.11132,0.92333,0.30908,28.78
$MAG,26856.034,-0.438,-0.435,-0.768,27.6
$IMU,26856.034,0.732,7.263,14.892,0.10742,0.92871,0.30029,28.78
$IMU,26856.037,0.549,6.042,15.563,0.09814,0.92871,0.29199,28.78
$BARO,26856.039,86869.69,28.69
$IMU,26856.039,0.427,4.150,15.869,0.09716,0.93066,0.27246,28.78
$IMU,26856.041,0.610,3.112,15.441,0.08984,0.93212,0.24902,28.78
$IMU,26856.044,1.831,3.173,14.099,0.08691,0.92431,0.22851,28.78
$MAG,26856.044,-0.442,-0.435,-0.777,27.7
$IMU,26856.046,3.479,3.540,11.779,0.08544,0.91748,0.22021,28.78
$IMU,26856.048,5.615,3.845,8.789,0.07958,0.91064,0.21630,28.83
$IMU,26856.051,8.117,3.845,5.432,0.09033,0.90625,0.22851,28.83
$IMU,26856.053,10.437,3.845,2.075,0.09765,0.91064,0.25585,28.83
$MAG,26856.054,-0.441,-0.433,-0.778,27.6
$IMU,26856.056,11.535,4.150,-1.464,0.11376,0.91455,0.28369,28.83
$IMU,26856.058,11.718,4.333,-4.577,0.13183,0.90771,0.28808,28.83
$IMU,26856.060,11.962,3.295,-6.835,0.13964,0.91308,0.26757,28.83
$IMU,26856.063,13.122,2.441,-9.033,0.15673,0.91357,0.26220,28.83
$MAG,26856.064,-0.444,-0.436,-0.777,27.6
$IMU,26856.065,14.709,3.051,-10.986,0.15576,0.90966,0.25488,28.83
$IMU,26856.067,16.418,3.662,-13.000,0.14941,0.90087,0.25244,28.79
$IMU,26856.070,17.700,4.272,-15.258,0.13867,0.89843,0.26171,28.79
$IMU,26856.072,18.188,4.638,-17.578,0.13037,0.88623,0.26123,28.79
$MAG,26856.074,-0.436,-0.436,-0.766,27.7
$IMU,26856.074,18.798,4.150,-19.592,0.10937,0.89208,0.24707,28.79
$IMU,26856.077,19.470,3.051,-21.240,0.09570,0.90917,0.24072,28.79
$IMU,26856.079,20.141,1.831,-22.216,0.07763,0.94531,0.22802,28.79
$IMU,26856.081,20.751,0.671,-22.949,0.06250,0.98095,0.23828,28.79
$IMU,26856.084,20.996,-0.244,-23.620,0.05175,1.00683,0.23095,28.79
$MAG,26856.085,-0.436,-0.448,-0.771,27.6
$IMU,26856.086,22.216,-1.220,-24.536,0.05273,1.03027,0.23095,28.78
$IMU,26856.088,23.315,-1.953,-25.085,0.05664,1.04736,0.22021,28.78
$IMU,26856.091,25.146,-2.868,-25.756,0.07275,1.04492,0.20263,28.78
$IMU,26856.093,27.832,-3.845,-26.306,0.08154,1.02636,0.18505,28.78
$MAG,26856.095,-0.439,-0.441,-0.771,27.7
$IMU,26856.095,29.724,-4.150,-26.733,0.10009,0.99462,0.20654,28.78
$IMU,26856.098,29.052,-3.601,-27.282,0.11328,0.95996,0.22705,28.78
$IMU,26856.100,26.977,-2.563,-28.442,0.12695,0.92968,0.24511,28.78
$IMU,26856.102,26.000,-1.098,-30.029,0.13623,0.93066,0.24853,28.78
$MAG,26856.105,-0.438,-0.448,-0.765,27.7
$IMU,26856.105,27.832,0.244,-31.860,0.14355,0.95458,0.23632,28.76
$IMU,26856.107,31.921,1.892,-33.325,0.16015,0.98046,0.26123,28.76
$IMU,26856.109,34.362,3.845,-33.874,0.16748,1.01025,0.29101,28.76
$IMU,26856.112,33.874,6.103,-33.203,0.17968,1.02050,0.34130,28.76
$IMU,26856.114,29.602,7.568,-30.761,0.16796,1.02539,0.33837,28.76
$MAG,26856.115,-0.429,-0.445,-0.762,27.6
$IMU,26856.117,26.611,8.117,-28.015,0.17626,1.03466,0.32226,28.76
$IMU,26856.119,24.780,8.605,-24.841,0.17578,1.04541,0.30566,28.76
$IMU,26856.121,22.644,8.605,-22.094,0.18212,1.04101,0.30859,28.76
$IMU,26856.124,19.042,8.666,-19.470,0.17578,1.01464,0.30175,28.77
$MAG,26856.125,-0.424,-0.439,-0.763,27.7
$IMU,26856.126,16.418,8.178,-17.700,0.16943,1.01513,0.27050,28.77
$IMU,26856.128,15.747,7.873,-17.028,0.16259,1.00292,0.25830,28.77
$IMU,26856.131,14.648,8.178,-16.235,0.17333,0.98388,0.28759,28.77
$IMU,26856.133,10.681,7.873,-14.587,0.16894,0.95605,0.30126,28.77
$MAG,26856.135,-0.423,-0.448,-0.757,27.7
$IMU,26856.135,7.019,6.103,-13.122,0.16113,0.97119,0.27343,28.77
$IMU,26856.138,7.019,3.784,-12.207,0.15771,0.98681,0.24316,28.77
$BARO,26856.140,86866.06,28.69
$IMU,26856.140,9.033,2.563,-10.803,0.16992,0.96777,0.27343,28.77
$IMU,26856.142,8.605,1.281,-8.361,0.14160,0.97705,0.26171,28.72
$MAG,26856.145,-0.427,-0.451,-0.757,27.6
$IMU,26856.145,8.239,-0.305,-7.080,0.12451,0.99560,0.27099,28.72
$IMU,26856.147,6.713,-0.244,-7.446,0.10839,0.97851,0.27148,28.72
$IMU,26856.149,6.042,-0.183,-7.873,0.11035,0.94628,0.25878,28.72
$IMU,26856.152,5.004,-1.037,-6.835,0.13867,0.90673,0.24414,28.72
$IMU,26856.154,3.601,-2.990,-4.333,0.15917,0.88769,0.21630,28.72
$MAG,26856.155,-0.427,-0.447,-0.751,27.8
$IMU,26856.156,2.685,-5.187,-2.197,0.16113,0.89208,0.20166,28.72
$IMU,26856.159,2.685,-6.164,-0.915,0.15039,0.90087,0.20019,28.72
$IMU,26856.161,2.807,-5.798,-0.427,0.14794,0.91943,0.22363,28.75
$IMU,26856.163,2.502,-4.638,-0.427,0.14208,0.93066,0.23583,28.75
$MAG,26856.165,-0.420,-0.457,-0.760,27.7
$IMU,26856.166,2.685,-3.662,-0.610,0.14306,0.93115,0.24658,28.75
$IMU,26856.168,3.051,-2.319,-0.793,0.13525,0.93603,0.24707,28.75
$IMU,26856.170,3.417,-1.403,-1.037,0.14257,0.94091,0.26025,28.75
$IMU,26856.173,3.234,-0.915,-0.732,0.14355,0.93798,0.26416,28.75
$MAG,26856.175,-0.426,-0.459,-0.753,27.7
$IMU,26856.175,2.746,-1.159,0.244,0.14892,0.92724,0.25634,28.75
$IMU,26856.178,2.319,-2.075,1.403,0.15576,0.90673,0.24169,28.75
$IMU,26856.180,2.441,-3.051,2.990,0.14501,0.89746,0.22412,28.81
$IMU,26856.182,2.746,-3.906,4.394,0.13525,0.88134,0.22216,28.81
$IMU,26856.185,2.868,-5.126,5.737,0.12207,0.87109,0.21728,28.81
$MAG,26856.185,-0.418,-0.453,-0.759,27.7
$IMU,26856.187,2.319,-7.141,6.958,0.10839,0.87011,0.21875,28.81
$IMU,26856.189,1.464,-9.277,7.873,0.09619,0.87841,0.23144,28.81
$IMU,26856.192,0.549,-11.352,7.263,0.08740,0.87402,0.24121,28.81
$IMU,26856.194,-0.366,-12.207,5.126,0.08300,0.87841,0.25439,28.81
$MAG,26856.195,-0.424,-0.444,-0.756,27.7
$IMU,26856.196,-0.549,-12.390,1.464,0.08544,0.88671,0.26562,28.81
$IMU,26856.199,-0.732,-11.596,-4.028,0.08300,0.98193,0.26611,28.80
$VBAT,26856.199,4.124
$IMU,26856.201,-0.671,-9.826,-9.826,0.09960,0.90917,0.28125,28.80
$IMU,26856.203,-1.220,-8.117,-14.526,0.10742,0.91210,0.26660,28.80
$MAG,26856.206,-0.424,-0.454,-0.760,27.7
$IMU,26856.206,-0.976,-7.385,-18.798,0.12988,0.90136,0.26220,28.80
$IMU,26856.208,-0.244,-6.042,-22.033,0.13867,0.89306,0.26171,28.80
$IMU,26856.210,0.732,-4.028,-24.169,0.14501,0.89355,0.25390,28.80
$IMU,26856.213,1.953,-2.380,-25.146,0.14648,0.89941,0.24902,28.80
$IMU,26856.215,3.234,-1.037,-25.390,0.15185,0.91259,0.24853,28.80
$MAG,26856.216,-0.414,-0.457,-0.756,27.6
$IMU,26856.217,4.577,-0.183,-25.512,0.14746,0.92431,0.24560,28.77
$IMU,26856.220,7.141,0.183,-25.268,0.15771,0.92773,0.18115,28.77
$IMU,26856.222,16.723,0.244,-23.803,0.17919,0.97070,0.11718,28.77
$IMU,26856.224,24.658,0.793,-20.629,0.18701,0.95410,0.22119,28.77
$MAG,26856.226,-0.423,-0.451,-0.754,27.7
$IMU,26856.227,25.329,0.610,-17.639,0.16503,0.99951,0.22656,28.77
$IMU,26856.229,25.939,0.183,-16.906,0.13525,1.00976,0.27832,28.77
$IMU,26856.231,21.667,1.831,-17.883,0.14257,0.99121,0.34863,28.77
$IMU,26856.234,14.953,2.685,-17.517,0.20458,1.00488,0.22753,28.77
$MAG,26856.236,-0.414,-0.454,-0.763,27.8
$IMU,26856.236,18.188,0.793,-13.916,0.23437,1.01416,0.16845,28.78
$IMU,26856.239,21.118,0.366,-8.605,0.23925,0.99365,0.33496,28.78
$BARO,26856.241,86859.55,28.69
$IMU,26856.241,13.183,1.708,-5.798,0.14843,1.04199,0.32031,28.78
$IMU,26856.243,9.155,3.112,-6.042,0.14697,0.98583,0.27929,28.78
$MAG,26856.246,-0.421,-0.459,-0.747,27.7
$IMU,26856.246,8.666,3.723,-4.333,0.09521,1.00000,0.31445,28.78
$IMU,26856.248,1.708,4.028,-4.760,0.09570,0.96044,0.30761,28.78
$IMU,26856.250,-1.831,3.417,-4.760,0.13720,0.97802,0.22314,28.78
$IMU,26856.253,-1.525,2.075,-4.028,0.03857,0.95703,0.37939,28.78
$IMU,26856.255,-17.456,4.516,-7.141,0.10791,0.83740,0.44921,28.76
$MAG,26856.256,-0.420,-0.448,-0.753,27.6
$IMU,26856.257,-23.803,1.037,-2.380,0.30664,0.89501,0.04931,28.76
$IMU,26856.260,-5.676,-7.629,8.850,0.25292,0.90039,0.16748,28.76
$IMU,26856.262,-5.798,-5.920,14.770,0.15917,0.77832,0.44433,28.76
$IMU,26856.264,-18.493,-1.159,11.108,0.05712,1.02099,0.32031,28.76
$MAG,26856.266,-0.417,-0.456,-0.754,27.6
$IMU,26856.267,-16.540,0.671,3.173,0.02099,0.91845,0.26220,28.76
$IMU,26856.269,-11.291,1.586,-2.258,-0.03369,0.98339,0.24707,28.76
$IMU,26856.271,-10.131,1.403,-5.187,0.04052,0.98535,0.26611,28.76
$IMU,26856.274,-12.084,-0.366,-3.417,-0.01708,1.02587,0.25683,28.71
$MAG,26856.276,-0.430,-0.454,-0.760,27.6
$IMU,26856.276,-13.183,-2.319,-7.019,-0.02929,1.01806,0.27587,28.71
$IMU,26856.278,-15.136,-1.892,-10.803,-0.00585,1.00146,0.28222,28.71
$IMU,26856.281,-18.188,-3.479,-11.413,0.06884,0.95947,0.27099,28.71
$IMU,26856.283,-19.897,-7.080,-9.033,0.12207,0.95703,0.26660,28.71
$IMU,26856.285,-19.226,-8.911,-6.958,0.16113,0.96484,0.28369,28.71
$MAG,26856.286,-0.418,-0.456,-0.748,27.7
$IMU,26856.288,-17.272,-7.995,-6.347,0.17285,0.96386,0.30957,28.71
$IMU,26856.290,-14.648,-5.432,-6.652,0.17626,0.96435,0.32519,28.71
$IMU,26856.292,-11.352,-2.563,-7.019,0.18359,0.96777,0.33593,28.78
$IMU,26856.295,-8.605,0.000,-7.080,0.18554,0.98046,0.34375,28.78
$MAG,26856.296,-0.424,-0.463,-0.757,27.7
$IMU,26856.297,-6.408,1.281,-6.774,0.18554,0.99218,0.33544,28.78
$IMU,26856.300,-4.333,1.892,-5.798,0.17919,1.00195,0.32324,28.78
$IMU,26856.302,-2.868,2.014,-4.577,0.17675,1.01318,0.31591,28.78
$IMU,26856.304,-1.647,2.075,-3.601,0.17285,1.02099,0.30908,28.78
$MAG,26856.306,-0.423,-0.451,-0.757,27.7
$IMU,26856.307,-0.732,2.746,-2.441,0.16455,1.02783,0.29736,28.78
$IMU,26856.309,0.427,3.662,-1.770,0.16503,1.03515,0.29296,28.78
$IMU,26856.311,1.708,5.187,-1.159,0.15820,1.03857,0.29052,28.80
$IMU,26856.314,2.624,7.324,-0.488,0.14404,1.03564,0.28173,28.80
$IMU,26856.316,3.234,9.033,-0.183,0.14892,1.03515,0.28564,28.80
$MAG,26856.317,-0.418,-0.453,-0.747,27.7
$IMU,26856.318,3.051,10.498,-0.793,0.13867,1.01367,0.28417,28.80
$IMU,26856.321,4.150,11.840,-1.525,0.12548,0.99462,0.27001,28.80
$IMU,26856.323,6.103,12.451,-2.563,0.11083,0.98876,0.25341,28.80
$IMU,26856.325,8.178,12.268,-4.028,0.09863,0.99267,0.22998,28.80
$MAG,26856.327,-0.417,-0.451,-0.760,27.7
$IMU,26856.328,11.047,11.352,-5.432,0.08496,1.00000,0.20654,28.80
$IMU,26856.330,14.099,10.131,-6.591,0.06542,1.00927,0.18701,28.75
$IMU,26856.332,17.211,8.972,-7.263,0.06445,1.01318,0.19287,28.75
$IMU,26856.335,18.554,8.422,-7.019,0.08447,1.00292,0.21582,28.75
$MAG,26856.337,-0.409,-0.459,-0.762,27.7
$IMU,26856.337,17.883,7.934,-5.004,0.10351,1.02001,0.22265,28.75
$IMU,26856.339,18.676,6.958,-5.371,0.10302,1.06494,0.21142,28.75
$IMU,26856.342,20.141,8.239,-7.446,0.10253,1.05468,0.26025,28.75
$BARO,26856.343,86858.28,28.69
$IMU,26856.344,19.042,9.643,-8.605,0.10693,1.04394,0.26562,28.75
$IMU,26856.346,17.700,9.155,-8.483,0.12255,0.99609,0.26123,28.75
$MAG,26856.347,-0.417,-0.447,-0.757,27.7
$IMU,26856.349,17.333,7.690,-8.239,0.09619,1.02050,0.21972,28.79
$IMU,26856.351,18.066,7.202,-7.690,0.13281,0.98876,0.23291,28.79
$IMU,26856.353,15.502,6.286,-3.662,0.14306,0.96972,0.22509,28.79
$IMU,26856.356,12.207,3.295,0.915,0.15429,0.95800,0.21972,28.79
$MAG,26856.357,-0.423,-0.462,-0.751,27.6
$IMU,26856.358,9.582,0.671,4.882,0.15039,0.96240,0.22949,28.79
$IMU,26856.361,6.286,-0.854,7.141,0.13769,0.97119,0.24804,28.79
$IMU,26856.363,2.441,-1.770,7.812,0.13378,0.97998,0.27441,28.79
$IMU,26856.365,-1.464,-2.685,7.812,0.13281,0.98632,0.30029,28.79
$MAG,26856.367,-0.403,-0.459,-0.756,27.7
$IMU,26856.368,-5.126,-3.479,7.995,0.14013,0.99609,0.31396,28.80
$IMU,26856.370,-9.277,-4.516,8.422,0.14697,0.99755,0.32714,28.80
$IMU,26856.372,-13.061,-5.249,9.094,0.15625,0.98876,0.32714,28.80
$IMU,26856.375,-16.174,-5.554,10.131,0.16357,0.96777,0.31640,28.80
$MAG,26856.377,-0.414,-0.447,-0.757,27.6
$IMU,26856.377,-18.310,-5.554,11.413,0.16894,0.95361,0.30859,28.80
$IMU,26856.379,-19.775,-4.882,12.268,0.17919,0.94628,0.30615,28.80
$IMU,26856.382,-20.690,-4.089,12.512,0.19287,0.94238,0.30712,28.80
$IMU,26856.384,-20.812,-3.662,12.817,0.20996,0.94628,0.30908,28.80
$IMU,26856.386,-20.202,-3.112,13.366,0.22021,0.97265,0.31445,28.80
$MAG,26856.387,-0.415,-0.456,-0.753,27.6
$IMU,26856.389,-20.141,-2.319,14.160,0.23339,0.99023,0.32421,28.80
$IMU,26856.391,-20.202,-2.014,16.357,0.35839,0.99511,0.30859,28.80
$IMU,26856.393,-17.883,-3.417,27.282,0.47802,1.05566,0.28271,28.80
$IMU,26856.396,-12.878,-6.713,38.818,0.37695,1.14990,0.36767,28.80
$MAG,26856.397,-0.421,-0.459,-0.753,27.6
$IMU,26856.398,-12.084,-4.638,41.198,0.25585,1.12841,0.50439,28.80
$TIME,26856.399,510750.000,2399
$IMU,26856.400,-17.944,0.427,39.184,0.15820,1.07177,0.43603,28.80
$IMU,26856.403,-23.437,3.051,36.560,0.12841,0.99121,0.39794,28.80
$IMU,26856.405,-30.334,5.554,34.118,0.04833,0.94677,0.29589,28.80
$MAG,26856.407,-0.426,-0.450,-0.756,27.7
$IMU,26856.407,-32.165,6.469,29.541,0.13525,0.85498,0.19921,28.80
$IMU,26856.410,-28.076,5.859,30.822,0.02539,0.90869,0.12158,28.80
$IMU,26856.412,-21.667,5.981,24.108,0.05664,0.79101,0.18310,28.80
$IMU,26856.414,-15.930,8.544,20.690,0.11816,0.79589,0.10839,28.80
$MAG,26856.417,-0.420,-0.441,-0.757,27.7
$IMU,26856.417,-6.103,6.774,23.193,0.14990,0.85498,0.07763,28.80
$IMU,26856.419,6.835,4.089,22.094,0.05664,0.91406,0.14257,28.80
$IMU,26856.421,15.197,8.178,13.916,0.02685,0.85791,0.28417,28.80
$IMU,26856.424,13.671,12.268,8.972,-0.00683,0.87353,0.25732,28.75
$IMU,26856.426,12.695,11.657,1.586,-0.06201,0.83789,0.23632,28.75
$MAG,26856.428,-0.421,-0.450,-0.765,27.7
$IMU,26856.429,12.329,13.244,-4.394,0.02832,0.83496,0.19677,28.75
$IMU,26856.431,12.634,12.084,-5.615,0.00878,0.86328,0.12890,28.75
$IMU,26856.433,16.235,10.498,-8.117,-0.00732,0.87451,0.14404,28.75
$IMU,26856.436,19.042,10.253,-10.375,-0.00195,0.88916,0.14111,28.75
$MAG,26856.438,-0.418,-0.445,-0.765,27.7
$IMU,26856.438,21.362,8.850,-11.596,-0.03076,0.94433,0.13818,28.75
$IMU,26856.440,23.559,7.446,-13.854,-0.02441,0.96484,0.16406,28.75
$IMU,26856.443,23.742,6.164,-15.808,-0.02929,0.98681,0.16699,28.76
$BARO,26856.444,86870.84,28.69
$IMU,26856.445,23.376,4.211,-17.272,-0.01416,0.99169,0.16406,28.76
$IMU,26856.447,23.315,2.075,-18.127,0.01513,0.97509,0.13818,28.76
$MAG,26856.448,-0.414,-0.453,-0.747,27.7
$IMU,26856.450,23.620,0.061,-18.920,0.03808,0.97021,0.19091,28.76
$IMU,26856.452,22.338,0.366,-19.958,0.05908,0.96289,0.21093,28.76
$IMU,26856.454,21.911,-0.427,-20.202,0.08789,0.94677,0.23242,28.76
$IMU,26856.457,22.033,-1.708,-19.592,0.10791,0.95117,0.24804,28.76
$MAG,26856.458,-0.415,-0.459,-0.757,27.7
$IMU,26856.459,22.399,-2.990,-18.615,0.13330,0.94921,0.25292,28.76
$IMU,26856.461,22.888,-3.967,-17.639,0.14746,0.95507,0.25537,28.77
$IMU,26856.464,23.620,-4.882,-16.906,0.14843,0.96875,0.25537,28.77
$IMU,26856.466,23.925,-5.554,-16.235,0.15039,0.97705,0.25439,28.77
$MAG,26856.468,-0.414,-0.450,-0.757,27.7
$IMU,26856.468,24.230,-5.920,-15.258,0.14550,0.99072,0.25048,28.77
$IMU,26856.471,24.841,-6.530,-13.671,0.14501,1.01660,0.23779,28.77
$IMU,26856.473,25.085,-7.324,-11.352,0.14062,1.04296,0.22802,28.77
$IMU,26856.475,25.085,-7.629,-8.728,0.13037,1.07128,0.22607,28.77
$MAG,26856.478,-0.412,-0.444,-0.738,27.6
$IMU,26856.478,24.536,-7.995,-5.920,0.12109,1.08789,0.22753,28.77
$IMU,26856.480,23.315,-8.239,-3.479,0.12597,1.09423,0.22607,28.78
$IMU,26856.482,21.972,-8.239,-1.220,0.13720,1.08398,0.22753,28.78
$IMU,26856.485,20.690,-7.751,0.549,0.14501,1.06005,0.23632,28.78
$IMU,26856.487,19.409,-7.446,2.136,0.15332,1.03906,0.25146,28.78
$MAG,26856.488,-0.417,-0.457,-0.747,27.7
$IMU,26856.490,18.432,-8.056,3.662,0.18261,1.02099,0.25292,28.78
$IMU,26856.492,18.554,-10.009,4.882,0.21826,0.99316,0.27685,28.78
$IMU,26856.494,18.005,-9.887,5.798,0.23339,0.98925,0.31103,28.78
$IMU,26856.497,16.479,-8.239,6.713,0.24707,0.97265,0.32128,28.78
$MAG,26856.498,-0.417,-0.459,-0.748,27.6
$IMU,26856.499,13.488,-7.202,8.544,0.26123,0.96044,0.33251,28.83
$IMU,26856.501,8.972,-5.676,10.864,0.26074,0.95166,0.33447,28.83
$IMU,26856.504,3.601,-4.089,13.671,0.25537,0.94726,0.33105,28.83
$IMU,26856.506,-2.563,-2.807,16.113,0.24462,0.94628,0.33837,28.83
$MAG,26856.508,-0.421,-0.459,-0.747,27.6
$IMU,26856.508,-8.422,-1.342,18.493,0.23925,0.93750,0.32373,28.83
$IMU,26856.511,-12.817,-0.915,20.690,0.24804,0.93554,0.30761,28.83
$IMU,26856.513,-16.540,-0.427,21.972,0.25000,0.93457,0.29492,28.83
$IMU,26856.515,-19.592,0.793,21.850,0.24365,0.94042,0.28515,28.83
$MAG,26856.518,-0.417,-0.453,-0.742,27.6
$IMU,26856.518,-21.606,2.685,20.751,0.22558,0.95507,0.27978,28.79
$IMU,26856.520,-22.644,4.577,18.737,0.19970,0.96386,0.26904,28.79
$IMU,26856.522,-22.949,6.469,16.174,0.17431,0.97021,0.26220,28.79
$IMU,26856.525,-22.583,8.239,13.488,0.15234,0.96826,0.24365,28.79
$IMU,26856.527,-21.545,9.521,11.047,0.14013,0.96826,0.22070,28.79
$MAG,26856.528,-0.418,-0.457,-0.747,27.6
$IMU,26856.529,-20.019,9.887,9.033,0.13134,0.96972,0.20898,28.79
$IMU,26856.532,-18.676,10.131,7.019,0.12988,0.96240,0.19726,28.79
$IMU,26856.534,-17.272,10.498,4.943,0.12695,0.95166,0.19775,28.79
$IMU,26856.536,-15.869,10.437,3.234,0.12207,0.95214,0.20166,28.75
$IMU,26856.539,-15.075,10.009,1.892,0.11865,0.95996,0.20947,28.75
$MAG,26856.538,-0.430,-0.447,-0.750,27.6
$IMU,26856.541,-14.892,9.338,0.793,0.11181,0.96191,0.20996,28.75
$IMU,26856.543,-14.465,8.422,-0.366,0.09472,0.96386,0.20410,28.75
$BARO,26856.546,86856.07,28.69
$IMU,26856.546,-13.977,7.934,-1.892,0.08593,0.95849,0.19189,28.75
$IMU,26856.548,-12.634,7.751,-4.028,0.06884,0.95898,0.18261,28.75
$MAG,26856.549,-0.420,-0.457,-0.762,27.7
$IMU,26856.551,-10.803,7.324,-6.530,0.05859,0.95507,0.17236,28.75
$IMU,26856.553,-8.911,6.896,-8.911,0.05224,0.95312,0.16650,28.75
$IMU,26856.555,-6.896,6.347,-10.925,0.04882,0.95214,0.16015,28.78
$IMU,26856.558,-5.187,5.371,-12.573,0.04931,0.95214,0.15869,28.78
$MAG,26856.559,-0.420,-0.453,-0.751,27.7
$IMU,26856.560,-3.479,4.333,-13.549,0.05761,0.94921,0.16210,28.78
$IMU,26856.562,-1.953,2.990,-14.038,0.05566,0.95312,0.16601,28.78
$IMU,26856.565,-0.732,1.525,-14.160,0.06884,0.95605,0.17724,28.78
$IMU,26856.567,0.244,0.427,-14.038,0.08154,0.95898,0.18457,28.78
$MAG,26856.569,-0.420,-0.454,-0.751,27.7
$IMU,26856.569,1.098,-0.854,-13.549,0.08740,0.96923,0.19531,28.78
$IMU,26856.572,1.403,-2.319,-12.878,0.08642,0.97802,0.20263,28.78
$IMU,26856.574,0.976,-3.662,-11.901,0.08154,0.99218,0.21093,28.80
$IMU,26856.576,-0.488,-5.004,-10.437,0.06982,1.00585,0.21582,28.80
$MAG,26856.579,-0.420,-0.451,-0.753,27.8
$IMU,26856.579,-2.624,-5.981,-8.850,0.06738,1.00927,0.21875,28.80
$IMU,26856.581,-5.249,-6.774,-7.019,0.05859,1.00634,0.22119,28.80
$IMU,26856.583,-7.751,-7.507,-5.493,0.05712,1.00195,0.21728,28.80
$IMU,26856.586,-9.948,-8.056,-4.272,0.05712,0.99707,0.22509,28.80
$IMU,26856.588,-11.535,-8.300,-3.601,0.05957,0.98876,0.23632,28.80
$MAG,26856.589,-0.426,-0.456,-0.748,27.6
$IMU,26856.590,-12.756,-8.056,-3.601,0.06201,0.97900,0.24316,28.80
$IMU,26856.593,-13.916,-7.934,-3.662,0.06591,0.97949,0.24804,28.75
$IMU,26856.595,-15.441,-7.751,-3.173,0.08007,0.97607,0.25537,28.75
$IMU,26856.597,-17.028,-7.385,-2.319,0.09375,0.98779,0.26464,28.75
$MAG,26856.599,-0.414,-0.454,-0.754,27.7
$IMU,26856.600,-18.493,-7.141,-0.976,0.10693,0.99218,0.27490,28.75
$IMU,26856.602,-19.653,-6.896,1.220,0.12158,0.99853,0.27685,28.75
$IMU,26856.604,-20.874,-6.958,3.845,0.13330,1.00146,0.27343,28.75
$IMU,26856.607,-22.583,-7.263,6.958,0.14208,1.00634,0.27246,28.75
$MAG,26856.609,-0.421,-0.441,-0.756,27.7
$IMU,26856.609,-24.780,-7.263,10.009,0.14746,1.00781,0.27734,28.75
$IMU,26856.612,-27.282,-7.751,13.183,0.14794,1.00732,0.29101,28.83
$IMU,26856.614,-30.090,-7.507,15.869,0.14990,1.01171,0.29394,28.83
$IMU,26856.616,-33.630,-7.629,18.493,0.15673,1.01074,0.28955,28.83
$MAG,26856.619,-0.421,-0.448,-0.756,27.6
$IMU,26856.619,-36.926,-7.385,21.362,0.16259,0.99218,0.28515,28.83
$IMU,26856.621,-39.062,-6.896,23.925,0.16894,0.97167,0.28662,28.83
$IMU,26856.623,-39.978,-5.554,25.756,0.17333,0.95214,0.28320,28.83
$IMU,26856.626,-40.161,-4.516,27.099,0.17529,0.93603,0.28369,28.83
$IMU,26856.628,-40.100,-3.662,28.259,0.17675,0.92333,0.28222,28.83
$MAG,26856.629,-0.420,-0.444,-0.766,27.6
$IMU,26856.630,-39.611,-3.051,29.541,0.17480,0.90917,0.27392,28.73
$IMU,26856.633,-39.611,-3.295,31.188,0.17431,0.90869,0.27783,28.73
$IMU,26856.635,-38.879,-3.479,31.921,0.14892,0.91064,0.26855,28.73
$IMU,26856.637,-37.719,-3.540,29.663,0.08691,0.90478,0.26611,28.73
$MAG,26856.639,-0.424,-0.445,-0.769,27.7
$IMU,26856.640,-35.217,-1.586,24.414,0.06347,0.87841,0.23925,28.73
$IMU,26856.642,-30.700,0.122,19.104,0.07031,0.87890,0.21728,28.73
$IMU,26856.644,-26.672,-0.671,15.075,0.08349,0.90136,0.22607,28.73
$BARO,26856.647,86864.13,28.69
$IMU,26856.647,-23.620,-1.953,12.634,0.09570,0.93994,0.23388,28.73
$MAG,26856.649,-0.433,-0.445,-0.762,27.7
$IMU,26856.649,-20.446,-2.929,10.498,0.11132,0.97216,0.23779,28.78
$IMU,26856.651,-17.883,-3.662,9.033,0.11669,1.00146,0.25439,28.78
$IMU,26856.654,-16.784,-4.577,8.117,0.11669,1.03076,0.26757,28.78
$IMU,26856.656,-15.625,-4.638,7.324,0.12500,1.03710,0.28222,28.78
$IMU,26856.658,-15.136,-4.028,6.774,0.14941,1.02685,0.31005,28.78
$MAG,26856.660,-0.423,-0.444,-0.769,27.7
$IMU,26856.661,-16.174,-3.967,6.774,0.16210,1.01513,0.29296,28.78
$IMU,26856.663,-16.418,-4.211,6.774,0.18212,1.00781,0.29443,28.78
$IMU,26856.665,-15.991,-3.234,7.019,0.19384,0.99169,0.28955,28.78
$IMU,26856.668,-14.526,-2.136,7.202,0.20361,0.97412,0.29736,28.76
$MAG,26856.670,-0.429,-0.439,-0.772,27.7
$IMU,26856.670,-12.573,-2.319,7.629,0.20556,0.96337,0.29589,28.76
$IMU,26856.673,-11.291,-1.281,7.995,0.19824,0.98046,0.33203,28.76
$IMU,26856.675,-11.962,-0.732,7.751,0.18603,0.97998,0.32812,28.76
$IMU,26856.677,-12.329,-1.586,7.629,0.16992,0.98339,0.31250,28.76
$IMU,26856.680,-11.901,-1.586,6.835,0.14990,0.99462,0.31689,28.76
$MAG,26856.680,-0.427,-0.444,-0.772,27.7
$IMU,26856.682,-11.352,-0.488,5.065,0.13769,0.99316,0.31933,28.76
$IMU,26856.684,-10.986,0.305,2.929,0.13232,0.98339,0.29931,28.76
$IMU,26856.687,-10.131,0.122,1.159,0.13378,0.96777,0.28320,28.76
$IMU,26856.689,-9.643,-0.061,-0.305,0.13525,0.95312,0.27880,28.76
$MAG,26856.690,-0.430,-0.432,-0.771,27.6
$IMU,26856.691,-8.850,0.366,-1.892,0.13818,0.94189,0.27441,28.76
$IMU,26856.694,-6.835,0.549,-3.906,0.13916,0.91894,0.27392,28.76
$IMU,26856.696,-5.004,0.671,-6.164,0.14257,0.90966,0.27880,28.76
$IMU,26856.698,-3.112,0.732,-8.605,0.14501,0.90332,0.28222,28.76
$MAG,26856.700,-0.430,-0.438,-0.775,27.6
$IMU,26856.701,-0.793,0.976,-11.169,0.15136,0.89794,0.29248,28.76
$IMU,26856.703,1.708,1.220,-13.183,0.15966,0.90625,0.30517,28.76
$IMU,26856.705,4.211,1.525,-14.953,0.17773,0.91796,0.31542,28.82
$IMU,26856.708,5.798,1.831,-16.113,0.19482,0.92724,0.32861,28.82
$MAG,26856.710,-0.426,-0.433,-0.786,27.6
$IMU,26856.710,6.469,1.708,-16.296,0.20751,0.94238,0.34130,28.82
$IMU,26856.712,6.164,1.770,-15.686,0.21777,0.95166,0.35058,28.82
$IMU,26856.715,5.554,1.953,-14.465,0.22412,0.96289,0.35791,28.82
$IMU,26856.717,4.760,2.197,-12.756,0.22900,0.97412,0.36230,28.82
$IMU,26856.719,3.662,2.868,-11.047,0.22607,0.97656,0.36230,28.82
$MAG,26856.720,-0.429,-0.436,-0.759,27.6
$IMU,26856.722,2.685,3.356,-9.338,0.22216,0.98242,0.36279,28.82
$IMU,26856.724,1.586,3.723,-7.995,0.21484,0.97949,0.35693,28.77
$HUM,26856.726,34.1,29.1
$IMU,26856.726,0.671,3.601,-6.652,0.20117,0.97705,0.35253,28.77
$IMU,26856.729,-0.122,3.356,-5.676,0.18066,0.97705,0.34179,28.77
$MAG,26856.730,-0.421,-0.444,-0.769,27.7
$IMU,26856.731,-0.793,3.112,-5.249,0.16455,0.96582,0.32470,28.77
$IMU,26856.734,-0.915,2.807,-5.371,0.14013,0.95703,0.30859,28.77
$IMU,26856.736,-0.305,2.502,-6.286,0.12109,0.94580,0.29931,28.77
$IMU,26856.738,0.671,2.075,-7.690,0.10888,0.93701,0.29150,28.77
$MAG,26856.740,-0.436,-0.442,-0.774,27.6
$IMU,26856.741,1.953,1.647,-9.582,0.10351,0.92431,0.28466,28.77
$IMU,26856.743,3.356,1.342,-11.901,0.09765,0.91308,0.28125,28.75
$IMU,26856.745,5.065,0.732,-14.221,0.09765,0.90380,0.27929,28.75
$IMU,26856.748,6.530,0.183,-16.296,0.10009,0.90478,0.27929,28.75
$BARO,26856.749,86866.30,28.70
$MAG,26856.750,-0.420,-0.438,-0.769,27.7
$IMU,26856.750,7.873,-0.427,-17.883,0.09765,0.91113,0.28271,28.75
$IMU,26856.752,8.605,-1.281,-18.981,0.09521,0.92626,0.28564,28.75
$IMU,26856.755,8.728,-1.892,-19.470,0.09570,0.94140,0.28808,28.75
$IMU,26856.757,8.361,-2.746,-19.714,0.09033,0.95361,0.28271,28.75
$IMU,26856.759,7.812,-3.723,-20.080,0.08154,0.96337,0.28369,28.75
$MAG,26856.760,-0.420,-0.435,-0.768,27.8
$IMU,26856.762,7.263,-4.577,-20.385,0.07910,0.97412,0.28320,28.75
$IMU,26856.764,6.652,-5.432,-20.874,0.07812,0.97607,0.28125,28.75
$IMU,26856.766,6.164,-6.103,-21.484,0.07226,0.98291,0.28125,28.75
$IMU,26856.769,5.493,-6.408,-22.277,0.06689,0.98583,0.27734,28.75
$MAG,26856.771,-0.424,-0.439,-0.772,27.8
$IMU,26856.771,5.004,-6.896,-23.193,0.07177,0.97705,0.27343,28.75
$IMU,26856.773,4.638,-7.324,-24.169,0.07666,0.96533,0.27490,28.75
$IMU,26856.776,4.577,-7.751,-25.207,0.08642,0.95849,0.27392,28.75
$IMU,26856.778,4.455,-8.117,-25.756,0.09716,0.95214,0.27001,28.75
$IMU,26856.780,4.272,-8.361,-26.062,0.11523,0.94580,0.26660,28.81
$MAG,26856.781,-0.406,-0.445,-0.769,27.6
$IMU,26856.783,4.455,-8.422,-26.428,0.12500,0.94335,0.26953,28.81
$IMU,26856.785,5.126,-8.361,-26.977,0.14355,0.93750,0.27929,28.81
$IMU,26856.787,5.920,-8.422,-27.343,0.16259,0.93212,0.29345,28.81
$IMU,26856.790,6.652,-8.117,-27.709,0.17626,0.93701,0.30371,28.81
$MAG,26856.791,-0.418,-0.447,-0.766,27.7
$IMU,26856.792,7.141,-7.995,-27.709,0.19140,0.93994,0.32519,28.81
$IMU,26856.795,7.019,-7.690,-27.282,0.20410,0.94970,0.34326,28.81
$IMU,26856.797,6.164,-7.019,-26.367,0.22119,0.96142,0.35888,28.81
$IMU,26856.799,4.821,-6.530,-24.658,0.23095,0.96582,0.36328,28.77
$MAG,26856.801,-0.414,-0.439,-0.766,27.7
$IMU,26856.802,2.746,-5.493,-22.705,0.22949,0.97314,0.36816,28.77
$IMU,26856.804,1.342,-4.638,-20.751,0.23876,0.96093,0.34667,28.77
$IMU,26856.806,1.220,-3.723,-18.310,0.23291,0.96044,0.35888,28.77
$IMU,26856.809,0.488,-2.014,-15.747,0.22216,0.96093,0.35791,28.77
$MAG,26856.811,-0.414,-0.445,-0.765,27.7
$IMU,26856.811,-0.549,-1.220,-13.671,0.21044,0.95605,0.35205,28.77
$IMU,26856.813,-1.098,-0.915,-12.023,0.19482,0.94433,0.34326,28.77
$IMU,26856.816,-1.342,-0.854,-10.620,0.17626,0.93847,0.32958,28.77
$IMU,26856.818,-1.464,-0.671,-9.948,0.15429,0.93212,0.31542,28.73
$IMU,26856.820,-1.220,-0.549,-10.070,0.13378,0.92236,0.30273,28.73
$MAG,26856.821,-0.423,-0.444,-0.760,27.6
$IMU,26856.823,-0.366,-0.427,-10.681,0.11572,0.92089,0.28808,28.73
$IMU,26856.825,0.244,-0.122,-11.779,0.10302,0.92089,0.28320,28.73
$IMU,26856.827,0.915,-0.305,-12.878,0.09716,0.91992,0.28027,28.73
$IMU,26856.830,1.403,-0.305,-14.099,0.09863,0.91503,0.27783,28.73
$MAG,26856.831,-0.421,-0.453,-0.760,27.6
$IMU,26856.832,2.380,-0.671,-15.197,0.10449,0.91259,0.28417,28.73
$IMU,26856.834,3.356,-1.403,-16.052,0.11035,0.91650,0.29150,28.73
$IMU,26856.837,4.577,-1.831,-16.357,0.12646,0.93652,0.28417,28.74
$IMU,26856.839,7.202,-2.380,-15.441,0.13916,0.95947,0.28369,28.74
$MAG,26856.841,-0.414,-0.442,-0.766,27.6
$IMU,26856.841,9.155,-2.685,-13.854,0.13769,0.95166,0.30078,28.74
$IMU,26856.844,10.375,-3.295,-12.573,0.14648,0.91406,0.25537,28.74
$IMU,26856.846,14.709,-6.958,-10.864,0.17333,0.88574,0.21191,28.74
$IMU,26856.848,17.883,-6.286,-9.826,0.14599,0.94384,0.33642,28.74
$BARO,26856.850,86866.08,28.70
$MAG,26856.851,-0.412,-0.438,-0.772,27.7
$IMU,26856.851,14.587,-2.502,-11.596,0.10888,0.95996,0.35498,28.74
$IMU,26856.853,12.573,-1.708,-13.427,0.10009,0.95605,0.32128,28.74
$IMU,26856.855,13.366,-2.563,-13.793,0.12060,0.97265,0.30322,28.77
$IMU,26856.858,13.793,-2.502,-13.610,0.13330,0.97802,0.29638,28.77
$IMU,26856.860,13.977,-1.953,-13.061,0.15185,0.97167,0.26611,28.77
$MAG,26856.861,-0.412,-0.444,-0.760,27.8
$IMU,26856.863,14.892,-1.464,-12.390,0.14648,0.96679,0.27636,28.77
$IMU,26856.865,14.282,-1.464,-12.268,0.13720,0.95849,0.28857,28.77
$IMU,26856.867,13.854,-1.892,-12.573,0.13183,0.95996,0.26855,28.77
$IMU,26856.870,15.441,-1.403,-12.512,0.12451,0.98095,0.25439,28.77
$MAG,26856.871,-0.414,-0.447,-0.759,27.6
$IMU,26856.872,16.845,-0.366,-12.023,0.11132,0.99267,0.25781,28.77
$IMU,26856.874,17.517,0.000,-11.230,0.10107,0.98388,0.25488,28.78
$IMU,26856.877,18.249,0.122,-10.864,0.09326,0.97851,0.23291,28.78
$IMU,26856.879,18.920,-0.122,-10.864,0.08203,0.97265,0.23339,28.78
$IMU,26856.881,18.981,-0.244,-11.352,0.07958,0.96093,0.22949,28.78
$MAG,26856.882,-0.414,-0.451,-0.766,27.7
$IMU,26856.884,19.409,-0.244,-12.084,0.08642,0.97021,0.23095,28.78
$IMU,26856.886,19.653,-0.427,-12.573,0.08740,0.98291,0.24804,28.78
$IMU,26856.888,18.615,-0.915,-12.390,0.09619,0.99218,0.27441,28.78
$IMU,26856.891,16.479,-1.770,-11.596,0.09960,1.00292,0.29882,28.78
$MAG,26856.892,-0.417,-0.447,-0.759,27.7
$IMU,26856.893,13.854,-2.624,-10.314,0.11132,1.02343,0.30664,28.76
$IMU,26856.895,10.864,-2.685,-8.239,0.11865,1.01806,0.31152,28.76
$IMU,26856.898,7.446,-2.746,-6.408,0.12597,0.99804,0.30810,28.76
$IMU,26856.900,4.089,-2.502,-5.187,0.13378,0.98095,0.30029,28.76
$MAG,26856.902,-0.406,-0.451,-0.763,27.6
$IMU,26856.902,1.586,-2.075,-4.333,0.13720,0.96777,0.29199,28.76
$IMU,26856.905,-0.244,-1.831,-3.662,0.13525,0.96826,0.28320,28.76
$IMU,26856.907,-1.525,-1.647,-2.807,0.13378,0.96728,0.27978,28.76
$IMU,26856.909,-2.136,-1.525,-2.075,0.12548,0.96337,0.27392,28.76
$MAG,26856.912,-0.412,-0.448,-0.769,27.6
$IMU,26856.912,-2.197,-1.159,-1.464,0.11328,0.96289,0.26269,28.77
$IMU,26856.914,-1.647,-0.488,-1.037,0.10693,0.96386,0.25976,28.77
$IMU,26856.916,-0.854,0.000,-0.854,0.10205,0.96142,0.25488,28.77
$IMU,26856.919,-0.061,0.793,-0.793,0.09472,0.96630,0.25341,28.77
$IMU,26856.921,0.244,1.281,-0.671,0.09228,0.97070,0.25634,28.77
$MAG,26856.922,-0.412,-0.450,-0.771,27.6
$IMU,26856.924,0.427,1.281,-0.366,0.08642,0.96875,0.25390,28.77
$IMU,26856.926,0.488,1.464,-0.122,0.08496,0.95800,0.25439,28.77
$IMU,26856.928,0.427,1.708,-0.549,0.09228,0.94824,0.25146,28.77
$IMU,26856.931,0.366,2.197,-1.159,0.10595,0.93701,0.24804,28.76
$MAG,26856.932,-0.415,-0.454,-0.759,27.6
$IMU,26856.933,0.488,2.746,-1.892,0.11376,0.92675,0.25390,28.76
$IMU,26856.935,0.671,3.356,-2.502,0.12060,0.93115,0.26025,28.76
$IMU,26856.938,1.525,3.417,-2.990,0.12402,0.93701,0.26513,28.76
$IMU,26856.940,2.563,3.540,-2.990,0.13037,0.94775,0.27441,28.76
$MAG,26856.942,-0.417,-0.457,-0.760,27.7
$IMU,26856.942,3.540,4.028,-3.112,0.13525,0.96630,0.27343,28.76
$IMU,26856.945,4.760,4.577,-3.112,0.14208,0.98486,0.26464,28.76
$IMU,26856.947,6.103,5.493,-2.807,0.14501,1.00244,0.25830,28.76
$IMU,26856.949,7.263,6.225,-2.319,0.13476,1.02050,0.25244,28.76
$BARO,26856.952,86869.91,28.70
$MAG,26856.952,-0.405,-0.451,-0.757,27.6
$IMU,26856.952,8.117,6.896,-1.831,0.11962,1.02880,0.24267,28.76
$IMU,26856.954,8.789,7.507,-1.464,0.11523,1.03173,0.23632,28.76
$IMU,26856.956,9.216,8.178,-1.159,0.10498,1.02539,0.22558,28.76
$IMU,26856.959,9.460,8.605,-1.037,0.08984,1.01513,0.22412,28.76
$IMU,26856.961,9.033,8.605,-1.342,0.07275,0.99511,0.22998,28.76
$MAG,26856.962,-0.406,-0.451,-0.759,27.7
$IMU,26856.963,8.300,7.629,-2.136,0.05712,0.97460,0.24023,28.76
$IMU,26856.966,7.873,6.286,-3.295,0.05175,0.95898,0.23046,28.76
$IMU,26856.968,7.629,4.821,-4.394,0.05322,0.95214,0.24853,28.78
$IMU,26856.970,6.530,2.868,-5.432,0.05078,0.93701,0.23779,28.78
$MAG,26856.972,-0.412,-0.456,-0.763,27.6
$IMU,26856.973,7.690,-0.915,-6.042,0.07519,0.90039,0.10595,28.78
$IMU,26856.975,15.808,-6.591,-4.882,0.09472,0.91503,0.19287,28.78
$IMU,26856.977,15.991,-4.821,-4.943,0.04589,0.97216,0.27880,28.78
$IMU,26856.980,11.413,-3.295,-7.263,0.02343,0.97021,0.28808,28.78
$MAG,26856.982,-0.403,-0.448,-0.763,27.6
$IMU,26856.982,9.033,-3.845,-9.826,0.02441,0.97900,0.25927,28.78
$IMU,26856.985,9.582,-4.760,-10.803,0.08642,0.99804,0.18017,28.78
$IMU,26856.987,14.526,-3.784,-7.690,0.14062,1.04931,0.12255,28.79
$IMU,26856.989,18.615,-2.258,-3.479,0.10107,1.05371,0.25830,28.79
$IMU,26856.992,12.268,-4.455,-4.028,0.06689,0.99707,0.32324,28.79
$MAG,26856.993,-0.406,-0.457,-0.756,27.8
$IMU,26856.994,8.239,-7.263,-7.507,0.06250,0.96875,0.27294,28.79
$IMU,26856.996,5.859,-8.056,-12.268,0.06005,0.93359,0.25097,28.79
$IMU,26856.999,3.417,-6.835,-15.808,0.09277,0.92871,0.22167,28.79
$IMU,26857.001,3.479,-5.859,-13.916,0.13525,0.94628,0.20849,28.79
$MAG,26857.003,-0.403,-0.448,-0.751,27.6
$IMU,26857.003,2.258,-6.042,-11.596,0.07080,0.94384,0.28320,28.79
$IMU,26857.006,-0.793,-7.141,-13.488,0.09570,0.87500,0.22753,28.76
$IMU,26857.008,6.042,-5.676,-12.084,0.21728,0.90625,0.10546,28.76
$IMU,26857.010,14.038,-2.868,-6.164,0.18652,0.99072,0.20556,28.76
$MAG,26857.013,-0.412,-0.454,-0.757,27.6
$IMU,26857.013,12.573,-2.258,-5.004,0.13818,0.99414,0.29394,28.76
$IMU,26857.015,10.864,-4.150,-5.859,0.13281,1.03564,0.29541,28.76
$IMU,26857.017,8.605,-5.798,-7.507,0.09667,1.01074,0.30517,28.76
$IMU,26857.020,3.417,-7.385,-12.329,0.06250,0.94628,0.29785,28.76
$IMU,26857.022,-0.061,-8.605,-18.432,0.08984,0.90380,0.23583,28.76
$MAG,26857.023,-0.403,-0.457,-0.757,27.7
$IMU,26857.024,0.305,-7.934,-21.484,0.08398,0.90136,0.22607,28.78
$IMU,26857.027,0.000,-7.812,-22.338,0.21679,0.98535,0.19384,28.78
$IMU,26857.029,2.868,-7.446,-13.916,0.19287,1.07128,0.28564,28.78
$IMU,26857.031,-0.183,-8.117,-9.094,0.20068,1.01708,0.31445,28.78
$MAG,26857.033,-0.402,-0.456,-0.753,27.6
$IMU,26857.034,3.784,-7.324,-3.784,0.23339,1.03222,0.26660,28.78
$IMU,26857.036,7.446,-4.394,0.366,0.20361,1.02685,0.30957,28.78
$IMU,26857.038,6.713,-1.708,0.732,0.16748,0.99072,0.32128,28.78
$IMU,26857.041,6.042,-1.892,-1.281,0.15673,0.92236,0.19921,28.78
$MAG,26857.043,-0.406,-0.456,-0.754,27.7
$IMU,26857.043,11.718,-9.460,-2.929,0.17724,0.87353,0.23974,28.79
$IMU,26857.046,10.925,-6.469,-4.455,0.13574,0.95263,0.31347,28.79
$IMU,26857.048,7.263,-0.488,-6.347,0.09228,0.95019,0.28027,28.79
$IMU,26857.050,6.713,2.014,-6.286,0.07666,0.93945,0.25634,28.79
$BARO,26857.053,86869.96,28.69
$MAG,26857.053,-0.406,-0.462,-0.750,27.7
$IMU,26857.053,7.934,2.197,-5.004,0.07714,0.95068,0.23535,28.79
$IMU,26857.055,8.850,2.136,-3.784,0.08251,0.95849,0.22021,28.79
$IMU,26857.057,8.911,2.441,-3.723,0.06640,0.96093,0.22998,28.79
$IMU,26857.060,8.483,2.258,-5.249,0.06835,0.96582,0.20898,28.79
$IMU,26857.062,10.681,3.601,-5.920,0.06103,0.99707,0.21630,28.78
$MAG,26857.063,-0.409,-0.454,-0.756,27.6
$IMU,26857.064,9.704,4.089,-6.469,0.05517,1.00097,0.23925,28.78
$IMU,26857.067,9.094,3.967,-6.408,0.06298,1.00732,0.22753,28.78
$IMU,26857.069,8.239,4.333,-5.493,0.06494,0.99902,0.24462,28.78
$IMU,26857.071,4.638,3.845,-4.760,0.07470,0.97167,0.26220,28.78
$MAG,26857.073,-0.396,-0.450,-0.748,27.7
$IMU,26857.074,2.807,3.173,-3.723,0.09228,0.97167,0.20605,28.78
$IMU,26857.076,3.784,4.577,-1.464,0.09326,0.97802,0.20312,28.78
$IMU,26857.078,2.075,4.821,0.671,0.07421,0.96337,0.25146,28.78
$IMU,26857.081,-0.305,3.112,1.464,0.06689,0.94970,0.25097,28.82
$MAG,26857.083,-0.412,-0.459,-0.756,27.7
$IMU,26857.083,-0.549,1.953,1.586,0.06054,0.95556,0.24511,28.82
$IMU,26857.085,-0.366,1.525,1.647,0.05712,0.96142,0.24072,28.82
$IMU,26857.088,-0.244,0.976,1.831,0.06152,0.96533,0.23974,28.82
$IMU,26857.090,-0.122,0.061,2.319,0.06250,0.97460,0.25097,28.82
$IMU,26857.092,-0.671,-1.831,2.319,0.05517,0.96777,0.25390,28.82
$MAG,26857.093,-0.403,-0.456,-0.754,27.7
$IMU,26857.095,0.549,-3.234,2.441,0.05566,0.99462,0.24658,28.82
$IMU,26857.097,-0.732,-4.455,2.685,0.04931,0.98632,0.25488,28.82
$IMU,26857.099,-2.136,-5.920,2.929,0.04882,0.98193,0.25292,28.77
$IMU,26857.102,-2.990,-6.896,2.746,0.04687,0.97167,0.24951,28.77
$MAG,26857.104,-0.406,-0.457,-0.750,27.6
$IMU,26857.104,-3.295,-7.263,1.770,0.05029,0.96337,0.25292,28.77
$IMU,26857.107,-3.173,-7.080,0.427,0.05517,0.95312,0.25390,28.77
$IMU,26857.109,-2.075,-6.530,-1.037,0.06201,0.93945,0.26318,28.77
$IMU,26857.111,-0.854,-5.981,-2.441,0.07226,0.92236,0.27099,28.77
$MAG,26857.114,-0.402,-0.459,-0.751,27.7
$IMU,26857.114,1.281,-5.371,-4.150,0.07617,0.91894,0.26660,28.77
$IMU,26857.116,3.479,-4.821,-5.371,0.08203,0.90820,0.26757,28.77
$IMU,26857.118,5.187,-4.699,-6.408,0.08642,0.89746,0.27246,28.76
$IMU,26857.121,6.469,-5.187,-7.690,0.08105,0.90283,0.27343,28.76
$IMU,26857.123,7.385,-5.615,-9.155,0.08154,0.90576,0.28466,28.76
$MAG,26857.124,-0.397,-0.468,-0.756,27.7
$IMU,26857.125,7.995,-5.920,-10.864,0.07373,0.91699,0.28955,28.76
$IMU,26857.128,8.239,-6.164,-12.756,0.06933,0.91406,0.28564,28.76
$IMU,26857.130,8.972,-6.469,-14.709,0.06347,0.90820,0.28808,28.76
$IMU,26857.132,9.582,-6.774,-16.296,0.05859,0.90673,0.27343,28.76
$MAG,26857.134,-0.406,-0.451,-0.744,27.6
$IMU,26857.135,9.948,-6.958,-17.150,0.06396,0.90283,0.27050,28.76
$IMU,26857.137,10.131,-7.324,-17.333,0.06787,0.91748,0.25830,28.78
$IMU,26857.139,10.559,-7.751,-16.601,0.07958,0.93554,0.25927,28.78
$IMU,26857.142,11.108,-7.995,-15.075,0.08447,0.95263,0.26171,28.78
$MAG,26857.144,-0.406,-0.465,-0.759,27.6
$IMU,26857.144,11.962,-8.117,-13.793,0.08056,0.96777,0.26513,28.78
$IMU,26857.146,12.512,-8.239,-13.000,0.08935,0.96679,0.28076,28.78
$IMU,26857.149,12.207,-8.850,-12.878,0.09326,0.97119,0.28662,28.78
$IMU,26857.151,11.352,-9.155,-12.939,0.09814,0.97558,0.29248,28.78
$IMU,26857.153,9.887,-9.704,-13.244,0.09423,0.98095,0.29248,28.78
$BARO,26857.154,86863.21,28.70
$MAG,26857.154,-0.394,-0.453,-0.751,27.6
$IMU,26857.156,8.361,-10.375,-13.732,0.08544,0.97949,0.29980,28.78
$IMU,26857.158,6.225,-11.413,-13.427,0.09082,0.97900,0.30419,28.78
$IMU,26857.160,4.760,-12.756,-12.451,0.09130,0.98242,0.29785,28.78
$IMU,26857.163,3.967,-13.305,-10.925,0.08349,0.99023,0.28759,28.78
$MAG,26857.164,-0.406,-0.454,-0.750,27.7
$IMU,26857.165,3.356,-13.488,-9.399,0.07519,0.99023,0.28808,28.78
$IMU,26857.168,2.929,-13.244,-8.239,0.06054,1.01025,0.28515,28.78
$IMU,26857.170,1.831,-13.732,-7.873,0.06591,1.00390,0.27978,28.78
$IMU,26857.172,0.366,-14.648,-7.690,0.07617,0.97802,0.27734,28.78
$MAG,26857.174,-0.405,-0.465,-0.754,27.6
$IMU,26857.175,-1.342,-16.052,-7.019,0.08447,0.97265,0.27587,28.79
$IMU,26857.177,-3.479,-18.188,-5.493,0.10009,0.97070,0.28173,28.79
$IMU,26857.179,-5.432,-19.897,-3.845,0.10937,0.97070,0.29248,28.79
$IMU,26857.182,-6.469,-21.423,-2.197,0.11914,0.97460,0.29492,28.79
$MAG,26857.184,-0.402,-0.454,-0.748,27.6
$IMU,26857.184,-6.835,-22.338,0.000,0.12695,0.98291,0.29931,28.79
$IMU,26857.186,-5.249,-24.780,2.746,0.14941,0.93212,0.14892,28.79
$IMU,26857.189,-0.366,-30.456,6.103,0.17187,0.97509,0.38330,28.79
$IMU,26857.191,-3.723,-23.010,6.591,0.12646,1.04248,0.32226,28.79
$IMU,26857.193,-5.065,-18.066,5.920,0.12158,1.00976,0.31494,28.80
$MAG,26857.194,-0.405,-0.463,-0.744,27.8
$IMU,26857.196,-5.371,-15.930,6.286,0.12109,0.99804,0.30078,28.80
$IMU,26857.198,-6.347,-14.953,6.896,0.12695,0.99121,0.28320,28.80
$IMU,26857.200,-7.995,-13.488,7.385,0.14013,0.98535,0.26513,28.80
$IMU,26857.203,-9.216,-12.390,7.385,0.14794,0.96484,0.25292,28.80
$MAG,26857.204,-0.408,-0.457,-0.748,27.6
$VBAT,26857.204,4.117
$IMU,26857.205,-9.765,-12.023,7.507,0.14648,0.95458,0.25585,28.80
$IMU,26857.207,-9.948,-12.512,8.178,0.13037,0.94824,0.25146,28.80
$IMU,26857.210,-9.216,-13.732,8.972,0.11035,0.94921,0.24316,28.80
$IMU,26857.212,-7.751,-14.709,9.521,0.09863,0.94189,0.21679,28.77
$MAG,26857.214,-0.409,-0.460,-0.750,27.7
$IMU,26857.214,-3.479,-19.531,11.230,0.10253,0.89648,0.13476,28.77
$IMU,26857.217,-1.464,-21.179,13.000,0.07373,0.98388,0.27587,28.77
$IMU,26857.219,-3.112,-17.272,12.939,0.03466,1.00292,0.24560,28.77
$IMU,26857.221,-2.380,-17.028,13.183,0.02734,0.99511,0.25732,28.77
$IMU,26857.224,-1.647,-17.761,13.977,0.03955,0.99511,0.24707,28.77
$MAG,26857.225,-0.409,-0.454,-0.750,27.7
$IMU,26857.226,-1.708,-18.066,14.892,0.05957,0.98242,0.20800,28.77
$IMU,26857.228,-0.549,-20.446,16.174,0.08447,0.94677,0.19531,28.77
$IMU,26857.231,0.305,-20.263,16.906,0.07421,0.96582,0.24316,28.80
$IMU,26857.233,0.427,-17.333,16.662,0.06542,0.96728,0.25683,28.80
$MAG,26857.235,-0.411,-0.465,-0.747,27.7
$IMU,26857.236,1.342,-15.747,16.845,0.06298,0.96142,0.26464,28.80
$IMU,26857.238,2.624,-14.892,16.601,0.06005,0.96972,0.26220,28.80
$IMU,26857.240,3.723,-13.793,15.808,0.06787,0.97314,0.26171,28.80
$IMU,26857.243,3.723,-12.023,14.709,0.07666,0.97705,0.25390,28.80
$MAG,26857.245,-0.414,-0.460,-0.757,27.8
$IMU,26857.245,3.173,-10.803,13.488,0.07861,0.97314,0.24755,28.80
$IMU,26857.247,2.929,-10.253,12.329,0.07910,0.97509,0.23779,28.80
$IMU,26857.250,3.356,-9.399,10.864,0.08105,0.98779,0.22949,28.77
$IMU,26857.252,4.699,-8.178,9.155,0.09130,1.00878,0.22851,28.77
$IMU,26857.254,6.225,-6.530,8.361,0.09472,1.01464,0.23730,28.77
$MAG,26857.255,-0.417,-0.459,-0.754,27.7
$BARO,26857.256,86863.53,28.69
$IMU,26857.257,7.141,-5.432,7.995,0.10449,1.00341,0.22705,28.77
$IMU,26857.259,8.117,-4.028,7.568,0.11376,0.99365,0.22802,28.77
$IMU,26857.261,8.544,-1.708,7.202,0.11181,0.98876,0.22167,28.77
$IMU,26857.264,9.094,0.366,6.835,0.11328,0.99121,0.22656,28.77
$MAG,26857.265,-0.415,-0.459,-0.753,27.7
$IMU,26857.266,9.582,1.892,6.469,0.11621,0.99365,0.22363,28.77
$IMU,26857.268,11.169,0.427,6.835,0.13330,0.95605,0.16455,28.78
$IMU,26857.271,12.451,0.061,7.629,0.12060,1.03613,0.29589,28.78
$IMU,26857.273,10.375,6.103,5.798,0.09570,1.07275,0.27050,28.78
$MAG,26857.275,-0.415,-0.465,-0.742,27.7
$IMU,26857.275,9.887,8.789,4.150,0.08691,1.05029,0.23974,28.78
$IMU,26857.278,10.559,9.887,3.234,0.08398,1.03027,0.21044,28.78
$IMU,26857.280,11.596,11.169,2.380,0.08984,1.01708,0.18066,28.78
$IMU,26857.282,12.756,12.207,1.464,0.08886,1.00830,0.15576,28.78
$MAG,26857.285,-0.423,-0.463,-0.751,28.1
$IMU,26857.285,14.099,12.329,0.732,0.07861,1.00439,0.14648,28.78
$IMU,26857.287,15.441,12.023,0.061,0.06689,0.99902,0.13818,28.77
$IMU,26857.289,16.906,11.779,-0.427,0.06250,0.99755,0.13818,28.77
$IMU,26857.292,18.432,11.718,-1.281,0.06298,1.00000,0.14501,28.77
$IMU,26857.294,19.775,11.352,-1.770,0.06835,0.99462,0.16357,28.77
$MAG,26857.295,-0.423,-0.457,-0.738,27.7
$IMU,26857.297,20.874,10.864,-1.770,0.08056,0.99121,0.18359,28.77
$IMU,26857.299,21.606,10.498,-1.342,0.07958,0.99414,0.20166,28.77
$IMU,26857.301,22.216,9.948,-1.586,0.10839,0.99316,0.20361,28.77
$IMU,26857.304,22.705,10.009,-1.953,0.13085,0.99853,0.19970,28.77
$MAG,26857.305,-0.415,-0.462,-0.745,27.7
$IMU,26857.306,23.864,9.033,-2.136,0.14843,0.98291,0.17382,28.82
$IMU,26857.308,25.756,6.896,-1.525,0.15625,1.02050,0.29248,28.82
$IMU,26857.311,24.658,11.047,-1.708,0.13916,1.06152,0.28808,28.82
$IMU,26857.313,24.291,13.916,-1.770,0.13378,1.04345,0.28076,28.82
$MAG,26857.315,-0.420,-0.463,-0.750,27.7
$IMU,26857.315,24.597,14.709,-1.220,0.13525,1.02050,0.27734,28.82
$IMU,26857.318,24.963,15.441,-0.732,0.14550,0.99902,0.27294,28.82
$IMU,26857.320,25.329,15.869,-0.671,0.14892,0.99316,0.26757,28.82
$IMU,26857.322,25.817,15.625,-0.854,0.15380,0.99804,0.26660,28.82
$MAG,26857.325,-0.411,-0.463,-0.744,27.6
$IMU,26857.325,26.062,14.282,-0.976,0.15039,1.00000,0.26855,28.82
$IMU,26857.327,25.024,12.878,-0.732,0.14550,1.00097,0.27392,28.82
$IMU,26857.329,23.620,11.352,0.183,0.13574,0.99365,0.26660,28.82
$IMU,26857.332,22.888,9.887,0.915,0.13525,0.98828,0.25537,28.82
$IMU,26857.334,22.827,8.666,2.014,0.13769,0.97705,0.24169,28.82
$MAG,26857.336,-0.409,-0.474,-0.729,27.7
$IMU,26857.336,22.827,7.385,3.356,0.13916,0.97167,0.22460,28.82
$IMU,26857.339,22.644,6.469,4.821,0.13720,0.96337,0.21728,28.82
$IMU,26857.341,22.338,5.371,6.225,0.14453,0.95361,0.22314,28.82
$IMU,26857.343,22.155,3.784,7.385,0.15136,0.92382,0.21630,28.77
$MAG,26857.346,-0.409,-0.468,-0.733,27.8
$IMU,26857.346,22.155,1.525,9.216,0.15966,0.92626,0.24609,28.77
$IMU,26857.348,22.460,6.347,7.507,0.13085,0.95263,0.26953,28.77
$IMU,26857.350,23.986,2.014,5.554,0.13720,1.01757,0.25195,28.77
$IMU,26857.353,23.071,2.563,6.286,0.13037,0.98828,0.27783,28.77
$IMU,26857.355,20.690,2.014,8.178,0.12451,0.97558,0.26904,28.77
$MAG,26857.356,-0.421,-0.472,-0.741,27.6
$BARO,26857.357,86859.99,28.70
$IMU,26857.358,19.348,-0.061,9.338,0.11816,0.96337,0.24462,28.77
$IMU,26857.360,18.371,0.305,10.131,0.11816,0.95556,0.22314,28.77
$IMU,26857.362,16.967,-1.647,10.192,0.10156,0.95849,0.20654,28.79
$IMU,26857.365,15.197,-5.187,10.131,0.08496,0.97412,0.19824,28.79
$MAG,26857.366,-0.412,-0.474,-0.724,27.7
$IMU,26857.367,13.732,-6.835,9.826,0.06738,0.98193,0.19189,28.79
$IMU,26857.369,12.084,-8.972,8.666,0.06152,0.98974,0.19824,28.79
$IMU,26857.372,10.620,-12.023,7.507,0.06054,0.98291,0.18945,28.79
$IMU,26857.374,10.131,-13.977,7.568,0.08300,0.95068,0.16699,28.79
$MAG,26857.376,-0.415,-0.477,-0.738,27.7
$IMU,26857.376,10.620,-16.845,8.422,0.09423,0.95556,0.23535,28.79
$IMU,26857.379,9.948,-15.441,7.995,0.08984,0.98388,0.24072,28.79
$IMU,26857.381,9.948,-12.817,7.812,0.10351,0.98144,0.23144,28.82
$IMU,26857.383,10.375,-11.413,7.812,0.11669,0.97558,0.22753,28.82
$MAG,26857.386,-0.420,-0.480,-0.736,27.7
$IMU,26857.386,10.864,-10.559,7.629,0.14257,0.96875,0.21484,28.82
$IMU,26857.388,11.169,-9.582,8.117,0.17236,0.96728,0.20410,28.82
$IMU,26857.390,10.864,-8.972,8.300,0.18359,0.96875,0.19873,28.82
$IMU,26857.393,9.948,-10.009,7.934,0.16943,0.97656,0.20556,28.82
$IMU,26857.395,8.728,-11.291,7.934,0.14550,0.98632,0.21679,28.82
$MAG,26857.396,-0.412,-0.472,-0.733,27.6
$IMU,26857.397,7.263,-12.329,7.446,0.12255,0.98974,0.21484,28.82
$TIME,26857.399,510751.000,2399
$IMU,26857.400,6.164,-13.610,6.347,0.09960,0.99316,0.20019,28.78
$IMU,26857.402,5.493,-14.404,5.493,0.08349,0.99072,0.17578,28.78
$IMU,26857.404,5.187,-14.465,4.882,0.06933,0.99023,0.14746,28.78
$MAG,26857.406,-0.415,-0.475,-0.726,27.7
$IMU,26857.407,5.187,-14.953,4.272,0.06250,0.96386,0.08105,28.78
$IMU,26857.409,7.385,-18.554,4.760,0.06542,0.96093,0.13818,28.78
$IMU,26857.411,7.507,-16.113,4.333,0.03564,1.02832,0.14746,28.78
$IMU,26857.414,7.568,-12.939,2.136,0.03613,1.02929,0.14404,28.78
$MAG,26857.416,-0.424,-0.478,-0.721,27.6
$IMU,26857.416,7.873,-11.840,0.732,0.03662,1.01855,0.14941,28.78
$IMU,26857.419,8.239,-11.291,0.061,0.06298,1.00292,0.15966,28.77
$IMU,26857.421,7.995,-10.742,-0.366,0.09228,0.99218,0.16308,28.77
$IMU,26857.423,7.446,-9.765,-0.610,0.11279,0.99169,0.16601,28.77
$MAG,26857.426,-0.423,-0.475,-0.727,27.7
$IMU,26857.426,6.652,-8.300,-0.793,0.11376,0.99609,0.17822,28.77
$IMU,26857.428,5.920,-6.347,-0.976,0.11083,1.00000,0.19580,28.77
$IMU,26857.430,5.920,-4.455,-1.403,0.10498,1.00585,0.21191,28.77
$IMU,26857.433,6.225,-2.075,-1.708,0.09814,1.01562,0.21435,28.77
$IMU,26857.435,6.652,-0.122,-1.586,0.11816,1.01806,0.21191,28.77
$MAG,26857.436,-0.423,-0.478,-0.727,27.7
$IMU,26857.437,7.385,0.854,-0.488,0.08300,1.00732,0.20605,28.78
$IMU,26857.440,8.911,1.892,-0.488,0.09228,0.99414,0.18652,28.78
$IMU,26857.442,10.681,3.662,-1.037,0.10302,0.99267,0.17187,28.78
$IMU,26857.444,12.573,4.516,-1.586,0.09765,0.99316,0.18066,28.78
$MAG,26857.447,-0.426,-0.475,-0.729,27.7
$IMU,26857.447,14.465,4.333,-2.258,0.09228,0.99707,0.18554,28.78
$IMU,26857.449,15.808,3.479,-2.685,0.09570,1.00048,0.18750,28.78
$IMU,26857.451,16.601,2.258,-3.051,0.09912,1.00097,0.19384,28.78
$IMU,26857.454,17.333,1.098,-3.540,0.10595,0.99951,0.20507,28.78
$IMU,26857.456,17.883,0.122,-4.089,0.11816,1.01123,0.21679,28.79
$MAG,26857.457,-0.427,-0.475,-0.724,27.7
$IMU,26857.458,18.066,-0.854,-4.333,0.14257,1.01953,0.22509,28.79
$BARO,26857.459,86858.58,28.70
$IMU,26857.461,17.578,-1.037,-4.272,0.14599,1.01611,0.23193,28.79
$IMU,26857.463,17.395,-0.793,-4.272,0.15917,1.01416,0.24072,28.79
$IMU,26857.465,17.639,-0.549,-3.906,0.18017,1.01416,0.25000,28.79
$MAG,26857.467,-0.435,-0.478,-0.717,27.6
$IMU,26857.468,17.944,-0.183,-3.295,0.19433,1.01660,0.25781,28.79
$IMU,26857.470,17.944,-0.183,-2.685,0.18994,1.01367,0.26269,28.79
$IMU,26857.472,17.517,0.122,-2.136,0.17968,1.01123,0.26025,28.79
$IMU,26857.475,17.150,0.305,-1.647,0.16845,1.00488,0.24267,28.76
$MAG,26857.477,-0.423,-0.483,-0.714,27.6
$IMU,26857.477,17.150,0.732,-1.220,0.15527,1.00000,0.23144,28.76
$IMU,26857.480,16.967,1.159,-0.793,0.14794,0.99755,0.22216,28.76
$IMU,26857.482,16.601,1.037,0.122,0.14062,1.00341,0.22265,28.76
$IMU,26857.484,15.930,0.488,1.098,0.12646,1.00683,0.22070,28.76
$MAG,26857.487,-0.418,-0.481,-0.721,27.6
$IMU,26857.487,14.892,0.183,2.136,0.11279,1.01171,0.22070,28.76
$IMU,26857.489,13.793,0.061,2.685,0.09765,1.01367,0.22119,28.76
$IMU,26857.491,12.878,0.122,2.929,0.09863,1.00927,0.22216,28.76
$IMU,26857.494,12.268,-0.061,3.173,0.11035,1.00537,0.22314,28.80
$IMU,26857.496,11.840,-0.610,3.723,0.11962,1.00097,0.22363,28.80
$MAG,26857.497,-0.418,-0.489,-0.711,27.6
$IMU,26857.498,11.535,-1.403,4.272,0.12255,0.99267,0.22656,28.80
$IMU,26857.501,11.413,-2.258,4.882,0.13183,0.98144,0.21875,28.80
$IMU,26857.503,11.108,-2.868,5.371,0.13671,0.96972,0.21093,28.80
$IMU,26857.505,11.230,-3.417,5.676,0.13183,0.96630,0.20605,28.80
$MAG,26857.507,-0.423,-0.481,-0.726,27.7
$IMU,26857.508,11.657,-3.967,5.737,0.12841,0.97021,0.20556,28.80
$IMU,26857.510,12.084,-4.760,5.798,0.12060,0.97509,0.20654,28.80
$IMU,26857.512,12.390,-5.676,5.615,0.11279,0.97900,0.20507,28.78
$IMU,26857.515,12.695,-6.408,5.065,0.10693,0.98388,0.20068,28.78
$MAG,26857.517,-0.430,-0.478,-0.714,27.7
$IMU,26857.517,12.817,-6.835,4.089,0.11035,0.99023,0.19482,28.78
$IMU,26857.519,12.756,-7.019,3.051,0.11132,0.99462,0.18750,28.78
$IMU,26857.522,12.573,-6.774,2.258,0.11816,0.98925,0.18603,28.78
$IMU,26857.524,12.512,-6.286,1.586,0.12109,0.98535,0.17773,28.78
$IMU,26857.526,12.329,-5.432,1.220,0.12548,0.98486,0.18847,28.78
$MAG,26857.527,-0.424,-0.477,-0.709,27.6
$IMU,26857.529,12.390,-4.760,0.976,0.13037,0.98974,0.19775,28.78
$IMU,26857.531,12.634,-4.577,0.854,0.13427,0.99462,0.20263,28.80
$IMU,26857.533,12.939,-4.455,0.610,0.13525,0.99462,0.20117,28.80
$IMU,26857.536,13.061,-4.089,0.305,0.12744,0.99169,0.19726,28.80
$MAG,26857.537,-0.424,-0.481,-0.718,27.8
$IMU,26857.538,13.366,-3.540,-0.305,0.12255,0.99023,0.18750,28.80
$IMU,26857.541,13.671,-2.624,-0.976,0.11425,0.98632,0.18408,28.80
$IMU,26857.543,14.221,-2.075,-1.586,0.10156,0.98437,0.18359,28.80
$IMU,26857.545,14.831,-1.403,-2.075,0.09179,0.97753,0.17968,28.80
$MAG,26857.547,-0.424,-0.487,-0.705,27.6
$IMU,26857.548,15.258,-0.732,-2.624,0.08154,0.97949,0.17431,28.80
$IMU,26857.550,15.625,-0.366,-3.356,0.08154,0.98437,0.17724,28.78
$IMU,26857.552,16.052,-0.427,-4.150,0.08935,0.97509,0.17724,28.78
$IMU,26857.555,16.784,-0.854,-5.554,0.09179,0.97216,0.17089,28.78
$MAG,26857.557,-0.418,-0.486,-0.706,27.7
$IMU,26857.557,19.104,0.000,-6.958,0.09765,1.00244,0.15966,28.78
$IMU,26857.559,19.042,1.464,-7.507,0.09179,1.01123,0.17187,28.78
$BARO,26857.560,86863.82,28.70
$IMU,26857.562,18.188,1.953,-7.873,0.08740,1.01025,0.17578,28.78
$IMU,26857.564,17.761,2.746,-8.605,0.09082,1.01025,0.17089,28.78
$IMU,26857.566,17.639,3.967,-9.643,0.09472,1.01220,0.16259,28.78
$MAG,26857.568,-0.429,-0.478,-0.714,27.6
$IMU,26857.569,17.395,5.310,-10.925,0.09863,1.01269,0.16015,28.81
$IMU,26857.571,17.517,6.103,-11.962,0.10644,1.01562,0.15673,28.81
$IMU,26857.573,17.395,6.652,-12.817,0.10839,1.01513,0.15478,28.81
$IMU,26857.576,17.150,6.896,-13.305,0.09960,1.01660,0.16259,28.81
$MAG,26857.578,-0.417,-0.486,-0.711,27.7
$IMU,26857.578,16.601,6.835,-13.793,0.08984,1.02246,0.17431,28.81
$IMU,26857.580,15.747,6.652,-14.099,0.08935,1.02490,0.17236,28.81
$IMU,26857.583,14.221,6.835,-14.282,0.10009,1.02636,0.16748,28.81
$IMU,26857.585,12.390,7.446,-14.099,0.11181,1.02343,0.16748,28.81
$IMU,26857.587,10.437,8.178,-13.854,0.12695,1.01708,0.16992,28.78
$MAG,26857.588,-0.415,-0.481,-0.706,27.6
$IMU,26857.590,8.850,8.789,-13.244,0.13330,1.01416,0.17382,28.78
$IMU,26857.592,7.629,9.521,-12.512,0.14648,1.02392,0.17382,28.78
$IMU,26857.594,6.469,10.498,-11.474,0.14941,1.02441,0.17138,28.78
$IMU,26857.597,5.615,11.535,-10.375,0.14306,1.02197,0.16699,28.78
$MAG,26857.598,-0.412,-0.487,-0.715,27.6
$IMU,26857.599,5.065,12.268,-9.399,0.13720,1.01171,0.16357,28.78
$IMU,26857.602,4.516,12.573,-8.483,0.13085,1.00048,0.15722,28.78
$IMU,26857.604,3.967,12.573,-7.812,0.12304,0.99951,0.15332,28.78
$IMU,26857.606,3.662,12.145,-7.324,0.11621,1.00195,0.15478,28.77
$MAG,26857.608,-0.409,-0.489,-0.708,27.7
$IMU,26857.609,2.929,11.352,-6.591,0.10351,1.00585,0.15673,28.77
$IMU,26857.611,1.892,10.253,-5.737,0.10253,1.01171,0.15673,28.77
$IMU,26857.613,0.610,8.850,-5.065,0.09912,1.00390,0.15722,28.77
$IMU,26857.616,-0.488,7.446,-4.272,0.09667,1.00390,0.15771,28.77
$MAG,26857.618,-0.417,-0.484,-0.702,27.6
$IMU,26857.618,-1.098,6.164,-3.601,0.09326,1.00488,0.15771,28.77
$IMU,26857.620,-1.281,5.615,-3.173,0.08935,0.99658,0.15332,28.77
$IMU,26857.623,-0.976,5.126,-2.990,0.09179,0.99072,0.14892,28.77
$IMU,26857.625,-0.366,5.004,-2.563,0.09277,0.98388,0.14453,28.76
$IMU,26857.627,0.671,4.638,-1.892,0.09277,0.97607,0.14746,28.76
$MAG,26857.628,-0.415,-0.490,-0.711,27.7
$IMU,26857.630,1.770,3.906,-0.976,0.09179,0.97998,0.14843,28.76
$IMU,26857.632,2.624,3.173,-0.244,0.08642,0.98291,0.14306,28.76
$IMU,26857.634,3.662,2.563,0.366,0.08837,0.97851,0.13916,28.76
$IMU,26857.637,4.638,2.258,0.366,0.08984,0.97314,0.14208,28.76
$MAG,26857.638,-0.414,-0.481,-0.718,28.0
$IMU,26857.639,5.676,1.403,0.549,0.09277,0.97167,0.14648,28.76
$IMU,26857.641,6.652,0.366,0.793,0.09375,0.96972,0.14648,28.76
$IMU,26857.644,7.507,-0.427,0.854,0.09326,0.96826,0.14941,28.80
$IMU,26857.646,8.422,-1.037,0.793,0.10351,0.97119,0.15966,28.80
$MAG,26857.648,-0.429,-0.486,-0.699,27.7
$IMU,26857.648,8.972,-1.708,0.732,0.10253,0.97753,0.17187,28.80
$IMU,26857.651,9.155,-2.502,0.610,0.10546,0.98486,0.18017,28.80
$IMU,26857.653,9.338,-3.601,0.305,0.10791,0.98046,0.17626,28.80
$IMU,26857.655,9.155,-4.455,0.061,0.11035,0.98046,0.16845,28.80
$MAG,26857.658,-0.420,-0.490,-0.708,27.7
$IMU,26857.658,9.094,-5.554,0.061,0.10937,0.98339,0.15820,28.80
$IMU,26857.660,8.789,-6.347,0.244,0.10253,0.98632,0.15429,28.80
$BARO,26857.662,86867.40,28.71
$IMU,26857.662,8.239,-6.103,0.061,0.09472,0.99755,0.13867,28.76
$IMU,26857.665,7.507,-5.981,-0.061,0.09033,1.00537,0.13818,28.76
$IMU,26857.667,6.896,-6.408,0.061,0.10205,1.00927,0.14404,28.76
$MAG,26857.668,-0.417,-0.487,-0.712,27.7
$IMU,26857.670,6.103,-7.263,0.183,0.08984,1.00292,0.14453,28.76
$IMU,26857.672,5.493,-7.934,0.183,0.10302,1.00244,0.14404,28.76
$IMU,26857.674,5.187,-7.873,-0.183,0.10449,1.00048,0.13476,28.76
$IMU,26857.677,5.187,-6.774,-0.915,0.10986,0.99414,0.12255,28.76
$MAG,26857.679,-0.420,-0.492,-0.700,27.7
$IMU,26857.679,5.126,-4.821,-1.708,0.11767,0.99414,0.10986,28.76
$IMU,26857.681,5.371,-2.563,-2.441,0.11865,0.98828,0.10449,28.79
$IMU,26857.684,5.859,-0.610,-2.868,0.11132,0.99267,0.10742,28.79
$IMU,26857.686,6.469,0.610,-3.112,0.10449,1.00292,0.11669,28.79
$IMU,26857.688,6.958,1.037,-3.295,0.09960,1.00097,0.11181,28.79
$MAG,26857.689,-0.415,-0.486,-0.705,27.7
$IMU,26857.691,7.019,1.831,-3.601,0.09667,1.00439,0.10302,28.79
$IMU,26857.693,6.958,2.685,-4.150,0.09912,1.00195,0.09814,28.79
$IMU,26857.695,6.958,3.479,-4.699,0.08984,1.00341,0.10058,28.79
$IMU,26857.698,6.835,3.906,-4.760,0.08740,1.01123,0.10888,28.79
$MAG,26857.699,-0.417,-0.493,-0.702,27.7
$IMU,26857.700,6.469,4.333,-4.638,0.09375,1.01513,0.12011,28.78
$IMU,26857.702,6.164,4.699,-4.638,0.09472,1.01708,0.12255,28.78
$IMU,26857.705,6.103,5.004,-4.821,0.10107,1.01171,0.12060,28.78
$IMU,26857.707,6.408,5.615,-5.187,0.10449,0.99951,0.12500,28.78
$MAG,26857.709,-0.415,-0.499,-0.714,27.6
$IMU,26857.709,7.324,6.042,-5.493,0.10107,0.99267,0.12646,28.78
$IMU,26857.712,8.483,6.408,-5.676,0.10644,0.98681,0.12792,28.78
$IMU,26857.714,9.399,7.141,-5.737,0.10986,0.98779,0.12500,28.78
$IMU,26857.716,10.314,7.629,-5.798,0.11132,0.98242,0.12597,28.78
$MAG,26857.719,-0.414,-0.493,-0.699,27.6
$IMU,26857.719,11.474,7.812,-5.798,0.11328,0.97607,0.13085,28.78
$IMU,26857.721,12.512,7.812,-5.920,0.11132,0.93798,0.13720,28.78
$IMU,26857.723,15.991,7.934,-7.019,0.11035,0.98925,0.10937,28.78
$IMU,26857.726,17.150,8.361,-7.202,0.10107,0.98437,0.13232,28.78
$IMU,26857.728,17.150,7.812,-6.713,0.09716,1.00390,0.13037,28.78
$MAG,26857.729,-0.415,-0.490,-0.702,27.7
$IMU,26857.731,16.479,7.263,-6.103,0.09570,1.00781,0.13574,28.78
$IMU,26857.733,15.563,6.835,-5.798,0.10205,1.01513,0.13330,28.78
$IMU,26857.735,14.953,6.652,-5.798,0.10205,1.01806,0.13378,28.78
$IMU,26857.738,14.648,6.591,-6.164,0.10595,1.01416,0.13330,28.82
$MAG,26857.739,-0.408,-0.493,-0.700,27.6
$IMU,26857.740,14.526,6.713,-6.530,0.11376,0.99804,0.12841,28.82
$HUM,26857.742,34.0,29.1
$IMU,26857.742,14.648,6.713,-6.713,0.11132,0.98779,0.12500,28.82
$IMU,26857.745,14.953,6.652,-6.774,0.10302,0.98583,0.12939,28.82
$IMU,26857.747,14.892,6.408,-6.591,0.09619,0.99169,0.13427,28.82
$MAG,26857.749,-0.409,-0.490,-0.694,27.7
$IMU,26857.749,14.343,5.798,-6.347,0.09179,1.00683,0.14843,28.82
$IMU,26857.752,13.366,4.943,-5.920,0.08984,1.01904,0.14990,28.82
$IMU,26857.754,12.084,4.272,-5.554,0.08935,1.02783,0.14892,28.82
$IMU,26857.756,10.986,3.662,-5.187,0.08935,1.02783,0.14941,28.78
$MAG,26857.759,-0.408,-0.505,-0.702,27.8
$IMU,26857.759,10.131,3.295,-4.943,0.09716,1.02734,0.14794,28.78
$IMU,26857.761,9.033,3.295,-4.760,0.10205,1.02441,0.14355,28.78
$BARO,26857.763,86852.48,28.71
$IMU,26857.763,8.056,3.173,-4.394,0.10449,1.01757,0.14501,28.78
$IMU,26857.766,7.324,3.112,-3.601,0.10498,1.00976,0.14208,28.78
$IMU,26857.768,6.835,2.746,-2.990,0.10937,1.00634,0.13867,28.78
$MAG,26857.769,-0.409,-0.493,-0.696,27.7
$IMU,26857.770,6.286,2.502,-2.380,0.10839,1.01123,0.14208,28.78
$IMU,26857.773,5.432,1.953,-1.892,0.09863,1.01513,0.14306,28.78
$IMU,26857.775,4.394,1.464,-1.342,0.09619,1.02050,0.14306,28.80
$IMU,26857.777,3.051,0.976,-0.671,0.10156,1.02490,0.14404,28.80
$MAG,26857.779,-0.414,-0.498,-0.691,27.7
$IMU,26857.780,2.075,0.305,-0.061,0.10595,1.02197,0.14306,28.80
$IMU,26857.782,1.342,-0.427,0.427,0.11181,1.02099,0.14208,28.80
$IMU,26857.784,0.793,-1.037,0.732,0.11865,1.02294,0.14599,28.80
$IMU,26857.787,0.366,-1.770,0.976,0.12255,1.02050,0.14843,28.80
$IMU,26857.789,-0.183,-2.075,1.220,0.12939,1.01855,0.14843,28.80
$MAG,26857.790,-0.409,-0.499,-0.699,27.7
$IMU,26857.792,-0.671,-2.441,1.586,0.12988,1.02050,0.14794,28.80
$IMU,26857.794,-1.159,-2.929,2.075,0.12011,1.02050,0.14257,28.80
$IMU,26857.796,-1.708,-3.417,2.441,0.11474,1.02197,0.14404,28.80
$IMU,26857.799,-2.197,-4.516,2.685,0.11279,1.02880,0.14404,28.80
$MAG,26857.800,-0.403,-0.490,-0.691,27.7
$IMU,26857.801,-3.051,-5.798,2.807,0.10986,1.02880,0.14208,28.80
$IMU,26857.803,-4.211,-6.774,3.112,0.10839,1.02685,0.13427,28.80
$IMU,26857.806,-5.187,-7.141,3.417,0.11230,1.02001,0.12890,28.80
$IMU,26857.808,-5.615,-7.141,3.479,0.11962,1.01269,0.12353,28.80
$MAG,26857.810,-0.409,-0.496,-0.690,27.7
$IMU,26857.810,-5.493,-6.958,3.540,0.12207,1.01123,0.12109,28.80
$IMU,26857.813,-5.126,-6.713,3.417,0.12353,1.00634,0.11816,28.81
$IMU,26857.815,-4.699,-6.774,3.295,0.11523,1.00585,0.11962,28.81
$IMU,26857.817,-4.577,-6.774,3.295,0.11669,1.00781,0.11474,28.81
$MAG,26857.820,-0.417,-0.487,-0.690,27.7
$IMU,26857.820,-4.394,-6.896,3.173,0.11083,1.00683,0.11328,28.81
$IMU,26857.822,-4.394,-6.591,2.807,0.10595,1.00976,0.10156,28.81
$IMU,26857.824,-4.516,-5.371,2.258,0.10449,1.00683,0.09130,28.81
$IMU,26857.827,-4.516,-3.723,1.525,0.10742,1.00292,0.08740,28.81
$IMU,26857.829,-4.394,-2.075,0.854,0.10400,1.00244,0.09570,28.81
$MAG,26857.830,-0.415,-0.493,-0.696,27.7
$IMU,26857.831,-4.150,-0.732,0.244,0.10205,1.00341,0.09960,28.82
$IMU,26857.834,-3.723,0.305,-0.244,0.10009,1.00683,0.10351,28.82
$IMU,26857.836,-3.173,1.220,-0.793,0.09130,1.00585,0.10205,28.82
$IMU,26857.838,-2.502,2.502,-1.403,0.09130,1.00000,0.09375,28.82
$MAG,26857.840,-0.408,-0.501,-0.703,27.7
$IMU,26857.841,-1.586,3.967,-2.075,0.08984,0.98925,0.08447,28.82
$IMU,26857.843,-0.061,5.249,-2.624,0.09033,0.97802,0.07714,28.82
$IMU,26857.845,1.770,5.859,-3.234,0.08984,0.97802,0.07958,28.82
$IMU,26857.848,3.662,6.225,-3.784,0.08984,0.98486,0.08544,28.82
$IMU,26857.850,5.187,6.530,-4.455,0.08789,0.98681,0.09179,28.82
$MAG,26857.850,-0.414,-0.504,-0.694,27.7
$IMU,26857.853,6.103,7.019,-5.126,0.08251,0.99267,0.09375,28.82
$IMU,26857.855,6.469,7.568,-5.554,0.09228,0.99218,0.09570,28.82
$IMU,26857.857,6.469,8.117,-5.859,0.09375,0.99462,0.10009,28.82
$MAG,26857.860,-0.414,-0.492,-0.691,27.7
$IMU,26857.860,6.591,8.361,-6.042,0.10058,1.00195,0.10302,28.82
$IMU,26857.862,6.835,8.483,-6.347,0.10595,1.00390,0.11328,28.82
$IMU,26857.864,6.958,8.422,-6.652,0.10644,1.00927,0.11816,28.82
$BARO,26857.865,86859.53,28.71
$IMU,26857.867,6.469,8.300,-6.774,0.10742,1.01220,0.12353,28.82
$IMU,26857.869,5.615,7.934,-6.652,0.10986,1.00878,0.12792,28.77
$MAG,26857.870,-0.421,-0.502,-0.696,28.1
$IMU,26857.871,4.638,7.873,-6.469,0.10937,1.01269,0.13232,28.77
$IMU,26857.874,3.845,7.873,-6.225,0.11718,1.00976,0.13281,28.77
$IMU,26857.876,3.356,7.995,-6.103,0.12109,1.01123,0.13476,28.77
$IMU,26857.878,2.990,8.117,-5.981,0.12500,1.01367,0.14550,28.77
$MAG,26857.880,-0.412,-0.496,-0.699,27.8
$IMU,26857.881,2.624,8.178,-5.737,0.12207,1.01660,0.14746,28.77
$IMU,26857.883,1.953,8.544,-5.554,0.12109,1.01953,0.15136,28.77
$IMU,26857.885,1.403,8.666,-5.554,0.11767,1.01806,0.15478,28.77
$IMU,26857.888,0.976,8.605,-5.310,0.11816,1.00927,0.15039,28.80
$MAG,26857.890,-0.408,-0.496,-0.685,27.7
$IMU,26857.890,0.427,8.422,-4.943,0.11816,1.01123,0.14599,28.80
$IMU,26857.892,0.122,8.178,-4.333,0.10888,1.01367,0.13818,28.80
$IMU,26857.895,-0.122,7.934,-3.845,0.10351,1.01367,0.14062,28.80
$IMU,26857.897,-0.732,8.056,-3.417,0.09814,1.01464,0.14062,28.80
$IMU,26857.899,-1.342,7.690,-2.868,0.09277,1.01562,0.14306,28.80
$MAG,26857.900,-0.405,-0.495,-0.687,27.7
$IMU,26857.902,-1.647,7.202,-2.319,0.09033,1.00781,0.13916,28.80
$IMU,26857.904,-1.342,6.896,-1.708,0.08789,1.00000,0.13427,28.80
$IMU,26857.906,-1.098,6.652,-1.220,0.09375,0.99316,0.12744,28.80
$IMU,26857.909,-0.976,6.164,-0.793,0.09765,1.00341,0.12890,28.80
$MAG,26857.911,-0.406,-0.499,-0.691,27.8
$IMU,26857.911,-1.525,5.310,-0.427,0.08935,1.00683,0.13574,28.80
$IMU,26857.914,-2.319,4.150,0.061,0.08935,1.00781,0.13964,28.80
$IMU,26857.916,-3.295,3.417,0.549,0.08935,1.00048,0.13476,28.80
$IMU,26857.918,-3.906,2.746,0.976,0.09814,0.99658,0.13085,28.80
$MAG,26857.921,-0.402,-0.492,-0.696,27.7
$IMU,26857.921,-4.089,2.380,1.281,0.10058,0.98339,0.12841,28.80
$IMU,26857.923,-3.784,1.770,1.708,0.10205,0.98242,0.12841,28.80
$IMU,26857.925,-3.356,1.220,2.258,0.09570,0.98437,0.13623,28.85
$IMU,26857.928,-2.868,0.549,2.685,0.08935,0.98388,0.13476,28.85
$IMU,26857.930,-2.502,0.122,2.929,0.08203,0.98437,0.13183,28.85
$MAG,26857.931,-0.406,-0.496,-0.699,27.7
$IMU,26857.932,-2.136,-0.183,2.990,0.07666,0.98730,0.12646,28.85
$IMU,26857.935,-1.770,-0.732,3.051,0.08105,0.98486,0.12060,28.85
$IMU,26857.937,-1.220,-0.915,2.990,0.08056,0.98388,0.11328,28.85
$IMU,26857.939,-0.671,-0.854,2.868,0.07666,0.97900,0.10546,28.85
$MAG,26857.941,-0.409,-0.498,-0.693,27.6
$IMU,26857.942,-0.122,-0.549,2.685,0.07519,0.97753,0.10253,28.85
$IMU,26857.944,0.183,-0.061,2.441,0.07421,0.98144,0.10546,28.80
$IMU,26857.946,0.671,0.061,2.197,0.07568,0.97998,0.10302,28.80
$IMU,26857.949,1.098,0.122,1.831,0.07568,0.98388,0.10498,28.80
$IMU,26857.951,1.525,0.183,1.220,0.07861,0.99169,0.10205,28.80
$MAG,26857.951,-0.405,-0.490,-0.693,27.8
$IMU,26857.953,2.014,0.122,0.671,0.07861,0.99609,0.10253,28.80
$IMU,26857.956,2.136,0.427,0.122,0.07128,0.99804,0.09863,28.80
$IMU,26857.958,2.258,0.305,-0.183,0.07128,0.99902,0.09667,28.80
$IMU,26857.960,2.258,0.427,-0.488,0.07080,1.00341,0.09375,28.80
$MAG,26857.961,-0.414,-0.496,-0.697,27.8
$IMU,26857.963,2.624,0.305,-0.915,0.06640,1.00195,0.08984,28.80
$IMU,26857.965,2.868,0.366,-1.464,0.06884,1.00341,0.08935,28.80
$BARO,26857.966,86860.33,28.71
$IMU,26857.967,2.990,0.671,-2.014,0.06640,1.00146,0.09082,28.80
$IMU,26857.970,3.173,0.915,-2.624,0.07080,1.00195,0.09326,28.80
$MAG,26857.971,-0.405,-0.505,-0.696,27.8
$IMU,26857.972,3.234,0.976,-2.990,0.07324,1.00537,0.09667,28.80
$IMU,26857.975,3.234,0.793,-3.173,0.07763,1.00585,0.10058,28.80
$IMU,26857.977,3.234,0.976,-3.417,0.07861,1.01025,0.10498,28.80
$IMU,26857.979,3.051,1.647,-3.906,0.08007,1.01220,0.11328,28.80
$MAG,26857.981,-0.412,-0.496,-0.688,27.8
$IMU,26857.982,2.746,1.953,-4.272,0.08984,1.01074,0.12109,28.80
$IMU,26857.984,2.319,2.197,-4.577,0.09375,1.01416,0.12890,28.80
$IMU,26857.986,1.708,2.075,-4.943,0.10351,1.01757,0.13769,28.80
$IMU,26857.989,0.854,1.953,-5.004,0.10937,1.01660,0.14111,28.80
$MAG,26857.991,-0.409,-0.502,-0.688,27.7
$IMU,26857.991,0.000,2.014,-5.187,0.11523,1.01757,0.14355,28.80
$IMU,26857.993,-1.037,2.624,-5.493,0.12402,1.01562,0.14843,28.80
$IMU,26857.996,-1.892,3.234,-5.737,0.13037,1.01025,0.14550,28.80
$IMU,26857.998,-2.136,3.784,-5.859,0.13134,1.00976,0.14453,28.80
$IMU,26858.000,-2.136,4.333,-5.798,0.13183,1.00537,0.14306,28.82
$MAG,26858.001,-0.406,-0.501,-0.697,28.1
$IMU,26858.003,-2.014,4.577,-5.676,0.12207,1.00634,0.14355,28.82
$IMU,26858.005,-2.014,4.821,-5.554,0.11572,1.00878,0.13916,28.82
$IMU,26858.007,-1.953,5.249,-5.554,0.11376,1.01074,0.13183,28.82
$IMU,26858.010,-1.770,5.493,-5.554,0.10595,1.01269,0.12841,28.82
$MAG,26858.011,-0.408,-0.501,-0.688,27.7
$IMU,26858.012,-1.525,5.798,-5.615,0.10009,1.01269,0.12695,28.82
$IMU,26858.014,-1.098,5.371,-5.554,0.08984,1.02001,0.12597,28.82
$IMU,26858.017,-0.732,5.249,-5.432,0.08544,1.02246,0.12451,28.82
$IMU,26858.019,-0.671,5.004,-5.432,0.07763,1.02246,0.12353,28.78
$MAG,26858.021,-0.408,-0.487,-0.699,27.7
$IMU,26858.021,-0.732,4.699,-5.432,0.07470,1.02490,0.12109,28.78
$IMU,26858.024,-0.976,4.455,-5.249,0.07861,1.01513,0.12646,28.78
$IMU,26858.026,-0.976,3.784,-5.004,0.09082,1.01269,0.13134,28.78
$IMU,26858.028,-0.854,3.479,-4.638,0.10400,1.00927,0.13427,28.78
$IMU,26858.031,-0.610,3.051,-4.211,0.10839,1.01220,0.14257,28.78
$MAG,26858.032,-0.406,-0.498,-0.697,27.8
$IMU,26858.033,-0.427,2.746,-3.967,0.10839,1.01660,0.15185,28.78
$IMU,26858.036,-0.244,2.441,-3.662,0.10546,1.02197,0.15234,28.78
$IMU,26858.038,-0.305,2.136,-3.356,0.10498,1.02099,0.14501,28.80
$IMU,26858.040,-0.549,1.892,-2.990,0.10253,1.02050,0.14160,28.80
$MAG,26858.042,-0.408,-0.501,-0.700,27.7
$IMU,26858.043,-0.793,1.953,-2.807,0.09326,1.01123,0.13525,28.80
$IMU,26858.045,-1.037,2.014,-2.807,0.08642,1.00683,0.13330,28.80
$IMU,26858.047,-1.159,1.831,-2.746,0.08544,1.00146,0.13330,28.80
$IMU,26858.050,-1.220,1.159,-2.502,0.08349,1.00146,0.13378,28.80
$MAG,26858.052,-0.406,-0.499,-0.702,27.7
$IMU,26858.052,-1.403,0.244,-2.197,0.07617,1.00097,0.13281,28.80
$IMU,26858.054,-1.586,-0.671,-2.014,0.07128,1.00732,0.13085,28.80
$IMU,26858.057,-1.953,-1.220,-1.953,0.06835,1.00927,0.13134,28.84
$IMU,26858.059,-2.258,-1.586,-1.892,0.07177,1.00878,0.13378,28.84
$IMU,26858.061,-2.441,-1.770,-1.892,0.07617,1.00830,0.13232,28.84
$MAG,26858.062,-0.408,-0.490,-0.694,27.8
$IMU,26858.064,-2.502,-1.953,-1.892,0.08007,1.00537,0.12841,28.84
$IMU,26858.066,-2.380,-1.892,-1.892,0.08007,0.99658,0.13232,28.84
$BARO,26858.068,86865.79,28.71
$IMU,26858.068,-2.258,-2.014,-1.892,0.07421,0.98974,0.13134,28.84
$IMU,26858.071,-2.258,-2.258,-1.647,0.07324,0.98925,0.12500,28.84
$MAG,26858.072,-0.411,-0.486,-0.696,28.0
$IMU,26858.073,-2.319,-2.563,-1.342,0.06933,0.98681,0.12695,28.84
$IMU,26858.075,-2.258,-3.173,-0.976,0.06445,0.98730,0.11914,28.77
$IMU,26858.078,-2.319,-3.479,-0.793,0.05664,0.99023,0.11328,28.77
$IMU,26858.080,-2.319,-3.601,-0.732,0.05273,0.99316,0.11230,28.77
$MAG,26858.082,-0.412,-0.499,-0.697,27.7
$IMU,26858.082,-2.380,-3.967,-0.732,0.05615,0.99462,0.11669,28.77
$IMU,26858.085,-2.197,-4.455,-0.854,0.06054,0.99267,0.12207,28.77
$IMU,26858.087,-1.953,-5.310,-0.976,0.06591,0.98925,0.12060,28.77
$IMU,26858.089,-1.770,-5.676,-1.220,0.07177,0.98339,0.11621,28.77
$MAG,26858.092,-0.405,-0.498,-0.696,27.7
$IMU,26858.092,-1.708,-5.554,-1.342,0.07031,0.97802,0.11132,28.77
$IMU,26858.094,-1.586,-4.760,-1.525,0.07226,0.97900,0.11083,28.75
$IMU,26858.096,-1.281,-3.967,-1.586,0.07617,0.98095,0.10937,28.75
$IMU,26858.099,-1.098,-2.807,-2.014,0.07568,0.98291,0.10205,28.75
$IMU,26858.101,-0.732,-1.708,-2.258,0.08056,0.98437,0.10400,28.75
$MAG,26858.102,-0.408,-0.502,-0.694,27.7
$IMU,26858.104,-0.488,-0.854,-2.502,0.07812,0.98535,0.11425,28.75
$IMU,26858.106,-0.366,-0.122,-2.624,0.08105,0.98974,0.11621,28.75
$IMU,26858.108,-0.488,0.000,-2.685,0.08398,0.99365,0.11767,28.75
$IMU,26858.111,-0.976,0.122,-2.563,0.08349,0.99902,0.12060,28.75
$MAG,26858.112,-0.402,-0.492,-0.691,27.7
$IMU,26858.113,-1.525,-0.061,-2.441,0.08349,1.00585,0.12207,28.81
$IMU,26858.115,-2.075,-0.427,-2.319,0.07568,1.01220,0.12255,28.81
$IMU,26858.118,-2.685,-0.671,-2.197,0.07617,1.00830,0.12060,28.81
$IMU,26858.120,-3.173,-0.488,-2.197,0.07373,1.00341,0.11279,28.81
$MAG,26858.122,-0.402,-0.498,-0.700,27.7
$IMU,26858.122,-3.540,0.122,-2.319,0.07617,0.99169,0.10156,28.81
$IMU,26858.125,-3.417,0.732,-2.441,0.07812,0.98535,0.10498,28.81
$IMU,26858.127,-3.051,1.159,-2.441,0.07910,0.98242,0.10937,28.81
$IMU,26858.129,-2.624,1.403,-2.258,0.07861,0.99218,0.11376,28.81
$MAG,26858.132,-0.391,-0.498,-0.702,27.7
$IMU,26858.132,-2.319,1.525,-2.258,0.07617,0.99609,0.11572,28.78
$IMU,26858.134,-2.441,1.953,-2.197,0.07470,0.99658,0.11816,28.78
$IMU,26858.136,-2.624,2.258,-2.380,0.08007,0.99707,0.11767,28.78
$IMU,26858.139,-2.441,2.258,-2.441,0.08203,1.00097,0.12402,28.78
$IMU,26858.141,-2.014,2.014,-2.441,0.08837,1.00537,0.12548,28.78
$MAG,26858.143,-0.399,-0.502,-0.699,27.7
$IMU,26858.143,-1.525,1.831,-2.258,0.09570,1.00488,0.12451,28.78
$IMU,26858.146,-1.098,1.770,-2.197,0.09814,1.00146,0.12744,28.78
$IMU,26858.148,-0.793,1.708,-2.075,0.09765,0.99902,0.13134,28.78
$IMU,26858.150,-0.488,1.525,-2.075,0.09326,0.99316,0.13330,28.78
$MAG,26858.153,-0.403,-0.490,-0.694,27.6
$IMU,26858.153,-0.244,1.342,-2.075,0.09423,0.99755,0.13720,28.78
$IMU,26858.155,-0.061,1.159,-2.136,0.09228,0.99755,0.13720,28.78
$IMU,26858.157,0.000,0.976,-2.197,0.08886,0.99951,0.13916,28.78
$IMU,26858.160,-0.061,0.854,-2.319,0.08935,1.00341,0.13916,28.78
$IMU,26858.162,-0.122,0.427,-2.380,0.08935,1.00244,0.13916,28.78
$MAG,26858.163,-0.400,-0.493,-0.702,27.7
$IMU,26858.165,-0.244,0.183,-2.197,0.08349,1.00683,0.13574,28.78
$IMU,26858.167,-0.244,-0.366,-2.014,0.08056,1.01025,0.13183,28.78
$BARO,26858.169,86861.50,28.71
$IMU,26858.169,-0.427,-0.793,-2.075,0.07275,1.01367,0.12792,28.82
$IMU,26858.172,-0.732,-1.098,-2.075,0.06933,1.00878,0.12597,28.82
$MAG,26858.173,-0.406,-0.502,-0.702,27.7
$IMU,26858.174,-1.098,-1.098,-1.892,0.07421,1.00976,0.12597,28.82
$IMU,26858.176,-1.037,-1.525,-1.770,0.07812,1.00683,0.12109,28.82
$IMU,26858.179,-0.793,-1.708,-1.586,0.07714,1.00244,0.11865,28.82
$IMU,26858.181,-0.366,-1.831,-1.647,0.07275,0.99658,0.12109,28.82
$MAG,26858.183,-0.402,-0.501,-0.705,27.8
$IMU,26858.183,0.244,-1.953,-1.892,0.07470,1.00146,0.12207,28.82
$IMU,26858.186,0.610,-1.953,-2.014,0.07519,1.00585,0.11767,28.82
$IMU,26858.188,0.732,-2.014,-2.014,0.07421,1.00244,0.11718,28.81
$IMU,26858.190,0.671,-2.380,-1.953,0.07666,1.00537,0.12109,28.81
$MAG,26858.193,-0.405,-0.507,-0.693,27.6
$IMU,26858.193,0.427,-2.868,-1.708,0.07373,1.00781,0.12255,28.81
$IMU,26858.195,0.061,-3.234,-1.464,0.06933,1.01074,0.12890,28.81
$IMU,26858.197,-0.366,-3.723,-1.281,0.07226,1.00976,0.13134,28.81
$IMU,26858.200,-0.732,-3.906,-1.098,0.07763,1.00732,0.12939,28.81
$IMU,26858.202,-0.976,-4.272,-0.732,0.08105,1.00781,0.12548,28.81
$MAG,26858.203,-0.409,-0.490,-0.700,27.7
$IMU,26858.204,-1.342,-4.577,-0.122,0.08300,1.00781,0.12548,28.81
$IMU,26858.207,-1.464,-4.516,0.305,0.08154,1.00634,0.12207,28.78
$IMU,26858.209,-1.220,-4.455,0.488,0.08203,1.00537,0.11767,28.78
$IMU,26858.211,-0.854,-4.333,0.610,0.07763,1.00927,0.11718,28.78
$MAG,26858.213,-0.400,-0.498,-0.691,27.6
$IMU,26858.214,-0.427,-4.394,0.671,0.07177,1.00976,0.12109,28.78
$IMU,26858.216,-0.366,-4.455,0.854,0.07177,1.01171,0.12500,28.78
$IMU,26858.218,-0.488,-4.577,0.976,0.07617,1.00781,0.12792,28.78
$VBAT,26858.220,4.113
$IMU,26858.221,-0.732,-4.699,1.220,0.08251,1.01123,0.13183,28.78
$MAG,26858.223,-0.405,-0.493,-0.697,27.7
$IMU,26858.223,-1.220,-4.516,1.342,0.07958,1.00830,0.13574,28.78
$IMU,26858.226,-1.647,-4.089,1.342,0.08398,1.00146,0.14062,28.78
$IMU,26858.228,-1.831,-3.723,1.098,0.09277,0.99658,0.14062,28.78
$IMU,26858.230,-2.014,-3.234,0.915,0.09423,0.99560,0.13623,28.78
$MAG,26858.233,-0.397,-0.496,-0.708,27.6
$IMU,26858.233,-2.197,-2.868,0.854,0.09082,0.99169,0.13281,28.78
$IMU,26858.235,-2.136,-2.563,0.610,0.08740,0.99755,0.12451,28.78
$IMU,26858.237,-1.953,-2.136,0.366,0.08447,0.99804,0.12109,28.78
$IMU,26858.240,-1.464,-1.708,0.122,0.08398,0.99755,0.11474,28.78
$IMU,26858.242,-1.098,-1.098,-0.122,0.08203,0.99902,0.11376,28.78
$MAG,26858.243,-0.400,-0.496,-0.705,27.7
$IMU,26858.244,-0.793,-0.793,-0.366,0.08251,1.00537,0.11425,28.82
$IMU,26858.247,-0.732,-0.549,-0.610,0.08447,1.00341,0.11816,28.82
$IMU,26858.249,-0.915,-0.305,-0.732,0.08593,1.00341,0.12060,28.82
$IMU,26858.251,-0.976,-0.183,-0.976,0.08789,1.00683,0.12207,28.82
$MAG,26858.253,-0.403,-0.496,-0.691,27.7
$IMU,26858.254,-1.159,0.122,-1.037,0.08691,1.01171,0.12304,28.82
$IMU,26858.256,-1.159,0.549,-1.220,0.08496,1.01367,0.12060,28.82
$IMU,26858.258,-1.342,1.159,-1.159,0.08496,1.01367,0.12597,28.82
$IMU,26858.261,-1.586,1.281,-1.037,0.08300,1.01464,0.12939,28.82
$IMU,26858.263,-2.075,1.098,-0.915,0.07910,1.01562,0.13085,28.81
$MAG,26858.264,-0.408,-0.498,-0.705,27.7
$IMU,26858.265,-2.624,0.610,-0.854,0.06835,1.01220,0.13427,28.81
$IMU,26858.268,-3.051,0.244,-0.854,0.06542,1.01318,0.13037,28.81
$BARO,26858.270,86859.94,28.71
$IMU,26858.270,-3.479,0.549,-0.976,0.06933,1.00634,0.12939,28.81
$IMU,26858.272,-3.601,0.915,-1.037,0.07177,1.00732,0.13769,28.81
$MAG,26858.274,-0.391,-0.499,-0.702,27.6
$IMU,26858.275,-3.417,0.915,-0.915,0.07617,1.00195,0.14111,28.81
$IMU,26858.277,-3.356,0.976,-0.610,0.07958,0.99707,0.13769,28.81
$IMU,26858.279,-3.112,0.671,-0.488,0.08105,0.99365,0.13671,28.81
$IMU,26858.282,-2.868,0.488,-0.305,0.07812,0.99560,0.13574,28.76
$MAG,26858.284,-0.402,-0.489,-0.690,27.7
$IMU,26858.284,-2.502,0.427,-0.305,0.07910,1.00292,0.13916,28.76
$IMU,26858.287,-2.197,0.610,-0.366,0.07861,1.00585,0.13867,28.76
$IMU,26858.289,-1.831,0.549,-0.366,0.08593,1.00390,0.13525,28.76
$IMU,26858.291,-1.342,0.061,-0.244,0.08691,0.99902,0.13769,28.76
$MAG,26858.294,-0.403,-0.499,-0.706,27.6
$IMU,26858.294,-1.098,0.000,-0.122,0.08154,0.99804,0.14111,28.76
$IMU,26858.296,-0.854,0.000,-0.183,0.08154,0.99511,0.13818,28.76
$IMU,26858.298,-0.793,0.183,-0.305,0.08496,0.99414,0.13476,28.76
$IMU,26858.301,-0.549,0.366,-0.366,0.08544,0.98925,0.12939,28.79
$IMU,26858.303,-0.183,0.244,-0.427,0.08203,0.99365,0.13232,28.79
$MAG,26858.304,-0.405,-0.498,-0.705,27.7
$IMU,26858.305,0.305,-0.061,-0.549,0.08056,0.99560,0.12890,28.79
$IMU,26858.308,0.610,-0.122,-0.610,0.08251,0.99853,0.12646,28.79
$IMU,26858.310,0.732,-0.061,-0.549,0.08154,0.99560,0.12597,28.79
$IMU,26858.312,0.732,-0.183,-0.366,0.08642,1.00244,0.12841,28.79
$MAG,26858.314,-0.409,-0.493,-0.699,27.7
$IMU,26858.315,0.732,-0.427,-0.244,0.08544,1.00146,0.13671,28.79
$IMU,26858.317,0.671,-0.549,-0.244,0.08984,0.99755,0.13183,28.79
$IMU,26858.319,0.610,-0.610,-0.244,0.08837,0.99365,0.12988,28.82
$IMU,26858.322,0.732,-0.427,-0.183,0.09033,0.98925,0.12744,28.82
$MAG,26858.324,-0.402,-0.496,-0.702,28.1
$IMU,26858.324,0.976,0.061,-0.183,0.08984,0.99267,0.13183,28.82
$IMU,26858.326,1.281,0.183,-0.244,0.09228,0.99462,0.13476,28.82
$IMU,26858.329,1.342,0.305,-0.244,0.08544,0.99902,0.13330,28.82
$IMU,26858.331,1.281,0.122,-0.183,0.08203,1.00537,0.13525,28.82
$IMU,26858.333,0.854,-0.244,-0.061,0.07910,1.01171,0.13720,28.82
$MAG,26858.334,-0.405,-0.495,-0.703,27.7
$IMU,26858.336,0.061,-0.427,0.000,0.07568,1.01367,0.14111,28.82
$IMU,26858.338,-0.732,-0.671,0.000,0.07568,1.01806,0.13867,28.80
$IMU,26858.340,-1.464,-0.610,0.061,0.08398,1.01416,0.13671,28.80
$IMU,26858.343,-1.831,-0.427,0.061,0.08544,1.00830,0.13720,28.80
$MAG,26858.344,-0.406,-0.487,-0.697,27.6
$IMU,26858.345,-1.892,-0.488,0.183,0.09277,1.00292,0.13916,28.80
$IMU,26858.348,-1.770,-0.488,0.488,0.09521,1.00488,0.13867,28.80
$IMU,26858.350,-1.586,-0.427,0.610,0.09033,1.00488,0.13476,28.80
$IMU,26858.352,-1.464,-0.305,0.732,0.08349,1.00634,0.13378,28.80
$MAG,26858.354,-0.411,-0.495,-0.703,27.6
$IMU,26858.355,-1.281,-0.183,0.793,0.07763,1.00781,0.13916,28.80
$IMU,26858.357,-1.220,-0.305,0.915,0.07617,1.01269,0.13671,28.81
$IMU,26858.359,-1.281,-0.549,1.037,0.08154,1.00976,0.13476,28.81
